Bid_Action,Ope_Action
0.0,0.0
2.0,-2.0
0.0,0.0
2.0,-2.0
2.0,-2.0
2.0,-2.0
13.263157894736857,-2.0
25.0,-2.0
2.0,-2.0
2.0,-2.0
2.0,-2.0
25.0,-2.0
2.0,-2.0
2.0,-2.0
2.0,-2.0
2.0,-2.0
2.0,-2.0
25.0,-2.0
2.0,-2.0
2.0,-2.0
2.0,-2.0
2.0,-2.0
2.0,-2.0
25.0,-2.0
2.0,-2.0
2.0,-2.0
2.0,-2.0
2.000000000000006,-1.99784568389409
1.9642887918517513,-1.918225544019161
1.9517824360614955,-1.9517824360614955
1.9517824360614993,-1.8239919491858758
-1.8881305590824071,1.8881305590824071
-1.697969818737521,1.697969818737521
1.823991949185881,-1.823991949185881
-1.8305748156469188,1.8305748156469188
-23.152257977474807,-1.8477420225251926
-1.9613690509190467,1.9613690509190467
-1.6348033334878385,1.6348033334878385
-1.3408562558463175,1.3408562558463175
-25.0,2.1493868883538774
-2.1168509288620228,2.1168509288620228
-2.1202386120575802,2.1202386120575802
-22.04746027470459,1.5442261204909613
-1.9539865208140776,1.9539865208140776
-25.0,2.4079105075525113
-1.8441599459576334,1.8441599459576334
-1.9216020366770312,1.9216020366770312
-1.5892411246297824,1.5892411246297824
-2.3845230283437644,1.964030914706146
-1.7641594996102539,1.7641594996102539
1.971857456944898,-1.971857456944898
-1.8488919729271132,1.8488919729271132
1.7148612142405817,-1.7148612142405817
2.4460879772900066,-2.4460879772900066
2.0988332509812317,-2.0988332509812317
-1.9874183939148917,1.9874183939148917
-1.9874183939148917,1.8839673536275972
-1.8839673536275972,1.8839673536275972
2.0906224978164833,-2.0906224978164833
2.1491260667273173,-2.1491260667273173
-1.8839673536275972,1.8839673536275972
2.1013357500721277,-2.1013357500721277
1.7004283741968398,-1.7004283741968398
25.0,-2.205214155982855
2.074581809996182,-2.074581809996182
1.9723324840520435,-1.9723324840520435
-2.010340717554913,2.010340717554913
4.818546728140639,-1.9999999999999996
-2.0,2.0
-2.0,2.0
2.0,-2.0
-2.0,2.0
2.0,-2.0
2.0,-2.0
-2.0,2.0
-2.0,2.0
-2.0,2.0
-2.0,2.0
-2.0,2.0
-2.0,2.0
-2.0,2.0
-2.0,2.0
-2.0,2.0
-2.0,2.0
-2.0,2.0
-2.0,2.0
2.0,-2.0
2.0,-2.0
2.0,-2.0
-2.0,2.0
-2.0,2.0
-25.0,2.0
2.0,-2.0
2.0,-2.0
2.0,-2.0
0.0,-1.9999999999999996
2.0,-2.0
2.0,-2.0
2.0,-2.0
2.0,-2.0
2.0,-2.0
2.0,-2.0
2.0,-2.0
4.21606648199446,-2.0
2.0,-2.0
2.0,-2.0
2.0,-2.0
2.0,-2.0
2.0,-2.0
2.0,-2.0
-2.0,2.0
2.0,-2.0
2.0,-2.0
-2.0,2.0
-2.0,2.0
-2.0,2.0
-2.0,2.0
23.0,2.0
25.0,-2.0
25.0,-2.0
25.0,-2.0
2.0,-2.0
8.854932460008666,-2.0
1.9933216201179036,-1.9933216201179036
1.8629854923974014,-1.8629854923974014
1.8591493001434674,-1.8591493001434674
2.0030833912979022,-2.0030833912979022
1.9181353022806837,-1.9181353022806837
2.0623388933372153,-2.0623388933372153
2.192158952733731,-2.192158952733731
2.0337316680738726,-2.0337316680738726
-25.0,2.3260762626909823
-2.1519509243076653,2.1519509243076653
-2.580573793188274,2.580573793188274
-1.6047806025911777,1.6047806025911777
-2.1319340873170596,2.1319340873170596
-2.2380479381124214,2.2380479381124214
-23.972317075347807,1.9335468151246324
-25.0,1.8654185652840098
-25.0,1.9667795612486074
-1.6448035470680882,1.6448035470680882
-1.737936906677347,1.737936906677347
-2.1410806741582338,2.1410806741582338
-1.8962753573530833,1.8962753573530833
-2.059360351386469,2.059360351386469
1.8262599770504746,-1.8262599770504746
2.1022789997294655,-2.1022789997294655
-2.0316230049054793,2.0316230049054793
-1.9073542016890306,1.9073542016890306
1.64469467415682,-1.64469467415682
-2.1039537491210636,2.1039537491210636
2.209303911669267,-2.209303911669267
-2.1051904822783425,1.9954784606589722
1.8965095130057246,-1.8965095130057246
-2.0313686525388635,2.0313686525388635
-1.7283890679327585,1.7283890679327585
-1.9426391232970013,1.9112704707581378
-2.0,2.0
1.9466650542115147,-1.9466650542115147
2.279133024621511,-2.279133024621511
-2.0,2.0
-2.0,2.0
2.016854502970356,-2.016854502970356
2.0,-2.0
-2.0,2.0
2.0,-2.0
2.0,-2.0
2.0,-2.0
-2.0,2.0
-2.0,2.0
2.0,-2.0
-2.0,2.0
-2.0,2.0
-2.0,2.0
-2.0,2.0
-2.0,2.0
-2.0,2.0
2.0,-2.0
-2.0,2.0
-2.0,2.0
-2.0,2.0
-2.0,2.0
2.0,-2.0
-2.0,2.0
-2.0,2.0
2.0,-2.0
-2.0,2.0
-2.0,2.0
-2.0,2.0
-2.0,2.0
-2.0,2.0
-2.0,0.0
2.0,-2.0
2.0,-2.0
2.0,-2.0
2.0,-2.0
2.0,-2.0
2.0,-2.0
2.0,-2.0
25.0,-2.0
2.0,-2.0
2.0,-2.0
-2.0,2.0
2.0,-2.0
-2.0,2.0
-2.0,2.0
-2.0,2.0
-2.0,2.0
2.0,-2.0
2.0,-2.0
2.0,-2.0
2.0,-2.0
2.0,-2.0
2.0,-2.0
2.0,-2.0
2.0,-2.0
-2.0,2.0
-2.0,2.0
2.0,-2.0
-2.015941939152921,2.015941939152921
1.7986578612772735,-1.7986578612772735
1.8287011759587202,-1.8287011759587202
-2.093743915739916,2.093743915739916
-2.061567946895972,2.061567946895972
2.0696537328930047,-2.0696537328930047
1.755910088672664,-1.755910088672664
-2.0371502774877017,2.0371502774877017
1.561858798511623,-1.561858798511623
-1.9610459034954557,1.9610459034954557
-1.7298231924117706,1.7298231924117706
-1.8711774689296279,1.8711774689296279
-20.7575,2.112502955031715
-1.7558394001737527,1.7558394001737527
-1.832893335296454,1.832893335296454
-1.932342901627563,1.932342901627563
-1.9847196080100584,1.9847196080100584
-2.111174389940582,2.111174389940582
-1.9565019584248615,1.9565019584248615
-2.1125029550317134,2.1125029550317134
-2.1125029550317134,2.1125029550317134
-2.0518641842558303,1.9670282332894153
-1.9318676477018508,1.9318676477018508
1.7645770035569437,-1.7645770035569437
2.131729280014412,-2.131729280014412
1.5903898127370781,-1.5903898127370781
-1.9613854607491503,1.9613854607491503
1.7071416514711633,-1.7071416514711633
-1.9748459394658036,1.9748459394658036
-2.027667004065298,2.027667004065298
-2.027667004065298,2.027667004065298
-2.027667004065298,2.027667004065298
1.9124551342622005,-1.9124551342622005
-1.7078070385245259,1.7078070385245259
-2.027667004065298,2.027667004065298
-2.027667004065298,2.027667004065298
-1.9276544238225897,1.9276544238225897
-1.911383741977234,1.911383741977234
-2.027667004065298,2.027667004065298
-2.0,2.0
-2.0,2.0
-2.0,2.0
2.0,-2.0
-2.0,2.0
-2.0,2.0
2.0,-2.0
-2.0,2.0
-2.0,2.0
2.0,-2.0
-2.0,2.0
2.0,-2.0
-2.0,2.0
2.0,-2.0
-2.0,2.0
2.0,-2.0
2.0,-2.0
2.0,-2.0
2.0,-2.0
2.0,-2.0
2.0,-2.0
2.0,-2.0
-2.0,2.0
-2.0,2.0
-2.0,2.0
-2.027667004065298,2.0
-2.0,2.0
-2.0,2.0
2.0,-2.0
0.0,-2.0
2.0,-2.0
2.0,-2.0
2.0,-2.0
2.0,-2.0
0.0,0.0
0.0,0.0
0.0,0.0
0.5525169523853126,2.0
-2.0,2.0
-2.0,2.0
-2.0,2.0
-2.0,2.0
-2.0,2.0
2.0,-2.0
2.0,-2.0
2.0,-2.0
2.0,-2.0
2.0,-2.0
2.0,-2.0
2.0,-2.0
2.0,-2.0
2.0,-2.0
2.0,-2.0
2.0,-2.0
2.0,-2.0
2.0,-2.0
2.0,-2.0
-2.0435171880205387,2.0435171880205387
1.863291549535193,-1.863291549535193
-2.1687023628943547,2.1687023628943547
1.9027666285605167,-1.9027666285605167
-2.040034936275833,2.040034936275833
-1.9744405851048632,1.9744405851048632
1.9476043591981536,-1.9476043591981536
2.088462553929013,-2.088462553929013
-2.022471684459467,2.022471684459467
1.9596084654930563,-1.9596084654930563
-2.279696718064274,2.279696718064274
-2.3036465495277447,2.3036465495277447
-1.9454991673399737,1.7780778757015454
-2.0790966433970226,2.0790966433970226
-2.1362252578893166,2.1362252578893166
-2.1056218714658907,2.1056218714658907
-1.813820063536843,1.813820063536843
-2.1362252578893166,2.1362252578893166
-2.0854286288016652,2.0854286288016652
-1.8147500591006338,1.8147500591006338
-2.1107941236852827,2.1107941236852827
-2.112509582078486,2.112509582078486
-2.1149388680812247,2.1149388680812247
-2.1269038432428005,2.1269038432428005
-1.9271719117027941,1.9271719117027941
-2.1362252578893166,2.1362252578893166
-2.1362252578893166,2.1362252578893166
-1.972778616446325,1.972778616446325
-2.1362252578893166,2.1362252578893166
-1.9058454440404091,1.9058454440404091
-2.1362252578893166,2.1362252578893166
-2.1362252578893166,2.1362252578893166
2.177407146617338,-2.177407146617338
-1.9245998286207833,1.9245998286207833
-2.1362252578893166,2.1362252578893166
-2.1362252578893166,2.1362252578893166
2.1599794336861597,-2.1599794336861597
2.0808504045427054,-2.0808504045427054
1.9265378206805843,-1.9265378206805843
-2.0,2.0
-2.0,2.0
-2.0,2.0
-2.0,2.0
2.0,-2.0
-2.0,2.0
2.0,-2.0
2.0,-2.0
-2.0,2.0
-2.0,2.0
-2.0,2.0
-2.0,2.0
-2.0,2.0
-2.0,2.0
-2.0,2.0
-2.0,2.0
-2.0,2.0
-2.0,2.0
-2.0,2.0
2.0,-2.0
-2.0,2.0
-2.0,2.0
-2.0,2.0
-2.0,2.0
-2.0,2.0
1.8637747421106834,-1.9999999999999998
2.0,-2.0
-2.0,2.0
-2.0,2.0
-2.0,0.0
0.0,0.0
0.0,0.0
2.0,-2.0
0.0,0.0
2.0,-2.0
0.0,0.0
0.0,0.0
2.0,-2.0
2.0,-2.0
2.0,-2.0
2.0,-2.0
0.0,2.0
-1.805,1.805
-1.805,1.805
2.0,-2.0
2.0,-2.0
2.0,-2.0
2.0,-2.0
1.9999999999583662,-1.9999999999583662
2.0000000000000013,-2.0000000000000013
25.0,-2.0
2.0000000000000013,-2.0000000000000013
10.590378291807298,-2.0
2.0000000000000013,-2.0000000000000013
25.0,-2.0
25.0,-2.0
25.0,-2.0
1.9999999999583662,-1.9999999999583662
-2.002369747824365,2.002369747824365
1.9394736655906426,-1.9394736655906426
-1.9804321059815497,1.9804321059815497
-1.886910709115716,1.886910709115716
-1.980359326807169,1.980359326807169
1.9835246883621778,-1.9835246883621778
2.672779602929574,-2.672779602929574
-23.294308803939284,-1.7056911960554615
-2.490359963256117,2.490359963256117
-1.733922020840787,1.733922020840787
-1.629979474584505,1.629979474584505
-24.999999999999996,1.7963866702798583
-2.04330775066066,2.04330775066066
-24.999999999999996,1.7497598736937903
-20.742056210485035,1.7284422420937702
-1.8710244157065388,1.8710244157065388
-1.8535653031966048,1.8535653031966048
-2.0869459069389933,2.0869459069389933
-2.0859086163322145,2.0859086163322145
-1.6595073859887925,1.6595073859887925
-1.432708386412822,1.432708386412822
-2.120348983943713,2.120348983943713
-2.120348983943713,2.120348983943713
-1.7931809152969005,1.7931809152969005
2.2223781282311577,-2.2223781282311577
-2.120348983943713,2.120348983943713
-2.0058103421515217,2.0058103421515217
-1.9191686482167665,1.9191686482167665
1.8933312129308248,-1.8933312129308248
1.8715427454362752,-1.8715427454362752
-2.120348983943713,2.120348983943713
-2.1065979407834363,2.1065979407834363
-2.120348983943713,2.120348983943713
-1.9244276831915168,1.9244276831915168
-2.0674259406695272,2.0674259406695272
-2.120348983943713,2.120348983943713
-2.0213513979811975,2.0213513979811975
1.9330762159103463,-1.9330762159103463
-1.8944491276758373,1.8944491276758373
-2.0,2.0
-2.0,2.0
-2.0,2.0
-2.0,2.0
-2.0,2.0
-2.0,2.0
2.0000000000000013,-2.0000000000000013
2.0,-2.0
2.0000000000000013,-2.0000000000000013
2.0,-2.0
2.0000000000000013,-2.0000000000000013
2.0,-2.0
1.9999999999999984,-1.9999999999999984
2.0,-2.0
-2.0,2.0
-2.0,2.0
-2.0,2.0
2.0000000000000013,-2.0000000000000013
2.0,-2.0
2.0000000000000013,-2.0000000000000013
2.0,-2.0
-2.0,2.0
2.0,-2.0
-2.0,2.0
-2.120348983943713,2.0
-2.0,2.0
-2.0,2.0
-2.0,2.0
-2.000000000000002,2.220446049250313e-15
0.0,0.0
0.0,0.0
0.0,0.0
0.0,0.0
2.0,-2.0
2.0,-2.0
2.0,-2.0
2.0,-2.0
2.0,-2.0
2.0,-2.0
0.0,0.0
2.0,-2.0
2.0,-2.0
2.0,-2.0
2.0,-2.0
2.0,-2.0
2.0,-2.0
2.0,-2.0
2.0,-2.0
2.0,-2.0
2.0,-2.0
2.0,-2.0
4.758232862394946,-2.0000000000000004
2.0,-2.0
2.0,-2.0
2.0,-2.0
2.0,-2.0
1.9825500378933747,-1.9825500378933747
1.780259732234743,-1.780259732234743
1.7022458023275906,-1.7022458023275906
1.7670658540872242,-1.7670658540872242
-2.202997487730748,2.202997487730748
-2.2795379845153816,2.2795379845153816
-2.168167623334516,2.168167623334516
1.687369068490188,-1.687369068490188
1.6868556301521194,-1.6868556301521194
-2.4893051583114385,2.4893051583114385
-2.24442441940254,2.24442441940254
-2.344624735460915,2.344624735460915
-2.3198679821594332,2.3198679821594332
-2.3493665452137265,2.3493665452137265
-2.41373094806102,2.41373094806102
-2.3828911969693616,2.3828911969693616
-2.4375908410325735,2.4375908410325735
-2.4893051583114385,2.4893051583114385
-2.4459857314255116,2.4459857314255116
-2.3551459611469756,2.3551459611469756
1.656190706865802,-1.656190706865802
1.5202321087156792,-1.5202321087156792
1.4781099682800507,-1.4781099682800507
-2.4596469149872853,2.4596469149872853
-2.4893051583114385,2.4893051583114385
-2.4893051583114385,2.4893051583114385
-2.4893051583114385,2.4893051583114385
-2.4029806159008125,2.4029806159008125
-2.4893051583114385,2.4893051583114385
-2.4893051583114385,2.4893051583114385
1.4477757661850656,-1.4477757661850656
1.5723610897783313,-1.5723610897783313
1.514610479610357,-1.514610479610357
1.0629702994193133,-1.5522754577307516
-2.0,2.0
-2.0,2.0
-2.0,2.0
-2.0,2.0
1.946519180289098,-1.946519180289098
-2.0,2.0
2.013524458809957,-2.013524458809957
-2.0,2.0
-2.0,2.0
-2.0,2.0
-2.0,2.0
-2.0,2.0
-2.0,2.0
-2.0,2.0
-2.0,2.0
-2.0,2.0
-2.0,2.0
-2.0,2.0
2.0,-2.0
-2.0,2.0
-2.0,2.0
-2.0,2.0
-2.0,2.0
-2.0,2.0
-2.0,2.0
-2.0,2.0
-2.0,2.0
-2.0,2.0
-2.0,2.0
-2.0,2.0
-2.0,2.0
-2.0,2.0
-2.0,2.0
-2.0,2.0
0.0,-2.0
2.0,-2.0
2.0,-2.0
2.0,-2.0
2.0,-2.0
0.0,0.0
0.0,0.0
2.0,-2.0
13.263157894736857,-2.0
2.0,-2.0
2.0,-2.0
2.0,-2.0
25.0,-2.0
2.0,-2.0
-2.0,2.0
2.0,-2.0
25.0,-2.0
2.0,-2.0
-2.0,2.0
2.0,-2.0
25.0,-2.0
-2.0,2.0
-2.0,2.0
2.0,-2.0
-2.0,2.0
-2.0,2.0
-2.0,2.0
-2.0,2.0
22.978672270042992,2.021327729957008
0.0,0.0
-2.297417125561254,2.297417125561254
-2.1329952037348576,2.1329952037348576
-2.06321997498435,2.06321997498435
-2.217658093060601,2.217658093060601
-2.257829357155761,2.257829357155761
-25.0,2.0992567508273794
-25.0,2.199210288286885
-2.2968891708350156,2.2968891708350156
-2.194869888224315,2.194869888224315
-25.0,2.119604940156634
-25.0,2.1193632107362497
-2.0746438991129708,2.0746438991129708
-2.031127554265792,2.031127554265792
-3.534800149980799,2.311608788438514
-2.0879327057608394,2.0879327057608394
-1.902720002552864,1.902720002552864
-2.314243828464865,2.314243828464865
-2.196287445086396,2.196287445086396
-2.053064972525906,2.053064972525906
-2.314243828464865,2.1754154034884374
-2.1754154034884374,2.053903136155844
-2.053903136155844,2.053903136155844
-2.053903136155844,2.053903136155844
1.7727497300961632,-1.7727497300961632
1.892665194730152,-1.892665194730152
1.9555539751626876,-1.9555539751626876
1.7279426889965581,-1.7279426889965581
1.7881270031984524,-1.7881270031984524
2.003636670810023,-2.003636670810023
1.6892798669763627,-1.6892798669763627
2.058623486900059,-2.058623486900059
1.6203535313600952,-1.6742566675159392
2.1099553289080317,-2.1099553289080317
1.8264294401036656,-1.8264294401036656
1.6810924662621463,-1.6810924662621463
2.09637382769436,-2.09637382769436
2.000681875776879,-2.000681875776879
-2.0,2.0
2.0,-2.0
-2.0,2.0
2.0,-2.0
-2.0,2.0
2.0,-2.0
2.0,-2.0
2.0,-2.0
2.0,-2.0
-2.0,2.0
2.0,-2.0
2.0,-2.0
-2.0,2.0
2.0,-2.0
2.0,-2.0
2.0,-2.0
2.0,-2.0
2.0,-2.0
-2.0,2.0
-2.0,2.0
2.0,-2.0
-2.0,2.0
-2.0,2.0
-2.0,2.0
-2.0,2.0
-2.0,2.0
-2.0,2.0
2.0,-2.0
0.0,-2.0
2.0,-2.0
2.0,-2.0
2.0,-2.0
2.0,-2.0
0.21606648199446,2.0
-2.0,2.0
-2.0,2.0
-2.0,2.0
-2.0,2.0
-2.0,2.0
-2.0,2.0
-2.0,2.0
-2.0,2.0
-2.0,2.0
2.0,-2.0
2.0,-2.0
2.0,-2.0
2.0,-2.0
2.0,-2.0
2.0,-2.0
2.0,-2.0
-2.0,2.0
-2.0,2.0
-2.0,2.0
-2.0,2.0
25.0,0.0
23.0,2.0
-2.0,2.0
25.0,0.0
25.0,0.0
-1.037980736168302,2.236626239346107
1.848445909564568,-1.848445909564568
1.848445909564574,-1.848445909564574
1.8484459095645738,2.220446049250313e-16
0.0,0.0
0.0,0.0
-0.2102157089208161,-1.704153484523916
2.1211847018778203,-2.1211847018778203
1.9808371053221272,-1.9808371053221272
1.7360661860454645,-1.7360661860454645
-20.1040577834677,-2.0566505204036822
-2.0960587273989937,2.0960587273989937
-25.0,2.02232620500412
-25.0,2.22214933733067
-25.0,2.1763532883936207
-2.013694634369294,2.013694634369294
-1.7833668901736015,1.7833668901736015
-2.272621556700104,2.272621556700104
-1.8881228275278374,1.8881228275278374
-2.1976747068775158,2.1976747068775158
-2.328924314935036,2.328924314935036
-2.1500937733429826,2.1500937733429826
-1.9310408447235226,1.9310408447235226
-2.1141101716609603,2.1141101716609603
-2.1614714659310215,2.1614714659310215
-2.345751333412302,2.345751333412302
-2.051027629003734,2.051027629003734
2.1538749768873853,-2.1538749768873853
1.7791817523497109,-1.7791817523497109
1.456209156564019,-1.456209156564019
2.2301705885150778,-2.2301705885150778
1.8619851239083545,-1.8619851239083545
-2.345751333412302,2.0
1.9900972986794074,-1.9900972986794074
1.8034944935174102,-1.8034944935174102
2.0458710765737207,-2.0458710765737207
1.8915531328902881,-1.8915531328902881
1.9790120590460898,-1.9790120590460898
2.0232827207739215,-2.0232827207739215
2.0,-2.0
2.0,-2.0
2.0,-2.0
2.0,-2.0
2.0,-2.0
2.0,-2.0
2.0,-2.0
2.0,-2.0
2.0,-2.0
2.0,-2.0
2.0,-2.0
-2.0,2.0
-2.0,2.0
-2.0,2.0
-2.0,2.0
2.0,-2.0
-2.0,2.0
-2.0,2.0
-2.0,2.0
-2.0,2.0
-2.0,2.0
-2.0,2.0
-2.0,2.0
-2.0,2.0
-2.0,2.0
-2.0,2.0
-2.0,2.0
0.0,-2.0
2.0,-2.0
2.0,-2.0
2.0,-2.0
2.0,-2.0
2.0,-2.0
0.0,0.0
0.0,2.0
-1.805,2.0
-1.9809875000000001,2.0
-1.99814628125,2.0
-1.9998192624218747,1.9998192624218747
-1.9998192624218751,2.0
-1.9999823780861323,1.9999823780861323
-1.9999823780861323,1.9999823780861323
-1.9999823780861323,1.9999823780861323
-1.9999823780861323,1.9999823780861323
-1.9999823780861343,2.0
-1.9999982818633981,1.9999982818633981
25.0,-2.0
25.0,-2.0
2.0,-2.0
2.0,-2.0
9.047093316494854,-1.9999999999999991
-2.0,2.0
-2.0,2.0
-2.0,2.0
23.0,2.0
-2.0413628702196522,2.0413628702196522
22.721800269673153,2.278199730326847
-2.2197110574787375,2.2197110574787375
-1.9711759756350882,1.9711759756350882
-1.9408487161605317,1.9408487161605317
-2.0815458105400797,2.0815458105400797
-2.033007742107351,2.033007742107351
-1.9011143637918968,1.9011143637918968
-25.0,2.1254632495038415
-2.074961681784412,2.074961681784412
2.398823248558636,-2.398823248558636
2.6622426774541355,-2.6622426774541355
-25.0,0.0
-2.085851813074161,2.085851813074161
-25.0,2.141707087865097
-2.25031617955727,2.25031617955727
-1.7410326842412411,1.7410326842412411
-1.6394488932756142,1.6394488932756142
-24.15975474524321,1.8925844078742564
-2.0,2.0
-2.0,2.0
1.905942640726411,-1.905942640726411
1.860666026026899,-1.860666026026899
1.9745363617094132,-1.9745363617094132
1.9776031064969697,-1.9776031064969697
-1.5720600325106515,1.5720600325106515
1.9154294159685925,-1.9154294159685925
2.011290594259024,-2.011290594259024
1.9385054239790138,-1.9385054239790138
-1.5084302851341782,1.5084302851341782
-1.934179540304613,1.934179540304613
1.3286703791256471,-1.3286703791256471
2.2792479723256545,-2.2792479723256545
2.0672919796526186,-2.0672919796526186
-1.2196769187206478,1.2196769187206478
-1.9275973049908806,1.9275973049908806
1.9782434054446907,-1.9782434054446907
-1.8693077739121264,1.8693077739121264
2.027256254442646,-2.027256254442646
-1.9551862233751767,1.9551862233751767
2.0,-2.0
2.0,-2.0
2.0,-2.0
-2.0,2.0
2.0,-2.0
2.0,-2.0
-2.0,2.0
-2.0,2.0
-2.0,2.0
-2.0,2.0
-2.0,2.0
2.0,-2.0
-2.0,2.0
-2.0,2.0
-2.0,2.0
-2.0,2.0
-2.0,2.0
2.0,-2.0
2.0,-2.0
-2.0,2.0
-2.0,2.0
-2.0,2.0
-2.0,2.0
-2.0,2.0
2.0,-2.0
-2.0,2.0
2.0,-2.0
-2.0,2.0
-2.0,0.0
0.0,0.0
2.0000000000000013,-2.0000000000000013
2.0,-2.0
2.0,-2.0
0.0,0.0
1.9999999999583662,-1.9999999999583662
2.0,-2.0
11.214863949646473,-1.9999999999999982
2.0000000000000013,-2.0000000000000013
-2.0,2.0
2.0,-2.0
2.0,-2.0
2.0000000000000013,-2.0000000000000013
2.0,-2.0
2.0,-2.0
-2.0,2.0
2.0,-2.0
2.0,-2.0
1.9999999999583662,-1.9999999999583662
2.0000000000000013,-2.0000000000000013
2.0,-2.0
-2.0,2.0
-2.0,2.0
-2.0,2.0
-2.0,2.0
2.0000000000000013,-2.0000000000000013
25.0,-2.0
25.0,-1.9791031340962526
25.0,5.684341886080802e-14
25.0,-1.878834469221772
1.9062315484083423,-1.9062315484083423
1.906231548408342,-1.8155847514203654
-1.9679336141080515,1.9679336141080515
-2.1047625644010095,2.1047625644010095
1.8155847514203642,-1.8155847514203642
-22.662226999710576,-2.3377730002450896
-2.002168622163005,2.002168622163005
-2.060675662384055,2.060675662384055
-25.0,1.513830697106748
-25.0,2.2464052752403134
-2.0191070381407874,2.0191070381407874
-22.11528383901377,2.295721863882026
-2.302108759102784,2.302108759102784
-2.066983033043541,2.066983033043541
-1.9545933689542778,1.9545933689542778
-2.0321045703043055,2.0321045703043055
-1.835534371222269,1.835534371222269
-1.8789566751200022,1.8789566751200022
-1.799328605686525,1.799328605686525
-2.1366194093854736,2.1366194093854736
-1.8502300052279201,1.8502300052279201
-1.724068075650023,1.724068075650023
-2.29288390999496,2.29288390999496
-1.873511767261955,1.873511767261955
-2.2082319079603447,2.2082319079603447
-1.9381620798414483,1.9381620798414483
-1.3232096925848067,1.3232096925848067
-2.057203089875074,2.057203089875074
-1.6484389555834875,1.6484389555834875
-2.0821627570372665,2.0821627570372665
-2.0388887727577836,2.0388887727577836
-1.668333823356106,1.668333823356106
-2.052624589489166,2.052624589489166
-2.142070076462739,2.142070076462739
-1.9651665854001388,1.9651665854001388
2.1421319683459945,-2.1421319683459945
-1.9730361393420148,1.9730361393420148
-2.0,2.0
-2.0,2.0
-2.0,2.0
-2.0,2.0
-2.0,2.0
-2.0,2.0
-2.0,2.0
-2.0,2.0
2.0000000000000013,-2.0000000000000013
2.0,-2.0
-2.0,2.0
-2.0,2.0
1.9999999999791822,-1.9999999999791822
2.0,-2.0
1.9999999999791822,-1.9999999999791822
2.0000000000000013,-2.0000000000000013
2.0,-2.0
2.0000000000000013,-2.0000000000000013
2.0,-2.0
2.0000000000000013,-2.0000000000000013
2.0,-2.0
2.0000000000000013,-2.0000000000000013
2.0,-2.0
1.9999999999791822,-1.9999999999791822
-2.302108759102784,0.0
0.0,0.0
0.0,0.0
0.0,0.0
2.0,-2.0
0.0,0.0
2.0,-2.0
2.0,-2.0
2.0,-2.0
2.0,-2.0
2.0,-2.0
2.0,-2.0
2.0,-2.0
2.0,-2.0
2.0,-2.0
2.0,-2.0
4.21606648199446,-2.0
2.0,-2.0
2.0,-2.0
2.0,-2.0
-2.0,2.0
-2.0,2.0
-2.0,2.0
-2.0,2.0
23.0,2.0
-2.0,2.0
25.0,-2.0
-2.0,2.0
25.0,0.0
2.0,-2.0
2.7985918292368828,2.0
-2.0,2.0
-2.019388845415462,2.019388845415462
25.0,-1.7654091675892936
1.6978587368106624,-1.6978587368106624
2.013908751094788,-2.013908751094788
1.660564399949064,-1.660564399949064
-2.5941500874366237,2.5941500874366237
-2.070256163002024,2.070256163002024
-1.794583640197155,1.794583640197155
-1.9072868310526372,1.7657313719900456
-1.9907196099287443,1.9907196099287443
-2.0269152771075003,2.0269152771075003
-2.115422958069299,2.115422958069299
-2.144744799876314,2.144744799876314
-2.034907495515572,2.034907495515572
-1.9681939623741034,1.9681939623741034
-2.043299230171952,2.043299230171952
-1.9987414922604678,1.9987414922604678
-1.9781667210463194,1.9781667210463194
-1.9329153522392755,1.9329153522392755
-1.9969831158500684,1.9969831158500684
-1.8718512186848688,1.8718512186848688
1.891991129401255,-1.891991129401255
-2.0433257383590426,2.0433257383590426
-2.0519194401551664,2.0519194401551664
-1.9722503461464314,1.9722503461464314
-2.2032231228946824,2.2032231228946824
1.9964807225899532,-1.9964807225899532
-1.9931798221497568,1.9931798221497568
-2.096488538718262,2.096488538718262
-2.1189043666406437,2.1189043666406437
-2.363871572731246,2.363871572731246
-2.004714039271099,2.004714039271099
-2.0084106690757313,2.0084106690757313
-1.9565076387506686,1.9565076387506686
2.1707569051807702,-2.1707569051807702
-2.250442093445954,2.250442093445954
1.4007060619730112,-1.4007060619730112
-2.1769361529359808,2.1769361529359808
-1.9494323984930824,1.9494323984930824
-1.9965288672958246,1.9965288672958246
-2.014649349458557,2.014649349458557
-2.0,2.0
2.0,-2.0
-2.0,2.0
-2.0,2.0
-2.0,2.0
-2.0,2.0
-2.0,2.0
2.0,-2.0
-2.0,2.0
-2.0,2.0
-2.0,2.0
2.0,-2.0
-2.0,2.0
-2.0,2.0
-2.0,2.0
2.0,-2.0
-2.0,2.0
2.0,-2.0
2.0,-2.0
-2.0,2.0
2.0,-2.0
2.0,-2.0
-2.0,2.0
-20.04089189307436,2.0
-2.0,2.0
-25.0,0.0
-25.0,0.0
-25.0,0.0
2.0,-2.0
2.0,-2.0
2.0,-2.0
0.0,0.0
0.0,2.0
-1.8049999999999997,1.9999999999999993
-1.9789335180055398,2.0
-2.0,2.0
-2.0,2.0
-1.9999999999999996,1.9999999999999996
-2.0,2.0
-2.0,2.0
-2.0,2.0
-2.0,2.0
-2.0,2.0
-2.0,2.0
-2.0,2.0
-2.0,2.0
-2.0,2.0
23.0,2.0
-2.0,2.0
-2.0,2.0
23.0,2.0
23.0,2.0
-2.0,2.0
-2.0,2.0
-2.0,2.0
1.0283488621998882,2.01874255056828
-2.1547723722132766,2.1547723722132766
-2.062263273999932,2.062263273999932
22.958603521160214,2.0413964788140007
-2.065997969876803,2.065997969876803
-1.9153304836274834,1.9153304836274834
-1.863831545368737,1.863831545368737
-1.9146382728133755,1.9146382728133755
-2.088233447454866,2.088233447454866
-1.9707434819397447,1.9707434819397447
-1.7393487832136225,1.7393487832136225
-1.7473043950776166,1.7473043950776166
-2.1612070152074176,2.1612070152074176
-1.8948451775447692,1.8948451775447692
-24.91805004059033,1.7566024572735834
-25.0,1.8775889788955453
-25.0,1.5498587946742468
-25.0,1.8476675471424109
-1.9905151181997534,1.9905151181997534
-1.8865228690926745,1.8865228690926745
-1.8239307278966406,1.8239307278966406
-2.113667737395458,2.113667737395458
-2.1115199430937386,2.1115199430937386
-2.0133235197500134,2.0133235197500134
-2.113667737395458,2.113667737395458
2.4161009062164576,-2.4161009062164576
2.207902449063635,-2.207902449063635
1.8740646523070055,-1.8740646523070055
2.4436896175055427,-2.4436896175055427
2.064033050508649,-2.064033050508649
-1.8821913050924701,1.7685235676970121
1.811053744869656,-1.811053744869656
2.304091192808839,-2.304091192808839
-2.0,2.0
-1.7074351349711043,1.7074351349711043
-1.8993607209863343,1.8993607209863343
-2.0,2.0
-1.9575302551824518,1.9575302551824518
-1.9381648016642294,1.9381648016642294
-1.9740504473111409,1.9740504473111409
-2.0,2.0
-2.0,2.0
2.059699507701369,-2.059699507701369
-2.0,2.0
-2.0,2.0
-2.0,2.0
-2.0,2.0
-2.0,2.0
-2.0,2.0
-2.0,2.0
-2.0,2.0
-2.0,2.0
-2.0,2.0
-2.0,2.0
-2.0,2.0
-2.0,2.0
-2.0,2.0
-2.0,2.0
-2.0,2.0
-2.0,2.0
-2.0,2.0
-2.0,2.0
-2.0,2.0
-2.0,2.0
-2.0,2.0
-2.0,2.0
-2.0,2.0
-2.0,2.0
-2.0,0.0
0.0,0.0
0.0,0.0
2.0,-2.0
2.0,-2.0
2.0,-2.0
0.21606648199446,2.0
-2.0,2.0
-2.0,2.0
-2.0,2.0
-2.0,2.0
-2.0,2.0
-2.0,2.0
-2.0,2.0
-2.0,2.0
-2.0,2.0
-2.0,2.0
-2.0,2.0
-2.0,2.0
-2.0,2.0
23.0,2.0
-2.0,2.0
23.0,2.0
23.0,2.0
23.0,2.0
1.0470914127423794,2.0
-2.0,2.0
-2.0,2.0
-2.0066783798820964,2.0066783798820964
0.0,0.0
-2.2012225831501238,2.2012225831501238
0.0,0.0
-1.8220975605298042,1.8220975605298042
-2.079668305074596,2.079668305074596
-2.0995808449719413,2.0995808449719413
-2.1321568823180903,2.1321568823180903
-25.0,2.0574151553718067
-1.9541913281167247,1.9541913281167247
-2.1558432097789257,2.1558432097789257
-2.077467336611866,2.077467336611866
-25.0,1.8521969758248389
-2.1174401048774962,2.1174401048774962
-2.4085774156709068,2.177403833093952
-2.178359705697524,2.178359705697524
-1.9550124507692468,1.9550124507692468
-25.0,2.2005748287747835
-2.352306429391632,2.352306429391632
-2.2392982409369004,2.2392982409369004
-25.0,1.5222435751980719
-2.401256952592556,2.401256952592556
-1.7769361302146782,1.7769361302146782
-2.0786213894713104,2.0786213894713104
-1.922397282289774,1.922397282289774
-2.216786478623142,2.216786478623142
-2.11510044179302,2.11510044179302
-2.3861517039816107,2.3861517039816107
-1.78736205265667,1.78736205265667
-1.991488347354398,1.991488347354398
1.3804525447405185,-1.3804525447405185
-2.111074353091677,2.111074353091677
-1.9840969811870632,1.9840969811870632
-2.2146456269418504,2.2146456269418504
-2.401256952592556,2.027847797260538
-1.9571801262112851,1.9571801262112851
-1.999128701136197,1.999128701136197
-2.027847797260538,2.0
1.9784527885653476,-1.9784527885653476
1.9911014146056172,-1.9911014146056172
1.9564970374481665,-1.9564970374481665
-1.9836749507307474,1.9836749507307474
-1.9954573961174442,1.9954573961174442
1.9998453491852797,-1.9998453491852797
-1.9641625237131513,1.9641625237131513
-2.0,2.0
-2.0,2.0
-2.0,2.0
-2.0,2.0
-2.0,2.0
-2.0,2.0
2.0,-2.0
2.0,-2.0
-2.0,2.0
-2.0,2.0
-2.0,2.0
-2.0,2.0
-2.0,2.0
-2.0,2.0
-2.0,2.0
-2.0,2.0
-2.0,2.0
-2.0,2.0
-2.0,2.0
-2.0,0.0
0.0,0.0
2.0,-2.0
2.0,-2.0
2.0,-2.0
2.0,-2.0
2.0,-2.0
2.0,-2.0
2.0,-2.0
2.0,-2.0
2.0,-2.0
2.0,-2.0
2.0,-2.0
2.0,-2.0
2.0,-2.0
2.0,-2.0
2.0,-2.0
2.0,-2.0
2.0,-2.0
2.0,-2.0
0.21606648199446,2.0
-2.0,2.0
-2.0,2.0
-2.0,2.0
-2.0,2.0
-2.0,2.0
-2.0,2.0
25.0,0.0
25.0,0.0
25.0,0.0
1.047091412742383,2.0
23.0,2.0
-2.0202505722892745,2.0202505722892745
-2.23918340787475,2.23918340787475
-2.2335537747860386,2.2335537747860386
-1.9544125452494754,1.9544125452494754
-1.9759780599561676,1.9759780599561676
0.0,0.0
-1.7868820651261217,1.7868820651261217
-1.779177018744873,1.779177018744873
-2.1108035908949585,2.1108035908949585
-2.320961444876957,2.320961444876957
-1.7008939242326333,1.7008939242326333
-1.9055614277501434,1.9055614277501434
-25.0,2.0755918823751465
-2.084839238196121,1.842134909808039
-25.0,1.7716329149281087
-25.0,1.5620143763239582
-25.0,2.0136914786327367
-1.7882526015134816,1.7882526015134816
-1.6866785933311856,1.6866785933311856
-2.055852750201689,2.055852750201689
-2.1802263238718798,2.1802263238718798
-1.6200297527891907,1.5035502541201038
-1.963008456061191,1.963008456061191
-1.704110882080374,1.704110882080374
-2.063746825202793,2.063746825202793
-1.5226045914603654,1.5226045914603654
-2.063746825202793,2.063746825202793
-1.817137058233489,1.817137058233489
1.705196455456501,-1.705196455456501
2.4604156524129364,-2.4604156524129364
2.6592223219939894,-2.6592223219939894
1.7281815782540364,-1.7281815782540364
-1.745915239844562,1.745915239844562
-1.1734034068423038,1.1734034068423038
-2.063746825202793,2.063746825202793
-1.9102174014685638,1.9102174014685638
-1.8241139184038617,1.8241139184038617
-1.9392275353970132,1.9392275353970132
-1.965808659449674,1.965808659449674
-2.0163625532259153,2.0163625532259153
-2.0427945218832217,2.0427945218832217
2.0366383011432108,-2.0366383011432108
2.0,-2.0
2.0,-2.0
-2.0,2.0
-2.0,2.0
-2.0,2.0
2.0,-2.0
2.0,-2.0
2.0,-2.0
2.0,-2.0
2.0,-2.0
2.0,-2.0
-2.0,2.0
-2.0,2.0
-2.0,2.0
-2.0,2.0
2.0,-2.0
-2.0,2.0
-2.0,2.0
-2.0,2.0
-2.0,2.0
-2.0,2.0
-2.0,2.0
-2.063746825202793,2.0
-2.0,2.0
-2.0,2.0
-2.0,2.0
-2.0,0.0
0.0,0.0
0.0,0.0
0.0,0.0
0.0,0.0
0.0,0.0
11.993734467693704,-2.0
25.0,-2.0
25.0,-2.0
25.0,-2.0
2.0,-2.0
2.0,-2.0
-2.0000000000000018,2.0000000000000018
-2.0,2.0
2.0,-2.0
2.0,-2.0
2.0,-2.0
-2.0,2.0
2.0,-2.0
1.9999999999583662,-1.9999999999583662
2.0000000000000013,-2.0000000000000013
2.0,-2.0
-2.0,2.0
-2.0,2.0
2.0000000000000013,-2.0000000000000013
2.0,-2.0
2.0000000000000013,-2.0000000000000013
2.0,-2.0
1.9999999999583662,-1.9999999999583662
1.9325699026337249,-1.9325699026337249
1.8947722011368529,-1.8947722011368529
1.8935764925548346,-1.8935764925548346
1.7290324437236237,-1.7290324437236237
-1.993106451274771,1.993106451274771
-1.645734173779192,1.645734173779192
-25.0,2.0105729797656196
-25.0,2.0621550716826818
-2.1174094942328785,2.1174094942328785
-2.6631136607442834,2.6631136607442834
-2.0950996990588626,2.0950996990588626
-2.017436075633058,2.017436075633058
-2.402477591493386,2.402477591493386
-2.2415684778170917,2.2415684778170917
-2.1779734435427613,2.1779734435427613
-1.9283319604617013,1.9283319604617013
-1.9827450636454005,1.9827450636454005
-25.0,2.0743358992248595
-2.336215328679809,2.336215328679809
-2.1230756192236777,2.1230756192236777
-2.179777893706916,2.179777893706916
-2.4389093077667168,2.4389093077667168
-2.0405253377370256,2.0405253377370256
-2.3981750602695193,2.3981750602695193
-2.1486490771464988,2.1486490771464988
-2.259084709158736,2.259084709158736
-2.1942841835190574,2.1942841835190574
-2.346521964279889,2.346521964279889
-2.1251729217404596,2.1251729217404596
-2.4389093077667168,2.4389093077667168
-2.3561968214209594,2.3561968214209594
-2.436049579297399,2.436049579297399
-1.8862514757486437,1.8862514757486437
-1.967724073200567,1.967724073200567
-2.1222718531222253,2.1222718531222253
-2.340897337224836,2.340897337224836
-2.046539540470226,2.046539540470226
-2.154194968574418,2.154194968574418
-2.0107273939000976,2.0107273939000976
-2.000318571605581,2.000318571605581
1.9999999999791822,-1.9999999999791822
2.0000000000000013,-2.0000000000000013
2.0,-2.0
-2.0,2.0
2.0,-2.0
2.0000000000000013,-2.0000000000000013
-2.0,2.0
-2.0,2.0
-2.0,2.0
-2.0,2.0
-2.0,2.0
-2.0,2.0
-2.0,2.0
-2.0,2.0
-2.0,2.0
-2.0,2.0
-2.0,2.0
-2.0,2.0
-2.0,2.0
-2.0,2.0
-2.0,2.0
-2.0,2.0
-2.0,2.0
-2.0,2.0
-2.0,2.0
-2.4389093077667168,1.9999999999999998
-2.0,2.0
-2.0000000000000053,5.329070518200751e-15
0.0,0.0
2.0,-2.0
2.0,-2.0
2.0,-2.0
0.0,0.0
0.0,0.0
2.0,-2.0
2.0,-2.0
2.0,-2.0
2.0,-2.0
0.0,0.0
0.21606648199446,2.0
-2.0,2.0
-2.0,2.0
-2.0,2.0
-2.0,2.0
-2.0,2.0
-2.0,2.0
-2.0,2.0
-2.0,2.0
-2.0,2.0
-2.0,2.0
23.0,2.0
23.0,2.0
1.0470914127423825,2.0
-2.0,2.0
-2.0,2.0
-2.016588235232813,2.016588235232813
22.725324709670975,2.274675290329025
22.634092622168158,2.3659073778318422
-2.2006868574226104,2.2006868574226104
-2.153854780173411,2.153854780173411
-2.0810992738170504,2.0810992738170504
-2.217302757124113,2.217302757124113
-2.257455086799923,2.257455086799923
-3.8079217686721885,2.1181659242859556
-2.3440851045094107,2.3440851045094107
1.8723056447492947,-1.8723056447492947
-2.1958847731015325,2.1958847731015325
-25.0,1.9787177126494342
-1.740905192484277,1.740905192484277
-1.948570330158713,1.948570330158713
-2.166160890456963,2.166160890456963
-2.211289816685536,2.211289816685536
-2.094237236257424,2.094237236257424
-2.2246234347925364,2.2246234347925364
-24.27966506836185,1.9907032000986469
-2.029128710729635,2.029128710729635
-1.8671207695836687,1.8671207695836687
-1.8968825210669396,1.8968825210669396
-1.9566168272355933,1.9566168272355933
-1.8148889115092084,1.8148889115092084
-1.9885995861087418,1.9885995861087418
-2.1392071133634483,2.1392071133634483
-1.8949259644006657,1.8949259644006657
1.9509731079743586,-1.9509731079743586
1.9480130270824807,-1.9480130270824807
-2.1092452881823673,2.1092452881823673
1.9660909795315398,-1.9660909795315398
-2.181055335865799,2.181055335865799
1.9301477712774648,-1.9301477712774648
2.457821005814533,-2.457821005814533
2.2093443050972166,-2.2093443050972166
1.8802696193151678,-1.8802696193151678
-1.9508569768690063,1.9508569768690063
-2.0834526249088494,2.0834526249088494
-2.0320208841154463,2.0320208841154463
-1.9586087971830584,1.9586087971830584
2.0,-2.0
2.0,-2.0
2.0,-2.0
2.0,-2.0
2.0,-2.0
2.0,-2.0
2.0,-2.0
2.0,-2.0
2.0,-2.0
2.0,-2.0
2.0,-2.0
2.0,-2.0
2.0,-2.0
-2.0,2.0
-2.0,2.0
-2.0,2.0
-2.0,2.0
-2.0,2.0
-2.0,2.0
-2.0,2.0
-2.0,2.0
2.0,-2.0
-2.0,2.0
2.0,-2.0
-2.0,2.0
-2.0,2.0
-25.0,2.0
-25.0,0.0
0.0,0.0
0.0,0.0
0.0,0.0
0.0,1.9999999999999998
-1.8049999999999997,1.8049999999999997
-1.805,1.805
-1.8050000000000002,2.0
-1.978933518005541,2.0
-1.9999999999999991,1.9999999999999991
-1.9999999999999991,1.9999999999999991
-2.0,2.0
-2.0,2.0
-2.0,2.0
-2.0,2.0
2.0,-2.0
2.0,-2.0
-2.0,2.0
-2.0,2.0
23.0,2.0
23.0,2.0
-2.0,2.0
3.029787542747787,2.0
25.0,-2.0
25.0,-2.0
2.0,-2.0
2.0,-2.0
2.0,-2.0
1.992244461833815,-1.992244461833815
1.9170588213705166,-1.9170588213705166
2.0173038699946106,-2.0173038699946106
2.017303869994608,-1.7898097208248627
1.7898097208248638,-1.7898097208248473
-0.2505015001866817,2.0403112210115304
-1.704966717835041,1.704966717835041
-1.9990558036216948,1.9990558036216948
-3.741461256176538,2.2499321264180994
1.6526638556880133,-1.6526638556880133
1.652663855688016,-1.652663855688016
1.652663855688016,-1.652663855688016
1.4580366436050491,-1.4580366436050491
1.6526638556880195,-1.6526638556880195
-1.8534412827498556,1.8534412827498556
-2.072255637685493,2.072255637685493
-25.0,2.058571101673188
-1.7557264248049576,1.7557264248049576
-1.9027405148404952,1.9027405148404952
-2.024682277918701,2.024682277918701
-1.8553110566607707,1.8553110566607707
-22.319060090689806,2.0061745141503664
-2.185307059731075,2.185307059731075
2.1297146577954615,-2.1297146577954615
1.8433495528094088,-1.8433495528094088
1.9053847065028675,-1.9053847065028675
1.9767731477820831,-1.9767731477820831
1.7987567862221248,-1.7987567862221248
2.138854933163519,-2.138854933163519
2.0515319157057825,-2.0515319157057825
1.2677432045378794,-1.2677432045378794
1.5414020518447624,-1.5414020518447624
1.9118823680768315,-1.9118823680768315
-25.0,0.0
-25.0,2.020234267239484
-1.9727801943146046,1.9727801943146046
-2.2743906626148016,2.2743906626148016
-2.0700705662456764,1.8409373077840865
-2.0452574041532117,2.0452574041532117
-1.9970376213374397,1.9970376213374397
-2.0049549273671805,2.0049549273671805
-2.0,2.0
-2.0,2.0
-2.0,2.0
-2.0,2.0
-2.0,2.0
-2.0,2.0
-2.0,2.0
-2.0,2.0
-2.0,2.0
-2.0,2.0
-2.0,2.0
2.0,-2.0
2.0,-2.0
-1.9999999999999847,1.9999999999999847
-2.0,2.0
-2.0,2.0
23.0,2.0
25.0,0.0
-2.0,2.0
-2.0,2.0
-2.0,2.0
-2.0,2.0
-2.0,2.0
-24.170257404153215,2.0
-2.0,2.0
-2.0,2.0
-25.0,2.0
-1.9999999999999996,0.0
0.0,0.0
0.0,0.0
2.0,-2.0
2.0,-2.0
2.0,-2.0
2.0,-2.0
2.0,-2.0
0.0,2.0
-1.805,1.805
-1.805,1.9999999999999967
-1.9809874999999957,2.0
25.0,-2.0
-2.0,2.0
2.0,-2.0
2.0,-2.0
-2.0,2.0
-2.0,2.0
-2.0,2.0
-2.0,2.0
-2.0,2.0
2.0,-2.0
-2.0,2.0
25.0,-2.0
2.0,-2.0
25.0,-2.0
11.049145394736854,-1.9999999999999964
2.0,-2.0
1.985566081335364,-1.985566081335364
25.0,-1.7688418631756448
1.7688418631756446,-1.5752442890383045
1.5752442890383116,-1.5752442890383116
-2.020937049771065,2.020937049771065
-2.194766887701198,2.259668204848405
-2.3895015183384647,2.3895015183384647
-2.1736854287070635,2.1736854287070635
-2.0828014781167097,2.0828014781167097
-2.0690468847528036,2.0690468847528036
-2.022386163998731,2.022386163998731
-2.1956304207349167,2.1956304207349167
-2.017985173794239,2.017985173794239
-2.060195674853505,2.060195674853505
-2.082904355128518,2.082904355128518
-24.999999999970626,2.2589881436200443
-2.1000381111992708,2.1000381111992708
-2.1394898673590923,2.1394898673590923
-2.251791170824715,2.251791170824715
-1.965350012587602,1.965350012587602
-2.1431290627583612,2.1431290627583612
-2.112851663921427,2.112851663921427
-25.0,2.043616697269737
-2.1085024277964965,2.1085024277964965
-2.1573753198780814,2.1573753198780814
-24.999999999965457,2.1121081723882433
-24.999999999965745,2.190958037186391
-2.2425865184308647,2.2425865184308647
-2.107102543059142,2.107102543059142
-2.103472814869548,2.103472814869548
-2.146944663831249,1.9629276692052917
-2.051273145307986,2.051273145307986
-1.9025186665604314,1.9025186665604314
-1.7121785225921968,1.7121785225921968
-1.9038200923171598,1.9038200923171598
-2.0585695238049073,2.0585695238049073
-2.0585695238049073,2.21356194700766
-2.1400867749291317,2.1400867749291317
-1.9814567341953895,1.9814567341953895
-1.977560701286965,1.977560701286965
23.03503404301699,1.9649659569830114
-2.0,2.0
2.0,-2.0
-2.0,2.0
2.0,-2.0
-2.0,2.0
-2.0,2.0
-2.0,2.0
23.0,2.0
-2.0,2.0
-2.0,2.0
-2.0,2.0
-2.0,2.0
23.0,2.0
0.827202010254418,2.0
-2.0,2.0
-2.0,2.0
25.0,-2.0
2.0,-2.0
-2.0,2.0
2.0,-2.0
-2.0,2.0
-2.0,2.0
-2.0,2.0
-25.0,2.0
-2.0,2.0
-22.194999999999993,2.0
-25.0,0.0
-23.0,-2.0
0.0,0.0
2.0,-2.0
2.0,-2.0
4.21606648199446,-2.0
-2.0,2.0
-2.0,2.0
-2.0,2.0
23.0,2.0
-2.0,2.0
2.0,-2.0
25.0,-2.0
25.0,-2.0
2.0,-2.0
2.0,-2.0
2.0,-2.0
2.0,-2.0
2.0,-2.0
-2.0,2.0
-2.0,2.0
-2.0,2.0
-2.0,2.0
-2.0,2.0
-2.0,2.0
5.047091412742391,2.0
-2.0,2.0
23.0,2.0
-2.000646294847182,2.000646294847182
-2.051488159446064,2.051488159446064
-2.13247154869968,2.13247154869968
-2.018998796376831,2.018998796376831
-1.9028273764892676,1.9028273764892676
-1.9228055557070307,1.9228055557070307
-1.8602010282450039,1.8602010282450039
-2.275090604983479,2.275090604983479
-1.5699122382089317,1.5699122382089317
-2.934552232792181,2.087479226417384
-1.2472208185506002,1.2472208185506002
-2.1214927017659297,2.1214927017659297
-2.245187792076041,2.245187792076041
-25.0,2.0223066394374563
-1.997411664874713,1.997411664874713
-2.243253641139332,2.243253641139332
-25.0,1.4086667230155
-25.0,2.416099643921836
-1.2719280267881121,1.2719280267881121
-1.6020048167143166,1.6020048167143166
2.097619554700831,-2.097619554700831
-1.7455403383414119,1.7455403383414119
-1.8407369185126212,1.8407369185126212
-2.0860512556246587,2.0860512556246587
-2.0967712927139033,2.0967712927139033
-2.0655446483201736,2.0655446483201736
-2.239968519381927,2.239968519381927
-2.074574472908683,2.074574472908683
-2.291290894180225,2.291290894180225
-25.0,2.1483757903605323
-2.0514486042606386,2.0514486042606386
-1.2594136378917007,1.2594136378917007
-2.1156255563563553,2.1156255563563553
-1.8027544732944412,1.8027544732944412
-1.706637680342772,1.706637680342772
-1.5061739334948472,1.5061739334948472
-1.816210849553567,1.816210849553567
1.7783132936488104,-1.7783132936488104
-2.0803092351696293,2.0803092351696293
2.1060661991733283,-2.1060661991733283
-2.057150961051798,2.057150961051798
-1.985033344928614,1.985033344928614
-1.9649117695347162,1.9679278120521733
-1.9421459030141908,1.9421459030141908
-1.9619643837025824,1.9619643837025824
-1.9545341662270017,1.9545341662270017
-1.9482123759470493,1.9482123759470493
-1.963629727712597,1.963629727712597
-1.9796359201966083,1.9796359201966083
-2.0,2.0
-2.0,2.0
-2.002585179388728,2.002585179388728
-2.003662337364639,2.003662337364639
-2.006247517061545,2.006247517061545
2.0,-2.0
-2.0,2.0
-2.0,2.0
-2.0,2.0
-2.0,2.0
-2.0,2.0
-2.0,2.0
-2.0,2.0
-2.0,2.0
-2.0,2.0
-2.0,2.0
-2.0,2.0
2.0,-2.0
-2.0,2.0
-2.0,2.0
-2.151097768732538,0.0
0.0,0.0
0.0,0.0
2.0,-2.0
4.21606648199446,-2.0
2.0,-2.0
2.0,-2.0
2.0,-2.0
2.0,-2.0
-2.0,2.0
2.0,-2.0
2.0,-2.0
-2.000000000000002,2.000000000000002
-2.0,2.0
-2.0,2.0
-2.0,2.0
2.0,-2.0
2.0,-2.0
2.0,-2.0
2.0,-2.0
2.0,-2.0
-1.9999999999999847,1.9999999999999847
-2.0,2.0
-2.0,2.0
-2.0,2.0
-2.0,2.0
-2.0,2.0
-2.0,2.0
1.0147766704062913,2.0323147423591053
22.732238861904342,2.2677611380956577
22.64608816852764,2.3539118314723595
25.0,-2.3014479211269645e-11
25.0,0.0
-2.142840628436913,2.142840628436913
-2.2784590381860284,2.2784590381860284
-2.3827990494618545,2.3827990494618545
-2.019915222273422,2.019915222273422
-2.03838701064498,2.03838701064498
-2.31955493309283,2.31955493309283
-2.0484052119236154,2.0484052119236154
-3.864874840584812,2.0447767460286457
2.016729190643953,-2.016729190643953
-2.0425809845312353,2.0425809845312353
1.5335093219763616,-2.0344518071565236
1.9302834679494811,-1.9302834679494811
2.0026344088790404,-2.0026344088790404
1.7675213057660306,-1.7675213057660306
-1.9947785182902953,1.9947785182902953
-2.1034141181695594,2.1034141181695594
-2.0644414028193196,2.0644414028193196
-2.0852093051108485,2.0852093051108485
-1.931588680590079,1.931588680590079
1.6992886010453212,-1.6992886010453212
2.0599735109997876,-2.0599735109997876
2.1584817211154927,-2.1584817211154927
2.118685358523483,-2.118685358523483
1.993390309778209,-1.993390309778209
1.9465768513747044,-1.9465768513747044
2.16547956693398,-2.16547956693398
2.571790116051328,-2.571790116051328
-1.8399268409380527,1.8399268409380527
-1.9482942032098434,1.9482942032098434
-1.8909877629624778,1.8909877629624778
-1.6886119553337553,1.6886119553337553
2.0335848474304874,-2.0335848474304874
-2.047750120460776,2.047750120460776
-1.972366122231422,1.972366122231422
2.0633002095863517,-2.0633002095863517
-2.0114174573340944,2.0114174573340944
-2.0359770781828557,2.0359770781828557
2.000585374339088,-2.000585374339088
-1.972568508492428,1.972568508492428
-2.0202505722892745,2.0202505722892745
1.9911673035497268,-1.9911673035497268
-2.0030160425174572,2.0030160425174572
1.998276547176907,-1.998276547176907
-2.003446905646186,2.003446905646186
-2.0004308632057732,2.0004308632057732
2.0,-2.0
-2.0,2.0
-2.0,2.0
2.0,-2.0
2.0,-2.0
-2.0,2.0
-2.0,2.0
-2.0,2.0
2.0,-2.0
2.0,-2.0
2.0,-2.0
-2.0,2.0
-19.678959420263674,2.0
-2.0,2.0
2.0,-2.0
2.0,-2.0
-23.0,-2.0
-23.0,-2.0
-23.0,-2.0
2.0,-2.0
0.0,0.0
2.0000000000000013,-2.0000000000000013
2.0,-2.0
0.0,0.0
2.0,-2.0
0.0,0.0
2.0,-2.0
2.0,-2.0
2.0,-2.0
0.0,0.0
25.0,-2.0
2.0,-2.0
2.0,-2.0
2.0,-2.0
2.0,-2.0
2.0,-2.0
2.0,-2.0
2.0,-2.0
25.0,-2.0
2.0,-2.0
2.0,-2.0
2.0,-2.0
13.263157894736846,-2.0
2.0,-2.0
25.0,-2.0
2.0,-2.0
25.0,-2.0
1.9737173420594563,-1.9737173420594563
1.8122984166767144,-1.8122984166767144
1.8872985491387553,-1.8872985491387553
1.9812890391436004,-2.0409611449557543
2.066118676800166,-2.066118676800166
1.914896412063861,-1.914896412063861
2.066118676800184,-2.2832163110479757
-25.0,0.0
-2.382480951216757,2.382480951216757
1.866961720461119,-1.866961720461119
-21.447585603046374,2.065842549851297
-25.0,1.8854499186627827
-25.0,1.7657578801771407
-2.120619193886535,2.120619193886535
-1.815547198155313,1.815547198155313
-1.6966642905232678,1.6966642905232678
-2.008112136397296,2.008112136397296
2.038351666395526,-2.038351666395526
-2.0479962284656317,2.0479962284656317
1.6565302641194979,-1.6565302641194979
1.9442381350111955,-1.9442381350111955
2.0435447464762024,-2.0435447464762024
2.0799543725936243,-2.0799543725936243
-1.8863701314432433,1.8863701314432433
1.8686481460779838,-1.8686481460779838
1.9497827641444907,-1.9497827641444907
1.9530022465814785,-1.9530022465814785
2.1260811427219988,-2.1260811427219988
2.111817213477549,-2.111817213477549
1.9030677647216123,-1.9030677647216123
-1.7848469306195422,1.7848469306195422
-2.1876950055848967,2.1876950055848967
-1.8624572220975084,1.6747622165126117
1.877006429926845,-1.877006429926845
2.024887400795004,-2.024887400795004
1.681417664914501,-1.681417664914501
1.8838843577561089,-1.8838843577561089
2.0175841585710663,-2.0175841585710663
2.037042449914169,-2.037042449914169
2.012165941341131,-2.012165941341131
2.0,-2.0
2.0,-2.0
2.0,-2.0
2.0000000000000013,-2.0000000000000013
2.0,-2.0
2.0,-2.0
2.0,-2.0
2.0,-2.0
2.0,-2.0
2.0,-2.0
2.0,-2.0
-2.0,2.0
2.0,-2.0
2.0000000000000013,-2.0000000000000013
2.0,-2.0
2.0,-2.0
-2.0,2.0
2.0,-2.0
-2.0,2.0
-2.0,2.0
2.0,-2.0
2.0,-2.0
2.0,-2.0
2.0,-2.0
2.0,-2.0
2.0,-2.0
1.9999999999791822,-1.9999999999791822
-2.0,0.0
2.0,-2.0
2.0,-2.0
2.0,-2.0
25.0,-2.0
-18.7575,-2.0
2.0,-2.0
0.0,0.0
0.0,0.0
2.0,-2.0
2.0,-2.0
0.0,2.0
-1.7839335180055402,2.0
-2.0,2.0
-2.0,2.0
-2.0,2.0
2.0,-2.0
2.0,-2.0
2.0,-2.0
2.0,-2.0
2.0,-2.0
0.0,-2.0
0.0,0.0
0.0,0.0
2.0,-2.0
2.0,-2.0
25.0,-2.0
25.0,0.0
22.973501911265537,2.0264980887344635
22.715229228595238,2.2847707714047623
-2.417427341185412,2.417427341185412
-2.3792289646932163,2.3792289646932163
-2.205484523712508,2.205484523712508
5.087105032463592,2.1760528622732567
-2.168569348598413,2.168569348598413
-1.9160006042856814,1.9160006042856814
-3.9009220840060133,2.0825931995038465
-2.2400019701894482,2.2400019701894482
2.0147688470938085,-2.0147688470938085
1.8354308630631486,-1.8354308630631486
2.0147688470938134,-2.1004837012013318
1.987519061911108,-1.987519061911108
-1.904689182165372,1.904689182165372
-1.9501298951659258,1.9501298951659258
-1.962884481372619,1.906089066902726
-1.993624781004506,1.993624781004506
-1.9567247534258936,1.9567247534258936
-1.9676846264935843,1.9676846264935843
-1.9170142268682753,1.9170142268682753
1.9870475948692672,-1.9870475948692672
1.9831445798937057,-1.9831445798937057
1.8889275403502577,-1.8889275403502577
2.162501498343719,-2.162501498343719
2.0017716305039457,-2.0017716305039457
2.0355190772606093,-2.0355190772606093
2.0361483311303754,-2.0361483311303754
2.1726749618610306,-2.1726749618610306
2.0337827910061215,-2.0337827910061215
2.0252477859099844,-2.0252477859099844
2.1493515441044213,-2.1493515441044213
2.040775903219771,-2.040775903219771
-1.747631960532389,1.747631960532389
2.0457543932144695,-2.0457543932144695
2.1091613455899108,-2.1091613455899108
1.8316083193698307,-1.8316083193698307
1.8937184218065535,-1.8937184218065535
1.9184380163100585,-1.9184380163100585
1.9588518382064466,-1.9588518382064466
2.1726749618610306,-2.0316307549506973
2.0112368629132766,-2.0112368629132766
2.0261178890454827,-2.0261178890454827
1.9900439476245702,-1.9900439476245702
2.011201746715096,-2.011201746715096
2.031630754950691,-2.031630754950691
2.0312258049185012,-2.0181221685094557
2.0140888622934456,-1.9955617437517963
1.981903744278902,-1.981903744278902
2.0,-2.0
2.0,-2.0
2.0,-2.0
2.0,-2.0
2.0,-2.0
2.0,-2.0
2.000000000000006,-2.000000000000006
2.0,-2.0
2.000000000000006,0.0
-2.0,2.0
-2.0,2.0
-2.0,2.0
0.0,0.0
-2.0,2.0
-2.0,2.0
-22.000000000000004,2.0
2.0,-2.0
-23.0,-2.0
-25.0,0.0
-25.0,0.0
23.0,2.0
-22.5625,0.0
0.0,0.0
0.21606648199445955,2.0
-1.9999999999999996,1.9999999999999996
-2.0,2.0
-2.0,2.0
-1.9999999999999996,1.9999999999999996
-2.0,2.0
-1.9999999999999996,1.9999999999999996
-2.0,2.0
-2.0,2.0
-1.9999999999999996,1.9999999999999996
-2.0,2.0
2.0,-2.0
-2.0,2.0
-2.0,2.0
2.0,-2.0
2.0,-2.0
-2.0,2.0
2.0,-2.0
25.0,-2.0
9.047091412742388,-2.0
25.0,-2.0
-2.0,2.0
-2.0,2.0
-2.0,2.0
1.9722093215711711,-1.9722093215711711
22.7368866035881,2.2631133964118995
-2.2987512920847766,2.2987512920847766
-2.142383993356897,2.142383993356897
-2.0846103463120453,2.0846103463120453
23.05953360132353,1.9404663986764703
-2.0777788078101915,2.0777788078101915
-1.9562223601657776,1.9562223601657776
-1.5483705493132565,1.5483705493132565
-1.8925818832850076,1.8925818832850076
-1.9756358203263975,1.9756358203263975
-1.887642524423633,1.887642524423633
-25.0,0.0
-2.0067829401588533,2.0067829401588533
-1.9353465316839493,1.9353465316839493
-25.0,1.7801215306968388
-23.58170270113883,1.8015811704419846
-2.160991162826818,2.160991162826818
-1.8719086530902338,1.8719086530902338
-1.8129847400698065,1.8129847400698065
-1.551267515473965,1.551267515473965
-1.946308929340887,1.946308929340887
-1.7684288956002563,1.7684288956002563
-1.9585771707857358,1.9585771707857358
-25.0,2.1443282426505945
-2.081249171303583,1.5928645413462583
-1.655943612693271,1.655943612693271
-1.655943612693271,1.655943612693271
-1.655943612693271,1.655943612693271
1.8135975841094671,-1.8135975841094671
2.352919904578605,-2.352919904578605
1.878554003135135,-1.878554003135135
-1.655943612693271,1.655943612693271
-1.655943612693271,1.655943612693271
-1.655943612693271,1.655943612693271
-1.655943612693271,1.655943612693271
-1.655943612693271,1.8891124665125867
-1.8663785032652034,2.012842743285324
-1.998562479883362,1.998562479883362
-1.998562479883362,1.998562479883362
-1.9261635848406142,1.9261635848406142
2.0,-2.0
2.0,-2.0
-1.998562479883362,2.0
-1.9998447000428008,2.0
-2.0,2.0
-2.0,2.0
-2.0,2.0
-2.0,2.0
-1.9999999999999847,1.9999999999999847
-2.0,2.0
-2.0,2.0
2.0,-2.0
-2.0,2.0
-2.0,2.0
-2.0,2.0
-2.0,2.0
25.0,-2.0
4.48476454293629,-2.0000000000000004
2.0,-2.0
-2.0,2.0
-2.0,2.0
-2.0,2.0
2.0,-2.0
-2.0,2.0
-2.0,2.0
2.0,-2.0
2.0,-2.0
-23.0,-2.0
2.0,-2.0
0.0,0.0
0.0,0.0
0.0,0.0
0.0,0.0
0.0,0.0
0.0,2.0
-1.805,1.805
-1.805,0.0
0.0,0.0
4.21606648199446,-2.0
-2.0,2.0
2.0,-2.0
2.0,-2.0
-2.0,2.0
-2.0,2.0
-2.0,2.0
-2.0,2.0
-2.0,2.0
0.9933808011708036,2.0
-2.0,2.0
-2.0,2.0
-2.0,2.0
-2.0,2.0
-2.0,2.0
23.0,2.0
23.0,2.0
25.0,0.0
25.0,-1.7681411170803116
1.7294133016795283,-1.7294133016795283
1.8218517286518967,-1.8218517286518967
1.8218517286518892,3.9968028886505635e-15
-1.9806670111216222,1.9806670111216222
-1.904444928155744,1.904444928155744
-1.9142062524785155,1.9142062524785155
-1.977808229373271,1.977808229373271
-1.978322614432309,1.978322614432309
-1.8609588783795292,1.8609588783795292
0.0,0.0
-0.021324568729475857,-1.9825475145368374
2.1486617000927337,-2.1486617000927337
-1.8965322343089452,1.8965322343089452
-2.0574943643594246,2.0574943643594246
-1.9030311581775328,1.9030311581775328
-1.913618654331322,1.913618654331322
-1.9986032709992054,1.9986032709992054
-1.7602549067664137,1.7602549067664137
-1.72201116656119,1.72201116656119
-1.9256104532536442,1.9256104532536442
-2.1518237481243556,2.1518237481243556
-1.9643168244383453,1.9643168244383453
-1.977408713124965,1.977408713124965
1.925253223875223,-1.925253223875223
1.9518788043666513,-1.9518788043666513
1.8825983951085181,-1.8825983951085181
2.2203568789654353,-2.2203568789654353
2.138629613573242,-2.138629613573242
1.5682794601135601,-1.5682794601135601
-1.9293083453529025,1.9293083453529025
-1.9728133295484698,1.9728133295484698
-1.9722749608915882,1.9722749608915882
1.9109233397367023,-1.9109233397367023
2.2203568789654518,-2.2203568789654518
2.0511185142166184,-2.0511185142166184
2.011794723174245,-2.011794723174245
-2.067711850401728,2.067711850401728
1.9224459200794821,-1.9224459200794821
2.0140594572388086,-2.0140594572388086
2.014487171719061,-2.014487171719061
2.0194972924255663,-2.0194972924255663
2.0318682666551995,-2.0318682666551995
2.0,-2.0
2.0,-2.0
-2.0,2.0
-2.0,2.0
-2.0,2.0
2.0,-2.0
-2.0,2.0
-2.0,2.0
-2.0,2.0
-2.0,2.0
-2.0,2.0
-2.0,2.0
2.0,-2.0
2.0,-2.0
2.0,-2.0
2.0,-2.0
-2.0,2.0
2.0,-2.0
-2.0,2.0
-19.996127916733688,2.0
-25.0,0.0
-2.0,2.0
-2.0,2.0
-23.0,-2.0
-23.0,-2.0
2.0,-2.0
2.0,-2.0
2.0,-2.0
2.0,-2.0
2.0,-2.0
0.0,0.0
2.0,-2.0
0.0,0.0
0.0,0.0
2.0,-2.0
0.0,0.0
2.0,-2.0
2.0,-2.0
2.0,-2.0
2.0,-2.0
4.21606648199446,-2.0
2.0,-2.0
2.0,-2.0
2.0,-2.0
-2.0,2.0
2.0,-2.0
2.0,-2.0
-2.0,2.0
25.0,0.0
2.0,-2.0
2.0,-2.0
1.999353705152818,-1.999353705152818
25.000000000000014,-1.9732864804716144
0.03746934217712053,2.1141945185821633
2.6957193155868824,2.140091429640556
-2.2460519116391744,2.2460519116391744
25.0,-1.967096712772733
22.891348621437942,2.108651378562058
-1.8094629380705127,1.8094629380705127
-1.562597872013625,1.562597872013625
-25.0,1.9571949581731118
25.0,-1.5722950098786193
2.104488962041387,-2.104488962041387
-25.0,2.2859993551189213
-22.97323367365806,-2.0267663263419387
-1.9365072115901674,1.9365072115901674
-1.999987377053766,1.999987377053766
-2.03075896423576,2.03075896423576
-25.0,1.8167520583733534
-1.9027534533603854,1.9027534533603854
-1.7690991740452837,1.7690991740452837
-1.9940811005108658,1.9940811005108658
-2.0363484048281864,2.0363484048281864
-2.004513965573288,2.004513965573288
-2.2081283998012253,2.2081283998012253
-1.9943253545204938,1.9943253545204938
-22.203450125249937,1.9940356579044227
-1.9940356579044227,1.9514142799452392
-1.9376502193716583,1.9376502193716583
-1.660396672550979,1.660396672550979
-1.9514142799452379,1.9514142799452379
2.335759009173449,-2.335759009173449
1.9964365422781354,-1.9964365422781354
2.034385536688795,-2.034385536688795
1.6063382741564567,-1.6063382741564567
2.3021157017232134,-2.3021157017232134
1.7396454224501214,-1.7396454224501214
2.1838248102695443,-2.1838248102695443
2.439440102655859,-2.439440102655859
1.9848352657549264,-1.9848352657549264
-1.9514142799452379,1.9514142799452379
-1.9514142799452379,2.0266340581460387
-2.019300129771461,2.019300129771461
2.0,-2.0
2.0,-2.0
2.0,-2.0
-2.0,2.0
2.0,-2.0
2.0,-2.0
2.0,-2.0
2.0,-2.0
2.0,-2.0
2.0,-2.0
-2.0,2.0
-0.5670915565334838,2.0
23.0,2.0
25.0,0.0
23.0,2.0
2.0,-2.0
2.0,-2.0
2.0,-2.0
2.0,-2.0
-2.0,2.0
-2.0,2.0
-2.0,2.0
2.0,-2.0
-25.0,2.0
-2.0,2.0
-2.0,2.0
-25.0,2.0
-25.0,0.0
0.0,0.0
2.0,-2.0
2.0,-2.0
2.0,-2.0
2.0,-2.0
0.0,0.0
0.0,0.0
2.0,-2.0
2.0,-2.0
2.0,-2.0
2.0,-2.0
25.0,-2.0
2.0,-2.0
2.0,-2.0
13.913161595722615,-2.0
25.0,-2.0
25.0,-2.0
2.0,-2.0
2.0,-2.0
2.0,-2.0
-23.0,-2.0
2.0,-2.0
2.0,-2.0
2.0,-2.0
2.0,-2.0
-25.0,2.0
-25.0,2.0
-2.0241283401396575,2.0241283401396575
-2.0241283401396575,2.2614968900831585
22.66424990578233,2.335750094217669
22.785725961037915,2.2142740389620847
22.79688101641175,2.2031189835882508
23.165340083345328,1.8346599166219093
0.8479657379410819,1.9350221219657349
-1.9109255487522914,1.9109255487522914
-24.332004370619394,1.7695043706193943
25.0,0.0
0.0,0.0
-1.6970638067715749,1.6970638067715749
-23.114968532004877,-1.8850314679951232
1.9598590309758013,-1.9598590309758013
-23.673006995838783,1.771469763348037
-25.0,1.9775949015819165
-25.0,2.097031325406327
-1.7925948950179853,1.7925948950179853
-2.1730889944975065,2.1730889944975065
-1.9838236944010972,1.8987898482429006
-1.8948521201651962,1.8948521201651962
-1.905915501392009,1.905915501392009
-1.875061233912179,1.875061233912179
-1.7192385364208853,1.7192385364208853
-1.9933508630712273,1.9933508630712273
-1.918450718149706,1.918450718149706
-1.9795748106987228,1.9795748106987228
-1.8925181374065252,1.8925181374065252
-2.0682926637153223,2.0682926637153223
-2.0880551483393104,2.0880551483393104
1.9047844854094391,-1.9047844854094391
1.90495173944704,-1.90495173944704
2.0804321511085826,-2.0804321511085826
1.9586503838738931,-1.9586503838738931
2.197785157657064,-2.197785157657064
2.1985908172004507,-2.1985908172004507
25.0,-1.9264694447448711
1.8476285737959146,-1.8476285737959146
2.1302364588354106,-2.1302364588354106
1.982979968785471,-1.982979968785471
1.9856213252157817,-1.9856213252157817
-2.0,2.0
2.0,-2.0
-2.0,2.0
25.0,0.0
-2.0,2.0
2.0,-2.0
2.0,-2.0
2.0,-2.0
25.0,-2.0
2.0,-2.0
8.875992826086364,-2.0
25.0,-2.0
2.0,-2.0
2.0,-2.0
2.0,-2.0
2.0,-2.0
2.0,-2.0
2.0,-2.0
2.0,-2.0
2.0,-2.0
2.0,-2.0
-2.0,2.0
-2.0,2.0
-25.0,2.0
-2.0,2.0
-24.194999999999997,1.999999999999993
-25.0,2.0
-25.0,0.0
0.0,0.0
0.0,0.0
0.0,0.0
0.0,2.0
-1.805,1.805
-1.805,1.805
-1.805,1.805
-1.805,2.0
-1.9809875,1.9809875
-1.9809875,1.9809875
-1.9809874999999983,1.9809874999999983
2.0,-2.0
-1.9809875,1.9809875
2.0,-2.0
25.000000000038213,-2.0
11.768988919629377,-2.0
-2.0,2.0
2.0,-2.0
-2.0,2.0
25.0,0.0
-2.0,2.0
2.0000000000000013,-2.0000000000000013
-2.0,2.0
-2.0,2.0
-2.0120641700698285,2.0120641700698285
1.9954759360697256,-1.9954759360697256
25.0,-2.0
1.9769488162953666,-1.9769488162953666
1.733783646723535,-1.733783646723535
-23.32497368778415,-1.6750263122158486
1.8680463471162776,-1.8680463471162776
-1.9685070114407313,1.9685070114407313
22.9504924892965,2.0495075107034992
-1.7201619049379042,1.7201619049379042
25.0,-2.100597307717436
2.100597307717437,-2.100597307717437
-1.690924636870657,1.9791052370988194
1.8124167074892745,-1.8124167074892745
-1.7345867767468368,1.7345867767468368
1.8124167074892745,-1.8124167074892745
1.8124167074892754,-1.8124167074892754
-25.0,1.5340813741763384
-25.0,2.030965349406685
-25.0,1.8892405894168611
-2.0215770331451295,2.0215770331451295
5.908852505160449,-2.0374743716322614
2.007860308619928,-2.007860308619928
2.3260033651764838,-2.326003365176483
1.7813358581245478,-1.7813358581245478
2.008007365943554,-2.008007365943554
2.171184191910793,-2.171184191910793
-1.8822840837472903,1.8822840837472903
-1.949778977260622,1.949778977260622
25.0,0.0
22.70074749805632,2.2992525019436805
22.822499916941016,2.177500083058984
-2.088313918737108,2.088313918737108
-1.977012352613217,1.977012352613217
-1.9453214993717305,1.9453214993717305
0.0,0.0
-2.0080351364252684,2.0080351364252684
-2.0505561619618913,2.0505561619618913
-1.9393991285723828,1.9393991285723828
-1.257690763517585,1.257690763517585
-2.4219120373021186,2.4219120373021186
-2.161785067251523,2.161785067251523
0.0,0.0
0.0,0.0
0.0,-2.000000000000003
2.0000000000000013,-2.0000000000000013
2.0,-2.0
2.216066481994459,-2.0
2.0,-2.0
2.0000000000000013,-2.0000000000000013
2.0,-2.0
2.0000000000000013,-2.0000000000000013
-2.0,2.0
2.000000000000006,-2.000000000000006
2.0,-2.0
2.0,-2.0
2.0,-2.0
2.0,-2.0
2.0000000000000013,-2.0000000000000013
2.0,-2.0
2.0000000000000013,-2.0000000000000013
2.0,-2.0
2.0000000000000013,-2.0000000000000013
2.0,-2.0
2.0,-2.0
-2.0,2.0
-2.0,2.0
-25.0,2.0
1.9999999999791822,-1.9999999999791822
-18.195,-2.0
-25.0,0.0
-25.0,0.0
0.0,0.0
0.0,0.0
0.0,0.0
0.21606648199446,2.0
-2.0,2.0
-2.0,2.0
-2.0,2.0
-2.0,2.0
2.0,-2.0
-2.0,2.0
0.0,-2.0
0.0,0.0
0.0,0.0
0.21606648199445955,2.0000000000000004
-2.0,2.0
25.0,-2.0
2.0,-2.0
-2.0,2.0
-2.0,2.0
4.484764542936289,-1.9999999999999996
2.0,-2.0
2.0,-2.0
-25.0,0.0
2.0,-2.0
23.0,2.0
25.0,0.0
25.0,-2.0
25.0,-1.9707013010828867
9.23385919581974,-1.7508788387073766
-2.449837577464122,2.2447823193749805
-2.053214081078295,2.053214081078295
1.87278657900081,-1.87278657900081
1.978086880911389,-1.978086880911389
1.978086880911393,-1.978086880911393
-22.759784342233665,1.9825077522562005
2.1309984114274627,-2.1309984114274627
25.0,-1.6409112615968269
1.640911261596817,-2.0279389980470794
2.069750858771628,-2.0732156127465906
2.073589921347763,-2.073589921347763
1.670366906633924,-1.670366906633924
1.928589613532082,-1.996675115961964
2.1490309212700787,-2.1490309212700787
1.8848282385607575,-1.8757876844679509
1.8382804931754801,-1.8382804931754801
2.13999036717727,-2.13999036717727
-1.8247725774268897,1.6957125203772225
2.28299320047329,-2.28299320047329
-0.0360523967389943,2.319045597212288
-1.8140311823126085,1.8140311823126085
-1.6655613510026317,1.6655613510026317
0.0,-1.3703270484188943
-25.0,2.3636178515119397
-1.3441975497144654,1.3441975497144654
-1.963799914790064,1.963799914790064
2.0515577927455624,-2.0515577927455624
1.8726660298642752,-1.8726660298642752
25.0,-1.8241257524159593
-2.7416700420424895,2.7416700420424895
1.679016149393477,-1.679016149393477
-25.0,0.0
-23.033906495879215,-1.966093504120785
-18.551527952858034,1.808724495715822
-25.0,1.8483229936256116
1.919855020918242,-1.919855020918242
1.8832915526435932,-1.8832915526435932
-2.01503684802104,2.01503684802104
-2.001708811623078,2.001708811623078
1.9895052171674237,-2.0045420651884633
2.0,-2.0
-2.0,2.0
-2.0,2.0
2.0,-2.0
-2.0,2.0
2.0,-2.0
2.0,-2.0
-2.0,2.0
-2.0,2.0
2.0,-2.0
2.0,-2.0
2.0,-2.0
2.0,-2.0
2.0,-2.0
-2.0,2.0
-2.0,2.0
-2.0,2.0
2.0,-2.0
2.0,-2.0
-2.0,2.0
2.0,-2.0
2.0,-2.0
2.0,-2.0
-2.0,2.0
-2.0,2.0
-2.0,2.0
-2.0,0.0
0.0,0.0
2.0,-2.0
0.0,0.0
0.0,0.0
2.0,-2.0
2.0,-2.0
2.0,-2.0
2.0,-2.0
2.0,-2.0
25.0,-2.0
-20.7575,0.0
2.0,-2.0
2.0,-2.0
2.0,-2.0
2.0,-2.0
2.0,-2.0
2.0,-2.0
2.0,-2.0
0.0,0.0
0.0,0.0
2.0,-2.0
2.0,-2.0
25.0,0.0
25.0,-2.0
25.0,-2.0
25.0,-2.0
-16.16215420706886,2.0
22.967469826806337,2.032530173153024
-2.2596212681979333,2.2596212681979333
-2.1952873921710063,2.1952873921710063
-2.213623957231034,2.213623957231034
1.9552955203385438,-1.9552955203385438
-2.0115067622132807,2.0115067622132807
1.9552955203385494,-1.9552955203385494
1.9552955203385487,-2.412931915564406
1.7839664801197177,-1.7839664801197177
2.4623718585389454,-2.0898892624271137
2.0898892624271213,-2.0946001459616514
2.095109077977849,-2.280409914526497
2.3004285644583384,-2.2179755601583855
2.1809770735991476,-2.1809770735991476
2.217975560158387,-2.217975560158387
2.2179755601583984,-1.8342219003875857
-25.0,2.050236801422173
-2.024837540157378,2.024837540157378
25.0,-2.1019549055849076
-2.059667404553611,2.059667404553611
-2.103308716568505,2.103308716568505
3.2897644150340017,-1.7807545714504698
2.856267459428083,-2.856267459428083
1.9904646264148171,-1.9904646264148171
1.6777115679001922,-1.6777115679001922
2.208603022579622,-2.208603022579622
1.8313984628886901,-1.8313984628886901
2.0874486157727654,-2.0874486157727654
1.7561941049629288,-1.7561941049629288
2.161894334629862,-2.161894334629862
1.0640473523067326,-1.0640473523067326
-1.8078926435590006,1.8078926435590006
-1.7200202123664265,1.7200202123664265
-2.177608009249287,2.177608009249287
-2.1896884843689044,2.1896884843689044
2.1979483092371384,-2.1979483092371384
-1.7774006546360903,1.7774006546360903
-1.9414703962625577,1.9414703962625577
-2.0509474732951474,2.0509474732951474
-1.348036937151651,2.0782769013792426
-1.812817564925619,1.9388450601261225
-1.9723944079857467,1.9723944079857467
-2.0,2.0
2.0,-2.0
2.0,-2.0
-2.0,2.0
2.0,-2.0
-2.0,2.0
-2.0,2.0
-2.0,2.0
2.0,-2.0
-2.0,2.0
-2.0,2.0
-2.0,2.0
-2.0,2.0
2.0,-2.0
5.773159728050814e-15,2.0000000000000004
-2.0,2.0
-2.0,2.0
-2.0,2.0
-2.0,2.0
-2.0,2.0
-2.0,2.0
0.0,0.0
-25.0,2.0
-2.0,2.0
-24.0,2.0
-25.0,0.0
-25.0,0.0
2.0,-2.0
0.0,0.0
0.0,0.0
0.0,0.0
2.0,-2.0
2.0,-2.0
2.0,-2.0
25.0,-2.0
-18.7575,-2.0
2.0,-2.0
2.0,-2.0
2.0,-2.0
25.0,-2.0
2.0,-2.0
2.0,-2.0
2.0,-2.0
2.0,-2.0
2.0,-2.0
12.980456437177553,-2.0
25.0,-2.0
-2.0,2.0
2.0,-2.0
2.0,-2.0
2.0,-2.0
2.0,-2.0
2.0,-2.0
2.0,-2.0
1.9752253625477414,-1.9752253625477414
25.0,-1.7172985424407052
25.0,-1.6852645866727336
-2.0755140934689784,2.0755140934689784
-1.9422800004766416,1.9422800004766416
0.0010525170356787683,1.6842120696370588
-2.319662859283132,2.319662859283132
-1.6073954459035553,1.6073954459035553
-24.50235923496261,1.9398592349626114
22.734812096337112,2.2651879036628877
-1.9902127986374483,1.9902127986374483
-1.9862460377834061,1.9862460377834061
-22.950284526257292,-2.049715473742708
-2.0132553558403483,2.0132553558403483
-2.1486560197669267,2.1486560197669267
1.8250844651824307,-1.8250844651824307
-25.0,1.8854789514391186
-2.1224943325496,2.1224943325496
-1.8633117955575509,1.8633117955575509
-2.0638373948420217,2.0638373948420217
-2.1576574427264106,2.1576574427264106
-1.906761238789688,1.906761238789688
-2.1292450841955572,2.1292450841955572
-2.3133589599338604,2.3133589599338604
-2.1244130203771707,2.1244130203771707
1.907153181270255,-1.907153181270255
2.035983601682023,-2.035983601682023
1.9630507429310748,-1.9630507429310748
1.669760374067379,-1.669760374067379
1.5378038810207535,-1.5378038810207535
1.9888324794667582,-1.9888324794667582
1.803906948285607,-1.803906948285607
1.7160619720010937,-1.7160619720010937
1.8190797296589043,-1.8190797296589043
1.9114809583865897,-1.9114809583865897
2.413694657090596,-2.413694657090596
5.211069911076027,-1.9038052603553348
1.8045982123787474,-1.8045982123787474
1.947197111395279,-1.947197111395279
25.0,-1.9947759542543437
25.0,0.0
-2.0205598455663947,2.0205598455663947
2.0,-2.0
-2.0,2.0
2.0,-2.0
-2.0,2.0
2.0,-2.0
2.0,-2.0
2.0,-2.0
2.0,-2.0
-2.0,2.0
2.0,-2.0
-2.0,2.0
2.0,-2.0
2.0,-2.0
2.0,-2.0
2.0,-2.0
2.0,-2.0
2.0,0.0
-2.0,2.0
-2.0,2.0
-2.0,2.0
-2.0,2.0
-2.0,2.0
-24.000000000000007,2.0
-2.0,2.0
-25.0,2.0
-25.0,0.0
-25.0,0.0
0.21606648199445955,2.0000000000000004
-2.0,2.0
-2.0,2.0
-2.0,2.0
-2.0,4.440892098500626e-16
1.999999999999999,-1.999999999999999
6.700831024930749,-2.0
25.0,-2.0
-23.0,-2.0
2.0,-2.0
2.0,-2.0
2.0,-2.0
2.0,-2.0
2.0,-2.0
1.999999999999999,-1.999999999999999
2.0,-2.0
2.0,-2.0
2.0,-2.0
2.0,-2.0
2.0,-2.0
25.0,-2.0
2.0,-2.0
2.0,-2.0
25.0,-2.0
2.0,-2.0
25.0,-2.0
2.0,-2.0
1.9847043544615515,-1.9847043544615515
13.134462983625234,-1.8713050888883878
1.9030378641177204,-1.9030378641177204
2.1859825451414228,-2.1859825451414228
-1.9162399669036447,1.9162399669036447
23.10366436807865,1.8963356319213496
-2.025523597285202,2.025523597285202
-2.525623268068662,2.525623268068662
-1.6995694615990287,1.6995694615990287
-1.639279114648767,1.639279114648767
0.0,0.0
-1.9152893012653953,1.9152893012653953
-25.0,1.89175981391152
-2.0485831954655147,2.0485831954655147
-25.0,1.3703112697360993
-25.0,2.1925838726613343
-2.5522391667603337,2.310932829667679
-25.0,1.879359347104863
-2.0745953007699693,2.0745953007699693
-1.7195515854874888,1.7195515854874888
-1.7263484108872005,1.7263484108872005
-2.0927079663211714,2.0927079663211714
-1.916174800943712,1.7077245160135206
-1.8632941234328229,1.8632941234328229
-1.88425768139098,1.88425768139098
-1.88425768139098,1.88425768139098
-1.88425768139098,1.88425768139098
1.384612752245597,-1.384612752245597
1.4797294922818764,-1.4797294922818764
2.2453692469281554,-2.2453692469281554
-1.88425768139098,1.88425768139098
-1.88425768139098,1.88425768139098
-1.88425768139098,1.88425768139098
-1.88425768139098,1.88425768139098
-1.88425768139098,0.0
2.1077753460934154,-2.1077753460934154
1.8937327804078947,-1.8937327804078947
2.06576696996072,-2.06576696996072
0.0,0.0
0.0,0.0
0.0,-7.216449660063518e-16
0.0,0.0
0.0,0.0
0.0,0.0
0.21606648199446,2.0
-2.0,2.0
-2.0,2.0
-2.0,2.0
-2.0,2.0
-2.0,2.0
-2.0,2.0
-2.0,2.0
-2.0,2.0
-2.0,2.0
-2.0,2.0
1.0470914127423825,2.0
23.0,2.0
23.0,2.0
23.0,2.0
25.0,0.0
-2.0,2.0
-2.0,2.0
-2.0,2.0
-3.0000000000000018,2.0
-25.0,2.0
-2.0,2.0
-25.0,2.0
-25.0,2.0
-25.0,0.0
0.0,0.0
2.0,-2.0
2.0,-2.0
2.0,-2.0
2.0,-2.0
2.0,-2.0
2.0,-2.0
2.0,-2.0
2.0,-2.0
0.0,0.0
2.0,-2.0
2.0,-2.0
2.0,-2.0
2.0,-2.0
4.21606648199446,-2.0
-2.0,2.0
-2.0,2.0
-2.0,2.0
-2.0,2.0
23.0,2.0
2.0,-2.0
2.0,-2.0
25.0,-2.0
2.0,-2.0
2.0,-2.0
9.013699513948263,-2.0
25.0,-2.0
2.0,-1.9666081012058727
-2.265454203450879,2.265454203450879
-2.2953584808173124,2.2953584808173124
-2.1912046579984388,2.1912046579984388
1.8220925113513107,-1.8220925113513107
25.0,0.0
-1.9004412451839672,1.9004412451839672
-2.046514925725069,2.046514925725069
-25.0,2.1523829446425253
-2.166427865769812,2.166427865769812
-2.072941694813312,2.072941694813312
-2.0111536352923842,2.0111536352923842
-25.0,0.0
-2.1040137081156756,2.1040137081156756
-2.453503327055185,2.453503327055185
-25.0,2.2044677453933588
-24.094350211626235,1.969889224053361
-1.9249837239731251,1.9249837239731251
-1.966845200569022,1.966845200569022
-1.8914533918916847,1.8914533918916847
-1.9797818270169634,1.9797818270169634
-2.2204824772804646,2.2204824772804646
-1.8972782504313779,1.8972782504313779
-2.1616488183256095,2.1616488183256095
-2.09786002182659,2.09786002182659
-2.158099876991913,2.158099876991913
-2.232389702463019,2.232389702463019
-1.8763891678560007,1.8763891678560007
-2.232389702463019,2.232389702463019
-2.0107055207010767,2.0107055207010767
-2.123673000154202,2.123673000154202
1.6211058589556417,-1.6211058589556417
2.0069934277873056,-2.0069934277873056
2.2531553957389576,-2.2531553957389576
1.9510153948442435,-1.9510153948442435
2.0531186200473996,-2.0531186200473996
2.077784961496479,-2.077784961496479
2.018424925683666,-2.018424925683666
2.012653556878642,-2.012653556878642
1.9793003996816088,-1.9793003996816088
2.0202379456449124,-2.0202379456449124
2.0,-2.0
2.0,-2.0
2.0,-2.0
2.0,-2.0
-2.0,2.0
-2.0,2.0
-2.0,2.0
2.789595897547904,2.0
23.0,2.0
-2.0,2.0
25.0,0.0
25.0,-2.0
25.0,-2.0
2.0,-2.0
2.0,-2.0
2.0,-2.0
-2.0,2.0
-2.0,2.0
-2.0,2.0
-2.0,2.0
-2.0,2.0
-2.0,2.0
-22.195,2.0
-25.0,0.0
-2.0,2.0
-2.0,2.0
-25.0,2.0
-25.0,0.0
0.0,0.0
0.0,0.0
0.0,0.0
0.21606648199446,2.0
-2.0,2.0
-2.0,2.0
-2.0,2.0
2.0,-2.0
2.0,-2.0
2.0,-2.0
-2.0,2.0
2.0,-2.0
2.0,-2.0
2.0,-2.0
25.0,-2.0
25.0,0.0
2.0,-2.0
2.0,-2.0
-2.0,2.0
25.0,-2.0
9.04709141274239,-1.9999999999999982
2.0,-2.0
2.0,-2.0
2.0,-2.0
25.0,-2.0
2.0,-2.0
2.0,-2.0
1.9967685254559122,-1.9967685254559122
2.000000000000006,-1.8819434712941825
1.8819434712941823,-1.8819434712941823
1.8819434712941823,-1.8819434712941823
-1.9578859066925953,1.9578859066925953
1.8819434712941772,5.10702591327572e-15
-1.565339891509312,1.565339891509312
-1.777577060309711,1.777577060309711
-25.0,1.9232338680514367
22.940585054409077,2.0594149456289337
-2.2240632915534007,2.2240632915534007
-25.0,1.1763275123374122
-25.0,2.013421032009667
1.8963984310788646,-1.8963984310788646
-1.6195475562430515,1.6195475562430515
-1.9641110704147327,1.9641110704147327
-1.9453991304910705,1.9453991304910705
-1.8002668061653706,1.8002668061653706
-1.7512187707047877,1.7512187707047877
-1.7283519880281961,1.7283519880281961
-2.0398957682936034,2.0398957682936034
-1.9951202845595821,1.9951202845595821
-1.7472046738023677,1.7472046738023677
1.6638553598191024,-1.6638553598191024
-1.9173515751063785,1.9173515751063785
2.0375412732473013,-2.0375412732473013
-1.604182274939685,1.604182274939685
-1.4054674372924856,1.4054674372924856
-2.3340681655254016,2.3340681655254016
2.087828566454409,-2.087828566454409
1.9702032198409283,-1.9702032198409283
2.2945264708736626,-2.2945264708736626
2.5065419491808263,-2.5065419491808263
1.8710130550549295,-1.8710130550549295
1.8508333820579057,-1.8508333820579057
1.7927930752738597,-1.7927930752738597
2.36101310655655,-2.36101310655655
-1.877598919465704,1.877598919465704
1.8326308569082002,-1.8326308569082002
24.999999999957886,4.211386794850114e-11
25.0,0.0
-2.0,2.0
2.0,-2.0
2.0,-2.0
2.0,-2.0
-2.0,2.0
-2.0,2.0
-2.0,2.0
2.0,-2.0
2.0,-2.0
2.0,-2.0
2.0,-2.0
2.0,-2.0
-2.0,2.0
2.0,-2.0
2.0,-2.0
2.0,-2.0
2.0,-2.0
-2.0,2.0
2.0,-2.0
2.0,-2.0
-2.0,2.0
2.0,-2.0
-15.800482412432824,-2.0
-25.0,0.0
-2.0,2.0
2.0,-2.0
-23.0,-2.0
-23.0,-2.0
0.0,0.0
2.0,-2.0
2.0,-2.0
25.0,-2.0
-20.7575,0.0
0.0,0.0
2.0,-2.0
2.0,-2.0
2.0,-2.0
2.0,-2.0
2.0,-2.0
2.0,-2.0
2.0,-2.0
2.0,-2.0
2.0,-2.0
25.0,-2.0
2.0,-2.0
13.216900161541307,-2.0
2.0,-2.0
2.0,-2.0
2.0,-2.0
25.0,-2.0
25.0,-2.0
25.0,-2.0
-2.0,2.0
2.0,-2.0
2.0,-2.0
2.0,-2.0
1.9383865611892017,-1.9383865611892017
1.883581791651885,-1.883581791651885
1.9691446280123777,-1.9691446280123777
2.046257733195549,-2.046257733195549
2.0462577331955516,-2.0462577331955516
2.046257733195549,-1.9391460385003896
1.9391460385003856,-1.9391460385003856
-1.9919847447150496,1.9919847447150496
-2.142386833519799,2.142386833519799
-1.8319840098071203,1.8319840098071203
-1.8199462949178709,1.8199462949178709
-24.060775475933045,2.2009571462588475
-25.0,2.0517723828315404
-2.1096201896855185,2.1096201896855185
-1.6320875066055875,1.6320875066055875
-25.0,1.7461269897676388
-25.0,1.93069055796553
-2.1186923011439114,2.1186923011439114
-1.5127028368607403,1.5127028368607403
-1.8598868746706034,1.8598868746706034
-2.0128851879420364,2.0128851879420364
-2.0137025237106903,1.8652999095894098
-1.9702896870226314,1.9702896870226314
-1.7277934226573395,1.7277934226573395
1.910283356362637,-1.910283356362637
1.9520848739639214,-1.9520848739639214
2.032262672705888,-2.032262672705888
-1.8735935008388194,1.8735935008388194
2.1224785538668076,-2.1224785538668076
2.2038102476813917,-2.2038102476813917
2.056257631202146,-2.056257631202146
2.141139213071394,-2.141139213071394
-1.9391618960765964,1.9391618960765964
-1.8587602767192173,1.8587602767192173
2.061482978689134,-2.061482978689134
2.1113137946030545,-2.1113137946030545
-1.8837212850694476,1.8837212850694476
-1.9130968138446658,1.9130968138446658
-1.9702896870226312,2.0006181298983976
-1.9976611067180101,1.9976611067180101
-1.9976611067180101,1.9976611067180101
-1.9976611067180101,1.9976611067180101
2.0,-2.0
2.0,-2.0
-1.9976611067180101,1.9976611067180101
-1.99740842849641,2.0
-2.0,2.0
-2.0,2.0
-2.0,2.0
-2.0,2.0
-2.0,2.0
25.0,-2.0
6.700831024930749,-2.0
2.0,-2.0
2.0,-2.0
-2.0,2.0
-2.0,2.0
-2.0,2.0
-2.0,2.0
-2.0,2.0
2.0,-2.0
2.0,-2.0
2.0,-2.0
-25.0,0.0
-2.0,2.0
-2.0,2.0
-2.0,2.0
0.0,-2.0
2.0,-2.0
2.0,-2.0
2.0,-2.0
25.0,-2.0
2.0,-2.0
2.0,-2.0
25.0,-2.0
25.0,-2.0
2.0,-2.0
2.0,-2.0
2.0,-2.0
2.0,-2.0
2.0,-2.0
2.0,-2.0
13.263157894736846,-2.0
25.0,-2.0
2.0,-2.0
2.0,-2.0
2.0,-2.0
2.0,-2.0
2.0,-2.0
2.0,-2.0
2.0,-2.0
2.0,-2.0
2.0,-2.0
2.0,-2.0
2.0,-2.0
2.000000000000006,-2.000000000000006
1.965961803893272,-1.965961803893272
1.933230916033449,-1.933230916033449
1.9617072275379972,-1.9617072275379972
1.9387456374624534,-2.0882631113785157
2.165670331208942,-2.165670331208942
1.825194284814666,-1.825194284814666
2.165670331209167,-2.165670331209167
-25.0,1.8180621624056137
-2.1858477951903748,2.1858477951903748
-2.4929785934523667,2.4929785934523667
-25.0,1.8505739805127988
-25.0,2.0201926115169115
-2.2234018491707377,2.2234018491707377
-2.118849456824525,2.118849456824525
-23.497342604309843,1.9651256397182948
-2.113150827747175,2.113150827747175
-1.9640400663421662,1.9640400663421662
-1.9235049458218096,1.9235049458218096
-2.202094315927704,2.202094315927704
-2.202094315927704,2.202094315927704
-1.9868569883811338,1.9868569883811338
-2.1672770744777052,2.1672770744777052
-2.202094315927704,2.195775900190263
-2.195775900190263,2.195775900190263
1.4121124717637317,-1.6078883719539947
1.9720180839357262,-1.9720180839357262
1.696919274037195,-1.696919274037195
1.6375106398813806,-1.6375106398813806
1.547358189025287,-1.547358189025287
1.9928248017869246,-1.9928248017869246
1.7022098663775305,-1.7022098663775305
1.1046793539394342,-1.1046793539394342
2.0580384133421106,-2.0580384133421106
1.9894232333505104,-1.9894232333505104
1.8129834777751825,-1.8129834777751825
1.8234464801217376,-1.8234464801217376
1.9568989500839227,-1.9568989500839227
1.9178207542392145,-1.9178207542392145
1.9883082327309762,-1.9883082327309762
2.0981629429511752,-2.0981629429511752
-2.0,2.0
2.0,-2.0
2.0,-2.0
-1.9999999999999987,1.9999999999999987
-2.0,2.0
2.0,-2.0
2.0,-2.0
2.0,-2.0
2.0,-2.0
2.0,-2.0
-2.0,2.0
-2.0,2.0
-2.0,2.0
-2.0,2.0
-2.0,2.0
-2.0,2.0
2.0,-2.0
-2.0,2.0
-2.0,2.0
2.0,-2.0
-2.0,2.0
-2.0,2.0
-2.0,2.0
-2.0,2.0
-2.0,2.0
-2.0,2.0
-2.0,2.0
-2.0,0.0
0.0,0.0
2.0,-2.0
2.0,-2.0
2.0,-2.0
2.0,-2.0
2.0,-2.0
2.0,-2.0
2.0,-2.0
2.0,-2.0
2.0,-2.0
2.0,-2.0
0.0,0.0
0.0,0.0
0.0,0.0
0.0,2.0
-1.7839335180055407,2.0000000000000004
-2.0,2.0
-2.0,2.0
25.0,0.0
-2.0,2.0
-2.0,2.0
-2.0,2.0
2.0,-2.0
25.0,-2.0
2.0,-2.0
-2.0,2.0
9.02317850339664,-1.9999999999999982
-2.0,2.0
25.0,-1.9760870906542642
-2.073561158503489,2.073561158503489
2.024245247852054,-2.024245247852054
-1.918811517455111,1.918811517455111
23.050878875471707,1.9491211245282933
-1.8558337649749799,1.8558337649749799
-1.8207481675773871,1.8207481675773871
-1.8871362653862356,1.8871362653862356
-1.7989906263011104,1.7989906263011104
-1.851722353046437,1.851722353046437
-1.822254795103832,1.822254795103832
-3.5749988059008455,1.7225408569425351
-1.8380477576042902,1.8380477576042902
-1.824618362892739,1.824618362892739
-1.6735594075233364,1.6735594075233364
2.0525849849953564,-2.0525849849953564
-1.8097494789500255,1.8097494789500255
-1.5358727280337758,1.5358727280337758
-25.0,1.5432044507801521
-1.871515921675527,1.871515921675527
-1.6890405043584003,1.6890405043584003
-1.6623669566712826,1.6623669566712826
-1.330565556715857,1.330565556715857
-1.7923716266564704,1.7923716266564704
-1.979970697849989,1.979970697849989
-1.4980447561201347,1.4980447561201347
-1.819176768558079,1.819176768558079
-1.9974858246838383,1.9974858246838383
2.443196060307792,-2.443196060307792
2.4032628965359706,-2.4032628965359706
-1.76427847087851,1.76427847087851
-2.1276875704171054,2.1276875704171054
-1.4859442420733704,1.4859442420733704
2.0138079253117436,-2.0138079253117436
-2.0449476291632878,2.0449476291632878
-2.000841003792842,2.000841003792842
2.085974729013115,-2.085974729013115
-2.0037040457855464,2.0037040457855464
-1.0570441318949082,2.059821739794673
22.895187160770945,2.104812839229055
-1.8950968475353092,1.9358134204423603
-2.0,2.0
2.0,-2.0
-2.0,2.0
-2.0,2.0
-2.0,2.0
2.0,-2.0
-2.0,2.0
-2.0,2.0
-2.0,2.0
-2.0,2.0
-2.0,2.0
-2.0,2.0
-2.0,2.0
-2.0,2.0
2.000000000000006,-2.000000000000006
2.0,-2.0
2.000000000000006,0.0
-2.0,2.0
-2.0,2.0
-2.0,2.0
-2.0,2.0
-24.0,2.0
-25.0,2.0
-2.0,2.0
-2.0,2.0
-25.0,0.0
-25.0,0.0
0.0,2.0000000000000004
-1.7839335180055376,1.9999999999999971
-2.0,2.0
2.0,-2.0
2.0,-2.0
2.0,-2.0
2.0,-2.0
2.0,-2.0
2.0,-2.0
2.0,-2.0
2.0,-2.0
2.0,-2.0
-2.0,2.0
-2.0,2.0
-2.0,2.0
-2.0,2.0
-2.0,2.0
-2.0,2.0
-2.0,2.0
-2.0,2.0
-2.0,2.0
25.0,-2.0
25.0,-2.0
25.0,-2.0
25.0,-2.0
-2.0,2.0
2.0,-2.0
-2.0,2.0
11.047091412742388,-1.9174896878891978
-2.299378672235961,2.299378672235961
1.9174896878892045,-1.9067322060133494
1.8906919126601145,-1.709374335086307
1.6308665521311019,-1.6308665521311019
1.725414628439538,-1.725414628439538
-2.296664797965706,2.296664797965706
-25.0,2.6811843549992567
-2.6052068416166616,2.6052068416166616
-2.71288309758214,2.71288309758214
-2.7997169758733085,2.7997169758733085
-3.1526409102959425,2.3040129305421875
-2.6711992889544875,2.6711992889544875
-25.0,2.608724856732085
-25.0,2.3034155496116604
-25.0,2.4009227600910137
-2.5498833084358346,2.5498833084358346
-2.5628388693031257,2.5628388693031257
-2.244916083158354,2.244916083158354
-2.5595796245855,2.5595796245855
-2.2572316606515797,2.2572316606515797
-2.588432839513578,2.588432839513578
-2.588432839513578,2.588432839513578
-2.567365142248992,2.567365142248992
-2.588432839513578,2.538279033962895
1.524161316304676,-1.524161316304676
-2.538279033962895,2.538279033962895
1.6885613057619917,-1.6885613057619917
1.121026700459808,-1.121026700459808
1.5060019458524083,-1.5060019458524083
1.1394107593550418,-1.1394107593550418
1.2825682237424294,-1.2825682237424294
1.2796794624967731,-1.2796794624967731
-2.538279033962895,2.538279033962895
-2.4348778543132257,2.4348778543132257
1.9528378327067806,-1.9528378327067806
1.7634988461617307,-1.7634988461617307
1.783047687420709,-1.783047687420709
2.066340761760471,-2.066340761760471
1.9274370724671224,-1.9274370724671224
2.000002147380111,-2.000002147380111
2.0,-2.0
2.0,-2.0
2.0,-2.0
2.0,-2.0
2.0,-2.0
2.0,-2.0
2.0,-2.0
2.0,-2.0
2.0,-2.0
2.0,-2.0
2.0,-2.0
2.0,-2.0
2.0,-2.0
2.0,-2.0
2.0,-2.0
2.0,-2.0
2.0,-2.0
-2.0,2.0
2.0,-2.0
-2.0,2.0
2.0,-2.0
2.0,-2.0
2.0,-2.0
2.0,-2.0
-2.0,2.0
-2.0,2.0
-2.538279033962895,0.0
2.0,-2.0
2.0,-2.0
2.0,-2.0
4.21606648199446,-2.0
-2.0,2.0
-2.0000000000000036,2.0000000000000036
-2.0,2.0
-2.0,2.0
-2.0,2.0
2.0,-2.0
-2.0,2.0
-2.0,2.0
2.0,-2.0
-2.0,2.0
-2.0,2.0
-2.0,2.0
-2.0,2.0
2.0,-2.0
-2.0,2.0
-2.0,2.0
-2.0,2.0
25.0,-2.0
11.04709141274239,-2.0
-2.0,2.0
25.0,-2.0
25.0,-2.0
25.0,-2.0
2.000000000000006,-1.9663926679465331
1.7713928139170954,-1.7407352277182813
1.8333931645206143,-1.8333931645206143
1.9357350817477146,-1.9357350817477146
1.935735081747719,-1.935735081747719
1.9357350817477212,-2.220446049250313e-15
-2.1384620439619852,2.1384620439619852
-2.026533906344404,2.026533906344404
-2.1318985852807764,2.1318985852807764
-2.27332071013464,2.27332071013464
-1.9352815235108434,1.9352815235108434
-1.9034186826269184,1.9034186826269184
-4.212696536779831,2.0201948205325047
-1.9708946417208968,1.9708946417208968
-1.864096311665996,1.864096311665996
-1.9244005438571148,1.9244005438571148
-1.7985983682468882,1.7985983682468882
-1.6861187656657082,1.6861187656657082
-1.9240455234942835,1.9240455234942835
-1.9678562985623662,1.9678562985623662
2.0168368012605993,-2.0168368012605993
1.9501431492594725,-1.9501431492594725
2.081813732573896,-2.081813732573896
1.9066252265440164,-1.9066252265440164
2.1226723160915,-2.1226723160915
1.9443025120369892,-1.9443025120369892
2.4293647825455147,-2.4293647825455147
1.7466996975718767,-1.847017780985016
2.5405205536404023,-2.5405205536404023
-23.08759125506521,-1.9124087449347904
-13.693282967683185,-2.0138972326563493
1.9787865077064093,-1.9787865077064093
2.344806663673514,-2.344806663673514
-23.001483985116636,-1.9985160148833643
-22.6813651219008,-2.3186348780992
2.2515778430333606,-2.2515778430333606
2.166068111802142,-2.166068111802142
2.102595993466767,-2.102595993466767
2.050151399301557,-2.050151399301557
-1.952763436217414,1.952763436217414
2.0436234327949543,-2.0436234327949543
1.990521008702545,-1.990521008702545
-2.0,2.0
-2.0,2.0
-2.0,2.0
2.0,-2.0
25.0,-2.0
25.0,-2.0
25.0,0.0
-2.0,2.0
-2.0,2.0
-2.0,2.0
-2.0,2.0
-2.0,2.0
2.0,-2.0
-2.0,2.0
2.0,-2.0
2.0,-2.0
2.0,-2.0
2.0,-2.0
2.0,-2.0
-2.0,2.0
-2.0,2.0
-25.0,2.0
-25.0,2.0
-2.0,2.0
-2.0,2.0
-2.0,2.0
-20.077499999999997,0.0
0.0,0.0
0.0,0.0
2.0,-2.0
25.0,-2.0
2.0,-2.0
2.0,-2.0
6.700831024930749,-2.0
2.0,-2.0
2.0,-2.0
-23.0,-2.0
2.0,-2.0
2.0,-2.0
2.0,-2.0
2.0,-2.0
25.0,-2.0
25.0,-2.0
2.0,-2.0
2.0,-2.0
25.0,-2.0
2.0,-2.0
-2.0,2.0
-2.0,2.0
-2.0,2.0
23.0,2.0
-2.0,2.0
-2.0,2.0
2.0,-2.0
1.9967685254559122,-1.9967685254559122
11.217825078341564,-1.8651398052674502
1.7276745302824985,-1.7276745302824985
1.910472621662733,-1.910472621662733
1.6787864117720182,-1.6787864117720182
1.9104726216627381,-1.8460620661682725
1.625483496709602,-1.625483496709602
1.615709549440596,-1.615709549440596
1.383873994317251,-1.383873994317251
1.077882101379224,-1.077882101379224
-2.8353105285166995,2.8353105285166995
-25.0,0.0
-23.496565245837935,-1.5034347541620647
-3.121983002243553,3.121983002243553
-20.471760197507084,2.2547171697617614
-25.0,2.5044640544438757
-2.1914118321035048,2.1914118321035048
-2.3676142762896326,2.3676142762896326
-2.387927121369426,2.387927121369426
-2.253763506173782,2.253763506173782
-2.4625312582017598,2.4625312582017598
-2.5872983522207935,2.5872983522207935
-2.6213500119817006,2.6213500119817006
-2.4975978028398798,2.4975978028398798
1.5704474511292537,-1.5704474511292537
1.3112914223242962,-1.3112914223242962
-2.4830094638772184,2.4830094638772184
-2.529266250351802,2.529266250351802
-2.539921910415254,2.539921910415254
-2.069308179739849,2.069308179739849
1.1608808130308388,-1.1608808130308388
-2.6213500119817006,2.6213500119817006
-2.6213500119817006,2.6213500119817006
-2.3620513438843,2.3620513438843
-2.6213500119817006,2.6213500119817006
-2.601236609452406,2.601236609452406
-2.1651384318120055,2.1651384318120055
-2.3722251229752667,2.3722251229752667
-2.4552528674032206,2.4552528674032206
-2.2120727549257007,2.2120727549257007
-1.9774818078730023,1.9774818078730023
-2.0014158705153573,2.0014158705153573
-2.0159169952743032,2.0159169952743032
-1.9647497076699219,1.9647497076699219
2.0228931799198198,-2.0228931799198198
2.005662735039417,-2.005662735039417
2.041804637589265,-2.041804637589265
-2.0,2.0
2.0,-2.0
2.0,-2.0
2.0,-2.0
-2.0,2.0
2.0,-2.0
2.0,-2.0
2.0,-2.0
2.0,-2.0
2.0,-2.0
-2.0,2.0
-2.0,2.0
2.0,-2.0
-2.0,2.0
25.0,-2.0
2.0,-2.0
2.0,-2.0
-2.0,2.0
-2.0,2.0
-2.0,2.0
-2.0,2.0
-21.3788500119817,-2.0
2.0000000000000013,-2.0000000000000013
2.0000000000000013,-2.0000000000000013
2.0,-2.0
2.0,-2.0
1.999999999999999,-1.999999999999999
1.9999999999791822,-1.9999999999791822
2.0,-2.0
4.21606648199446,-2.0
-2.0,2.0
-2.0,2.0
-2.0,2.0
-2.0,2.0
-2.0,2.0
-2.0,2.0
-2.0,2.0
-2.0,2.0
-2.0,2.0
-2.0,2.0
-2.0,2.0
-2.0,2.0
25.0,0.0
23.0,2.0
25.0,-2.0
2.0000000000000013,-2.0000000000000013
25.0,-2.0000000000000107
5.047091412742401,2.0
-2.0,2.0
-25.0,2.066352940931253
-24.57019579139485,2.3788428504636023
25.0,0.0
22.895191046271577,2.1048089537284227
-2.2901201159170204,2.2901201159170204
-2.386457179280473,2.386457179280473
-2.5084907742925315,2.5084907742925315
-2.2001405994243326,2.2001405994243326
-24.719031475922336,2.1565314759223355
23.03433630719847,1.9656636928015168
-2.3976505768534935,2.3976505768534935
-2.1172009000463614,2.1172009000463614
-25.0,0.0
-1.9932347319658739,1.9932347319658739
-1.9422822094922338,1.9422822094922338
-24.01612265807742,2.1386630643807614
-24.999999999999996,1.8774595936966456
2.116304039716432,-2.116304039716432
-1.7366114973227749,1.7366114973227749
-1.9712323055326575,1.9712323055326575
-2.1795696150940547,2.1795696150940547
-1.8072375126494542,1.8072375126494542
-2.208017317874365,2.208017317874365
-1.6604844020273077,1.6604844020273077
-2.1847210394521603,2.1847210394521603
-2.2226485748542224,2.2226485748542224
-1.5365750372048712,1.5365750372048712
2.0951195801991815,-2.0951195801991815
1.955192958900394,-1.955192958900394
2.083319018912304,-2.083319018912304
1.9378711209307529,-1.9378711209307529
1.4553432224523641,-1.4553432224523641
2.2888717065344757,-2.2888717065344757
2.249613712599346,-2.249613712599346
-2.385246007589319,2.385246007589319
-2.137696146699236,2.137696146699236
-1.5121496362420332,1.5121496362420332
-1.8984294631279193,1.8984294631279193
-1.895097163108965,1.895097163108965
1.7431408346024444,-1.7431408346024444
1.960274740097324,-1.960274740097324
2.1362759543040446,-2.1362759543040446
2.0,-2.0
1.999999999999999,-1.999999999999999
2.0000000000000013,-2.0000000000000013
1.999999999999999,-1.999999999999999
2.0000000000000013,-2.0000000000000013
1.9999999999999996,-1.9999999999999996
2.0000000000000013,-2.0000000000000013
1.998707410305636,-1.998707410305636
1.9976302521756362,-1.9976302521756362
1.9991382735884535,-1.9991382735884535
1.9920290304235395,-1.9920290304235395
2.0000000000000018,-2.0000000000000018
2.0,-2.0
2.0,-2.0
-2.0,2.0
-2.0,2.0
2.0000000000000018,-2.0000000000000018
2.0000000000000013,-2.0000000000000013
-2.0,2.0
-2.0,2.0
-2.0,2.0
1.9999999999791822,-1.9999999999791822
-25.0,2.0
-2.0,2.0
-2.0,2.0
1.9999999999791822,-1.9999999999791822
0.0,-2.0
0.0,0.0
0.0,0.0
0.0,0.0
0.21606648199446,2.0
-2.0,2.0
-2.0,2.0
-2.0,2.0
-2.0,2.0
-2.0,2.0
-2.0,2.0
-2.0,2.0
-2.0,2.0
-2.0,2.0
-2.0,2.0
-2.0,2.0
-2.0,2.0
-2.0,2.0
-2.0,2.0
-2.0,2.0
-2.0,2.0
-2.0,2.0
-2.0,2.0
-2.0,2.0
-2.0,2.0
1.0470914127423825,2.0
-2.0,2.0
-2.0,2.0
22.914042785324785,2.085957214675215
22.648818531521414,2.351181468478586
22.678103825954416,2.321896174045584
22.927262954702506,2.072737045297494
-2.0834755434456063,2.0834755434456063
-2.3000486942773932,2.3000486942773932
-2.0374093634591555,2.0374093634591555
-1.9344136959572538,1.9344136959572538
-1.924282519309827,1.924282519309827
-2.335274288038062,2.335274288038062
-2.216706954061868,2.216706954061868
-25.0,1.6384497870811927
-25.0,1.9824326457261066
-2.193481995285887,2.193481995285887
-2.069716532050519,2.069716532050519
-25.0,1.8755604714357403
-25.0,1.8954283576607764
-2.391871261903818,2.087526878039416
-1.805041751152045,1.7590683498204163
-1.9116671468435404,1.9116671468435404
-1.9721966986249377,1.9721966986249377
-2.0415534767077874,2.0415534767077874
-2.030630841331483,2.030630841331483
-1.9535740660458787,1.9535740660458787
-2.0415534767077874,2.0415534767077874
-2.016228059678462,2.016228059678462
-2.0366930112603754,2.0366930112603754
-2.0415534767077874,2.0415534767077874
1.670933676919831,-1.670933676919831
1.8358884448641328,-1.8358884448641328
1.7772289825673075,-1.7772289825673075
1.7134023172295842,-1.7134023172295842
1.784643701185173,-1.784643701185173
-2.0415534767077874,2.0415534767077874
-1.9374589817362127,1.9374589817362127
-2.0415534767077874,2.0415534767077874
-2.0415534767077874,2.0415534767077874
-2.0415534767077874,2.0415534767077874
-2.0415534767077874,2.0415534767077874
-2.0415534767077874,2.0415534767077874
1.9044306090011098,-1.9044306090011098
-1.9304313289997634,1.888877852291976
-2.0,2.0
-2.0,2.0
-2.0,2.0
-2.0,2.0
-2.0,2.0
-2.0,2.0
-2.0,2.0
-2.0,2.0
-2.0,2.0
-2.0,2.0
-2.0,2.0
2.0,-2.0
-2.0,2.0
-2.0,2.0
-2.0,2.0
-2.0,2.0
2.0,-2.0
2.0,-2.0
-2.0,2.0
-2.0,2.0
-2.0,2.0
-2.0,2.0
-2.0,2.0
-2.0,2.0
-2.0,2.0
-2.0,2.0
-2.0,0.0
0.0,0.0
0.0,0.0
0.0,2.0
-1.78393351800554,1.9999999999999998
-2.0,2.0
-2.0,2.0
-2.0,2.0
-2.0,2.0
-2.0,2.0
-2.0,2.0
-2.0,2.0
-2.0,2.0
-2.0,2.0
-2.0,2.0
-2.0,2.0
-2.0,2.0
-2.0,2.0
-2.0,2.0
-2.0,2.0
-2.0,2.0
-2.0,2.0
-2.0,2.0
-2.0,2.0
-2.0,2.0
2.8831485958264675,2.0
23.0,2.0
25.0,0.0
25.0,-1.9334316356710843
25.0,-1.7223152809486635
1.819689733535663,-1.819689733535663
1.8196897335356639,-1.8196897335356639
1.8196897335356694,-1.8196897335356694
1.819689733535663,0.0
0.0,0.0
0.0,0.0
0.0,-1.8994596399471229
2.10466442099404,-2.10466442099404
2.1046644209940357,-2.1046644209940357
2.104664420994042,-2.104664420994042
-25.0,0.0
-2.1838153430598686,2.1838153430598686
-21.873597458889847,1.8220991383980838
-25.0,1.9509579604388776
-25.0,2.0
-1.9390728254122322,1.9390728254122322
-1.72847411503301,1.72847411503301
-2.0,2.0
-1.9413335950827468,1.9413335950827468
2.1008384059905074,-2.1008384059905074
-2.0,2.0
2.102387241493422,-2.102387241493422
2.1112504431916426,-2.1112504431916426
1.9890761023290748,-1.9890761023290748
1.8364937151360543,-1.8364937151360543
1.9589280886910423,-1.9589280886910423
1.9896226759010078,-1.9896226759010078
2.2504064336228433,-2.2504064336228433
1.4791134925056557,-1.4791134925056557
-1.8452168021310769,1.8452168021310769
-2.0,2.0
1.9398308333335859,-1.9398308333335859
1.7697442065978422,-1.7697442065978422
-1.884612386180156,1.884612386180156
2.228176794157413,-2.228176794157413
2.1194708213528948,-2.1194708213528948
1.8238879676662734,-1.8238879676662734
-2.0,2.0
-2.0,2.0
-1.9603150546318588,1.9603150546318588
1.9033044819447877,-1.9033044819447877
2.083480813279118,-2.083480813279118
2.0,-2.0
-2.0,2.0
-2.0,2.0
2.0,-2.0
2.0,-2.0
-2.0,2.0
-2.0,2.0
-2.0,2.0
-2.0,2.0
2.0,-2.0
-2.0,2.0
-2.0,2.0
-2.0,2.0
-2.0,2.0
-2.0,2.0
-2.0,2.0
-2.0,2.0
-2.0,2.0
2.0,-2.0
2.0,-2.0
-2.0,2.0
-2.0,2.0
-2.0,2.0
2.0,-2.0
-2.0,0.0
0.0,0.0
0.0,0.0
0.0,0.0
0.0,0.0
0.0,0.0
0.0,1.9999999999999993
-1.8049999999999995,2.0
-1.97893351800554,2.0
-2.0,2.0
-2.0,2.0
-2.0,2.0
-2.0,2.0
-2.0,2.0
-2.0,2.0
-2.0,2.0
25.0,0.0
-24.5625,2.0
-2.0,2.0
-2.0000000000000018,2.0000000000000018
-2.0,2.0
23.0,2.0
25.0,0.0
25.0,0.0
-2.0,2.0
25.0,0.0
-2.0,2.0
1.0470914127423794,2.0
-24.612910998080203,2.0504109980802028
22.72912165245146,2.270878347548539
-2.4358453242486497,2.4358453242486497
-2.1446403449962284,2.1446403449962284
-1.9797035647503112,1.9797035647503112
-1.9366413303939032,1.9366413303939032
-1.9056699850877568,1.9056699850877568
-1.915847866636251,1.915847866636251
-1.8421184999779339,1.8421184999779339
0.0,0.0
-2.009635094860432,2.009635094860432
-1.923960003033546,1.923960003033546
-24.99999999998721,1.1242280941722882
-2.1341415250397358,2.1341415250397358
-1.9681725033655297,1.9681725033655297
-24.999999999972808,2.034144438415723
-24.99999999999743,1.9556947210131987
-1.9445379299842536,1.9445379299842536
-1.8664429173709003,1.8664429173709003
-25.0,1.9352859415420198
-1.9750015172781374,1.9750015172781374
-2.0493531951857893,2.0493531951857893
-1.918438726350784,1.918438726350784
-1.962998357704203,1.962998357704203
2.1274355848529094,-2.1274355848529094
1.899237331686896,-1.899237331686896
1.987626988101411,-1.987626988101411
2.1346401314159813,-2.1346401314159813
2.109002296467363,-2.109002296467363
2.0303335709476737,-2.0303335709476737
1.949429321649939,-1.949429321649939
-1.910543073481401,1.910543073481401
-2.0334710042341406,2.0334710042341406
1.7337303098448578,-1.7337303098448578
2.0284060470577376,-2.0284060470577376
2.1806330983142708,-2.1806330983142708
2.1154532531402603,-2.1154532531402603
-1.7815554973890189,1.7815554973890189
-2.0493531951857893,2.0493531951857893
-2.0357712206116356,2.0357712206116356
-1.956720256501297,1.956720256501297
-1.861549336412979,1.861549336412979
2.0,-2.0
2.0,-2.0
2.0,-2.0
-2.0,2.0
2.0,-2.0
-2.0,2.0
-2.0,2.0
2.0,-2.0
2.0,-2.0
-2.0,2.0
-2.0,2.0
2.0,-2.0
-2.0,2.0
-2.0,2.0
2.0,-2.0
2.0,-2.0
2.0,-2.0
2.0,-2.0
2.0,-2.0
2.0,-2.0
2.0,-2.0
2.0,-2.0
2.0,-2.0
2.0,-2.0
2.0,-2.0
2.0,-2.0
-0.04935319518578929,-2.0
2.0,-2.0
2.0,-2.0
0.0,0.0
0.0,1.9999999999999998
-1.8049999999999997,1.8049999999999997
-1.805,1.805
-1.805,1.805
-1.805,2.0
-1.9809875,1.9999999999999987
-1.998146281249999,1.9999999999999896
-1.9998192624218643,2.0
23.0,2.0
-2.0,2.0
25.0,0.0
25.0,0.0
23.0,2.0
-2.0,2.0
-2.0,2.0
1.0471109384087103,2.0
-2.0,2.0
-2.0,2.0
-2.0,2.0
-2.0,2.0
-2.0,2.0
-2.0000000000000018,2.0000000000000018
-2.0,2.0
-2.0,2.0
-2.1055614884191787,2.1055614884191787
-2.36986534207023,2.36986534207023
-2.2766309988910995,2.2766309988910995
-2.0491873612296403,2.0491873612296403
-2.0716554165920646,2.0716554165920646
-1.9414326852106836,1.9414326852106836
-1.8325780772142588,1.8325780772142588
-1.8229795888979057,1.8229795888979057
-24.4512413518933,1.8887413518933016
23.01054016010541,1.9894598398945895
-2.108503058943807,2.108503058943807
-23.590197943954337,1.9911405851856507
-25.0,0.0
-1.8910071707423128,1.8910071707423128
-1.947197584755763,1.947197584755763
-25.0,1.616466295067326
-25.0,1.9415488163160397
-1.9589577526146904,1.9589577526146904
-1.9120571958821735,1.9120571958821735
-1.9589577526146906,1.9589577526146906
-1.8828906163138353,1.8828906163138353
-1.8961958327918094,1.8961958327918094
2.1236480698353883,-2.1236480698353883
-1.9589577526146906,1.9589577526146906
-1.7203323147120635,1.7203323147120635
-1.9589577526146906,1.9271214199178586
-1.9271214199178583,1.774269532822741
-1.774269532822741,0.0
0.0,0.0
2.2535318751103883,-2.2535318751103883
1.9926666993853441,-1.9926666993853441
2.005299743976355,-2.005299743976355
1.8022653341278723,-1.8022653341278723
2.0311496444217028,-2.0311496444217028
2.2113933248446545,-2.2113933248446545
2.182368753421449,-2.182368753421449
1.843389630663701,-1.843389630663701
2.3130755747909055,-2.3130755747909055
1.8994628090640029,-1.8994628090640029
0.0,0.0
1.9615505057711606,-1.9615505057711606
0.0,0.0
2.000307743484515,-2.000307743484515
2.0,-2.0
2.0282983904456175,-2.0282983904456175
0.0,0.0
2.0,-2.0
0.0,0.0
0.0,0.0
2.0,-2.0
2.0,-2.0
2.0,-2.0
0.0,0.0
2.0,-2.0
0.0,0.0
2.0,-2.0
2.0,-2.0
2.0,-2.0
2.0,-2.0
2.0,-2.0
2.0,-2.0
2.0,-2.0
2.0,-2.0
0.0,0.0
0.0,0.0
2.0,-2.0
2.0,-2.0
2.0,-2.0
2.0,-2.0
2.0,-2.0
2.0,-2.0
0.0,0.0
0.21606648199446,2.0
-2.0,2.0
-1.9999999999999996,1.9999999999999996
-1.9999999999999996,1.9999999999999996
-1.9999999999999996,1.9999999999999996
2.0,-2.0
-2.0,2.0
-1.9999999999999996,1.9999999999999996
-2.0,2.0
-2.0,2.0
-2.0,2.0
25.0,0.0
25.0,-2.0
25.0,-2.0
25.0,-2.0
-23.0,-2.0
-13.5225,2.0
25.0,0.0
-25.0,2.0
25.0,0.0
-2.0,2.0
25.0,-2.0
-2.0,2.0
-2.0,2.0
-2.101468291007585,2.101468291007585
1.7094663050836343,-1.7094663050836343
1.9126913411436048,-1.9126913411436048
1.9895303706066725,-1.9895303706066725
2.000000000000006,-2.000000000000006
-0.13054177634744057,2.130541776347447
-1.89070548232732,1.89070548232732
-1.7278928283589332,1.7278928283589332
-2.1827114664117033,2.1827114664117033
-1.5088922849663442,1.5088922849663442
0.0,0.0
-1.7613108162188906,1.7613108162188906
-25.0,0.0
-1.3863651327565352,1.3863651327565352
-24.002392679458673,1.6614500574142212
-25.0,2.340942622044448
-25.0,2.0
-1.9970089928898478,1.9970089928898478
-1.5422553630101827,1.5422553630101827
-1.9463480604742127,1.9463480604742127
-1.6226269239768412,1.6226269239768412
1.970434535330667,-1.970434535330667
1.852293856937183,-1.852293856937183
2.412667464840802,-2.412667464840802
2.242904616675962,-2.242904616675962
2.2050184214228166,-2.2050184214228166
2.652893492325905,-2.652893492325905
-2.0,2.0
-2.0,2.0
-1.5455963413046732,1.5455963413046732
2.2634954821465594,-2.2634954821465594
-1.8069680127473577,1.8069680127473577
-1.9251208407265925,1.9251208407265925
-1.6747582718419127,1.6747582718419127
2.1794926151220273,-2.1794926151220273
2.230167196098278,-2.230167196098278
2.08060192973543,-2.08060192973543
2.0496099932482386,-2.0496099932482386
2.159085295179014,-2.159085295179014
-1.9263430574957023,1.9263430574957023
-1.9804203804478997,1.9804203804478997
-2.0,2.0
2.0,-2.0
2.0,-2.0
-1.9999999999999847,1.9999999999999847
-2.0,2.0
-2.0,2.0
2.0,-2.0
2.0,-2.0
2.0,-2.0
2.0,-2.0
-2.0,2.0
-2.0,2.0
-2.0,2.0
-2.0,2.0
-2.0,2.0
-2.0,2.0
-2.0,2.0
-2.0,2.0
-2.0,2.0
2.0,-2.0
-2.0,2.0
-2.0,2.0
2.0,-2.0
-2.0,2.0
-2.0,2.0
2.0,-2.0
2.0,-2.0
0.0,-2.0
2.0,-2.0
2.0,-2.0
2.0,-2.0
2.0,-2.0
2.0,-2.0
0.0,0.0
0.0,0.0
0.0,0.0
0.0,0.0
2.0,-2.0
2.0,-2.0
25.0,-2.0
2.0,-2.0
2.0,-2.0
2.0,-2.0
-2.0,2.0
-2.0,2.0
-2.0,2.0
-2.0,2.0
23.0,2.0
25.0,-2.0
-2.0,2.0
-2.0,2.0
-2.0,2.0
25.0,-2.0
11.064529169251001,-2.0
2.0,-2.0
1.9629457629167013,-1.9629457629167013
1.9165341604443116,-1.9165341604443116
2.063826546997602,-2.063826546997602
2.1986287254858596,-2.1986287254858596
2.128807856895375,-2.128807856895375
2.1986287254858596,-2.1986287254858596
2.1986287254858596,-2.1986287254858596
1.8136483914680597,-1.8136483914680597
2.177971234527171,-2.177971234527171
2.1986287254858596,-2.1986287254858596
1.996503601680003,-1.996503601680003
-2.348020781358353,2.348020781358353
-1.7348048381430292,1.7348048381430292
-1.8353251458884379,1.8353251458884379
-22.745471245726083,1.890629113502598
-25.0,1.997980644176213
-25.0,1.5565536897831187
-25.0,1.5292215398762394
-2.014039871948794,2.014039871948794
-2.2446513168610953,2.2446513168610953
-1.5926742504317808,1.5926742504317808
-2.0494844738266242,2.0494844738266242
-1.9664639875927548,1.9664639875927548
-1.9660060902181153,1.9660060902181153
-1.5985202524064128,1.5985202524064128
-1.9251295190021276,1.9251295190021276
-2.1490359704485718,2.1490359704485718
-1.5105632474740722,1.5105632474740722
-2.0457925776268278,2.0457925776268278
2.269666524986718,-2.269666524986718
2.1667263984482465,-2.1667263984482465
1.1520053039600398,-1.1520053039600398
2.3123361857152482,-2.3123361857152482
-1.5708782091694902,1.5708782091694902
-2.1538981715510905,2.1538981715510905
-1.9259995555713092,1.9259995555713092
-1.970806517777501,1.970806517777501
2.13946635712173,-2.13946635712173
2.0449667213694664,-2.0449667213694664
1.9124848376325574,-1.9124848376325574
-1.9130816071391243,1.9130816071391243
-2.0443023796538404,2.0443023796538404
1.994398778401992,-1.994398778401992
-2.0,2.0
2.0,-2.0
1.9984919787412703,-1.9984919787412703
2.0,-2.0
2.0,-2.0
-2.0,2.0
-2.0,2.0
-2.0,2.0
2.0,-2.0
-2.0,2.0
2.0,-2.0
-2.0,2.0
2.0,-2.0
2.0,-2.0
-2.0,2.0
-2.0,2.0
-2.0,2.0
2.0,-2.0
2.0,-2.0
2.0,-2.0
-2.0,2.0
-2.2446513168610953,2.0
2.0,-2.0
2.0,-2.0
2.0,-2.0
-2.0,0.0
2.0,-2.0
2.0,-2.0
2.0,-2.0
4.21606648199446,-2.0
2.0,-2.0
2.0,-2.0
2.0,-2.0
2.0,-2.0
2.0,-2.0
2.0,-2.0
2.0,-2.0
2.0,-2.0
2.0,-2.0
-2.0,2.0
-2.0,2.0
-2.0,2.0
2.0,-2.0
2.0,-2.0
-2.0,2.0
23.0,2.0
2.0,-2.0
-2.0,2.0
23.0,2.0
-0.9558251483438391,2.0
2.0,-2.0
-2.0,2.0
-2.0,2.0
1.9321390410458827,-1.9321390410458827
1.6393115398419063,-1.6393115398419063
1.758432468903877,-1.758432468903877
-2.0932001034374705,2.0932001034374705
-2.1672969556180246,2.1672969556180246
-2.325654656286768,2.325654656286768
-2.017847583680288,2.017847583680288
-2.1364799258295877,2.1364799258295877
-1.8855521645272795,1.8855521645272795
-1.9786230405526783,1.9786230405526783
-2.2799750540287347,2.2799750540287347
-2.3702701441772733,2.3702701441772733
-2.0331137748557175,2.0331137748557175
-2.333767108257719,2.333767108257719
-1.9447203315573347,1.9447203315573347
-1.7071097785319225,1.7071097785319225
-1.7913679446440396,1.7913679446440396
-2.34152517101315,2.34152517101315
-2.1621979164867904,2.1621979164867904
-2.0756417430127696,2.0756417430127696
-1.9643111441125418,1.9643111441125418
-2.183092679387971,2.183092679387971
-1.9230353722219027,1.9230353722219027
-2.265177805305899,2.265177805305899
-2.227193466645784,2.227193466645784
2.320783776908712,-2.320783776908712
1.968619986809526,-1.968619986809526
2.1098347797714956,-2.1098347797714956
1.5297340314933425,-1.5297340314933425
1.9575603924665854,-1.9575603924665854
1.3162339369222282,-1.3162339369222282
1.435895049189602,-1.435895049189602
2.278809956091333,-2.278809956091333
1.5552866615548782,-1.5552866615548782
-2.8117740985423936,2.8117740985423936
-2.3458226530585247,2.3458226530585247
-1.6323917196098279,1.6323917196098279
1.8223336096243807,-1.8223336096243807
-2.5318809358773513,2.5318809358773513
1.8280792591764528,-1.8280792591764528
1.9059779060824524,-1.9059779060824524
-2.014488164050283,2.014488164050283
1.9814460657102158,-1.9814460657102158
-25.0,2.007109243319004
-25.0,1.9757185178821643
2.036717693804559,-2.036717693804559
-1.9975159336156514,1.9975159336156514
2.005240453110343,-2.005240453110343
-2.032341516811467,2.032341516811467
-1.9649195257434764,1.9649195257434764
-2.0334768201580005,2.0334768201580005
-2.050195564820861,2.050195564820861
-2.044138242522446,2.044138242522446
-2.0,2.0
-2.0,2.0
-2.0,2.0
-2.0,2.0
-2.0,2.0
2.0,-2.0
-2.0,2.0
2.0,-2.0
2.0,-2.0
2.0,-2.0
-2.0,2.0
-2.0,2.0
2.0,-2.0
2.0,-2.0
2.0,-2.0
-0.05019556482086118,-2.0
2.0,-2.0
2.0,-2.0
2.0,-2.0
2.0,-2.0
0.0,0.0
0.0,0.0
0.0,0.0
0.21606648199446,2.0
-2.0,2.0
-2.0,2.0
-2.0,2.0
-2.0,2.0
-2.0,2.0
-2.0,2.0
2.0,-2.0
-2.0,2.0
-1.9999999999999996,1.9999999999999996
25.0,-2.0
25.0,-2.0
23.0,2.0
2.0,-2.0
-2.0,2.0
-2.0,2.0
25.0,-2.0
-2.0,2.0
-2.0,2.0
-2.0,2.0
9.047091412742397,-1.8386417263946617
1.695196143259486,-1.6016259705404672
1.7450715536756454,-1.7450715536756454
-0.28085471559441944,2.025926269270063
-2.1662214805988858,2.1662214805988858
-1.9358665970687898,1.9358665970687898
-2.041791419244297,2.041791419244297
-1.9375303013824343,1.9375303013824343
-1.8743152177897509,1.8743152177897509
-1.9828593013088183,1.9828593013088183
-1.9130840725583091,1.9130840725583091
-1.806505381767881,1.806505381767881
-1.6933974720379013,1.6933974720379013
-2.517840590568074,2.517840590568074
0.0,0.0
-2.2407694453204776,2.2407694453204776
-1.8575046091425875,1.8575046091425875
-25.0,1.6722729715152589
-1.915353047143876,1.915353047143876
-2.1717547490805718,2.1717547490805718
1.9277393131360139,-1.9277393131360139
-1.8588205512874847,1.8588205512874847
-1.7720251729823309,1.7720251729823309
-1.7195711510541525,1.7195711510541525
-2.1628019244640866,2.1628019244640866
-1.8085136925137144,1.8085136925137144
-2.0650031239267364,2.0650031239267364
-2.683203079675735,2.683203079675735
-2.0120700611889735,2.0120700611889735
-2.371821504269434,2.371821504269434
-2.0466279010938635,2.0466279010938635
-2.6999859178411816,2.6999859178411816
22.84082086110508,2.1591791388949204
-1.6474051362869213,1.6474051362869213
-1.9722882149851335,1.9722882149851335
0.8478969844706273,-0.8478969844706273
0.8478969844706273,-0.8478969844706273
0.8478969844706273,-0.8478969844706273
0.0,0.0
0.8478969844706273,-0.8478969844706273
-1.8806527454567241,1.8806527454567241
-25.0,0.0
-25.0,2.0
-23.234772971515262,2.0
-25.0,0.0
0.704000295407879,1.9968307295228704
-1.986111764274616,1.986111764274616
-1.9961144654628256,1.9961144654628256
-1.9980128123494003,1.9980128123494003
1.994614209195913,-1.994614209195913
1.999353705152818,-1.999353705152818
-2.000646294847182,2.000646294847182
1.999353705152818,-1.999353705152818
2.0,-2.0
-2.0,2.0
-2.0,2.0
-2.0,2.0
2.0,-2.0
2.0,-2.0
-2.0,2.0
25.0,0.0
2.0,-2.0
2.0,-2.0
2.0,-2.0
-25.0,0.0
2.0,-2.0
2.0,-2.0
0.0,0.0
2.0,-2.0
0.0,0.0
0.0,0.0
0.0,0.0
0.0,0.0
0.0,0.0
0.0,0.0
2.0,-2.0
4.216066481994462,-2.0
-2.0000000000000018,2.0000000000000018
-2.0000000000000018,2.0000000000000018
-2.0,2.0
-2.0,2.0
-2.0,2.0
25.0,-2.0
0.48476454293628896,2.0000000000000004
-2.0,2.0
-25.0,2.0
25.0,-2.0
25.0,-2.0
9.185595567867049,-2.0
-25.0,0.0
-25.0,2.0
-2.0,2.0
1.0470914127423794,2.0
23.0,2.0
23.0,2.0
25.0,0.0
22.89702368110787,2.1029763188921287
-2.132045977901412,2.132045977901412
-1.9832933728724402,1.9832933728724402
-1.9056093949458328,1.9056093949458328
-2.0886463755835463,2.0886463755835463
-1.9656562768206052,1.9656562768206052
-2.1583731637778794,2.1583731637778794
-1.7105791953043448,1.7105791953043448
-24.548167906845887,1.9856679068458867
25.0,-2.093605457798411
2.0936054577984167,-1.9465989415306146
-25.0,1.9811072363715354
-25.0,2.360429295293226
-1.9423895045352229,1.9423895045352229
-1.386801886696233,1.386801886696233
-25.0,2.329433335241923
-1.8546543478829456,1.8546543478829456
-1.6955506310917707,1.6955506310917707
-2.191045135515407,2.191045135515407
-2.1176483834903577,2.1176483834903577
-2.0603200108739106,2.0603200108739106
-2.1963410926078923,2.1963410926078923
-2.047145441889459,2.047145441889459
-2.1017592499182784,2.1017592499182784
-1.858082740080106,1.858082740080106
-2.215823347825485,2.215823347825485
-1.8695380637874832,1.8695380637874832
-2.0519080795035567,2.0519080795035567
-2.159266237223938,2.159266237223938
-2.1831611588712905,2.1831611588712905
-2.029036247648472,2.029036247648472
-2.136228729199531,2.136228729199531
-2.2211142557394776,2.2211142557394776
-2.246418844907515,2.246418844907515
-2.0042050189642096,2.0042050189642096
-2.044277192931433,2.044277192931433
-2.1320054069632817,2.1320054069632817
-2.135521528636769,2.135521528636769
-2.0551745824152667,2.0551745824152667
-2.1009800196685697,2.1009800196685697
-1.9890603630929897,1.9890603630929897
-2.035928356568895,2.035928356568895
7.312575484248975,-2.0138181863863975
25.0,-2.0180529457022516
1.9929854682244594,-1.9929854682244594
-1.9891550056047143,1.9891550056047143
23.00332452408684,1.996675475913161
-2.004686078952104,2.004686078952104
-2.0054328149769374,2.0054328149769374
1.9877203979035407,-1.9877203979035407
1.9875049658769102,-1.9875049658769102
1.990951872139451,-1.990951872139451
-2.0,2.0
-1.999999999999987,1.999999999999987
-2.0,2.0
2.0,-2.0
2.0,-2.0
2.0,-2.0
2.0,-2.0
-25.0,2.0
-2.0,2.0
-25.0,0.0
-25.0,0.0
0.0,0.0
2.0,-2.0
2.0,-2.0
0.0,0.0
0.0,0.0
2.0,-2.0
2.0,-2.0
2.0,-2.0
2.0,-2.0
2.0,-2.0
2.0,-2.0
2.0,-2.0
2.0,-2.0
2.0,-2.0
2.0,-2.0
2.0,-2.0
2.0,-2.0
2.0,-2.0
0.0,0.0
5.084471096945053,2.0
23.0,2.0
25.0,0.0
25.0,-2.0
2.0,-2.0
2.0,-2.0
-2.0,2.0
-2.0,2.0
-2.0,2.0
-2.0,2.0
25.0,-2.0
2.0,-2.0
-2.0,2.0
1.9956913677881787,-1.9956913677881787
1.9588525605742686,-1.9588525605742686
1.9703347351620057,-1.9703347351620057
1.9112757368935194,-1.9112757368935194
1.9265317705419012,-1.9265317705419012
2.1786867977918125,-2.1786867977918125
1.9051445549507648,-1.9051445549507648
-16.25160799958328,-2.1861699958929997
-25.0,2.0573124361468267
1.9485425596769979,-1.9485425596769979
25.0,-1.9703818345301407
25.0,-2.14722142192743
2.1472214219274357,-2.1472214219274357
-1.8844751116398615,1.8844751116398615
1.7890049291090286,-1.7890049291090286
2.147221421927435,-2.147221421927435
-1.9533900866045197,1.9533900866045197
2.040076907572061,-2.040076907572061
-1.933229961028668,1.749172591120252
-1.9855255831270995,1.9855255831270995
-1.874492570184338,1.874492570184338
-1.6143339638747438,1.6143339638747438
1.9822404613696945,-1.9822404613696945
-1.7934573578194253,1.7934573578194253
-1.8268791325632527,1.8268791325632527
-1.837921685928778,1.837921685928778
2.351163106036477,-2.351163106036477
1.8882162373299702,-1.8882162373299702
2.351163106036484,-2.351163106036484
-2.042952572511,2.042952572511
2.220648311236613,-2.220648311236613
-1.8343672220561036,1.8343672220561036
2.171735183513907,-2.171735183513907
-1.9047966349951901,2.0061811411971457
2.147706300849645,-2.147706300849645
2.2497785998345305,-2.2497785998345305
2.249778599834528,-2.249778599834528
-22.88775037172052,-2.1122496282794785
-25.0,0.0
-25.0,0.0
24.99999999997732,1.808331262509455e-11
-25.0,1.9343000204094096
-2.011848738043198,2.011848738043198
25.0,-2.0
25.0,-2.0
23.0,2.0
-2.0,2.0
2.0,-2.0
14.909833978886875,0.0
-2.0,2.0
-2.0,2.0
-2.0,2.0
-2.124999999999997,2.0
-25.0,2.0
-25.0,2.0
-25.0,2.0
-25.0,2.0
-2.0,2.0
25.0,0.0
23.0,2.0
-25.0,2.0
-25.0,0.0
2.0,-2.0
0.0,0.0
0.21606648199445955,2.0000000000000004
-2.0,2.0
-2.0,2.0
-2.0,2.0
-2.0,2.0
-2.0,0.0
0.0,0.0
2.0,-2.0
4.21606648199446,-2.0
-2.0,2.0
2.0,-2.0
-2.0,2.0
2.0,-2.0
2.0,-2.0
2.0,-2.0
-2.0,2.0
-2.0,2.0
-2.0,2.0
25.0,0.0
25.0,-2.0
2.0,-2.0
25.0,-2.0
9.047091412742391,-2.0
2.0,-2.0
2.0,-2.0
25.0,-2.0
2.0,-2.0
2.0,-2.0
2.0,-2.0
2.0,-2.0
2.0,-2.0
2.0,-2.0
2.0,-2.0
2.0,-1.9898747138553627
1.951380439601487,-1.951380439601487
1.9869219176608244,-1.9869219176608244
1.989874713855365,-2.124155345788862
2.1386621176597935,-2.1386621176597935
2.1386621176597935,-2.1386621176597935
-1.9078670088797882,1.9078670088797882
-1.8845567663233123,1.8845567663233123
2.138662117659795,-2.138662117659795
2.1386621176597935,-0.451129174654858
-1.9548276823937472,1.9548276823937472
-2.087748410745822,2.087748410745822
-25.0,1.9827138218534692
-2.0530858003871906,2.0530858003871906
-2.07234936306128,2.07234936306128
-25.0,1.9826368218814423
-25.0,1.9175791037122494
-25.0,1.7112258057251815
-2.187011473046323,2.187011473046323
-2.187011473046329,1.9870431768380856
-1.7025150261027386,1.6669839570432055
-1.9515121077785524,1.9515121077785524
-1.627748999984954,1.627748999984954
2.0097660579276093,-2.0097660579276093
1.484116912819168,-1.484116912819168
-1.8424552170687276,1.8424552170687276
-1.9097143770611376,1.9097143770611376
-1.9515121077785522,1.9515121077785522
1.9367344246223799,-1.9367344246223799
2.018600226849491,-2.018600226849491
-1.8357873035074315,1.8357873035074315
-1.8727357716422182,1.8727357716422182
-1.9515121077785522,2.42297141806481
-2.3168146492522514,2.3168146492522514
-1.589705333477538,1.589705333477538
-2.071170503358866,2.13820193237615
22.800097895366076,2.1999021046339244
-25.0,0.0
1.8033898808504958,-1.8033898808504958
9.135057433050239,-1.9880909602689236
2.0365064086129996,-2.0365064086129996
-2.1076496368345237,2.1076496368345237
1.8967859586100235,-1.8967859586100235
25.0,-2.0121590924066304
25.0,-1.9821728497139297
-2.047076449598949,2.047076449598949
1.9779406075910637,-1.9779406075910637
1.98891959751913,-1.98891959751913
2.0,-1.9670389627937146
-2.038777690830924,2.038777690830924
-2.0342536269006497,2.0342536269006497
-2.031668445046502,2.031668445046502
1.9653155090460892,-1.9653155090460892
2.0,-2.0
2.0,-2.0
2.0,-2.0
-2.0,2.0
2.0,-2.0
2.0,-2.0
2.0,-2.0
-2.0,2.0
-2.0,2.0
-2.0,2.0
-2.0,2.0
-2.0,2.0
-2.0,2.0
-2.0,2.0
-25.0,2.0
-25.0,0.0
0.0,0.0
0.0,0.0
0.0,0.0
0.0,0.0
2.0,-2.0
2.0,-2.0
2.0,-2.0
2.0,-2.0
2.0,-2.0
2.0,-2.0
2.0,-2.0
4.21606648199446,-2.0
2.0,-2.0
2.0,-2.0
2.0,-2.0
-2.0,2.0
-2.0,2.0
-2.0,2.0
-2.0,2.0
23.0,2.0
-2.0396394189374463,2.0396394189374463
22.957990834933167,2.0420091650668333
25.0,-1.9480809838969328
25.0,-1.955570173583098
2.9416944423618663,2.0613980104822964
1.9476501173782526,-1.9476501173782526
-2.0844491966523493,2.0844491966523493
1.9476501173782506,-1.8280962952230304
1.785454069679207,-1.7424039898393866
1.7850462153832107,-1.7850462153832107
1.3724164615942822,-1.3724164615942822
1.5556650343682432,-1.5556650343682432
1.7850462153832067,-1.702962193973078
1.6878361175008463,-1.6878361175008463
-2.2602068890789386,2.2602068890789386
-2.535469166131201,2.535469166131201
-2.612168080891072,2.612168080891072
-2.52387120313138,2.52387120313138
-2.7216153362131825,2.7216153362131825
-25.0,2.142012563163963
-2.1823353026139296,2.1823353026139296
-2.5253076944128114,2.5253076944128114
-25.0,2.474023819600525
-25.0,1.989344339936551
-2.285328445526585,2.285328445526585
-2.0612275501848005,2.036000011512127
-1.9564704010592777,1.9564704010592777
-25.0,2.1836720726201158
-2.2017563365422888,2.2017563365422888
-2.226901876587778,2.226901876587778
-2.226901876587778,2.226901876587778
-1.643303309908175,1.643303309908175
1.6622781226871615,-1.6622781226871615
1.8061967507324583,-1.8061967507324583
1.667923104243017,-1.667923104243017
-2.226901876587778,2.226901876587778
1.4921365861352989,-1.4921365861352989
1.6135421895722146,-1.6135421895722146
1.3329811152645652,-1.3329811152645652
0.9592481813616445,-0.9592481813616445
-2.1576416640436182,2.1576416640436182
1.555024104273211,-1.555024104273211
1.5336657636715847,-1.5336657636715847
1.9459655852033215,-1.9459655852033215
-2.226901876587778,2.226901876587778
-2.226901876587778,2.226901876587778
1.8732512612090502,-1.8732512612090502
1.9537903917869657,-1.9537903917869657
-2.0126084890159164,2.0126084890159164
1.9255060328894271,-1.9255060328894271
1.9692161054454278,-1.9692161054454278
-1.935498273304029,1.935498273304029
-2.0123627853398065,2.0123627853398065
-2.01805016224399,2.01805016224399
1.9905386876071751,-1.9905386876071751
-2.004239544694495,2.004239544694495
-2.0290802060725635,2.0290802060725635
-2.0342806183099014,2.0342806183099014
-2.0356510881309426,2.0356510881309426
1.952703470288811,-1.952703470288811
-2.0,2.0
-2.0,2.0
-2.0,2.0
-2.0,2.0
-2.0,2.0
-2.0,2.0
2.0,-2.0
-2.0,2.0
-2.0,2.0
-2.0,2.0
-2.0,2.0
-2.0,2.0
2.0,-2.0
2.0,-2.0
-2.226901876587778,0.0
2.0,-2.0
2.0,-2.0
2.0,-2.0
2.0000000000000013,-2.0000000000000013
0.0,0.0
0.0,0.0
0.0,0.0
2.0,-2.0
0.0,0.0
4.21606648199446,-2.0
-2.0,2.0
2.0000000000000013,-2.0000000000000013
2.0,-2.0
2.0,-2.0
-2.0,2.0
23.0,2.0
-0.9529085872576268,2.0
-2.0,2.0
25.0,0.0
23.0,2.0
25.0,0.0
2.000000000000006,-2.000000000000006
2.000000000000006,-2.000000000000006
2.0,-2.0
2.0,-2.0
2.0,-2.0
2.000000000000006,-2.000000000000006
1.9952605043512723,-1.9952605043512723
2.000000000000006,-1.8485515774309005
1.8485515774309056,-1.6421401448594164
1.6421401448594142,0.0
0.0,0.0
0.0,0.0
-25.0,0.0
-23.5178368036842,-1.482163196315799
-2.4245879441169054,2.4245879441169054
-2.147711192241312,2.147711192241312
1.83100147122963,-1.83100147122963
-2.390363349992594,2.390363349992594
-21.359370331087774,2.1267627818186376
-25.0,1.9695282077910683
-2.3517484951680867,2.3517484951680867
-1.9119517942811193,1.9119517942811193
-1.8643241558455204,1.8643241558455204
-1.8953065462296221,1.8953065462296221
-2.179992483792894,2.179992483792894
-2.0957014980205706,2.0957014980205706
-1.8432495159605056,1.8432495159605056
-2.242375084081445,2.242375084081445
-2.0366627161894133,2.0366627161894133
-2.639149628466299,2.639149628466299
-2.0007750488987686,2.0007750488987686
-2.056079963233902,2.056079963233902
1.9543371231457272,-1.9543371231457272
1.8223856792775956,-1.8223856792775956
1.7254016899196492,-1.7254016899196492
1.8590427151412037,-1.8590427151412037
-2.380893615727829,2.380893615727829
-2.232909136700549,2.232909136700549
-2.736920658521938,2.736920658521938
-2.4529971469112004,2.4529971469112004
1.43393533678677,-1.43393533678677
25.0,-1.6280617334778995
-2.3694534395559312,2.3694534395559312
-2.581685559177836,2.581685559177836
-23.830094944058136,2.126531781902557
1.694041242295838,-1.694041242295838
-2.1265317819025524,2.1265317819025524
25.0,-1.9694490776968578
-1.971747203398885,1.971747203398885
25.0,-1.9953201314388238
-2.0,2.0
6.871659201487439,2.0
1.9999999999999984,-1.9999999999999984
-2.0,2.0
-2.0,2.0
-2.0,2.0
-2.019604276209383,2.019604276209383
-2.0069212871564943,2.0069212871564943
-2.0215431632163483,2.0215431632163483
-2.0234820452924756,2.0234820452924756
25.0,-2.0
25.0,-2.0
-2.0,2.0
-2.0,2.0
-18.195,-2.0
-25.0,0.0
-25.0,2.0
-25.0,2.0
-2.0,2.0
-2.0,2.0
-2.0,2.0
-2.0,2.0
-2.0,2.0
-2.0,2.0
-2.0,2.0
0.0,-2.0
2.0,-2.0
2.0,-2.0
1.999999999999999,-1.999999999999999
0.0,0.0
2.0,-2.0
25.0,-2.0
2.0,-2.0
25.0,-2.0
-25.0,2.0
-18.514999999999997,2.0
-2.0,2.0
-1.9999999999999996,1.9999999999999996
-1.9999999999999996,1.9999999999999996
-1.9999999999999996,1.9999999999999996
25.0,-2.0
25.0,-2.0
25.0,-2.0
11.04709141274239,-2.0
25.0,-2.0
2.000000000000006,-2.000000000000006
2.000000000000006,-2.000000000000006
-2.0,2.0
2.0,-2.0
2.000000000000006,-2.000000000000006
-2.0,2.0
-2.0,2.0
1.987720397903541,-1.987720397903541
1.7503147705208966,-1.7503147705208966
-2.2198505410346234,2.2198505410346234
-2.3083850457571704,2.3083850457571704
-2.283323132730482,2.283323132730482
1.5379556719492178,-1.5379556719492178
2.0,-2.0
2.000000000000007,-8.881784197001252e-16
-1.8740614965704454,1.8740614965704454
-2.215356298814826,2.215356298814826
-2.4106092934573455,2.4106092934573455
-2.2963022038351326,2.2963022038351326
-2.143185866016413,2.143185866016413
-2.1676049555061336,2.1676049555061336
-2.0661284595834974,2.0661284595834974
-1.9620396449377289,1.9620396449377289
-1.9533569513706546,1.9533569513706546
-1.9511100669409984,1.9511100669409984
-25.0,2.0305311200562386
-1.9973239353983878,1.9973239353983878
-22.123040906121542,2.046128663570311
-1.90777486137228,1.90777486137228
-2.0331390207481856,2.0331390207481856
-1.8850137958703979,1.8850137958703979
-1.6384826067414018,1.6384826067414018
-2.069272835490394,2.069272835490394
2.2711957949229697,-2.2711957949229697
1.8566405684728684,-1.8566405684728684
1.7192549462509898,-1.7192549462509898
1.9077010171368105,-1.9077010171368105
-23.04496924595871,-1.9550307540412888
-23.25837466843307,-1.7416253315669294
1.8885968191589262,-1.8885968191589262
1.6594947630425585,-1.6594947630425585
-1.9536188775050114,1.9536188775050114
-1.9536188775050114,1.9536188775050114
-1.9536188775050114,1.9536188775050114
-1.9536188775050114,1.9536188775050114
1.9400069234335504,-1.9400069234335504
1.8315712394652683,-1.8315712394652683
-1.9536188775050114,1.9536188775050114
25.0,-1.8748155598211014
1.977485141119742,-1.977485141119742
1.956195531474193,-1.956195531474193
1.960417174759976,-1.960417174759976
25.0,-2.0111062844514933
-1.9827729771214275,1.9827729771214275
13.794092549030779,-1.9688671672717266
25.0,-2.001485119209466
2.0026920405179407,-2.0026920405179407
1.963272571487784,-1.963272571487784
-2.0364025158484877,2.0364025158484877
-2.033942066947234,2.033942066947234
1.9525691414621773,-1.9525691414621773
2.0,-2.0
2.0,-2.0
2.0,-2.0
2.0,-2.0
2.0,-2.0
2.0,-2.0
2.0,-2.0
-2.0,2.0
2.0,-2.0
2.0,-2.0
2.0,-2.0
-23.0,-2.0
-2.0,2.0
2.0,-2.0
-25.0,0.0
-23.0,-2.0
2.0,-2.0
2.0,-2.0
0.0,0.0
0.0,0.0
0.0,0.0
2.0,-2.0
2.0,-2.0
0.21606648199446,2.0
-2.0,2.0
-2.0,2.0
-2.0,2.0
-0.9130537399551686,2.0
-2.0,2.0
-2.0,2.0
25.0,0.0
23.0,2.0
-2.0,2.0
-2.0,2.0
-2.0,2.0
-2.0,2.0
-2.0329610372062854,2.0329610372062854
-2.029944996229715,2.029944996229715
22.969193280558102,2.0308067194053976
22.966823529534373,2.0331764704656266
-2.0364079447015357,2.0364079447015357
1.9601451527340519,-1.9601451527340519
1.9398945792120676,-1.9398945792120676
1.8969684655797754,-1.8969684655797754
-2.3188660949721696,2.3188660949721696
1.7861349444958956,-1.7861349444958956
1.8883519340019856,-1.8883519340019856
1.9601451527340512,-1.9601451527340512
1.9601451527340483,2.220446049250313e-15
0.0,0.0
-1.710249105260325,1.710249105260325
-1.7343608260092473,1.7343608260092473
-2.282074881134765,2.282074881134765
-2.200127345330789,2.200127345330789
-2.0388105104911336,2.0388105104911336
-1.9713332891025281,1.9713332891025281
-2.099574849072482,2.099574849072482
-2.2517469905128973,2.2517469905128973
-1.9696954618286657,1.9696954618286657
-3.475547829744438,1.8943004974147717
-1.6598652465145278,1.6598652465145278
-1.5671692719922774,1.5671692719922774
-1.7519887704250632,1.7519887704250632
-1.9727470590807403,1.9727470590807403
-2.112968426174092,2.112968426174092
-2.3142255251928248,2.3142255251928248
-2.1678428980426485,2.1678428980426485
-1.795277271092715,1.795277271092715
-1.7617608242521339,1.7617608242521339
1.7520746064594688,-1.7520746064594688
1.7520746064594679,-1.7520746064594679
1.7100263102592947,-1.7100263102592947
1.7520746064594581,-1.7520746064594581
1.6706881606155797,-1.6706881606155797
1.7520746064594537,-1.7520746064594537
1.7520746064594723,-1.7520746064594723
-1.2765600169086877,1.2765600169086877
-23.43036902436029,2.4483386486035315
1.2426244882531368,-1.2426244882531368
1.7097706955980554,-1.7097706955980554
-1.743438617793446,1.743438617793446
-2.0622241823133134,2.0622241823133134
-2.247335270804105,2.247335270804105
1.7942953636625367,-1.7942953636625367
-2.0278659821924565,2.0278659821924565
-1.9832046079200558,1.9832046079200558
-2.0,2.0
-2.0,2.0
-1.994818679968841,1.9956804063803875
1.994614209195913,-1.994614209195913
2.0183791954706667,-2.0183791954706667
25.0,-2.0
2.0,-2.0
2.0,-2.0
2.0,-2.0
2.0,-2.0
2.0,-2.0
2.0,-2.0
2.0,-2.0
2.0,-2.0
2.000000000000006,-2.000000000000006
2.000000000000006,-2.0
-2.0,2.0
-2.0,2.0
-2.0,2.0
-2.0,2.0
-2.0,2.0
-24.195000000000004,2.0
-2.0,2.0
-25.0,2.0
-25.0,2.0
-25.0,0.0
2.0,-2.0
2.0,-2.0
2.0,-2.0
2.0,-2.0
0.0,0.0
2.0,-2.0
2.0,-2.0
2.0,-2.0
2.0,-2.0
2.0,-2.0
2.0,-2.0
2.0,-2.0
2.0,-2.0
2.0,-2.0
0.0,0.0
0.0,0.0
0.0,0.0
0.0,0.0
2.0,-2.0
0.21606648199446,2.0
-2.0,2.0
2.0,-2.0
2.0,-2.0
-2.0,2.0
-2.0,2.0
-2.0,2.0
-2.0,2.0
1.6341469994537294,-1.6341469994537294
22.5321504578696,2.4678495421303985
22.70264898708001,2.2973510128803554
22.815886439835353,2.184113560164647
1.0442834383922532,2.002807974389759
22.881839756039852,2.1181602439601477
-1.6422959987986996,1.6422959987986996
-1.4499500686738767,1.4499500686738767
-1.6080493145184782,1.6080493145184782
-2.3768656335845506,2.3768656335845506
0.0,0.0
-2.122304357208776,2.122304357208776
-24.999999999964285,2.038148436961155
-2.350272241606019,2.350272241606019
-1.9716431824325742,1.9716431824325742
-1.9776498113980363,1.9776498113980363
-1.926271895636308,1.926271895636308
-1.972359534631357,1.972359534631357
-1.905323485213632,1.905323485213632
-1.8233873100612659,1.8233873100612659
-1.8328166508980832,1.8328166508980832
-2.0227913605728443,2.0227913605728443
-1.8109631752304267,1.8109631752304267
2.0523871203131385,-2.0523871203131385
-1.9870400211015262,1.9870400211015262
2.132234829011086,-2.132234829011086
1.9910648475082464,-1.9910648475082464
-2.072767498155283,2.072767498155283
1.9824073998336402,-1.9824073998336402
2.2916449678220907,-2.2916449678220907
1.8402856481847545,-1.8402856481847545
1.5866628878614826,-1.5866628878614826
1.9239707325378452,-1.9239707325378452
-22.54560612403707,-2.4543938759119968
-23.08806272210705,-1.9119372778929495
1.7035545257251092,-1.7035545257251092
-2.2475107297567583,2.2475107297567583
-1.6187093926131126,1.6187093926131126
2.1840147856103664,-2.1840147856103664
1.816754898536253,-1.816754898536253
-2.1919825470601104,2.1919825470601104
-22.01698227094092,2.025909701653134
1.8705889832315268,-1.8705889832315268
-2.0470758677600207,2.0470758677600207
-2.0096958822358895,2.0096958822358895
-1.9863580072611728,1.9863580072611728
1.9655351507759804,-1.9655351507759804
-2.0,2.0
2.0,-2.0
-2.0,2.0
-2.0,2.0
-2.0,2.0
23.0,2.0
25.0,0.0
25.0,0.0
2.0,-2.0
25.0,0.0
-0.11310345458175064,2.0
-2.0,2.0
-2.0,2.0
-2.0,2.0
-2.0,2.0
-2.0,2.0
-25.0,2.0
-25.0,2.0
-2.0,2.0
-25.0,2.0
-25.0,2.0
-2.000000000000003,0.0
0.0,0.0
0.0,0.0
0.0,0.0
0.0,0.0
0.0,0.0
0.0,0.0
0.0,0.0
0.0,0.0
2.0,-2.0
0.0,0.0
0.0,0.0
0.0,0.0
0.0,0.0
0.0,0.0
0.0,0.0
0.0,0.0
0.0,0.0
0.0,0.0
0.0,0.0
0.0,0.0
2.0,-2.0
2.0,-2.0
25.0,0.0
25.0,0.0
-2.0,2.0
-2.0,2.0
22.943341481732205,2.0566585182235215
22.651001867306125,2.3489981326938754
-2.4064463246827774,2.4064463246827774
3.0813453399281103,2.1818125548530123
-2.034320844089347,2.034320844089347
-2.0001508442074964,2.0001508442074964
-1.8359174776404688,1.8359174776404688
-1.8417985082909016,1.8417985082909016
-1.5972756299077382,1.5972756299077382
0.0,0.0
-2.1886202675438504,2.1886202675438504
-2.090380295035615,2.090380295035615
-1.9359025724655563,1.9359025724655563
-25.0,2.0546990129159006
-2.148876921326023,2.148876921326023
-1.972771042678584,1.972771042678584
-25.0,1.8938845713363577
-25.0,1.9032388056430847
-1.9303125007258188,1.9303125007258188
-2.6226464895548673,1.847519227524163
-2.0138423228402313,2.0138423228402313
-2.0225578360675147,2.0225578360675147
-24.99999999998864,1.9942344693076066
-1.9727773541517024,1.9727773541517024
-1.8923010227312993,1.8923010227312993
-2.070929597183607,2.070929597183607
-2.070929597183607,2.070929597183607
2.256425685534536,-2.256425685534536
2.0361243475325317,-2.0361243475325317
2.2949673272708857,-2.2949673272708857
2.0642817225494596,-2.0642817225494596
1.4848323182969807,-1.4848323182969807
1.957317400751581,-1.957317400751581
1.511250251322859,-1.511250251322859
2.234888414670044,-2.234888414670044
1.694435709365651,-1.694435709365651
1.5478246068886348,-1.5478246068886348
2.334789566902675,-2.334789566902675
-1.743885470090131,1.743885470090131
-1.8533109508299894,1.8533109508299894
-2.070929597183606,2.070929597183606
-2.070929597183607,2.070929597183607
-1.930313368553373,1.930313368553373
1.9722810554078147,-1.9722810554078147
2.0314586058232957,-2.0314586058232957
1.9950762028645301,-1.9950762028645301
-1.989750091229977,1.989750091229977
1.99213694243768,-1.99213694243768
-1.9960759697912953,1.9960759697912953
-1.9939417007792324,1.9939417007792324
1.9912630302295389,-1.9912630302295389
-2.023352883214013,2.023352883214013
-2.029083268123193,2.029083268123193
-2.029083268123193,2.029083268123193
-2.0,2.0
-2.0,2.0
-2.0,2.0
2.0,-2.0
-2.0,2.0
2.0,-2.0
2.0,-2.0
2.0,-2.0
-2.0,2.0
2.0,-2.0
-2.0,2.0
-2.070929597183607,2.0
-2.0,2.0
-2.0,2.0
-2.0,0.0
0.0,0.0
0.0,0.0
0.0,0.0
0.0,0.0
0.0,0.0
0.0,0.0
0.0,0.0
0.0,0.0
0.0,0.0
0.0,0.0
0.0,0.0
0.0,0.0
2.0,-2.0
0.0,0.0
2.0,-2.0
4.21606648199446,-2.0
2.0,-2.0
-2.0,2.0
-2.0,2.0
25.0,0.0
25.0,-2.0
9.047091412742395,-2.0
25.0,-2.0
-2.0,2.0
25.0,0.0
0.0,0.0
-2.0,2.0
-2.0844491966523493,2.0844491966523493
-2.3467721254338882,2.3467721254338882
-2.3960158264227753,2.3960158264227753
-2.0720841234035388,2.0720841234035388
-2.0477472408511663,2.0477472408511663
-1.8652355325636165,1.8652355325636165
-1.9838135960441106,1.9838135960441106
-1.7900917647797785,1.7900917647797785
-1.690284653496593,1.690284653496593
-24.27046813887584,1.7079681388758416
22.09717848371352,2.9028215162864797
-1.9098986720761548,1.9098986720761548
-1.7555957773114361,1.7555957773114361
-25.0,1.9751927549135857
-2.3027828244316826,2.3027828244316826
-2.062967673846499,2.062967673846499
-2.5096490305930796,1.8051471527531011
-24.999999999999996,1.8906726626671073
-1.692620529697198,1.692620529697198
-25.0,1.838636460259277
-1.7921341574804437,1.7921341574804437
-1.869869416126127,1.869869416126127
-25.0,2.1637631618198085
-2.1637631618198077,2.1365114831951706
-1.9568888517269325,1.8338309046279857
-2.0134535360962236,2.0134535360962236
-1.995239255827837,1.995239255827837
2.0322516276279323,-2.0322516276279323
2.259770766286554,-2.259770766286554
1.9984069841852659,-1.9984069841852659
2.0958378258398973,-2.0958378258398973
-2.0134535360962236,2.0134535360962236
2.014970183086241,-2.014970183086241
2.141877497639256,-2.141877497639256
-1.3680486066236535,1.3680486066236535
-2.0134535360962236,2.0134535360962236
1.7093907449164112,-1.7093907449164112
-2.0134535360962236,2.0134535360962236
-1.9029611008259346,1.9029611008259346
-1.5920090211652473,1.5920090211652473
-1.958032490655738,1.958032490655738
-2.0134535360962236,2.1626655966447603
-1.9876909706601325,1.9876909706601325
1.9114619746588546,-1.9114619746588546
1.9247355893936982,-1.9247355893936982
24.99999999998743,-2.0489550102638425
2.0627780670858438,-2.0627780670858438
4.850056438185062,-1.995691367788179
-1.9982454884423524,1.9982454884423524
23.0,2.0
2.0,-2.0
2.0,-2.0
-2.0,2.0
-2.0,2.0
2.0,-2.0
-2.0,2.0
-2.0,2.0
2.0,-2.0
2.0,-2.0
2.0,-2.0
-2.0,2.0
-2.0,2.0
-2.0,2.0
-2.0,2.0
-2.0,2.0
-2.0,2.0
-2.0,2.0
-2.0,2.0
-25.0,2.0
-25.0,0.0
0.0,2.0000000000000004
-1.8050000000000002,2.0
-1.9809875,1.9809875
-1.9789335180055403,2.0
-2.0,2.0
-2.0,2.0
-2.0,2.0
-2.0,2.0
2.0,-2.0
-2.0,2.0
-2.0,2.0
-2.0,2.0
-2.0,2.0
-2.0,2.0
-2.0,2.0
-2.0,2.0
-2.0,2.0
2.0,-2.0
-2.0,2.0
23.0,2.0
23.0,2.0
25.0,-2.0
-2.0,2.0
-2.0,2.0
-2.0,2.0
-2.0,2.0
-2.077555381661848,2.077555381661848
-2.3361011304630974,2.3361011304630974
-2.2770958388861677,2.2770958388861677
2.95501569824071,2.092075714501675
-1.9594446827656689,1.9594446827656689
-1.933992720700349,1.933992720700349
23.005225268593577,1.994774731406423
-1.9001827903598256,1.9001827903598256
-1.782682095340407,1.782682095340407
-2.1063622072625154,2.1063622072625154
-2.133705402247349,2.133705402247349
-1.7624027010681331,1.7624027010681331
-1.806837996401148,1.806837996401148
-25.0,3.609557097661309e-11
-2.2092486862794924,2.2092486862794924
-2.0264911461140365,2.0264911461140365
-24.999999999944357,1.4996017965381014
-25.0,2.0972825220363838
-1.9383406945306607,1.9383406945306607
-2.038564363039569,2.038564363039569
-1.644885596218609,1.644885596218609
-2.1119844675151516,2.1119844675151516
-1.76193060287898,1.76193060287898
-2.009932365244242,2.009932365244242
-23.265684086525184,1.8493647022635749
-2.0405972885305586,2.0405972885305586
-2.1805649344046074,2.1805649344046074
-1.8756816517195833,1.8756816517195833
-2.0652940828374273,2.0652940828374273
-1.8996311676093995,1.8996311676093995
-2.1805649344046074,2.1805649344046074
-2.0625889854594774,2.0625889854594774
-1.9824061375390176,1.9824061375390176
1.8851873613811154,-1.8851873613811154
2.5226663429133414,-2.5226663429133414
1.3752600958071524,-1.3752600958071524
1.8662340076107276,-1.8662340076107276
2.452542089699464,-2.452542089699464
-1.593571110761708,1.593571110761708
-1.9394477269153834,1.9394477269153834
-2.1805649344046074,2.1805649344046074
-2.0045107309433146,2.0045107309433146
-1.9704828969934265,1.9704828969934265
-2.0230126171523017,2.0230126171523017
-2.062565968305953,2.062565968305953
-1.987378690804315,1.987378690804315
-1.9973462622345384,1.9973462622345384
-1.9992282054545567,1.9992282054545567
1.9981866250183915,-1.9981866250183915
1.9809949710434662,-1.9809949710434662
1.9798896250054656,-1.9798896250054656
1.9625486307287474,-1.9625486307287474
1.9358152103366895,-1.9358152103366895
1.9415299854442913,-1.9415299854442913
2.0,-2.0
2.0,-2.0
-2.0,2.0
-2.0,2.0
-2.0,2.0
-2.0,2.0
-2.0,2.0
-1.9999999999999847,1.9999999999999847
-2.0,2.0
2.0,-2.0
2.0,-2.0
-0.1805649344046074,-2.0
2.0,-2.0
0.0,0.0
2.000000000000002,-2.000000000000002
2.0,-2.0
0.0,0.0
0.0,0.0
0.0,0.0
0.0,0.0
0.0,0.0
0.0,0.0
0.0,0.0
0.21606648199446,2.0
-2.0,2.0
-2.0,2.0
-2.0,2.0
2.0,-2.0
2.0,-2.0
-2.0,2.0
-2.0,2.0
2.0,-2.0
-2.0,2.0
-2.0,2.0
-2.0,2.0
23.0,2.0
-2.078323372065487,2.078323372065487
-2.0764419909610425,2.0764419909610425
22.91977449046594,2.08022550953406
24.999999999967486,2.6759039428725373e-11
-2.0793564295475253,2.0793564295475253
-2.0842802538026057,2.0842802538026057
-2.133903355684658,2.133903355684658
0.9305828813027037,2.116508531445425
25.0,-1.710457936127085
1.7104579361270813,6.661338147750939e-15
0.0,0.0
-1.681804558216574,1.681804558216574
-1.4998959111853543,1.4998959111853543
-1.9186148164507486,1.9186148164507486
-1.6427674658405396,1.6427674658405396
-2.0263081133936423,2.0263081133936423
0.0,0.0
0.0,0.0
0.0,0.0
-0.18169046338179284,-1.7257841651905395
2.113545294816987,-2.113545294816987
-2.209051137170931,2.209051137170931
-21.155867101039924,1.914233391812921
-25.0,0.0
-25.0,2.11823976852142
-2.2469572135643947,2.2469572135643947
-25.0,1.8312842252252715
-1.9915116998049296,1.9915116998049296
-1.7960983937452397,1.7960983937452397
-1.8707763748130422,1.8707763748130422
-1.4349300249500114,1.4349300249500114
-2.277516735249657,2.277516735249657
-2.01423868335198,2.01423868335198
1.941158767277404,-1.941158767277404
2.076150447746002,-2.076150447746002
-1.966823110413113,1.966823110413113
2.1226660046183827,-2.1226660046183827
-2.1580689507736395,2.1580689507736395
-2.2245880905430813,2.2245880905430813
-1.899417208670732,1.899417208670732
-1.4964574206312058,1.4964574206312058
-2.5829800423141354,2.5829800423141354
-1.758438464803337,1.758438464803337
-1.7648218887138833,1.7648218887138833
-1.6558274815879184,1.6558274815879184
-1.540252417016498,1.540252417016498
-2.8004156559473614,2.8004156559473614
-1.9600015124814176,1.9600015124814176
-1.8915640004580614,1.8915640004580614
-2.0237859895660244,2.0237859895660244
-2.0616134388107983,2.0616134388107983
2.011169291936927,-2.011169291936927
-1.9667781719848938,1.9667781719848938
-1.9771929051219095,1.9771929051219095
-1.9884635492088771,1.9884635492088771
-1.9890388498451694,1.9890388498451694
-1.997876172038191,1.997876172038191
-2.0165416203195474,2.0165416203195474
-2.0229942343704934,2.0229942343704934
-2.022835750445293,2.022835750445293
-2.0,2.0
-2.0,2.0
-2.0,2.0
-2.0,2.0
22.59787738953201,2.0
2.0,-2.0
-2.0,2.0
-2.0,2.0
-2.0,2.0
-2.0,2.0
-2.0,2.0
-25.0,2.0
-2.0,2.0
-2.0,2.0
-2.0,2.0
-2.0,0.0
2.0,-2.0
2.0,-2.0
0.0,0.0
0.0,0.0
0.0,0.0
0.0,0.0
2.0,-2.0
25.0,-2.0
-16.7575,-2.0
-2.0,2.0
-2.0,2.0
-2.0,2.0
-2.0,2.0
-2.0,2.0
-2.0,2.0
25.0,0.0
-2.0,2.0
2.0,-2.0
25.0,-2.0
-2.0,2.0
22.98233460704796,2.017665392900547
25.0,-1.9819037442789025
-2.0174499621066255,2.0174499621066255
1.9825500378933736,-1.9825500378933736
-2.0176653929005464,2.0176653929005464
-2.027359816840987,2.027359816840987
-2.1645897577029256,2.1645897577029256
-2.3249835889076014,2.3249835889076014
-2.2389355679129155,2.2389355679129155
-2.056704641285658,2.056704641285658
-1.9975741853074758,1.9975741853074758
-1.8160252922439275,1.8160252922439275
5.235175520696442,1.7938196363763428
-1.9981968121304696,1.9981968121304696
-2.4362193579242453,2.4362193579242453
-2.4674788219781867,2.4674788219781867
-1.7462068299025688,1.7462068299025688
0.0,0.0
-2.2334954725531206,2.2334954725531206
-25.0,1.9766835248638195
-1.6073531590336714,1.6073531590336714
-1.9019392733282903,1.9019392733282903
-25.0,1.7766445401566742
-25.0,2.1680196192899217
-1.97979571225782,1.97979571225782
-2.0952559080185083,2.0952559080185083
-1.9800917203470085,1.9800917203470085
-1.932195844303937,1.932195844303937
-1.4227425703610592,1.4227425703610592
1.8626604515318768,-1.8626604515318768
2.1890103165824826,-2.1890103165824826
-2.063815935833423,2.063815935833423
-1.9190111769624973,1.9190111769624973
-2.1240652582084234,2.1240652582084234
-1.7127699076232599,1.7127699076232599
-1.3528764563976683,1.3528764563976683
-2.3564928295101453,2.3564928295101453
-2.321342973426881,2.321342973426881
-2.085620182010767,2.085620182010767
2.350960192175773,-2.350960192175773
2.139700670561199,-2.139700670561199
-2.2096065468052286,2.2096065468052286
-2.3897587108679827,2.3897587108679827
-1.3396936824981642,1.3396936824981642
-1.851865623486192,1.851865623486192
2.2778692310232436,-2.2778692310232436
1.6259262465487607,-1.6259262465487607
2.0063350622477873,-2.0063350622477873
2.100058268466537,-2.100058268466537
1.9959049880398847,-1.9959049880398847
1.9735019112655352,-1.9735019112655352
1.9962649971784403,-1.9962649971784403
-1.9519757840957643,1.9519757840957643
-1.9858169759515707,1.9858169759515707
2.018448196775366,-1.989364928652173
1.9872188663074322,-1.9872188663074322
1.9831498287711544,-1.9831498287711544
1.9799009647010133,-1.9799009647010133
-2.0305912910768975,2.0305912910768975
-2.0327456064123646,2.0327456064123646
2.0,-2.0
2.0,-2.0
-2.0,2.0
-2.0,2.0
2.0,-2.0
-2.0,2.0
2.0,-2.0
-2.0,2.0
2.0,-2.0
2.0,-2.0
2.0,-2.0
2.0,-2.0
2.0,-2.0
2.0,-2.0
1.0524046662084054,-2.0
-23.0,-2.0
2.0,-2.0
0.0,0.0
0.0,0.0
0.21606648199446,2.0
2.0,-2.0
2.0,-2.0
2.0,-2.0
-1.9999999999999987,1.9999999999999987
-2.0,2.0
2.0,-2.0
2.0,-2.0
-2.0,2.0
-2.0,2.0
-2.0,2.0
2.0,-2.0
25.0,-2.0
2.0,-2.0
-2.0,2.0
-2.0,2.0
-2.0,2.0
-2.028436973276011,2.028436973276011
-2.02800610922275,2.02800610922275
25.0,-1.9696241421824432
22.969624142182443,2.030375857817557
4.983539084459204,2.0331764704656266
22.952389614567867,2.047610385432133
-2.161070443311592,2.161070443311592
0.0,0.0
0.0,0.0
-2.2595640655419724,2.2595640655419724
-1.7772447612501,1.7772447612501
-2.1855775063541394,2.1855775063541394
-1.6634110321116644,1.6634110321116644
-1.855661027845108,1.855661027845108
-1.897922020689311,1.897922020689311
-24.72030513117183,2.157805131197353
24.99999999997172,0.0
-2.1457009880535436,2.1457009880535436
-1.9284935341734961,1.9284935341734961
-25.0,2.1069845185118545
-1.9388594976208768,1.9388594976208768
-1.8879530489009895,1.8879530489009895
-1.8504307100730415,1.8504307100730415
-25.0,1.6037354226430054
-1.9079288613163348,1.9079288613163348
-2.0717646050769885,2.0717646050769885
-24.823092665250297,1.794824107322917
-25.0,1.6550723138294678
-2.07598256256109,2.07598256256109
-1.747979091553824,1.747979091553824
-2.337523697056965,2.337523697056965
-1.8791340275145894,1.8791340275145894
-1.6477895049997473,1.6477895049997473
-2.263825256616925,2.263825256616925
-2.108864706353411,2.108864706353411
-1.923059355819749,1.923059355819749
-2.261119528091659,2.261119528091659
-1.7244808459918755,1.7244808459918755
2.360995434431823,-2.360995434431823
-2.337523697056965,2.337523697056965
2.2456665173119665,-2.2456665173119665
1.7282046151309132,-1.7282046151309132
2.795574440492958,-2.795574440492958
2.635907074185823,-2.5693715595528888
1.3477654254675118,-1.3477654254675118
-2.397571999013188,2.397571999013188
1.9485644920460794,-1.9485644920460794
-1.811790609356067,1.811790609356067
-2.397571999013188,1.9539865208140772
1.8767731223784034,-1.8767731223784034
1.9640351848121773,-1.9640351848121773
2.104893162586148,-2.104893162586148
2.0440412104031744,-2.0440412104031744
1.9956810971600258,-1.9956810971600258
-1.953986520814077,1.953986520814077
2.057233241979041,-2.0062487775071043
-1.99833579767168,1.99833579767168
1.9833372104909925,-1.9833372104909925
-2.0,2.0
-2.0,2.0
-2.0,2.0
-2.0,2.0
-2.0,2.0
-2.0,2.0
-2.0,2.0
2.0,-2.0
2.0,-2.0
2.0,-2.0
-2.0,2.0
-2.0,2.0
-2.0,2.0
-2.0,2.0
-2.0,2.0
-2.0,2.0
-2.0,2.0
-2.0,0.0
0.0,0.0
0.0,0.0
0.0,2.0
-1.7839335180055407,2.0
-2.0,2.0
-2.0,2.0
25.0,0.0
25.0,-2.0
2.0,-2.0
2.0,-2.0
2.0,-2.0
2.0,-2.0
2.0,-2.0
2.0,-2.0
2.0,-2.0
25.0,-2.0
2.0,-2.0
2.0,-2.0
9.047091412742391,-2.0
25.0,-2.0
1.9769488162953666,-1.9769488162953666
1.997414820611278,-1.9756562266010025
1.9750099317538203,-1.9750099317538203
1.9771642495547066,-1.9771642495547066
1.9782414059897306,-1.9782414059897306
1.9655309423054295,-1.9655309423054295
1.8285915400002135,-1.8285915400002135
-2.3327512372128294,2.3327512372128294
1.6454877107539725,-1.6454877107539725
-2.058538597586634,2.058538597586634
1.9699962035226912,-1.9699962035226912
1.978241405989726,-1.978241405989726
-2.6142085801498016,2.6142085801498016
-2.080607610061236,2.080607610061236
-1.5311724162167089,1.5311724162167089
-22.52000582286525,1.7428686917709797
25.0,-1.939725431732537
1.9397254317325316,-1.9397254317325316
1.9397254317325432,-1.9397254317325432
1.939725431732544,-1.939725431732544
-2.1377901876486796,2.1377901876486796
-1.9418984719267183,1.9418984719267183
-1.706914122865296,1.706914122865296
-2.0251398597196832,2.0251398597196832
-1.9410849230419362,1.9410849230419362
-1.8396349353063908,1.8396349353063908
-25.0,1.6681395877709306
-25.0,1.9918474701747542
-2.0642886651698875,2.0642886651698875
-1.8454749413815623,1.8454749413815623
-1.917267316940265,1.917267316940265
-1.9821909163057256,1.9821909163057256
-1.9042530593729863,1.9042530593729863
-2.045707688313403,2.045707688313403
-25.0,2.0713758183329816
-2.3303778471938843,2.3303778471938843
-2.0357500771766945,2.0357500771766945
-23.802492484802734,1.99933603302809
-2.1776042223654155,2.1776042223654155
1.963892062297572,-1.963892062297572
2.693334256323162,-2.693334256323162
1.2732348172969896,-1.2732348172969896
1.6883905804141763,-1.6883905804141763
2.0807644501681937,-2.0807644501681937
1.7897159165556604,-1.7897159165556604
2.0073503415920735,-2.0073503415920735
1.833134275782696,-1.833134275782696
2.0078527348521837,-2.0078527348521837
2.0118128686594563,-2.0118128686594563
1.8593869172446449,-1.8593869172446449
1.9855619036825527,-1.9855619036825527
2.0424768748098368,-2.0424768748098368
1.9965738562651374,-1.9965738562651374
1.985890677192727,-1.985890677192727
1.9965501931717864,-1.9965501931717864
1.9924462070858326,-1.9924462070858326
1.9785096164775926,-1.9785096164775926
1.9759265425568495,-1.9759265425568495
1.9949057437819862,-1.9949057437819862
1.9646692141989073,-1.9646692141989073
2.0,-2.0
2.0,-2.0
-2.0,2.0
-2.0,2.0
-2.0,2.0
-2.0,2.0
-2.0,2.0
-2.0,2.0
-2.0,2.0
-2.0,2.0
-2.0,2.0
-2.1776042223654155,2.0
-2.0,2.0
-2.0,2.0
-2.0,2.0
-2.0,0.0
0.0,3.652049423109068e-17
0.0,2.0
-1.8050000000000002,2.0
-1.9809875,2.0
-1.99814628125,1.99814628125
2.0020539819944596,-2.0
-1.9999999999999996,1.9999999999999996
-1.9999999999999996,1.9999999999999996
-1.9999999999999996,1.9999999999999996
-1.9999999999999996,1.9999999999999996
-1.9999999999999996,1.9999999999999996
-1.9999999999999996,1.9999999999999996
-1.9999999999999996,1.9999999999999996
-1.9999999999999996,1.9999999999999996
2.0,-2.0
1.9999999999999984,-1.9999999999999984
2.003246988353956,-2.0
2.0000000000000013,-2.0000000000000013
-2.0,2.0
-2.0,2.0
-2.0,2.0256363630933616
-2.0260672246812037,2.0260672246812037
0.9955877417008727,2.0226203196513723
-2.0232666144985543,2.0232666144985543
22.977164249554708,2.0228357504452923
22.95842170144897,2.0415782985481528
22.801847169448838,2.1981528305511624
22.752397517148495,2.2476024827971948
-2.0118084506282745,2.0118084506282745
-1.9532602280451363,1.9532602280451363
-1.9933881007626182,1.9933881007626182
-2.1882295873579065,2.1882295873579065
-2.092882162979201,2.092882162979201
-1.652810913011642,1.652810913011642
0.0,0.0
0.0,0.0
0.0,0.0
-1.5376593482863736,1.5376593482863736
-25.0,0.0
-25.0,0.0
-1.7861868563622831,1.7861868563622831
-2.083164387820937,2.083164387820937
-21.936279998557964,1.936279998557957
-25.0,2.3710843242093667
-2.034732036562918,1.8344109290074397
-2.034734561152166,2.034734561152166
-1.916087071467385,1.916087071467385
-1.8683079576769774,1.8683079576769774
-1.8238758180805226,1.8238758180805226
-1.7792783178884015,1.7792783178884015
-2.170763216653887,2.170763216653887
-1.8559469375773094,1.8559469375773094
-2.101118635396902,2.0478611629409285
-1.8840601322824169,1.8840601322824169
-2.0889337053971975,2.0889337053971975
-1.8414892461081687,1.8414892461081687
1.7659226096254912,-1.7659226096254912
-1.8711727353247891,1.8711727353247891
0.0,0.0
-2.1175057441979135,2.1175057441979135
-1.9941707234291268,1.9941707234291268
-2.1175057441979135,2.1175057441979135
-1.797112647475144,1.797112647475144
2.1192701165077743,-2.1192701165077743
-2.0981045914098724,2.0981045914098724
1.963456886226154,-1.963456886226154
-2.0337756905988638,2.0337756905988638
-2.0745579052917513,2.0745579052917513
-2.1175057441979135,2.1175057441979135
-1.9558893905121493,1.9558893905121493
-1.9838701626219213,1.9838701626219213
-2.0788419853184283,2.0788419853184283
-1.9727625123282007,1.9727625123282007
2.0374679615423767,-2.0374679615423767
-1.995447347068841,1.995447347068841
-2.0098730078119122,2.0098730078119122
-2.0089174076371608,2.0089174076371608
-2.0152352550954795,2.0152352550954795
-2.0197915574633893,2.0197915574633893
-2.0,2.0260672246812037
-2.0,2.0
-2.0,2.0
-2.0,2.0
-2.0,2.0
-2.0,2.0
-2.0,2.0
-2.0,2.0
-2.0,2.0
-2.0,2.0
-2.0,2.0
2.0,-2.0
-2.0,2.0
-2.0,2.0
-2.0,2.0
2.0,-2.0
-2.1410314144727,0.0
0.0,0.0
0.0,0.0
2.0,-2.0
2.0,-2.0
2.0,-2.0
0.0,0.0
0.0,0.0
0.0,2.0
-1.805,1.805
-1.805,1.805
2.0,-2.0
2.0,-2.0
2.0,-2.0
2.0,-2.0
2.0,-2.0
2.0,-2.0
-1.8049999999999997,1.8049999999999997
-1.805,2.0
-1.9809875,1.9999999999999996
-1.9798044078047838,2.0
-2.016372803206182,2.016372803206182
-2.0129258981763507,2.0129258981763507
25.0,-1.9881512619568014
22.988797556803984,2.011202443196016
1.9862123774152558,-1.9862123774152558
1.960791447581234,-1.960791447581234
-2.185502439270753,2.185502439270753
25.0,-1.8349156101765587
-2.0789742008185526,2.0789742008185526
-2.084229291122605,2.084229291122605
-1.9658839632133005,1.9658839632133005
4.620070668772101,2.231946005902893
23.038934846511538,1.9610651534884624
-1.9527668286342141,1.9527668286342141
-2.176489616212953,2.176489616212953
-1.7010539200761494,1.7010539200761494
0.0,0.0
-1.9847634727482202,1.9847634727482202
0.0,0.0
-1.8152903211994502,1.8152903211994502
-1.8312640285112973,1.8312640285112973
-1.9483929777641258,1.9483929777641258
-1.8530588074789653,1.8530588074789653
-25.0,1.7049171727710757
-25.0,1.806890381628019
-25.0,1.8302889059147205
-25.0,1.8711171943613607
-2.213213654675182,2.064684394534325
-2.064684394534325,1.9595201048694175
-1.9595201048694177,1.9265969365018345
-1.8585889202240908,1.8585889202240908
-1.8939293827954904,1.8939293827954904
2.281136365082265,-2.281136365082265
2.1138261553706936,-2.1138261553706936
-1.8183195127219607,1.8183195127219607
-1.9117151140392306,1.9117151140392306
-1.9265969365018345,1.9265969365018345
-1.9265969365018345,1.9265969365018345
2.151847416148545,-2.151847416148545
2.2053321016367313,-2.2053321016367313
2.151446006458303,-2.151446006458303
-1.9265969365018345,1.9265969365018345
-1.9265969365018345,1.9265969365018345
-1.9265969365018345,1.9265969365018345
-1.8339561873693588,1.8339561873693588
-1.9265969365018345,1.9265969365018345
-1.9265969365018345,1.9265969365018345
1.9602133327747961,-1.8598205647561687
2.107203368842186,-2.107203368842186
-2.0172014096386457,2.0172014096386457
1.9656366594801393,-1.9656366594801393
1.9876955366164657,-1.9876955366164657
-2.0054908460137457,2.0054908460137457
-2.0102768903175985,2.0102768903175985
-2.0172014096386457,2.0172014096386457
-2.007967347259321,2.007967347259321
1.989288199876256,-1.989288199876256
1.9666298351087097,-1.9666298351087097
-2.0172014096386457,2.0172014096386457
-2.0172014096386457,2.0172014096386457
2.0,-2.0
2.0,-2.0
2.0,-2.0
-2.0,2.0
-2.0,2.0
-2.0,2.0
-2.0,2.0
2.0,-2.0
-2.0,2.0
-2.0,2.0
2.0,-2.0
-2.0172014096386457,1.9999999999999998
-2.0,2.0
-2.0,2.0
-2.0,2.0
-2.0,0.0
0.0,0.0
0.0,0.0
2.0,-2.0
2.0,-2.0
0.0,0.0
2.0,-2.0
2.0,-2.0
25.0,-2.0
9.26315789473685,-2.000000000000001
2.0,-2.0
25.0,0.0
23.0,2.0
-2.0,2.0
-2.0,2.0
2.0,-2.0
-2.0,2.0
-2.0,2.0
-2.0,2.0
25.0,-2.0
2.000000000000006,-2.0
1.9987074103056353,-1.9937524829384552
1.9941833463753613,-1.9941833463753613
1.9950450726328193,-1.9950450726328193
1.9950450726328193,-1.9950450726328193
1.995045072632826,-1.9928907566809972
1.9698395754417817,-1.9698395754417817
1.9806152471803944,-1.9260871173991307
1.8017708696558612,-1.8017708696558612
1.7209263032257893,-1.7209263032257893
1.9383626268997407,-1.9383626268997407
1.9383626268997451,-1.9383626268997451
1.3872616775128064,-1.3872616775128064
1.4271214704096433,-1.4271214704096433
1.938362626899738,-1.938362626899738
1.938362626899747,-1.938362626899747
-1.0027500098206525,1.0027500098206525
1.2511815835051827,-1.2511815835051827
1.9383626268997487,-1.9383626268997487
-1.7343570391253778,1.7343570391253778
-25.0,2.0098402177367305
-2.002328933580177,2.002328933580177
-1.7028886653112654,1.7028886653112654
-23.589945247923357,2.0068788745502317
-25.0,2.1297695676115787
-2.440088290944975,2.440088290944975
-2.110739213869164,2.110739213869164
-25.0,1.8329839049356806
-1.9939409858076687,1.9939409858076687
-1.6641690400330171,1.6641690400330171
-2.6401550461338408,2.6401550461338408
-1.6675816535473853,1.6675816535473853
-1.6512178971969078,1.6512178971969078
-2.6401550461338408,2.1034071755491324
-2.1034071755491324,2.1034071755491324
-2.1034071755491324,2.1034071755491324
-1.7754920651655057,1.7754920651655057
-2.1034071755491324,2.1034071755491324
-2.1034071755491324,2.1034071755491324
1.7593006120311223,-1.7593006120311223
1.5132194309353668,-1.5132194309353668
-1.851332619581462,1.851332619581462
-1.836669805236018,1.836669805236018
-2.1034071755491324,2.1034071755491324
-1.9827627357701276,1.9827627357701276
-2.1034071755491324,2.1034071755491324
1.5014456934092366,-1.5014456934092366
-2.1034071755491324,2.2436847147532255
22.982104291337194,2.017895708662806
-2.030535143620348,2.030535143620348
-2.074406804680659,2.074406804680659
-2.0285092100581705,2.0285092100581705
2.0025940598286387,-2.0025940598286387
-1.9707673866441757,1.9707673866441757
2.0181162256165073,-2.0181162256165073
1.9987303485657455,-1.9987303485657455
25.0,-1.9999253569687134
1.9955026365595137,-1.9955026365595137
8.726446550990925,-1.9841234647199641
25.0,-1.9704648501249835
25.0,-1.979697593505044
2.0,-2.0
2.0,-2.0
2.0,-2.0
2.0,-2.0
-2.0,2.0
-2.0,2.0
-2.0,2.0
-2.0,2.0
-2.0,2.0
2.0,-2.0
-2.0,2.0
-25.0,2.0
-2.0,2.0
-25.0,2.0
-25.0,2.0
-24.19500000000001,0.0
0.0,0.0
0.0,0.0
0.0,0.0
0.21606648199446,2.0
-2.0,2.0
-2.0,2.0
-2.0,2.0
-2.0,2.0
-2.0,2.0
-2.0,2.0
-2.0,2.0
-2.0,2.0
-2.0,2.0
-2.0,2.0
-2.0,2.0
-2.0,2.0
-2.0,2.0
-2.0,2.0
23.0,2.0
25.0,-2.0
25.0,-1.975225362547743
25.0,-1.9771642495547077
8.999481024844847,-1.9340779255874239
-2.0221894555981113,2.0221894555981113
1.9340779255874228,-1.9340779255874228
1.934077925587429,-1.934077925587429
1.9340779255874228,-1.7127732803167068
1.7127732803167048,0.0
-2.310593903561297,2.310593903561297
-2.1598184911216767,2.1598184911216767
-25.0,2.3260626930237827
1.8401171965870087,-1.9195375538204553
24.999999999953594,-2.0511115715961914
2.2625882078859902,-2.2625882078859902
2.2625882078859876,-2.2625882078859876
2.262588207885983,-2.262588207885983
2.2625882078859894,0.0
-2.099352685218763,2.099352685218763
-1.7222320681202827,1.7222320681202827
-25.0,1.9649744799371405
1.678279600480721,-1.678279600480721
-1.9840004156483744,1.9840004156483744
2.0389903874749677,-2.0389903874749677
-24.99999999994558,1.9904652575621284
-2.252072662525734,2.252072662525734
-1.7501552874845707,1.7501552874845707
-25.0,1.8588249693186647
-1.8596833296625803,1.8596833296625803
-2.2179885997162714,1.8599976410238077
-25.0,1.8264471122283936
-1.9084268365452672,1.9084268365452672
-2.0168838217353198,2.0168838217353198
-2.068344417794881,2.068344417794881
-1.923368618002483,1.923368618002483
-2.080750880500993,2.080750880500993
-1.848444489483116,1.848444489483116
-1.794733222110029,1.794733222110029
-2.276138309520902,2.276138309520902
-2.2827208604082903,2.2827208604082903
-2.270577270557502,2.270577270557502
-1.736694177620607,1.736694177620607
1.562047511557819,-1.562047511557819
1.2835247274933126,-1.2835247274933126
1.9265571742211973,-1.9265571742211973
-1.7876511181254306,1.7876511181254306
1.8234671501961968,-1.8234671501961968
-2.2827208604082903,2.2827208604082903
-2.1999204867993774,2.1999204867993774
-2.1917597520590797,2.1917597520590797
1.8939367987764024,-1.8939367987764024
-1.9898843554934458,1.9898843554934458
-1.9690341723019917,1.9690341723019917
-1.9946069300457654,1.9946069300457654
-2.0323171449101007,2.0323171449101007
-2.014403809732823,2.014403809732823
25.0,-2.0070829323654458
2.00309733570882,-2.00309733570882
1.9859651402484118,-1.9859651402484118
1.9724238278328972,-1.9724238278328972
1.962792505063821,-1.962792505063821
2.0,-2.0
2.0,-2.0
2.0,-2.0
2.0,-2.0
2.0,-2.0
2.0,-2.0
-2.0,2.0
2.0,-2.0
-2.0,2.0
-2.0,2.0
-2.0,2.0
-23.033828513948478,2.0
-2.0,2.0
-1.9999999999999996,1.9999999999999996
-1.9999999999999996,0.0
2.0,-2.0
0.0,0.0
0.0,0.0
0.0,0.0
0.0,0.0
0.0,0.0
0.0,0.0
0.0,0.0
2.0,-2.0
0.0,0.0
2.0,-2.0
2.0,-2.0
0.0,0.0
0.0,0.0
2.0,-2.0
0.0,0.0
0.0,2.0
-1.805,1.805
-1.805,1.805
2.0,-2.0
2.238982199567675,-2.0
1.9801802905312769,-1.9801802905312769
-2.020681435109826,2.020681435109826
0.9996164910032199,2.0245592041929186
-2.027359816840987,2.027359816840987
1.9659618038932714,-1.9659618038932714
-2.054288767163294,2.054288767163294
22.85303263951972,2.1469673604802786
25.0,-2.6258106800014502e-11
22.974770675148882,2.025229324851118
22.926076871116297,2.0739231288830062
-1.5036622827679307,1.5036622827679307
-2.220923333677687,2.220923333677687
-1.810884281816464,1.810884281816464
-2.168906381262862,2.168906381262862
-2.4302670076275916,2.4302670076275916
-1.9835889076011437,1.9835889076011437
-1.9844895548149415,1.9844895548149415
-1.729964253835936,1.729964253835936
-1.7357556615681071,1.7357556615681071
-4.019642095672643,1.8385613537291863
-2.0101135045227005,2.0101135045227005
2.4167099633722486,-2.4167099633722486
-2.3476018573302113,2.3476018573302113
-25.0,2.0185475260489625
-25.0,2.1532419361337496
-25.0,1.7775470808124076
-2.5032036532624105,2.5032036532624105
-1.296066255724126,1.296066255724126
-23.768255801051666,2.3147474840195983
-2.040394690243497,1.796032754424822
-2.070385548200923,2.070385548200923
2.008973021330455,-2.008973021330455
-1.9398030628518708,1.9398030628518708
-1.9325739015436447,1.9325739015436447
-1.4743678958689728,1.4743678958689728
-2.0703855482009246,2.0703855482009246
-2.0703855482009246,2.0703855482009246
-1.4951679866734011,1.4951679866734011
-2.0703855482009246,2.0703855482009246
-2.0703855482009246,2.0703855482009246
2.0568897252348153,-2.0568897252348153
-2.0592237079934845,2.0592237079934845
2.021038664488249,-2.021038664488249
-2.0703855482009246,2.0703855482009246
-2.0703855482009246,2.0703855482009246
-2.0703855482009246,2.0703855482009246
2.1464681476109155,-2.1464681476109155
-1.9277502004271403,1.9277502004271403
-1.9718944579560458,1.9718944579560458
-2.0703855482009246,2.0703855482009246
-2.0528016361717745,2.0528016361717745
-1.9612303760206535,1.9612303760206535
-1.9858665111538623,1.9858665111538623
-2.0361602243125314,2.0361602243125314
-2.0255641830158435,2.0255641830158435
-2.004250555256581,2.004250555256581
-2.0117560851247567,2.0117560851247567
-2.0297191539705706,2.0297191539705706
-2.043772329321294,2.043772329321294
-2.010427236510419,2.010427236510419
-2.0,2.0
-2.0,2.0
-2.0,2.0
-2.0,2.0
-2.0,2.0
-2.0,2.0
-2.0,2.0
-2.0,2.0
2.0,-2.0
-2.0,2.0
-2.0,2.0
-2.0,2.0
-2.0,2.0
-2.0,2.0
-2.0703855482009246,2.0
0.0,-2.0
0.0,0.0
0.0,0.0
0.0,0.0
2.0,-2.0
2.0,-2.0
2.0,-2.0
2.0,-2.0
0.21606648199446,2.0
-2.0,2.0
-2.0,2.0
-2.0,2.0
-2.0,2.0
2.0,-2.0
-2.0,2.0
-2.0,2.0
-2.0,2.0
-2.0,2.0
-2.0,2.0
-2.0,2.0
-2.0,2.0
22.993537050911826,2.0064629490881742
1.0408438956808346,2.006247517061545
25.0,0.0
22.99418334637536,2.0058166536246382
22.99138273557636,2.0086172644236413
-2.0342536269006497,2.0342536269006497
-2.152830800364817,2.152830800364817
-2.1016355844918926,2.1016355844918926
-2.01568330065505,2.01568330065505
-2.1214008698320774,2.1214008698320774
-1.983244301168955,1.983244301168955
-2.373119458715948,2.373119458715948
-1.602749570542123,1.602749570542123
-2.259636963056473,2.259636963056473
-2.0831053755472935,2.0831053755472935
-25.0,2.5164359722258816
23.682748735782837,1.2297875830804514
-2.4422070524703567,2.4422070524703567
-1.934651638493765,1.934651638493765
-25.0,1.5658615347624298
-2.3851999338355654,2.3851999338355654
-1.973839575077295,1.973839575077295
-2.01967722293365,1.6681711451365149
-25.0,1.8264540548488206
-25.0,2.3305545684411584
-25.0,1.638749582054249
-1.8118638224442236,1.8118638224442236
-2.010113662309528,2.010113662309528
-1.924281888162513,1.924281888162513
-1.4989403541554385,1.4989403541554385
-2.010113662309528,2.010113662309528
-1.9800835154319545,1.9800835154319545
2.1114568283625683,-2.1114568283625683
-2.010113662309528,2.010113662309528
-1.792978632583499,1.792978632583499
-2.010113662309528,2.010113662309528
1.4301282562025879,-1.4301282562025879
3.044766546688087,-3.044766546688087
1.4296372235940842,-1.4296372235940842
-1.9374690800931997,1.9374690800931997
-1.6817572221681951,1.6817572221681951
1.966690569477655,-1.966690569477655
1.9788603519418784,-1.9788603519418784
1.9386647886752177,-1.9386647886752177
1.695993380930929,-1.695993380930929
2.274209207762688,-2.274209207762688
1.762089020854218,-1.762089020854218
-1.9136315928512113,1.9136315928512113
-1.9988618047167608,1.9988618047167608
-2.010113662309528,2.010113662309528
1.9700297381544631,-1.9700297381544631
1.9887879071532886,-1.9887879071532886
-1.943417377240712,1.943417377240712
-1.9503456366026648,1.9503456366026648
-1.9823620213280961,1.9823620213280961
-1.9860107233837478,1.9860107233837478
-1.9799166114838795,1.9799166114838795
-1.9901769933546058,1.9901769933546058
-2.0092776337326046,2.0092776337326046
-2.0101136623095273,2.0101136623095273
-2.0,2.0
-2.0,2.0
-2.0,2.0
-2.0,2.0
-2.0,2.0
-2.0,2.0
-2.0,2.0
-2.0,2.0
-2.0,2.0
-2.0,2.0
-2.0,2.0
-2.0,2.0
-2.0,2.0
-2.010113662309528,2.0
-2.0,2.0
-2.0,0.0
0.0,0.0
0.0,0.0
2.0,-2.0
2.0,-2.0
2.0,-2.0
2.0,-2.0
2.0,-2.0
4.21606648199446,-2.0
-2.0,2.0
-2.0,2.0
-2.0,2.0
-2.0,2.0
-2.0,2.0
-2.0,2.0
-2.0,2.0
-2.0,2.0
-2.0,2.0
-2.0,2.0
-2.0,2.0
-2.0,2.0
-2.0,2.0450252060434044
-2.0406352484541705,2.046102367409267
-2.0437326163490406,2.0437326163490406
22.954543927437914,2.045456072562086
22.95906799383361,2.04093200616639
4.940586869298384,-1.9439877815545001
22.842617288795196,2.1573827112048036
25.0,0.0
-2.0541133871040547,2.0541133871040547
-2.334902384484642,2.334902384484642
-2.0345890816968186,2.0345890816968186
-1.6470854601735443,1.6470854601735443
-2.2359392749440277,2.2359392749440277
-1.9768356313659403,1.9768356313659403
-1.4828511468855519,1.4828511468855519
-2.1597364419711553,2.1597364419711553
-1.9893279301064428,1.9893279301064428
-1.7297540817811408,1.7297540817811408
0.0,0.0
-2.0583281099581816,2.0583281099581816
0.0,0.0
-1.872535382370753,1.872535382370753
0.0,-1.9703789943672376
-25.0,0.0
-25.0,1.98274127676153
-25.0,1.9491976905865442
-21.51252895577637,1.6866732285790356
-2.0186680751854986,2.0186680751854986
-2.135704245783508,2.135704245783508
-1.8891667451813925,1.8891667451813925
-2.135704245783508,2.135704245783508
-2.117426850783951,2.117426850783951
-1.9031864204162119,1.9031864204162119
1.846722088469484,-1.846722088469484
1.8394001485064368,-1.8394001485064368
-2.135704245783508,2.135704245783508
2.46807778077699,-2.46807778077699
1.8243472851223634,-1.8243472851223634
-2.092436572977139,2.092436572977139
-2.0180015836243443,2.0180015836243443
-2.0773546768167286,2.0773546768167286
-2.0039755969164066,2.0039755969164066
-2.135704245783508,2.135704245783508
-1.8312892744037654,1.8312892744037654
-1.954614196815565,1.954614196815565
-1.7473836040652344,1.7473836040652344
-1.94846934658884,1.94846934658884
-2.023509764000387,2.023509764000387
-2.0121003562599364,2.0121003562599364
-1.9803413391087858,1.9803413391087858
-2.009047467128207,2.009047467128207
-2.041813849628055,2.041813849628055
-1.9760769873664379,1.9760769873664379
-1.9572688024085796,1.9572688024085796
-1.9959327733141148,1.9959327733141148
-2.003898074275511,2.003898074275511
-1.9968689225641953,1.9968689225641953
-2.0093471733461743,2.0093471733461743
-2.014807968365458,2.014807968365458
-2.135704245783508,2.0293321300012805
-2.0,2.0
-2.0,2.0
-2.0,2.0
-2.0,2.0
-2.0,2.0
-2.0,2.0
-2.0,2.0
-2.0293321300012805,2.0
-2.0,2.0
-2.0,2.0
-2.0,2.0
-2.0,2.0
-2.0,2.0
-2.0,2.0
-2.0,2.0
-2.0,0.0
0.0,0.0
0.0,0.0
0.0,0.0
0.21606648199446,2.0
-2.0,2.0
-2.0,2.0
-2.0,2.0
-2.0,2.0
-2.0,2.0
-2.0,2.0
-2.0,2.0
-2.0,2.0
-2.0,2.0
-2.0,2.0
-2.0,2.0
-2.0,2.0
-2.0,2.0
-2.0,2.0
-2.0,2.0
-2.0,2.0
-2.0,2.0420091650668346
22.953251337743552,2.046748662256448
22.949373573591295,2.050626426408705
22.9493735735913,2.0506264264087015
0.9598416083728063,2.045240639302742
-2.0458869341499266,2.0458869341499266
25.0,-1.8900305405419005
-0.23728567857567917,2.127316219117583
-2.063661699209127,2.063661699209127
-2.0091902937925097,2.0091902937925097
-1.947181963859798,1.947181963859798
-1.5988266744262436,1.5988266744262436
-2.094777813929896,2.094777813929896
-2.544901031557265,2.544901031557265
-1.5487189426293142,1.5487189426293142
-1.7788059041255933,1.7788059041255933
-2.2511126874646363,2.2511126874646363
-1.9704376910672252,1.9704376910672252
-1.6856330978093528,1.6856330978093528
-1.5528371788381659,1.5528371788381659
-2.1044100686274243,2.1044100686274243
-2.279039693712792,2.279039693712792
-2.676355232327352,1.874632684887536
-25.0,1.775243393124697
-25.0,1.809040069371676
-25.0,2.217439084943443
-25.0,2.3273148892901965
-1.553346830292364,1.4352607461413427
-1.643999465392981,1.643999465392981
-2.0039497198766263,2.0039497198766263
-1.8571549535319054,1.8571549535319054
-1.9153265389567844,1.9153265389567844
2.536409575625636,-2.536409575625636
-1.6082695849302633,1.6082695849302633
-2.0100081029216463,2.0100081029216463
-1.7567315268988426,1.7567315268988426
-1.8120023592791425,1.8120023592791425
-1.8382735505550514,1.8382735505550514
-2.062693440339564,2.062693440339564
1.9934505843464763,-1.9934505843464763
-1.7940960788988662,1.7940960788988662
-2.2092288051391744,2.2092288051391744
-1.5650910616816738,1.5650910616816738
-1.7815398764930546,1.7815398764930546
2.091071874702414,-2.091071874702414
2.2317115346765966,-2.2317115346765966
2.0324809707823226,-2.0324809707823226
25.0,-2.1370948999914248
-1.9380574671745334,1.9380574671745334
1.9527218199415486,-1.9527218199415486
-2.0474187545623277,2.0474187545623277
-2.0235195024061734,2.0235195024061734
-1.9895120673346327,1.9895120673346327
-2.0114832421142435,2.0114832421142435
-2.0309670628730205,2.0309670628730205
-1.9953805144855374,1.9953805144855374
-2.0068073280854444,2.0068073280854444
1.9715169357123004,-1.9715169357123004
1.9431414202709387,-1.9431414202709387
1.9358013768696352,-1.9358013768696352
-2.0,2.0
2.0,-2.0
-1.9999999999999847,1.9999999999999847
-2.0,2.0
-2.0,2.0
-2.0,2.0
2.0,-2.0
2.0,-2.0
-2.0,2.0
-2.0,2.0
-2.0,2.0
-2.0,2.0
-2.0,2.0
-2.0,2.0
-1.9999999999999847,1.9999999999999847
-22.843000657896916,0.0
2.0,-2.0
2.0,-2.0
2.0,-2.0
0.0,0.0
2.0,-2.0
2.0,-2.0
2.0,-2.0
25.0,-2.0
2.0000000000000013,-2.0000000000000013
25.0,-2.0
13.211238878633818,-2.0
2.0,-2.0
2.0,-2.0
2.0,-2.0
2.0,-2.0
2.0,-2.0
2.0,-2.0
2.0,-2.0
2.0,-2.0
-2.0,2.0
-2.0529961774689296,2.0529961774689296
-2.05665851822352,2.05665851822352
-2.0538579006446134,2.0538579006446134
25.0,-1.9480809838969328
25.0,-1.9370939665639995
1.9370939665639693,-1.9099436943286259
1.7391672987764781,-1.7391672987764781
1.58136310443842,-1.58136310443842
1.562768965941616,-1.5353674946107596
1.8605113949355325,-1.8605113949355325
1.677259035277702,-1.677259035277702
1.7058348609622866,-1.7058348609622866
1.6565397313291728,-1.6565397313291728
1.8825422229977713,-1.8825422229977713
-1.9574379498881145,1.9574379498881145
-2.4829072180127225,2.4829072180127225
1.8692906540412952,-1.8692906540412952
1.8825422229977757,-1.8825422229977757
-21.765344608830567,1.715969824493584
-25.0,0.0
-2.3128647715887976,2.3128647715887976
-1.670080365754412,1.670080365754412
-25.0,1.9935597728314
-25.0,2.0464063683874585
-2.2915970006264006,2.2915970006264006
-2.140734489857766,2.0952843096475373
-1.9343360648379146,1.9343360648379146
-2.04228560758936,2.04228560758936
-2.0350412987456536,2.0350412987456536
1.977192229597053,-1.977192229597053
-2.0291975057866107,2.0291975057866107
-2.0976454317406095,2.0976454317406095
-2.016117608898915,2.016117608898915
-2.2341941526271736,2.2341941526271736
-2.1819673437312073,2.1819673437312073
-2.2294756953248953,2.2294756953248953
-2.1093185012705256,2.1093185012705256
1.815826796414398,-1.815826796414398
1.7229345350782097,-1.7229345350782097
-2.0997604063821207,2.0997604063821207
-1.9923719535907782,1.9923719535907782
-2.246146820416172,2.246146820416172
1.8546682331238014,-1.8546682331238014
1.4570037710294486,-1.4570037710294486
-1.754868695608356,1.754868695608356
-2.246146820416172,2.246146820416172
-2.0638620095871785,2.0638620095871785
-2.246146820416172,2.246146820416172
-2.0112669262348346,2.0112669262348346
-2.0222781194683095,2.0222781194683095
-2.012666860280572,2.012666860280572
-1.954244383937614,1.954244383937614
-2.0,2.0
-2.0,2.0
-2.0,2.0
3.613687733610888,2.0
-2.0,2.0
23.0,2.0
25.0,0.0
23.0,2.0
-2.0,2.0
-2.0,2.0
2.0,-2.0
2.0,-2.0
2.0000000000000013,-2.0000000000000013
2.0,-2.0
-2.0,2.0
-2.0,2.0
2.0,-2.0
2.0,-2.0
2.0,-2.0
-2.0,2.0
-2.0,2.0
-25.0,0.0
-25.0,0.0
-23.0,-2.0
2.0,-2.0
2.0,-2.0
2.0,-2.0
2.0,-2.0
0.0,0.0
0.0,0.0
0.0,0.0
2.0,-2.0
2.0,-2.0
2.0,-2.0
2.0,-2.0
2.0,-2.0
2.0,-2.0
0.0,0.0
2.0,-2.0
2.0,-2.0
2.0,-2.0
13.263157894736846,-2.0
2.0,-2.0
25.0,-2.0
2.0,-2.0
25.0,-2.0
25.0,-2.0
25.0,-2.0
2.0,-2.0
2.000000000000006,0.0
-2.3236245709586805,2.3236245709586805
-2.384824716758759,2.384824716758759
-2.2767667744565285,2.2767667744565285
-2.0745160917823506,2.0745160917823506
-2.1108433531755955,2.1108433531755955
-2.090083655799117,2.090083655799117
-1.9820173507950098,1.9820173507950098
-1.713169423871566,1.713169423871566
-1.3870619193886533,1.3870619193886533
-1.724949788444471,1.724949788444471
-2.2060090071285305,2.2060090071285305
-2.104911199592914,2.104911199592914
-2.16430153047669,2.16430153047669
-25.0,1.871619587621474
25.0,-0.461550224553271
-2.0580308395743696,2.0580308395743696
-1.8920832769087639,1.8920832769087639
-24.999999999988077,2.010451168334459
-24.999999999967002,2.1389129987161972
-25.0,1.871621481063407
-24.99999999999661,1.8540566513787624
-1.875004430654128,1.875004430654128
-1.750347787414638,1.750347787414638
-1.892612809503282,1.892612809503282
-1.8460114165965091,1.8460114165965091
-1.892612809503282,1.892612809503282
2.029685382658556,-2.029685382658556
1.8407053611470356,-1.8407053611470356
-1.892612809503282,1.892612809503282
-1.892612809503282,1.892612809503282
2.11208040190653,-2.11208040190653
1.9463196588451872,-1.9463196588451872
1.9856679068458885,-1.9856679068458885
1.9405894724022517,-1.9405894724022517
2.0570052251928566,-2.0570052251928566
1.7838623408132879,-1.7838623408132879
-1.892612809503282,1.892612809503282
1.8022110554590656,-1.8022110554590656
-1.620487965737487,1.620487965737487
2.096872907431088,-2.096872907431088
2.145234885763852,-2.145234885763852
1.7539730975730516,-1.7539730975730516
1.7319629395852665,-1.7319629395852665
1.8830633139969994,-1.8830633139969994
2.018662434306401,-2.018662434306401
2.026556134563788,-2.026556134563788
1.9855108695053956,-1.9855108695053956
1.9496899312504488,-1.9496899312504488
2.0028962906358516,-2.0028962906358516
1.989934082998434,-1.989934082998434
1.995729573464777,-1.995729573464777
1.996896042175245,-1.996896042175245
1.9773699172886496,-1.9773699172886496
1.9548805089306522,-1.9548805089306522
2.0,-2.0
2.0,-2.0
2.0,-2.0
2.0,-2.0
2.0,-2.0
2.0,-2.0
-1.892612809503282,1.892612809503282
-1.892612809503282,1.892612809503282
-1.892612809503282,1.892612809503282
2.0,-2.0
2.0,-2.0
2.0,-2.0
2.0,-2.0
2.0,-2.0
0.10738719049671808,-2.0
0.0,0.0
0.0,0.0
0.0,0.0
0.0,0.0
0.0,0.0
0.0,0.0
0.0,0.0
0.0,0.0
0.0,2.0
2.0,-2.0
-1.805,2.0
-1.9809875,1.9809875
-1.9809874999999997,2.0
2.0,-2.0
2.0,-2.0
23.0,2.0
25.0,-2.0
2.0,-2.0
2.0,-2.0
-2.0,2.0
2.0,-2.0
25.0,-1.9336756979943708
-2.067645530625615,2.067645530625615
-2.0651062245212435,2.0651062245212435
25.0,-1.9380640159442493
1.9285882635912477,-1.9285882635912477
-2.0618331939499717,2.0618331939499717
8.920885108675465,-1.5346641203785767
-2.4045660579478056,2.4045660579478056
-2.342924424603192,2.342924424603192
-2.016447383369278,2.016447383369278
-0.44290490416355865,1.977569024542138
-1.6971313395339278,1.6971313395339278
-2.136133425955464,2.136133425955464
-1.5235664599633978,1.5235664599633978
-2.038280346749305,2.038280346749305
-1.9364415722697519,1.9364415722697519
-2.1913487173723354,2.1913487173723354
-1.9708845433639102,1.9708845433639102
-1.7643800855956933,1.7643800855956933
-25.0,2.2104440792878535
-2.436620767614489,2.436620767614489
-1.936538768955753,1.936538768955753
-2.0264930395559713,2.0264930395559713
-25.0,1.8542542004873255
-1.9323700409619633,1.9323700409619633
-25.0,1.7528174668453254
-25.0,1.9406879313828753
-1.8039940466146227,1.8039940466146227
-2.738983980067456,2.0648030502289245
-1.9011818965542489,1.9011818965542489
-2.0259369987743625,2.0259369987743625
-1.9015088308617099,1.9015088308617099
-2.084022748164852,2.084022748164852
-1.882974558906291,1.882974558906291
-2.084022748164852,2.084022748164852
-2.084022748164852,2.084022748164852
-1.871601915496747,1.871601915496747
1.7266538861860639,-1.7266538861860639
-2.084022748164852,2.084022748164852
1.4096450013486352,-1.4096450013486352
-1.7896752075540556,1.7896752075540556
1.698354503024004,-1.698354503024004
1.6493004716639597,-1.6493004716639597
2.1984150426741422,-2.1984150426741422
-2.084022748164852,2.084022748164852
1.6661546294756295,-1.6661546294756295
2.032127291607529,-2.032127291607529
2.0491824698379753,-2.0491824698379753
-2.0613958014667055,2.0613958014667055
-2.084022748164852,2.084022748164852
1.8941637455433427,-1.8941637455433427
2.01575917146509,-2.01575917146509
2.04729093983545,-2.04729093983545
2.006174627559656,-2.006174627559656
2.0,-2.0
2.0,-2.0
-1.9849218175313252,1.9849218175313252
-1.9937133518051298,1.9937133518051298
-2.00308183746746,2.00308183746746
1.9920290304235395,-1.9920290304235395
-2.0,2.0
-2.0,2.0
-2.0,2.0
-2.0,2.0
-2.0,2.0
-2.0,2.0
-2.0,2.0
2.0,-2.0
2.0,-2.0
2.0,-2.0
-2.0,2.0
-2.0,2.0
-2.0,2.0
-2.0,2.0
-2.084022748164852,0.0
0.0,0.0
0.0,0.0
0.0,0.0
0.0,0.0
0.21606648199446,2.0
-2.0,2.0
-2.0,2.0
-2.0,2.0
-2.0,2.0
-2.0,2.0
-2.0,2.0
-2.0,2.0
-2.0,2.0
-2.0,2.0
-2.0,2.0
-2.0,2.0
-2.0,2.0
-2.0,2.0
-2.0,2.0
-2.0,2.0
-2.0,2.0
-1.9968043312646118,2.006032085034911
-2.007755538166185,2.007755538166185
-2.008186401603091,2.008186401603091
-2.0,2.003662337364639
-2.011633307249272,2.0116333072492774
-2.0116333072492805,2.14994040454624
-2.1364554625597867,2.3698014581282734
0.35257568970907216,2.309972539032927
22.9194428817237,2.0805571182762996
23.122610148081293,1.877389851918707
23.2572086237747,1.7427913762252984
23.35130858549183,1.6486914145081712
-2.0307223576916806,2.0307223576916806
-1.8759858647238223,1.8759858647238223
-1.9076366401110176,1.9076366401110176
-1.9983609104315132,1.9983609104315132
-1.9699296174813066,1.9699296174813066
-1.851198185204069,1.851198185204069
-2.2836167740172515,2.2836167740172515
0.0,0.0
0.0,0.0
-1.8521524799393614,1.8521524799393614
-1.582479643479525,1.582479643479525
-1.9404013905033626,1.9404013905033626
-1.9887378073700024,1.9887378073700024
-25.0,1.7586347516172758
-25.0,1.7580168583991238
-25.00000000005147,2.249900253478863
-23.45888287242568,1.8776199051138178
-1.863130025131781,1.863130025131781
-1.6598570415994756,1.6598570415994756
-2.039983813343584,2.039983813343584
1.5821987829258193,-1.5821987829258193
2.1897481277898603,-2.1897481277898603
-1.5567256774255558,1.5567256774255558
-2.434705866670787,2.434705866670787
1.9964838783265124,-1.9964838783265124
1.7437895356987516,-1.7437895356987516
1.9968606732715974,-1.9968606732715974
1.933917614170257,-1.933917614170257
2.071686342810339,-2.071686342810339
1.6845292211611875,-1.6845292211611875
2.252700022953565,-2.252700022953565
1.9286014603637973,-1.9286014603637973
-1.9400476324351557,1.9400476324351557
-2.0187700054763393,2.0187700054763393
-1.626645754484099,1.626645754484099
25.0,-1.9366081951600371
1.908294611183466,-1.908294611183466
1.9780411621779974,-1.9780411621779974
1.9231460202349868,-1.9231460202349868
-2.0060031477935696,2.0060031477935696
-1.9735605192104326,1.9735605192104326
-1.9814238109875755,1.9814238109875755
-1.9973516615025564,1.9973516615025564
-1.9871121321473078,1.9871121321473078
-1.9945832250402886,1.9945832250402886
-2.000683049316412,2.000683049316412
-2.021620791870269,2.021620791870269
-2.020931596263825,2.020931596263825
-2.0,2.0
2.0,-2.0
-2.0,2.0
2.0,-2.0
-2.0,2.0
-2.0,2.0
-2.0,2.0
-2.0,2.0
-2.0,2.0
-2.0,2.0
-2.0,2.0
-2.0,2.0
-2.0,2.0
-2.0,2.0
-25.0,0.0
0.0,0.0
0.0,0.0
0.0,0.0
0.0,0.0
0.0,2.0
-1.805,1.805
-1.805,1.805
-1.805,2.0
23.0,2.0
-2.0,2.0
-2.0,2.0
4.990595567867041,-2.0000000000000004
25.0,-2.0
2.0,-2.0
-25.0,2.0
-25.0,2.0
-2.0,2.0
-2.0,2.0
-2.0,2.0
-2.0,2.0
-1.9897356683979783,2.0
-2.0092635592708246,2.0092635592708246
-2.0002154316028866,2.0002154316028866
-2.0,2.0
2.3009889373253003,-2.0
-2.0060320850349145,2.0060320850349145
-2.220817399546089,2.220817399546089
-2.2809060752069077,2.2809060752069077
22.887862952622246,2.112137047377754
22.988917053206528,2.011082946793472
23.169475360564363,1.8305246394356374
23.22161254654206,1.7783874534579382
1.0891692408672426,1.6466689029478214
-2.5700598256962994,2.5700598256962994
-1.9580091382052052,1.9580091382052052
-1.8444796220710096,1.8444796220710096
0.0,0.0
0.0,0.0
-2.1447649965902906,2.1447649965902906
0.0,0.0
0.0,-1.879233912130755
2.0822536422501523,-2.0822536422501523
2.082253642250139,-2.082253642250139
1.8384483783603924,-1.8384483783603924
-22.88595294307021,-2.1140470569297882
2.039732616713528,-2.039732616713528
-21.819319402296436,2.2953687369611266
-25.0,1.8762055039882952
-25.0,1.7204004786217268
-1.9007445114672388,1.9007445114672388
-2.1934214051439618,2.1934214051439618
-1.7833448000176926,1.7833448000176926
-2.1692705532617147,2.1692705532617147
-1.8919336949958918,1.8919336949958918
1.8912287034487205,-1.8912287034487205
-2.008569718198279,2.008569718198279
2.1354789261932297,-2.1354789261932297
1.9558960570056287,-1.9558960570056287
1.9764178118455957,-1.9764178118455957
2.3548114530717736,-2.3548114530717736
2.06529092710087,-2.06529092710087
2.218912813916263,-2.218912813916263
1.8810438792797965,-1.8810438792797965
-1.916903776088727,1.916903776088727
2.164188555107896,-2.164188555107896
1.8579858589677594,-1.8579858589677594
2.3701925130579324,-2.3701925130579324
2.2071272423780384,-2.2071272423780384
1.863302801708359,-1.863302801708359
2.115596996940501,-2.115596996940501
2.0298279430575867,-2.0298279430575867
1.967518940462587,-1.967518940462587
-2.009580554857191,2.009580554857191
-1.984591845056983,1.984591845056983
-1.9931802166168262,1.9931802166168262
25.0,-2.0011644766517627
25.0,-2.0182194823028716
6.674558474758955,-1.9529589538205663
2.0456228877550706,-1.992626710286142
1.955671391984146,-1.955671391984146
1.9838691123533478,-1.9838691123533478
2.0,-2.0
2.0,-2.0
2.0,-2.0
2.0,-2.0
2.0,-2.0
2.0,-2.0
2.0,-2.0
-2.0,2.0
-2.0,2.0
-2.0,2.0
-25.0,2.0
-25.0,2.0
-2.0,2.0
-2.0,2.0
-2.0,0.0
0.0,0.0
0.0,0.0
0.0,0.0
2.0,-2.0
25.0,0.0
2.0,-2.0
2.0,-2.0
2.0,-2.0
25.0,-2.0
2.0,-2.0
2.0,-2.0
-2.0,2.0
-2.0,2.0
2.0,-2.0
2.0,-2.0
-2.0,2.0
23.0,2.0
-2.0,2.0
2.0,-2.0
-2.0,2.0
-2.0,2.0
-2.0,2.0
2.0,-2.0
1.9997845683971134,-1.9997845683971134
1.9978456838940895,-1.9978456838940895
-2.01551107633237,2.01551107633237
-2.1695446881518805,2.1695446881518805
-2.3150801380995762,2.3150801380995762
25.0,0.0
7.160930017939621,-2.0036543429347473
-1.8298291150981445,1.8298291150981445
-1.2951450962226998,1.2951450962226998
2.105882219731968,-2.105882219731968
1.7150180543475395,-1.7150180543475395
1.9754057671312966,-1.8419935328102182
-1.5738935154511422,1.5738935154511422
1.9724699854109033,-1.9724699854109033
1.9724699854109033,0.0
0.0,0.0
-1.77013299334185,1.77013299334185
0.0,0.0
0.0,0.0
-2.1285697565720367,2.1285697565720367
0.0,0.0
-1.7763674664868345,1.7763674664868345
-2.3160747868161096,2.3160747868161096
-25.0,1.907912451486233
-25.0,1.7749303440580917
-1.9834046125861287,1.9834046125861287
-1.9723254526765244,1.9723254526765244
-1.7982720650867385,1.7982720650867385
-1.953423221838384,1.953423221838384
-2.0878077385931233,2.0878077385931233
-1.9092530083762842,1.9092530083762842
-2.2078090392615035,2.2078090392615035
25.0,-2.2404936339452632
25.0,-1.7897433714637216
1.8009254083851305,-1.8009254083851305
2.148899642629245,-2.148899642629245
1.750620443053295,-1.750620443053295
1.9902935854933466,-1.9902935854933466
1.9504568294733877,-1.9504568294733877
1.9727054033581686,-1.9727054033581686
1.9055065179340254,-1.9055065179340254
4.556949303740257,-1.690760222995959
2.2225362306327403,-2.2225362306327403
1.6265804307373388,-1.6265804307373388
1.6393687375670294,-1.6393687375670294
2.4849977356959045,-2.4849977356959045
-25.0,1.9440409014762885
1.8382743394891907,-1.8382743394891907
1.9331278516497838,-1.9331278516497838
-17.68181626261469,-2.0195141823960583
2.057643753969601,-2.057643753969601
-22.966444163157078,-2.033555836842922
-22.99489785937143,-2.005102140628569
2.0,-2.0
2.0,-2.0
2.0173561546015613,-2.0173561546015613
2.0096847136943645,-2.0096847136943645
0.0,0.0
4.21606648199446,-2.0
2.0,-2.0
-2.0,2.0
-2.0,2.0
-2.0,2.0
-2.0,2.0
-2.0,2.0
-2.0,2.0
-2.0,2.0
2.0,-2.0
-2.0,2.0
-2.0,2.0
-2.0,2.0
-2.0,2.0
-2.0,0.0
0.0,0.0
0.0,0.0
0.0,0.0
0.0,0.0
22.999999999999996,2.0
-22.562499999999996,1.9999999999999964
-2.0,2.0
-1.9999999999999962,1.9999999999999962
-1.9999999999999962,1.9999999999999962
-2.0,2.0
-2.0,2.0
-2.0,2.0
-2.0,2.0
-2.0,2.0
2.0,-2.0
1.9999999999583662,-1.9999999999583662
2.0,-2.0
-2.0,2.0
2.0,-2.0
-2.0,2.0
-2.0,2.0
-2.0,2.0
-2.0,2.0
-2.0,2.0
23.0,2.0
22.997199389200997,2.002800610799003
-2.2031520004819947,2.2031520004819947
22.59594386963334,2.4040561303666586
25.0,0.0
-1.8347384944622114,1.8347384944622114
-1.769496481277999,1.769496481277999
-2.024453171444553,2.024453171444553
1.1708549825358094,1.87623643020657
-2.619577119183133,2.619577119183133
-1.7769929334727284,1.776992933472731
-1.8330072573862157,1.8330072573862157
-1.9745773862846754,1.9745773862846754
-2.249885737090689,2.249885737090689
0.0,0.0
0.0,0.0
0.0,-1.3286928819256696
1.4722358802500475,-1.4722358802500475
-1.7916399691353817,1.7916399691353817
-1.8032909485093862,1.8032909485093862
1.472235880164252,-1.472235880164252
-2.023045081792147,2.023045081792147
-1.8155749686370264,1.8155749686370264
-25.0,2.013786781876803
-2.0892328692229443,2.0892328692229443
-25.0,1.950377936059425
-2.0360542901809335,2.0360542901809335
-25.000000000000004,1.9261582891202025
-2.243333165700607,2.243333165700607
-2.493812181264297,2.493812181264297
-1.4691874387345303,1.4691874387345303
1.8470332440941544,-1.8470332440941544
1.8511988163513813,-1.8511988163513813
-2.113328180141762,2.113328180141762
-2.2086989569710003,2.2086989569710003
-1.9141444000419687,1.9141444000419687
-2.462685889293126,2.462685889293126
2.1113470087303323,-2.1113470087303323
1.880146387802558,-1.880146387802558
1.8348981747320723,-1.8348981747320723
-2.252312182930525,2.252312182930525
-1.9307344227036918,1.9307344227036918
-2.152024452969477,2.152024452969477
-2.0214549061403155,2.0214549061403155
-2.0134207164360145,2.0134207164360145
-1.96223577396484,1.96223577396484
1.8983304913401036,-1.8983304913401036
-1.89644713790031,1.89644713790031
2.0000000000000013,-2.0000000000000013
2.0,-2.0
2.0000000000000013,-2.0000000000000013
2.0,-2.0
2.0000000000000013,-2.0000000000000013
-2.0,2.0
-2.0,2.0
-2.0,2.0
1.9999999999791822,-1.9999999999791822
25.0,0.0
25.0,-2.0
2.0000000000000013,-2.0000000000000013
2.0,-2.0
25.0,-2.0
7.048055263013013,-2.0
2.0000000000000013,-2.0000000000000013
2.0,-2.0
2.0000000000000013,-2.0000000000000013
2.0,-2.0
2.0000000000000018,-2.0000000000000018
-25.0,0.0
-25.0,2.0
-25.0,0.0
-18.195,-2.0
0.0,0.0
0.0,0.0
0.0,0.0
0.0,0.0
0.0,2.0
0.19500000000000006,-2.0
0.0,0.0
0.0,2.0
-1.805,2.0
-1.9789335180055403,2.0000000000000004
-2.0,2.0
-2.0,2.0
-2.0,2.0
-2.0,2.0
-2.0,2.0
-2.0,2.0
-2.0,2.0
-2.0,2.0
-2.0,0.0
0.0,0.0
2.0,-2.0
0.0,0.0
0.0,0.0
2.0,-2.0
0.0,0.0
25.0,-1.97845683678365
24.99999999997529,-1.8378998201260153
24.99999999998357,-1.7131807450764676
25.0,-1.6157433158217742
11.91664641829271,-1.701701477217954
2.1934936715111517,-2.1934936715111517
2.1934936715111393,4.440892098500626e-15
-1.8357451744243747,1.8357451744243747
-2.0010767373137623,2.0010767373137623
-2.055630586347972,2.055630586347972
-1.830806446710314,1.830806446710314
-24.814896441096636,2.2523964410966393
25.0,0.0
-1.918413480458316,1.918413480458316
-2.2123766523562836,2.2123766523562836
0.0,-1.9410748246849483
2.1507754290137875,-1.714373021794982
1.7143730217949775,-1.7143730217949775
1.714373021794982,-1.714373021794982
-2.298323912260522,1.8653453521958527
2.119640915553399,-2.119640915553399
-1.8321968642379929,1.8321968642379929
-1.9184753328948627,1.9184753328948627
2.1941276589857495,-2.1941276589857495
2.0721401377274518,-2.0721401377274518
1.9149560554848168,-1.9149560554848168
2.065179214026699,-2.065179214026699
-2.064876263317082,2.064876263317082
1.969351486543788,-1.969351486543788
2.1941276589857566,-2.1941276589857566
2.194127658985754,-2.194127658985754
1.9131219413970122,-1.9131219413970122
-23.206515187272515,-1.7934848127274847
1.9496950346681654,-1.9496950346681654
1.8286567589666598,-1.8286567589666598
1.7930070342125264,-1.7930070342125264
2.1057487320755426,-2.1057487320755426
1.8028996371761323,-1.8028996371761323
1.2347528189815993,-1.2347528189815993
1.8417915656704746,-1.8417915656704746
1.9487855513920032,-1.9487855513920032
1.6298418844705544,-1.6298418844705544
1.558204140003217,-1.558204140003217
6.873482984459481,-2.0352722986617353
2.100962742010912,-2.100962742010912
1.8543557363110965,-1.8543557363110965
1.7698006449738557,-1.7698006449738557
24.999999999971273,-1.992237055714579
2.048985053862048,-2.0472616010389553
2.0,-2.0
2.0,-2.0
2.047261601038952,-2.0
2.0,-2.0
2.0,-2.0
2.0,-2.0
2.0,-2.0
2.0,-2.0
2.0000000000000013,-2.0000000000000013
2.0,-2.0
2.0,-2.0
2.0,-2.0
2.0,-2.0
2.0,-2.0
-2.0,2.0
2.886579864025407e-15,2.0000000000000036
0.0,0.0
-2.0,2.0
-24.000000000000007,2.0
-25.0,2.0
-25.0,0.0
-23.0,-2.0
2.0,-2.0
0.0,0.0
0.0,0.0
0.0,0.0
0.0,0.0
0.0,0.0
2.0,-2.0
0.0,0.0
0.0,0.0
0.0,0.0
2.0,-2.0
4.21606648199446,-2.0
2.0,-2.0
-2.0,2.0
2.0,-2.0
-2.0,2.0
-2.0,2.0
-2.0,2.0
-2.0,2.0
-2.0,2.0
-2.0,2.0
-2.0,2.0
-2.0,2.0
-2.0,2.0
-2.0,2.0
-2.0,2.0
-2.0,2.0820794455921225
-2.074076699646891,2.201487546680917
22.904600190394422,2.0953998096055777
22.864801934360475,2.135198065639525
1.1071063869648134,1.730494733151421
22.750472123435046,2.2495278765649545
-1.9317956969083179,1.9317956969083179
23.295266491096633,1.7047335089033666
-1.802756366736375,1.802756366736375
-2.071466703545867,2.071466703545867
-2.1563825251567756,2.1563825251567756
-2.013399888574728,2.013399888574728
-1.8490926777722354,1.8490926777722354
-1.7340869080759695,1.7340869080759695
-25.0,1.3506238916422078
24.999999999969297,3.070255161219393e-11
1.204294856906155,-1.204294856906155
1.204294856906149,-1.204294856906149
-25.0,0.0
-22.39268297414992,2.2748943181695402
-25.0,1.6766777486036233
-25.0,1.9684584130977285
-1.828916791659081,1.828916791659081
-1.2509745671869439,1.2509745671869439
-2.4404713973631775,2.4404713973631775
-1.6601296972381308,1.6601296972381308
-2.0323999472461836,2.0323999472461836
-2.1458272175158823,2.1458272175158823
-2.4404713973631784,2.1144579338297085
-1.7218723141526144,1.7218723141526144
-2.1119314511409684,2.1119314511409684
2.088647795664998,-2.088647795664998
-1.8309200532264205,1.8309200532264205
-1.9023217485991815,1.9023217485991815
-2.114457933829708,2.114457933829708
2.4858559382529903,-2.4858559382529903
1.9108027906001666,-1.9108027906001666
-2.027089158191873,2.027089158191873
1.8411025105929242,-1.8411025105929242
2.3570029543248285,-2.3570029543248285
2.2114903637438283,-2.2114903637438283
-1.8104741149572723,1.8104741149572723
2.1974905696493274,-2.1974905696493274
-1.9253769287483158,1.9253769287483158
2.0408378641347613,-2.0408378641347613
2.0492052453804184,-2.0492052453804184
2.0,-2.0
2.0,-2.0
1.9999999999791833,-1.9999999999791833
2.0,-2.0
2.0,-2.0
2.0,-2.0
2.0,-2.0
1.9999999999791822,-1.9999999999791822
2.0,-2.0
2.0,-2.0
2.0,-2.0
2.0,-2.0
2.0,-2.0
2.0,-2.0
2.0,-2.0
2.0,-2.0
2.0,-2.0
2.0,-2.0
2.0,-2.0
2.0,-2.0
2.0,-2.0
2.0,-2.0
2.0,-2.0
-2.114457933829708,0.0
2.0,-2.0
0.0,0.0
0.0,0.0
0.0,0.0
0.0,2.0
-1.805,1.805
-1.805,1.805
-1.805,1.805
-1.805,2.0
-1.9809875,1.9809875
25.0,-2.0
-2.0,2.0
23.0,2.0
2.0,-2.0
25.0,-2.0
23.0,2.0
3.069019621148393,2.0
-2.0,2.0
-2.0,2.0
1.9991382735884595,-1.9991382735884595
1.9991382735884595,-1.9991382735884595
1.9956913677881787,-1.9956913677881787
1.997199389200996,-1.997199389200996
1.9991382735884535,-1.9991382735884535
1.9991382735884595,-1.9997845683971136
1.980395723790617,-1.980395723790617
1.9781340966130714,-1.8791267797985363
1.8654665916497595,-1.8654665916497595
-2.4270280385173555,2.4270280385173555
-2.043558789503889,2.043558789503889
1.9008470729053912,-1.9008470729053912
1.90084707290539,-2.155704357370351
1.916763594326131,-1.9227551428155096
2.156480352990089,-2.156480352990089
2.1898762506941365,-2.1898762506941365
2.1898762506941365,-2.1898762506941365
-23.075201769401286,1.783744947413311
25.0,-1.3774375540325217
2.1589557127465806,-2.1589557127465806
-23.060391330520133,-1.9396086694798669
-25.0,0.0
-2.3165961144955753,2.3165961144955753
-1.6476803165148217,1.6476803165148217
-19.46284296999344,1.9144309409214806
-25.0,1.9571059664021604
-2.1132044752686685,2.1132044752686685
-1.496365273123697,1.496365273123697
-2.4602364065764153,2.4602364065764153
-2.0220781641106234,1.9392539646906908
-2.1874494892806435,2.1874494892806435
-2.003762269125051,2.003762269125051
-1.8181740332666125,1.8181740332666125
-2.1851300229101422,2.1851300229101422
-2.3774122071564827,2.3774122071564827
-1.0507872628615447,1.038703947579024
-2.365328891873962,2.365328891873962
-2.1786001728232813,2.1786001728232813
1.8054728247659382,-1.8054728247659382
1.4790907712024346,-1.4790907712024346
1.8941534400911433,-1.8941534400911433
1.6897570143440097,-1.6897570143440097
2.222492681468233,-2.222492681468233
1.312137159721976,-1.312137159721976
25.0,0.0
-2.6018690190587295,2.6018690190587295
-1.96792383132472,1.96792383132472
25.0,0.0
25.0,0.0
25.0,0.0
-2.052203298658605,2.052203298658605
1.851065565375198,-1.851065565375198
1.923655573072418,-1.923655573072418
1.9806125709678604,-1.9806125709678604
2.0,-2.0
2.0,-2.0
2.0,-2.0
2.0,-2.0
2.0,-2.0
-1.9999999999999847,1.9999999999999847
2.0,-2.0
2.0,-2.0
2.0,-2.0
2.0,-2.0
2.0,-2.0
-2.0,2.0
2.6422948566493547,0.0
-2.0,2.0
-2.0,2.0
-2.0,2.0
-2.0,2.0
-2.0,2.0
-2.0,2.0
-25.0,2.0
-2.0,2.0
-20.0,-2.0
-23.0,-2.0
-23.0,-2.0
2.0,-2.0
0.0,0.0
0.0,0.0
0.21606648199446,2.0
-2.0,2.0
-2.0,2.0
-2.0,2.0
-2.0,2.0
-2.0,2.0
-2.0,2.0
-2.0,2.0
-2.0,2.0
-2.0,2.0
-1.9999999999999996,1.9999999999999996
25.0,0.0
-2.0,2.0
23.0,2.0
-2.0,2.0
25.0,0.0
-2.0,2.0
25.0,-2.0
0.9315819874913762,2.0
-2.0,2.0
-2.0,2.0
-2.0303758578175573,2.0303758578175573
-2.332975634736331,2.332975634736331
1.525978152734822,-1.525978152734822
1.7684140636384322,-1.7684140636384322
2.115509425251004,-2.115509425251004
2.1155094252510094,-1.8964252548396128
1.8118429945829346,-1.8118429945829346
-1.6294622493625663,1.6294622493625663
-1.8807844777346876,1.8807844777346876
-2.160529162994653,2.160529162994653
0.33507642335583654,1.5613488314837694
-24.489001002110456,1.9265010021104558
25.0,0.0
-1.9681175935494117,1.9681175935494117
-1.7448896254630473,1.7448896254630473
-2.0162886498203854,2.0162886498203854
-2.2204124199288664,2.2204124199288664
-1.9258061089202734,1.9258061089202734
-1.9642360375824488,1.9642360375824488
-25.0,1.884335943657625
-2.67099742279831,2.032092578505384
-25.0,1.9039841906182033
-25.0,2.007222218687801
-25.0,1.85934251011426
-1.937382612911497,1.937382612911497
-1.9536409676609203,1.9536409676609203
-2.0159800187849637,2.0159800187849637
-1.9229526919240705,1.9229526919240705
-1.962628505379545,1.962628505379545
1.985083464435255,-1.985083464435255
1.8655441635990382,-1.8655441635990382
1.8947328333232853,-1.8947328333232853
2.057168692346586,-2.057168692346586
1.9301698614333755,-1.9301698614333755
1.9117731795919077,-1.9117731795919077
10.070747018889278,-1.9429430207275846
1.8180837792010403,-1.8180837792010403
1.73474708816401,-1.73474708816401
25.0,-1.8190450165567604
24.999999999951804,-1.7730160742617045
2.259794118737087,-2.259794118737087
1.621720596437239,-1.621720596437239
23.54640224674705,-2.0913030324053246
25.0,0.0
-1.9291421958230974,1.9291421958230974
1.9022447486271514,-1.9022447486271514
1.890060449774761,-1.890060449774761
2.0385428991001313,-2.0385428991001313
2.0385428991001295,-2.032079950011954
1.9999999999999991,-1.9999999999999991
2.0000000000000013,-2.0000000000000013
2.0,-2.0
2.0000000000000013,-2.0000000000000013
1.9999999999999991,-1.9999999999999991
2.0000000000000013,-2.0000000000000013
2.0,-2.0
2.0000000000000013,-2.0000000000000013
2.0,-2.0
2.0,-2.0
2.0,-2.0
-2.0,2.0
-2.0,2.0
-2.0,2.0
-2.0,2.0
-2.0,2.0
-2.0,2.0
-2.0,2.0
-25.0,2.0
-25.0,0.0
-25.0,0.0
-20.166047845114207,0.0
0.0,0.0
0.0,0.0
0.0,0.0
0.0,0.0
0.0,2.0
-1.805,1.805
-1.805,0.0
0.0,0.0
2.0,-2.0
0.0,0.0
0.0,0.0
0.0,0.0
4.21606648199446,-2.0
-2.0,2.0
-2.0,2.0
-2.0,2.0
-2.0,2.0
-2.0,2.0
-2.0,2.0
-2.0,2.0
2.0,-2.0
-2.0,2.0
-2.0,2.0
2.7197703697871454,2.0
-2.0,2.0
-2.0734621793194155,2.0734621793194155
22.68999689963084,2.3100031003691583
24.99999999997875,-1.672678957023514
1.862986281331541,-1.862986281331541
22.781165763924044,2.2188342360759563
-1.9418937383218813,1.9418937383218813
-2.0205918121915643,2.0205918121915643
-1.634209739441184,1.634209739441184
22.930139566362413,2.0698604336375865
-1.7776202939005614,1.7776202939005614
-1.8023347603321582,1.8023347603321582
-24.630810335840053,2.068310335840053
22.835841108815757,2.1641588911842433
-2.0035180151154233,2.0035180151154233
-1.7989713763081046,1.7989713763081046
-24.467568501699706,1.9050685016997058
22.58037350490038,2.419626495099621
0.0,0.0
-25.0,1.642650072440567
-25.0,1.8095027003511532
-2.19504976520815,2.19504976520815
-1.7280165332320259,1.7280165332320259
-25.0,1.9436966106177564
-1.8869804508936596,1.8869804508936596
-2.074296768091534,2.074296768091534
-1.8021788669461678,1.8021788669461678
-1.9760283939542749,1.9760283939542749
-2.0318558982634976,2.0318558982634976
-1.8906145971144355,1.8906145971144355
2.043895664381509,-2.043895664381509
-2.0493740230470783,2.0493740230470783
-1.9395682760519186,1.9395682760519186
-2.2701619756264035,2.2701619756264035
-2.084053043235812,2.084053043235812
2.079030372929294,-2.079030372929294
1.7323089660989064,-1.7323089660989064
1.2518454494935094,-1.647694832902992
1.935797170864503,-1.935797170864503
-25.0,2.0
1.6264220127621014,-1.6264220127621014
2.5042999561428356,-2.5042999561428356
1.7749252948795977,-1.7749252948795977
-1.9359685273596297,1.9359685273596297
1.8175471461992654,-1.8175471461992654
-2.0,2.0
2.0172123339110604,-2.0172123339110604
-2.0,2.0
1.9483611787874595,-1.9483611787874595
1.9797025379032211,-1.9797025379032211
2.0208622612800475,-2.0208622612800475
-1.9746568048329236,1.9746568048329236
2.001195274668241,-2.001195274668241
1.9995881541903422,-1.9995881541903422
-2.0,2.0
-2.0,2.0
-2.0,2.0
-2.0,2.0
-2.0,2.0
2.0,-2.0
-2.0,2.0
2.0,-2.0
2.0,-2.0
2.0,-2.0
-2.0,2.0
-2.0,2.0
-2.0,2.0
-2.0,2.0
0.0,-2.0
2.0,-2.0
0.0,0.0
2.0,-2.0
0.0,0.0
0.0,0.0
0.0,0.0
0.0,0.0
0.0,2.0
-1.805,1.805
-1.805,0.0
0.0,0.0
0.216066481994456,2.0
-1.9999999999999967,1.9999999999999967
-1.9999999999999967,1.9999999999999967
-1.9999999999999967,1.9999999999999967
-2.0,2.0
2.0,-2.0
-2.0,2.0
-2.0,2.0
-1.9999999999999967,1.9999999999999967
2.0,-2.0
-2.0,2.0
-2.0,2.0
-2.0,2.0
2.0,-2.0
-2.0,2.0
-2.0,2.0
-2.0,2.0
23.0,2.0
-2.0,2.0
23.0,2.0
23.0,2.0
-1.7677151271607832,1.7677151271607832
-1.9694048184916266,1.9694048184916266
-2.1117286161736697,2.1117286161736697
-2.0041365394808897,2.0041365394808897
1.0494490635252451,1.9976423492171378
23.239692708006714,1.7603072919932856
-1.9001458682420909,1.9001458682420909
-1.958544982272839,1.958544982272839
-2.130898690152214,2.130898690152214
-2.0346657660951903,2.0346657660951903
0.0,0.0
-2.0393419365275864,2.0393419365275864
-1.9214701268888845,1.9214701268888845
-1.9859746444393762,1.9859746444393762
-25.0,1.8868662132302418
-25.0,0.0
-1.9300455254129698,1.9300455254129698
-1.6221560880823125,1.6221560880823125
-23.73563700587352,2.2075572114841364
-2.0552556848448207,2.0552556848448207
-25.0,1.6412135811591284
-1.9999999999999996,1.9999999999999996
-1.8800643386520361,1.8800643386520361
-1.8906663511939934,1.8906663511939934
1.8181134431246893,-1.8181134431246893
2.3874411379394163,-2.3874411379394163
-1.8978904633237255,1.8978904633237255
1.817411607314078,-1.817411607314078
1.775290729173073,-1.775290729173073
1.8400312958181386,-1.8400312958181386
2.058456864009769,-2.058456864009769
1.7910548955774344,-1.7910548955774344
2.068456762016363,-2.068456762016363
1.8171881811657355,-1.8171881811657355
1.4890502757810795,-1.4890502757810795
2.2456311730625123,-2.2456311730625123
2.4574808174135256,-2.4574808174135256
1.5467933121813147,-1.5467933121813147
-2.0,2.0
2.306178396968635,-2.306178396968635
1.6920502881010755,-1.6920502881010755
1.5468277097098024,-1.5468277097098024
1.4342182485692394,-1.4342182485692394
1.5328466922478248,-1.5328466922478248
1.8349959236719728,-1.8349959236719728
2.0472545514809695,-2.0472545514809695
1.9471463434833938,-1.9471463434833938
2.024958735233741,-2.024958735233741
2.0,-2.0
-2.0,2.0
2.0,-2.0
-2.0,2.0
2.0,-2.0
2.0,-2.0
-2.0,2.0
-2.0,2.0
-2.0,2.0
-2.0,2.0
-2.0,2.0
-2.0,2.0
-2.0,2.0
-2.0,2.0
-2.0,2.0
-2.0,2.0
0.0,-2.0
2.0,-2.0
0.0,0.0
0.0,0.0
0.0,0.0
2.0,-2.0
2.0,-2.0
25.0,0.0
-20.5625,-2.0
2.0,-2.0
2.0,-2.0
2.0,-2.0
0.0,0.0
0.0,0.0
0.0,2.0
-1.7839335180055402,2.0
-2.0,2.0
-2.0,2.0
-2.0,2.0
-2.0,2.0
-2.0,2.0
-2.0,2.0
-2.0,2.0
25.0,-2.0
-2.0,2.0
-2.0,2.0
-2.0,2.0
7.515086843656,-2.0
-2.0,2.0
23.0,2.0
-2.0,2.0
23.0,2.0
-1.9037081672169387,1.9037081672169387
-2.186989540677242,2.186989540677242
-2.3473598123361734,2.3473598123361734
-25.0,2.0151341236004576
25.0,0.0
25.0,0.0
0.0,0.0
-24.571765242535776,2.0092652425357755
25.0,0.0
0.0,0.0
0.0,0.0
0.0,0.0
-2.100667365069036,2.100667365069036
-1.8683489822522379,1.8683489822522379
-2.1191561944180126,2.1191561944180126
-25.0,1.8191952296169518
-2.141478612538261,2.141478612538261
-1.5128091851827623,1.5128091851827623
-25.0,1.8637554921176758
-25.0,1.8134290677772427
-2.45647666204061,2.45647666204061
-1.6268997912770597,1.6268997912770597
-1.9869384063843434,1.9869384063843434
-2.044205557711553,2.044205557711553
-1.756820834243447,1.756820834243447
2.1162573348153675,-2.1162573348153675
1.753485851848417,-1.753485851848417
2.28339019213235,-2.28339019213235
-25.0,2.2969907855521967
2.192453856315124,-2.192453856315124
2.0784553977283347,-2.0784553977283347
1.7387340457320253,-1.7387340457320253
1.80843795483631,-1.80843795483631
1.962319874344125,-1.962319874344125
2.002469048283375,-2.002469048283375
1.9720142970518548,-1.9720142970518548
2.4377378983562004,-2.4377378983562004
1.0969370698667964,-1.0969370698667964
1.7605496525609787,-1.7605496525609787
1.5771944158913405,-1.5771944158913405
1.4610487941501438,-1.4610487941501438
1.4310049198185402,-1.4310049198185402
-2.3496145861072257,2.3496145861072257
-1.9673911429936437,1.9673911429936437
-2.0970505753993325,2.0970505753993325
-2.412919134831344,2.412919134831344
-2.0918661144241297,2.0918661144241297
23.018713061653145,1.9812869383106069
23.01212858122627,1.9878714187737287
23.0,2.0
25.0,-2.0
2.0,-2.0
4.168010443178548,7.105427357601002e-15
0.0,0.0
0.0,0.0
0.0,0.0
-2.0,2.0
-2.0,2.0
-2.0,2.0
-2.0,2.0
-2.0,2.0
-2.0,2.0
-2.0,2.0
-22.000000000000004,2.0
-25.0,0.0
-25.0,0.0
-25.0,0.0
0.0,0.0
0.0,0.0
0.0,0.0
0.0,0.0
0.0,0.0
2.0,-2.0
2.0,-2.0
0.0,0.0
0.21606648199446,2.0
-2.0,2.0
-2.0,2.0
-2.0,2.0
-1.9999999999999996,1.9999999999999996
-1.9999999999999996,1.9999999999999996
-2.0,2.0
-2.0,2.0
-1.9999999999999996,1.9999999999999996
-2.0,2.0
-2.0,2.0
-2.0,2.0
-2.0,2.0
-1.9999999999999996,1.9999999999999996
-2.0,2.0
-2.0,2.0
-2.0,2.0
-2.0,2.0
-2.0,2.0
-2.0,2.0
23.103898188122546,1.8961018118738941
23.10122163074883,1.8987783692511684
1.048501159160052,1.9985902535859015
-1.8181321408637994,1.8181321408637994
-1.7143250545992919,1.7143250545992919
23.302985422718738,1.6970145772812621
22.835682375266863,2.164317624733137
-1.7829345542650872,1.7829345542650872
-2.09447170748372,2.09447170748372
-1.9805029128205813,1.9805029128205813
-1.6258265252735118,1.6258265252735118
-2.0727510883251785,2.0727510883251785
-2.1990140014729462,2.1990140014729462
-1.5828513892461178,1.5828513892461178
-2.037835387894555,2.037835387894555
-25.0,2.1835856054384166
-25.0,0.0
-1.9612734321013248,1.9612734321013248
-25.0,1.7449811418232457
-1.9488196333468402,1.9488196333468402
-1.8317721020972169,1.8317721020972169
-2.2320526697985716,2.2320526697985716
-1.8543375119324708,1.8543375119324708
-2.1255812740511306,2.1255812740511306
-1.8427363931960894,1.8427363931960894
2.0790669794733727,-2.0790669794733727
-1.54578284533528,1.54578284533528
1.634356165617497,-1.634356165617497
-1.6716310946992614,1.6716310946992614
-1.957639285880548,1.957639285880548
-2.0028975973080207,2.0028975973080207
1.8940373089857907,-1.8940373089857907
2.102310241521394,-2.102310241521394
2.0505271291855554,-2.0505271291855554
2.2294839002399467,-2.2294839002399467
-2.2100906367933026,2.2100906367933026
-1.9819523426219021,1.9819523426219021
-1.974702984599702,1.974702984599702
-1.9226629953079992,1.9226629953079992
-2.5423669751007845,2.5423669751007845
-2.4081635976245037,2.4081635976245037
2.1437665215431743,-2.1437665215431743
-2.196904707157241,2.196904707157241
1.7387671809659047,-1.7387671809659047
22.846626785225418,2.1533732147745823
-2.0321837792919397,2.0321837792919397
-2.0781699613566174,2.0781699613566174
-2.1318215853087485,2.1318215853087485
22.934527041138928,2.065472958861072
-1.9725935423588459,1.9725935423588459
-1.932410705586025,1.932410705586025
-2.0,2.0
1.9995691367942268,-1.9995691367942268
-2.0,2.0
2.0,-2.0
-2.0,2.0
2.0,-2.0
-2.0,2.0
2.0,-2.0
-2.0,2.0
-23.053566747261705,2.0
-2.0,2.0
-2.0,2.0
-2.0,2.0
-2.0,2.0
-25.0,2.0
-25.0,2.0
-2.000000000000003,2.000000000000003
-2.0000000000000018,5.551115123125783e-15
2.0,-2.0
2.0,-2.0
0.0,0.0
0.0,0.0
0.0,0.0
2.0,-2.0
0.0,0.0
2.0,-2.0
2.0,-2.0
2.0,-2.0
0.0,0.0
0.0,2.0
-1.7839335180055378,2.0
-2.0,2.0
-2.0,2.0
-2.0,2.0
2.0,-2.0
2.0,-2.0
-2.0,2.0
-2.0,2.0
2.0,-2.0
25.0,0.0
-2.0,2.0
-2.0,2.0
1.047091412790445,2.0
-2.0,2.0
-2.0,2.0
-2.0,2.0
22.875480522822365,2.1245194771776355
22.602956152898525,2.3970438470534177
-2.330212092131148,2.330212092131148
25.0,0.0
-2.0603534616814305,2.0603534616814305
-2.00756808741461,2.00756808741461
-2.284781240807339,2.284781240807339
-2.562293558025816,2.562293558025816
-2.1231993240967713,2.1231993240967713
-1.9639797917738981,1.9639797917738981
-1.9543131395478834,1.9543131395478834
-1.5124424885946635,1.5124424885946635
-1.9754584679318086,1.9754584679318086
-2.3675896615444767,2.3675896615444767
-1.9160611944276056,1.9160611944276056
-1.899047987493386,1.899047987493386
-2.2648502398511265,2.2648502398511265
-1.8816661905291348,1.8816661905291348
-2.128791920425755,2.128791920425755
-3.898518643485695,1.951469189761356
-2.0648705829912757,2.0648705829912757
-1.7154869968001343,1.7154869968001343
-1.8003030971357923,1.8003030971357923
-1.9789878436988424,1.9789878436988424
2.1277183388485508,-2.1277183388485508
1.7572638996562624,-1.7572638996562624
2.098790332964036,-2.098790332964036
-1.9699188879770073,1.9699188879770073
-1.796388721508622,1.796388721508622
-2.0017015731523475,2.0017015731523475
-1.9072169271487365,1.9072169271487365
-2.0797555611904386,2.0797555611904386
1.8037018254093038,-1.8037018254093038
1.5534557032036336,-1.5534557032036336
2.017956141017901,-2.017956141017901
2.1573955165920653,-2.1573955165920653
2.1573955165920546,-2.1573955165920546
1.7068503769868144,-1.7068503769868144
1.7867485774696972,-1.7867485774696972
1.6524669377267651,-1.6524669377267651
-2.088146033552195,2.088146033552195
-2.3825743610188876,2.3825743610188876
-1.52741835200671,1.52741835200671
-1.918855599150163,1.918855599150163
1.8192043812529652,-1.8192043812529652
-2.2937266494429096,2.2937266494429096
-2.1370072888552207,2.1370072888552207
2.13848678690893,-2.13848678690893
1.9898747138553627,-1.9898747138553627
2.1199328729588665,-1.9732864804716144
2.0066816336190674,-2.0066816336190674
2.010749124104814,-2.010749124104814
1.9999999999999996,-1.9999999999999996
2.010749124104815,0.0
0.0,0.0
0.0,0.0
-2.0,2.0
0.0,0.0
-2.0000000000000018,2.0000000000000018
-2.0,2.0
-2.0,2.0
-2.0,2.0
-25.0,2.0
-25.0,2.0
-25.0,1.0
-23.0,-2.0
0.0,0.0
0.0,0.0
0.0,0.0
0.0,0.0
2.0,-2.0
0.0,0.0
2.0,-2.0
2.0,-2.0
0.0,0.0
0.0,0.0
0.0,0.0
2.0,-2.0
2.0,-2.0
25.0,-2.0
2.0,-2.0
2.0,-2.0
2.0,-2.0
2.0,-2.0
-12.715183457180817,2.0
-2.0,2.0
-2.0,2.0
-2.0,2.0
25.0,-1.9510970248735013
25.0,-1.9534667710028906
-2.038777690830924,2.038777690830924
25.0,-1.959498855421451
-2.0458869341499266,2.0458869341499266
-2.045456072562085,2.045456072562085
-2.046317800668607,2.046317800668607
-2.0540733339039536,2.0540733339039536
-2.0901200410718244,2.0901200410718244
24.999999999974662,0.0
-2.2389514254891214,2.2389514254891214
-2.2104907841889214,2.2104907841889214
-1.889070495216358,1.889070495216358
-1.9181174723691274,1.9181174723691274
-1.9569469172796117,1.9569469172796117
-1.806396193282957,1.806396193282957
-1.7984532043651962,1.7984532043651962
-1.232552639453008,1.232552639453008
-2.182540425490232,2.182540425490232
-2.208818243812914,2.208818243812914
-1.7097826873969773,1.7097826873969773
-1.8993042333019385,1.8993042333019385
-2.156311205510552,2.156311205510552
-24.733912667237632,2.1714126672376324
-1.8255584568135177,1.8255584568135177
-1.9352789989215964,1.9352789989215964
-2.1924816267968392,2.1924816267968392
-1.6533341341330416,1.6533341341330416
-1.8101281673370462,1.8101281673370462
-1.864008582189669,1.864008582189669
-2.04647453229712,2.04647453229712
-1.8068310537807175,1.8068310537807175
-2.255133726987486,2.255133726987486
-1.6038244144139497,1.6038244144139497
-2.078897831993837,2.078897831993837
-2.0290422435479325,2.0290422435479325
2.0567167908714072,-2.0567167908714072
1.9683574295278579,-1.9683574295278579
2.0776904471865523,-2.0776904471865523
1.3492877527833338,-1.3492877527833338
2.0474237778539184,-2.0474237778539184
2.4137896447610068,-2.4137896447610068
1.8616411486234776,-1.8616411486234776
1.7612211933006288,-1.7612211933006288
1.807060160254867,-1.807060160254867
2.3656242688158393,-2.3656242688158393
1.9725867476635681,-1.9725867476635681
1.6019473823089516,-1.6019473823089516
-2.254579579647811,2.254579579647811
-1.8421084016209486,1.8421084016209486
-1.6183894009260804,1.6183894009260804
-1.8291840825455856,1.8291840825455856
-2.187441599939248,2.187441599939248
-2.064856855537247,2.064856855537247
-2.0172823912626594,2.0172823912626594
-2.0136772876798985,2.0136772876798985
-2.0270400458089717,2.0270400458089717
2.0156879972786,-2.0156879972786
2.0305803273577756,-2.0305803273577756
-1.9945511524020938,1.9945511524020938
-2.0,2.0
-2.0,2.0
-2.0,2.0
-2.0,2.0
23.0,2.0
-2.0,2.0
-2.0,2.0
-2.0,2.0
-2.0,2.0
-2.0,2.0
-25.0,2.0
-25.0,2.0
-25.0,2.0
-23.0,-2.0
1.0000000000000053,-2.0
0.0,0.0
0.0,0.0
0.0,0.0
0.0,0.0
23.0,2.0
-22.5625,2.0
-1.9999999999999996,0.0
2.0,-2.0
2.0,-2.0
2.0,-2.0
2.0,-2.0
2.0,-2.0
2.0,-2.0
2.0,-2.0
2.0,-2.0
2.0,-2.0
2.0,-2.0
2.0,-2.0
0.0,0.0
6.888522301874063,-2.0
-2.0,2.0
-2.0435171880205387,2.0435171880205387
-2.0424400266546763,2.0424400266546763
-2.046102367409267,2.046102367409267
22.952605047827205,2.0473949521727945
22.948080983896933,2.051919016103067
22.948942707036622,2.051057292927382
25.0,0.0
0.37463559289877046,-0.37463559289877046
0.37463559289877046,-0.37463559289877046
0.37463559289877046,4.218847493575595e-15
-2.30426144479617,2.30426144479617
-2.1996143803532027,2.1996143803532027
-2.0057039938295,2.0057039938295
-1.707208553086204,1.707208553086204
-1.6900306167036323,1.6900306167036323
-2.2104942554991363,2.2104942554991363
0.0,0.0
-1.7282797216610053,1.7282797216610053
-1.9422493898320248,1.9422493898320248
-1.727026263099967,1.727026263099967
-1.8163367634422505,1.8163367634422505
-1.5621150443201737,1.5621150443201737
-25.0,1.9383722518962472
-25.0,1.9568402533839375
-2.244014804797244,2.244014804797244
-1.8362191660554634,1.8362191660554634
-25.0,2.202393164179796
-1.7908226333667292,1.7908226333667292
-25.0,1.8069080537527462
-2.3473084748138477,1.9932202155777048
-2.2304318835021233,2.2304318835021233
-2.5504254639765866,2.5504254639765866
2.250939753101231,-2.250939753101231
1.874797414335891,-1.874797414335891
1.9494488872165991,-2.3635673597270044
2.3511470117800366,-2.3511470117800366
1.7163504063225412,-1.7163504063225412
2.103283470676038,-2.103283470676038
-1.8702714569636818,1.8702714569636818
-1.9166847679715646,1.9166847679715646
2.0249978515745513,-2.0249978515745513
1.7906604285076213,-1.7906604285076213
-2.1363069914661814,2.1363069914661814
-2.090422581905501,2.090422581905501
-1.9571551958924749,1.9571551958924749
2.522290810262879,-2.522290810262879
25.0,-2.0844055390093956
25.0,0.0
-2.1332800089592636,2.1332800089592636
-1.78540139353287,1.78540139353287
-1.6928824558315534,1.6928824558315534
-1.9753159864261916,1.9753159864261916
-1.8303532829405122,1.8303532829405122
25.0,-1.98314166083739
2.000322871296642,-2.000322871296642
25.0,-2.0288333978886577
-2.0,2.0
-2.0,2.0
-2.0,2.0
-2.0,2.0
6.992439332952962,2.0
-2.0,2.0
-2.0,2.0
-2.0,2.0
-2.0,2.0
-2.0,2.0
-2.0,2.0
-2.0,2.0
-2.0,2.0
-2.0000000000000067,2.0
-25.0,2.0
-25.0,2.0
-25.0,1.0
-25.0,0.0
2.0,-2.0
2.0,-2.0
0.0,0.0
0.0,0.0
0.0,0.0
2.0,-2.0
2.0,-2.0
2.0,-2.0
2.0,-2.0
2.0,-2.0
2.0,-2.0
2.0,-2.0
4.21606648199446,-2.0
2.0,-2.0
2.0,-2.0
2.0,-2.0
2.0,-2.0
-2.0,2.0
2.0,-2.0
2.0,-2.0
2.0,-2.0
-2.0,2.0
-2.0,2.0
-2.0,2.0
2.0,-2.0
2.0,-2.0
25.0,0.0
25.0,0.0
25.0,-2.0
7.044937096636475,-1.9978456838940897
25.0,-1.8737570666093184
1.8737570666093157,-1.8274529243630033
1.8063314217900932,-1.8063314217900932
1.7474437208466749,-1.7474437208466749
1.827452924363002,-1.7973742580358434
0.033132078127759534,1.7642421799080863
0.0,0.0
0.0,0.0
0.0,0.0
0.0,0.0
-2.254784071376803,2.254784071376803
-1.928897468452985,1.928897468452985
-2.215787372428718,2.215787372428718
-1.8641632132810368,1.8641632132810368
-1.7505712135629814,1.7505712135629814
-2.1779115911062155,2.1779115911062155
-2.1685851272812062,2.1685851272812062
-25.0,1.7684680267335793
-2.3845518465300177,1.7383692425858621
-25.0,2.0162589858967372
-25.0,1.8614555913138346
-1.8997725446072202,1.8997725446072202
-2.0034662610358627,2.0034662610358627
-1.8266661203455534,1.8266661203455534
2.2562060462700657,-2.2562060462700657
1.911848917269312,-1.911848917269312
2.018921165257491,-2.018921165257491
2.037106412749539,-2.037106412749539
-22.846883662181277,-2.153116337818723
2.052914128318408,-2.052914128318408
0.0,0.0
1.8605240178817661,-1.8605240178817661
1.6257517343170749,-1.6257517343170749
2.0172909117513678,-2.0172909117513678
1.886165008566941,-1.886165008566941
2.1082629073917047,-2.1082629073917047
1.5890337927378875,-1.5890337927378875
1.8012296213893704,-1.8012296213893704
2.003989166583608,-2.003989166583608
1.7529001471431602,-1.7529001471431602
1.9402514930168344,-1.9402514930168344
1.7764359459701535,-1.7764359459701535
1.5816285413296973,-1.5816285413296973
1.921088282765306,-1.921088282765306
2.2215645793463756,-2.2215645793463756
2.016410619038372,-2.016410619038372
1.8238373575412157,-1.8238373575412157
2.0048815990206763,-2.0048815990206763
1.9629800667592596,-1.9629800667592596
2.0150483664594785,-2.0150483664594785
1.688136976399663,1.9822231344036534
22.99484465069455,2.0051553493054506
23.0,2.0
25.0,0.0
-2.0,2.0
2.0,-2.0
-2.0,2.0
-2.0,2.0
-2.0,2.0
-2.0,2.0
-2.0,2.0
-2.0,2.0
-25.0,2.0
-25.0,2.0
-25.0,0.0
2.0,-2.0
2.0,-2.0
2.0,-2.0
1.9999999999999998,-1.9999999999999998
0.0,0.0
0.0,2.0
-1.805,1.9999999999999967
2.0,-2.0
-1.980987499999997,1.980987499999997
-1.9789335180055367,2.0
-2.0,2.0
-1.9999999999999996,1.9999999999999996
-1.9999999999999996,1.9999999999999996
-1.9999999999999996,1.9999999999999996
2.0,-2.0
-1.9999999999999996,1.9999999999999996
-2.0,2.0
25.0,-2.0
25.0,-2.0
2.0,-2.0
25.0,-2.0
5.056785835450123,2.0
25.0,0.0
1.9775951136079677,-1.9775951136079677
1.9836271967938177,-1.9836271967938177
1.9862123774152558,-1.9862123774152558
1.9851352185148126,-1.9851352185148126
1.9857815133619945,-1.9857815133619945
1.9872895350829891,-1.9872895350829891
1.990305577292269,-1.990305577292269
1.9903055772922627,-1.9659618038932716
1.9659618038932898,-1.7510550976885546
1.5840060338061688,-1.5840060338061688
1.557929906496283,-1.557929906496283
-2.046276352041246,2.046276352041246
1.751055097688548,-1.751055097688548
1.751055097688555,-1.5998664896222827
1.5998664896222845,-1.5998664896222845
-1.3947884247784996,1.3947884247784996
1.599866489622272,-1.599866489622272
1.59986648962228,-2.6645352591003757e-15
0.0,0.0
-3.5513230840816483,1.9105998767394565
-2.22791928605424,2.22791928605424
1.81797585301074,-1.81797585301074
-1.923191265607894,1.923191265607894
-25.0,1.4082160838349402
-1.916409587743665,1.916409587743665
-23.34324385848223,1.8977099551925782
-25.0,1.8330994048937228
-25.0,1.9539136232995773
-2.022699844212645,2.022699844212645
-1.8988946186966444,1.8988946186966444
-1.9384852272650412,1.9384852272650412
-1.9777274425173754,1.9777274425173754
1.9058372391253569,-1.9058372391253569
2.2699492789823594,-2.2699492789823594
1.9250203305172047,-1.9250203305172047
2.2948840158257413,-2.2948840158257413
1.9145862031601588,-1.9145862031601588
1.8712636205376745,-1.8712636205376745
1.6281482006596049,-1.6281482006596049
1.7773659415339464,-1.7773659415339464
2.3119628620803754,-2.3119628620803754
-2.108972001396401,2.108972001396401
-2.04955705576747,2.04955705576747
-2.108972001396401,2.108972001396401
1.4897350706142758,-1.4897350706142758
1.7335397033567244,-1.7335397033567244
1.2448057333623757,-1.2448057333623757
1.8375294278745544,-1.8375294278745544
2.271051893335903,-2.271051893335903
2.1171384164625033,-2.1171384164625033
-1.8411275986985638,1.8411275986985638
1.98915404902207,-1.98915404902207
1.8587585410641108,-1.8587585410641108
1.8403478161949574,-1.8403478161949574
-2.074698296121898,2.074698296121898
-2.078281191208628,2.078281191208628
-2.037882763389639,2.037882763389639
-1.9574090798294435,1.9574090798294435
-1.9880750829693632,1.9880750829693632
-1.9838290542224084,1.9838290542224084
-2.0,2.0
-2.0,2.0
-2.0,2.0
-2.0,2.0
-2.0,2.0
-2.0,2.0
-2.0,2.0
-2.108972001396401,2.0
-2.0,2.0
-2.0,2.0
-2.0,2.0
-2.0,2.0
-2.0,2.0
-2.0,0.0
0.0,0.0
0.0,0.0
0.0,0.0
0.0,0.0
2.0,-2.0
0.0,0.0
0.0,0.0
0.0,0.0
0.0,0.0
4.21606648199446,-2.0
2.0,-2.0
-2.0,2.0
-2.0,2.0
-2.0,2.0
-2.0,2.0
-2.0,2.0
2.0000000000000018,-2.0000000000000018
-2.0,2.0
2.0,-2.0
25.0,-2.0
25.0,0.0
25.0,-2.0
-2.0,2.0
-2.0,2.0
-2.0,2.0
-2.0,2.0
-2.0,2.0
-2.0000000000000018,2.0000000000000018
23.0,2.0
-2.014649349458557,2.014649349458557
-2.2612304568543524,2.2612304568543524
2.7563439363975335,2.426450775407391
-2.22151645436386,2.22151645436386
1.864296700937461,-1.864296700937461
1.864296700937467,0.0
0.0,0.0
-1.7908825923613394,1.7908825923613394
-24.22777733471236,1.6652773347123606
22.813343862890164,2.1866561371098356
-2.2498308272745717,2.2498308272745717
-2.0722209245833483,2.0722209245833483
-1.7273576154386117,1.7273576154386117
-2.548533915483416,2.548533915483416
-1.899864060967417,1.899864060967417
-22.154453120461824,2.029453120447844
-24.999999999998053,1.2029488516418496e-11
-2.024717622168156,2.024717622168156
-1.7816596366954496,1.7816596366954496
-2.2181055765045947,2.2181055765045947
-1.8414261313770002,1.8414261313770002
-1.9850033087266663,1.9850033087266663
-2.0472363271023415,2.0472363271023415
-1.793805435561831,1.793805435561831
-1.930900098873014,1.930900098873014
-1.6026296525528991,1.6026296525528991
-2.210293235080359,2.210293235080359
-1.4533645756301787,1.4533645756301787
-2.321375161939776,2.321375161939776
1.604406963382651,-1.604406963382651
-2.1937426591256175,2.1937426591256175
-2.5104397571910653,2.5104397571910653
-2.0917467289654503,2.0917467289654503
-1.215431506328489,1.215431506328489
-2.2227785912004325,2.2227785912004325
1.3735149734902983,-1.3735149734902983
1.6010360055908546,-1.6010360055908546
-1.4619967774123168,1.4619967774123168
1.7254843702174805,-1.7254843702174805
-2.700186622686301,2.700186622686301
-2.917532297827611,2.917532297827611
-1.7522222949303892,1.7522222949303892
-2.1735989615253644,2.1735989615253644
-1.8897783269264306,1.8897783269264306
-2.41182425203237,2.41182425203237
2.1194099156373163,-2.1194099156373163
1.9171298846131435,-1.9171298846131435
1.8085620147297652,-1.8085620147297652
1.969256518596733,-1.969256518596733
-1.9781824664459529,1.9781824664459529
-1.9999999999999847,1.9999999999999847
-2.0,2.0
2.0,-2.0
25.0,0.0
25.0,-2.0
2.0,-2.0
2.0,-2.0
2.0,-2.0
2.0,-2.0
-2.0,2.0
-25.0,2.0
-2.0,2.0
-2.0,2.0
-24.195000000000007,1.9999999999999964
-25.0,2.0
-24.999999999999996,2.0
-1.9999999999999996,0.0
0.0,0.0
0.0,0.0
0.0,0.0
0.0,0.0
0.0,0.0
0.0,0.0
0.0,0.0
9.263157894736844,-2.0
25.0,-2.0
25.0,0.0
2.0,-2.0
-2.0,2.0
-2.0,2.0
-2.0,2.0
-2.0,2.0
-2.0,2.0
25.0,-2.0
23.0,2.0
2.0,-2.0
2.0,-2.0
2.0,-2.0
2.0,-2.0
2.000000000000006,-1.9464359307876107
1.9383865611892017,-1.9383865611892017
1.9405408740592498,-1.9405408740592498
1.9459266660960464,-1.9459266660960464
1.9464359307876056,-1.949158140331957
1.9494522294517114,-1.9494522294517114
-2.046533228997109,2.046533228997109
-2.0954362090544443,2.0954362090544443
-2.277983162974688,2.277983162974688
1.5583096204976856,-1.5583096204976856
1.5394959869634248,-1.5394959869634248
1.9494522294517114,-1.9494522294517114
-0.13556015769788754,2.085012387149599
0.0,0.0
-1.7188756267166587,1.7188756267166587
-1.8140438052588408,1.8140438052588408
-2.6516084763992804,2.6516084763992804
-1.9794397451740178,1.9794397451740178
-1.7379634148644385,1.7379634148644385
-24.999999999942993,1.9776668523754495
23.06032569118525,1.939674308800285
-1.9919680193112903,1.9919680193112903
-24.999999999999996,1.8804651171949693
-24.99999999998603,-1.397282289872237e-11
-2.271553655448704,2.271553655448704
-1.9775557704485927,1.9775557704485927
-23.04758540841292,1.9137562444452705
-25.0,1.8218138598131937
-1.9723090428464225,1.9723090428464225
-2.077294717822115,2.077294717822115
-1.7710323782610242,1.7710323782610242
-1.8855250251928748,1.8855250251928748
-1.925098592783856,1.925098592783856
-1.9767611559831586,1.9767611559831586
-1.7642134627054045,1.7642134627054045
-2.0454097867822796,2.0454097867822796
-1.9370070802610329,1.9370070802610329
-2.1086166654599126,2.1086166654599126
-2.0834768057402293,2.0834768057402293
22.485705826151033,2.5142941738236217
1.8972416438872965,-1.8972416438872965
24.999999999984354,-2.3468545789131525
25.0,-1.8971520209690347
25.0,-1.7685153627819616
1.423086545645937,-1.423086545645937
1.5622804049158407,-1.5622804049158407
1.5316388340800557,-1.5316388340800557
1.7072170735749115,-1.7072170735749115
2.413261374461114,-2.413261374461114
-2.1418383665059304,2.1418383665059304
2.3681854646067224,-2.3681854646067224
-2.025256937546004,2.025256937546004
1.7514024345724928,-1.7514024345724928
1.5050239830929268,-1.5050239830929268
1.9366127709780492,-1.9366127709780492
-1.998058393635672,1.998058393635672
2.0295978405540875,-2.0295978405540875
-2.0344282476107796,2.0344282476107796
-2.012337825435964,2.012337825435964
1.9664438081367144,-1.9664438081367144
8.939262499591672,-2.0
2.000000000000006,-2.000000000000006
2.0,-2.0
-2.0,2.0
0.0,2.000000000000006
0.0,0.0
-2.0,2.0
-25.0,2.0
-2.0,2.0
-2.9999999999999982,2.0
-25.0,2.0
-25.0,2.0
-25.0,0.0
0.0,0.0
2.0,-2.0
0.0,0.0
0.0,0.0
0.0,0.0
0.0,0.0
23.0,2.0
-22.5625,0.0
2.0,-2.0
0.0,0.0
0.0,0.0
0.0,0.0
0.0,2.0
-1.8050000000000004,1.8050000000000004
5.202190748307813,2.0
2.0,-2.0
-2.0,2.0
2.0,-2.0
-2.0,2.0
-2.0,2.0
-2.0,2.0
2.0,-2.0
2.0,-2.0
-2.055682870492655,2.055682870492655
-2.053420516173959,2.053420516173959
22.95001986350764,2.0499801364923584
25.0,-1.9655309423054312
25.0,-1.9735019112655365
1.985566081335364,-1.985566081335364
25.0,-1.9935370509118258
1.9935370509118326,-1.9358013768696352
-2.2751725259322018,2.2751725259322018
-2.4107737073320434,2.4107737073320434
-2.210638472659859,2.210638472659859
-18.888992849507154,-1.9264464078679921
25.0,-2.137978269547567
0.2916897792812225,1.8462884902663461
-1.524111140093396,1.524111140093396
-1.3307023578956674,1.3307023578956674
-2.7049827111079185,2.7049827111079185
-2.2412402812150045,2.2412402812150045
-1.4605842697287308,1.4605842697287308
-2.002970179248866,2.002970179248866
-2.0797972169130112,2.0797972169130112
-2.121001038010114,2.121001038010114
-25.0,2.0398051986543777
-25.0,6.458833468059311e-12
-2.297283637904828,2.297283637904828
-1.7065701475804183,1.7065701475804183
-1.960771669988521,1.960771669988521
-1.8557935687805642,1.8557935687805642
-2.2441340916391574,2.2441340916391574
-1.6293189789228109,1.6293189789228109
-1.9659350861455476,1.9659350861455476
-1.8871697950871678,1.8871697950871678
2.037261043840905,-2.037261043840905
-2.018954616065013,2.018954616065013
2.0751122104182524,-2.0751122104182524
-1.9180878084454793,1.9180878084454793
-1.8601245016334609,1.8601245016334609
-2.1071094856795707,2.1071094856795707
-2.146006463352405,2.146006463352405
1.6805416324458582,-1.6805416324458582
1.7705539685987546,-1.7705539685987546
-1.9240452079206278,1.9240452079206278
-2.0686227537593407,2.0686227537593407
1.7896518551035232,-1.7896518551035232
-2.112111959272114,2.112111959272114
-2.2169246998844034,2.2169246998844034
-2.3928664802307997,2.3928664802307997
1.8353065270427429,-1.8353065270427429
-2.2454494026367406,2.2454494026367406
-2.033130184685821,2.033130184685821
-1.5153381924607485,1.5153381924607485
-1.4649092066821634,1.4649092066821634
-2.0164877767972262,2.0164877767972262
-2.4020264789523478,2.4020264789523478
-2.205732367372471,2.205732367372471
-2.155420301633379,2.155420301633379
-1.9060961870333362,1.9060961870333362
-1.9963967208274371,1.9963967208274371
22.94341350406717,2.05658649593283
-0.9102624738095444,2.0517525583958633
23.0,2.0
-2.0,2.0
2.0,-2.0
2.0,-2.0
-2.0,2.0
-2.0,2.0
-2.0,2.0
-24.195000000000004,2.0
-2.0,2.0
-2.0,2.0
-25.0,2.0
-25.0,2.0
-25.0,2.0
-1.9999999999999996,0.0
2.0,-2.0
0.0,0.0
0.0,0.0
0.0,0.0
0.0,0.0
0.0,0.0
2.0,-2.0
2.0,-2.0
2.0,-2.0
4.21606648199446,-2.0
-2.0,2.0
-2.0,2.0
-2.0,2.0
-2.0,2.0
-2.0,2.0
-2.0,2.0
-2.0,2.0
-2.0,2.0
-1.9754133455976606,2.0
-2.0,2.0
-2.0,2.0
-2.0,2.0
-2.0221894555981113,2.0221894555981113
-2.0221894555981113,2.0221894555981113
1.9771642495547066,-1.9771642495547066
1.9739327753187963,-1.9739327753187963
22.971563026723988,2.028436973276012
25.0,0.0
25.0,0.0
-2.1055614884191787,2.1055614884191787
-2.3453231985780807,2.3453231985780807
4.6185785259794665,-1.5960737676394308
-2.1894134619278307,2.1894134619278307
-2.1135863193922484,2.1135863193922484
-2.0092097015723445,2.0092097015723445
23.111875910177538,1.8881240898224618
-1.8970163242970202,1.8970163242970202
-1.4746607482216039,1.4746607482216039
-1.4069651498631508,1.4069651498631508
-1.6330402234725998,1.6330402234725998
0.0,0.0
0.0,0.0
-2.3321671498225562,2.3321671498225562
-2.020374066369028,2.020374066369028
-2.0010003684890467,2.0010003684890467
-25.0,1.9685089048826683
-1.8757580205442999,1.8757580205442999
-2.0107269797096734,2.0107269797096734
-2.0303872184691674,2.0303872184691674
-1.7599052511557325,1.7599052511557325
-1.9911797163189746,1.9911797163189746
-1.7693939198398478,1.7693939198398478
-2.086661575075073,2.086661575075073
-1.7585015795345083,1.7585015795345083
1.7310662370421674,-1.7310662370421674
2.2750066623910232,-2.2750066623910232
1.910755770125446,-1.910755770125446
2.0296159564542684,-2.0296159564542684
-2.218244428913172,2.218244428913172
-2.048312433268797,2.048312433268797
-2.0640734439365955,2.0640734439365955
-2.4904102972542264,2.4904102972542264
-2.183211966229882,2.183211966229882
1.850659185399877,-1.850659185399877
2.1160881873358326,-2.1160881873358326
1.8000209742874622,-1.8000209742874622
-2.0185260670403675,2.0185260670403675
1.8615237552235016,-1.8615237552235016
-2.30297090633057,2.30297090633057
-2.1883324643697133,2.1883324643697133
1.8349234206245413,-1.8349234206245413
2.0606223304362157,-2.0606223304362157
2.30839498632733,-2.30839498632733
2.5027621657178756,-2.5027621657178756
-1.9539240372302191,1.9539240372302191
1.6430757813023067,-1.6430757813023067
-2.219039674525915,2.219039674525915
23.021261538382692,1.9787384616173078
-1.9362356604593076,1.9362356604593076
-1.999365482460271,1.999365482460271
0.5196577231216949,-0.5196577231216949
0.5196577231216949,-0.5196577231216949
-2.0,2.0
0.5196577231216949,-0.5196577231216949
-2.0,2.0
-2.0,2.0
-2.0,2.0
-2.0,2.0
-2.0,2.0
-25.0,2.0
-2.0,2.0
-2.0,2.0
-25.0,2.0
-25.0,2.0
-25.0,2.0
-2.5310089048826816,0.0
0.0,0.0
0.0,0.0
0.0,0.0
0.0,0.0
2.0,-2.0
0.0,0.0
0.0,0.0
0.0,0.0
2.0,-2.0
0.0,0.0
0.0,0.0
0.0,0.0
0.0,0.0
0.0,0.0
0.0,0.0
0.0,0.0
2.0,-2.0
2.0,-2.0
2.0,-2.0
2.0,-2.0
2.0,-2.0
25.0,-2.0
2.0,-2.0
-2.0,2.0
25.0,-2.0
25.0,-2.0
25.0,-2.0
13.263157894736851,-2.0
0.0,2.000000000000006
-2.046317800668607,2.046317800668607
0.0,0.0
-2.295458675453045,2.295458675453045
-2.094823729896823,2.094823729896823
-1.9151580226245613,1.9151580226245613
-1.7872238313954085,1.7872238313954085
-1.6056932416038983,1.6056932416038983
-2.339313630832949,2.339313630832949
-2.1286833630881405,2.1286833630881405
0.0,0.0
0.0,0.0
-2.218291133814237,2.218291133814237
-1.9766677461810307,1.9766677461810307
-1.9700034617167752,1.9700034617167752
-1.5134744144492966,1.5134744144492966
-1.8662693518601827,1.8662693518601827
-4.200111722099583,1.8851286646811278
-2.299314669953885,2.299314669953885
-1.7670018715284996,1.7670018715284996
-1.7564251048790105,1.7564251048790105
-2.211834496815534,2.211834496815534
-2.2196222234946124,2.2196222234946124
-1.808706823591093,1.808706823591093
-1.9490260185177615,1.9490260185177615
1.7684118546228422,-1.7684118546228422
2.283191380729164,-2.283191380729164
-1.9794151304288672,1.9794151304288672
-2.100296250449757,2.100296250449757
2.02053879581738,-2.02053879581738
-2.08003831518608,2.08003831518608
-1.6117465754704234,1.6117465754704234
-2.373565364291661,2.373565364291661
-1.623276374560584,1.623276374560584
1.8370447067391673,-1.8370447067391673
2.094901834376646,-2.094901834376646
-2.2021394429604904,2.2021394429604904
1.635227780054958,-1.635227780054958
1.987698307747631,-1.987698307747631
1.6036110866225952,-1.6036110866225952
1.6075715360035208,-1.6075715360035208
2.28066742262967,-2.28066742262967
1.7505825742145928,-1.7505825742145928
2.3238801856199194,-2.3238801856199194
2.159907482892626,-2.159907482892626
2.5650781799650417,-2.5650781799650417
-1.900131036280266,1.900131036280266
1.802398821784297,-1.802398821784297
2.0048091058349216,-2.0048091058349216
-1.9045884155523887,1.9045884155523887
-1.989534488473068,1.989534488473068
-2.0,2.0
-2.003151210723018,2.003151210723018
-2.0221894555981113,2.0221894555981113
-2.0,2.0
-2.0,2.0
-2.0,2.0
2.0,-2.0
2.565078179965048,-1.1080332409972315
1.1080332409972315,-1.1080332409972315
-2.0,2.0
-2.0,2.0
-2.0,2.0
-2.0,2.0
-25.0,2.0
-25.0,2.0
-25.0,2.0
-25.0,2.0
-2.000000000000003,2.000000000000003
-2.000000000000003,0.0
0.0,0.0
0.0,0.0
0.0,0.0
2.0,-2.0
2.0,-2.0
0.0,0.0
0.0,1.9999999999999998
-1.8049999999999997,2.0
-1.9809875000000001,2.0
-1.99814628125,2.0
-1.9997997367555402,2.0
-2.0,2.0
-2.0,2.0
-2.0,2.0
-2.0,2.0
23.0,2.0
25.0,-2.0
25.0,-2.0
25.0,-2.0
9.047091412742397,-2.0
2.000000000000006,-2.000000000000006
-2.0,2.0
-2.0,2.0
-2.0,2.0
-2.0,2.0
-2.0,2.0
-2.0,2.0
-2.0,2.0
-2.0786416059086394,2.0786416059086394
-2.1188702057923976,2.1188702057923976
2.000000000000006,-2.000000000000006
2.000000000000006,5.329070518200751e-15
-1.9926278838256741,1.9926278838256741
-1.6914642678221605,1.6914642678221605
-1.5356743899910739,1.5356743899910739
-1.9460182860038497,1.9460182860038497
0.0,0.0
0.0,0.0
-2.2088021495564654,2.2088021495564654
-2.1912161764368747,2.1912161764368747
0.0,0.0
-2.108410280288987,2.108410280288987
-1.4897912427250166,1.4897912427250166
-1.2266362645531217,1.2266362645531217
-2.634760630060728,2.634760630060728
-2.773189639772422,1.8648448523776728
-25.0,1.9083447873947463
-1.5866799288388975,1.5866799288388975
-2.233022743216657,2.233022743216657
-1.8405620907072784,1.8405620907072784
-1.7767291138964403,1.7767291138964403
-1.8088425202631102,1.8088425202631102
-2.157242147795311,2.157242147795311
-1.6799262638169514,1.6799262638169514
-1.938465661698376,1.938465661698376
2.3583597632581577,-2.3583597632581577
2.0398329691360884,-2.0398329691360884
-1.9650988159575444,1.9650988159575444
-1.5615394379719012,1.5615394379719012
-2.064310124178485,2.064310124178485
1.5976688346829295,-1.5976688346829295
2.356284550897284,-2.356284550897284
1.9134678101238247,-1.9134678101238247
-1.8351462156255707,1.8351462156255707
2.2093591370590406,-2.2093591370590406
-2.0601073142298665,2.0601073142298665
-2.0705540645331464,2.0705540645331464
-1.9290631446223072,1.9290631446223072
-1.9308126849703413,1.9308126849703413
-2.5323064869522662,2.5323064869522662
-1.3297089320270494,1.3297089320270494
-2.140698514460999,2.140698514460999
-1.613076087282523,1.613076087282523
-2.098146641599515,2.098146641599515
-2.073654299574931,2.073654299574931
-2.0912963166034606,2.0912963166034606
-1.974900575620391,1.974900575620391
-2.0,2.0
2.0,-2.0
1.9999999999791822,-1.9999999999791822
-2.0,2.0
-2.0,2.0
-2.0,2.0
-2.0,2.0
-2.0,2.0
-2.0,2.0
-2.0,2.0
-2.0,2.0
-2.0,2.0
-2.0,2.0
-25.0,2.0
-25.0,2.0
-25.0,2.0
-2.0,2.0
-1.999999999999999,-1.1102230246251565e-15
2.0,-2.0
0.0,0.0
0.0,0.0
0.0,2.0
-1.7839335180055402,2.0
-2.0,2.0
-2.0,2.0
-2.0,2.0
-2.0,2.0
-2.0,2.0
-2.0,2.0
-2.0,2.0
-2.0,2.0
-2.0,2.0
-2.0,2.0
-2.0,2.0
-2.0,2.0
-2.0,2.0
-2.0,2.0
-2.0,2.0
-1.9921227220842075,2.0
-2.002585179388728,2.002585179388728
-2.0071092433190025,2.0071092433190025
-2.0071092433190025,2.0092635592708246
-2.009053513465522,2.0116333072492774
-2.0113817773553615,2.0113817773553615
1.9700550037702846,-1.9700550037702846
2.1939873094198488,-1.9569136735673032
1.8483361392407156,-1.8483361392407156
1.5792163751977888,-1.5792163751977888
-2.113124950707395,2.113124950707395
-1.8575421624076345,1.8575421624076345
-2.225340733712284,2.225340733712284
24.99999999999934,6.608047442568932e-13
25.0,-1.9569197779452097
25.0,-1.9681245361698423
8.97307551394621,-2.2506248105926927
25.0,-1.9727300181033236
1.9727300181033227,-1.4937699953779804
-2.478869137512455,2.478869137512455
1.400893258687809,-2.095248965398082
2.1126623197279173,-2.1126623197279173
2.2631391994890975,-2.2631391994890975
1.8765576841882252,-1.8765576841882252
2.065715058094333,-2.065715058094333
1.788547978455357,-1.788547978455357
2.1803907377465777,-2.1803907377465777
2.263139199489104,-2.263139199489104
2.2592014714113997,-2.2592014714113997
-22.90176949470144,-2.0982305052985595
-25.0,0.0
-25.0,0.0
-13.969983047619895,-1.9817914000574177
1.7779131462531916,-1.7779131462531916
1.801902424423643,-1.801902424423643
2.011310159825686,-2.011310159825686
2.102338012003109,-2.102338012003109
1.9199818815278933,-1.9199818815278933
2.0618170922972663,-2.0618170922972663
2.293186229557265,-2.293186229557265
1.7755589667805456,-1.7755589667805456
2.4139669971555957,-2.4139669971555957
1.8039511285974266,-1.8039511285974266
1.6069668968789115,-1.6069668968789115
1.7266930173193886,-1.7266930173193886
1.8826520426300117,-1.8826520426300117
2.0326445168294676,-2.0326445168294676
1.2495178791915382,-1.2495178791915382
2.0579655158276093,-2.0579655158276093
1.500976119809331,-1.500976119809331
-1.5824092705542716,1.5824092705542716
2.5203509790003658,-2.5203509790003658
1.5436719731512962,-1.5436719731512962
-1.6180092924576077,1.6180092924576077
1.8612891262103766,-1.8612891262103766
1.9560009063527857,-1.9560009063527857
1.9391397861973334,-1.9391397861973334
-1.9819087342873352,1.9819087342873352
-2.0057424247837763,2.0057424247837763
-2.0057424247837763,2.0057424247837763
-2.0006268476206404,2.0006268476206404
-2.0,2.0
-2.0,2.0
-2.0,2.0
2.0,-2.0
2.0,-2.0
2.0,-2.0
2.0,-2.0
-2.0,2.0
-2.0,2.0
-2.0,2.0
-2.0,2.0
2.0,-2.0
-2.0057424247837763,0.0
2.0,-2.0
2.0,-2.0
2.0,-2.0
0.0,0.0
2.0,-2.0
2.0,-2.0
2.0,-2.0
2.0,-2.0
2.0,-2.0
2.0,-2.0
0.0,0.0
0.0,0.0
0.0,0.0
2.0,-2.0
0.0,0.0
0.0,2.0
-1.8050000000000006,1.9999999999999947
-1.9809874999999941,2.0
25.0,0.0
25.0,-2.0
25.0,-2.0
25.0,-2.0
9.04914539473685,-1.9999999999999991
1.9875049671096239,-1.9498044351791388
1.9610068759097359,-1.9610068759097359
1.9622994680695192,-1.9622994680695192
1.957948288010866,-1.9655309423054295
1.9655309423054295,-1.9655309423054295
1.970701301082886,-1.970701301082886
1.9685469832819835,-1.9685469832819835
1.792323935587731,-1.792323935587731
1.6553375806068371,-1.5674091868641382
1.6860630669154497,-1.6860630669154497
1.882772907340203,-1.882772907340203
1.8786311711501256,-1.9012068268730609
1.907787484318514,-1.907787484318514
1.907787484318503,-2.056514823731665
2.072582320233374,-2.072582320233374
-2.2485142539823633,2.2485142539823633
-1.462541078154569,2.0703969088525156
1.4647264895354262,-1.4647264895354262
1.4647264895354315,-1.4647264895354315
-2.3641148673969554,2.0381427566353523
1.8259144238973093,-1.8259144238973093
1.8259144238973164,-1.8259144238973164
1.8259144238973128,-1.8259144238973128
1.8259144238973173,-1.8259144238973173
1.8259144238973142,-1.8259144238973142
-1.9103814997696063,1.9103814997696063
1.8259144238973142,-1.8259144238973142
1.8259144238973142,-1.8259144238973142
-2.1174331622570666,2.1174331622570666
-1.7046432548377943,1.7046432548377943
-2.211713666818438,1.7574481946712792
-1.9848701366438979,1.9848701366438979
1.7951857547325192,-1.7951857547325192
2.0514833173627824,-2.0514833173627824
2.0280456619427563,-2.0280456619427563
1.839865304075162,-1.839865304075162
2.1191227436104914,-2.1191227436104914
1.8208879667069287,-1.8208879667069287
2.0234679504909874,-2.0234679504909874
1.9879886355110141,-1.9879886355110141
1.8580669613973146,-1.8580669613973146
1.9996364591484603,-1.9996364591484603
1.8493325137506798,-1.8493325137506798
1.5822259222602222,-1.5822259222602222
1.9810327609887546,-1.9810327609887546
2.329255667273679,-2.329255667273679
1.862730508883475,-1.862730508883475
1.449861076902927,-1.449861076902927
2.1278199535657345,-2.1278199535657345
2.040718468814406,-2.040718468814406
-1.9314154306530167,1.9314154306530167
-1.8314161350134173,1.8314161350134173
-2.505427185241534,2.505427185241534
-1.926069612922908,1.926069612922908
-1.9616807587976128,1.9616807587976128
-2.0858542390466406,2.0858542390466406
-1.960755881444052,1.960755881444052
1.9964195271876204,-1.9964195271876204
-1.9663504858569638,1.9663504858569638
-1.9711347217758433,1.9711347217758433
2.329255667273661,-2.0
2.0,-2.0
-2.0,2.0
-2.0,2.0
-2.0,2.0
-2.0,2.0
2.0,-2.0
-22.194999999999965,1.9999999999999716
-2.0,2.0
-2.0,2.0
2.0,-2.0
-25.0,2.0
-25.0,0.0
-25.0,0.0
0.0,0.0
2.0,-2.0
2.0,-2.0
2.0,-2.0
0.0,2.0
-1.805,2.0
-1.9809875,1.9809875
-1.9809875,0.0
0.0,0.0
0.0,0.0
0.0,0.0
0.0,0.0
0.0,0.0
0.0,0.0
0.0,0.0
2.0,-2.0
2.0,-2.0
25.0,-2.0
-2.0,2.0
-2.0,2.0
-2.0,2.0
23.0,2.0
-2.020896865903747,2.020896865903747
22.978456836775877,2.02154316321635
22.983842628775164,2.0161573711795526
7.263157894789908,-1.9952605043512728
1.9952605043512721,-1.990951872139451
1.987872609185971,-1.9855660813353642
1.9784568367836517,-1.9784568367836517
1.8655706717861298,-1.8655706717861298
1.6299593370405918,-1.6299593370405918
1.5549347969286054,-1.5549347969286054
1.8735146074248572,-1.8735146074248572
1.9886453442888383,-1.9886453442888383
1.9886453442888499,-1.9599316129166464
1.9599316129166464,-1.9599316129166464
1.9599316129166393,-1.9599316129166393
-1.5597053238840974,1.5597053238840974
1.9599316129166295,-1.6997802648011344
1.6997802648011398,-1.6997802648011398
1.6997802648011406,-1.6997802648011406
1.6997802648011442,-1.6997802648011442
-2.2089823421139574,2.2089823421139574
-2.143490710167965,2.143490710167965
1.6997802648011442,-1.6997802648011442
-24.99999999996562,-1.446309738639684e-11
2.030768431445436,-2.030768431445436
-1.7869688478814805,1.7869688478814805
-2.0240921551822613,2.0240921551822613
-18.453303818102146,1.6264769225782203
-2.1187958093030304,2.1187958093030304
-1.8174980744957807,1.8174980744957807
-1.988374897665775,1.988374897665775
-1.7759300813998244,1.7759300813998244
-25.0,2.2746494330125984
-1.7301182537799917,1.7301182537799917
-1.8277220297980303,1.8277220297980303
-2.0405442721563762,2.0405442721563762
-1.9856937838856688,1.9856937838856688
1.6499732746982332,-1.6499732746982332
1.996128542390025,-1.996128542390025
2.059762076650368,-2.059762076650368
2.0204529597829897,-2.0204529597829897
1.2569553191126266,-1.2569553191126266
-2.056946528492868,2.056946528492868
24.99999999997445,-1.7742613279076878
-1.538845905232372,1.538845905232372
1.529782629836343,-1.529782629836343
-2.6832706124380863,2.6832706124380863
-1.9246561585183528,1.9246561585183528
-1.999276074033479,1.999276074033479
-2.1302088461405226,2.1302088461405226
22.1329323477194,2.8670676522259164
23.529442971580846,1.470557028400922
-1.8581912974177186,1.8581912974177186
-2.2522645313084912,2.2522645313084912
-2.3789190713631703,2.3789190713631703
-2.140920776931485,2.140920776931485
0.0,0.0
0.0,0.0
-2.0,2.0
0.0,0.0
-2.0,2.0
0.0,0.0
-2.0,2.0
-2.0,2.0
-2.0,2.0
-2.0,2.0
-2.0,2.0
0.0,0.0
0.0,0.0
0.0,0.0
-24.0,2.0
-25.0,2.0
-23.0,-2.0
-23.0,-2.0
0.0,0.0
0.0,0.0
0.0,0.0
0.0,0.0
0.0,0.0
0.0,0.0
2.0,-2.0
2.0,-2.0
0.0,0.0
2.0,-2.0
0.0,0.0
0.0,0.0
2.0,-2.0
0.0,0.0
0.0,2.0
-1.805,2.0
-1.9809875,1.999999999999989
23.0,2.0
2.0,-2.0
2.0,-2.0
-2.0,2.0
25.0,-2.0
2.0,-2.0
2.0,-2.0
7.0491453947692575,-2.0
2.0,-2.0
-2.0,2.0
2.0,-2.0
-2.007540106139554,2.007540106139554
-2.2307272604439987,2.2307272604439987
-2.4417302995697794,2.4417302995697794
22.73828750898019,2.2617124909910054
-2.2677412101123737,2.2677412101123737
-1.8895302860329322,1.8895302860329322
22.82134933538819,2.1786506646082167
-1.546414623794293,1.546414623794293
-1.382939896295932,1.382939896295932
-1.693090103297104,1.693090103297104
-1.8978658485785704,1.8978658485785704
-2.2212385917598816,2.2212385917598816
0.0,0.0
-2.2007124188887346,2.2007124188887346
-1.9680822492999557,1.9680822492999557
-2.1860742192884484,2.1860742192884484
0.0,0.0
1.5987211554602254e-14,-1.8625392712480282
-2.3330292970503415,2.3330292970503415
-1.858946149602513,1.858946149602513
2.06375542520556,-2.06375542520556
-1.7785449247122038,1.7785449247122038
-2.062967042699187,2.062967042699187
-1.6743071593008736,1.6743071593008736
-1.892567366896838,1.892567366896838
-1.904210141355792,1.904210141355792
-2.316559507951496,2.316559507951496
2.0637554252055534,-2.0637554252055534
-1.7556759330200205,1.7556759330200205
1.957327499108568,-1.957327499108568
-2.1511301172287967,2.1511301172287967
-1.828047701810866,1.828047701810866
-2.240835084640894,2.240835084640894
-2.3176173108459084,2.3176173108459084
-2.1309359278436037,2.1309359278436037
-2.1997959929921445,2.1997959929921445
-2.2361159961913035,2.2361159961913035
-2.1858615226444043,2.1858615226444043
1.9028266664485427,-1.9028266664485427
1.9570983926344203,-1.9570983926344203
-2.1923642333968614,2.1923642333968614
-2.3381018279944836,2.3381018279944836
-1.7386639883804262,1.7386639883804262
-2.7337545080327885,2.7337545080327885
2.0637554252055534,-2.0637554252055534
2.006947354033551,-2.006947354033551
1.9007596590027203,-1.9007596590027203
1.8799284841931934,-1.8799284841931934
1.928982121086167,-1.928982121086167
2.007701614517741,-2.007701614517741
1.9800793069614047,-1.9800793069614047
1.9937524829384552,-1.9937524829384552
2.036211685007208,-2.035780821801435
2.0,-2.0
-2.0,2.0
-2.0,2.0
-2.0,2.0
-2.0,2.0
0.06332456199978065,2.0
-2.0,2.0
-2.0,2.0
-3.000000000000015,2.0
-2.0,2.0
-25.0,2.0
-25.0,2.0
-25.0,2.0
-25.0,2.0
-1.9999999999999996,0.0
0.0,0.0
0.0,0.0
0.0,0.0
0.0,0.0
0.0,0.0
0.21606648199446,2.0
-2.0,2.0
-2.0,2.0
-2.0,2.0
-2.0,2.0
-2.0,2.0
-1.9999999999999996,1.9999999999999996
-2.0,2.0
23.0,2.0
-2.0,2.0
-24.562499999999996,2.0
-2.0,2.0
-2.0,2.0
-2.0,2.0
-2.000000000000002,2.000000000000002
-2.0,2.0
-2.0,2.0
-2.0,2.0
-2.0,2.0
2.0,-2.0
-2.0,2.0
-2.0,2.0
-2.0,2.0
22.993752482929267,2.0062475170615457
25.0,-5.729461349801568e-11
24.99999999996621,-5.968558980384842e-13
22.973527630518486,2.026472369481514
-2.0676531537017393,2.0676531537017393
1.4203263715171939,1.626765041326012
-2.1315541366354154,2.1315541366354154
-1.8906720315197996,1.8906720315197996
-24.220950845389027,1.6584508453890052
1.8879088685891716,-1.8879088685891716
25.0,-2.292202902045741
2.2922029020457564,0.0
0.0,0.0
-1.3500311979441904e-14,-1.9325076310759162
2.141282693712945,-3.1086244689504383e-15
0.0,0.0
-1.938403178114518,1.938403178114518
-22.77457753271085,-2.2254224672891496
-2.108693034284628,2.108693034284628
2.1724925602879486,-2.1724925602879486
-1.9035600596247395,1.9035600596247395
-1.829718979892252,1.829718979892252
2.009213488456215,-2.009213488456215
1.973679894807434,-1.973679894807434
-2.011495085988014,2.011495085988014
-2.031777004849534,2.031777004849534
2.1607349170182664,-2.1607349170182664
2.1105568122960827,-2.1105568122960827
2.1565037054406204,-2.1565037054406204
1.9868412096983405,-1.9868412096983405
-2.311729968722359,2.311729968722359
-1.6039544307601599,1.6039544307601599
1.6230813500412662,-1.6230813500412662
1.6945587830914315,-1.6945587830914315
-1.8681968757501184,1.8681968757501184
-2.1292520268159847,2.1292520268159847
-2.0187008948457072,2.0187008948457072
-2.390054087809859,2.390054087809859
-1.706015369093433,1.706015369093433
-2.19473040466843,2.19473040466843
-3.1550469164616444,3.1550469164616444
-1.1697888261881912,1.1697888261881912
2.3722374303478455,-2.3722374303478455
-1.9114623395408943,1.9114623395408943
-1.780481284664503,1.780481284664503
-2.2074188324360433,2.2074188324360433
-2.0788096291570266,2.0788096291570266
-1.9872609226606224,1.9872609226606224
-1.9281804062134786,1.9281804062134786
-2.0465840955257613,2.0465840955257613
-2.025114804088237,2.025114804088237
-1.9749620409861257,1.9749620409861257
-1.935076305099547,1.935076305099547
-1.9861641760047435,1.9861641760047435
-2.0,2.0
23.0,2.0
-2.0,2.0
-2.0,2.0
0.7008310249307423,2.0
0.0,0.0
-2.0,2.0
-25.0,2.0
-2.0,2.0
-2.0,2.0
-25.0,2.0
-25.0,0.0
-22.000000000000007,-2.0
2.0,-2.0
0.0,0.0
0.0,0.0
2.0,-2.0
2.0,-2.0
0.0,0.0
0.0,0.0
2.0,-2.0
2.0,-2.0
2.0,-2.0
0.0,0.0
0.0,2.0
-1.805,2.0
-1.9809875000000003,1.9809875000000003
-1.9809875000000003,1.9809875000000003
-1.9809875000000003,1.9809875000000003
-1.9809875000000003,1.9809875000000003
2.0,-2.0
25.0,-2.0
-2.0,2.0
-2.0,2.0
25.0,-2.0
23.0,2.0
-2.0,2.0
-2.0,2.0
-2.0,2.0
9.06815789473685,-1.9999999999999991
-2.0,2.0
-2.0,2.0
-2.016372803206182,2.016372803206182
1.703996979713966,-1.703996979713966
24.999999999996582,3.417710559006082e-12
-2.1900431891580805,2.1900431891580805
-2.0445429059496583,2.0445429059496583
0.0,-1.9865564952329244
2.201170631837029,-2.201170631837029
2.201170631837031,-2.201170631837031
1.692429923209076,-1.4913325044601917
1.7779346052617893,-1.7779346052617893
2.0000732130881573,-2.0000732130881573
2.0000732130881493,-1.9375473423598502
1.93754734235986,-2.1126503279289954
-19.07013877035942,-1.755076343073906
25.0,-1.8961977262337442
2.1027955938040934,-2.1027955938040934
2.1027955938040854,-2.1027955938040854
1.5515733276477022,-1.6975340115187918
-1.937500006311474,1.937500006311474
2.264524883411946,-2.264524883411946
2.1349847378481686,-2.1349847378481686
2.1613446053213696,-2.1613446053213696
-2.0791667007486208,2.0791667007486208
-2.0695536960440997,2.0695536960440997
-1.8504269231891701,1.8504269231891701
-1.550743032057941,1.550743032057941
-2.3793163785958855,2.3793163785958855
2.052679972665768,-2.052679972665768
-1.9820583753702676,1.9820583753702676
-2.1404157604653564,2.1404157604653564
-2.0999800456465927,2.0999800456465927
-1.7780071872026353,1.7780071872026353
-2.1178320473580623,2.1178320473580623
-2.196504559761622,2.196504559761622
-2.235685553724724,2.235685553724724
1.9160889649093207,-1.9160889649093207
-1.489508488729375,1.489508488729375
-2.0811232574148955,2.0811232574148955
1.4454285293328484,-1.4454285293328484
1.7602088330126602,-1.7602088330126602
1.9708075433918824,-1.9708075433918824
2.2645248834119442,-2.2645248834119442
1.675880925122601,-1.675880925122601
1.7547153268116125,-1.7547153268116125
2.2645248834119514,-2.2645248834119514
-1.8319879544778184,1.8319879544778184
-2.0230258317991403,2.0230258317991403
2.0420082183458668,-2.0420082183458668
1.9839701205774118,-1.9839701205774118
1.9519052533836818,-1.9519052533836818
1.9717747076153274,-1.9717747076153274
2.0066818283871846,-2.0066818283871846
2.045324488209272,-2.045324488209272
1.9885206655751668,-1.9885206655751668
-2.0,2.0
-2.0,2.0
-2.0,2.0
-2.0,2.0
-2.0,2.0
-2.0,2.0
-23.95626629272073,2.0
-25.0,2.0
-2.0,2.0
-2.0,2.0
-2.0,2.0
-25.0,2.0
-25.0,2.0
-1.9999999999999996,0.0
0.0,0.0
2.0,-2.0
2.0,-2.0
2.0,-2.0
0.0,2.0
23.0,2.0
-24.3675,2.0
-1.9999999999999996,1.9999999999999996
-2.0,2.0
-2.0,2.0
-2.0,2.0
-2.0,2.0
-2.0,2.0
-2.0,2.0
-2.0,2.0
-2.0,2.0
-2.0,2.0
23.0,2.0
-2.0,2.0
-2.0,2.0
-2.0,2.0
23.0,2.0
-2.0,2.0
-2.0,2.0
-2.0,2.0
-2.0,2.0
-2.0,2.0
-1.1116440295924148,2.0
22.973717342059455,2.026282657940545
22.752280279124236,2.2477197208757644
1.8482523840201175,-1.8482523840201175
2.0257459189257445,-2.0257459189257445
-2.063141554930871,2.063141554930871
-1.794582693476189,1.794582693476189
2.1587354423347964,-2.1587354423347964
2.158735442334797,-1.8372640304299857
1.8372640304299854,-1.8372640304299854
-2.127980439337354,1.9040491987913073
1.995766263833107,-1.995766263833107
2.0853872886527487,-2.0853872886527487
2.0853872886527487,-2.0853872886527487
-22.772454596896132,1.877905183698708
24.999999999991992,-2.1600961959388236
1.510930890783139,-1.510930890783139
-1.455702345272722,1.455702345272722
-2.0175395837921775,2.0175395837921775
-2.5492862430789662,2.5492862430789662
-1.6816619189241289,1.6816619189241289
-1.6452781698464891,1.6452781698464891
-2.1843044822264375,2.1843044822264375
2.3973387900814966,-2.3973387900814966
-2.1481163888154233,2.1481163888154233
-2.2766495388433796,2.2766495388433796
-1.3610573878519387,1.3610573878519387
-2.3063791018137554,2.3063791018137554
-1.6907378172663936,1.6907378172663936
-2.2522771542547257,2.2522771542547257
1.961141522313179,-1.961141522313179
2.397338790081503,-2.397338790081503
1.901574470182127,-1.901574470182127
1.787986257347943,-1.787986257347943
-1.7532630568473877,1.7532630568473877
-2.133505012975884,2.133505012975884
-1.5784765916550612,1.5784765916550612
-2.7323577790319935,2.7323577790319935
1.929611927209831,-1.929611927209831
2.1004041766400565,-2.1004041766400565
-1.8940076450621408,1.8940076450621408
-2.192869782393535,2.192869782393535
2.3973387900815144,-2.3973387900815144
2.107602411730009,-2.107602411730009
2.12238751086708,-1.9171581284553418
1.9536673180611839,-1.9536673180611839
2.1921094076697627,-2.1921094076697627
2.0677879825462018,-2.0677879825462018
2.005794090108245,-2.005794090108245
1.9912350403255163,-1.9912350403255163
2.004001000595702,-2.004001000595702
2.019789969733434,-2.019789969733434
2.0,-2.0
2.0,-2.0
2.0,-2.0
2.0,-2.0
2.0,-2.0
2.0,-2.0
2.0,-2.0
2.0,-2.0
2.0,-2.0
-2.0,2.0
-25.0,2.0
-2.0,2.0
-24.021621259578033,2.0
-25.0,2.0
-25.0,2.0
-1.9999999999999996,0.0
0.0,0.0
0.0,0.0
2.0,-2.0
1.9999999999999991,-1.9999999999999991
8.916897506925208,-2.0
2.0,-2.0
25.0,-2.0
2.0,-2.0
2.0,-2.0
2.0,-2.0
2.0,-2.0
-23.0,-2.0
-1.9999999999999847,1.9999999999999847
-2.0,2.0
-2.0,2.0
-2.0,2.0
-2.0,2.0
-2.0,2.0
-2.0,2.0
2.0,-2.0
25.0,-2.0
-2.0,2.0
-2.0,2.0
-2.0,2.0
23.0,2.0
23.0,2.0
23.0,2.0
-2.0,2.0
5.047091412742385,-2.0
2.000000000000006,-1.9879358299301775
1.8042864739906277,-1.7582947163804372
1.7257871631402695,-1.7257871631402695
1.8721917226595317,-1.8721917226595317
1.9419440723199894,-1.9419440723199894
1.8470610145758672,-1.8470610145758672
1.684984909520236,-1.684984909520236
1.9419440723199823,-1.9754111318834315
1.979026686794712,-2.0664285436244207
1.845519121693382,-1.845519121693382
2.0758708494869165,-2.0758708494869165
2.0758708494869165,-2.0758708494869165
1.8806165925497744,-1.8806165925497744
1.7595505463665564,-1.7595505463665564
-1.9306072465203847,1.9306072465203847
1.899404585724497,-1.899404585724497
-1.9190269556452897,1.9190269556452897
2.0758708494869147,-2.0758708494869147
1.575603293518542,-1.575603293518542
2.0758708494869147,-2.0758708494869147
-1.588131567655811,1.588131567655811
-2.244808769180957,2.0883322220091474
2.249252065189742,-2.249252065189742
1.8422497786187684,-1.8422497786187684
-1.6317615190190935,1.6317615190190935
-2.220904714831992,2.220904714831992
1.8666941140009579,-1.8666941140009579
2.2492520651897507,-2.2492520651897507
-1.7307077453691218,1.7307077453691218
-2.2673338045226714,2.2673338045226714
1.8760590778119823,-1.8760590778119823
1.5563116447890817,-1.5563116447890817
2.113043532704185,-2.113043532704185
1.935829990524712,-1.935829990524712
-18.144740226393548,2.5336072815616824
2.0744564483613948,-2.0744564483613948
-23.39377154547578,-1.6062284545242207
2.0847334200378267,-2.0847334200378267
1.7836480663009642,-1.7836480663009642
-25.0,0.0
-25.0,0.0
-2.073708223223374,2.073708223223374
-1.9493201331650143,1.9493201331650143
-2.35891706633439,2.35891706633439
-2.35891706633439,2.35891706633439
-2.1970766947996796,2.1970766947996796
25.0,-1.86549603861652
25.0,0.0
0.3089632435683356,2.1283698406610547
-2.0411687677671124,2.0411687677671124
1.9883465767792265,-1.9883465767792265
2.0,-2.0
2.0,-2.0
2.0,-2.0
2.0,-2.0
-2.0,2.0
-2.0,2.0
-2.0,2.0
-2.0,2.0
-2.0,2.0
-2.0,2.0
-2.0,2.0
-2.0,2.0
-2.0,2.0
-25.0,2.0
-2.0,2.0
-25.0,0.0
0.0,0.0
0.0,0.0
0.0,0.0
0.0,0.0
0.21606648199446,2.0
-2.0,2.0
-2.0,2.0
-2.0,2.0
-2.0,2.0
-2.0,2.0
-2.0,2.0
2.0,-2.0
-2.0,2.0
-2.0,2.0
-2.0,2.0
-2.0,2.0
-2.0,2.0
-2.0,2.0
23.0,2.0
-2.0,2.0
23.0,2.0
23.0,2.0
5.047091412742379,-1.9999999999999996
2.0,-2.0
2.0,-2.0
2.0,-2.0
2.0,-2.0
2.0,-2.0
-2.0,2.0
-2.0051703587774563,2.0051703587774563
-2.148432376661697,2.148432376661697
-2.196230602381637,2.196230602381637
-2.3221340376886843,2.3221340376886843
-1.8075780166241175,1.8075780166241175
-1.8154714604779087,1.8154714604779087
-1.8819823953322974,1.8819823953322974
25.0,-1.9281905834638806
1.9281905834638842,1.7763568394002505e-15
-2.0778659061392055,2.0778659061392055
-2.1979517805473527,2.1979517805473527
-2.2557415218486536,2.2557415218486536
-1.4630690966949,1.4630690966949
-25.0,1.992760109187472
23.016074059724232,1.9839259402655927
0.49278658262794295,-6.716849298982197e-15
-1.5208304363671719,1.5208304363671719
0.0,-1.640214545211405
1.489405611717567,-1.489405611717567
1.8174122384613964,-1.8174122384613964
1.8174122384613902,-1.8174122384613902
1.8174122384613884,-1.8174122384613884
1.5274202454486456,-1.5274202454486456
1.6008825563228228,-1.9561434667518178
2.2110531364436605,-2.2110531364436605
2.2110531364436565,-2.2110531364436565
2.0685205078948457,-2.0685205078948457
-2.0274694244471725,2.0274694244471725
2.2110531364436543,-2.2110531364436543
1.705641098737594,-1.705641098737594
2.211053136443647,-2.211053136443647
1.6990746421066536,-1.6990746421066536
-2.1043955522392555,2.1043955522392555
1.783812480175662,-1.783812480175662
1.6933596031992,-1.6933596031992
1.9589268263964197,-1.9589268263964197
2.2110531364436605,-2.2110531364436605
-2.194644568634038,2.194644568634038
2.211053136443658,-2.211053136443658
-2.7206837627811113,2.7206837627811113
1.2304944680695504,-1.2304944680695504
2.1027984339670045,-1.8448728268461991
1.4970879367955954,-1.4970879367955954
1.7592513825408096,-1.7592513825408096
1.300240348470063,-1.300240348470063
1.8922312809533581,-1.8922312809533581
1.9531275293228516,-1.9531275293228516
1.6787139876180004,-1.6787139876180004
1.8697897337780247,-1.8697897337780247
-2.0873086588563954,2.0873086588563954
1.953127529322851,-1.953127529322851
-2.0163749000452,2.0163749000452
-1.9961981707586849,1.9961981707586849
-1.9907989224639695,1.9907989224639695
1.953127529322851,-1.953127529322851
-2.0,2.0
-2.0,2.0
-2.0,2.0
-2.0,2.0
-2.0,2.0
-2.0,2.0
-25.0,2.0
-2.0,2.0
-24.237302404786142,2.0
-25.0,2.0
-2.0,2.0
2.0,-2.0
-25.0,0.0
0.0,0.0
0.0,0.0
0.0,0.0
0.0,2.0
-1.805,2.0000000000000027
-1.978933518005544,2.0
-1.9999999999999991,1.9999999999999991
-2.0,2.0
-2.0,2.0
-2.0,2.0
-2.0,2.0
23.0,2.0
-22.32,2.0
2.0,-2.0
2.0,-2.0
25.0,-2.0
-25.0,2.0
-2.0,2.0
2.0,-2.0
2.0,-2.0
2.0,-2.0
-2.0,2.0
-2.0,2.0
-2.0,2.0
-1.9999999999999996,1.9999999999999996
1.0470914127423794,2.0
23.0,2.0
23.0,2.0
25.0,0.0
25.0,0.0
-2.541658827817055,2.541658827817055
0.0,0.0
-2.0729136087579416,2.0729136087579416
-1.927349895244694,1.927349895244694
-1.9519501240128738,1.9519501240128738
-1.5564555463761476,1.5564555463761476
-2.1889705543018456,2.1889705543018456
-2.087330591225477,2.087330591225477
-2.174523592337003,2.174523592337003
-1.9831572028399407,1.9831572028399407
-1.9197363652236419,1.9197363652236419
-1.7482233455634528,1.7482233455634528
-2.044670082132967,2.044670082132967
-1.8676073841609888,1.8676073841609888
-1.905051460722289,1.905051460722289
-4.0512742159231685,1.8817810593398652
-2.135097713216961,2.135097713216961
-1.8883159586052187,1.8883159586052187
-1.955574803023973,1.955574803023973
-1.9487647235307168,1.9487647235307168
-2.111413279198061,2.111413279198061
-1.9340160731508824,1.9340160731508824
-1.768562698830337,1.768562698830337
-1.887290975371016,1.887290975371016
-2.0174480674319817,2.0174480674319817
-1.797284950691239,1.797284950691239
-1.9749112632125634,1.9749112632125634
-2.0188889767445932,2.0188889767445932
-2.067242434588649,2.067242434588649
1.877158536428964,-1.877158536428964
1.8369115346563998,-1.8369115346563998
1.7702522801837617,-1.7702522801837617
2.215028733360054,-2.215028733360054
1.7859659548031876,-1.7859659548031876
1.6124484112810373,-1.6124484112810373
1.9421155866019442,-1.9421155866019442
2.0773193325672725,-2.0773193325672725
1.4864392193525724,-1.4864392193525724
1.4433198661644546,-1.4433198661644546
1.5669471081385584,-1.5669471081385584
1.7047177302205752,-1.7047177302205752
1.7685115758980894,-1.7685115758980894
1.3508075555099115,-1.3508075555099115
1.9307360005719705,-1.9307360005719705
2.403870533610311,-2.403870533610311
1.7816378621131963,-1.7816378621131963
1.6754208187323714,-1.6754208187323714
1.662824065111781,-1.662824065111781
1.820034551993903,-1.820034551993903
2.10394342887635,-2.10394342887635
-2.0,2.0
-2.0,2.0
2.403870533610302,-2.0
2.0,-2.0
2.0,-2.0
-2.0,2.0
2.0,-2.0
-2.0,2.0
-2.0,2.0
-2.0,2.0
-2.0,2.0
-20.194999999999983,1.9999999999999822
-25.0,0.0
-23.0,-2.0
-25.0,0.0
0.0,0.0
0.0,0.0
0.0,0.0
0.0,0.0
0.0,0.0
2.0,-2.0
0.0,0.0
0.0,0.0
0.0,0.0
0.0,2.0
-1.805,2.0
-1.9809875,1.9809875
-1.9809875,1.9809875
2.0,-2.0
-1.9809875000000001,2.0
-1.99814628125,1.99814628125
2.044304839001841,-2.0
-2.0,2.0
2.0,-2.0
-2.0,2.0
2.0,-2.0
2.0,-2.0
-2.0,2.0
-2.038131398449161,2.038131398449161
-2.038131398449161,2.038131398449161
25.0,-1.9547593606972562
-2.049118408385837,2.049118408385837
-2.046317800668607,2.046317800668607
1.9459266660960464,-1.9459266660960464
2.7939329974231883,2.165666919068788
-2.3897942129042664,2.3897942129042664
22.489333345350182,2.5106666546496186
22.906837607570477,2.0931623923855973
23.267967160834363,1.7320328391500404
-2.070695441530967,2.070695441530967
-2.2004934107715735,2.2004934107715735
-1.5425387481531363,1.5425387481531363
-1.4885800710338621,1.4885800710338621
-1.8731930378695445,1.8731930378695445
-2.0002859097322006,2.0002859097322006
-2.118540194641792,2.118540194641792
-2.0736971781454177,2.0736971781454177
-1.906990976411148,1.906990976411148
-2.232602399107064,2.232602399107064
-1.8852334351348716,1.8852334351348716
-24.999999999999996,1.8255874895898572
-25.0,0.0
-2.2906799435824983,2.2906799435824983
-1.9201005372224937,1.9201005372224937
-23.57777570256547,1.9454928558668563
-25.0,1.8493495547280965
-2.0173174199384594,2.0173174199384594
-1.9322330819953262,1.9322330819953262
-1.9518232634032202,1.9518232634032202
-1.9642385621716958,1.9642385621716958
1.9824484244089007,-1.9824484244089007
-1.9729938376796152,1.9729938376796152
-1.9903459707202185,1.9903459707202185
-2.0426541976193935,2.0426541976193935
-2.042654197619351,2.042654197619351
1.8817526577108374,-1.8817526577108374
1.8483813747519466,-1.8483813747519466
1.8795657322757933,-1.8795657322757933
1.9072219763272305,-1.9072219763272305
1.7950721482164127,-1.7950721482164127
1.8451284415074376,-1.8451284415074376
1.7500801809544786,-1.7500801809544786
1.671961815890592,-1.671961815890592
1.7592564317193027,-1.7592564317193027
1.978030393226991,-1.978030393226991
1.8479824896509534,-1.8479824896509534
-2.042654197619351,2.042654197619351
2.4171235379461815,-1.7895477157970925
-2.6090413771089036,2.6090413771089036
-1.5146527664802407,1.5146527664802407
-1.4960541174990283,1.4960541174990283
-2.1727945642765976,2.1727945642765976
-2.2688210242692803,2.2688210242692803
-2.2256269195714338,2.2256269195714338
-2.0344243325251115,2.0344243325251115
-1.9795910824653542,1.9795910824653542
-2.0185170731911746,2.0185170731911746
-2.0501522227515654,2.0501522227515654
-2.0,2.0
2.0,-2.0
2.0,-2.0
2.0,-2.0
-2.0,2.0
2.0,-2.0
2.0,-2.0
-2.0,2.0
-2.0,2.0
2.0,-2.0
-2.0,2.0
-2.0,2.0
-2.6090413771089036,0.0
0.0,0.0
2.0,-2.0
2.0,-2.0
0.0,0.0
0.0,0.0
0.0,0.0
2.0,-2.0
2.0,-2.0
2.0,-2.0
2.0,-2.0
25.0,-2.0
-2.0,2.0
-2.0,2.0
23.0,2.0
23.0,2.0
-2.0,2.0
-2.0,2.0
25.0,0.0
3.2631578947368425,2.0
2.0,-2.0
2.000000000000006,-2.000000000000006
-2.0,2.0
2.000000000000006,-2.000000000000006
-2.018311686515019,2.018311686515019
-2.015726508359,2.015726508359
-2.0090481278605488,2.0090481278605488
-2.0,2.0
-2.0,2.0
-2.0092635592708246,2.0092635592708246
2.000000000000006,-1.8375645551671285
1.8375645551671378,-4.440892098500626e-15
0.0,0.0
-2.1876355199507684,2.1876355199507684
-1.8978210371194386,1.897821037119439
-1.5226399357098206,1.5226399357098206
-2.7389434856559394,2.7389434856559394
-1.3707694826843984,1.3707694826843984
-1.8747065291230047,1.8747065291230047
-1.757532768411047,1.757532768411047
-2.335606902671329,2.335606902671329
-1.768308346463722,1.768308346463722
-2.1965039286143098,2.1965039286143098
-1.8355097564771112,1.8355097564771112
0.0,0.0
-1.5876512645516057,1.5876512645516057
-2.284261806569811,2.284261806569811
-25.0,0.0
-1.676143166830613,1.676143166830613
-1.400762865231064,1.400762865231064
-2.3291022984769354,2.3291022984769354
-1.9086710905548951,1.9086710905548951
-2.196851059635746,2.196851059635746
-1.9057293129350565,1.9057293129350565
-1.956895163200052,1.956895163200052
2.4962540902132684,-2.4962540902132684
2.2383048150682834,-2.2383048150682834
1.9933439204507986,-1.9933439204507986
1.897442979879731,-1.897442979879731
1.5682005666995975,-1.5682005666995975
2.193099520014994,-2.193099520014994
1.7418077331400106,-1.7418077331400106
1.980287376013635,-1.980287376013635
2.221179263912582,-2.221179263912582
1.946481232556982,-1.946481232556982
-2.0217815248741227,2.0217815248741227
-2.240108002937812,2.240108002937812
-1.9748797058469796,1.9748797058469796
1.9045515920514209,-1.9045515920514209
2.207987653950714,-2.207987653950714
-2.598507528476609,2.598507528476609
-1.8249134242609593,1.8249134242609593
-1.9912478802286389,1.9912478802286389
-2.4357939646361597,2.4357939646361597
-1.6560979282109818,1.6560979282109818
-1.4835741261311046,1.4835741261311046
-1.86229123035453,1.86229123035453
-2.1086430158601766,2.1086430158601766
1.9990446007569123,-1.9990446007569123
4.614487074740277,-1.9136560498095392
25.0,-2.0
1.981149232321955,-1.981149232321955
2.000000000000006,-2.000000000000006
2.0,-2.0
-2.0,2.0
2.0,-2.0
-2.0,2.0
-2.0,2.0
-2.0,2.0
-2.0,2.0
-2.0,2.0
-25.0,2.0
-2.0,2.0
-22.194999999999997,2.0
-25.0,0.0
-25.0,2.0
-1.9999999999999996,0.0
2.0,-2.0
0.0,0.0
0.0,0.0
0.0,0.0
0.0,0.0
0.21606648199446,2.0
-2.0,2.0
-2.0,2.0
-1.9999999999999993,1.9999999999999993
-2.0,2.0
-2.0,2.0
-2.0,2.0
2.0,-2.0
2.0,-2.0
9.047091412742391,-2.0
-2.0,2.0
2.0,-2.0
25.0,-2.0
25.0,0.0
25.0,-2.0
25.0,-2.0
2.0,-2.0
2.0,-2.0
2.0,-2.0
-2.0,2.0
2.0,-2.0
2.0,-2.0
2.0,-2.0
2.0,-2.0
2.000000000000006,-1.899608870358278
1.7138735673145369,-1.7138735673145369
-2.318950846222119,2.318950846222119
-25.0,2.267118109928898
-25.0,1.9129174496680221
-25.0,1.185262033681859
-2.4362673251199354,2.4362673251199354
-1.4456033571381912,1.4456033571381912
2.028245226923379,2.028928637031826
22.885762967729388,2.114237032270612
-2.0658690580383876,2.0658690580383876
23.028654719098547,1.9713452809014527
25.0,0.0
0.0,0.0
0.0,0.0
-2.0053710636225768,2.0053710636225768
-25.0,1.3432464107157287
-25.0,1.9317363690610172
22.79894564612809,1.9914378555694583
-1.876242741679686,1.876242741679686
-2.1043936587973207,2.1043936587973207
-1.868674023117765,1.868674023117765
-25.0,2.304763364695802
-25.0,2.046932745245414
-25.0,1.9758447300865711
-1.7676702565315914,1.7676702565315914
1.7352980797671238,-1.7352980797671238
2.0050586457032855,-2.0050586457032855
2.2612880444238845,-2.2612880444238845
25.0,-1.791860870694478
2.2339088740422843,-2.2339088740422843
10.284939471676251,-1.9412793164139401
-1.6896383586494093,1.6896383586494093
25.0,-1.5173199950194913
25.0,-2.054887094814788
1.071437140605787,-1.071437140605787
1.9659129959896395,-1.9659129959896395
2.4701492062539936,-2.4701492062539936
1.4001954637978447,-1.4001954637978447
2.082914453485503,-2.082914453485503
1.5846321713860831,-1.5846321713860831
25.0,-2.3728903522418
2.467154412259972,-2.467154412259972
-1.9510163415652109,1.9510163415652109
-2.597481282947783,2.597481282947783
0.06592144326525906,2.4012329689947114
0.0,0.0
-1.6333119323902885,1.6333119323902885
-2.009811106066982,2.009811106066982
-2.083142356835088,2.083142356835088
-2.078417104837532,2.078417104837532
-2.0,2.0
-2.0,2.0
-2.0,2.0
-2.0,2.0
-2.0,2.0
-2.0,2.0
-2.0,2.0
-2.0,2.0
-2.0,2.0
-2.0,2.0
-25.0,2.0
-2.0,2.0
-2.0,2.0
-25.0,2.0
-25.0,1.0000000000000036
-23.0,-2.0
2.0,-2.0
0.0,0.0
0.0,0.0
2.0,-2.0
0.0,0.0
0.0,0.0
25.0,-2.0
-16.7575,-2.0
2.0,-2.0
2.0,-2.0
-2.0,2.0
-2.0,0.0
2.0,-2.0
2.0,-2.0
4.21606648199446,-2.0
2.0,-2.0
-2.0,2.0
-2.0,2.0
-2.0,2.0
-2.0,2.0
-2.0,2.0
-2.0,2.0
-2.0,2.0
25.0,-2.0
25.0,-2.0
25.0,-2.0
2.0,-2.0
2.0,-2.0
-2.002800610799004,2.002800610799004
-25.0,2.1962581953531704
1.5591804854477123,-1.5591804854477123
25.0,-1.6794893520904282
25.0,-1.894192571224469
12.88807727472413,-2.435043530482547
-1.434704074212422,1.434704074212422
1.7235928217243126,-1.7235928217243126
0.45587328521062176,1.9791702452719253
-1.8262950057262728,1.8262950057262728
-1.9612645960389585,1.9612645960389585
-1.8628914514479575,1.8628914514479575
-1.943654954895183,1.943654954895183
0.0,0.0
-1.8584191415972438,1.8584191415972438
-2.0405524770714276,2.0405524770714276
-1.9217667661253843,1.9217667661253843
-3.6621828123742404,1.6799792801911337
2.1070583627473223,-2.1070583627473223
1.6060776103167242,-1.6060776103167242
2.196347404081008,-2.196347404081008
-1.672042602746492,1.672042602746492
-2.0305872921669765,2.0305872921669765
-2.2677850748505373,2.2677850748505373
2.19634740408101,-2.19634740408101
2.128989469534318,-2.128989469534318
-1.9613542189572213,1.9613542189572213
1.9039646250515396,-1.9039646250515396
2.1963474040810054,-2.1963474040810054
2.0306743904959914,-2.0306743904959914
1.9052250262330066,-1.9052250262330066
1.591501894300297,-1.591501894300297
2.1086898785480708,-2.1086898785480708
2.0403448296058793,-1.874712840596122
1.9551216392541724,-1.9551216392541724
1.7689470675431638,-1.7689470675431638
2.0307154150712527,-2.0307154150712527
1.9269238708092962,-1.9269238708092962
1.718214815481307,-1.718214815481307
1.706085426445032,-1.706085426445032
2.009507603103466,-2.009507603103466
1.5840164871835185,-1.5840164871835185
1.8607001079817316,-1.8607001079817316
2.0307154150712545,-2.0307154150712545
1.2168951369443235,-1.2168951369443235
1.8865926108706166,-1.783070250937103
1.927193055137736,-1.927193055137736
1.927193055137733,-1.927193055137733
-1.5900729767866042,1.5900729767866042
1.9271930551377339,-1.9271930551377339
-2.2096108070495823,2.2096108070495823
-2.177936052995382,2.177936052995382
-1.9697564119217894,1.9697564119217894
-1.9350088678721884,1.9350088678721884
-2.0,2.0
-0.07280694486226635,2.0
-1.9999999999999847,1.9999999999999847
-2.0,2.0
-2.0,2.0
-2.0,2.0
-2.0,2.0
-2.0,2.0
-25.0,2.0
-2.0,2.0
-25.0,2.0
-25.0,1.0000000000000036
-25.0,0.0
0.0,0.0
0.0,0.0
0.0,0.0
0.0,0.0
0.0,0.0
0.0,0.0
0.0,0.0
2.0,-2.0
0.0,0.0
0.0,0.0
1.9999999999791822,-1.9999999999791822
2.0,-2.0
2.0,-2.0
2.0,-2.0
2.0,-2.0
25.0,-2.0
2.0,-2.0
2.0,-2.0
2.0,-2.0
2.0,-2.0
2.0,-2.0
2.0,-2.0
2.0,-2.0
2.0,-2.0
-20.74112719648564,2.004739495648728
1.9995691367942268,-1.9995691367942268
-2.0,2.0
-2.0,2.0
-2.0,2.0
-2.021112299163087,2.021112299163087
0.7837250847282596,2.239973198747544
22.69435926164752,2.30564073835248
-2.209668872602259,2.209668872602259
-2.1647704729292845,2.1647704729292845
-1.3775767220147515,1.3775767220147515
-1.636420964047728,1.636420964047728
22.05813823560093,2.9418617643990714
23.033149119105172,1.9668508808948282
-1.5018316399903426,1.5018316399903426
-1.8346551830170679,1.8346551830170679
22.757149661992845,2.2428503380071554
-1.3688905571374628,1.3688905571374628
-2.0462757208939344,2.0462757208939344
-2.089492270768053,2.089492270768053
0.0,0.0
0.0,0.0
-1.9013321096144349,1.9013321096144349
-22.81346819891057,-2.18653180108943
1.7758877945299423,-1.7758877945299423
-1.9613662107561431,1.9613662107561431
-1.9170666120951472,1.9170666120951472
-1.815434222786518,1.815434222786518
-2.022745286819089,2.022745286819089
-23.540367601400895,1.9468788553633551
-1.7272541072794931,1.7272541072794931
-2.280587266921085,2.280587266921085
-25.0,1.699371912490463
-25.0,2.0654493450761073
-2.106679043212991,2.106679043212991
-2.171332511529041,2.171332511529041
2.0261522200076527,-2.0261522200076527
1.9601361046456383,-1.9601361046456383
-1.8751849387852744,1.8751849387852744
-2.084499264385185,2.084499264385185
2.171879085100975,-2.171879085100975
1.5827955327090324,-1.5827955327090324
-2.171332511529041,2.171332511529041
-2.171332511529041,2.171332511529041
-1.9623634235086307,1.7910309119795897
1.9014826382482743,-1.9014826382482743
1.611825784458043,-1.611825784458043
1.228990444025766,-1.228990444025766
2.4787410146081825,-2.4787410146081825
1.8364021987758576,-1.8364021987758576
1.79109939146291,-1.79109939146291
1.8719304276724866,-1.8719304276724866
2.4485434559061803,-2.4485434559061803
-1.7875709624168437,1.7875709624168437
-2.0,2.0
-2.0,2.0
-2.0,2.0
2.001234570984652,-2.001234570984652
2.022618514964528,-2.022618514964528
-1.9595945260129761,1.9595945260129761
2.0,-2.0
2.0,-2.0
2.0,-2.0
2.0,-2.0
-2.0,2.0
2.0,-2.0
-2.0,2.0
-2.0,0.0
0.0,0.0
2.0,-2.0
0.0,0.0
2.0,-2.0
0.0,0.0
2.0,-2.0
0.0,0.0
2.0,-2.0
2.0,-2.0
2.0,-2.0
0.0,1.9999999999999998
-1.7839335180055402,2.0
-2.0,2.0
-2.0,2.0
-2.0,2.0
-1.9999999999999847,1.9999999999999847
-2.0,2.0
-2.0,2.0
-2.0000000000000346,2.0000000000000346
23.0,2.0
2.0,-2.0
-2.0,2.0
-2.0,2.0
-2.0,2.0
-2.0,2.0
2.0,-2.0
2.0,-2.0
5.047091412742378,-1.9999999999999987
-2.0,2.0
-2.0012925896943643,2.0012925896943643
-2.0,2.0
-2.0,2.0
-2.0,2.0
-2.011848738043198,2.011848738043198
-2.194319310811624,2.194319310811624
22.658744565569187,2.3412554344308134
22.775695767960357,2.2243042320396427
22.872589661039562,2.1274103389604377
-2.050685231587136,2.050685231587136
-2.2754692933704987,2.2754692933704987
0.0,0.0
0.0,0.0
0.0,0.0
0.0,0.0
-1.4386449580266838,1.4386449580266838
-2.624606100962768,2.624606100962768
-2.0794166350840566,2.0794166350840566
-2.3087010927735045,2.3087010927735045
-1.9012614211155245,1.9012614211155245
-1.9832266290442293,1.9832266290442293
0.0,0.0
0.0,-2.5674241545226346
-1.2644924803089603,1.2644924803089603
1.7977374833137274,-1.7977374833137274
-2.9151030118248737,2.9151030118248737
-2.7696058843530107,2.7696058843530107
-2.647360854991531,2.647360854991531
-1.4868128585611,1.4868128585611
-1.39458771993338,1.39458771993338
-1.9564369502517565,1.9564369502517565
-1.917545021757416,1.917545021757416
-1.7902912073302755,1.7902912073302755
-1.9280233294262796,1.9280233294262796
-2.1758824524990965,2.1758824524990965
1.2255096666017335,-1.2255096666017335
1.7762103108062206,-1.7762103108062206
1.6347443212141934,-1.6347443212141934
-2.399796477713279,2.399796477713279
-1.9791399502009632,1.9791399502009632
2.661838851360315,-1.8431157127304223
2.026068168320392,-2.026068168320392
1.75228793425081,-1.75228793425081
1.4242869878327937,-1.4242869878327937
1.855648404898874,-1.855648404898874
1.9226030363133901,-1.9226030363133901
1.906569370006931,-1.906569370006931
2.026068168320399,-2.026068168320399
1.7888067488531547,-1.7888067488531547
-2.954104759951451,2.954104759951451
-1.4951484211067383,1.4951484211067383
-1.655097559721935,1.655097559721935
-2.0180489196727196,2.0180489196727196
-2.3883878589069676,2.3883878589069676
-2.144594665709544,2.144594665709544
2.0015944950662456,-2.0015944950662456
2.026068168320397,-2.026068168320397
2.026068168320397,-2.026068168320397
2.0,-2.0
2.0260681683203914,-2.0
2.000000000000006,-2.000000000000006
2.0,-2.0
2.0,-2.0
2.0,-2.0
-2.0,2.0
2.0,-2.0
-2.0,2.0
-2.0,2.0
-25.0,2.0
-23.0,-2.0
2.0,-2.0
-25.0,0.0
-20.195000000000004,0.0
0.0,0.0
2.0,-2.0
0.0,0.0
0.0,2.0
-1.8049999999999984,2.0
-1.9809875,2.0
-1.99814628125,2.0000000000000058
23.0,2.0
23.0,2.0
23.0,2.0
23.0,2.0
1.0472916759868287,2.0
-2.0,2.0
-25.0,0.0
-23.0,-2.0
-23.0,-2.0
-18.00000000000001,-2.0
2.0,-2.0
0.0,0.0
0.0,2.0
-1.8050000000000002,2.0
-1.9809875000000006,2.0
-1.9981462812499995,1.9981462812499995
23.0,2.0
23.0,2.0
23.0,2.0
23.0,2.0
3.049145394736843,-1.9892284183918463
1.7272635744891671,-1.7272635744891671
1.5286348884500143,-1.5286348884500143
-0.2918681844097784,2.2810966028016257
-2.049981817908245,2.049981817908245
-1.7939158863413764,1.7939158863413764
-1.0180742665487577,1.0180742665487577
-2.1332383532366888,2.1332383532366888
-2.031090316574403,2.031090316574403
-2.0031891873660266,2.0031891873660266
-24.358237377482947,1.795737377482947
22.654734018870393,2.3452659811296073
-1.7975500325621532,1.7975500325621532
-1.9255170434515136,1.9255170434515136
-2.016719723434278,2.016719723434278
-2.6403683739251935,2.6403683739251935
-1.5726697208137548,1.5726697208137548
-1.9252065189741572,1.9252065189741572
-25.0,0.0
-2.109966058412331,2.109966058412331
-1.7137532351348899,1.7137532351348899
2.0248741467014586,-2.0248741467014586
-1.7957992299194938,1.7957992299194938
-2.299786136995724,2.299786136995724
-1.9026253304561092,1.9026253304561092
-1.9505925261454031,1.9505925261454031
-1.962489021823659,1.962489021823659
-2.096402071536559,2.096402071536559
2.307866084880125,-2.307866084880125
1.9491427807704262,-1.9491427807704262
-2.0318249720452233,2.0318249720452233
2.0346676595371243,-2.0346676595371243
2.065299132015923,-2.065299132015923
-2.1444431114613227,2.1444431114613227
-2.067374975524107,2.067374975524107
-2.2892958375279377,2.2892958375279377
-2.2303119655129002,2.2303119655129002
-2.310374895444136,2.310374895444136
1.918658365615256,-1.918658365615256
2.1803459262874476,-2.1803459262874476
1.5556849155085626,-1.5556849155085626
1.7395166683985348,-1.7395166683985348
-1.6766607076262083,1.6766607076262083
-1.8407956152126097,1.8407956152126097
-2.0531508085602965,2.0531508085602965
1.58874314940085,-1.58874314940085
2.6976538285244454,-2.6976538285244454
2.5331604292649983,-2.5331604292649983
1.8909298551966296,-1.8909298551966296
1.5850350011577763,-1.5850350011577763
1.8820296524872608,-1.8820296524872608
2.076959815279844,-2.076959815279844
2.1099305760994005,-2.1099305760994005
-1.9887480314633685,1.9887480314633685
-2.0,2.0
1.9999999999999996,-1.9999999999999996
2.0,-2.0
2.0,-2.0
2.0,-2.0
-2.0,2.0
2.0,-2.0
2.0,-2.0
2.0,-2.0
2.0,-2.0
-25.0,0.0
-23.0,-2.0
2.0,-2.0
-20.00000000000001,0.0
0.0,0.0
0.0,0.0
2.0,-2.0
0.0,2.0000000000000004
-1.8050000000000002,1.8050000000000002
-1.8050000000000002,2.0
-1.9789335180055403,2.0
-2.0,2.0
-2.0,2.0
-2.0,2.0
-2.0,2.0
-2.0,2.0
-2.0,2.0
-2.0,2.0
25.0,0.0
-2.0,2.0
-2.0,2.0
-2.0,2.0
-2.0,2.0
-2.0,2.0
-2.0,2.0
-2.0,2.0
25.0,-2.0
-2.0,2.0
-2.0,2.0
-2.0,2.0
25.0,0.0
23.0,2.0
3.028564294200736,2.018527118541649
-2.2964846929305964,2.2964846929305964
-2.415590623614947,2.415590623614947
-2.3136942569432004,2.3136942569432004
-2.00577626019669,2.00577626019669
-1.8635913938166349,1.8635913938166349
-1.399689914801173,1.399689914801173
-1.9328238358790788,1.9328238358790788
-1.6464104481236799,1.6464104481236799
-1.9244964782484928,1.9244964782484928
-2.155466730407495,2.155466730407495
-2.3816800252782073,2.3816800252782073
-2.0550177423083102,2.0550177423083102
-2.1073467970687734,2.1073467970687734
-1.9214480367329738,1.9214480367329738
-2.285818846987775,2.285818846987775
-1.9921504208843697,1.9921504208843697
-2.007787095531768,2.007787095531768
-24.999999999946542,-8.984812893686467e-12
-1.8802170763014683,1.8802170763014683
-1.674112134781561,1.674112134781561
-1.7363098089077802,1.7363098089077802
-1.9011478145994172,1.9011478145994172
-2.3062535034987253,2.3062535034987253
-2.3114244934234964,2.3114244934234964
-1.9257209040331915,1.9257209040331915
-1.9138263017968722,1.9138263017968722
-2.263508420666449,2.263508420666449
-2.0079934807026962,2.0079934807026962
-1.6172981472241457,1.6172981472241457
-1.9734589932483395,1.9734589932483395
2.0175458952652967,-2.0175458952652967
2.0657907965616555,-1.7776512201188355
-2.3520981507787706,2.3520981507787706
22.88350535379543,2.1164946462045684
2.019474681449852,-2.019474681449852
1.9124207367337114,-1.9124207367337114
1.7854686107215691,-1.7854686107215691
1.7967939180827361,-1.7967939180827361
-2.4774029823073747,2.4774029823073747
1.6684501122482889,-1.6684501122482889
1.5417605435178103,-1.5417605435178103
1.6562733871636368,-1.6562733871636368
1.7370936938689105,-1.7370936938689105
2.4126914484386486,-2.4126914484386486
2.301518005219034,-2.301518005219034
2.1884877266083933,-2.1884877266083933
2.0712233962572055,-2.0712233962572055
1.8833683948287931,-1.8833683948287931
2.136667692154819,-2.136667692154819
-1.713934216626521,1.713934216626521
2.1253641199291984,-2.1253641199291984
2.0541734890929795,-2.0541734890929795
2.0,-2.0
2.0,-2.0
2.0,-2.0
2.0,-2.0
2.0,-2.0
2.0,-2.0
2.412691448438648,0.0
0.0,0.0
-2.0,2.0
-2.0,2.0
-25.0,2.0
-23.0,-2.0
-23.0,-2.0
2.0,-2.0
2.0,-2.0
-22.0,0.0
0.0,0.0
0.0,0.0
0.0,0.0
0.0,0.0
0.0,0.0
0.0,2.0
-1.805,2.0
-1.9809875,1.9809875
-1.9809875,1.9809875
11.068157894736846,-2.0
-2.0,2.0
25.0,-2.0
25.0,-2.0
25.0,-2.0
2.0,-2.0
-2.0,2.0
2.0,-2.0
25.0,0.0
-2.0,2.0
0.0,0.0
-2.0,2.0
-2.0,2.0
-2.0,2.0
-2.0,2.0
-2.0,2.0
0.0,0.0
-2.0,2.0
0.0,0.0
-2.317061028453219,2.317061028453219
-2.4310989386778283,2.4310989386778283
-2.2309042972649302,2.2309042972649302
-2.0652069845084142,2.0652069845084142
-1.913935490281796,1.913935490281796
-24.05086674324251,1.4883667432425085
22.93532444152804,2.0646755584719614
-1.840613844786839,1.840613844786839
-1.8761916187474412,1.8761916187474412
-2.0288005141275516,2.0288005141275516
-2.507231635405688,2.507231635405688
-2.182635728734301,2.182635728734301
-2.0521542269551194,2.0521542269551194
-24.574885634844826,2.0123856348448257
22.45726317257456,2.54273682742544
-1.7915686494891574,1.7915686494891574
-2.3100384939269976,2.3100384939269976
-24.999999999971138,-2.886224592657527e-11
1.9521943780225026,-1.9521943780225026
-24.207915072009882,2.0821501340910373
-25.0,2.166196234706419
-25.0,2.3784649608723996
-2.4188962576599824,2.4188962576599824
-2.4188962576599824,2.3468129231905834
1.5821539714666883,-1.5821539714666883
1.7613657260350077,-1.7613657260350077
1.7570852849670509,-1.7570852849670509
-0.5432916059124242,-1.8035213172781592
1.8982742008892401,-1.8982742008892401
0.0,0.0
0.0,0.0
1.5051754584477344,-1.5051754584477344
1.4255069955863124,-1.4255069955863124
1.3751477515856703,-1.3751477515856703
2.3351505831649657,-2.3351505831649657
0.830853883742261,-0.830853883742261
0.4459215563668568,-0.4459215563668568
1.4295734777156035,-1.4295734777156035
1.4492501263052002,-1.4492501263052002
1.701375805205119,-1.701375805205119
2.490691157807934,-2.490691157807934
0.5928911505169197,-0.5928911505169197
2.0541492836074084,-2.0541492836074084
1.8866844428044711,-1.8866844428044711
2.0121634709911067,-2.0121634709911067
24.999999999980915,-2.2597941187370836
1.8789614087248383,-1.8789614087248383
1.3665587833943826,-1.3665587833943826
24.99999999995206,-1.5457217818328743
24.999999999952028,-2.0257788174793703
13.251472123482284,-2.157019510581108
2.0700886328374737,-2.0700886328374737
-2.0620443053294784,2.0620443053294784
1.951958748049187,-1.951958748049187
25.0,-2.0
2.0,-2.0
-2.0,2.0
2.0,-2.0
2.000000000000006,-2.000000000000006
-2.0,2.0
-2.0,2.0
-25.0,0.0
-20.19500000000002,2.0000000000000178
-25.0,0.0
-25.0,0.0
2.0,-2.0
0.0,0.0
2.0,-2.0
0.0,0.0
2.0,-2.0
0.0,0.0
0.0,2.0
25.0,-2.0
25.0,-2.0
2.0,-2.0
25.0,-2.0
25.0,-2.0
2.0,-2.0
2.0,-2.0
11.263157894736855,-2.0
2.0,-2.0
2.0,-2.0
2.0,-2.0
2.0,-2.0
2.0,-2.0
2.0,-2.0
2.0,-2.0
-2.0,2.0
2.0,-2.0
2.000000000000006,-1.9558365171322798
1.9558365171322791,-1.9558365171322791
1.9558365171322838,-1.9398626595069062
-2.0424276391559744,2.0424276391559744
1.9398626595069035,-1.9398626595069035
1.9398626595069035,-1.9358013768696352
1.9191002821427328,-1.8924278932026293
1.6860902950049437,-1.6860902950049437
-2.3698098800002145,2.3698098800002145
1.767925555619175,-1.767925555619175
1.9091289879295346,-1.9091289879295346
-1.9911342737125333,1.9911342737125333
-1.8277258166819,1.8277258166819
-0.1985415877101424,2.1076705756396743
-1.8292247915471922,1.8292247915471922
-1.5477980987015432,1.5477980987015432
-2.0742361779496115,2.0742361779496115
-1.8382924849744011,1.8382924849744011
0.0,0.0
-2.0192077061370046,2.0192077061370046
-2.4527844502671545,2.4527844502671545
-2.602324707417779,2.602324707417779
-2.216126298535105,2.216126298535105
-1.8787345112662788,1.8787345112662788
-24.99999999999921,2.7330138566625095
-1.9766273527530807,1.9766273527530807
-2.0171230265664555,2.0171230265664555
-3.62397053562068,1.6023115543078017
-2.0441096233201783,2.0441096233201783
-25.0,2.183819129943739
-25.000000000000004,2.104825994705834
-25.0,2.213582774868943
-2.1699218972873897,2.1699218972873897
-2.2135827748689407,2.2135827748689407
-2.1665250624558112,2.1665250624558112
1.5626180687276001,-1.5626180687276001
1.8714832598021456,-1.8714832598021456
1.4778278454317206,-1.4778278454317206
1.6694530053265808,-1.6694530053265808
1.7058146642483134,-1.7058146642483134
1.6727911434581682,-1.6727911434581682
1.6202285641923773,-1.6202285641923773
1.676116027496212,-1.676116027496212
1.5262942786445706,-1.5262942786445706
1.6913841121135729,-1.6913841121135729
1.599314866871845,-1.599314866871845
1.5503245813902833,-1.5503245813902833
25.0,-3.750955102077569e-11
25.0,0.0
1.666485350666962,-1.666485350666962
1.603638225956999,-1.603638225956999
2.1846137444091713,-2.1846137444091713
25.0,-4.0394354527961696e-11
2.3865237653218587,-2.3865237653218587
1.751482905854734,-1.751482905854734
1.699476682944208,-1.699476682944208
-1.835485536199025,1.835485536199025
2.1819079764372007,-2.1819079764372007
-1.9593705624032514,1.9593705624032514
1.9532513377435505,-1.9532513377435505
1.941402602165772,-1.941402602165772
25.0,-2.0
2.0,-2.0
2.0,-2.0
-2.0,2.0
2.0,-2.0
-2.0,2.0
-2.0,2.0
-25.0,2.0
-21.65858277479863,1.9999999999999964
-25.0,2.0
-25.0,2.0
2.0,-2.0
-1.9999999999999996,0.0
0.0,0.0
0.0,0.0
0.0,0.0
2.0,-2.0
2.0,-2.0
2.0,-2.0
25.0,-2.0
-18.7575,-2.0
2.0,-2.0
25.0,-2.0
6.700831024930749,-2.0
-25.0,2.0
-2.0,2.0
2.0,-2.0
25.0,0.0
-2.0,2.0
-24.5625,2.0
-2.0,2.0
-2.0,2.0
-2.0,2.0
-2.0,2.0
-2.0,2.0
3.207287014418629,-1.9999999999999998
1.9778105444018887,-1.9778105444018887
-2.0064629490881756,2.0064629490881756
-2.018311686515019,2.018311686515019
22.967254393587634,2.032745606412366
-2.0553659235983175,2.0553659235983175
22.87948381379249,2.12051618620751
22.691077453413502,2.3089225465864978
22.598640328146637,2.401359671817538
1.8398043983595826,-1.8398043983595826
1.839804398359576,-1.839804398359576
1.839804398359579,-1.839804398359579
-1.7501666481361822,1.7501666481361822
-2.1574106641275366,2.1574106641275366
1.839804398359572,8.881784197001252e-16
-1.8552974869935692,1.8552974869935692
-1.9026884451872785,1.9026884451872785
-2.1069750513021788,2.1069750513021788
0.0,0.0
0.0,0.0
-1.7805418748064277,1.7805418748064277
0.0,0.0
0.0,0.0
0.0,0.0
-25.0,0.0
-2.191602438591639,2.191602438591639
-1.9422456029481552,1.9422456029481552
-1.8931978830612284,1.8931978830612284
-1.713301964807025,1.713301964807025
-1.8461288099964843,1.8461288099964843
-2.1358733932630427,2.1358733932630427
-1.8424126146251867,1.8424126146251867
2.015014994545373,-2.015014994545373
1.6070735607745892,-1.6070735607745892
2.056559004043484,-2.056559004043484
-17.266269159991413,-2.2114785297317354
-23.397126093437475,-1.6028739065625253
-25.0,1.783479234395088
-1.9986802709712332,1.9986802709712332
-2.305731544671951,2.305731544671951
-2.1458070208019073,2.1458070208019073
-2.287637182392788,2.0870730831223034
-2.080536290415014,2.080536290415014
-2.1051674454014666,2.1051674454014666
-2.1051674454014666,2.1051674454014666
2.2149807661643646,-2.2149807661643646
1.908276623485083,-1.908276623485083
1.7130665468597597,-1.7130665468597597
-1.8548481101076373,1.8548481101076373
-2.050593084079628,1.9510207595963929
-2.0055951209182314,2.0055951209182314
-1.5079540844875003,1.5079540844875003
-1.5928762175715256,1.5928762175715256
2.1881167697759407,-2.1881167697759407
2.0049565576256176,-2.0049565576256176
2.050133608836709,-2.050133608836709
2.1337341588967385,-2.1337341588967385
1.890723834907743,-1.890723834907743
-2.0055951209182314,2.0055951209182314
-1.940169981327696,1.940169981327696
2.0236770057108924,-2.0236770057108924
2.0,-2.0
2.0,-2.0
2.0,-2.0
2.0,-2.0
-2.0,2.0
2.0,-2.0
2.0,-2.0
-2.0055951209182314,0.0
0.0,0.0
0.0,0.0
0.0,0.0
0.0,0.0
0.0,0.0
0.0,0.0
2.0,-2.0
2.0,-2.0
2.0,-2.0
2.0,-2.0
2.0,-2.0
2.0,-2.0
2.0,-2.0
2.0,-2.0
0.0,0.0
25.0,-2.0
2.0,-2.0
2.0,-2.0
2.0,-2.0
13.047089346180774,-2.0
2.0,-2.0
2.0,-2.0
2.0,-2.0
25.0,-2.0
2.0,-2.0
2.0,-2.0
25.0,-2.0
25.0,-2.0
1.9866432402358072,-1.9866432402358072
1.9907364407291752,-1.9907364407291752
1.9911673035497268,-1.9911673035497268
2.0,-2.0
2.0,-2.0
1.921582895162468,-1.921582895162468
1.6199199726036626,-1.6199199726036626
1.8048745760078593,-1.8048745760078593
2.216068548556082,-2.216068548556082
2.211636632133302,-1.8959146566644467
1.9003465730872122,-1.9003465730872122
-18.325236661591486,-2.522200556197305
25.0,-1.691185931857703
1.6911859318577083,-1.6911859318577083
1.6911859318577056,-1.6911859318577056
-2.174944567593908,2.174944567593908
1.6911859318577056,-3.3306690738754696e-15
-2.1057607238744653,2.1057607238744653
0.0,0.0
-2.2806156685501104,2.2806156685501104
-2.3994278876832453,2.3994278876832453
-2.166992111466472,2.166992111466472
-2.022054180512777,2.022054180512777
-25.000000000000004,2.7359448040442658e-11
-1.8936472599471603,1.8936472599471603
-1.8428373767659636,1.8428373767659636
-25.0,2.2907083452115238
-25.0,1.793216575120013
-2.0695360239193725,2.0695360239193725
-2.1351261148459884,2.1351261148459884
-1.7600264314395773,1.7600264314395773
-2.217658093060601,2.217658093060601
1.9449885691648081,-1.9449885691648081
1.9803435481243774,-1.9803435481243774
2.231529448677172,-2.231529448677172
-2.1165104248873607,2.1165104248873607
-1.9720565839217379,1.9720565839217379
-2.00247094172531,2.00247094172531
-2.6412298900056657,2.6412298900056657
-1.9054200507523227,1.9054200507523227
-1.8430721635659157,1.8430721635659157
-2.3954567087980214,2.3954567087980214
1.519787781008242,-1.519787781008242
2.6317090328086543,-2.6317090328086543
2.113632393146003,-2.113632393146003
2.19636255161649,-2.19636255161649
1.470627085752521,-1.470627085752521
2.062710165743323,-2.062710165743323
1.7270780171795268,-1.7270780171795268
2.153404772140168,-2.153404772140168
2.090702180164585,-2.090702180164585
-1.6754025154603323,1.6754025154603323
1.6433203508855914,-1.6433203508855914
1.7746557949775017,-1.7746557949775017
2.1168660763975042,-2.1168660763975042
-1.941764432016397,1.941764432016397
-2.0286644624351724,2.0286644624351724
-2.021327729957008,2.021327729957008
-1.9999999999999847,1.9999999999999847
-2.0,2.0
2.0,-2.0
-2.0,2.0
-2.0,2.0
-2.0,2.0
-2.0,2.0
-2.0,2.0
-2.0,2.0
-2.0,2.0
-2.0,2.0
-2.0,2.0
-24.083924920358896,0.0
0.0,0.0
0.0,0.0
0.0,0.0
2.0,-2.0
2.0,-2.0
2.0,-2.0
2.0,-2.0
2.0,-2.0
25.0,-2.0
-2.0,2.0
-2.0,2.0
2.0,-2.0
25.0,-2.0
-2.0,2.0
-2.0,2.0
-2.0,2.0
25.0,0.0
-2.0,2.0
-2.0,2.0
2.0,-2.0
-2.0,2.0
-2.0,2.0
-2.0,2.0
-2.0,2.0
-2.0,2.0
-2.0,2.0
-2.0,2.0
-2.0,2.0
-2.0,2.0
-2.0,2.0
1.905640952311418,-1.905640952311418
1.6000915330856005,-1.6000915330856005
1.6530105133489676,-1.6530105133489676
-2.1429346693863565,2.1429346693863565
-2.0885304022650217,2.0885304022650217
-1.7134225139435593,1.7134225139435593
-1.2368027854500045,1.2368027854500045
6.777582817082747,2.4855750776992824
-1.7179371106641579,1.7179371106641579
1.7227092154879298,-1.7227092154879298
1.9462199375699374,-1.9462199375699374
24.99999999995483,-2.0734945798583624
2.073494579858348,3.9968028886505635e-15
0.0,0.0
0.0,0.0
0.0,0.0
0.0,0.0
-1.579166751240404,1.579166751240404
-25.0,0.0
-2.2844246425762265,2.2844246425762265
2.3178167533964054,-2.3178167533964054
-25.0,1.955601311211062
-1.9605684405541535,1.9605684405541535
-23.56362979792336,2.00527197349464
-24.9999999999449,1.8076805780622678
-1.980941244628557,1.980941244628557
2.148293110062701,-2.148293110062701
1.931883426384644,-1.931883426384644
-2.081494372034175,2.081494372034175
-1.9454530935862202,1.9454530935862202
-1.7403276926940716,1.7403276926940716
2.302344808197361,-2.302344808197361
1.7306648273519256,-1.7306648273519256
-2.202248631445416,2.202248631445416
1.909272573942947,-1.909272573942947
1.6850852619427963,-1.6850852619427963
2.0663550414683973,-2.0663550414683973
2.0659119760555837,-2.0659119760555837
1.737669931364497,-1.737669931364497
-2.204924064899717,2.204924064899717
1.8083697909266458,-1.8083697909266458
1.3620274612700234,-1.3620274612700234
24.999999999945743,-2.0336231107362615
2.3943137010165314,-2.3943137010165314
1.7877312738340159,-1.7877312738340159
1.6671827684463913,-1.6671827684463913
-1.7117745883127071,1.7117745883127071
2.722687024348452,-2.722687024348452
1.8166838944636874,-1.8166838944636874
24.999999999992635,-1.4748890657616123
25.0,-1.5470340159873146
24.99999999995661,-1.9845699866504773
9.860144916193907,-2.0581636467750997
2.0581636467751037,-2.0079434795361784
1.9925534133737313,-1.9925534133737313
2.007943479536172,-2.0
2.0,-2.0
2.0,-2.0
2.0,-2.0
2.0,-2.0
2.0,-2.0
-25.0,2.0
-25.0,0.0
-22.195,2.0000000000000036
-25.0,2.0
0.0,-1.9999999999999996
2.0,-2.0
0.0,0.0
0.0,0.0
0.0,0.0
0.0,0.0
0.0,0.0
0.0,0.0
25.0,-2.0
6.700831024930749,-2.0
-23.0,-2.0
2.0,-2.0
2.0,-2.0
25.0,-2.0
-2.0,2.0
-20.757499999999997,1.9999999999999964
2.0,-2.0
2.0,-2.0
2.0,-2.0
-2.0,2.0
2.0,-2.0
-2.0,2.0
2.0,-2.0
-2.0,2.0
2.0,-2.0
2.0,-2.0
2.0,-2.0
-2.0,2.0
2.0,-2.0
-2.0,2.0
-1.8742022550963489,1.999999999999997
-2.1135324647755422,2.1135324647755422
22.655656835133517,2.3443431648664834
22.732316539857848,2.2676834601333518
-2.1524561577306813,2.1524561577306813
22.96698152838835,2.0330184716116513
-1.797691409559973,1.797691409559973
1.5854026479023695,1.3358910199451615
22.86217320580724,2.1378267941927582
-1.9684268557321456,1.9684268557321456
-2.0825035765855855,2.0825035765855855
-2.220290608497706,2.220290608497706
0.0,0.0
0.0,0.0
0.0,0.0
-1.9161653337340354,1.9161653337340354
-2.6365720228453107,2.6365720228453107
-1.7801543503570425,1.7801543503570425
-1.6869824907617712,1.6869824907617712
-25.0,1.9592228344856082
2.1626731704125,-2.1626731704125
-1.8590812151272171,1.8590812151272171
2.096369251876352,-2.096369251876352
-2.1491255933668345,2.1491255933668345
1.991273126121106,-1.991273126121106
-2.0608489123211164,2.0608489123211164
-1.8713153746172342,1.8713153746172342
1.9236507408508121,-1.9236507408508121
2.07435167790765,-2.07435167790765
2.1617662117255882,-2.1617662117255882
2.2140460369957324,-2.2140460369957324
1.7967497377709165,-1.7967497377709165
1.9424854389266013,-1.9424854389266013
2.003405039746628,-2.003405039746628
1.9233553639089376,-1.9233553639089376
1.3885141893528772,-1.3885141893528772
1.733328900154616,-1.733328900154616
1.8418332213930473,-1.8418332213930473
1.9328566555392879,-1.9328566555392879
-1.9168280384113228,1.9168280384113228
-2.051228333848856,2.051228333848856
-2.405557590374489,2.405557590374489
-2.019544738801452,2.019544738801452
-1.9367344246223794,1.9367344246223794
-2.336529640041036,2.336529640041036
-2.2613404296507564,2.2613404296507564
-2.3729708235240423,2.3729708235240423
2.509857208222365,-2.509857208222365
2.4178479219752465,-2.4178479219752465
1.6904247681997893,-1.6904247681997893
1.5807504576322926,-1.5807504576322926
1.9732955260946086,-1.9732955260946086
2.0346221183139157,-2.0346221183139157
2.089956548647547,-2.089956548647547
2.0,-2.0
2.0,-2.0
-2.0,2.0
-2.0,2.0
-2.0,2.0
2.0,-2.0
-2.0,2.0
-2.0,2.0
-2.0,2.0
-25.0,2.0
-25.0,2.0
-25.0,2.0
-2.0,2.0
2.0,-2.0
-2.9592228344856086,0.0
0.0,0.0
0.0,0.0
0.0,0.0
2.0,-2.0
0.0,0.0
2.0,-2.0
25.0,0.0
-22.5625,2.0
-2.0,2.0
-1.9999999999999996,1.9999999999999996
2.0,-2.0
-2.0,2.0
-2.0,2.0
-2.0,2.0
-2.0,2.0
-2.0,2.0
-2.0,2.0
2.0,-2.0
-2.0,2.0
-2.0,2.0
-2.0,2.0
2.0,-2.0
2.0,-2.0
25.0,-2.0
2.0,-2.0
25.0,0.0
2.0,-2.0
-1.9999999999999956,1.9999999999999956
22.86363178724423,2.1363682127554178
2.636120945236268,2.4109704675064654
25.0,0.0
-2.0009863254613616,2.0009863254613616
0.0,0.0
-2.00216672872107,2.00216672872107
-1.6029420704721913,1.6029420704721913
-1.9074365664132076,1.9074365664132076
-2.207834916301282,2.207834916301282
-1.9020200601841886,1.9020200601841886
-1.8392328944688376,1.8392328944688376
-2.2787834479042424,2.2787834479042424
-2.226284614516933,2.226284614516933
-1.559029996260577,1.559029996260577
-1.881654198730212,1.881654198730212
-2.4920910425452867,2.4920910425452867
-1.892881678258064,1.892881678258064
-2.227331056759734,2.227331056759734
-24.999999999999996,1.7156902262345035
1.6423799413911553,-1.6423799413911553
2.0709737774954267,-2.0709737774954267
-1.9874679389788596,1.9874679389788596
-1.9852879561642442,1.9852879561642442
-2.143378365946484,2.143378365946484
-1.8212388846122334,1.8212388846122334
-2.0076356201769627,2.0076356201769627
2.1448268490268347,-2.1448268490268347
2.2030325164065463,-2.2030325164065463
2.1241693975148532,-2.1241693975148532
1.647671480452459,-1.647671480452459
1.6934896195454119,-1.6934896195454119
-2.3564764196800425,2.3564764196800425
-2.0292050795543517,2.0292050795543517
-1.9506531162873273,1.9506531162873273
-2.006936940102909,2.006936940102909
-1.6602218447456405,1.6602218447456405
2.0636701408044207,-2.0636701408044207
-2.6220928723675723,2.6220928723675723
24.999561964534042,-1.3456573934464302
2.11435126993403,-2.11435126993403
1.6497227092154887,-1.6497227092154887
-1.9446521676476713,1.9446521676476713
1.5595967665464858,-1.5595967665464858
-1.1871699920051313,1.1871699920051313
-2.092597515541625,2.092597515541625
1.471137052780377,-1.471137052780377
2.1458846519212473,-2.1458846519212473
-1.4921889713621699,1.4921889713621699
-2.060724260727056,2.060724260727056
-2.1949882283452604,2.1949882283452604
-2.1958300999656553,2.1958300999656553
-1.7463294006828325,1.8369956744823908
2.055218378121692,-2.055218378121692
1.9967685254559124,-1.9967685254559124
-2.0,2.0
-2.0,2.0
-2.0,2.0
-2.0,2.0
2.0,-2.0
2.0,-2.0
-2.0,2.0
-2.0,2.0
-25.0,2.0
-2.0,2.0
-23.0,-2.0
-23.0,-2.0
2.0,-2.0
2.0,-2.0
-18.145165413745183,-2.0
2.0,-2.0
2.0,-2.0
2.0,-2.0
2.0,-2.0
0.21606648199445982,2.0
-2.0,2.0
-2.0,2.0
2.0,-2.0
-2.0,2.0
-2.0,2.0
-2.0,0.0
2.0,-2.0
4.406185526022724,-2.0
-2.0,2.0
-2.0,2.0
2.0,-2.0
-2.0,2.0
-2.0,2.0
-2.0,2.0
-2.0,2.0
-2.0,2.0
-2.0,2.0
-2.0,2.0
-2.000646294847182,2.000646294847182
-2.000646294847182,2.000646294847182
-2.003446905646186,2.003446905646186
-2.024774637452259,2.024774637452259
-2.171582437235508,2.171582437235508
-2.171582437235508,2.171582437235508
2.0655005469017684,-2.0655005469017684
-1.9687651506912176,1.9687651506912176
0.5433827244378326,2.313589644276286
-2.07901774998306,2.07901774998306
-1.558638684927323,1.558638684927323
22.770978099592217,2.2290219004077834
23.112717860691347,1.8872821393086525
-1.8312495121231294,1.8312495121231294
-2.1006610535959185,2.1006610535959185
22.98845820911092,2.01154179088908
25.0,-1.7674750552032492e-11
1.7681295024598705e-11,-1.7681295024598705e-11
1.7681295024598705e-11,-1.7681295024598705e-11
-1.9894724628408245,1.9894724628408245
0.0,0.0
0.0,0.0
0.0,-2.3774462891113153
1.9009691999102056,-1.9009691999102056
-2.507503028749719,2.507503028749719
-2.0032409414455863,2.0032409414455863
-2.347461111479701,2.347461111479701
-1.3284586292025669,1.3284586292025669
-2.0127693724103377,2.0127693724103377
-1.8781033639545832,1.8781033639545832
-1.6994047321506738,1.6994047321506738
-1.8003952446432994,1.8003952446432994
-2.4632772743241915,2.4632772743241915
-2.2407038060000595,2.2407038060000595
-1.9857846690985532,1.9857846690985532
2.0611594367984747,-2.0611594367984747
2.268355000873001,-2.268355000873001
1.7440293716772004,-1.7440293716772004
1.765732003137357,-1.765732003137357
-23.361471950652156,-1.638528049347844
2.3125946405393893,-2.3125946405393893
1.837653132747647,-1.837653132747647
2.098672939564059,-2.098672939564059
2.3931782670027797,-2.3931782670027797
1.880224018921897,-1.880224018921897
1.6789492477784371,-1.6789492477784371
1.957407023669841,-1.957407023669841
-2.0350412987456536,2.0350412987456536
-2.3656400474986334,2.3656400474986334
-1.7640013972086726,1.7640013972086726
2.251116474348507,-2.251116474348507
2.412005706884484,-2.412005706884484
2.0559597296710237,-2.0559597296710237
1.600529509873214,-1.600529509873214
1.9555682548706141,-1.9555682548706141
2.1289105366736476,-2.1289105366736476
2.033910026359489,-2.033910026359489
-2.0249900682461797,2.0249900682461797
1.9796791746664786,-1.9796791746664786
-21.622553710888692,2.0
-25.0,2.0
-25.0,2.0
-2.000000000000003,2.0
-2.0,2.0
-2.0,2.0
-2.0,2.0
-2.0,2.0
-2.0,2.0
-2.0,2.0
-2.0,2.0
2.0,-2.0
-2.0,0.0
0.0,0.0
0.0,0.0
0.0,0.0
2.0,-2.0
25.0,-2.0
6.700831024930749,-2.0
2.0,-2.0
2.0,-2.0
-23.0,-2.0
2.0,-2.0
4.21606648199446,-2.0
2.0,-2.0
2.0,-2.0
-2.0,2.0
-2.0,2.0
-2.0,2.0
-2.0,2.0
-2.0,2.0
-2.0,2.0
-2.0,2.0
-1.9999999999999847,1.9999999999999847
-2.0,2.0
-1.9313843636497474,2.0
-2.061925611806103,2.061925611806103
1.9426951918599675,-1.9426951918599675
-2.0583819645748878,2.0583819645748878
-2.0616134388107983,2.0616134388107983
-1.9360262195310511,2.079936229573825
-2.191804395869706,2.191804395869706
-2.191804395869706,2.321861224263201
-2.3091806834948367,2.3331320162753197
22.78894686355635,2.211053136443649
-2.0217401847252043,2.0217401847252043
-2.0392466332835175,2.0392466332835175
1.459328379699743,1.2212292255337762
22.14032813193034,2.8596718680274016
23.095212990001315,1.9047870099986852
-1.9956469769911962,1.9956469769911962
-1.6358532470408544,1.6358532470408544
25.0,-1.588063014423824e-11
0.0,0.0
-1.5576515705318243,1.5576515705318243
-2.094201892007968,2.094201892007968
-2.289236509680636,2.289236509680636
0.0,0.0
-2.075187316948348,2.075187316948348
-24.999999999974364,2.0503396784339785
-2.418760560987966,2.418760560987966
-2.080001708642005,2.080001708642005
-25.0,2.0163505022569304
-1.953923090509253,1.953923090509253
-3.382830606853073,2.316140426136525
-2.0058696699988214,2.0058696699988214
-1.9769265165788266,1.9769265165788266
-2.0277565964739956,2.0277565964739956
-2.0075125464511814,2.0075125464511814
-2.2581531357266655,2.2581531357266655
-2.1882112840858703,2.1882112840858703
-2.3419808593722014,2.3419808593722014
-2.3167671554170433,2.3167671554170433
-2.028130235682525,2.028130235682525
-2.0873968616932057,2.0873968616932057
-2.2228499108466533,2.2228499108466533
1.6891290227688671,-1.6891290227688671
1.61706525386613,-1.61706525386613
1.625225357459117,-1.625225357459117
1.6668293259518379,-1.6668293259518379
1.5985366622365174,-1.5985366622365174
1.751205516611245,-1.751205516611245
1.4800381233172981,-1.4800381233172981
2.2170648145876015,-2.2170648145876015
1.9928371091595025,-1.9928371091595025
-2.1837579086545036,2.1837579086545036
-1.8302838567362256,1.8302838567362256
-1.9063112307564447,1.9063112307564447
1.9825358383115708,-1.9825358383115708
1.867162740879897,-1.867162740879897
2.104911830740227,-2.104911830740227
2.035648304672682,-2.035648304672682
-1.9497347969488015,1.9497347969488015
-2.042354294167891,2.042354294167891
-2.0644471792964736,2.0644471792964736
-2.028562704723676,2.028562704723676
-2.0,2.0
-2.0,2.0
2.0,-2.0
2.0,-2.0
2.0,-2.0
-2.0,2.0
2.0,-2.0
-2.0,2.0
-2.0,2.0
2.0,-2.0
-2.0,2.0
-25.0,2.0
-23.0,-2.0
0.0,0.0
0.0,0.0
2.0,-2.0
0.0,0.0
0.0,0.0
0.0,1.9999999999999931
4.700831024930755,-1.9999999999999996
25.0,-2.0
-25.0,2.0
-2.0,2.0
-2.0,2.0
2.0,-2.0
-2.0,2.0
-2.0,2.0
23.0,2.0
-2.0,2.0
2.0,-2.0
-2.0,2.0
2.0,-2.0
2.0,-2.0
2.0,-2.0
2.0,-2.0
2.0,-2.0
1.9486936590553805,-1.9486936590553805
-2.060528513839918,2.060528513839918
1.9319236077865427,-1.9319236077865427
1.9291229951384743,-1.9291229951384743
1.9222223139555392,-1.9222223139555392
1.7885980757732236,-1.7885980757732236
1.5753785261821616,-1.5753785261821616
1.6709333613461754,-1.6709333613461754
22.857627998442027,2.1423720015579732
22.998398779215215,2.0016012207297855
23.480487399219662,1.5195126007803381
-1.5757288918335712,1.5757288918335712
0.8867541185854888,2.160337294211894
-2.034285184266233,2.034285184266233
-2.222617017488636,2.222617017488636
-2.0399756084285343,2.0399756084285343
0.0,0.0
-2.2441883703079597,2.2441883703079597
-2.2547922762918535,2.2547922762918535
-2.1643797927433397,2.1643797927433397
0.0,0.0
-1.7647941182321727,1.7647941182321727
-1.9571924335838649,1.9571924335838649
-25.0,0.5002392551998724
-2.3592313776956146,2.3592313776956146
-24.99999999994383,2.242433149634124
-24.999999999959783,2.257327595042959
-2.126048323061788,2.126048323061788
-2.1995441652147747,2.1995441652147747
-24.99999999997335,2.144047382096886
-2.1440473820968857,2.1345782789794323
-1.9461946916774675,1.9461946916774675
-1.9963645914845998,1.9963645914845998
-2.090987458749474,2.090987458749474
-2.064496312635436,2.064496312635436
-2.1345782789794328,2.1345782789794328
-2.1345782789794328,2.1345782789794328
1.7568814243853677,-1.7568814243853677
1.712883514139369,-1.712883514139369
1.5267184096380308,-1.5267184096380308
1.5630440931629952,-1.5630440931629952
-2.1345782789794328,2.1345782789794328
1.7094229334293072,-1.7094229334293072
-2.1345782789794328,2.1345782789794328
1.855775265508525,-1.855775265508525
2.0671035821800743,-2.0671035821800743
1.3986680873035269,-1.3986680873035269
2.0566915449789374,-2.0566915449789374
2.139710768918187,-2.139710768918187
1.7820503168813921,-1.7820503168813921
1.8912861378540846,-1.8912861378540846
2.02354684390495,-2.02354684390495
1.9493983954316647,-1.9493983954316647
1.5481799428251226,-1.5481799428251226
1.732152283778778,-1.732152283778778
2.084436623014499,-2.084436623014499
2.194944048033441,-2.194944048033441
2.0741953111611786,-2.0741953111611786
1.9819482450952155,-1.9819482450952155
1.9401100075405695,-1.9401100075405695
2.0,-2.0
2.0,-2.0
2.0,-2.0
2.0,-2.0
2.0,-2.0
-2.0,2.0
2.0,-2.0
2.0,-2.0
-2.1345782789794328,0.0
0.0,0.0
2.0,-2.0
2.0,-2.0
0.0,0.0
0.0,0.0
2.0,-2.0
0.0,0.0
23.0,2.0
25.0,0.0
25.0,0.0
25.0,0.0
-2.0,2.0
-2.0,2.0
5.2631578947368425,0.0
-2.0,2.0
-2.0,2.0
-2.0,2.0
-2.0,2.0
-2.0,2.0
-2.0,2.0
-2.0,2.0
-2.0,2.0
-2.0,2.0
-2.0,2.0
-2.0,2.0
-2.0,2.0
-2.0,2.0
-2.0435171880205387,2.0435171880205387
-2.038346826777663,2.038346826777663
-2.0318838783058424,2.0318838783058424
-2.029514132176454,2.029514132176454
-2.057089374880524,2.057089374880524
-2.2137477607208953,2.2137477607208953
-2.4051856079276543,2.4051856079276543
-2.326686424354571,2.326686424354571
-2.157889704937117,2.157889704937117
0.0,0.0
-1.5658590101731855,1.5658590101731855
-1.5003894683831032,1.5003894683831032
-2.0310549723249487,2.0310549723249487
-2.177138435649381,2.177138435649381
0.0,0.0
-24.833730508025113,2.2712305080251127
22.769582001738733,2.2304179982612666
-2.1268580850626986,2.1268580850626986
-24.99999999998105,2.034862684056442
-1.887333262240901,1.887333262240901
22.308612838318876,2.274073195517019
-1.9840319730139555,1.9840319730139555
0.8634494962744779,-0.8634494962744779
-24.999999999971752,1.8319974216874932
-2.1684607912607987,2.1684607912607987
-25.0,2.203664926012877
-25.0,2.0887967464305603
-24.999999999993456,2.079230446627104
-2.1512127975266306,2.1512127975266306
-2.110452672989652,2.110452672989652
-2.072675350647774,2.072675350647774
1.8580417155048465,-1.8580417155048465
-2.0985719559941867,2.0985719559941867
-2.0782597420617073,2.0782597420617073
-2.2633720928471206,2.2633720928471206
2.0562629959542935,-2.0562629959542935
-1.8001143840895928,1.8001143840895928
-2.4244263704051097,2.4244263704051097
-2.4244263704051097,2.4244263704051097
1.79723130316974,-1.79723130316974
-2.412526718990291,2.412526718990291
-2.4244263704051097,2.4244263704051097
-2.4244263704051097,2.4244263704051097
-2.4244263704051097,2.4244263704051097
2.443442207759354,-2.443442207759354
1.4818589833115556,-1.4818589833115556
1.9473036175041276,-1.9473036175041276
1.7305632126347419,-1.7305632126347419
1.879879412489709,-1.879879412489709
1.8861435495583425,-1.8861435495583425
-1.963427537876159,1.963427537876159
-1.8801609041907277,1.8801609041907277
-1.89146222795405,1.89146222795405
-2.075571685661171,2.075571685661171
-2.023415723050944,2.023415723050944
-1.886794735797191,1.886794735797191
-1.8085716791729771,1.8085716791729771
-1.9058657788178581,1.9058657788178581
-2.0241283401396575,2.0241283401396575
-2.0,2.0
-2.0,2.0
-2.0,2.0
-2.0,2.0
2.0,-2.0
-2.0,2.0
2.0,-2.0
-2.0,2.0
-2.4244263704051097,2.0
-2.0,2.0
-2.0,2.0
-2.0,0.0
2.0,-2.0
2.0,-2.0
0.0,0.0
2.0,-2.0
0.0,0.0
0.0,2.0000000000000013
-1.805000000000001,1.805000000000001
-1.7839335180055413,2.0
-2.0,2.0
2.0,-2.0
-2.0,2.0
-2.0,2.0
-2.0,2.0
-2.0,2.0
-2.0,2.0
-2.0,2.0
-2.0,2.0
-2.0,2.0
23.0,2.0
23.0,2.0
23.0,2.0
23.0,2.0
-2.0,2.0
1.0470914127423794,2.0
-2.0,2.0
-2.0,2.0
-2.0,2.0
0.0,0.0
-2.0,2.0
-2.021112299163086,2.021112299163086
-2.2539533681053223,2.2539533681053223
0.0,0.0
-2.2372124568585567,2.2372124568585567
-2.0067434934518715,2.0067434934518715
0.0,0.0
-1.7827199641791083,1.7827199641791083
0.0,0.0
-2.001919318974883,2.001919318974883
-2.0512832436649724,2.0512832436649724
-1.9966315667974506,1.9966315667974506
0.0,0.0
-2.2348297179700563,2.2348297179700563
-2.0301259234821227,2.0301259234821227
-2.2902646486514016,2.2902646486514016
-24.705859431523017,2.1433594315271343
24.99999999998151,1.3926637620897964e-11
0.0,0.0
0.0,-6.750155989720952e-15
-23.084871641299088,-1.9151283587009118
25.0,-1.6177847618014738
1.7620587257832572,-1.7620587257832572
-2.181438442284003,2.181438442284003
-25.0,2.1850624901477893
-2.291472664605994,2.291472664605994
-2.49673313102285,2.49673313102285
-2.388531760494036,2.388531760494036
-2.487483036022555,2.487483036022555
-2.4793525963532197,2.4793525963532197
-2.5119601910649525,2.5119601910649525
-2.604059731377646,2.604059731377646
-2.6480065186914015,2.6480065186914015
1.3842690925343781,-1.3842690925343781
1.372822604889361,-1.372822604889361
-2.511852896021967,2.511852896021967
-2.7484441461389775,2.7484441461389775
-2.612503851260893,2.612503851260893
-2.6586981541516206,2.6586981541516206
-2.950025654875926,2.950025654875926
-2.7943601130652436,2.7943601130652436
1.4024202580715919,-1.4024202580715919
1.343137222230805,-1.343137222230805
1.349990219741258,-1.349990219741258
1.4591458850053645,-1.4591458850053645
1.5542187603034794,-1.5542187603034794
1.7844625619067145,-1.7844625619067145
1.862485623726533,-1.862485623726533
2.0045347934345745,-2.0045347934345745
1.8301481600642093,-1.8301481600642093
1.248566109045493,-1.248566109045493
1.2927560458610823,-1.2927560458610823
1.7380358390184558,-1.7380358390184558
-1.8516498894457127,1.8516498894457127
-1.8922753823717626,1.8922753823717626
-2.026272473293885,2.026272473293885
-2.0525653158810875,2.0525653158810875
-2.0,2.0
-2.0,2.0
-2.0,2.0
-2.0,2.0
1.0055271549895077,2.0
-2.0,2.0
-2.0,2.0
-25.0,2.0
-25.0,2.0
-25.0,2.0
2.0,-2.0
-2.0,2.0
-2.0,2.0
-2.0,2.0
-2.0,0.0
2.0,-2.0
2.0,-2.0
7.263157894736855,2.0
25.0,-2.0
25.0,-2.0
25.0,-2.0
25.0,0.0
2.000000000000006,-2.000000000000006
2.000000000000006,-2.000000000000006
2.0,-2.0
2.0,-2.0
2.0,-2.0
2.0,-2.0
2.0,-2.0
-2.0,2.0
2.0,-2.0
2.0,-2.0
2.0,-2.0
2.0,-2.0
2.0,-2.0
2.0,-2.0
-2.058946316284574,2.058946316284574
-2.058679875967688,2.058679875967688
-2.062906033436001,2.062906033436001
-2.0624751669173205,2.0624751669173205
1.9063933834545717,-1.9063933834545717
1.740637753672621,-1.740637753672621
-2.387077202620806,2.387077202620806
1.8098312125268903,-1.8098312125268903
-2.109922193674167,2.109922193674167
-1.9624464193801199,1.9624464193801199
-1.8874512867881883,1.8874512867881883
2.000000000000001,-2.000000000000001
-2.150473268020688,2.108691771990007
-2.0315908163925815,2.0315908163925815
-1.9391403581745834,1.9391403581745834
2.0462952864606,-2.0462952864606
2.0462952864605928,2.220446049250313e-15
-2.1068052726753326,2.1068052726753326
-2.198864419560074,2.198864419560074
-2.2249118691139813,2.2249118691139813
-2.342546367363484,2.342546367363484
-2.372077750077983,2.372077750077983
-2.5379672471909167,2.5379672471909167
-25.0,0.0
-2.30637657722451,2.30637657722451
-2.294930089579493,2.294930089579493
-2.1869294238958012,2.1869294238958012
-25.0,2.22280257479828
-25.0,2.2555919399357833
-24.109915566627407,2.2174996750853637
-2.253810842222162,2.253810842222162
1.5783721367749752,-1.5783721367749752
1.4523711497615626,-1.4523711497615626
1.288080979936483,-1.288080979936483
1.3264522118986726,-1.3264522118986726
1.4517589368692132,-1.4517589368692132
-2.5859786231920268,2.5859786231920268
-2.5859786231920268,2.5859786231920268
-2.5859786231920268,2.5859786231920268
-2.5859786231920268,2.5859786231920268
1.2551590738635223,-1.2551590738635223
1.327431752526433,-1.327431752526433
-2.5859786231920268,2.5859786231920268
1.3107694634975182,-1.3107694634975182
-2.5475461699406043,2.5475461699406043
1.2089811808029012,-1.2089811808029012
-2.39492591390888,2.39492591390888
-2.5859786231920268,2.5859786231920268
-2.5859786231920268,2.5859786231920268
-2.5569231255505507,2.5569231255505507
-2.2058537448898523,2.2058537448898523
-1.7928404113222385,1.7928404113222385
-1.8338523636365842,1.8338523636365842
-2.396928859902564,2.396928859902564
-2.5337470806912243,2.5337470806912243
-2.144284062338773,2.144284062338773
-1.8424644475981613,1.8424644475981613
-1.8487756445882249,1.8487756445882249
-1.9793525383665613,1.9793525383665613
1.9784568367836517,-1.9784568367836517
22.835480749925733,2.0
-2.0,2.0
-2.0,2.0
2.0,-2.0
-2.0,2.0
2.0,-2.0
-25.0,2.0
-2.0,2.0
-2.0,2.0
-2.0,2.0
-1.9999999999999996,0.0
0.0,0.0
2.0,-2.0
0.0,0.0
0.0,0.0
2.0,-2.0
0.0,0.0
0.0,0.0
0.0,0.0
2.0,-2.0
2.0,-2.0
2.0,-2.0
25.0,-2.0
25.0,-2.0
2.0,-2.0
2.0,-2.0
2.0,-2.0
2.0,-2.0
-2.0,2.0
-2.0,2.0
25.0,-2.0
2.0,-2.0
2.0,-2.0
-2.0,2.0
25.0,-2.0
13.184454456115015,-2.0
2.0,-2.0
2.0,-2.0
2.0,-2.0
-2.0,2.0
-2.0256363630933616,2.0256363630933616
1.7181845598570515,-1.7181845598570515
-2.3299876403684245,2.3299876403684245
1.9364546685764674,-1.9364546685764674
2.0787034386218326,-2.0787034386218326
2.0787034386218437,-1.9495934199509808
1.9495934199509795,-2.220446049250313e-15
0.0,0.0
0.0,0.0
-3.7436169429753843,1.6334441577520895
2.3381415902751197,-2.3381415902751197
2.3381415902751224,-1.977166983704584
-0.7335863072742246,2.710753290978805
-1.968667322857904,1.968667322857904
-24.11295834040937,1.7368847841087423
-25.0,2.25107355633131
22.59184018925225,2.4081598107406315
22.85526845419035,2.1447315457827685
-2.082028322659875,2.082028322659875
-25.0,0.0
-2.267209468502264,2.267209468502264
-23.71019167085496,1.9104515571212097
-25.0,2.066644738084463
-25.0,2.085684559036558
-2.1329600172722305,2.1329600172722305
-2.3525891833872725,2.3525891833872725
-2.161905064134162,2.161905064134162
-1.9048406575201824,1.9048406575201824
1.7725490252510419,-1.7725490252510419
1.9314245822890381,-1.9314245822890381
1.8541147169314414,-1.8541147169314414
1.9317445739760668,-1.9317445739760668
1.3441931316832818,-1.3441931316832818
2.085813313088149,-2.085813313088149
-2.1067793956355505,2.1067793956355505
-2.2592336599242966,2.2592336599242966
-2.065196255004114,2.065196255004114
-2.253423317772775,2.253423317772775
-2.077656996379032,2.077656996379032
-2.2120610787004367,2.2120610787004367
1.9279368622445752,-1.9279368622445752
1.5016473449753232,-1.5016473449753232
-2.120073251461914,2.120073251461914
1.7491214681880027,-1.7491214681880027
-2.3525891833872725,2.3525891833872725
-2.134643918299849,2.134643918299849
-2.2695876315727563,2.2695876315727563
-1.3196818946860533,1.3196818946860533
-1.449726326951879,1.449726326951879
-2.094615924644445,2.094615924644445
-2.0369333205993057,2.0369333205993057
23.00014374380024,1.9998562561997595
2.0945061444589155,-2.0945061444589155
2.01974333324775,-2.01974333324775
2.0031433502925142,-2.0031433502925142
2.0,-2.0
23.0,2.0
25.0,0.0
2.0,-2.0
2.0,-2.0
25.0,0.0
2.0,-2.0
-2.0,2.0
-23.602589183387277,2.0
-25.0,2.0
-25.0,2.0
-25.0,2.0
-1.9999999999999991,1.9999999999999991
-1.9999999999999991,1.9999999999999991
0.0,-1.9999999999999991
2.0,-2.0
2.0,-2.0
2.0,-2.0
2.0,-2.0
2.0,-2.0
2.0,-2.0
2.0,-2.0
2.0,-2.0
0.0,0.0
2.0,-2.0
0.0,2.0
-1.805,2.0
-1.9809875000000001,2.0
2.0020539819944596,-1.9999999999999998
-2.0,2.0
2.0,-2.0
-2.0,2.0
-2.0,2.0
-2.0000000000000013,2.0000000000000013
-2.0,2.0
2.0,-2.0
-2.0,2.0
1.989012987597905,-1.989012987597905
25.0,-1.9732864804716144
10.518445252297235,-1.9704858678235464
-2.0221894555981113,2.0221894555981113
25.0,-1.9670389627937155
25.0,-1.736883746167262
25.0,-1.7282592882667878
1.9046005059680786,-1.9046005059680786
-2.0505419611473794,2.0505419611473794
-1.9593332852651546,1.9593332852651546
-1.6945363773618665,1.6945363773618665
1.9046005059680744,-1.8746579307800086
-2.354302748338543,2.354302748338543
1.874657930780005,-1.874657930780005
1.8746579307800086,-3.774758283725532e-15
-20.56135509877657,-2.0011449012234266
25.0,0.0
-2.192929741388147,2.192929741388147
-25.0,1.9292414437378653
-25.0,2.091768819121363
24.999999999990784,-2.2211565919860732e-11
25.0,0.0
-2.04256015666995,2.04256015666995
-25.0,0.0
1.5721364013353636,-1.5721364013353636
-1.80665307023882,1.80665307023882
-1.9555994177691307,1.9555994177691307
-2.06030423219112,2.06030423219112
-20.15847732830185,1.8552671919226036
-25.0,2.032199873548379
-2.151392674510463,2.151392674510463
-2.2443739276176053,2.2443739276176053
-2.349050340410564,2.349050340410564
-2.5641440819437236,2.5641440819437236
-2.1170513181334893,2.1170513181334893
-1.9357738184139688,1.9357738184139688
-2.2836956674312106,2.2836956674312106
-1.9521413616483176,1.9521413616483176
-1.8805427483143067,1.8805427483143067
-1.9875537750132537,1.9875537750132537
-2.126480658970305,2.126480658970305
-2.683088210865007,2.683088210865007
-2.108637493321199,2.108637493321199
-1.8571978715491024,1.8571978715491024
-1.9187991114657645,1.9187991114657645
-2.2051449664588123,2.2051449664588123
-2.2562281364259746,2.2562281364259746
-2.4883735848793664,2.4883735848793664
-2.2614029132346145,2.2614029132346145
-2.4419653230499723,2.4419653230499723
-2.066391648012477,2.066391648012477
24.99999999996596,3.40385497565876e-11
2.1951163512495357,-2.1951163512495357
-1.9330292743290376,1.9330292743290376
-2.2703789325148005,2.2703789325148005
-1.8948251386176216,1.894825138617622
-2.020702657438182,2.020702657438182
-1.9988765577851717,1.9988765577851717
-2.006423018542679,2.006423018542679
-2.03306416569085,2.03306416569085
23.0,2.0
2.0,-2.0
2.0,-2.0
2.0,-2.0
2.0,-2.0
2.0,-2.0
2.0,-2.0
-25.0,2.0
-2.0,2.0
-23.0,-2.0
2.0,-2.0
2.0,-2.0
2.0,-2.0
2.0,-2.0
2.0,-2.0
-23.0,-2.0
2.0,-2.0
4.21606648199446,-2.0
2.0,-2.0
2.0,-2.0
2.0,-2.0
-2.0,2.0
-2.0,2.0
-2.0,2.0
-2.0,2.0
-2.0,2.0
-2.0,2.0
23.0,2.0
-24.5625,2.0
-2.0,2.0
2.0,-2.0
2.0,-2.0
23.0,2.0
9.038474148935109,-1.9999999999999991
25.0,-2.0
25.0,-2.0
25.0,-1.9541130658500734
1.962084034810179,-1.962084034810179
1.962730329657361,-1.962730329657361
1.9627303296573624,-1.9564828119794615
1.9082571010632554,-1.9082571010632554
1.7721971310397389,-1.7721971310397389
1.9564828119794548,-1.6764144812812312
1.6764144812812352,-1.6764144812812352
-2.1110844514486646,2.1110844514486646
-1.7369419029404503,1.7369419029404503
1.6764144812812352,-1.6764144812812352
-2.174614763341272,1.8175965334764075
2.0720025476135007,-2.0720025476135007
1.8951878905350217,-1.8951878905350217
-25.0,1.80240923571494
-22.658336607725587,-2.3416633922744126
25.0,-1.8221363760894747
1.8123409698118707,-1.8123409698118707
2.286223412414577,-2.286223412414577
-17.93040387343691,1.9549550163638827
25.0,0.0
25.0,0.0
0.0,0.0
-2.0438047791686245,2.0438047791686245
0.0,0.0
-1.9293443207496708,1.9293443207496708
-2.307366847356569,2.307366847356569
-25.0,2.051285137106909
-2.8581313384230977,2.151462731862065
-25.0,1.8987570285826934
-25.0,2.029921431753131
-25.0,1.9343650976142506
-1.763990036557061,1.763990036557061
-2.20766008849594,2.20766008849594
-2.0280058996621193,2.0280058996621193
-2.20766008849594,2.20766008849594
1.9107677619243653,-1.9107677619243653
-2.0007826226665095,2.0007826226665095
-2.20766008849594,2.20766008849594
-2.126326027878939,2.126326027878939
-2.1954227732693656,2.1954227732693656
2.20933262887195,-2.20933262887195
1.8026837847955317,-1.8026837847955317
2.184377695314595,-2.184377695314595
-2.20766008849594,2.20766008849594
-2.14090679307386,2.14090679307386
-1.997207173145723,1.997207173145723
-1.9345091110944725,1.9636831525374
-2.2339896608981817,2.2339896608981817
-1.8552684542172315,1.8552684542172315
-1.6049951926771566,1.6049951926771566
25.0,-2.1886328904900836
2.3710789594572175,-2.3710789594572175
-2.0856378541354945,2.0856378541354945
-1.8182693365106801,1.8182693365106801
-1.9414303184082644,1.9414303184082644
0.4195507059557366,1.9945784051457793
-2.0179501648417926,2.0179501648417926
-1.9507457272936426,1.9507457272936426
1.9991653535987073,-1.9991653535987073
2.0,-2.0
-2.0,2.0
-2.0,2.0
-2.0,2.0
2.0,-2.0
2.0,-2.0
-2.0,2.0
-2.0,2.0
-2.0,2.0
-25.0,2.0
-2.0,2.0
-2.0,2.0
-2.0,2.0
-1.9999999999999996,0.0
0.0,0.0
2.0,-2.0
0.0,2.0000000000000004
-1.8050000000000002,2.0
2.0,-2.0
2.0210664819944597,-1.9999999999999998
2.0,-2.0
2.0,-2.0
2.0,-2.0
2.0,-2.0
-2.0,2.0
-2.0,2.0
2.0,-2.0
2.0,-2.0
2.0,-2.0
2.0,-2.0
2.0,-2.0
-2.0,2.0
-2.0,2.0
-2.0,2.0
-2.0,2.0
2.0,-2.0
2.0008897743463976,-1.9851352185148126
1.9894438504184564,-1.9894438504184564
1.9900901452656377,-1.9900901452656377
-2.0142184866380055,2.0142184866380055
22.90994958791319,2.0900504120868106
22.63972403405681,2.3602759659431882
24.999999999962892,2.240341245851596e-11
25.0,0.0
-1.9752344106361548,1.9752344106361548
2.5021900306798184,-2.5021900306798184
3.0313368569255204,-2.0505044078823325
-2.013921216254195,2.013921216254195
-2.252819309795478,2.252819309795478
-2.122878701262426,2.122878701262426
-1.8656249504549365,1.8656249504549365
2.050504407882338,-2.050504407882338
2.050504407882332,0.0
0.0,0.0
0.0,0.0
-24.488477780965226,1.9259777809890544
22.545599181441176,2.45440081853242
-1.8777246755675616,1.8777246755675616
-2.010985750107471,2.010985750107471
-1.8461016706620814,1.8461016706620814
-1.8202643931629687,1.8202643931629687
-1.9605962110358686,1.9605962110358686
-25.0,1.9867616851370684
-24.999999999976602,1.9779010080280912
-2.2245956643108187,2.2245956643108187
-25.0,1.7276826563041325
-24.999999999944833,2.1515536170749456
-1.9899388807041696,1.9899388807041696
-1.910418106313685,1.910418106313685
-2.062725313278804,2.062725313278804
-2.430120581451277,2.430120581451277
-1.84034686947399,1.84034686947399
1.6020616199723694,-1.6020616199723694
2.401828772056959,-2.401828772056959
1.5475835086155652,-1.5475835086155652
2.0616536251435367,-2.0616536251435367
1.173235521657391,-1.173235521657391
2.011911643213738,-2.011911643213738
1.737332898700048,-1.737332898700048
2.0097392341668616,-2.0097392341668616
2.310744116621482,-2.310744116621482
1.4773589029791268,-1.4773589029791268
-2.30316025052408,2.30316025052408
-2.310522583915075,2.310522583915075
-1.6317558386932873,1.6317558386932873
-2.211207767535015,2.211207767535015
-2.0044988180378063,2.0044988180378063
-1.6627622126752355,1.6627622126752355
2.505626627792031,-2.505626627792031
-1.9922510888805887,1.9922510888805887
-2.3713102749469552,2.3713102749469552
-2.2910475868915654,2.2910475868915654
-1.9525823758323697,1.9525823758323697
-1.9210441813469006,1.9210441813469006
-1.9773384733323471,1.9773384733323471
-2.0091512834647243,2.0091512834647243
23.0,2.0
23.0,2.0
23.0,2.0
-2.0,2.0
-2.0,2.0
-2.0,2.0
-2.0,2.0
-25.0,2.0
-25.0,2.0
-24.531398966622806,2.0
-2.0,2.0
-1.9999999999999978,1.9999999999999978
-2.0,2.0
-2.0,0.0
2.0,-2.0
0.0,0.0
2.0,-2.0
0.0,0.0
2.0,-2.0
2.0,-2.0
0.0,0.0
0.0,0.0
0.0,1.9999999999999998
-1.8049999999999997,1.9999999999999996
-1.9809874999999995,1.9809874999999995
-1.9809875000000001,1.9999999999999987
-1.9981462812499982,1.9981462812499982
-1.9979460180055382,2.0
-2.0,2.0
-2.0,2.0
2.0,-2.0
-2.0,2.0
2.0,-2.0
2.0,-2.0
8.884225103862647,-2.000000000000001
-2.0,2.0
-2.0318838783058424,2.0318838783058424
25.0,-1.9717784575179103
-2.0260672246812037,2.0260672246812037
22.964238352607936,2.0357616473889344
25.0,-1.8653552335959525
25.0,-3.275602011854062e-12
-2.3855450925216513,2.3855450925216513
-2.183504503008856,2.183504503008856
0.0,0.0
-1.3983929070756256,1.3983929070756256
-1.964718865275902,1.964718865275902
-1.8279700706915296,1.8279700706915296
-2.5268369643490622,2.5268369643490622
-1.9514319520699672,1.9514319520699672
-1.7988236878371637,1.7988236878371637
-1.867143490886889,1.867143490886889
-2.0909230817236804,2.0909230817236804
-1.8509166935030503,1.8509166935030503
-1.8562896505675628,1.8562896505675628
-1.9650918733371157,1.9650918733371157
0.0,0.0
-1.956321450293716,1.956321450293716
-1.759637013548259,1.759637013548259
0.0,0.0
0.0,0.0
-1.8840064847609224,1.8840064847609224
-1.977888385081858,1.977888385081858
-3.8815810827125183,2.035454069087505
-2.0625757313659303,2.0625757313659303
-1.888781114173943,1.888781114173943
-1.9570295975774439,1.9570295975774439
-1.8975868814667969,1.8975868814667969
-2.0362341671647695,2.0362341671647695
-1.9247401011108085,1.9247401011108085
-2.216104208379191,2.216104208379191
-2.2177331995906933,2.2177331995906933
-2.3683003334174533,2.3683003334174533
2.0455700981994602,-2.0455700981994602
-2.1486320361690847,2.1486320361690847
-2.3331145019374198,2.3331145019374198
1.297187173349709,-1.297187173349709
2.0455700981994602,-2.0455700981994602
-2.304785454851711,2.304785454851711
-1.8994677004556682,1.8994677004556682
2.0455700981994602,-2.0455700981994602
1.8037037188512404,-1.8037037188512404
1.6186790975421506,-1.6186790975421506
2.0455700981994536,-2.0455700981994536
1.981959916389643,-1.981959916389643
1.6232227270390869,-1.6232227270390869
-2.1166921953131315,2.1166921953131315
2.0455700981994624,-2.0455700981994624
-1.1481890717398402,1.1481890717398402
-1.774077032892671,1.774077032892671
-2.347385689375953,2.347385689375953
1.6175573909824297,-1.6175573909824297
2.0455700981994602,-2.0455700981994602
-1.9007035855087466,1.9007035855087466
-1.9766533579946572,1.9766533579946572
-2.021244845029383,2.021244845029383
-2.0,2.0
-2.0,2.0
-2.0,2.0
-25.0,2.0
-2.0,2.0
-2.0,2.0
-24.153872986375003,2.0
-25.0,2.0
-25.0,2.0
-2.0,2.0
-2.0,2.0
-2.0,2.0
-2.0,2.0
-2.0,2.0
-2.0,2.0
-2.0,0.0
0.0,0.0
0.0,0.0
0.0,0.0
0.0,0.0
0.0,0.0
0.0,0.0
9.69922956419016,2.0
-2.0,2.0
-2.0,2.0
-2.0,2.0
2.0,-2.0
25.0,-2.0
-2.0,2.0
2.0,-2.0
2.0,-2.0
2.0000000000000013,-2.0000000000000013
-2.0,2.0
2.0,-2.0
-2.0,2.0
25.0,-2.0
1.9640229218171443,-1.9640229218171443
1.9663926679465324,-1.9663926679465324
-2.0333918987941275,2.0333918987941275
-2.040285711319209,2.040285711319209
-2.1488670848813025,2.1488670848813025
1.6060158564969447,-1.6060158564969447
1.6218172408693432,-1.6218172408693432
-2.1466877868753875,2.1466877868753875
-2.1002586971847093,2.1002586971847093
1.9566117780570984,-1.9566117780570984
2.1299570183631555,-2.1299570183631555
25.0,-2.436071669453309
25.0,0.0
-1.8625323286275997,1.8625323286275997
-1.8112837980647711,1.8112837980647711
-2.0096988407389116,2.0096988407389116
-2.458493177701495,2.458493177701495
-2.2205045674363735,2.2205045674363735
-2.2323158582275493,2.2323158582275493
0.0,0.0
0.0,0.0
-2.0442232298362804,2.0442232298362804
-2.139327031352673,2.139327031352673
-2.075793218367579,2.075793218367579
-2.082113527546955,2.082113527546955
-1.9213035039985957,1.9213035039985957
-2.876608175973171,1.9867597916951325
-25.0,1.8898483842780323
-2.1345871150417963,2.1345871150417963
-2.2842775852526014,2.2842775852526014
-2.3254220785024042,2.3254220785024042
-2.1699982661121044,2.1699982661121044
-2.419905462211391,2.419905462211391
-2.3296772736778966,2.3296772736778966
-2.2448308782712747,2.2448308782712747
-2.1982648296139597,2.1982648296139597
1.7464188953992998,-1.7464188953992998
1.749616287680377,-1.749616287680377
1.602731898417396,-1.602731898417396
1.5461236648836003,-1.5461236648836003
1.357466790795673,-1.357466790795673
-2.4132727351127254,2.4132727351127254
1.4826169912329092,-1.4826169912329092
1.6009072515392688,-1.6009072515392688
1.8865866149711579,-1.8865866149711579
1.2832400800557355,-1.2832400800557355
-2.379480476896928,2.379480476896928
1.5494024751678879,-1.5494024751678879
1.9985837054325426,-1.9985837054325426
1.6896541373322016,-1.6896541373322016
-2.4792932685059217,2.4792932685059217
2.275537457280162,-2.275537457280162
-1.8089536021899706,1.8089536021899706
-2.137968486764235,2.137968486764235
1.3818413843999164,-1.3818413843999164
1.7582123562789211,-1.7582123562789211
2.182632178530671,-2.182632178530671
2.2084472278104004,-2.2084472278104004
2.0457642351678618,-2.0457642351678618
1.9633766269699624,-1.9633766269699624
2.0,-2.0
2.0,-2.0
2.0,-2.0
-2.0,2.0
-2.0,2.0
-2.0,2.0
-2.0,2.0
-25.0,2.0
-25.0,2.0
-25.0,0.0
0.0,0.0
0.0,0.0
0.0,0.0
0.0,0.0
0.0,0.0
0.0,0.0
0.0,0.0
0.0,0.0
2.0,-2.0
0.21606648199445955,2.0000000000000004
2.0,-2.0
-2.0,2.0
-2.0,2.0
23.0,2.0
-2.0,2.0
-2.0,2.0
-2.0,2.0
-2.0,2.0
25.0,-2.0
25.0,0.0
-2.0,2.0
-2.0,2.0
-2.0,2.0
-2.0,2.0
7.047091412742385,-2.0
23.0,2.0
-2.0236974760863964,2.0236974760863964
-2.0243437733989977,2.0243437733989977
-2.022404886392032,2.022404886392032
-2.0329610372062854,2.0329610372062854
-2.146493492120151,2.146493492120151
-2.344381664852497,2.344381664852497
-2.321666594210955,2.321666594210955
-2.1424635179181704,2.1424635179181704
-2.0473044910120084,2.0473044910120084
-1.9461890113516649,1.9461890113516649
-1.7809458090859156,1.7809458090859156
-1.5356175867330215,1.5356175867330215
-2.3946936516981765,2.3946936516981765
-1.8569801257265635,1.8569801257265635
-2.047101892724953,2.047101892724953
-1.8562467325503675,1.8562467325503675
-2.5317485527287236,2.5317485527287236
-2.0559966517887585,2.0559966517887585
-2.0396631905092413,2.0396631905092413
-2.005222112857016,2.005222112857016
-2.7954210716962127,2.7954210716962127
-2.19901463262026,2.19901463262026
0.0,0.0
-25.0,0.0
1.8630864759672718,-1.8630864759672718
2.002664703950005,-2.002664703950005
-23.940686037965612,2.384314434157247
-24.99999999997534,2.1187390060449793
-25.0,2.3331561576599924
-2.3579981158485523,2.3579981158485523
-2.325079996659465,2.325079996659465
-2.532967298187616,2.532967298187616
-2.516606697573698,2.516606697573698
1.4942932164993845,-1.4942932164993845
-2.7280877518946802,2.7280877518946802
-2.5173123202681804,2.5173123202681804
-2.544812670933629,2.544812670933629
1.2353517777804033,-1.2353517777804033
-2.8375129170608844,2.8375129170608844
-2.8955235599212763,2.8955235599212763
-2.820753431345967,2.820753431345967
1.3647780012544182,-1.3647780012544182
-2.819483562954824,2.819483562954824
25.0,-1.2360820152200418
-2.2002276977533484,2.2002276977533484
1.3563446108754675,-1.3563446108754675
1.1024813834264329,-1.1024813834264329
1.270685297731374,-1.270685297731374
1.531257621103789,-1.531257621103789
1.2349920238127332,-1.2349920238127332
1.3593412983114224,-1.3593412983114224
24.999999999975472,-1.944933659348692
2.268793017107323,-2.268793017107323
1.8937368828654213,-1.8937368828654213
1.516727347693803,-1.516727347693803
1.6339935714869256,-1.6339935714869256
2.004146716731291,-2.004146716731291
2.16461116740314,-2.16461116740314
2.0833745007056734,-2.0833745007056734
1.9633766269699624,-1.9633766269699624
7.8591059129076335,-1.9999999999999991
2.0,-2.0
2.0,-2.0
2.0,-2.0
23.0,2.0
2.0,-2.0
-2.0,2.0
-2.0,2.0
-25.0,2.0
-25.0,0.0
-25.0,2.0
-2.0,2.0
-2.0,2.0
-2.0,2.0
-1.9999999999999996,1.9999999999999996
-1.9999999999999996,0.0
0.0,0.0
0.0,0.0
2.0,-2.0
25.0,0.0
-18.5625,-2.0
-2.0,2.0
2.0,-2.0
2.0,-2.0
2.0,-2.0
-2.0,2.0
2.0,-2.0
-2.0,2.0
-2.0,2.0
-2.0,2.0
-2.0,2.0
-2.0,2.0
-2.0,2.0
-2.0,2.0
-2.0,2.0
-1.9872718684661859,2.0
-2.0114871387092674,2.0114871387092674
-2.009425624217393,2.009425624217393
25.0,0.0
22.96599705691915,2.034002943077784
-2.161535049091837,2.161535049091837
-2.387895642897255,2.387895642897255
22.666395096566056,2.333604903398612
0.9202628923693525,2.1141003888776195
-2.085205833800634,2.085205833800634
-1.9981860826261704,1.9981860826261704
-1.9316726231825356,1.9316726231825356
-1.5403461423922877,1.5403461423922877
25.0,0.0
-1.8877839014214555,1.8877839014214555
0.0,0.0
-1.7718219435479643,1.7718219435479643
-2.4674794531254953,2.4674794531254953
-2.374205978813043,2.374205978813043
-2.3387784179126285,2.3387784179126285
-2.075032054709668,2.075032054709668
-2.6344627285296074,2.6344627285296074
-2.1528310592338293,2.1528310592338293
0.0,0.0
-23.03887741210617,-1.9611225878938292
-2.225171901806405,2.225171901806405
-24.999999999967578,2.1669283655879887
-24.99999999994327,2.1115792709410357
-23.85907742833251,1.973955075035338
-2.2663176573508323,2.2663176573508323
-2.3572773456185896,2.3572773456185896
-2.3933852833210185,2.3933852833210185
-2.306533101757811,2.306533101757811
1.6956090122181013,-1.6956090122181013
1.7174908895147851,-1.7174908895147851
1.5948406635791965,-1.5948406635791965
1.5529854984564153,-1.5529854984564153
1.4920166681460767,-1.4920166681460767
1.567003911396613,-1.567003911396613
1.5294626381493064,-1.5294626381493064
-2.3933852833210185,2.3933852833210185
1.7959058938151706,-1.7959058938151706
1.5178097653333698,-1.5178097653333698
1.3842204941913732,-1.3842204941913732
1.355014152342397,-1.355014152342397
-0.9531151209667037,-1.4402701623543148
1.5336029645140723,-1.5336029645140723
1.3355602987538298,-1.3355602987538298
1.8319160036842828,-1.8319160036842828
1.5410789044211732,-1.5410789044211732
1.6687865137654239,-1.6687865137654239
1.833777257106492,-1.833777257106492
4.894606196010405,-2.4074390405106696
-1.6044208486235085,1.6044208486235085
-1.932175332016305,1.932175332016305
-2.244668357838511,2.244668357838511
25.0,-5.072919861959235e-11
-1.9605509262162535,1.9605509262162535
8.9823844450714,-2.140122493922304
24.999999999961695,-2.067900469761998
25.0,-1.9983707420609598
25.0,-2.0
2.0,-2.0
2.0,-2.0
2.0,-2.0
-2.0,2.0
-2.0,2.0
-25.0,2.0
-25.0,2.0
-24.194999999999997,2.0
-25.0,2.0
-2.0,2.0
-2.0,0.0
0.0,0.0
0.0,0.0
2.0,-2.0
0.0,0.0
0.0,2.0000000000000004
-1.8050000000000002,2.0
-1.9809875,1.9809875
-1.9809875,2.0
-1.99814628125,1.99814628125
2.0,-2.0
2.0,-2.0
25.0,0.0
2.0,-2.0
-2.0,2.0
2.0,-2.0
2.0,-2.0
2.0,-2.0
-2.0,2.0
2.0,-2.0
-2.0,2.0
-2.0,2.0
-2.0,2.0
-2.0,2.0
-2.0,2.0
-2.0,2.0
-2.0,2.0
-2.0,2.0
-2.0061996047214326,2.0061996047214326
-2.1620499124421957,2.1620499124421957
-2.3273065265883175,2.3273065265883175
22.74795842147904,2.2520415785206325
24.99999999994328,-1.88315727605303
22.92430965864423,2.07569034135577
2.950631819926036,1.9816708509208842
-1.9749030582975111,1.9749030582975111
-1.9711319531100973,1.9711319531100973
-1.8113910931077601,1.8113910931077601
-2.063895460394699,2.063895460394699
-2.075405693918194,2.075405693918194
-2.1321458372401345,2.1321458372401345
-2.459125587307817,2.459125587307817
-2.432467187156181,2.432467187156181
-2.352957773417309,2.352957773417309
-2.393988660151006,2.393988660151006
-2.456184440835292,2.456184440835292
0.0,0.0
-2.357916066698033,2.357916066698033
-24.999999999946297,2.4955528855499693
-2.5565999781269593,2.5565999781269593
-2.4968290654142287,2.4968290654142287
-2.4759810074141146,2.4759810074141146
-2.4400346434234805,2.4400346434234805
-2.3444675797803036,2.3444675797803036
-2.4800683174046902,2.4800683174046902
-2.5219878595532617,2.5219878595532617
-2.6466836339260738,2.6466836339260738
1.089676035619327,-1.089676035619327
-2.6677942492078603,2.6677942492078603
-2.617746791979199,2.617746791979199
1.3126187251208048,-1.3126187251208048
1.3204449517858947,-1.3204449517858947
1.194218645182211,-1.194218645182211
0.981530837201257,-0.981530837201257
0.8879209613716625,-0.8879209613716625
0.6715504088269348,-0.6715504088269348
0.7771501901369149,-0.7771501901369149
1.064076700656729,-1.064076700656729
0.9613158199547787,-0.9613158199547787
1.6645502530092848,-1.6645502530092848
1.3127058234498161,-1.3127058234498161
-2.6080624676284536,2.6080624676284536
-2.9075929899629376,2.9075929899629376
-2.319657810104637,2.319657810104637
-2.462109651797542,2.462109651797542
-2.0109876435494076,2.0109876435494076
-1.879122666862978,1.879122666862978
-2.0128337494361324,2.0128337494361324
-2.4515164753179493,2.4515164753179493
-2.5471507561498234,2.5471507561498234
1.6884459635907778,-1.6884459635907778
-2.0079209776552642,2.0079209776552642
2.0951299546831184,-2.0951299546831184
-1.9975669764217754,1.9975669764217754
-2.0595944971774336,2.0595944971774336
24.93567547301531,3.552713678800501e-15
-2.0,2.0
-2.0,2.0
0.0,0.0
-2.0,2.0
-2.0,2.0
-25.0,2.0
-25.0,2.0
-25.0,1.0
-25.0,0.0
0.0,0.0
2.0,-2.0
0.0,0.0
2.0,-2.0
2.0,-2.0
2.0,-2.0
2.0,-2.0
2.0,-2.0
2.0,-2.0
2.0,-2.0
4.6138715081129495,-2.0
2.0,-2.0
2.0,-2.0
2.0,-2.0
2.0,-2.0
2.0,-2.0
2.0,-2.0
2.0,-2.0
2.0,-2.0
2.0,-2.0
2.0,-2.0
2.0,-2.0
-2.0,2.0
-2.0,2.0
2.0,-2.0
-2.0,2.0
1.9820416659917337,-1.9820416659917337
-2.015086504028872,2.015086504028872
1.9824820712172457,-1.9824820712172457
-2.036091081631451,2.036091081631451
-2.1569200728290663,2.1569200728290663
-2.359019036071937,2.359019036071937
-2.30882921567778,2.30882921567778
-2.119392559086244,2.119392559086244
-2.1724218717890373,2.1724218717890373
-1.8909762445240403,1.8909762445240403
23.164668858203417,1.8353311417879006
0.9733887361631695,1.6758976505263625
22.703122820945794,2.296877179036091
23.014533429146546,1.985466570853454
-2.225597295094488,2.225597295094488
-2.1959560927477515,2.1959560927477515
25.0,-3.8824055081931874e-11
-2.3198465231508383,2.3198465231508383
-2.311791821158904,2.311791821158904
-2.535301280946289,2.535301280946289
-2.5015184899401657,2.5015184899401657
0.0,0.0
-2.366550161922106,2.366550161922106
-25.0,2.8762769943568856e-11
-2.242254534944909,2.242254534944909
-2.5109730766694547,2.5109730766694547
-2.48895360925882,2.48895360925882
-25.0,2.5255929729976963
-24.999999999999996,2.531205134893348
-24.999999999961517,2.591800325995159
-2.5388532771002144,2.4389528569312215
-2.5486980137844597,2.5486980137844597
-2.5486980137844597,2.5486980137844597
-2.5486980137844597,2.5486980137844597
1.5430531332121706,-1.5430531332121706
1.322850885338104,-1.322850885338104
1.6044612420514586,-1.6044612420514586
-2.5486980137844597,2.5486980137844597
0.9596899844798372,-0.9596899844798372
-2.5486980137844597,2.5486980137844597
0.9032559476040678,-0.9032559476040678
-2.5486980137844597,2.5486980137844597
1.1383406490880539,-1.1383406490880539
-2.503734448151551,2.503734448151551
-2.429384663685834,2.429384663685834
-2.1714536918128875,2.1714536918128875
-2.3425949657064855,2.3425949657064855
1.8182314676719784,-1.8182314676719784
-2.1337142383097127,2.1337142383097127
-2.5486980137844597,2.5486980137844597
-2.5486980137844597,2.5486980137844597
-2.1765186489892905,2.1765186489892905
-1.5469744514597732,1.5469744514597732
-2.1928391717489175,2.1928391717489175
1.5890208542179978,-1.5890208542179978
1.574108578897605,-1.574108578897605
1.8782822942174486,-1.8782822942174486
2.0649846628678667,-2.0649846628678667
2.0258131952845013,-2.0258131952845013
-2.065904348048621,2.065904348048621
2.0,-2.0
2.0,-2.0
2.0,-2.0
-2.0,2.0
-2.0,2.0
-2.0,2.0
-2.0,2.0
-2.0,2.0
-2.5486980137844597,2.0
-2.0,0.0
0.0,0.0
0.0,0.0
0.0,0.0
0.0,0.0
0.0,0.0
0.0,0.0
0.0,0.0
2.0,-2.0
2.0,-2.0
0.0,0.0
2.0,-2.0
2.0,-2.0
2.0,-2.0
2.0,-2.0
2.0,-2.0
2.0,-2.0
2.0,-2.0
2.0,-2.0
2.0,-2.0
2.0,-2.0
2.0,-2.0
2.0,-2.0
0.0,0.0
0.0,0.0
0.0,0.0
0.0,0.0
1.99499940813865,-1.99499940813865
0.0,0.0
0.0,0.0
4.415883366532194,-1.9787839165508445
-2.199482253608168,2.199482253608168
-2.199482253608168,2.351777646284547
-2.177205179477594,2.177205179477594
-2.0030130972660616,2.0030130972660616
22.879309486467243,2.1206905135327574
23.157292008432936,1.8427079915670639
-2.1782644024534576,2.1782644024534576
-1.692887505010047,1.692887505010047
0.3895649913877861,2.284198060691328
-1.9679074214946173,1.9679074214946173
-1.9979418286165416,1.9979418286165416
23.03381119263515,1.9661888073648512
22.651221052933465,2.348778947066535
-2.1643065796551824,2.1643065796551824
-2.2703828771854973,2.2703828771854973
-2.061888411943489,2.061888411943489
-2.343147219604221,2.343147219604221
0.0,0.0
0.0,0.0
0.0,-1.7185556350296256
1.7474546081378008,-1.7474546081378008
-1.9387332681585399,1.9387332681585399
-25.0,2.032360816112856
-24.99999999998136,2.1025002168622144
-24.4238734853787,2.2405340273732115
-25.0,2.066511566001701
-1.6878635724089044,1.6878635724089044
-2.064287402875266,2.064287402875266
-2.2994775059603025,2.2994775059603025
-2.2994775059603025,2.1723953636019466
-1.8440687451710929,1.8440687451710929
-2.1540075178228424,2.1540075178228424
-1.9900960363847835,1.9900960363847835
-2.0557221027081667,2.0557221027081667
1.8990814383009074,-1.8990814383009074
1.5926139758635127,-1.5926139758635127
-1.9181843739841682,1.9181843739841682
2.194146593405107,-2.194146593405107
1.6538365273931568,-1.6538365273931568
1.996687738908192,-1.996687738908192
-2.1723953636019466,2.1723953636019466
2.1241107008148665,-2.1241107008148665
-2.1723953636019466,2.1723953636019466
2.520239265926194,-2.520239265926194
1.7989114173134917,-1.7989114173134917
2.0649977591745845,-2.0649977591745845
2.310870030510166,-2.310870030510166
2.1122706928210073,-2.1122706928210073
2.7390111762051204,-2.7390111762051204
1.9788849666870352,-1.9788849666870352
-2.1609305726848937,2.1609305726848937
-1.920050992158525,1.920050992158525
-1.871163780922305,1.871163780922305
-2.0317958307904407,2.0317958307904407
-2.112678873630956,2.112678873630956
-1.963364832404575,1.963364832404575
-2.0,2.0
-2.0,2.0
-2.0,2.0
-2.0,2.0
-2.0,2.0
-2.0,2.0
-2.0,2.0
-2.0,2.0
-2.1723953636019466,2.0
-2.0,0.0
0.0,0.0
2.0,-2.0
2.0,-2.0
2.0,-2.0
2.0,-2.0
0.0,0.0
0.0,0.0
2.0,-2.0
25.0,-2.0
25.0,-2.0
2.0,-2.0
13.263157894736846,-2.0
25.0,-2.0
25.0,-2.0000000000000036
2.0,-2.0
2.0000000000000013,-2.0000000000000013
2.0,-2.0
2.0,-2.0
2.0,-2.0
2.0,-2.0
2.0000000000000013,-2.0000000000000013
2.000000000000006,-2.000000000000006
-23.0,-2.0
-23.0,-2.0
2.0000000000000013,-2.0000000000000013
-20.195,2.0
-23.021669981913874,-1.978330018086126
25.0,-1.9757354306577817
25.0,-1.9730915447073905
25.0,-1.9606390797446807
24.999999999943586,-1.8105076939665885
-25.0,2.2289484506393826
-25.0,2.1370839338068883
25.0,-1.7558528120541261
25.0,-1.9774229139394812
-25.0,0.0
-25.0,1.3913284752157509
2.408433728673911,-2.408433728673911
24.71765945941162,-1.0212224293395238
25.0,-2.556052773407714
2.00029285235263,-2.00029285235263
2.1552666567096868,-2.1552666567096868
25.0,-2.463100553076913
2.282629028474438,-1.7950235498734122
1.9754950744758881,-1.9754950744758881
1.9113099174651147,-1.9113099174651174
1.7572941947272236,-1.7572941947272236
1.7669425436811999,-1.7669425436811999
-22.873706160633958,-2.126293839366042
-25.0,0.0
-2.050161694892081,2.050161694892081
-1.7239948625618666,1.7239948625618666
-2.1939850196933106,2.1939850196933106
-25.0,1.6534830848986033
-2.405820778803469,2.405820778803469
-1.8058975869067133,1.8058975869067133
-2.255253644976708,2.255253644976708
-2.257549127749366,2.257549127749366
-2.289451730913928,2.289451730913928
-2.066235123479176,2.066235123479176
2.1151219008016184,-2.1151219008016184
2.1106559024240195,-2.1106559024240195
1.9059167636866299,-1.9059167636866299
2.0878127877716164,-2.0878127877716164
2.19815500998172,-2.19815500998172
1.2494989447721876,-1.2494989447721876
2.3384256065653863,-2.3384256065653863
1.3948275559118253,-1.3948275559118253
1.7805702764354532,-1.7805702764354532
1.6568919115291028,-1.6568919115291028
-1.897258053717401,1.897258053717401
-2.0393394119383386,2.0393394119383386
-2.6604476944996565,2.6604476944996565
-2.175373747765864,2.175373747765864
-1.8750555535863755,1.8750555535863755
-1.6621083440603135,1.6621083440603135
-2.633832212365217,2.633832212365217
-2.112464770619357,2.112464770619357
-1.4934809299092233,1.4934809299092233
-1.9737944480445089,1.9737944480445089
-2.3843507251276717,2.3843507251276717
-2.319194232404193,2.319194232404193
-2.149000231732047,2.149000231732047
-2.0497789829409467,2.0497789829409467
-2.0080374637809806,2.0080374637809806
-2.0157119414297378,2.0157119414297378
-2.0,2.0
-2.0,2.0
-2.0,2.0
-2.0,2.0
2.0,-2.0
-2.0,2.0
-2.0,2.0
-19.870598780184114,2.0
0.0,-2.0
2.0,-2.0
2.0,-2.0
0.0,0.0
0.0,0.0
2.0,-2.0
0.0,0.0
0.0,0.0
0.0,0.0
2.0,-2.0
2.0,-2.0
2.0,-2.0
0.0,0.0
2.0,-2.0
2.0,-2.0
2.0000000000000013,-2.0000000000000013
2.0,-2.0
2.0,-2.0
2.0,-2.0
2.0,-2.0
2.0,-2.0
0.0,0.0
2.0,-2.0
0.0,0.0
2.0,-2.0
0.0,0.0
2.0,-2.0
2.0,-2.0
1.9736956217164245,-1.9736956217164245
1.9739097976119797,-1.9739097976119797
4.4786791769565015,-1.9715886917377188
-2.064254671970147,2.064254671970147
-2.2626491629099514,2.2626491629099514
1.5301733889157,-1.5301733889157
1.6651978101510907,-1.6651978101510907
1.8714280344123733,-1.8714280344123733
1.9595201048694175,-1.9595201048694175
2.11298609829882,-2.11298609829882
23.158322040823606,1.8416779591543673
5.4609163174669675,-2.7048489078778384
22.236369187210677,2.763630812753135
23.070946007000863,1.9290539929862867
-1.8763481432807403,1.8763481432807403
2.032320422684908,-2.032320422684908
25.0,0.0
-1.923536503187396,1.923536503187396
-1.925046207556985,1.925046207556985
-24.752627447282855,2.1901274473241905
24.9999999999542,0.0
0.0,0.0
0.0,0.0
0.0,-2.027211285196689
1.9860478575275327,-1.9860478575275327
2.1975472151205526,-2.1975472151205526
-23.104049052365134,-1.8959509476348657
-23.28913363266883,-1.710866367331171
-22.781203317189092,-2.2187966828109076
2.113793335710488,-2.113793335710488
-17.34825708922334,1.954674155810178
1.8846672959962714,-1.8846672959962714
1.7278114103557236,-1.7278114103557236
1.789835518971227,-1.789835518971227
-2.0526938579066236,2.0526938579066236
-2.237843446383428,2.237843446383428
-2.5792057813901614,2.5792057813901614
-1.7286584100480251,1.7286584100480251
-2.1892514148555513,2.1892514148555513
-2.3486432503945185,2.3486432503945185
1.8425003441015146,-1.8425003441015146
1.7183536678898808,-1.7183536678898808
1.5541259816486601,-1.5541259816486601
1.71521118542492,-1.71521118542492
1.8736998491608414,-1.8736998491608414
1.2767203283258617,-1.2767203283258617
2.174041395790864,-2.174041395790864
2.1540251899475695,-2.1540251899475695
-1.6743469215815114,1.6743469215815114
-2.3202315230109747,2.3202315230109747
1.5097954567693872,-1.5097954567693872
25.0,-2.4640977658294005
24.999999999964967,3.503330958665174e-11
22.977941401456043,2.022058598543957
22.425323331718605,2.574676668281395
0.3269052950289044,2.4907307623017427
-2.1600520156270053,2.1600520156270053
2.046271066182511,-2.046271066182511
2.051773862083053,-2.051773862083053
1.9459222579265414,-1.9459222579265414
2.0,-2.0
2.0,-2.0
2.0,-2.0
-2.0,2.0
-2.0,2.0
-2.0,2.0
-20.148274089470046,2.0
-25.0,0.0
-25.0,0.0
-25.0,0.0
0.0,0.0
0.0,0.0
0.0,0.0
0.0,0.0
0.0,0.0
0.0,0.0
0.0,0.0
0.0,0.0
0.0,0.0
4.21606648199446,-2.0
2.0,-2.0
-2.0,2.0
-2.0,2.0
-2.0,2.0
-2.0,2.0
-2.0,2.0
-2.0,2.0
-2.0,2.0
-2.0,2.0
-2.0,2.0
-2.0,2.0
5.0470914127423825,-2.0
-2.0,2.0
-2.0,2.0
-2.0,2.0
2.0,-2.0
-2.0649697865284966,2.0649697865284966
-2.0514242360574,2.0514242360574
-2.0493136400003644,2.0493136400003644
-2.0848850170841846,2.0848850170841846
-2.250283251418617,2.250283251418617
22.618223251396273,2.381776748603727
-2.21826431005349,2.21826431005349
-2.078633381270234,2.078633381270234
23.004862358889348,1.9951376411106523
23.22214239471024,1.7778576052897606
23.395510987466828,1.6044890125331719
-1.7835934720585023,1.7835934720585023
-2.213399111001241,2.213399111001241
-1.7591573415913668,1.7591573415913668
-2.1703643315528947,2.1703643315528947
-1.9009117655048406,1.9009117655048406
-2.123225201136547,2.123225201136547
-1.9538725987243168,1.9538725987243168
-1.9703562730640147,1.9703562730640147
-1.9334297372983151,1.9334297372983151
-1.968886330975062,1.968886330975062
-1.9866524966521446,1.9866524966521446
-1.928675935746579,1.928675935746579
-25.000000000000004,1.8526750699134489
-2.322643768036299,2.322643768036299
-1.9183156526249991,1.9183156526249991
-24.999999999971486,1.8232692855139732
-24.99999999998302,1.5293660726106175
-25.0,2.0896866641400607
-2.132765093781982,2.0687433028958777
-1.9014053227025922,1.9014053227025922
-1.6738988069902039,1.6738988069902039
1.8393446075430084,-1.8393446075430084
-2.230975301337498,2.230975301337498
-1.9262100431997613,1.9262100431997613
-2.0613058629747876,2.0613058629747876
1.8107700441530454,-1.8107700441530454
1.6909965876641895,-1.6909965876641895
1.7779024167488924,-1.7779024167488924
-1.9988645659862492,1.9988645659862492
-2.1368769174886486,2.1368769174886486
1.8567038492954362,-1.6286670037498232
1.7796090390797321,-1.7796090390797321
-2.436778554442414,2.436778554442414
-2.1418958009112963,2.1418958009112963
-2.042091845364668,2.042091845364668
2.2556746202336146,-2.2556746202336146
2.1860748504357606,-2.1860748504357606
2.2393682982884986,-2.2393682982884986
1.765570429425562,-1.765570429425562
5.701314482571768,-1.3105630783265898
24.999999999955108,-1.8756418894389455
2.3639851792473516,-2.3639851792473516
-2.1554462181198657,2.1554462181198657
22.793958488783115,2.2060415112150835
22.725772173388744,2.274227826608385
24.999999999955538,-1.9519832592467345
-1.9873737402425888,1.9873737402425888
-1.9763660774893888,1.9763660774893888
-2.0050324136431428,2.0050324136431428
-2.0,2.0
-2.0,2.0
-2.0,2.0
2.0,-2.0
2.0,-2.0
2.0,-2.0
-24.195000000000004,2.0
-25.0,2.0
-25.0,2.0
-25.0,0.0
0.0,0.0
0.0,0.0
0.0,0.0
0.0,0.0
2.0,-2.0
2.0,-2.0
0.0,0.0
0.0,0.0
0.0,2.0
-1.80499999999999,2.0
-1.9809875000000092,1.9809875000000092
-1.9809875000000097,1.9809875000000097
-1.98098750000001,1.98098750000001
25.0,-2.0
-2.0,2.0
-2.0,2.0
2.0,-2.0
9.068157894763807,-2.0
-2.0,2.0
-2.0,2.0
2.0,-2.0
2.0,-2.0
-2.0,2.0
2.0000000000000013,-2.0000000000000013
25.0,-2.0
-2.0,2.0
1.9369353661477424,-1.9369353661477424
1.9269141545922819,-1.9269141545922819
-2.0765414903485646,2.0765414903485646
-2.112940490509293,2.112940490509293
-2.2518338521616696,2.2518338521616696
-2.3493037460562127,2.3493037460562127
-2.249325909425211,2.249325909425211
-2.1100648329666116,2.1100648329666116
22.925667572085356,2.0743324279146442
23.055037307848,1.9449626921250278
-1.815492288339195,1.815492288339195
-1.883611386543798,1.883611386543798
0.0,0.0
0.0,0.0
-1.9264713381868077,1.9264713381868077
-1.7405309221284373,1.7405309221284373
-2.091049311186021,2.091049311186021
-2.130255551041591,2.130255551041591
-1.952236664892384,1.952236664892384
-2.110215992747765,2.110215992747765
-2.532606281925325,2.532606281925325
-2.103029118309422,2.103029118309422
-1.9974059845489087,1.9974059845489087
-1.9425491848050846,1.9425491848050846
-1.9225304543725432,1.9225304543725432
-1.702670288341416,1.702670288341416
0.0,0.0
-3.4943468411733676,1.9070029682100689
-2.1264472081627837,2.1264472081627837
-2.006254669858956,2.006254669858956
-2.0870699273857447,2.0870699273857447
-2.210175841680382,2.210175841680382
-2.008550152631617,2.008550152631617
-1.986725078592988,1.986725078592988
-2.0046364081517574,2.0046364081517574
-1.9692908964018638,1.9692908964018638
1.7588297761366167,-1.7588297761366167
-2.287367051343379,2.287367051343379
-2.213146652076558,2.213146652076558
-2.2331022677779284,2.2331022677779284
-2.3330261413137805,2.3330261413137805
1.7588297761366167,-1.7588297761366167
-2.3400628026919392,2.3400628026919392
-2.0853519444032944,2.0853519444032944
1.7588297761365883,-1.7588297761365883
1.6809487224619044,-1.6809487224619044
-2.091858442039621,2.091858442039621
-1.8772872904805507,1.8772872904805507
-1.4852154247151823,1.4852154247151823
-1.5117412839313644,1.5117412839313644
1.7588297761366192,-1.7588297761366192
1.7588297761366192,-1.7588297761366192
-1.7232286497254616,1.7232286497254616
-2.3759432117884973,2.3759432117884973
-2.3696083862209534,2.3696083862209534
-2.1116537463238196,2.1116537463238196
-1.854877142883975,1.854877142883975
-1.872572067808243,1.8725720678082456
-1.9966647020313149,1.9966647020313149
-2.079194293720155,2.079194293720155
-0.24117022386338083,2.0
-2.0,2.0
0.0,0.0
0.0,0.0
0.0,0.0
-2.0,2.0
-25.0,2.0
-25.0,2.0
-25.0,0.0
-22.000000000000007,-2.0
0.0,0.0
2.0,-2.0
0.0,0.0
0.0,0.0
0.0,0.0
0.0,0.0
0.0,0.0
0.0,0.0
0.0,0.0
0.0,0.0
0.0,0.0
2.0,-2.0
0.0,0.0
23.0,2.0
-22.5625,2.0
2.0,-2.0
-2.0,2.0
-2.0,2.0
-2.0,2.0
-2.0,2.0
-2.0,2.0
-2.0,2.0
-2.0,2.0
-2.0,2.0
-2.0,2.0
6.98340985211629,-2.0
25.0,-1.9363184393739061
-2.063065038181004,2.063065038181004
22.926186364081186,2.073813635918814
-2.113918574074314,2.113918574074314
-2.2761695710361853,2.2761695710361853
-2.3904674104056096,2.3904674104056096
22.756792274827596,2.243207725172404
22.882792472906868,2.1172075270931323
-1.96189511220335,1.96189511220335
-2.003217588995052,2.003217588995052
-1.6334454200467121,1.6334454200467121
-1.8017604162785066,1.8017604162785066
-2.3894519732744968,2.3894519732744968
-2.063354567148572,2.063354567148572
0.0,0.0
0.0,0.0
0.0,0.0
-2.1363858848801467,2.1363858848801467
-2.2975973181187435,2.2975973181187435
-24.945058582336095,2.3825585823360953
22.36396508351695,2.6360349164830517
-2.3855742041914034,2.3855742041914034
-2.407924392793369,2.407924392793369
-25.0,2.2502940894013648
23.13629121278339,1.8637087872166092
-2.469762944099232,2.469762944099232
-2.68396298103902,2.68396298103902
-2.585216197239493,2.585216197239493
-2.7259393264456477,2.7259393264456477
-25.0,2.5904938510599393
-2.4431992160443503,2.4431992160443503
-2.4428659702637727,2.4428659702637727
-25.0,2.360149065886837
-24.046545845568772,2.620704348281823
-2.657129121934732,2.657129121934732
-2.887362825180979,2.887362825180979
-2.8628515881837497,2.8628515881837497
-2.558276305386835,2.558276305386835
-2.861724359085052,2.861724359085052
0.8219244115763118,-0.8219244115763118
-3.0384506555398936,3.0384506555398936
0.9397129097698667,-0.9397129097698667
-3.0524040603069817,3.0524040603069817
-2.8380639086639956,2.8380639086639956
1.1101700199775806,-1.1101700199775806
25.0,-1.1859405170419386
1.0922643707446156,-1.0922643707446156
1.2613234896569079,-1.2613234896569079
-2.7490746623033697,2.7490746623033697
-2.5557069046809016,2.5557069046809016
1.6276230860962677,-1.6276230860962677
1.9343164992712527,-1.9343164992712527
-2.1004666602239155,2.1004666602239155
-2.310242354508679,2.310242354508679
1.3924771633230502,-1.3924771633230502
25.0,-1.5426971661283737
-1.9906643845389713,1.9906643845389713
2.222652282844679,-2.222652282844679
2.1030043457774377,-2.1030043457774377
1.9658184841451314,-1.9658184841451314
-2.0,2.0
-2.0,2.0
-2.0,2.0
2.0,-2.0
-2.0,2.0
-2.0,2.0
-2.0,2.0
-25.0,2.0
-25.0,2.0
-25.0,2.0
-2.0,2.0
-2.0,2.0
-2.0,2.0
-2.0,2.0
-2.0,0.0
0.0,0.0
2.0,-2.0
2.0,-2.0
2.0,-2.0
0.0,0.0
2.0,-2.0
2.0,-2.0
2.0,-2.0
4.21606648199446,-2.0
2.0,-2.0
-2.0,2.0
2.0,-2.0
2.0,-2.0
-2.0,2.0
-2.0,2.0
-2.0,2.0
-2.0,2.0
2.0,-2.0
2.0,-2.0
2.0,-2.0
25.0,-2.0
25.0,-1.9935476232456502
25.0,-1.9985282424379953
25.0,-1.9998064367616024
11.038973715187636,-1.7021095928483856
1.702109592848384,-1.702109592848384
-0.6912359281919965,2.393345521040381
-2.148446478859443,2.148446478859443
-2.0199915910981368,2.0199915910981368
0.0,0.0
-1.9828107029658169,1.9828107029658169
-1.9461151671161954,1.9461151671161954
-1.7631266270346568,1.7631266270346568
0.0,0.0
-2.0712281298620425,2.0712281298620425
-2.086453296462212,2.086453296462212
-2.159182925778792,2.159182925778792
-2.3235273742726807,2.3235273742726807
-2.324814914788549,2.324814914788549
-2.43174641692622,2.43174641692622
-24.89222776546283,2.329727765462831
25.0,0.0
-2.4175708483054077,2.4175708483054077
-2.3426915312451744,2.3426915312451744
0.0,-1.6589873206039503
1.6665749735852238,-1.6665749735852238
1.838213097622103,-1.838213097622103
1.7496907630631604,-1.7496907630631604
-2.5675844659398095,2.5675844659398095
-2.714848805884433,2.714848805884433
-2.7314669146015262,2.7314669146015262
-2.6442877987308613,2.6442877987308613
-25.0,2.496173934504686
-2.746794857256832,2.470406714357165
-24.99999999997312,2.439201528972035
-2.417546864707564,2.417546864707564
-2.4875051261784655,2.4875051261784655
0.9328005844121137,-0.9328005844121137
1.3690931554245207,-1.3690931554245207
-3.2849117873172915,3.2849117873172915
-2.833484934917605,2.833484934917605
-2.58835804855714,2.58835804855714
-2.570230235470456,2.570230235470456
-2.8409747600655635,2.8409747600655635
1.826448374523018,-1.826448374523018
-2.4198600196049505,2.4198600196049505
-2.3025032261725986,2.3025032261725986
1.4452770539780397,-1.4452770539780397
1.3690066882428171,-1.3690066882428171
1.764434364264499,-1.764434364264499
-1.9997431230441371,1.9997431230441371
-2.175087206886353,2.175087206886353
-1.6678113911688452,1.6678113911688452
-2.3777312521225484,2.3777312521225484
-2.0516057599412516,2.0516057599412516
-2.0527604439480096,2.0527604439480096
1.7898569779798255,-1.7898569779798255
-2.133687809016035,2.133687809016035
-2.0819962130403917,2.0819962130403917
-2.0673388817872196,2.0673388817872196
1.9803003737035856,-1.9803003737035856
2.0,-2.0
2.0,-2.0
2.0,-2.0
2.0,-2.0
-2.0,2.0
2.0,-2.0
-25.0,2.0
-25.0,2.0
-2.0,2.0
-2.0,2.0
-2.0,2.0
-2.0,2.0
-2.0,0.0
0.0,0.0
0.0,0.0
0.0,0.0
0.0,0.0
2.0,-2.0
2.0,-2.0
0.0,0.0
2.0,-2.0
2.0,-2.0
2.0,-2.0
4.21606648199446,-2.0
-2.0,2.0
-2.0,2.0
-2.0,2.0
-2.0,2.0
23.0,2.0
25.0,0.0
25.0,0.0
23.0,2.0
2.0,-2.0
2.0,-2.0
2.0,-2.0
-0.6551285914388425,2.0
-2.0593065349837603,2.0593065349837603
-2.069822143212194,2.069822143212194
1.7022200041812217,-1.7022200041812217
1.7022200041812217,-1.7022200041812217
1.7022200041812248,-1.7022200041812248
1.5969729158783634,-1.5969729158783634
1.5493512142707817,-1.7959981991095066
1.9755130621742696,-1.9755130621742696
1.9498256821616868,-1.9498256821616868
1.9755130621742687,-1.9755130621742687
-1.7201499131389824,1.7201499131389824
-1.4565436646392182,1.4565436646392182
1.5725718929804398,-1.5725718929804398
1.9755130621742687,-1.9755130621742687
1.9755130621742687,-1.9027723877797271
1.856641830767492,-1.856641830767492
1.7332626296868892,-1.7332626296868892
-2.44877477139592,2.44877477139592
-2.055904504281248,2.055904504281248
-2.2888458294946936,2.2888458294946936
1.9027723877797307,0.0
0.0,0.0
-2.106578059643116,2.106578059643116
-24.014057544093696,2.0702075646590217
-2.479226366890881,2.479226366890881
1.7877224377716523,-1.7877224377716523
1.8456074823170212,-1.8456074823170212
-25.0,2.0172308268229244e-11
-25.0,2.2500479419497985
-2.0668082052381997,2.0668082052381997
-25.000000000000004,2.083484379507972
-2.3541613713407212,2.3541613713407212
-2.3424529575613526,2.3424529575613526
-2.389682342043267,2.389682342043267
1.6910641204265424,-1.6910641204265424
1.5009107960625698,-1.5009107960625698
1.6714865619648818,-1.6714865619648818
1.6099654777568038,-1.6099654777568038
1.5094855634393411,-1.5094855634393411
1.4349243446242035,-1.4349243446242035
2.05900596217095,-2.05900596217095
1.5940694015642922,-1.5940694015642922
1.6502042746143157,-1.6502042746143157
1.5801185213864546,-1.5801185213864546
-2.389682342043267,2.389682342043267
-2.2384020117542835,2.2384020117542835
-2.389682342043267,2.389682342043267
1.8165715502422035,-1.8165715502422035
2.079459868674906,-2.2320810714275963
1.5727397781653512,-1.5727397781653512
1.1811961826998771,-1.1811961826998771
1.9144378835419094,-1.9144378835419094
-1.6778561006345711,1.6778561006345711
-1.9629617511601243,1.9629617511601243
-2.092132044399244,2.092132044399244
-2.237061139290577,2.237061139290577
-2.055078174663405,2.055078174663405
-1.8429807260991329,1.8429807260991329
-2.0950265599332827,1.907040975112246
-2.0490755544695403,2.0490755544695403
2.0,-2.0
-2.0,2.0
-2.0,2.0
2.0,-2.0
-2.0,2.0
-2.0,2.0
-2.0,2.0
-2.0490755544695403,1.9999999999999996
-2.0,2.0
-2.0,2.0
-2.0,2.0
-2.0,2.0
-2.0,2.0
-2.0,0.0
0.0,0.0
0.0,0.0
0.0,0.0
0.0,0.0
0.0,0.0
23.0,2.0
-16.327606675725754,2.0
2.0,-2.0
2.0,-2.0
25.0,-2.0
-2.0,2.0
-2.0,2.0
-2.0,2.0
23.0,2.0
-2.0,2.0
2.0,-2.0
2.0,-2.0
2.0,-2.0
2.0,-2.0
-2.0,2.0
2.0,-2.0
2.0,-2.0
1.9364165778500393,-1.9364165778500393
-2.0602824724013797,2.0602824724013797
-2.066849084353728,2.066849084353728
1.8818986055958304,-1.8818986055958304
-2.317825530288709,2.317825530288709
-2.3870226083783446,2.3870226083783446
24.999999999995993,-1.8613776446208448
24.99999999999966,-1.9490733545661385
1.9490733545661363,-6.661338147750939e-16
-1.9851995955406077,1.9851995955406077
-1.7075339095253863,1.7075339095253863
-1.621218834324436,1.621218834324436
-2.2180601338981543,2.2180601338981543
-1.9469394455052775,1.9469394455052775
-2.1777620091933443,2.1777620091933443
-25.0,2.1797760002649795
22.638278115004084,2.3617218849875883
-1.9262027299249382,2.2117694886424286
-2.2309260718471826,2.2309260718471826
-2.137781351586316,2.137781351586316
0.0,0.0
0.0,0.0
0.0,0.0
-22.99966107389362,-2.00033892610638
1.681499082917707,-1.681499082917707
-2.2373296924717074,2.2373296924717074
-25.0,2.1842729248608492
-25.0,2.2388943066574143
-2.3504521185898533,2.3504521185898533
-2.1248119054781682,2.1248119054781682
-2.2425360266459293,2.2425360266459293
-2.079073290946493,2.079073290946493
1.9130222201217641,-1.9130222201217641
-2.0676583606670587,2.0676583606670587
1.7506961807306993,-1.7506961807306993
1.5496271636108503,-1.5496271636108503
1.6959290039051353,-1.6959290039051353
1.5923324841624957,-1.5923324841624957
-2.384487999667966,2.384487999667966
-2.372352299158573,2.372352299158573
-23.797315245762206,2.2174384537961274
-2.3471202919313825,2.3471202919313825
-2.8432904395521934,2.8432904395521934
-2.8432904395521934,2.0
-2.0,2.0
1.9074491893594434,-1.9074491893594434
1.7135619974994452,-1.7135619974994452
1.8367916166671794,-1.8367916166671794
1.893666825513824,-1.893666825513824
2.0269045476032,-2.0269045476032
1.5587024308058055,-1.5587024308058055
2.226781958598554,-2.226781958598554
2.18034718858207,-2.18034718858207
1.9862674967920046,-1.9862674967920046
1.7312183435442865,-1.7312183435442865
1.7240470900019096,-1.7240470900019096
2.0783978055361416,-2.0783978055361416
2.2010163163193184,-2.2010163163193184
2.105582385312202,-2.105582385312202
1.9336472710947985,-1.9336472710947985
-2.0,2.0
-2.0,2.0
-2.0,2.0
-2.0,2.0
-2.0,2.0
-2.0,2.0
-2.0,2.0
-2.0,2.0
-2.0,0.0
0.0,0.0
0.0,0.0
0.0,2.0
-1.805,0.0
2.0,-2.0
2.0,-2.0
2.0,-2.0
0.0,2.0000000000000004
-1.8050000000000002,1.8050000000000002
-1.8050000000000006,2.0
-1.9789335180055403,2.0
-2.0,2.0
-2.0,2.0
25.0,-2.0
-2.0,2.0
-22.7575,2.0
-1.9999999999999847,1.9999999999999847
-2.0,2.0
-2.0,2.0
-2.0,2.0
-2.0,2.0
-2.0,2.0
-2.0,2.0
-2.0,2.0
2.0,-2.0
2.0,-2.0
-2.0,2.0
-2.0,2.0
-2.0,2.0
1.9264142045625816,-1.9264142045625816
8.438643575457352,-1.8762801618120974
24.999999999984905,1.509548042122333e-11
24.99999999998356,-1.6399554678866721
25.0,-1.875316532999765
25.0,-1.9397857063008033
-0.02239784022399327,1.962183546524797
0.0,0.0
0.0,0.0
-1.9367489410105456,1.9367489410105456
-1.9979961072853474,1.9979961072853474
-2.0493645558374,2.0493645558374
-2.0937392610284924,2.0937392610284924
-2.225275409965521,2.225275409965521
0.0,0.0
-2.32373943976941,2.32373943976941
-2.349637938557761,2.349637938557761
-2.370396373639611,2.370396373639611
0.0,0.0
0.0,0.0
-2.4493554269226863,2.4493554269226863
-24.999999999969834,-3.0169644560373854e-11
1.5063203596711592,-1.5063203596711592
1.5390996264516765,-1.5390996264516765
-2.5446624578734394,2.5446624578734394
-25.0,2.5697896946468894
-24.955971062552138,2.3861813679052553
-2.5719772512292476,2.5719772512292476
-2.745834352005094,2.745834352005094
-2.696245107724728,2.696245107724728
-2.884431777065439,2.884431777065439
-3.0177591220730804,3.0177591220730804
-2.968176189265833,2.968176189265833
1.1168772224590313,-1.1168772224590313
-2.7060764893991003,2.7060764893991003
-2.6854430214849607,2.6854430214849607
-2.9211191080000134,2.9211191080000134
-2.960333552770633,2.960333552770633
-2.969653073975209,2.969653073975209
1.0654923640768725,-1.0654923640768725
1.106773185146002,-1.106773185146002
1.5810639800593798,-1.5810639800593798
1.5186157404504161,-1.5186157404504161
-2.647701674539851,2.647701674539851
-2.9886928949273024,2.9886928949273024
1.5116794314948159,-1.5116794314948159
1.6833066888184227,-1.6833066888184227
1.8517365538609507,-1.8517365538609507
1.678557305297871,-1.678557305297871
1.9576639006257048,-1.9576639006257048
1.8395822345058637,-1.8395822345058637
-2.232522243398477,2.232522243398477
-2.237426573584051,2.237426573584051
1.9827802501080267,-1.9827802501080267
-1.9776113114120217,1.9776113114120217
-2.016038242124468,2.016038242124468
-2.0545355457621692,2.0545355457621692
-2.0306515927647757,2.0306515927647757
-2.0,2.0
2.0,-2.0
-2.0,2.0
-2.0,2.0
-2.0,2.0
-2.0,2.0
-2.0,2.0
2.0,-2.0
-25.0,0.0
0.0,0.0
2.0,-2.0
0.0,0.0
0.0,0.0
2.0,-2.0
2.0,-2.0
2.0,-2.0
0.0,0.0
2.0,-2.0
25.0,-2.0
13.26315789473685,-2.0
2.0,-2.0
25.0,-1.9999999999999964
25.0,-2.0
25.0,-2.0
2.0,-2.0
2.0,-2.0
2.0,-2.0
2.0,-2.0
2.0,-2.0
-18.757499999970918,-2.0
-2.0,2.0
2.0,-2.0
2.0,-2.0
-2.0,2.0
-2.0,2.0
2.0,-2.0
1.942222095176213,-1.942222095176213
-2.0625522211285676,2.0625522211285676
-2.0632750475181347,2.0632750475181347
-2.0879218628472596,2.0879218628472596
-2.2543347536609355,2.2543347536609355
1.6732577980017571,-1.6732577980017571
24.99999999996778,0.0
0.0,0.0
-2.0242628805300793,2.0242628805300793
-2.0416083865239028,2.0416083865239028
-2.22044334614714,2.22044334614714
-1.5460681239201701,1.5460681239201701
-2.332400674327886,2.332400674327886
-2.104709232453173,2.104709232453173
-2.0672039346026363,2.0672039346026363
-24.491129230845512,1.9286292308455124
22.661652655701264,2.338347344298736
-2.0700863843751787,2.0700863843751787
-1.9202311847160178,1.9202311847160178
-25.0,2.3278210694341865
24.830500195152695,-1.297517263393729
1.5885449691449764,-1.5885449691449764
1.5885449691449751,-1.5885449691449751
-24.99999999994317,2.251936334706407
-2.42158115832396,2.42158115832396
-2.4367943331252064,2.4367943331252064
-2.2845300441772824,2.2845300441772824
-2.148501388675564,2.148501388675564
-2.4544954906291796,2.4544954906291796
-2.3222259485159498,2.3222259485159498
-24.999999999967223,2.2574563490945465
-2.6739972794407567,2.2824788154142546
-25.0,2.519291598237672
-25.0,2.6872967011394238
-2.5199240078440006,2.5199240078440006
-2.7706207692302254,2.7706207692302254
-2.793417810128874,2.793417810128874
-2.890800684587818,2.890800684587818
-2.7210801232928574,2.7210801232928574
-2.890800684587818,2.890800684587818
-2.832245361597421,2.819398989215056
-2.8779543122054534,2.8779543122054534
-2.6480134613118302,2.6480134613118302
-2.8699090774231966,2.8699090774231966
-2.596008185122269,2.596008185122269
-2.6004754457944923,2.6004754457944923
-2.20653159710262,2.20653159710262
1.9431241600060432,-1.9431241600060432
1.6853484503717766,-1.6853484503717766
1.7959860495237567,-1.7959860495237567
1.4736244043357907,-1.4736244043357907
-2.630290213651941,2.630290213651941
-2.186125342220693,2.186125342220693
-1.8137159242304115,1.8137159242304115
1.9414232180010078,-1.9414232180010078
1.8607610136973105,-1.8607610136973105
-2.0335691476411095,2.0335691476411095
-2.003280940406465,2.003280940406465
-2.0860967475394774,2.0860967475394774
-2.1201849324856354,2.1201849324856354
-2.0,2.0
-2.0,2.0
-2.0,2.0
-2.8779543122054534,2.0
-2.0,2.0
-2.0,2.0
-2.0,2.0
-2.0,2.0
0.0,-2.0
2.0,-2.0
2.0,-2.0
2.0,-2.0
0.0,0.0
2.0,-2.0
2.0,-2.0
0.0,0.0
0.0,2.0000000000000004
-1.8050000000000002,1.8050000000000002
25.0,0.0
-2.0,2.0
-2.0,2.0
-2.0,2.0
-2.0,2.0
-2.0,2.0
-2.0,2.0
-2.0,2.0
-2.0,2.0
3.3270237281891784,-2.0
23.0,2.0
25.0,0.0
23.0,2.0
-2.0,2.0
-2.0,2.0
-2.0,2.0
1.9361341665476655,-1.9361341665476655
1.9361341665476655,-1.9361341665476655
1.9360298743852438,-1.9360298743852438
1.936134166547664,-1.936134166547664
1.9310486872219543,-1.9310486872219543
1.887077568686247,-1.887077568686247
1.7449812798867186,-1.7449812798867186
-2.215123563243637,2.215123563243637
1.9361341665476608,-1.9361341665476608
-1.9900199831337235,1.9900199831337235
1.81821000866338,-1.81821000866338
1.9361341665476686,-1.9361341665476686
1.8253659568834495,-1.8253659568834495
-2.042350303584925,1.9116696714327879
-2.254903989366025,2.254903989366025
-2.348604119261193,2.348604119261193
-2.254065194588774,2.254065194588774
1.8756986926969983,-1.8756986926969983
1.9509062063593205,-1.9509062063593205
2.0809326509267603,-2.0809326509267603
2.0809326509267656,-2.0809326509267656
-25.0,4.270361841918202e-11
1.5326568746938332,-1.5326568746938332
1.4045491179539606,-1.4045491179539606
-24.999999999945082,2.396986609881587
-24.99999999996234,1.3073986337985843e-12
-2.2439384359725274,2.2439384359725274
-2.2306818178375565,2.2306818178375565
-2.286468928718829,2.286468928718829
-2.4873971999881643,2.4873971999881643
-2.412942013921395,2.412942013921395
-2.339987696161849,2.339987696161849
-2.1081748623417234,2.1081748623417234
-2.73438723321277,2.73438723321277
-2.7718868507374985,2.7718868507374985
-2.4092157201931084,2.4092157201931084
-2.3708192423384524,2.3708192423384524
-2.378823452545447,2.378823452545447
-2.2045662043739824,2.2045662043739824
1.7221348714342817,-1.7221348714342817
1.617843458501456,-1.617843458501456
1.8993162251008613,-1.8993162251008613
1.7226107565073043,-1.7226107565073043
1.4939612330134278,-1.4939612330134278
-2.8256189459718737,2.8256189459718737
-2.758957166909987,2.758957166909987
-2.7752142593647857,2.7752142593647857
1.6468244807601558,-1.6468244807601558
1.538566938120601,-1.538566938120601
2.1749458298885314,-2.1749458298885314
-2.8908846271802737,2.8908846271802737
-2.5947282183741427,2.5947282183741427
-1.7209337981001145,1.7209337981001145
-1.5870491500162434,1.5870491500162434
-1.4885958497166554,1.4885958497166554
-2.384719315157705,2.384719315157705
-2.3352862798369842,2.3352862798369842
-2.3326596025125115,2.3326596025125115
-2.277752863237648,2.277752863237648
-2.1315759901110827,2.1315759901110827
-2.050143076046384,2.050143076046384
-2.1511422668145466,2.1511422668145466
-2.0,2.0
-2.0,2.0
-2.0,2.0
-2.0,2.0
-2.0,2.0
2.0,-2.0
-2.0,2.0
-2.0,2.0
-2.0,2.0
-20.518944892556775,2.0
-2.0,2.0
2.0,-2.0
0.0,-1.9999999999999996
2.0,-2.0
2.0,-2.0
2.0,-2.0
2.0,-2.0
2.0,-2.0
2.0,-2.0
2.0,-2.0
2.0,-2.0
2.0,-2.0
25.0,-2.0
25.0,-2.0
2.0,-2.0
25.0,-2.0
2.0,-2.0
25.0,-2.0
2.0,-2.0
2.0,-2.0
2.0,-2.0
2.0,-2.0
2.0,-2.0
2.0,-2.0
2.0,-2.0
2.0,-2.0
1.926922569067965,-1.926922569067965
1.9453564392924394,-1.9453564392924394
1.9283726990483359,-1.9283726990483359
1.8448767764477358,-1.8448767764477358
1.6914600470245142,-1.6914600470245142
1.6407424296909467,-1.6407424296909467
1.939031327476488,-1.939031327476488
1.863831545368737,-1.863831545368737
1.9313898691868934,-1.9313898691868934
2.1647938253798165,-2.1647938253798165
1.6875019249993013,-1.6875019249993013
2.1853199982509643,-2.1853199982509643
1.9860175624565706,-1.9860175624565706
2.115819318581046,-2.115819318581046
1.8800416173488177,-1.8800416173488177
1.942771979806114,-1.942771979806114
13.263157894736851,-1.4961651994258922
1.496165199425885,6.661338147750939e-15
-2.3522723474367986,2.3522723474367986
-2.3021643000662166,2.3021643000662166
-2.5637698115878838,2.5637698115878838
0.0,0.0
-2.414678931323195,2.414678931323195
-24.9999999999431,2.2542046781446636
-2.6153787272656963,2.6153787272656963
-2.455305883777404,2.455305883777404
-2.5722170872076973,2.5722170872076973
-2.547803046896469,2.547803046896469
-2.6704879859341997,2.6704879859341997
-2.665132069847104,2.665132069847104
-2.5528067827836356,2.5528067827836356
-2.668581921052864,2.668581921052864
-2.921424583298874,2.921424583298874
-2.635745851014292,2.635745851014292
-2.833114451445635,2.833114451445635
-2.916427790032131,2.916427790032131
-3.0746198145315535,3.0746198145315535
1.1486479158354435,-1.1486479158354435
-2.989727976518491,2.989727976518491
1.2621749073803965,-1.2621749073803965
1.0741984100944801,-1.0741984100944801
1.1471211704884396,-1.1471211704884396
1.327195072284546,-1.327195072284546
1.287896684921467,-1.287896684921467
-2.369405472360242,2.369405472360242
-2.860656457833654,2.860656457833654
-2.7489995557732776,2.7489995557732776
25.0,-1.3236947292938481
-2.0396511987103203,2.0396511987103203
-2.3081501011703907,2.3081501011703907
-2.7493858179280384,2.7493858179280384
-2.3789900754357376,2.3789900754357376
-1.8429686554067954,1.8429686554067954
1.526792038765794,-1.526792038765794
-2.549766861756825,2.549766861756825
-1.0926698960329508,2.619461934798745
-2.276805905589854,2.276805905589854
-1.9496226105141465,1.9496226105141465
-1.888495796142347,1.888495796142347
-2.019741794826177,2.019741794826177
-2.0,2.0
-2.0,2.0
-2.0,2.0
-3.0000000000000018,2.0
-25.0,2.0
-25.0,2.0
-25.0,2.0
-25.0,2.0
-1.9999999999999996,0.0
2.0,-2.0
2.0,-2.0
2.0,-2.0
2.0,-2.0
0.0,0.0
2.0,-2.0
2.0,-2.0
0.0,2.0000000000000004
-1.8050000000000002,2.0
-1.9809875,1.9809875
-1.5818686913138968,2.0
-2.0,2.0
-2.0,2.0
2.0,-2.0
2.0,-2.0
2.0,-2.0
-2.0,2.0
2.0,-2.0
2.0,-2.0
2.0,-2.0
2.0,-2.0
2.0,-2.0
-2.0,2.0
-2.0,2.0
2.0,-2.0
-2.0,2.0
-2.0,2.0
-2.0553143322364247,2.0553143322364247
-2.0524448702921587,2.0524448702921587
-2.0590605243629616,2.0590605243629616
-2.1245214347204717,2.1245214347204717
-2.3223360837218427,2.3223360837218427
-2.358351006089208,2.358351006089208
-2.1049662671958607,2.1049662671958607
-2.0852042559323554,2.0852042559323554
22.945528831258937,2.0544711687363773
-1.8963592999455399,1.8963592999455399
-1.6175360897606605,1.6175360897606605
-1.7366449481302944,1.7366449481302944
22.586404117463687,2.4135958825363133
22.883229542411208,2.1167704575797828
-2.0215278036548163,2.0215278036548163
-2.179520385603741,2.179520385603741
0.263005161087305,2.3870214249771347
25.0,0.0
-2.2409632075451675,2.2409632075451675
-2.171627888470919,2.171627888470919
-2.4675223711426924,2.4675223711426924
-2.253235235873886,2.253235235873886
-2.14962861777426,2.14962861777426
-2.2944365323817433,2.2944365323817433
0.0,0.0
0.0,0.0
-2.477302629884816,2.477302629884816
-2.259467184429628,2.259467184429628
-2.284853191600874,2.284853191600874
-2.38330964763702,2.38330964763702
0.0,0.0
-2.6268586657182293,2.6268586657182293
-2.682133916129711,2.682133916129711
-2.4103221214305197,2.4103221214305197
-2.5576388466020212,2.5576388466020212
-2.5914443589113603,2.5914443589113603
-25.0,2.4965229589680504
1.7231219858297866,-1.7231219858297866
1.7460017070262648,-1.7460017070262648
-2.3761442322072774,2.3761442322072774
-4.087834732717882,2.595525988576131
-2.4589059480433484,2.4589059480433484
1.1930699570749148,-1.1930699570749148
1.6115496575091743,-1.6115496575091743
1.8142798543534155,-1.8142798543534155
-24.999999999994856,2.4332857852194607
-2.7624417312178906,2.7624417312178906
-2.7258389740230875,2.7258389740230875
-1.8281202837517139,1.8281202837517139
1.4879129483253948,-1.4879129483253948
-2.634173663060846,2.634173663060846
2.3381983935331743,-2.3381983935331743
-1.7198804132368855,1.7198804132368855
-1.7444004862964784,1.7444004862964784
-2.347386004949609,2.347386004949609
22.39001205965396,2.6099879402896278
-2.363194982813101,2.363194982813101
2.022010552454855,-2.022010552454855
2.0953967130390794,-2.0953967130390794
-2.007152072581108,2.007152072581108
-2.0,2.0
-2.0,2.0
-2.0,2.0
-2.0,2.0
-2.0,2.0
-2.0,2.0
-25.0,2.0
-25.0,2.0
-25.0,2.0
-1.9999999999999996,1.9999999999999996
-2.0,2.0
-2.0,2.0
-2.0,0.0
0.0,0.0
0.0,0.0
0.0,0.0
2.0,-2.0
2.0,-2.0
2.0,-2.0
2.0,-2.0
25.0,-2.0
-2.0,2.0
-2.0,2.0
-2.0,2.0
2.0,-2.0
2.0,-2.0
2.0,-2.0
2.0,-2.0
2.0,-2.0
-2.0,2.0
2.0,-2.0
2.0,-2.0
-20.617772249274456,2.0
-2.0,2.0
-2.0,2.0
-2.0,2.0
-2.0565949843710887,2.0565949843710887
-2.063251359770592,2.063251359770592
-2.0815896530894697,2.0815896530894697
-2.139727750725542,2.139727750725542
-2.139727750725542,2.139727750725542
-2.139727750725542,2.139727750725542
5.025561841173541,-2.133293420839636
1.9477283796449028,-1.9477283796449028
-2.375066863746202,2.375066863746202
-2.6254534162287255,2.6254534162287255
-1.7501022711103884,1.7501022711103884
-2.0215612544623385,2.0215612544623385
23.231061137337832,1.7689388626281115
23.41081062939864,1.5891893705502227
-1.5765052030269615,1.5765052030269615
24.99999999999097,9.030998171510873e-12
24.99999999994955,5.044853423896711e-11
-2.24236687916639,2.24236687916639
0.0,0.0
0.0,0.0
-2.348426766866604,2.348426766866604
-1.852009209499606,1.852009209499606
-2.339301639034028,2.339301639034028
-3.9764684732829263,2.253214408012604
1.402246061413564,-1.402246061413564
1.9094227870031322,-1.9094227870031322
-19.93858036087235,-2.02957556302632
-25.0,2.094815998342252
-1.8347258715159782,1.8347258715159782
-25.0,2.220553796926687
-24.999999999984368,1.9947658953440666
-2.3187129825790187,2.3187129825790187
-2.618725701459649,2.618725701459649
-2.618725701459649,2.344220801181427
-1.8811669530055792,1.8313359793048323
-2.29438982748068,2.29438982748068
-2.29438982748068,2.152047174272697
-2.104137412988768,2.104137412988768
-2.152047174272697,2.152047174272697
1.644565604531575,-1.644565604531575
2.3454995056349333,-2.3454995056349333
1.4601399420212928,-1.4601399420212928
-2.152047174272697,2.152047174272697
1.6251792837053607,-1.6251792837053607
-2.152047174272697,2.152047174272697
1.4008644799482486,-1.4008644799482486
1.8538281760519286,-1.8538281760519286
1.6261985866137607,-1.6261985866137607
2.2477303690212302,-2.2477303690212302
1.8472573013898064,-1.8472573013898064
-2.130567337813572,2.130567337813572
-1.9379998749823404,1.9379998749823404
-1.5409148061201297,1.5409148061201297
2.1382225235571948,-2.1382225235571948
1.7625604878960583,-1.7625604878960583
-2.152047174272697,2.152047174272697
-2.0460833787506942,2.0460833787506942
-1.8687264872380496,1.8687264872380496
-1.8402560039844582,1.8402560039844582
-2.0334260645732116,2.0334260645732116
-2.0,2.0
-2.0,2.0
-2.0,2.0
-2.0,2.0
-2.0,2.0
-2.0,2.0
-2.0,2.0
-2.0,2.0
-2.152047174272697,2.0
-2.0,2.0
-2.0,2.0
2.0,-2.0
-2.0,0.0
2.0,-2.0
0.0,0.0
0.0,0.0
0.0,2.0000000000000004
-1.8050000000000002,1.8050000000000002
-1.8050000000000002,1.8050000000000002
2.2160664819944595,-2.0
-1.999999999999999,1.999999999999999
-2.0,2.0
-2.0,2.0
-2.0,2.0
-2.0,2.0
-2.0,2.0
-2.0,2.0
25.0,0.0
2.0,-2.0
-24.5625,2.0
-2.0,2.0
-2.0,2.0
-2.0,2.0
-2.0,2.0
-2.0,2.0
-2.0,2.0
24.99999999994697,-1.9625882771346816
25.0,-1.9418086178754095
8.87497366957001,-1.9234853617645031
-2.1368656061454208,2.1368656061454208
-2.3453607715664804,2.3453607715664804
22.712521551156108,2.287478448843892
25.0,-2.1016267089828204
0.09407219123541255,2.0075545177474066
-2.5117613796617677,2.5117613796617677
-1.8911403428250821,1.8911403428250821
-1.8102941590800237,1.8102941590800237
-1.853265192649891,1.853265192649891
-2.39252502953517,2.39252502953517
-1.8095853806489828,1.8095853806489828
-2.0278916619986997,2.0278916619986997
-1.9033543056011233,1.9033543056011233
-1.9209715205126408,1.9209715205126408
-1.8416817460382369,1.8416817460382369
-1.6918682021016505,1.6918682021016505
-1.984685841628881,1.984685841628881
0.0,0.0
0.0,0.0
0.0,0.0
-22.724830501586588,-2.2751694983974424
1.3356082659495225,-1.3356082659495225
2.1486238312540316,-2.1486238312540316
-25.0,5.1311843662915635e-11
-24.99999999994896,-5.1038284709647996e-11
1.9564009748549918,-1.9564009748549918
1.8167438534582985,-1.8167438534582985
2.2034799998505434,-2.2034799998505434
1.9706661663940608,-1.9706661663940608
-20.00000000006729,2.6091505655938256
-2.4845810206833505,1.9772364099088726
-2.101805954819346,2.101805954819346
-1.9496697887756973,1.9496697887756973
-2.101805954819346,2.101805954819346
-2.0772991358532966,2.0772991358532966
-2.0969139320063492,2.0969139320063492
-2.101805954819346,2.101805954819346
-2.101805954819346,2.101805954819346
-2.101805954819346,2.101805954819346
-2.083512781136996,2.083512781136996
-1.9314245822890364,1.9314245822890364
-2.101805954819346,2.101805954819346
1.674440331383643,-1.674440331383643
-2.101805954819346,2.101805954819346
-1.8450426054730453,1.8450426054730453
-1.5637415109424282,1.5637415109424282
-1.997481722226313,1.997481722226313
-2.101805954819346,2.101805954819346
-2.094326859175686,2.094326859175686
-1.1217238026655814,1.1217238026655814
-1.4870867764943778,1.4870867764943778
-1.8751335002793716,1.8751335002793716
-2.101805954819346,2.101805954819346
-2.101805954819346,2.101805954819346
-1.941869202470139,1.941869202470139
-1.8980571256607228,1.8980571256607228
-2.008435481054422,2.008435481054422
-2.0,2.0
-2.0,2.0
-2.0,2.0
-2.0,2.0
-2.0,2.0
-2.0,2.0
-1.9999999999999847,1.9999999999999847
-2.0,2.0
-2.101805954819346,2.0
-2.0,2.0
-2.0,2.0
23.0,2.0
-24.5625,0.0
2.0,-2.0
2.0,-2.0
0.0,0.0
0.0,0.0
0.0,0.0
2.0,-2.0
0.21606648199445955,2.0000000000000004
-2.0,2.0
-2.0,2.0
2.0,-2.0
2.0,-2.0
2.0,-2.0
2.0,-2.0
2.0,-2.0
25.0,-2.0
2.0,-2.0
2.0,-2.0
-2.0,2.0
-2.0,2.0
9.04709141274239,-1.9999999999999982
23.0,2.0
25.0,-2.0
25.0,-1.9999999999999964
1.989129106376172,-1.9501248237986604
1.960995717422488,-1.960995717422488
1.9499782768167966,-1.9379104345050988
1.8822549646812805,-1.8822549646812805
1.7498938149873453,-1.7498938149873453
1.8543080057956491,-1.8543080057956491
1.9489278751107912,-1.9489278751107912
1.9489278751107926,-1.8073785740736197
1.8073785740736268,-9.769962616701378e-15
0.0,0.0
-2.2502221386078265,2.2502221386078265
-24.258201790829855,1.695701790872878
23.017914485247655,1.9820855147046714
-2.078993135237904,2.078993135237904
-3.662312060298606,2.1082089442965537
1.7219979124676446,-1.7219979124676446
1.7219979124676499,-1.7219979124676499
1.721997912467648,-1.721997912467648
-2.0966228673784766,2.061048986018928
1.7614149555253198,-1.7614149555253198
1.7614149555253198,-1.7614149555253198
1.7614149555253198,-1.7614149555253198
1.7614149555253213,-1.7614149555253213
1.4136411578887262,-1.5082933261675406
1.8662927043107098,-1.8662927043107098
1.6304752407978444,-1.6304752407978444
1.866292704310716,-1.866292704310716
-25.0,0.0
-24.99999999995796,1.7398612748307194
2.121605677134724,-2.121605677134724
1.9604813422251386,-1.9604813422251386
-19.381409977080022,1.9828201701754935
1.7965193690021444,-1.7965193690021444
-2.2881427313894616,2.2881427313894616
-2.419668781969504,2.419668781969504
-2.242937436336172,2.242937436336172
-23.109610091325884,-1.890389908671466
-2.656942302330469,2.656942302330469
-2.4551708182527,2.4551708182527
-2.656942302330469,2.656942302330469
-1.8721825710235134,1.8721825710235134
-2.542609966815789,2.542609966815789
-1.9197900127451355,1.9197900127451355
-2.534737666396941,2.1791783037608
1.9818545147885889,-1.9818545147885889
1.709030990948742,-1.709030990948742
-2.301382939694328,2.301382939694328
1.3906670328330932,-1.3906670328330932
1.7100799577807884,-1.7100799577807884
-2.301382939694328,2.301382939694328
-2.301382939694328,2.301382939694328
-1.733065080578326,1.733065080578326
-1.7880746179715814,1.7880746179715814
-1.978377524248427,1.978377524248427
-2.0479763473253136,2.0479763473253136
-2.301382939694328,2.3904932085519754
22.81693461773326,2.18306538226674
23.09614787695677,1.9038521230432295
6.641726692397677,-2.0176878639637206
1.9782508707339872,-1.9782508707339872
25.0,-2.0
25.0,-2.0
2.0,-2.0
2.0,-2.0
2.000000000000006,-2.0
-2.0,2.0
-24.195,1.9999999999999964
-25.0,2.0
-25.0,2.0
-25.0,2.0
-2.0,2.0
-2.0,2.0
-2.0,2.0
-2.0,0.0
0.0,0.0
2.0,-2.0
2.0,-2.0
2.0,-2.0
2.0,-2.0
2.0,-2.0
2.0,-2.0
2.0,-2.0
2.0,-2.0
2.0,-2.0
2.0,-2.0
4.21606648199446,-2.0
2.0,-2.0
2.0,-2.0
2.0,-2.0
2.0,-2.0
-2.0,2.0
-2.0,2.0
25.0,0.0
25.0,0.0
2.0,-2.0
2.0,-2.0
-2.048368448825418,2.048368448825418
-2.0430467009828246,2.0430467009828246
1.9324802698537864,-1.9324802698537864
1.827860458154504,-1.827860458154504
-2.3580043484282562,2.3580043484282562
1.6963738049730568,-1.6963738049730568
1.8048268454924115,-1.8048268454924115
25.0,-1.8536246310439033
25.0,-1.8690129492241496
2.203681335842977,-2.203681335842977
-1.7603369559169355,1.7603369559169355
1.9522638042267868,-1.9522638042267868
6.769728993010436,-1.6915368497630086
-0.45169635230178073,2.1432332020647893
0.0,0.0
-1.8150265016231568,1.8150265016231568
0.0,0.0
-2.0685697373851575,2.0685697373851575
-2.054781693213732,2.054781693213732
-2.0646111814461676,2.0646111814461676
-2.476867769387052,2.476867769387052
-1.9440853973617624,1.9440853973617624
-2.046037778357423,2.046037778357423
-1.9019512651272148,1.9019512651272148
0.0,0.0
0.0,0.0
-2.0039591870863003,2.0039591870863003
-2.014486724245481,2.014486724245481
-3.3989311748468634,2.0017097780674
-25.0,2.028907178023232
-24.999999999955698,2.13846109724102
-24.999999999996852,2.2306824489848687
-24.999999999949537,2.2556436940153404
-1.9319787296287103,1.9319787296287103
-2.2564730215829165,2.2564730215829165
-2.2564730215829165,2.2564730215829165
-2.1667219804170657,2.1667219804170657
1.8568854536298094,-1.8568854536298094
-2.121916832759391,2.121916832759391
1.6883381951873027,-1.6883381951873027
-2.2564730215829165,2.2564730215829165
-2.2564730215829165,2.2564730215829165
-2.2564730215829165,2.2564730215829165
2.0241035158338683,-2.0241035158338683
-2.2564730215829165,2.2564730215829165
1.9840363910451426,-1.9840363910451426
-2.2564730215829165,2.2564730215829165
-1.960697825753055,1.960697825753055
-1.8445995400602335,1.8445995400602335
-1.9738086488590216,1.9738086488590216
-2.2564730215829165,2.3955848317022976
0.6288203773542236,1.994978591988105
-1.8118644535915367,1.8118644535915367
-2.021112508723718,2.021112508723718
-2.148015405245551,2.148015405245551
-2.2124069474272465,2.2124069474272465
23.079801319370535,1.9201986806294649
24.999999999962714,-1.4910739309925702e-11
23.005279192242018,1.9947208077579823
22.940752446472146,2.059247553527854
-2.0,2.0
-2.0,2.0
-2.0,2.0
-2.0,2.0
-2.0,2.0
-2.0,2.0
-25.0,2.0
-25.0,2.0
-25.0,1.0
-25.0,0.0
0.0,0.0
0.0,0.0
0.0,0.0
0.0,0.0
0.0,0.0
0.0,0.0
0.0,0.0
2.0,-2.0
0.0,0.0
0.0,0.0
4.21606648199446,-2.0
-2.0,2.0
-2.0,2.0
-2.0,2.0
-2.0,2.0
2.0,-2.0
2.0,-2.0
1.0470914127423825,2.0
-2.0,2.0
25.0,0.0
-2.0,2.0
-2.0,2.0
-2.0,2.0
-2.0,2.0
-2.0,2.0
-2.0,2.0
22.922263502481176,2.077736497518824
22.950512163341607,2.0494878366583933
22.922579380616295,2.0774206193837053
-2.1593045054605478,2.1593045054605478
-2.3059763903821837,2.3059763903821837
-2.2147832170558015,2.2147832170558015
-2.1306167250907113,2.1306167250907113
-2.0575284463142554,2.0575284463142554
-1.983590169895768,1.983590169895768
-1.8394045665376213,1.8394045665376213
-1.880958043245407,1.880958043245407
0.0,0.0
0.0,0.0
-2.090471180248503,2.090471180248503
0.0,0.0
-1.9812719658198858,1.9812719658198858
-2.0563141188865437,2.0563141188865437
-2.094472023057376,2.094472023057376
0.0,0.0
-2.0484481299408124,2.0484481299408124
-2.5476446289212316,2.5476446289212316
-2.023579663565158,2.023579663565158
-1.976627352753077,1.976627352753077
-25.0,1.8504647920278678
22.94729541258875,2.052704587410922
-2.163524588135985,2.163524588135985
-25.0,2.2474129019234432
-25.0,2.209601497626732
-2.2018257627465765,2.2018257627465765
-3.1697028449896223,2.0414790013250026
-25.0,2.2582446520868658
-1.9731888621989349,1.9731888621989349
-25.0,2.3356965255895936
-1.9305270908117969,1.9305270908117969
-2.3356965255895923,2.2443789767960944
-2.203340516294661,2.203340516294661
-2.083048256715582,2.058969355626869
-2.2203000757073816,2.2203000757073816
-2.201095525306936,2.201095525306936
-2.2203000757073816,2.2203000757073816
-2.2203000757073816,2.2203000757073816
-2.2203000757073816,2.2203000757073816
1.4383577859998606,-1.4383577859998606
-2.2203000757073816,2.2203000757073816
-2.058143814943165,2.058143814943165
-2.2203000757073816,2.2203000757073816
-2.2203000757073816,2.2203000757073816
1.6360205010784554,-1.6360205010784554
2.4738180655769124,-2.4738180655769124
1.8617938862729098,-1.8617938862729098
-2.2203000757073816,2.2203000757073816
-2.153654706475602,2.153654706475602
-1.756666203152081,1.756666203152081
2.32602103730121,-2.32602103730121
-2.0665576397554544,2.0665576397554544
-2.2203000757073816,2.2203000757073816
-2.1724256586729087,2.1724256586729087
-2.056658173064834,2.056658173064834
-2.0625179024934965,2.0625179024934965
-1.901483880819544,1.901483880819544
-2.0,2.0
2.0,-2.0
-2.0,2.0
-2.0,2.0
-2.0,2.0
2.0,-2.0
-2.0,2.0
2.0,-2.0
-2.2203000757073816,2.0
2.0,-2.0
2.0,-2.0
2.0,-2.0
-2.0,0.0
0.0,0.0
0.0,0.0
1.9999999999999982,-1.9999999999999982
2.0,-2.0
2.0,-2.0
2.0,-2.0
25.0,-2.0
2.0,-2.0
2.0,-2.0
13.263157894736842,-2.0
25.0,-2.0
2.0,-2.0
2.0,-2.0
25.0,-2.0
25.0,-2.0
2.0,-2.0
2.0,-2.0
-2.0,2.0
2.0,-2.0
2.0,-2.0
2.0,-2.0
2.0,-2.0
-1.951182141005491,2.000000000000006
1.9268043287964982,-1.9268043287964982
1.951182141005492,-1.951182141005492
-2.06643354288071,2.06643354288071
-2.173032723769998,2.173032723769998
-2.3492210263116733,2.3492210263116733
-2.266436313045431,2.266436313045431
1.9511821410054908,-1.8636743896881234
-2.1104962221541603,2.1104962221541603
-1.934229400942237,1.934229400942237
-1.870054342288456,1.870054342288456
-1.8605530506581038,1.8605530506581038
-1.8189408772503306,1.8189408772503306
-2.247527770734173,2.247527770734173
-2.1061110106324605,2.1061110106324605
-2.009321414646511,2.009321414646511
-22.913622392269716,2.0330885289632405
-1.9069935010003967,1.9069935010003967
-2.1578865492005583,2.1578865492005583
22.89942541358578,2.1005745864142185
-2.09789725951798,2.09789725951798
-2.2526148180664887,2.2526148180664887
-2.0947894901551614,2.0947894901551614
-1.9637816115180229,1.9637816115180229
-2.0299132268380795,2.0299132268380795
-2.0532107675549085,2.0532107675549085
-2.005407039019344,2.005407039019344
-25.000000000000004,2.2826504874830356
-24.99999999994803,1.971375575972413
-3.451967114568788,2.127072044001368
-25.0,2.0708690070416864
-24.999999999981675,2.120614144708039
-2.1206141447080427,2.1206141447080427
2.069689392716116,-2.069689392716116
1.8370901493456095,-1.8370901493456095
1.6594714105920279,-1.6594714105920279
1.7682654284465258,-1.7682654284465258
-2.1206141447080427,2.1206141447080427
-2.1206141447080427,2.1206141447080427
-2.1206141447080427,2.1206141447080427
1.8418256476253063,-1.8418256476253063
1.7553117610211686,-1.7553117610211686
-2.1206141447080427,2.1206141447080427
-2.1206141447080427,2.1206141447080427
-2.065241066463244,2.065241066463244
-2.049282506686874,2.049282506686874
-2.055628692906039,2.055628692906039
-2.1206141447080427,2.1206141447080427
-2.1206141447080427,2.1206141447080427
-2.1206141447080427,2.1206141447080427
-2.1206141447080427,2.1206141447080427
-2.1206141447080427,2.1206141447080427
1.8921426047560637,-1.8921426047560637
-1.2995533446212768,1.2995533446212768
-1.7609592671662728,1.7609592671662728
-2.1206141447080427,2.1206141447080427
-2.1206141447080427,2.1206141447080427
-2.023103778492135,2.023103778492135
-1.8464147986220993,1.8464147986220993
2.0890193441980545,-2.0890193441980545
-2.066062909018171,2.066062909018171
2.0,-2.0
2.0,-2.0
-2.0,2.0
-2.0,2.0
-2.0,2.0
-2.0,2.0
-2.0,2.0
2.0,-2.0
2.0,-2.0
2.0,-2.0
2.0,-2.0
2.0,-2.0
2.0,-2.0
-0.12061414470804266,-2.0
2.0,-2.0
2.0,-2.0
2.0,-2.0
0.0,0.0
0.0,0.0
2.0,-2.0
0.0,0.0
2.0,-2.0
2.0,-2.0
0.0,0.0
2.0,-2.0
2.0,-2.0
2.0,-2.0
2.0,-2.0
2.0,-2.0
2.0,-2.0
0.0,0.0
25.0,-2.0
25.0,-2.0
25.0,-2.0
25.0,-2.0
13.263157894736851,-2.0000000000000018
1.9894836176299302,-1.9575061914584833
1.9680225738285515,-1.9680225738285515
1.9680225738285555,-1.9619243298861266
1.8246606041523679,-1.8246606041523679
-2.2419553711191638,2.2419553711191638
-2.1563352680018113,2.1563352680018113
-2.1492854314235226,2.1492854314235226
-2.1617090928938767,2.1617090928938767
-1.7086977451681635,1.7086977451681635
1.9619243298861173,-1.9619243298861173
1.961924329886119,-1.961924329886119
-23.15833577416663,1.8180919841160907
25.0,-1.630396978531195
-2.2920690988155528,2.2920690988155528
2.060448764925498,-2.060448764925498
2.2380207987780203,-2.2380207987780203
-2.647651813902227,2.647651813902227
-2.0474016876980077,2.0474016876980077
2.2380207987780256,-2.1313941407918975
-24.999999999946127,2.35795267324211
22.692510078917653,2.3074899210823467
0.21255599603961706,2.0069792269727937
-1.9689664866836498,1.9689664866836498
-2.1921427006904537,2.1921427006904537
-2.2984152850347126,2.2984152850347126
-2.098543554365161,2.098543554365161
0.0,0.0
-25.0,2.3282458315749572
-2.418497372558985,2.418497372558985
-2.511706469845649,2.511706469845649
-2.286153355062977,2.286153355062977
-24.999999999960245,2.391837710112725
-24.999999999986642,2.388134137687665
-2.161217744711715,2.161217744711715
-4.0913269150727185,1.983109235644252
-2.088878164433769,2.088878164433769
-25.0,2.320044703406708
-2.148045700316512,2.148045700316512
-2.320044703406707,2.641731020971154
-2.6103666050086205,2.6103666050086205
-2.5977419467875134,2.5977419467875134
-2.6103666050086205,2.6103666050086205
-2.6103666050086205,2.6103666050086205
1.4767776163050481,-1.4767776163050481
1.5768958832129059,-1.5768958832129059
1.5237223533493882,-1.5237223533493882
1.226399584311233,-1.226399584311233
24.99999999997633,-0.9858453602240438
1.7680432645928104,-1.7680432645928104
-2.1260256017585686,2.1260256017585686
-2.1790129431651337,2.1790129431651337
1.6529705932815038,-1.6529705932815038
1.9897937168224793,-1.9897937168224793
2.0003704834719684,-2.0003704834719684
1.7049092834296768,-1.7049092834296768
24.99999999997265,-1.4783116198461386
1.771353790029508,-1.771353790029508
2.0487394833185744,-2.0487394833185744
-1.9821558087365125,1.9821558087365125
2.0964868819565687,-2.0964868819565687
23.0,2.0
-2.0,2.0
-2.0,2.0
-2.0,2.0
-2.0,2.0
-2.0,2.0
-25.0,2.0
-2.0,2.0
-22.07396493044924,2.0
-25.0,2.0
2.0,-2.0
-2.0,2.0
-2.0,2.0
-2.0,2.0
0.0,-2.0
2.0,-2.0
2.0,-2.0
2.0,-2.0
0.0,0.0
0.0,0.0
0.0,0.0
0.0,0.0
0.0,0.0
0.0,0.0
0.0,0.0
0.0,0.0
2.0,-2.0
2.0,-2.0
4.21606648199446,-2.0
-2.0,2.0
-2.0,2.0
-2.0,2.0
2.0,-2.0
2.0,-2.0
2.0,-2.0
2.206560096856696,-2.0
1.9528220984015336,-1.9528220984015336
-2.048675569791588,2.048675569791588
-2.0680642431284952,2.0680642431284952
-2.186420487413168,2.186420487413168
-2.186420487413168,2.3759332712183396
22.741932069160416,2.2580679308395837
0.5480250736490948,2.1029934584863326
23.06788115566809,1.9321188443319102
22.960283793116577,2.0397162068834227
23.12684293747231,1.873157062472778
-1.9360306953698325,1.9360306953698325
-1.6445119570100832,1.6445119570100832
-2.4181773808719544,2.4181773808719544
-2.1771756733407717,2.1771756733407717
-1.795339754676574,1.795339754676574
-1.9727981820129905,1.9727981820129905
0.0,0.0
-2.0936736217080743,2.0936736217080743
-1.8840487716308072,1.8840487716308072
-2.0996398572455863,2.0996398572455863
-2.3053736841462147,2.3053736841462147
0.0,0.0
-2.0801784298892745,2.0801784298892745
0.0,0.0
0.0,0.0
0.0,0.0
-1.816738173132494,1.816738173132494
-2.1087492063953697,2.1087492063953697
-3.8468873481551142,2.220649100170751
-2.235891307748341,2.235891307748341
-1.9699403469856058,1.9699403469856058
-24.999999999996803,2.2131283488045206
-24.999999999985945,2.135729491675974
-24.99999999994372,2.277380407430332
-2.1512872729094106,2.1512872729094106
1.7591844809257697,-1.7591844809257697
1.945866495075384,-1.945866495075384
1.9342483353615876,-1.9342483353615876
1.8684985641651117,-1.8684985641651117
1.8587252480434202,-1.8587252480434202
1.736223972873388,-1.736223972873388
1.6494443732510256,-1.6494443732510256
1.7740738771561126,-1.7740738771561126
1.6511320611625155,-1.6511320611625155
1.8224576300711295,-1.8224576300711295
1.8101559378187613,-1.8101559378187613
1.8054911280379766,-1.8054911280379766
1.84445058929467,-1.84445058929467
2.1298238462803862,-2.1298238462803862
-2.494835271056563,2.494835271056563
1.8757214140002212,-1.8757214140002212
1.679737550770752,-1.679737550770752
2.8234932418260623,-2.8234932418260623
-1.930874852980545,1.930874852980545
2.171667650751555,-2.171667650751555
1.969669584788885,-1.969669584788885
1.8286867384639653,-1.8286867384639653
1.8771840978950882,-1.8771840978950882
-1.9002904404231775,1.9002904404231775
-1.9375366325789054,1.9375366325789054
-2.0,2.0
2.0,-2.0
2.0,-2.0
2.0,-2.0
-2.0,2.0
-2.0,2.0
-2.0,2.0
-2.0,2.0
-25.0,2.0
-1.9999999999999996,1.9999999999999996
-2.0,2.0
25.0,0.0
-24.5625,2.0
-2.0,2.0
-2.0,2.0
-1.9999999999999996,0.0
0.0,2.0000000000000004
-1.8050000000000002,2.0
-1.9789335180055403,2.0
-2.0,2.0
-2.0,2.0
-2.0,2.0
2.0,-2.0
25.0,-2.0
-22.7575,2.0
2.0,-2.0
2.0,-2.0
2.0,-2.0
-1.9999999999999996,1.9999999999999996
-1.9999999999999996,1.9999999999999996
-1.9999999999999996,0.0
2.0,-2.0
2.0,-2.0
2.0,-2.0
2.0,-2.0
2.0,-2.0
0.0,0.0
25.0,-1.9795110278389565
25.0,-2.1461943333633826e-11
10.841635328414482,-1.81887106767336
1.619872281534922,-1.619872281534922
1.7718744865616616,-1.7718744865616616
2.005173514514015,-2.005173514514015
2.345813816996161,-2.345813816996161
24.999999999966768,-1.7800953380833988
24.999999999972772,-3.552713678800501e-15
-24.327769372108627,1.7652693721578814
-1.819505754094303,1.819505754094303
22.490106816326296,2.5098931836191305
-1.9022788305819862,1.9022788305819862
-1.8650638604948337,1.8650638604948337
-2.042538066514039,2.042538066514039
-2.1919180122474895,2.1919180122474895
-1.9434321598941526,1.9434321598941526
-2.083553174564946,2.083553174564946
-1.8968484391121088,1.8968484391121088
-2.140886596359886,2.140886596359886
-1.9899906347837302,1.9899906347837302
-1.8549364707312765,1.8549364707312765
-1.933456245485404,1.933456245485404
-2.106935920168853,2.106935920168853
-1.8964760621982037,1.8964760621982037
-24.999999999999996,1.9855568249190299
-24.999999999956902,1.0732231864712318
-25.0,2.106022018861509
-25.000000000000004,1.9829773258561083
-2.1257283313747575,2.1257283313747575
-2.1477793561509753,2.1477793561509753
-2.0676085000294364,2.0676085000294364
-2.0081683085080364,2.0081683085080364
-2.1477793561509753,2.1477793561509753
-2.099167127909123,2.099167127909123
-2.1477793561509753,2.1477793561509753
-2.007571243151169,2.007571243151169
-2.060948002449054,2.060948002449054
-2.1477793561509753,2.1477793561509753
-2.065229074664323,2.065229074664323
-2.1477793561509753,2.1477793561509753
-2.1477793561509753,2.1477793561509753
-2.1477793561509753,2.1477793561509753
-2.1477793561509753,2.1477793561509753
-2.00397370347447,2.00397370347447
-2.1477793561509753,2.1477793561509753
-2.107674993670855,2.107674993670855
-1.8985468565278971,1.8985468565278971
1.6271793895361428,-1.6271793895361428
-2.1477793561509753,2.1477793561509753
-2.1477793561509753,2.1477793561509753
-1.7664603471350624,1.6186809909840874
-1.2500171167150942,1.2500171167150942
-1.7763870320534974,1.7763870320534974
1.7597370503971632,-1.7597370503971632
1.698051710101215,-1.698051710101215
1.798538645932518,-1.798538645932518
2.0530098260295455,-2.0530098260295455
2.038919186168866,-2.038919186168866
-2.0,2.0
-2.0,2.0
-2.0,2.0
-2.0,2.0
-2.0,2.0
-2.0,2.0
-2.0,2.0
2.0,-2.0
-2.0,0.0
0.0,0.0
2.0,-2.0
2.0,-2.0
0.0,0.0
2.0,-2.0
0.0,0.0
0.0,0.0
0.0,0.0
0.0,0.0
2.0,-2.0
4.21606648199446,-2.0
-2.0,2.0
2.0,-2.0
2.0,-2.0
2.0,-2.0
2.0,-2.0
-2.0,2.0
2.0,-2.0
2.0,-2.0
-2.0,2.0
-2.0,2.0
2.0,-2.0
2.0,-2.0
2.0,-2.0
2.0,-2.0
2.0,-2.0
2.0,-2.0
1.9720651192029626,-1.9720651192029626
1.9754764778189653,-1.9754764778189653
1.950859905787,-1.950859905787
24.999999999962522,-1.8005299354242865
24.999999999957925,-1.6672340886121724
-2.296503066467083,2.296503066467083
-2.095288412105062,2.095288412105062
-2.004430969701798,2.004430969701798
23.415780283382112,1.5842197166178877
25.0,-1.6765255850259564e-11
4.563657009310527,1.9511984275646377
-2.2236407384282177,2.2236407384282177
0.0,0.0
-1.867849744728682,1.867849744728682
-1.9340331141282991,1.9340331141282991
-2.1422303089864982,2.1422303089864982
-2.1018842170859973,2.1018842170859973
-2.146491184487795,2.146491184487795
-1.8141681412792465,1.8141681412792465
-2.1484414296809504,2.1484414296809504
-2.39348942262745,2.39348942262745
-1.9711988547251362,1.9711988547251362
0.0,0.0
0.0,0.0
-2.2463279596946304,2.2463279596946304
0.0,0.0
0.0,0.0
0.0,-1.84700231787588
-2.1845272772274704,2.1845272772274704
1.9001234625125285,-1.9001234625125285
-1.990022823296627,1.990022823296627
2.026624318196804,-2.026624318196804
1.7648711182041978,-1.7648711182041978
1.911332007621029,-1.911332007621029
-2.1128226311450913,2.1128226311450913
1.5268263358283356,-1.5268263358283356
1.6354897061893148,-1.6354897061893148
1.8157441161165622,-1.8157441161165622
1.7573907602659133,-1.7573907602659133
-2.0670366805650335,2.0670366805650335
2.046539964405404,-2.046539964405404
1.6021903740239551,-1.6021903740239551
1.5526049166274607,-1.5526049166274607
1.4041054213938367,-1.4041054213938367
1.681342558384408,-1.681342558384408
1.4653166122718666,-1.4653166122718666
1.5343641281719815,-1.5343641281719815
-2.3716132256565707,2.3716132256565707
1.7974894424202308,-1.7974894424202308
-2.2869284039617437,2.2869284039617437
-2.056885938350943,2.056885938350943
-2.113570540709455,2.113570540709455
-1.7531481880366595,1.7531481880366595
-1.8185716560729865,1.8185716560729865
-2.0280841619287697,2.0280841619287697
-2.2530948055970357,2.2530948055970357
-2.0870500462454267,2.0870500462454267
-1.9221370918105258,1.9221370918105258
-1.817287862994278,1.817287862994278
1.9678927867663252,-1.9678927867663252
2.0,-2.0
2.0,-2.0
2.0,-2.0
2.0,-2.0
2.0,-2.0
2.0,-2.0
-25.0,2.0
-25.0,2.0
-25.0,0.0
-22.15299768212413,0.0
0.0,0.0
0.0,0.0
0.0,0.0
2.0,-2.0
0.0,0.0
0.0,0.0
2.0,-2.0
2.0,-2.0
25.0,-2.0
13.263157894736842,-2.0
-2.0,2.0
2.0,-2.0
25.0,-2.0
25.0,-2.0
2.0,-2.0
2.0,-2.0
25.0,-2.0
2.000000000000006,-2.0
2.0,-2.0
2.0,-2.0
2.0,-2.0
2.0,-2.0
2.0,-2.0
2.0,-2.0
2.0,-2.0
-2.0,2.0
1.9329718004769658,-1.9329718004769658
2.0000000000000098,-1.9441145780632534
1.9441145780632496,-1.9272214173200557
1.7781587858284027,-1.7781587858284027
1.6334188724129146,-1.6334188724129146
1.7600295871761367,-1.7600295871761367
-2.12121278793319,2.12121278793319
1.9272214173200668,-1.9272214173200668
-2.1650964085447253,2.0000662704677277
2.048334523424704,-2.048334523424704
2.1100802960757385,-2.1100802960757385
2.110080296075745,-2.110080296075745
1.9589930968641305,-1.8273124151927365
1.9783996144043368,-1.9783996144043368
1.9783996144043474,-1.9274357312790844
1.9274357312790809,-1.8663697042827436
1.866369704282743,-1.8109246752444133
1.810924675244415,-1.7450758139199998
1.7450758139200158,-1.7450758139200158
1.7382430131235225,-1.7382430131235225
1.7450758139200087,5.329070518200751e-15
0.0,0.0
0.0,0.0
0.0,-1.7973979260600323
1.9915766493739948,-1.651895749409673
1.6518957494096753,-1.6330471660930268
1.5566000791105292,-1.5566000791105292
-22.14824119584837,-1.4497569375964936
-24.999999999949594,2.5042879643439164
-24.999999999999996,2.5675352364494977
-25.000000000000004,2.705314694593877
-2.68826235652633,2.68826235652633
-2.609463614660431,2.609463614660431
-2.70531469459388,2.70531469459388
-2.70531469459388,2.70531469459388
-2.70531469459388,2.70531469459388
-2.70531469459388,2.0908175223357985
-2.0908175223357985,2.0908175223357985
-2.0908175223357985,2.0908175223357985
-2.0908175223357985,2.0908175223357985
-2.0908175223357985,2.0908175223357985
0.9515159956459929,-0.9515159956459929
0.9106182809950614,-0.9106182809950614
0.9347211656816228,-0.9347211656816228
0.9534883309950573,-0.9534883309950573
1.0286693364702852,-1.0286693364702852
0.9619166721955157,-0.9619166721955157
1.179198601458344,-1.179198601458344
-2.0908175223357985,2.0908175223357985
1.5159415692907352,-1.5159415692907352
1.2551193115828863,-1.2551193115828863
1.8754689550755401,-1.8754689550755401
1.5925256152398743,-1.5925256152398743
-2.0908175223357985,2.0908175223357985
-2.0908175223357985,2.0908175223357985
-2.0908175223357985,2.0908175223357985
-2.0908175223357985,2.0908175223357985
-1.9494951187571832,1.9494951187571832
-2.05198330437377,2.05198330437377
-2.07997214333512,2.07997214333512
-2.0,2.0
-2.0,2.0
-2.0,2.0
2.0,-2.0
-2.0,2.0
2.0,-2.0
-2.0,2.0
-2.0,2.0
-2.0908175223357985,2.0
-2.0,0.0
0.0,0.0
0.0,0.0
0.0,0.0
0.0,0.0
2.0,-2.0
2.0,-2.0
2.0,-2.0
2.0,-2.0
0.0,0.0
13.231555873014054,-2.0
2.0,-2.0
2.0,-2.0
2.0,-2.0
25.0,-2.0
2.0,-2.0
2.0,-2.0
2.0,-2.0
2.0,-2.0
2.0,-2.0
25.0,-2.0
25.0,-2.0
2.0,-2.0
-1.9999999999999847,1.9999999999999847
-2.0,2.0
2.0,-2.0
2.0,-2.0
1.9178593966031863,-1.9178593966031863
1.9177659652286367,-1.9177659652286367
25.0,-1.9280357921202658
1.7982153801688077,-1.7982153801688077
1.6265031151916554,-1.6265031151916554
1.8063403367458708,-1.8063403367458708
1.8429336267309977,-1.8429336267309977
1.9596378138430497,-1.9596378138430497
-1.923086495154152,1.923086495154152
-1.9593408590328947,1.9593408590328947
1.9596378138430541,-1.9596378138430541
1.9596378138430588,-1.9596378138430588
1.959637813843064,-1.959637813843064
1.9431178485329248,-1.9431178485329248
-2.0884174268962266,2.0884174268962266
-2.2675212552742465,2.2675212552742465
-0.15585457043052742,2.115492384273586
-2.046377966758431,2.046377966758431
0.0,0.0
-2.2028539017173383,2.2028539017173383
0.0,0.0
0.0,0.0
0.0,0.0
-25.0,2.319991055885218
-2.5178361725368923,2.5178361725368923
-2.2195912972763416,2.2195912972763416
-24.999999999945132,2.116508531445426
-25.0,1.8652550981302802
-24.999999999992987,2.323536210335039
-1.9765844347358836,1.9765844347358836
-3.4718779188026296,2.4088875235910234
-2.282139258160555,2.282139258160555
-2.562300500646243,2.562300500646243
-2.3271589959042065,2.3271589959042065
-2.562300500646243,2.562300500646243
-2.562300500646243,2.562300500646243
-2.562300500646243,2.562300500646243
-2.562300500646243,2.562300500646243
-2.562300500646243,2.562300500646243
-2.562300500646243,2.562300500646243
-2.562300500646243,2.562300500646243
-2.562300500646243,2.562300500646243
0.8992904490446492,-0.8992904490446492
1.2716376990247316,-1.2716376990247316
1.845883293692232,-1.845883293692232
1.394604760910795,-1.394604760910795
1.0922700510704217,-1.0922700510704217
1.276118844937809,-1.276118844937809
2.030825865850801,-2.030825865850801
1.3682259590182415,-1.3682259590182415
1.3465062865806683,-1.3465062865806683
1.6480842507943105,-1.6480842507943105
2.035746290292823,-2.035746290292823
25.0,-1.9496275019058125
7.64965929024397,-1.6703852099059633
24.999999999995875,-1.4670986567064546
1.6769223181869086,-1.6769223181869086
2.0386766283676376,-2.0386766283676376
2.129865344216131,-2.129865344216131
2.018591331617067,-2.018591331617067
-2.0,2.0
2.0,-2.0
-2.0,2.0
-2.0,2.0
-2.0,2.0
-2.0,2.0
-2.0,2.0
-2.0,2.0
-25.0,0.0
-25.0,2.0
-2.0,2.0
-2.0,2.0
-2.0,0.0
2.0,-2.0
2.0,-2.0
2.0,-2.0
2.0,-2.0
4.21606648199446,-2.0
2.0,-2.0
2.0,-2.0
-2.0,2.0
-2.0,2.0
2.0,-2.0
-2.0,2.0
2.0,-2.0
-2.0,2.0
-2.0,2.0
23.0,2.0
9.047091412775451,-2.000000000000001
25.0,-2.0
25.0,-2.0
2.0,-2.0
2.0,-2.0
2.0,-2.0
2.0,-2.0
-2.0,2.0
1.9650471259788842,-1.9650471259788842
1.965721837247608,-1.965721837247608
1.9444438545189415,-1.9444438545189415
1.8127646225140117,-1.8127646225140117
-2.3478612588753194,2.3478612588753194
-2.2251130473195886,2.2251130473195886
-2.0688584872802616,2.0688584872802616
-2.0398257109420044,2.0398257109420044
-2.0316299475259063,2.0316299475259063
-2.006000317492343,2.006000317492343
-1.927490009947892,1.927490009947892
-1.9691476259621083,1.9691476259621083
-2.0115985941471344,2.0115985941471344
24.999999999966924,-1.8227094578485001
1.822709457848509,2.220446049250313e-15
-2.224616492172105,2.224616492172105
-2.2197680185236184,2.2197680185236184
-1.8452830725988036,1.8452830725988036
0.0,0.0
-2.38066387810637,2.38066387810637
0.0,0.0
-2.4804571041486962,2.4804571041486962
-2.3812672549363505,2.3812672549363505
-23.30075936615037,-1.6992406338496302
-2.336290435209902,2.336290435209902
-2.314715295506703,2.314715295506703
-2.161567400322399,2.161567400322399
-24.999999999966263,2.2733966055988724
-2.2103247924459435,2.2103247924459435
-2.2999199402258057,2.2999199402258057
-2.3726621924886224,2.3726621924886224
-2.4171214714194775,2.4171214714194775
-2.638555718845991,2.638555718845991
-2.609655483443186,2.609655483443186
-2.7186546241739897,2.7186546241739897
-2.9424455756623953,2.9424455756623953
1.1057033904526694,-1.1057033904526694
1.1392911569394748,-1.1392911569394748
1.0949398041989173,-1.0949398041989173
-2.887068710533727,2.887068710533727
1.0348482686518388,-1.0348482686518388
1.095833508792289,-1.095833508792289
1.1134955351629312,-1.1134955351629312
-2.624159248666082,2.624159248666082
1.5505341222977655,-1.5505341222977655
1.3230459098574219,-1.3230459098574219
1.086750667829591,-1.086750667829591
1.078089433271117,-1.078089433271117
1.2952766904371895,-1.2952766904371895
1.340204911820642,-1.340204911820642
1.1403085664059365,-1.1403085664059365
1.5875079941118493,-1.5875079941118493
-1.7440672405159017,1.7440672405159017
2.1391610396096947,-2.1391610396096947
1.9760293406752432,-1.9760293406752432
1.7546616792901175,-1.7546616792901175
1.8249612336698204,-1.8249612336698204
2.131719497231081,-2.131719497231081
-1.8745506357370147,1.8745506357370147
-1.9735477877857546,1.9735477877857546
2.0,-2.0
2.0,-2.0
-2.0,2.0
-2.0,2.0
-2.0,2.0
-2.0,2.0
-2.0,2.0
-2.0,2.0
-23.0,-2.0
-22.273396605632616,0.0
0.0,0.0
0.0,0.0
0.0,0.0
0.0,0.0
2.0,-2.0
2.0,-2.0
0.0,2.0000000000000004
-1.8050000000000002,1.8050000000000002
-1.8050000000000002,1.8050000000000002
-1.8050000000000002,1.8050000000000002
2.0,-2.0
-1.8049999999999995,2.0
-1.9809875,1.9999999999999998
25.0,0.0
25.0,-2.0
25.0,0.0
-2.0,2.0
-2.0,2.0
25.0,0.0
2.0,-2.0
5.04914539473684,-2.0000000000000004
2.000000000000006,-2.000000000000006
2.000000000000006,-2.000000000000006
-2.0,2.0
-2.0,2.0
-2.0,2.0
2.000000000000006,-2.000000000000006
2.0,-2.0
2.000000000000006,-1.9870684855987426
1.8444542516748796,-1.7950413501999376
1.626040997019369,-1.626040997019369
-2.179987276827573,2.179987276827573
1.9376555841238075,-1.9376555841238075
-1.9379052028855845,1.9379052028855845
1.9376555841237977,-1.9376555841237977
1.9376555841237986,-1.9376555841237986
1.8720121612493532,-1.8720121612493532
-2.0468980321432735,2.0468980321432735
-2.1578524672457284,2.1578524672457284
-1.944746524170787,2.15562073035155
-2.1089808374587644,2.1089808374587644
-2.3057927659611837,2.3057927659611837
-2.294481343840877,2.294481343840877
-2.1587436472498496,2.1587436472498496
1.726781377943027,-1.726781377943027
1.726781377943027,-1.726781377943027
-0.6326696390170561,2.3594510169600884
-2.346242366020805,2.346242366020805
-2.486810232988283,2.486810232988283
-25.0,2.4399323975589837
1.6904449649137625,-1.6904449649137625
1.5819507420323191,-1.5819507420323191
1.5872612155129744,-1.5872612155129744
-2.4252367635533325,2.4252367635533325
-24.99999999996468,2.29510681082677
-24.999999999992376,2.491430231309934
-2.5922560143542075,2.5922560143542075
-2.56852361313962,2.56852361313962
-4.659791831502169,2.725545490523147
-25.0,2.287069780959566
-2.334740337412363,2.334740337412363
-2.4889851666244027,2.4889851666244027
-2.4777797772524615,2.4777797772524615
1.4018086763265547,-1.4018086763265547
1.2156334734682304,-1.2156334734682304
-2.579292879719178,2.579292879719178
-2.579292879719178,2.579292879719178
-2.579292879719178,2.579292879719178
-2.579292879719178,2.579292879719178
1.179626519335681,-1.179626519335681
1.0472307477601088,-1.0472307477601088
1.2503617231472823,-1.2503617231472823
1.219922119451244,-1.219922119451244
1.4103020257001155,-1.4103020257001155
-2.2835511346968307,2.2835511346968307
-2.579292879719178,2.579292879719178
-2.579292879719178,2.579292879719178
1.8244848752363136,-1.8244848752363136
-2.2961671383104285,2.2961671383104285
-2.1546039520323994,2.1546039520323994
-2.1210133453826936,2.1210133453826936
-2.224346045549043,2.224346045549043
1.927452141109189,-1.927452141109189
2.117177863169484,-2.117177863169484
-1.9213088293040383,1.9213088293040383
1.991603512015429,-1.991603512015429
-2.0,2.0
2.0,-2.0
-1.9999999999999847,1.9999999999999847
-2.0,2.0
-2.0,2.0
-2.0,2.0
-2.579292879719178,2.0
-1.9999999999999996,1.9999999999999996
-1.9999999999999996,0.0
0.0,0.0
0.0,0.0
0.0,2.0
-1.805,1.805
-1.805,1.805
2.0,-2.0
-1.805,0.0
0.0,2.0000000000000004
2.2160664819944595,-2.0
-2.0,2.0
-2.0,2.0
2.0,-2.0
-2.0,2.0
-1.9999999999999847,1.9999999999999847
-2.0,2.0
2.0,-2.0
2.0,-2.0
2.0,-2.0
2.0,-2.0
2.0,-2.0
2.0,-2.0
2.0,-2.0
-2.0,2.0
-2.0,2.0
-2.0,2.0
-2.0,2.0
-1.9229696029240415,2.0
-2.0695199333610526,2.0695199333610526
-2.0609803635412933,2.0609803635412933
0.8728295821320531,2.0972314336200024
22.77188267170723,2.2281173282466398
22.601700485347553,2.3982995146300468
24.999999999971443,1.1461054327810416e-11
25.0,-1.8920444613490943
-0.07123317904053739,1.9632776403896322
-1.9092593198494,1.9092593198494
-1.7234817397974522,1.7234817397974522
0.0,0.0
-1.8057581033508274,1.8057581033508274
-2.234095693646548,2.234095693646548
-2.310321879069953,2.310321879069953
-2.1883861118912105,2.1883861118912105
-24.732394126805673,2.169894126805673
25.0,0.0
-2.116273744645474,2.116273744645474
-2.183744654560959,2.183744654560959
-1.916217087813596,1.916217087813596
-1.9899685446278212,1.9899685446278212
0.0,0.0
-2.2213439933609376,2.2213439933609376
-0.06886949688773925,-1.7932954685339704
1.4791785006787599,-1.4791785006787599
2.0633406819077127,-2.0633406819077127
1.8232446707688226,-1.8232446707688226
-23.094738998370225,-1.9052610016297713
-25.0,2.232240751697457
-24.999999999988738,2.18613165369381
-22.433103419128127,2.341913957757157
-2.3197606871164442,2.3197606871164442
-2.465017978609861,2.465017978609861
-2.465017978609861,2.324346603483269
-2.324346603483269,2.2843154540913044
-2.095276104732486,2.095276104732486
1.913305605264716,-1.913305605264716
-2.2843154540913044,2.2843154540913044
-2.2843154540913044,2.2843154540913044
-2.2843154540913044,2.2843154540913044
-2.263651059958894,2.263651059958894
-2.2843154540913044,2.2843154540913044
1.53486462799016,-1.53486462799016
0.9867378025227911,-0.9867378025227911
-1.768327912030383,1.768327912030383
-2.2843154540913044,2.2843154540913044
1.5866433222948206,-1.5866433222948206
1.6006396450791058,-1.6006396450791058
2.4031870010717373,-2.4031870010717373
-2.2843154540913044,2.2826902497636734
-2.2826902497636734,2.2826902497636734
1.4671993247026718,-1.4671993247026718
-2.2826902497636734,2.1112977792400205
-1.9807904004210606,1.9807904004210606
-2.0579885527044866,2.0579885527044866
-2.021951303500969,2.021951303500969
-2.0917266900383034,2.0917266900383034
-2.0849325470146685,1.9736347677746477
2.014108193645286,-2.014108193645286
1.9982944624536016,-1.9982944624536016
2.0,-2.0
-2.0,2.0
-2.0,2.0
-2.0,2.0
2.0,-2.0
-2.0,2.0
-2.0,2.0
-2.0,0.0
2.0,-2.0
2.0,-2.0
2.0,-2.0
2.0,-2.0
0.0,0.0
2.0,-2.0
2.0,-2.0
0.0,0.0
0.0,2.0000000000000004
-1.8050000000000002,1.8050000000000002
-1.8050000000000002,2.0
-1.9789335180055403,2.0
-2.0,2.0
-2.0,2.0
-2.0,2.0
-2.0,2.0
7.915211188377789,2.0
25.0,-2.0
2.0,-2.0
2.0,-2.0
2.0,-2.0
2.0,-2.0
-25.0,0.0
-2.0,2.0
-2.0,2.0
2.0,-2.0
2.0,-2.0
2.0,-2.0
1.927955214824999,-1.927955214824999
1.9255513127782034,-1.9255513127782034
1.900445278609756,-1.900445278609756
1.7929030822779541,-1.7929030822779541
1.634058027406133,-1.634058027406133
1.8132925821710881,-1.8132925821710881
1.8470398711409253,-1.8470398711409253
-1.938333436336574,1.938333436336574
2.2275595320865698,-2.2275595320865698
2.4801541534390816,-2.4801541534390816
-1.3266137856104683,1.3266137856104683
-2.4286683114870513,2.4286683114870513
-2.4206199209682397,2.4206199209682397
22.78373737364557,2.2162626263544283
24.99999999999831,-2.1672887507029728
-2.191228168235801,2.191228168235801
22.99648640291576,2.0035135970842397
22.802473612740734,2.1975263872592663
-2.3954087416023313,2.3954087416023313
0.0,0.0
-1.858149641695146,1.858149641695146
0.0,0.0
0.0,-6.328271240363392e-15
0.0,-1.9817358590939893
1.8152278376155948,-1.8152278376155948
-2.0188580505263225,2.0188580505263225
-24.999999999950873,-4.977351863999502e-12
-25.000000000000004,3.552713678800501e-15
-22.98965549556122,-2.010344504438784
-16.01076737318177,-2.0074967677683873
1.2858782758186464,-1.2858782758186464
1.7405037827940362,-1.7405037827940362
1.8740835867263552,-1.8740835867263552
2.018372698243624,-2.018372698243624
2.755959217179406,-2.755959217179406
0.0,0.0
1.717388012502978,-1.717388012502978
1.4715883231082412,-1.4715883231082412
1.7502026235329478,-1.7502026235329478
1.6179223519154213,-1.6179223519154213
1.7867094463363706,-1.7867094463363706
0.0,0.0
1.8075821190816441,-1.8075821190816441
1.5962834663337429,-1.5962834663337429
1.9834039814388156,-1.9834039814388156
1.7276359514030695,-1.7276359514030695
1.6437615228564706,-1.6437615228564706
1.7574961618669676,-1.7574961618669676
0.0,0.0
0.0,0.0
1.821300737048781,-1.821300737048781
1.8770095856634033,-1.8770095856634033
2.6384294893836477,-2.6384294893836477
1.8067187095592363,-1.8067187095592363
2.123874967293947,-2.123874967293947
1.8739251687511191,-1.8739251687511191
2.0046588138813224,-2.0046588138813224
2.027179806724516,-2.027179806724516
0.0,0.0
2.033512719126773,-2.033512719126773
0.0,0.0
0.0,0.0
2.0,-2.0
2.0,-2.0
2.0,-2.0
2.0,-2.0
2.0,-2.0
2.0,-2.0
2.0,-2.0
2.0,-2.0
2.0,-2.0
2.0,-2.0
2.0,-2.0
2.0,-2.0
0.0,0.0
0.0,0.0
25.0,-1.9999999999999964
25.0,-2.0
2.0,-2.0
2.0,-2.0
-2.0,2.0
2.0,-2.0
2.0,-2.0
2.0,-2.0
-2.0,2.0
2.0,-2.0
2.0,-2.0
2.0,-2.0
2.0,-2.0
2.0,-2.0
2.0,-2.0
25.0,-2.0
2.0,-2.0
13.263157894736846,-2.0
25.0,-2.0
2.0,-2.0
1.919414253276109,-1.919414253276109
-2.0610845743448802,2.0610845743448802
-2.0936974549153486,2.0936974549153486
-0.20825144394196932,2.2082514439419754
-2.282632697018187,2.282632697018187
-2.1090729849662724,2.1090729849662724
-2.158003942600535,2.158003942600535
-2.1509148959955064,2.1509148959955064
-1.899297290681508,1.899297290681508
-1.9346169253916212,1.9346169253916212
-2.323856833169387,2.323856833169387
-1.7658809539029203,1.7658809539029203
0.0,0.0
-2.2016604021509103,2.2016604021509103
0.0,0.0
-2.2748381460588014,2.2748381460588014
0.0,0.0
-2.0941791707047503,2.0941791707047503
0.0,0.0
-25.0,2.4567821373394736
24.97863475087039,-1.9929791173046425
1.8364293381102588,-1.8364293381102588
1.418666621022096,-1.418666621022096
-23.127275904583048,-1.8727240954169524
1.701621321509366,-1.701621321509366
1.9270103379909997,-1.9270103379909997
1.978385729163481,-1.978385729163481
-25.0,0.0
-18.95493759745547,2.753601250822893
-1.9738225340998792,1.9738225340998792
-2.258098857057858,2.258098857057858
-2.2177407733584324,2.2177407733584324
1.2234742165214954,-1.2234742165214954
-2.1547446978829115,2.1547446978829115
1.4911450537086157,-1.4911450537086157
1.6408872779989832,-1.6408872779989832
-2.1564961316728812,2.1564961316728812
-2.331435650088295,2.331435650088295
-2.803598216266616,2.803598216266616
1.41141663185258,-1.41141663185258
1.8508018246923186,-1.8508018246923186
1.8327888804163663,-1.8327888804163663
1.4419767846851546,-1.4419767846851546
1.5803495213025354,-1.5803495213025354
-22.99895860693569,-2.001041393064309
2.0049444080398677,-2.0049444080398677
1.5766680390333807,-1.5766680390333807
2.242252641502975,-2.242252641502975
1.1167320585773375,-1.1167320585773375
1.9146587851010057,-1.9146587851010057
2.2106725546146917,-2.2106725546146917
-1.5329639278609735,1.5329639278609735
-2.0,2.0
-2.0,2.0
-1.9437086024166788,1.9437086024166788
1.951508952041994,-1.951508952041994
1.759364200122776,-1.759364200122776
1.9813652967286068,-1.9813652967286068
-2.0,2.0
-2.0,2.0
-2.0,2.0
-2.0,2.0
-2.0,2.0
-2.0,2.0
-2.0,2.0
-2.0,2.0
-2.0,2.0
-2.0,2.0
-2.0,2.0
-2.0,0.0
0.0,0.0
2.0,-2.0
0.0,0.0
2.0,-2.0
2.0,-2.0
0.0,0.0
0.0,2.0000000000000004
3.234149101996435,2.0
25.0,0.0
25.0,-2.0
25.0,0.0
25.0,-2.0
2.0,-2.0
-2.0,2.0
-2.0,2.0
2.0,-2.0
2.0,-2.0
2.0,-2.0
-2.0,2.0
-2.0,2.0
2.0,-2.0
-2.0,2.0
2.0,-2.0
-2.0,2.0
2.0,-2.0
-2.0,2.0
1.9585954888502906,-1.9585954888502906
1.9516122678984162,-1.9516122678984162
1.9727487294022392,-1.9727487294022392
-2.1575880263838005,2.1575880263838005
1.7184079071119798,-1.7184079071119798
1.8319982106216337,-1.8319982106216337
-2.092349159074469,2.092349159074469
2.0006182087918116,-2.0006182087918116
2.029008792740412,-2.029008792740412
2.029008792740412,-2.029008792740412
1.9754792957930958,-1.9754792957930958
2.0290087927404086,-2.0290087927404086
1.9592127361286202,-1.9592127361286202
1.9011427654209214,-1.9011427654209214
1.8951468659597612,-1.8951468659597612
2.029008792740414,-2.029008792740414
1.9855599806555926,-1.8947776447824132
1.7951365252422082,-1.7951365252422082
1.9382264568672412,-1.9382264568672412
1.633006676415114,-1.6526588065095225
1.8216668024895686,-1.8216668024895686
1.9600016702682428,-1.9600016702682428
1.8881543848934221,-1.8881543848934221
-23.17616457534743,-1.8238354246525716
1.7929508621017831,-1.7929508621017831
-2.374237536178626,2.374237536178626
-25.0,2.234716111453949
-22.23826706376395,2.3930734965490394
-2.8048428387652926,2.8048428387652926
-2.2863073550070325,2.2863073550070325
-2.458409866256348,2.458409866256348
-2.176642985009696,2.176642985009696
-2.268520361468669,2.268520361468669
-24.99999999998527,2.3078723963532397
-2.552327110826745,2.552327110826745
-2.8457841025807227,2.8457841025807227
-2.928493433189928,2.928493433189928
-2.928493433189928,0.0
0.0,0.0
0.0,0.0
0.0,0.0
1.0740488281816063,-1.0740488281816063
1.068381125322528,-1.068381125322528
1.052267934454795,-1.052267934454795
0.9934569968031663,-0.9934569968031663
1.1446590648254915,-1.1446590648254915
1.076892146820823,-1.076892146820823
0.9832343037955393,-0.9832343037955393
1.1474121293991377,-1.1474121293991377
0.0,0.0
0.0,0.0
1.112877010797467,-1.112877010797467
0.0,0.0
0.0,0.0
0.0,0.0
1.4961169166565433,-1.4961169166565433
0.0,0.0
1.9084850598847718,-1.9084850598847718
0.0,0.0
1.9488071287407218,-1.9488071287407218
0.0,0.0
0.0,0.0
0.0,0.0
0.0,0.0
0.0,0.0
2.0,-2.0
0.0,0.0
2.0,-2.0
0.0,0.0
0.0,0.0
0.0,0.0
0.0,0.0
0.0,0.0
0.0,0.0
0.0,0.0
0.0,0.0
0.0,2.0000000000000004
2.0,-2.0
-1.8049999999999988,2.0
-1.9809874999999983,2.0
-1.99814628125,1.99814628125
-1.99794601800554,2.0
-2.0,2.0
-2.0,2.0
-2.0,2.0
-2.0,2.0
-2.0,2.0
-2.0,2.0
-2.0,2.0
-2.0,2.0
-2.0,2.0
-2.0,2.0
-2.0,2.0
-2.0,2.0
-2.0,2.0
-2.0,2.0
1.0038023943988543,2.043289018405682
-2.0368629353469543,2.0368629353469543
-2.0641697234866627,2.0641697234866627
-2.1873260654653386,2.1873260654653386
22.60738061393258,2.392619386058268
22.77406125415687,2.2259387457901205
22.98720790628644,2.0127920937135606
22.953642861102857,2.046357138897143
-2.065738410544865,2.065738410544865
-2.0768901523953156,2.0768901523953156
-1.9739557061826485,1.9739557061826485
-1.9714266989046614,1.9714266989046614
-1.6019871445895895,1.6019871445895895
-2.070982613557792,2.070982613557792
-2.1550886731677856,2.1550886731677856
-2.2578104227364104,2.2578104227364104
-2.2350367342882933,2.2350367342882933
-2.223895721942144,2.223895721942144
-2.232958997338171,2.232958997338171
-2.2452688945055943,2.2452688945055943
-2.225131508378457,2.225131508378457
0.0,0.0
-2.234145554284172,2.234145554284172
-2.227085540455482,2.227085540455482
-2.193354503528921,2.193354503528921
-2.2983218752325776,2.2983218752325776
0.0,-1.1469347445939058
1.2708418222647122,-1.2708418222647122
-2.7075047757654787,2.7075047757654787
-2.4488164271184907,2.4488164271184907
-2.3707737997320084,2.3707737997320084
-2.322778833561001,2.322778833561001
-2.467364584314769,2.467364584314769
-2.490549149662799,2.490549149662799
1.2708418222647007,-1.2708418222647007
1.2287152637978647,-1.2287152637978647
1.2708418222646731,-1.2708418222646731
0.8721012540038746,-0.8721012540038746
0.7722240853690892,-0.7722240853690892
0.579010958837987,-0.579010958837987
0.8158294219872122,-0.8158294219872122
1.0111632034856335,-1.0111632034856335
1.1704351210353732,-1.1704351210353732
1.2708418222647007,-1.2708418222647007
-23.438168340822777,-1.5618316591772228
1.494458577095049,-1.494458577095049
-25.0,2.7890452215534083
-2.743268738183028,2.743268738183028
-2.7880801973138176,2.7880801973138176
-2.6517239763573226,2.6517239763573226
-2.5882633764603877,2.5882633764603877
1.5913699845121494,-1.5913699845121494
-2.252158498560127,2.252158498560127
-2.257395127805311,2.257395127805311
1.7087586508837604,-1.7087586508837604
1.7034295585573935,-1.7034295585573935
1.8671857777567733,-1.8671857777567733
-1.9625202636155894,1.9625202636155894
-1.932134070760803,1.932134070760803
-2.0073917803577563,2.0073917803577563
-2.0,2.0
2.0,-2.0
2.0,-2.0
2.0,-2.0
-2.0,2.0
2.0,-2.0
-2.0,2.0
-2.0,2.0
-25.0,2.0
-23.642110476959523,2.0
-2.0,2.0
-2.0,2.0
-2.0,0.0
0.0,0.0
0.0,0.0
0.0,0.0
0.0,2.0000000000000004
-1.8050000000000002,2.0
-1.9809874999999901,1.9809874999999901
25.0,-2.0
11.068157894736858,-2.0
25.0,-2.0
25.0,-2.0
25.0,-2.0
2.0,-2.0
2.0,-2.0
2.0,-2.0
2.0,-2.0
2.0,-2.0
2.0,-2.0
2.0,-2.0
2.0,-2.0
2.000000000000006,-2.000000000000006
2.0,-2.0
2.0,-2.0
2.000000000000006,-2.000000000000006
1.9527252234527355,-1.9527252234527355
1.9562536031904174,-1.9562536031904174
1.91466031612632,-1.91466031612632
1.823283249648249,-1.823283249648249
1.6686231649518142,-1.6686231649518142
-2.1879881735111817,2.1879881735111817
-2.0296970588838223,2.0296970588838223
-2.090670622799,2.090670622799
1.9233679868551707,-1.9233679868551707
-1.9934815105647505,1.9934815105647505
-2.0208228121076477,2.0208228121076477
-22.66280959997277,1.9053095999727745
25.0,0.0
-2.0125749790383374,2.0125749790383374
-2.200832968025269,2.200832968025269
-2.296992678994137,2.296992678994137
-2.2951068108267734,2.2951068108267734
0.0,0.0
0.0,0.0
-2.1948187652920694,2.1948187652920694
-2.1786109023275806,2.1786109023275806
0.0,0.0
-2.3139162630100945,2.3139162630100945
-24.99999999998945,2.3206493425313184
-2.3101117070151584,2.3101117070151584
-2.358947361405347,2.358947361405347
-24.99999999998978,-1.0224709967587842e-11
-24.999999999965517,2.5239721867012506
-24.844621529277592,2.5701746945070276
-2.5014667358606086,2.5014667358606086
-2.4866688559904624,2.4866688559904624
-2.510357076893232,2.510357076893232
-2.551626537310751,2.551626537310751
-2.5701746945070285,2.5701746945070285
-2.5701746945070285,2.5701746945070285
1.2177699071183419,-1.2177699071183419
1.0319342615137188,-1.0319342615137188
1.0599376365865876,-1.0599376365865876
1.2393753418924973,-1.2393753418924973
1.1635852792614774,-1.1635852792614774
-2.5701746945070285,2.5701746945070285
1.1668426305371682,-1.1668426305371682
1.225059658568492,-1.225059658568492
1.2253121174931714,-1.2253121174931714
-2.5701746945070285,2.343538846511133
1.2167341943798409,-1.2167341943798409
-2.343538846511133,2.343538846511133
1.3592396835942395,-1.3592396835942395
1.2423707670338349,-1.2423707670338349
-2.343538846511133,2.343538846511133
1.2992150496622035,-1.2992150496622035
1.612978575022865,-1.612978575022865
1.7034863618154468,-1.7034863618154468
-2.343538846511133,2.343538846511133
-2.343538846511133,2.343538846511133
-2.343538846511133,2.343538846511133
-2.189656295856008,2.189656295856008
-2.0328938200175894,2.0328938200175894
-1.9713962460468721,1.9713962460468721
-2.046411614799486,2.046411614799486
-2.0,2.0
2.0,-2.0
-2.0,2.0
2.0,-2.0
-2.0,2.0
2.0,-2.0
-2.0,2.0
2.0,-2.0
-2.343538846511133,2.0
-2.0,2.0
-2.0,2.0
2.0,-2.0
-2.0,2.0
-2.0,2.0
-2.0,0.0
0.0,0.0
0.0,0.0
25.0,-2.0
25.0,-2.0
25.0,0.0
2.0,-2.0
2.0,-2.0
11.263157894736855,-2.0
25.0,-2.0
2.0,-2.0
2.0,-2.0
2.0,-2.0
2.0,-2.0
2.0,-2.0
2.0,-2.0
2.0,-2.0
2.0,-2.0
2.0,-2.0
2.000000000000006,-2.000000000000006
2.0,-2.0
2.0,-2.0
1.8934931281031777,-1.8934931281031777
1.928811859237159,-1.928811859237159
1.904377459494291,-1.904377459494291
1.8048862029247417,-1.8048862029247417
1.688084434521294,-1.688084434521294
1.773293936865678,-1.773293936865678
1.7450306868872123,-1.7450306868872123
2.0000000000000115,-2.0528598496496047
2.0585704705258747,-2.0585704705258747
1.5220801080443414,-1.5220801080443414
-1.8268333743831544,1.8268333743831544
-2.1290079116587552,1.819590958981382
2.4014147394204812,-2.4014147394204812
-2.1265185278090044,2.1265185278090044
-2.169002315654243,2.169002315654243
1.7160727015053912,-1.7160727015053912
2.401414739420467,-1.6876218429885252
1.6876218429885288,7.105427357601002e-15
-2.2490608275542954,2.2490608275542954
-24.82755283810588,2.2650528381381854
22.88449877962826,2.1155012203359504
-2.151416026960998,2.151416026960998
-2.443411281541085,2.443411281541085
-2.28170250422086,2.28170250422086
-2.278352374290348,2.278352374290348
-2.2999843172516012,2.2999843172516012
-24.999999999967788,2.3124721979609184
-24.99999999999026,2.4470113458070273
-4.750975577111253,3.0269827088862806
-25.0,2.4776989903965614
-24.999999999953346,2.402419525940708
-2.2755084245038244,2.2755084245038244
-2.3345573046919688,2.3345573046919688
-2.483710037393207,2.483710037393207
-2.6346224087994656,2.6346224087994656
-2.9156091919688585,2.9156091919688585
-2.9156091919688585,2.9156091919688585
-2.9156091919688585,2.9156091919688585
-2.9156091919688585,2.9156091919688585
-2.9156091919688585,3.071416210432194
-3.0562250261320187,3.0562250261320187
1.0602424807381414,-1.0602424807381414
-2.8797284672986407,2.8797284672986407
-2.8300243542075463,2.8300243542075463
-2.8692665694598816,2.8692665694598816
-2.88760013657018,2.88760013657018
-3.0562250261320187,3.0562250261320187
-2.9702728606353013,2.9702728606353013
-2.776234193420498,2.776234193420498
-2.643456577721347,2.643456577721347
-2.420336535825287,2.420336535825287
-2.387275777343751,2.387275777343751
-1.9781099177882657,1.9781099177882657
-2.3588059844075318,2.3588059844075318
-2.502488878931909,2.502488878931909
21.829007870517056,2.4854242334917878
-2.2922650700558362,2.2922650700558362
-1.9526926688250894,1.9526926688250894
-1.9278324862579035,1.9278324862579035
-2.0563726183529965,2.0563726183529965
-2.0,2.0
-2.0,2.0
-2.0,2.0
-2.0,2.0
-2.0,2.0
-2.0,2.0
-25.0,2.0
-2.0,2.0
-2.0,0.0
2.0,-2.0
2.0,-2.0
0.0,2.0
-1.805,1.805
2.0,-2.0
2.0,-2.0
-1.805,0.0
0.0,0.0
0.0,0.0
0.0,2.0
23.0,2.0
2.0,-2.0
-2.0,2.0
-2.0,2.0
-2.0,2.0
-2.0,2.0
-2.0,2.0
-2.0,2.0
-2.0,2.0
25.0,-2.0
2.0,-2.0
2.0,-2.0
25.0,-2.0
2.0,-2.0
25.0,-2.0
-2.0,2.0
-2.0,2.0
1.9355980198498244,-1.9355980198498244
1.9498222552290176,-1.9498222552290176
1.938248073662667,-1.938248073662667
1.8621366140556783,-1.8621366140556783
1.786328233360104,-1.786328233360104
1.627922565495671,-1.627922565495671
2.0534995174500117,-2.0534995174500117
1.8783611876314108,-1.8783611876314108
8.933540580053581,-1.8506869558815922
-1.802990522389016,1.802990522389016
-1.9092839345945567,1.9092839345945567
2.180304270564873,-2.180304270564873
2.1803042705648616,4.440892098500626e-15
0.0,0.0
0.0,0.0
-2.284636076925649,2.284636076925649
-2.3582152305237756,2.3582152305237756
-2.28908187858927,2.28908187858927
-2.3404446468155182,2.3404446468155182
-2.368982603661399,2.368982603661399
-2.229901719760294,2.229901719760294
-2.32908147061565,2.32908147061565
-2.452331917644667,2.452331917644667
-2.4381841195055713,2.4381841195055713
-2.5620808613817694,2.5620808613817694
-2.479384153718808,2.479384153718808
-24.999999999997353,2.565210089753183
-25.0,2.6044472558270293
-24.99999999994962,2.7426356974293924
-5.5237864275214115,2.6178730214415356
-24.99999999995609,2.7379475351980744
-2.74432717222475,2.74432717222475
-2.74432717222475,2.727955210959223
-2.727955210959223,2.727955210959223
-2.727955210959223,2.727955210959223
-2.727955210959223,2.727955210959223
-2.727955210959223,2.727955210959223
-2.727955210959223,2.727955210959223
-2.727955210959223,2.727955210959223
0.9243495219084359,-0.9243495219084359
-2.727955210959223,2.727955210959223
0.6215218860176233,-0.6215218860176233
-2.727955210959223,2.727955210959223
-2.727955210959223,2.6593059490127904
-2.6593059490127904,2.6593059490127904
-2.6593059490127904,2.6593059490127904
-2.5452746707657905,2.5452746707657905
-2.6593059490127904,2.6593059490127904
-2.6368307932431083,2.6368307932431083
-2.6593059490127904,2.6593059490127904
-2.5003584411812607,2.5003584411812607
-2.408131409111606,2.408131409111606
-2.0250287777928246,2.0250287777928246
-2.061295133470489,2.061295133470489
-2.1717563269488487,2.1717563269488487
-2.6593059490127904,2.6593059490127904
-2.3573696509129265,2.3573696509129265
-2.0849350716039146,2.0849350716039146
2.060370265978605,-2.060370265978605
-2.0430931211279746,2.0430931211279746
2.0,-2.0
-2.0,2.0
-2.0,2.0
-2.0,2.0
-2.0,2.0
-2.0,2.0
-2.6593059490127904,2.0000000000000036
-2.0,2.0
0.0,-2.0000000000000036
2.0,-2.0
2.0,-2.0
0.0,0.0
0.0,0.0
0.0,0.0
0.0,0.0
0.0,0.0
0.0,0.0
25.0,-2.0
2.0,-2.0
2.0,-2.0
2.0,-2.0
-2.0,2.0
2.0,-2.0
2.0,-2.0
-2.0,2.0
2.0,-2.0
2.0,-2.0
2.0,-2.0
2.0,-2.0
2.0,-2.0
2.0,-2.0
2.0,-2.0
2.0,-2.0
2.0,-2.0
9.26315789479318,-2.0
2.0,-2.0
1.9589552693212164,-1.9589552693212164
1.966376398645322,-1.966376398645322
-2.0490335486574436,2.0490335486574436
1.8151847667424068,-1.8151847667424068
22.540293007677985,2.4597069923220154
22.86745401536425,2.132545984635751
1.8941521777965198,-1.8941521777965198
24.999999999943665,-2.060705326307705
2.043307119513345,-2.010698578080648
2.0280967848750038,-2.0280967848750038
-1.6825436317185751,1.6825436317185751
-1.8999170773415983,1.8999170773415983
1.623419645000343,-1.5384785774969614
1.9232095688799333,-1.9232095688799333
1.7348285061672186,-1.7348285061672186
1.9431557173716312,-1.9431557173716312
1.9431557173716278,-1.9431557173716278
1.9431557173716243,3.552713678800501e-15
0.0,0.0
-2.151215953263188,2.151215953263188
-2.2393468392799,2.2393468392799
-2.1508833386299226,2.1508833386299226
-2.245839451675373,2.245839451675373
-2.38169201707713,2.38169201707713
0.0,0.0
-2.060092797841696,2.060092797841696
-25.0,1.8854518121047263
-25.0,1.8105188475229852
-3.312370583243748,2.5722921937377876
-25.0,2.295857244980386
-25.0,2.2677074437311973
-2.5194569588333415,2.5194569588333415
-2.222589878154233,1.9410388492881816
-2.2379059299672903,2.2379059299672903
-2.2379059299672903,2.2379059299672903
-2.2379059299672903,2.2379059299672903
-2.2379059299672903,2.2379059299672903
1.539980076951501,-1.539980076951501
-2.2379059299672903,2.2379059299672903
-2.1985273868956217,2.1985273868956217
2.085966050737577,-2.085966050737577
-2.2379059299672903,2.2379059299672903
-2.1477377004284044,2.1477377004284044
-2.2379059299672903,2.2379059299672903
1.3858778870318993,-1.3858778870318993
1.4978194365298574,-1.4978194365298574
-2.2379059299672903,2.2379059299672903
-2.2379059299672903,2.2379059299672903
-2.2379059299672903,2.2379059299672903
-1.9849868988965635,1.780451620740852
-2.0333706518115786,2.0333706518115786
-1.850066538074186,1.8166958862626075
-1.9764487380638691,1.9764487380638691
-1.761411799788763,1.761411799788763
1.858758698850938,-1.858758698850938
1.7199788722175118,-1.7199788722175118
-2.0,2.0
-2.0,2.0
-1.8531896127593144,1.8531896127593144
-1.9215786645031443,1.9215786645031443
-2.0,2.0
-2.0,2.0
-2.0,2.0
2.0,-2.0
2.0,-2.0
2.0,-2.0
2.0,-2.0
2.0,-2.0
2.0,-2.0
-2.0,2.0
-2.0,2.0
-2.0,2.0
-2.0,0.0
0.0,0.0
0.0,0.0
0.0,0.0
0.0,2.0000000000000004
-1.8050000000000002,2.0
25.0,-2.0
25.0,0.0
2.0,-2.0
25.0,-2.0
9.06815789473685,-2.000000000000001
25.0,-2.0000000000000036
2.0,-2.0
2.0,-2.0
2.0,-2.0
2.0,-2.0
2.0,-2.0
2.0,-2.0
2.0,-2.0
-25.0,2.0
2.0,-2.0
2.0,-2.0
2.0,-2.0
-23.0,-2.0
-18.04340726231215,2.0568546842319204
1.939327372546964,-1.939327372546964
1.8940179899610465,-1.8940179899610465
-2.227076921350007,2.227076921350007
1.585860344607947,-1.585860344607947
1.856091154738033,-1.856091154738033
1.7987542616328782,-1.7987542616328782
1.9685480360159922,-1.9685480360159922
-1.9794479500890736,1.9794479500890736
-2.1345826970106136,2.1345826970106136
-1.9611377354293076,1.9611377354293076
25.0,-2.10077276667009
25.0,0.0
25.0,-1.6823347219584122
1.6823347219583995,-1.6823347219583995
1.6823347219584015,-1.6823347219584015
1.6823347219584068,2.220446049250313e-16
-2.383863794976694,2.383863794976694
-2.3351859274144235,2.3351859274144235
-2.3502703481640843,2.3502703481640843
-2.355784051079109,2.355784051079109
-2.3680384072830947,2.3680384072830947
0.0,0.0
0.0,-1.5983921295021375
1.6058989956275145,-1.6058989956275145
1.580937119449727,-1.580937119449727
1.525234582308224,-1.525234582308224
-23.545687441107646,-1.4543125588923544
-25.0,2.899179165150649
1.3704873598360674,-1.3704873598360674
-23.903751095293046,2.602964059644531
1.4059755108784042,-1.4059755108784042
1.3289364077175243,-1.3289364077175243
1.1969205868236052,-1.1969205868236052
1.0491538536188614,-1.0491538536188614
0.92338639111078,-0.92338639111078
-3.3007781995861496,3.3007781995861496
0.5671163566016659,-0.5671163566016659
0.5103743198377888,-0.5103743198377888
-3.494440071855868,3.494440071855868
-3.423071196143317,3.423071196143317
-3.427841407525154,3.427841407525154
0.7757111742662364,-0.7757111742662364
0.7812905165016755,-0.7812905165016755
0.9292510119311093,-0.9292510119311093
0.9023294233504888,-0.9023294233504888
0.9170875409400008,-0.9170875409400008
0.9551671828441819,-0.9551671828441819
1.1552345691803598,-1.1552345691803598
1.1176693123352113,-1.1176693123352113
1.217188620444265,-1.217188620444265
-2.694275296964907,2.694275296964907
-2.170172462770136,2.170172462770136
-2.646001363682129,2.646001363682129
-2.475923888582404,2.475923888582404
-2.4393328076128693,2.4393328076128693
-2.2839214603819746,2.2839214603819746
1.997350601372306,-1.997350601372306
2.0245213353542164,-2.0245213353542164
1.9966831039201218,-1.9966831039201218
2.0000000000000013,-2.0000000000000013
2.0,-2.0
-2.0,2.0
-2.0,2.0
-2.0,2.0
-2.0,2.0
-25.0,2.0
-2.0,2.0
-1.9999999999999996,0.0
2.0,-2.0
2.0,-2.0
2.0,-2.0
0.0,0.0
0.0,0.0
0.0,0.0
0.0,0.0
2.0,-2.0
0.0,0.0
0.0,0.0
0.21606648199446,2.0
-2.0,2.0
-2.0,2.0
-2.0,2.0
-2.0,2.0
-2.0,2.0
-2.000000000000003,2.000000000000003
-2.0,2.0
-2.0,2.0
-2.0,2.0
-2.0,2.0
-2.0,2.0
-2.0,2.0
-2.0,2.0
-2.0,2.0
-2.0,2.0
-2.0,2.0
-2.0,2.0
-2.0000000000000004,2.0000000000000004
10.254973909105415,-1.9567765420213217
25.0,-1.780905366349586
25.0,-1.6220338032906731
24.999999999989008,-1.8481667846659668
-2.05331332899306,2.05331332899306
23.167414348993518,1.832585650981997
0.0,0.0
0.0,0.0
0.0,0.0
0.0,0.0
-1.7176890697706604,1.7176890697706604
-2.0025750810317398,2.0025750810317398
-2.138902269211899,2.138902269211899
-2.270704762314468,2.270704762314468
0.0,0.0
-2.3330311904922745,2.3330311904922745
-2.352064068823939,2.352064068823939
-2.3414166136755377,2.3414166136755377
-2.263767822211557,2.263767822211557
-2.289097026124752,2.289097026124752
-2.390161382852849,2.390161382852849
0.0,-1.3761904188101626
1.524864729983566,-1.524864729983566
1.5248647299835536,-1.5248647299835536
-2.3930280539425937,2.3930280539425937
-25.0,2.4362818415081087
-2.7119101840011535,2.7119101840011535
-2.6009974046212694,2.6009974046212694
-24.999999999999996,2.539100787762731
-3.3465627750544193,2.585170754633052
-24.999999999968036,2.7040334655511202
-25.0,2.771948703174047
1.0691574365159227,-1.0691574365159227
0.9127111654806654,-0.9127111654806654
0.7345685744583665,-0.7345685744583665
0.6335850045861697,-0.6335850045861697
0.5710288387868996,-0.5710288387868996
0.6275846870938242,-0.6275846870938242
0.5858677432323081,-0.5858677432323081
-3.3137823587964395,3.3137823587964395
-3.3137823587964395,3.3137823587964395
-3.1828590538990724,3.1828590538990724
-3.3137823587964395,2.0
0.9263616195381417,-0.9263616195381417
0.8849185936099051,-0.8849185936099051
0.8229676980825538,-0.8229676980825538
0.9966569136734904,-0.9966569136734904
-2.0,2.0
1.338999420455293,-1.338999420455293
1.5338156611581137,-1.5338156611581137
1.81664034529918,-1.81664034529918
1.5007372305518523,-1.5007372305518523
1.4611747080388273,-1.4611747080388273
1.3550501277391662,-1.3550501277391662
1.5411710519286803,-1.5411710519286803
-2.0,2.0
-1.9397607759819873,1.9397607759819873
-2.0,2.0
2.0,-2.0
2.0,-2.0
2.0,-2.0
2.0,-2.0
-2.0,2.0
-2.0,2.0
-2.0,2.0
2.0,-2.0
2.0,-2.0
-2.0,2.0
-2.0,2.0
-2.0,2.0
-2.0,0.0
2.0,-2.0
0.0,0.0
2.0,-2.0
25.0,0.0
25.0,0.0
25.0,0.0
25.0,0.0
2.0,-2.0
2.0,-2.0
2.0,-2.0
5.2612953790200105,-2.0000000000000004
2.0,-2.0
2.0,-2.0
2.0,-2.0
2.0,-2.0
2.0,-2.0
2.0,-2.0
2.0,-2.0
2.0,-2.0
2.0,-2.0
2.0,-2.0
2.0,-2.0
2.0,-2.0
1.9297482550291585,-1.9297482550291585
1.9141584233463007,-1.9141584233463007
1.9031185277026585,-1.9031185277026585
1.7655862376933849,-1.7655862376933849
1.5945827610089511,-1.5945827610089511
1.8499683946672196,-1.8499683946672196
1.9193633571624265,-1.9193633571624265
1.884891668865584,-1.884891668865584
2.00186251571683,-2.00186251571683
1.9862794885909265,-1.9862794885909265
2.001862515716831,-2.001862515716831
2.0018625157168364,-2.0018625157168364
2.0018625157168293,-2.0018625157168293
2.001862515716832,-1.975771516998412
-2.3003655302278663,2.3003655302278663
-2.271343483393908,2.271343483393908
-0.3005334154127812,2.2763049324111932
0.0,0.0
-2.3160091474956914,2.3160091474956914
-2.3341659933587167,2.3341659933587167
-2.35153769196598,2.35153769196598
-2.2966543840350635,2.2966543840350635
-2.321226211174217,2.321226211174217
-2.3227927188018587,2.3227927188018587
-2.3402679255682397,2.3402679255682397
0.0,0.0
-4.764675891779348,2.4384492013764905
-25.0,2.5553073884325954
-24.999999999957534,2.9202392886474975
-25.0,2.6584065640936174
-24.999999999980872,2.6025942073198784
-2.581810526345551,2.581810526345551
-2.664721824094496,2.664721824094496
1.2018170276677846,-1.2018170276677846
0.9792353544286012,-0.9792353544286012
0.7846589497042249,-0.7846589497042249
0.526260928820621,-0.526260928820621
-3.4103207581523254,3.4103207581523254
0.3621424310643242,-0.3621424310643242
-3.4103207581523254,3.4103207581523254
-3.4103207581523254,3.4103207581523254
0.5261523714830094,-0.5261523714830094
0.42670880105136,-0.42670880105136
0.5357035237509802,-0.5357035237509802
-3.4103207581523254,3.4103207581523254
0.7256409957343521,-0.7256409957343521
0.8207233382421464,-0.8207233382421464
0.9245016284105549,-0.9245016284105549
-2.9791802426453415,2.9791802426453415
-2.8835570068914222,2.8835570068914222
-2.7513152352599075,2.7513152352599075
-2.6608819238501074,2.6608819238501074
-2.335279968363868,2.335279968363868
1.3920397782360414,-1.3920397782360414
1.4827725690452436,-1.4827725690452436
1.3432277918700355,-1.3432277918700355
1.4820751512658141,-1.4820751512658141
-2.1521211762949957,2.1521211762949957
-1.934094493204361,1.934094493204361
-2.022625763296936,2.022625763296936
-2.0,2.0
2.0,-2.0
-2.0,2.0
-2.0,2.0
-2.0,2.0
-2.0,2.0
-2.0,2.0
-3.4103207581523254,0.0
0.0,0.0
0.0,0.0
0.0,0.0
0.0,0.0
0.0,0.0
2.0,-2.0
0.0,0.0
0.0,0.0
23.0,2.0
25.0,0.0
25.0,0.0
25.0,0.0
2.0,-2.0
2.0,-2.0
2.0,-2.0
5.263157894736835,-1.9999999999999991
-2.0,2.0
-2.0,2.0
2.0,-2.0
2.0,-2.0
2.0,-2.0
2.0,-2.0
2.0,-2.0
2.0,-2.0
2.0,-2.0
2.0,-2.0
2.0,-2.0
2.0,-2.0
1.931000811246775,-1.931000811246775
1.944283074672124,-1.944283074672124
1.9202574118453197,-1.9202574118453197
1.8029924256926286,-1.8029924256926286
1.6540438987317576,-1.6540438987317576
1.8775678354606025,-1.8775678354606025
1.9172761530026303,-1.9172761530026303
1.9731891777725874,-1.9731891777725874
2.0000000000000053,-2.0000000000000053
1.9187353655872847,-1.9187353655872847
1.9521918534332539,-1.9521918534332539
2.000000000000006,-2.000000000000006
2.000000000000006,0.0
0.0,0.0
0.0,0.0
0.0,0.0
-2.157661229610282,2.157661229610282
0.0,0.0
-2.361746499732746,2.361746499732746
-2.3472332673001777,2.3472332673001777
-2.481644923389318,2.481644923389318
-2.120160349790927,2.120160349790927
-1.999118918352865,1.999118918352865
-2.1930326183999718,2.1930326183999584
-2.323706620109201,2.323706620109201
-2.287490125069162,2.287490125069162
-25.0,2.437592103327198
-25.0,2.6528852874108537
-5.0197357744728475,2.4851225450767935
-25.0,2.5279118082208925
-2.3258537832636126,2.3258537832636126
-2.230540440839734,2.230540440839734
-24.999999999996906,2.231368506112684
-2.315144475678661,2.315144475678661
-2.315144475678661,2.315144475678661
-2.315144475678661,2.315144475678661
-2.315144475678661,2.315144475678661
-2.315144475678661,2.315144475678661
-2.315144475678661,2.315144475678661
-2.315144475678661,2.315144475678661
-2.315144475678661,2.315144475678661
-2.315144475678661,2.315144475678661
-2.315144475678661,2.315144475678661
-2.315144475678661,2.315144475678661
-2.315144475678661,2.315144475678661
-2.315144475678661,2.315144475678661
-2.315144475678661,2.315144475678661
1.3222702298113393,-1.3222702298113393
-2.315144475678661,2.315144475678661
-2.315144475678661,2.315144475678661
1.6526297737331834,-1.6526297737331834
1.8940442516062195,-1.8940442516062195
-2.0622140839563263,2.0622140839563263
-2.0733405799143076,2.0733405799143076
-2.122004877809375,2.122004877809375
-1.9623807800597044,1.9623807800597044
-2.0932984046312684,2.0932984046312684
-1.9196202341182884,1.9196202341182884
-1.9288652799400885,1.9288652799400885
-2.0293586850313368,2.0293586850313368
-2.0,2.0
-2.0,2.0
2.0,-2.0
-2.0,2.0
-2.0,2.0
-2.0,2.0
-2.315144475678661,1.9999999999999996
-2.0,2.0
-1.9999999999999996,0.0
0.0,0.0
0.0,0.0
0.0,0.0
0.0,0.0
0.0,0.0
2.0,-2.0
0.0,0.0
0.0,2.0000000000000004
-1.8050000000000002,2.0
23.0,2.0
25.0,0.0
23.0,2.0
1.0681578947368364,2.0
-2.0,2.0
25.0,-2.0000000000000036
2.000000000000006,-2.000000000000006
2.000000000000006,-2.000000000000006
2.000000000000006,-2.000000000000006
2.000000000000006,-2.000000000000006
2.0,-2.0
2.000000000000006,-2.000000000000006
-2.0,2.0
2.0,-2.0
2.0,-2.0
2.0,-2.0
2.0,-2.0
2.0,-2.0
2.0,-2.0
2.0,-2.0
1.9932441843830349,-1.9932441843830349
1.8167983065555122,-1.8167983065555122
1.6534659255810666,-1.6534659255810666
-2.161608109324005,2.161608109324005
1.9813275067833183,-1.9813275067833183
1.9665110080674761,-1.9665110080674761
1.9864233901779942,-1.9864233901779942
1.9272994034597577,-1.9272994034597577
1.9218431349501,-1.9218431349501
1.9715560841035593,-1.9715560841035593
2.000000000000007,-2.000000000000007
2.0000000000000124,-1.9498181083939468
1.9498181083939308,-1.8090154546265111
1.8090154546265165,-1.8090154546265165
1.809015454626513,3.552713678800501e-15
0.0,0.0
0.0,0.0
-2.330880240453995,2.330880240453995
0.0,0.0
-2.390643579398988,2.390643579398988
-2.415360570419832,2.415360570419832
-2.4103972279606136,2.4103972279606136
-2.3396771716844924,2.3396771716844924
-2.4620856681996948,2.4620856681996948
-25.0,2.4433166094443237
-25.0,2.5025131781034062
-2.52971184035386,2.52971184035386
-4.707374658435699,2.6187440047316835
-25.0,2.491439067372305
-25.0,2.337990746067618
-2.6866289472836478,2.6866289472836478
-2.6866289472836478,2.501667440705731
1.388374074649679,-1.388374074649679
-2.501667440705731,2.501667440705731
1.1186797791812495,-1.1186797791812495
1.0447433962046961,-1.0447433962046961
-2.501667440705731,2.501667440705731
0.9153884923769038,-0.9153884923769038
-2.501667440705731,2.501667440705731
0.7692160372815167,-0.7692160372815167
0.9042758816597782,-0.9042758816597782
0.9575163131383366,-0.9575163131383366
1.003923943820416,-1.003923943820416
1.160466780394362,-1.160466780394362
1.1306621108938941,-1.1306621108938941
1.265857651944172,-1.265857651944172
1.3073316040906828,-1.3073316040906828
1.3448697216014285,-1.3448697216014285
1.4506253962973972,-1.4506253962973972
1.5993464242374316,-1.5993464242374316
1.7885416669822414,-1.7885416669822414
1.737350570824777,-1.737350570824777
1.7764829664448767,-1.7764829664448767
1.5480391969746132,-1.5480391969746132
1.6909424667822113,-1.6909424667822113
-2.030219175497428,2.030219175497428
-1.85431818304605,1.85431818304605
-1.956913722875687,1.956913722875687
2.0,-2.0
2.0,-2.0
2.0,-2.0
2.0,-2.0
-2.0,2.0
-2.0,2.0
-2.501667440705731,2.0
-2.0,2.0
-1.9999999999999996,0.0
2.0,-2.0
0.0,0.0
0.0,0.0
0.0,0.0
0.0,0.0
0.0,0.0
0.0,0.0
2.0,-2.0
23.0,2.0
23.0,2.0
-2.0,2.0
-2.0,2.0
9.138545431809186,-2.0
25.0,-2.0
25.0,-2.0
2.0,-2.0
2.0,-2.0
2.0,-2.0
-2.0,2.0
-2.0,2.0
-2.0,2.0
-2.0,2.0
-2.0,2.0
-2.0,2.0
2.0,-2.0
2.0,-2.0
2.0,-2.0
2.0,-2.0
2.0,-2.0
1.9957334377011744,-1.9957334377011744
1.8002499229747821,-1.8002499229747821
1.5763143993052937,-1.5763143993052937
-2.127387459870392,2.127387459870392
1.9955450467003568,-1.9955450467003568
1.882972034317044,-1.882972034317044
2.1009084633421056,-2.1009084633421056
2.1226123570968882,-2.1226123570968882
2.1246124629276704,-2.1246124629276704
2.124612462927674,-2.124612462927674
1.765558437626641,-1.765558437626641
2.124612462927666,-1.897552799511967
1.8975527995119554,-1.8505481034730158
1.8505481034730193,-1.7961299511108242
-0.63580202312503,2.4319319742358596
-2.1148650238457556,2.1148650238457556
-2.2685740089901625,2.2685740089901625
-2.2676190831075598,2.2676190831075598
-2.3920838575642875,2.3920838575642875
-2.161824908425574,2.161824908425574
-2.2027017952152175,2.2027017952152175
-24.999999999989434,2.2081637440506796
-2.349405676347052,2.349405676347052
-4.443406131433246,2.3334452231287517
-25.0,2.4074699667289394
-24.999999999986255,2.4943271974706427
-2.5576842892084617,2.5576842892084617
1.441733792970151,-1.441733792970151
-24.999999999970083,0.0
1.5055756058433545,-1.5055756058433545
1.4741747647915968,-1.4741747647915968
0.0,0.0
1.4643023585419623,-1.4643023585419623
1.4684578324422048,-1.4684578324422048
0.0,0.0
1.426639273863504,-1.426639273863504
1.3132713314411042,-1.3132713314411042
1.1306337092648668,-1.1306337092648668
1.2134112037837337,-1.2134112037837337
1.053716417535151,-1.053716417535151
0.0,0.0
0.0,0.0
0.0,0.0
1.241643685330752,-1.241643685330752
1.4617544168446255,-1.4617544168446255
1.025451747475234,-1.025451747475234
1.1223915565213627,-1.1223915565213627
1.2102649344349015,-1.2102649344349015
1.40381824936701,-1.40381824936701
1.7896127239701975,-1.7896127239701975
2.31656077024612,-2.31656077024612
1.9804483185781203,-1.9804483185781203
2.1846894820865748,-2.1846894820865748
1.3616266827270942,-1.3616266827270942
1.9006299582301662,-1.9006299582301662
2.086980304467483,-2.086980304467483
2.0590947961550707,-2.0590947961550707
1.9581549529575613,-1.9581549529575613
2.0,-2.0
2.0,-2.0
2.0,-2.0
0.0,0.0
0.0,0.0
2.0,-2.0
2.0,-2.0
2.0,-2.0
2.0,-2.0
2.0,-2.0
0.0,0.0
2.0,-2.0
0.0,0.0
0.0,0.0
0.0,0.0
0.0,0.0
0.0,2.0000000000000004
-1.805000000000001,2.0
23.0,2.0
22.999999999999996,2.0
3.06815789473685,2.0
2.0,-2.0
25.0,-2.0
25.0,-2.0
2.000000000000006,-2.000000000000006
2.000000000000006,-2.000000000000006
2.0,-2.0
-2.0,2.0
-2.0,2.0
2.0,-2.0
2.0,-2.0
2.0,-2.0
-2.0,2.0
-2.0,2.0
-2.0,2.0
2.0,-2.0
2.0,-2.0
2.0,-2.0
1.993461005057022,-1.993461005057022
-2.2251806589753538,2.2251806589753538
-2.432799999022985,2.432799999022985
-2.1262736426520665,2.1262736426520665
-2.0329111765686614,2.0329111765686614
-1.970384674693043,1.970384674693043
-14.419173387953208,1.8609102800365278
-22.48570014585057,-2.5142998541494315
-25.0,2.1377378024218068
-25.0,1.9781717702248116
-2.579621707468572,2.579621707468572
24.9999999999663,-1.9283174440735351
-1.9722831658066369,1.9722831658066369
24.99999999998216,-1.9000085937017985
25.0,-1.8776792329611176
24.99999999999212,-1.7800483176086743
1.9429550125265056,-1.9429550125265056
-25.0,2.1628126539683876
22.54215501058762,2.4578449894123793
0.16000480371010184,2.087312919100752
-2.1741751990209437,2.1741751990209437
-2.095408014520629,2.095408014520629
-2.2458571238001,2.2458571238001
-2.215468643036308,2.215468643036308
0.0,-1.7753645734085417
-25.0,0.0
-25.0,2.2539560061038486
-25.0,2.2770206534626602
-22.755612086157974,2.3328039774600597
-2.3299562407896666,2.3299562407896666
-2.332803977460061,2.332803977460061
1.857753281183399,-1.857753281183399
1.6118898459101807,-1.6118898459101807
1.6231103828176057,-1.6231103828176057
1.5769003012440876,-1.5769003012440876
1.2078836156278534,-1.2078836156278534
1.4114450334816073,-1.4114450334816073
1.5447155752311907,-1.5447155752311907
1.5889615263706975,-1.5889615263706975
1.517361650742064,-1.517361650742064
1.2499609446043518,-1.2499609446043518
1.1340292818018192,-1.1340292818018192
1.1931286537749024,-1.1931286537749024
0.9908838092133561,-0.9908838092133561
1.1544759301116958,-1.1544759301116958
1.2639111936348844,-1.2639111936348844
-2.332803977460061,2.332803977460061
-2.332803977460061,2.332803977460061
-2.332803977460061,2.332803977460061
-2.3210684243462865,2.3210684243462865
-0.4833439719524182,-1.849460005507643
1.8247146128577736,-1.8247146128577736
0.0,0.0
0.0,0.0
1.8221628842765654,-1.8221628842765654
2.0249773392869206,-2.0249773392869206
2.21063310790771,-2.21063310790771
2.0936499931305925,-2.0936499931305925
1.9999999999999996,-1.9999999999999996
2.0,-2.0
2.0,-2.0
2.0,-2.0
2.0,-2.0
2.0,-2.0
2.0,-2.0
2.0,-2.0
2.0,-2.0
2.0,-2.0
0.0,0.0
0.0,0.0
0.0,0.0
0.0,0.0
0.0,0.0
0.0,0.0
0.0,2.0000000000000004
-1.8050000000000002,2.0
23.0,2.0
23.0,2.0
1.06815789473684,2.0
23.0,2.0
-2.0,2.0
25.0,0.0
-2.0,2.0
-2.0,2.0
-2.0,2.0
-2.0,2.0
-2.0,2.0
-2.0,2.0
-2.0,2.0
-2.0,2.0
-2.0,2.0
-2.0,2.0
0.0,0.0
0.0,0.0
0.0,0.0
0.0,0.0
-2.00610684887174,2.00610684887174
0.0,0.0
-2.359259779324644,2.359259779324644
0.0,0.0
0.0,0.0
-1.991181294187255,1.991181294187255
-2.0328316520073866,2.0328316520073866
0.0,0.0
0.0,0.0
0.0,0.0
-2.1649642351539757,2.1649642351539757
0.0,0.0
-2.1398641377149303,2.1398641377149303
-2.1616513429148583,2.1616513429148583
0.0,0.0
-2.1486105771604844,2.1486105771604844
0.0,0.0
0.0,0.0
-2.4479321897347948,2.4479321897347948
-2.3134403779370682,2.3134403779370682
-2.2103841202932433,2.2103841202932433
-24.999999999951985,2.198846747435347
-2.315943508175275,2.315943508175275
-2.236219504350421,2.236219504350421
-24.999999999955875,2.2394434048185943
-25.0,1.9113599591946695e-11
-2.5080761105087443,2.5080761105087443
-2.058350831261402,2.058350831261402
-2.1242628073169865,2.1242628073169865
-2.416086389828285,2.416086389828285
-2.4764644662548765,2.4764644662548765
-2.5131871414389,2.5131871414389
-2.5027473337560515,2.5027473337560515
1.5713379999860653,-1.5713379999860653
1.4887530053972675,-1.4887530053972675
1.6207177033589488,-1.6207177033589488
1.4936172577285518,-1.4936172577285518
1.3917336717898667,-1.3917336717898667
1.563882256792935,-1.563882256792935
1.6589973034478476,-1.0366041204729979
1.297766566581851,-1.297766566581851
1.6086495356119048,-1.6086495356119048
1.9151169980493012,-1.9151169980493012
1.4866064733901734,-1.4866064733901734
1.5531394984004692,-1.5531394984004692
1.2599229737722428,-1.2599229737722428
1.335708618372081,-1.335708618372081
1.5221261817980931,-1.5221261817980931
-2.3529672406269846,2.3529672406269846
1.8356258875824647,-1.8356258875824647
-1.4472897827550568,1.4472897827550568
2.246498369468789,-2.246498369468789
1.44777387274313,-1.44777387274313
1.626524889773909,-1.626524889773909
1.932630862588526,-1.932630862588526
2.264070930708003,-2.264070930708003
2.0451279795076065,-2.0451279795076065
-1.9174282200580433,1.9174282200580433
-2.0,2.0
-2.0,2.0
-2.0,2.0
-2.0,2.0
-2.0,2.0
-2.0,2.0
-2.0,2.0
-2.0,2.0
-25.0,0.0
2.0,-2.0
0.0,0.0
0.0,0.0
0.0,0.0
0.0,0.0
0.0,0.0
0.0,0.0
0.21606648199445955,2.0000000000000004
-2.0,2.0
-2.0,2.0
-2.0,2.0
-2.0,2.0
2.0,-2.0
-2.0,2.0
-2.0,2.0
2.0,-2.0
2.0,-2.0
-2.0,2.0
-2.0,2.0
-2.0,2.0
-2.0,2.0
-2.0,2.0
-2.0,2.0
-2.0,2.0
-2.0,2.0
-2.0,2.0
-2.0,2.0
-2.0,2.0
-1.9920861089019313,1.9999999999999951
-2.0071422867160025,2.0071422867160025
22.813472025241147,2.186527974758853
0.7084113611166352,2.330766160577408
-2.1784728388531454,2.1784728388531454
-2.0780987994972233,2.0780987994972233
22.97340597682903,2.026594023125842
23.088590361255044,1.9114096387403698
25.0,-2.36218577826169
0.3397914093479084,2.0223943689137838
-24.73745719054014,2.174957190540141
25.0,0.0
-2.232486899149025,2.232486899149025
-1.994448428246276,1.994448428246276
-2.242352362778224,2.242352362778224
-2.160547466266692,2.160547466266692
-2.1545149602614497,2.1545149602614497
-1.9959442473750073,1.9959442473750073
-2.1812440489119957,2.1812440489119957
-2.3811965664374455,2.3811965664374455
-2.1633863668747217,2.1633863668747217
-2.079995397168883,2.079995397168883
-25.0,2.271777081597051
-2.6523475499012843,2.6523475499012843
1.5018972793107572,-1.5018972793107572
1.6570446491785322,-1.6570446491785322
-25.0,1.0564917008804464
-2.8319745994007057,2.8319745994007057
-2.2548749565896884,2.2548749565896884
1.8931088912902805,-1.8931088912902805
-2.068878368420579,2.068878368420579
1.7730873939079235,-1.7730873939079235
1.762914561537924,-1.762914561537924
1.4053759209322862,-1.4053759209322862
1.2348317123955628,-1.2348317123955628
1.1656156801632243,-1.1656156801632243
-3.003767848467284,3.003767848467284
-2.852061493742905,2.852061493742905
-2.678723827204589,2.678723827204589
-2.7472361301843815,2.7472361301843815
-2.627566813001959,2.627566813001959
25.0,-5.6555649052825174e-11
24.999999999945736,5.426414872999885e-11
1.7138296039596064,-1.7138296039596064
1.4333041894750664,-1.4333041894750664
-2.783869813597457,2.783869813597457
0.9488058490895472,-0.9488058490895472
-2.1874545384591375,2.1874545384591375
-2.822088939057526,2.822088939057526
-2.0418229766098825,2.0418229766098825
-2.864412415485588,2.864412415485588
-1.4843905151787897,1.4843905151787897
-2.175311264182005,2.175311264182005
-2.072305182749462,2.072305182749462
1.7100039045297293,-1.7100039045297293
-2.024553523867113,2.024553523867113
-2.0917598252721685,2.0917598252721685
-1.9284093549007983,1.9284093549007983
-1.9604024290878226,1.9604024290878226
-2.0,2.0
-2.0,2.0
-2.0,2.0
-2.0,2.0
-2.0,2.0
-2.0,2.0
-25.0,2.0
-25.0,2.0
-24.453268782426452,1.9999999999999893
-2.0,2.0
-25.0,2.0
-1.9999999999999996,0.0
0.0,0.0
0.0,0.0
2.0,-2.0
2.0,-2.0
4.21606648199446,-2.0
-2.0,2.0
-2.0,2.0
-2.0,2.0
-2.0,2.0
-2.0,2.0
-2.0,2.0
-2.0,2.0
-2.0,2.0
-2.0,2.0
-2.0,2.0
2.004304593215789,-2.0
-2.0,2.0
-2.0,2.0
-2.0,2.0
2.0,-2.0
2.0,-2.0
-2.0,2.0
-2.0,2.0
-2.0,2.0
-2.0,2.0
-2.0,2.0
-2.0038848953772503,2.0038848953772503
2.9039572703333274,2.1709530539312354
-2.3548234843174027,2.3548234843174027
-2.14468357858708,2.14468357858708
22.967801073172595,2.032198926827405
24.999999999981032,4.657607632907457e-12
25.0,-2.032123504723657
25.0,-1.983585751864588
1.9288072143874118,-1.9288072143874118
1.9835857518645845,-1.9835857518645845
-22.33496785885223,1.9078827875625812
-25.0,2.092271212381476
-2.0305746692207425,2.0305746692207425
-2.2322369648135876,2.2322369648135876
22.624381513494114,2.375618486496627
24.999999999971536,0.0
-2.1028063233083927,2.1028063233083927
-2.17257839632234,2.17257839632234
0.0,0.0
-2.316729917725656,2.316729917725656
-2.267971263307487,2.267971263307487
-25.0,2.298833104555058
-2.4398844303632963,2.4398844303632963
-2.3793561408765243,2.3793561408765243
-25.0,2.469555927780995
-25.0,2.488371691437429
-4.531205665057094,2.9298163179552517
-25.0,2.491970493408754
-2.4343151864848434,2.4343151864848434
-2.3764705353674263,2.3764705353674263
-2.4719277793783654,2.4719277793783654
-2.5959393900652987,2.5959393900652987
-2.834408303434623,2.834408303434623
0.9525289870812728,-0.9525289870812728
0.7042823395590734,-0.7042823395590734
0.6368139542328315,-0.6368139542328315
0.591217347846289,-0.591217347846289
0.44218579542889813,-0.44218579542889813
-3.147341870080396,3.147341870080396
-3.147341870080396,3.147341870080396
-3.147341870080396,3.147341870080396
-3.147341870080396,3.147341870080396
-3.114404816471957,3.114404816471957
-3.147341870080396,3.147341870080396
0.9076657738709262,-0.9076657738709262
-3.0322224938680264,3.0322224938680264
1.0318067697567574,-1.0318067697567574
1.1842900668218412,-1.1842900668218412
1.1251951128799398,-1.1251951128799398
1.4113648777730212,-1.4113648777730212
1.7760815567546349,-1.7760815567546349
1.5023952545396915,-1.5023952545396915
-2.565128671749978,2.565128671749978
-2.5848753776911746,2.5848753776911746
-2.3247675787401714,2.3247675787401714
-2.082328275419761,2.082328275419761
-1.9124020389946035,1.9124020389946035
-1.9504204004394907,1.9504204004394907
-2.0,2.0
-2.0,2.0
-2.0,2.0
-2.0,2.0
-2.0,2.0
-2.0,2.0
-3.147341870080396,2.0
-2.0,2.0
-2.0,2.0
-2.0,2.0
-2.0,2.0
-2.0,2.0
-2.0,2.0
-2.0,2.0
-2.0,0.0
0.0,0.0
0.0,0.0
0.0,0.0
0.0,2.0
-1.7839335180055402,2.0
-2.0,2.0
-2.0,2.0
-2.0,2.0
23.0,2.0
-2.0,2.0
-2.0,2.0
-2.0,2.0
-2.0,2.0
2.0,-2.0
2.0,-2.0
-2.0,2.0
-2.0,2.0
2.0,-2.0
2.0,-2.0
2.0,-2.0
2.0,-2.0
2.0,-2.0
2.0,-2.0
1.9946051136481797,-1.9946051136481797
1.7987287790601683,-1.7987287790601683
1.6019839099596156,-1.6019839099596156
-2.2021353405029647,2.2021353405029647
-2.0527594972270418,2.0527594972270418
-2.036682281756076,2.036682281756076
22.993965600552826,2.0060343994471737
24.9999999999959,-1.9745944272620903
-2.002139589386667,2.002139589386667
-1.833705937460273,1.833705937460273
25.0,-2.174738182422985
7.196424022431559,0.0
-2.3315890188850386,2.3315890188850386
-2.2730545237559294,2.2730545237559294
-2.2832841593839834,2.2832841593839834
-2.370296652364365,2.370296652364365
-2.3162868523128424,2.3162868523128424
-2.3255129637152905,2.3255129637152905
-2.5340276256712766,2.5340276256712766
-2.393156807994181,2.393156807994181
0.0,0.0
0.0,-1.55152944160832
-2.5005452607855254,2.5005452607855254
1.4105475420043678,-1.4105475420043678
1.3452894345637052,-1.3452894345637052
-24.999999999962448,1.1965539670200087e-11
-3.0500082251117693,3.0500082251117693
-2.9220948617439007,2.9220948617439007
-2.9180618304221273,2.9180618304221273
-2.862387063762341,2.862387063762341
-3.066898989467516,3.066898989467516
-3.114873758924549,3.114873758924549
-3.147437173324459,3.147437173324459
-3.389518773905964,3.389518773905964
-3.565178431404032,3.565178431404032
0.3299457132525081,-0.3299457132525081
0.33724556305964803,-0.33724556305964803
0.25362738032159626,-0.25362738032159626
0.3135289405278492,-0.3135289405278492
0.4277811203339379,-0.4277811203339379
-3.49460038327304,3.49460038327304
0.5850800713873081,-0.5850800713873081
-25.000000000000004,3.446486130260123
-24.999999999965624,3.365732094022569
-3.314176194718943,3.314176194718943
-3.5016866024421898,3.2409978196637437
-24.999999999979828,3.169522280055517
-3.169522280055518,3.0262026108090216
-3.0262026108090216,2.871937584883006
-2.6826299979167096,2.6826299979167096
-2.465546880057074,2.3627077370884693
-2.5509032424915423,2.5509032424915423
-2.6769947991441843,2.6769947991441843
-2.769098441914401,2.769098441914401
-2.5345694656383704,2.5345694656383704
-2.2190215290407034,2.2190215290407034
-1.8924259110056034,1.8924259110056034
-1.9526569695552716,1.9526569695552716
-2.0,2.0
2.0,-2.0
-2.0,2.0
-2.769098441914401,2.0
-2.0,2.0
-2.0,2.0
-2.0,2.0
-2.0,2.0
-2.0,2.0
-2.0,2.0
-2.0,2.0
-2.0,2.0
-2.0,2.0
-2.0,0.0
2.0,-2.0
2.0,-2.0
2.0,-2.0
2.0,-2.0
9.26315789473685,-2.000000000000001
2.0,-2.0
2.0,-2.0
-2.0,2.0
-2.0,2.0
25.0,0.0
25.0,0.0
25.0,-2.0
25.0,-2.0
2.0,-2.0
2.0,-2.0
2.0,-2.0
2.0,-2.0
2.0,-2.0
2.0,-2.0
2.0,-2.0
2.0,-2.0
2.0,-2.0
2.0,-2.0
2.0,-2.0
1.9987404775093396,-1.9987404775093396
-2.189777416969794,2.189777416969794
-2.392880049898001,2.392880049898001
-2.16317745711455,2.16317745711455
1.968948498985267,-1.968948498985267
-2.000843212808433,2.000843212808433
-0.00894272625948922,2.0089427262594954
0.0,0.0
-2.0337253566007565,2.0337253566007565
-2.007505603830751,2.007505603830751
-1.9901200199826317,1.9901200199826317
-2.1263575852445253,2.1263575852445253
-2.1609539251354253,2.1609539251354253
-2.2061465972424816,2.2061465972424816
0.0,0.0
-2.332495977571952,2.332495977571952
-2.4047194267445473,2.4047194267445473
-2.4644764542164186,2.4644764542164186
-2.5459234902022203,2.5459234902022203
-2.5402305414506774,2.5402305414506774
-2.5860038690844984,2.5860038690844984
-2.5862096231081093,2.5862096231081093
-2.6319160491268914,2.6319160491268914
-2.6101856471850162,2.6101856471850162
-25.0,2.6113924008449914
-25.0,2.620859610520508
-5.075714754133786,2.8187810959968966
-25.0,2.7243071794975897
-25.0,2.7404342556061785
-2.729332374393355,2.729332374393355
-2.9296130885208864,2.9296130885208864
-2.984362593221718,2.984362593221718
-3.0387245734731714,3.0387245734731714
-3.2555362979887814,3.2555362979887814
-3.4400597883323787,3.4400597883323787
0.542333726260404,-0.542333726260404
0.5990082302619246,-0.5990082302619246
-3.4400597883323787,3.4400597883323787
-3.4048493421071893,3.4048493421071893
-3.4394172803690637,3.4394172803690637
0.5856474728205256,-0.5856474728205256
-3.393748092041676,3.393748092041676
-3.3381963991076677,3.3381963991076677
-3.2495479722953604,3.2495479722953604
-3.231460552636623,3.231460552636623
-3.1175637087670207,3.1175637087670207
-3.0081757812922074,3.0081757812922074
-2.879399639549245,2.879399639549245
-2.7403143376169563,2.7403143376169563
-2.5745037339179877,2.5745037339179877
-2.237642741538309,2.237642741538309
-2.4568086455265625,2.4568086455265625
-2.4262926730058094,2.4262926730058094
21.38772554501652,2.5014048834240583
1.512559093060501,-1.512559093060501
-2.126680732668114,2.126680732668114
-1.9175589858916864,1.9175589858916864
-1.9723279180957103,1.9723279180957103
-2.0,2.0
-2.0,2.0
-2.0,2.0
-2.0,2.0
-2.0,2.0
-2.0,2.0
-2.0,2.0
-2.0,2.0
-25.0,0.0
0.0,0.0
0.0,0.0
0.0,0.0
0.0,0.0
0.0,0.0
2.0,-2.0
1.9999999999999982,-1.9999999999999982
0.0,0.0
0.0,0.0
0.21606648199445955,2.0000000000000004
-2.0,2.0
-2.0,2.0
-2.0,2.0
2.0,-2.0
2.0,-2.0
2.0,-2.0
2.0,-2.0
-2.0,2.0
-2.0,2.0
-2.0,2.0
-2.0,2.0
-1.9999999999999847,1.9999999999999847
-2.0,2.0
25.0,-2.0
25.0,0.0
5.047091412742379,-1.9999999999999996
25.0,0.0
23.0,2.0
2.0,-2.0
2.000000000000006,-2.000000000000006
1.8747979172814042,-1.8747979172814042
1.6992914412082194,-1.6764350724622754
1.8333362429224402,-1.8333362429224402
1.9629914150837746,-1.9629914150837746
1.9771436312540622,-1.9771436312540622
1.7500820743964143,-1.7500820743964143
1.9771436312540516,-1.9771436312540516
1.8677992529437457,-1.8677992529437457
-1.7922054771266644,1.7922054771266644
1.835266764762105,-1.835266764762105
-2.082669568328564,2.082669568328564
-2.0643006569688094,2.0643006569688094
-2.1472252088112995,2.1472252088112995
1.9771436312540622,-1.63749927922977
1.6374992792297665,-1.6297020853410107
1.6297020853410125,-1.6297020853410125
1.5499439995613304,-1.5499439995613304
-0.7226560981301748,2.352358183471189
-2.487927363729993,2.487927363729993
-2.3649003428493156,2.3649003428493156
-3.9108241068432292,2.521315056518991
1.3570881024086479,-1.3570881024086479
1.539622216425764,-1.539622216425764
-23.523583399957015,-1.4764166000427572
-24.999999999985715,-9.745093620949774e-12
-24.999999999956618,2.5795787894513786
-21.058895868795183,2.6029501744036807
-2.6115274663696955,2.6115274663696955
-2.6700512319945027,2.6700512319945027
-2.7341240447837905,2.7341240447837905
-2.7341240447837905,2.7341240447837905
-1.5091931402668841,-1.2249309045169063
1.054829130245679,-1.054829130245679
1.2094109921221694,-1.2094109921221694
1.1395896896179103,-1.1395896896179103
0.9075919296354549,-0.9075919296354549
0.8755567855354371,-0.8755567855354371
0.9387163281646931,-0.9387163281646931
0.8689676076012738,-0.8689676076012738
0.7268067248190668,-0.7268067248190668
0.8961220895399098,-0.8961220895399098
0.0,0.0
1.0557240971336714,-1.0557240971336714
0.0,0.0
1.319811911032259,-1.319811911032259
0.0,0.0
1.5185172814697872,-1.5185172814697872
1.459029122752698,-1.459029122752698
3.8169611105874885,-1.6008946285930286
-2.0,2.0
1.848442596041182,-1.848442596041182
1.8950329438699995,-1.8950329438699995
1.7647568805407796,-1.7647568805407796
1.692301169157477,-1.692301169157477
-2.0,2.0
2.037987494396674,-2.037987494396674
2.0102210362459316,-2.0102210362459316
-2.0,2.0
-2.0,2.0
-2.0,2.0
-2.000000000000001,2.000000000000001
-2.0,2.0
-2.0,2.0
-2.0,2.0
-2.0,2.0
-2.0,0.0
2.0,-2.0
2.0,-2.0
0.0,0.0
0.0,0.0
0.0,0.0
0.0,0.0
0.0,0.0
0.0,0.0
0.0,2.0
25.0,0.0
25.0,0.0
2.0,-2.0
2.0,-2.0
-2.0,2.0
25.0,-2.0
25.0,-2.0
7.263157894736849,-2.000000000000001
2.0,-2.0
2.0,-2.0
-2.0,2.0
-2.0,2.0
-2.0,2.0
2.0,-2.0
2.0,-2.0
2.0,-2.0
2.000000000000006,-2.000000000000006
2.0,-2.0
2.0,-2.0
2.0,-2.0
2.0,-2.0
1.9406395154808949,-1.9406395154808949
-2.333966274681268,2.333966274681268
1.7398272717693057,-1.7398272717693057
1.9472157302409743,-1.9472157302409743
2.0000000000000124,-2.0000000000000124
2.0000000000000058,-2.0000000000000058
2.000000000000007,-2.000000000000007
-2.1919584056754378,2.1919584056754378
-1.9206433239105571,1.9206433239105571
1.8594485428626317,-1.7456059776618305
1.8861574347992,-1.8861574347992
1.7900968139582716,-1.7900968139582716
1.8043392841941213,-1.8043392841941213
1.8861574347991983,-1.7870698314513547
1.787069831451344,-1.6858514747791906
1.6858514747791986,-1.6858514747791986
-2.3314015681334634,2.3314015681334634
1.685851474779195,-5.329070518200751e-15
-2.2732135728784773,2.2732135728784773
-2.455110228110776,2.455110228110776
-24.999999999977064,2.2931363689196402
21.09118105485735,2.626175133179661
-2.634031654915713,2.634031654915713
1.4426035139656772,-1.4426035139656772
1.4426035139656719,-1.3887565499205694
-24.99999999995849,2.463156094040343
-24.999999999985967,2.540004590713089
-25.0,2.177828279661071
-25.0,2.563752139463155
-3.421205998863339,2.235465914460251
-2.3056482332268047,2.3056482332268047
-2.3056482332268047,2.3056482332268047
-2.3056482332268047,0.0
1.5660521412505695,-1.5660521412505695
1.1366270841367854,-1.1366270841367854
0.0,0.0
0.9720844553870247,-0.9720844553870247
1.427876322594436,-1.427876322594436
1.1546962005234782,-1.1546962005234782
1.5337904152656456,-1.5337904152656456
1.5762836703205547,-1.5762836703205547
1.6609129510519498,-1.6609129510519498
0.0,0.0
1.0085527782044323,-1.0085527782044323
1.4650054566471962,-1.4650054566471962
1.993162781172341,-1.993162781172341
1.7007591742815853,-1.7007591742815853
1.573890359714584,-1.573890359714584
1.8745664144198075,-1.8745664144198075
2.0730477275616774,-2.0730477275616774
1.9873057341197526,-1.9873057341197526
0.0,0.0
2.117293678701182,-2.117293678701182
1.7382729926208276,-1.7382729926208276
1.7987179706624554,-1.7987179706624554
2.0334949089385708,-2.0334949089385708
2.021602180420831,-2.021602180420831
2.0,-2.0
2.0,-2.0
2.0,-2.0
2.0,-2.0
0.0,0.0
2.0,-2.0
2.0,-2.0
0.0,0.0
2.0,-2.0
2.0,-2.0
2.0,-2.0
0.0,0.0
0.0,0.0
0.0,0.0
0.0,0.0
0.0,0.0
0.0,2.0000000000000004
-1.8050000000000002,2.0
-0.9121635632316336,2.0
23.0,2.0
23.0,2.0
25.0,0.0
25.0,0.0
-2.0,2.0
-2.0,2.0
1.9803214579684736,-1.9803214579684736
1.9803214579684736,-1.9803214579684736
1.9803214579684736,-1.9803214579684736
1.9803214579684736,-1.9803214579684736
1.9803214579684736,-1.9803214579684736
-2.0,2.0
-2.0,2.0
-2.0,2.0
1.9803214579684736,-1.9803214579684736
1.9803214579684736,-1.9803214579684736
1.9803214579684736,-1.9803214579684736
-2.0,2.0
1.9803214579684736,-1.9803214579684736
-2.0,2.0
1.915126623045804,-1.915126623045804
1.7078447495763993,-1.7078447495763993
1.7645126265311508,-1.7645126265311508
-1.9723948788808112,1.9723948788808112
-1.8607367145258111,1.8607367145258111
-1.8474346537843953,1.8474346537843953
1.9803214579684676,-1.9803214579684676
1.815781353807954,-1.815781353807954
1.5579214096755951,-1.619886482349435
1.6106004119523742,-1.6106004119523742
2.048980818271886,-2.048980818271886
1.715113357591603,-1.715113357591603
-18.819903631694086,-2.150681371490176
24.999999999999154,-1.6153176069600264
1.9004036919189211,-1.9004036919189211
-1.938300301102709,2.1803086885960576
-2.2643131334888675,2.2643131334888675
-2.252754301622373,2.252754301622373
1.658395304425575,-1.658395304425575
-2.3934812177123757,2.3934812177123757
-24.999999999994042,2.5923418503885998
3.713986881949406,-1.606622290446719
1.5053281960971656,-1.5053281960971656
1.672527955029187,-1.672527955029187
-24.999999999975778,-2.4222401862061815e-11
-2.5808107890038148,2.5808107890038148
-24.999999999996078,2.3437165144793752
-24.999999999943153,1.8961661688681595
-2.237419315389964,2.237419315389964
-2.237419315389964,2.237419315389964
-2.237419315389964,2.237419315389964
-2.237419315389964,2.237419315389964
-2.2275841468317292,2.2275841468317292
-2.237419315389964,2.237419315389964
1.5947642947544782,-1.5947642947544782
-2.214817299010635,2.214817299010635
-2.237419315389964,2.237419315389964
-2.237419315389964,2.237419315389964
-2.237419315389964,2.237419315389964
-2.237419315389964,2.237419315389964
-2.0926263560016007,2.3142160579831503
-2.433779973564521,2.433779973564521
1.294279477684702,-1.294279477684702
-2.4374040214283124,2.4374040214283124
-2.4374040214283124,2.4374040214283124
-2.4374040214283124,2.4374040214283124
-2.4374040214283124,2.4374040214283124
-2.236794479551383,2.236794479551383
-2.0223053771428336,2.0223053771428336
-1.988779463092576,1.988779463092576
-1.8165317879615666,1.8165317879615666
2.0101482176248453,-2.0101482176248453
1.9674072372500921,-1.9674072372500921
1.9542266723661794,-1.9542266723661794
2.034175837994482,-2.034175837994482
1.9769367727226412,-1.9769367727226412
-1.9495282934377545,1.9495282934377545
-2.0,2.0
-2.0,2.0
-2.0,2.0
-2.0,2.0
-2.0,2.0
-2.0,2.0
-2.4374040214283124,1.9999999999999998
-2.0,2.0
-2.0,0.0
2.0,-2.0
0.0,0.0
0.0,0.0
0.0,0.0
0.0,0.0
2.0,-2.0
0.0,0.0
0.0,2.0000000000000004
-1.8050000000000002,2.0
-1.9809875000000006,2.0
-1.9981462812500004,2.0
3.047291675986842,2.0
23.0,2.0
25.0,0.0
25.0,-2.0
25.0,-2.0
2.0,-2.0
2.0,-2.0
2.0,-2.0
2.0,-2.0
2.0,-2.0
2.0,-2.0
2.0,-2.0
2.0,-2.0
2.0,-2.0
2.0,-2.0
2.0,-2.0
2.0,-2.0
2.000000000000006,-2.000000000000006
2.0,-2.0
-2.0934342985368186,2.0934342985368186
-2.2841310999062263,2.2841310999062263
-2.191476603596368,2.191476603596368
-2.1290136109189906,2.1290136109189906
-24.999999999994902,1.726344939576986
-1.8708000428372307,1.8708000428372307
-2.4829201565326118,2.4829201565326118
-22.081426587589306,1.9107185324340463
-2.7637393700907467,2.7637393700907467
23.02730532609826,1.9726946738538693
22.83718292800043,2.1628170719995694
-1.8161890749713105,1.8161890749713105
-2.0102422585742854,2.0102422585742854
-2.0853620427602824,2.0853620427602824
-2.122628766926992,2.122628766926992
-2.261835249143129,2.261835249143129
-24.999999999942865,2.561863115559234
22.612134731067123,2.3878652689328774
-2.373396847959441,2.373396847959441
-2.3882174491328083,2.3882174491328083
-25.0,2.2463077629806563
-2.237804946397416,2.237804946397416
-2.4183055037762333,2.4183055037762333
-25.0,2.3650682280342323
-4.59891830443256,2.5585110921867895
-24.999999999960398,2.45224608161028
-25.0,2.568526137728867
-2.591740998147861,2.591740998147861
-2.591740998147861,2.591740998147861
-2.591740998147861,2.5586638298362203
1.7321574907440969,-1.7321574907440969
-2.5586638298362203,0.0
0.0,0.0
1.6876111134842233,-1.6876111134842233
1.601950538045509,-1.601950538045509
1.6141581893484354,-1.6141581893484354
1.3876987470261604,-1.3876987470261604
1.1517910294477165,-1.1517910294477165
1.0680314697118458,-1.0680314697118458
4.142683410655598,-1.254573369158261
1.3063691044403392,-1.3063691044403392
1.408291190365036,-1.408291190365036
1.2976800994001483,-1.2976800994001483
-2.4085403925695896,2.4085403925695896
1.2562597947751328,-1.2562597947751328
-2.606519312451347,2.606519312451347
-2.5935593335528715,2.5935593335528715
1.6137795009614155,-1.6137795009614155
1.6395101145648496,-1.6395101145648496
-2.1304934935781024,2.1304934935781024
1.8358347973426374,-1.8358347973426374
1.959730908071526,-1.959730908071526
1.793725279853243,-1.793725279853243
-2.1113653120023717,2.1113653120023717
-1.9731721367951716,1.9731721367951716
-1.94484585097895,1.94484585097895
2.019513773136472,-2.019513773136472
-2.0,2.0
2.0,-2.0
2.0,-2.0
2.0,-2.0
-2.0,2.0
-2.0,2.0
-2.0,2.0
-2.606519312451347,0.0
2.0,-2.0
2.0,-2.0
2.0,-2.0
0.0,0.0
0.0,0.0
2.0,-2.0
0.0,0.0
0.0,0.0
0.0,2.0000000000000004
-1.8050000000000002,2.0
23.0,2.0
23.0,2.0
-2.0,2.0
25.0,-2.0
5.06815789473684,-2.0000000000000004
25.0,0.0
-2.0,2.0
-2.0,2.0
-2.0,2.0
-2.0,2.0
-2.0,2.0
2.0,-2.0
2.0,-2.0
2.0,-2.0
2.0,-2.0
2.0,-2.0
2.0,-2.0
2.0,-2.0
2.0,-2.0
-2.0,2.0
1.9995957257623187,-1.9995957257623187
1.9083405172887153,-1.9083405172887153
1.6490964532954524,-1.6490964532954524
-2.3521469858020128,2.3521469858020128
-2.0347837906424777,2.0347837906424777
2.0000000000000013,-2.0000000000000013
-2.065613443377149,2.065613443377149
-1.8841712142092772,1.8841712142092772
-2.075615234825678,2.075615234825678
-24.999999999983714,1.9757992874801253
0.25630463286077365,2.255275103985304
22.942029750567556,2.0579702494324437
-2.0504229898791237,2.0504229898791237
-2.112986098298821,2.112986098298821
-2.254849710697215,2.254849710697215
-2.155813861428932,2.155813861428932
-2.312224788214733,2.312224788214733
-2.3997699695261883,2.3997699695261883
-2.4726447627244603,2.4726447627244603
-2.466463305953658,2.466463305953658
-2.4970259833754813,2.4970259833754813
-2.509651454198748,2.509651454198748
-2.542392852140564,2.542392852140564
-4.8057212949140045,2.5017368669100173
-24.99999999997212,2.5161686813393764
-24.999999999953502,2.559919812986511
-25.0,2.5783821341483915
-25.0,2.4938096566750545
-2.6490807314159177,2.6490807314159177
-2.663475939301199,2.663475939301199
-2.7843116167156463,2.7843116167156463
-2.7298764233760426,2.7298764233760426
-2.844295857219736,2.844295857219736
-2.844295857219736,2.8536797554501097
-2.8527648253726485,2.8527648253726485
-2.8527648253726485,2.8527648253726485
-2.8527648253726485,2.8527648253726485
-2.8527648253726485,2.8527648253726485
-2.8527648253726485,2.8527648253726485
-2.8527648253726485,2.8527648253726485
-2.8527648253726485,2.8527648253726485
0.7330146897769598,-0.7330146897769598
-2.8527648253726485,2.8527648253726485
0.8052368766549307,-0.8052368766549307
0.9748577166746362,-0.9748577166746362
-2.8527648253726485,2.8527648253726485
-2.7874320090247,2.7874320090247
-2.7078601117019687,2.7078601117019687
1.3799564629535208,-1.3799564629535208
1.5038462622092919,-1.5038462622092919
-2.2510104416001404,2.2510104416001404
-2.509037979011775,2.509037979011775
-2.4213902362621695,2.4213902362621695
1.4333461607712956,-1.4333461607712956
-2.2767557293785745,2.2767557293785745
1.894303022004017,-1.894303022004017
-1.945407256512708,1.945407256512708
2.065959292380608,-2.065959292380608
-2.0,2.0
2.0,-2.0
2.0,-2.0
-2.0,2.0
-2.0,2.0
-2.0,2.0
-2.0,2.0
-2.8527648253726485,2.0
2.0,-2.0
2.0,-2.0
-2.0,2.0
-2.0,2.0
-2.0,2.0
-2.0,2.0
-2.0,0.0
0.0,0.0
2.0,-2.0
0.0,2.0
-1.805,2.0
23.0,2.0
-0.540405804840681,2.0000000000000018
23.0,2.0
23.0,2.0
23.0,2.0
-2.0,2.0
-2.0,2.0
-2.0,2.0
-2.0,2.0
-2.0,2.0
-2.0,2.0
-2.0,2.0
-2.0,2.0
-2.0,2.0
-2.0,2.0
-2.0,2.0
-2.0,2.0
-2.0,2.0
-2.0,2.0
-2.001773147661277,2.001773147661277
1.6085636995775214,-1.6085636995775214
1.608563699577515,-1.608563699577515
1.6085636995775214,-1.6085636995775214
1.608563699577522,-1.608563699577522
1.6085636995775223,-1.6085636995775223
1.6085636995775232,-1.6085636995775232
-2.2999622270956888,2.2999622270956888
-2.120576907016652,2.120576907016652
-1.91992570941715,1.91992570941715
1.6085636995775214,0.0
-1.931216303676175,1.931216303676175
-1.9303263859666764,1.9303263859666764
-25.0,2.182622474640752
22.53320723511853,2.466792764850368
-1.9419117260202654,1.9419117260202654
-2.485719610433664,2.485719610433664
-24.99999999994659,2.3808229272289196
20.54909022941468,2.321146686612945
-2.4240287475987365,2.4240287475987365
-2.4963342459218545,2.4963342459218545
-24.999999999999716,2.4364939070048344
-2.4085896220598997,2.4085896220598997
-2.426318550045588,2.426318550045588
-24.99999999998777,2.3854164173634764
-24.999999999966178,2.411755456975392
-25.000000000000004,2.8184718338141685
-2.688266143410205,2.4890482813555765
-2.535476739898945,2.535476739898945
-2.619253971759541,2.619253971759541
-2.6150997601539228,2.6150997601539228
-2.619253971759541,2.619253971759541
-2.619253971759541,2.619253971759541
-2.619253971759541,2.619253971759541
0.6156263389790251,-0.6156263389790251
0.4502278744745958,-0.4502278744745958
0.4276315384210694,-0.4276315384210694
0.45839113380414,-0.45839113380414
-2.619253971759541,2.619253971759541
-2.619253971759541,2.619253971759541
-2.619253971759541,2.619253971759541
0.5849197599701341,-0.5849197599701341
-2.619253971759541,2.619253971759541
0.6883887879558106,-0.6883887879558106
-2.619253971759541,2.619253971759541
0.8452478293329193,-0.8452478293329193
-2.619253971759541,2.619253971759541
1.0581963011536057,-1.0581963011536057
-2.619253971759541,2.619253971759541
-2.619253971759541,2.619253971759541
1.5844980525823473,-1.5844980525823473
1.4652497106568267,-1.4652497106568267
-2.549137923460715,2.549137923460715
-2.619253971759541,2.619253971759541
-2.562398328479558,2.562398328479558
1.7565974080951057,-1.7565974080951057
-1.9525897129198682,1.9525897129198682
2.0626781350172543,-2.0626781350172543
-2.0,2.0
-2.0,2.0
-2.0,2.0
-2.0,2.0
-2.0,2.0
-2.0,2.0
-2.619253971759541,2.0
-2.0,2.0
-1.9999999999999996,1.9999999999999996
-1.9999999999999996,1.9999999999999996
-2.0,2.0
-2.0,2.0
-2.0,0.0
2.0,-2.0
0.0,0.0
0.0,0.0
0.0,2.0000000000000004
-1.8050000000000002,1.8050000000000002
-1.8050000000000002,1.8050000000000002
-1.7839335180055549,2.0000000000000147
-2.0,2.0
-2.0,2.0
-2.0,2.0
23.0,2.0
-2.0,2.0
-2.0,2.0
-2.0,2.0
-2.0,2.0
-2.0,2.0
-2.0,2.0
25.0,-2.0
-2.0,2.0
-2.0,2.0
25.0,0.0
1.2161636476847453,2.0
23.0,2.0
-2.000933543764267,2.000933543764267
1.8309277650576399,-1.8309277650576399
1.8309277650576399,-1.8309277650576399
1.830927765057635,-1.830927765057635
-2.4133509973793754,2.4133509973793754
-2.224888358876622,2.224888358876622
-2.134127324225221,2.134127324225221
-2.071879158314064,2.071879158314064
-0.22133817497165076,2.0522659400292906
-2.0424616976893235,2.0424616976893235
-2.025291966221804,2.025291966221804
-1.9451602412335927,1.9451602412335927
-1.8236031624418683,1.8236031624418683
-2.1142521798060923,2.1142521798060923
-2.075487743068715,2.075487743068715
-2.2507737613582517,2.2507737613582517
-2.35466818263202,2.35466818263202
-2.374628847511879,2.374628847511879
-2.3605555247555667,2.3605555247555667
-2.4519039997673353,2.4519039997673353
-2.406301081907671,2.406301081907671
-2.439201528972035,2.439201528972035
-2.435505530314714,2.435505530314714
-2.4349261370825737,2.4349261370825737
-2.4489237221614815,2.4489237221614815
-24.99999999996463,2.464120487132618
-24.999999999984844,2.4729805330942867
-24.999999999999996,2.541047246072015
-5.160544739782004,2.957484553805608
-24.999999999978826,2.673335722604598
-2.6634203983377702,2.6634203983377702
-2.8059157891951845,2.8059157891951845
-2.841166628848317,2.841166628848317
-2.9484238029988283,2.9484238029988283
-2.9484238029988283,2.9484238029988283
0.6602421424431828,-0.6602421424431828
0.3933678131634295,-0.3933678131634295
0.30387364895344504,-0.30387364895344504
-2.9484238029988283,2.9484238029988283
0.2005655635322494,-0.2005655635322494
0.24707985811000377,-0.24707985811000377
0.2400968442533422,-0.2400968442533422
-2.9484238029988283,2.9484238029988283
0.3382301528658953,-0.3382301528658953
0.4743566362009375,-0.4743566362009375
0.49149039227168423,-0.49149039227168423
0.6069821453979607,-0.6069821453979607
0.7023251517454856,-0.7023251517454856
-2.9484238029988283,2.9484238029988283
-2.9484238029988283,2.9484238029988283
-2.8524944607987344,2.8524944607987344
1.349398203562881,-1.349398203562881
-2.339894286359714,2.339894286359714
-2.5436646139736423,2.5436646139736423
-2.6158811205258106,2.6158811205258106
1.2050642805864857,-1.2050642805864857
-2.7102360657568654,2.7102360657568654
-2.371044877502385,2.371044877502385
2.0188788783876075,-2.0188788783876075
2.066080255707566,-2.066080255707566
-2.0,2.0
2.0,-2.0
-2.0,2.0
-2.0,2.0
-2.0,2.0
-2.0,2.0
-2.9484238029988283,2.0
-2.0000000000000004,2.0000000000000004
-2.0000000000000004,2.0000000000000004
-2.0000000000000004,0.0
2.0,-2.0
0.0,0.0
0.0,0.0
0.0,0.0
0.0,0.0
0.0,0.0
0.0,2.0000000000000004
-1.8050000000000002,2.0
-1.9809875,2.0
0.849330556095218,2.0
-2.0,2.0
-2.0,2.0
-2.0,2.0
23.0,2.0
23.0,2.0
-2.0,2.0
-2.0,2.0
-2.0,2.0
-2.0,2.0
-2.0,2.0
-2.0,2.0
-2.0,2.0
23.0,2.0
-2.0,2.0
2.0,-2.0
2.0,-2.0
-2.012079015591459,2.012079015591459
-2.0120712125397344,2.0120712125397344
-2.0288285311511842,2.0288285311511842
24.999999999985217,-1.8131602877775492
-2.3954664521346465,2.3954664521346465
-2.20125047197196,2.20125047197196
-2.1828455852154405,2.1828455852154405
2.012975126433956,-2.012975126433956
2.012975126433954,-2.012975126433954
-2.1264150196498885,2.1264150196498885
-2.1748966003982186,2.1748966003982186
2.0129751264339517,-2.0129751264339517
2.0129751264339566,-4.884981308350689e-15
-2.0844620266937977,2.0844620266937977
-2.17624788679257,2.17624788679257
-2.14473091463546,2.14473091463546
-2.203204188475331,2.203204188475331
-2.377212764605984,2.377212764605984
-2.111883483945281,2.111883483945281
-2.4770615316117457,2.4770615316117457
-2.532375282009241,2.532375282009241
-2.687775110801697,2.687775110801697
-2.7495593834387577,2.7495593834387577
-3.6487033054028384,2.673502345494886
-2.5844676565278135,2.5844676565278135
-2.434691350282618,2.434691350282618
-24.999999999977295,2.3138455745111806
-24.999999999999996,2.3197253428669917
-24.99999999995082,2.3175251633383986
-24.999999999992582,2.5906175559330364
-2.8067489036466284,2.8067489036466284
-2.82274975029288,2.82274975029288
-2.9720009419747395,2.9720009419747395
-3.022757808781755,3.022757808781755
-3.2393360087920335,3.2393360087920335
-3.420342746314832,3.420342746314832
-3.5665126768209685,3.5665126768209685
-3.5665126768209685,3.5665126768209685
-3.5665126768209685,3.5665126768209685
-3.5665126768209685,3.5665126768209685
-3.5665126768209685,3.5665126768209685
-3.5665126768209685,3.5665126768209685
-3.5665126768209685,3.5665126768209685
0.4422104101740558,-0.4422104101740558
-3.5665126768209685,3.491108245197399
0.6369559623779644,-0.6369559623779644
-3.3152466205595896,3.3152466205595896
0.7618095235787017,-0.7618095235787017
0.9111269857282949,-0.9111269857282949
-2.999168678006921,2.999168678006921
1.1738300624250133,-1.1738300624250133
1.34528690997446,-1.34528690997446
-2.4147332099920025,2.4147332099920025
-2.489934412181203,2.489934412181203
-2.5170535498703828,2.5170535498703828
1.3409679689204883,-1.3409679689204883
-2.6318081229365906,2.6318081229365906
-2.301478085151568,2.301478085151568
-2.0417436887288503,2.0417436887288503
-1.959914256365575,1.959914256365575
-2.0,2.0
-2.0,2.0
-2.0,2.0
-2.0,2.0
-2.0,2.0
-2.0,2.0
-2.0,2.0
-2.0,2.0
-3.491108245197399,2.0
-2.0,2.0
-2.0,2.0
-2.0,2.0
-2.0,2.0
-2.0,2.0
-2.0,2.0
-2.0,0.0
0.0,2.0000000000000004
-1.8050000000000002,1.8050000000000002
3.263157894766124,2.0
23.0,2.0
25.0,0.0
-2.0,2.0
2.0,-2.0
-2.0,2.0
-2.0,2.0
-2.0,2.0
-1.9999999999999847,1.9999999999999847
2.0,-2.0
-2.0,2.0
-2.0,2.0
-2.0,2.0
-2.0,2.0
-1.9999999999999847,1.9999999999999847
-2.0,2.0
-2.0,2.0
25.0,-2.0
1.9137457121745083,-1.9137457121745083
-2.0853839554060087,2.0853839554060087
-2.090701238374456,2.090701238374456
24.999999999970726,-1.7940361199042556
1.6018152752872703,-1.6018152752872703
1.7940361199042556,-1.7940361199042556
-2.1157997530143846,2.1157997530143846
1.794036119904256,6.661338147750939e-16
-1.7514712296294679,1.7514712296294679
-1.9666407088400302,1.9666407088400302
-2.2171948309338125,2.2171948309338125
-2.4780524328911167,2.4780524328911167
-2.6390322350663187,2.6390322350663187
-1.7640645119398428,1.7640645119398428
-1.8785281260953592,1.8785281260953592
-1.9516755749322812,1.9516755749322812
-2.4094530315823093,2.4094530315823093
-2.18338616288791,2.18338616288791
-2.2440040752929455,2.2440040752929455
-2.423795223093407,2.423795223093407
-2.7307246853629685,2.7307246853629685
-2.574265791381478,2.574265791381478
-2.4822558739870466,2.4822558739870466
-25.0,0.0
-2.6465687651153473,2.6465687651153473
-2.6168480382073334,2.6168480382073334
-25.0,2.1572680248350906
-25.0,2.4093305890038366
-2.578364462023666,2.578364462023666
-2.4793816291295574,2.4793816291295574
-24.566598613838934,2.458175079456389
-2.4581750794563906,2.4581750794563906
-2.4581750794563906,2.4581750794563906
-2.4581750794563906,2.4581750794563906
-2.4581750794563906,2.4581750794563906
1.253518090853099,-1.253518090853099
-2.4581750794563906,2.4581750794563906
1.2869234557668214,-1.2869234557668214
1.289959274336109,-1.289959274336109
0.7198565306226126,-0.7198565306226126
-2.4581750794563906,2.4581750794563906
0.6057861212422857,-0.6057861212422857
0.593897830479083,-0.593897830479083
0.5336756474384856,-0.5336756474384856
0.5978134684008776,-0.5978134684008776
0.8434118218031799,-0.8434118218031799
1.1402763778930414,-1.1402763778930414
1.283216727605204,-1.283216727605204
1.3907112131449093,-1.3907112131449093
1.3163525926168305,-1.3163525926168305
1.370197032072685,-1.370197032072685
1.5218390097712717,-1.5218390097712717
-2.2735045317891727,2.2735045317891727
1.7591989973139377,-1.7591989973139377
1.752185688386314,-1.752185688386314
1.6414714048359622,-1.6414714048359622
1.6413704212660898,-1.6413704212660898
1.8763405695129995,-1.8763405695129995
2.0368281556784926,-2.0368281556784926
1.9955052449730126,-1.9955052449730126
-2.0,2.0
-2.4581750794563897,1.9999999999999991
-2.0,2.0
-2.0,2.0
-2.0,2.0
-2.0,2.0
-2.0,2.0
-2.0,2.0
-2.0,2.0
-2.0,2.0
-2.0,2.0
-2.0,2.0
-2.0,2.0
-2.0,2.0
-2.0,2.0
-2.0,0.0
