Bid_Action,Ope_Action
0.0,0.0
4.999999999999998,-4.999999999999998
0.0,0.0
5.0,-5.0
5.0,-5.0
4.999999999958367,-4.999999999958367
25.0,-5.0
25.0,-5.0
4.999999999999998,-4.999999999999998
5.0,-5.0
5.0,-5.0
25.0,-5.0
4.999999999999998,-4.999999999999998
5.0,-5.0
5.0,-5.0
5.0,-5.0
5.0,-5.0
25.0,-5.0
4.999999999958367,-4.999999999958367
4.999999999999998,-4.999999999999998
5.0,-5.0
4.999999999999998,-4.999999999999998
5.0,-5.0
25.0,-5.0
5.2631578947368425,-5.0
4.999999999999998,-4.999999999999998
5.0,-5.0
5.000000000000009,-4.997845683894082
4.964288791851772,-4.918225544019154
4.951782436061495,-4.951782436061495
4.823991949185876,-4.823991949185876
-4.888130559082407,4.888130559082407
-4.697969818737521,4.697969818737521
4.951782436061447,-4.951782436061447
-4.830574815646919,4.830574815646919
-20.152257977474807,-4.847742022525193
-4.961369050919046,4.961369050919046
-4.634803333487838,4.634803333487838
-4.340856255846317,4.340856255846317
-25.0,5.149386888353877
-5.116850928862023,5.116850928862023
-5.120238612057579,5.120238612057579
-25.0,4.544226120490972
-4.953986520814078,4.953986520814078
-25.0,5.407910507552511
-4.8441599459576326,4.8441599459576326
-4.921602036677031,4.921602036677031
-4.5892411246297815,4.5892411246297815
-5.5233777333278695,4.964030914706146
-4.764159499610253,4.764159499610253
4.971857456944898,-4.971857456944898
-4.848891972927112,4.848891972927112
4.714861214240581,-4.714861214240581
5.446087977290007,-5.446087977290007
5.098833250981231,-5.098833250981231
-4.987418393914892,4.987418393914892
-4.883967353627597,4.883967353627597
-5.034373860463528,5.034373860463528
5.090622497816483,-5.090622497816483
5.149126066727318,-5.149126066727318
-5.073193049230197,5.073193049230197
5.101335750072128,-5.101335750072128
4.70042837419684,-4.70042837419684
5.2052141559828575,-5.2052141559828575
5.0745818099961815,-5.0745818099961815
4.972332484052044,-4.972332484052044
-5.010340717554913,5.010340717554913
5.0,-5.0
-5.0,5.0
-5.0,5.0
5.0,-5.0
-5.0,5.0
5.0,-5.0
4.999999999999998,-4.999999999999998
-5.0,5.0
-5.0,5.0
-5.0,5.0
-5.0,5.0
-5.0,5.0
-5.0,5.0
-5.0,5.0
-5.0,5.0
-5.0,5.0
-5.0,5.0
-5.0,5.0
-5.0,5.0
4.999999999999998,-4.999999999999998
5.0,-5.0
4.999999999999998,-4.999999999999998
-5.0,5.0
-5.0,5.0
-5.073193049230197,5.0
4.999999999979183,-4.999999999979183
5.0,-5.0
4.999999999958367,-4.999999999958367
0.0,-5.0
5.0,-5.0
5.0,-5.0
5.0,-5.0
5.0,-5.0
5.0,-5.0
4.999999999958367,-4.999999999958367
10.54016620498615,-5.000000000000001
5.0,-5.0
4.999999999999998,-4.999999999999998
5.0,-5.0
5.0,-5.0
5.0,-5.0
4.999999999999998,-4.999999999999998
5.0,-5.0
-5.0,5.0
5.0,-5.0
5.0,-5.0
-5.0,5.0
-5.0,5.0
-5.0,5.0
-5.0,5.0
-5.0,5.0
5.0,-5.0
25.0,-5.0
25.0,-4.9999999999999964
4.999999999999998,-4.999999999999998
5.0,-5.0
4.993321620117904,-4.993321620117904
4.862985492397403,-4.862985492397403
4.859149300143468,-4.859149300143468
5.003083391297902,-5.003083391297902
4.9181353022806835,-4.9181353022806835
5.062338893337215,-5.062338893337215
5.192158952733733,-5.192158952733733
5.033731668073873,-5.033731668073873
-25.0,5.326076262690986
-5.1519509243076635,5.1519509243076635
-5.5805737931882735,5.5805737931882735
-4.604780602591177,4.604780602591177
-5.131934087317058,5.131934087317058
-5.238047938112421,5.238047938112421
-4.9335468151246324,4.9335468151246324
-21.187541078853933,4.86541856528401
-4.966779561248606,4.966779561248606
-4.644803547068086,4.644803547068086
-4.737936906677346,4.737936906677346
-5.103953749121064,5.103953749121064
-4.896275357353083,4.896275357353083
-5.059360351386468,5.059360351386468
4.826259977050475,-4.826259977050475
5.1022789997294655,-5.1022789997294655
-5.031623004905478,5.031623004905478
-4.90735420168903,4.90735420168903
4.6446946741568205,-4.6446946741568205
-5.103953749121064,5.103953749121064
5.2093039116692665,-5.2093039116692665
-5.068063557241172,4.995478460658973
4.896509513005725,-4.896509513005725
-5.031368652538864,5.031368652538864
-4.728389067932758,4.728389067932758
-4.942639123297003,4.911270470758138
-5.0,5.0
4.946665054211515,-4.946665054211515
5.279133024621511,-5.279133024621511
-5.0,5.0
-5.0,5.0
5.0168545029703555,-5.0168545029703555
5.0,-5.0
-5.0,5.0
4.999999999999998,-4.999999999999998
5.0,-5.0
4.999999999999998,-4.999999999999998
-5.0,5.0
-5.0,5.0
5.0,-5.0
-5.0,5.0
-5.0,5.0
-5.0,5.0
-5.0,5.0
-5.0,5.0
-5.0,5.0
4.999999999979183,-4.999999999979183
-5.0,5.0
-5.0,5.0
-5.0,5.0
-5.0,5.0
4.999999999999998,-4.999999999999998
-5.0,5.0
-5.0,5.0
5.0,-5.0
-5.0,5.0
-5.0,5.0
-5.0,5.0
-5.0,5.0
-5.0,5.0
-5.0,0.0
5.0,-5.0
5.0,-5.0
5.0,-5.0
5.0,-5.0
5.0,-5.0
5.0,-5.0
5.0,-5.0
10.644037579767218,-5.0
5.0,-5.0
5.0,-5.0
-5.0,5.0
5.0,-5.0
-5.0,5.0
-5.0,5.0
-5.0,5.0
-5.0,5.0
5.0,-5.0
5.0,-5.0
5.0,-5.0
5.0,-5.0
5.0,-5.0
5.0,-5.0
5.0,-5.0
5.0,-5.0
-5.0,5.0
-5.0,5.0
5.0,-5.0
-5.01594193915292,5.01594193915292
4.798657861277273,-4.798657861277273
4.82870117595872,-4.82870117595872
-5.093743915739915,5.093743915739915
-5.061567946895975,5.061567946895975
5.069653732893005,-5.069653732893005
4.755910088672664,-4.755910088672664
-5.037150277487701,5.037150277487701
4.561858798511623,-4.561858798511623
-4.961045903495456,4.961045903495456
-4.729823192411771,4.729823192411771
-4.871177468929629,4.871177468929629
-5.093743915739915,5.093743915739915
-4.755839400173752,4.755839400173752
-4.832893335296455,4.832893335296455
-4.932342901627563,4.932342901627563
-4.984719608010058,4.984719608010058
-5.093743915739916,5.093743915739916
-4.9565019584248615,4.9565019584248615
-5.093743915739916,5.093743915739916
-5.093743915739915,5.093743915739915
-5.033105144964032,4.967028233289415
-4.931867647701853,4.931867647701853
4.764577003556944,-4.764577003556944
5.131729280014412,-5.131729280014412
4.590389812737078,-4.590389812737078
-4.961385460749151,4.961385460749151
4.707141651471163,-4.707141651471163
-4.974845939464728,4.974845939464728
-5.027667004065298,5.027667004065298
-5.0276670040652975,5.0276670040652975
-5.027667004065298,5.027667004065298
4.912455134262201,-4.912455134262201
-4.707807038524525,4.707807038524525
-5.0276670040652975,5.0276670040652975
-5.027667004065298,5.027667004065298
-4.9276544238225854,4.9276544238225854
-4.911383741977235,4.911383741977235
-5.0276670040652975,5.0276670040652975
-5.0,5.0
-5.0,5.0
-4.999999999999999,4.999999999999999
5.0,-5.0
-5.0,5.0
-4.999999999999998,4.999999999999998
5.0,-5.0
-5.0,5.0
-4.999999999999993,4.999999999999993
5.0,-5.0
-4.9999999999989315,4.9999999999989315
5.0,-5.0
-5.0,5.0
5.0,-5.0
-5.0,5.0
5.0,-5.0
5.0,-5.0
5.0,-5.0
5.0,-5.0
5.0,-5.0
5.0,-5.0
5.0,-5.0
-5.0,5.0
-5.0,5.0
-4.999999999999999,4.999999999999999
-5.0276670040652975,4.999999999999999
-5.0,5.0
-5.0,5.0
5.0,-5.0
0.0,-5.0
5.0,-5.0
4.999999999999998,-4.999999999999998
5.0,-5.0
5.0,-5.0
0.0,0.0
0.0,0.0
0.0,0.0
0.8500794659991957,5.0
-5.0,5.0
-5.0,5.0
-5.0,5.0
-5.0,5.0
-5.0,5.0
5.0,-5.0
5.0,-5.0
5.0,-5.0
5.0,-5.0
5.0,-5.0
4.999999999958367,-4.999999999958367
4.999999999999998,-4.999999999999998
5.0,-5.0
4.999999999999998,-4.999999999999998
5.0,-5.0
4.999999999999998,-4.999999999999998
5.0,-5.0
4.999999999999998,-4.999999999999998
5.0,-5.0
-5.043517188020538,5.043517188020538
4.863291549535193,-4.863291549535193
-5.168702362894355,5.168702362894355
4.902766628560516,-4.902766628560516
-5.040034936275833,5.040034936275833
-4.974440585104862,4.974440585104862
4.947604359198154,-4.947604359198154
5.088462553929013,-5.088462553929013
-5.022471684459466,5.022471684459466
4.959608465493057,-4.959608465493057
-5.279696718064274,5.279696718064274
-5.279696718064274,5.279696718064274
-4.921549335876501,4.778077875701546
-5.0790966433970235,5.0790966433970235
-5.136225257889316,5.136225257889317
-5.105621871465889,5.105621871465889
-4.813820063536844,4.813820063536844
-5.136225257889318,5.136225257889318
-5.085428628801666,5.085428628801666
-4.814750059100634,4.814750059100634
-5.110794123685283,5.110794123685283
-5.112509582078487,5.112509582078487
-5.114938868081225,5.114938868081225
-5.126903843242801,5.126903843242801
-4.927171911702795,4.927171911702795
-5.136225257889317,5.136225257889317
-5.136225257889317,5.136225257889317
-4.972778616446324,4.972778616446324
-5.136225257889316,5.136225257889316
-4.905845444040409,4.905845444040409
-5.136225257889317,5.136225257889317
-5.136225257889317,5.136225257889317
5.1774071466173375,-5.1774071466173375
-4.924599828620783,4.924599828620783
-5.136225257889317,5.136225257889317
-5.136225257889316,5.136225257889316
5.159979433686159,-5.159979433686159
5.080850404542706,-5.080850404542706
4.926537820680583,-4.926537820680583
-5.0,5.0
-5.0,5.0
-5.0,5.0
-5.0,5.0
5.0,-5.0
-5.0,5.0
5.0,-5.0
4.999999999999998,-4.999999999999998
-5.0,5.0
-5.0,5.0
-5.0,5.0
-5.0,5.0
-5.0,5.0
-5.0,5.0
-5.0,5.0
-5.0,5.0
-5.0,5.0
-5.0,5.0
-5.0,5.0
5.0,-5.0
-5.0,5.0
-5.0,5.0
-5.0,5.0
-5.0,5.0
-5.0,5.0
4.863774742110683,-5.0
4.999999999979183,-4.999999999979183
-5.0,5.0
-5.0,5.0
-5.0,0.0
0.0,0.0
0.0,0.0
5.0,-5.0
0.0,0.0
5.0,-5.0
0.0,0.0
0.0,0.0
5.0,-5.0
5.0,-5.0
5.0,-5.0
5.0,-5.0
0.0,5.0
-4.5125,4.5125
-4.5125,4.5125
5.0,-5.0
5.0,-5.0
5.0,-5.0
5.0,-5.0
4.999999999958367,-4.999999999958367
4.999999999999998,-4.999999999999998
25.0,-5.0
4.999999999999998,-4.999999999999998
19.590378291807276,-5.0
4.999999999999998,-4.999999999999998
25.0,-5.0
25.0,-5.0
25.0,-5.0
4.999999999958367,-4.999999999958367
-5.002369747824363,5.002369747824363
4.939473665590643,-4.939473665590643
-4.980432105981549,4.980432105981549
-4.886910709115716,4.886910709115716
-4.98035932680717,4.98035932680717
4.983524688362178,-4.983524688362178
5.672779602929572,-5.672779602929574
-20.294308803939284,-4.7056911960554615
-5.4903599632561155,5.4903599632561155
-4.733922020840787,4.733922020840787
-4.6299794745845055,4.6299794745845055
-25.0,4.796386670279858
-5.043307750660659,5.043307750660659
-25.0,4.749759873693794
-24.03455621048504,4.72844224209377
-4.8710244157065405,4.8710244157065405
-4.853565303196605,4.853565303196605
-5.086945906938995,5.086945906938995
-5.0859086163322145,5.0859086163322145
-4.6595073859887925,4.6595073859887925
-4.432708386412822,4.432708386412822
-5.120348983943709,5.120348983943709
-5.1203489839437095,5.1203489839437095
-4.793180915296901,4.793180915296901
5.222378128231159,-5.222378128231159
-5.1203489839437095,5.1203489839437095
-5.005810342151522,5.005810342151522
-4.9191686482167665,4.9191686482167665
4.893331212930825,-4.893331212930825
4.871542745436275,-4.871542745436275
-5.1203489839437095,5.1203489839437095
-5.106597940783434,5.106597940783437
-5.120348983943712,5.120348983943712
-4.924427683191517,4.924427683191517
-5.067425940669526,5.067425940669526
-5.120348983943713,5.120348983943713
-5.0213513979811975,5.0213513979811975
4.933076215910346,-4.933076215910346
-4.894449127675837,4.894449127675837
-5.0,5.0
-5.0,5.0
-5.0,5.0
-5.0,5.0
-5.0,5.0
-5.0,5.0
4.999999999999998,-4.999999999999998
5.0,-5.0
4.999999999999998,-4.999999999999998
5.0,-5.0
4.999999999999998,-4.999999999999998
5.0,-5.0
4.999999999999998,-4.999999999999998
5.0,-5.0
-5.0,5.0
-5.0,5.0
-5.0,5.0
4.999999999999998,-4.999999999999998
5.0,-5.0
4.999999999999998,-4.999999999999998
5.0,-5.0
-5.0,5.0
5.0,-5.0
-5.0,5.0
-5.120348983943712,5.0
-5.0,5.0
-5.0,5.0
-5.0,5.0
-5.0,0.0
0.0,0.0
0.0,0.0
0.0,0.0
0.0,0.0
5.0,-5.0
5.0,-5.0
5.0,-5.0
5.0,-5.0
5.0,-5.0
5.0,-5.0
0.0,0.0
5.0,-5.0
5.0,-5.0
5.0,-5.0
5.0,-5.0
5.0,-5.0
5.0,-5.0
5.0,-5.0
5.0,-5.0
5.0,-5.0
5.0,-5.0
5.0,-5.0
11.03433322041608,-5.000000000000001
5.0,-5.0
5.0,-5.0
5.0,-5.0
5.0,-5.0
4.9825500378933745,-4.9825500378933745
4.780259732234743,-4.780259732234743
4.702245802327591,-4.702245802327591
4.767065854087225,-4.767065854087225
-5.202997487730748,5.202997487730748
-5.279537984515382,5.279537984515382
-5.168167623334516,5.168167623334516
4.687369068490188,-4.687369068490188
4.686855630152119,-4.686855630152119
-5.445985731425512,5.445985731425512
-5.244424419402541,5.244424419402541
-5.344624735460915,5.344624735460915
-5.319867982159433,5.319867982159433
-5.3493665452137265,5.3493665452137265
-5.41373094806102,5.41373094806102
-5.382891196969362,5.382891196969362
-5.4375908410325735,5.4375908410325735
-5.445985731425512,5.445985731425512
-5.445985731425512,5.445985731425512
-5.355145961146976,5.355145961146976
4.656190706865802,-4.656190706865802
4.520232108715679,-4.520232108715679
4.478109968280051,-4.478109968280051
-5.445985731425512,5.445985731425512
-5.445985731425512,5.445985731425512
-5.445985731425512,5.445985731425512
-5.445985731425512,5.445985731425512
-5.4029806159008125,5.4029806159008125
-5.445985731425512,5.445985731425512
-5.445985731425512,5.445985731425512
4.447775766185066,-4.447775766185066
4.572361089778331,-4.572361089778331
4.514610479610357,-4.514610479610357
4.10628972630524,-4.552275457730752
-5.0,5.0
-5.0,5.0
-5.0,5.0
-5.0,5.0
4.946519180289098,-4.946519180289098
-5.0,5.0
5.013524458809957,-5.013524458809957
-5.0,5.0
-4.999999999999993,4.999999999999993
-5.0,5.0
-5.0,5.0
-5.0,5.0
-5.0,5.0
-4.999999999999993,4.999999999999993
-5.0,5.0
-5.0,5.0
-5.0,5.0
-5.0,5.0
5.0,-5.0
-5.0,5.0
-5.0,5.0
-5.0,5.0
-5.0,5.0
-5.0,5.0
-5.0,5.0
-5.0,5.0
-5.0,5.0
-5.0,5.0
-5.0,5.0
-5.0,5.0
-5.0,5.0
-5.0,5.0
-5.0,5.0
-5.0,5.0
0.0,-5.0
5.0,-5.0
4.999999999999998,-4.999999999999998
5.0,-5.0
5.0,-5.0
0.0,0.0
0.0,0.0
5.0,-5.0
25.0,-5.0
4.999999999999998,-4.999999999999998
5.0,-5.0
5.0,-5.0
25.0,-5.0
4.999999999999998,-4.999999999999998
-5.0,5.0
4.999999999979183,-4.999999999979183
25.0,-5.0
4.999999999958367,-4.999999999958367
-5.0,5.0
4.999999999958367,-4.999999999958367
25.0,-5.0
-5.0,5.0
-5.0,5.0
5.0,-5.0
-5.0,5.0
-5.0,5.0
-5.0,5.0
-5.0,5.0
19.978672270042992,5.021327729957008
0.2631578947368421,0.0
-5.297417125561254,5.297417125561254
-5.132995203734857,5.132995203734857
-5.063219974984349,5.063219974984349
-5.217658093060601,5.217658093060601
-5.257829357155763,5.257829357155763
-25.0,5.099256750827383
-25.0,5.199210288286885
-5.296889170835016,5.296889170835016
-5.194869888224315,5.194869888224315
-25.0,5.119604940156631
-25.0,5.11936321073625
-5.074643899112971,5.074643899112971
-5.031127554265793,5.031127554265793
-15.534800149980779,5.311608788438511
-5.0879327057608394,5.0879327057608394
-4.902720002552864,4.902720002552864
-5.314243828464865,5.314243828464865
-5.196287445086396,5.196287445086396
-5.053064972525906,5.053064972525906
-5.314243828464865,5.175415403488436
-5.1754154034884365,5.053903136155843
-5.053903136155843,5.053903136155843
-5.053903136155841,5.053903136155841
4.772749730096163,-4.772749730096163
4.892665194730152,-4.892665194730152
4.955553975162688,-4.955553975162688
4.727942688996558,-4.727942688996558
4.788127003198452,-4.788127003198452
5.003636670810023,-5.003636670810023
4.689279866976363,-4.689279866976363
5.058623486900059,-5.058623486900059
4.620353531360096,-4.674256667515939
5.109955328908032,-5.109955328908032
4.826429440103666,-4.826429440103666
4.681092466262145,-4.681092466262145
5.096373827694361,-5.096373827694361
5.000681875776878,-5.000681875776878
-5.000000000000004,5.000000000000004
5.0,-5.0
-5.0,5.0
4.999999999999998,-4.999999999999998
-5.0,5.0
4.999999999999998,-4.999999999999998
5.0,-5.0
4.999999999999998,-4.999999999999998
5.0,-5.0
-5.0,5.0
5.0,-5.0
4.999999999999998,-4.999999999999998
-5.0,5.0
4.999999999999998,-4.999999999999998
5.0,-5.0
4.999999999979183,-4.999999999979183
4.999999999999998,-4.999999999999998
5.0,-5.0
-5.0,5.0
-5.0,5.0
4.999999999999998,-4.999999999999998
-5.0,5.0
-5.0,5.0
-5.0,5.0
-5.0,5.0
-5.0,5.0
-5.0,5.0
5.0,-5.0
0.0,-5.0
5.0,-5.0
5.0,-5.0
5.0,-5.0
5.0,-5.0
0.5401662049861491,5.0
-5.0,5.0
-5.0,5.0
-5.0,5.0
-5.0,5.0
-5.0,5.0
-5.0,5.0
-5.0,5.0
-5.0,5.0
-5.0,5.0
5.0,-5.0
5.0,-5.0
5.0,-5.0
5.0,-5.0
5.0,-5.0
5.0,-5.0
5.0,-5.0
-5.0,5.0
-5.0,5.0
-5.0,5.0
-5.0,5.0
25.0,-0.2770083102493075
20.0,5.0
-5.0,5.0
25.0,0.0
25.0,0.0
-5.236626239346107,5.236626239346107
0.0,0.0
0.0,0.0
0.0,0.0
0.0,0.0
0.0,0.0
0.0,-4.6218691934447405
5.12118470187782,-5.12118470187782
4.980837105322127,-4.980837105322127
4.7360661860454645,-4.7360661860454645
-19.943349479596318,-5.056650520403682
-5.096058727398994,5.096058727398994
-25.0,5.02232620500412
-25.0,5.22214933733067
-25.0,5.176353288393621
-5.013694634369294,5.013694634369294
-4.7833668901736015,4.7833668901736015
-5.272621556700104,5.272621556700104
-4.888122827527837,4.888122827527837
-5.197674706877516,5.197674706877516
-5.328924314935036,5.328924314935036
-5.150093773342983,5.150093773342983
-4.9310408447235226,4.9310408447235226
-5.11411017166096,5.11411017166096
-5.1614714659310215,5.1614714659310215
-5.345751333412302,5.345751333412302
-5.051027629003734,5.051027629003734
5.153874976887385,-5.153874976887385
4.779181752349711,-4.779181752349711
4.456209156564019,-4.456209156564019
5.230170588515078,-5.230170588515078
4.8619851239083545,-4.8619851239083545
-5.798959637283678,5.0
4.990097298679407,-4.990097298679407
4.803494493517411,-4.803494493517411
5.04587107657372,-5.04587107657372
4.891553132890288,-4.891553132890288
4.979012059046091,-4.979012059046091
5.023282720773922,-5.023282720773922
5.0,-5.0
5.0,-5.0
5.0,-5.0
5.0,-5.0
5.0,-5.0
5.0,-5.0
5.0,-5.0
5.0,-5.0
5.0,-5.0
5.0,-5.0
5.0,-5.0
-5.0,5.0
-5.0,5.0
-4.999999999999993,4.999999999999993
-4.999999999999993,4.999999999999993
5.0,-5.0
-5.0,5.0
-5.0,5.0
-5.0,5.0
-5.0,5.0
-5.0,5.0
-5.0,5.0
-5.0,5.0
-5.0,5.0
-5.0,5.0
-5.0,5.0
-5.0,5.0
0.0,-5.0
5.0,-5.0
5.0,-5.0
5.0,-5.0
5.0,-5.0
5.0,-5.0
0.0,0.0
0.0,5.0
-4.5125,5.0
-4.9524687499999995,5.0
-4.99486504501385,5.0
-5.000000000000001,5.000000000000001
-5.0,5.0
-5.0,5.0
-5.0,5.0
-5.0,5.0
-5.0,5.0
-5.0,5.0
-4.999999999999999,4.999999999999999
25.0,-5.0
25.0,-5.0
5.0,-5.0
5.0,-5.0
14.722991689750694,-5.0
-5.0,5.0
-5.0,5.0
-5.0,5.0
20.0,5.0
-5.041362870219652,5.041362870219652
19.721800269673153,5.278199730326847
-5.219711057478737,5.219711057478737
-4.971175975635089,4.971175975635089
-4.940848716160532,4.940848716160532
-5.08154581054008,5.08154581054008
-5.033007742107351,5.033007742107351
-4.901114363791898,4.901114363791898
-25.0,5.1254632495038415
-5.074961681784411,5.074961681784411
5.398823248558636,-5.398823248558636
5.6622426774541355,-5.6622426774541355
-25.0,0.0
-5.085851813074162,5.085851813074162
-25.0,5.141707087865097
-5.25031617955727,5.25031617955727
-4.741032684241241,4.741032684241241
-9.610620608666348,4.639448893275614
-25.0,4.892584407874253
-5.1419936287446095,5.1419936287446095
-5.188583029852459,5.188583029852459
4.905942640726411,-4.905942640726411
4.860666026026899,-4.860666026026899
4.974536361709413,-4.974536361709413
4.97760310649697,-4.97760310649697
-4.5720600325106515,4.5720600325106515
4.9154294159685925,-4.9154294159685925
5.011290594259024,-5.011290594259024
4.938505423979014,-4.938505423979014
-4.508430285134178,4.508430285134178
-4.934179540304612,4.934179540304612
4.328670379125647,-4.328670379125647
5.2792479723256545,-5.2792479723256545
5.067291979652619,-5.067291979652619
-4.219676918720647,4.219676918720647
-4.927597304990881,4.927597304990881
4.97824340544469,-4.97824340544469
-4.869307773912126,4.869307773912126
5.027256254442646,-5.027256254442646
-4.9551862233751764,4.9551862233751764
5.0,-5.0
5.0,-5.0
5.0,-5.0
-5.0,5.0
5.0,-5.0
5.0,-5.0
-4.999999999999993,4.999999999999993
-5.0,5.0
-5.0,5.0
-5.0,5.0
-5.0,5.0
5.0,-5.0
-5.0,5.0
-5.0,5.0
-5.0,5.0
-5.0,5.0
-5.0,5.0
5.0,-5.0
5.0,-5.0
-5.0,5.0
-5.0,5.0
-5.0,5.0
-5.0,5.0
-5.0,5.0
5.0,-5.0
-5.0,5.0
5.0,-5.0
-5.188583029852459,4.9999999999527125
-4.9999999999527125,0.0
0.0,0.0
4.999999999999998,-4.999999999999998
5.0,-5.0
5.0,-5.0
0.0,0.0
5.0,-5.0
4.999999999999998,-4.999999999999998
20.21486394964656,-5.0
4.999999999999998,-4.999999999999998
-5.0,5.0
5.0,-5.0
4.999999999999999,-4.999999999999999
4.999999999999998,-4.999999999999998
5.0,-5.0
5.0,-5.0
-5.0,5.0
5.0,-5.0
5.0,-5.0
5.0,-5.0
4.999999999999998,-4.999999999999998
4.999999999999999,-4.999999999999999
-5.0,5.0
-5.0,5.0
-5.0,5.0
-5.0,5.0
4.999999999999998,-4.999999999999998
25.0,-5.0
25.0,-4.979103134096281
25.0,0.0
25.0,-4.878834469221772
4.90623154840834,-4.90623154840834
4.906231548408346,-4.906231548408346
-4.967933614108051,4.967933614108051
-5.1047625644010095,5.1047625644010095
4.815584751420359,-4.815584751420359
-19.662226999754914,-5.337773000245086
-5.002168622163006,5.002168622163006
-5.060675662384055,5.060675662384055
-25.0,4.513830697106748
-25.0,5.246405275240313
-5.019107038140787,5.019107038140787
-25.0,5.295721863882026
-5.302108759102787,5.302108759102785
-5.06698303304354,5.06698303304354
-4.954593368954278,4.954593368954278
-5.0321045703043055,5.0321045703043055
-4.835534371222267,4.835534371222267
-4.87895667512,4.87895667512
-4.799328605686525,4.799328605686525
-5.136619409385474,5.136619409385474
-4.85023000522792,4.85023000522792
-4.724068075650022,4.724068075650022
-5.29288390999496,5.29288390999496
-4.873511767261955,4.873511767261955
-5.208231907960343,5.208231907960343
-4.938162079841448,4.938162079841448
-4.323209692584808,4.323209692584808
-5.057203089875073,5.057203089875073
-4.648438955583487,4.648438955583487
-5.082162757037267,5.082162757037267
-5.038888772757783,5.038888772757783
-4.668333823356106,4.668333823356106
-5.052624589489167,5.052624589489167
-5.14207007646274,5.14207007646274
-4.965166585400138,4.965166585400138
5.142131968345993,-5.142131968345993
-4.973036139342015,4.973036139342015
-5.0,5.0
-5.0,5.0
-5.0,5.0
-5.0,5.0
-5.0,5.0
-5.0,5.0
-5.0,5.0
-5.0,5.0
4.999999999999998,-4.999999999999998
5.0,-5.0
-5.0,5.0
-5.0,5.0
5.0,-5.0
5.0,-5.0
5.0,-5.0
4.999999999999998,-4.999999999999998
4.999999999999999,-4.999999999999999
4.999999999999998,-4.999999999999998
5.0,-5.0
4.999999999999998,-4.999999999999998
4.999999999999999,-4.999999999999999
4.999999999999998,-4.999999999999998
5.0,-5.0
5.0,-5.0
-5.628083863790567,0.0
0.0,0.0
0.0,0.0
0.0,0.0
5.0,-5.0
0.0,0.0
5.0,-5.0
5.0,-5.0
5.0,-5.0
5.0,-5.0
5.0,-5.0
5.0,-5.0
5.0,-5.0
5.0,-5.0
5.0,-5.0
5.0,-5.0
10.540166204986148,-5.0
5.0,-5.0
5.0,-5.0
5.0,-5.0
-4.999999999999999,4.999999999999999
-5.0,5.0
-5.0,5.0
-4.999999999999993,4.999999999999993
20.0,5.0
-5.0,5.0
25.0,-5.0
-5.0,5.0
25.0,0.0
5.0,-5.0
-5.0,5.0
-5.0,5.0
-5.019388845415462,5.019388845415462
12.327736037395379,-4.765409167589294
4.697858736810662,-4.697858736810662
5.013908751094788,-5.013908751094788
4.660564399949064,-4.660564399949064
-5.594150087436624,5.594150087436624
-5.070256163002025,5.070256163002025
-4.794583640197155,4.794583640197155
-4.765731371990046,4.7657313719900465
-4.990719609928745,4.990719609928745
-5.0269152771075,5.0269152771075
-5.115422958069299,5.115422958069299
-5.144744799876313,5.144744799876313
-5.034907495515572,5.034907495515572
-4.968193962374128,4.968193962374128
-5.043299230171952,5.043299230171952
-4.998741492260468,4.998741492260468
-4.978166721046319,4.978166721046319
-4.932915352239273,4.932915352239273
-4.996983115850064,4.996983115850064
-4.871851218684869,4.871851218684869
4.891991129401255,-4.891991129401255
-5.043325738359043,5.0433257383590435
-5.05191944015517,5.05191944015517
-4.972250346146431,4.972250346146431
-5.203223122894682,5.203223122894682
4.996480722589953,-4.996480722589953
-4.993179822149757,4.993179822149757
-5.096488538718262,5.096488538718262
-5.118904366640644,5.118904366640644
-5.363871572731243,5.363871572731243
-5.004714039271099,5.004714039271099
-5.008410669075731,5.008410669075731
-4.956507638750669,4.956507638750669
5.17075690518077,-5.17075690518077
-5.250442093445956,5.250442093445956
4.400706061973011,-4.400706061973011
-5.176936152935981,5.176936152935981
-4.949432398493083,4.949432398493083
-4.996528867295824,4.996528867295824
-5.0146493494585584,5.0146493494585584
-4.999999999999993,4.999999999999993
5.0,-5.0
-5.0,5.0
-5.0,5.0
-5.0,5.0
-5.0,5.0
-5.0,5.0
5.0,-5.0
-5.0,5.0
-5.0,5.0
-4.999999999999993,4.999999999999993
5.0,-5.0
-4.999999999999993,4.999999999999993
-4.999999999999993,4.999999999999993
-5.0,5.0
5.0,-5.0
-5.0,5.0
5.0,-5.0
5.0,-5.0
-5.0,5.0
5.0,-5.0
5.0,-5.0
-5.0,5.0
-5.0,5.0
-5.0,5.0
-25.0,0.0
-25.0,0.0
-25.0,0.0
5.0,-5.0
5.0,-5.0
5.0,-5.0
0.0,0.0
0.0,5.0
-4.5125,5.0
-4.95246875,5.0
-4.995365703125,4.999999999999994
-4.999548156054682,5.0
-4.999955945215331,5.0
-4.999995704658493,5.0
-4.999999581204203,4.999999581204203
-5.0,5.0
-5.0,5.0
-5.0,5.0
-5.0,5.0
-5.0,5.0
-5.0,5.0
-5.0,5.0
19.722992153816147,5.0
-5.0,5.0
-5.0,5.0
20.0,5.0
20.0,5.0
-5.0,5.0
-5.0,5.0
-5.0,5.0
-5.01874255056828,5.01874255056828
-5.1547723722132766,5.1547723722132766
-5.062263273999932,5.062263273999932
19.958603521160214,5.041396478814001
-5.065997969876803,5.065997969876803
-4.915330483627484,4.915330483627484
-4.863831545368736,4.863831545368736
-4.9146382728133755,4.9146382728133755
-5.088233447454866,5.088233447454866
-4.970743481939746,4.970743481939746
-4.739348783213622,4.739348783213622
-4.747304395077617,4.747304395077617
-5.161207015207418,5.161207015207418
-4.894845177544769,4.894845177544769
-25.0,4.756602457273601
-25.0,4.877588978895545
-25.0,4.549858794674247
-25.0,4.847667547142411
-4.990515118199753,4.990515118199753
-13.804572909683037,4.886522869092676
-4.823930727896641,4.823930727896641
-5.113667737395458,5.113667737395458
-5.111519943093739,5.111519943093739
-5.0133235197500134,5.0133235197500134
-5.113667737395458,5.113667737395458
5.416100906216458,-5.416100906216458
5.207902449063635,-5.207902449063635
4.8740646523070055,-4.8740646523070055
5.443689617505543,-5.443689617505543
5.064033050508649,-5.064033050508649
-4.882191305092469,4.768523567697011
4.811053744869656,-4.811053744869656
5.304091192808839,-5.304091192808839
-5.0,5.0
-4.707435134971105,4.707435134971105
-4.899360720986334,4.899360720986334
-5.0,5.0
-4.957530255182451,4.957530255182451
-4.93816480166423,4.93816480166423
-4.974050447311141,4.974050447311141
-5.0,5.0
-5.0,5.0
5.059699507701369,-5.059699507701369
-5.0,5.0
-5.0,5.0
-5.0,5.0
-5.0,5.0
-5.0,5.0
-5.0,5.0
-5.0,5.0
-5.0,5.0
-5.0,5.0
-5.0,5.0
-5.0,5.0
-5.0,5.0
-5.0,5.0
-5.0,5.0
-5.0,5.0
-5.0,5.0
-5.0,5.0
-5.0,5.0
-5.0,5.0
-5.0,5.0
-5.0,5.0
-5.0,5.0
-5.0,5.0
-5.0,5.0
-5.0,5.0
-5.0,0.0
0.0,0.0
0.0,0.0
5.0,-5.0
5.0,-5.0
5.0,-5.0
0.5401662049861491,5.0
-5.0,5.0
-5.0,5.0
-5.0,5.0
-5.0,5.0
-5.0,5.0
-5.0,5.0
-5.0,5.0
-5.0,5.0
-5.0,5.0
-5.0,5.0
-5.0,5.0
-5.0,5.0
-5.0,5.0
20.0,5.0
-5.0,5.0
-5.0,5.0
-5.0,5.0
-5.0,5.0
-5.0,5.0
-5.0,5.0
-5.0,5.0
-5.006678379882096,5.006678379882096
4.827870132459391,-4.827870132459391
-5.201222583150124,5.201222583150124
4.703663398636379,-4.703663398636379
-4.822097560529804,4.822097560529804
-5.0796683050745965,5.0796683050745965
-5.099580844971941,5.099580844971941
-5.132156882318091,5.132156882318091
-5.057415155371805,5.057415155371805
-4.954191328116726,4.954191328116726
-5.155843209778926,5.155843209778926
-5.077467336611867,5.077467336611867
-25.0,4.852196975824839
-5.117440104877497,5.117440104877497
-5.177403833093952,5.177403833093952
-5.178359705697524,5.178359705697524
-4.955012450769247,4.955012450769247
-5.2005748287747835,5.2005748287747835
-5.352306429391632,5.352306429391632
-5.2392982409369,5.2392982409369
-6.535683598430359,4.5222435751980745
-5.401256952592555,5.401256952592555
-4.776936130214678,4.776936130214678
-5.0786213894713095,5.0786213894713095
-4.922397282289774,4.922397282289774
-5.216786478623142,5.216786478623142
-5.11510044179302,5.11510044179302
-5.386151703981611,5.386151703981611
-4.78736205265667,4.78736205265667
-4.991488347354398,4.991488347354398
4.3804525447405185,-4.3804525447405185
-5.111074353091677,5.111074353091677
-4.984096981187063,4.984096981187063
-5.214645626941851,5.214645626941851
-5.401256952592555,5.027847797260538
-4.957180126211285,4.957180126211285
-4.999128701136197,4.999128701136197
-5.027847797260538,5.0
4.978452788565347,-4.978452788565347
4.991101414605617,-4.991101414605617
4.956497037448167,-4.956497037448167
-4.983674950730747,4.983674950730747
-4.995457396117445,4.995457396117445
4.9998453491852795,-4.9998453491852795
-4.964162523713151,4.964162523713151
-5.0,5.0
-5.0,5.0
-5.0,5.0
-5.0,5.0
-5.0,5.0
-5.0,5.0
5.0,-5.0
5.0,-5.0
-5.0,5.0
-5.0,5.0
-5.0,5.0
-5.0,5.0
-5.0,5.0
-5.0,5.0
-5.0,5.0
-5.0,5.0
-5.0,5.0
-5.0,5.0
-5.0,5.0
-5.0,0.0
0.0,0.0
5.0,-5.0
5.0,-5.0
5.0,-5.0
5.0,-5.0
4.999999999999998,-4.999999999999998
5.0,-5.0
5.0,-5.0
5.0,-5.0
4.999999999958367,-4.999999999958367
5.0,-5.0
5.0,-5.0
5.0,-5.0
5.0,-5.0
5.0,-5.0
5.0,-5.0
4.999999999999998,-4.999999999999998
5.0,-5.0
5.0,-5.0
0.5401662049861491,5.0
-5.0,5.0
-5.0,5.0
-5.0,5.0
-5.0,5.0
-5.0,5.0
-5.0,5.0
25.0,-0.2770083102493075
25.0,0.0
25.0,0.0
-5.0,5.0
20.0,5.0
-5.0202505722892745,5.0202505722892745
-5.23918340787475,5.23918340787475
-5.233553774786039,5.233553774786039
-4.954412545249475,4.954412545249475
-4.975978059956168,4.975978059956168
0.0,0.0
-4.786882065126122,4.786882065126123
-4.779177018744872,4.779177018744872
-5.1108035908949585,5.1108035908949585
-5.320961444876956,5.320961444876956
-4.700893924232635,4.700893924232635
-4.905561427750143,4.905561427750143
-25.0,5.0755918823751465
-14.084839238196107,4.842134909808038
-25.0,4.771632914928109
-25.0,4.562014376323958
-25.0,5.013691478632737
-4.788252601513482,4.788252601513482
-4.686678593331186,4.686678593331186
-5.055852750201689,5.055852750201689
-5.180226323871881,5.180226323871881
-4.620029752789194,4.503550254120103
-4.963008456061191,4.963008456061191
-4.704110882080374,4.704110882080374
-5.0637468252027915,5.0637468252027915
-4.522604591460365,4.522604591460367
-5.063746825202792,5.063746825202792
-4.817137058233491,4.817137058233491
4.705196455456501,-4.705196455456501
5.460415652412936,-5.460415652412936
5.6592223219939894,-5.6592223219939894
4.728181578254036,-4.728181578254036
-4.745915239844562,4.745915239844564
-4.173403406842303,4.173403406842303
-5.063746825202796,5.063746825202796
-4.910217401468564,4.910217401468564
-4.824113918403862,4.824113918403862
-4.939227535397013,4.939227535397013
-4.9658086594496735,4.9658086594496735
-5.016362553225915,5.016362553225915
-5.042794521883221,5.042794521883221
5.036638301143212,-5.036638301143212
4.999999999999998,-4.999999999999998
5.0,-5.0
-5.0,5.0
-5.0,5.0
-5.0,5.0
5.0,-5.0
4.999999999999998,-4.999999999999998
5.0,-5.0
4.999999999999998,-4.999999999999998
5.0,-5.0
4.999999999979183,-4.999999999979183
-5.0,5.0
-5.0,5.0
-5.0,5.0
-5.0,5.0
4.999999999999998,-4.999999999999998
-5.0,5.0
-5.0,5.0
-5.0,5.0
-5.0,5.0
-5.0,5.0
-5.0,5.0
-5.063746825202796,5.0
-5.0,5.0
-5.0,5.0
-5.0,5.0
-5.0,0.0
0.0,0.0
0.0,0.0
0.0,0.0
0.0,0.0
0.0,0.0
4.999999999958367,-4.999999999958367
25.0,-5.0
13.366713118073797,-5.0
4.999999999999998,-4.999999999999998
5.0,-5.0
5.0,-5.0
-5.0,5.0
-5.0,5.0
5.0,-5.0
5.0,-5.0
5.0,-5.0
-5.0,5.0
5.0,-5.0
4.999999999958367,-4.999999999958367
4.999999999999998,-4.999999999999998
5.0,-5.0
-5.0,5.0
-5.0,5.0
4.999999999999998,-4.999999999999998
5.0,-5.0
4.999999999999998,-4.999999999999998
5.0,-5.0
4.999999999958367,-4.999999999958367
4.932569902633725,-4.932569902633725
4.894772201136853,-4.894772201136853
4.893576492554835,-4.893576492554835
4.729032443723624,-4.729032443723624
-4.9931064512747705,4.9931064512747705
-4.645734173779192,4.645734173779192
-5.0105729797656196,5.0105729797656196
-25.0,5.062155071682682
-5.117409494232879,5.117409494232879
-5.663113660744283,5.663113660744283
-5.0950996990588635,5.0950996990588635
-5.017436075633059,5.017436075633059
-5.402477591493386,5.402477591493386
-5.241568477817093,5.241568477817093
-5.17797344354276,5.17797344354276
-4.9283319604616995,4.9283319604616995
-4.9827450636454005,4.9827450636454005
-5.298540252202428,5.074335899224861
-5.336215328679809,5.336215328679809
-5.123075619223676,5.123075619223676
-5.179777893706919,5.179777893706919
-5.438909307766717,5.438909307766717
-5.040525337737026,5.040525337737026
-5.398175060269519,5.398175060269519
-5.148649077146499,5.148649077146499
-5.259084709158734,5.259084709158734
-5.194284183519057,5.194284183519057
-5.346521964279889,5.346521964279889
-5.125172921740459,5.125172921740459
-5.438909307766717,5.438909307766717
-5.356196821420959,5.356196821420959
-5.436049579297401,5.436049579297401
-4.886251475748644,4.886251475748644
-4.967724073200566,4.967724073200566
-5.122271853122225,5.122271853122225
-5.3408973372248365,5.3408973372248365
-5.046539540470225,5.046539540470225
-5.1541949685744175,5.1541949685744175
-5.010727393900098,5.010727393900098
-5.000318571605582,5.000318571605582
4.999999999979183,-4.999999999979183
4.999999999999998,-4.999999999999998
5.0,-5.0
-5.0,5.0
5.0,-5.0
4.999999999999998,-4.999999999999998
-5.0,5.0
-5.0,5.0
-5.0,5.0
-5.0,5.0
-5.0,5.0
-5.0,5.0
-5.0,5.0
-5.0,5.0
-5.0,5.0
-5.0,5.0
-5.0,5.0
-5.0,5.0
-5.0,5.0
-5.0,5.0
-5.0,5.0
-5.0,5.0
-5.0,5.0
-5.0,5.0
-5.0,5.0
-5.438909307766718,5.0
-5.0,5.0
-5.0,0.0
0.0,0.0
5.0,-5.0
5.0,-5.0
5.0,-5.0
0.0,0.0
0.0,0.0
5.0,-5.0
5.0,-5.0
5.0,-5.0
5.0,-5.0
0.0,0.0
0.5401662049861491,5.0
-5.0,5.0
-4.999999999999999,4.999999999999999
-5.0,5.0
-4.999999999999999,4.999999999999999
-5.0,5.0
-5.0,5.0
-5.0,5.0
-5.0,5.0
-5.0,5.0
-5.0,5.0
19.722991689750693,5.0
20.0,5.0
-5.0,5.0
-5.0,5.0
-4.999999999999999,4.999999999999999
-5.016588235232812,5.016588235232812
19.725324709670975,5.274675290329025
19.634092622168158,5.365907377831842
-5.20068685742261,5.20068685742261
-5.153854780173411,5.153854780173411
-5.081099273817051,5.081099273817051
-5.217302757124114,5.217302757124114
-5.257455086799921,5.257455086799921
-9.515421768672196,5.118165924285955
-5.34408510450941,5.34408510450941
4.872305644749294,-4.872305644749294
-5.1958847731015325,5.1958847731015325
-25.0,4.978717712649434
-4.740905192484277,4.740905192484277
-4.948570330158713,4.948570330158713
-5.166160890456961,5.166160890456962
-10.783454885047384,5.211289816685537
-5.094237236257422,5.094237236257423
-5.224623434792536,5.224623434792536
-25.0,4.99070320009864
-5.029128710729635,5.029128710729635
-4.867120769583669,4.867120769583669
-4.89688252106694,4.89688252106694
-4.956616827235594,4.956616827235594
-4.814888911509212,4.814888911509212
-4.98859958610874,4.98859958610874
-5.139207113363448,5.139207113363448
-4.8949259644006675,4.8949259644006675
4.950973107974359,-4.950973107974359
4.948013027082481,-4.948013027082481
-5.1092452881823665,5.1092452881823665
4.96609097953154,-4.96609097953154
-5.181055335865799,5.181055335865799
4.930147771277465,-4.930147771277465
5.457821005814533,-5.457821005814533
5.209344305097217,-5.209344305097217
4.880269619315168,-4.880269619315168
-4.950856976869006,4.950856976869006
-5.083452624908851,5.083452624908851
-5.032020884115448,5.032020884115448
-4.958608797183057,4.958608797183057
5.0,-5.0
5.0,-5.0
5.0,-5.0
5.0,-5.0
5.0,-5.0
5.0,-5.0
5.0,-5.0
5.0,-5.0
5.0,-5.0
5.0,-5.0
5.0,-5.0
5.0,-5.0
5.0,-5.0
-5.0,5.0
-5.0,5.0
-5.0,5.0
-5.0,5.0
-5.0,5.0
-5.0,5.0
-5.0,5.0
-5.0,5.0
5.0,-5.0
-5.0,5.0
5.0,-5.0
-5.0,5.0
-5.0,5.0
-25.0,5.0
-25.0,0.0
0.0,0.0
0.0,0.0
0.0,0.0
0.0,4.999999999999999
-4.512499999999999,4.512499999999999
-4.512499999999999,4.512499999999999
-4.5125,5.0
-4.94733379501385,5.0
-5.0,5.0
-5.0,5.0
-5.0,5.0
-5.0,5.0
-5.0,5.0
-5.0,5.0
5.0,-5.0
5.0,-5.0
-5.0,5.0
-5.0,5.0
20.0,5.0
20.0,5.0
-5.0,5.0
-0.30206771841011437,5.0
25.0,-5.0
25.0,-5.0
5.0,-5.0
5.0,-5.0
5.0,-5.0
5.0,-4.992244461833815
4.917058821370516,-4.917058821370516
5.01730386999461,-5.01730386999461
5.017303869994617,-4.789809720824863
4.789809720824858,-4.789809720824858
-0.2505015001866679,5.040311221011531
-4.704966717835041,4.704966717835041
-4.999055803621695,4.999055803621695
-9.448961256176531,5.2499321264180985
4.652663855688014,-4.652663855688014
4.652663855688016,-4.652663855688016
4.652663855688014,-4.652663855688014
4.458036643605049,-4.458036643605049
4.652663855688014,-4.652663855688014
-4.853441282749855,4.853441282749855
-5.072255637685493,5.072255637685493
-25.0,5.058571101673188
-4.755726424804958,4.755726424804958
-4.902740514840495,4.902740514840495
-5.6362423686085386,5.024682277918701
-4.855311056660771,4.855311056660771
-25.0,5.0061745141503735
-5.185307059731076,5.185307059731076
5.1297146577954615,-5.1297146577954615
4.843349552809409,-4.843349552809409
4.9053847065028675,-4.9053847065028675
4.976773147782083,-4.976773147782083
4.798756786222125,-4.798756786222125
5.138854933163519,-5.138854933163519
5.051531915705782,-5.051531915705782
4.267743204537879,-4.267743204537879
4.541402051844763,-4.541402051844763
4.9118823680768315,-4.9118823680768315
-25.0,0.0
-25.0,5.020234267239488
-4.972780194314605,4.972780194314605
-5.274390662614801,5.274390662614801
-4.8409373077840865,4.8409373077840865
-5.045257404153212,5.045257404153212
-4.99703762133744,4.99703762133744
-5.004954927367181,5.004954927367181
-5.0,5.0
-5.0,5.0
-5.0,5.0
-5.0,5.0
-5.0,5.0
-5.0,5.0
-5.0,5.0
-5.0,5.0
-5.0,5.0
-5.0,5.0
-5.0,5.0
5.0,-5.0
5.0,-5.0
-5.0,5.0
-5.0,5.0
-5.0,5.0
-5.0,5.0
5.0,-5.0
-5.0,5.0
-5.0,5.0
-5.0,5.0
-5.0,5.0
-5.0,5.0
-5.0,5.0
-5.0,5.0
-5.0,5.0
-5.274390662614802,5.0
-5.0,0.0
0.0,0.0
0.0,0.0
5.0,-5.0
5.0,-5.0
5.0,-5.0
5.0,-5.0
5.0,-5.0
0.0,5.0
-4.5125,4.5125
-4.5125,5.0
-4.952468749999999,5.0
25.0,-5.0
-5.000000000000002,5.000000000000002
5.0,-5.0
5.0,-5.0
-5.0,5.0
-5.000000000000002,5.000000000000002
-5.0,5.0
-5.0,5.0
-5.0,5.0
5.0,-5.0
-5.0,5.0
25.0,-5.0
5.0,-5.0
25.0,-5.0
19.728126644736843,-5.0
5.0,-5.0
4.985566081335364,-4.985566081335364
25.0,-4.768841863175645
4.578080704503795,-4.575244289038305
4.766005447710152,-4.766005447710152
-5.0209370497710655,5.0209370497710655
-5.259668204848403,5.259668204848403
-5.389501518338464,5.389501518338464
-5.173685428707063,5.173685428707063
-5.08280147811671,5.08280147811671
-5.069046884752804,5.069046884752804
-5.022386163998731,5.022386163998731
-5.195630420734917,5.195630420734917
-5.017985173794239,5.017985173794239
-5.060195674853505,5.060195674853505
-5.082904355128518,5.082904355128518
-24.999999999970626,5.258988143620044
-11.161802726772581,5.100038111199269
-5.139489867359092,5.139489867359092
-5.251791170824715,5.251791170824715
-4.965350012587602,4.965350012587602
-5.143129062758361,5.143129062758361
-5.112851663921427,5.112851663921427
-25.0,5.043616697269737
-5.1085024277964965,5.1085024277964965
-5.157375319878081,5.157375319878081
-24.999999999965457,5.112108172388243
-24.999999999965745,5.190958037186391
-5.242586518430865,5.242586518430865
-5.107102543059142,5.107102543059142
-5.103472814869548,5.103472814869548
-5.146944663831249,4.962927669205292
-5.051273145307986,5.051273145307986
-4.9025186665604314,4.9025186665604314
-4.712178522592197,4.712178522592197
-4.90382009231716,4.90382009231716
-5.058569523804907,5.058569523804907
-5.058569523804907,5.21356194700766
-5.140086774929132,5.140086774929132
-4.98145673419539,4.98145673419539
-4.977560701286965,4.977560701286965
20.03503404301699,4.964965956983011
-5.0,5.0
5.0,-5.0
-5.0,5.0
5.0,-5.0
-5.0,5.0
-5.0,5.0
-5.000000000000002,5.000000000000002
-5.0,5.0
-5.0,5.0
-5.0,5.0
-5.0,5.0
-5.0,5.0
-5.0,5.0
-5.0,5.0
-5.0,5.0
-5.0,5.0
5.0,-5.0
5.0,-5.0
-4.999999999999993,4.999999999999993
5.0,-5.0
-5.0,5.0
-5.0,5.0
-5.0,5.0
-5.000000000000002,5.000000000000002
-5.0,5.0
-5.0,5.0
-7.7609501857453935,5.0
-20.0,-5.0
0.0,0.0
5.0,-5.0
5.0,-5.0
10.54016620498615,-5.000000000000001
-5.0,5.0
-5.0,5.0
-5.0,5.0
20.0,5.0
-5.0,5.0
5.0,-5.0
25.0,-5.0
25.0,-5.0
5.0,-5.0
5.0,-5.0
5.0,-5.0
5.0,-5.0
5.0,-5.0
-5.0,5.0
-5.0,5.0
-5.0,5.0
-5.0,5.0
-5.0,5.0
-5.0,5.0
4.7229916897507,5.0
-5.0,5.0
20.0,5.0
-5.000646294847182,5.000646294847182
-5.051488159446063,5.051488159446063
-5.13247154869968,5.13247154869968
-5.01899879637683,5.01899879637683
-4.9028273764892685,4.9028273764892685
-4.922805555707031,4.922805555707031
-4.860201028245004,4.860201028245004
-5.275090604983479,5.275090604983479
-4.569912238208932,4.569912238208932
-14.934552232792216,5.087479226417406
-4.2472208185506,4.2472208185506
-5.121492701765931,5.121492701765931
-5.245187792076041,5.245187792076041
-25.0,5.022306639437456
-4.997411664874714,4.997411664874714
-5.243253641139332,5.243253641139332
-25.0,4.4086667230155
-25.0,5.416099643921836
-4.271928026788112,4.271928026788112
-4.602004816714317,4.602004816714317
5.097619554700831,-5.097619554700831
-4.745540338341413,4.745540338341413
-4.84073691851262,4.84073691851262
-5.0860512556246595,5.0860512556246595
-5.096771292713903,5.096771292713903
-5.065544648320174,5.065544648320174
-5.239968519381927,5.239968519381927
-5.074574472908683,5.074574472908683
-5.291290894180225,5.291290894180225
-25.0,5.148375790360532
-5.051448604260639,5.051448604260639
-4.259413637891702,4.259413637891702
-5.115625556356355,5.115625556356355
-4.802754473294441,4.802754473294441
-4.706637680342772,4.706637680342772
-4.506173933494846,4.506173933494846
-4.816210849553566,4.816210849553566
4.778313293648811,-4.778313293648811
-5.080309235169629,5.080309235169629
5.106066199173329,-5.106066199173329
-5.057150961051799,5.057150961051799
-4.985033344928614,4.985033344928614
-4.967927812052173,4.967927812052173
-4.9421459030141905,4.9421459030141905
-4.961964383702583,4.961964383702583
-4.954534166227002,4.954534166227002
-4.948212375947048,4.948212375947048
-4.963629727712597,4.963629727712597
-4.979635920196609,4.979635920196609
-4.999999999999993,4.999999999999993
-5.0,5.0
-5.0,5.002585179388729
-5.00366233736464,5.00366233736464
-5.006247517061545,5.006247517061545
5.0,-5.0
-5.0,5.0
-5.0,5.0
-5.0,5.0
-5.0,5.0
-5.0,5.0
-4.999999999999993,4.999999999999993
-5.0,5.0
-5.0,5.0
-5.0,5.0
-5.0,5.0
-5.0,5.0
5.0,-5.0
-5.0,5.0
-5.0,5.0
-5.150708914758858,8.881784197001252e-16
0.0,0.0
0.0,0.0
5.0,-5.0
10.54016620498615,-5.000000000000001
5.0,-5.0
5.0,-5.0
5.0,-5.0
5.0,-5.0
-5.0,5.0
5.0,-5.0
5.0,-5.0
-5.0,5.0
-5.0,5.0
-5.0,5.0
-5.0,5.0
5.0,-5.0
5.0,-5.0
5.0,-5.0
5.0,-5.0
5.0,-5.0
-4.999999999999993,4.999999999999993
-5.0,5.0
-5.0,5.0
-5.0,5.0
-5.0,5.0
-5.0,5.0
-5.0,5.0
-5.000000000000001,5.0323147423591035
19.732238861904342,5.267761138095658
19.64608816852764,5.3539118314723595
25.0,0.0
24.69067694739159,0.0
-5.142840628436914,5.142840628436914
-5.278459038186029,5.278459038186029
-5.3827990494618545,5.3827990494618545
-5.019915222273422,5.019915222273422
-5.03838701064498,5.03838701064498
-5.31955493309283,5.31955493309283
-5.048405211923615,5.048405211923615
-9.572374840584818,5.044776746028643
5.016729190643953,-5.016729190643953
-5.042580984531235,5.042580984531235
4.533509321976375,-5.034451807156524
4.930283467949481,-4.930283467949481
5.00263440887904,-5.00263440887904
4.767521305766031,-4.767521305766031
-4.994778518290295,4.994778518290295
-5.103414118169559,5.103414118169559
-5.06444140281932,5.06444140281932
-5.0852093051108485,5.0852093051108485
-4.9315886805900755,4.9315886805900755
4.699288601045321,-4.699288601045321
5.059973510999788,-5.059973510999788
5.158481721115493,-5.158481721115493
5.118685358523483,-5.118685358523483
4.993390309778209,-4.993390309778209
4.946576851374704,-4.946576851374704
5.16547956693398,-5.16547956693398
5.571790116051329,-5.571790116051329
-4.839926840938053,4.839926840938053
-4.948294203209843,4.948294203209843
-4.890987762962478,4.890987762962478
-4.688611955333755,4.688611955333755
5.033584847430487,-5.033584847430487
-5.047750120460776,5.047750120460776
-4.972366122231422,4.972366122231422
5.06330020958635,-5.06330020958635
-5.011417457334095,5.011417457334095
-5.035977078182856,5.035977078182856
5.000585374339088,-5.000585374339088
-4.972568508492428,4.972568508492428
-5.0202505722892745,5.0202505722892745
4.991167303549727,-4.991167303549727
-5.003016042517457,5.003016042517457
4.998276547176907,-4.998276547176907
-5.003446905646186,5.003446905646186
-5.000430863205773,5.000430863205773
5.0,-5.0
-5.0,5.0
-5.0,5.0
5.0,-5.0
5.0,-5.0
-5.0,5.0
-5.0,5.0
-5.0,5.0
5.0,-5.0
5.0,-5.0
5.0,-5.0
-5.0,5.0
-19.971459420263677,4.999999999999998
-5.000000000000002,5.000000000000002
5.0,-5.0
5.0,-5.0
-20.0,-5.0
-20.0,-5.0
-20.0,-5.0
5.0,-5.0
0.0,0.0
5.0,-5.0
5.0,-5.0
0.0,0.0
5.0,-5.0
0.0,0.0
5.0,-5.0
5.0,-5.0
5.0,-5.0
0.0,0.0
25.0,-5.0
5.0,-5.0
5.0,-5.0
5.0,-5.0
5.0,-5.0
5.0,-5.0
5.0,-5.0
5.0,-5.0
25.0,-5.0
5.0,-5.0
5.0,-5.0
5.197039217936672,-5.0
25.0,-5.0
5.0,-5.0
25.0,-5.0
5.0,-5.0
25.0,-5.0
4.973717342059456,-4.973717342059456
4.812298416676715,-4.812298416676715
4.887298549138757,-4.887298549138757
5.040961144955754,-5.040961144955754
5.066118676800166,-5.066118676800166
4.914896412063861,-4.914896412063861
5.066118676800171,-5.283216311047977
-25.0,0.0
-5.382480951216757,5.382480951216757
4.866961720461119,-4.866961720461119
-24.74008560307401,5.0658425498513004
-24.99999999997236,4.885449918662783
-25.0,4.765757880177141
-5.120619193886535,5.120619193886535
-4.815547198155313,4.815547198155313
-4.696664290523267,4.696664290523267
-5.008112136397296,5.008112136397296
5.038351666395526,-5.038351666395526
-5.047996228465632,5.047996228465632
4.656530264119498,-4.656530264119498
4.9442381350111955,-4.9442381350111955
5.043544746476202,-5.043544746476202
5.079954372593624,-5.079954372593624
-4.886370131443243,4.886370131443243
4.868648146077984,-4.868648146077984
4.949782764144491,-4.949782764144491
4.9530022465814785,-4.9530022465814785
5.126081142721999,-5.126081142721999
5.111817213477549,-5.111817213477549
4.903067764721612,-4.903067764721612
-4.784846930619542,4.784846930619542
-5.187695005584897,5.187695005584897
-4.862457222097508,4.674762216512612
4.877006429926845,-4.877006429926845
5.024887400795005,-5.024887400795005
4.681417664914502,-4.681417664914502
4.883884357756109,-4.883884357756109
5.017584158571066,-5.017584158571066
5.037042449914171,-5.037042449914171
5.012165941341131,-5.012165941341131
5.0,-5.0
5.0,-5.0
5.0,-5.0
5.0,-5.0
5.0,-5.0
5.0,-5.0
5.0,-5.0
5.0,-5.0
5.0,-5.0
5.0,-5.0
5.0,-5.0
-5.0,5.0
5.0,-5.0
5.0,-5.0
5.0,-5.0
5.0,-5.0
-5.0,5.0
5.0,-5.0
-4.999999999999993,4.999999999999993
-4.999999999999993,4.999999999999993
5.0,-5.0
5.0,-5.0
5.0,-5.0
5.0,-5.0
5.0,-5.0
5.0,-5.0
5.0,-5.0
-5.000000000000001,0.0
5.0,-5.0
5.0,-5.0
5.0,-5.0
5.0,-5.0
5.0,-5.0
5.0,-5.0
0.0,0.0
0.0,0.0
5.0,-5.0
5.0,-5.0
0.0,5.0
-4.5125,4.5125
-4.5125,4.5125
-4.5125,4.5125
-4.5125,4.5125
5.0,-5.0
5.0,-5.0
5.0,-5.0
5.0,-5.0
5.0,-5.0
0.4874999999999998,-5.0
0.0,0.0
0.0,0.0
5.0,-5.0
5.0,-5.0
25.0,-5.0
25.0,0.0
19.973501911265537,5.0264980887344635
19.715229228595238,5.284770771404762
-5.417427341185412,5.417427341185412
-5.379228964693216,5.379228964693216
-5.205484523712508,5.205484523712508
5.087105032463585,5.176052862273258
-5.168569348598413,5.168569348598413
-4.916000604285681,4.916000604285681
-9.608422084006008,5.082593199503847
-5.240001970189448,5.240001970189448
5.0147688470938085,-5.0147688470938085
4.835430863063149,-4.835430863063149
5.014768847093808,-5.100483701201331
4.987519061911108,-4.987519061911108
-4.904689182165372,4.904689182165372
-4.950129895165926,4.950129895165926
-4.962884481372619,4.906089066902726
-4.993624781004506,4.993624781004506
-4.956724753425894,4.956724753425894
-4.967684626493584,4.967684626493584
-4.917014226868275,4.917014226868275
4.987047594869267,-4.987047594869267
4.983144579893706,-4.983144579893706
4.888927540350258,-4.888927540350258
5.162501498343719,-5.162501498343719
5.001771630503946,-5.001771630503946
5.035519077260609,-5.035519077260609
5.036148331130375,-5.036148331130375
5.172674961861031,-5.172674961861031
5.0337827910061215,-5.0337827910061215
5.025247785909984,-5.025247785909984
5.149351544104421,-5.149351544104421
5.040775903219771,-5.040775903219771
-4.747631960532389,4.747631960532389
5.0457543932144695,-5.0457543932144695
5.109161345589911,-5.109161345589911
4.831608319369831,-4.831608319369831
4.893718421806554,-4.893718421806554
4.918438016310059,-4.918438016310059
4.958851838206447,-4.958851838206447
5.172674961861024,-5.031630754950691
5.011236862913277,-5.011236862913277
5.026117889045483,-5.026117889045483
4.99004394762457,-4.99004394762457
5.011201746715097,-5.011201746715097
5.031630754950691,-5.031630754950691
5.031225804918502,-5.018122168509456
5.014088862293446,-4.9955617437517965
4.9819037442789025,-4.9819037442789025
5.0,-5.0
5.0,-5.0
5.0,-5.0
5.0,-5.0
5.0,-5.0
5.0,-5.0
5.0,-5.0
5.0,-5.0
5.0,0.0
-5.0,5.0
-5.0,5.0
-5.0,5.0
0.0,0.0
-5.0,5.0
-5.0,5.0
-25.0,4.9999999999999964
5.0,-5.0
-20.0,-5.0
-25.0,0.0
-25.0,0.0
20.0,5.0
-22.5625,0.0
0.0,0.0
0.5401662049861491,5.0
-5.0,5.0
-5.0,5.0
-5.0,5.0
-5.0,5.0
-5.0,5.0
-5.000000000000002,5.000000000000002
-5.0,5.0
-5.0,5.0
-5.0,5.0
-5.0,5.0
5.0,-5.0
-5.0,5.0
-5.0,5.0
5.0,-5.0
5.0,-5.0
-5.0,5.0
5.0,-5.0
25.0,-5.0
14.722991689750693,-5.0
25.0,-5.0
-5.0,5.0
-5.0,5.0
-5.0,5.0
4.972209321571171,-4.972209321571171
19.7368866035881,5.2631133964118995
-5.298751292084777,5.298751292084777
-5.142383993356897,5.142383993356897
-5.084610346312045,5.084610346312045
20.05953360132353,4.94046639867647
-5.0777788078101915,5.0777788078101915
-4.9562223601657776,4.9562223601657776
-4.5483705493132565,4.5483705493132565
-4.892581883285008,4.892581883285008
-4.9756358203263975,4.9756358203263975
-4.887642524423633,4.887642524423633
-25.0,0.0
-5.006782940158853,5.006782940158853
-9.51704923282278,4.935346531683948
-25.0,4.780121530696839
-25.0,4.801581170441985
-5.160991162826818,5.160991162826818
-4.871908653090234,4.871908653090234
-4.8129847400698065,4.8129847400698065
-4.551267515473965,4.551267515473965
-4.946308929340887,4.946308929340887
-4.768428895600256,4.768428895600256
-4.958577170785736,4.958577170785736
-25.0,5.1443282426505945
-4.737192783996852,4.592864541346258
-5.0,5.0
-4.658178189750348,4.658178189750348
-5.0,5.0
4.813597584109467,-4.813597584109467
5.352919904578605,-5.352919904578605
4.878554003135135,-4.878554003135135
-5.0,5.0
-4.655943612693271,4.655943612693271
-5.0,5.0
-5.0,5.0
-4.889112466512588,4.889112466512588
-5.0,5.0
-5.0,5.0
-5.0,5.0
-4.926163584840614,4.926163584840614
5.0,-5.0
5.0,-5.0
-5.0,5.0
-5.0,5.0
-5.0,5.0
-5.0,5.0
-5.000000000000002,5.000000000000002
-5.0,5.0
-5.0,5.0
-5.0,5.0
-5.0,5.0
5.0,-5.0
-5.000000000000002,5.000000000000002
-5.0,5.0
-5.0,5.0
-5.0,5.0
5.0,-5.0
5.0,-5.0
5.0,-5.0
-5.0,5.0
-5.0,5.0
-5.0,5.0
5.0,-5.0
-5.0,5.0
-5.0,5.0
5.0,-5.0
5.0,-5.0
0.0,-5.0
5.0,-5.0
0.0,0.0
0.0,0.0
0.0,0.0
0.0,0.0
0.0,0.0
0.0,5.0
-4.5125,4.5125
-4.5125,4.5125
-4.5125,4.5125
5.540166204986149,-5.0
-5.0,5.0
5.0,-5.0
5.0,-5.0
-5.0,5.0
-5.0,5.0
-5.0,5.0
-5.0,5.0
-5.0,5.0
-5.0,5.0
-5.0,5.0
-5.0,5.0
-5.0,5.0
-5.0,5.0
-5.0,5.0
19.6692810781791,5.0
20.0,5.0
25.0,0.0
25.0,-4.768141117080312
4.729413301679529,-4.729413301679529
4.821851728651897,-4.821851728651897
4.821851728651902,0.0
-4.980667011121623,4.980667011121623
-4.904444928155744,4.904444928155744
-4.9142062524785155,4.9142062524785155
-4.977808229373271,4.977808229373271
-4.978322614432309,4.978322614432309
-4.860958878379529,4.860958878379529
0.0,0.0
0.0,-4.982547514536846
5.148661700092734,-5.148661700092734
-4.896532234308945,4.896532234308945
-5.057494364359425,5.057494364359425
-4.903031158177533,4.903031158177533
-4.913618654331322,4.913618654331322
-4.998603270999205,4.998603270999205
-4.760254906766414,4.760254906766414
-4.72201116656119,4.72201116656119
-4.925610453253644,4.925610453253644
-5.151823748124356,5.151823748124356
-4.964316824438347,4.964316824438347
-4.977408713124965,4.977408713124965
4.925253223875223,-4.925253223875223
4.951878804366651,-4.951878804366651
4.882598395108518,-4.882598395108518
5.220356878965435,-5.220356878965435
5.138629613573242,-5.138629613573242
4.56827946011356,-4.56827946011356
-4.9293083453529025,4.9293083453529025
-4.972813329548471,4.972813329548471
-4.972274960891588,4.972274960891588
4.910923339736702,-4.910923339736702
5.429788913538978,-5.429788913538978
5.051118514216618,-5.051118514216618
5.011794723174244,-5.011794723174244
-5.067711850401728,5.067711850401728
4.922445920079483,-4.922445920079483
5.01405945723881,-5.01405945723881
5.014487171719061,-5.014487171719061
5.019497292425566,-5.019497292425566
5.0318682666551995,-5.0318682666551995
5.0,-5.0
5.0,-5.0
-5.0,5.0
-5.0,5.0
-4.999999999999993,4.999999999999993
5.0,-5.0
-5.0,5.0
-5.0,5.0
-5.0,5.0
-4.999999999999993,4.999999999999993
-5.0,5.0
-5.0,5.0
5.0,-5.0
5.0,-5.0
5.0,-5.0
5.0,-5.0
-5.0,5.0
5.0,-5.0
-5.0,5.0
-20.017452485463167,5.000000000000011
-25.0,0.0
-5.0,5.0
-5.000000000000002,5.000000000000002
-20.0,-5.0
-20.0,-5.0
5.0,-5.0
5.0,-5.0
5.0,-5.0
5.0,-5.0
5.0,-5.0
0.0,0.0
5.0,-5.0
0.0,0.0
0.0,0.0
5.0,-5.0
0.0,0.0
5.0,-5.0
5.0,-5.0
5.0,-5.0
5.0,-5.0
10.54016620498615,-5.000000000000001
5.0,-5.0
5.0,-5.0
5.0,-5.0
-5.0,5.0
5.0,-5.0
5.0,-5.0
-5.0,5.0
25.0,0.0
5.0,-5.0
5.0,-5.0
4.999353705152818,-4.999353705152818
24.01923434868302,-4.973286480471618
0.0374693421771209,5.114194518582163
0.3523852439121802,5.140091429640556
-5.246051911639174,5.246051911639174
25.0,-4.967096712772733
19.891348621437942,5.108651378562058
-4.809462938070513,4.809462938070513
-4.562597872013621,4.562597872013625
-9.563996246415467,4.957194958173111
4.885815352956259,-4.885815352956259
5.104488962041384,-5.104488962041384
-25.0,5.285999355118925
-19.97323367365806,-5.026766326341939
-4.936507211590167,4.936507211590167
-4.999987377053766,4.999987377053766
-5.03075896423576,5.03075896423576
-25.0,4.816752058373353
-4.902753453360382,4.902753453360382
-4.769099174045282,4.769099174045282
-5.484066883665221,4.994081100510865
-5.036348404828186,5.036348404828187
-5.004513965573292,5.004513965573292
-5.208128399801225,5.208128399801225
-4.994325354520495,4.994325354520495
-25.0,4.994035657904419
-4.951414279945238,4.951414279945238
-4.937650219371658,4.937650219371658
-4.660396672550979,4.660396672550979
-5.000000000000001,5.000000000000001
5.335759009173449,-5.335759009173449
4.996436542278135,-4.996436542278135
5.034385536688795,-5.034385536688795
4.606338274156457,-4.606338274156457
5.3021157017232134,-5.3021157017232134
4.739645422450121,-4.739645422450121
5.183824810269544,-5.183824810269544
5.439440102655859,-5.439440102655859
4.984835265754925,-4.984835265754925
-5.000000000000001,5.000000000000001
-5.000000000000001,5.000000000000001
-5.000000000000001,5.000000000000001
5.0,-5.0
5.0,-5.0
5.0,-5.0
-5.000000000000001,5.000000000000001
5.0,-5.0
5.0,-5.0
5.0,-5.0
5.0,-5.0
5.0,-5.0
5.0,-5.0
-5.0,5.0
-4.999999999999993,4.999999999999993
-5.000000000000001,5.000000000000001
5.0,-5.0
-4.999999999999993,4.999999999999993
5.0,-5.0
5.0,-5.0
5.0,-5.0
5.0,-5.0
-5.0,5.0
-5.0,5.0
-5.0,5.0
5.0,-5.0
-5.0,5.0
-5.0,5.0
-5.000000000000001,5.000000000000001
-5.0,5.0
-5.000000000000001,0.0
0.0,0.0
5.0,-5.0
5.0,-5.0
5.0,-5.0
5.0,-5.0
0.0,0.0
0.0,0.0
5.0,-5.0
5.0,-5.0
5.0,-5.0
5.0,-5.0
10.566901207910977,-5.0
5.0,-5.0
5.0,-5.0
5.0,-5.0
5.0,-5.0
5.0,-5.0
5.0,-5.0
5.0,-5.0
5.0,-5.0
5.0,-5.0
5.0,-5.0
5.0,-5.0
5.0,-5.0
5.0,-5.0
-5.0,5.0
-5.0,5.0
-5.02412834013965,5.02412834013965
-5.024128340139657,5.2614968900831585
19.66424990578233,5.335750094217669
19.24461409796726,5.214274038962088
19.79688101639752,5.203118983588251
20.16534008334533,4.834659916621906
-4.935022121965733,4.935022121965733
-4.910925548752291,4.910925548752291
-4.769504370619395,4.769504370619395
0.0,0.0
0.0,0.0
-4.697063806771575,4.697063806771575
-20.114968532004877,-4.885031467995123
4.959859030975801,-4.959859030975801
-4.771469763348033,4.771469763348033
-25.0,4.9775949015819165
-25.0,5.097031325406327
-4.792594895017985,4.792594895017985
-5.1730889944975065,5.1730889944975065
-4.8987898482429015,4.8987898482429015
-4.894852120165196,4.894852120165196
-4.905915501392009,4.905915501392009
-4.875061233912179,4.875061233912179
-4.719238536420885,4.719238536420885
-4.993350863071227,4.993350863071227
-4.918450718149706,4.918450718149706
-4.979574810698723,4.979574810698723
-4.892518137406525,4.892518137406525
-5.068292663715322,5.068292663715322
-5.0880551483393095,5.0880551483393095
4.904784485409432,-4.904784485409432
4.90495173944704,-4.90495173944704
5.080432151108583,-5.080432151108583
4.958650383873893,-4.958650383873893
5.197785157657064,-5.197785157657064
5.198590817200454,-5.198590817200454
6.865941769411609,-4.926469444744853
4.847628573795914,-4.847628573795914
5.130236458835411,-5.130236458835411
4.982979968785472,-4.982979968785472
4.98562132521578,-4.98562132521578
-5.0,5.0
5.0,-5.0
-5.0,5.0
25.0,0.0
-5.0,5.0
5.0,-5.0
5.0,-5.0
5.0,-5.0
25.0,-5.0
5.0,-5.0
5.0,-5.0
25.0,-5.0
5.0,-5.0
5.0,-5.0
5.0,-5.0
5.0,-5.0
5.0,-5.0
5.0,-5.0
5.0,-5.0
5.0,-5.0
5.0,-5.0
-5.0,5.0
-5.487500000000007,5.0
-25.0,0.0
-5.0,5.0
-25.0,5.0
-25.0,5.0
-25.0,0.0
0.0,0.0
0.0,0.0
0.0,0.0
0.0,5.0
-4.5125,4.5125
-4.5125,4.5125
-4.5125,4.5125
-4.5125,5.000000000000001
-4.952468750000001,4.952468750000001
-4.952468750000001,4.952468750000001
-4.952468750000001,4.952468750000001
5.0,-5.0
-4.952468750000001,4.952468750000001
5.0,-5.0
9.775657894736842,-5.0
5.0,-5.0
-4.999999999999993,4.999999999999993
5.0,-5.0
-5.0,5.0
25.0,0.0
-5.0,5.0
5.0,-5.0
-5.0,5.0
-5.0,5.0
-5.012064170069829,5.012064170069829
4.995475936069726,-4.995475936069726
25.0,-5.0
4.976948816295367,-4.976948816295367
4.733783646723535,-4.733783646723535
4.675026312215851,-4.675026312215851
4.868046347116278,-4.868046347116278
-4.96850701144073,4.96850701144073
19.9504924892965,5.049507510703499
-4.720161904937906,4.720161904937906
25.0,-5.100597307717443
5.100597307717437,-5.100597307717437
-4.966119381160565,4.97910523709882
5.087611451779185,-5.087611451779185
-4.734586776746837,4.734586776746837
5.087611451779184,-5.087611451779184
4.812416707489275,-4.812416707489275
-25.0,4.534081374176338
-25.0,5.030965349406685
-25.0,4.889240589416865
-5.021577033145131,5.021577033145131
5.037474371632261,-5.037474371632261
5.007860308619928,-5.007860308619928
5.326003365176483,-5.326003365176483
4.781335858124548,-4.781335858124548
5.008007365943554,-5.008007365943554
5.171184191910792,-5.171184191910792
-4.88228408374729,4.88228408374729
-4.949778977260622,4.949778977260622
25.0,-2.825726291156986
19.70074749805632,5.2992525019436805
19.822499916941016,5.177500083058984
-5.088313918737109,5.088313918737109
-4.977012352613217,4.977012352613217
-4.9453214993717305,4.9453214993717305
0.0,0.0
-5.008035136425269,5.008035136425269
-5.050556161961893,5.050556161961893
-4.939399128572384,4.939399128572384
-4.257690763517585,4.257690763517585
-5.421912037302119,5.421912037302119
-5.1617850672515235,5.1617850672515235
0.0,0.0
0.0,0.0
0.0,-5.0
5.0,-5.0
5.0,-5.0
5.540166204986143,-5.0
5.0,-5.0
5.0,-5.0
5.0,-5.0
5.0,-5.0
-5.0,5.0
5.0,-5.0
5.0,-5.0
5.0,-5.0
5.0,-5.0
5.0,-5.0
5.0,-5.0
5.0,-5.0
5.0,-5.0
5.0,-5.0
5.0,-5.0
5.0,-5.0
5.0,-5.0
-5.0,5.0
-5.0,5.0
-25.0,5.0
5.0,-5.0
-15.487500000000004,-5.0
-25.0,0.0
-25.0,0.0
0.0,0.0
0.0,0.0
0.0,0.0
0.5401662049861491,5.0
-5.0,5.0
-5.0,5.0
-5.0,5.0
-5.0,5.0
5.0,-5.0
-5.0,5.0
5.0,-5.0
-5.0,5.0
-5.0,5.0
-5.0,5.0
-5.0,5.0
25.0,-5.0
5.0,-5.0
-5.0,5.0
-5.0,5.0
5.0,-5.0
5.0,-5.0
5.0,-5.0
-23.05,0.0
5.0,-5.0
20.0,5.0
25.0,0.0
25.0,-5.0
25.0,-4.970701301082887
15.233859195819727,-4.7508788387073775
-5.449837577464103,5.2447823193749805
-5.053214081078295,5.053214081078295
4.87278657900081,-4.87278657900081
4.978086880911389,-4.978086880911389
4.97808688091139,-4.97808688091139
-5.120510408546949,4.9825077522562005
5.130998411427463,-5.130998411427463
5.13099841142745,-4.640911261596828
4.640911261596826,-5.0279389980470794
5.069750858771622,-5.07321561274659
5.073589921347757,-5.073589921347757
4.670366906633924,-4.670366906633924
4.928589613532063,-4.996675115961959
5.149030921270079,-5.149030921270079
4.884828238560773,-4.875787684467951
4.83828049317548,-4.83828049317548
5.13999036717727,-5.13999036717727
-4.82477257742689,4.6957125203772225
5.28299320047329,-5.28299320047329
-4.406379445157891,5.319045597212287
-4.8140311823126085,4.8140311823126085
-4.665561351002635,4.665561351002635
4.370327048418895,-4.370327048418895
-25.0,5.36361785151194
-4.344197549714465,4.344197549714465
-4.963799914790062,4.963799914790062
5.051557792745562,-5.051557792745562
4.872666029864275,-4.872666029864275
4.824125752415957,-4.824125752415957
-5.7416700420424895,5.7416700420424895
4.679016149393477,-4.679016149393477
-25.0,0.0
-20.033906495879215,-4.966093504120785
-4.808724495715823,4.808724495715823
-21.252683835918457,4.848322993625612
4.9198550209182415,-4.9198550209182415
4.883291552643593,-4.883291552643593
-5.01503684802104,5.01503684802104
-5.001708811623078,5.001708811623078
4.989505217167421,-5.004542065188463
5.0,-5.0
-5.0,5.0
-4.999999999999998,4.999999999999998
5.0,-5.0
-5.0,5.0
5.0,-5.0
5.0,-5.0
-5.0,5.0
-5.0,5.0
5.0,-5.0
5.0,-5.0
5.0,-5.0
5.0,-5.0
5.0,-5.0
-4.999999999999998,4.999999999999998
-5.0,5.0
-5.0,5.0
5.0,-5.0
5.0,-5.0
-5.0,5.0
5.0,-5.0
5.0,-5.0
5.0,-5.0
-5.0,5.0
-5.0,5.0
-5.0,5.0
-5.0,0.0
0.0,0.0
5.0,-5.0
0.0,0.0
0.0,0.0
5.0,-5.0
5.0,-5.0
5.0,-5.0
5.0,-5.0
5.0,-5.0
25.0,-5.0
-18.05,0.0
5.0,-5.0
5.0,-5.0
5.0,-5.0
5.0,-5.0
5.0,-5.0
5.0,-5.0
5.0,-5.0
0.0,0.0
0.0,0.0
5.0,-5.0
5.0,-5.0
25.0,0.0
25.0,-5.0
25.0,-5.0
15.307862374438942,-5.0
-5.0,5.0
19.967469826806337,5.032530173153024
-5.259621268197933,5.259621268197933
-5.195287392171006,5.195287392171006
-5.213623957231034,5.213623957231034
4.955295520338545,-4.955295520338545
-5.011506762213281,5.011506762213281
4.955295520338543,-4.955295520338543
4.955295520338543,-5.412931915564406
4.783966480119718,-4.783966480119718
5.46237185853894,-5.089889262427113
5.089889262427116,-5.0946001459616514
5.095109077977842,-5.280409914526497
5.30042856445836,-5.2179755601583855
5.180977073599148,-5.180977073599148
5.2179755601583855,-5.2179755601583855
5.2179755601583855,-4.834221900387585
-23.93061861616584,5.050236801422173
-5.024837540157378,5.024837540157378
25.0,-5.101954905584908
-5.059667404553611,5.059667404553611
-5.103308716568505,5.103308716568505
4.78075457145047,-4.78075457145047
5.856267459428083,-5.856267459428083
4.990464626414817,-4.990464626414817
4.677711567900192,-4.677711567900192
5.208603022579622,-5.208603022579622
4.83139846288869,-4.83139846288869
5.087448615772765,-5.087448615772765
4.756194104962929,-4.756194104962929
5.161894334629862,-5.161894334629862
4.064047352306733,-4.064047352306733
-4.807892643559001,4.807892643559001
-4.7200202123664265,4.7200202123664265
-5.177608009249288,5.177608009249288
-5.1896884843689035,5.1896884843689035
5.197948309237138,-5.197948309237138
-4.77740065463609,4.77740065463609
-4.941470396262558,4.941470396262558
-5.050947473295147,5.050947473295147
-4.222009441951167,5.078276901379244
-4.9388450601261225,4.9388450601261225
-4.972394407985747,4.972394407985747
-5.0,5.0
5.0,-5.0
5.0,-5.0
-5.0,5.0
5.0,-5.0
-5.0,5.0
-5.0,5.0
-5.0,5.0
5.0,-5.0
-5.0,5.0
-5.0,5.0
-5.0,5.0
-5.0,5.0
5.0,-5.0
-5.0,5.0
-5.0,5.0
-5.487500000000007,5.0
-5.0,5.0
-5.0,5.0
-5.0,5.0
-5.0,5.0
5.0,-5.0
-25.0,5.0
-5.0,5.0
-25.0,5.0
-25.0,0.0
-25.0,0.0
5.0,-5.0
0.0,0.0
0.0,0.0
0.0,0.0
5.0,-5.0
5.0,-5.0
5.0,-5.0
5.0,-5.0
5.0,-5.0
5.0,-5.0
5.0,-5.0
5.0,-5.0
25.0,-5.0
5.0,-5.0
5.0,-5.0
5.0,-5.0
5.0,-5.0
5.0,-5.0
24.98045643717755,-5.0
25.0,-5.0
-5.0,5.0
5.0,-5.0
5.0,-5.0
5.0,-5.0
5.0,-5.0
5.0,-5.0
5.0,-5.0
4.975225362547741,-4.975225362547741
25.0,-4.717298542440705
25.0,-4.685264586672734
-5.075514093468978,5.075514093468978
-4.942280000476641,4.942280000476641
0.001052517035672551,4.684212069637059
-5.319662859283132,5.319662859283132
-4.607395445903556,4.607395445903556
-4.939859234962614,4.939859234962614
-5.265187903662887,5.265187903662887
-4.990212798637448,4.990212798637448
-4.986246037783406,4.986246037783406
-19.950284526257292,-5.049715473742708
-5.013255355840348,5.013255355840348
-5.148656019766927,5.148656019766927
4.825084465182431,-4.825084465182431
-25.0,4.885478951439119
-5.1224943325496,5.1224943325496
-4.863311795557551,4.863311795557551
-5.063837394842022,5.063837394842022
-5.157657442726411,5.157657442726411
-4.906761238789688,4.906761238789688
-5.129245084195557,5.129245084195557
-5.31335895993386,5.31335895993386
-5.124413020377171,5.124413020377171
4.907153181270255,-4.907153181270255
5.035983601682023,-5.035983601682023
4.963050742931075,-4.963050742931075
4.669760374078047,-4.669760374078047
4.5378038810207535,-4.5378038810207535
4.988832479466758,-4.988832479466758
4.803906948285607,-4.803906948285607
4.716061972001094,-4.716061972001094
4.819079729658904,-4.819079729658904
4.91148095838659,-4.91148095838659
5.413694657090597,-5.413694657090597
4.903805260355336,-4.903805260355336
4.804598212378748,-4.804598212378748
4.94719711139528,-4.94719711139528
24.983164927729,-4.994775954254344
25.0,0.0
-5.020559845566394,5.020559845566394
5.0,-5.0
-5.0,5.0
5.0,-5.0
-5.0,5.0
5.0,-5.0
5.0,-5.0
5.0,-5.0
5.0,-5.0
-5.0,5.0
5.0,-5.0
-5.0,5.0
5.0,-5.0
5.0,-5.0
5.0,-5.0
5.0,-5.0
5.0,-5.0
5.0,0.0
-5.0,5.0
-5.0,5.0
-5.0,5.0
-5.0,5.0
-5.0,5.0
-25.0,5.0
-10.000000000000007,5.0
-25.0,5.0
-25.0,0.0
-25.0,0.0
0.5401662049861491,5.0
-5.0,5.0
-5.0,5.0
-5.0,5.0
-5.0,0.0
5.0,-5.0
5.0,-5.0
25.0,-5.0
-13.05,-5.0
5.0,-5.0
5.0,-5.0
5.0,-5.0
5.0,-5.0
5.0,-5.0
5.0,-5.0
5.0,-5.0
5.0,-5.0
5.0,-5.0
5.0,-5.0
5.0,-5.0
25.0,-5.0
5.0,-5.0
5.0,-5.0
25.0,-5.0
5.0,-5.0
25.0,-5.0
5.134462983625234,-5.0
4.984704354461552,-4.984704354461552
25.0,-4.871305088888391
4.90303786411772,-4.90303786411772
5.185982545141423,-5.185982545141423
-4.916239966903644,4.916239966903644
20.10366436807865,4.89633563192135
-5.025523597285199,5.025523597285199
-5.525623268068663,5.525623268068663
-4.699569461599028,4.699569461599028
-4.639279114648766,4.639279114648766
0.0,0.0
-4.915289301265396,4.915289301265396
-25.0,4.89175981391152
-5.048583195465515,5.048583195465515
-25.0,4.370311269736099
-25.0,5.192583872661334
-14.55223916676034,5.310932829667681
-25.0,4.879359347104863
-5.074595300769969,5.074595300769969
-4.719551585487489,4.719551585487489
-4.7263484108872,4.7263484108872
-5.092707966321171,5.092707966321171
-4.916174800943713,4.7077245160135215
-4.863294123432822,4.863294123432822
-4.88425768139098,4.88425768139098
-4.88425768139098,4.88425768139098
-4.88425768139098,4.88425768139098
4.384612752245597,-4.384612752245597
4.4797294922818764,-4.4797294922818764
5.245369246928155,-5.245369246928155
-4.88425768139098,4.88425768139098
-4.88425768139098,4.88425768139098
-4.88425768139098,4.88425768139098
-4.88425768139098,4.88425768139098
-4.88425768139098,0.0
5.107775346093415,-5.107775346093415
4.893732780407895,-4.893732780407895
5.06576696996072,-5.06576696996072
0.0,0.0
0.0,0.0
0.0,0.0
0.0,0.0
0.0,0.0
0.0,0.0
0.5401662049861491,5.0
-5.0,5.0
-5.0,5.0
-5.0,5.0
-5.0,5.0
-5.0,5.0
-5.0,5.0
-5.0,5.0
-5.0,5.0
-5.0,5.0
-5.000000000000002,5.000000000000002
0.0,5.0
20.0,5.0
20.0,5.0
20.0,5.0
19.7229916897507,-5.0
-5.0,5.0
-5.0,5.0
-5.0,5.0
-10.4875,5.0
-25.0,5.0
-5.0,5.0
-25.0,5.0
-25.0,5.0
-25.0,0.0
0.0,0.0
5.0,-5.0
5.0,-5.0
5.0,-5.0
5.0,-5.0
5.0,-5.0
5.0,-5.0
5.0,-5.0
5.0,-5.0
0.0,0.0
5.0,-5.0
5.0,-5.0
5.0,-5.0
5.0,-5.0
10.54016620498615,-5.000000000000001
-5.0,5.0
-5.0,5.0
-5.0,5.0
-5.0,5.0
20.0,5.0
5.0,-5.0
5.0,-5.0
25.0,-5.0
5.0,-5.0
5.0,-5.0
14.722991689750693,-5.0
25.0,-5.0
4.966608101205873,-4.966608101205873
-5.2654542034508784,5.2654542034508784
-5.295358480817312,5.295358480817312
-5.191204657998439,5.191204657998439
4.822092511351311,-4.822092511351311
25.0,-4.943355475495782
-4.900441245183967,4.900441245183967
-5.04651492572507,5.04651492572507
-25.0,5.152382944642525
-5.166427865769812,5.166427865769812
-5.072941694813312,5.072941694813312
-5.011153635292384,5.011153635292384
-25.0,0.0
-5.104013708115676,5.104013708115676
-5.453503327055185,5.453503327055185
-21.995472373400965,5.204467745393362
-4.969889224053357,4.969889224053357
-4.924983723973125,4.924983723973125
-4.966845200569021,4.966845200569021
-4.891453391891685,4.891453391891685
-4.979781827016963,4.979781827016963
-5.2204824772804646,5.2204824772804646
-4.897278250431378,4.897278250431378
-5.1616488183256095,5.1616488183256095
-5.09786002182659,5.09786002182659
-5.158099876991913,5.158099876991913
-5.232389702463019,5.232389702463019
-4.876389167856001,4.876389167856001
-5.341837588932442,5.341837588932442
-5.010705520701077,5.010705520701077
-5.123673000154203,5.123673000154203
4.621105858955642,-4.621105858955642
5.006993427787306,-5.006993427787306
5.253155395738958,-5.253155395738958
4.9510153948442435,-4.9510153948442435
5.0531186200474,-5.0531186200474
5.077784961496479,-5.077784961496479
5.018424925683666,-5.018424925683666
5.012653556878642,-5.012653556878642
4.979300399681609,-4.979300399681609
5.020237945644912,-5.020237945644912
5.0,-5.0
5.0,-5.0
5.0,-5.0
5.0,-5.0
-5.0,5.0
-5.0,5.0
-5.0,5.0
-5.0,5.0
-5.0,5.0
-5.0,5.0
25.0,-5.0
25.0,-5.0
5.0,-5.0
5.0,-5.0
5.0,-5.0
5.0,-5.0
-5.0,5.0
-5.0,5.0
-5.0,5.0
-5.0,5.0
-5.0,5.0
-5.0,5.0
-5.0,5.0
-25.0,5.0
-5.0,5.0
-5.0,5.0
-25.0,5.0
-25.0,0.0
0.0,0.0
0.0,0.0
0.0,0.0
0.5401662049861491,5.0
-5.0,5.0
-5.0,5.0
-5.0,5.0
5.0,-5.0
4.999999999999998,-4.999999999999998
5.0,-5.0
-5.0,5.0
5.0,-5.0
4.999999999999998,-4.999999999999998
5.0,-5.0
25.0,-5.0
25.0,0.0
4.999999999958367,-4.999999999958367
5.0,-5.0
-5.0,5.0
25.0,-5.0
14.7229916897507,-5.0
4.999999999999998,-4.999999999999998
5.0,-5.0
4.999999999999998,-4.999999999999998
25.0,-5.0
4.999999999999998,-4.999999999999998
5.0,-5.0
4.996768525455912,-4.996768525455912
5.0,-4.881943471294187
4.881943471294192,-4.881943471294192
4.881943471294192,-4.881943471294192
-4.957885906692596,4.957885906692596
4.881943471294174,2.6645352591003757e-15
-4.565339891509312,4.565339891509314
-4.777577060309711,4.777577060309711
-25.0,4.923233868051437
-5.059414945628932,5.059414945628932
-5.224063291553401,5.224063291553401
-25.0,4.176327512337412
-20.148519108842684,5.013421032009669
4.896398431078865,-4.896398431078865
-4.61954755624305,4.61954755624305
-4.964111070414732,4.964111070414732
-4.945399130491071,4.945399130491071
-4.80026680616537,4.80026680616537
-4.751218770704789,4.751218770704789
-4.728351988028195,4.728351988028196
-5.039895768293603,5.039895768293603
-4.995120284559583,4.995120284559583
-4.747204673802366,4.747204673802366
4.690952218008178,-4.663855359819102
-4.9173515751063785,4.9173515751063785
5.037541273247303,-5.037541273247302
-4.604182274939685,4.604182274939685
-4.4054674372924865,4.4054674372924865
-5.3340681655254,5.3340681655254
5.087828566454409,-5.087828566454409
4.970203219840928,-4.970203219840928
5.294526470873663,-5.294526470873663
5.506541949180827,-5.506541949180827
4.871013055054929,-4.871013055054929
4.850833382057906,-4.850833382057906
4.79279307527386,-4.79279307527386
5.361013106556549,-5.361013106556549
-4.877598919465704,4.877598919465704
4.832630856908199,-4.832630856908199
25.0,-5.0350068814938105
25.0,-5.063517459859632
-5.0,5.0
4.999999999999998,-4.999999999999998
5.0,-5.0
4.999999999999998,-4.999999999999998
-5.0,5.0
-5.0,5.0
-5.0,5.0
4.999999999999998,-4.999999999999998
5.0,-5.0
4.999999999999998,-4.999999999999998
5.0,-5.0
4.999999999999998,-4.999999999999998
-5.0,5.0
5.0,-5.0
4.999999999999998,-4.999999999999998
5.0,-5.0
4.999999999999998,-4.999999999999998
-5.0,5.0
4.999999999999998,-4.999999999999998
5.0,-5.0
-5.0,5.0
5.0,-5.0
4.999999999979183,-4.999999999979183
-25.0,0.0
-5.0,5.0
5.0,-5.0
-20.0,-5.0
-20.0,-5.0
0.0,0.0
5.0,-5.0
5.0,-5.0
25.0,-5.0
-18.05,0.0
0.0,0.0
5.0,-5.0
5.0,-5.0
5.0,-5.0
5.0,-5.0
5.0,-5.0
5.0,-5.0
5.0,-5.0
5.0,-5.0
5.0,-5.0
25.0,-5.0
5.216900161541284,-5.0
25.0,-5.0
5.0,-5.0
5.0,-5.0
5.0,-5.0
25.0,-5.0
25.0,-5.0
25.0,-5.0
-5.0,5.0
5.0,-5.0
5.0,-5.0
5.0,-5.0
4.938386561189202,-4.938386561189202
4.883581791651885,-4.883581791651885
4.969144628012377,-4.969144628012377
5.046257733195558,-5.046257733195558
5.046257733195551,-5.046257733195551
4.93914603850039,-4.93914603850039
4.9980740539783435,-4.9980740539783435
-4.991984744715049,4.991984744715049
-5.142386833519799,5.142386833519799
-4.831984009807121,4.831984009807121
-4.819946294917871,4.819946294917871
-25.0,5.2009571462588475
-25.0,5.05177238283154
-5.1096201896855185,5.1096201896855185
-4.632087506605588,4.632087506605588
-25.0,4.746126989767639
-25.0,4.9306905579655265
-5.118692301143911,5.118692301143911
-4.51270283686074,4.51270283686074
-4.859886874670604,4.859886874670604
-5.012885187942036,5.012885187942036
-10.270309695181346,4.86529990958941
-4.970289687022632,4.970289687022632
-4.7277934226573395,4.7277934226573395
4.910283356362637,-4.910283356362637
4.952084873963921,-4.952084873963921
5.032262672705889,-5.032262672705889
-4.873593500838819,4.873593500838819
5.122478553866808,-5.122478553866808
5.203810247681392,-5.203810247681392
5.056257631202146,-5.056257631202146
5.141139213071394,-5.141139213071394
-4.939161896076596,4.939161896076596
-4.8587602767192175,4.8587602767192175
5.061482978689134,-5.061482978689134
5.111313794603053,-5.111313794603053
-4.883721285069448,4.883721285069448
-4.913096813844665,4.913096813844665
-4.970289687022632,5.000618129898397
-4.99766110671801,4.99766110671801
-4.99766110671801,4.99766110671801
-4.99766110671801,4.99766110671801
5.0,-5.0
5.002591571503589,-5.0
-5.0,5.0
-4.9999999999999964,4.9999999999999964
-5.0,5.0
-5.0,5.0
-5.0,5.0
-5.0,5.0
-5.0,5.0
5.0,-5.0
5.0,-5.0
5.0,-5.0
5.0,-5.0
-5.0,5.0
-5.0,5.0
-5.0,5.0
-5.0,5.0
-5.0,5.0
5.0,-5.0
5.0,-5.0
5.0,-5.0
-5.0,5.0
-5.0,5.0
-5.0,5.0
-5.0,5.0
0.0,-5.0
5.0000000000000036,-5.0000000000000036
5.0,-5.0
5.0,-5.0
25.0,-5.0
5.0,-5.0
5.0,-5.0
25.0,-5.0
25.0,-5.0
5.0,-5.0
5.0,-5.0
5.2631578947368425,-5.0
5.0,-5.0
5.0,-5.0
5.0,-5.0
25.0,-5.0
25.0,-5.0
5.0,-5.0
5.0,-5.0
5.0,-5.0
5.0,-5.0
5.0,-5.0
5.0,-5.0
5.0,-5.0
5.0,-5.0
5.0,-5.0
5.0,-5.0
5.0,-5.0
5.0,-5.0
4.965961803893272,-4.965961803893272
4.933230916033449,-4.933230916033449
4.961707227537998,-4.961707227537998
4.938745637462453,-5.088263111378516
5.165670331208942,-5.165670331208942
4.825194284814666,-4.825194284814666
5.165670331208937,-5.165670331208937
-25.0,4.818062162405614
-5.185847795190375,5.185847795190375
-5.492978593452367,5.492978593452367
-25.0,4.850573980512799
-25.0,5.020192611516915
-5.223401849170735,5.223401849170735
-5.118849456824525,5.118849456824525
-25.0,4.965125639718291
-9.902993432057025,5.113150827747176
-4.964040066342166,4.964040066342166
-4.9235049458218105,4.9235049458218105
-5.202094315927704,5.202094315927704
-5.202094315927704,5.202094315927704
-4.986856988381134,4.986856988381134
-5.167277074477705,5.167277074477705
-5.202094315927704,5.195775900190263
-5.195775900190263,5.195775900190263
4.412112471763732,-4.607888371953995
4.972018083935726,-4.972018083935726
4.696919274037195,-4.696919274037195
4.637510639881381,-4.637510639881381
4.547358189025287,-4.547358189025287
4.992824801786925,-4.992824801786925
4.7022098663775305,-4.7022098663775305
4.104679353939434,-4.104679353939434
5.058038413342111,-5.058038413342111
4.989423233350511,-4.989423233350511
4.812983477775182,-4.812983477775182
4.823446480121738,-4.823446480121738
4.956898950083923,-4.956898950083923
4.917820754239215,-4.917820754239215
4.988308232730978,-4.988308232730978
5.098162942951175,-5.098162942951175
-5.0,5.0
5.0,-5.0
5.0,-5.0
-4.999999999999993,4.999999999999993
-5.0,5.0
5.0,-5.0
5.0,-5.0
5.0,-5.0
5.0,-5.0
5.0,-5.0
-5.0,5.0
-5.000000000000002,5.000000000000002
-5.0,5.0
-5.0,5.0
-5.0,5.0
-5.0,5.0
5.0,-5.0
-5.0,5.0
-5.0,5.0
5.0,-5.0
-5.0,5.0
-5.0,5.0
-5.0,5.0
-5.0,5.0
-5.0,5.0
-5.0,5.0
-5.0,5.0
-5.0,0.0
0.0,0.0
5.0,-5.0
5.0,-5.0
5.0,-5.0
5.0,-5.0
5.0,-5.0
5.0,-5.0
5.0,-5.0
5.0,-5.0
5.0,-5.0
5.0,-5.0
0.0,0.0
0.0,0.0
0.0,0.0
0.0,5.0
-4.459833795013851,5.0
-5.0,5.0
-5.0,5.0
25.0,0.0
-5.0,5.0
-5.0,5.0
-5.0,5.0
5.0,-5.0
25.0,-5.0
5.0,-5.0
-5.0,5.0
14.699078780404964,-4.999999999999998
-5.0,5.0
25.0,-4.976087090654264
-5.07356115850349,5.07356115850349
5.024245247852054,-5.024245247852054
-4.9188115174551115,4.9188115174551115
20.050878875471707,4.949121124528293
-4.85583376497498,4.85583376497498
-4.820748167577387,4.820748167577387
-4.887136265386235,4.887136265386235
-4.79899062630111,4.79899062630111
-4.851722353046437,4.851722353046437
-4.822254795103832,4.822254795103832
-9.235040856942534,4.722540856942534
-4.83804775760429,4.83804775760429
-4.824618362892739,4.824618362892739
-4.673559407523337,4.673559407523337
5.0,-5.0
-4.8097494789500255,4.8097494789500255
-4.535872728033776,4.535872728033776
-4.543204450780154,4.543204450780154
-4.8715159216755275,4.8715159216755275
-4.689040504358401,4.689040504358401
-4.662366956671283,4.662366956671283
-4.330565556715857,4.330565556715857
-4.79237162665647,4.79237162665647
-4.979970697849989,4.979970697849989
-4.498044756120135,4.498044756120135
-4.819176768558079,4.819176768558079
-4.997485824683839,4.997485824683839
5.0,-5.0
5.0,-5.0
-4.76427847087851,4.76427847087851
-5.127687570417105,5.127687570417105
-4.48594424207337,4.48594424207337
5.0,-5.0
-5.044947629163287,5.044947629163287
-5.000841003792842,5.000841003792842
5.0,-5.0
-5.003704045785546,5.003704045785546
-5.0598217397946765,5.0598217397946765
-5.104812839229057,5.104812839229057
-4.9358134204423605,4.9358134204423605
-5.0,5.0
5.0,-5.0
-5.0,5.0
-5.0,5.0
-5.0,5.0
5.0,-5.0
-5.0,5.0
-5.0,5.0
-5.0,5.0
-5.0,5.0
-5.0,5.0
-5.0,5.0
-5.0,5.0
-5.0,5.0
5.0,-5.0
5.0,-5.0
5.0,-5.0
-5.0,5.0
-5.0,5.0
-5.0,5.0
-5.0,5.0
-25.0,5.0
-25.0,5.0
-5.0,5.0
-5.487500000000007,5.0
-25.0,0.0
-25.0,0.0
0.0,5.0
-4.459833795013851,5.0
-5.0,5.0
5.0,-5.0
5.0,-5.0
5.0,-5.0
5.0,-5.0
5.0,-5.0
5.0,-5.0
5.0,-5.0
5.0,-5.0
5.0,-5.0
-5.0,5.0
-5.0,5.0
-5.000000000000002,5.000000000000002
-5.0,5.0
-5.0,5.0
-5.0,5.0
-5.0,5.0
-5.0,5.0
-5.0,5.0
25.0,-5.0
25.0,-5.0
25.0,-5.0
25.0,-5.0
-5.0,5.0
5.0,-5.0
-5.0,5.0
19.7229916897507,-4.917489687889198
-5.288621190360113,5.299378672235961
4.90673220601335,-4.90673220601335
4.89069191266012,-4.709374335086307
4.630866552131102,-4.630866552131102
4.7254146284395375,-4.7254146284395375
-5.2966647979657075,5.2966647979657075
-25.0,5.681184354999257
-5.605206841616662,5.605206841616662
-5.712883097582139,5.712883097582139
-5.7997169758733085,5.7997169758733085
-12.445140910295962,5.304012930542188
-5.6711992889544875,5.6711992889544875
-25.0,5.608724856732085
-25.0,5.30341554961166
-25.0,5.400922760091014
-5.5498833084358346,5.5498833084358346
-5.562838869303125,5.562838869303125
-5.244916083158354,5.244916083158354
-5.559579624585501,5.559579624585501
-5.257231660651579,5.257231660651579
-5.588432839513577,5.588432839513577
-5.588432839513577,5.588432839513577
-5.567365142248991,5.567365142248991
-5.588432839513577,5.538279033962896
4.524161316304676,-4.524161316304676
-5.538279033962896,5.538279033962896
4.688561305761992,-4.688561305761992
4.121026700459808,-4.121026700459808
4.506001945852408,-4.506001945852408
4.139410759355042,-4.139410759355042
4.282568223742429,-4.282568223742429
4.279679462496773,-4.279679462496773
-5.538279033962896,5.538279033962896
-5.434877854313227,5.434877854313227
4.952837832706781,-4.952837832706781
4.763498846161731,-4.763498846161731
4.783047687420709,-4.783047687420709
5.06634076176047,-5.06634076176047
4.927437072467122,-4.927437072467122
5.000002147380112,-5.000002147380112
5.0,-5.0
5.0,-5.0
5.0,-5.0
5.0,-5.0
5.0,-5.0
5.0,-5.0
5.0,-5.0
5.0,-5.0
5.0,-5.0
5.0,-5.0
5.0,-5.0
5.0,-5.0
5.0,-5.0
5.0,-5.0
5.0,-5.0
5.0,-5.0
5.0,-5.0
-4.999999999999993,4.999999999999993
5.0,-5.0
-5.0,5.0
5.0,-5.0
5.0,-5.0
5.0,-5.0
5.0,-5.0
-5.0,5.0
-5.0,5.0
-5.538279033962896,0.0
5.0,-5.0
5.0,-5.0
5.0,-5.0
10.54016620498615,-5.000000000000001
-5.0,5.0
-5.0,5.0
-5.0,5.0
-5.0,5.0
-5.0,5.0
5.0,-5.0
-5.0,5.0
-5.0,5.0
5.0,-5.0
-5.0,5.0
-5.0,5.0
-5.0,5.0
-4.999999999999993,4.999999999999993
5.0,-5.0
-5.0,5.0
-5.0,5.0
-5.0,5.0
25.0,-5.0
19.722991689750693,-5.0
-5.0,5.0
25.0,-5.0
25.0,-5.0
25.0,-5.0
5.0,-4.966392667946533
4.771392813917101,-4.7407352277182815
4.833393164520614,-4.833393164520614
4.935735081747715,-4.935735081747715
4.935735081747713,-4.935735081747713
4.935735081747713,0.0
-5.138462043961986,5.138462043961986
-5.026533906344405,5.026533906344405
-5.131898585280776,5.131898585280776
-5.27332071013464,5.27332071013464
-4.935281523510843,4.935281523510843
-4.903418682626919,4.903418682626919
-9.920196536779827,5.020194820532506
-4.970894641720896,4.970894641720896
-4.864096311665996,4.864096311665996
-4.924400543857114,4.924400543857114
-4.798598368246888,4.798598368246888
-4.686118765665708,4.686118765665708
-4.924045523494284,4.924045523494284
-4.967856298562366,4.967856298562366
5.016836801260599,-5.016836801260599
4.950143149259473,-4.950143149259473
5.081813732573896,-5.081813732573896
4.9066252265440164,-4.9066252265440164
5.1226723160915,-5.1226723160915
4.944302512036989,-4.944302512036989
5.429364782545514,-5.429364782545514
4.746699697571877,-4.847017780985016
5.540520553640402,-5.540520553640402
-10.08727145540472,-4.912408744934822
5.013897232656349,-5.013897232656349
4.97878650770641,-4.97878650770641
5.3448066636735145,-5.3448066636735145
-20.00148398511664,-4.998516014883361
-19.6813651219008,-5.3186348780992
5.251577843033361,-5.251577843033361
5.166068111802142,-5.166068111802142
5.102595993466767,-5.102595993466767
5.050151399301558,-5.050151399301558
-4.952763436217414,4.952763436217414
5.043623432794955,-5.043623432794955
4.990521008702545,-4.990521008702545
-5.0,5.0
-5.0,5.0
-5.0,5.0
5.0,-5.0
5.0,-5.0
5.0,-5.0
5.0,-5.0
-5.0,5.0
-5.0,5.0
-5.0,5.0
-5.0,5.0
-5.0,5.0
5.0,-5.0
-5.0,5.0
5.0,-5.0
5.0,-5.0
5.0,-5.0
5.0,-5.0
5.0,-5.0
-5.0,5.0
-5.0,5.0
-5.0,5.0
-25.0,5.0
-5.0,5.0
-5.0,5.0
-5.0,5.0
-5.000000000000001,0.0
0.0,0.0
0.0,0.0
5.0,-5.0
25.0,-5.0
5.0,-5.0
4.999999999958367,-4.999999999958367
4.999999999999998,-4.999999999999998
5.0,-5.0
4.999999999999998,-4.999999999999998
5.0,-5.0
5.0,-5.0
5.0,-5.0
4.999999999999998,-4.999999999999998
5.0,-5.0
25.0,-5.0
25.0,-5.0
5.0,-5.0
5.0,-5.0
20.263157894736842,-5.0
4.999999999999998,-4.999999999999998
-5.0,5.0
-5.0,5.0
-5.0,5.0
20.0,5.0
-5.0,5.0
-5.0,5.0
5.0,-5.0
4.996768525455912,-4.996768525455912
4.95466718360471,-4.86513980526745
4.727674530282499,-4.727674530282499
4.910472621662733,-4.910472621662733
4.678786411772018,-4.678786411772018
4.8460620661682725,-4.8460620661682725
4.625483496709602,-4.625483496709602
4.615709549440596,-4.615709549440596
4.383873994317251,-4.383873994317251
4.077882101379224,-4.077882101379224
-5.8353105285166995,5.8353105285166995
-25.0,0.0
-20.496565245837935,-4.503434754162065
-6.121983002243553,6.121983002243553
-20.706129671173322,5.25471716976176
-25.0,5.504464054443879
-5.191411832103504,5.191411832103504
-5.367614276289633,5.367614276289633
-5.387927121369425,5.387927121369425
-5.25376350617378,5.25376350617378
-5.462531258201759,5.462531258201759
-5.5872983522207935,5.5872983522207935
-5.621350011981701,5.621350011981701
-5.49759780283988,5.49759780283988
4.570447451129254,-4.570447451129254
4.311291422324296,-4.311291422324296
-5.4830094638772175,5.4830094638772175
-5.529266250351802,5.529266250351802
-5.539921910415254,5.539921910415254
-5.069308179739849,5.069308179739849
4.16088081303084,-4.16088081303084
-5.6213500119817,5.6213500119817
-5.6213500119817,5.6213500119817
-5.362051343884299,5.362051343884299
-5.6213500119817,5.6213500119817
-5.601236609452406,5.601236609452406
-5.165138431812006,5.165138431812006
-5.372225122975267,5.372225122975267
-5.455252867403221,5.455252867403221
-5.212072754925701,5.212072754925701
-4.977481807873002,4.977481807873002
-5.001415870515357,5.001415870515357
-5.015916995274304,5.015916995274304
-4.964749707669924,4.964749707669924
5.022893179919819,-5.022893179919819
5.005662735039416,-5.005662735039416
5.041804637589265,-5.041804637589265
-5.0,5.0
4.999999999999998,-4.999999999999998
5.0,-5.0
4.999999999999998,-4.999999999999998
-5.0,5.0
4.999999999999998,-4.999999999999998
5.0,-5.0
4.999999999979183,-4.999999999979183
4.999999999999998,-4.999999999999998
5.0,-5.0
-5.0,5.0
-5.0,5.0
4.999999999999998,-4.999999999999998
-5.0,5.0
4.999999999999998,-4.999999999999998
5.0,-5.0
4.999999999979183,-4.999999999979183
-5.0,5.0
-5.0,5.0
-5.0,5.0
-5.0,5.0
-0.6213500119816997,-5.0
5.0,-5.0
5.0,-5.0
5.0,-5.0
5.0,-5.0
5.0,-5.0
5.0,-5.0
5.0,-5.0
10.54016620498615,-5.000000000000001
-5.0,5.0
-5.0,5.0
-5.0,5.0
-5.0,5.0
-5.0,5.0
-5.0,5.0
-5.0,5.0
-5.0,5.0
-5.0,5.0
-5.0,5.0
-5.0,5.0
-5.0,5.0
25.0,0.0
20.0,5.0
25.0,-5.0
5.0,-5.0
25.0,-5.0
4.7229916897506925,5.0
-5.000000000000002,5.000000000000002
-8.007695791394863,5.066352940931251
-25.0,5.378842850463606
25.0,0.0
-5.104808953728419,5.104808953728419
-5.29012011591702,5.29012011591702
-5.386457179280473,5.386457179280473
-5.508490774292531,5.508490774292531
-5.200140599424332,5.200140599424332
-25.0,5.1565314759223355
17.02155904855877,4.96566369280152
-5.397650576853495,5.397650576853495
-5.117200900046361,5.117200900046361
-25.0,0.0
-4.993234731965874,4.993234731965874
-4.942282209492234,4.942282209492234
-25.0,5.138663064380758
-25.0,4.877459593696649
5.116304039716434,-5.116304039716434
-4.736611497322775,4.736611497322775
-4.9712323055326575,4.9712323055326575
-5.179569615094055,5.179569615094055
-4.807237512649454,4.807237512649454
-5.208017317874365,5.208017317874365
-4.660484402027308,4.660484402027308
-5.18472103945216,5.18472103945216
-5.222648574854222,5.222648574854222
-4.536575037204873,4.536575037204873
5.0951195801991815,-5.0951195801991815
4.955192958900394,-4.955192958900394
5.083319018912304,-5.083319018912304
4.937871120930753,-4.937871120930753
4.455343222452364,-4.455343222452364
5.288871706534476,-5.288871706534476
5.249613712599347,-5.249613712599347
-5.385246007589319,5.385246007589319
-5.137696146699236,5.137696146699236
-4.512149636242035,4.512149636242035
-4.898429463127919,4.898429463127919
-4.895097163108964,4.895097163108964
4.743140834602444,-4.743140834602444
4.960274740097324,-4.960274740097324
5.136275954304044,-5.136275954304044
5.0,-5.0
5.0,-5.0
5.0,-5.0
5.0,-5.0
5.0,-5.0
5.0,-5.0
5.0,-5.0
4.998707410305636,-4.998707410305636
4.997630252175636,-4.997630252175636
4.9991382735884535,-4.9991382735884535
4.99202903042354,-4.99202903042354
5.0,-5.0
5.0,-5.0
5.0,-5.0
-5.0,5.0
-5.0,5.0
5.0,-5.0
5.0,-5.0
-5.0,5.0
-5.0,5.0
-5.0,5.0
5.0,-5.0
-25.0,5.0
-5.0,5.0
-5.0,5.0
5.0,-5.0
-5.016122658077423,-5.0
0.0,0.0
0.0,0.0
0.0,0.0
0.5401662049861491,5.0
-5.0,5.0
-5.0,5.0
-5.0,5.0
-5.0,5.0
-5.0,5.0
-5.0,5.0
-5.0,5.0
-5.0,5.0
-5.0,5.0
-5.0,5.0
-5.0,5.0
-5.0,5.0
-5.0,5.0
-5.0,5.0
-5.0,5.0
-5.0,5.0
-5.0,5.0
-5.0,5.0
-5.0,5.0
-5.0,5.0
-5.0,5.0
-5.0,5.0
-5.0,5.0
19.914042785324785,5.085957214675215
19.648818531521414,5.351181468478586
19.40109551570511,5.321896174045584
19.927262954702506,5.072737045297494
-5.083475543445607,5.083475543445607
-5.300048694277393,5.300048694277393
-5.037409363459156,5.037409363459156
-4.934413695957254,4.934413695957254
-4.924282519309827,4.924282519309827
-5.335274288038062,5.335274288038062
-5.216706954061868,5.216706954061868
-25.0,4.638449787081193
-25.0,4.982432645726107
-5.193481995285887,5.193481995285887
-5.069716532050519,5.069716532050519
-25.0,4.87556047143574
-25.0,4.895428357660776
-14.391871261903821,5.087526878039414
-4.805041751152044,4.759068349820416
-4.91166714684354,4.91166714684354
-4.972196698624938,4.972196698624938
-5.0415534767077865,5.0415534767077865
-5.030630841331483,5.030630841331483
-4.95357406604588,4.95357406604588
-5.0415534767077865,5.0415534767077865
-5.016228059678462,5.016228059678462
-5.036693011260375,5.036693011260375
-5.0415534767077865,5.0415534767077865
4.670933676919831,-4.670933676919831
4.835888444864133,-4.835888444864133
4.7772289825673075,-4.7772289825673075
4.713402317229584,-4.713402317229584
4.784643701185173,-4.784643701185173
-5.0415534767077865,5.0415534767077865
-4.937458981736214,4.937458981736214
-5.0415534767077865,5.0415534767077865
-5.0415534767077865,5.0415534767077865
-5.0415534767077865,5.0415534767077865
-5.0415534767077865,5.0415534767077865
-5.0415534767077865,5.0415534767077865
4.9044306090011105,-4.9044306090011105
-4.930431328999764,4.8888778522919765
-5.0,5.0
-5.0,5.0
-5.0,5.0
-5.0,5.0
-5.0,5.0
-5.0,5.0
-4.999999999999993,4.999999999999993
-5.0,5.0
-4.999999999999993,4.999999999999993
-5.0,5.0
-5.0,5.0
5.0,-5.0
-5.0,5.0
-5.0,5.0
-5.0,5.0
-5.0,5.0
5.0,-5.0
5.0,-5.0
-5.0,5.0
-5.0,5.0
-5.0,5.0
-5.0,5.0
-5.0,5.0
-5.0,5.0
-5.0,5.0
-5.0,5.0
-5.0,0.0
0.0,0.0
0.0,0.0
0.0,5.0
-4.459833795013854,5.000000000000003
-5.0,5.0
-5.0,5.0
-5.0,5.0
-5.0,5.0
-5.0,5.0
-5.0,5.0
-5.0,5.0
-5.0,5.0
-5.0,5.0
-5.0,5.0
-5.0,5.0
-5.0,5.0
-5.0,5.0
-5.0,5.0
-5.0,5.0
-5.0,5.0
-5.0,5.0
-5.0,5.0
-5.0,5.0
-5.0,5.0
-0.44095112716521445,5.0
20.0,5.0
25.0,0.0
25.0,-4.933431635671084
25.0,-4.7223152809486635
4.819689733535657,-4.819689733535657
4.8196897335356645,-4.8196897335356645
4.819689733535657,-4.819689733535657
4.819689733535657,0.0
0.0,0.0
0.0,0.0
0.0,-4.606959639947117
5.10466442099404,-5.10466442099404
5.1046644209940295,-5.1046644209940295
5.104664420994037,-5.203807565305317
-25.0,0.0
-5.183815343059869,5.183815343059869
-25.0,4.822099138398084
-25.0,4.950957960438878
-25.0,4.933045685421426
-4.939072825412232,4.939072825412232
-4.72847411503301,4.72847411503301
-5.0,5.0
-4.941333595082747,4.941333595082747
5.100838405990507,-5.100838405990507
-5.0,5.0
5.102387241493422,-5.102387241493422
5.111250443191643,-5.111250443191643
4.989076102329075,-4.989076102329075
4.836493715136054,-4.836493715136054
4.958928088691042,-4.958928088691042
4.989622675901008,-4.989622675901008
5.250406433622843,-5.250406433622843
4.479113492505656,-4.479113492505656
-4.845216802131077,4.845216802131077
-5.0,5.0
4.939830833333586,-4.939830833333586
4.769744206597842,-4.769744206597842
-4.884612386180155,4.884612386180155
5.228176794157413,-5.228176794157413
5.119470821352895,-5.119470821352895
4.823887967666273,-4.823887967666273
-5.0,5.0
-5.0,5.0
-4.960315054631859,4.960315054631859
4.9033044819447875,-4.9033044819447875
5.083480813279118,-5.083480813279118
5.0,-5.0
-4.999999999999993,4.999999999999993
-4.999999999999993,4.999999999999993
5.0,-5.0
5.0,-5.0
-5.0,5.0
-5.0,5.0
-5.0,5.0
-5.0,5.0
5.0,-5.0
-5.0,5.0
-5.0,5.0
-5.0,5.0
-5.0,5.0
-5.0,5.0
-5.0,5.0
-5.0,5.0
-5.0,5.0
5.0,-5.0
5.0,-5.0
-5.0,5.0
-5.0,5.0
-4.999999999999999,4.999999999999999
5.0,-5.0
-5.0,0.0
0.0,0.0
0.0,0.0
0.0,0.0
0.0,0.0
0.0,0.0
0.0,5.000000000000003
-4.512500000000003,5.0
-4.947333795013847,4.9999999999999964
-5.0,5.0
-5.0,5.0
-5.0,5.0
-5.0,5.0
-5.0,5.0
-5.0,5.0
-5.0,5.0
25.0,-2.8393351800554036
-25.0,5.0
-5.0,5.0
-5.0,5.0
-5.000000000000002,5.000000000000002
19.722991689750693,5.0
25.0,0.0
25.0,0.0
-5.0,5.0
25.0,0.0
-5.0,5.0
-5.0,5.0
-5.050410998080201,5.050410998080201
-5.270878347548538,5.270878347548538
-5.43584532424865,5.43584532424865
-5.144640344996228,5.144640344996228
-4.979703564750312,4.979703564750312
-4.936641330393903,4.936641330393903
-4.905669985087757,4.905669985087757
-4.915847866636251,4.915847866636251
-4.842118499977934,4.842118499977934
0.0,0.0
-5.009635094860432,5.009635094860432
-4.923960003033546,4.923960003033546
-24.99999999998721,3.559819106158102e-11
-5.134141525039736,5.134141525039736
-9.84394440922884,4.968172503365531
-24.999999999972808,5.034144438415723
-24.99999999999743,4.955694721013199
-4.944537929984254,4.944537929984254
-4.8664429173709,4.8664429173709
-25.0,4.93528594154202
-4.975001517278137,4.975001517278137
-5.049353195185789,5.049353195185789
-4.918438726350784,4.918438726350784
-4.962998357704203,4.962998357704203
5.127435584852909,-5.127435584852909
4.899237331686896,-4.899237331686896
4.987626988101411,-4.987626988101411
5.134640131415981,-5.134640131415981
5.109002296467363,-5.109002296467363
5.030333570947674,-5.030333570947674
4.949429321649939,-4.949429321649939
-4.910543073481401,4.910543073481401
-5.033471004234141,5.033471004234141
4.733730309844858,-4.733730309844858
5.028406047057738,-5.028406047057738
5.180633098314271,-5.180633098314271
5.11545325314026,-5.11545325314026
-4.781555497389018,4.781555497389018
-5.049353195185789,5.049353195185789
-5.0357712206116325,5.0357712206116325
-4.956720256501297,4.956720256501297
-4.8615493364129785,4.8615493364129785
5.0,-5.0
5.0,-5.0
5.0,-5.0
-5.0,5.0
5.0,-5.0
-5.0,5.0
-5.0,5.0
5.0,-5.0
5.0,-5.0
-5.0,5.0
-5.0,5.0
5.0,-5.0
-5.0,5.0
-5.0,5.0
5.0,-5.0
5.0,-5.0
5.0,-5.0
5.0,-5.0
5.0,-5.0
5.0,-5.0
5.0,-5.0
5.0,-5.0
5.0,-5.0
5.0,-5.0
5.0,-5.0
5.0,-5.0
-0.04935319518578929,-5.0
5.0,-5.0
5.0,-5.0
0.0,0.0
0.0,5.0
-4.512499999999999,4.512499999999999
-4.512499999999999,4.512499999999999
-4.512499999999999,4.512499999999999
-4.512499999999999,5.000000000000002
-4.952468750000005,5.0
-4.9953657031250005,5.0
-4.999548156054671,5.0
19.723040503916533,5.0
-5.0,5.0
25.0,0.0
25.0,0.0
20.0,5.0
-5.0,5.0
-5.0,5.0
-5.0,5.0
-5.0,5.0
-5.0,5.0
-5.0,5.0
-5.0,5.0
-5.0,5.0
-5.0,5.0
-5.0,5.0
-5.0,5.0
-5.105561488419179,5.105561488419179
-5.36986534207023,5.36986534207023
-5.2766309988910995,5.2766309988910995
-5.04918736122964,5.04918736122964
-5.071655416592064,5.071655416592064
-4.941432685210683,4.941432685210683
-4.832578077214261,4.832578077214261
-4.822979588897907,4.822979588897907
-25.0,4.888741351893305
17.29448326050064,4.9894598398945895
-5.108503058943807,5.108503058943807
-25.0,4.991140585185651
-25.0,0.0
-4.891007170742313,4.891007170742313
-9.387432402860636,4.947197584755764
-25.0,4.616466295067326
-25.0,4.941548816316036
-4.95895775261469,4.95895775261469
-4.9120571958821735,4.9120571958821735
-5.108920878464152,5.108920878464152
-4.882890616313835,4.882890616313835
-4.896195832791809,4.896195832791809
5.123648069835387,-5.123648069835387
-5.108920878464152,5.108920878464152
-4.7203323147120635,4.7203323147120635
-5.108920878464152,4.927121419917858
-4.927121419917858,4.774269532822741
-4.774269532822741,0.0
0.0,0.0
5.253531875110388,-5.253531875110388
4.992666699385344,-4.992666699385344
5.005299743976355,-5.005299743976355
4.802265334127871,-4.802265334127871
5.031149644421703,-5.031149644421703
5.2113933248446545,-5.2113933248446545
5.182368753421449,-5.182368753421449
4.8433896306637,-4.8433896306637
5.313075574790906,-5.313075574790906
4.899462809064003,-4.899462809064003
0.0,0.0
4.961550505771161,-4.961550505771161
0.0,0.0
5.000307743484515,-5.000307743484515
5.0,-5.0
5.028298390445616,-5.028298390445616
0.0,0.0
4.999999999999998,-4.999999999999998
0.0,0.0
0.0,0.0
5.0,-5.0
4.999999999999998,-4.999999999999998
5.0,-5.0
0.0,0.0
5.0,-5.0
0.0,0.0
4.999999999999998,-4.999999999999998
5.0,-5.0
4.999999999999998,-4.999999999999998
5.0,-5.0
4.999999999999998,-4.999999999999998
5.0,-5.0
4.999999999999998,-4.999999999999998
5.0,-5.0
0.0,0.0
0.0,0.0
4.999999999979183,-4.999999999979183
5.0,-5.0
5.0,-5.0
5.0,-5.0
5.0,-5.0
5.0,-5.0
0.0,0.0
0.5401662049861491,5.0
-5.0,5.0
-5.0,5.0
-5.0,5.0
-5.0,5.0
5.0,-5.0
-5.0,5.0
-5.0,5.0
-5.0,5.0
-5.0,5.0
-5.0,5.0
25.0,0.0
25.0,-5.0
25.0,-5.0
25.0,-5.0
-20.0,-5.0
-14.400000000000011,5.0
25.0,0.0
-25.0,5.0
25.0,0.0
-5.0,5.0
25.0,-5.0
-5.0,5.0
-5.0,5.0
-5.101468291007585,5.101468291007585
4.709466305083634,-4.709466305083634
4.912691341143605,-4.912691341143605
4.989530370606673,-4.989530370606673
5.0,-5.0
-0.1305417763474468,5.130541776347447
-4.89070548232732,4.89070548232732
-4.727892828358933,4.727892828358933
-5.182711466411703,5.182711466411703
-4.508892284966345,4.508892284966345
0.0,0.0
-9.763703495677557,4.7613108162188915
-25.0,0.0
-4.386365132756535,4.386365132756535
-25.0,4.661450057414207
-25.0,5.340942622044448
-25.0,5.0
-4.997008992889847,4.997008992889847
-4.542255363010184,4.542255363010184
-4.946348060474213,4.946348060474213
-4.622626923976841,4.622626923976841
4.970434535330667,-4.970434535330667
4.852293856937183,-4.852293856937183
5.412667464840802,-5.412667464840802
5.242904616675962,-5.242904616675962
5.205018421422817,-5.205018421422817
5.652893492325905,-5.652893492325905
-5.0,5.0
-5.0,5.0
-4.545596341304673,4.545596341304673
5.26349548214656,-5.26349548214656
-4.806968012747358,4.806968012747358
-4.925120840726593,4.925120840726593
-4.674758271841913,4.674758271841913
5.179492615122027,-5.179492615122027
5.230167196098278,-5.230167196098278
5.08060192973543,-5.08060192973543
5.049609993248239,-5.049609993248239
5.159085295179014,-5.159085295179014
-4.926343057495703,4.926343057495703
-4.9804203804478995,4.9804203804478995
-5.0,5.0
5.0,-5.0
5.0,-5.0
-5.0,5.0
-5.0,5.0
-5.0,5.0
5.0,-5.0
5.0,-5.0
5.0,-5.0
5.0,-5.0
-5.0,5.0
-5.0,5.0
-5.0,5.0
-5.0,5.0
-5.0,5.0
-5.0,5.0
-5.0,5.0
-5.0,5.0
-5.0,5.0
5.0,-5.0
-5.0,5.0
-5.0,5.0
5.0,-5.0
-5.0,5.0
-5.0,5.0
5.0,-5.0
5.0,-5.0
0.0,-5.0
5.0,-5.0
5.0,-5.0
5.0,-5.0
5.0,-5.0
5.0,-5.0
0.0,0.0
0.0,0.0
0.0,0.0
0.0,0.0
5.0,-5.0
5.0,-5.0
25.0,-5.0
5.0,-5.0
5.0,-5.0
5.0,-5.0
-5.0,5.0
-5.0,5.0
-5.0,5.0
-4.999999999999999,4.999999999999999
20.0,5.0
25.0,-5.0
-5.0,5.0
-5.0,5.0
-5.0,5.0
25.0,-5.0
20.064529169250974,-5.0
5.0,-5.0
4.962945762916701,-4.962945762916701
4.916534160444312,-4.916534160444312
5.0638265469976025,-5.0638265469976025
5.198628725485861,-5.198628725485861
5.128807856895375,-5.128807856895375
5.198628725485869,-5.198628725485869
5.198628725485869,-5.198628725485869
4.813648391468061,-4.813648391468061
5.177971234527171,-5.177971234527171
5.198628725485869,-5.198628725485869
4.996503601680003,-4.996503601680003
-5.348020781358353,5.348020781358353
-8.772776083869125,4.73480483814303
-4.835325145888438,4.835325145888438
-25.0,4.890629113502605
-24.999999999999996,4.997980644176209
-25.0,4.556553689783122
-25.0,4.529221539876239
-5.014039871948794,5.014039871948794
-5.244651316861093,5.244651316861093
-4.592674250431781,4.592674250431781
-5.049484473826624,5.049484473826624
-4.966463987592755,4.966463987592755
-4.966006090218115,4.966006090218115
-4.598520252406413,4.598520252406413
-4.925129519002125,4.925129519002125
-5.149035970448572,5.149035970448572
-4.510563247474073,4.510563247474073
-5.045792577626829,5.045792577626829
5.269666524986718,-5.269666524986718
5.1667263984482465,-5.1667263984482465
4.15200530396004,-4.15200530396004
5.312336185715248,-5.312336185715248
-4.57087820916949,4.57087820916949
-5.153898171551095,5.153898171551095
-4.92599955557131,4.92599955557131
-4.9708065177775005,4.9708065177775005
5.13946635712173,-5.13946635712173
5.044966721369468,-5.044966721369468
4.912484837632557,-4.912484837632557
-4.913081607139126,4.913081607139126
-5.04430237965384,5.04430237965384
4.994398778401992,-4.994398778401992
-5.000000000000001,5.000000000000001
5.0,-5.0
4.998491978741272,-4.998491978741272
5.0,-5.0
5.0,-5.0
-5.000000000000001,5.000000000000001
-5.000000000000001,5.000000000000001
-5.0,5.0
5.0,-5.0
-5.0,5.0
5.0,-5.0
-5.0,5.0
5.0,-5.0
5.0,-5.0
-5.0,5.0
-5.0,5.0
-5.0,5.0
5.0,-5.0
5.0,-5.0
5.0,-5.0
-5.0,5.0
-5.244651316861094,4.999999999999999
5.0,-5.0
5.0,-5.0
5.0,-5.0
-4.999999999999999,0.0
5.000000000000001,-5.000000000000001
5.0,-5.0
5.0,-5.0
10.54016620498615,-5.000000000000001
5.0,-5.0
5.0,-5.0
5.0,-5.0
5.0,-5.0
5.0,-5.0
5.0,-5.0
5.0,-5.0
5.0,-5.0
5.0,-5.0
-5.0,5.0
-5.0,5.0
-5.0,5.0
5.0,-5.0
5.0,-5.0
-5.0,5.0
14.389263691214708,5.0
5.0,-5.0
-5.0,5.0
20.0,5.0
-5.0,5.0
5.0,-5.0
-5.0,5.0
-5.0,5.0
4.9321390410458825,-4.9321390410458825
4.6393115398419065,-4.6393115398419065
4.758432468903877,-4.758432468903877
-5.0932001034374705,5.0932001034374705
-5.167296955618026,5.167296955618026
-5.325654656286769,5.325654656286769
-5.017847583680289,5.017847583680289
-5.136479925829588,5.136479925829588
-4.8855521645272795,4.8855521645272795
-4.978623040552678,4.978623040552678
-5.279975054028735,5.279975054028735
-5.370270144177273,5.370270144177273
-5.0331137748557175,5.0331137748557175
-5.333767108257719,5.333767108257719
-4.944720331557335,4.944720331557335
-4.7071097785319225,4.7071097785319225
-4.79136794464404,4.79136794464404
-5.34152517101315,5.34152517101315
-5.16219791648679,5.16219791648679
-5.07564174301277,5.07564174301277
-4.964311144112542,4.964311144112542
-5.183092679387971,5.183092679387971
-4.923035372221903,4.923035372221903
-5.265177805305899,5.265177805305899
-5.227193466645784,5.227193466645784
5.320783776908712,-5.320783776908712
4.968619986809526,-4.968619986809526
5.109834779771496,-5.109834779771496
4.5297340314933425,-4.5297340314933425
4.957560392466585,-4.957560392466585
4.316233936922228,-4.316233936922228
4.435895049189602,-4.435895049189602
5.278809956091333,-5.278809956091333
4.555286661554878,-4.555286661554878
-5.811774098542394,5.811774098542394
-5.345822653058525,5.345822653058525
-4.632391719609828,4.632391719609828
4.822333609624381,-4.822333609624381
-5.531880935877352,5.531880935877352
4.8280792591764525,-4.8280792591764525
4.905977906082453,-4.905977906082453
-5.014488164050284,5.014488164050284
4.981446065710215,-4.981446065710215
-25.0,5.007109243319004
-25.0,4.975718517882164
5.036717693804559,-5.036717693804559
-4.997515933615651,4.997515933615651
5.005240453110344,-5.005240453110344
-5.032341516811467,5.032341516811467
-4.964919525743476,4.964919525743476
-5.0334768201580005,5.0334768201580005
-5.044138242522447,5.044138242522447
-5.044138242522447,5.044138242522447
-5.0,5.0
-5.0,5.0
-5.0,5.0
-5.0,5.0
-5.0,5.0
5.0,-5.0
-5.0,5.0
5.0,-5.0
5.0,-5.0
5.0,-5.0
-5.0,5.0
-5.0,5.0
5.0,-5.0
5.0,-5.0
5.0,-5.0
-0.0441382425224468,-5.0
5.0,-5.0
5.0,-5.0
5.0,-5.0
5.0,-5.0
0.0,0.0
0.0,0.0
0.0,0.0
0.5401662049861491,5.0
-5.0,5.0
-5.0,5.0
-5.0,5.0
-5.0,5.0
-5.0,5.0
-5.0,5.0
5.0,-5.0
-5.0,5.0
-5.0,5.0
25.0,-5.0
25.0,-5.0
20.0,5.0
5.0,-5.0
-5.0,5.0
-5.0,5.0
25.0,-5.0
-5.0,5.0
-5.0,5.0
-5.0,5.0
14.722991689750685,-4.838641726394661
4.695196143259491,-4.601625970540468
4.745071553675645,-4.745071553675645
-0.2808547155944252,5.025926269270063
-5.166221480598885,5.166221480598885
-4.935866597068791,4.935866597068791
-5.041791419244297,5.041791419244297
-4.937530301382434,4.937530301382434
-4.874315217789751,4.874315217789751
-4.982859301308818,4.982859301308818
-4.913084072558309,4.913084072558309
-4.806505381767881,4.806505381767881
-4.693397472037901,4.693397472037901
-5.517840590568074,5.517840590568074
0.0,0.0
-5.240769445320478,5.240769445320478
-4.8575046091425875,4.8575046091425875
-25.0,4.672272971515259
-4.915353047143876,4.915353047143876
-5.171754749080572,5.171754749080572
4.927739313136014,-4.927739313136014
-4.858820551287485,4.858820551287485
-4.772025172982331,4.772025172982331
-4.7195711510541525,4.7195711510541525
-5.162801924464087,5.162801924464087
-4.808513692513714,4.808513692513714
-5.065003123926736,5.065003123926736
-5.683203079675735,5.683203079675735
-5.0120700611889735,5.0120700611889735
-5.371821504269434,5.371821504269434
-5.0466279010938635,5.0466279010938635
-5.699985917841182,5.699985917841182
11.996420666178363,5.15917913889492
-4.647405136286921,4.647405136286921
-4.9722882149851335,4.9722882149851335
4.568638267360263,-4.568638267360263
5.368197456405645,-5.368197456405645
4.7332302833871625,-4.7332302833871625
4.884876836903759,-4.884876836903759
4.960193775731244,-4.960193775731244
-4.880652745456724,4.880652745456724
-25.0,0.0
-25.0,4.844798204406089
-25.0,5.0
-25.0,5.0
-4.996114613348708,4.996830729522871
-4.986111764274616,4.986111764274616
-4.996114465462825,4.996114465462825
-4.9980128123494,4.9980128123494
4.9946142091959125,-4.9946142091959125
4.999353705152818,-4.999353705152818
-5.000646294847182,5.000646294847182
4.999353705152818,-4.999353705152818
5.0,-5.0
-5.0,5.0
-5.0,5.0
-5.0,5.0
5.0,-5.0
5.0,-5.0
-5.0,5.0
25.0,-2.8400512962295643
5.0,-5.0
5.0,-5.0
5.0,-5.0
-25.0,0.0
5.0,-5.0
5.0,-5.0
0.0,0.0
5.0,-5.0
0.0,0.0
0.0,0.0
0.0,0.0
0.0,0.0
0.0,0.0
0.0,0.0
5.0,-5.0
10.54016620498615,-5.000000000000001
-4.999999999999999,4.999999999999999
-4.999999999999999,4.999999999999999
-5.0,5.0
-5.0,5.0
-5.0,5.0
25.0,-5.0
-5.0,5.0
-5.0,5.0
-23.05,5.0
25.0,-5.0
25.0,-5.0
9.321329639889193,-5.0
-25.0,5.0
-25.0,5.0
-5.0,5.0
-5.0,5.0
20.0,5.0
20.0,5.0
25.0,-0.2770083102493075
19.89702368110787,5.102976318892129
-5.132045977901412,5.132045977901412
-4.98329337287244,4.98329337287244
-4.905609394945833,4.905609394945833
-5.088646375583546,5.088646375583546
-4.965656276820605,4.965656276820605
-5.158373163777879,5.158373163777879
-4.710579195304344,4.710579195304344
-9.449973451577272,4.9856679068458885
4.946598941530619,-4.946598941530619
4.946598941530614,-4.946598941530614
-4.981107236371535,4.981107236371535
-25.0,5.360429295293226
-4.942389504535223,4.942389504535223
-4.386801886696233,4.386801886696233
-25.0,5.329433335241923
-4.8546543478829465,4.8546543478829465
-4.695550631091772,4.695550631091772
-5.191045135515407,5.191045135515407
-5.117648383490358,5.117648383490358
-5.060320010873911,5.060320010873911
-5.196341092607892,5.196341092607892
-5.04714544188946,5.04714544188946
-5.101759249918278,5.101759249918278
-4.858082740080105,4.858082740080105
-5.215823347825484,5.215823347825484
-4.869538063787483,4.869538063787483
-5.051908079503556,5.051908079503556
-5.159266237223938,5.159266237223938
-5.18316115887129,5.18316115887129
-5.029036247648471,5.029036247648471
-5.13622872919953,5.13622872919953
-5.221114255739478,5.221114255739478
-5.246418844907515,5.246418844907515
-5.0042050189642096,5.0042050189642096
-5.044277192931434,5.044277192931434
-5.132005406963282,5.132005406963282
-5.135521528636769,5.135521528636769
-5.055174582415267,5.055174582415267
-5.10098001966857,5.10098001966857
-4.98906036309299,4.98906036309299
-5.0359283565688955,5.0359283565688955
5.0138181863863975,-5.0138181863863975
5.018052945702252,-5.018052945702252
4.992985468224459,-4.992985468224459
-4.989155005604714,4.989155005604714
0.0,0.0
-5.004686078952105,5.004686078952105
-5.005432814976937,5.005432814976937
4.987720397903541,-4.987720397903541
4.98750496587691,-4.98750496587691
4.990951872139451,-4.990951872139451
-5.0,5.0
-4.999999999999993,4.999999999999993
-4.999999999999993,4.999999999999993
5.0,-5.0
5.0,-5.0
5.0,-5.0
5.0,-5.0
-6.225557085803761,5.0
-5.0,5.0
-25.0,0.0
-25.0,0.0
0.0,0.0
5.0,-5.0
5.0,-5.0
0.0,0.0
0.0,0.0
5.0,-5.0
5.0,-5.0
5.0,-5.0
5.0,-5.0
5.0,-5.0
5.0,-5.0
5.0,-5.0
5.0,-5.0
5.0,-5.0
5.0,-5.0
5.0,-5.0
5.0,-5.0
5.0,-5.0
0.0,0.0
5.084471096945032,5.0
20.0,5.0
25.0,0.0
25.0,-5.0
5.0,-5.0
5.0,-5.0
-5.0,5.0
-5.0,5.0
-5.0,5.0
-5.0,5.0
25.0,-5.0
5.0,-5.0
-5.0,5.0
4.9956913677881785,-4.9956913677881785
4.958852560574268,-4.958852560574268
4.970334735162004,-4.970334735162004
4.911275736893519,-4.911275736893519
4.926531770541901,-4.926531770541901
5.178686797791813,-5.178686797791813
4.905144554950764,-4.905144554950764
5.178686797791811,-5.178686797791811
-23.14644794924018,5.057312436146827
4.948542559676998,-4.948542559676998
25.0,-4.970381834530141
5.147221421927431,-5.147221421927431
5.1924320817328695,-5.1924320817328695
-4.88447511163986,4.88447511163986
4.789004929109028,-4.789004929109028
5.192432081732872,-5.192432081732872
-4.953390086604519,4.953390086604519
5.040076907572061,-5.040076907572061
-4.800927823707004,4.749172591120252
-4.9855255831271,4.9855255831271
-4.874492570184338,4.874492570184338
-4.614333963874744,4.614333963874744
4.9822404613696945,-4.9822404613696945
-4.793457357819426,4.793457357819426
-4.826879132563253,4.826879132563253
-4.837921685928778,4.837921685928778
5.249778599834537,-5.249778599834537
4.888216237329971,-4.888216237329971
5.249778599834537,-5.249778599834537
-5.042952572511,5.042952572511
5.220648311236613,-5.220648311236613
-4.834367222056104,4.834367222056104
5.171735183513907,-5.171735183513907
-5.006181141197145,5.006181141197145
5.147706300849645,-5.147706300849645
5.249778599834537,-5.249778599834537
5.249778599834529,-5.249778599834529
-19.88775037172052,-5.1122496282794785
-25.0,0.0
-25.0,0.0
24.99999999997732,2.2680524125462398e-11
-25.0,4.93430002040941
-5.011848738043198,5.011848738043198
25.0,-5.0
25.0,-5.0
20.0,5.0
-5.0,5.0
5.0,-5.0
20.585734255890586,0.0
-5.0,5.0
-5.0,5.0
-5.0,5.0
-15.000000000000002,5.0
-25.0,5.0
-25.0,5.0
-25.0,5.0
-25.0,5.0
-5.0,5.0
25.0,0.0
14.3213296398892,5.0
-25.0,5.0
-25.0,0.0
5.0,-5.0
0.0,0.0
0.0,5.0
-4.5125,4.5125
-4.5125,4.5125
-4.5125,4.5125
-4.5125,4.5125
-4.5125,0.0
0.0,0.0
5.0,-5.0
10.54016620498615,-5.000000000000001
-5.0,5.0
5.0,-5.0
-5.0,5.0
5.0,-5.0
5.0,-5.0
5.0,-5.0
-5.0,5.0
-5.0,5.0
-5.0,5.0
25.0,0.0
25.0,-5.0
5.0,-5.0
25.0,-5.0
14.722991689750685,-5.0
5.0,-5.0
5.0,-5.0
25.0,-5.0
5.0,-5.0
5.0,-5.0
5.0,-5.0
5.0,-5.0
5.0,-5.0
5.0,-5.0
5.0,-5.0
4.989874713855363,-4.989874713855363
4.951380439601487,-4.951380439601487
4.986921917660824,-4.986921917660824
5.0,-5.125142561187959
5.138662117659788,-5.138662117659788
5.138662117659788,-5.138662117659788
-4.907867008879788,4.907867008879788
-4.884556766323312,4.884556766323312
5.138662117659795,-5.138662117659795
5.138662117659788,-5.138662117659788
-4.954827682393747,4.954827682393747
-5.087748410745823,5.087748410745823
-25.0,4.982713821853469
-5.053085800387191,5.053085800387191
-5.07234936306128,5.07234936306128
-25.0,4.982636821881442
-25.0,4.917579103712249
-25.0,4.711225805725185
-5.187011473046323,5.187011473046323
-9.956512991984404,4.987043176838085
-4.666983957043205,4.666983957043205
-4.9515121077785516,4.9515121077785516
-4.627748999984954,4.627748999984954
5.009766057927609,-5.009766057927609
4.484116912819168,-4.484116912819168
-4.8424552170687285,4.8424552170687285
-4.909714377061137,4.909714377061137
-4.987043176838085,4.987043176838085
4.936734424622379,-4.936734424622379
5.018600226849491,-5.018600226849491
-4.8357873035074315,4.8357873035074315
-4.872735771642218,4.872735771642218
-4.987043176838085,5.3524409302055815
-5.316814649252251,5.316814649252251
-4.589705333477538,4.589705333477538
-5.138201932376151,5.138201932376151
-5.199902104633924,5.199902104633924
-5.316814649252251,4.825805156518979
4.803389880850496,-4.803389880850496
4.988090960268924,-4.988090960268924
5.036506408613,-5.036506408613
-4.825805156518979,4.825805156518979
4.896785958610023,-4.896785958610023
5.012159092406631,-5.012159092406631
5.227348797724975,-4.982172849713928
-5.047076449598949,5.047076449598949
4.977940607591063,-4.977940607591063
4.988919597519127,-4.988919597519127
4.967038962793715,-4.967038962793715
-5.0387776908309245,5.0387776908309245
-5.034253626900649,5.034253626900649
-5.031668445046502,5.031668445046502
4.965315509046089,-4.965315509046089
5.0,-5.0
5.0,-5.0
5.0,-5.0
-5.0,5.0
5.0,-5.0
5.0,-5.0
5.0,-5.0
-5.0,5.0
-5.0,5.0
-5.000000000000002,5.000000000000002
-5.0,5.0
-5.0,5.0
-5.0,5.0
-5.0,5.0
-5.047076449598949,5.0
-5.0,0.0
0.0,0.0
0.0,0.0
0.0,0.0
0.0,0.0
5.0,-5.0
5.0,-5.0
5.0,-5.0
5.0,-5.0
5.0,-5.0
5.0,-5.0
5.0,-5.0
10.54016620498615,-5.000000000000001
5.0,-5.0
5.0,-5.0
5.0,-5.0
-5.0,5.0
-5.0,5.0
-5.0,5.0
-5.0,5.0
20.0,5.0
-5.039639418937447,5.039639418937447
19.957990834933167,5.042009165066833
25.0,-4.948080983896933
25.0,-4.955570173583098
-0.38240528062981594,5.061398010482296
4.947650117378252,-4.947650117378252
-5.084449196652349,5.084449196652349
4.947650117378244,-4.82809629522303
4.742403989839387,-4.742403989839387
4.785046215383211,-4.785046215383211
4.372416461594282,-4.372416461594282
4.555665034368243,-4.555665034368243
4.702962193973078,-4.702962193973078
4.687836117500846,-4.687836117500846
-5.260206889078939,5.260206889078939
-5.535469166131201,5.535469166131201
-5.612168080891072,5.612168080891072
-5.523871203131376,5.523871203131376
-5.7216153362131825,5.7216153362131825
-25.0,5.142012563163963
-5.18233530261393,5.18233530261393
-5.525307694412811,5.525307694412811
-11.240794023819188,5.474023819600527
-25.0,4.989344339936551
-5.285328445526585,5.285328445526585
-25.0,5.036000011512126
-4.956470401059278,4.956470401059278
-24.999999999987534,5.183672072620112
-5.201756336542289,5.201756336542289
-5.226901876587778,5.226901876587778
-5.226901876587778,5.226901876587778
-4.643303309908175,4.643303309908175
4.6622781226871615,-4.6622781226871615
4.806196750732458,-4.806196750732458
4.667923104243017,-4.667923104243017
-5.226901876587778,5.226901876587778
4.492136586135299,-4.492136586135299
4.613542189572215,-4.613542189572215
4.332981115264565,-4.332981115264565
3.9592481813616445,-3.9592481813616445
-5.157641664043619,5.157641664043619
4.555024104273211,-4.555024104273211
4.533665763671585,-4.533665763671585
4.9459655852033215,-4.9459655852033215
-5.226901876587778,5.226901876587778
-5.226901876587778,5.226901876587778
4.873251261209051,-4.873251261209051
4.953790391786966,-4.953790391786966
-5.012608489015916,5.012608489015916
4.925506032889428,-4.925506032889428
4.969216105445428,-4.969216105445428
-4.935498273304029,4.935498273304029
-5.012362785339806,5.012362785339806
-5.01805016224399,5.01805016224399
4.990538687607176,-4.990538687607176
-5.004239544694495,5.004239544694495
-5.029080206072564,5.029080206072564
-5.034280618309902,5.034280618309902
-5.035651088130943,5.035651088130943
4.952703470288811,-4.952703470288811
-5.0,5.0
-5.0,5.0
-5.0,5.0
-5.0,5.0
-5.0,5.0
-5.0,5.0
5.0,-5.0
-5.000000000000002,5.000000000000002
-5.0,5.0
-5.0,5.0
-5.0,5.0
-5.0,5.0
5.0,-5.0
5.0,-5.0
-5.226901876587778,0.0
5.0,-5.0
5.0,-5.0
5.0,-5.0
5.0,-5.0
0.0,0.0
0.0,0.0
0.0,0.0
5.0,-5.0
0.0,0.0
10.54016620498615,-5.000000000000001
-5.0,5.0
5.0,-5.0
5.0,-5.0
5.0,-5.0
-5.000000000000001,5.000000000000001
14.727731185399428,5.0
-5.0,5.0
-5.0,5.0
25.0,0.0
20.0,5.0
25.0,0.0
4.9952605043512674,-4.9952605043512674
4.9952605043512674,-4.9952605043512674
4.9952605043512674,-4.9952605043512674
4.9952605043512674,-4.9952605043512674
4.9952605043512674,-4.9952605043512674
4.9952605043512674,-4.9952605043512674
4.995260504351273,-4.995260504351273
4.995260504351261,-4.848551577430894
4.848551577430904,-4.642140144859416
4.642140144859408,0.0
0.0,0.0
0.0,0.0
-25.0,0.0
-20.5178368036842,-4.482163196315799
-5.424587944116905,5.424587944116905
-5.147711192241312,5.147711192241312
4.83100147122963,-4.83100147122963
-5.390363349992594,5.390363349992594
-5.126762781818635,5.126762781818635
-25.0,4.969528207791065
-5.351748495168087,5.351748495168087
-4.911951794281119,4.911951794281119
-4.86432415584552,4.86432415584552
-4.895306546229622,4.895306546229622
-5.179992483792894,5.179992483792894
-5.095701498020571,5.095701498020571
-4.843249515960506,4.843249515960506
-5.242375084081445,5.242375084081445
-5.036662716189413,5.036662716189413
-5.639149628466299,5.639149628466299
-5.000775048898769,5.000775048898769
-5.056079963233902,5.056079963233902
4.954337123145727,-4.954337123145727
4.822385679277596,-4.822385679277596
4.725401689919649,-4.725401689919649
4.859042715141204,-4.859042715141204
-5.380893615727829,5.380893615727829
-5.232909136700549,5.232909136700549
-5.736920658521938,5.736920658521938
-5.4529971469112,5.4529971469112
4.43393533678677,-4.43393533678677
4.628061733477901,-4.628061733477901
-5.369453439555931,5.369453439555931
-5.581685559177837,5.581685559177837
-5.3064816632519065,5.3064816632519065
4.694041242295838,-4.694041242295838
-5.126531781902552,5.126531781902552
17.56085983763935,-4.969449077696854
-4.971747203398885,4.971747203398885
24.999999999982673,-4.995320131438824
-5.0,5.0
-4.999999999999993,4.999999999999993
5.0,-5.0
-5.0,5.0
-5.0,5.0
-5.0,5.0
-5.019604276209383,5.019604276209383
-5.006921287156494,5.006921287156494
-5.021543163216348,5.021543163216348
-5.023482045292475,5.023482045292475
25.0,-5.0
25.0,-5.0
-5.0,5.0
-5.0,5.0
-15.487500000000011,-5.0
-25.0,0.0
-25.0,5.0
-25.0,5.0
-5.0,5.0
-4.999999999999993,4.999999999999993
-5.0,5.0
-5.0,5.0
-5.0,5.0
-5.0,5.0
-5.0,5.0
0.0,-5.0
5.0,-5.0
5.0,-5.0
5.0,-5.0
0.0,0.0
5.0,-5.0
25.0,-5.0
5.0,-5.0
12.700831024930746,-5.0
-25.0,5.0
-5.0,5.0
-5.0,5.0
-5.0,5.0
-5.0,5.0
-5.000000000000001,5.000000000000001
25.0,-5.0
25.0,-5.0
25.0,-5.0
19.722991689750693,-5.0
25.0,-5.0
5.0,-5.0
5.0,-5.0
-5.0,5.0
5.0,-5.0
5.0,-5.0
-5.0,5.0
-5.0,5.0
4.987720397903541,-4.987720397903541
4.750314770520896,-4.750314770520896
-5.2198505410346225,5.2198505410346225
-5.308385045757171,5.308385045757171
-5.283323132730482,5.283323132730482
4.537955671949218,-4.537955671949218
4.999999999999999,-4.999999999999999
4.999999999999999,8.881784197001252e-16
-4.874061496570445,4.874061496570445
-5.215356298814826,5.215356298814826
-5.4106092934573455,5.4106092934573455
-5.296302203835133,5.296302203835133
-5.143185866016413,5.143185866016413
-5.167604955506134,5.167604955506134
-5.0661284595834974,5.0661284595834974
-4.962039644937729,4.962039644937729
-4.953356951370655,4.953356951370655
-4.951110066940998,4.951110066940998
-25.0,5.030531120056239
-4.997323935398388,4.997323935398388
-23.125319463540013,5.046128663570311
-4.90777486137228,4.90777486137228
-5.033139020748186,5.033139020748186
-4.885013795870398,4.885013795870398
-4.638482606741402,4.638482606741402
-5.069272835490394,5.069272835490394
5.27119579492297,-5.27119579492297
4.856640568472868,-4.856640568472868
4.71925494625099,-4.71925494625099
4.9077010171368105,-4.9077010171368105
-20.04496924595871,-4.955030754041289
-20.25837466843307,-4.7416253315669294
4.888596819158926,-4.888596819158926
4.6594947630425585,-4.6594947630425585
-4.953618877505011,4.953618877505011
-5.299913628752688,5.299913628752688
-5.29602418344433,5.29602418344433
-5.123288000294064,5.123288000294064
4.94000692343355,-4.94000692343355
4.831571239465268,-4.831571239465268
-5.217199091178166,5.217199091178166
4.874815559821101,-4.874815559821101
4.977485141119741,-4.977485141119741
4.956195531474193,-4.956195531474193
4.960417174759976,-4.960417174759976
5.0111062844514915,-5.0111062844514915
-4.982772977121428,4.982772977121428
4.968867167271728,-4.968867167271728
25.0,-5.001485119209466
5.002692040517941,-5.002692040517941
4.963272571487784,-4.963272571487784
-5.036402515848488,5.036402515848488
-5.033942066947234,5.033942066947234
4.9525691414621775,-4.9525691414621775
5.0,-5.0
5.0,-5.0
5.0,-5.0
5.0,-5.0
5.0,-5.0
5.0,-5.0
5.0,-5.0
-5.0,5.0
5.0,-5.0
5.0,-5.0
5.0,-5.0
5.0,-5.0
-5.0,5.0
5.0,-5.0
-5.000000000000002,5.000000000000002
-20.0,-5.0
5.0,-5.0
5.0,-5.0
0.0,0.0
0.0,0.0
0.0,0.0
5.0,-5.0
5.0,-5.0
0.5401662049861491,5.0
-5.0,5.0
-5.0,5.0
-5.0,5.0
-5.0,5.0
-5.0,5.0
-5.0,5.0
25.0,0.0
14.762846537016635,5.0
-5.0,5.0
-5.0,5.0
-5.0,5.0
-5.0,5.0
-5.032961037206285,5.032961037206285
-5.029944996229715,5.029944996229715
19.969193280594602,5.030806719405398
19.966823529534373,5.0331764704656266
-5.036407944701536,5.036407944701536
4.960145152734052,-4.960145152734052
4.939894579212067,-4.939894579212067
4.896968465579776,-4.896968465579776
-5.318866094972169,5.318866094972169
4.786134944495895,-4.786134944495895
4.888351934001985,-4.888351934001985
4.96014515273406,-4.96014515273406
4.960145152734059,8.881784197001252e-16
0.0,0.0
-4.710249105260326,4.710249105260326
-4.734360826009247,4.734360826009247
-5.282074881134766,5.282074881134766
-5.200127345330789,5.200127345330789
-5.038810510491134,5.038810510491134
-4.971333289102528,4.971333289102528
-5.099574849072482,5.099574849072482
-5.251746990512897,5.251746990512897
-4.969695461828666,4.969695461828666
-9.183047829744433,4.894300497414772
-4.659865246514528,4.659865246514528
-4.567169271992277,4.567169271992277
-4.751988770425063,4.751988770425063
-4.97274705908074,4.97274705908074
-5.112968426174092,5.112968426174092
-5.314225525192825,5.314225525192825
-5.1678428980426485,5.1678428980426485
-4.795277271092715,4.795277271092715
-4.761760824252134,4.761760824252134
4.752074606459458,-4.752074606459458
4.752074606459458,-4.752074606459458
4.710026310259295,-4.710026310259295
4.752074606459452,-4.752074606459452
4.67068816061558,-4.67068816061558
4.752074606459454,-4.752074606459454
4.752074606459466,-4.752074606459466
-4.276560016908688,4.276560016908688
-5.672091316273872,5.448338648603533
4.242624488253137,-4.242624488253137
4.709770695598055,-4.709770695598055
-4.743438617793446,4.743438617793446
-5.0622241823133125,5.0622241823133125
-5.247335270804105,5.247335270804105
4.7942953636625365,-4.7942953636625365
-5.0278659821924565,5.0278659821924565
-4.983204607920055,4.983204607920055
-5.0,5.0
-5.0,5.0
-4.995680406380387,4.995680406380387
4.9946142091959125,-4.9946142091959125
5.0,-5.0
5.0,-5.0
5.0,-5.0
5.0,-5.0
5.0,-5.0
5.0,-5.0
5.0,-5.0
5.0,-5.0
5.0,-5.0
5.0,-5.0
5.0,-5.0
5.0,-5.0
-5.0,5.0
-5.0,5.0
-5.0,5.0
-5.0,5.0
-5.0,5.0
-25.0,5.0
-5.487500000000007,5.0
-25.0,0.0
-25.0,5.0
-25.0,0.0
5.0,-5.0
5.0,-5.0
5.0,-5.0
5.0,-5.0
0.0,0.0
5.0,-5.0
4.999999999999998,-4.999999999999998
5.0,-5.0
5.0,-5.0
5.0,-5.0
4.999999999999998,-4.999999999999998
5.0,-5.0
5.0,-5.0
5.0,-5.0
0.0,0.0
0.0,0.0
0.0,0.0
0.0,0.0
5.0,-5.0
0.5401662049861491,5.0
-5.0,5.0
5.0,-5.0
5.0,-5.0
-5.0,5.0
-5.0,5.0
-5.0,5.0
-5.0,5.0
4.634146999453729,-4.634146999453729
19.255142147659935,5.4678495421303985
19.70264898708001,5.297351012880355
19.815886439835353,5.184113560164647
-5.00280797438976,5.00280797438976
19.881839756039852,5.118160243960148
-4.6422959987987,4.6422959987987
-4.449950068673877,4.449950068673877
-4.608049314518478,4.608049314518478
-5.376865633584551,5.376865633584551
0.0,0.0
-5.122304357208776,5.122304357208776
-25.0,5.038148436961158
-5.350272241606019,5.350272241606019
-4.971643182432574,4.971643182432574
-4.977649811398036,4.977649811398036
-4.943254166490577,4.926271895636308
-4.972359534631357,4.972359534631357
-4.905323485213632,4.905323485213632
-4.823387310061266,4.823387310061266
-4.832816650898083,4.832816650898083
-5.022791360572844,5.022791360572844
-4.810963175230427,4.810963175230427
5.0523871203131385,-5.0523871203131385
-4.987040021101526,4.987040021101526
5.132234829011086,-5.132234829011086
4.991064847508246,-4.991064847508246
-5.072767498155283,5.072767498155283
4.98240739983364,-4.98240739983364
5.291644967822091,-5.291644967822091
4.8402856481847545,-4.8402856481847545
4.586662887861483,-4.586662887861483
4.923970732537845,-4.923970732537845
-19.545606124088003,-5.454393875911997
-20.08806272210705,-4.9119372778929495
4.703554525725109,-4.703554525725109
-5.247510729756758,5.247510729756758
-4.618709392613113,4.618709392613113
5.184014785610366,-5.184014785610366
4.816754898536253,-4.816754898536253
-5.19198254706011,5.19198254706011
-25.0,5.025909701653134
4.870588983231527,-4.870588983231527
-5.047075867760021,5.047075867760021
-5.009695882235889,5.009695882235889
-4.986358007261173,4.986358007261173
4.96553515077598,-4.96553515077598
-5.0,5.0
5.0,-5.0
-5.0,5.0
-5.0,5.0
-5.0,5.0
20.0,5.0
25.0,-1.4095023465485141
25.0,-5.0
5.0,-5.0
25.0,-5.0
-5.0,5.0
-5.0,5.0
-5.0,5.0
-5.0,5.0
-5.0,5.0
-5.0,5.0
-25.0,5.0
-25.0,5.0
-5.0,5.0
-25.0,5.0
-25.0,5.0
-5.000000000000001,0.0
0.0,0.0
0.0,0.0
0.0,0.0
0.0,0.0
0.0,0.0
0.0,0.0
0.0,0.0
0.0,0.0
5.0,-5.0
0.0,0.0
0.0,0.0
0.0,0.0
0.0,0.0
0.0,0.0
0.0,0.0
0.0,0.0
0.0,0.0
0.0,0.0
0.0,0.0
0.0,0.0
5.0,-5.0
5.0,-5.0
25.0,0.0
25.0,0.0
-5.0,5.0
-5.0,5.0
19.943341481732205,5.0566585182235215
19.651001867306125,5.348998132693875
-5.406446324682778,5.406446324682778
0.08134533992810766,5.181812554853012
-5.034320844089347,5.034320844089347
-5.000150844207497,5.000150844207497
-4.835917477640469,4.835917477640469
-4.841798508290902,4.841798508290902
-4.597275629907738,4.597275629907738
0.0,0.0
-5.18862026754385,5.18862026754385
-5.090380295035615,5.090380295035615
-4.935902572465556,4.935902572465556
-25.0,5.054699012915897
-5.148876921326023,5.148876921326023
-4.972771042678584,4.972771042678584
-24.999999999985672,4.893884571336361
-25.0,4.903238805643085
-4.930312500725819,4.930312500725819
-14.622646489569188,4.847519227524163
-5.013842322840231,5.013842322840231
-5.022557836067515,5.022557836067515
-24.99999999998864,4.994234469307607
-4.972777354151702,4.972777354151702
-4.892301022731299,4.892301022731299
-5.070929597183607,5.070929597183607
-5.070929597183607,5.070929597183607
5.256425685534536,-5.256425685534536
5.036124347532532,-5.036124347532532
5.294967327270886,-5.294967327270886
5.06428172254946,-5.06428172254946
4.484832318296981,-4.484832318296981
4.957317400751581,-4.957317400751581
4.511250251322859,-4.511250251322859
5.234888414670044,-5.234888414670044
4.694435709365651,-4.694435709365651
4.547824606888635,-4.547824606888635
5.334789566902675,-5.334789566902675
-4.743885470090132,4.743885470090132
-4.853310950829989,4.853310950829989
-5.070929597183607,5.070929597183607
-5.070929597183607,5.070929597183607
-4.930313368553373,4.930313368553373
4.972281055407817,-4.972281055407817
5.031458605823296,-5.031458605823296
4.99507620286453,-4.99507620286453
-4.989750091229977,4.989750091229977
4.99213694243768,-4.99213694243768
-4.996075969791295,4.996075969791295
-4.9939417007792315,4.9939417007792315
4.991263030229539,-4.991263030229539
-5.023352883214013,5.023352883214013
-5.029083268123193,5.029083268123193
-5.029083268123193,5.029083268123193
-5.0,5.0
-5.0,5.0
-5.0,5.0
5.0,-5.0
-5.0,5.0
5.0,-5.0
5.0,-5.0
5.0,-5.0
-5.0,5.0
5.0,-5.0
-5.0,5.0
-5.070929597183607,5.0
-5.0,5.0
-5.0,5.0
-5.0,0.0
0.0,0.0
0.0,0.0
0.0,0.0
0.0,0.0
0.0,0.0
0.0,0.0
0.0,0.0
0.0,0.0
0.0,0.0
0.0,0.0
0.0,0.0
0.0,0.0
5.0,-5.0
0.0,0.0
5.0,-5.0
10.54016620498615,-5.000000000000001
5.0,-5.0
-5.0,5.0
-5.0,5.0
25.0,0.0
25.0,-5.0
14.7229916897507,-5.0
25.0,-5.0
-5.0,5.0
25.0,0.0
0.0,0.0
-5.0,5.0
-5.084449196652349,5.084449196652349
-5.346772125433889,5.346772125433889
-5.396015826422776,5.396015826422776
-5.072084123403538,5.072084123403538
-5.047747240851166,5.047747240851166
-4.8652355325636165,4.8652355325636165
-4.983813596044111,4.983813596044111
-4.7900917647797785,4.7900917647797785
-4.690284653496593,4.690284653496593
-4.707968138875836,4.707968138875836
-5.902821516286479,5.902821516286479
-4.909898672076155,4.909898672076155
-4.755595777311436,4.755595777311436
-25.0,4.975192754913586
-5.302782824431683,5.302782824431683
-5.062967673846499,5.062967673846499
-14.509649030593078,4.805147152753099
-24.999999999999996,4.890672662667107
-4.692620529697198,4.692620529697198
-25.0,4.838636460259277
-4.792134157480444,4.792134157480444
-4.869869416126127,4.869869416126127
-25.0,5.1637631618198085
-5.154811599497947,5.136511483195171
-4.833830904627986,4.833830904627986
-5.013453536096224,5.013453536096224
-4.995239255827837,4.995239255827837
5.032251627627932,-5.032251627627932
5.259770766286554,-5.259770766286554
4.998406984185266,-4.998406984185266
5.095837825839897,-5.095837825839897
-5.145463045517032,5.145463045517032
5.014970183086241,-5.014970183086241
5.141877497639256,-5.141877497639256
-4.3680486066236535,4.3680486066236535
-5.145463045517032,5.145463045517032
4.709390744916411,-4.709390744916411
-5.145463045517032,5.145463045517032
-4.902961100825934,4.902961100825934
-4.5920090211652465,4.5920090211652465
-4.958032490655738,4.958032490655738
-5.145463045517032,5.145463045517032
-4.9876909706601325,4.9876909706601325
4.911461974658854,-4.911461974658854
4.924735589393698,-4.924735589393698
5.048955010263843,-5.048955010263843
5.062778067085844,-5.062778067085844
4.9956913677881785,-4.9956913677881785
-4.998245488442352,4.998245488442352
-5.0,5.0
5.0,-5.0
5.0,-5.0
-5.0,5.0
-5.0,5.0
5.0,-5.0
-5.0,5.0
-5.0,5.0
5.0,-5.0
5.0,-5.0
5.0,-5.0
-5.0,5.0
-5.0,5.0
-5.0,5.0
-5.0,5.0
-5.0,5.0
-5.0,5.0
-5.0,5.0
-5.0,5.0
-5.0,5.0
-5.145463045517032,0.0
0.0,5.0
-4.5125,5.0
-4.95246875,4.95246875
-4.947333795013851,5.0
-5.0,5.0
-5.0,5.0
-5.0,5.0
-5.0,5.0
5.0,-5.0
-5.0,5.0
-5.0,5.0
-5.0,5.0
-5.0,5.0
-5.0,5.0
-5.0,5.0
-5.0,5.0
-5.0,5.0
5.0,-5.0
-5.0,5.0
20.0,5.0
20.0,5.0
25.0,-5.000000000000021
-5.0,5.0
-5.0,5.0
-5.0,5.0
-5.0,5.0
-5.077555381661848,5.077555381661848
-5.336101130463097,5.336101130463097
-5.277095838886168,5.277095838886168
-0.36908402475096036,5.092075714501675
-4.959444682765669,4.959444682765669
-4.933992720700348,4.933992720700348
20.005225268593577,4.994774731406423
-4.900182790359826,4.900182790359826
-4.782682095340406,4.782682095340406
-5.106362207262515,5.106362207262515
-5.133705402247349,5.133705402247349
-4.762402701068133,4.762402701068133
-4.806837996401148,4.806837996401148
-25.0,0.0
-5.2092486862794924,5.2092486862794924
-5.0264911461140365,5.0264911461140365
-25.0,4.499601796538101
-25.0,5.097282522036384
-4.938340694530661,4.938340694530661
-5.038564363039569,5.038564363039569
-4.644885596218609,4.644885596218609
-5.111984467515152,5.111984467515152
-4.76193060287898,4.76193060287898
-9.275616451677704,5.009932365244243
-25.0,4.849364702263578
-5.0405972885305586,5.0405972885305586
-5.180564934404607,5.180564934404607
-4.875681651719583,4.875681651719583
-5.065294082837427,5.065294082837427
-4.8996311676093995,4.8996311676093995
-5.180564934404607,5.180564934404607
-5.062588985459477,5.062588985459477
-4.982406137539018,4.982406137539018
4.885187361381115,-4.885187361381115
5.522666342913341,-5.522666342913341
4.375260095807152,-4.375260095807152
4.8662340076107276,-4.8662340076107276
5.452542089699464,-5.452542089699464
-4.593571110761707,4.593571110761707
-4.939447726915383,4.939447726915383
-5.180564934404607,5.180564934404607
-5.004510730943315,5.004510730943315
-4.970482896993427,4.970482896993427
-5.023012617152301,5.023012617152301
-5.062565968305953,5.062565968305953
-4.987378690804315,4.987378690804315
-4.997346262234538,4.997346262234538
-4.999228205454557,4.999228205454557
4.998186625018391,-4.998186625018391
4.980994971043467,-4.980994971043467
4.979889625005465,-4.979889625005465
4.962548630728747,-4.962548630728747
4.935815210336689,-4.935815210336689
4.941529985444292,-4.941529985444292
5.0,-5.0
5.0,-5.0
-5.0,5.0
-5.0,5.0
-5.0,5.0
-5.0,5.0
-5.0,5.0
-5.0,5.0
-5.0,5.0
5.0,-5.0
5.0,-5.0
-0.1805649344046074,-5.0
4.999999999979183,-4.999999999979183
0.0,0.0
5.0,-5.0
5.0,-5.0
0.0,0.0
0.0,0.0
0.0,0.0
0.0,0.0
0.0,0.0
0.0,0.0
0.0,0.0
0.5401662049861491,5.0
-5.0,5.0
-5.0,5.0
-5.0,5.0
5.0,-5.0
5.0,-5.0
-5.0,5.0
-5.0,5.0
5.0,-5.0
-5.0,5.0
-5.0,5.0
-5.0,5.0
20.0,5.0
-5.078323372065487,5.078323372065487
-5.076441990961043,5.076441990961043
19.64276618022239,5.08022550953406
24.999999999967486,2.6759039428725373e-11
-5.079356429547525,5.079356429547525
-5.084280253802606,5.084280253802606
-5.133903355684658,5.133903355684658
-5.116508531445425,5.116508531445425
25.0,-4.710457936127085
4.710457936127081,0.0
0.0,0.0
-4.681804558216574,4.681804558216574
-4.499895911185354,4.499895911185354
-4.9186148164507495,4.9186148164507495
-4.64276746584054,4.64276746584054
-5.026308113393642,5.026308113393642
0.0,0.0
0.0,0.0
0.0,0.0
0.0,-4.614974628572327
5.113545294816987,-5.113545294816987
-5.209051137170931,5.209051137170931
-24.448367101048326,4.914233391812921
-24.999999999996618,-3.3857361358968774e-12
-24.999999999991612,5.118239768521423
-5.246957213564395,5.246957213564395
-25.0,4.831284225225275
-4.99151169980493,4.99151169980493
-4.79609839374524,4.79609839374524
-4.870776374813042,4.870776374813042
-4.434930024950011,4.434930024950011
-5.277516735249657,5.277516735249657
-5.01423868335198,5.01423868335198
4.941158767277404,-4.941158767277404
5.076150447746002,-5.076150447746002
-4.966823110413113,4.966823110413113
5.122666004618383,-5.122666004618383
-5.1580689507736395,5.1580689507736395
-5.224588090543081,5.224588090543081
-4.899417208670733,4.899417208670733
-4.496457420631205,4.496457420631205
-5.582980042314135,5.582980042314135
-4.758438464803337,4.758438464803337
-4.764821888713883,4.764821888713883
-4.655827481587918,4.655827481587918
-4.540252417016498,4.540252417016498
-5.800415655947361,5.800415655947361
-4.960001512481417,4.960001512481417
-4.891564000458061,4.891564000458061
-5.023785989566024,5.023785989566024
-5.061613438810798,5.061613438810798
5.011169291936927,-5.011169291936927
-4.966778171984894,4.966778171984894
-4.9771929051219095,4.9771929051219095
-4.988463549208877,4.988463549208877
-4.98903884984517,4.98903884984517
-4.9978761720381915,4.9978761720381915
-5.016541620319547,5.016541620319547
-5.022994234370493,5.022994234370493
-5.022835750445293,5.022835750445293
-5.0,5.0
-5.0,5.0
-5.0,5.0
-5.0,5.0
-5.0,5.0
5.0,-5.0
-5.0,5.0
-5.0,5.0
-5.0,5.0
-5.0,5.0
-5.0,5.0
-5.800415655947362,5.0
-5.0,5.0
-5.0,5.0
-5.0,5.0
-5.0,0.0
5.0,-5.0
5.0,-5.0
0.0,0.0
0.0,0.0
0.0,0.0
0.0,0.0
5.0,-5.0
25.0,-5.0
-8.05,-5.0
-5.0,5.0
-5.0,5.0
-5.0,5.0
-5.0,5.0
-5.0,5.0
-5.0,5.0
25.0,0.0
-5.0,5.0
5.0,-5.0
25.0,-5.0
-4.999999999999993,4.999999999999993
19.98233460704796,5.017665392900547
25.0,-4.9819037442789025
-5.0174499621066255,5.0174499621066255
4.9825500378933745,-4.9825500378933745
-5.017665392900547,5.017665392900547
-5.027359816840987,5.027359816840987
-5.164589757702926,5.164589757702926
-5.324983588907601,5.324983588907601
-5.2389355679129155,5.2389355679129155
-5.056704641285658,5.056704641285658
-4.997574185307476,4.997574185307476
-4.816025292243928,4.816025292243928
4.911075797704746,4.793819636376344
-4.99819681213047,4.99819681213047
-5.436219357924245,5.436219357924245
-5.467478821978187,5.467478821978187
-4.746206829902569,4.746206829902569
0.0,0.0
-5.233495472553121,5.233495472553121
-25.0,4.9766835248638195
-4.607353159033671,4.607353159033671
-4.90193927332829,4.90193927332829
-25.0,4.776644540156674
-25.0,5.168019619289922
-4.97979571225782,4.97979571225782
-5.095255908018508,5.095255908018508
-4.9800917203470085,4.9800917203470085
-4.932195844303937,4.932195844303937
-4.422742570361059,4.422742570361059
4.862660451531877,-4.862660451531877
5.189010316582483,-5.189010316582483
-5.063815935833423,5.063815935833423
-4.919011176962497,4.919011176962497
-5.124065258208423,5.124065258208423
-4.71276990762326,4.71276990762326
-4.352876456397668,4.352876456397668
-5.356492829510145,5.356492829510145
-5.321342973426881,5.321342973426881
-5.085620182010767,5.085620182010767
5.350960192175773,-5.350960192175773
5.139700670561199,-5.139700670561199
-5.209606546805229,5.209606546805229
-5.389758710867983,5.389758710867983
-4.339693682498165,4.339693682498165
-4.8518656234861925,4.8518656234861925
5.277869231023244,-5.277869231023244
4.625926246548761,-4.625926246548761
5.006335062247787,-5.006335062247787
5.100058268466537,-5.100058268466537
4.995904988039885,-4.995904988039885
4.973501911265535,-4.973501911265535
4.99626499717844,-4.99626499717844
-4.951975784095764,4.951975784095764
-4.985816975951571,4.985816975951571
4.989364928652171,-4.989364928652171
4.9872188663074315,-4.9872188663074315
4.983149828771155,-4.983149828771155
4.979900964701014,-4.979900964701014
-5.030591291076897,5.030591291076897
-5.032745606412364,5.032745606412364
5.0,-5.0
5.0,-5.0
-5.0,5.0
-5.0,5.0
5.0,-5.0
-5.0,5.0
5.0,-5.0
-5.0,5.0
5.0,-5.0
5.0,-5.0
5.0,-5.0
5.0,-5.0
5.0,-5.0
5.0,-5.0
-4.921347684310421,-5.0
-20.0,-5.0
5.000000000000001,-5.000000000000001
0.0,0.0
0.0,0.0
0.5401662049861491,5.0
5.0,-5.0
5.0,-5.0
5.0,-5.0
-5.0,5.0
-5.0,5.0
5.0,-5.0
5.0,-5.0
-5.0,5.0
-5.0,5.0
-5.0,5.0
5.0,-5.0
25.0,-5.0
5.0,-5.0
-5.0,5.0
-5.0,5.0
-5.0,5.0
-5.028436973276011,5.028436973276011
-5.0280061092227495,5.0280061092227495
25.0,-4.969624142182443
19.969624142182443,5.030375857817557
4.6594393614675145,5.033176470465625
19.952389614567867,5.047610385432133
-5.1610704433115915,5.1610704433115915
0.0,0.0
0.0,0.0
-5.259564065541973,5.259564065541973
-4.7772447612501,4.7772447612501
-5.185577506354139,5.185577506354139
-4.663411032111665,4.663411032111665
-4.855661027845108,4.855661027845108
-4.897922020689311,4.897922020689311
-5.15780513119735,5.15780513119735
0.0,0.0
-5.145700988053544,5.145700988053544
-4.928493534173496,4.928493534173496
-25.0,5.1069845185118545
-4.938859497620877,4.938859497620877
-4.8879530489009895,4.8879530489009895
-4.8504307100730415,4.8504307100730415
-25.0,4.603735422643005
-4.907928861316335,4.907928861316335
-5.0717646050769885,5.0717646050769885
-25.000000000000004,4.794824107322913
-25.0,4.655072313829468
-5.07598256256109,5.07598256256109
-4.747979091553824,4.747979091553824
-5.337523697056965,5.337523697056965
-4.879134027514589,4.879134027514589
-4.647789504999747,4.647789504999747
-5.263825256616925,5.263825256616925
-5.108864706353411,5.108864706353411
-4.923059355819749,4.923059355819749
-5.261119528091659,5.261119528091659
-4.7244808459918755,4.7244808459918755
5.360995434431823,-5.360995434431823
-5.752297931624227,5.752297931624227
5.2456665173119665,-5.2456665173119665
4.728204615130913,-4.728204615130913
5.795574440492958,-5.795574440492958
5.569371559552889,-5.569371559552889
4.347765425467512,-4.347765425467512
-5.397571999013188,5.397571999013188
4.94856449204608,-4.94856449204608
-4.811790609356067,4.811790609356067
-14.114602883121321,4.953986520814077
4.876773122378403,-4.876773122378403
4.964035184812177,-4.964035184812177
5.104893162586148,-5.104893162586148
5.044041210403174,-5.044041210403174
4.995681097160026,-4.995681097160026
-5.0,5.0
5.006248777507103,-5.006248777507103
-4.99833579767168,4.99833579767168
4.983337210490994,-4.983337210490994
-5.0,5.0
-5.0,5.0
-5.0,5.0
-5.0,5.0
-5.0,5.0
-5.0,5.0
-5.0,5.0
5.0,-5.0
5.0,-5.0
5.0,-5.0
-5.0,5.0
-5.0,5.0
-5.0,5.0
-5.0,5.0
-5.0,5.0
-5.0,5.0
-5.0,5.0
-5.0,0.0
0.0,3.505967446184705e-16
0.0,0.0
0.0,4.999999999999999
-4.45983379501385,5.000000000000001
-5.0,5.0
-5.0,5.0
25.0,0.0
25.0,-5.0
5.0,-5.0
5.0,-5.0
5.0,-5.0
5.0,-5.0
5.0,-5.0
5.0,-5.0
5.0,-5.0
25.0,-5.0
5.0,-5.0
5.0,-5.0
14.38581638600977,-4.999999999999998
25.0,-5.0
4.976948816295367,-4.976948816295367
4.975656226601003,-4.975656226601003
4.97500993175382,-4.97500993175382
4.977164249554707,-4.977164249554707
4.97824140598973,-4.97824140598973
4.9655309423054295,-4.9655309423054295
4.828591540000214,-4.828591540000214
-5.332751237212829,5.332751237212829
4.645487710753972,-4.645487710753972
-5.058538597586634,5.058538597586634
4.969996203522691,-4.969996203522691
5.337175303740906,-5.337175303740906
-5.614208580149802,5.614208580149802
-5.080607610061236,5.080607610061236
-4.531172416216709,4.531172416216709
-4.74286869177098,4.74286869177098
5.305688626654765,-5.026267088818383
4.939725431732532,-4.939725431732532
5.057753765904536,-5.057753765904536
5.057753765904533,-5.057753765904533
-5.13779018764868,5.13779018764868
-4.941898471926718,4.941898471926718
-4.706914122865296,4.706914122865296
-5.025139859719683,5.025139859719683
-4.941084923041936,4.941084923041936
-4.839634935306391,4.839634935306391
-25.0,4.668139587770931
-25.0,4.991847470174754
-5.0642886651698875,5.0642886651698875
-4.845474941381562,4.845474941381562
-4.917267316940265,4.917267316940265
-4.982190916305726,4.982190916305726
-4.904253059372986,4.904253059372986
-5.045707688313403,5.045707688313403
-25.0,5.071375818332982
-10.31884976040639,5.3303778471938825
-5.0357500771766945,5.0357500771766945
-25.0,4.99933603302809
-5.1776042223654155,5.1776042223654155
4.963892062297572,-4.963892062297572
5.693334256323162,-5.693334256323162
4.27323481729699,-4.27323481729699
4.688390580414176,-4.688390580414176
5.080764450168194,-5.080764450168194
4.789715916555661,-4.789715916555661
5.0073503415920735,-5.0073503415920735
4.833134275782696,-4.833134275782696
5.007852734852187,-5.007852734852187
5.011812868659456,-5.011812868659456
4.859386917244645,-4.859386917244645
4.9855619036825525,-4.9855619036825525
5.042476874809835,-5.042476874809835
4.996573856265137,-4.996573856265137
4.985890677192726,-4.985890677192726
4.996550193171786,-4.996550193171786
4.992446207085832,-4.992446207085832
4.978509616477593,-4.978509616477593
4.9759265425568495,-4.9759265425568495
4.994905743781986,-4.994905743781986
4.964669214198907,-4.964669214198907
5.0,-5.0
5.0,-5.0
-5.0,5.0
-5.0,5.0
-5.0,5.0
-5.0,5.0
-5.0,5.0
-5.0,5.0
-5.0,5.0
-5.0,5.0
-5.0,5.0
-5.1776042223654155,5.0
-5.0,5.0
-5.0,5.0
-5.000000000000001,5.000000000000001
-5.000000000000001,0.0
0.0,0.0
0.0,5.0
-4.512500000000001,5.0
-4.952468749999996,5.0
-4.995365703125,4.995365703125
5.0,-5.0
-4.995365703125,4.995365703125
-4.995365703125,5.0
-4.999548156054687,4.999548156054687
-4.999548156054687,4.999548156054687
-4.999548156054689,4.999548156054689
-4.999548156054689,4.999548156054689
-4.999548156054689,4.999548156054689
-4.999548156054689,4.999548156054689
5.0,-5.0
5.029384009558465,-5.0
5.0,-5.0
5.0,-5.0
-5.0,5.0
-5.0,5.0
-5.025636363093362,5.025636363093362
-5.026067224681204,5.026067224681204
-5.022620319651373,5.022620319651373
-5.023266614498555,5.023266614498555
19.671272587860962,5.022835750445296
19.95842170144897,5.041578298548153
19.801847169448838,5.198152830551162
19.752397517202805,5.247602482797195
-5.0118084506282745,5.0118084506282745
-4.953260228045137,4.953260228045137
-4.993388100762618,4.993388100762618
-5.188229587357906,5.188229587357906
-5.092882162979202,5.092882162979202
-4.652810913011642,4.652810913011642
0.0,0.0
0.0,0.0
0.0,0.0
-4.537659348286373,4.537659348286373
-25.0,0.0
-25.0,0.0
-4.786186856362283,4.786186856362283
-5.083164387820938,5.083164387820938
-24.936279998557968,4.936279998557957
-25.0,5.371084324209367
-5.03473203656292,4.83441092900744
-5.034734561152166,5.034734561152166
-4.916087071467386,4.916087071467386
-4.868307957676978,4.868307957676978
-4.823875818080523,4.823875818080523
-4.7792783178884015,4.7792783178884015
-5.170763216653887,5.170763216653887
-4.855946937577309,4.855946937577309
-5.101118635396902,5.047861162940929
-4.884060132282418,4.884060132282418
-5.088933705397196,5.088933705397196
-4.841489246108167,4.841489246108167
4.765922609625491,-4.765922609625491
-4.871172735324789,4.871172735324789
0.0,0.0
-5.1175057441979135,5.1175057441979135
-4.994170723429127,4.994170723429127
-5.1175057441979135,5.1175057441979135
-4.797112647475145,4.797112647475145
5.119270116507774,-5.119270116507774
-5.098104591409873,5.098104591409873
4.9634568862261546,-4.9634568862261546
-5.033775690598864,5.033775690598864
-5.074557905291751,5.074557905291751
-5.1175057441979135,5.1175057441979135
-4.955889390512149,4.955889390512149
-4.983870162621921,4.983870162621921
-5.078841985318428,5.078841985318428
-4.972762512328201,4.972762512328201
5.037467961542377,-5.037467961542377
-4.995447347068841,4.995447347068841
-5.009873007811913,5.009873007811913
-5.008917407637161,5.008917407637161
-5.0152352550954795,5.0152352550954795
-5.019791557463389,5.019791557463389
-5.026067224681204,5.026067224681204
-5.0,5.0
-4.999999999999993,4.999999999999993
-5.0,5.0
-5.0,5.0
-5.0,5.0
-5.0,5.0
-5.0,5.0
-5.0,5.0
-5.0,5.0
-5.0,5.0
5.0,-5.0
-5.0,5.0
-5.0,5.0
-5.0,5.0
5.0,-5.0
-5.1175057441979135,0.0
0.0,0.0
0.0,0.0
5.0,-5.0
5.0,-5.0
5.0,-5.0
0.0,0.0
0.0,0.0
0.0,5.0
-4.5125,4.5125
-4.5125,4.5125
5.0,-5.0
5.0,-5.0
5.0,-5.0
5.0,-5.0
5.0,-5.0
5.0,-5.0
-4.512499999999994,4.512499999999994
-4.512499999999994,5.0
-4.9524687499999995,4.999999999999998
-4.976723434813093,5.0
-5.016372803206182,5.016372803206182
-5.0,5.012925898176351
25.0,-4.988151261956801
19.988797556803984,5.011202443196016
4.986212377415256,-4.986212377415256
4.960791447581234,-4.960791447581234
-5.185502439270754,5.185502439270754
25.0,-4.834915610176559
-5.0789742008185526,5.0789742008185526
-5.084229291122605,5.084229291122605
-4.965883963213301,4.965883963213301
4.283045047604046,5.231946005902896
20.038934846511538,4.961065153488462
-4.952766828634214,4.952766828634214
-5.176489616212953,5.176489616212953
-4.701053920076149,4.701053920076149
0.0,0.0
-4.98476347274822,4.98476347274822
0.0,0.0
-4.81529032119945,4.81529032119945
-4.831264028511297,4.831264028511297
-4.948392977764126,4.948392977764126
-4.853058807478965,4.853058807478965
-25.0,4.704917172771072
-25.0,4.806890381628019
-25.0,4.8302889059147205
-25.0,4.871117194361361
-14.21321365467518,5.064684394534325
-5.016237152144422,4.9595201048694175
-4.926596936501835,4.926596936501835
-4.85858892022409,4.85858892022409
-4.89392938279549,4.89392938279549
5.281136365082265,-5.281136365082265
5.113826155370694,-5.113826155370694
-4.81831951272196,4.81831951272196
-4.9117151140392314,4.9117151140392314
-5.007967347259321,5.007967347259321
-4.979520847603574,4.979520847603574
5.151847416148545,-5.151847416148545
5.205332101636731,-5.205332101636731
5.151446006458303,-5.151446006458303
-4.962396400955668,4.962396400955668
-4.944116481366866,4.944116481366866
-5.007967347259321,5.007967347259321
-4.83395618736936,4.83395618736936
-5.007967347259321,5.007967347259321
-4.928618738021456,4.928618738021456
4.859820564756169,-4.859820564756169
5.107203368842187,-5.107203368842187
-5.007967347259321,5.007967347259321
4.965636659480139,-4.965636659480139
4.9876955366164655,-4.9876955366164655
-5.005490846013745,5.005490846013745
-5.007967347259321,5.007967347259321
-5.007967347259321,5.007967347259321
-5.007967347259321,5.007967347259321
4.989288199876255,-4.989288199876255
4.9666298351087095,-4.9666298351087095
-5.007967347259321,5.007967347259321
-5.007967347259321,5.007967347259321
5.0,-5.0
5.0,-5.0
5.0,-5.0
-5.0,5.0
-5.0,5.0
-5.0,5.0
-5.0,5.0
5.0,-5.0
-5.0,5.0
-5.0,5.0
5.0,-5.0
-5.007967347259321,5.0
-5.0,5.0
-5.0,5.0
-5.0,5.0
-5.0,0.0
0.0,0.0
0.0,0.0
5.0,-5.0
5.0,-5.0
0.0,0.0
5.0,-5.0
5.0,-5.0
25.0,-5.0
15.263157894736842,-5.0
5.0,-5.0
25.0,0.0
20.0,5.0
-5.0,5.0
-5.0,5.0
5.0,-5.0
-5.0,5.0
-5.0,5.0
-5.0,5.0
25.0,-5.0
5.0,-5.0
4.998707410305635,-4.993752482938455
4.994183346375362,-4.994183346375362
4.995045072632819,-4.995045072632819
4.995045072632819,-4.995045072632819
4.992890756680997,-4.992890756680997
4.969839575441783,-4.969839575441783
4.926087117399131,-4.926087117399131
4.801770869655861,-4.801770869655861
4.720926303225789,-4.720926303225789
4.938362626899741,-4.938362626899741
4.99504507263282,-4.99504507263282
4.387261677512806,-4.387261677512806
4.427121470409643,-4.427121470409643
4.995045072632818,-4.995045072632818
4.99504507263282,-4.99504507263282
-4.002750009820652,4.002750009820652
4.251181583505183,-4.251181583505183
4.99504507263282,-4.99504507263282
-4.734357039125378,4.734357039125378
-25.0,5.0098402177367305
-5.002328933580177,5.002328933580177
-4.702888665311265,4.702888665311265
-25.0,5.006878874550232
-25.0,5.129769567611575
-5.440088290944975,5.440088290944975
-5.110739213869164,5.110739213869164
-25.0,4.832983904935681
-4.993940985807669,4.993940985807669
-4.664169040033017,4.664169040033017
-5.640155046133841,5.640155046133841
-4.667581653547385,4.667581653547385
-4.651217897196908,4.651217897196908
-10.01206129137211,5.103407175549134
-5.562790270960125,5.562790270960125
-5.24158614994182,5.24158614994182
-4.775492065165506,4.775492065165506
-5.510123552387903,5.510123552387903
-5.3216541290515496,5.3216541290515496
4.759300612031122,-4.759300612031122
4.513219430935367,-4.513219430935367
-4.851332619581462,4.851332619581462
-4.836669805236018,4.836669805236018
-5.562790270960125,5.562790270960125
-4.9827627357701285,4.9827627357701285
-5.337395574152689,5.337395574152689
4.501445693409236,-4.501445693409236
-5.2436847147532255,5.2436847147532255
18.659541196797775,5.0178957086628095
-5.030535143620347,5.030535143620347
-5.07440680468066,5.07440680468066
-5.0285092100581705,5.0285092100581705
5.002594059828637,-5.002594059828637
-4.970767386644176,4.970767386644176
5.018116225616507,-5.018116225616507
4.998730348565745,-4.998730348565745
4.999925356968714,-4.999925356968714
4.995502636559514,-4.995502636559514
4.984123464719963,-4.984123464719963
4.970464850124983,-4.970464850124983
25.0,-4.979697593505044
5.0,-5.0
5.0,-5.0
5.0,-5.0
5.0,-5.0
-5.0,5.0
-5.0,5.0
-5.0,5.0
-5.0,5.0
-5.0,5.0
5.0,-5.0
-5.0,5.0
-25.0,5.0
-5.0,5.0
-5.0,5.0
-25.0,5.0
-5.000000000000001,0.0
0.0,0.0
0.0,0.0
0.0,0.0
0.5401662049861491,5.0
-5.0,5.0
-5.0,5.0
-5.0,5.0
-5.0,5.0
-5.0,5.0
-5.0,5.0
-5.0,5.0
-5.0,5.0
-5.0,5.0
-5.0,5.0
-5.0,5.0
-5.0,5.0
-5.0,5.0
-5.0,5.0
20.0,5.0
25.0,-5.0
25.0,-4.975225362547743
25.0,-4.977164249554708
14.67538130185315,-4.934077925587433
-5.022189455598111,5.022189455598111
4.934077925587432,-4.934077925587432
4.934077925587429,-4.934077925587429
4.934077925587432,-4.712773280316707
4.604084289319544,-4.604084289319544
-5.310593903561297,5.310593903561297
-5.159818491121676,5.159818491121676
-5.631413000903513,5.326062693023783
4.919537553820455,-4.919537553820455
5.05111157159619,-5.05111157159619
5.051111571596191,-5.051111571596191
5.051111571596189,-5.051111571596189
5.051111571596189,-5.051111571596189
5.051111571596189,0.0
-5.099352685218763,5.099352685218763
-4.722232068120283,4.722232068120283
-25.0,4.9649744799371405
4.678279600480721,-4.678279600480721
-4.984000415648374,4.984000415648374
5.038990387474968,-5.038990387474968
-24.99999999994558,4.990465257562128
-5.252072662525734,5.252072662525734
-4.750155287484571,4.750155287484571
-25.0,4.858824969318665
-4.85968332966258,4.85968332966258
-14.217988599716273,4.85999764102381
-25.0,4.826447112228394
-4.908426836545267,4.908426836545267
-5.01688382173532,5.01688382173532
-5.068344417794881,5.068344417794881
-4.923368618002483,4.923368618002483
-5.080750880500993,5.080750880500993
-4.848444489483116,4.848444489483116
-4.794733222110029,4.794733222110029
-5.276138309520902,5.276138309520902
-5.28272086040829,5.28272086040829
-5.270577270557502,5.270577270557502
-4.736694177620607,4.736694177620607
4.5620475115578225,-4.5620475115578225
4.283524727493313,-4.283524727493313
4.926557174221197,-4.926557174221197
-4.787651118125431,4.787651118125431
4.823467150196197,-4.823467150196197
-5.28272086040829,5.28272086040829
-5.199920486799377,5.199920486799377
-5.191759752059079,5.191759752059079
4.893936798776402,-4.893936798776402
-4.989884355493445,4.989884355493445
-4.969034172301992,4.969034172301992
-4.994606930045765,4.994606930045765
-5.0323171449101,5.0323171449101
-5.014403809732823,5.014403809732823
5.007082932365446,-5.007082932365446
5.00309733570882,-5.00309733570882
4.985965140248411,-4.985965140248411
4.972423827832897,-4.972423827832897
4.962792505063821,-4.962792505063821
5.0,-5.0
5.0,-5.0
5.0,-5.0
5.0,-5.0
5.0,-5.0
5.0,-5.0
-5.0,5.0
5.0,-5.0
-5.0,5.0
-5.0,5.0
-5.0,5.0
-5.28272086040829,5.0
-5.0,5.0
-5.0,5.0
-5.0,0.0
5.0,-5.0
0.0,0.0
0.0,0.0
0.0,0.0
0.0,0.0
0.0,0.0
0.0,0.0
0.0,0.0
5.0,-5.0
0.0,0.0
5.0,-5.0
5.0,-5.0
0.0,0.0
0.0,0.0
5.0,-5.0
0.0,0.0
0.0,5.0
-4.5125,4.5125
-4.5125,4.5125
5.0,-5.0
5.563081922559366,-5.0
4.980180290531277,-4.980180290531277
-5.020681435109826,5.020681435109826
-4.987321163136445,5.024559204192919
-5.027359816840987,5.027359816840987
4.965961803893271,-4.965961803893271
-5.0542887671632934,5.0542887671632934
19.85303263951972,5.146967360480279
25.0,-2.6258106800014502e-11
19.974770675148882,5.025229324851118
19.588914802264267,5.073923128883006
-4.50366228276793,4.50366228276793
-5.220923333677687,5.220923333677687
-4.810884281816463,4.810884281816463
-5.168906381262863,5.168906381262863
-5.430267007627592,5.430267007627592
-4.983588907601144,4.983588907601144
-4.9844895548149415,4.9844895548149415
-4.729964253835936,4.729964253835936
-4.735755661568107,4.735755661568107
-9.727142095672638,4.838561353729187
-5.0101135045227005,5.0101135045227005
5.416709963372249,-5.416709963372249
-5.347601857330211,5.347601857330211
-25.0,5.0185475260489625
-25.0,5.15324193613375
-25.0,4.777547080812408
-10.563959454314096,5.5032036532624105
-4.296066255724126,4.296066255724126
-25.0,5.314747484019605
-5.040394690243502,4.796032754424822
-5.070385548200923,5.070385548200923
5.008973021330455,-5.008973021330455
-4.939803062851871,4.939803062851871
-4.932573901543645,4.932573901543645
-4.474367895868973,4.474367895868973
-5.070385548200923,5.070385548200923
-5.070385548200923,5.070385548200923
-4.495167986673401,4.495167986673401
-5.070385548200923,5.070385548200923
-5.070385548200923,5.070385548200923
5.056889725234815,-5.056889725234815
-5.0592237079934845,5.0592237079934845
5.021038664488249,-5.021038664488249
-5.070385548200923,5.070385548200923
-5.070385548200923,5.070385548200923
-5.070385548200923,5.070385548200923
5.146468147610916,-5.146468147610916
-4.92775020042714,4.92775020042714
-4.971894457956045,4.971894457956045
-5.070385548200923,5.070385548200923
-5.0528016361717745,5.0528016361717745
-4.961230376020654,4.961230376020654
-4.985866511153862,4.985866511153862
-5.036160224312532,5.036160224312532
-5.0255641830158435,5.0255641830158435
-5.004250555256581,5.004250555256581
-5.011756085124757,5.011756085124757
-5.029719153970571,5.029719153970571
-5.0437723293212935,5.0437723293212935
-5.010427236510419,5.010427236510419
-5.0,5.0
-5.0,5.0
-5.0,5.0
-5.0,5.0
-5.0,5.0
-5.0,5.0
-5.0,5.0
-5.0,5.0
5.0,-5.0
-5.0,5.0
-5.0,5.0
-5.0,5.0
-5.0,5.0
-5.0,5.0
-5.070385548200923,5.0
0.0,-5.000000000000001
0.0,0.0
0.0,0.0
0.0,0.0
5.0,-5.0
5.0,-5.0
5.0,-5.0
5.0,-5.0
0.5401662049861491,5.0
-5.0,5.0
-5.0,5.0
-5.0,5.0
-5.0,5.0
5.0,-5.0
-5.0,5.0
-5.0,5.0
-5.0,5.0
-5.0,5.0
-5.0,5.0
-5.0,5.0
-5.0,5.0
19.993537050911826,5.006462949088174
-5.006247517061545,5.006247517061545
25.0,0.0
19.99418334637536,5.005816653624638
19.714374425327044,5.008617264423641
-5.034253626900649,5.034253626900649
-5.152830800364817,5.152830800364817
-5.101635584491893,5.101635584491893
-5.01568330065505,5.01568330065505
-5.121400869832077,5.121400869832077
-4.983244301168955,4.983244301168955
-5.373119458715948,5.373119458715948
-4.602749570542122,4.602749570542122
-5.259636963056473,5.259636963056473
-5.0831053755472935,5.0831053755472935
-5.5164359722258824,5.5164359722258824
-4.229787583080445,4.229787583080445
-5.442207052470356,5.442207052470356
-4.934651638493765,4.934651638493765
-25.0,4.56586153476243
-5.385199933835565,5.385199933835565
-4.973839575077295,4.973839575077295
-14.019677222933653,4.668171145136515
-25.0,4.826454054848821
-25.0,5.330554568441158
-25.0,4.638749582054249
-4.811863822444224,4.811863822444224
-5.010113662309529,5.010113662309529
-4.924281888162513,4.924281888162513
-4.4989403541554385,4.4989403541554385
-5.010113662309529,5.010113662309529
-4.9800835154319545,4.9800835154319545
5.111456828362568,-5.111456828362568
-5.010113662309529,5.010113662309529
-4.792978632583499,4.792978632583499
-5.010113662309529,5.010113662309529
4.430128256202588,-4.430128256202588
6.044766546688087,-6.044766546688087
4.429637223594084,-4.429637223594084
-4.9374690800932,4.9374690800932
-4.681757222168195,4.681757222168195
4.966690569477655,-4.966690569477655
4.978860351941878,-4.978860351941878
4.938664788675218,-4.938664788675218
4.695993380930929,-4.695993380930929
5.274209207762688,-5.274209207762688
4.7620890208542175,-4.7620890208542175
-4.913631592851211,4.913631592851211
-4.9988618047167614,4.9988618047167614
-5.010113662309529,5.010113662309529
4.970029738154463,-4.970029738154463
4.988787907153289,-4.988787907153289
-4.943417377240712,4.943417377240712
-4.950345636602665,4.950345636602665
-4.982362021328096,4.982362021328096
-4.986010723383748,4.986010723383748
-4.979916611483879,4.979916611483879
-4.990176993354606,4.990176993354606
-5.009277633732605,5.009277633732605
-5.010113662309529,5.010113662309529
-5.0,5.0
-5.0,5.0
-5.0,5.0
-5.0,5.0
-5.0,5.0
-5.0,5.0
-5.0,5.0
-5.0,5.0
-5.0,5.0
-5.0,5.0
-5.0,5.0
-5.0,5.0
-5.0,5.0
-5.010113662309529,5.0
-5.0,5.0
-5.0,0.0
0.0,0.0
0.0,0.0
5.0,-5.0
5.0,-5.0
5.0,-5.0
5.0,-5.0
5.0,-5.0
10.54016620498615,-5.000000000000001
-5.0,5.0
-5.0,5.0
-5.0,5.0
-5.0,5.0
-5.0,5.0
-5.0,5.0
-5.0,5.0
-5.0,5.0
-5.0,5.0
-5.000000000000002,5.000000000000002
-5.0,5.0
-5.0,5.0
-5.000000000000002,5.045025206043406
-5.040635248454175,5.046102367409267
-5.043732616349041,5.043732616349041
19.62704329219011,5.045456072562086
19.959067993833607,5.040932006166393
4.9439877815545,-4.9439877815545
19.842617288795196,5.157382711204804
25.0,0.0
-5.054113387104055,5.054113387104055
-5.334902384484642,5.334902384484642
-5.034589081696819,5.034589081696819
-4.647085460173544,4.647085460173544
-5.235939274944027,5.235939274944027
-4.976835631365941,4.976835631365941
-4.482851146885552,4.482851146885552
-5.159736441971155,5.159736441971155
-4.989327930106443,4.989327930106443
-4.729754081781141,4.729754081781141
0.0,0.0
-5.058328109958182,5.058328109958182
0.0,0.0
-4.872535382370753,4.872535382370753
0.0,-4.970378994367238
-25.0,0.0
-25.0,4.98274127676153
-25.0,4.949197690586544
-24.51252895577637,4.686673228579036
-5.018668075185499,5.018668075185499
-5.135704245783508,5.135704245783508
-4.8891667451813925,4.8891667451813925
-5.135704245783508,5.135704245783508
-5.117426850783951,5.117426850783951
-4.903186420416212,4.903186420416212
4.846722088469484,-4.846722088469484
4.839400148506437,-4.839400148506437
-5.135704245783508,5.135704245783508
5.46807778077699,-5.46807778077699
4.824347285122363,-4.824347285122363
-5.092436572977139,5.092436572977139
-5.018001583624344,5.018001583624344
-5.077354676816729,5.077354676816729
-5.003975596916407,5.003975596916407
-5.135704245783508,5.135704245783508
-4.831289274403765,4.831289274403765
-4.954614196815565,4.954614196815565
-4.747383604065235,4.747383604065235
-4.9484693465888405,4.9484693465888405
-5.023509764000387,5.023509764000387
-5.012100356259937,5.012100356259937
-4.980341339108786,4.980341339108786
-5.009047467128207,5.009047467128207
-5.0418138496280545,5.0418138496280545
-4.976076987366437,4.976076987366437
-4.95726880240858,4.95726880240858
-4.995932773314115,4.995932773314115
-5.0038980742755115,5.0038980742755115
-4.996868922564195,4.996868922564195
-5.009347173346175,5.009347173346175
-5.014807968365457,5.014807968365457
-5.135704245783508,5.029332130001281
-5.0,5.0
-5.0,5.0
-5.0,5.0
-5.0,5.0
-5.0,5.0
-5.0,5.0
-5.0,5.0
-5.029332130001281,5.0
-5.0,5.0
-5.0,5.0
-5.0,5.0
-5.0,5.0
-5.0,5.0
-5.0,5.0
-5.0,5.0
-5.0,0.0
0.0,0.0
0.0,0.0
0.0,0.0
0.5401662049861491,5.0
-5.0,5.0
-5.0,5.0
-5.0,5.0
-5.0,5.0
-5.0,5.0
-5.0,5.0
-5.0,5.0
-5.0,5.0
-5.0,5.0
-5.0,5.0
-5.0,5.0
-5.0,5.0
-5.0,5.0
-5.0,5.0
-5.0,5.0
-5.0,5.0
-5.0,5.042009165066834
19.953251337743552,5.046748662256448
19.949373573591295,5.050626426408705
19.630356098275158,5.0506264264087015
-5.045240639302745,5.045240639302745
-5.045886934149927,5.045886934149927
25.0,-4.8900305405419005
-0.23728567857568514,5.127316219117584
-5.063661699209127,5.063661699209127
-5.00919029379251,5.00919029379251
-4.947181963859799,4.947181963859799
-4.598826674426244,4.598826674426244
-5.0947778139298965,5.0947778139298965
-5.544901031557265,5.544901031557265
-4.548718942629315,4.548718942629315
-4.778805904125593,4.778805904125593
-5.251112687464636,5.251112687464636
-4.970437691067225,4.970437691067225
-4.685633097809353,4.685633097809353
-4.552837178838166,4.552837178838166
-5.104410068627424,5.104410068627424
-5.279039693712792,5.279039693712792
-14.676355232327367,4.874632684887537
-25.0,4.775243393124697
-25.0,4.809040069371676
-25.0,5.217439084943443
-25.0,5.3273148892901965
-4.553346830292364,4.435260746141342
-4.643999465392981,4.643999465392981
-5.003949719876626,5.003949719876626
-4.8571549535319045,4.8571549535319045
-4.915326538956784,4.915326538956784
5.536409575625636,-5.536409575625636
-4.608269584930264,4.608269584930264
-5.010008102921646,5.010008102921646
-4.756731526898843,4.756731526898843
-4.812002359279143,4.812002359279143
-4.838273550555051,4.838273550555051
-5.062693440339563,5.062693440339563
4.993450584346476,-4.993450584346476
-4.794096078898866,4.794096078898866
-5.209228805139174,5.209228805139174
-4.565091061681674,4.565091061681674
-4.781539876493055,4.781539876493055
5.091071874702414,-5.091071874702414
5.231711534676597,-5.231711534676597
5.032480970782323,-5.032480970782323
5.1370948999914265,-5.1370948999914265
-4.938057467174533,4.938057467174533
4.952721819941549,-4.952721819941549
-5.047418754562328,5.047418754562328
-5.023519502406173,5.023519502406173
-4.9895120673346325,4.9895120673346325
-5.0114832421142435,5.0114832421142435
-5.030967062873021,5.030967062873021
-4.995380514485538,4.995380514485538
-5.006807328085444,5.006807328085444
4.971516935712301,-4.971516935712301
4.943141420270939,-4.943141420270939
4.935801376869635,-4.935801376869635
-5.0,5.0
5.0,-5.0
-4.999999999999993,4.999999999999993
-5.0,5.0
-5.0,5.0
-5.0,5.0
5.0,-5.0
5.0,-5.0
-5.0,5.0
-5.0,5.0
-5.0,5.0
-5.0,5.0
-5.0,5.0
-4.999999999999993,4.999999999999993
-5.0,5.0
-5.209228805139174,0.0
5.0,-5.0
5.0,-5.0
5.0,-5.0
0.0,0.0
5.0,-5.0
5.0,-5.0
5.0,-5.0
25.0,-5.0
5.0,-5.0
25.0,-5.0
5.0,-5.0
5.0,-5.0
5.0,-5.0
5.0,-5.0
5.0,-5.0
5.0,-5.0
5.0,-5.0
5.0,-5.0
5.0,-5.0
-5.0,5.0
-5.05299617746893,5.05299617746893
-5.056658518223521,5.056658518223521
-5.053857900644614,5.053857900644614
15.042178914900669,-4.948080983896931
4.9370939665639995,-4.9370939665639995
4.909943694328625,-4.909943694328625
4.739167298776478,-4.739167298776478
4.58136310443842,-4.58136310443842
4.535367494610759,-4.535367494610759
4.860511394935532,-4.860511394935532
4.677259035277702,-4.677259035277702
4.705834860962287,-4.705834860962287
4.656539731329173,-4.656539731329173
4.911357884660808,-4.911357884660808
-4.9574379498881145,4.9574379498881145
-5.4829072180127225,5.4829072180127225
4.869290654041295,-4.869290654041295
4.882542222997776,-4.882542222997776
-4.715969824493586,4.715969824493586
-24.999999999975174,5.0352672494832404
-5.3128647715887976,5.3128647715887976
-4.670080365754412,4.670080365754412
-4.9935597728314,4.9935597728314
-25.0,5.046406368387455
-5.291597000626401,5.291597000626401
-5.095284309647537,5.095284309647537
-4.934336064837915,4.934336064837915
-5.04228560758936,5.04228560758936
-5.035041298745654,5.035041298745654
4.977192229597053,-4.977192229597053
-5.029197505786611,5.029197505786611
-5.0976454317406095,5.0976454317406095
-5.016117608898915,5.016117608898915
-5.234194152627174,5.234194152627174
-5.181967343731207,5.181967343731207
-5.229475695324895,5.229475695324895
-5.109318501270527,5.109318501270527
4.815826796414397,-4.815826796414397
4.72293453507821,-4.72293453507821
-5.099760406382121,5.099760406382121
-4.992371953590778,4.992371953590778
-5.291597000626401,5.291597000626401
4.854668233123803,-4.854668233123803
4.45700377102945,-4.45700377102945
-4.754868695608356,4.754868695608356
-5.291597000626401,5.291597000626401
-5.0638620095871785,5.0638620095871785
-5.246146820416172,5.246146820416172
-5.011266926234835,5.011266926234835
-5.02227811946831,5.02227811946831
-5.0126668602805715,5.0126668602805715
-4.954244383937613,4.954244383937613
-4.999999999999993,4.999999999999993
-5.0,5.0
-5.0,5.0
-5.0,5.0
-5.0,5.0
-5.0,5.0
25.0,0.0
-5.0,5.0
-5.0,5.0
-5.0,5.0
5.0,-5.0
5.0,-5.0
5.0,-5.0
5.0,-5.0
-5.0,5.0
-5.0,5.0
5.0,-5.0
5.0,-5.0
5.0,-5.0
-5.0,5.0
-5.0,5.0
-5.0,5.0
-25.0,0.0
2.1459029993735985,-5.0
5.0,-5.0
5.0,-5.0
5.0,-5.0
5.0,-5.0
0.0,0.0
0.0,0.0
0.0,0.0
5.0,-5.0
5.0,-5.0
5.0,-5.0
5.0,-5.0
5.0,-5.0
5.0,-5.0
0.0,0.0
5.0,-5.0
5.0,-5.0
5.2631578947368425,-5.0
25.0,-5.0
5.0,-5.0
25.0,-5.0
5.0,-5.0
25.0,-5.0
25.0,-5.0
25.0,-5.0
5.0,-5.0
5.0,0.0
-5.323624570958681,5.323624570958681
-5.384824716758759,5.384824716758759
-5.2767667744565285,5.2767667744565285
-5.074516091782351,5.074516091782351
-5.110843353175595,5.110843353175595
-5.090083655799117,5.090083655799117
-4.98201735079501,4.98201735079501
-4.713169423871566,4.713169423871566
-4.387061919388653,4.387061919388653
-4.724949788444471,4.724949788444471
-5.2060090071285305,5.2060090071285305
-5.104911199592914,5.104911199592914
-5.16430153047669,5.16430153047669
-14.854049077659333,4.871619587621476
4.704809877728083,-4.704809877728083
-5.05803083957437,5.05803083957437
-4.892083276908764,4.892083276908764
-24.999999999988077,5.010451168334459
-24.999999999967002,5.138912998716197
-25.0,4.871621481063407
-24.99999999999661,4.854056651378762
-4.875004430654128,4.875004430654128
-4.750347787414638,4.750347787414638
-4.892612809503282,4.892612809503282
-4.846011416596509,4.846011416596509
-4.892612809503282,4.892612809503282
5.029685382658556,-5.029685382658556
4.840705361147036,-4.840705361147036
-4.892612809503282,4.892612809503282
-4.892612809503282,4.892612809503282
5.11208040190653,-5.11208040190653
4.946319658845187,-4.946319658845187
4.9856679068458885,-4.9856679068458885
4.940589472402252,-4.940589472402252
5.057005225192857,-5.057005225192857
4.783862340813288,-4.783862340813288
-4.892612809503282,4.892612809503282
4.802211055459066,-4.802211055459066
-4.620487965737487,4.620487965737487
5.096872907431088,-5.096872907431088
5.145234885763852,-5.145234885763852
4.753973097573052,-4.753973097573052
4.731962939585267,-4.731962939585267
4.883063313996999,-4.883063313996999
5.0186624343064015,-5.0186624343064015
5.026556134563788,-5.026556134563788
4.985510869505396,-4.985510869505396
4.949689931250449,-4.949689931250449
5.002896290635852,-5.002896290635852
4.989934082998435,-4.989934082998435
4.995729573464778,-4.995729573464778
4.996896042175245,-4.996896042175245
4.977369917288649,-4.977369917288649
4.9548805089306525,-4.9548805089306525
5.0,-5.0
5.0,-5.0
5.0,-5.0
5.0,-5.0
5.0,-5.0
5.0,-5.0
-4.892612809503282,4.892612809503282
-4.892612809503282,4.892612809503282
-4.892612809503282,4.892612809503282
5.0,-5.0
5.0,-5.0
5.0,-5.0
5.0,-5.0
5.0,-5.0
0.10738719049671808,-5.0
0.0,0.0
0.0,0.0
0.0,0.0
0.0,0.0
0.0,0.0
0.0,0.0
0.0,0.0
0.0,0.0
0.0,5.0
5.0,-5.0
-4.5125,5.0
-4.952468750000001,5.0
-4.995365703125,5.0
5.0,-5.0
5.0,-5.0
20.0,5.0
25.0,-5.0
5.0,-5.0
5.0,-5.0
-5.0,5.0
5.0,-5.0
25.0,-4.933675697994371
-5.067645530625615,5.067645530625615
-5.065106224521244,5.065106224521244
25.0,-4.938064015944249
4.928588263591248,-4.928588263591248
-5.061833193949972,5.061833193949972
14.595232061800475,-4.534664120378574
-5.404566057947806,5.404566057947806
-5.342924424603192,5.342924424603192
-5.016447383369279,5.016447383369279
-0.4429049041635791,4.977569024542138
-4.697131339533928,4.697131339533928
-5.136133425955464,5.136133425955464
-4.523566459963398,4.523566459963398
-5.038280346749305,5.038280346749305
-4.936441572269752,4.936441572269752
-5.191348717372335,5.191348717372335
-4.97088454336391,4.97088454336391
-4.764380085595693,4.764380085595693
-25.0,5.2104440792878535
-5.436620767614489,5.436620767614489
-4.936538768955753,4.936538768955753
-5.026493039555971,5.026493039555971
-25.0,4.8542542004873255
-4.932370040961963,4.932370040961963
-25.0,4.752817466845325
-25.0,4.940687931382875
-4.803994046614623,4.803994046614623
-14.73898398006746,5.0648030502289245
-4.901181896554249,4.901181896554249
-5.0259369987743625,5.0259369987743625
-4.90150883086171,4.90150883086171
-5.084022748164852,5.084022748164852
-4.882974558906291,4.882974558906291
-5.084022748164852,5.084022748164852
-5.084022748164852,5.084022748164852
-4.871601915496747,4.871601915496747
4.726653886186064,-4.726653886186064
-5.084022748164852,5.084022748164852
4.409645001348635,-4.409645001348635
-4.789675207554056,4.789675207554056
4.698354503024004,-4.698354503024004
4.64930047166396,-4.64930047166396
5.198415042674142,-5.198415042674142
-5.084022748164852,5.084022748164852
4.6661546294756295,-4.6661546294756295
5.032127291607528,-5.032127291607528
5.049182469837975,-5.049182469837975
-5.0613958014667055,5.0613958014667055
-5.084022748164852,5.084022748164852
4.894163745543342,-4.894163745543342
5.01575917146509,-5.01575917146509
5.047290939835451,-5.047290939835451
5.0061746275596555,-5.0061746275596555
5.0,-5.0
5.0,-5.0
-4.984921817531325,4.984921817531325
-4.9937133518051295,4.9937133518051295
-5.003081837467461,5.003081837467461
4.99202903042354,-4.99202903042354
-5.0,5.0
-5.0,5.0
-5.0,5.0
-5.0,5.0
-5.0,5.0
-5.0,5.0
-4.999999999999993,4.999999999999993
5.0,-5.0
5.0,-5.0
5.0,-5.0
-5.0,5.0
-5.0,5.0
-5.0,5.0
-5.0,5.0
-5.084022748164852,0.0
0.0,0.0
0.0,0.0
0.0,0.0
0.0,0.0
0.5401662049861491,5.0
-5.0,5.0
-5.0,5.0
-5.0,5.0
-4.999999999999999,4.999999999999999
-5.0,5.0
-5.0,5.0
-5.0,5.0
-5.0,5.0
-5.0,5.0
-5.0,5.0
-5.0,5.0
-5.0,5.0
-5.0,5.0
-5.0,5.0
-5.0,5.0
-5.0,5.0
-5.0,5.0060320850349145
-5.0054439567440125,5.007755538166185
-5.007530158977523,5.0081864016030915
-5.00366233736464,5.00366233736464
-5.0081224179470984,5.011633307249276
-5.011290995542315,5.149940404546241
-5.136422087168358,5.369801458128274
-5.309972539032927,5.309972539032927
19.9194428817237,5.0805571182763
19.461062259483313,4.877389851918704
20.2572086237747,4.7427913762252984
20.35130858549183,4.648691414508171
-5.030722357691681,5.030722357691681
-4.875985864723822,4.875985864723822
-4.907636640111018,4.907636640111018
-4.998360910431513,4.998360910431513
-4.969929617481307,4.969929617481307
-4.851198185204069,4.851198185204069
-5.2836167740172515,5.2836167740172515
0.0,0.0
0.0,0.0
-4.852152479939361,4.852152479939361
-4.582479643479525,4.582479643479525
-4.940401390503363,4.940401390503363
-4.988737807370002,4.988737807370002
-25.0,4.758634751617276
-25.0,4.758016858399124
-25.00000000005147,5.249900253478863
-14.664975461851053,4.877619905113818
-4.863130025131781,4.863130025131781
-4.659857041599476,4.659857041599476
-5.039983813343584,5.039983813343584
4.582198782925819,-4.582198782925819
5.18974812778986,-5.18974812778986
-4.556725677425556,4.556725677425556
-5.434705866670787,5.434705866670787
4.996483878326512,-4.996483878326512
4.743789535698752,-4.743789535698752
4.996860673271597,-4.996860673271597
4.933917614170257,-4.933917614170257
5.071686342810339,-5.071686342810339
4.6845292211611875,-4.6845292211611875
5.252700022953565,-5.252700022953565
4.928601460363797,-4.928601460363797
-4.940047632435156,4.940047632435156
-5.01877000547634,5.01877000547634
-4.626645754484099,4.626645754484099
4.936608195160039,-4.936608195160039
4.908294611183466,-4.908294611183466
4.978041162177997,-4.978041162177997
4.923146020234987,-4.923146020234987
-5.006003147793569,5.006003147793569
-4.973560519210432,4.973560519210432
-4.981423810987575,4.981423810987575
-4.997351661502556,4.997351661502556
-4.987112132147308,4.987112132147308
-4.994583225040289,4.994583225040289
-4.977631865611778,5.000683049316412
-5.021620791870268,5.021620791870268
-5.020931596263825,5.020931596263825
-5.0,5.0
5.0,-5.0
-5.0,5.0
5.0,-5.0
-5.0,5.0
-5.0,5.0
-5.0,5.0
-5.0,5.0
-5.0,5.0
-5.0,5.0
-5.0,5.0
-5.0,5.0
-4.999999999999993,4.999999999999993
-5.0,5.0
-25.0,0.0
0.0,0.0
0.0,0.0
0.0,0.0
0.0,0.0
0.0,5.0
-4.5125,4.5125
-4.5125,4.5125
-4.5125,5.0
20.0,5.0
-5.0,5.0
-5.0,5.0
5.0,-5.0
5.0,-5.0
5.0,-5.0
-7.5149687499999995,5.0
-25.0,5.0
-5.000000000000001,5.000000000000001
-5.0,5.0
-5.000000000000002,5.000000000000002
-5.0,5.0
-4.989735668397978,5.0
-5.009263559270825,5.009263559270825
-5.000215431602887,5.000215431602887
-5.000000000000002,5.000000000000002
5.300988937325299,-5.0
-5.0060320850349145,5.0060320850349145
-5.220817399546089,5.220817399546089
-5.280906075206907,5.280906075206907
19.887862952622246,5.112137047377754
19.988917053206528,5.011082946793472
20.169475360564363,4.830524639435637
19.633350967365438,4.778387453457935
-4.646668902947821,4.646668902947821
-5.5700598256963,5.5700598256963
-4.958009138205205,4.958009138205205
-4.84447962207101,4.84447962207101
0.0,0.0
0.0,0.0
-5.144764996590291,5.144764996590291
0.0,0.0
0.0,-4.5867339121307635
5.082253642250152,-5.082253642250152
5.082253642250148,-5.082253642250148
4.838448378360392,-4.838448378360392
-19.88595294307021,-5.114047056929788
5.039732616713528,-5.039732616713528
-25.0,5.18354933466469
-25.0,4.876205503988295
-25.0,4.720400478621727
-4.900744511467239,4.900744511467239
-5.193421405143962,5.193421405143962
-4.783344800017693,4.783344800017693
-5.169270553261715,5.169270553261715
-4.891933694995892,4.891933694995892
4.8912287034487205,-4.8912287034487205
-5.008569718198279,5.008569718198279
5.13547892619323,-5.13547892619323
4.955896057005629,-4.955896057005629
4.976417811845596,-4.976417811845596
5.354811453071774,-5.354811453071774
5.06529092710087,-5.06529092710087
5.218912813916263,-5.218912813916263
4.8810438792797965,-4.8810438792797965
-4.916903776088727,4.916903776088727
5.164188555107896,-5.164188555107896
4.857985858967759,-4.857985858967759
5.370192513057932,-5.370192513057932
5.207127242378038,-5.207127242378038
4.863302801708359,-4.863302801708359
5.1155969969405,-5.1155969969405
5.029827943057587,-5.029827943057587
4.967518940462587,-4.967518940462587
-5.009580554857191,5.009580554857191
-4.9845918450569835,4.9845918450569835
-4.993180216616826,4.993180216616826
5.001164476651765,-5.001164476651765
5.018219482302869,-5.018219482302869
4.952958953820567,-4.952958953820567
4.992626710286141,-4.992626710286141
4.955671391984145,-4.955671391984145
4.983869112353347,-4.983869112353347
5.0,-5.0
5.0,-5.0
5.0,-5.0
5.0,-5.0
5.0,-5.0
5.0,-5.0
5.0,-5.0
-5.0,5.0
-5.0,5.0
-5.0,5.0
-5.0,5.0
-5.193421405143962,5.0
-5.000000000000002,5.000000000000002
-5.0,5.0
-5.0,0.0
0.0,0.0
0.0,0.0
0.0,0.0
5.0,-5.0
25.0,0.0
5.0,-5.0
5.0,-5.0
5.0,-5.0
25.0,-5.0
5.0,-5.0
5.0,-5.0
-5.0,5.0
-5.0,5.0
5.0,-5.0
5.0,-5.0
-5.0,5.0
20.0,5.0
-5.0,5.0
5.0,-5.0
-5.0,5.0
-5.0,5.0
-5.0,5.0
5.0,-5.0
4.999784568397113,-4.999784568397113
4.99784568389409,-4.99784568389409
-5.01551107633237,5.01551107633237
-5.1695446881518805,5.1695446881518805
-5.315080138099576,5.315080138099576
25.0,0.0
10.160930017939624,-5.00365434293475
-4.8298291150981445,4.8298291150981445
-4.2951450962227,4.2951450962227
5.105882219731968,-5.105882219731968
4.7150180543475395,-4.7150180543475395
4.975405767131282,-4.841993532810219
-4.573893515451143,4.573893515451143
4.972469985410903,-4.972469985410903
4.972469985410901,0.0
0.0,0.0
-4.770132993341849,4.770132993341849
0.0,0.0
0.0,0.0
-5.128569756572037,5.128569756572037
0.0,0.0
-4.7763674664868345,4.7763674664868345
-5.31607478681611,5.31607478681611
-25.0,4.907912451486233
-25.0,4.774930344058092
-4.983404612586129,4.983404612586129
-4.972325452676524,4.972325452676524
-4.7982720650867385,4.7982720650867385
-4.953423221838384,4.953423221838384
-5.087807738593123,5.087807738593123
-4.909253008376285,4.909253008376285
-5.2078090392615035,5.2078090392615035
5.240493633945263,-5.240493633945263
4.78974337146372,-4.78974337146372
4.8009254083851305,-4.8009254083851305
5.148899642629245,-5.148899642629245
4.750620443053295,-4.750620443053295
4.990293585493347,-4.990293585493347
4.950456829473388,-4.950456829473388
4.972705403358169,-4.972705403358169
4.905506517934025,-4.905506517934025
4.690760222995959,-4.690760222995959
5.22253623063274,-5.22253623063274
4.626580430737339,-4.626580430737339
4.639368737567029,-4.639368737567029
5.484997735695904,-5.484997735695904
-25.0,4.9440409014762885
4.838274339489191,-4.838274339489191
4.933127851649783,-4.933127851649783
5.0195141823960565,-5.0195141823960565
5.057643753969601,-5.057643753969601
0.4066721398223051,-5.033555836842923
-19.99489785937143,-5.005102140628569
5.0,-5.0
5.0,-5.0
5.017356154601561,-5.017356154601561
5.009684713694364,-5.009684713694364
-5.0,5.0
5.0,-5.0
5.0,-5.0
-5.0,5.0
-5.0,5.0
-5.0,5.0
-5.0,5.0
-5.0,5.0
-5.0,5.0
-5.0,5.0
5.0,-5.0
-5.0,5.0
-5.0,5.0
-5.0,5.0
-5.0,5.0
-5.0,0.0
0.0,0.0
0.0,0.0
0.0,0.0
0.0,0.0
0.5401662049861491,5.0
-5.0,5.0
-5.0,5.0
-5.000000000000002,5.000000000000002
-5.0,5.0
-5.000000000000002,5.000000000000002
-5.0,5.0
-5.0,5.0
-5.0,5.0
-5.0,5.0
5.0,-5.0
5.0,-5.0
5.0,-5.0
-5.0,5.0
5.0,-5.0
-5.0,5.0
-5.0,5.0
-5.0,5.0
-5.000000000000002,5.000000000000002
-5.0,5.0
20.0,5.0
19.72019107895169,5.002800610799003
-5.203152000481994,5.203152000481994
19.59594386963334,5.4040561303666586
25.0,0.0
-4.834738494462212,4.834738494462212
-4.769496481277999,4.769496481277999
-5.024453171444554,5.024453171444554
-4.8762364302065695,4.8762364302065695
-5.619577119183133,5.619577119183133
-4.77699293347273,4.77699293347273
-4.833007257386216,4.833007257386216
-4.974577386284674,4.974577386284674
-5.249885737090689,5.249885737090689
0.0,0.0
0.0,0.0
0.0,0.0
0.0,0.0
-4.791639969135381,4.791639969135381
-4.803290948509386,4.803290948509386
0.0,0.0
-5.023045081792147,5.023045081792147
-4.815574968637026,4.815574968637026
-5.013786781876802,5.013786781876802
-5.089232869222944,5.089232869222944
-25.0,4.950377936059425
-5.0360542901809335,5.0360542901809335
-4.926158289120202,4.926158289120202
-5.243333165700607,5.243333165700607
-5.493812181264297,5.493812181264297
-4.46918743873453,4.46918743873453
4.8470332440941535,-4.8470332440941535
4.851198816351381,-4.851198816351381
-5.113328180141762,5.113328180141762
-5.208698956971,5.208698956971
-4.91414440004197,4.91414440004197
-5.462685889293126,5.462685889293126
5.111347008730332,-5.111347008730332
4.880146387802558,-4.880146387802558
4.834898174732072,-4.834898174732072
-5.252312182930524,5.252312182930524
-4.930734422703693,4.930734422703693
-5.152024452969476,5.152024452969476
-5.021454906140315,5.021454906140315
-5.0134207164360145,5.0134207164360145
-4.96223577396484,4.96223577396484
4.898330491340103,-4.898330491340103
-4.89644713790031,4.89644713790031
5.0,-5.0
5.0,-5.0
5.0,-5.0
5.0,-5.0
5.0,-5.0
-5.0,5.0
-4.999999999999993,4.999999999999993
-5.0,5.0
5.0,-5.0
5.0,-5.0
5.0,-5.0
5.0,-5.0
5.0,-5.0
22.215647716277648,-4.9999999999999964
5.0,-5.0
5.0,-5.0
5.0,-5.0
5.0,-5.0
5.0,-5.0
5.0,-5.0
-25.0,0.0
-25.0,5.0
-25.0,0.0
-15.487500000000011,-5.0
0.0,0.0
0.0,0.0
0.0,0.0
0.0,0.0
0.0,5.0
0.4874999999999998,-5.000000000000002
0.0,0.0
0.0,5.000000000000004
-4.512499999999999,5.0
-4.95246875,5.000000000000004
-4.995365703125004,5.0
-4.999548156054687,4.999548156054691
-4.999548156054691,4.999548156054691
-4.999548156054691,4.999548156054691
-4.999548156054691,4.999548156054691
-4.999548156054691,4.999548156054691
-4.999548156054691,4.999548156054691
-4.999548156054691,4.999548156054691
-4.999548156054691,0.0
0.0,0.0
5.0,-5.0
0.0,0.0
0.0,0.0
5.0,-5.0
0.0,0.0
25.0,-4.97845683678365
24.99999999997529,-4.837899820126015
24.99999999998357,-4.713180745076468
25.0,-4.615743315821774
23.916646418292697,-4.701701477217956
5.193493671511152,-5.193493671511152
5.193493671511148,4.440892098500626e-15
-4.835745174424375,4.835745174424375
-5.001076737313762,5.001076737313762
-5.055630586347972,5.055630586347972
-4.830806446710314,4.830806446710314
-25.0,5.252396441096636
21.881001173300124,3.552713678800501e-15
-4.918413480458316,4.918413480458316
-5.212376652356284,5.212376652356284
0.0,-4.254721652169968
4.714373021794982,-4.714373021794982
4.714373021794971,-4.714373021794971
4.714373021794978,-4.714373021794978
-5.298323912260521,4.865345352195852
5.119640915553399,-5.119640915553399
-4.832196864237993,4.832196864237993
-4.918475332894863,4.918475332894863
5.194127658985748,-5.194127658985748
5.072140137727452,-5.072140137727452
4.914956055484817,-4.914956055484817
5.065179214026699,-5.065179214026699
-5.064876263317082,5.064876263317082
4.969351486543788,-4.969351486543788
5.194127658985748,-5.194127658985748
5.194127658985754,-5.194127658985754
4.913121941397012,-4.913121941397012
4.793484812727484,-4.793484812727484
4.949695034668165,-4.949695034668165
4.82865675896666,-4.82865675896666
4.793007034212526,-4.793007034212526
5.105748732075543,-5.105748732075543
4.802899637176132,-4.802899637176132
4.234752818981599,-4.234752818981599
4.841791565670475,-4.841791565670475
4.948785551392003,-4.948785551392003
4.6298418844705544,-4.6298418844705544
4.558204140003217,-4.558204140003217
5.035272298661735,-5.035272298661735
5.100962742010912,-5.100962742010912
4.854355736311096,-4.854355736311096
4.769800644973856,-4.769800644973856
5.139103113661375,-4.99223705571458
5.047261601038955,-5.047261601038955
5.0,-5.0
5.0,-5.0
5.0,-5.0
5.0,-5.0
5.0,-5.0
5.0,-5.0
5.0,-5.0
5.0,-5.0
5.0,-5.0
5.0,-5.0
5.0,-5.0
5.0,-5.0
5.0,-5.0
5.0,-5.0
-5.0,5.0
-5.0,5.0
5.0,-5.0
-5.0,5.0
-25.0,5.0
-25.0,4.55515359493765
-25.0,0.0
-20.0,-5.0
5.0,-5.0
0.0,0.0
0.0,0.0
0.0,0.0
0.0,0.0
0.0,0.0
4.999999999958367,-4.999999999958367
0.0,0.0
0.0,0.0
0.0,0.0
5.0,-5.0
10.54016620498615,-5.000000000000001
5.0,-5.0
-5.0,5.0
5.0,-5.0
-5.0,5.0
-5.0,5.0
-5.0,5.0
-5.0,5.0
-5.0,5.0
-5.0,5.0
-5.0,5.0
-5.0,5.0
-5.0,5.0
-5.0,5.0
-5.0,5.0
-5.0,5.0820794455921225
-5.0740766996468905,5.201487546680918
19.904600190394422,5.095399809605578
19.864801934360475,5.135198065639525
-4.730494733151421,4.730494733151421
19.263973520559595,5.2495278765649545
-4.931795696908318,4.931795696908318
20.295266491096633,4.704733508903367
-4.802756366736375,4.802756366736375
-5.071466703545866,5.071466703545866
-5.156382525156776,5.156382525156776
-5.013399888574728,5.013399888574728
-4.849092677772235,4.849092677772235
-4.7340869080759695,4.7340869080759695
-24.999999999999996,2.4374999999999822
25.0,-4.492485610598671
4.492485610598684,-4.492485610598684
4.492485610598689,-4.492485610598689
-25.0,0.0
-25.0,5.27489431816954
-25.0,4.676677748603623
-25.000000000000004,4.968458413097732
-4.828916791659081,4.828916791659081
-4.676065386129355,4.250974567186944
-5.4404713973631775,5.4404713973631775
-4.660129697238131,4.660129697238131
-5.032399947246182,5.032399947246182
-5.145827217515882,5.145827217515882
-5.4404713973631775,5.114457933829708
-4.721872314152614,4.721872314152614
-5.111931451140969,5.111931451140969
5.088647795664998,-5.088647795664998
-4.8309200532264205,4.8309200532264205
-4.902321748599181,4.902321748599181
-5.114457933829708,5.114457933829708
5.485855938252991,-5.485855938252991
4.910802790600167,-4.910802790600167
-5.027089158191872,5.027089158191872
4.841102510592924,-4.841102510592924
5.3570029543248285,-5.3570029543248285
5.211490363743829,-5.211490363743829
-4.810474114957272,4.810474114957272
5.197490569649328,-5.197490569649328
-4.925376928748316,4.925376928748316
5.04083786413476,-5.04083786413476
5.049205245380418,-5.049205245380418
4.999999999999998,-4.999999999999998
5.0,-5.0
4.999999999999998,-4.999999999999998
5.0,-5.0
4.999999999999998,-4.999999999999998
5.0,-5.0
4.999999999999998,-4.999999999999998
5.0,-5.0
4.999999999999998,-4.999999999999998
5.0,-5.0
4.999999999999998,-4.999999999999998
4.999999999999998,-4.999999999999998
5.0,-5.0
4.999999999999998,-4.999999999999998
5.0,-5.0
4.999999999999998,-4.999999999999998
5.0,-5.0
4.999999999999998,-4.999999999999998
5.0,-5.0
4.999999999979183,-4.999999999979183
5.0,-5.0
4.999999999979183,-4.999999999979183
5.0,-5.0
-5.114457933829706,0.0
5.0,-5.0
0.0,0.0
0.0,0.0
0.0,0.0
0.0,5.0
-4.5125,4.5125
-4.5125,4.5125
-4.5125,4.5125
-4.5125,5.0
-4.95246875,4.95246875
25.0,-5.0
-5.0,5.0
20.0,5.0
5.0,-5.0
25.0,-5.0
20.0,5.0
-0.2234803788516011,5.0
-5.0,5.0
-5.0,5.0
4.9991382735884535,-4.9991382735884535
4.9991382735884535,-4.9991382735884535
4.9956913677881785,-4.9956913677881785
4.997199389200996,-4.997199389200996
4.9991382735884535,-4.9991382735884535
4.9991382735884535,-4.998922841985567
4.980395723790617,-4.980395723790617
4.879126779798536,-4.879126779798536
4.86546659164976,-4.86546659164976
-5.4270280385173555,5.4270280385173555
-5.043558789503889,5.043558789503889
4.900847072905391,-4.900847072905391
4.998922841985567,-5.155704357370352
4.907201206840794,-4.922755142815509
5.156480352990089,-5.156480352990089
5.1898762506941365,-5.1898762506941365
5.189876250694145,-5.189876250694145
-23.367701769401275,4.783744947413307
25.0,-4.377437554032522
5.158955712746581,-5.158955712746581
-20.060391330520133,-4.939608669479867
-25.0,0.0
-5.316596114495575,5.316596114495575
-4.647680316514822,4.647680316514822
-19.755342969993446,4.914430940921482
-25.0,4.95710596640216
-5.1132044752686685,5.1132044752686685
-4.496365273123697,4.496365273123697
-5.460236406576415,5.460236406576415
-5.022078164110623,4.939253964690691
-5.1874494892806435,5.1874494892806435
-5.003762269125051,5.003762269125051
-4.818174033266613,4.818174033266613
-5.185130022910142,5.185130022910142
-5.377412207156483,5.377412207156483
-4.050787262861544,4.038703947579023
-5.365328891873962,5.365328891873962
-5.178600172823281,5.178600172823281
4.805472824765938,-4.805472824765938
4.479090771202435,-4.479090771202435
4.894153440091143,-4.894153440091143
4.68975701434401,-4.68975701434401
5.222492681468233,-5.222492681468233
4.312137159721976,-4.312137159721976
23.829729401270782,-4.511534267613122
-5.6018690190587295,5.6018690190587295
-4.967923831324721,4.967923831324721
25.0,0.0
25.0,0.0
25.0,0.0
-5.052203298658605,5.052203298658605
4.851065565375198,-4.851065565375198
4.923655573072418,-4.923655573072418
4.98061257096786,-4.98061257096786
5.0,-5.0
5.0,-5.0
5.0,-5.0
5.0,-5.0
5.0,-5.0
-4.999999999999993,4.999999999999993
5.0,-5.0
5.0,-5.0
5.0,-5.0
5.0,-5.0
5.0,-5.0
-5.0,5.0
5.0,0.0
-5.0,5.0
-5.0,5.0
-5.0,5.0
-5.000000000000002,5.000000000000002
-5.0,5.0
-5.0,5.0
-25.0,4.9999999999999964
-5.0,5.0
-20.0,-5.0
-20.0,-5.0
-20.0,-5.0
5.0,-5.0
0.0,0.0
0.0,0.0
0.5401662049861482,5.0
-4.999999999999999,4.999999999999999
-5.0,5.0
-5.0,5.0
-5.0,5.0
-5.0,5.0
-5.0,5.0
-5.0,5.0
-5.0,5.0
-5.0,5.0
-5.0,5.0
25.0,-0.39251773550030933
-5.0,5.0
20.0,5.0
-5.0,5.0
25.0,0.0
-5.0,5.0
25.0,-5.0
-5.0,5.0
-5.0,5.0
-5.0,5.0
-5.030375857817557,5.030375857817557
-5.332975634736331,5.332975634736331
4.525978152734822,-4.525978152734822
4.768414063638432,-4.768414063638432
5.115509425251004,-5.115509425251004
5.115509425251004,-4.896425254839613
4.811842994582938,-4.811842994582938
-4.629462249362566,4.629462249362566
-4.880784477734688,4.880784477734688
-5.160529162994653,5.160529162994653
0.3350764233558454,4.56134883148377
-4.926501002110456,4.926501002110456
0.0,0.0
-4.968117593549412,4.968117593549412
-4.744889625463047,4.744889625463047
-5.016288649820385,5.016288649820385
-5.220412419928866,5.220412419928866
-4.925806108920273,4.925806108920273
-4.964236037582449,4.964236037582449
-24.99999999997242,4.884335943657629
-5.0320925785053845,5.0320925785053845
-4.9039841906182,4.9039841906182
-7.893375347468531,5.0072222186877955
-4.859342510114262,4.859342510114262
-4.937382612911497,4.937382612911497
-4.95364096766092,4.95364096766092
-5.015980018784964,5.015980018784964
-4.9229526919240705,4.9229526919240705
-4.962628505379545,4.962628505379545
4.985083464435254,-4.985083464435254
4.865544163599038,-4.865544163599038
4.894732833323285,-4.894732833323285
5.057168692346586,-5.057168692346586
4.9301698614333755,-4.9301698614333755
4.911773179591908,-4.911773179591908
4.942943020727585,-4.942943020727585
4.81808377920104,-4.81808377920104
4.73474708816401,-4.73474708816401
4.819045016556761,-4.819045016556761
24.999999999951804,-4.7730160742617045
5.259794118737087,-5.259794118737087
4.621720596437239,-4.621720596437239
5.091303032405325,-5.091303032405325
5.259794118737085,-5.05747364929107
-4.929142195823097,4.929142195823097
4.902244748627154,-4.902244748627154
4.890060449774761,-4.890060449774761
5.038542899100133,-5.038542899100133
5.057473649291066,-5.057473649291066
5.0,-5.0
5.0,-5.0
5.0,-5.0
5.0,-5.0
5.0,-5.0
5.0,-5.0
5.0,-5.0
5.0,-5.0
5.0,-5.0
5.0,-5.0
5.0,-5.0
-5.0,5.0
-5.0,5.0
-5.0,5.0
-5.0,5.0
-5.0,5.0
-5.0,5.0
-5.0,5.0
-25.0,5.0
-25.0,0.0
-25.0,0.0
-20.435630031514812,0.0
0.0,0.0
0.0,0.0
0.0,0.0
0.0,0.0
0.0,5.0
-4.5125,4.5125
-4.5125,0.0
0.0,0.0
5.0,-5.0
0.0,0.0
0.0,0.0
0.0,0.0
10.54016620498615,-5.000000000000001
-5.0,5.0
-5.0,5.0
-5.0,5.0
-5.0,5.0
-4.999999999999993,4.999999999999993
-5.0,5.0
-5.0,5.0
5.0,-5.0
-5.0,5.0
-5.0,5.0
-0.6043293532175413,5.0
-5.0,5.0
-5.0734621793194155,5.0734621793194155
19.68999689963084,5.310003100369158
24.99999999997875,-4.672678957023514
4.8629862813315405,-4.8629862813315405
19.781165763924044,5.218834236075956
-4.941893738321881,4.941893738321881
-5.020591812191564,5.020591812191564
-4.634209739441184,4.634209739441184
19.93013956637541,5.0698604336375865
-4.777620293900561,4.777620293900561
-4.802334760332158,4.802334760332158
-25.0,5.068310335840049
16.920815805945892,5.164158891184247
-5.003518015115423,5.003518015115423
-4.7989713763081046,4.7989713763081046
-4.905068501699704,4.905068501699704
-5.419626495099621,5.419626495099621
0.0,0.0
-25.0,4.642650072440567
-25.0,4.809502700351153
-5.19504976520815,5.19504976520815
-4.728016533232026,4.728016533232026
-25.0,4.943696610617753
-4.88698045089366,4.88698045089366
-5.074296768091534,5.074296768091534
-4.802178866946168,4.802178866946168
-4.976028393954275,4.976028393954275
-5.0318558982634976,5.0318558982634976
-4.8906145971144355,4.8906145971144355
5.043895664381509,-5.043895664381509
-5.049374023047078,5.049374023047078
-4.939568276051919,4.939568276051919
-5.2701619756264035,5.2701619756264035
-5.084053043235812,5.084053043235812
5.079030372929294,-5.079030372929294
4.732308966098906,-4.732308966098906
-4.748154550506458,-4.647694832903008
4.935797170864503,-4.935797170864503
-25.0,5.0
4.626422012762101,-4.626422012762101
5.504299956142836,-5.504299956142836
4.774925294879598,-4.774925294879598
-4.93596852735963,4.93596852735963
4.817547146199265,-4.817547146199265
-5.0,5.0
5.01721233391106,-5.01721233391106
-5.0,5.0
4.948361178787459,-4.948361178787459
4.97970253790322,-4.97970253790322
5.0208622612800475,-5.0208622612800475
-4.974656804832923,4.974656804832923
5.00119527466824,-5.00119527466824
4.999588154190342,-4.999588154190342
-5.0,5.0
-5.0,5.0
-5.0,5.0
-5.0,5.0
-5.0,5.0
5.0,-5.0
-5.0,5.0
5.0,-5.0
5.0,-5.0
5.0,-5.0
-5.0,5.0
-5.0,5.0
-5.0,5.0
-5.0,5.0
0.0,-5.0
5.0,-5.0
0.0,0.0
5.0,-5.0
0.0,0.0
0.0,0.0
0.0,0.0
0.0,0.0
0.0,0.0
0.0,0.0
0.0,0.0
0.0,0.0
0.5401662049861491,5.0
-5.0,5.0
-5.0,5.0
-5.0,5.0
-5.0,5.0
5.0,-5.0
-5.0,5.0
-5.0,5.0
-5.0,5.0
5.0,-5.0
-5.0,5.0
-5.0,5.0
-5.0,5.0
5.0,-5.0
-5.0,5.0
-5.0,5.0
-5.0,5.0
20.0,5.0
-5.0,5.0
20.0,5.0
19.722991689750693,5.0
-4.767715127160783,4.767715127160783
-4.969404818491627,4.969404818491627
-5.11172861617367,5.11172861617367
-5.004136539480889,5.004136539480889
-4.99764234921714,4.99764234921714
20.239692708006714,4.760307291993286
-4.900145868242091,4.900145868242091
-4.958544982272838,4.958544982272838
-5.130898690152214,5.130898690152214
-5.03466576609519,5.03466576609519
0.0,0.0
-5.039341936527586,5.039341936527586
-4.9214701268888845,4.9214701268888845
-4.985974644439376,4.985974644439376
-25.0,4.886866213230242
-25.0,0.0
-4.93004552541297,4.93004552541297
-9.357793093955824,4.622156088082313
-25.0,5.207557211484136
-5.055255684844821,5.055255684844821
-25.0,4.641213581159128
-5.000000000000001,5.000000000000001
-4.880064338652034,4.880064338652034
-4.890666351193993,4.890666351193993
4.818113443124689,-4.818113443124689
5.387441137939416,-5.387441137939416
-4.8978904633237255,4.8978904633237255
4.817411607314078,-4.817411607314078
4.775290729173073,-4.775290729173073
4.840031295818139,-4.840031295818139
5.058456864009769,-5.058456864009769
4.791054895577434,-4.791054895577434
5.068456762016363,-5.068456762016363
4.8171881811657355,-4.8171881811657355
4.4890502757810795,-4.4890502757810795
5.245631173062512,-5.245631173062512
5.457480817413526,-5.457480817413526
4.546793312181315,-4.546793312181315
-5.0,5.0
5.306178396968635,-5.306178396968635
4.6920502881010755,-4.6920502881010755
4.546827709709802,-4.546827709709802
4.434218248569239,-4.434218248569239
4.5328466922478245,-4.5328466922478245
4.834995923671973,-4.834995923671973
5.04725455148097,-5.04725455148097
4.947146343483394,-4.947146343483394
5.02495873523374,-5.02495873523374
5.0,-5.0
-5.0,5.0
5.0,-5.0
-5.0,5.0
5.0,-5.0
5.0,-5.0
-5.0,5.0
-5.0,5.0
-5.0,5.0
-5.0,5.0
-5.0,5.0
-5.0,5.0
-5.0,5.0
-5.0,5.0
-5.0,5.0
-5.0,5.0
0.0,-5.0
5.0,-5.0
0.0,0.0
0.0,0.0
0.0,0.0
5.0,-5.0
5.0,-5.0
25.0,-5.0
-13.05,-5.0
5.0,-5.0
5.0,-5.0
5.0,-5.0
0.0,0.0
0.0,0.0
0.0,5.0
-4.45983379501385,5.0
-5.0,5.0
-5.0,5.0
-5.0,5.0
-5.0,5.0
-5.0,5.0
-5.0,5.0
-5.0,5.0
25.0,-5.0
-5.0,5.0
-5.0,5.0
-5.0,5.0
6.866887397672612,-5.0
-5.0,5.0
20.0,5.0
-5.0,5.0
20.0,5.0
-4.903708167216939,4.903708167216939
-5.186989540677243,5.186989540677243
-5.347359812336173,5.347359812336173
-25.0,5.015134123600458
25.0,0.0
25.0,0.0
0.0,0.0
-5.009265242535774,5.009265242535774
0.0,0.0
0.0,0.0
0.0,0.0
0.0,0.0
-5.100667365069036,5.100667365069036
-4.868348982252238,4.868348982252238
-5.119156194418013,5.119156194418013
-24.999999999999996,4.819195229616948
-5.141478612538261,5.141478612538261
-4.512809185182762,4.512809185182762
-4.863755492117675,4.863755492117675
-10.0546150829464,4.813429067777244
-5.45647666204061,5.45647666204061
-4.62689979127706,4.62689979127706
-4.986938406384343,4.986938406384343
-5.044205557711553,5.044205557711553
-4.756820834243447,4.756820834243447
5.1162573348153675,-5.1162573348153675
4.753485851848417,-4.753485851848417
5.28339019213235,-5.28339019213235
-25.000000000000004,5.2969907855522
5.192453856315124,-5.192453856315124
5.078455397728335,-5.078455397728335
4.738734045732025,-4.738734045732025
4.80843795483631,-4.80843795483631
4.962319874344125,-4.962319874344125
5.002469048283375,-5.002469048283375
4.972014297051855,-4.972014297051855
5.4377378983562,-5.4377378983562
4.096937069866796,-4.096937069866796
4.760549652560979,-4.760549652560979
4.5771944158913405,-4.5771944158913405
4.461048794150144,-4.461048794150144
4.43100491981854,-4.43100491981854
-5.349614586107225,5.349614586107225
-4.967391142993644,4.967391142993644
-5.097050575399326,5.097050575399326
-5.412919134831344,5.412919134831344
-5.091866114424129,5.091866114424129
-4.981286938310606,4.981286938310606
20.01212858122627,4.987871418773729
-5.0,5.0
25.0,-5.0
5.0,-5.0
5.0,-5.0
5.0,-5.0
5.0,-5.0
5.0,-5.0
-5.0,5.0
-5.0,5.0
-5.0,5.0
-5.0,5.0
-5.0,5.0
-5.0,5.0
-5.0,5.0
-20.487500000000008,5.000000000000005
-25.0,0.0
-25.0,0.0
-25.0,0.0
0.0,0.0
0.0,0.0
0.0,0.0
0.0,0.0
0.0,0.0
4.999999999999998,-4.999999999999998
5.0,-5.0
0.0,0.0
0.5401662049861491,5.0
-5.0,5.0
-5.0,5.0
-5.0,5.0
-5.0,5.0
-5.0,5.0
-5.0,5.0
-5.0,5.0
-5.0,5.0
-5.0,5.0
-5.0,5.0
-5.0,5.0
-5.0,5.0
-5.0,5.0
-5.0,5.0
-5.0,5.0
-5.0,5.0
-5.0,5.0
-5.0,5.0
-5.0,5.0
19.8268898778768,4.896101811873894
20.10122163074883,4.898778369251168
-4.998590253585901,4.998590253585901
-4.818132140863799,4.818132140863799
-4.714325054599292,4.714325054599292
20.302985422718738,4.697014577281262
19.835682375266863,5.164317624733137
-4.782934554265088,4.782934554265088
-5.094471707483721,5.094471707483721
-4.980502912820581,4.980502912820581
-4.625826525273511,4.625826525273511
-5.0727510883251785,5.0727510883251785
-5.199014001472945,5.199014001472945
-4.582851389246119,4.582851389246119
-5.037835387894555,5.037835387894555
-25.0,5.1835856054384095
-25.0,0.0
-4.961273432101325,4.961273432101325
-9.92856674726166,4.744981141823244
-4.948819633346835,4.948819633346835
-4.831772102097217,4.831772102097217
-5.232052669798572,5.232052669798572
-4.854337511932471,4.854337511932471
-5.125581274051131,5.125581274051131
-4.842736393196089,4.842736393196089
5.079066979473373,-5.079066979473373
-4.54578284533528,4.54578284533528
4.634356165617497,-4.634356165617497
-4.671631094699261,4.671631094699261
-4.957639285880548,4.957639285880548
-5.002897597308021,5.002897597308021
4.894037308985791,-4.894037308985791
5.102310241521394,-5.102310241521394
5.050527129185555,-5.050527129185555
5.229483900239947,-5.229483900239947
-5.210090636793303,5.210090636793303
-4.981952342621902,4.981952342621902
-4.974702984599702,4.974702984599702
-4.922662995308,4.922662995308
-5.5423669751007845,5.5423669751007845
-5.408163597624504,5.408163597624504
5.143766521543178,-5.143766521543178
-5.19690470715724,5.19690470715724
4.738767180965889,-4.738767180965889
-5.153373214774582,5.153373214774582
-5.032183779291925,5.032183779291925
-5.078169961356617,5.078169961356617
-5.1318215853087485,5.1318215853087485
-5.065472958861073,5.065472958861073
-4.9725935423588465,4.9725935423588465
-4.932410705586024,4.932410705586024
-5.0,5.0
4.999569136794227,-4.999569136794227
-5.0,5.0
4.999999999999998,-4.999999999999998
-5.0,5.0
5.0,-5.0
-5.0,5.0
5.0,-5.0
-5.0,5.0
-5.0,5.0
-5.0,5.0
-5.0,5.0
-5.0,5.0
-5.0,5.0
-25.0,5.0
-25.0,5.0
-5.000000000000001,5.000000000000001
-5.000000000000001,0.0
5.0,-5.0
5.0,-5.0
0.0,0.0
0.0,0.0
0.0,0.0
5.0,-5.0
0.0,0.0
5.0,-5.0
5.0,-5.0
5.0,-5.0
0.0,0.0
0.0,5.0
-4.5125,5.0
-4.952468749999996,4.952468749999996
-4.952468749999996,5.0
-4.995365703125,4.995365703125
5.0,-5.0
5.0,-5.0
-4.995365703125,4.995365703125
-4.995365703125,4.995365703125
5.0,-5.0
25.0,-0.2718733552150958
-5.0,5.0
-5.0,5.0
-5.0,5.0
-5.0,5.0
-5.0,5.0
-5.0,5.0
19.875480522822365,5.1245194771776355
19.602956152898525,5.397043847053418
-5.330212092131148,5.330212092131148
25.0,-6.366462912410498e-12
-5.060353461675058,5.060353461681431
-5.007568087414609,5.007568087414609
-5.284781240807339,5.284781240807339
-5.562293558025815,5.562293558025815
-5.123199324096771,5.123199324096771
-4.963979791773898,4.963979791773898
-4.954313139547883,4.954313139547883
-4.5124424885946635,4.5124424885946635
-4.975458467931809,4.975458467931809
-5.367589661544477,5.367589661544477
-4.916061194427606,4.916061194427606
-4.899047987493386,4.899047987493386
-5.2648502398511265,5.2648502398511265
-4.881666190529135,4.881666190529135
-5.128791920425755,5.128791920425755
-9.300801143842156,4.951469189761355
-5.064870582991276,5.064870582991276
-4.715486996800134,4.715486996800134
-4.800303097135792,4.800303097135792
-4.978987843698842,4.978987843698842
4.819204381252964,-4.819204381252964
4.757263899656262,-4.757263899656262
4.819204381252964,-4.819204381252964
-4.969918887977007,4.969918887977007
-4.796388721508622,4.796388721508622
-5.0017015731523475,5.0017015731523475
-4.9072169271487365,4.9072169271487365
-5.079755561190439,5.079755561190439
4.803701825409304,-4.803701825409304
4.553455703203634,-4.553455703203634
4.81920438125296,-4.81920438125296
4.819204381252965,-4.819204381252965
4.819204381252957,-4.819204381252957
4.706850376986814,-4.706850376986814
4.786748577469697,-4.786748577469697
4.652466937726765,-4.652466937726765
-5.088146033552195,5.088146033552195
-5.382574361018888,5.382574361018888
-4.527418352006711,4.527418352006711
-4.918855599150163,4.918855599150163
4.819204381252966,-4.819204381252966
-5.29372664944291,5.29372664944291
-5.137007288855221,5.137007288855221
4.819204381252964,-4.819204381252964
4.819204381252964,-4.819204381252964
4.819204381252964,-4.819204381252964
4.819204381252964,-4.819204381252964
4.819204381252965,-4.819204381252965
4.819204381252964,-4.819204381252964
4.819204381252964,-4.819204381252964
4.819204381252964,-4.819204381252964
4.819204381252964,-4.819204381252964
-5.0,5.0
4.819204381252964,-4.819204381252964
-5.0,5.0
-5.0,5.0
-5.0,5.0
-5.0,5.0
-25.0,5.0
-25.0,5.0
-25.0,0.0
-20.0,-5.0
-0.6506680459192069,0.6506680459192069
-0.6506680459192069,0.0
0.0,0.0
0.0,0.0
5.0,-5.0
0.0,0.0
5.0,-5.0
5.0,-5.0
0.0,0.0
0.0,0.0
0.0,0.0
5.0,-5.0
5.0,-5.0
25.0,-5.0
5.0,-5.0
5.0,-5.0
5.0,-5.0
5.0,-5.0
-5.0,5.0
-5.0,5.0
-5.0,5.0
-5.0,5.0
25.0,-4.951097024873501
25.0,-4.953466771002891
-5.0387776908309245,5.0387776908309245
25.0,-4.832278309361417
-5.045886934149927,5.045886934149927
-5.045456072562085,5.045456072562085
-5.046317800668607,5.046317800668607
-5.054073333903953,5.054073333903953
-5.090120041071825,5.090120041071825
24.999999999974662,0.0
-5.238951425489121,5.238951425489121
-5.210490784188922,5.210490784188922
-4.889070495216359,4.889070495216359
-4.918117472369127,4.918117472369127
-4.956946917279612,4.956946917279612
-4.806396193282957,4.806396193282957
-4.798453204365196,4.798453204365196
-4.232552639453008,4.232552639453008
-5.182540425490232,5.182540425490232
-5.208818243812914,5.208818243812914
-4.709782687396977,4.709782687396977
-4.8993042333019385,4.8993042333019385
-5.156311205510552,5.156311205510552
-10.013888569843926,5.17141266723763
-4.825558456813518,4.825558456813518
-4.935278998921596,4.935278998921596
-5.192481626796839,5.192481626796839
-4.653334134133042,4.653334134133042
-4.810128167337046,4.810128167337046
-4.864008582189669,4.864008582189669
-5.04647453229712,5.04647453229712
-4.8068310537807175,4.8068310537807175
-5.255133726987486,5.255133726987486
-4.6038244144139515,4.6038244144139515
-5.078897831993837,5.078897831993837
-5.0290422435479325,5.0290422435479325
5.056716790871407,-5.056716790871407
4.968357429527858,-4.968357429527858
5.077690447186552,-5.077690447186552
4.349287752783334,-4.349287752783334
5.047423777853918,-5.047423777853918
5.365624268815847,-5.365624268815847
4.861641148623478,-4.861641148623478
4.761221193300629,-4.761221193300629
4.807060160254867,-4.807060160254867
5.365624268815839,-5.365624268815839
4.972586747663568,-4.972586747663568
4.601947382308952,-4.601947382308952
-5.254579579647811,5.254579579647811
-4.842108401620949,4.842108401620949
-4.61838940092608,4.61838940092608
-4.829184082545586,4.829184082545586
-5.187441599939248,5.187441599939248
-5.064856855537247,5.064856855537247
-5.017282391262659,5.017282391262659
-5.013677287679899,5.013677287679899
-5.027040045808972,5.027040045808972
5.0156879972786,-5.0156879972786
5.030580327357776,-5.030580327357776
-4.994551152402093,4.994551152402093
-5.0,5.0
-5.0,5.0
-5.0,5.0
-5.0,5.0
0.3656242688158411,5.0
-5.0,5.0
-5.0,5.0
-5.0,5.0
-5.0,5.0
-5.0,5.0
-25.0,5.0
-25.0,5.0
-25.0,5.0
-20.0,-5.0
-5.000000000000002,-5.0
0.0,0.0
0.0,0.0
0.0,0.0
0.0,0.0
0.5401662049861491,5.0
-5.0,5.0
-5.0,0.0
5.0,-5.0
5.0,-5.0
5.0,-5.0
5.0,-5.0
5.0,-5.0
5.0,-5.0
5.0,-5.0
5.0,-5.0
5.0,-5.0
5.0,-5.0
5.0,-5.0
0.0,0.0
10.591249160564285,-5.0
-5.0,5.0
-5.043517188020538,5.043517188020538
-5.042440026654677,5.042440026654677
-5.046102367409267,5.046102367409267
19.952605047827205,5.0473949521727945
19.619989718105487,5.051919016103067
19.948942707036622,5.051057292927382
25.0,0.0
0.0,0.0
0.0,0.0
0.0,0.0
-5.304261444796169,5.304261444796169
-5.199614380353203,5.199614380353203
-5.0057039938295,5.0057039938295
-4.707208553086205,4.707208553086205
-4.690030616703631,4.690030616703631
-5.210494255499135,5.210494255499135
0.0,0.0
-4.728279721661006,4.728279721661006
-4.942249389832025,4.942249389832025
-4.727026263099968,4.727026263099968
-4.816336763442251,4.816336763442251
-4.562115044320174,4.562115044320174
-4.938372251896245,4.938372251896245
-25.0,4.956840253383934
-5.244014804797244,5.244014804797244
-4.836219166055464,4.836219166055464
-5.202393164179796,5.202393164179796
-4.790822633366729,4.790822633366729
-25.0,4.806908053752746
-4.993220215577705,4.993220215577705
-5.230431883502123,5.230431883502123
-5.550425463976587,5.550425463976587
5.250939753101231,-5.250939753101231
4.874797414335891,-4.874797414335891
5.363567359727004,-5.363567359727004
5.351147011780037,-5.351147011780037
4.716350406322541,-4.716350406322541
5.103283470676038,-5.103283470676038
-4.870271456963682,4.870271456963682
-4.916684767971565,4.916684767971565
5.024997851574551,-5.024997851574551
4.790660428507621,-4.790660428507621
-5.1363069914661805,5.1363069914661805
-5.0904225819055,5.0904225819055
-4.957155195892476,4.957155195892476
5.522290810262879,-5.522290810262879
5.084405539009398,-5.084405539009398
25.0,-4.82078161838491
-5.133280008959264,5.133280008959264
-4.7854013935328705,4.7854013935328705
-4.692882455831553,4.692882455831553
-4.9753159864261916,4.9753159864261916
-4.8303532829405125,4.8303532829405125
4.98314166083739,-4.98314166083739
5.000322871296642,-5.000322871296642
5.028833397888658,-5.028833397888658
-4.999999999999993,4.999999999999993
-5.0,5.0
-5.0,5.0
-5.0,5.0
-5.0,5.0
-5.0,5.0
-5.0,5.0
-5.0,5.0
-5.0,5.0
-5.0,5.0
-5.0,5.0
-5.0,5.0
-5.0,5.0
-5.0,5.0
-12.975492896544297,5.0
-25.0,5.0
-25.0,5.0
-25.0,0.0
5.0,-5.0
5.0,-5.0
0.0,0.0
0.0,0.0
0.0,0.0
5.0,-5.0
5.0,-5.0
5.0,-5.0
5.0,-5.0
5.0,-5.0
5.0,-5.0
5.0,-5.0
10.54016620498615,-5.000000000000001
5.0,-5.0
5.0,-5.0
5.0,-5.0
5.0,-5.0
-5.0,5.0
5.0,-5.0
5.0,-5.0
5.0,-5.0
-5.0,5.0
-5.0,5.0
-5.0,5.0
5.0,-5.0
5.0,-5.0
25.0,0.0
25.0,0.0
25.0,-5.0
9.720837373644782,-4.99784568389409
25.0,-4.873757066609318
4.8737570666093255,-4.827452924363003
4.806331421790094,-4.806331421790094
4.747443720846675,-4.747443720846675
4.827452924362999,-4.797374258035843
0.03313207812775687,4.764242179908086
0.0,0.0
0.0,0.0
0.0,0.0
0.0,0.0
-5.254784071376803,5.254784071376803
-4.928897468452985,4.928897468452985
-5.215787372428718,5.215787372428718
-4.864163213281037,4.864163213281037
-4.750571213562981,4.750571213562981
-5.1779115911062155,5.1779115911062155
-5.168585127281206,5.168585127281206
-25.0,4.768468026733579
-9.184445960207826,4.73836924258586
-25.0,5.016258985896737
-25.0,4.861455591313835
-4.89977254460722,4.89977254460722
-5.003466261035863,5.003466261035863
-4.826666120345553,4.826666120345553
5.256206046270066,-5.256206046270066
4.911848917269312,-4.911848917269312
5.018921165257491,-5.018921165257491
5.037106412749539,-5.037106412749539
-19.846883662181277,-5.153116337818723
5.052914128318408,-5.052914128318408
-5.20010588632219,5.20010588632219
4.860524017881766,-4.860524017881766
4.625751734317075,-4.625751734317075
5.017290911751368,-5.017290911751368
4.886165008566941,-4.886165008566941
5.108262907391705,-5.108262907391705
4.5890337927378875,-4.5890337927378875
4.80122962138937,-4.80122962138937
5.003989166583608,-5.003989166583608
4.75290014714316,-4.75290014714316
4.940251493016834,-4.940251493016834
4.776435945970153,-4.776435945970153
4.581628541329698,-4.581628541329698
4.9210882827653055,-4.9210882827653055
5.221564579346376,-5.221564579346376
5.016410619038371,-5.016410619038371
4.823837357541216,-4.823837357541216
5.004881599020677,-5.004881599020677
4.962980066759259,-4.962980066759259
5.015048366459479,-5.015048366459479
-4.982223134403653,4.982223134403653
-5.00515534930545,5.00515534930545
20.0,5.0
24.099605666124997,-5.0
-5.0,5.0
5.0,-5.0
-5.0,5.0
-5.0,5.0
-5.0,5.0
-5.0,5.0
-5.0,5.0
-5.0,5.0
-5.0,5.0
-25.0,5.0
-25.0,0.0
5.0,-5.0
5.0,-5.0
5.0,-5.0
5.0,-5.0
0.0,0.0
0.0,4.999999999999999
-4.5125,5.0
5.0,-5.0
-4.9524687499999995,4.9524687499999995
-4.947333795013851,5.000000000000001
-5.0,5.0
-5.0,5.0
-5.0,5.0
-5.0,5.0
5.0,-5.0
-5.0,5.0
-5.0,5.0
25.0,-5.0
25.0,-5.0
5.0,-5.0
25.0,-5.0
4.732686112458415,5.000000000000002
25.0,0.0
4.9775951136079675,-4.9775951136079675
4.983627196793818,-4.983627196793818
4.986212377415256,-4.986212377415256
4.985135218514813,-4.985135218514813
4.985781513361995,-4.985781513361995
4.987289535082989,-4.987289535082989
4.990305577292269,-4.990305577292269
4.990305577292268,-4.965961803893275
4.965961803893285,-4.751055097688555
4.584006033806169,-4.584006033806169
4.557929906496283,-4.557929906496283
-5.046276352041247,5.046276352041247
4.751055097688544,-4.751055097688544
4.751055097688549,-4.5998664896222765
4.599866489622278,-4.599866489622278
-4.3947884247785005,4.3947884247785005
4.599866489622272,-4.599866489622272
4.599866489622275,-4.599866489622275
4.599866489622271,-4.599866489622271
-5.1074435771975555,4.910599876739456
-5.22791928605424,5.22791928605424
4.81797585301074,-4.81797585301074
-9.558935124090112,4.923191265607895
-25.0,4.40821608383494
-4.916409587743664,4.916409587743664
-25.0,4.897709955192575
-25.0,4.833099404893723
-25.0,4.953913623299577
-5.022699844212654,5.022699844212654
-4.898894618696644,4.898894618696644
-4.93848522726504,4.93848522726504
-4.977727442517375,4.977727442517375
4.905837239125357,-4.905837239125357
5.269949278982359,-5.269949278982359
4.925020330517205,-4.925020330517205
5.294884015825741,-5.294884015825741
4.914586203160159,-4.914586203160159
4.8712636205376745,-4.8712636205376745
4.628148200659605,-4.628148200659605
4.7773659415339464,-4.7773659415339464
5.311962862080375,-5.311962862080375
-5.108972001396401,5.108972001396401
-5.049557055767469,5.049557055767469
-5.108972001396401,5.108972001396401
4.489735070614276,-4.489735070614276
4.733539703356724,-4.733539703356724
4.244805733362376,-4.244805733362376
4.837529427874554,-4.837529427874554
5.271051893335903,-5.271051893335903
5.117138416462503,-5.117138416462503
-4.841127598698564,4.841127598698564
4.98915404902207,-4.98915404902207
4.858758541064111,-4.858758541064111
4.840347816194957,-4.840347816194957
-5.074698296121897,5.074698296121897
-5.078281191208628,5.078281191208628
-5.037882763389639,5.037882763389639
-4.957409079829443,4.957409079829443
-4.988075082969363,4.988075082969363
-4.983829054222409,4.983829054222409
-5.0,5.0
-5.0,5.0
-5.0,5.0
-5.0,5.0
-5.0,5.0
-5.0,5.0
-5.0,5.0
-5.108972001396401,5.0
-5.0,5.0
-5.0,5.0
-5.0,5.0
-5.0,5.0
-5.0,5.0
-5.0,0.0
0.0,0.0
0.0,0.0
0.0,0.0
0.0,0.0
5.0,-5.0
0.0,0.0
0.0,0.0
0.0,0.0
0.0,0.0
10.54016620498615,-5.000000000000001
5.0,-5.0
-4.9999999999999964,4.9999999999999964
-5.0,5.0
-5.0,5.0
-5.0,5.0
-5.0,5.0
5.0,-5.0
-5.0,5.0
5.0,-5.0
25.0,-5.0
25.0,0.0
25.0,-5.0
-5.0,5.0
-5.0,5.0
-5.0,5.0
-5.0,5.0
-5.000000000000002,5.000000000000002
-5.0,5.0
20.0,5.0
-5.014649349458557,5.014649349458557
-5.261230456854352,5.261230456854352
-0.5677557865941515,5.426450775407391
-5.22151645436386,5.22151645436386
4.8642967009374605,-4.8642967009374605
4.864296700937456,5.329070518200751e-15
0.0,0.0
-4.790882592361339,4.790882592361339
-4.665277334712365,4.665277334712365
-5.186656137109836,5.186656137109836
-5.249830827274572,5.249830827274572
-5.072220924583348,5.072220924583348
-4.727357615438612,4.727357615438612
-5.548533915483416,5.548533915483416
-4.899864060967417,4.899864060967417
-5.029453120447847,5.029453120447847
-25.0,4.88483770577043
-5.024717622168156,5.024717622168156
-4.78165963669545,4.78165963669545
-5.218105576504595,5.218105576504595
-4.841426131377,4.841426131377
-4.985003308726666,4.985003308726666
-5.0472363271023415,5.0472363271023415
-4.793805435561831,4.793805435561831
-4.930900098873014,4.930900098873014
-4.602629652552899,4.602629652552899
-5.210293235080359,5.210293235080359
-4.453364575630179,4.453364575630179
-5.321375161939776,5.321375161939776
4.604406963382651,-4.604406963382651
-5.1937426591256175,5.1937426591256175
-5.510439757191065,5.510439757191065
-5.09174672896545,5.09174672896545
-4.215431506328489,4.215431506328489
-5.2227785912004325,5.2227785912004325
4.373514973490298,-4.373514973490298
4.601036005590855,-4.601036005590855
-4.461996777412319,4.461996777412319
4.7254843702174805,-4.7254843702174805
-5.700186622686301,5.700186622686301
-5.917532297827611,5.917532297827611
-4.752222294930393,4.752222294930393
-5.173598961525361,5.173598961525361
-4.889778326926431,4.889778326926431
-5.411824252032369,5.411824252032369
5.119409915637316,-5.119409915637316
4.917129884613144,-4.917129884613144
4.808562014729766,-4.808562014729766
4.96925651859673,-4.96925651859673
-4.978182466445952,4.978182466445952
-5.0,5.0
-5.0,5.0
5.0,-5.0
5.0,-5.0
5.0,-5.0
5.0,-5.0
5.0,-5.0
5.0,-5.0
5.0,-5.0
-5.0,5.0
-25.0,5.0
-5.0,5.0
-5.0,5.0
-14.884837705770437,5.0
-25.0,5.0
-25.0,5.0
-5.000000000000001,0.0
0.0,0.0
0.0,0.0
0.0,0.0
0.0,0.0
0.0,0.0
0.0,0.0
0.0,0.0
15.263157894736842,-5.0
25.0,-5.0
25.0,0.0
5.0,-5.0
-5.0,5.0
-5.0,5.0
-5.0,5.0
-5.0,5.0
-5.0,5.0
25.0,-5.0
20.0,5.0
5.0,-5.0
5.0,-5.0
5.0,-5.0
5.0,-5.0
4.997277790455648,-4.946435930787611
4.938386561189202,-4.938386561189202
4.940540874059249,-4.940540874059249
4.945926666096047,-4.945926666096047
4.9491581403319564,-4.9491581403319564
4.949158140331963,-4.949158140331963
-5.0465332289971085,5.0465332289971085
-5.095436209054444,5.095436209054444
-5.2779831629746825,5.2779831629746825
4.558309620497686,-4.558309620497686
4.539495986963425,-4.539495986963425
4.9491581403319564,-4.9491581403319564
-0.1358542468176358,5.0850123871495985
0.0,0.0
-4.718875626716659,4.718875626716659
-4.814043805258841,4.814043805258841
-5.65160847639928,5.65160847639928
-4.979439745174018,4.979439745174018
-4.7379634148644385,4.7379634148644385
-24.999999999942993,4.9776668523754495
17.24573638102525,4.939674308800285
-4.99196801931129,4.99196801931129
-4.8804651171949605,4.8804651171949605
-24.99999999998603,4.94783819927714
-5.271553655448704,5.271553655448704
-4.977555770448593,4.977555770448593
-4.913756244445272,4.913756244445272
-7.332152059104294,4.821813859813192
-4.9723090428464225,4.9723090428464225
-5.077294717822115,5.077294717822115
-4.771032378261024,4.771032378261024
-4.885525025192875,4.885525025192875
-4.925098592783856,4.925098592783856
-4.976761155983159,4.976761155983159
-4.7642134627054045,4.7642134627054045
-5.04540978678228,5.04540978678228
-4.937007080261033,4.937007080261033
-5.1086166654599126,5.1086166654599126
-5.083476805740229,5.083476805740229
-5.514294173823625,5.514294173823625
4.8972416438872965,-4.8972416438872965
5.346854578913156,-5.346854578913156
25.0,-4.897152020969035
4.76851536278196,-4.76851536278196
4.423086545645937,-4.423086545645937
4.562280404915841,-4.562280404915841
4.531638834080056,-4.531638834080056
4.7072170735749115,-4.7072170735749115
4.897152020969016,-4.897152020969016
-5.14183836650593,5.14183836650593
4.897152020969016,-4.897152020969016
-5.025256937546004,5.025256937546004
4.751402434572492,-4.751402434572492
4.505023983092927,-4.505023983092927
4.897152020969016,-4.897152020969016
-4.998058393635672,4.998058393635672
4.897152020969016,-4.897152020969016
-5.034428247610779,5.034428247610779
-5.012337825435964,5.012337825435964
4.897152020969016,-4.897152020969016
4.897152020969016,-4.897152020969016
4.897152020969016,-4.897152020969016
4.897152020969016,-4.897152020969016
-5.0,5.0
-0.10284797903098397,5.0
0.0,0.0
-5.0,5.0
-25.0,5.0
-5.0,5.0
-15.000000000000002,5.0
-25.0,5.0
-25.0,5.0
-25.0,-3.552713678800501e-15
0.0,0.0
5.0,-5.0
0.0,0.0
0.0,0.0
0.0,0.0
0.0,0.0
20.0,5.0
-22.5625,5.0
5.0,-5.0
-5.0,5.0
-5.0,5.0
-5.0,5.0
-5.0,5.0
-5.000000000000001,5.000000000000001
4.662024543321666,5.000000000000002
5.0,-5.0
-5.0,5.0
5.0,-5.0
-5.0,5.0
-5.0,5.0
-5.0,5.0
5.0,-5.0
5.0,-5.0
-5.055682870492656,5.055682870492656
-5.053420516173959,5.053420516173959
19.95001986350764,5.049980136492358
25.0,-4.965530942305431
25.0,-4.9735019112655365
4.985566081335364,-4.985566081335364
25.0,-4.993537050911826
4.935801376869635,-4.935801376869635
-5.275172525932202,5.275172525932202
-5.4107737073320425,5.4107737073320425
-5.210638472659859,5.210638472659859
4.926446407867993,-4.926446407867993
4.99353705091183,-4.99353705091183
0.14724856064548053,4.846288490266346
-4.524111140093396,4.524111140093396
-4.330702357895667,4.330702357895667
-5.7049827111079185,5.7049827111079185
-5.2412402812150045,5.2412402812150045
-4.460584269728731,4.460584269728731
-5.002970179248866,5.002970179248866
-5.079797216913011,5.079797216913011
-5.121001038010114,5.121001038010114
-5.039805198654374,5.039805198654374
-25.0,4.904266313466529
-5.297283637904828,5.297283637904828
-4.706570147580418,4.706570147580418
-4.960771669988521,4.960771669988521
-4.855793568780564,4.855793568780564
-5.2441340916391574,5.2441340916391574
-4.629318978922811,4.629318978922811
-4.965935086145548,4.965935086145548
-4.887169795087168,4.887169795087168
5.037261043840905,-5.037261043840905
-5.018954616065013,5.018954616065013
5.0751122104182524,-5.0751122104182524
-4.918087808445479,4.918087808445479
-4.860124501633461,4.860124501633461
-5.107109485679571,5.107109485679571
-5.146006463352405,5.146006463352405
4.680541632445858,-4.680541632445858
4.770553968598755,-4.770553968598755
-4.924045207920628,4.924045207920628
-5.068622753759341,5.068622753759341
4.789651855103523,-4.789651855103523
-5.112111959272114,5.112111959272114
-5.216924699884403,5.216924699884403
-5.3928664802308,5.3928664802308
4.835306527042743,-4.835306527042743
-5.245449402636741,5.245449402636741
-5.033130184685821,5.033130184685821
-4.5153381924607485,4.5153381924607485
-4.464909206682164,4.464909206682164
-5.016487776797226,5.016487776797226
-5.402026478952347,5.402026478952347
-5.205732367372471,5.205732367372471
-5.155420301633379,5.155420301633379
-4.906096187033336,4.906096187033336
-4.996396720827438,4.996396720827438
-5.056586495932829,5.056586495932829
-5.051752558395863,5.051752558395863
12.266740926906888,5.0
-5.0,5.0
5.0,-5.0
5.0,-5.0
-5.0,5.0
-5.0,5.0
-5.0,5.0
-25.0,5.0
-5.0,5.0
-10.487500000000004,5.0
-25.0,5.0
-25.0,5.0
-25.0,5.0
-5.000000000000001,0.0
5.0,-5.0
0.0,0.0
0.0,0.0
0.0,0.0
0.0,0.0
0.0,0.0
5.0,-5.0
5.0,-5.0
5.0,-5.0
10.54016620498615,-5.000000000000001
-5.0,5.0
-5.0,5.0
-5.0,5.0
-5.0,5.0
-5.0,5.0
-5.0,5.0
-5.0,5.0
-5.0,5.0
-4.97541334559766,5.0
-5.0,5.0
-5.0,5.0
-5.0,5.0
-5.022189455598111,5.022189455598111
-5.022189455598111,5.022189455598111
4.977164249554707,-4.977164249554707
4.973932775318796,-4.973932775318796
19.971563026723988,5.028436973276012
25.0,-0.30159496465164537
25.0,0.0
-5.105561488419179,5.105561488419179
-5.34532319857808,5.34532319857808
4.596073767639432,-4.596073767639432
-5.189413461927831,5.189413461927831
-5.113586319392249,5.113586319392249
-5.0092097015723445,5.0092097015723445
20.111875910177538,4.888124089822462
-4.89701632429702,4.89701632429702
-4.474660748221604,4.474660748221604
-4.406965149863151,4.406965149863151
-4.6330402234726,4.6330402234726
0.0,0.0
0.0,0.0
-5.332167149822556,5.332167149822556
-5.020374066369028,5.020374066369028
-5.001000368489047,5.001000368489047
-25.0,4.968508904882668
-4.8757580205443,4.8757580205443
-5.010726979709673,5.010726979709673
-5.030387218469167,5.030387218469167
-4.7599052511557325,4.7599052511557325
-4.991179716318975,4.991179716318975
-4.769393919839848,4.769393919839848
-5.086661575075073,5.086661575075073
-4.758501579534508,4.758501579534508
4.731066237042167,-4.731066237042167
5.275006662391023,-5.275006662391023
4.910755770125446,-4.910755770125446
5.029615956454268,-5.029615956454268
-5.218244428913172,5.218244428913172
-5.048312433268797,5.048312433268797
-5.064073443936597,5.064073443936597
-5.490410297254226,5.490410297254226
-5.183211966229882,5.183211966229882
4.850659185399877,-4.850659185399877
5.116088187335833,-5.116088187335833
4.800020974287462,-4.800020974287462
-5.0185260670403675,5.0185260670403675
4.8615237552235016,-4.8615237552235016
-5.30297090633057,5.30297090633057
-5.188332464369713,5.188332464369713
4.834923420624541,-4.834923420624541
5.060622330436216,-5.060622330436216
5.30839498632733,-5.30839498632733
5.502762165717876,-5.502762165717876
-4.95392403723022,4.95392403723022
4.643075781302307,-4.643075781302307
-5.219039674525915,5.219039674525915
6.136487128540408,4.978738461617307
-4.936235660459308,4.936235660459308
-4.999365482460271,4.999365482460271
5.0,-5.0
5.0,-5.0
-5.0,5.0
5.0,-5.0
-5.0,5.0
-5.0,5.0
-5.0,5.0
-5.0,5.0
-5.0,5.0
-25.0,5.0
-5.0,5.0
-5.0,5.0
-25.0,5.0
-25.0,5.0
-25.0,5.0
-5.000000000000001,0.0
0.0,0.0
0.0,0.0
0.0,0.0
0.0,0.0
5.0,-5.0
0.0,0.0
0.0,0.0
0.0,0.0
5.0,-5.0
0.0,0.0
0.0,0.0
0.0,0.0
0.0,0.0
0.0,0.0
0.0,0.0
0.0,0.0
5.0,-5.0
5.0,-5.0
5.0,-5.0
5.0,-5.0
5.0,-5.0
25.0,-5.0
5.0,-5.0
-5.0,5.0
25.0,-5.0
25.0,-5.0
25.0,-5.0
25.0,-5.0
0.2631578947368416,5.000000000000001
-5.046317800668607,5.046317800668607
0.0,0.0
-5.2954586754530455,5.2954586754530455
-5.094823729896823,5.094823729896823
-4.915158022624562,4.915158022624562
-4.7872238313954085,4.7872238313954085
-4.605693241603899,4.605693241603899
-5.339313630832949,5.339313630832949
-5.1286833630881405,5.1286833630881405
0.0,0.0
0.0,0.0
-5.218291133814237,5.218291133814237
-4.976667746181031,4.976667746181031
-4.970003461716775,4.970003461716775
-4.513474414449297,4.513474414449297
-4.866269351860183,4.866269351860183
-9.907611722099578,4.885128664681127
-5.299314669953885,5.299314669953885
-4.7670018715285,4.7670018715285
-4.7564251048790105,4.7564251048790105
-5.211834496815534,5.211834496815534
-5.219622223494612,5.219622223494612
-4.808706823591093,4.808706823591093
-4.9490260185177615,4.9490260185177615
4.768411854622842,-4.768411854622842
5.283191380729164,-5.283191380729164
-4.979415130428867,4.979415130428867
-5.100296250449757,5.100296250449757
5.02053879581738,-5.02053879581738
-5.08003831518608,5.08003831518608
-4.611746575470423,4.611746575470423
-5.373565364291661,5.373565364291661
-4.623276374560584,4.623276374560584
4.837044706739167,-4.837044706739167
5.094901834376646,-5.094901834376646
-5.20213944296049,5.20213944296049
4.635227780054958,-4.635227780054958
4.987698307747631,-4.987698307747631
4.603611086622595,-4.603611086622595
4.607571536003521,-4.607571536003521
5.28066742262967,-5.28066742262967
4.750582574214593,-4.750582574214593
5.323880185619919,-5.323880185619919
5.159907482892626,-5.159907482892626
5.565078179965042,-5.565078179965042
-4.900131036280266,4.900131036280266
4.802398821784297,-4.802398821784297
5.004809105834922,-5.004809105834922
-4.904588415552389,4.904588415552389
-4.989534488473068,4.989534488473068
-5.0,5.0
-5.003151210723018,5.003151210723018
-5.022189455598111,5.022189455598111
-5.0,5.0
-5.0,5.0
-5.0,5.0
5.0,-5.0
5.0,-5.0
5.0,-5.0
-5.0,5.0
-9.977516942581564,5.0
-5.0,5.0
-5.0,5.0
-25.0,5.0
-25.0,5.0
-25.0,5.0
-25.0,5.0
-5.000000000000001,5.000000000000001
-5.000000000000001,0.0
0.0,0.0
0.0,0.0
0.0,0.0
5.0,-5.0
5.0,-5.0
0.0,0.0
0.0,5.000000000000004
-4.512499999999999,5.0
-4.9524687499999995,5.0
-4.9953657031250005,5.0
-4.999548156054688,5.0
-4.99995118583417,5.0
-4.999999999999994,4.999999999999994
-5.0,5.0
-5.0,5.0
20.0,5.0
25.0,-5.0
25.0,-5.0
25.0,-5.0
14.7229916897507,-5.0
5.0,-5.0
-5.0,5.0
-4.999999999999993,4.999999999999993
-5.0,5.0
-5.0,5.0
-5.0,5.0
-5.0,5.0
-5.0,5.0
-5.078641605908639,5.078641605908639
-5.118870205792398,5.118870205792398
5.0,-5.0
5.0,0.0
-4.992627883825675,4.992627883825675
-4.691464267822161,4.691464267822161
-4.535674389991074,4.535674389991074
-4.946018286003849,4.946018286003849
0.0,0.0
0.0,0.0
-5.208802149556465,5.208802149556465
-5.191216176436878,5.191216176436878
0.0,0.0
-5.108410280288987,5.108410280288987
-4.489791242725017,4.489791242725017
-4.226636264553122,4.226636264553122
-5.634760630060728,5.634760630060728
-14.773189639772422,4.864844852377672
-25.0,4.908344787394746
-4.5866799288388975,4.5866799288388975
-5.233022743216655,5.233022743216655
-4.840562090707278,4.840562090707278
-4.77672911389644,4.77672911389644
-4.80884252026311,4.80884252026311
-5.157242147795311,5.157242147795311
-4.679926263816952,4.679926263816952
-4.938465661698376,4.938465661698376
5.358359763258158,-5.358359763258158
5.039832969136088,-5.039832969136088
-4.965098815957544,4.965098815957544
-4.561539437971901,4.561539437971901
-5.064310124178485,5.064310124178485
4.5976688346829295,-4.5976688346829295
5.356284550897284,-5.356284550897284
4.913467810123825,-4.913467810123825
-4.835146215625571,4.835146215625571
5.209359137059041,-5.209359137059041
-5.0601073142298665,5.0601073142298665
-5.070554064533147,5.070554064533147
-4.929063144622308,4.929063144622308
-4.930812684970343,4.930812684970343
-5.532306486952267,5.532306486952267
-4.329708932027049,4.329708932027049
-5.140698514461,5.140698514461
-4.613076087282523,4.613076087282523
-5.098146641599515,5.098146641599515
-5.07365429957493,5.07365429957493
-5.091296316603461,5.091296316603461
-4.974900575620391,4.974900575620391
-4.999999999999993,4.999999999999993
5.0,-5.0
5.0,-5.0
-5.0,5.0
-5.0,5.0
-5.0,5.0
-5.0,5.0
-5.0,5.0
-5.0,5.0
-5.0,5.0
-5.0,5.0
-5.0,5.0
-5.0,5.0
-25.0,5.0
-25.0,5.0
-25.0,5.0
-5.000000000000001,5.000000000000001
-5.000000000000001,0.0
5.0,-5.0
0.0,0.0
0.0,0.0
0.0,5.0
-4.459833795013851,5.0
-5.0,5.0
-5.000000000000002,5.000000000000002
-5.0,5.0
-5.0,5.0
-5.0,5.0
-5.0,5.0
-5.0,5.0
-5.0,5.0
-5.0,5.0
-5.0,5.0
-5.0,5.0
-5.0,5.0
-5.0,5.0
-5.0,5.0
-5.0,5.0
-4.989735668397977,5.0
-5.002585179388729,5.002585179388729
-5.007109243319003,5.007109243319003
-5.009263559270825,5.009263559270825
-5.009263559270825,5.011633307249277
-5.011402256821379,5.011402256821379
4.970055003770285,-4.970055003770285
5.193964617490744,-4.956913673567303
4.848336139240716,-4.848336139240716
4.579216375197789,-4.579216375197789
-5.1131249507073955,5.1131249507073955
-4.8575421624076345,4.8575421624076345
-5.225340733712284,5.225340733712284
24.99999999999934,6.608047442568932e-13
25.0,-4.95691977794521
25.0,-4.968124536169839
14.648975790954523,-5.25062481059269
25.0,-4.972730018103324
4.972730018103317,-4.493769995377981
-5.478869137512455,5.478869137512455
4.400893258687795,-5.095248965398081
5.112662319727917,-5.112662319727917
5.263139199489107,-5.263139199489107
4.876557684188225,-4.876557684188225
5.065715058094333,-5.065715058094333
4.788547978455357,-4.788547978455357
5.180390737746578,-5.180390737746578
5.263139199489104,-5.263139199489104
5.2592014714114,-5.2592014714114
-19.90176949470144,-5.0982305052985595
-25.0,0.0
-25.0,0.0
-5.26248304761988,-4.98179140005742
4.777913146253192,-4.777913146253192
4.801902424423643,-4.801902424423643
5.011310159825686,-5.011310159825686
5.102338012003109,-5.102338012003109
4.919981881527893,-4.919981881527893
5.061817092297266,-5.061817092297266
5.293186229557265,-5.293186229557265
4.775558966780546,-4.775558966780546
5.413966997155596,-5.413966997155596
4.803951128597427,-4.803951128597427
4.6069668968789115,-4.6069668968789115
4.726693017319389,-4.726693017319389
4.882652042630012,-4.882652042630012
5.032644516829468,-5.032644516829468
4.249517879191538,-4.249517879191538
5.057965515827609,-5.057965515827609
4.500976119809331,-4.500976119809331
-4.582409270554271,4.582409270554271
5.520350979000366,-5.520350979000366
4.543671973151296,-4.543671973151296
-4.618009292457608,4.618009292457608
4.861289126210377,-4.861289126210377
4.956000906352785,-4.956000906352785
4.939139786197333,-4.939139786197333
-4.981908734287336,4.981908734287336
-5.005742424783777,5.005742424783777
-5.005742424783777,5.005742424783777
-5.00062684762064,5.00062684762064
-5.0,5.0
-5.0,5.0
-5.0,5.0
5.0,-5.0
5.0,-5.0
5.0,-5.0
5.0,-5.0
-5.0,5.0
-5.0,5.0
-5.0,5.0
-5.0,5.0
5.0,-5.0
-5.005742424783777,0.0
5.0,-5.0
5.0,-5.0
5.0,-5.0
0.0,0.0
5.0,-5.0
5.0,-5.0
5.0,-5.0
5.0,-5.0
5.0,-5.0
5.0,-5.0
0.0,0.0
0.0,0.0
0.0,0.0
5.0,-5.0
0.0,0.0
0.0,5.0
-4.512500000000003,5.0
-4.9524687499999995,5.000000000000001
25.0,0.0
25.0,-5.0
25.0,-5.0
25.0,-5.0
14.728126644736836,-5.0
4.9812574518971315,-4.949804435179139
4.961006875909736,-4.961006875909736
4.962299468069519,-4.962299468069519
4.9655309423054295,-4.9655309423054295
4.9655309423054295,-4.9655309423054295
4.968546983282008,-4.968546983282008
4.968546983282,-4.968546983282
4.792323935587731,-4.792323935587731
4.628168685827633,-4.567409186864138
4.68606306691545,-4.68606306691545
4.882772907340203,-4.882772907340203
4.901206826873061,-4.901206826873061
4.907787484318514,-4.907787484318514
4.907787484318508,-4.907787484318508
4.907787484318504,-4.907787484318504
-5.248514253982364,5.248514253982364
-5.07039690885253,5.07039690885253
4.464726489535426,-4.464726489535426
4.907787484318512,-4.907787484318512
-5.038142756635352,5.038142756635352
4.907787484318512,-4.907787484318512
4.825914423897316,-4.825914423897316
4.907787484318512,-4.907787484318512
4.907787484318512,-4.907787484318512
4.907787484318512,-4.907787484318512
-4.910381499769606,4.910381499769606
4.907787484318512,-4.907787484318512
4.907787484318512,-4.907787484318512
-5.117433162257067,5.117433162257067
-4.704643254837794,4.704643254837794
-5.1378232297883155,4.75744819467128
-4.984870136643899,4.984870136643899
4.795185754732519,-4.795185754732519
5.051483317362782,-5.051483317362782
5.028045661942756,-5.028045661942756
4.839865304075162,-4.839865304075162
5.119122743610491,-5.119122743610491
4.820887966706929,-4.820887966706929
5.023467950490987,-5.023467950490987
4.987988635511014,-4.987988635511014
4.858066961397315,-4.858066961397315
4.99963645914846,-4.99963645914846
4.84933251375068,-4.84933251375068
4.582225922260222,-4.582225922260222
4.981032760988755,-4.981032760988755
5.329255667273679,-5.329255667273679
4.862730508883475,-4.862730508883475
4.449861076902927,-4.449861076902927
5.1278199535657345,-5.1278199535657345
5.040718468814406,-5.040718468814406
-4.931415430653016,4.931415430653016
-4.831416135013416,4.831416135013416
-5.505427185241533,5.505427185241533
-4.926069612922908,4.926069612922908
-4.9616807587976135,4.9616807587976135
-5.085854239046641,5.085854239046641
-4.960755881444052,4.960755881444052
4.99641952718762,-4.99641952718762
-4.966350485856964,4.966350485856964
-4.971134721775843,4.971134721775843
5.0,-5.0
5.0,-5.0
-5.0,5.0
-5.0,5.0
-5.0,5.0
-5.0,5.0
5.0,-5.0
-25.0,5.0
-5.0,5.0
-5.0,5.0
5.0,-5.0
-25.0,4.809653239714489
-25.0,0.0
-25.0,0.0
0.0,0.0
5.0,-5.0
5.0,-5.0
5.0,-5.0
0.0,5.0
-4.512500000000001,5.0
-4.9524687499999995,4.9524687499999995
-4.9524687499999995,4.9524687499999995
-4.9524687499999995,4.9524687499999995
-4.9524687499999995,4.9524687499999995
-4.9524687499999995,4.9524687499999995
-4.9524687499999995,4.9524687499999995
-4.9524687499999995,4.9524687499999995
-4.9524687499999995,4.9524687499999995
-4.9524687499999995,4.9524687499999995
5.0,-5.0
5.0,-5.0
25.0,-5.0
-5.0,5.0
-5.0,5.0
-5.0,5.0
20.0,5.0
-5.020896865903747,5.020896865903747
19.75885422721451,5.02154316321635
19.983842628775164,5.016157371179553
4.995260504351273,-4.995260504351273
4.9952605043512674,-4.990951872139451
4.987872609185977,-4.985566081335364
4.978456836783652,-4.978456836783652
4.86557067178613,-4.86557067178613
4.629959337040591,-4.629959337040591
4.554934796928605,-4.554934796928605
4.873514607424857,-4.873514607424857
4.988645344288838,-4.988645344288838
4.9886453442888445,-4.959931612916646
4.959931612916641,-4.959931612916641
4.959931612916633,-4.959931612916633
-4.559705323884097,4.559705323884097
4.9599316129166295,-4.699780264801134
4.6997802648011335,-4.6997802648011335
4.699780264801138,-4.699780264801138
4.699780264801138,-4.699780264801138
-5.208982342113957,5.208982342113957
-5.143490710167965,5.143490710167965
4.699780264801138,-4.699780264801138
-24.99999999996562,5.081605453961036
5.030768431445436,-5.030768431445436
-4.7869688478814805,4.7869688478814805
-5.024092155182261,5.024092155182261
-4.62647692257822,4.62647692257822
-5.11879580930303,5.11879580930303
-4.817498074495781,4.817498074495781
-4.988374897665775,4.988374897665775
-4.7759300813998244,4.7759300813998244
-5.274649433012598,5.274649433012598
-4.730118253779992,4.730118253779992
-4.82772202979803,4.82772202979803
-5.040544272156376,5.040544272156376
-4.985693783885669,4.985693783885669
4.649973274698233,-4.649973274698233
4.996128542390025,-4.996128542390025
5.059762076650368,-5.059762076650368
5.02045295978299,-5.02045295978299
4.256955319112627,-4.256955319112627
-5.056946528492868,5.056946528492868
4.774261327907688,-4.774261327907688
-4.538845905232372,4.538845905232372
4.529782629836343,-4.529782629836343
-5.683270612438086,5.683270612438086
-4.924656158518353,4.924656158518353
-4.999276074033479,4.999276074033479
-5.130208846140519,5.130208846140519
-5.867067652225916,5.867067652225916
17.29946650067123,4.470557028400922
-4.858191297417719,4.858191297417719
-5.252264531308491,5.252264531308491
-5.37891907136317,5.37891907136317
-5.140920776931485,5.140920776931485
5.0,-5.0
5.0,-5.0
-5.0,5.0
4.9991382735884535,-4.9991382735884535
-5.0,5.0
5.0,-5.0
-5.0,5.0
-5.0,5.0
-5.0,5.0
-5.0,5.0
-5.0,5.0
5.0,-5.0
5.0,-5.0
5.0,-5.0
-25.0,5.0
-25.0,4.512499999999989
-20.0,-5.0
-20.0,-5.0
0.0,0.0
0.0,0.0
0.0,0.0
0.0,0.0
0.0,0.0
0.0,0.0
5.0,-5.0
5.0,-5.0
0.0,0.0
5.0,-5.0
0.0,0.0
0.0,0.0
5.0,-5.0
0.0,0.0
0.0,5.0
-4.512500000000001,5.0
-4.9524687499999995,4.999999999999993
20.0,5.0
5.0,-5.0
5.0,-5.0
-5.0,5.0
25.0,-5.0
5.0,-5.0
5.0,-5.0
9.728126644769251,-5.0
5.0,-5.0
-5.0,5.0
5.0,-5.0
-5.007540106139555,5.007540106139555
-5.230727260443999,5.230727260443999
-5.441730299569779,5.441730299569779
19.73828750898019,5.261712490991005
-5.267741210112373,5.267741210112373
-4.889530286032931,4.889530286032931
19.82134933538819,5.178650664608217
-4.546414623794293,4.546414623794293
-4.382939896295932,4.382939896295932
-4.693090103297104,4.693090103297104
-4.89786584857857,4.89786584857857
-5.221238591759882,5.221238591759882
0.0,0.0
-5.200712418888735,5.200712418888735
-4.968082249299956,4.968082249299956
-5.186074219288448,5.186074219288448
0.0,0.0
0.0,-4.5194507071022585
-5.3330292970503415,5.3330292970503415
-4.858946149602513,4.858946149602513
5.007701614517738,-5.007701614517738
-4.778544924712204,4.778544924712204
-5.062967042699187,5.062967042699187
-4.674307159300874,4.674307159300874
-4.892567366896838,4.892567366896838
-4.904210141355792,4.904210141355792
-5.316559507951496,5.316559507951496
5.007701614517746,-5.007701614517746
-4.7556759330200205,4.7556759330200205
4.957327499108568,-4.957327499108568
-5.151130117228797,5.151130117228797
-4.828047701810866,4.828047701810866
-5.240835084640892,5.240835084640892
-5.317617310845908,5.317617310845908
-5.130935927843604,5.130935927843604
-5.1997959929921445,5.1997959929921445
-5.2361159961913035,5.2361159961913035
-5.185861522644404,5.185861522644404
4.902826666448543,-4.902826666448543
4.95709839263442,-4.95709839263442
-5.192364233396861,5.192364233396861
-5.338101827994484,5.338101827994484
-4.738663988380425,4.738663988380425
-5.733754508032789,5.733754508032789
5.007701614517738,-5.007701614517738
5.006947354033551,-5.006947354033551
4.90075965900272,-4.90075965900272
4.879928484193194,-4.879928484193194
4.928982121086167,-4.928982121086167
5.0077016145177415,-5.0077016145177415
4.980079306961405,-4.980079306961405
4.993752482938455,-4.993752482938455
5.007701614517738,-5.007701614517738
5.0,-5.0
-5.0,5.0
-5.0,5.0
-5.0,5.0
-5.0,5.0
0.0,5.0
-5.0,5.0
-5.0,5.0
-14.993049292897743,5.0
-5.0,5.0
-25.0,5.0
-25.0,5.0
-25.0,5.0
-25.0,5.0
-5.000000000000001,0.0
0.0,0.0
0.0,0.0
0.0,0.0
0.0,0.0
0.0,0.0
0.5401662049861491,5.0
-5.0,5.0
-5.0,5.0
-5.0,5.0
-5.0,5.0
-5.0,5.0
-5.0,5.0
-5.0,5.0
-5.0,5.0
-5.0,5.0
-5.0,5.0
-5.0,5.0
-5.0,5.0
-5.0,5.0
-5.0,5.0
-5.0,5.0
-5.0,5.0
-5.0,5.0
-5.0,5.0
5.0,-5.0
-5.0,5.0
-5.0,5.0
-5.0,5.0
19.993752482938454,5.006247517061546
25.0,-5.729461349801568e-11
25.0,-3.438671569711005e-11
19.69651932036087,5.026472369481514
-5.067653153701739,5.067653153701739
-4.6267650413260135,4.6267650413260135
-5.131554136635416,5.131554136635416
-4.8906720315198,4.8906720315198
-9.434663964485186,4.6584508453890034
4.887908868589172,-4.887908868589172
5.292202902045634,-5.292202902045634
5.292202902045625,5.329070518200751e-15
0.0,0.0
0.0,-4.932507631075917
5.069254798314271,-4.8292948488987895
5.225422467289141,-5.225422467289141
-4.938403178114518,4.938403178114518
5.22542246728915,-5.22542246728915
-5.108693034284629,5.108693034284629
5.172492560287949,-5.172492560287949
-4.9035600596247395,4.9035600596247395
-4.829718979892252,4.829718979892252
5.009213488456215,-5.009213488456215
4.973679894807434,-4.973679894807434
-5.011495085988014,5.011495085988014
-5.031777004849533,5.031777004849533
5.160734917018266,-5.160734917018266
5.110556812296083,-5.110556812296083
5.156503705440621,-5.156503705440621
4.9868412096983405,-4.9868412096983405
-5.31172996872236,5.31172996872236
-4.60395443076016,4.60395443076016
4.623081350041266,-4.623081350041266
4.694558783091432,-4.694558783091432
-4.868196875750119,4.868196875750119
-5.129252026815984,5.129252026815984
-5.018700894845708,5.018700894845708
-5.39005408780986,5.39005408780986
-4.706015369093433,4.706015369093433
-5.19473040466843,5.19473040466843
-6.155046916461645,6.155046916461645
-4.169788826188191,4.169788826188191
5.225422467289141,-5.225422467289141
-4.911462339540894,4.911462339540894
-4.7804812846645035,4.7804812846645035
-5.207418832436043,5.207418832436043
-5.078809629157027,5.078809629157027
-4.987260922660623,4.987260922660623
-4.928180406213478,4.928180406213478
-5.046584095525761,5.046584095525761
-5.025114804088237,5.025114804088237
-4.974962040986125,4.974962040986125
-4.935076305099546,4.935076305099546
-4.986164176004744,4.986164176004744
-5.0,5.0
-4.774577532710859,5.0
-5.0,5.0
-5.0,5.0
-5.0,5.0
5.0,-5.0
-5.0,5.0
-25.0,5.0
-5.0,5.0
-5.0,5.0
-25.0,4.512499999999996
-25.0,0.0
-20.0,-5.0
5.0,-5.0
0.0,0.0
0.0,0.0
5.0,-5.0
5.0,-5.0
0.0,0.0
0.0,0.0
5.0,-5.0
5.0,-5.0
5.0,-5.0
0.0,0.0
0.0,5.0
-4.5125,5.0
-4.95246875,4.95246875
-4.95246875,4.95246875
-4.95246875,4.95246875
-4.95246875,4.95246875
5.0,-5.0
25.0,-5.0
-5.0,5.0
-5.000000000000002,5.000000000000002
25.0,-5.0
20.0,5.0
-5.0,5.0
-5.000000000000002,5.000000000000002
-4.999999999999993,4.999999999999993
9.574487262899822,-5.0
-5.0,5.0
-5.000000000000002,5.000000000000002
-5.016372803206182,5.016372803206182
4.703996979713966,-4.703996979713966
25.0,0.0
-5.1900431891580805,5.1900431891580805
-5.044542905949658,5.044542905949658
5.027190457335402,-5.027190457335402
5.201170631837029,-5.201170631837029
5.201170631837026,-5.201170631837026
4.692429923209071,-4.491332504460192
4.777934605261789,-4.777934605261789
5.000073213088157,-5.000073213088157
5.000073213088143,-4.93754734235985
4.937547342359855,-5.112650327928995
4.755076343073905,-4.755076343073905
4.896197726233744,-4.896197726233744
5.102795593804093,-5.102795593804093
5.131567270968321,-5.131567270968321
4.577539766288428,-4.697534011518792
-4.937500006311474,4.937500006311474
5.264524883411938,-5.264524883411938
5.134984737848169,-5.134984737848169
5.16134460532137,-5.16134460532137
-5.079166700748621,5.079166700748621
-5.069553696044099,5.069553696044099
-4.850426923189169,4.850426923189169
-4.550743032057941,4.550743032057941
-5.3793163785958855,5.3793163785958855
5.052679972665768,-5.052679972665768
-4.982058375370268,4.982058375370268
-5.140415760465356,5.140415760465356
-5.099980045646593,5.099980045646593
-4.778007187202635,4.778007187202635
-5.117832047358062,5.117832047358062
-5.196504559761622,5.196504559761622
-5.235685553724724,5.235685553724724
4.916088964909321,-4.916088964909321
-4.489508488729376,4.489508488729376
-5.0811232574148955,5.0811232574148955
4.445428529332848,-4.445428529332848
4.76020883301266,-4.76020883301266
4.970807543391882,-4.970807543391882
5.264524883411944,-5.264524883411944
4.675880925122601,-4.675880925122601
4.7547153268116125,-4.7547153268116125
5.264524883411938,-5.264524883411938
-4.831987954477819,4.831987954477819
-5.02302583179914,5.02302583179914
5.042008218345867,-5.042008218345867
4.983970120577412,-4.983970120577412
4.951905253383681,-4.951905253383681
4.971774707615328,-4.971774707615328
5.006681828387183,-5.006681828387183
5.045324488209271,-5.045324488209271
4.988520665575167,-4.988520665575167
-5.0,5.0
-4.999999999999993,4.999999999999993
-5.0,5.0
-5.0,5.0
-5.0,5.0
-5.0,5.0
-25.0,5.0
-25.0,0.0
-5.0,5.0
-5.0,5.0
-5.248766292720733,5.0
-25.0,5.0
-25.0,5.0
-5.000000000000001,0.0
0.0,0.0
5.0,-5.0
5.0,-5.0
5.0,-5.0
0.0,0.0
20.0,5.0
-22.5625,5.0
-5.000000000000001,5.000000000000001
-5.0,5.0
-5.0,5.0
-5.0,5.0
-5.0,5.0
-5.000000000000001,5.000000000000001
-5.0,5.0
-5.0,5.0
-5.0,5.0
-5.0,5.0
20.0,5.0
-5.0,5.0
-5.0,5.0
-5.0,5.0
20.0,5.0
-5.0,5.0
-5.0,5.0
-5.0,5.0
-5.0,5.0
-5.0,5.0
-5.0,5.0
14.537973589475357,5.026282657940545
19.752280279124236,5.247719720875764
4.8482523840201175,-4.8482523840201175
5.025745918925744,-5.025745918925744
-5.063141554930871,5.063141554930871
-4.794582693476189,4.794582693476189
5.158735442334796,-5.158735442334796
4.910612184112031,-4.837264030429986
5.085387288652747,-5.085387288652747
-4.904049198791308,4.904049198791308
4.995766263833107,-4.995766263833107
5.085387288652749,-5.085387288652749
5.0853872886527425,-5.0853872886527425
-5.1594414137381674,4.877905183698707
5.1600961959388245,-5.1600961959388245
4.510930890783139,-4.510930890783139
-4.455702345272722,4.455702345272722
-5.0175395837921775,5.0175395837921775
-5.549286243078966,5.549286243078966
-4.681661918924128,4.681661918924128
-4.645278169846489,4.645278169846489
-5.1843044822264375,5.1843044822264375
5.397338790081512,-5.397338790081512
-5.148116388815423,5.148116388815423
-5.27664953884338,5.27664953884338
-4.361057387851939,4.361057387851939
-5.306379101813755,5.306379101813755
-4.690737817266394,4.690737817266394
-5.252277154254725,5.252277154254725
4.961141522313179,-4.961141522313179
5.397338790081512,-5.397338790081512
4.901574470182127,-4.901574470182127
4.787986257347943,-4.787986257347943
-4.753263056847389,4.753263056847389
-5.133505012975885,5.133505012975885
-4.57847659165506,4.57847659165506
-5.732357779031993,5.732357779031993
4.929611927209831,-4.929611927209831
5.1004041766400565,-5.1004041766400565
-4.894007645062142,4.894007645062142
-5.192869782393535,5.192869782393535
5.397338790081514,-5.397338790081514
5.107602411730009,-5.107602411730009
4.917158128455342,-4.917158128455342
4.953667318061184,-4.953667318061184
5.192109407669762,-5.192109407669762
5.067787982546202,-5.067787982546202
5.005794090108245,-5.005794090108245
4.991235040325517,-4.991235040325517
5.004001000595703,-5.004001000595703
5.0197899697334325,-5.0197899697334325
5.0,-5.0
5.0,-5.0
5.0,-5.0
5.0,-5.0
5.0,-5.0
5.0,-5.0
5.0,-5.0
5.0,-5.0
5.0,-5.0
-5.0,5.0
-25.0,5.0
-5.0,5.0
-25.0,5.0
-25.0,5.0
-25.0,5.0
-10.128901741951442,0.0
0.0,0.0
0.0,0.0
5.0,-5.0
5.000000000000002,-5.000000000000002
5.0,-5.0
5.0,-5.0
10.54016620498615,-5.000000000000001
5.0,-5.0
5.0,-5.0
5.0,-5.0
5.0,-5.0
5.0,-5.0
-5.0,5.0
-5.0,5.0
-5.0,5.0
-5.0,5.0
-5.0,5.0
-5.0,5.0
-5.0,5.0
5.0,-5.0
25.0,-5.0
-5.0,5.0
-5.0,5.0
-5.0,5.0
19.722991689750693,5.0
20.0,5.0
20.0,5.0
-5.0,5.0
5.0,-5.0
4.987935829930171,-4.987935829930171
4.758294716380437,-4.758294716380437
4.72578716314027,-4.72578716314027
4.872191722659531,-4.872191722659531
4.9419440723199894,-4.9419440723199894
4.847061014575868,-4.847061014575868
4.684984909520236,-4.684984909520236
4.9754111318834315,-4.9754111318834315
4.999999999999996,-5.068473441661944
4.845519121693382,-4.845519121693382
5.0758708494869165,-5.0758708494869165
5.075870849486925,-5.075870849486925
4.880616592549774,-4.880616592549774
4.759550546366556,-4.759550546366556
-4.930607246520385,4.930607246520385
4.899404585724497,-4.899404585724497
-4.91902695564529,4.91902695564529
5.075870849486924,-5.075870849486924
4.575603293518542,-4.575603293518542
5.075870849486924,-5.075870849486924
-4.588131567655811,4.588131567655811
-5.244808769180943,5.0883322220091465
5.249252065189742,-5.249252065189742
4.842249778618768,-4.842249778618768
-4.6317615190190935,4.6317615190190935
-5.220904714831992,5.220904714831992
4.866694114000958,-4.866694114000958
5.249252065189745,-5.249252065189745
-4.730707745369122,4.730707745369122
-5.267333804522671,5.267333804522671
4.876059077811982,-4.876059077811982
4.556311644789082,-4.556311644789082
5.113043532704185,-5.113043532704185
4.935829990524712,-4.935829990524712
-15.283825671470048,5.533607281561681
5.074456448361395,-5.074456448361395
-20.39377154547578,-4.606228454524221
5.084733420037827,-5.084733420037827
4.783648066300964,-4.783648066300964
-25.0,0.0
-25.0,0.0
-5.073708223223374,5.073708223223374
-4.949320133165013,4.949320133165013
-5.512331621257889,5.512331621257889
-5.35891706633439,5.35891706633439
-5.19707669479968,5.19707669479968
4.865496038616521,-4.865496038616521
5.1193041195691915,-5.1193041195691915
-5.128369840661055,5.128369840661055
-5.041168767767112,5.041168767767112
4.988346576779227,-4.988346576779227
5.0,-5.0
5.0,-5.0
5.0,-5.0
5.0,-5.0
-5.0,5.0
-5.0,5.0
-5.0,5.0
-5.0,5.0
-5.0,5.0
-5.0,5.0
-5.0,5.0
-5.0,5.0
-5.0,5.0
-5.512331621257889,5.0
-5.0,5.0
-5.0,0.0
0.0,0.0
0.0,0.0
0.0,0.0
0.0,0.0
0.5401662049861491,5.0
-4.999999999999999,4.999999999999999
-4.999999999999999,4.999999999999999
-5.0,5.0
-4.999999999999999,4.999999999999999
-4.999999999999999,4.999999999999999
-4.999999999999999,4.999999999999999
5.0,-5.0
-4.999999999999999,4.999999999999999
-5.0,5.0
-5.0,5.0
-5.0,5.0
-5.0,5.0
-5.0,5.0
20.0,5.0
-5.0,5.0
20.0,5.0
19.722991689750693,5.0
5.0,-5.0
5.0,-5.0
5.0,-5.0
5.0,-5.0
5.0,-5.0
5.0,-5.0
-5.0,5.0
-5.005170358777456,5.005170358777456
-5.148432376661697,5.148432376661697
-5.196230602381637,5.196230602381637
-5.322134037688684,5.322134037688684
-4.8075780166241175,4.8075780166241175
-4.815471460477909,4.815471460477909
-4.881982395332297,4.881982395332297
25.0,-4.928190583463881
4.928190583463893,-2.6645352591003757e-15
-5.0778659061392055,5.0778659061392055
-5.197951780547353,5.197951780547353
-5.255741521848654,5.255741521848654
-4.4630690966949,4.4630690966949
-4.992760109187474,4.992760109187474
-4.983925940265593,4.983925940265593
0.0,0.0
-4.520830436367172,4.520830436367172
0.0,-4.347714545211413
4.489405611717567,-4.489405611717567
4.817412238461405,-4.817412238461405
4.81741223846139,-4.81741223846139
4.817412238461397,-4.817412238461397
4.425467248598904,-4.527420245448646
4.930379547990199,-4.9561434667518185
4.958926826396425,-4.958926826396425
4.958926826396425,-4.958926826396425
4.9589268263964215,-4.9589268263964215
-5.0274694244471725,5.0274694244471725
4.958926826396423,-4.958926826396423
4.705641098737594,-4.705641098737594
4.958926826396418,-4.958926826396418
4.699074642106654,-4.699074642106654
-5.1043955522392555,5.1043955522392555
4.783812480175662,-4.783812480175662
4.6933596031992,-4.6933596031992
4.95892682639642,-4.95892682639642
4.958926826396429,-4.958926826396429
-5.194644568634038,5.194644568634038
4.958926826396425,-4.958926826396425
-5.720683762781111,5.720683762781111
4.23049446806955,-4.23049446806955
4.844872826846199,-4.844872826846199
4.497087936795595,-4.497087936795595
4.75925138254081,-4.75925138254081
4.300240348470063,-4.300240348470063
4.892231280953358,-4.892231280953358
4.953127529322852,-4.953127529322852
4.678713987618,-4.678713987618
4.869789733778025,-4.869789733778025
-5.087308658856395,5.087308658856395
4.956716627404255,-4.956716627404255
-5.0163749000452,5.0163749000452
-4.996198170758685,4.996198170758685
-4.990798922463969,4.990798922463969
4.958926826396425,-4.958926826396425
-5.0,5.0
-5.0,5.0
-5.0,5.0
-5.0,5.0
-5.0,5.0
-5.0,5.0
-25.0,5.0
-5.0,5.0
-25.0,5.0
-25.0,5.0
-10.524568539177242,5.000000000000001
5.0,-5.0
-25.0,0.0
0.0,0.0
0.0,0.0
0.0,0.0
0.0,5.0
-4.512500000000001,5.0
-4.947333795013847,5.0
-5.0,5.0
-5.0,5.0
-5.0,5.0
-5.0,5.0
-5.0,5.0
-5.0,5.0
-5.0,5.0
5.0,-5.0
5.0,-5.0
5.0,-5.0
-5.0,5.0
-5.0,5.0
5.0,-5.0
5.0,-5.0
5.0,-5.0
-5.0,5.0
-5.0,5.0
-5.0,5.0
-5.0,5.0
-5.0,5.0
20.0,5.0
20.0,5.0
25.0,-0.2770083102493075
25.0,0.0
-5.541658827817055,5.541658827817055
0.0,0.0
-5.0729136087579425,5.0729136087579425
-4.927349895244694,4.927349895244694
-4.951950124012874,4.951950124012874
-4.556455546376148,4.556455546376148
-5.188970554301846,5.188970554301846
-5.087330591225477,5.087330591225477
-5.174523592337003,5.174523592337003
-4.983157202839941,4.983157202839941
-4.919736365223642,4.919736365223642
-4.748223345563453,4.748223345563453
-5.044670082132967,5.044670082132967
-4.867607384160989,4.867607384160989
-4.905051460722289,4.905051460722289
-9.758774215923175,4.881781059339864
-5.135097713216961,5.135097713216961
-4.888315958605219,4.888315958605219
-4.955574803023973,4.955574803023973
-4.948764723530717,4.948764723530717
-5.111413279198061,5.111413279198061
-4.934016073150882,4.934016073150882
-4.768562698830337,4.768562698830337
-4.887290975371016,4.887290975371016
-5.017448067431982,5.017448067431982
-4.797284950691239,4.797284950691239
-4.974911263212563,4.974911263212563
-5.018888976744593,5.018888976744593
-5.067242434588649,5.067242434588649
4.877158536428964,-4.877158536428964
4.8369115346564,-4.8369115346564
4.770252280183762,-4.770252280183762
5.215028733360054,-5.215028733360054
4.785965954803188,-4.785965954803188
4.612448411281037,-4.612448411281037
4.942115586601944,-4.942115586601944
5.0773193325672725,-5.0773193325672725
4.486439219352572,-4.486439219352572
4.443319866164455,-4.443319866164455
4.566947108138558,-4.566947108138558
4.704717730220575,-4.704717730220575
4.768511575898089,-4.768511575898089
4.3508075555099115,-4.3508075555099115
4.9307360005719705,-4.9307360005719705
5.403870533610311,-5.403870533610311
4.781637862113197,-4.781637862113197
4.675420818732372,-4.675420818732372
4.662824065111784,-4.662824065111784
4.820034551993904,-4.820034551993904
5.10394342887635,-5.10394342887635
-5.0,5.0
-5.0,5.0
5.0,-5.0
5.0,-5.0
5.0,-5.0
-5.0,5.0
5.0,-5.0
-5.0,5.0
-5.0,5.0
-5.0,5.0
-5.0,5.0
-20.12300684341669,4.999999999999998
-25.0,0.0
-20.0,-5.0
-25.0,0.0
0.0,0.0
0.0,0.0
0.0,0.0
0.0,0.0
0.0,0.0
5.0,-5.0
0.0,0.0
0.0,0.0
0.0,0.0
0.0,5.0
-4.5125,5.0
-4.95246875,4.95246875
-4.95246875,4.95246875
5.0,-5.0
-4.952468749999996,5.0
-4.995365703125,4.995365703125
5.047385811993532,-5.0
-5.0,5.0
5.0,-5.0
-5.0,5.0
5.0,-5.0
5.0,-5.0
-5.0,5.0
-5.0381313984491625,5.0381313984491625
-5.038131398449162,5.038131398449162
25.0,-4.954759360697256
-5.049118408385837,5.049118408385837
-5.046317800668607,5.046317800668607
4.945926666096047,-4.945926666096047
-0.5301667255685008,5.165666919068788
-5.389794212904266,5.389794212904266
19.489333345350182,5.510666654649619
19.906837607570477,5.093162392385597
20.267967160834367,4.732032839150037
-5.070695441530968,5.070695441530968
-5.200493410771574,5.200493410771574
-4.542538748153136,4.542538748153136
-4.488580071033862,4.488580071033862
-4.8731930378695445,4.8731930378695445
-5.0002859097322006,5.0002859097322006
-5.118540194641792,5.118540194641792
-5.073697178145418,5.073697178145418
-4.906990976411148,4.906990976411148
-5.232602399107064,5.232602399107064
-4.885233435134872,4.885233435134872
-24.999999999999996,4.825587489589857
-25.0,0.0
-5.290679943582498,5.290679943582498
-4.920100537222494,4.920100537222494
-24.99999999996884,4.945492855866856
-25.0,4.8493495547280965
-5.017317419938459,5.017317419938459
-4.932233081995326,4.932233081995326
-4.951823263403218,4.951823263403218
-4.964238562171696,4.964238562171696
4.982448424408901,-4.982448424408901
-4.972993837679615,4.972993837679615
-4.9903459707202185,4.9903459707202185
-5.0426541976193935,5.0426541976193935
-5.085639747577428,5.085639747577428
4.881752657710837,-4.881752657710837
4.848381374751947,-4.848381374751947
4.879565732275793,-4.879565732275793
4.9072219763272305,-4.9072219763272305
4.795072148216413,-4.795072148216413
4.845128441507438,-4.845128441507438
4.750080180954479,-4.750080180954479
4.671961815890592,-4.671961815890592
4.759256431719303,-4.759256431719303
4.978030393226991,-4.978030393226991
4.847982489650951,-4.847982489650951
-5.2463803449215005,5.2463803449215005
4.7895477157970925,-4.7895477157970925
-5.609041377108904,5.609041377108904
-4.514652766480242,4.514652766480242
-4.496054117499029,4.496054117499029
-5.1727945642765985,5.1727945642765985
-5.26882102426928,5.26882102426928
-5.225626919571434,5.225626919571434
-5.034424332525112,5.034424332525112
-4.979591082465355,4.979591082465355
-5.018517073191175,5.018517073191175
-5.050152222751565,5.050152222751565
-5.0,5.0
5.0,-5.0
5.0,-5.0
5.0,-5.0
-5.0,5.0
5.0,-5.0
5.0,-5.0
-5.0,5.0
-5.0,5.0
5.0,-5.0
-5.0,5.0
-5.0,5.0
-9.620429900215989,0.0
0.0,0.0
5.0,-5.0
5.0,-5.0
0.0,0.0
0.0,0.0
0.0,0.0
5.0,-5.0
5.0,-5.0
5.0,-5.0
5.0,-5.0
25.0,-5.0
-5.0,5.0
-5.0,5.0
20.0,5.0
20.0,5.0
-5.0,5.0
-5.0,5.0
25.0,0.0
0.2631578947368425,5.0
5.0,-5.0
5.0,-5.0
-5.0,5.0
5.0,-5.0
-5.018311686515019,5.018311686515019
-5.015726508359,5.015726508359
-5.009048127860549,5.009048127860549
-5.0,5.0
-5.0,5.0
-5.009263559270825,5.009263559270825
5.0,-4.8375645551671225
4.837564555167128,0.0
0.0,0.0
-5.187635519950769,5.187635519950769
-4.897821037119439,4.897821037119439
-4.522639935709821,4.522639935709821
-5.738943485655939,5.738943485655939
-4.3707694826843975,4.3707694826843975
-4.874706529123005,4.874706529123005
-4.757532768411047,4.757532768411047
-5.335606902671329,5.335606902671329
-4.768308346463721,4.768308346463721
-5.19650392861431,5.19650392861431
-4.835509756477112,4.835509756477112
0.0,0.0
-4.5876512645516065,4.5876512645516065
-5.284261806569811,5.284261806569811
-25.0,0.0
-4.676143166830613,4.676143166830613
-4.400762865231064,4.400762865231064
-5.329102298476935,5.329102298476935
-4.908671090554896,4.908671090554896
-5.196851059635746,5.196851059635746
-4.9057293129350565,4.9057293129350565
-4.956895163200052,4.956895163200052
5.496254090213268,-5.496254090213268
5.238304815068283,-5.238304815068283
4.993343920450799,-4.993343920450799
4.897442979879731,-4.897442979879731
4.5682005666995975,-4.5682005666995975
5.193099520014994,-5.193099520014994
4.741807733140011,-4.741807733140011
4.980287376013635,-4.980287376013635
5.221179263912582,-5.221179263912582
4.946481232556982,-4.946481232556982
-5.021781524874123,5.021781524874123
-5.240108002937812,5.240108002937812
-4.97487970584698,4.97487970584698
4.904551592051421,-4.904551592051421
5.207987653950714,-5.207987653950714
-5.598507528476609,5.598507528476609
-4.824913424260959,4.824913424260959
-4.991247880228639,4.991247880228639
-5.43579396463616,5.43579396463616
-4.656097928210982,4.656097928210982
-4.4835741261311055,4.4835741261311055
-4.86229123035453,4.86229123035453
-5.108643015860176,5.108643015860176
4.999044600756912,-4.999044600756912
4.913656049809539,-4.913656049809539
5.014935608047573,-5.014935608047573
4.981149232321955,-4.981149232321955
5.026231670606351,-5.026231670606351
5.033853583052637,-5.033853583052637
-5.0,5.0
5.0,-5.0
-5.0,5.0
-5.0,5.0
-5.0,5.0
-5.0,5.0
-5.0,5.0
-25.0,5.0
-5.0,5.0
-5.000000000000007,5.0
-25.0,0.0
-25.0,5.0
-5.000000000000001,0.0
5.0,-5.0
0.0,0.0
0.0,0.0
0.0,0.0
0.0,0.0
0.5401662049861491,5.0
-5.0,5.0
-5.0,5.0
-5.0,5.0
-5.0,5.0
-5.0,5.0
-5.0,5.0
5.0,-5.0
5.0,-5.0
11.908257514372533,-4.999999999999998
-5.0,5.0
5.0,-5.0
25.0,-5.0
25.0,0.0
25.0,-5.0
25.0,-5.0
5.0,-5.0
5.0,-5.0
5.0,-5.0
-5.0,5.0
5.0,-5.0
5.0,-5.0
5.0,-5.0
5.0,-5.0
4.899608870358278,-4.899608870358278
4.713873567314536,-4.713873567314536
-5.318950846222119,5.318950846222119
-25.0,5.267118109928898
-25.0,4.912917449668022
-25.0,4.185262033681859
-5.436267325119935,5.436267325119935
-4.445603357138191,4.445603357138191
-5.028928637031826,5.028928637031826
19.885762967729388,5.114237032270612
-5.065869058038388,5.065869058038388
20.028654719098547,4.971345280901453
25.0,0.0
0.0,0.0
0.0,0.0
-5.005371063622577,5.005371063622577
-4.3432464107157305,4.3432464107157305
-4.931736369061017,4.931736369061017
-4.99143785556946,4.99143785556946
-4.876242741679686,4.876242741679686
-5.104393658797321,5.104393658797321
-4.868674023117765,4.868674023117765
-5.304763364695801,5.304763364695801
-25.0,5.046932745245414
-25.0,4.975844730086571
-4.767670256531591,4.767670256531591
4.735298079767124,-4.735298079767124
5.0050586457032855,-5.0050586457032855
5.2612880444238845,-5.2612880444238845
4.791860870694477,-4.791860870694477
5.233908874042284,-5.233908874042284
4.94127931641394,-4.94127931641394
-4.689638358649409,4.689638358649409
23.671522261230326,-4.517319995019491
5.054887094814786,-5.054887094814786
4.071437140605787,-4.071437140605787
4.9659129959896395,-4.9659129959896395
5.470149206253994,-5.470149206253994
4.400195463797845,-4.400195463797845
5.082914453485503,-5.082914453485503
4.584632171386083,-4.584632171386083
25.0,-5.3728903522418
5.467154412259972,-5.467154412259972
-4.951016341565211,4.951016341565211
-5.597481282947783,5.597481282947783
-5.4012329689947105,5.4012329689947105
5.514779526106324,-5.514779526106324
-4.6333119323902885,4.6333119323902885
-5.009811106066982,5.009811106066982
-5.083142356835087,5.083142356835087
-5.078417104837532,5.078417104837532
-5.0,5.0
-5.0,5.0
-5.0,5.0
-5.0,5.0
-5.0,5.0
-5.0,5.0
-5.0,5.0
-5.0,5.0
-5.0,5.0
-5.022911477689053,5.0
-25.0,5.0
-5.0,5.0
-5.0,5.0
-25.0,5.0
-25.0,0.0
-20.0,-5.0
5.0,-5.0
0.0,0.0
0.0,0.0
5.000000000000001,-5.000000000000001
0.0,0.0
0.0,0.0
10.54016620498615,-5.000000000000001
5.0,-5.0
5.0,-5.0
5.0,-5.0
-5.0,5.0
-5.0,5.0
5.0,-5.0
5.0,-5.0
5.0,-5.0
5.0,-5.0
-5.0,5.0
-5.0,5.0
-5.0,5.0
-5.0,5.0
-5.0,5.0
-5.0,5.0
-5.0,5.0
18.86163008258304,-5.000000000000002
25.0,-5.0
25.0,-5.0
5.0,-5.0
5.0,-5.0
-5.002800610799004,5.002800610799004
-5.19625819535317,5.19625819535317
4.559180485447713,-4.559180485447713
25.0,-4.679489352090428
25.0,-4.894192571224469
5.435043530482547,-5.435043530482547
-4.434704074212422,4.434704074212422
4.723592821724313,-4.723592821724313
0.45587328521061554,4.979170245271925
-4.826295005726274,4.826295005726274
-4.9612645960389585,4.9612645960389585
-4.862891451447957,4.862891451447957
-4.943654954895183,4.943654954895183
0.0,0.0
-4.858419141597243,4.858419141597243
-5.040552477071427,5.040552477071427
-4.921766766125384,4.921766766125384
-9.290571895580765,4.679979280191131
5.107058362747322,-5.107058362747322
4.606077610316724,-4.606077610316724
5.108689878548071,-5.108689878548071
-4.672042602746492,4.672042602746492
-5.0305872921669765,5.0305872921669765
-5.267785074850537,5.267785074850537
5.108689878548071,-5.108689878548071
5.1086898785480646,-5.1086898785480646
-4.961354218957221,4.961354218957221
4.90396462505154,-4.90396462505154
5.108689878548072,-5.108689878548072
5.030674390495991,-5.030674390495991
4.905225026233007,-4.905225026233007
4.591501894300297,-4.591501894300297
5.108689878548071,-5.108689878548071
4.952687304072936,-4.874712840596122
4.955121639254172,-4.955121639254172
4.768947067543164,-4.768947067543164
5.030715415071253,-5.030715415071253
4.926923870809296,-4.926923870809296
4.718214815481307,-4.718214815481307
4.706085426445032,-4.706085426445032
5.009507603103466,-5.009507603103466
4.5840164871835185,-4.5840164871835185
4.860700107981732,-4.860700107981732
5.030715415071263,-5.030715415071263
4.2168951369443235,-4.2168951369443235
4.783070250937103,-4.783070250937103
4.927193055137736,-4.927193055137736
5.030715415071256,-5.030715415071256
-4.590072976786605,4.590072976786605
5.030715415071256,-5.030715415071256
-5.209610807049582,5.209610807049582
-5.177936052995382,5.177936052995382
-4.969756411921789,4.969756411921789
-4.935008867872188,4.935008867872188
-5.0,5.0
-5.0,5.0
-5.0,5.0
-5.0,5.0
-5.0,5.0
-5.0,5.0
-5.0,5.0
-5.0,5.0
-25.0,5.0
-5.459779337898201,4.999999999999999
-25.0,5.0
-25.0,0.0
-25.0,0.0
0.0,0.0
0.0,0.0
0.0,0.0
0.0,0.0
0.0,0.0
0.0,0.0
0.0,0.0
5.0,-5.0
0.0,0.0
0.0,0.0
5.0,-5.0
5.0,-5.0
5.0,-5.0
5.0,-5.0
5.0,-5.0
25.0,-5.0
5.0,-5.0
5.0,-5.0
5.0,-5.0
5.0,-5.0
5.0,-5.0
5.0,-5.0
5.0,-5.0
5.0,-5.0
-5.004739495648728,5.004739495648728
4.9995691367942285,-4.9995691367942285
-5.0,5.0
-5.0,5.0
-5.0,5.0
-5.021112299163088,5.021112299163088
-5.239973198747544,5.239973198747544
19.694359261607882,5.30564073835248
-5.2096688726022595,5.2096688726022595
-5.164770472929285,5.164770472929285
-4.377576722014751,4.377576722014751
-4.636420964047728,4.636420964047728
19.05813823559822,5.941861764399068
20.033149119105172,4.966850880894828
-4.501831639990343,4.501831639990343
-4.834655183017068,4.834655183017068
5.0203075567720346,5.242850338007156
-4.368890557137463,4.368890557137463
-5.0462757208939335,5.0462757208939335
-5.089492270768054,5.089492270768054
0.0,0.0
0.0,0.0
-4.901332109614435,4.901332109614435
-19.81346819891057,-5.18653180108943
4.775887794529942,-4.775887794529942
-4.961366210756142,4.961366210756142
-4.917066612095147,4.917066612095147
-4.815434222786518,4.815434222786518
-5.022745286819089,5.022745286819089
-25.0,4.946878855363355
-4.727254107279493,4.727254107279493
-5.280587266921085,5.280587266921085
-25.0,0.32903097883070487
-25.0,5.065449345076107
-5.106679043212991,5.106679043212991
-5.171332511529041,5.171332511529041
5.026152220007652,-5.026152220007652
4.960136104645638,-4.960136104645638
-4.875184938785274,4.875184938785274
-5.084499264385184,5.084499264385184
5.171879085100975,-5.171879085100975
4.582795532709032,-4.582795532709032
-5.341359179270174,5.341359179270174
-5.341359179270174,5.341359179270174
-5.13239009124974,4.791030911979567
4.901482638248274,-4.901482638248274
4.611825784458043,-4.611825784458043
4.228990444025766,-4.228990444025766
5.4787410146081825,-5.4787410146081825
4.836402198775858,-4.836402198775858
4.79109939146291,-4.79109939146291
4.871930427672487,-4.871930427672487
5.44854345590618,-5.44854345590618
-4.787570962416844,4.787570962416844
-5.0,5.0
-5.0,5.0
-5.000000000000003,5.000000000000003
5.001234570984652,-5.001234570984652
5.02261851496453,-5.02261851496453
-4.959594526012982,4.959594526012982
5.0,-5.0
5.0,-5.0
5.0,-5.0
5.0,-5.0
-5.0,5.0
5.0,-5.0
-5.0,5.0
-5.0,0.0
0.0,0.0
5.0,-5.0
0.0,0.0
5.0,-5.0
0.0,0.0
5.0,-5.0
0.0,0.0
5.0,-5.0
5.0,-5.0
5.0,-5.0
0.0,5.0
-4.459833795013851,5.0
-5.0,5.0
-5.0,5.0
-5.0,5.0
-5.0,5.0
-5.0,5.0
-5.0,5.0
-5.0,5.0
20.0,5.0
4.999999999999998,-4.999999999999998
-5.0,5.0
-5.0,5.0
-5.0,5.0
-5.0,5.0
4.999999999999998,-4.999999999999998
4.999999999999998,-4.999999999999998
5.0,-5.0
-5.0,5.0
-5.001292589694364,5.001292589694364
-5.0,5.0
-5.0,5.0
-5.0,5.0
-5.011848738043198,5.011848738043198
-5.194319310811624,5.194319310811624
19.65874456551486,5.341255434430813
19.775695767960357,5.224304232039643
19.595581350844576,5.127410338960441
-5.050685231587135,5.050685231587135
-5.275469293370499,5.275469293370499
0.0,0.0
0.0,0.0
0.0,0.0
0.0,0.0
-4.438644958026684,4.438644958026684
-5.624606100962768,5.624606100962768
-5.079416635084057,5.079416635084057
-5.3087010927735045,5.3087010927735045
-4.9012614211155245,4.9012614211155245
-4.983226629044229,4.983226629044229
0.0,0.0
0.0,-4.5125
-4.26449248030896,4.26449248030896
4.797737483313727,-4.797737483313727
-5.915103011824874,5.915103011824874
-5.769605884353011,5.769605884353011
-5.647360854991531,5.647360854991531
-4.4868128585611,4.4868128585611
-4.39458771993338,4.39458771993338
-4.9564369502517565,4.9564369502517565
-4.917545021757416,4.917545021757416
-4.7902912073302755,4.7902912073302755
-4.92802332942628,4.92802332942628
-5.1758824524990965,5.1758824524990965
4.2255096666017335,-4.2255096666017335
4.776210310806221,-4.776210310806221
4.634744321214193,-4.634744321214193
-5.399796477713279,5.399796477713279
-4.979139950200963,4.979139950200963
4.843115712730422,-4.843115712730422
5.0,-5.0
4.75228793425081,-4.75228793425081
4.424286987832794,-4.424286987832794
4.855648404898874,-4.855648404898874
4.92260303631339,-4.92260303631339
4.906569370006931,-4.906569370006931
5.0,-5.0
4.788806748853155,-4.788806748853155
-5.954104759951451,5.954104759951451
-4.495148421106738,4.495148421106738
-4.655097559721935,4.655097559721935
-5.01804891967272,5.01804891967272
-5.388387858906968,5.388387858906968
-5.144594665709545,5.144594665709545
5.0,-5.0
5.0,-5.0
5.0,-5.0
5.0,-5.0
5.0,-5.0
4.999999999999998,-4.999999999999998
5.0,-5.0
5.0,-5.0
5.0,-5.0
-5.0,5.0
5.0,-5.0
-5.0,5.0
-5.0,5.0
-25.0,5.0
-20.0,-5.0
5.0,-5.0
-25.0,0.0
-20.487500000000008,0.0
0.0,0.0
5.0,-5.0
0.0,0.0
0.0,5.0
-4.5125,5.0
-4.95246875,5.0
-4.995365703125,5.0
19.723492347861846,5.0
20.0,5.0
20.0,5.0
20.0,5.0
-5.0,5.0
-5.0,5.0
-25.0,0.0
-20.0,-5.0
-20.0,-5.0
-15.00000000000001,-5.0
5.0,-5.0
0.0,0.0
0.0,5.0
-4.5125,5.0
-4.95246875,5.0
-4.995365703125,4.995365703125
14.738898226345025,5.0
20.0,5.0
20.0,5.0
20.0,5.0
4.989228418391826,-4.989228418391826
4.727263574489167,-4.727263574489167
4.528634888450014,-4.528634888450014
-0.29186818440980566,5.281096602801627
-5.049981817908245,5.049981817908245
-4.793915886341376,4.793915886341376
-4.018074266548758,4.018074266548758
-5.133238353236691,5.133238353236691
-5.031090316574403,5.031090316574403
-5.003189187366027,5.003189187366027
-4.795737377482947,4.795737377482947
-5.3452659811296055,5.3452659811296055
-4.797550032562153,4.797550032562153
-4.925517043451514,4.925517043451514
-5.016719723434278,5.016719723434278
-5.6403683739251935,5.6403683739251935
-4.572669720813755,4.572669720813755
-4.925206518974157,4.925206518974157
-25.0,0.0
-5.109966058412331,5.109966058412331
-4.71375323513489,4.71375323513489
5.024874146701459,-5.024874146701459
-4.795799229919494,4.795799229919494
-5.299786136995724,5.299786136995724
-4.902625330456107,4.902625330456107
-4.950592526145403,4.950592526145403
-4.962489021823659,4.962489021823659
-5.096402071536559,5.096402071536559
5.307866084880125,-5.307866084880125
4.949142780770426,-4.949142780770426
-5.031824972045223,5.031824972045223
5.034667659537124,-5.034667659537124
5.065299132015923,-5.065299132015923
-5.144443111461323,5.144443111461323
-5.067374975524107,5.067374975524107
-5.289295837527938,5.289295837527938
-5.2303119655129,5.2303119655129
-5.310374895444136,5.310374895444136
4.918658365615256,-4.918658365615256
5.180345926287448,-5.180345926287448
4.555684915508563,-4.555684915508563
4.739516668398535,-4.739516668398535
-4.676660707626208,4.676660707626208
-4.84079561521261,4.84079561521261
-5.0531508085602965,5.0531508085602965
4.58874314940085,-4.58874314940085
5.697653828524445,-5.697653828524445
5.533160429264998,-5.533160429264998
4.89092985519663,-4.89092985519663
4.5850350011577765,-4.5850350011577765
4.882029652487261,-4.882029652487261
5.076959815279844,-5.076959815279844
5.1099305760994005,-5.1099305760994005
-4.988748031463369,4.988748031463369
-5.0,5.0
5.0,-5.0
5.0,-5.0
5.0,-5.0
5.0,-5.0
-5.0,5.0
5.0,-5.0
5.0,-5.0
5.0,-5.0
5.0,-5.0
-25.0,0.0
-20.0,-5.0
5.0,-5.0
-20.00000000000001,0.0
0.0,0.0
0.0,0.0
5.0,-5.0
0.0,5.0
-4.5125,4.5125
-4.5125,5.0
-4.947333795013851,5.0
-5.0,5.0
-5.0,5.0
-5.0,5.0
-5.0,5.0
-5.0,5.0
-5.0,5.0
-5.000000000000001,5.000000000000001
25.0,0.0
-5.0,5.0
-5.0,5.0
-5.0,5.0
-5.0,5.0
-5.0,5.0
-5.0,5.0
-5.0,5.0
25.0,-5.0
-5.0,5.0
-5.0,5.0
-5.0,5.0
25.0,0.0
20.0,5.0
-0.2955354287909562,5.018527118541648
-5.296484692930597,5.296484692930597
-5.415590623614947,5.415590623614947
-5.313694256943201,5.313694256943201
-5.00577626019669,5.00577626019669
-4.863591393816635,4.863591393816635
-4.399689914801173,4.399689914801173
-4.932823835879079,4.932823835879079
-4.64641044812368,4.64641044812368
-4.924496478248493,4.924496478248493
-5.155466730407495,5.155466730407495
-5.381680025278207,5.381680025278207
-5.05501774230831,5.05501774230831
-5.107346797068773,5.107346797068773
-4.921448036732974,4.921448036732974
-5.285818846987775,5.285818846987775
-4.99215042088437,4.99215042088437
-5.007787095531768,5.007787095531768
-24.999999999946542,5.023029934256666
-4.880217076301468,4.880217076301468
-4.674112134781561,4.674112134781561
-4.73630980890778,4.73630980890778
-4.901147814599417,4.901147814599417
-5.306253503498725,5.306253503498725
-5.311424493423496,5.311424493423496
-4.9257209040331915,4.9257209040331915
-4.913826301796872,4.913826301796872
-5.263508420666449,5.263508420666449
-5.007993480702696,5.007993480702696
-4.617298147224146,4.617298147224146
-4.9734589932483395,4.9734589932483395
5.017545895265297,-5.017545895265297
4.777651220118836,-4.777651220118836
-5.352098150778771,5.352098150778771
11.605960792547787,5.116494646204568
5.019474681449852,-5.019474681449852
4.912420736733711,-4.912420736733711
4.785468610721569,-4.785468610721569
4.796793918082736,-4.796793918082736
-5.477402982307375,5.477402982307375
4.668450112248289,-4.668450112248289
4.54176054351781,-4.54176054351781
4.656273387163637,-4.656273387163637
4.7370936938689105,-4.7370936938689105
5.412691448438649,-5.412691448438649
5.301518005219034,-5.301518005219034
5.188487726608393,-5.188487726608393
5.0712233962572055,-5.0712233962572055
4.883368394828793,-4.883368394828793
5.136667692154819,-5.136667692154819
-4.713934216626521,4.713934216626521
5.125364119929198,-5.125364119929198
5.054173489092979,-5.054173489092979
5.0,-5.0
5.0,-5.0
5.0,-5.0
5.0,-5.0
5.0,-5.0
5.0,-5.0
5.412691448438642,-5.0
5.0,-5.0
-5.0,5.0
-5.0,5.0
-25.0,5.0
-20.0,-5.0
-20.0,-5.0
5.0,-5.0
5.0,-5.0
-20.487500000000004,0.0
0.0,0.0
0.0,0.0
0.0,0.0
0.0,0.0
0.0,0.0
0.0,5.0
-4.5125,5.0
-4.95246875,4.95246875
-4.95246875,4.95246875
19.775657894736845,-5.000000000000002
-5.0,5.0
25.0,-5.0
25.0,-5.0
25.0,-5.0
5.0,-5.0
-5.0,5.0
5.0,-5.0
25.0,0.0
-5.0,5.0
0.0,0.0
-5.0,5.0
-5.0,5.0
-5.0,5.0
-5.0,5.0
-5.0,5.0
0.0,0.0
-5.0,5.0
0.0,0.0
-5.317061028453219,5.317061028453219
-5.431098938677828,5.431098938677828
-5.23090429726493,5.23090429726493
-5.065206984508413,5.065206984508413
-4.913935490281797,4.913935490281797
-4.488366743242508,4.488366743242508
-5.064675558471961,5.064675558471961
-4.840613844786839,4.840613844786839
-4.876191618747441,4.876191618747441
-5.028800514127552,5.028800514127552
-5.507231635405688,5.507231635405688
-5.182635728734301,5.182635728734301
-5.052154226955119,5.052154226955119
-25.0,5.012385634844826
16.604204297400237,5.54273682742544
-4.791568649489159,4.791568649489159
-5.310038493926998,5.310038493926998
-25.0,0.0
4.952194378022503,-4.952194378022503
-5.0821501340910356,5.0821501340910356
-25.0,5.166196234706419
-25.0,5.3784649608724
-5.418896257659984,5.418896257659984
-5.346812923190583,5.346812923190583
4.582153971466688,-4.582153971466688
4.761365726035008,-4.761365726035008
4.757085284967051,-4.757085284967051
4.803521317278159,-4.803521317278159
4.89827420088924,-4.89827420088924
-5.221960624284469,5.221960624284469
-5.217927592962697,5.217927592962697
4.505175458447734,-4.505175458447734
4.425506995586312,-4.425506995586312
4.37514775158567,-4.37514775158567
5.335150583164966,-5.335150583164966
3.830853883742261,-3.830853883742261
3.445921556366857,-3.445921556366857
4.4295734777156035,-4.4295734777156035
4.4492501263052,-4.4492501263052
4.701375805205119,-4.701375805205119
5.490691157807934,-5.490691157807934
3.5928911505169197,-3.5928911505169197
5.0541492836074084,-5.0541492836074084
4.886684442804471,-4.886684442804471
5.012163470991107,-5.012163470991107
24.999999999980915,-5.259794118737084
4.878961408724838,-4.878961408724838
4.366558783394383,-4.366558783394383
24.99999999995206,-4.545721781832874
24.999999999952028,-5.02577881747937
5.157019510581109,-5.157019510581109
5.070088632837473,-5.070088632837473
-5.062044305329478,5.062044305329478
4.9519587480491865,-4.9519587480491865
11.249952673201628,-5.0
5.0,-5.0
-5.0,5.0
4.999999999999998,-4.999999999999998
5.0,-5.0
-5.0,5.0
-5.0,5.0
-25.0,0.0
-20.48750000000001,5.000000000000002
-25.0,0.0
-25.0,0.0
5.0,-5.0
0.0,0.0
5.0,-5.0
0.0,0.0
5.0,-5.0
0.0,0.0
0.0,5.0
25.0,-5.0
25.0,-5.0
5.0,-5.0
25.0,-5.0
25.0,-5.0
5.0,-5.0
5.0,-5.0
20.263157894736842,-5.0
5.0,-5.0
5.0,-5.0
5.0,-5.0
5.0,-5.0
5.0,-5.0
5.0,-5.0
5.0,-5.0
-5.0,5.0
5.0,-5.0
5.0,-4.955836517132274
4.955836517132279,-4.955836517132279
4.955836517132278,-4.939862659506907
-5.042427639155975,5.042427639155975
4.939862659506898,-4.939862659506898
4.939862659506898,-4.935801376869636
4.919100282142724,-4.892427893202629
4.686090295004943,-4.686090295004943
-5.369809880000215,5.369809880000215
4.7679255556191755,-4.7679255556191755
4.909128987929535,-4.909128987929535
-4.991134273712532,4.991134273712532
-4.8277258166819,4.8277258166819
-0.19854158771013353,5.107670575639674
-4.829224791547192,4.829224791547192
-4.547798098701543,4.547798098701543
-5.0742361779496115,5.0742361779496115
-4.838292484974401,4.838292484974401
0.0,0.0
-5.019207706137005,5.019207706137005
-5.4527844502671545,5.4527844502671545
-5.602324707417779,5.602324707417779
-5.216126298535105,5.216126298535105
-4.878734511266279,4.878734511266279
-24.99999999999921,5.7330138566625095
-4.976627352753082,4.976627352753082
-5.0171230265664555,5.0171230265664555
-15.450009926685716,4.6023115543078035
-5.044109623320178,5.044109623320178
-25.0,5.183819129943739
-25.000000000000004,5.104825994705834
-25.0,5.213582774868943
-5.16992189728739,5.16992189728739
-5.38754338380391,5.38754338380391
-5.166525062455815,5.166525062455815
4.5626180687276,-4.5626180687276
4.871483259802146,-4.871483259802146
4.477827845431721,-4.477827845431721
4.669453005326581,-4.669453005326581
4.705814664248313,-4.705814664248313
4.672791143458168,-4.672791143458168
4.620228564192377,-4.620228564192377
4.676116027496212,-4.676116027496212
4.526294278644571,-4.526294278644571
4.691384112113573,-4.691384112113573
4.599314866871845,-4.599314866871845
4.550324581390283,-4.550324581390283
4.389217287458113,-4.389217287458113
25.0,-0.4106515404652953
4.666485350666962,-4.666485350666962
4.603638225956999,-4.603638225956999
5.184613744409171,-5.184613744409171
25.0,-5.697429771228791
5.386523765321859,-5.386523765321859
4.7514829058547345,-4.7514829058547345
4.6994766829442085,-4.6994766829442085
-4.835485536199025,4.835485536199025
5.181907976437201,-5.181907976437201
-4.959370562403252,4.959370562403252
4.953251337743551,-4.953251337743551
4.941402602165772,-4.941402602165772
5.0,-5.0
5.0,-5.0
5.0,-5.0
-5.0,5.0
5.0,-5.0
-5.0,5.0
-5.0,5.0
-25.0,5.0
-5.0,5.0
-5.0,5.0
-25.0,5.0
5.0,-5.0
-5.000000000000001,0.0
0.0,0.0
0.0,0.0
0.0,0.0
5.0,-5.0
5.0,-5.0
5.0,-5.0
5.0,-5.0
5.0,-5.0
5.0,-5.0
25.0,-5.0
12.700831024930746,-5.0
-25.0,5.0
-5.000000000000001,5.000000000000001
5.0,-5.0
5.0,-5.0
-5.0,5.0
-5.0,5.0
-5.0,5.0
-5.0,5.0
-5.0,5.0
-5.0,5.0
-5.0,5.0
5.020289957357362,-5.0
4.977810544401889,-4.977810544401889
-5.006462949088175,5.006462949088175
-5.018311686515019,5.018311686515019
19.669956125980967,5.032745606412366
-5.055365923598318,5.055365923598318
19.87948381379249,5.12051618620751
19.691077453413502,5.308922546586498
19.598640328182462,5.401359671817538
0.0,0.0
0.0,0.0
0.0,0.0
-4.750166648136182,4.750166648136182
-5.157410664127537,5.157410664127537
0.0,0.0
-4.855297486993569,4.855297486993569
-4.9026884451872785,4.9026884451872785
-5.106975051302179,5.106975051302179
0.0,0.0
0.0,0.0
-4.780541874806428,4.780541874806428
0.0,0.0
0.0,0.0
0.0,0.0
-25.0,0.0
-5.191602438591639,5.191602438591639
-4.942245602948155,4.942245602948155
-4.893197883061228,4.893197883061228
-4.713301964807025,4.713301964807025
-4.846128809996484,4.846128809996484
-5.135873393263043,5.135873393263043
-4.842412614625187,4.842412614625187
5.015014994545373,-5.015014994545373
4.607073560774589,-4.607073560774589
5.056559004043484,-5.056559004043484
-14.266269159991413,-5.211478529731735
-20.397126093437475,-4.602873906562525
-25.0,4.783479234395088
-4.998680270971233,4.998680270971233
-5.305731544671951,5.305731544671951
-5.145807020801907,5.145807020801907
-5.287637182392785,5.0870730831223
-5.080536290415014,5.080536290415014
-5.105167445401467,5.105167445401467
-5.105167445401467,5.105167445401467
5.214980766164365,-5.214980766164365
4.908276623485083,-4.908276623485083
4.71306654685976,-4.71306654685976
-4.854848110107637,4.854848110107637
-5.050593084079626,4.951020759596392
-5.005595120918232,5.005595120918232
-4.5079540844875,4.5079540844875
-4.5928762175715265,4.5928762175715265
5.188116769775941,-5.188116769775941
5.004956557625618,-5.004956557625618
5.050133608836709,-5.050133608836709
5.133734158896738,-5.133734158896738
4.890723834907743,-4.890723834907743
-5.005595120918232,5.005595120918232
-4.940169981327696,4.940169981327696
5.023677005710892,-5.023677005710892
5.0,-5.0
5.0,-5.0
5.0,-5.0
5.0,-5.0
-5.0,5.0
5.0,-5.0
5.0,-5.0
-5.005595120918232,0.0
0.0,0.0
0.0,0.0
0.0,0.0
0.0,0.0
0.0,0.0
0.0,0.0
5.0,-5.0
5.0,-5.0
5.0,-5.0
5.0,-5.0
5.0,-5.0
5.0,-5.0
5.0,-5.0
5.0,-5.0
0.0,0.0
25.0,-5.0
5.0,-5.0
5.04708934618076,-5.0
5.0,-5.0
25.0,-5.0
5.0,-5.0
5.0,-5.0
5.0,-5.0
25.0,-5.0
5.0,-5.0
5.0,-5.0
25.0,-5.0
25.0,-5.0
4.986643240235807,-4.986643240235807
4.990736440729175,-4.990736440729175
4.991167303549727,-4.991167303549727
5.0,-5.0
5.0,-5.0
4.921582895162468,-4.921582895162468
4.619919972603662,-4.619919972603662
4.804874576007859,-4.804874576007859
5.216068548556082,-5.216068548556082
5.211636632133317,-4.895914656664447
4.900346573087212,-4.900346573087212
4.9003465730872104,-4.9003465730872104
4.900346573087203,-4.691185931857701
4.691185931857717,-4.691185931857717
4.6911859318577145,-4.6911859318577145
-5.174944567593908,5.174944567593908
4.691185931857715,-3.552713678800501e-15
-5.105760723874465,5.105760723874465
0.0,0.0
-5.28061566855011,5.28061566855011
-5.399427887683245,5.399427887683245
-5.166992111466472,5.166992111466472
-10.105979100871672,5.022054180512778
-25.000000000000004,2.7359448040442658e-11
-4.89364725994716,4.89364725994716
-4.842837376765964,4.842837376765964
-25.0,5.290708345211524
-25.0,4.793216575120013
-5.0695360239193725,5.0695360239193725
-5.135126114845988,5.135126114845988
-4.760026431439577,4.760026431439577
-5.217658093060601,5.217658093060601
4.944988569164808,-4.944988569164808
4.980343548124377,-4.980343548124377
5.231529448677172,-5.231529448677172
-5.116510424887361,5.116510424887361
-4.972056583921738,4.972056583921738
-5.00247094172531,5.00247094172531
-5.641229890005666,5.641229890005666
-4.905420050752323,4.905420050752323
-4.843072163565916,4.843072163565916
-5.395456708798021,5.395456708798021
4.519787781008242,-4.519787781008242
5.631709032808654,-5.631709032808654
5.113632393146003,-5.113632393146003
5.19636255161649,-5.19636255161649
4.470627085752521,-4.470627085752521
5.062710165743323,-5.062710165743323
4.727078017179527,-4.727078017179527
5.153404772140168,-5.153404772140168
5.090702180164585,-5.090702180164585
-4.675402515460331,4.675402515460331
4.643320350885592,-4.643320350885592
4.774655794977502,-4.774655794977502
5.116866076397504,-5.116866076397504
-4.941764432016397,4.941764432016397
-5.028664462435172,5.028664462435172
-5.021327729957008,5.021327729957008
-5.0,5.0
-5.0,5.0
5.0,-5.0
-5.0,5.0
-5.0,5.0
-5.0,5.0
-5.0,5.0
-5.0,5.0
-5.0,5.0
-5.0,5.0
-5.0,5.0
-5.0,5.0
-25.0,0.0
0.0,0.0
0.0,0.0
0.0,0.0
5.0,-5.0
5.0,-5.0
5.0,-5.0
5.0,-5.0
5.0,-5.0
25.0,-5.0
-5.0,5.0
-5.0,5.0
5.0,-5.0
25.0,-5.0
-5.0,5.0
-5.0,5.0
-5.0,5.0
25.0,0.0
-5.0,5.0
-5.0,5.0
5.0,-5.0
-5.0,5.0
-5.0,5.0
-5.0,5.0
-5.0,5.0
-5.0,5.0
-5.0,5.0
-5.0,5.0
-5.0,5.0
-5.0,5.0
-5.0,5.0
4.905640952311418,-4.905640952311418
4.6000915330856005,-4.6000915330856005
4.653010513348968,-4.653010513348968
-5.1429346693863565,5.1429346693863565
-5.088530402265023,5.088530402265023
-4.713422513943558,4.713422513943558
-4.2368027854500045,4.2368027854500045
9.777582817082736,5.485575077699282
-4.717937110664158,4.717937110664158
4.72270921548793,-4.72270921548793
4.946219937569937,-4.946219937569937
24.99999999995483,-5.073494579858362
5.073494579858357,4.440892098500626e-15
0.0,0.0
0.0,0.0
0.0,0.0
0.0,0.0
-4.579166751240404,4.579166751240404
-25.0,5.083604297497189
-5.2844246425762265,5.2844246425762265
5.317816753396405,-5.317816753396405
-4.955601311211062,4.955601311211062
-4.9605684405541535,4.9605684405541535
-5.00527197349464,5.00527197349464
-4.807680578062268,4.807680578062268
-4.980941244628557,4.980941244628557
5.148293110062701,-5.148293110062701
4.931883426384644,-4.931883426384644
-5.081494372034175,5.081494372034175
-4.94545309358622,4.94545309358622
-4.740327692694072,4.740327692694072
5.302344808197361,-5.302344808197361
4.730664827351926,-4.730664827351926
-5.202248631445416,5.202248631445416
4.909272573942947,-4.909272573942947
4.685085261942796,-4.685085261942796
5.066355041468397,-5.066355041468397
5.065911976055584,-5.065911976055584
4.737669931364497,-4.737669931364497
-5.204924064899717,5.204924064899717
4.808369790926646,-4.808369790926646
4.362027461270023,-4.362027461270023
5.03362311073626,-5.03362311073626
5.394313701016531,-5.394313701016531
4.787731273834016,-4.787731273834016
4.667182768446391,-4.667182768446391
-4.7117745883127125,4.7117745883127125
5.722687024348452,-5.722687024348452
4.816683894463687,-4.816683894463687
4.474889065761612,-4.474889065761612
21.074896290228654,-4.547034015987315
4.9845699866504765,-4.9845699866504765
5.0581636467751,-5.0581636467751
5.007943479536178,-5.007943479536178
4.992553413373732,-4.992553413373732
5.0,-5.0
5.0,-5.0
5.0,-5.0
5.0,-5.0
5.0,-5.0
5.0,-5.0
-25.0,5.0
-25.0,0.0
-25.0,5.0
-25.0,5.0
0.0,-5.000000000000001
5.0,-5.0
0.0,0.0
0.0,0.0
0.0,0.0
0.0,0.0
0.0,0.0
0.0,0.0
5.0,-5.0
5.0,-5.0
5.0,-5.0
5.0,-5.0
5.0,-5.0
10.54016620498615,-5.000000000000001
-5.0,5.0
-5.0,5.0
5.0,-5.0
5.0,-5.0
5.0,-5.0
-5.0,5.0
5.0,-5.0
-5.0,5.0
5.0,-5.0
-5.0,5.0
5.0,-5.0
5.0,-5.0
5.0,-5.0
-5.0,5.0
5.0,-5.0
-5.0,5.0
-4.874202255096351,5.0
-5.113532464775543,5.113532464775543
19.655656835133517,5.344343164866483
19.732316539857848,5.267683460133352
-5.152456157730681,5.152456157730681
19.564175473244187,5.033018471611651
-4.797691409559972,4.797691409559972
-4.335891019945165,4.335891019945165
19.86217320580724,5.137826794192758
-4.968426855732146,4.968426855732146
-5.0825035765855855,5.0825035765855855
-5.220290608497706,5.220290608497706
0.0,0.0
0.0,0.0
0.0,0.0
-4.916165333734035,4.916165333734035
-5.636572022845311,5.636572022845311
-4.7801543503570425,4.7801543503570425
-4.686982490761771,4.686982490761771
-25.0,4.959222834485608
5.1626731704125,-5.1626731704125
-4.859081215127217,4.859081215127217
5.096369251876352,-5.096369251876352
-5.1491255933668345,5.1491255933668345
4.991273126121106,-4.991273126121106
-5.060848912321116,5.060848912321116
-4.871315374617234,4.871315374617234
4.923650740850812,-4.923650740850812
5.07435167790765,-5.07435167790765
5.161766211725588,-5.161766211725588
5.214046036995732,-5.214046036995732
4.7967497377709165,-4.7967497377709165
4.942485438926601,-4.942485438926601
5.003405039746628,-5.003405039746628
4.923355363908938,-4.923355363908938
4.388514189352877,-4.388514189352877
4.733328900154616,-4.733328900154616
4.841833221393047,-4.841833221393047
4.932856655539288,-4.932856655539288
-4.916828038411323,4.916828038411323
-5.051228333848856,5.051228333848856
-5.405557590374489,5.405557590374489
-5.019544738801452,5.019544738801452
-4.936734424622379,4.936734424622379
-5.336529640041036,5.336529640041036
-5.261340429650756,5.261340429650756
-5.372970823524042,5.372970823524042
5.509857208222365,-5.509857208222365
5.4178479219752465,-5.4178479219752465
4.690424768199789,-4.690424768199789
4.580750457632293,-4.580750457632293
4.973295526094609,-4.973295526094609
5.034622118313916,-5.034622118313916
5.089956548647547,-5.089956548647547
5.0,-5.0
5.0,-5.0
-5.0,5.0
-5.0,5.0
-5.0,5.0
5.0,-5.0
-5.0,5.0
-5.0,5.0
-5.0,5.0
-25.0,5.0
-25.0,5.0
-25.0,5.0
-5.0,5.0
5.0,-5.0
-14.959222834485617,0.0
0.0,0.0
0.0,0.0
0.0,0.0
5.0,-5.0
0.0,0.0
5.0,-5.0
10.54016620498615,-5.000000000000001
-5.0,5.0
-5.0,5.0
-5.0,5.0
5.0,-5.0
-5.0,5.0
-5.0,5.0
-5.0,5.0
-5.0,5.0
-5.0,5.0
-5.0,5.0
5.0,-5.0
-5.0,5.0
-5.0,5.0
-5.0,5.0
5.0,-5.0
5.0,-5.0
25.0,-5.0
5.0,-5.0
25.0,0.0
5.0,-5.0
-5.0,5.0
19.86363178724423,5.136368212755418
-0.6879787777554078,5.410970467506466
25.0,0.0
-5.000986325461362,5.000986325461362
0.0,0.0
-5.00216672872107,5.00216672872107
-4.602942070472191,4.602942070472191
-4.907436566413208,4.907436566413208
-5.207834916301282,5.207834916301282
-4.902020060184189,4.902020060184189
-4.839232894468838,4.839232894468838
-5.278783447904242,5.278783447904242
-5.226284614516933,5.226284614516933
-4.559029996260577,4.559029996260577
-4.881654198730212,4.881654198730212
-5.492091042545287,5.492091042545287
-4.892881678258064,4.892881678258064
-5.227331056759734,5.227331056759734
-25.0,4.7156902262345
4.642379941391155,-4.642379941391155
5.070973777495427,-5.070973777495427
-4.98746793897886,4.98746793897886
-4.985287956164244,4.985287956164244
-5.143378365946484,5.143378365946484
-4.821238884612233,4.821238884612233
-5.007635620176963,5.007635620176963
5.144826849026835,-5.144826849026835
5.203032516406546,-5.203032516406546
5.124169397514853,-5.124169397514853
4.647671480452459,-4.647671480452459
4.693489619545412,-4.693489619545412
-5.3564764196800425,5.3564764196800425
-5.029205079554352,5.029205079554352
-4.950653116287327,4.950653116287327
-5.006936940102909,5.006936940102909
-4.6602218447456405,4.6602218447456405
5.063670140804421,-5.063670140804421
-5.622092872367572,5.622092872367572
4.345657393446428,-4.345657393446428
5.11435126993403,-5.11435126993403
4.649722709215489,-4.649722709215489
-4.944652167647671,4.944652167647671
4.559596766546486,-4.559596766546486
-4.187169992005131,4.187169992005131
-5.092597515541625,5.092597515541625
4.471137052780377,-4.471137052780377
5.145884651921247,-5.145884651921247
-4.492188971362169,4.492188971362169
-5.060724260727055,5.060724260727055
-5.19498822834526,5.19498822834526
-5.195830099965655,5.195830099965655
-4.836995674482391,4.836995674482391
5.055218378121692,-5.055218378121692
4.996768525455912,-4.996768525455912
-5.0,5.0
-5.0,5.0
-5.0,5.0
-5.0,5.0
5.0,-5.0
5.0,-5.0
-5.0,5.0
-5.0,5.0
-25.0,5.0
-5.0,5.0
-20.0,-5.0
-20.0,-5.0
5.0,-5.0
5.0,-5.0
0.2843097737655036,-5.0
5.0,-5.0
5.0,-5.0
5.0,-5.0
5.0,-5.0
0.5401662049861491,5.0
-5.0,5.0
-5.0,5.0
5.0,-5.0
-5.0,5.0
-5.0,5.0
-5.0,0.0
5.0,-5.0
10.730285249014415,-5.000000000000001
-5.0,5.0
-5.0,5.0
5.0,-5.0
-5.0,5.0
-5.0,5.0
-5.0,5.0
-5.0,5.0
-5.0,5.0
-5.0,5.0
-5.0,5.0
-5.000646294847182,5.000646294847182
-5.000646294847182,5.000646294847182
-5.003446905646186,5.003446905646186
-5.024774637452259,5.024774637452259
-5.171582437235508,5.171582437235508
-5.171582437235508,5.171582437235508
5.065500546901768,-5.065500546901768
-4.968765150691217,4.968765150691217
-5.171582437235508,5.313589644276287
-5.07901774998306,5.07901774998306
-4.558638684927322,4.558638684927322
19.77097809959222,5.22902190040778
20.11271786065108,4.8872821393086525
-4.831249512123129,4.831249512123129
-5.1006610535959185,5.1006610535959185
19.98845820911092,5.01154179088908
24.39086543872191,0.0
0.0,0.0
0.0,0.0
-4.9894724628408245,4.9894724628408245
0.0,0.0
0.0,0.0
5.329070518200751e-15,-5.377446289111315
4.900969199910206,-4.900969199910206
-5.507503028749719,5.507503028749719
-5.003240941445586,5.003240941445586
-5.347461111479701,5.347461111479701
-4.328458629202567,4.328458629202567
-5.012769372410338,5.012769372410338
-4.878103363954583,4.878103363954583
-4.699404732150674,4.699404732150674
-4.800395244643299,4.800395244643299
-5.4632772743241915,5.4632772743241915
-5.2407038060000595,5.2407038060000595
-4.985784669098553,4.985784669098553
5.061159436798475,-5.061159436798475
5.268355000873001,-5.268355000873001
4.7440293716772,-4.7440293716772
4.765732003137357,-4.765732003137357
-20.36147195062277,-4.638528049347848
5.312594640539389,-5.312594640539389
4.837653132747647,-4.837653132747647
5.098672939564059,-5.098672939564059
5.39317826700278,-5.39317826700278
4.880224018921897,-4.880224018921897
4.678949247778437,-4.678949247778437
4.957407023669841,-4.957407023669841
-5.035041298745654,5.035041298745654
-5.365640047498633,5.365640047498633
-4.7640013972086726,4.7640013972086726
5.251116474348507,-5.251116474348507
5.412005706884484,-5.412005706884484
5.055959729671024,-5.055959729671024
4.600529509873214,-4.600529509873214
4.955568254870614,-4.955568254870614
5.128910536673647,-5.128910536673647
5.0339100263594885,-5.0339100263594885
-5.02499006824618,5.02499006824618
4.979679174666479,-4.979679174666479
-24.622553710918062,4.999999999999982
-25.0,5.0
-25.0,5.0
-5.000000000000001,5.000000000000001
-5.000000000000001,5.000000000000001
-5.000000000000001,5.000000000000001
-5.0,5.0
-5.0,5.0
-5.0,5.0
-5.0,5.0
-5.0,5.0
5.0,-5.0
-5.000000000000001,0.0
0.0,0.0
0.0,0.0
0.0,0.0
5.0,-5.0
5.0,-5.0
5.0,-5.0
5.0,-5.0
5.0,-5.0
5.0,-5.0
5.0,-5.0
10.54016620498615,-5.000000000000001
5.0,-5.0
5.0,-5.0
-5.0,5.0
-5.0,5.0
-5.0,5.0
-5.0,5.0
-5.0,5.0
-5.0,5.0
-5.0,5.0
-5.0,5.0
-5.0,5.0
-4.931384363649747,5.0
-5.061925611806103,5.061925611806103
4.942695191860136,-4.942695191860136
-5.058381964574888,5.058381964574888
-5.061613438810798,5.061613438810798
-4.936026219531059,5.079936229573833
-5.191804395869706,5.191804395869706
-5.191804395869706,5.321861224263202
-5.309180683494834,5.333132016275321
19.145404745798185,5.211053136443645
-5.021740184725204,5.021740184725204
-5.0392466332835175,5.0392466332835175
-4.221229225533776,4.221229225533776
19.14032813193034,5.859671868027402
20.095212990001315,4.904787009998685
-4.995646976991196,4.995646976991196
-4.635853247040854,4.635853247040854
25.0,-1.588063014423824e-11
0.0,0.0
-4.557651570531824,4.557651570531824
-5.094201892007968,5.094201892007968
-5.289236509680636,5.289236509680636
0.0,0.0
-5.075187316948348,5.075187316948348
-24.999999999974364,5.0503396784339785
-5.418760560987966,5.418760560987966
-5.080001708642005,5.080001708642005
-25.0,5.01635050225693
-4.953923090509253,4.953923090509253
-15.38283060685308,5.316140426136526
-5.005869669998821,5.005869669998821
-4.976926516578827,4.976926516578827
-5.027756596473996,5.027756596473996
-5.007512546451181,5.007512546451181
-5.2581531357266655,5.2581531357266655
-5.18821128408587,5.18821128408587
-5.341980859372201,5.341980859372201
-5.316767155417043,5.316767155417043
-5.028130235682525,5.028130235682525
-5.087396861693206,5.087396861693206
-5.222849910846653,5.222849910846653
4.689129022768867,-4.689129022768867
4.61706525386613,-4.61706525386613
4.625225357459117,-4.625225357459117
4.666829325951838,-4.666829325951838
4.598536662236517,-4.598536662236517
4.751205516611245,-4.751205516611245
4.480038123317298,-4.480038123317298
5.2170648145876015,-5.2170648145876015
4.9928371091595025,-4.9928371091595025
-5.183757908654504,5.183757908654504
-4.830283856736226,4.830283856736226
-4.906311230756445,4.906311230756445
4.982535838311571,-4.982535838311571
4.8671627408798965,-4.8671627408798965
5.104911830740226,-5.104911830740226
5.035648304672682,-5.035648304672682
-4.949734796948802,4.949734796948802
-5.042354294167891,5.042354294167891
-5.064447179296473,5.064447179296473
-5.028562704723675,5.028562704723675
-5.0,5.0
-5.0,5.0
5.0,-5.0
5.0,-5.0
5.0,-5.0
-5.0,5.0
5.0,-5.0
-5.0,5.0
-5.0,5.0
5.0,-5.0
-5.0,5.0
-25.0,5.0
-20.0,-5.0
0.0,0.0
0.0,0.0
5.0,-5.0
0.0,0.0
0.0,0.0
0.0,5.0
7.7008310249307454,-5.0
25.0,-5.0
-25.0,5.0
-5.0,5.0
-5.0,5.0
5.0,-5.0
-5.0,5.0
-5.0,5.0
20.0,5.0
-5.0,5.0
5.0,-5.0
-5.0,5.0
5.0,-5.0
5.0,-5.0
5.0,-5.0
5.0,-5.0
5.0,-5.0
4.9486936590553805,-4.9486936590553805
-5.060528513839919,5.060528513839919
4.931923607786543,-4.931923607786543
4.929122995138474,-4.929122995138474
4.922222313955539,-4.922222313955539
4.7885980757732245,-4.7885980757732245
4.575378526182162,-4.575378526182162
4.670933361346176,-4.670933361346176
19.857627998424945,5.142372001557973
19.998398779215215,5.0016012207297855
20.20347908904244,4.519512600780342
-4.575728891833571,4.575728891833571
-5.160337294211894,5.160337294211894
-5.034285184266233,5.034285184266233
-5.222617017488636,5.222617017488636
-5.039975608428534,5.039975608428534
0.0,0.0
-5.24418837030796,5.24418837030796
-5.2547922762918535,5.2547922762918535
-5.16437979274334,5.16437979274334
0.0,0.0
-4.764794118232173,4.764794118232173
-4.957192433583865,4.957192433583865
-25.0,1.0452083643031074e-11
-5.359231377695615,5.359231377695615
-24.99999999994383,5.242433149634124
-24.999999999959783,5.257327595042959
-5.126048323061788,5.126048323061788
-5.199544165214775,5.199544165214775
-24.99999999997335,5.144047382096886
-10.643808126907455,5.134578278979431
-4.9461946916774675,4.9461946916774675
-4.9963645914846,4.9963645914846
-5.090987458749474,5.090987458749474
-5.064496312635436,5.064496312635436
-5.134578278979431,5.134578278979431
-5.134578278979431,5.134578278979431
4.756881424385368,-4.756881424385368
4.712883514139369,-4.712883514139369
4.526718409638031,-4.526718409638031
4.563044093162995,-4.563044093162995
-5.134578278979431,5.134578278979431
4.709422933429307,-4.709422933429307
-5.134578278979431,5.134578278979431
4.855775265508525,-4.855775265508525
5.067103582180074,-5.067103582180074
4.398668087303527,-4.398668087303527
5.056691544978937,-5.056691544978937
5.139710768918187,-5.139710768918187
4.782050316881392,-4.782050316881392
4.891286137854085,-4.891286137854085
5.02354684390495,-5.02354684390495
4.949398395431665,-4.949398395431665
4.548179942825122,-4.548179942825122
4.7321522837787775,-4.7321522837787775
5.084436623014499,-5.084436623014499
5.194944048033441,-5.194944048033441
5.074195311161179,-5.074195311161179
4.981948245095215,-4.981948245095215
4.94011000754057,-4.94011000754057
5.0,-5.0
5.0,-5.0
5.0,-5.0
5.0,-5.0
5.0,-5.0
-5.0,5.0
5.0,-5.0
5.0,-5.0
-5.134578278979431,0.0
0.0,0.0
5.0,-5.0
5.0,-5.0
0.0,0.0
0.0,0.0
5.0,-5.0
0.0,0.0
20.0,5.0
25.0,0.0
25.0,0.0
25.0,0.0
-5.0,5.0
-5.0,5.0
5.263157894736842,8.881784197001252e-16
-5.0,5.0
-5.0,5.0
-5.0,5.0
-5.0,5.0
-5.0,5.0
-5.0,5.0
-5.0,5.0
-5.0,5.0
-5.0,5.0
-5.0,5.0
-5.0,5.0
-5.0,5.0
-5.0,5.0
-5.043517188020538,5.043517188020538
-5.038346826777663,5.038346826777663
-5.031883878305842,5.031883878305842
-5.0295141321764545,5.0295141321764545
-5.0570893748805235,5.0570893748805235
-5.213747760720896,5.213747760720896
-5.405185607927654,5.405185607927654
-5.3266864243545715,5.3266864243545715
-5.1578897049371175,5.1578897049371175
0.0,0.0
-4.5658590101731855,4.5658590101731855
-4.500389468383103,4.500389468383103
-5.031054972324949,5.031054972324949
-5.177138435649381,5.177138435649381
0.0,0.0
-5.2712305080251145,5.2712305080251145
-5.230417998261265,5.230417998261265
-5.126858085062699,5.126858085062699
-14.826025505824186,5.034862684056444
-4.887333262240901,4.887333262240901
-5.274073195517019,5.274073195517019
-4.9840319730139555,4.9840319730139555
5.0266962689903405,-5.0266962689903405
-25.0,4.83199742168749
-5.168460791260799,5.168460791260799
-25.0,5.203664926012877
-25.0,5.08879674643056
-25.0,5.079230446627104
-5.151212797526631,5.151212797526631
-5.110452672989652,5.110452672989652
-5.072675350647774,5.072675350647774
4.8580417155048465,-4.8580417155048465
-5.098571955994187,5.098571955994187
-5.078259742061707,5.078259742061707
-5.263372092847121,5.263372092847121
5.0562629959542935,-5.0562629959542935
-4.800114384089593,4.800114384089593
-5.412526718990291,5.412526718990291
-5.412526718990291,5.412526718990291
4.79723130316974,-4.79723130316974
-5.412526718990291,5.412526718990291
-5.412526718990291,5.412526718990291
-5.412526718990291,5.412526718990291
-5.412526718990291,5.412526718990291
5.443442207759354,-5.443442207759354
4.481858983311556,-4.481858983311556
4.947303617504128,-4.947303617504128
4.730563212634742,-4.730563212634742
4.879879412489709,-4.879879412489709
4.8861435495583425,-4.8861435495583425
-4.963427537876159,4.963427537876159
-4.880160904190728,4.880160904190728
-4.89146222795405,4.89146222795405
-5.075571685661172,5.075571685661172
-5.0234157230509435,5.0234157230509435
-4.886794735797191,4.886794735797191
-4.808571679172976,4.808571679172976
-4.905865778817859,4.905865778817859
-5.024128340139658,5.024128340139658
-5.0,5.0
-5.0,5.0
-5.0,5.0
-5.0,5.0
5.0,-5.0
-5.0,5.0
5.0,-5.0
-5.0,5.0
-5.412526718990291,5.0
-5.0,5.0
-5.0,5.0
-5.0,0.0
5.0,-5.0
5.0,-5.0
0.0,0.0
5.0,-5.0
0.0,0.0
0.0,5.0
-4.5125,4.5125
-4.459833795013851,5.0
-5.0,5.0
5.0,-5.0
-5.0,5.0
-5.0,5.0
-5.0,5.0
-5.0,5.0
-5.0,5.0
-5.0,5.0
-5.0,5.0
-5.0,5.0
20.0,5.0
20.0,5.0
20.0,5.0
19.722991689750693,5.0
-5.0,5.0
-5.0,5.0
-5.0,5.0
-5.0,5.0
-5.0,5.0
0.0,0.0
-5.0,5.0
-5.021112299163088,5.021112299163088
-5.253953368105321,5.253953368105321
0.0,0.0
-5.237212456858557,5.237212456858557
-5.0067434934518715,5.0067434934518715
0.0,0.0
-4.782719964179108,4.782719964179108
0.0,0.0
-5.001919318974883,5.001919318974883
-5.051283243664972,5.051283243664972
-4.996631566797451,4.996631566797451
0.0,0.0
-5.234829717970056,5.234829717970056
-5.030125923482123,5.030125923482123
-5.290264648651402,5.290264648651402
-25.0,5.143359431527131
22.00181780440207,0.0
0.0,0.0
0.0,0.0
-20.084871641299088,-4.915128358700912
4.617784761801472,-4.617784761801472
4.762058725783255,-4.762058725783255
-5.181438442284003,5.181438442284003
-10.185062490147798,5.185062490147791
-5.291472664605996,5.291472664605996
-5.496733131022852,5.496733131022852
-5.388531760494036,5.388531760494036
-5.487483036022555,5.487483036022555
-5.47935259635322,5.47935259635322
-5.511960191064956,5.511960191064956
-5.604059731377646,5.604059731377646
-5.6480065186914015,5.6480065186914015
4.384269092534378,-4.384269092534378
4.372822604889361,-4.372822604889361
-5.511852896021969,5.511852896021969
-5.748444146138979,5.748444146138979
-5.612503851260893,5.612503851260893
-5.658698154151621,5.658698154151621
-5.950025654875926,5.950025654875926
-5.794360113065244,5.794360113065244
4.402420258071592,-4.402420258071592
4.343137222230805,-4.343137222230805
4.349990219741258,-4.349990219741258
4.4591458850053645,-4.4591458850053645
4.554218760303479,-4.554218760303479
4.7844625619067145,-4.7844625619067145
4.862485623726533,-4.862485623726533
5.0045347934345745,-5.0045347934345745
4.830148160064209,-4.830148160064209
4.248566109045493,-4.248566109045493
4.292756045861083,-4.292756045861083
4.738035839018456,-4.738035839018456
-4.851649889445712,4.851649889445712
-4.892275382371763,4.892275382371763
-5.0262724732938855,5.0262724732938855
-5.052565315881088,5.052565315881088
-5.0,5.0
-5.0,5.0
-5.0,5.0
-5.0,5.0
-5.0,5.0
-5.0,5.0
-5.0,5.0
-25.0,5.0
-25.0,5.0
-25.0,5.0
5.0,-5.0
-5.0,5.0
-5.0,5.0
-5.0,5.0
-5.0,0.0
5.000000000000001,-5.000000000000001
5.0,-5.0
10.263157894736837,5.000000000000005
25.0,-5.0
25.0,-5.0
25.0,-5.0
25.0,0.0
5.0,-5.0
5.0,-5.0
5.0,-5.0
5.0,-5.0
5.0,-5.0
5.0,-5.0
5.0,-5.0
-5.0,5.0
5.0,-5.0
5.0,-5.0
5.0,-5.0
5.0,-5.0
5.0,-5.0
5.0,-5.0
-5.058946316284573,5.058946316284573
-5.058679875967687,5.058679875967687
-5.0629060334360005,5.0629060334360005
-5.062475166917321,5.062475166917321
4.906393383454572,-4.906393383454572
4.740637753672621,-4.740637753672621
-5.387077202620806,5.387077202620806
4.80983121252689,-4.80983121252689
-5.1099221936741674,5.1099221936741674
-4.962446419380121,4.962446419380121
-4.887451286788188,4.887451286788188
4.999999999999995,-4.999999999999995
-5.150473268020701,5.108691771990006
-5.0315908163925815,5.0315908163925815
-4.939140358174583,4.939140358174583
5.0462952864606,-5.0462952864606
5.046295286460598,1.7763568394002505e-15
-5.106805272675333,5.106805272675333
-5.198864419560074,5.198864419560074
-5.224911869113981,5.224911869113981
-5.342546367363484,5.342546367363484
-5.372077750077983,5.372077750077983
-5.537967247190915,5.537967247190915
-25.0,0.0
-5.306376577224508,5.306376577224508
-5.294930089579497,5.294930089579497
-10.14159411257415,5.1869294238958
-25.0,5.22280257479828
-24.999999999960714,5.255591939935783
-24.999999999961453,5.217499675085364
-5.253810842222162,5.253810842222162
4.578372136774975,-4.578372136774975
4.452371149761563,-4.452371149761563
4.288080979936483,-4.288080979936483
4.326452211898673,-4.326452211898673
4.451758936869215,-4.451758936869215
-5.723311860187033,5.723311860187033
-5.741229501218923,5.741229501218923
-5.6821711538211,5.6821711538211
-5.72757210454102,5.72757210454102
4.255159073863522,-4.255159073863522
4.327431752526433,-4.327431752526433
-5.727129039128204,5.727129039128204
4.310769463497518,-4.310769463497518
-5.547546169940604,5.547546169940604
4.208981180802901,-4.208981180802901
-5.39492591390888,5.39492591390888
-5.741229501218923,5.741229501218923
-5.585978623192027,5.585978623192027
-5.556923125550551,5.556923125550551
-5.205853744889852,5.205853744889852
-4.7928404113222385,4.7928404113222385
-4.833852363636584,4.833852363636584
-5.396928859902564,5.396928859902564
-5.533747080691224,5.533747080691224
-5.144284062338773,5.144284062338773
-4.842464447598162,4.842464447598162
-4.848775644588224,4.848775644588224
-4.9793525383665616,4.9793525383665616
4.978456836783652,-4.978456836783652
-5.0,5.0
-5.0,5.0
-5.0,5.0
5.0,-5.0
-5.0,5.0
5.0,-5.0
-5.741229501218923,5.0
-5.0,5.0
-5.0,5.0
-5.0,5.0
-4.999999999999999,0.0
0.0,0.0
5.0,-5.0
0.0,0.0
0.0,0.0
5.0,-5.0
0.0,0.0
0.0,0.0
0.0,0.0
5.0,-5.0
5.0,-5.0
5.0,-5.0
25.0,-5.0
25.0,-5.0
5.0,-5.0
5.0,-5.0
5.0,-5.0
5.0,-5.0
-5.0,5.0
-5.0,5.0
25.0,-5.0
5.0,-5.0
5.0,-5.0
-4.999999999999993,4.999999999999993
25.0,-5.0
25.0,-5.0
5.0,-5.0
5.0,-5.0
5.184454456115011,-5.0
-5.0,5.0
-5.025636363093362,5.025636363093362
4.718184559857052,-4.718184559857052
-5.329987640368424,5.329987640368424
4.936454668576467,-4.936454668576467
5.078703438621833,-5.078703438621833
5.078703438621831,-4.949593419951001
4.949593419950997,-4.235306966321275
4.235306966321275,-4.235306966321275
4.235306966321272,-4.235306966321272
-5.3029728234405225,4.6334441577520895
4.97716698370458,-4.97716698370458
4.977166983704584,-4.977166983704584
-5.710753290978804,5.710753290978804
-4.968667322857904,4.968667322857904
-7.624888041087537,4.7368847841087405
-25.0,5.251073556331313
19.59184018925225,5.4081598107406315
-5.14473154578277,5.14473154578277
-5.082028322659875,5.082028322659875
-25.0,0.0
-5.267209468502264,5.267209468502264
-25.0,4.910451557121206
-25.0,5.066644738084467
-25.0,5.085684559036558
-5.1329600172722305,5.1329600172722305
-5.496457950794948,5.496457950794948
-5.161905064134162,5.161905064134162
-4.904840657520182,4.904840657520182
4.772549025251042,-4.772549025251042
4.931424582289038,-4.931424582289038
4.854114716931441,-4.854114716931441
4.931744573976067,-4.931744573976067
4.344193131683282,-4.344193131683282
5.085813313088149,-5.085813313088149
-5.1067793956355505,5.1067793956355505
-5.259233659924297,5.259233659924297
-5.065196255004114,5.065196255004114
-5.253423317772775,5.253423317772775
-5.077656996379032,5.077656996379032
-5.212061078700437,5.212061078700437
4.927936862244575,-4.927936862244575
4.501647344975323,-4.501647344975323
-5.120073251461914,5.120073251461914
4.749121468188003,-4.749121468188003
-5.3525891833872725,5.3525891833872725
-5.134643918299849,5.134643918299849
-5.2695876315727554,5.2695876315727554
-4.319681894686046,4.319681894686046
-4.449726326951882,4.449726326951882
-5.094615924644446,5.094615924644446
-5.036933320599306,5.036933320599306
-4.999856256199761,4.999856256199765
5.094506144458916,-5.094506144458916
5.0197433332477495,-5.0197433332477495
5.003143350292514,-5.003143350292514
5.0,-5.0
16.610572907706423,5.0
5.0,-5.0
5.0,-5.0
5.0,-5.0
5.0,-5.0
5.0,-5.0
-5.0,5.0
-5.0,5.0
-5.0,5.0
-25.0,5.0
-5.0,5.0
-5.000000000000001,5.000000000000001
-5.000000000000001,5.000000000000001
0.0,-5.000000000000001
5.0,-5.0
5.0,-5.0
5.0,-5.0
5.0,-5.0
5.0,-5.0
5.0,-5.0
5.0,-5.0
5.0,-5.0
0.0,0.0
5.0,-5.0
0.0,5.0
-4.5125,5.0
-4.95246875,5.0
5.00513495498615,-5.0
-5.0,5.0
5.0,-5.0
-5.0,5.0
-5.0,5.0
-5.0,5.0
-5.0,5.0
5.0,-5.0
-5.0,5.0
4.989012987597901,-4.989012987597901
25.0,-4.973286480471614
19.194345529305544,-4.970485867823546
-5.022189455598111,5.022189455598111
25.0,-4.9670389627937155
25.0,-4.736883746167262
25.0,-4.728259288266788
4.904600505968078,-4.904600505968078
-5.050541961147379,5.050541961147379
-4.959333285265155,4.959333285265155
-4.6945363773618665,4.6945363773618665
4.904600505968084,-4.874657930780003
-5.354302748338543,5.354302748338543
4.874657930780005,-4.874657930780005
4.874657930779998,4.440892098500626e-15
0.0,0.0
0.0,0.0
-5.192929741388147,5.192929741388147
-24.999999999958796,4.929241443737862
-25.0,5.091768819121359
24.999999999990784,-2.2211565919860732e-11
19.29804957022486,-0.03567853028957657
-5.04256015666995,5.04256015666995
-25.0,3.552713678800501e-15
4.572136401335364,-4.572136401335364
-4.80665307023882,4.80665307023882
-4.955599417769131,4.955599417769131
-5.06030423219112,5.06030423219112
-4.855267191922605,4.855267191922605
-24.999999999962043,5.032199873548375
-5.151392674510463,5.151392674510463
-5.244373927617605,5.244373927617605
-5.349050340410566,5.349050340410566
-5.564144081943724,5.564144081943724
-5.117051318133489,5.117051318133489
-4.935773818413969,4.935773818413969
-5.2836956674312106,5.2836956674312106
-4.952141361648318,4.952141361648318
-4.880542748314307,4.880542748314307
-4.987553775013254,4.987553775013254
-5.126480658970305,5.126480658970305
-5.683088210865007,5.683088210865007
-5.108637493321199,5.108637493321199
-4.857197871549102,4.857197871549102
-4.9187991114657645,4.9187991114657645
-5.205144966458812,5.205144966458812
-5.256228136425975,5.256228136425975
-5.488373584879366,5.488373584879366
-5.2614029132346145,5.2614029132346145
-5.441965323049974,5.441965323049974
-5.066391648012476,5.066391648012476
5.881829556699295,-5.881829556699295
5.195116351249536,-5.195116351249536
-4.933029274329037,4.933029274329037
-5.270378932514801,5.270378932514801
-4.894825138617621,4.894825138617621
-5.020702657438182,5.020702657438182
-4.998876557785172,4.998876557785172
-5.006423018542678,5.006423018542678
-5.03306416569085,5.03306416569085
-5.0,5.0
5.0,-5.0
5.0,-5.0
5.0,-5.0
5.0,-5.0
5.0,-5.0
5.0,-5.0
-5.0,5.0
-5.0,5.0
-20.0,-5.0
5.0,-5.0
5.0,-5.0
5.0,-5.0
5.0,-5.0
5.0,-5.0
-20.0,-5.0
5.0,-5.0
10.54016620498615,-5.000000000000001
5.0,-5.0
5.0,-5.0
5.0,-5.0
-5.0,5.0
-5.0,5.0
-5.0,5.0
-5.0,5.0
-5.0,5.0
-5.0,5.0
-5.0,5.0
-5.0,5.0
-5.0,5.0
5.0,-5.0
5.0,-5.0
20.0,5.0
14.714374425943406,-4.999999999999998
25.0,-5.0
25.0,-5.0
25.0,-4.954113065850073
4.962084034810179,-4.962084034810179
4.962730329657361,-4.962730329657361
4.962730329657356,-4.956482811979462
4.908257101063255,-4.908257101063255
4.772197131039739,-4.772197131039739
4.727766307977138,-4.676414481281231
4.852842797311535,-4.852842797311535
-5.111084451448665,5.111084451448665
-4.73694190294045,4.73694190294045
4.905130985283564,-4.905130985283564
-4.968198118479184,4.817596533476407
5.072002547613501,-5.072002547613501
4.895187890535022,-4.895187890535022
-25.0,4.80240923571494
-19.658336607725584,-5.341663392274416
9.97457190355139,-4.822136376089475
4.812340969811871,-4.812340969811871
5.286223412414577,-5.286223412414577
-4.954955016363883,4.954955016363883
24.999999999961737,3.505107315504574e-11
24.99999999997204,3.552713678800501e-15
0.0,0.0
-5.0438047791686245,5.0438047791686245
0.0,0.0
-4.929344320749671,4.929344320749671
-5.307366847356569,5.307366847356569
-24.999999999983693,5.051285137106909
-14.831801766130727,5.1514627318620665
-24.99999999995609,4.898757028582693
-25.0,5.029921431753131
-24.999999999950365,4.934365097614254
-4.763990036557061,4.763990036557061
-5.20766008849594,5.20766008849594
-5.028005899662119,5.028005899662119
-5.233989660898182,5.233989660898182
4.910767761924365,-4.910767761924365
-5.0007826226665095,5.0007826226665095
-5.233989660898182,5.233989660898182
-5.126326027878939,5.126326027878939
-5.195422773269366,5.195422773269366
5.20933262887195,-5.20933262887195
4.802683784795532,-4.802683784795532
5.184377695314595,-5.184377695314595
-5.233989660898182,5.233989660898182
-5.14090679307386,5.14090679307386
-4.997207173145723,4.997207173145723
-4.963683152537399,4.963683152537399
-5.233989660898182,5.233989660898182
-4.8552684542172315,4.8552684542172315
-4.604995192677157,4.604995192677157
5.1886328904900845,-5.1886328904900845
5.3710789594572175,-5.3710789594572175
-5.085637854135495,5.085637854135495
-4.81826933651068,4.81826933651068
-4.941430318408265,4.941430318408265
-4.99457840514578,4.99457840514578
-5.017950164841793,5.017950164841793
-4.950745727293643,4.950745727293643
4.999165353598708,-4.999165353598708
5.0,-5.0
-5.0,5.0
-5.0,5.0
-5.0,5.0
5.0,-5.0
5.0,-5.0
-5.0,5.0
-5.0,5.0
-5.0,5.0
-5.233989660898182,5.0
-5.0,5.0
-5.0,5.0
-5.0,5.0
-5.0,0.0
0.0,0.0
5.0,-5.0
0.0,5.0
-4.5125,5.0
5.0,-5.0
5.052666204986149,-5.0
5.0,-5.0
5.0,-5.0
5.0,-5.0
5.0,-5.0
-5.0,5.0
-5.0,5.0
5.0,-5.0
5.0,-5.0
5.0,-5.0
5.0,-5.0
5.0,-5.0
-5.0,5.0
-5.0,5.0
-5.0,5.0
-5.0,5.0
5.0,-5.0
5.000889774346398,-4.985135218514813
4.989443850418456,-4.989443850418456
4.990090145265638,-4.990090145265638
-5.014218486638005,5.014218486638005
19.90994958791319,5.090050412086811
19.639724034042732,5.360275965943188
24.999999999962892,-0.5431607791638307
25.0,-4.800106494748199
-4.975234410636155,4.975234410636155
5.050504407882326,-5.050504407882326
5.050504407882333,-5.050504407882333
-5.013921216254195,5.013921216254195
-5.252819309795478,5.252819309795478
-5.122878701262426,5.122878701262426
-4.8656249504549365,4.8656249504549365
5.050504407882326,-5.050504407882326
5.050504407882325,-4.840596803809424
4.840596803809425,-4.840596803809425
4.840596803809421,-4.840596803809421
-23.119839165527225,4.925977780989054
19.545599181441176,5.45440081853242
-4.877724675567562,4.877724675567562
-5.010985750107471,5.010985750107471
-4.846101670662081,4.846101670662081
-4.820264393162969,4.820264393162969
-4.960596211035869,4.960596211035869
-25.0,4.986761685137068
-24.999999999976602,4.977901008028091
-5.224595664310819,5.224595664310819
-25.0,4.7276826563041325
-24.999999999944833,5.151553617074946
-4.98993888070417,4.98993888070417
-4.910418106313685,4.910418106313685
-5.062725313278804,5.062725313278804
-5.430120581451277,5.430120581451277
-4.84034686947399,4.84034686947399
4.602061619972369,-4.602061619972369
5.401828772056959,-5.401828772056959
4.547583508615565,-4.547583508615565
5.061653625143537,-5.061653625143537
4.173235521657391,-4.173235521657391
5.011911643213738,-5.011911643213738
4.737332898700048,-4.737332898700048
5.009739234166862,-5.009739234166862
5.310744116621482,-5.310744116621482
4.477358902979127,-4.477358902979127
-5.30316025052408,5.30316025052408
-5.310522583915075,5.310522583915075
-4.631755838693287,4.631755838693287
-5.211207767535015,5.211207767535015
-5.004498818037806,5.004498818037806
-4.6627622126752355,4.6627622126752355
5.505626627792031,-5.505626627792031
-4.9922510888805895,4.9922510888805895
-5.371310274946955,5.371310274946955
-5.291047586891565,5.291047586891565
-4.95258237583237,4.95258237583237
-4.9210441813469,4.9210441813469
-4.977338473332348,4.977338473332348
-5.009151283464725,5.009151283464725
20.0,5.0
3.4139623638528427,5.0
-5.0,5.0
-5.0,5.0
-5.0,5.0
-5.0,5.0
-5.0,5.0
-25.0,5.0
-25.0,5.0
-5.000000000000001,5.000000000000001
-5.000000000000001,5.000000000000001
-5.0,5.0
-5.0,5.0
-5.000000000000001,0.0
5.0,-5.0
0.0,0.0
5.0,-5.0
0.0,0.0
5.0,-5.0
5.0,-5.0
0.0,0.0
0.0,0.0
0.0,5.0
-4.5125,5.0
-4.95246875,4.95246875
-4.95246875,5.0
-4.995365703125,5.0
-4.999499341888851,5.0
-5.0,5.0
-5.0,5.0
5.0,-5.0
-5.0,5.0
5.0,-5.0
5.0,-5.0
14.560125380870966,-5.0
-5.0,5.0
-5.031883878305842,5.031883878305842
25.0,-4.97177845751791
-5.026067224681204,5.026067224681204
19.964238352607936,5.035761647388934
25.0,-4.8653552335959525
25.0,-3.275602011854062e-12
-5.385545092521651,5.385545092521651
-5.183504503008856,5.183504503008856
0.0,0.0
-4.398392907075625,4.398392907075625
-4.964718865275902,4.964718865275902
-4.82797007069153,4.82797007069153
-5.526836964349062,5.526836964349062
-4.951431952069967,4.951431952069967
-4.798823687837164,4.798823687837164
-4.867143490886889,4.867143490886889
-5.09092308172368,5.09092308172368
-4.85091669350305,4.85091669350305
-4.856289650567563,4.856289650567563
-4.965091873337116,4.965091873337116
0.0,0.0
-4.956321450293716,4.956321450293716
-4.759637013548259,4.759637013548259
0.0,0.0
0.0,0.0
-4.884006484760922,4.884006484760922
-4.977888385081858,4.977888385081858
-9.589081082712514,5.035454069087507
-5.06257573136593,5.06257573136593
-4.888781114173943,4.888781114173943
-4.957029597577444,4.957029597577444
-4.897586881466797,4.897586881466797
-5.0362341671647695,5.0362341671647695
-4.9247401011108085,4.9247401011108085
-5.216104208379191,5.216104208379191
-5.217733199590693,5.217733199590693
-5.368300333417453,5.368300333417453
5.0455700981994545,-5.0455700981994545
-5.148632036169085,5.148632036169085
-5.33311450193742,5.33311450193742
4.297187173349709,-4.297187173349709
5.0455700981994545,-5.0455700981994545
-5.304785454851711,5.304785454851711
-4.899467700455668,4.899467700455668
5.0455700981994545,-5.0455700981994545
4.80370371885124,-4.80370371885124
4.618679097542151,-4.618679097542151
5.045570098199454,-5.045570098199454
4.981959916389643,-4.981959916389643
4.623222727039087,-4.623222727039087
-5.1166921953131315,5.1166921953131315
5.0455700981994545,-5.0455700981994545
-4.14818907173984,4.14818907173984
-4.77407703289267,4.77407703289267
-5.347385689375952,5.347385689375952
4.617557390982432,-4.617557390982432
5.0455700981994545,-5.0455700981994545
-4.900703585508746,4.900703585508746
-4.976653357994657,4.976653357994657
-5.021244845029383,5.021244845029383
-5.0,5.0
-5.0,5.0
-10.446372986375007,5.0
-25.0,5.0
-5.0,5.0
-5.0,5.0
-25.0,5.0
-25.0,5.0
-25.0,5.0
-5.0,5.0
-5.0,5.0
-5.0,5.0
-5.0,5.0
-5.0,5.0
-5.0,5.0
-5.0,0.0
0.0,0.0
0.0,0.0
0.0,0.0
0.0,0.0
0.0,0.0
0.0,0.0
15.699229564190144,5.0
-5.0,5.0
-5.0,5.0
-5.0,5.0
4.999999999999998,-4.999999999999998
25.0,-5.0
-5.0,5.0
5.0,-5.0
5.0,-5.0
4.999999999999998,-4.999999999999998
-5.0,5.0
5.0,-5.0
-5.0,5.0
25.0,-5.0
4.964022921817144,-4.964022921817144
4.966392667946533,-4.966392667946533
-5.033391898794127,5.033391898794127
-5.040285711319209,5.040285711319209
-5.148867084881302,5.148867084881302
4.606015856496945,-4.606015856496945
4.621817240869343,-4.621817240869343
-5.146687786875386,5.146687786875386
-5.100258697184709,5.100258697184709
4.956611778057098,-4.956611778057098
5.1299570183631555,-5.1299570183631555
25.0,-5.436071669453309
25.0,0.0
-4.8625323286276,4.8625323286276
-4.811283798064771,4.811283798064771
-5.009698840738912,5.009698840738912
-5.458493177701495,5.458493177701495
-5.2205045674363735,5.2205045674363735
-5.232315858227549,5.232315858227549
0.0,0.0
0.0,0.0
-5.04422322983628,5.04422322983628
-5.139327031352673,5.139327031352673
-5.075793218367581,5.075793218367581
-5.082113527546953,5.082113527546953
-4.921303503998594,4.921303503998594
-14.876608175973171,4.986759791695132
-25.0,4.889848384278032
-5.134587115041796,5.134587115041796
-5.284277585252601,5.284277585252601
-5.325422078502404,5.325422078502404
-5.1699982661121044,5.1699982661121044
-5.419905462211391,5.419905462211391
-5.329677273677895,5.329677273677895
-5.244830878271275,5.244830878271275
-5.19826482961396,5.19826482961396
4.7464188953993,-4.7464188953993
4.749616287680377,-4.749616287680377
4.602731898417396,-4.602731898417396
4.5461236648836,-4.5461236648836
4.357466790795673,-4.357466790795673
-5.413272735112725,5.413272735112725
4.482616991232909,-4.482616991232909
4.600907251539269,-4.600907251539269
4.886586614971158,-4.886586614971158
4.2832400800557355,-4.2832400800557355
-5.379480476896928,5.379480476896928
4.549402475167888,-4.549402475167888
4.998583705432543,-4.998583705432543
4.689654137332202,-4.689654137332202
-5.479293268505922,5.479293268505922
5.275537457280162,-5.275537457280162
-4.808953602189971,4.808953602189971
-5.137968486764235,5.137968486764235
4.381841384399916,-4.381841384399916
4.758212356278921,-4.758212356278921
5.182632178530671,-5.182632178530671
5.208447227810401,-5.208447227810401
5.045764235167861,-5.045764235167861
4.963376626969962,-4.963376626969962
5.0,-5.0
5.0,-5.0
5.0,-5.0
-5.0,5.0
-5.0,5.0
-5.0,5.0
-5.0,5.0
-25.0,5.0
-25.0,5.0
-25.0,0.0
0.0,0.0
0.0,0.0
0.0,0.0
0.0,0.0
0.0,0.0
0.0,0.0
0.0,0.0
0.0,0.0
5.0,-5.0
0.5401662049861491,5.0
5.0,-5.0
-5.0,5.0
-5.0,5.0
20.0,5.0
-5.0,5.0
-5.0,5.0
-5.0,5.0
-5.0,5.0
25.0,-5.0
25.0,0.0
-5.0,5.0
-5.0,5.0
-5.0,5.0
-5.0,5.0
9.722991689750685,-5.000000000000001
20.0,5.0
-5.023697476086396,5.023697476086396
-5.024343773398997,5.024343773398997
-5.0224048863920325,5.0224048863920325
-5.032961037206285,5.032961037206285
-5.146493492120151,5.146493492120151
-5.344381664852497,5.344381664852497
-5.321666594210955,5.321666594210955
-5.14246351791817,5.14246351791817
-5.047304491012009,5.047304491012009
-4.946189011351665,4.946189011351665
-4.780945809085916,4.780945809085916
-4.5356175867330215,4.5356175867330215
-5.3946936516981765,5.3946936516981765
-4.8569801257265635,4.8569801257265635
-5.047101892724953,5.047101892724953
-4.8562467325503675,4.8562467325503675
-5.531748552728724,5.531748552728724
-5.0559966517887585,5.0559966517887585
-5.039663190509241,5.039663190509241
-5.005222112857016,5.005222112857016
-5.7954210716962145,5.7954210716962145
-5.19901463262026,5.19901463262026
0.0,0.0
-25.0,0.0
4.863086475967272,-4.863086475967272
5.002664703950005,-5.002664703950005
-5.384314434157247,5.384314434157247
-24.99999999997534,5.118739006044979
-5.333156157659991,5.333156157659991
-5.357998115848554,5.357998115848554
-5.325079996659463,5.325079996659463
-5.532967298187616,5.532967298187616
-5.516606697573696,5.516606697573696
4.4942932164993845,-4.4942932164993845
-5.72808775189468,5.72808775189468
-5.517312320268182,5.517312320268182
-5.544812670933629,5.544812670933629
4.235351777780403,-4.235351777780403
-5.837512917060884,5.837512917060884
-5.895523559921276,5.895523559921276
-5.820753431345967,5.820753431345967
4.364778001254418,-4.364778001254418
-5.819483562954822,5.819483562954822
20.725013864450347,-4.236082015220038
-5.200227697753348,5.200227697753348
4.3563446108754675,-4.3563446108754675
4.102481383426433,-4.102481383426433
4.270685297731374,-4.270685297731374
4.531257621103789,-4.531257621103789
4.234992023812733,-4.234992023812733
4.359341298311422,-4.359341298311422
4.94493365934869,-4.94493365934869
5.268793017107323,-5.268793017107323
4.893736882865421,-4.893736882865421
4.516727347693806,-4.516727347693806
4.633993571486926,-4.633993571486926
5.004146716731291,-5.004146716731291
5.16461116740314,-5.16461116740314
5.083374500705674,-5.083374500705674
4.963376626969962,-4.963376626969962
5.0,-5.0
5.0,-5.0
5.0,-5.0
5.0,-5.0
-5.0,5.0
5.0,-5.0
-5.0,5.0
-5.0,5.0
-25.0,5.0
-25.0,5.0
-25.0,5.0
-5.0,5.0
-5.000000000000001,5.000000000000001
-5.0,5.0
-5.000000000000001,5.000000000000001
-5.000000000000001,0.0
0.0,0.0
0.0,0.0
5.0,-5.0
25.0,-5.0
-8.05,-5.0
-5.0,5.0
5.0,-5.0
5.0,-5.0
5.0,-5.0
-5.0,5.0
5.0,-5.0
-5.0,5.0
-5.0,5.0
-5.0,5.0
-5.0,5.0
-5.0,5.0
-5.0,5.0
-5.0,5.0
-5.0,5.0
-4.987271868466185,5.0
-5.011487138709268,5.011487138709268
-5.009425624217393,5.009425624217393
25.0,0.0
19.676260615174428,5.034002943077784
-5.161535049091837,5.161535049091837
-5.387895642897255,5.387895642897255
19.666395096566056,5.333604903398612
-5.114100388877629,5.114100388877629
-5.085205833800633,5.085205833800633
-4.99818608262617,4.99818608262617
-4.931672623182536,4.931672623182536
-4.540346142392288,4.540346142392288
25.0,0.0
-4.8877839014214555,4.8877839014214555
0.0,0.0
-4.771821943547964,4.771821943547964
-5.467479453125495,5.467479453125495
-5.374205978813043,5.374205978813043
-5.3387784179126285,5.3387784179126285
-5.075032054709668,5.075032054709668
-5.634462728529607,5.634462728529607
-5.152831059233829,5.152831059233829
0.0,0.0
-20.03887741210617,-4.961122587893829
-5.225171901806403,5.225171901806403
-24.999999999967578,5.166928365587989
-24.99999999994327,5.111579270941036
-25.0,4.973955075035342
-9.898887676165378,5.266317657350833
-5.35727734561859,5.35727734561859
-5.3933852833210185,5.3933852833210185
-5.306533101757811,5.306533101757811
4.695609012218101,-4.695609012218101
4.717490889514785,-4.717490889514785
4.5948406635791965,-4.5948406635791965
4.552985498456415,-4.552985498456415
4.492016668146077,-4.492016668146077
4.567003911396613,-4.567003911396613
4.529462638149306,-4.529462638149306
-5.6198926928389845,5.6198926928389845
4.795905893815171,-4.795905893815171
4.51780976533337,-4.51780976533337
4.384220494191373,-4.384220494191373
4.355014152342397,-4.355014152342397
4.440270162354315,-4.440270162354315
4.533602964514072,-4.533602964514072
4.33556029875383,-4.33556029875383
4.831916003684283,-4.831916003684283
4.541078904421173,-4.541078904421173
4.668786513765424,-4.668786513765424
4.833777257106492,-4.833777257106492
5.40743904051067,-5.40743904051067
-4.6044208486235085,4.6044208486235085
-4.932175332016305,4.932175332016305
-5.244668357838512,5.244668357838512
25.0,-5.072919861959235e-11
-4.9605509262162535,4.9605509262162535
5.140122493922304,-5.140122493922304
5.067900469761998,-5.067900469761998
23.632838672484002,-4.99837074206096
5.0,-5.0
5.0,-5.0
5.0,-5.0
5.0,-5.0
-5.0,5.0
-5.0,5.0
-25.0,5.0
-25.0,5.0
-5.0,5.0
-5.000000000000001,5.000000000000001
-5.000000000000001,5.000000000000001
-5.000000000000001,0.0
0.0,0.0
0.0,0.0
5.0,-5.0
0.0,0.0
0.0,5.0
-4.5125,5.0
-4.95246875,4.95246875
-4.95246875,5.0
-4.995365703125,4.995365703125
5.0,-5.0
5.0,-5.0
25.0,0.0
5.0,-5.0
-5.0,5.0
5.0,-5.0
5.0,-5.0
5.0,-5.0
-5.0,5.0
5.0,-5.0
-5.0,5.0
-5.0,5.0
-5.0,5.0
-5.0,5.0
-5.0,5.0
-5.0,5.0
-5.0,5.0
-5.0,5.0
-5.0061996047214326,5.0061996047214326
-5.162049912442196,5.162049912442196
-5.327306526588317,5.327306526588317
19.74795842147904,5.2520415785206325
24.99999999994328,-4.88315727605303
19.92430965864423,5.07569034135577
-0.37038693007395285,4.981670850920884
-4.974903058297511,4.974903058297511
-4.971131953110097,4.971131953110097
-4.81139109310776,4.81139109310776
-5.063895460394699,5.063895460394699
-5.075405693918194,5.075405693918194
-5.1321458372401345,5.1321458372401345
-5.459125587307815,5.459125587307815
-5.432467187156183,5.432467187156183
-5.352957773417309,5.352957773417309
-5.393988660151004,5.393988660151004
-5.456184440835294,5.456184440835294
0.0,0.0
-5.357916066698031,5.357916066698031
-25.0,5.495552885549969
-5.556599978126959,5.556599978126959
-5.496829065414227,5.496829065414227
-5.475981007414116,5.475981007414116
-5.440034643423479,5.440034643423479
-5.344467579780304,5.344467579780304
-5.48006831740469,5.48006831740469
-5.521987859553263,5.521987859553263
-5.646683633926074,5.646683633926074
4.089676035619327,-4.089676035619327
-5.667794249207859,5.667794249207859
-5.617746791979199,5.617746791979199
4.312618725120805,-4.312618725120805
4.320444951785895,-4.320444951785895
4.194218645182211,-4.194218645182211
3.981530837201257,-3.981530837201257
3.8879209613716625,-3.8879209613716625
3.671550408826935,-3.671550408826935
3.777150190136915,-3.777150190136915
4.064076700656729,-4.064076700656729
3.9613158199547787,-3.9613158199547787
4.664550253009285,-4.664550253009285
4.312705823449816,-4.312705823449816
-5.608062467628454,5.608062467628454
-5.907592989962938,5.907592989962938
-5.319657810104637,5.319657810104637
-5.462109651797542,5.462109651797542
-5.010987643549408,5.010987643549408
-4.879122666862978,4.879122666862978
-5.012833749436132,5.012833749436132
-5.451516475317949,5.451516475317949
-5.547150756149824,5.547150756149824
4.688445963590778,-4.688445963590778
-5.007920977655264,5.007920977655264
5.095129954683118,-5.095129954683118
-4.997566976421776,4.997566976421776
-5.059594497177433,5.059594497177433
15.531243340110839,-5.0
-5.0,5.0
-5.0,5.0
5.0,-5.0
-5.0,5.0
-5.0,5.0
-25.0,5.0
-25.0,5.0
-25.0,5.0
-25.0,0.0
0.0,0.0
5.0,-5.0
0.0,0.0
5.0,-5.0
5.0,-5.0
5.0,-5.0
5.0,-5.0
5.0,-5.0
5.0,-5.0
5.0,-5.0
10.937971231104639,-5.0
5.0,-5.0
5.0,-5.0
5.0,-5.0
5.0,-5.0
5.0,-5.0
5.0,-5.0
5.0,-5.0
5.0,-5.0
5.0,-5.0
5.0,-5.0
5.0,-5.0
-5.0,5.0
-5.0,5.0
5.0,-5.0
-5.0,5.0
4.9820416659917335,-4.9820416659917335
-5.015086504028872,5.015086504028872
4.982482071217244,-4.982482071217244
-5.036091081631451,5.036091081631451
-5.156920072829067,5.156920072829067
-5.3590190360719365,5.3590190360719365
-5.308829215677781,5.308829215677781
-5.1193925590862435,5.1193925590862435
-5.172421871789038,5.172421871789038
-4.89097624452404,4.89097624452404
19.489855521901255,4.835331141787901
-4.6758976505263625,4.6758976505263625
19.703122820945794,5.296877179036091
20.014533429146546,4.985466570853454
-5.225597295094488,5.225597295094488
-5.1959560927477515,5.1959560927477515
25.0,-3.8824055081931874e-11
-5.31984652315084,5.31984652315084
-5.311791821158904,5.311791821158904
-5.535301280946287,5.535301280946287
-5.501518489940164,5.501518489940164
0.0,0.0
-5.366550161922108,5.366550161922108
-25.0,2.8762769943568856e-11
-5.242254534944914,5.242254534944914
-5.510973076669455,5.510973076669455
-5.488953609258822,5.488953609258822
-25.0,5.525592972997696
-24.999999999999996,5.531205134893348
-24.999999999961517,5.591800325995159
-11.538853277100214,5.4389528569312215
-5.54869801378446,5.54869801378446
-5.54869801378446,5.54869801378446
-5.54869801378446,5.54869801378446
4.543053133212171,-4.543053133212171
4.322850885338104,-4.322850885338104
4.604461242051459,-4.604461242051459
-5.54869801378446,5.54869801378446
3.959689984479837,-3.959689984479837
-5.54869801378446,5.54869801378446
3.903255947604068,-3.903255947604068
-5.54869801378446,5.54869801378446
4.138340649088054,-4.138340649088054
-5.503734448151551,5.503734448151551
-5.429384663685834,5.429384663685834
-5.1714536918128875,5.1714536918128875
-5.3425949657064855,5.3425949657064855
4.818231467671978,-4.818231467671978
-5.133714238309713,5.133714238309713
-5.54869801378446,5.54869801378446
-5.54869801378446,5.54869801378446
-5.1765186489892905,5.1765186489892905
-4.546974451459773,4.546974451459773
-5.1928391717489175,5.1928391717489175
4.589020854217997,-4.589020854217997
4.574108578897605,-4.574108578897605
4.878282294217448,-4.878282294217448
5.064984662867866,-5.064984662867866
5.025813195284501,-5.025813195284501
-5.065904348048621,5.065904348048621
5.0,-5.0
5.0,-5.0
5.0,-5.0
-5.0,5.0
-5.0,5.0
-5.0,5.0
-5.0,5.0
-5.0,5.0
-5.54869801378446,5.0
-5.0,0.0
0.0,0.0
0.0,0.0
0.0,0.0
0.0,0.0
0.0,0.0
0.0,0.0
0.0,0.0
5.0,-5.0
5.0,-5.0
0.0,0.0
5.0,-5.0
5.0,-5.0
5.0,-5.0
5.0,-5.0
5.0,-5.0
5.0,-5.0
5.0,-5.0
5.0,-5.0
5.0,-5.0
5.0,-5.0
5.0,-5.0
5.0,-5.0
0.0,0.0
0.0,0.0
0.0,0.0
0.0,0.0
4.99499940813865,-4.99499940813865
0.0,0.0
0.0,0.0
10.739983089523882,-4.978783916550845
-5.199482253608168,5.199482253608168
-5.199482253608169,5.351777646284547
-5.177205179477594,5.177205179477594
-5.003013097266061,5.003013097266061
19.879309486467243,5.120690513532757
20.157292008432936,4.842707991567064
-5.178264402453458,5.178264402453458
-4.692887505010047,4.692887505010047
-5.2841980606913275,5.2841980606913275
-4.967907421494617,4.967907421494617
-4.997941828616542,4.997941828616542
19.38347452172257,4.966188807364851
19.651221052933465,5.348778947066535
-5.164306579655182,5.164306579655182
-5.270382877185497,5.270382877185497
-5.061888411943489,5.061888411943489
-5.343147219604221,5.343147219604221
0.0,0.0
0.0,0.0
-5.423873485378717,-4.718555635029624
4.747454608137801,-4.747454608137801
-4.93873326815854,4.93873326815854
-25.0,5.032360816112856
-24.99999999998136,5.102500216862214
-25.0,5.240534027373215
-25.0,5.066511566001701
-4.687863572408904,4.687863572408904
-5.064287402875266,5.064287402875266
-5.2994775059603025,5.2994775059603025
-5.2994775059603025,5.172395363601947
-4.844068745171093,4.844068745171093
-5.154007517822842,5.154007517822842
-4.9900960363847835,4.9900960363847835
-5.055722102708167,5.055722102708167
4.899081438300909,-4.899081438300909
4.592613975863513,-4.592613975863513
-4.918184373984168,4.918184373984168
5.194146593405107,-5.194146593405107
4.653836527393157,-4.653836527393157
4.996687738908192,-4.996687738908192
-5.172395363601947,5.172395363601947
5.1241107008148665,-5.1241107008148665
-5.172395363601947,5.172395363601947
5.520239265926194,-5.520239265926194
4.798911417313492,-4.798911417313492
5.0649977591745845,-5.0649977591745845
5.310870030510166,-5.310870030510166
5.112270692821007,-5.112270692821007
5.7390111762051195,-5.7390111762051195
4.978884966687035,-4.978884966687035
-5.160930572684893,5.160930572684893
-4.920050992158525,4.920050992158525
-4.871163780922305,4.871163780922305
-5.031795830790441,5.031795830790441
-5.112678873630956,5.112678873630956
-4.963364832404575,4.963364832404575
-5.0,5.0
-5.0,5.0
-5.0,5.0
-5.0,5.0
-5.0,5.0
-5.0,5.0
-5.0,5.0
-5.0,5.0
-5.172395363601947,5.0
-5.0,0.0
0.0,0.0
5.0,-5.0
5.0,-5.0
5.0,-5.0
5.0,-5.0
0.0,0.0
0.0,0.0
5.0,-5.0
25.0,-5.0
25.0,-5.0
5.2631578947368425,-5.0
25.0,-5.0
25.0,-5.0
25.0,-5.0
5.0,-5.0
5.0,-5.0
5.0,-5.0
5.0,-5.0
5.0,-5.0
5.0,-5.0
5.0,-5.0
5.0,-5.0
-20.0,-5.0
-20.0,-5.0
5.0,-5.0
-5.0,5.0
-20.021669981913874,-4.978330018086126
25.0,-4.975735430657782
25.0,-4.9730915447073905
25.0,-4.960639079744681
25.0,-4.8105076939665885
-25.0,5.228948450639383
-25.0,5.137083933806888
25.0,-4.755852812054126
25.0,-4.977422913939481
-25.0,4.930597463737051
-25.0,4.391328475215751
5.408433728673911,-5.408433728673911
16.121429582638264,-4.021222429339524
25.0,-5.556052773407714
5.00029285235263,-5.00029285235263
5.155266656709687,-5.155266656709687
25.0,-5.463100553076913
5.282629028474441,-4.795023549873412
4.975495074475888,-4.975495074475888
4.911309917465117,-4.911309917465117
4.757294194727224,-4.757294194727224
4.7669425436812,-4.7669425436812
-19.873706160633958,-5.126293839366042
-25.0,0.0
-5.050161694892081,5.050161694892081
-4.723994862561867,4.723994862561867
-5.193985019693311,5.193985019693311
-25.0,4.653483084898603
-5.405820778803469,5.405820778803469
-4.805897586906713,4.805897586906713
-5.255253644976708,5.255253644976708
-5.257549127749366,5.257549127749366
-5.289451730913928,5.289451730913928
-5.066235123479176,5.066235123479176
5.115121900801618,-5.115121900801618
5.1106559024240195,-5.1106559024240195
4.90591676368663,-4.90591676368663
5.087812787771616,-5.087812787771616
5.19815500998172,-5.19815500998172
4.249498944772188,-4.249498944772188
5.338425606565386,-5.338425606565386
4.394827555911825,-4.394827555911825
4.780570276435453,-4.780570276435453
4.656891911529103,-4.656891911529103
-4.897258053717401,4.897258053717401
-5.039339411938339,5.039339411938339
-5.6604476944996565,5.6604476944996565
-5.175373747765864,5.175373747765864
-4.8750555535863755,4.8750555535863755
-4.6621083440603135,4.6621083440603135
-5.633832212365217,5.633832212365217
-5.112464770619357,5.112464770619357
-4.493480929909223,4.493480929909223
-4.973794448044508,4.973794448044508
-5.384350725127671,5.384350725127671
-5.319194232404193,5.319194232404193
-5.149000231732047,5.149000231732047
-5.049778982940946,5.049778982940946
-5.008037463780981,5.008037463780981
-5.015711941429737,5.015711941429737
-5.0,5.0
-5.0,5.0
-5.0,5.0
-5.0,5.0
5.0,-5.0
-5.0,5.0
-5.0,5.0
-20.163098780184125,5.0
0.0,-5.0
5.0,-5.0
5.0,-5.0
0.0,0.0
0.0,0.0
5.0,-5.0
0.0,0.0
0.0,0.0
0.0,0.0
5.0,-5.0
5.0,-5.0
5.0,-5.0
0.0,0.0
5.0,-5.0
5.0,-5.0
5.0,-5.0
5.0,-5.0
5.0,-5.0
5.0,-5.0
5.0,-5.0
5.0,-5.0
0.0,0.0
5.0,-5.0
0.0,0.0
5.0,-5.0
0.0,0.0
5.0,-5.0
5.0,-5.0
4.973695621716424,-4.973695621716424
4.97390979761198,-4.97390979761198
10.802778899948192,-4.971588691737719
-5.064254671970147,5.064254671970147
-5.262649162909952,5.262649162909952
4.5301733889157,-4.5301733889157
4.66519781015109,-4.66519781015109
4.871428034412373,-4.871428034412373
4.9595201048694175,-4.9595201048694175
5.11298609829882,-5.11298609829882
19.590289727421037,4.841677959154367
5.704848907877839,-5.704848907877839
19.236369187210677,5.763630812753135
20.070946007000863,4.929053992986287
-4.87634814328074,4.87634814328074
5.032320422684908,-5.032320422684908
25.0,0.0
-4.923536503187396,4.923536503187396
-4.925046207556985,4.925046207556985
-25.0,5.190127447324194
21.949997288283438,0.0
0.0,0.0
0.0,0.0
0.0,-4.690786361646289
4.986047857527533,-4.986047857527533
5.197547215120553,-5.197547215120553
4.586737309251651,-4.8959509476348675
-20.289133632639327,-4.7108663673311675
5.218796682810909,-5.218796682810909
5.113793335710488,-5.113793335710488
-4.954674155810176,4.954674155810176
4.884667295996271,-4.884667295996271
4.727811410355724,-4.727811410355724
4.789835518971227,-4.789835518971227
-5.052693857906624,5.052693857906624
-5.237843446383428,5.237843446383428
-5.579205781390161,5.579205781390161
-4.728658410048025,4.728658410048025
-5.189251414855551,5.189251414855551
-5.3486432503945185,5.3486432503945185
4.842500344101515,-4.842500344101515
4.718353667889881,-4.718353667889881
4.55412598164866,-4.55412598164866
4.71521118542492,-4.71521118542492
4.873699849160841,-4.873699849160841
4.276720328325862,-4.276720328325862
5.174041395790864,-5.174041395790864
5.1540251899475695,-5.1540251899475695
-4.674346921581511,4.674346921581511
-5.320231523010975,5.320231523010975
4.509795456769387,-4.509795456769387
5.464097765829401,-5.464097765829401
5.554024897095218,-5.554024897095218
-5.022058598543959,5.022058598543959
-5.574676668281393,5.574676668281393
-5.490730762301743,5.490730762301743
-5.160052015627006,5.160052015627006
5.046271066182511,-5.046271066182511
5.051773862083053,-5.051773862083053
4.945922257926541,-4.945922257926541
5.0,-5.0
5.0,-5.0
5.0,-5.0
-5.0,5.0
-5.0,5.0
-5.0,5.0
-5.0,5.0
-25.0,5.0
-25.0,5.0
-25.0,0.0
0.0,0.0
0.0,0.0
0.0,0.0
0.0,0.0
0.0,0.0
0.0,0.0
0.0,0.0
0.0,0.0
0.0,0.0
10.54016620498615,-5.000000000000001
5.0,-5.0
-5.0,5.0
-5.0,5.0
-5.0,5.0
-5.0,5.0
-5.0,5.0
-5.0,5.0
-5.0,5.0
-5.0,5.0
-5.0,5.0
-5.0,5.0
5.277322162236699,-5.0
-5.0,5.0
-5.0,5.0
-5.0,5.0
5.0,-5.0
-5.064969786528496,5.064969786528496
-5.0514242360574,5.0514242360574
-5.049313640000364,5.049313640000364
-5.0848850170841855,5.0848850170841855
-5.250283251418617,5.250283251418617
19.063892778910272,5.381776748603727
-5.21826431005349,5.21826431005349
-5.078633381270234,5.078633381270234
20.004862358889348,4.995137641110652
20.22214239471024,4.777857605289761
20.395510987466828,4.604489012533172
-4.783593472058502,4.783593472058502
-5.213399111001241,5.213399111001241
-4.759157341591367,4.759157341591367
-5.170364331552895,5.170364331552895
-4.900911765504841,4.900911765504841
-5.123225201136547,5.123225201136547
-4.953872598724317,4.953872598724317
-4.970356273064015,4.970356273064015
-4.933429737298315,4.933429737298315
-4.968886330975062,4.968886330975062
-4.986652496652145,4.986652496652145
-4.928675935746579,4.928675935746579
-25.0,4.852675069913452
-5.322643768036299,5.322643768036299
-4.918315652624999,4.918315652624999
-4.823269285513975,4.823269285513975
-24.99999999998302,4.5293660726106175
-5.089686664140061,5.089686664140061
-5.068743302895877,5.068743302895877
-4.901405322702592,4.901405322702592
-4.673898806990204,4.673898806990204
4.839344607543008,-4.839344607543008
-5.230975301337498,5.230975301337498
-4.926210043199761,4.926210043199761
-5.061305862974788,5.061305862974788
4.810770044153045,-4.810770044153045
4.6909965876641895,-4.6909965876641895
4.777902416748892,-4.777902416748892
-4.998864565986249,4.998864565986249
-5.136876917488649,5.136876917488649
4.628667003749823,-4.628667003749823
4.779609039079732,-4.779609039079732
-5.436778554442414,5.436778554442414
-5.141895800911296,5.141895800911296
-5.042091845364668,5.042091845364668
5.255674620233615,-5.255674620233615
5.1860748504357606,-5.1860748504357606
5.239368298288499,-5.239368298288499
4.765570429425562,-4.765570429425562
4.310563078326593,-4.310563078326593
4.875641889438947,-4.875641889438947
5.363985179247352,-5.363985179247352
-5.155446218119866,5.155446218119866
-5.2060415112150835,5.2060415112150835
-5.274227826608383,5.274227826608383
4.951983259246737,-4.951983259246737
-4.987373740242589,4.987373740242589
-4.97636607748939,4.97636607748939
-5.005032413643143,5.005032413643143
-5.0,5.0
-5.0,5.0
-5.0,5.0
5.0,-5.0
5.0,-5.0
5.0,-5.0
-5.0,5.0
-25.0,5.0
-14.382041142541054,5.0
-25.0,0.0
0.0,0.0
0.0,0.0
0.0,0.0
0.0,0.0
5.0,-5.0
5.0,-5.0
0.0,0.0
0.0,0.0
0.0,5.0
-4.512500000000001,5.0
-4.9524687499999995,4.9524687499999995
-4.9524687499999995,4.9524687499999995
-4.9524687499999995,4.9524687499999995
25.0,-5.0
-5.0,5.0
-5.0,5.0
5.0,-5.0
14.775657894763814,-4.999999999999998
-5.0,5.0
-5.0,5.0
5.0,-5.0
5.0,-5.0
-5.0,5.0
5.0,-5.0
25.0,-5.0
-5.0,5.0
4.936935366147742,-4.936935366147742
4.926914154592282,-4.926914154592282
-5.076541490348565,5.076541490348565
-5.112940490509293,5.112940490509293
-5.25183385216167,5.25183385216167
-5.349303746056212,5.349303746056212
-5.249325909425211,5.249325909425211
-5.1100648329666125,5.1100648329666125
19.925667572085352,5.074332427914648
20.055037307848,4.944962692125028
-4.815492288339195,4.815492288339195
-4.883611386543798,4.883611386543798
0.0,0.0
0.0,0.0
-4.926471338186808,4.926471338186808
-4.740530922128437,4.740530922128437
-5.091049311186021,5.091049311186021
-5.130255551041591,5.130255551041591
-4.952236664892386,4.952236664892386
-5.110215992747765,5.110215992747765
-5.532606281925325,5.532606281925325
-5.103029118309422,5.103029118309422
-4.997405984548909,4.997405984548909
-4.942549184805085,4.942549184805085
-4.922530454372543,4.922530454372543
-4.702670288341416,4.702670288341416
0.0,0.0
-9.20184684117335,4.90700296821007
-5.126447208162784,5.126447208162784
-5.006254669858956,5.006254669858956
-5.087069927385745,5.087069927385745
-5.210175841680382,5.210175841680382
-5.008550152631617,5.008550152631617
-4.986725078592988,4.986725078592988
-5.004636408151757,5.004636408151757
-4.969290896401864,4.969290896401864
4.758829776136598,-4.758829776136598
-5.287367051343379,5.287367051343379
-5.21314665207656,5.21314665207656
-5.23310226777793,5.23310226777793
-5.3330261413137805,5.3330261413137805
4.758829776136598,-4.758829776136598
-5.340062802691939,5.340062802691939
-5.085351944403294,5.085351944403294
4.758829776136592,-4.758829776136592
4.680948722461906,-4.680948722461906
-5.091858442039621,5.091858442039621
-4.877287290480551,4.877287290480551
-4.485215424715182,4.485215424715182
-4.511741283931364,4.511741283931364
4.758829776136598,-4.758829776136598
4.758829776136598,-4.758829776136598
-4.723228649725462,4.723228649725462
-5.375943211788496,5.375943211788496
-5.369608386220953,5.369608386220953
-5.111653746323819,5.111653746323819
-4.854877142883976,4.854877142883976
-4.872572067808245,4.872572067808245
-4.996664702031315,4.996664702031315
-5.079194293720155,5.079194293720155
-5.0,5.0
-5.0,5.0
4.758829776136598,-4.758829776136598
4.758829776136598,-4.758829776136598
4.758829776136598,-4.758829776136598
-5.0,5.0
-25.0,5.0
-25.0,4.294843872963273
-25.0,0.0
-20.0,-5.0
0.0,0.0
5.0,-5.0
0.0,0.0
0.0,0.0
0.0,0.0
0.0,0.0
0.0,0.0
0.0,0.0
0.0,0.0
0.0,0.0
0.0,0.0
5.0,-5.0
0.0,0.0
0.5401662049861491,5.0
-5.0,5.0
5.0,-5.0
-5.0,5.0
-5.0,5.0
-5.0,5.0
-5.0,5.0
-4.999999999999993,4.999999999999993
-5.0,5.0
-4.999999999999993,4.999999999999993
-4.999999999999993,4.999999999999993
-5.0,5.0
9.659310129212308,-4.999999999999999
24.999999999975916,-4.936318439373906
-5.063065038181,5.063065038181
19.926186364079797,5.073813635918814
-5.113918574074314,5.113918574074314
-5.276169571036185,5.276169571036185
-5.390467410405606,5.390467410405606
19.756792274806365,5.243207725172404
19.882792472865876,5.117207527093132
-4.96189511220335,4.96189511220335
-5.003217588995047,5.003217588995047
-4.633445420046712,4.633445420046712
-4.801760416278507,4.801760416278507
-5.389451973274497,5.389451973274497
-5.0633545671485685,5.0633545671485685
0.0,0.0
0.0,0.0
0.0,0.0
-5.136385884880145,5.136385884880145
-5.29759731811874,5.29759731811874
-5.3825585823360935,5.3825585823360935
-5.636034916483052,5.636034916483052
-5.385574204191405,5.385574204191405
-5.407924392793369,5.407924392793369
-24.999999999999996,5.250294089401361
-4.863708787216613,4.863708787216613
-5.469762944099232,5.469762944099232
-5.683962981039022,5.683962981039022
-5.585216197239495,5.585216197239495
-5.725939326445648,5.725939326445648
-5.590493851059939,5.590493851059939
-5.44319921604435,5.44319921604435
-5.442865970263771,5.442865970263771
-15.610443155288202,5.360149065886832
-5.620704348281828,5.620704348281828
-5.657129121934732,5.657129121934732
-5.887362825180977,5.887362825180977
-5.86285158818375,5.86285158818375
-5.558276305386835,5.558276305386835
-5.861724359085054,5.861724359085054
3.821924411576312,-3.821924411576312
-6.038450655539892,6.038450655539892
3.9397129097698667,-3.9397129097698667
-6.0524040603069835,6.0524040603069835
-5.838063908663996,5.838063908663996
4.110170019977581,-4.110170019977581
4.185940517041939,-4.185940517041939
4.092264370744616,-4.092264370744616
4.261323489656908,-4.261323489656908
-5.74907466230337,5.74907466230337
-5.555706904680902,5.555706904680902
4.627623086096268,-4.627623086096268
4.934316499271253,-4.934316499271253
-5.1004666602239155,5.1004666602239155
-5.310242354508677,5.310242354508677
4.392477163323051,-4.392477163323051
4.542697166128374,-4.542697166128374
-4.990664384538966,4.990664384538966
5.222652282844678,-5.222652282844678
5.103004345777437,-5.103004345777437
4.965818484145132,-4.965818484145132
-4.999999999999993,4.999999999999993
-5.0,5.0
-5.0,5.0
5.0,-5.0
-4.999999999999993,4.999999999999993
-4.999999999999993,4.999999999999993
-5.0,5.0
-25.0,5.0
-25.0,5.0
-25.0,4.9999999999999964
-4.999999999999999,4.999999999999999
-4.999999999999999,4.999999999999999
-4.999999999999999,4.999999999999999
-4.999999999999999,4.999999999999999
-4.999999999999999,0.0
0.0,0.0
5.0,-5.0
5.0,-5.0
5.0,-5.0
0.0,0.0
5.0,-5.0
5.0,-5.0
5.0,-5.0
10.540166204986148,-4.999999999999999
5.0,-5.0
-5.0,5.0
5.0,-5.0
5.0,-5.0
-5.0,5.0
-5.0,5.0
-5.0,5.0
-5.0,5.0
5.0,-5.0
5.0,-5.0
5.0,-5.0
25.0,-5.0
25.0,-4.99354762324565
25.0,-4.998528242437995
25.0,-4.999806436761602
19.71487399219596,-4.702109592848375
4.702109592848384,-4.702109592848384
-0.6912359281920063,5.393345521040382
-5.148446478859443,5.148446478859443
-5.019991591098137,5.019991591098137
0.0,0.0
-4.982810702965817,4.982810702965817
-4.946115167116195,4.946115167116195
-4.763126627034657,4.763126627034657
0.0,0.0
-5.0712281298620425,5.0712281298620425
-5.086453296462212,5.086453296462212
-5.159182925778792,5.159182925778792
-5.323527374272681,5.323527374272681
-5.324814914788549,5.324814914788549
-5.43174641692622,5.43174641692622
-5.329727765462831,5.329727765462831
0.0,0.0
-5.417570848305408,5.417570848305408
-5.342691531245174,5.342691531245174
0.0,-4.658987320603952
4.666574973585224,-4.666574973585224
4.863346508659694,-4.863346508659694
4.74969076306316,-4.74969076306316
-5.5675844659398095,5.5675844659398095
-5.714848805884433,5.714848805884433
-5.731466914601526,5.731466914601526
-5.644287798730863,5.644287798730863
-25.0,5.496173934504682
-11.746794857229936,5.470406714357167
-25.0,5.439201528972035
-5.417546864707564,5.417546864707564
-5.4875051261784655,5.4875051261784655
3.9328005844121137,-3.9328005844121137
4.369093155424519,-4.369093155424519
-6.2849117873172915,6.2849117873172915
-5.833484934917605,5.833484934917605
-5.58835804855714,5.58835804855714
-5.570230235470456,5.570230235470456
-5.8409747600655635,5.8409747600655635
4.826448374523017,-4.826448374523017
-5.4198600196049505,5.4198600196049505
-5.302503226172599,5.302503226172599
4.44527705397804,-4.44527705397804
4.369006688242815,-4.369006688242815
4.764434364264499,-4.764434364264499
-4.999743123044137,4.999743123044137
-5.175087206886351,5.175087206886351
-4.667811391168845,4.667811391168845
-5.377731252122544,5.377731252122544
-5.051605759941251,5.051605759941251
-5.05276044394801,5.05276044394801
4.7898569779798255,-4.7898569779798255
-5.1336878090160365,5.1336878090160365
-5.081996213040392,5.081996213040392
-5.067338881787219,5.067338881787219
4.980300373703586,-4.980300373703586
5.0,-5.0
5.0,-5.0
5.0,-5.0
5.0,-5.0
-5.0,5.0
5.0,-5.0
-25.0,5.0
-25.0,5.0
-5.0,5.0
-5.0,5.0
-5.000000000000001,5.000000000000001
-5.0,5.0
-5.0,0.0
0.0,0.0
0.0,0.0
0.0,0.0
0.0,0.0
5.0,-5.0
5.0,-5.0
0.0,0.0
5.0,-5.0
5.0,-5.0
5.0,-5.0
10.54016620498615,-5.000000000000001
-5.0,5.0
-5.0,5.0
-5.0,5.0
-5.0,5.0
20.0,5.0
25.0,0.0
25.0,-5.0
19.7229916897507,5.0
5.0,-5.0
5.0,-5.0
5.0,-5.0
-4.70222000418123,5.0
-5.05930653498376,5.05930653498376
-5.069822143212204,5.069822143212204
4.702220004181231,-4.702220004181231
4.702220004181231,-4.702220004181231
4.702220004181225,-4.702220004181225
4.596972915878363,-4.596972915878363
4.549351214270782,-4.795998199109507
4.975513062174271,-4.975513062174271
4.949825682161687,-4.949825682161687
4.975513062174285,-4.975513062174285
-4.720149913138982,4.720149913138982
-4.456543664639218,4.456543664639218
4.57257189298044,-4.57257189298044
4.975513062174278,-4.975513062174278
4.975513062174278,-4.902772387779736
4.856641830767492,-4.856641830767492
4.733262629686889,-4.733262629686889
-5.44877477139592,5.44877477139592
-5.055904504281248,5.055904504281248
-5.288845829494694,5.288845829494694
4.90277238777974,0.0
0.0,0.0
-5.106578059643116,5.106578059643116
-25.0,5.070207564659022
-5.479226366890883,5.479226366890883
4.787722437771652,-4.787722437771652
-0.16845006177668864,-4.845607482317023
-25.0,2.0172308268229244e-11
-25.0,5.2500479419497985
-5.0668082052382,5.0668082052382
-25.000000000000004,5.083484379507972
-5.354161371340721,5.354161371340721
-5.342452957561353,5.342452957561353
-5.389682342043267,5.389682342043267
4.691064120426542,-4.691064120426542
4.50091079606257,-4.50091079606257
4.6714865619648815,-4.6714865619648815
4.609965477756804,-4.609965477756804
4.509485563439341,-4.509485563439341
4.4349243446242035,-4.4349243446242035
5.05900596217095,-5.05900596217095
4.594069401564294,-4.594069401564294
4.650204274614316,-4.650204274614316
4.580118521386455,-4.580118521386455
-5.389682342043267,5.389682342043267
-5.2384020117542835,5.2384020117542835
-5.389682342043267,5.389682342043267
4.8165715502422035,-4.8165715502422035
5.079459868674908,-5.232081071427598
4.572739778165351,-4.572739778165351
4.181196182699878,-4.181196182699878
4.914437883541909,-4.914437883541909
-4.677856100634571,4.677856100634571
-4.962961751160125,4.962961751160125
-5.092132044399245,5.092132044399245
-5.237061139290577,5.237061139290577
-5.055078174663404,5.055078174663404
-4.842980726099133,4.842980726099133
-5.095026559933283,4.907040975112246
-5.049075554469541,5.049075554469541
5.0,-5.0
-5.0,5.0
-5.0,5.0
5.0,-5.0
-5.0,5.0
-5.0,5.0
-5.0,5.0
-5.049075554469541,5.0
-5.0,5.0
-5.0,5.0
-5.0,5.0
-5.0,5.0
-5.0,5.0
-5.0,0.0
0.0,0.0
0.0,0.0
0.0,0.0
0.0,0.0
0.0,0.0
10.12453553936204,5.0
-5.0,5.0
5.0,-5.0
5.0,-5.0
25.0,-5.0
-5.0,5.0
-5.0,5.0
-5.0,5.0
20.0,5.0
-5.0,5.0
5.0,-5.0
5.0,-5.0
5.0,-5.0
4.999999999999998,-4.999999999999998
-5.0,5.0
4.999999999999998,-4.999999999999998
5.0,-5.0
4.936416577850038,-4.936416577850038
-5.060282472401379,5.060282472401379
-5.066849084353728,5.066849084353728
4.88189860559583,-4.88189860559583
-5.317825530288708,5.317825530288708
-5.387022608378345,5.387022608378345
24.999999999995993,-4.861377644620845
24.99999999999966,-4.9490733545661385
4.949073354566138,0.0
-4.985199595540608,4.985199595540608
-4.707533909525386,4.707533909525386
-4.621218834324436,4.621218834324436
-5.218060133898154,5.218060133898154
-4.9469394455052775,4.9469394455052775
-5.177762009193344,5.177762009193344
-5.1797760002649795,5.1797760002649795
-5.36172188498759,5.36172188498759
-5.211769488642428,5.211769488642428
-5.230926071847183,5.230926071847183
-5.137781351586316,5.137781351586316
0.0,0.0
0.0,0.0
0.0,0.0
-19.99966107389362,-5.00033892610638
4.681499082917707,-4.681499082917707
-5.237329692471707,5.237329692471707
-25.0,5.184272924860849
-25.0,5.238894306657414
-5.350452118589853,5.350452118589853
-5.124811905478168,5.124811905478168
-5.242536026645929,5.242536026645929
-5.079073290946493,5.079073290946493
4.913022220121764,-4.913022220121764
-5.067658360667059,5.067658360667059
4.750696180730699,-4.750696180730699
4.54962716361085,-4.54962716361085
4.695929003905135,-4.695929003905135
4.592332484162496,-4.592332484162496
-5.384487999667966,5.384487999667966
-5.372352299158573,5.372352299158573
-25.0,5.217438453796127
-5.3471202919313825,5.3471202919313825
-10.640605685314402,5.843290439552193
-5.843290439552193,5.0
-5.0,5.0
4.907449189359443,-4.907449189359443
4.713561997499445,-4.713561997499445
4.836791616667179,-4.836791616667179
4.893666825513824,-4.893666825513824
5.0269045476032,-5.0269045476032
4.5587024308058055,-4.5587024308058055
5.226781958598554,-5.226781958598554
5.18034718858207,-5.18034718858207
4.986267496792005,-4.986267496792005
4.7312183435442865,-4.7312183435442865
4.72404709000191,-4.72404709000191
5.078397805536142,-5.078397805536142
5.201016316319318,-5.201016316319318
5.105582385312202,-5.105582385312202
4.933647271094799,-4.933647271094799
-5.0,5.0
-5.0,5.0
-5.0,5.0
-5.0,5.0
-5.0,5.0
-5.0,5.0
-5.0,5.0
-4.999999999999995,4.999999999999995
-5.0,0.0
0.0,0.0
0.0,0.0
0.0,0.0
0.0,0.0
5.0,-5.0
5.0,-5.0
5.0,-5.0
0.0,5.0
-4.5125,4.5125
-4.5125,5.0
-4.947333795013851,5.0
-5.0,5.0
-5.000000000000001,5.000000000000001
25.0,-5.0
-5.0,5.0
-22.98034402111012,5.0
-5.0,5.0
-5.0,5.0
-5.0,5.0
-5.0,5.0
-5.0,5.0
-5.0,5.0
-5.0,5.0
-5.0,5.0
5.0,-5.0
5.0,-5.0
-5.0,5.0
-5.069655978889883,5.069655978889883
-5.067887168825487,5.067887168825487
4.926414204562581,-4.926414204562581
14.037362712421467,-4.876280161812096
24.999999999984905,1.509548042122333e-11
24.99999999998356,-4.639955467886672
25.0,-4.875316532999765
25.0,-4.939785706300803
-0.022397840223991494,4.9621835465247965
0.0,0.0
0.0,0.0
-4.936748941010546,4.936748941010546
-4.997996107285347,4.997996107285347
-5.0493645558374,5.0493645558374
-5.093739261028492,5.093739261028492
-5.225275409965521,5.225275409965521
0.0,0.0
-5.32373943976941,5.32373943976941
-5.349637938557761,5.349637938557761
-5.370396373639613,5.370396373639613
0.0,0.0
0.0,0.0
-5.449355426922688,5.449355426922688
-24.999999999969834,-3.0169644560373854e-11
4.506320359671159,-4.506320359671159
4.5390996264516765,-4.5390996264516765
-5.544662457873439,5.544662457873439
-25.0,5.5697896946468894
-25.0,5.386181367905259
-11.527948313781394,5.571977251229249
-5.745834352005092,5.745834352005092
-5.69624510772473,5.69624510772473
-5.884431777065439,5.884431777065439
-6.01775912207308,6.01775912207308
-5.968176189265833,5.968176189265833
4.116877222459031,-4.116877222459031
-5.706076489399102,5.706076489399102
-5.685443021484961,5.685443021484961
-5.921119108000013,5.921119108000013
-5.960333552770633,5.960333552770633
-5.969653073975209,5.969653073975209
4.0654923640768725,-4.0654923640768725
4.106773185146002,-4.106773185146002
4.58106398005938,-4.58106398005938
4.518615740450416,-4.518615740450416
-5.647701674539851,5.647701674539851
-5.988692894927302,5.988692894927302
4.511679431494816,-4.511679431494816
4.683306688818423,-4.683306688818423
4.851736553860951,-4.851736553860951
4.678557305297871,-4.678557305297871
4.957663900625705,-4.957663900625705
4.839582234505864,-4.839582234505864
-5.232522243398478,5.232522243398478
-5.237426573584051,5.237426573584051
4.982780250108027,-4.982780250108027
-4.977611311412022,4.977611311412022
-5.016038242124468,5.016038242124468
-5.054535545762168,5.054535545762168
-5.030651592764776,5.030651592764776
-5.0,5.0
5.0,-5.0
-5.0,5.0
-5.0,5.0
-5.0,5.0
-5.0,5.0
-5.0,5.0
5.0,-5.0
-25.0,0.0
0.0,0.0
5.0,-5.0
0.0,0.0
0.0,0.0
5.0,-5.0
5.0,-5.0
5.0,-5.0
0.0,0.0
5.0,-5.0
25.0,-5.0
5.263157894769064,-5.0
5.0,-5.0
25.0,-5.0
25.0,-5.0
25.0,-5.0
5.0,-5.0
5.0,-5.0
5.0,-5.0
5.0,-5.0
5.0,-5.0
5.0,-5.0
-5.0,5.0
5.0,-5.0
5.0,-5.0
-5.0,5.0
-5.0,5.0
5.0,-5.0
4.942222095176213,-4.942222095176213
-5.06255222112857,5.06255222112857
-5.063275047518134,5.063275047518134
-5.087921862847259,5.087921862847259
-5.254334753660932,5.254334753660932
4.673257798001758,-4.673257798001758
24.99999999996778,0.0
0.0,0.0
-5.024262880530075,5.024262880530075
-5.041608386523903,5.041608386523903
-5.22044334614714,5.22044334614714
-4.54606812392017,4.54606812392017
-5.332400674327886,5.332400674327886
-5.104709232453173,5.104709232453173
-5.067203934602636,5.067203934602636
-4.928629230845511,4.928629230845511
-5.338347344298736,5.338347344298736
-5.070086384375179,5.070086384375179
-4.920231184716018,4.920231184716018
-9.468982904087516,5.327821069434182
4.297517263393729,-4.297517263393729
4.588544969144975,-4.588544969144975
4.588544969144961,-4.588544969144961
-24.99999999994317,5.251936334706407
-5.421581158323962,5.421581158323962
-5.436794333125208,5.436794333125208
-5.284530044177281,5.284530044177281
-5.148501388675562,5.148501388675562
-5.454495490629181,5.454495490629181
-5.322225948515948,5.322225948515948
-24.999999999967223,5.2574563490945465
-11.96649727944076,5.282478815414256
-25.0,5.519291598237672
-25.0,5.687296701139424
-5.519924007844002,5.519924007844002
-5.770620769230227,5.770620769230227
-5.793417810128874,5.793417810128874
-5.890800684587818,5.890800684587818
-5.721080123292856,5.721080123292856
-5.890800684587818,5.890800684587818
-5.832245361597421,5.819398989215055
-5.877954312205453,5.877954312205453
-5.648013461311832,5.648013461311832
-5.869909077423197,5.869909077423197
-5.596008185122269,5.596008185122269
-5.600475445794492,5.600475445794492
-5.20653159710262,5.20653159710262
4.943124160006043,-4.943124160006043
4.685348450371777,-4.685348450371777
4.795986049523757,-4.795986049523757
4.473624404335791,-4.473624404335791
-5.630290213651948,5.630290213651948
-5.186125342220696,5.186125342220696
-4.813715924230412,4.813715924230412
4.941423218001008,-4.941423218001008
4.860761013697311,-4.860761013697311
-5.03356914764111,5.03356914764111
-5.003280940406465,5.003280940406465
-5.086096747539485,5.086096747539485
-5.120184932485635,5.120184932485635
-5.0,5.0
-5.0,5.0
-5.0,5.0
-5.877954312205453,5.0
-5.0,5.0
-5.0,5.0
-5.0,5.0
-5.0,5.0
0.0,-5.0
5.0,-5.0
5.0,-5.0
5.0,-5.0
0.0,0.0
5.0,-5.0
5.0,-5.0
0.0,0.0
0.0,0.2631578947368421
-0.23750000000000002,0.23750000000000002
25.0,0.0
-5.0,5.0
-5.0,5.0
-5.0,5.0
-5.0,5.0
-5.0,5.0
-5.0,5.0
-5.0,5.0
-5.0,5.0
5.0,-5.0
20.0,5.0
25.0,0.0
20.0,5.0
-5.0,5.0
-5.0,5.0
-5.0,5.0
5.0,-5.0
5.0,-5.0
4.936029874385243,-4.936029874385243
4.936134166547665,-4.936134166547665
4.9310486872219546,-4.9310486872219546
4.887077568686247,-4.887077568686247
4.744981279886719,-4.744981279886719
-5.215123563243637,5.215123563243637
4.964246767086748,-4.964246767086748
-4.990019983133724,4.990019983133724
4.81821000866338,-4.81821000866338
5.0000000000000036,-5.0000000000000036
4.8253659568834495,-4.8253659568834495
-4.984711388894187,4.911669671432787
-5.254903989366025,5.254903989366025
-5.348604119261193,5.348604119261193
-5.254065194588774,5.254065194588774
4.875698692696998,-4.875698692696998
4.9509062063593205,-4.9509062063593205
5.08093265092676,-5.08093265092676
5.080932650926759,-5.080932650926759
-25.0,4.270361841918202e-11
4.532656874693833,-4.532656874693833
4.404549117953961,-4.404549117953961
-24.999999999945082,5.396986609881587
-25.0,0.0
-5.243938435972526,5.243938435972526
-5.2306818178375565,5.2306818178375565
-5.286468928718827,5.286468928718827
-5.4873971999881626,5.4873971999881626
-5.412942013921395,5.412942013921395
-5.339987696161849,5.339987696161849
-5.108174862341725,5.108174862341725
-5.734387233212772,5.734387233212772
-5.7718868507374985,5.7718868507374985
-5.409215720193108,5.409215720193108
-5.370819242338452,5.370819242338452
-5.378823452545447,5.378823452545447
-5.204566204373984,5.204566204373984
4.722134871434282,-4.722134871434282
4.617843458501456,-4.617843458501456
4.899316225100861,-4.899316225100861
4.722610756507304,-4.722610756507304
4.493961233013428,-4.493961233013428
-5.825618945971874,5.825618945971874
-5.758957166909987,5.758957166909987
-5.775214259364786,5.775214259364786
4.646824480760156,-4.646824480760156
4.538566938120601,-4.538566938120601
5.174945829888531,-5.174945829888531
-5.890884627180274,5.890884627180274
-5.594728218374143,5.594728218374143
-4.7209337981001145,4.7209337981001145
-4.587049150016243,4.587049150016243
-4.488595849716655,4.488595849716655
-5.384719315157706,5.384719315157706
-5.335286279836984,5.335286279836984
-5.3326596025125115,5.3326596025125115
-5.277752863237648,5.277752863237648
-5.131575990111083,5.131575990111083
-5.050143076046384,5.050143076046384
-5.151142266814547,5.151142266814547
-5.0,5.0
-5.0,5.0
-5.0,5.0
-5.0,5.0
-5.0,5.0
5.0,-5.0
-5.0,5.0
-5.0,5.0
-5.0,5.0
-20.811444892517816,5.0
-5.000000000000001,5.000000000000001
5.0,-5.0
0.0,-5.000000000000001
5.0,-5.0
5.0,-5.0
5.0,-5.0
5.0,-5.0
5.0,-5.0
5.0,-5.0
5.0,-5.0
5.0,-5.0
5.0,-5.0
25.0,-5.0
25.0,-5.0
5.2631578947368425,-5.0
25.0,-5.0
5.0,-5.0
25.0,-5.0
5.0,-5.0
5.0,-5.0
5.0,-5.0
5.0,-5.0
5.0,-5.0
5.0,-5.0
5.0,-5.0
5.0,-5.0
4.9269225690679646,-4.9269225690679646
4.94535643929244,-4.94535643929244
4.928372699048335,-4.928372699048335
4.844876776447736,-4.844876776447736
4.691460047024513,-4.691460047024513
4.640742429690946,-4.640742429690946
4.9390313274764885,-4.9390313274764885
4.863831545368737,-4.863831545368737
4.931389869186893,-4.931389869186893
5.1647938253798165,-5.1647938253798165
4.687501924999301,-4.687501924999301
5.185319998250964,-5.185319998250964
4.986017562456571,-4.986017562456571
5.115819318581046,-5.115819318581046
4.880041617348818,-4.880041617348818
4.942771979806114,-4.942771979806114
25.0,-4.496165199425889
4.496165199425886,0.0
-5.352272347436797,5.352272347436797
-5.302164300066217,5.302164300066217
-5.563769811587882,5.563769811587882
0.0,0.0
-5.414678931323195,5.414678931323195
-25.0,5.254204678144664
-5.615378727265698,5.615378727265698
-5.455305883777404,5.455305883777404
-5.572217087207699,5.572217087207699
-5.547803046896471,5.547803046896471
-5.6704879859342,5.6704879859342
-5.665132069847104,5.665132069847104
-5.552806782783637,5.552806782783637
-5.668581921052864,5.668581921052864
-5.921424583298874,5.921424583298874
-5.635745851014292,5.635745851014292
-5.833114451445635,5.833114451445635
-5.916427790032131,5.916427790032131
-6.074619814531552,6.074619814531552
4.1486479158354435,-4.1486479158354435
-5.989727976518489,5.989727976518489
4.2621749073803965,-4.2621749073803965
4.07419841009448,-4.07419841009448
4.14712117048844,-4.14712117048844
4.327195072284546,-4.327195072284546
4.287896684921467,-4.287896684921467
-5.369405472360242,5.369405472360242
-5.860656457833654,5.860656457833654
-5.748999555773278,5.748999555773278
21.878997586543303,-4.323694729293852
-5.03965119871032,5.03965119871032
-5.308150101170391,5.308150101170391
-5.749385817928038,5.749385817928038
-5.378990075435738,5.378990075435738
-4.842968655406795,4.842968655406795
4.323694729293858,-4.323694729293858
-5.549766861756826,5.549766861756826
-1.2957672055048874,5.619461934798745
-5.276805905589854,5.276805905589854
-4.9496226105141465,4.9496226105141465
-4.888495796142347,4.888495796142347
-5.019741794826178,5.019741794826178
-5.0,5.0
-5.0,5.0
-5.0,5.0
-15.000000000000002,5.0
-25.0,5.0
-25.0,5.0
-25.0,5.0
-25.0,5.0
-5.000000000000001,0.0
5.0,-5.0
5.0,-5.0
5.0,-5.0
5.0,-5.0
0.0,0.0
5.0,-5.0
5.0,-5.0
0.0,5.0
-4.5125,5.0
-4.95246875,4.95246875
-4.5502689683222,5.0
-4.999999999999993,4.999999999999993
-4.999999999999993,4.999999999999993
5.0,-5.0
5.0,-5.0
5.0,-5.0
-4.999999999999993,4.999999999999993
5.0,-5.0
5.0,-5.0
5.0,-5.0
5.0,-5.0
5.0,-5.0
-5.0,5.0
-5.0,5.0
5.0,-5.0
-4.999999999999993,4.999999999999993
-4.999999999999993,4.999999999999993
-5.055314332236424,5.055314332236424
-5.05244487029216,5.05244487029216
-5.059060524362962,5.059060524362962
-5.124521434720472,5.124521434720472
-5.32233608372185,5.32233608372185
-5.358351006089214,5.358351006089214
-5.104966267195863,5.104966267195863
-5.085204255932352,5.085204255932352
19.945528831258937,5.054471168736377
-4.896359299945542,4.896359299945542
-4.6175360897606605,4.6175360897606605
-4.736644948130294,4.736644948130294
19.586404117463687,5.413595882536313
19.883229542411208,5.116770457579783
-5.021527803654816,5.021527803654816
-5.179520385603741,5.179520385603741
-5.387021424977135,5.387021424977135
24.325926863072745,0.0
-5.2409632075451675,5.2409632075451675
-5.171627888470917,5.171627888470917
-5.467522371142692,5.467522371142692
-5.253235235873888,5.253235235873888
-5.149628617774262,5.149628617774262
-5.294436532381745,5.294436532381745
0.0,0.0
0.0,0.0
-5.477302629884816,5.477302629884816
-5.25946718442963,5.25946718442963
-5.284853191600874,5.284853191600874
-5.38330964763702,5.38330964763702
0.0,0.0
-5.626858665718229,5.626858665718229
-5.682133916129711,5.682133916129711
-5.41032212143052,5.41032212143052
-5.557638846602021,5.557638846602021
-5.59144435891136,5.59144435891136
-25.0,5.49652295896805
4.723121985829787,-4.723121985829787
4.746001707026265,-4.746001707026265
-5.376144232207277,5.376144232207277
-5.595525988576133,5.595525988576133
-5.458905948043348,5.458905948043348
4.193069957074915,-4.193069957074915
4.611549657509174,-4.611549657509174
4.8142798543534155,-4.8142798543534155
-15.929808744187532,5.433285785219457
-5.762441731217891,5.762441731217891
-5.7258389740230875,5.7258389740230875
-4.828120283751714,4.828120283751714
4.487912948325395,-4.487912948325395
-5.634173663060846,5.634173663060846
5.338198393533174,-5.338198393533174
-4.7198804132368855,4.7198804132368855
-4.744400486296478,4.744400486296478
-5.347386004949609,5.347386004949609
-5.609987940289628,5.609987940289628
-5.363194982813094,5.363194982813094
5.022010552454854,-5.022010552454854
5.095396713039079,-5.095396713039079
-5.007152072581108,5.007152072581108
-5.0,5.0
-4.999999999999993,4.999999999999993
-4.999999999999993,4.999999999999993
-5.0,5.0
-5.0,5.0
-4.999999999999993,4.999999999999993
-25.0,5.0
-25.0,5.0
-25.0,5.0
-5.000000000000001,5.000000000000001
-5.0,5.0
-5.0,5.0
-5.0,0.0
0.0,0.0
0.0,0.0
0.0,0.0
5.0,-5.0
5.0,-5.0
5.0,-5.0
5.0,-5.0
10.694989197479824,-5.000000000000001
-5.0,5.0
-5.0,5.0
-5.0,5.0
5.0,-5.0
5.0,-5.0
5.0,-5.0
5.0,-5.0
5.0,-5.0
-5.0,5.0
5.0,-5.0
5.0,-5.0
-5.0,5.0
-5.0,5.0
-5.0,5.0
-5.0,5.0
-5.056594984371088,5.056594984371088
-5.063251359770592,5.063251359770592
-5.08158965308947,5.08158965308947
-5.139727750725541,5.139727750725541
-5.139727750725541,5.139727750725541
-5.139727750725541,5.139727750725541
5.6714936042226665,-5.133293420839636
4.947728379644903,-4.947728379644903
-5.375066863746202,5.375066863746202
-5.6254534162287255,5.6254534162287255
-4.750102271110388,4.750102271110388
-5.0215612544623385,5.0215612544623385
20.231061137337832,4.7689388626281115
20.41081062939864,4.589189370550223
-4.5765052030269615,4.5765052030269615
24.99999999999097,-0.9700314860317825
24.99999999994955,5.044853423896711e-11
-5.24236687916639,5.24236687916639
0.0,0.0
0.0,0.0
-5.348426766866604,5.348426766866604
-4.852009209499606,4.852009209499606
-5.339301639034028,5.339301639034028
-9.683968473282937,5.253214408012606
4.402246061413564,-4.402246061413564
4.909422787003132,-4.909422787003132
-19.970424436963725,-5.02957556302632
-25.0,5.094815998342252
-5.095381795424588,4.834725871515978
-25.0,5.220553796926687
-24.999999999984368,4.994765895344067
-5.318712982579019,5.318712982579019
-5.618725701459649,5.618725701459649
-5.618725701459649,5.344220801181425
-4.881166953005579,4.831335979304833
-5.29438982748068,5.29438982748068
-5.29438982748068,5.152047174272697
-5.104137412988768,5.104137412988768
-5.152047174272696,5.152047174272696
4.644565604531575,-4.644565604531575
5.345499505634933,-5.345499505634933
4.460139942021293,-4.460139942021293
-5.152047174272696,5.152047174272696
4.625179283705361,-4.625179283705361
-5.152047174272696,5.152047174272696
4.400864479948249,-4.400864479948249
4.853828176051929,-4.853828176051929
4.626198586613761,-4.626198586613761
5.24773036902123,-5.24773036902123
4.847257301389806,-4.847257301389806
-5.130567337813572,5.130567337813572
-4.93799987498234,4.93799987498234
-4.54091480612013,4.54091480612013
5.138222523557195,-5.138222523557195
4.762560487896064,-4.762560487896064
-5.152047174272696,5.152047174272696
-5.046083378750694,5.046083378750694
-4.86872648723805,4.86872648723805
-4.840256003984458,4.840256003984458
-5.033426064573212,5.033426064573212
-5.0,5.0
-5.0,5.0
-5.0,5.0
-5.0,5.0
-5.0,5.0
-5.0,5.0
-5.0,5.0
-5.0,5.0
-5.152047174272697,5.0
-5.0,5.0
-5.0,5.0
5.0,-5.0
-5.0,0.0
5.0,-5.0
0.0,0.0
0.0,0.0
0.0,5.0
-4.5125,4.5125
-4.5125,4.5125
5.540166204986149,-5.0
-4.999999999999993,4.999999999999993
-5.0,5.0
-5.0,5.0
-5.0,5.0
-5.0,5.0
-5.0,5.0
-5.0,5.0
25.0,-5.0
5.0,-5.0
-23.05,5.0
-5.0,5.0
-5.0,5.0
-5.0,5.0
-5.0,5.0
-5.0,5.0
-5.0,5.0
24.99999999994697,-4.962588277134682
25.0,-4.9418086178754095
14.550873946578315,-4.923485361764502
-5.13686560614542,5.13686560614542
-5.34536077156648,5.34536077156648
19.712521551156108,5.287478448843892
25.0,-5.1016267089828204
0.094072191235404,5.007554517747409
-5.511761379661768,5.511761379661768
-4.891140342825082,4.891140342825082
-4.810294159080024,4.810294159080024
-4.853265192649891,4.853265192649891
-5.39252502953517,5.39252502953517
-4.809585380648983,4.809585380648983
-5.0278916619987,5.0278916619987
-4.903354305601123,4.903354305601123
-4.920971520512641,4.920971520512641
-4.841681746038237,4.841681746038237
-4.6918682021016505,4.6918682021016505
-4.984685841628881,4.984685841628881
0.0,0.0
0.0,0.0
0.0,0.0
-19.724830501586588,-5.275169498397442
4.3356082659495225,-4.3356082659495225
5.148623831254032,-5.148623831254032
-25.0,5.1311843662915635e-11
-24.99999999994896,-5.1038284709647996e-11
4.956400974854992,-4.956400974854992
4.8167438534582985,-4.8167438534582985
5.203479999850543,-5.203479999850543
4.970666166394061,-4.970666166394061
-20.00000000006729,5.609150565593826
-5.484581020683352,4.977236409908873
-5.101805954819346,5.101805954819346
-4.949669788775697,4.949669788775697
-5.101805954819346,5.101805954819346
-5.077299135853297,5.077299135853297
-5.096913932006349,5.096913932006349
-5.101805954819346,5.101805954819346
-5.101805954819346,5.101805954819346
-5.101805954819346,5.101805954819346
-5.083512781136996,5.083512781136996
-4.931424582289036,4.931424582289036
-5.101805954819346,5.101805954819346
4.674440331383643,-4.674440331383643
-5.101805954819346,5.101805954819346
-4.845042605473045,4.845042605473045
-4.563741510942428,4.563741510942428
-4.997481722226313,4.997481722226313
-5.101805954819346,5.101805954819346
-5.094326859175686,5.094326859175686
-4.121723802665581,4.121723802665581
-4.487086776494378,4.487086776494378
-4.875133500279372,4.875133500279372
-5.101805954819346,5.101805954819346
-5.101805954819346,5.101805954819346
-4.941869202470139,4.941869202470139
-4.898057125660722,4.898057125660722
-5.008435481054422,5.008435481054422
-5.0,5.0
-5.0,5.0
-5.0,5.0
-5.0,5.0
-5.0,5.0
-5.0,5.0
-5.0,5.0
-5.0,5.0
-5.101805954819346,5.0
-5.0,2.437499999999998
-2.4374999999999987,2.4374999999999987
20.0,5.0
-25.0,0.0
5.0,-5.0
5.0,-5.0
0.0,0.0
0.0,0.0
0.0,0.0
5.0,-5.0
0.5401662049861491,5.0
-5.0,5.0
-5.0,5.0
5.0,-5.0
4.999999999999998,-4.999999999999998
5.0,-5.0
5.0,-5.0
5.0,-5.0
25.0,-5.0
4.999999999999998,-4.999999999999998
4.999999999999998,-4.999999999999998
-5.0,5.0
-5.0,5.0
14.722991689750693,-5.0
20.0,5.0
25.0,-5.0
25.0,-4.95012482379866
4.95012482379866,-4.95012482379866
4.950124823798669,-4.950124823798669
4.937910434505099,-4.937910434505099
4.88225496468128,-4.88225496468128
4.749893814987345,-4.749893814987345
4.854308005795649,-4.854308005795649
4.948927875110791,-4.948927875110791
4.949465464202136,-4.80737857407362
4.808037933670153,0.0
0.0,0.0
-5.2502221386078265,5.2502221386078265
-4.695701790872924,4.695701790872924
-4.9820855147046705,4.9820855147046705
-5.078993135237904,5.078993135237904
-9.3698120602986,5.108208944296552
4.7219979124676446,-4.7219979124676446
4.7219979124676446,-4.7219979124676446
4.721997912467642,-4.721997912467642
-5.096622867378491,5.061048986018928
4.7614149555253285,-4.7614149555253285
4.7614149555253285,-4.7614149555253285
4.7614149555253285,-4.7614149555253285
4.761414955525321,-4.761414955525321
4.4136411578887405,-4.508293326167541
4.866292704310704,-4.866292704310704
4.6304752407978444,-4.6304752407978444
4.866292704310716,-4.866292704310716
-25.0,0.0
-25.0,4.739861274830723
5.121605677134724,-5.121605677134724
4.960481342225139,-4.960481342225139
-19.673909977035347,4.982820170175492
4.796519369002144,-4.796519369002144
-5.288142731389462,5.288142731389462
-5.419668781969504,5.419668781969504
-5.242937436336174,5.242937436336174
-20.109610091328534,-4.890389908671466
-5.656942302330467,5.656942302330467
-5.455170818252702,5.455170818252702
-5.656942302330467,5.656942302330467
-4.872182571023513,4.872182571023513
-5.542609966815787,5.542609966815787
-4.9197900127451355,4.9197900127451355
-5.1791783037608,5.1791783037608
4.981854514788589,-4.981854514788589
4.709030990948742,-4.709030990948742
-5.407051516061285,5.407051516061285
4.390667032833093,-4.390667032833093
4.710079957780788,-4.710079957780788
-5.301382939694328,5.301382939694328
-5.497702573293623,5.497702573293623
-4.733065080578326,4.733065080578326
-4.788074617971581,4.788074617971581
-4.978377524248426,4.978377524248426
-5.047976347325314,5.047976347325314
-5.390493208551975,5.390493208551975
19.81693461773326,5.18306538226674
20.0961478769119,4.903852123043226
9.01276564535988,-5.01768786396372
4.978250870733986,-4.978250870733986
25.0,-5.0
25.0,-5.0
5.0,-5.0
5.0,-5.0
5.0,-5.0
-5.0,5.0
-25.0,5.0
-25.0,5.0
-25.0,5.0
-25.0,0.0
-5.0,5.0
-5.0,5.0
-5.0,5.0
-5.487500000000011,0.0
0.0,0.0
5.0,-5.0
5.0,-5.0
5.0,-5.0
5.0,-5.0
5.0,-5.0
5.0,-5.0
5.0,-5.0
5.0,-5.0
5.0,-5.0
5.0,-5.0
10.54016620498615,-5.000000000000001
5.0,-5.0
5.0,-5.0
5.0,-5.0
5.0,-5.0
-5.0,5.0
-5.0,5.0
25.0,0.0
25.0,0.0
5.0,-5.0
5.0,-5.0
-5.048368448825418,5.048368448825418
-5.043046700982825,5.043046700982825
4.932480269853786,-4.932480269853786
4.827860458154504,-4.827860458154504
-5.358004348428256,5.358004348428256
4.696373804973057,-4.696373804973057
4.8048268454924115,-4.8048268454924115
25.0,-4.853624631043903
25.0,-4.86901294922415
5.203681335842977,-5.203681335842977
-4.7603369559169355,4.7603369559169355
4.952263804226787,-4.952263804226787
9.445629270018744,-4.691536849763006
-0.4516963523017825,5.14323320206479
0.0,0.0
-4.815026501623157,4.815026501623157
0.0,0.0
-5.0685697373851575,5.0685697373851575
-5.054781693213732,5.054781693213732
-5.064611181446168,5.064611181446168
-5.476867769387052,5.476867769387052
-4.9440853973617624,4.9440853973617624
-5.046037778357423,5.046037778357423
-4.901951265127215,4.901951265127215
0.0,0.0
0.0,0.0
-5.0039591870863,5.0039591870863
-5.014486724245481,5.014486724245481
-15.398931174846856,5.001709778067399
-25.0,5.028907178023232
-24.999999999955698,5.13846109724102
-24.999999999996852,5.230682448984869
-24.999999999949537,5.25564369401534
-4.93197872962871,4.93197872962871
-5.2564730215829165,5.2564730215829165
-5.2564730215829165,5.2564730215829165
-5.166721980417066,5.166721980417066
4.856885453629809,-4.856885453629809
-5.121916832759391,5.121916832759391
4.688338195187303,-4.688338195187303
-5.2564730215829165,5.2564730215829165
-5.2564730215829165,5.2564730215829165
-5.2564730215829165,5.2564730215829165
5.024103515833868,-5.024103515833868
-5.2564730215829165,5.2564730215829165
4.984036391045143,-4.984036391045143
-5.2564730215829165,5.2564730215829165
-4.960697825753055,4.960697825753055
-4.8445995400602335,4.8445995400602335
-4.973808648859022,4.973808648859022
-5.2564730215829165,5.395584831702298
-4.9949785919881045,4.9949785919881045
-4.811864453591537,4.811864453591537
-5.021112508723718,5.021112508723718
-5.14801540524555,5.14801540524555
-5.2124069474272465,5.2124069474272465
20.079801319370535,4.920198680629465
24.999999999962714,3.728573005901126e-11
20.005279192242018,4.994720807757982
8.16011928279828,5.059247553527857
-5.0,5.0
-5.0,5.0
-5.0,5.0
-5.0,5.0
-5.0,5.0
-5.0,5.0
-25.0,5.0
-25.0,5.0
-25.0,5.0
-25.0,0.0
0.0,0.0
0.0,0.0
0.0,0.0
0.0,0.0
0.0,0.0
0.0,0.0
0.0,0.0
5.0,-5.0
0.0,0.0
0.0,0.0
10.54016620498615,-5.000000000000001
-5.0,5.0
-5.0,5.0
-5.0,5.0
-5.0,5.0
5.0,-5.0
5.0,-5.0
-5.0,5.0
-5.0,5.0
25.0,0.0
-5.0,5.0
-5.0,5.0
-5.0,5.0
-5.0,5.0
-5.0,5.0
-5.0,5.0
19.922263502481176,5.077736497518824
19.673503853092296,5.049487836658397
19.922579380616295,5.077420619383705
-5.159304505460548,5.159304505460548
-5.305976390382184,5.305976390382184
-5.2147832170558015,5.2147832170558015
-5.130616725090711,5.130616725090711
-5.0575284463142545,5.0575284463142545
-4.983590169895768,4.983590169895768
-4.839404566537621,4.839404566537621
-4.880958043245407,4.880958043245407
0.0,0.0
0.0,0.0
-5.090471180248503,5.090471180248503
0.0,0.0
-4.981271965819886,4.981271965819886
-5.056314118886544,5.056314118886544
-5.094472023057376,5.094472023057376
0.0,0.0
-5.048448129940812,5.048448129940812
-5.547644628921232,5.547644628921232
-5.023579663565158,5.023579663565158
-4.976627352753077,4.976627352753077
-25.0,4.850464792027868
-5.052704587410922,5.052704587410922
-5.163524588135985,5.163524588135985
-25.0,5.247412901923443
-25.0,5.209601497626732
-5.2018257627465765,5.2018257627465765
-5.041479001325003,5.041479001325003
-15.565723843664909,5.258244652086862
-4.973188862198935,4.973188862198935
-25.0,5.335696525589594
-4.930527090811797,4.930527090811797
-5.335696525589594,5.244378976796094
-5.203340516294661,5.203340516294661
-5.083048256715582,5.05896935562687
-5.220300075707382,5.220300075707382
-5.201095525306936,5.201095525306936
-5.220300075707382,5.220300075707382
-5.220300075707382,5.220300075707382
-5.220300075707382,5.220300075707382
4.438357785999861,-4.438357785999861
-5.220300075707382,5.220300075707382
-5.058143814943165,5.058143814943165
-5.220300075707382,5.220300075707382
-5.220300075707382,5.220300075707382
4.636020501078455,-4.636020501078455
5.473818065576912,-5.473818065576912
4.86179388627291,-4.86179388627291
-5.220300075707382,5.220300075707382
-5.153654706475602,5.153654706475602
-4.756666203152081,4.756666203152081
5.32602103730121,-5.32602103730121
-5.066557639755454,5.066557639755454
-5.220300075707382,5.220300075707382
-5.172425658672909,5.172425658672909
-5.056658173064834,5.056658173064834
-5.0625179024934965,5.0625179024934965
-4.901483880819544,4.901483880819544
-5.0,5.0
4.999999999999998,-4.999999999999998
-5.0,5.0
-5.0,5.0
-5.0,5.0
5.0,-5.0
-5.0,5.0
5.0,-5.0
-5.220300075707382,5.0
5.0,-5.0
5.0,-5.0
4.999999999999998,-4.999999999999998
-5.0,0.0
0.0,0.0
0.0,0.0
5.000000000000001,-5.000000000000001
5.0,-5.0
5.0,-5.0
5.0,-5.0
25.0,-5.0
5.0,-5.0
5.0,-5.0
25.0,-5.0
25.0,-5.0
5.0,-5.0
5.0,-5.0
25.0,-5.0
25.0,-5.0
5.2631578947368425,-5.0
5.0,-5.0
-5.0,5.0
5.0,-5.0
5.0,-5.0
5.0,-5.0
5.0,-5.0
-4.951182141005485,5.0
4.926804328796498,-4.926804328796498
4.951182141005492,-4.951182141005492
-5.06643354288071,5.06643354288071
-5.173032723769998,5.173032723769998
-5.349221026311673,5.349221026311673
-5.266436313045431,5.266436313045431
4.951182141005485,-4.863674389688123
-5.11049622215416,5.11049622215416
-4.934229400942238,4.934229400942238
-4.870054342288456,4.870054342288456
-4.860553050658104,4.860553050658104
-4.818940877250331,4.818940877250331
-5.247527770734173,5.247527770734173
-5.1061110106324605,5.1061110106324605
-5.009321414646511,5.009321414646511
-5.033088528963248,5.033088528963248
-4.906993501000397,4.906993501000397
-5.157886549200558,5.157886549200558
-0.2369001967260882,5.100574586414217
-5.09789725951798,5.09789725951798
-5.252614818066489,5.252614818066489
-5.094789490155161,5.094789490155161
-4.963781611518023,4.963781611518023
-5.0299132268380795,5.0299132268380795
-5.0532107675549085,5.0532107675549085
-5.005407039019344,5.005407039019344
-25.000000000000004,5.282650487483036
-24.99999999994803,4.971375575972413
-15.451967114568797,5.12707204400137
-25.0,5.070869007041686
-24.999999999981675,5.120614144708039
-5.120614144708043,5.120614144708043
5.069689392716116,-5.069689392716116
4.8370901493456095,-4.8370901493456095
4.659471410592028,-4.659471410592028
4.768265428446526,-4.768265428446526
-5.120614144708043,5.120614144708043
-5.120614144708043,5.120614144708043
-5.120614144708043,5.120614144708043
4.841825647625306,-4.841825647625306
4.755311761021169,-4.755311761021169
-5.120614144708043,5.120614144708043
-5.120614144708043,5.120614144708043
-5.065241066463244,5.065241066463244
-5.049282506686877,5.049282506686877
-5.055628692906039,5.055628692906039
-5.120614144708043,5.120614144708043
-5.120614144708043,5.120614144708043
-5.120614144708043,5.120614144708043
-5.120614144708043,5.120614144708043
-5.120614144708043,5.120614144708043
4.892142604756064,-4.892142604756064
-4.299553344621277,4.299553344621277
-4.760959267166273,4.760959267166273
-5.120614144708043,5.120614144708043
-5.120614144708043,5.120614144708043
-5.023103778492135,5.023103778492135
-4.846414798622099,4.846414798622099
5.0890193441980545,-5.0890193441980545
-5.066062909018171,5.066062909018171
5.0,-5.0
5.0,-5.0
-5.0,5.0
-5.0,5.0
-5.0,5.0
-5.0,5.0
-5.0,5.0
5.0,-5.0
5.0,-5.0
5.0,-5.0
5.0,-5.0
5.0,-5.0
5.0,-5.0
-0.12061414470804266,-5.0
5.0,-5.0
5.0,-5.0
5.0,-5.0
0.0,0.0
0.0,0.0
5.0,-5.0
0.0,0.0
5.0,-5.0
5.2631578947368425,-5.0
-0.23750000000000002,0.23750000000000002
5.0,-5.0
5.0,-5.0
5.0,-5.0
5.0,-5.0
5.0,-5.0
5.0,-5.0
-0.23750000000000002,0.23750000000000002
25.0,-5.0
25.0,-5.0
25.0,-5.0
25.0,-5.0
25.0,-5.0
4.989483617629934,-4.957506191458483
4.968022573828551,-4.968022573828551
4.9680225738285495,-4.961924329886127
4.824660604152368,-4.824660604152368
-5.241955371119164,5.241955371119164
-5.156335268001811,5.156335268001811
-5.149285431423523,5.149285431423523
-5.161709092893877,5.161709092893877
-4.708697745168163,4.708697745168163
4.961924329886126,-4.961924329886126
4.961924329886128,-4.961924329886128
-4.97103848845855,4.8180919841160925
4.630396978531197,-4.630396978531197
-5.292069098815553,5.292069098815553
5.060448764925498,-5.060448764925498
5.131394140791901,-5.131394140791901
-5.647651813902227,5.647651813902227
-5.047401687698008,5.047401687698008
5.1313941407918975,-5.1313941407918975
-24.999999999946127,5.35795267324211
19.692510078924467,5.307489921082347
-3.111543726958889,5.006979226972793
-4.96896648668365,4.96896648668365
-5.192142700690454,5.192142700690454
-5.298415285034713,5.298415285034713
-5.098543554365163,5.098543554365163
0.0,0.0
-25.0,5.328245831574957
-5.418497372558983,5.418497372558983
-5.511706469845649,5.511706469845649
-5.286153355062977,5.286153355062977
-24.999999999960245,5.391837710112725
-24.999999999986642,5.388134137687665
-5.161217744711717,5.161217744711717
-16.091326915072713,4.983109235644253
-5.088878164433769,5.088878164433769
-25.0,5.320044703406708
-5.148045700316514,5.148045700316514
-5.320044703406708,5.320044703406708
-5.320044703406708,5.320044703406708
-5.320044703406708,5.320044703406708
-5.320044703406708,5.320044703406708
-5.320044703406708,5.320044703406708
4.476777616305048,-4.476777616305048
4.576895883212906,-4.576895883212906
4.523722353349388,-4.523722353349388
4.226399584311233,-4.226399584311233
3.9858453602240456,-3.9858453602240456
4.76804326459281,-4.76804326459281
-5.126025601758569,5.126025601758569
-5.179012943165134,5.179012943165134
4.652970593281504,-4.652970593281504
4.989793716822479,-4.989793716822479
5.000370483471968,-5.000370483471968
4.704909283429677,-4.704909283429677
4.478311619846139,-4.478311619846139
4.771353790029508,-4.771353790029508
5.048739483318574,-5.048739483318574
-4.982155808736513,4.982155808736513
5.096486881956569,-5.096486881956569
20.0,5.0
-5.0,5.0
-5.0,5.0
-5.0,5.0
-5.0,5.0
-5.0,5.0
-25.0,5.0
-5.0,5.0
-5.0,5.0
-7.88254470340671,5.0
5.0,-5.0
-5.0,5.0
-5.000000000000001,5.000000000000001
-5.000000000000001,5.000000000000001
0.0,-5.000000000000001
5.0,-5.0
5.0,-5.0
5.0,-5.0
0.0,0.0
0.0,0.0
0.0,0.0
0.0,0.0
0.0,0.0
0.0,0.0
0.0,0.0
0.0,0.0
5.0,-5.0
5.0,-5.0
10.54016620498615,-5.000000000000001
-5.0,5.0
-5.0,5.0
-5.0,5.0
5.0,-5.0
5.0,-5.0
5.0,-5.0
5.206560096856696,-5.0
4.952822098401533,-4.952822098401533
-5.048675569791588,5.048675569791588
-5.068064243128496,5.068064243128496
-5.186420487413168,5.186420487413168
-5.186420487413169,5.186420487413169
19.258363662199173,5.258067930839584
-5.102993458486312,5.102993458486312
20.067881155633337,4.93211884433191
19.960283793061485,5.039716206883423
20.12684293747231,4.873157062472778
-4.9360306953698325,4.9360306953698325
-4.644511957010083,4.644511957010083
-5.418177380871954,5.418177380871954
-5.177175673340772,5.177175673340772
-4.795339754676574,4.795339754676574
-4.9727981820129905,4.9727981820129905
0.0,0.0
-5.093673621708074,5.093673621708074
-4.884048771630807,4.884048771630807
-5.099639857245586,5.099639857245586
-5.305373684146215,5.305373684146215
0.0,0.0
-5.0801784298892745,5.0801784298892745
0.0,0.0
0.0,0.0
0.0,0.0
-4.816738173132494,4.816738173132494
-5.10874920639537,5.10874920639537
-15.846887348155114,5.220649100170752
-5.235891307748341,5.235891307748341
-4.969940346985606,4.969940346985606
-24.999999999996803,5.213128348804521
-24.999999999985945,5.135729491675974
-24.99999999994372,5.277380407430332
-5.151287272909411,5.151287272909411
4.75918448092577,-4.75918448092577
4.945866495075384,-4.945866495075384
4.934248335361588,-4.934248335361588
4.868498564165112,-4.868498564165112
4.85872524804342,-4.85872524804342
4.736223972873388,-4.736223972873388
4.6494443732510256,-4.6494443732510256
4.774073877156113,-4.774073877156113
4.6511320611625155,-4.6511320611625155
4.8224576300711295,-4.8224576300711295
4.810155937818761,-4.810155937818761
4.805491128037977,-4.805491128037977
4.84445058929467,-4.84445058929467
5.129823846280386,-5.129823846280386
-5.494835271056563,5.494835271056563
4.875721414000221,-4.875721414000221
4.679737550770752,-4.679737550770752
5.823493241826062,-5.823493241826062
-4.930874852980545,4.930874852980545
5.171667650751555,-5.171667650751555
4.969669584788885,-4.969669584788885
4.828686738463965,-4.828686738463965
4.877184097895088,-4.877184097895088
-4.900290440423178,4.900290440423178
-4.9375366325789045,4.9375366325789045
-5.0,5.0
5.0,-5.0
5.0,-5.0
5.0,-5.0
-5.0,5.0
-5.0,5.0
-5.0,5.0
-5.0,5.0
-25.0,5.0
-5.0,5.0
-5.0,5.0
5.0,-5.0
-5.0,5.0
-5.0,5.0
-5.0,5.0
-5.0,0.0
0.0,5.0
-4.5125,5.0
-4.947333795013851,5.0
-5.0,5.0
-5.0,5.0
-5.0,5.0
5.0,-5.0
5.0,-5.0
-5.0,5.0
5.0,-5.0
5.0,-5.0
5.0,-5.0
-5.0,5.0
-5.0,5.0
-5.0,0.0
5.0,-5.0
5.0,-5.0
5.0,-5.0
5.0,-5.0
5.0,-5.0
0.0,0.0
25.0,-4.979511027838953
25.0,-2.1461943333633826e-11
19.84163532838725,-4.81887106767336
4.619872281534922,-4.619872281534922
4.771874486561662,-4.771874486561662
5.005173514514015,-5.005173514514015
5.345813816996161,-5.345813816996161
24.999999999966768,-4.780095338083399
25.0,0.0
-24.99999999997316,4.765269372157881
-7.147275126229776,4.819505754094303
19.490106816326296,5.5098931836191305
-4.902278830581986,4.902278830581986
-4.865063860494834,4.865063860494834
-5.042538066514039,5.042538066514039
-5.1919180122474895,5.1919180122474895
-4.943432159894153,4.943432159894153
-5.083553174564946,5.083553174564946
-4.896848439112109,4.896848439112109
-5.140886596359886,5.140886596359886
-4.98999063478373,4.98999063478373
-4.8549364707312765,4.8549364707312765
-9.860233059027275,4.933456245485402
-5.106935920168853,5.106935920168853
-4.896476062198204,4.896476062198204
-24.999999999999996,4.98555682491903
-24.999999999956902,1.3091749906379846e-11
-25.0,5.106022018861509
-25.000000000000004,4.982977325856108
-5.1257283313747575,5.1257283313747575
-5.147779356150975,5.147779356150975
-5.067608500029436,5.067608500029436
-5.008168308508036,5.008168308508036
-5.147779356150975,5.147779356150975
-5.099167127909123,5.099167127909123
-5.147779356150975,5.147779356150975
-5.007571243151169,5.007571243151169
-5.060948002449054,5.060948002449054
-5.147779356150975,5.147779356150975
-5.065229074664323,5.065229074664323
-5.147779356150975,5.147779356150975
-5.147779356150975,5.147779356150975
-5.147779356150975,5.147779356150975
-5.147779356150975,5.147779356150975
-5.00397370347447,5.00397370347447
-5.147779356150975,5.147779356150975
-5.107674993670855,5.107674993670855
-4.898546856527897,4.898546856527897
4.627179389536143,-4.627179389536143
-5.147779356150975,5.147779356150975
-5.147779356150975,5.147779356150975
-4.766460347135062,4.618680990984087
-4.250017116715094,4.250017116715094
-4.776387032053498,4.776387032053498
4.759737050397163,-4.759737050397163
4.698051710101215,-4.698051710101215
4.798538645932518,-4.798538645932518
5.053009826029545,-5.053009826029545
5.038919186168866,-5.038919186168866
-5.0,5.0
-5.0,5.0
-5.0,5.0
-5.0,5.0
-5.0,5.0
-5.0,5.0
-5.0,5.0
5.0,-5.0
-5.0,0.0
0.0,0.0
5.0,-5.0
5.0,-5.0
0.0,0.0
5.0,-5.0
0.0,0.0
0.0,0.0
0.0,0.0
0.0,0.0
5.0,-5.0
10.54016620498615,-5.000000000000001
-5.0,5.0
5.0,-5.0
5.0,-5.0
5.0,-5.0
4.999999999999998,-4.999999999999998
-5.0,5.0
4.999999999999998,-4.999999999999998
5.0,-5.0
-5.0,5.0
-5.0,5.0
4.999999999999998,-4.999999999999998
5.0,-5.0
5.0,-5.0
4.999999999999998,-4.999999999999998
4.999999999999998,-4.999999999999998
5.0,-5.0
4.972065119202963,-4.972065119202963
4.975476477818965,-4.975476477818965
4.9508599057869995,-4.9508599057869995
24.999999999962522,-4.8005299354242865
24.999999999957925,-4.667234088612172
-5.296503066467082,5.296503066467082
-5.095288412105062,5.095288412105062
-5.004430969701798,5.004430969701798
20.415780283382112,4.584219716617888
25.0,-1.6765255850259564e-11
4.239557286318846,4.951198427564637
-5.223640738428218,5.223640738428218
0.0,0.0
-4.867849744728682,4.867849744728682
-4.934033114128299,4.934033114128299
-5.142230308986498,5.142230308986498
-5.101884217085997,5.101884217085997
-5.146491184487795,5.146491184487795
-4.8141681412792465,4.8141681412792465
-5.14844142968095,5.14844142968095
-5.39348942262745,5.39348942262745
-4.971198854725136,4.971198854725136
0.0,0.0
0.0,0.0
-5.24632795969463,5.24632795969463
0.0,0.0
0.0,0.0
-0.152997682124127,-4.84700231787588
-5.18452727722747,5.18452727722747
4.9001234625125285,-4.9001234625125285
-4.990022823296627,4.990022823296627
5.026624318196804,-5.026624318196804
4.764871118204198,-4.764871118204198
4.911332007621029,-4.911332007621029
-5.112822631145091,5.112822631145091
4.526826335828336,-4.526826335828336
4.635489706189315,-4.635489706189315
4.815744116116562,-4.815744116116562
4.757390760265913,-4.757390760265913
-5.0670366805650335,5.0670366805650335
5.320192391877653,-5.320192391877653
4.602190374023955,-4.602190374023955
4.552604916627461,-4.552604916627461
4.404105421393837,-4.404105421393837
4.681342558384408,-4.681342558384408
4.465316612271867,-4.465316612271867
4.5343641281719815,-4.5343641281719815
-5.371613225656571,5.371613225656571
4.797489442420231,-4.797489442420231
-5.286928403961744,5.286928403961744
-5.056885938350943,5.056885938350943
-5.113570540709455,5.113570540709455
-4.7531481880366595,4.7531481880366595
-4.8185716560729865,4.8185716560729865
-5.028084161928771,5.028084161928771
-5.253094805597035,5.253094805597035
-5.087050046245427,5.087050046245427
-4.922137091810526,4.922137091810526
-4.817287862994278,4.817287862994278
4.967892786766326,-4.967892786766326
5.0,-5.0
5.0,-5.0
5.0,-5.0
5.0,-5.0
4.999999999999998,-4.999999999999998
5.0,-5.0
-25.0,5.0
-25.0,5.0
-25.0,0.0
-25.0,0.0
0.0,0.0
0.0,0.0
0.0,0.0
5.0,-5.0
0.0,0.0
0.0,0.0
5.0,-5.0
4.999999999999997,-4.999999999999997
25.0,-5.0
25.0,-5.0
-5.0,5.0
5.0,-5.0
25.0,-4.745543102102268
25.0,-5.0
4.999999999999998,-4.999999999999998
4.999999999999998,-4.999999999999998
25.0,-5.0
5.0,-5.0
5.0,-5.0
4.999999999999998,-4.999999999999998
4.999999999999998,-4.999999999999998
5.0,-5.0
4.999999999999998,-4.999999999999998
4.999999999999998,-4.999999999999998
4.999999999999998,-4.999999999999998
-5.0,5.0
4.932971800476966,-4.932971800476966
4.944114578063251,-4.944114578063251
4.927221417320055,-4.927221417320055
4.778158785828403,-4.778158785828403
4.633418872412915,-4.633418872412915
4.7600295871761364,-4.7600295871761364
-5.121212787933191,5.121212787933191
5.008700996839113,-5.008700996839113
-5.091561088028792,5.000066270467728
5.0483345234247015,-5.0483345234247015
5.110080296075748,-5.110080296075748
5.110080296075747,-5.110080296075747
5.009956979989395,-4.827312415192737
4.927435731279089,-4.927435731279089
4.927435731279084,-4.927435731279084
4.866369704282743,-4.866369704282743
4.8109246752444115,-4.8109246752444115
4.927435731279089,-4.738243013123517
4.738243013123517,-4.738243013123517
4.738243013123522,-4.738243013123522
4.427712224293396,-4.427712224293396
4.637051164638464,-4.637051164638464
4.668589595804171,-4.668589595804171
4.738243013123519,-4.797397926060032
4.803788623025476,-4.6518957494096735
4.633047166093027,-4.633047166093027
2.826491789253124,-4.556600079110528
-20.55024306240351,-4.44975693759649
-25.0,5.504287964343916
-25.0,5.567535236449501
-25.0,5.7053146945938735
-5.68826235652633,5.68826235652633
-5.609463614660429,5.609463614660429
-5.848693691687668,5.848693691687668
-5.848693691687668,5.848693691687668
-5.848693691687668,5.848693691687668
-5.848693691687668,5.0799721433351195
-5.0799721433351195,5.0799721433351195
-5.0799721433351195,5.0799721433351195
-5.0799721433351195,5.0799721433351195
-5.0799721433351195,5.0799721433351195
3.951515995645993,-3.951515995645993
3.9106182809950596,-3.9106182809950596
3.93472116568162,-3.93472116568162
3.953488330995058,-3.953488330995058
4.028669336470285,-4.028669336470285
3.961916672195514,-3.961916672195514
4.179198601458344,-4.179198601458344
-5.0799721433351195,5.0799721433351195
4.515941569290737,-4.515941569290737
4.255119311582888,-4.255119311582888
4.87546895507554,-4.87546895507554
4.592525615239873,-4.592525615239873
-5.0799721433351195,5.0799721433351195
-5.0799721433351195,5.0799721433351195
-5.0799721433351195,5.0799721433351195
-5.0799721433351195,5.0799721433351195
-4.949495118757183,4.949495118757183
-5.0519833043737705,5.0519833043737705
-5.0799721433351195,5.0799721433351195
-5.0,5.0
-5.0,5.0
-5.0,5.0
5.0,-5.0
-5.0,5.0
5.0,-5.0
-5.0,5.0
-4.999999999999999,4.999999999999999
-5.0,5.0
-5.0799721433351195,0.0
0.0,0.0
0.0,0.0
0.0,0.0
0.0,0.0
4.999999999999998,-4.999999999999998
5.0,-5.0
5.0,-5.0
5.0,-5.0
0.0,0.0
25.0,-5.0
5.0,-5.0
5.0,-5.0
5.0,-5.0
25.0,-5.0
5.0,-5.0
5.0,-5.0
5.0,-5.0
5.0,-5.0
5.0,-5.0
25.0,-5.0
25.0,-5.0
5.0,-5.0
-5.0,5.0
-5.0,5.0
5.0,-5.0
5.0,-5.0
4.917859396603187,-4.917859396603187
4.917765965228637,-4.917765965228637
25.0,-4.928035792120266
5.029771253182846,-4.798215380168804
4.626503115191655,-4.626503115191655
4.806340336745871,-4.806340336745871
4.842933626730998,-4.842933626730998
4.95963781384305,-4.95963781384305
-4.923086495154152,4.923086495154152
-4.959340859032895,4.959340859032895
4.959637813843049,-4.959637813843049
4.959637813843053,-4.959637813843053
4.959637813843058,-4.959637813843058
4.943117848532925,-4.943117848532925
-5.088417426896227,5.088417426896227
-5.2675212552742465,5.2675212552742465
-0.1558545704305363,5.1154923842735895
-5.046377966758431,5.046377966758431
0.0,0.0
-5.202853901717338,5.202853901717338
0.0,0.0
0.0,0.0
0.0,0.0
-25.0,5.319991055885218
-5.5178361725368905,5.5178361725368905
-5.21959129727634,5.21959129727634
-24.999999999945132,5.116508531445426
-25.0,4.865255098130277
-24.999999999992987,5.323536210335039
-4.976584434735882,4.976584434735882
-15.47187791880262,5.408887523591021
-5.282139258160556,5.282139258160556
-5.562300500646241,5.562300500646241
-5.3271589959042105,5.3271589959042105
-5.562300500646241,5.562300500646241
-5.562300500646241,5.562300500646241
-5.562300500646241,5.562300500646241
-5.562300500646241,5.562300500646241
-5.562300500646241,5.562300500646241
-5.562300500646241,5.562300500646241
-5.562300500646241,5.562300500646241
-5.562300500646241,5.562300500646241
3.899290449044649,-3.899290449044649
4.271637699024732,-4.271637699024732
4.845883293692232,-4.845883293692232
4.394604760910795,-4.394604760910795
4.092270051070422,-4.092270051070422
4.276118844937809,-4.276118844937809
5.030825865850801,-5.030825865850801
4.3682259590182415,-4.3682259590182415
4.346506286580668,-4.346506286580668
4.6480842507943105,-4.6480842507943105
5.035746290292823,-5.035746290292823
4.9496275019058125,-4.9496275019058125
4.670385209905963,-4.670385209905963
4.467098656706455,-4.467098656706455
4.676922318186909,-4.676922318186909
5.038676628367638,-5.038676628367638
5.12986534421613,-5.12986534421613
5.018591331617067,-5.018591331617067
-5.0,5.0
5.0,-5.0
-5.0,5.0
-5.0,5.0
-5.0,5.0
-5.0,5.0
-5.0,5.0
-5.0,5.0
-5.0,5.0
-5.562300500646241,5.0
-5.0,5.0
-5.0,5.0
-5.0,0.0
5.0,-5.0
5.0,-5.0
5.0,-5.0
5.0,-5.0
10.54016620498615,-5.0
5.0,-5.0
5.0,-5.0
-5.0,5.0
-5.0,5.0
5.0,-5.0
-5.0,5.0
5.0,-5.0
-5.0,5.0
-5.0,5.0
20.0,5.0
14.722991689783774,-5.0
25.0,-5.0
25.0,-5.0
5.0,-5.0
5.0,-5.0
5.0,-5.0
5.0,-5.0
-5.0,5.0
4.965047125978884,-4.965047125978884
4.965721837247608,-4.965721837247608
4.9444438545189415,-4.9444438545189415
4.8127646225140115,-4.8127646225140115
-5.34786125887532,5.34786125887532
-5.225113047319588,5.225113047319588
-5.068858487280261,5.068858487280261
-5.039825710942005,5.039825710942005
-5.031629947525906,5.031629947525906
-5.006000317492343,5.006000317492343
-4.927490009947892,4.927490009947892
-4.969147625962108,4.969147625962108
-5.011598594147134,5.011598594147134
24.999999999966924,-4.8227094578485
4.822709457848489,-8.881784197001252e-16
-5.224616492172105,5.224616492172105
-5.21976801852362,5.21976801852362
-4.845283072598804,4.845283072598804
0.0,0.0
-5.380663878106368,5.380663878106368
0.0,0.0
-5.4804571041486945,5.4804571041486945
-5.3812672549363505,5.3812672549363505
-20.30075936615037,-4.69924063384963
-5.336290435209904,5.336290435209904
-5.314715295506701,5.314715295506701
-5.161567400322397,5.161567400322397
-24.999999999966263,5.273396605598872
-5.210324792445945,5.210324792445945
-5.2999199402258075,5.2999199402258075
-5.372662192488622,5.372662192488622
-5.417121471419479,5.417121471419479
-5.638555718845991,5.638555718845991
-5.609655483443184,5.609655483443184
-5.7186546241739915,5.7186546241739915
-5.942445575662397,5.942445575662397
4.105703390452669,-4.105703390452669
4.139291156939475,-4.139291156939475
4.094939804198917,-4.094939804198917
-5.887068710533729,5.887068710533729
4.034848268651839,-4.034848268651839
4.095833508792289,-4.095833508792289
4.113495535162931,-4.113495535162931
-5.62415924866608,5.62415924866608
4.5505341222977655,-4.5505341222977655
4.323045909857422,-4.323045909857422
4.086750667829591,-4.086750667829591
4.078089433271117,-4.078089433271117
4.2952766904371895,-4.2952766904371895
4.340204911820642,-4.340204911820642
4.1403085664059365,-4.1403085664059365
4.587507994111849,-4.587507994111849
-4.744067240515902,4.744067240515902
5.139161039609695,-5.139161039609695
4.976029340675243,-4.976029340675243
4.754661679290118,-4.754661679290118
4.82496123366982,-4.82496123366982
5.131719497231081,-5.131719497231081
-4.874550635737015,4.874550635737015
-4.973547787785755,4.973547787785755
5.0,-5.0
5.0,-5.0
-5.0,5.0
-5.0,5.0
-5.0,5.0
-5.0,5.0
-5.0,5.0
-5.273396605632619,4.999999999999998
-20.0,-5.0
-25.0,0.0
0.0,0.0
0.0,0.0
0.0,0.0
0.0,0.0
5.0,-5.0
5.0,-5.0
0.0,5.0
-4.5125,4.5125
-4.5125,4.5125
-4.5125,4.5125
5.0,-5.0
-4.512500000000001,5.0
-4.9524687499999995,5.0
25.0,0.0
25.0,-5.0
25.0,0.0
-5.0,5.0
-5.0,5.0
25.0,-0.2718733552631498
5.0,-5.0
5.0,-5.0
5.0,-5.0
5.0,-5.0
-5.0,5.0
-5.0,5.0
-5.0,5.0
5.0,-5.0
5.000000000000007,-5.000000000000007
5.000000000000003,-4.987068485598742
4.84445425167488,-4.795041350199938
4.626040997019369,-4.626040997019369
-5.179987276827573,5.179987276827573
4.9376555841238075,-4.9376555841238075
-4.937905202885584,4.937905202885584
4.937655584123807,-4.937655584123807
4.937655584123805,-4.937655584123805
4.872012161249353,-4.872012161249353
-5.0468980321432735,5.0468980321432735
-5.157852467245728,5.157852467245728
-4.944746524170773,5.1556207303515516
-5.108980837458764,5.108980837458764
-5.3057927659611845,5.3057927659611845
-5.294481343840877,5.294481343840877
-5.15874364724985,5.15874364724985
4.726781377943026,-4.726781377943026
4.726781377943027,-4.726781377943027
-0.6326696390170632,5.359451016960089
-5.346242366020805,5.346242366020805
-5.486810232988283,5.486810232988283
-25.0,5.439932397558984
4.6904449649137625,-4.6904449649137625
4.581950742032319,-4.581950742032319
4.587261215512974,-4.587261215512974
-5.4252367635533325,5.4252367635533325
-24.99999999996468,5.29510681082677
-24.999999999992376,5.491430231309934
-5.5922560143542075,5.5922560143542075
-5.56852361313962,5.56852361313962
-16.659791831502172,5.725545490523144
-25.0,5.287069780959566
-5.334740337412365,5.334740337412365
-5.488985166624403,5.488985166624403
-5.47777977725246,5.47777977725246
4.401808676326555,-4.401808676326555
4.21563347346823,-4.21563347346823
-5.579292879719178,5.579292879719178
-5.579292879719178,5.579292879719178
-5.579292879719178,5.579292879719178
-5.579292879719178,5.579292879719178
4.179626519335681,-4.179626519335681
4.047230747760109,-4.047230747760109
4.250361723147282,-4.250361723147282
4.219922119451244,-4.219922119451244
4.4103020257001155,-4.4103020257001155
-5.283551134696831,5.283551134696831
-5.579292879719178,5.579292879719178
-5.579292879719178,5.579292879719178
4.824484875236314,-4.824484875236314
-5.29616713831043,5.29616713831043
-5.154603952032399,5.154603952032399
-5.121013345382694,5.121013345382694
-5.2243460455490425,5.2243460455490425
4.927452141109189,-4.927452141109189
5.117177863169484,-5.117177863169484
-4.921308829304039,4.921308829304039
4.991603512015429,-4.991603512015429
-5.0,5.0
5.0,-5.0
-5.0,5.0
-5.0,5.0
-5.0,5.0
-5.0,5.0
-5.579292879719178,5.0
-5.0,5.0
-5.0,0.0
0.0,0.0
0.0,0.0
0.0,5.0
-4.5125,4.5125
-4.5125,4.5125
5.0,-5.0
-4.5125,0.0
0.0,5.0
5.540166204986149,-5.0
-5.0,5.0
-5.0,5.0
5.0,-5.0
-5.0,5.0
-5.0,5.0
-5.0,5.0
5.0,-5.0
4.999999999999999,-4.999999999999999
5.0,-5.0
5.0,-5.0
4.999999999999999,-4.999999999999999
5.0,-5.0
4.999999999999999,-4.999999999999999
-5.0,5.0
-5.0,5.0
-5.0,5.0
-5.0,5.0
-4.922969602924041,5.0
-5.069519933361053,5.069519933361053
-5.060980363541294,5.060980363541294
-5.069519933361053,5.097231433620003
-0.7178230744817578,5.22811732824664
19.601700485369953,5.398299514630047
24.999999999971443,2.8556712550198426e-11
25.0,-4.892044461349094
-4.963277640389632,4.963277640389632
-4.9092593198494,4.9092593198494
-4.723481739797452,4.723481739797452
5.237878790632885,-5.237878790632885
-4.805758103350827,4.805758103350827
-5.234095693646548,5.234095693646548
-5.310321879069953,5.310321879069953
-5.1883861118912105,5.1883861118912105
-5.169894126805673,5.169894126805673
25.0,0.0
-5.116273744645474,5.116273744645474
-5.183744654560957,5.183744654560957
-4.916217087813596,4.916217087813596
-4.989968544627821,4.989968544627821
0.0,0.0
-5.221343993360938,5.221343993360938
0.0,-4.569664965421715
4.479178500678759,-4.479178500678759
5.063340681907712,-5.0633406819077145
4.823244670768823,-4.823244670768823
-20.094738998370225,-4.905261001629775
-25.0,5.232240751697457
-24.999999999988738,5.18613165369381
-25.000000000000018,5.3419139577571535
-5.319760687116444,5.319760687116444
-5.465017978609859,5.465017978609859
-6.190621397737961,5.324346603483269
-5.324346603483269,5.284315454091304
-5.095276104732486,5.095276104732486
4.913305605264716,-4.913305605264716
-5.284315454091304,5.284315454091304
-5.284315454091304,5.284315454091304
-5.284315454091304,5.284315454091304
-5.263651059958894,5.263651059958894
-5.284315454091304,5.284315454091304
4.534864627990159,-4.534864627990159
3.9867378025227875,-3.9867378025227875
-4.768327912030383,4.768327912030383
-5.284315454091304,5.284315454091304
4.58664332229482,-4.58664332229482
4.600639645079106,-4.600639645079106
5.403187001071737,-5.403187001071737
-5.284315454091304,5.282690249763673
-5.282690249763673,5.282690249763673
4.467199324702669,-4.467199324702669
-5.282690249763673,5.1112977792400205
-4.980790400421061,4.980790400421061
-5.057988552704485,5.057988552704485
-5.021951303500969,5.021951303500969
-5.091726690038303,5.091726690038303
-5.084932547014669,4.973634767774648
5.014108193645286,-5.014108193645286
4.998294462453602,-4.998294462453602
5.0,-5.0
-5.0,5.0
-5.0,5.0
-5.0,5.0
5.0,-5.0
-5.0,5.0
-5.0,5.0
-5.0,0.0
5.0,-5.0
5.0,-5.0
4.999999999999999,-4.999999999999999
5.0,-5.0
0.0,0.0
5.0,-5.0
5.0,-5.0
0.0,0.0
0.0,5.0
-4.5125,4.5125
-4.5125,5.0
-4.947333795013851,5.0
-5.0,5.0
-5.0,5.0
-5.0,5.0
-5.0,5.0
-5.0,5.0
25.0,-5.0
5.0,-5.0
5.0,-5.0
5.0,-5.0
5.0,-5.0
-5.0,5.0
-5.0,5.0
-5.0,5.0
5.0,-5.0
5.0,-5.0
5.0,-5.0
4.9279552148249985,-4.9279552148249985
4.925551312778203,-4.925551312778203
4.900445278609756,-4.900445278609756
4.792903082277954,-4.792903082277954
4.634058027406133,-4.634058027406133
4.813292582171089,-4.813292582171089
4.847039871140925,-4.847039871140925
-4.938333436336573,4.938333436336573
5.22755953208657,-5.22755953208657
5.480154153439082,-5.480154153439082
-4.326613785610468,4.326613785610468
-5.428668311487051,5.428668311487051
-5.42061992096824,5.42061992096824
4.674017814100932,5.216262626354432
24.99999999999831,-5.167288750702973
-5.191228168235801,5.191228168235801
19.99648640291576,5.00351359708424
19.802473612740734,5.197526387259266
-5.395408741602331,5.395408741602331
0.0,0.0
-4.858149641695146,4.858149641695146
0.0,0.0
0.0,0.0
0.0,-4.981735859093989
4.815227837615595,-4.815227837615595
-5.0188580505263225,5.0188580505263225
-24.999999999950873,-4.977351863999502e-12
-25.000000000000004,3.552713678800501e-15
-19.98965549556122,-5.010344504438784
-10.01076737318178,-5.007496767768389
4.285878275818646,-4.285878275818646
4.740503782794036,-4.740503782794036
4.874083586726355,-4.874083586726355
5.018372698243624,-5.018372698243624
5.755959217179406,-5.755959217179406
0.0,0.0
4.717388012502978,-4.717388012502978
4.471588323108241,-4.471588323108241
4.750202623532948,-4.750202623532948
4.617922351915421,-4.617922351915421
4.786709446336371,-4.786709446336371
0.0,0.0
4.807582119081644,-4.807582119081644
4.596283466333743,-4.596283466333743
4.983403981438816,-4.983403981438816
4.7276359514030695,-4.7276359514030695
4.643761522856471,-4.643761522856471
4.7574961618669676,-4.7574961618669676
0.0,0.0
0.0,0.0
4.821300737048781,-4.821300737048781
4.877009585663403,-4.877009585663403
5.638429489383648,-5.638429489383648
4.806718709559236,-4.806718709559236
5.123874967293947,-5.123874967293947
4.87392516875112,-4.87392516875112
5.004658813881322,-5.004658813881322
5.027179806724516,-5.027179806724516
0.0,0.0
5.033512719126772,-5.033512719126772
0.0,0.0
0.0,0.0
5.0,-5.0
5.0,-5.0
5.0,-5.0
5.0,-5.0
5.0,-5.0
5.0,-5.0
5.0,-5.0
5.0,-5.0
5.0,-5.0
5.0,-5.0
5.0,-5.0
5.0,-5.0
0.0,0.0
0.0,0.0
25.0,-5.0
25.0,-5.0
5.0,-5.0
5.0,-5.0
-5.0,5.0
5.0,-5.0
5.0,-5.0
5.0,-5.0
-5.0,5.0
5.0,-5.0
5.0,-5.0
5.0,-5.0
5.0,-5.0
5.0,-5.0
5.0,-5.0
25.0,-5.0
5.2631578947368425,-5.0
25.0,-5.0
25.0,-5.0
5.0,-5.0
4.919414253276109,-4.919414253276109
-5.06108457434488,5.06108457434488
-5.093697454915349,5.093697454915349
-0.20825144394197537,5.208251443941975
-5.282632697018189,5.282632697018189
-5.109072984966272,5.109072984966272
-5.158003942600535,5.158003942600535
-5.1509148959955064,5.1509148959955064
-4.899297290681507,4.899297290681507
-4.934616925391621,4.934616925391621
-5.323856833169387,5.323856833169387
-4.76588095390292,4.76588095390292
0.0,0.0
-5.20166040215091,5.20166040215091
0.0,0.0
-5.274838146058801,5.274838146058801
0.0,0.0
-5.09417917070475,5.09417917070475
0.0,0.0
-9.962945790706904,5.456782137339471
4.992979117304637,-4.992979117304637
4.836429338110259,-4.836429338110259
4.418666621022096,-4.418666621022096
-20.12727590458305,-4.872724095416949
4.701621321509366,-4.701621321509366
4.927010337990998,-4.927010337990998
4.978385729163481,-4.978385729163481
-25.0,0.0
-16.24743759745546,5.753601250822889
-4.973822534099879,4.973822534099879
-5.258098857057858,5.258098857057858
-5.217740773358429,5.217740773358429
4.223474216521495,-4.223474216521495
-5.1547446978829115,5.1547446978829115
4.491145053708616,-4.491145053708616
4.640887277998983,-4.640887277998983
-5.156496131672881,5.156496131672881
-5.331435650088295,5.331435650088295
-5.803598216266616,5.803598216266616
4.41141663185258,-4.41141663185258
4.850801824692319,-4.850801824692319
4.832788880416366,-4.832788880416366
4.4419767846851546,-4.4419767846851546
4.580349521302535,-4.580349521302535
-19.998958606935695,-5.001041393064305
5.004944408039868,-5.004944408039868
4.576668039033381,-4.576668039033381
5.242252641502975,-5.242252641502975
4.1167320585773375,-4.1167320585773375
4.914658785101006,-4.914658785101006
5.210672554614692,-5.210672554614692
-4.532963927860973,4.532963927860973
-4.999999999999998,4.999999999999998
-4.999999999999998,4.999999999999998
-4.943708602416679,4.943708602416679
4.951508952041996,-4.951508952041994
4.759364200122776,-4.759364200122776
4.981365296728607,-4.981365296728607
-5.0,5.0
-5.0,5.0
-4.999999999999999,4.999999999999999
-4.999999999999993,4.999999999999993
-4.999999999999999,4.999999999999999
-5.0,5.0
-5.0,5.0
-5.0,5.0
-5.0,5.0
-5.0,5.0
-5.0,5.0
-5.0,0.0
0.0,0.0
5.0,-5.0
0.0,0.0
5.0,-5.0
5.0,-5.0
0.0,0.0
0.0,5.0
0.2341491019964197,5.0
25.0,0.0
25.0,-5.0
25.0,0.0
25.0,-5.0
5.0,-5.0
-5.0,5.0
-5.0,5.0
5.0,-5.0
5.0,-5.0
5.0,-5.0
-5.0,5.0
-5.0,5.0
5.0,-5.0
-5.0,5.0
5.0,-5.0
-5.0,5.0
5.0,-5.0
-5.0,5.0
4.958595488850291,-4.958595488850291
4.951612267898417,-4.951612267898417
4.972748729402239,-4.972748729402239
-5.1575880263838005,5.1575880263838005
4.71840790711198,-4.71840790711198
4.8319982106216335,-4.8319982106216335
-5.09234915907447,5.09234915907447
5.000618208791812,-5.000618208791812
5.029008792740423,-5.029008792740423
5.029008792740412,-5.029008792740412
4.975479295793096,-4.975479295793096
5.029008792740418,-5.029008792740418
4.95921273612862,-4.95921273612862
4.901142765420921,-4.901142765420921
4.895146865959761,-4.895146865959761
5.029008792740423,-5.029008792740423
4.963784767254586,-4.894777644782413
4.795136525242208,-4.795136525242208
4.938226456867241,-4.938226456867241
4.652658806509523,-4.652658806509523
4.821666802489569,-4.821666802489569
4.960001670268243,-4.960001670268243
4.888154384893422,-4.888154384893422
-20.17616457534743,-4.823835424652572
4.792950862101783,-4.792950862101783
-5.374237536178626,5.374237536178626
-25.0,5.234716111453949
-24.999999999960117,5.393073496549036
-5.804842838765293,5.804842838765293
-5.2863073550070325,5.2863073550070325
-5.458409866256348,5.458409866256348
-5.176642985009694,5.176642985009694
-5.268520361468671,5.268520361468671
-24.99999999998527,5.30787239635324
-5.552327110826745,5.552327110826745
-5.845784102580723,5.845784102580723
-6.459260496993753,5.928493433189928
-5.928493433189929,0.0
0.0,0.0
0.0,0.0
0.0,0.0
4.074048828181606,-4.074048828181606
4.068381125322528,-4.068381125322528
4.052267934454795,-4.052267934454795
3.9934569968031663,-3.9934569968031663
4.1446590648254915,-4.1446590648254915
4.076892146820823,-4.076892146820823
3.9832343037955393,-3.9832343037955393
4.147412129399138,-4.147412129399138
0.0,0.0
0.0,0.0
4.112877010797467,-4.112877010797467
0.0,0.0
0.0,0.0
0.0,0.0
4.496116916656547,-4.496116916656547
0.0,0.0
4.908485059884772,-4.908485059884772
0.0,0.0
4.948807128740722,-4.948807128740722
0.0,0.0
0.0,0.0
0.0,0.0
0.0,0.0
0.0,0.0
5.0,-5.0
0.0,0.0
5.0,-5.0
0.0,0.0
0.0,0.0
0.0,0.0
0.0,0.0
0.0,0.0
0.0,0.0
0.0,0.0
0.0,0.0
0.0,5.0
5.0,-5.0
-4.512500000000001,5.0
-4.952468750000002,5.0
-4.995365703124997,4.995365703124997
-4.9948650450138485,5.000000000000002
-5.0,5.0
-5.0,5.0
-5.0,5.0
-5.0,5.0
-5.0,5.0
-5.0,5.0
-5.0,5.0
-5.0,5.0
-5.0,5.0
-5.0,5.0
-5.0,5.0
-5.0,5.0
-5.0,5.0
-5.0,5.0
-4.835725510964863,5.043289018405682
-5.036862935346955,5.036862935346955
-5.064169723486662,5.064169723486662
-5.187326065465339,5.187326065465339
19.60738061393258,5.392619386058268
19.28948943652891,5.2259387457901205
19.98720790628644,5.012792093713561
19.953642861102857,5.046357138897143
-5.065738410544867,5.065738410544867
-5.076890152395316,5.076890152395316
-4.9739557061826485,4.9739557061826485
-4.971426698904661,4.971426698904661
-4.6019871445895895,4.6019871445895895
-5.070982613557792,5.070982613557792
-5.155088673167786,5.155088673167786
-5.25781042273641,5.25781042273641
-5.235036734288293,5.235036734288293
-5.223895721942144,5.223895721942144
-5.232958997338171,5.232958997338171
-5.245268894505596,5.245268894505596
-5.225131508378457,5.225131508378457
0.0,0.0
-5.234145554284172,5.234145554284172
-5.227085540455484,5.227085540455484
-5.193354503528921,5.193354503528921
-5.298321875232579,5.298321875232579
0.0,-3.8544347445938736
4.270841822264679,-4.270841822264679
-5.70750477576548,5.70750477576548
-5.4488164271184925,5.4488164271184925
-5.370773799732014,5.370773799732014
-5.322778833561001,5.322778833561001
-5.467364584314769,5.467364584314769
-5.490549149662801,5.490549149662801
4.270841822264679,-4.270841822264679
4.228715263797865,-4.228715263797865
4.270841822264675,-4.270841822264675
3.8721012540038746,-3.8721012540038746
3.772224085369089,-3.772224085369089
3.579010958837987,-3.579010958837987
3.815829421987212,-3.815829421987212
4.0111632034856335,-4.0111632034856335
4.170435121035373,-4.170435121035373
4.270841822264679,-4.270841822264679
-20.438168340822777,-4.561831659177223
4.494458577095049,-4.494458577095049
-25.0,5.789045221553408
-5.743268738183028,5.743268738183028
-7.7226906742733625,5.788080197313817
-5.651723976357323,5.651723976357323
-5.588263376460388,5.588263376460388
4.591369984512149,-4.591369984512149
-5.252158498560127,5.252158498560127
-5.257395127805311,5.257395127805311
4.708758650883742,-4.708758650883742
4.703429558557394,-4.703429558557394
4.867185777756774,-4.867185777756774
-4.962520263615589,4.962520263615589
-4.932134070760803,4.932134070760803
-5.007391780357757,5.007391780357757
-5.0,5.0
5.0,-5.0
5.0,-5.0
5.0,-5.0
-5.0,5.0
5.0,-5.0
-5.0,5.0
-5.0,5.0
-25.0,5.0
-25.0,5.0
-5.000000000000001,5.000000000000001
-5.0,5.0
-5.000000000000001,0.0
0.0,0.0
0.0,0.0
0.0,0.0
0.0,5.0
-4.5125,5.0
-4.952468749999999,4.952468749999999
25.0,-5.0
19.775657894736845,-5.0
25.0,-5.0
25.0,-5.0
25.0,-5.0
5.0,-5.0
5.0,-5.0
5.0,-5.0
5.0,-5.0
5.0,-5.0
5.0,-5.0
5.0,-5.0
5.0,-5.0
5.0,-5.0
5.0,-5.0
5.0,-5.0
5.0,-5.0
4.9527252234527355,-4.9527252234527355
4.956253603190418,-4.956253603190418
4.91466031612632,-4.91466031612632
4.823283249648249,-4.823283249648249
4.668623164951814,-4.668623164951814
-5.187988173511181,5.187988173511181
-5.029697058883823,5.029697058883823
-5.090670622799001,5.090670622799001
4.923367986855171,-4.923367986855171
-4.9934815105647505,4.9934815105647505
-5.020822812107648,5.020822812107648
-4.905309599972776,4.905309599972776
4.999999999999997,2.6645352591003757e-15
-5.012574979038337,5.012574979038337
-5.200832968025269,5.200832968025269
-5.296992678994137,5.296992678994137
-5.295106810826773,5.295106810826773
0.0,0.0
0.0,0.0
-5.194818765292069,5.194818765292069
-5.178610902327582,5.178610902327582
0.0,0.0
-5.3139162630100945,5.3139162630100945
-24.99999999998945,5.320649342531318
-5.3101117070151584,5.3101117070151584
-5.358947361405347,5.358947361405347
-24.99999999998978,-1.0224709967587842e-11
-24.999999999965517,5.523972186701251
-24.999999999946937,5.570174694507031
-11.345569462101055,5.501466735860608
-5.486668855990464,5.486668855990464
-5.510357076893232,5.510357076893232
-5.551626537310751,5.551626537310751
-5.570693497597249,5.570693497597249
-5.570693497597249,5.570693497597249
4.217769907118342,-4.217769907118342
4.031934261513719,-4.031934261513719
4.059937636586588,-4.059937636586588
4.239375341892497,-4.239375341892497
4.163585279261477,-4.163585279261477
-5.570693497597249,5.570693497597249
4.166842630537168,-4.166842630537168
4.225059658568492,-4.225059658568492
4.225312117493171,-4.225312117493171
-5.570693497597249,5.343538846511132
4.216734194379841,-4.216734194379841
-5.343538846511133,5.343538846511133
4.3592396835942395,-4.3592396835942395
4.242370767033835,-4.242370767033835
-5.343538846511133,5.343538846511133
4.2992150496622035,-4.2992150496622035
4.612978575022865,-4.612978575022865
4.703486361815447,-4.703486361815447
-5.343538846511133,5.343538846511133
-5.343538846511133,5.343538846511133
-5.343538846511133,5.343538846511133
-5.1896562958560075,5.1896562958560075
-5.0328938200175894,5.0328938200175894
-4.971396246046872,4.971396246046872
-5.046411614799486,5.046411614799486
-5.0,5.0
5.0,-5.0
-5.0,5.0
5.0,-5.0
-5.0,5.0
5.0,-5.0
-5.0,5.0
5.0,-5.0
-5.343538846511133,5.0
-5.0,5.0
-5.0,5.0
5.0,-5.0
-5.0,5.0
-5.0,5.0
-5.0,0.0
0.0,0.0
0.0,0.0
25.0,-5.0
25.0,-5.0
25.0,0.0
4.999999999999998,-4.999999999999998
4.999999999999998,-4.999999999999998
20.263157894736842,-5.0
25.0,-5.0
4.999999999999998,-4.999999999999998
4.999999999999998,-4.999999999999998
4.999999999999998,-4.999999999999998
4.999999999999998,-4.999999999999998
4.999999999999998,-4.999999999999998
4.999999999999998,-4.999999999999998
4.999999999999998,-4.999999999999998
4.999999999999998,-4.999999999999998
4.999999999999998,-4.999999999999998
4.999999999999998,-4.999999999999998
4.999999999999998,-4.999999999999998
4.999999999999998,-4.999999999999998
4.893493128103178,-4.893493128103178
4.928811859237158,-4.928811859237158
4.904377459494291,-4.904377459494291
4.804886202924742,-4.804886202924742
4.6880844345212935,-4.6880844345212935
4.773293936865678,-4.773293936865678
4.745030686887212,-4.745030686887212
5.0,-5.052859849649606
5.058570470525875,-5.058570470525875
4.5220801080443405,-4.5220801080443405
-4.826833374383154,4.826833374383154
-5.129007911658755,4.819590958981382
5.401414739420484,-5.401414739420484
-5.126518527809004,5.126518527809004
-5.169002315654243,5.169002315654243
4.716072701505391,-4.716072701505391
5.401414739420477,-4.687621842988526
4.687621842988527,-4.687621842988527
-5.249060827554295,5.249060827554295
-5.26505283813818,5.26505283813818
-5.115501220335952,5.115501220335952
-5.151416026961,5.151416026961
-5.443411281541083,5.443411281541083
-5.28170250422086,5.28170250422086
-5.278352374290346,5.278352374290346
-5.2999843172515995,5.2999843172515995
-25.0,5.312472197960915
-25.0,5.447011345807027
-12.379781029562338,6.026982708886281
-25.0,5.477698990396561
-25.0,5.402419525940708
-5.275508424503826,5.275508424503826
-5.334557304691968,5.334557304691968
-5.483710037393207,5.483710037393207
-5.634622408799466,5.634622408799466
-5.9156091919688585,5.9156091919688585
-6.056225026132019,6.056225026132019
-6.056225026132019,6.056225026132019
-6.056225026132019,6.056225026132019
-6.056225026132019,6.056225026132019
-6.056225026132019,6.056225026132019
4.0602424807381405,-4.0602424807381405
-5.879728467298641,5.879728467298641
-5.830024354207545,5.830024354207545
-5.869266569459882,5.869266569459882
-5.88760013657018,5.88760013657018
-6.056225026132019,6.056225026132019
-5.970272860635301,5.970272860635301
-5.776234193420498,5.776234193420498
-5.643456577721347,5.643456577721347
-5.420336535825285,5.420336535825285
-5.387275777343751,5.387275777343751
-4.978109917788266,4.978109917788266
-5.358805984407532,5.358805984407532
-5.50248887893191,5.50248887893191
-5.485424233491787,5.485424233491787
-5.292265070055836,5.292265070055836
-4.9526926688250885,4.9526926688250885
-4.927832486257903,4.927832486257903
-5.056372618352996,5.056372618352996
-5.0,5.0
-5.0,5.0
-5.0,5.0
-5.0,5.0
-5.0,5.0
-5.0,5.0
-6.056225026132019,5.0
-5.0,5.0
-5.0,0.0
4.999999999999998,-4.999999999999998
4.999999999999998,-4.999999999999998
0.0,0.0
0.0,0.0
5.000000000000004,-5.000000000000004
4.999999999999998,-4.999999999999998
0.0,0.0
0.0,0.0
0.0,0.0
0.0,5.0
20.0,5.0
5.0,-5.0
-5.0,5.0
-5.0,5.0
-5.0,5.0
-5.0,5.0
-5.0,5.0
-5.0,5.0
-5.0,5.0
25.0,-5.0
5.0,-5.0
5.0,-5.0
25.0,-5.0
5.0,-5.0
25.0,-5.0
-5.0,5.0
-5.0,5.0
4.935598019849825,-4.935598019849825
4.949822255229018,-4.949822255229018
4.938248073662667,-4.938248073662667
4.862136614055678,-4.862136614055678
4.786328233360104,-4.786328233360104
4.6279225654956715,-4.6279225654956715
5.053499517450012,-5.053499517450012
4.878361187631411,-4.878361187631411
14.93354058005356,-4.850686955881592
-4.802990522389016,4.802990522389016
-4.909283934594557,4.909283934594557
5.180304270564873,-5.180304270564873
5.1803042705648705,4.440892098500626e-15
0.0,0.0
0.0,0.0
-5.284636076925649,5.284636076925649
-5.358215230523776,5.358215230523776
-5.289081878589268,5.289081878589268
-5.340444646815518,5.340444646815518
-5.368982603661401,5.368982603661401
-5.229901719760294,5.229901719760294
-5.329081470615648,5.329081470615648
-5.452331917644667,5.452331917644667
-5.438184119505571,5.438184119505571
-5.562080861381769,5.562080861381769
-5.479384153718806,5.479384153718806
-25.0,5.565210089753187
-25.0,5.604447255827029
-25.0,5.742635697429396
-17.523786427424472,5.6178730214415395
-25.0,5.737947535198074
-5.74432717222475,5.74432717222475
-5.74432717222475,5.727955210959221
-5.727955210959221,5.727955210959221
-5.727955210959221,5.727955210959221
-5.727955210959221,5.727955210959221
-5.727955210959221,5.727955210959221
-5.727955210959221,5.727955210959221
-5.727955210959221,5.727955210959221
3.924349521908436,-3.924349521908436
-5.727955210959221,5.727955210959221
3.6215218860176233,-3.6215218860176233
-5.727955210959221,5.727955210959221
-5.727955210959221,5.65930594901279
-5.65930594901279,5.65930594901279
-5.65930594901279,5.65930594901279
-5.5452746707657905,5.5452746707657905
-5.65930594901279,5.65930594901279
-5.636830793243108,5.636830793243108
-5.65930594901279,5.65930594901279
-5.500358441181261,5.500358441181261
-5.408131409111606,5.408131409111606
-5.025028777792825,5.025028777792825
-5.061295133470489,5.061295133470489
-5.171756326948848,5.171756326948848
-5.65930594901279,5.65930594901279
-5.3573696509129265,5.3573696509129265
-5.0849350716039154,5.0849350716039154
5.060370265978604,-5.060370265978604
-5.043093121127974,5.043093121127974
5.0,-5.0
-5.0,5.0
-5.0,5.0
-5.0,5.0
-5.0,5.0
-5.0,5.0
-5.65930594901279,5.0
-5.0,5.0
0.0,-5.0
5.0,-5.0
5.0,-5.0
0.0,0.0
0.0,0.0
0.0,0.0
0.0,0.0
0.0,0.0
0.0,0.0
25.0,-5.0
5.0,-5.0
5.0,-5.0
5.0,-5.0
-5.0,5.0
5.0,-5.0
5.0,-5.0
-5.0,5.0
5.0,-5.0
5.0,-5.0
5.0,-5.0
5.0,-5.0
5.0,-5.0
5.0,-5.0
5.0,-5.0
5.0,-5.0
5.0,-5.0
15.263157894793176,-4.999999999999998
5.0,-5.0
4.958955269321216,-4.958955269321216
4.9663763986453215,-4.9663763986453215
-5.049033548657444,5.049033548657444
4.815184766742407,-4.815184766742407
19.540293007677985,5.459706992322015
19.86745401536425,5.132545984635751
4.89415217779652,-4.89415217779652
24.999999999943665,-5.060705326307705
5.0433071195133445,-5.010698578080648
5.028096784875004,-5.028096784875004
-4.682543631718575,4.682543631718575
-4.899917077341598,4.899917077341598
4.623419645000343,-4.538478577496961
4.923209568879933,-4.923209568879933
4.734828506167219,-4.734828506167219
4.943155717371625,-4.943155717371625
4.943155717371628,-4.943155717371628
4.943155717371618,7.105427357601002e-15
0.0,0.0
-5.151215953263188,5.151215953263188
-5.2393468392799,5.2393468392799
-5.150883338629923,5.150883338629923
-5.245839451675373,5.245839451675373
-5.38169201707713,5.38169201707713
0.0,0.0
-5.060092797841694,5.060092797841694
-24.999999999997836,4.885451812104723
-24.999999999984343,4.810518847522989
-15.31237058335197,5.572292193737788
-24.999999999950617,5.295857244980386
-24.999999999958987,5.267707443731197
-5.5194569588333415,5.5194569588333415
-5.222589878154233,4.941038849288182
-5.23790592996729,5.23790592996729
-5.23790592996729,5.23790592996729
-5.23790592996729,5.23790592996729
-5.23790592996729,5.23790592996729
4.539980076951501,-4.539980076951501
-5.23790592996729,5.23790592996729
-5.198527386895622,5.198527386895622
5.085966050737577,-5.085966050737577
-5.23790592996729,5.23790592996729
-5.147737700428404,5.147737700428404
-5.23790592996729,5.23790592996729
4.385877887031899,-4.385877887031899
4.497819436529857,-4.497819436529857
-5.23790592996729,5.23790592996729
-5.23790592996729,5.23790592996729
-5.23790592996729,5.23790592996729
-4.9849868988965635,4.780451620740852
-5.033370651811579,5.033370651811579
-4.850066538074186,4.816695886262607
-4.976448738063869,4.976448738063869
-4.761411799788763,4.761411799788763
4.858758698850938,-4.858758698850938
4.719978872217512,-4.719978872217512
-5.0,5.0
-5.0,5.0
-4.853189612759314,4.853189612759314
-4.921578664503144,4.921578664503144
-5.0,5.0
-5.0,5.0
-5.0,5.0
5.0,-5.0
5.0,-5.0
5.0,-5.0
5.0,-5.0
5.0,-5.0
5.0,-5.0
-5.0,5.0
-5.0,5.0
-5.0,5.0
-5.0,0.0
0.0,0.0
0.0,0.0
0.0,0.0
0.0,5.0
-4.5125,4.5125
5.0,-5.0
15.363930661464108,-5.0
5.0,-5.0
5.0,-5.0
5.0,-5.0
25.0,-5.0
5.0,-5.0
5.0,-5.0
5.0,-5.0
5.0,-5.0
5.0,-5.0
5.0,-5.0
5.0,-5.0
-5.0,5.0
5.0,-5.0
5.0,-5.0
5.0,-5.0
5.0,-5.0
-5.0568546842319195,5.0568546842319195
4.939327372546964,-4.939327372546964
4.894017989961046,-4.894017989961046
-5.227076921350007,5.227076921350007
4.585860344607947,-4.585860344607947
4.856091154738033,-4.856091154738033
4.798754261632878,-4.798754261632878
4.968548036015992,-4.968548036015992
-4.979447950089074,4.979447950089074
-5.134582697010614,5.134582697010614
-4.961137735429308,4.961137735429308
25.0,-5.10077276667009
25.0,-5.717026851925766e-11
25.0,-4.6823347219584015
4.6823347219584015,-4.6823347219584015
4.6823347219584015,-4.6823347219584015
4.682334721958401,8.881784197001252e-16
-5.383863794976694,5.383863794976694
-5.3351859274144235,5.3351859274144235
-5.350270348164084,5.350270348164084
-5.355784051079107,5.355784051079107
-5.368038407283093,5.368038407283093
0.0,0.0
0.0,-4.598392129502139
4.6058989956275145,-4.6058989956275145
4.580937119449727,-4.580937119449727
4.525234582308224,-4.525234582308224
-20.545687441064246,-4.4543125588923544
-25.0,5.899179165150649
4.370487359836067,-4.370487359836067
-24.999999999973113,5.602964059644531
4.405975510878404,-4.405975510878404
4.328936407717526,-4.328936407717526
4.196920586823605,-4.196920586823605
4.049153853618861,-4.049153853618861
3.92338639111078,-3.92338639111078
-6.300778199586148,6.300778199586148
3.567116356601666,-3.567116356601666
3.510374319837789,-3.510374319837789
-6.494440071855868,6.494440071855868
-6.423071196143315,6.423071196143315
-6.427841407525154,6.427841407525154
3.7757111742662364,-3.7757111742662364
3.7812905165016755,-3.7812905165016755
3.9292510119311093,-3.9292510119311093
3.902329423350489,-3.902329423350489
3.917087540940001,-3.917087540940001
3.955167182844182,-3.955167182844182
4.15523456918036,-4.15523456918036
4.117669312335211,-4.117669312335211
4.217188620444265,-4.217188620444265
-5.694275296964907,5.694275296964907
-5.170172462770136,5.170172462770136
-5.646001363682129,5.646001363682129
-5.475923888582404,5.475923888582404
-5.439332807612868,5.439332807612868
-5.283921460381975,5.283921460381975
4.997350601372306,-4.997350601372306
5.024521335354216,-5.024521335354216
4.996683103920121,-4.996683103920121
5.0,-5.0
5.0,-5.0
-5.0,5.0
-5.0,5.0
-5.0,5.0
-6.903751095363334,5.0
-25.0,5.0
-5.000000000000001,5.000000000000001
-5.000000000000001,0.0
5.0,-5.0
5.0,-5.0
5.0,-5.0
0.0,0.0
0.0,0.0
0.0,0.0
0.0,0.0
5.0,-5.0
0.0,0.0
0.0,0.0
0.5401662049861491,5.0
-5.0,5.0
-5.0,5.0
-5.0,5.0
-5.0,5.0
-4.999999999999998,4.999999999999998
-5.0,5.0
-5.0,5.0
-5.0,5.0
-5.0,5.0
-5.0,5.0
-5.0,5.0
-5.0,5.0
-5.000000000000004,5.000000000000004
-5.0,5.0
-5.0,5.0
-5.0,5.0
-5.0,5.0
-5.000000000000003,5.000000000000003
18.93087418611372,-4.9567765420213235
25.0,-4.780905366349586
25.0,-4.622033803290673
24.999999999989008,-4.848166784665967
-5.05331332899306,5.05331332899306
20.167414348993518,4.832585650981997
0.0,0.0
0.0,0.0
0.0,0.0
0.0,0.0
-4.71768906977066,4.71768906977066
-5.00257508103174,5.00257508103174
-5.138902269211899,5.138902269211899
-5.270704762314468,5.270704762314468
0.0,0.0
-5.3330311904922745,5.3330311904922745
-5.352064068823939,5.352064068823939
-5.341416613675536,5.341416613675536
-5.263767822211557,5.263767822211557
-5.289097026124754,5.289097026124754
-5.390161382852849,5.390161382852849
0.0,-4.08369041881017
4.524864729983566,-4.524864729983566
4.5248647299835625,-4.5248647299835625
-5.393028053942595,5.393028053942595
-25.0,5.436281841508109
-5.7119101840011535,5.7119101840011535
-5.600997404621268,5.600997404621268
-24.999999999999996,5.539100787762731
-12.639062775054423,5.585170754633051
-24.999999999968036,5.70403346555112
-25.0,5.771948703174047
4.069157436515923,-4.069157436515923
3.9127111654806654,-3.9127111654806654
3.7345685744583665,-3.7345685744583665
3.6335850045861697,-3.6335850045861697
3.5710288387868996,-3.5710288387868996
3.627584687093824,-3.627584687093824
3.585867743232308,-3.585867743232308
-6.313782358796438,6.313782358796438
-6.313782358796438,6.313782358796438
-6.182859053899072,6.182859053899072
-6.313782358796438,5.0
3.9263616195381417,-3.9263616195381417
3.884918593609905,-3.884918593609905
3.8229676980825538,-3.8229676980825538
3.9966569136734904,-3.9966569136734904
-5.0,5.0
4.338999420455293,-4.338999420455293
4.533815661158114,-4.533815661158114
4.81664034529918,-4.81664034529918
4.500737230551852,-4.500737230551852
4.461174708038827,-4.461174708038827
4.355050127739166,-4.355050127739166
4.54117105192868,-4.54117105192868
-5.0,5.0
-4.939760775981987,4.939760775981987
-5.0,5.0
5.0,-5.0
5.0,-5.0
5.0,-5.0
5.0,-5.0
-5.0,5.0
-5.0,5.0
-5.0,5.0
5.0,-5.0
5.0,-5.0
-5.0,5.0
-5.0,5.0
-5.0,5.0
-5.0,0.0
5.0,-5.0
0.0,0.0
5.0,-5.0
25.0,0.0
25.0,0.0
25.0,0.0
25.0,0.0
5.0,-5.0
5.0,-5.0
5.0,-5.0
5.261295379020016,-5.0
5.0,-5.0
5.0,-5.0
5.0,-5.0
5.0,-5.0
5.0,-5.0
5.0,-5.0
5.0,-5.0
5.0,-5.0
5.0,-5.0
5.0,-5.0
5.0,-5.0
5.0,-5.0
4.929748255029158,-4.929748255029158
4.914158423346301,-4.914158423346301
4.9031185277026585,-4.9031185277026585
4.765586237693385,-4.765586237693385
4.594582761008951,-4.594582761008951
4.849968394667219,-4.849968394667219
4.9193633571624265,-4.9193633571624265
4.884891668865584,-4.884891668865584
5.00186251571683,-5.00186251571683
4.9862794885909265,-4.9862794885909265
5.001862515716825,-5.001862515716825
5.001862515716827,-5.001862515716827
5.001862515716827,-5.001862515716827
5.001862515716828,-4.975771516998412
-5.300365530227866,5.300365530227866
-5.271343483393908,5.271343483393908
-0.30053341541277945,5.276304932411192
0.0,0.0
-5.316009147495693,5.316009147495693
-5.334165993358717,5.334165993358717
-5.35153769196598,5.35153769196598
-5.296654384035065,5.296654384035065
-5.321226211174217,5.321226211174217
-5.322792718801859,5.322792718801859
-5.34026792556824,5.34026792556824
0.0,0.0
-16.764675891779348,5.438449201376491
-25.0,5.555307388432595
-24.999999999957534,5.9202392886474975
-25.0,5.658406564093617
-24.999999999980872,5.6025942073198784
-5.581810526345551,5.581810526345551
-5.664721824094498,5.664721824094498
4.201817027667785,-4.201817027667785
3.979235354428601,-3.979235354428601
3.784658949704225,-3.784658949704225
3.526260928820621,-3.526260928820621
-6.410320758152325,6.410320758152325
3.362142431064324,-3.362142431064324
-6.410320758152325,6.410320758152325
-6.410320758152325,6.410320758152325
3.5261523714830094,-3.5261523714830094
3.42670880105136,-3.42670880105136
3.53570352375098,-3.53570352375098
-6.410320758152325,6.410320758152325
3.725640995734352,-3.725640995734352
3.8207233382421464,-3.8207233382421464
3.924501628410555,-3.924501628410555
-5.9791802426453415,5.9791802426453415
-5.883557006891422,5.883557006891422
-5.7513152352599075,5.7513152352599075
-5.660881923850107,5.660881923850107
-5.335279968363868,5.335279968363868
4.392039778236041,-4.392039778236041
4.482772569045244,-4.482772569045244
4.343227791870035,-4.343227791870035
4.482075151265814,-4.482075151265814
-5.152121176294996,5.152121176294996
-4.934094493204361,4.934094493204361
-5.022625763296936,5.022625763296936
-5.0,5.0
5.0,-5.0
-5.0,5.0
-5.0,5.0
-5.0,5.0
-5.0,5.0
-5.0,5.0
-6.410320758152325,0.0
0.0,0.0
0.0,0.0
0.0,0.0
0.0,0.0
0.0,0.0
5.0,-5.0
0.0,0.0
0.0,0.0
20.0,5.0
25.0,0.0
25.0,0.0
25.0,0.0
5.0,-5.0
5.0,-5.0
5.0,-5.0
5.2631578947368425,-5.000000000000001
-5.0,5.0
-5.0,5.0
5.0,-5.0
5.0,-5.0
5.0,-5.0
5.0,-5.0
5.0,-5.0
5.0,-5.0
5.0,-5.0
5.0,-5.0
5.0,-5.0
5.0,-5.0
4.931000811246775,-4.931000811246775
4.944283074672124,-4.944283074672124
4.92025741184532,-4.92025741184532
4.802992425692628,-4.802992425692628
4.654043898731758,-4.654043898731758
4.877567835460602,-4.877567835460602
4.91727615300263,-4.91727615300263
4.973189177772587,-4.973189177772587
5.0,-5.0
4.918735365587285,-4.918735365587285
4.952191853433254,-4.952191853433254
5.0,-5.0
5.0,0.0
0.0,0.0
0.0,0.0
0.0,0.0
-5.157661229610282,5.157661229610282
0.0,0.0
-5.361746499732746,5.361746499732746
-5.347233267300178,5.347233267300178
-5.481644923389318,5.481644923389318
-5.120160349790929,5.120160349790929
-4.999118918352865,4.999118918352865
-5.193032618399959,5.193032618399959
-5.323706620109203,5.323706620109203
-5.28749012506916,5.28749012506916
-25.0,5.437592103327198
-25.0,5.652885287410854
-17.01973577446976,5.485122545076793
-25.0,5.5279118082208925
-5.325853783263613,5.325853783263613
-5.230540440839734,5.230540440839734
-25.0,5.2313685061126804
-5.315144475678661,5.315144475678661
-5.315144475678661,5.315144475678661
-5.315144475678661,5.315144475678661
-5.315144475678661,5.315144475678661
-5.315144475678661,5.315144475678661
-5.315144475678661,5.315144475678661
-5.315144475678661,5.315144475678661
-5.315144475678661,5.315144475678661
-5.315144475678661,5.315144475678661
-5.315144475678661,5.315144475678661
-5.315144475678661,5.315144475678661
-5.315144475678661,5.315144475678661
-5.315144475678661,5.315144475678661
-5.315144475678661,5.315144475678661
4.322270229811339,-4.322270229811339
-5.315144475678661,5.315144475678661
-5.315144475678661,5.315144475678661
4.652629773733183,-4.652629773733183
4.8940442516062195,-4.8940442516062195
-5.062214083956326,5.062214083956326
-5.073340579914308,5.073340579914308
-5.122004877809375,5.122004877809375
-4.962380780059704,4.962380780059704
-5.093298404631268,5.093298404631268
-4.919620234118288,4.919620234118288
-4.928865279940089,4.928865279940089
-5.029358685031337,5.029358685031337
-5.0,5.0
-5.0,5.0
5.0,-5.0
-5.0,5.0
-5.0,5.0
-5.0,5.0
-5.315144475678661,5.0
-5.0,5.0
-5.0,0.0
0.0,0.0
0.0,0.0
0.0,0.0
0.0,0.0
0.0,0.0
5.0,-5.0
0.0,0.0
0.0,5.0
-4.5125,5.0
20.0,5.0
25.0,0.0
19.775657894736845,5.0
-5.0,5.0
-5.0,5.0
25.0,-5.0
5.0,-5.0
5.0,-5.0
5.0,-5.0
5.0,-5.0
5.0,-5.0
5.0,-5.0
-5.0,5.0
5.0,-5.0
5.0,-5.0
4.999999999999998,-4.999999999999998
5.0,-5.0
5.0,-5.0
4.999999999999998,-4.999999999999998
5.0,-5.0
4.993244184383035,-4.993244184383035
4.816798306555512,-4.816798306555512
4.6534659255810675,-4.6534659255810675
-5.161608109324005,5.161608109324005
4.981327506783318,-4.981327506783318
4.966511008067476,-4.966511008067476
4.986423390177994,-4.986423390177994
4.927299403459758,-4.927299403459758
4.9218431349501,-4.9218431349501
4.971556084103559,-4.971556084103559
5.000000000000001,-5.000000000000001
5.000000000000006,-4.949818108393948
4.94981810839394,-4.809015454626511
4.8090154546265165,-4.8090154546265165
4.809015454626514,2.6645352591003757e-15
0.0,0.0
0.0,0.0
-5.330880240453993,5.330880240453993
0.0,0.0
-5.39064357939899,5.39064357939899
-5.415360570419834,5.415360570419834
-5.410397227960612,5.410397227960612
-5.339677171684494,5.339677171684494
-5.462085668199695,5.462085668199695
-25.0,5.443316609444324
-25.0,5.502513178103406
-5.529711840353858,5.529711840353858
-16.707374658435697,5.618744004731681
-25.0,5.491439067372305
-25.0,5.337990746067618
-5.686628947283646,5.686628947283646
-5.686628947283646,5.501667440705731
4.388374074649679,-4.388374074649679
-5.501667440705731,5.501667440705731
4.1186797791812495,-4.1186797791812495
4.044743396204696,-4.044743396204696
-5.501667440705731,5.501667440705731
3.915388492376904,-3.915388492376904
-5.501667440705731,5.501667440705731
3.7692160372815167,-3.7692160372815167
3.9042758816597782,-3.9042758816597782
3.9575163131383366,-3.9575163131383366
4.003923943820416,-4.003923943820416
4.160466780394362,-4.160466780394362
4.130662110893894,-4.130662110893894
4.265857651944172,-4.265857651944172
4.307331604090683,-4.307331604090683
4.3448697216014285,-4.3448697216014285
4.450625396297397,-4.450625396297397
4.599346424237432,-4.599346424237432
4.788541666982241,-4.788541666982241
4.737350570824777,-4.737350570824777
4.776482966444877,-4.776482966444877
4.548039196974614,-4.548039196974614
4.690942466782211,-4.690942466782211
-5.030219175497428,5.030219175497428
-4.8543181830460505,4.8543181830460505
-4.9569137228756865,4.9569137228756865
5.0,-5.0
5.0,-5.0
5.0,-5.0
5.0,-5.0
-5.0,5.0
-5.0,5.0
-5.501667440705731,5.0
-5.0,5.0
-5.0,0.0
5.0,-5.0
0.0,0.0
0.0,0.0
0.0,0.0
0.0,0.0
0.0,0.0
0.0,0.0
5.0,-5.0
20.0,5.0
20.0,5.0
-5.0,5.0
-5.0,5.0
15.134278869510354,-5.0
25.0,-5.0
25.0,-5.0
4.999999999999998,-4.999999999999998
4.999999999999998,-4.999999999999998
4.999999999999998,-4.999999999999998
-4.999999999999999,4.999999999999999
-5.0,5.0
-4.999999999999999,4.999999999999999
-5.0,5.0
-4.999999999999999,4.999999999999999
-5.0,5.0
4.999999999999998,-4.999999999999998
4.999999999999998,-4.999999999999998
4.999999999999998,-4.999999999999998
4.999999999999998,-4.999999999999998
4.999999999999998,-4.999999999999998
5.0,-4.995733437701174
4.800249922974782,-4.800249922974782
4.576314399305294,-4.576314399305294
-5.127387459870391,5.127387459870391
4.995545046700357,-4.995545046700357
4.882972034317044,-4.882972034317044
5.100908463342106,-5.100908463342106
5.122612357096889,-5.122612357096889
5.124612462927669,-5.124612462927669
5.1246124629276615,-5.1246124629276615
4.7655584376266376,-4.7655584376266376
4.897552799511967,-4.897552799511967
4.850548103473017,-4.850548103473017
4.796129951110827,-4.796129951110827
-5.431931974235862,5.431931974235862
-5.114865023845756,5.114865023845756
-5.2685740089901625,5.2685740089901625
-5.26761908310756,5.26761908310756
-5.392083857564286,5.392083857564286
-5.161824908425576,5.161824908425576
-5.202701795215216,5.202701795215216
-25.0,5.20816374405068
-5.34940567634705,5.34940567634705
-11.818443383586807,5.333445223128751
-25.0,5.407469966728939
-25.0,5.494327197470646
-5.557684289208462,5.557684289208462
4.4417337929701475,-4.4417337929701475
-25.0,0.0
4.505575605843354,-4.505575605843354
4.474174764791597,-4.474174764791597
0.0,0.0
4.464302358541962,-4.464302358541962
4.468457832442205,-4.468457832442205
0.0,0.0
4.426639273863504,-4.426639273863504
4.313271331441104,-4.313271331441104
4.130633709264867,-4.130633709264867
4.213411203783734,-4.213411203783734
4.053716417535151,-4.053716417535151
0.0,0.0
0.0,0.0
0.0,0.0
4.241643685330752,-4.241643685330752
4.4617544168446255,-4.4617544168446255
4.025451747475234,-4.025451747475234
4.122391556521363,-4.122391556521363
4.2102649344349015,-4.2102649344349015
4.40381824936701,-4.40381824936701
4.7896127239701975,-4.7896127239701975
5.31656077024612,-5.31656077024612
4.98044831857812,-4.98044831857812
5.184689482086575,-5.184689482086575
4.361626682727094,-4.361626682727094
4.900629958230166,-4.900629958230166
5.086980304467483,-5.086980304467483
5.059094796155071,-5.059094796155071
4.958154952957561,-4.958154952957561
4.999999999999998,-4.999999999999998
4.999999999999998,-4.999999999999998
4.999999999999998,-4.999999999999998
0.0,0.0
0.0,0.0
4.999999999999998,-4.999999999999998
5.0,-5.0
4.999999999999998,-4.999999999999998
5.0,-5.0
5.0,-5.0
0.0,0.0
5.0,-5.0
0.0,0.0
0.0,0.0
0.0,0.0
0.0,0.0
0.0,5.0
-4.5125,5.0
20.0,5.0
20.0,5.0
-0.22434210526315734,5.0
5.0,-5.0
25.0,-5.0
25.0,-5.0
5.0,-5.0
5.0,-5.0
5.0,-5.0
-5.0,5.0
-5.0,5.0
5.0,-5.0
5.0,-5.0
5.0,-5.0
-5.0,5.0
-5.0,5.0
-5.0,5.0
5.0,-5.0
5.0,-5.0
5.0,-5.0
4.993461005057022,-4.993461005057022
-5.225180658975354,5.225180658975354
-5.432799999022984,5.432799999022984
-5.126273642652066,5.126273642652066
-5.0329111765686605,5.0329111765686605
-4.970384674693042,4.970384674693042
-4.860910280036527,4.860910280036527
-8.965456860470528,-5.51429985414943
-25.0,5.137737802421807
-24.999999999945665,4.978171770224812
-5.579621707468572,5.579621707468572
24.9999999999663,-4.928317444073535
-4.97228316580664,4.97228316580664
24.99999999998216,-4.9000085937017985
25.0,-4.877679232961118
4.780048317608676,-4.780048317608676
4.942955012526506,-4.942955012526506
-5.162812653968389,5.162812653968389
-0.5148899768858666,5.4578449894123775
-5.087312919100752,5.087312919100752
-5.174175199020944,5.174175199020944
-5.095408014520629,5.095408014520629
-5.2458571238001,5.2458571238001
-5.215468643036308,5.215468643036308
0.0,-4.775364573408542
-24.99999999995555,-5.353939513952355e-12
-24.99999999999359,4.49834391987433
-24.999999999994994,5.27702065346266
-24.999999999978968,5.33280397746006
-5.329956240789665,5.329956240789665
-5.332803977460059,5.332803977460059
4.857753281183399,-4.857753281183399
4.611889845910181,-4.611889845910181
4.623110382817606,-4.623110382817606
4.576900301244088,-4.576900301244088
4.207883615627853,-4.207883615627853
4.411445033481607,-4.411445033481607
4.544715575231191,-4.544715575231191
4.5889615263706975,-4.5889615263706975
4.517361650742064,-4.517361650742064
4.249960944604352,-4.249960944604352
4.134029281801819,-4.134029281801819
4.193128653774902,-4.193128653774902
3.990883809213356,-3.990883809213356
4.154475930111696,-4.154475930111696
4.263911193634884,-4.263911193634884
-5.332803977460059,5.332803977460059
-5.332803977460059,5.332803977460059
-5.332803977460059,5.332803977460059
-5.32106842434629,5.32106842434629
-0.4833439719524151,-4.849460005507644
4.824714612857774,-4.824714612857774
0.0,0.0
0.0,0.0
4.822162884276565,-4.822162884276565
5.02497733928692,-5.02497733928692
5.21063310790771,-5.21063310790771
5.093649993130593,-5.093649993130593
5.0,-5.0
5.0,-5.0
5.0,-5.0
5.0,-5.0
5.0,-5.0
5.0,-5.0
5.0,-5.0
5.0,-5.0
5.0,-5.0
5.0,-5.0
0.0,0.0
0.0,0.0
0.0,0.0
0.0,0.0
0.0,0.0
0.0,0.0
0.0,5.000000000000003
-4.512500000000003,5.0
19.77565789473684,5.0
20.0,5.0
-5.0,5.0
20.0,5.0
-5.0,5.0
25.0,0.0
-4.999999999999999,4.999999999999999
-5.0,5.0
-5.0,5.0
-5.0,5.0
-5.0,5.0
-5.0,5.0
-5.0,5.0
-5.0,5.0
-4.999999999999993,4.999999999999993
-5.0,5.0
0.0,0.0
0.0,0.0
0.0,0.0
0.0,0.0
-5.00610684887174,5.00610684887174
0.0,0.0
-5.359259779324646,5.359259779324646
0.0,0.0
0.0,0.0
-4.991181294187255,4.991181294187255
-5.032831652007387,5.032831652007387
0.0,0.0
0.0,0.0
0.0,0.0
-5.164964235153976,5.164964235153976
0.0,0.0
-5.13986413771493,5.13986413771493
-5.161651342914858,5.161651342914858
0.0,0.0
-5.148610577160484,5.148610577160484
0.0,0.0
0.0,0.0
-5.447932189734795,5.447932189734795
-5.313440377937068,5.313440377937068
-5.210384120293243,5.210384120293243
-25.0,5.198846747435347
-5.315943508175273,5.315943508175273
-5.236219504350421,5.236219504350421
-25.0,5.239443404818594
-25.0,0.0
-5.508076110508744,5.508076110508744
-5.058350831261402,5.058350831261402
-5.1242628073169865,5.1242628073169865
-5.416086389828285,5.416086389828285
-5.4764644662548765,5.4764644662548765
-5.513187141438896,5.513187141438896
-5.5027473337560515,5.5027473337560515
4.571337999986065,-4.571337999986065
4.4887530053972675,-4.4887530053972675
4.620717703358949,-4.620717703358949
4.493617257728552,-4.493617257728552
4.391733671789867,-4.391733671789867
4.563882256792935,-4.563882256792935
4.036604120472997,-4.036604120472997
4.297766566581851,-4.297766566581851
4.608649535611905,-4.608649535611905
4.915116998049301,-4.915116998049301
4.486606473390173,-4.486606473390173
4.553139498400469,-4.553139498400469
4.259922973772243,-4.259922973772243
4.335708618372081,-4.335708618372081
4.522126181798093,-4.522126181798093
-5.352967240626985,5.352967240626985
4.835625887582465,-4.835625887582465
-4.4472897827550515,4.4472897827550515
5.246498369468789,-5.246498369468789
4.44777387274313,-4.44777387274313
4.6265248897739095,-4.6265248897739095
4.9326308625885265,-4.9326308625885265
5.2640709307080025,-5.2640709307080025
5.045127979507606,-5.045127979507606
-4.917428220058043,4.917428220058043
-5.0,5.0
-5.0,5.0
-4.999999999999993,4.999999999999993
-5.0,5.0
-5.0,5.0
-5.0,5.0
-10.438290152253945,5.000000000000001
-5.0,5.0
-25.0,0.0
5.0,-5.0
0.0,0.0
0.0,0.0
0.0,0.0
0.0,0.0
0.0,0.0
0.0,0.0
0.5401662049861491,5.0
-5.0,5.0
-5.0,5.0
-5.0,5.0
-5.0,5.0
5.0,-5.0
-5.0,5.0
-5.0,5.0
5.0,-5.0
5.0,-5.0
-5.0,5.0
-5.0,5.0
-5.0,5.0
-5.0,5.0
-5.0,5.0
-5.0,5.0
-5.0,5.0
-5.0,5.0
-5.0,5.0
-5.0,5.0
-5.0,5.0
-4.992086108901936,5.0
-5.007142286716002,5.007142286716002
-4.999999999999998,5.186527974758854
19.19778366332096,5.330766160577408
-5.178472838853146,5.178472838853146
-5.078098799497223,5.078098799497223
19.973405976874158,5.026594023125842
20.088590361255044,4.91140963874037
25.0,-5.36218577826169
-2.693402153577468,5.022394368913783
-25.0,5.174957190540141
25.0,0.0
-5.232486899149025,5.232486899149025
-4.994448428246276,4.994448428246276
-5.242352362778224,5.242352362778224
-5.160547466266692,5.160547466266692
-5.15451496026145,5.15451496026145
-4.995944247375007,4.995944247375007
-5.181244048911996,5.181244048911996
-5.3811965664374455,5.3811965664374455
-5.163386366874722,5.163386366874722
-5.079995397168883,5.079995397168883
-15.27177708159705,5.2717770815970475
-5.652347549901286,5.652347549901286
4.501897279310757,-4.501897279310757
4.657044649178532,-4.657044649178532
-5.372366815546744,5.372366815546744
-5.831974599400706,5.831974599400706
-5.254874956589688,5.254874956589688
4.8931088912902805,-4.8931088912902805
-5.068878368420579,5.068878368420579
4.7730873939079235,-4.7730873939079235
4.762914561537924,-4.762914561537924
4.405375920932286,-4.405375920932286
4.234831712395563,-4.234831712395563
4.165615680163224,-4.165615680163224
-6.003767848467284,6.003767848467284
-5.852061493742905,5.852061493742905
-5.678723827204589,5.678723827204589
-5.7472361301843815,5.7472361301843815
-5.627566813001959,5.627566813001959
4.233997335649493,-4.233997335649493
4.37400221921493,-4.37400221921493
4.713829603959606,-4.713829603959606
4.433304189475066,-4.433304189475066
-5.783869813597457,5.783869813597457
3.9488058490895472,-3.9488058490895472
-5.1874545384591375,5.1874545384591375
-5.822088939057526,5.822088939057526
-5.0418229766098825,5.0418229766098825
-5.864412415485588,5.864412415485588
-4.48439051517879,4.48439051517879
-5.175311264182006,5.175311264182006
-5.072305182749462,5.072305182749462
4.710003904529729,-4.710003904529729
-5.024553523867112,5.024553523867112
-5.0917598252721685,5.0917598252721685
-4.928409354900799,4.928409354900799
-4.960402429087822,4.960402429087822
-5.0,5.0
-5.0,5.0
-4.999999999999993,4.999999999999993
-5.0,5.0
-5.0,5.0
-5.0,5.0
-25.0,5.0
-25.0,5.0
-25.0,5.0
-5.0,5.0
-25.0,5.0
-5.000000000000001,0.0
0.0,0.0
0.0,0.0
5.0,-5.0
5.0,-5.0
10.54016620498615,-5.000000000000001
-5.0,5.0
-5.0,5.0
-5.0,5.0
-5.0,5.0
-5.0,5.0
-5.0,5.0
-5.0,5.0
-5.0,5.0
-5.0,5.0
-5.0,5.0
5.0,-5.0
-5.0,5.0
-5.0,5.0
-5.0,5.0
5.0,-5.0
5.0,-5.0
-4.999999999999993,4.999999999999993
-4.999999999999993,4.999999999999993
-5.0,5.0
-5.0,5.0
-5.0,5.0
-5.000000000000003,5.003884895377252
-0.4197227548341216,5.1709530539312345
-5.354823484317407,5.354823484317407
-5.14468357858708,5.14468357858708
19.967801073172595,5.032198926827405
24.999999999981032,1.8967938331115874e-11
25.0,-5.032123504723657
25.0,-4.983585751864588
4.928807214387412,-4.928807214387412
4.983585751864589,-4.983585751864589
-4.907882787562581,4.907882787562581
-5.092271212381476,5.092271212381476
-5.0305746692207425,5.0305746692207425
-5.232236964813588,5.232236964813588
-0.3920327346320409,5.37561848649663
0.0,0.0
-5.102806323308393,5.102806323308393
-5.17257839632234,5.17257839632234
0.0,0.0
-5.316729917725656,5.316729917725656
-5.267971263307487,5.267971263307487
-25.0,5.298833104555058
-5.439884430363296,5.439884430363296
-5.379356140876524,5.379356140876524
-25.0,5.469555927780995
-25.0,5.488371691437429
-16.531205665057094,5.929816317955252
-25.0,5.491970493408754
-5.434315186484843,5.434315186484843
-5.376470535367426,5.376470535367426
-5.471927779378365,5.471927779378365
-5.595939390065299,5.595939390065299
-5.834408303434623,5.834408303434623
3.9525289870812728,-3.9525289870812728
3.7042823395590734,-3.7042823395590734
3.6368139542328315,-3.6368139542328315
3.591217347846289,-3.591217347846289
3.442185795428898,-3.442185795428898
-6.147341870080396,6.147341870080396
-6.147341870080396,6.147341870080396
-6.147341870080396,6.147341870080396
-6.147341870080396,6.147341870080396
-6.114404816471955,6.114404816471955
-6.147341870080396,6.147341870080396
3.907665773870926,-3.907665773870926
-6.0322224938680264,6.0322224938680264
4.0318067697567574,-4.0318067697567574
4.184290066821841,-4.184290066821841
4.12519511287994,-4.12519511287994
4.411364877773021,-4.411364877773021
4.776081556754635,-4.776081556754635
4.5023952545396915,-4.5023952545396915
-5.56512867174998,5.56512867174998
-5.5848753776911755,5.5848753776911755
-5.324767578740172,5.324767578740172
-5.082328275419761,5.082328275419761
-4.912402038994603,4.912402038994603
-4.950420400439491,4.950420400439491
-5.0,5.0
-5.0,5.0
-4.999999999999993,4.999999999999993
-5.0,5.0
-5.0,5.0
-5.0,5.0
-6.147341870080398,5.000000000000003
-5.0,5.0
-5.0,5.0
-5.000000000000001,5.000000000000001
-5.0,5.0
-5.000000000000001,5.000000000000001
-5.000000000000001,5.000000000000001
-5.000000000000001,5.000000000000001
-5.000000000000001,0.0
0.0,0.0
0.0,0.0
0.0,0.0
0.0,5.0
-4.459833795013851,5.0
-4.999999999999993,4.999999999999993
-5.0,5.0
-5.0,5.0
20.0,5.0
-5.0,5.0
-5.0,5.0
-5.0,5.0
-5.0,5.0
5.0,-5.0
5.0,-5.0
-5.0,5.0
-5.0,5.0
5.0,-5.0
5.0,-5.0
5.0,-5.0
5.0,-5.0
5.0,-5.0
5.0,-5.0
4.99460511364818,-4.99460511364818
4.798728779060168,-4.798728779060168
4.601983909959616,-4.601983909959616
-5.202135340502965,5.202135340502965
-5.052759497227042,5.052759497227042
-5.036682281756077,5.036682281756077
19.993965600552826,5.006034399447174
24.9999999999959,-4.97459442726209
-5.002139589386667,5.002139589386667
-4.833705937460273,4.833705937460273
25.0,-5.174738182422985
9.872324299439867,0.0
-5.3315890188850386,5.3315890188850386
-5.273054523755929,5.273054523755929
-5.283284159383983,5.283284159383983
-5.370296652364365,5.370296652364365
-5.316286852312842,5.316286852312842
-5.3255129637152905,5.3255129637152905
-5.534027625671277,5.534027625671277
-5.393156807994181,5.393156807994181
0.0,0.0
0.0,-4.55152944160832
-5.500545260785525,5.500545260785525
4.410547542004364,-4.410547542004364
4.345289434563705,-4.345289434563705
-24.999999999962448,1.1965539670200087e-11
-6.050008225111771,6.050008225111771
-5.922094861743901,5.922094861743901
-5.918061830422127,5.918061830422127
-5.862387063762339,5.862387063762339
-6.066898989467516,6.066898989467516
-6.114873758924549,6.114873758924549
-6.147437173324459,6.147437173324459
-6.389518773905966,6.389518773905966
-6.565178431404032,6.565178431404032
3.329945713252508,-3.329945713252508
3.337245563059648,-3.337245563059648
3.2536273803215963,-3.2536273803215963
3.313528940527849,-3.313528940527849
3.427781120333938,-3.427781120333938
-6.49460038327304,6.49460038327304
3.585080071387308,-3.585080071387308
-25.000000000000004,6.446486130260123
-24.999999999965624,6.365732094022569
-6.314176194718943,6.314176194718943
-9.50168660244218,6.240997819663743
-24.999999999979828,6.169522280055517
-6.169522280055515,6.026202610809021
-6.026202610809021,5.871937584883005
-5.68262999791671,5.68262999791671
-5.465546880057072,5.362707737088469
-5.550903242491542,5.550903242491542
-5.676994799144184,5.676994799144184
-5.769098441914402,5.769098441914402
-5.53456946563837,5.53456946563837
-5.219021529040703,5.219021529040703
-4.892425911005604,4.892425911005604
-4.952656969555271,4.952656969555271
-5.0,5.0
5.0,-5.0
-5.0,5.0
-5.769098441914402,5.0
-5.0,5.0
-5.0,5.0
-5.0,5.0
-5.0,5.0
-5.0,5.0
-5.0,5.0
-5.0,5.0
-5.0,5.0
-5.0,5.0
-5.0,0.0
5.0,-5.0
5.0,-5.0
5.0,-5.0
4.999999999999997,-4.999999999999997
15.263157894736842,-5.0
4.999999999999998,-4.999999999999998
4.999999999999998,-4.999999999999998
-5.0,5.0
-5.0,5.0
25.0,0.0
25.0,0.0
25.0,-5.0
25.0,-5.0
5.0,-5.0
4.999999999999998,-4.999999999999998
4.999999999999998,-4.999999999999998
4.999999999999998,-4.999999999999998
4.999999999999998,-4.999999999999998
5.0,-5.0
4.999999999999998,-4.999999999999998
4.999999999999998,-4.999999999999998
4.999999999999998,-4.999999999999998
4.999999999999998,-4.999999999999998
4.999999999999998,-4.999999999999998
5.0,-4.998740477509339
-5.189777416969794,5.189777416969794
-5.392880049898001,5.392880049898001
-5.163177457114549,5.163177457114549
4.968948498985267,-4.968948498985267
-5.000843212808433,5.000843212808433
-0.010202248750158738,5.0089427262594945
0.0,0.0
-5.0337253566007565,5.0337253566007565
-5.007505603830751,5.007505603830751
-4.990120019982632,4.990120019982632
-5.126357585244525,5.126357585244525
-5.160953925135425,5.160953925135425
-5.20614659724248,5.20614659724248
0.0,0.0
-5.33249597757195,5.33249597757195
-5.404719426744549,5.404719426744549
-5.464476454216419,5.464476454216419
-5.54592349020222,5.54592349020222
-5.540230541450677,5.540230541450677
-5.586003869084497,5.586003869084497
-5.586209623108111,5.586209623108111
-5.631916049126893,5.631916049126893
-5.610185647185018,5.610185647185018
-25.0,5.611392400844991
-25.0,5.620859610520508
-5.818781095996899,5.818781095996899
-25.0,5.72430717949759
-17.696993446469275,5.7404342556061785
-5.729332374393355,5.729332374393355
-5.929613088520885,5.929613088520885
-5.98436259322172,5.98436259322172
-6.03872457347317,6.03872457347317
-6.255536297988781,6.255536297988781
-6.588722119572424,6.588722119572424
3.542333726260404,-3.542333726260404
3.599008230261928,-3.599008230261928
-6.440059788332379,6.440059788332379
-6.404849342107191,6.404849342107191
-6.439417280369064,6.439417280369064
3.585647472820524,-3.585647472820524
-6.393748092041678,6.393748092041678
-6.338196399107668,6.338196399107668
-6.249547972295362,6.249547972295362
-6.231460552636623,6.231460552636623
-6.117563708767021,6.117563708767021
-6.008175781292207,6.008175781292207
-5.879399639549245,5.879399639549245
-5.740314337616956,5.740314337616956
-5.574503733917988,5.574503733917988
-5.237642741538309,5.237642741538309
-5.4568086455265625,5.4568086455265625
-5.42629267300581,5.42629267300581
-5.501404883424062,5.501404883424062
4.512559093060501,-4.512559093060501
-5.126680732668115,5.126680732668115
-4.917558985891686,4.917558985891686
-4.9723279180957105,4.9723279180957105
-5.0,5.0
-5.0,5.0
-5.0,5.0
-5.0,5.0
-5.0,5.0
-5.0,5.0
-5.0,5.0
-4.999999999999999,4.999999999999999
-25.0,0.0
0.0,0.0
0.0,0.0
0.0,0.0
0.0,0.0
0.0,0.0
4.999999999999998,-4.999999999999998
5.0,-5.0
0.0,0.0
0.0,0.0
0.5401662049861491,5.0
-5.0,5.0
-5.0,5.0
-5.0,5.0
5.0,-5.0
5.0,-5.0
5.0,-5.0
5.0,-5.0
-5.0,5.0
-5.0,5.0
-5.0,5.0
-5.0,5.0
-5.0,5.0
-5.0,5.0
25.0,-5.0
25.0,0.0
5.0,-5.0
25.0,0.0
19.722991689750685,5.0
5.0,-5.0
5.0,-5.0
4.874797917281404,-4.874797917281404
4.69929144120822,-4.676435072462276
4.8333362429224405,-4.8333362429224405
4.962991415083774,-4.962991415083774
4.977143631254056,-4.977143631254056
4.7500820743964125,-4.7500820743964125
4.977143631254052,-4.977143631254052
4.867799252943746,-4.867799252943746
-4.7922054771266644,4.7922054771266644
4.835266764762105,-4.835266764762105
-5.082669568328564,5.082669568328564
-5.064300656968809,5.064300656968809
-5.1472252088112995,5.1472252088112995
4.977143631254062,-4.637499279229774
4.637499279229734,-4.6297020853409725
4.629702085341038,-4.629702085341038
4.54994399956133,-4.54994399956133
-0.7226560981301517,5.352358183471189
-5.487927363729993,5.487927363729993
-5.364900342849316,5.364900342849316
-9.618324106843236,5.521315056518989
4.357088102408648,-4.357088102408648
4.539622216425764,-4.539622216425764
-20.523583399957246,-4.476416600042754
-25.0,0.0
-25.0,5.579578789451379
-21.351395868747023,5.602950174403675
-5.611527466369697,5.611527466369697
-5.6700512319945044,5.6700512319945044
-5.7341240447837905,5.7341240447837905
-5.7341240447837905,5.7341240447837905
3.490806859733116,-4.224930904516906
4.054829130245679,-4.054829130245679
4.209410992122169,-4.209410992122169
4.13958968961791,-4.13958968961791
3.907591929635455,-3.907591929635455
3.875556785535437,-3.875556785535437
3.938716328164693,-3.938716328164693
3.868967607601274,-3.868967607601274
3.726806724819067,-3.726806724819067
3.89612208953991,-3.89612208953991
-5.0,5.0
4.055724097133671,-4.055724097133671
-5.0,5.0
4.319811911032259,-4.319811911032259
-5.0,5.0
4.518517281469787,-4.518517281469787
4.459029122752698,-4.459029122752698
4.600894628593033,-4.600894628593033
-5.0,5.0
4.848442596041183,-4.848442596041183
4.8950329438699995,-4.8950329438699995
4.76475688054078,-4.76475688054078
4.692301169157477,-4.692301169157477
-5.0,5.0
5.037987494396674,-5.037987494396674
5.010221036245932,-5.010221036245932
-4.999999999999993,4.999999999999993
-4.999999999999993,4.999999999999993
-5.0,5.0
-5.0,5.0
-5.0,5.0
-5.0,5.0
-5.0,5.0
-5.0,5.0
-5.0,0.0
5.0,-5.0
5.0,-5.0
0.0,0.0
0.0,0.0
0.0,0.0
0.0,0.0
0.0,0.0
0.0,0.0
0.0,5.0
25.0,0.0
25.0,0.0
5.0,-5.0
5.0,-5.0
-5.0,5.0
25.0,-5.0
25.0,-5.0
10.263157894736842,-5.000000000000002
5.0,-5.0
5.0,-5.0
-5.0,5.0
-5.0,5.0
-5.0,5.0
5.0,-5.0
4.999999999999995,-4.999999999999995
5.0,-5.0
5.0,-5.0
5.0,-5.0
5.0,-5.0
5.0,-5.0
5.0,-5.0
4.940639515480895,-4.940639515480895
-5.333966274681269,5.33396627468127
4.739827271769306,-4.739827271769306
4.947215730240974,-4.947215730240974
5.000000000000014,-5.000000000000014
5.0,-5.0
5.0,-5.0
-5.191958405675438,5.191958405675438
-4.920643323910557,4.920643323910557
4.859448542862625,-4.74560597766183
4.8861574347992,-4.8861574347992
4.790096813958272,-4.790096813958272
4.804339284194121,-4.804339284194121
4.886157434799232,-4.787069831451355
4.787069831451324,-4.685851474779173
4.685851474779199,-4.685851474779199
-5.331401568133463,5.331401568133463
4.685851474779174,0.0
-5.273213572878477,5.273213572878477
-5.455110228110776,5.455110228110776
-24.999999999977064,5.29313636891964
3.820777405974222,5.626175133180749
-5.634031654915713,5.634031654915713
4.442603513965677,-4.442603513965677
4.38875654992057,-4.38875654992057
-24.99999999995849,5.463156094040343
-24.999999999985967,5.540004590713089
-25.0,5.177828279661071
-25.0,5.563752139463155
-5.493569820696601,5.235465914460251
-5.305648233226805,5.305648233226805
-5.305648233226804,5.305648233226804
-5.305648233226804,0.0
4.5660521412505695,-4.5660521412505695
4.136627084136785,-4.136627084136785
0.0,0.0
3.9720844553870247,-3.9720844553870247
4.427876322594436,-4.427876322594436
4.154696200523478,-4.154696200523478
4.533790415265646,-4.533790415265646
4.576283670320555,-4.576283670320555
4.66091295105195,-4.66091295105195
0.0,0.0
4.008552778204432,-4.008552778204432
4.465005456647196,-4.465005456647196
4.993162781172341,-4.993162781172341
4.700759174281585,-4.700759174281585
4.573890359714584,-4.573890359714584
4.8745664144198075,-4.8745664144198075
5.073047727561677,-5.073047727561677
4.987305734119753,-4.987305734119753
0.0,0.0
5.1172936787011825,-5.1172936787011825
4.738272992620828,-4.738272992620828
4.798717970662455,-4.798717970662455
5.033494908938571,-5.033494908938571
5.021602180420834,-5.021602180420834
5.0,-5.0
5.0,-5.0
5.0,-5.0
5.0,-5.0
0.0,0.0
5.0,-5.0
5.0,-5.0
0.0,0.0
5.0,-5.0
5.0,-5.0
5.0,-5.0
0.0,0.0
0.0,0.0
0.0,0.0
0.0,0.0
0.0,0.0
0.0,5.0
-4.5125,5.0
-4.95246875,5.0
20.0,5.0
20.0,5.0
25.0,-5.0
25.0,-0.27187335526316403
-5.0,5.0
-5.0,5.0
5.0,-5.0
5.0,-5.0
5.0,-5.0
5.0,-5.0
5.0,-5.0
-5.0,5.0
-5.0,5.0
-5.0,5.0
5.0,-5.0
5.0,-5.0
5.0,-5.0
-5.0,5.0
5.0,-5.0
-5.0,5.0
4.915126623045804,-4.915126623045804
4.7078447495764,-4.7078447495764
4.76451262653115,-4.76451262653115
-4.972394878880811,4.972394878880811
-4.860736714525811,4.860736714525811
-4.847434653784394,4.847434653784394
4.980321457968468,-4.980321457968468
4.815781353807954,-4.815781353807954
4.575681293859053,-4.619886482349435
4.610600411952374,-4.610600411952374
5.048980818271886,-5.048980818271886
4.715113357591603,-4.715113357591603
5.048980818271898,-5.150681371490177
4.876582326906661,-4.61531760696003
4.900403691918921,-4.900403691918921
-4.938300301102709,5.180308688596058
-5.2643131334888675,5.2643131334888675
-5.2527543016223746,5.2527543016223746
4.658395304425575,-4.658395304425575
-5.3934812177124005,5.3934812177124005
-24.999999999994042,5.5923418503886
4.606622290446719,-4.606622290446719
4.505328196097166,-4.505328196097166
3.389486517162437,-4.672527955029186
-24.999999999975778,-2.4222401862061815e-11
-5.580810789003815,5.580810789003815
-24.999999999996078,5.343716514479375
-24.999999999943153,4.8961661688681595
-5.237419315389964,5.237419315389964
-5.3449813336920275,5.3449813336920275
-5.3449813336920275,5.3449813336920275
-5.297967170443405,5.297967170443405
-5.227584146831729,5.227584146831729
-5.3449813336920275,5.3449813336920275
4.594764294754478,-4.594764294754478
-5.214817299010635,5.214817299010635
-5.3449813336920275,5.3449813336920275
-5.3449813336920275,5.3449813336920275
-5.3449813336920275,5.3449813336920275
-5.3449813336920275,5.3449813336920275
-5.2158242132490855,5.314216057983151
-5.433779973564521,5.433779973564521
4.294279477684702,-4.294279477684702
-5.433779973564521,5.433779973564521
-5.433779973564521,5.433779973564521
-5.433779973564521,5.433779973564521
-5.433779973564521,5.433779973564521
-5.236794479551383,5.236794479551383
-5.022305377142834,5.022305377142834
-4.988779463092576,4.988779463092576
-4.816531787961567,4.816531787961567
5.010148217624845,-5.010148217624845
4.967407237250092,-4.967407237250092
4.954226672366179,-4.954226672366179
5.034175837994482,-5.034175837994482
4.976936772722641,-4.976936772722641
-4.949528293437754,4.949528293437754
-5.0,5.0
-5.0,5.0
-5.0,5.0
-5.0,5.0
-5.0,5.0
-5.0,5.0
-5.433779973564521,5.0
-5.0,5.0
-5.0,0.0
5.0,-5.0
0.0,0.0
0.0,0.0
0.0,0.0
0.0,0.0
5.0,-5.0
0.0,0.0
0.0,5.0
-4.5125,5.0
-4.952468749999992,5.0
-4.995365703124999,5.0
-0.2765076521381573,5.0
20.0,5.0
25.0,0.0
25.0,-5.0
25.0,-5.0
5.0,-5.0
5.0,-5.0
5.0,-5.0
5.0,-5.0
5.0,-5.0
5.0,-5.0
5.0,-5.0
5.0,-5.0
5.0,-5.0
5.0,-5.0
5.0,-5.0
5.0,-5.0
5.0,-5.0
5.0,-5.0
-5.093434298536819,5.093434298536819
-5.284131099906227,5.284131099906227
-5.191476603596368,5.191476603596368
-5.1290136109189906,5.1290136109189906
-24.999999999994902,4.726344939576986
-4.870800042837231,4.870800042837231
-5.482920156532612,5.482920156532612
-4.910718532434054,4.910718532434054
-5.763739370090747,5.763739370090747
-4.972694673853869,4.972694673853869
18.839168462406573,5.162817071999573
-4.8161890749713105,4.8161890749713105
-5.010242258574285,5.010242258574285
-5.085362042760282,5.085362042760282
-5.122628766926992,5.122628766926992
-5.261835249143129,5.261835249143129
-24.999999999942865,5.561863115559234
19.612134731067123,5.387865268932877
-5.373396847959441,5.373396847959441
-5.38821744913281,5.38821744913281
-25.0,5.246307762980656
-5.237804946397416,5.237804946397416
-5.4183055037762315,5.4183055037762315
-25.0,5.365068228034232
-16.598918304432573,5.558511092186789
-24.999999999960398,5.45224608161028
-25.0,5.568526137728867
-5.591740998147861,5.591740998147861
-5.591740998147862,5.591740998147862
-5.591740998147862,5.558663829836219
4.732157490744097,-4.732157490744097
-5.292493860956329,5.292493860956329
-5.429432630881525,5.429432630881525
4.687611113484223,-4.687611113484223
4.601950538045509,-4.601950538045509
4.614158189348435,-4.614158189348435
4.38769874702616,-4.38769874702616
4.1517910294477165,-4.1517910294477165
4.068031469711846,-4.068031469711846
4.254573369158262,-4.254573369158262
4.306369104440339,-4.306369104440339
4.408291190365036,-4.408291190365036
4.297680099400148,-4.297680099400148
-5.40854039256959,5.40854039256959
4.256259794775133,-4.256259794775133
-5.558663829836219,5.558663829836219
-5.558663829836219,5.558663829836219
4.6137795009614155,-4.6137795009614155
4.63951011456485,-4.63951011456485
-5.130493493578102,5.130493493578102
4.835834797342637,-4.835834797342637
4.959730908071526,-4.959730908071526
4.793725279853243,-4.793725279853243
-5.111365312002372,5.111365312002372
-4.973172136795172,4.973172136795172
-4.9448458509789495,4.9448458509789495
5.019513773136472,-5.019513773136472
-5.0,5.0
5.0,-5.0
5.0,-5.0
5.0,-5.0
-5.0,5.0
-5.0,5.0
-5.0,5.0
-5.558663829836219,0.0
5.0,-5.0
5.0,-5.0
5.0,-5.0
0.0,0.0
0.0,0.0
5.0,-5.0
0.0,0.0
0.0,0.0
0.0,5.0
-4.5125,5.0
20.0,5.0
20.0,5.0
-5.0,5.0
24.775657894736845,-5.0
5.0,-5.0
25.0,0.0
-5.0,5.0
-5.0,5.0
-5.0,5.0
-5.0,5.0
-5.0,5.0
5.0,-5.0
5.0,-5.0
5.0,-5.0
5.0,-5.0
5.0,-5.0
5.0,-5.0
5.0,-5.0
5.0,-5.0
-5.0,5.0
4.999595725762319,-4.999595725762319
4.908340517288716,-4.908340517288716
4.649096453295453,-4.649096453295453
-5.352146985802014,5.352146985802014
-5.034783790642478,5.034783790642478
5.0,-5.0
-5.065613443377149,5.065613443377149
-4.884171214209277,4.884171214209277
-5.075615234825678,5.075615234825678
-4.975799287480127,4.975799287480127
-5.255275103985303,5.255275103985303
-0.05797024943244544,5.057970249432445
-5.050422989879124,5.050422989879124
-5.112986098298821,5.112986098298821
-5.254849710697215,5.254849710697215
-5.155813861428932,5.155813861428932
-5.312224788214731,5.312224788214731
-5.399769969526188,5.399769969526188
-5.47264476272446,5.47264476272446
-5.46646330595366,5.46646330595366
-5.497025983375483,5.497025983375483
-5.509651454198746,5.509651454198746
-5.542392852140564,5.542392852140564
-16.796337396683633,5.501736866910019
-24.99999999997212,5.516168681339376
-24.999999999953502,5.559919812986511
-25.0,5.5783821341483915
-25.0,5.4938096566750545
-5.649080731415912,5.649080731415912
-5.6634759393012,5.6634759393012
-5.7843116167156445,5.7843116167156445
-5.729876423376041,5.729876423376041
-5.844295857219736,5.844295857219736
-5.853679755450111,5.853679755450111
-5.853679755450111,5.853679755450111
-5.853679755450111,5.853679755450111
-5.853679755450111,5.853679755450111
-5.853679755450111,5.853679755450111
-5.853679755450111,5.853679755450111
-5.853679755450111,5.853679755450111
-5.853679755450111,5.853679755450111
3.73301468977696,-3.73301468977696
-5.853679755450111,5.853679755450111
3.8052368766549307,-3.8052368766549307
3.974857716674636,-3.974857716674636
-5.853679755450111,5.853679755450111
-5.7874320090247,5.7874320090247
-5.707860111701969,5.707860111701969
4.379956462953521,-4.379956462953521
4.503846262209292,-4.503846262209292
-5.2510104416001395,5.2510104416001395
-5.509037979011775,5.509037979011775
-5.42139023626217,5.42139023626217
4.433346160771295,-4.433346160771295
-5.276755729378575,5.276755729378575
4.894303022004017,-4.894303022004017
-4.945407256512708,4.945407256512708
5.065959292380608,-5.065959292380608
-5.0,5.0
5.0,-5.0
5.0,-5.0
-5.0,5.0
-5.0,5.0
-5.0,5.0
-5.0,5.0
-5.853679755450111,5.0
5.0,-5.0
5.0,-5.0
-5.0,5.0
-5.0,5.0
-5.0,5.0
-5.0,5.0
-5.0,0.0
0.0,0.0
5.0,-5.0
0.0,5.000000000000002
-4.512500000000002,5.0
15.16709419515933,5.0
-5.0,5.0
20.0,5.0
20.0,5.0
20.0,5.0
-4.999999999999999,4.999999999999999
-5.0,5.0
-5.0,5.0
-5.0,5.0
-5.0,5.0
-5.0,5.0
-5.0,5.0
-5.0,5.0
-5.0,5.0
-5.0,5.0
-5.0,5.0
-5.0,5.0
-5.0,5.0
-5.0,5.0
-5.001773147661277,5.001773147661277
4.608563699577515,-4.608563699577515
4.608563699577515,-4.608563699577515
4.608563699577495,-4.608563699577495
4.608563699577501,-4.608563699577501
4.608563699577517,-4.608563699577517
4.608563699577515,-4.608563699577515
-5.299962227095689,5.299962227095689
-5.120576907016652,5.120576907016652
-4.919925709417148,4.919925709417148
4.608563699577514,8.881784197001252e-16
-4.931216303676175,4.931216303676175
-4.930326385966676,4.930326385966676
-25.0,5.182622474640752
-5.466792764850368,5.466792764850368
-4.941911726020265,4.941911726020265
-5.485719610433664,5.485719610433664
-25.0,5.38082292722892
-5.321146686612938,5.321146686612938
-5.4240287475987365,5.4240287475987365
-5.4963342459218545,5.4963342459218545
-15.978639349399211,5.436493907004834
-5.4085896220599,5.4085896220599
-5.426318550045586,5.426318550045586
-25.0,5.38541641736348
-25.0,5.411755456975392
-5.8184718338141685,5.8184718338141685
-5.688266143410203,5.489048281355576
-5.535476739898938,5.535476739898938
-5.619253971759541,5.619253971759541
-5.615099760153923,5.615099760153923
-5.619253971759541,5.619253971759541
-5.619253971759541,5.619253971759541
-5.619253971759541,5.619253971759541
3.615626338979025,-3.615626338979025
3.450227874474596,-3.450227874474596
3.4276315384210694,-3.4276315384210694
3.45839113380414,-3.45839113380414
-5.619253971759541,5.619253971759541
-5.619253971759541,5.619253971759541
-5.619253971759541,5.619253971759541
3.584919759970134,-3.584919759970134
-5.619253971759541,5.619253971759541
3.6883887879558106,-3.6883887879558106
-5.619253971759541,5.619253971759541
3.8452478293329193,-3.8452478293329193
-5.619253971759541,5.619253971759541
4.058196301153606,-4.058196301153606
-5.619253971759541,5.619253971759541
-5.619253971759541,5.619253971759541
4.584498052582347,-4.584498052582347
4.465249710656827,-4.465249710656827
-5.549137923460715,5.549137923460715
-5.619253971759541,5.619253971759541
-5.562398328479558,5.562398328479558
4.7565974080951055,-4.7565974080951055
-4.952589712919868,4.952589712919868
5.062678135017254,-5.062678135017254
-5.0,5.0
-5.0,5.0
-5.0,5.0
-5.0,5.0
-5.0,5.0
-5.0,5.0
-5.619253971759541,5.0
-5.0,5.0
-5.0,5.0
-5.0,5.0
-5.0,5.0
-5.0,5.0
-5.0,0.0
5.0,-5.0
0.0,0.0
0.0,0.0
0.0,5.0
-4.5125,4.5125
-4.5125,4.5125
-4.45983379501385,5.0
-5.0,5.0
-5.0,5.0
-5.0,5.0
19.89206392469306,5.0
-5.0,5.0
-5.0,5.0
-5.0,5.0
-5.0,5.0
-5.0,5.0
-5.0,5.0
25.0,-5.0
-5.0,5.0
-5.0,5.0
25.0,0.0
-5.0,5.0
20.0,5.0
-5.000933543764267,5.000933543764267
4.830927765057634,-4.830927765057634
4.830927765057634,-4.830927765057634
4.830927765057635,-4.830927765057635
-5.413350997379375,5.413350997379375
-5.224888358876623,5.224888358876623
-5.13412732422522,5.13412732422522
-5.071879158314065,5.071879158314065
-0.22133817497165698,5.052265940029291
-5.0424616976893235,5.0424616976893235
-5.025291966221804,5.025291966221804
-4.945160241233593,4.945160241233593
-4.823603162441868,4.823603162441868
-5.114252179806092,5.114252179806092
-5.075487743068715,5.075487743068715
-5.250773761358252,5.250773761358252
-5.354668182632022,5.354668182632022
-5.374628847511879,5.374628847511879
-5.3605555247555685,5.3605555247555685
-5.451903999767337,5.451903999767337
-5.406301081907669,5.406301081907669
-5.439201528972033,5.439201528972033
-5.435505530314716,5.435505530314716
-5.434926137082574,5.434926137082574
-5.4489237221614815,5.4489237221614815
-24.99999999996463,5.464120487132618
-24.999999999984844,5.472980533094287
-24.999999999999996,5.541047246072015
-17.16054473978201,5.9574845538056085
-24.999999999978826,5.673335722604598
-5.663420398337772,5.663420398337772
-5.8059157891951845,5.8059157891951845
-5.841166628848317,5.841166628848317
-5.948423802998827,5.948423802998827
-5.948423802998827,5.948423802998827
3.660242142443183,-3.660242142443183
3.3933678131634295,-3.3933678131634295
3.303873648953445,-3.303873648953445
-5.948423802998827,5.948423802998827
3.2005655635322494,-3.2005655635322494
3.2470798581100038,-3.2470798581100038
3.240096844253342,-3.240096844253342
-5.948423802998827,5.948423802998827
3.3382301528658953,-3.3382301528658953
3.4743566362009375,-3.4743566362009375
3.4914903922716842,-3.4914903922716842
3.6069821453979607,-3.6069821453979607
3.7023251517454856,-3.7023251517454856
-5.948423802998827,5.948423802998827
-5.948423802998827,5.948423802998827
-5.852494460798734,5.852494460798734
4.349398203562881,-4.349398203562881
-5.339894286359714,5.339894286359714
-5.543664613973642,5.543664613973642
-5.615881120525811,5.615881120525811
4.205064280586486,-4.205064280586486
-5.710236065756865,5.710236065756865
-5.371044877502385,5.371044877502385
5.018878878387607,-5.018878878387607
5.066080255707567,-5.066080255707567
-5.0,5.0
5.0,-5.0
-5.0,5.0
-5.0,5.0
-5.0,5.0
-5.0,5.0
-5.948423802998827,5.0
-5.0,5.0
-5.0,5.0
-5.0,0.0
5.0,-5.0
0.0,0.0
0.0,0.0
0.0,0.0
0.0,0.0
0.0,0.0
0.0,5.0
-4.5125,5.0
-4.95246875,5.0
-4.994865045013849,5.0
-5.0,5.0
-5.0,5.0
-5.0,5.0
20.0,5.0
20.0,5.0
-5.0,5.0
-5.0,5.0
-5.0,5.0
-5.0,5.0
-5.0,5.0
-5.0,5.0
-5.0,5.0
20.0,5.0
-5.0,5.0
5.0,-5.0
5.0,-5.0
-5.01207901559146,5.01207901559146
-5.012071212539735,5.012071212539735
-5.028828531151184,5.028828531151184
24.523176851094274,-4.813160287777549
-5.395466452134646,5.395466452134646
-5.20125047197196,5.20125047197196
-5.182845585215441,5.182845585215441
5.012975126433961,-5.012975126433961
5.012975126433954,-5.012975126433954
-5.1264150196498885,5.1264150196498885
-5.174896600398219,5.174896600398219
5.012975126433961,-5.012975126433961
5.012975126433961,0.0
-5.084462026693798,5.084462026693798
-5.17624788679257,5.17624788679257
-5.144730914635458,5.144730914635458
-5.203204188475331,5.203204188475331
-5.377212764605986,5.377212764605986
-5.111883483945279,5.111883483945279
-5.477061531611744,5.477061531611744
-5.532375282009241,5.532375282009241
-5.687775110801695,5.687775110801695
-5.749559383438756,5.749559383438756
-15.648703305402838,5.673502345494887
-5.5844676565278135,5.5844676565278135
-5.434691350282616,5.434691350282616
-24.999999999977295,5.313845574511181
-24.999999999999996,5.319725342866992
-24.99999999995082,5.317525163338399
-24.999999999992582,5.590617555933036
-5.806748903646628,5.806748903646628
-5.82274975029288,5.82274975029288
-5.972000941974732,5.972000941974732
-6.022757808781757,6.022757808781757
-6.239336008792035,6.239336008792035
-6.42034274631483,6.42034274631483
-6.5665126768209685,6.5665126768209685
-6.5665126768209685,6.5665126768209685
-6.5665126768209685,6.5665126768209685
-6.5665126768209685,6.5665126768209685
-6.5665126768209685,6.5665126768209685
-6.5665126768209685,6.5665126768209685
-6.5665126768209685,6.5665126768209685
3.442210410174056,-3.442210410174056
-6.5665126768209685,6.491108245197399
3.6369559623779644,-3.6369559623779644
-6.31524662055959,6.31524662055959
3.7618095235787017,-3.7618095235787017
3.911126985728295,-3.911126985728295
-5.999168678006921,5.999168678006921
4.173830062425013,-4.173830062425013
4.34528690997446,-4.34528690997446
-5.4147332099920025,5.4147332099920025
-5.489934412181203,5.489934412181203
-5.517053549870383,5.517053549870383
4.340967968920488,-4.340967968920488
-5.63180812293659,5.63180812293659
-5.301478085151568,5.301478085151568
-5.04174368872885,5.04174368872885
-4.9599142563655745,4.9599142563655745
-5.0,5.0
-5.0,5.0
-5.0,5.0
-5.0,5.0
-5.0,5.0
-5.0,5.0
-5.0,5.0
-5.0,5.0
-6.491108245197399,5.0
-5.0,5.0
-5.0,5.0
-5.000000000000001,5.000000000000001
-5.000000000000001,5.000000000000001
-5.000000000000001,5.000000000000001
-5.000000000000001,5.000000000000001
-5.000000000000001,0.0
0.0,5.000000000000003
-4.512500000000003,4.512500000000003
0.26315789476611684,5.0
20.0,5.0
25.0,0.0
-5.0,5.0
5.0,-5.0
-5.0,5.0
-4.999999999999999,4.999999999999999
-5.0,5.0
-5.0,5.0
5.0,-5.0
-4.999999999999982,4.999999999999982
-5.0,5.0
-5.0,5.0
-5.0,5.0
-5.0,5.0
-5.0,5.0
-5.0,5.0
25.0,-5.0
4.913745712174508,-4.913745712174508
-5.085383955406009,5.085383955406009
-5.090701238374455,5.090701238374455
24.999999999970726,-4.7940361199042485
4.6018152752872705,-4.6018152752872705
4.794036119904254,-4.794036119904254
-5.115799753014384,5.115799753014384
4.794036119904256,-4.440892098500626e-15
-4.751471229629467,4.751471229629467
-4.96664070884003,4.96664070884003
-5.217194830933812,5.217194830933812
-5.478052432891117,5.478052432891117
-5.639032235066319,5.639032235066319
-4.764064511939843,4.764064511939843
-4.8785281260953575,4.8785281260953575
-4.951675574932281,4.951675574932281
-5.409453031582309,5.409453031582309
-5.18338616288791,5.18338616288791
-5.2440040752929455,5.2440040752929455
-5.423795223093407,5.423795223093407
-5.7307246853629685,5.7307246853629685
-5.574265791381478,5.574265791381478
-5.482255873987047,5.482255873987047
-25.0,0.0
-5.646568765115347,5.646568765115347
-11.183446652046271,5.6168480382073325
-25.0,5.157268024835091
-25.0,5.409330589003837
-5.578364462023666,5.578364462023666
-5.479381629129557,5.479381629129557
-25.0,5.458175079456396
-5.458175079456395,5.458175079456395
-5.458175079456395,5.458175079456395
-5.458175079456395,5.458175079456395
-5.458175079456395,5.458175079456395
4.253518090853099,-4.253518090853099
-5.458175079456395,5.458175079456395
4.286923455766821,-4.286923455766821
4.289959274336109,-4.289959274336109
3.7198565306226126,-3.7198565306226126
-5.458175079456395,5.458175079456395
3.6057861212422875,-3.6057861212422875
3.593897830479083,-3.593897830479083
3.5336756474384856,-3.5336756474384856
3.5978134684008776,-3.5978134684008776
3.84341182180318,-3.84341182180318
4.140276377893041,-4.140276377893041
4.283216727605204,-4.283216727605204
4.390711213144909,-4.390711213144909
4.3163525926168305,-4.3163525926168305
4.370197032072685,-4.370197032072685
4.521839009771272,-4.521839009771272
-5.273504531789173,5.273504531789173
4.759198997313938,-4.759198997313938
4.752185688386314,-4.752185688386314
4.641471404835962,-4.641471404835962
4.64137042126609,-4.64137042126609
4.876340569512999,-4.876340569512999
5.036828155678492,-5.036828155678492
4.995505244973012,-4.995505244973012
-5.0,5.0
-5.458175079456385,4.99999999999999
-5.0,5.0
-5.0,5.0
-5.0,5.0
-5.0,5.0
-5.0,5.0
-5.0,5.0
-5.0,5.0
-5.0,5.0
-5.0,5.0
-5.0,5.0
-5.0,5.0
-5.0,5.0
-5.0,5.0
-5.0,0.0
