Bid_Action,Ope_Action
0.0,0.0
2.0,-2.0
0.0,0.0
2.0,-2.0
2.0,-2.0
2.0,-2.0
13.263157894736853,-2.0
25.0,-2.0
2.0,-2.0
2.0,-2.0
2.0,-2.0
25.0,-2.0
2.0,-2.0
2.0,-2.0
2.0,-2.0
2.0,-2.0
2.0,-2.0
25.0,-2.0
2.0,-2.0
2.0,-2.0
2.0,-2.0
2.0,-2.0
2.0,-2.0
25.0,-2.0
2.0,-2.0
2.0,-2.0
2.0,-2.0
2.000000000000006,-1.9978456838940881
1.9642887918517498,-1.918225544019161
1.9517824360614955,-1.9517824360614955
1.9517824360614993,-1.8239919491858758
-1.8881305590824071,1.8881305590824071
0.12602213044836041,1.697969818737521
0.0,0.0
-1.8305748156469188,1.8305748156469188
-23.152257977474807,-1.8477420225251926
-0.513848839112788,1.961369050919047
-1.6348033334878385,1.6348033334878385
-1.3408562558463175,1.3408562558463175
-25.0,2.1493868883538774
-2.1168509288620228,2.1168509288620228
-2.1202386120575802,2.1202386120575802
-25.0,1.5442261204909684
-1.9539865208140776,1.9539865208140776
-25.0,2.4079105075525113
-1.8441599459576334,1.8441599459576334
-1.9216020366770312,1.9216020366770312
-1.5892411246297824,1.5892411246297824
-2.3845230283437644,1.9640309147061465
-1.7641594996102539,1.7641594996102539
1.971857456944898,-1.971857456944898
-1.8488919729271132,1.8488919729271132
1.7148612142405817,-1.7148612142405817
2.4460879772900066,-2.4460879772900066
2.0988332509812317,-2.0988332509812317
-1.9874183939148922,1.9874183939148922
-1.987418393914892,0.0
0.0,0.0
2.0906224978164833,-2.0906224978164833
2.1491260667273173,-2.1491260667273173
0.0,0.0
2.1013357500721277,-2.1013357500721277
25.0,-1.7004283741968393
25.0,0.0
2.074581809996182,-2.074581809996182
6.935918752985725,-1.9723324840520435
22.989659282445086,2.0103407175549144
25.0,0.0
-2.0,2.0
-2.0,2.0
2.0,-2.0
-2.0,2.0
2.0,-2.0
2.0,-2.0
-2.0,2.0
-2.0,2.0
-2.0,2.0
-2.0,2.0
-2.0,2.0
-2.0,2.0
-2.0,2.0
-2.0,2.0
-2.0,2.0
-2.0,2.0
-2.0,2.0
-2.0,2.0
2.0,-2.0
2.0,-2.0
2.0,-2.0
-2.0,2.0
-25.0,2.0
-25.0,0.0
2.0,-2.0
2.0,-2.0
-18.194999999999997,-2.0
-23.0,-2.0
2.0,-2.0
2.0,-2.0
2.0,-2.0
25.0,-2.0
-18.7575,-2.0
2.0,-2.0
4.21606648199446,-2.0
1.9999999999999998,-1.9999999999999998
2.0,-2.0
2.0,-2.0
2.0,-2.0
2.0,-2.0
2.0,-2.0
2.0,-2.0
-2.0,2.0
2.0,-2.0
2.0,-2.0
-2.0,2.0
-2.0,2.0
-2.0,2.0
-2.0,2.0
23.0,2.0
25.0,-2.0
25.0,-2.0
25.0,-2.0
2.0,-2.0
8.854932460008666,-2.0
1.9933216201179036,-1.9933216201179036
1.8629854923974014,-1.8629854923974014
1.8591493001434674,-1.8591493001434674
2.0030833912979022,-2.0030833912979022
1.9181353022806837,-1.9181353022806837
2.0623388933372153,-2.0623388933372153
2.192158952733731,-2.192158952733731
2.0337316680738726,-2.0337316680738726
-25.0,2.326076262690986
-2.1519509243076653,2.1519509243076653
-2.580573793188274,2.580573793188274
-1.6047806025911777,1.6047806025911777
-2.1319340873170596,2.1319340873170596
-2.2380479381124214,2.2380479381124214
-23.972317075347807,1.9335468151246324
-25.0,1.8654185652840098
-25.0,1.9667795612486074
-1.6448035470680882,1.6448035470680882
-1.737936906677347,1.737936906677347
-2.1410806741582338,2.1410806741582338
-1.8962753573530833,1.8962753573530833
-2.059360351386469,2.059360351386469
1.8262599770504746,-1.8262599770504746
2.1022789997294655,-2.1022789997294655
-2.0316230049054793,2.0316230049054793
-1.9073542016890306,1.9073542016890306
1.64469467415682,-1.64469467415682
-2.1039537491210636,2.1039537491210636
2.209303911669267,-2.209303911669267
-2.1051904822783425,1.9954784606589722
1.8965095130057246,-1.8965095130057246
-2.0313686525388635,2.0313686525388635
-1.7283890679327585,1.7283890679327585
-2.031368652538864,1.9112704707581378
-1.9112704707581376,1.9112704707581376
1.9466650542115147,-1.9466650542115147
2.279133024621511,-2.279133024621511
-1.9112704707581376,1.9112704707581376
-1.9112704707581376,1.9112704707581376
2.016854502970356,-2.016854502970356
2.0,-2.0
-1.9112704707581376,1.9112704707581376
2.0,-2.0
2.0,-2.0
2.0,-2.0
-1.9112704707581376,1.9112704707581376
-1.9112704707581376,1.9112704707581376
2.0,-2.0
-1.9112704707581376,1.9112704707581376
-1.9112704707581376,1.9112704707581376
-1.9112704707581376,1.9112704707581376
-1.9112704707581376,1.9112704707581376
-1.9112704707581376,1.9112704707581376
-1.9112704707581376,1.9112704707581376
2.0,-2.0
-1.9016847321419805,1.9999999999999998
-2.0,2.0
-2.0,2.0
-2.0,2.0
2.0,-2.0
-2.0,2.0
-2.0,2.0
2.0,-2.0
-2.0,2.0
-2.0,2.0
-2.0,2.0
-2.0,2.0
-2.0,2.0
-2.0,0.0
2.0,-2.0
2.0,-2.0
2.0,-2.0
2.0,-2.0
2.0,-2.0
2.0,-2.0
2.0,-2.0
25.0,-2.0
2.0,-2.0
2.0,-2.0
23.0,2.0
25.0,0.0
-2.0,2.0
-2.0,2.0
-2.0,2.0
5.263157894736849,2.0
25.0,-2.0
2.0,-2.0
2.0,-2.0
2.0,-2.0
2.0,-2.0
2.0,-2.0
2.0,-2.0
2.0,-2.0
-25.0,2.0
-25.0,0.0
2.0,-2.0
-2.015941939152921,2.015941939152921
1.7986578612772735,-1.7986578612772735
1.8287011759587202,-1.8287011759587202
-2.093743915739916,2.093743915739916
-2.061567946895972,2.061567946895972
25.0,0.0
1.755910088672664,-1.755910088672664
-2.0371502774877017,2.0371502774877017
1.561858798511623,-1.561858798511623
-1.9610459034954557,1.9610459034954557
-1.7298231924117706,1.7298231924117706
-25.0,1.871177468929627
-25.0,0.0
-1.7558394001737527,1.7558394001737527
-1.832893335296454,1.832893335296454
-1.932342901627563,1.932342901627563
-19.500894121907976,1.9847196080100566
-2.111174389940582,2.111174389940582
-1.9565019584248615,1.9565019584248615
-2.1125029550317134,2.1125029550317134
-2.1125029550317134,2.1125029550317134
-2.0518641842558303,1.9670282332894153
-1.9318676477018508,1.9318676477018508
1.7645770035569437,-1.7645770035569437
2.131729280014412,-2.131729280014412
1.5903898127370781,-1.5903898127370781
-1.9613854607491503,1.9613854607491503
1.7071416514711633,-1.7071416514711633
-1.9748459394658036,1.9748459394658036
-2.027667004065298,2.027667004065298
-2.027667004065298,2.027667004065298
-2.027667004065298,2.027667004065298
1.9124551342622005,-1.9124551342622005
-1.7078070385245254,1.7078070385245254
-2.027667004065298,2.027667004065298
-2.027667004065298,2.027667004065298
-1.9276544238225897,1.9276544238225897
-1.911383741977234,1.911383741977234
-2.027667004065298,2.027667004065298
-2.0,2.0
-2.0,2.0
-2.0,2.0
2.0,-2.0
-2.0,2.0
-2.0,2.0
2.0,-2.0
-1.9999999999999847,1.9999999999999847
-2.0,2.0
2.0,-2.0
-2.0,2.0
2.0,-2.0
-2.0,2.0
2.0,-2.0
-2.0,2.0
2.0,-2.0
2.0,-2.0
2.0,-2.0
2.0,-2.0
2.0,-2.0
2.0,-2.0
2.0,-2.0
-2.0,2.0
-2.0,2.0
-2.0,2.0
-2.027667004065298,2.0
-2.0,2.0
-2.0,2.0
2.0,-2.0
0.0,-2.0
2.0,-2.0
2.0000000000000013,-2.0000000000000013
2.0,-2.0
2.0,-2.0
0.0,0.0
3.3413504205189772,2.0
23.0,2.0
23.0,2.0
-2.0,2.0
23.0,2.0
-2.0,2.0
-2.0,2.0
-2.0,2.0
2.0,-2.0
2.0,-2.0
2.0,-2.0
2.0,-2.0
2.0,-2.0
1.9999999999583662,-1.9999999999583662
2.0,-2.0
2.0,-2.0
2.0000000000000013,-2.0000000000000013
2.0,-2.0
2.0000000000000013,-2.0000000000000013
2.0,-2.0
2.0000000000000013,-2.0000000000000013
2.0,-2.0
-2.0435171880205387,2.0435171880205387
1.8632915495351927,-1.8632915495351927
-2.1687023628943547,2.1687023628943547
1.9027666285605158,-1.9027666285605158
-25.0,2.040034936275834
-1.9744405851048623,1.9744405851048623
2.8451596959223138,-1.9476043591981536
2.088462553929013,-2.088462553929013
-25.0,0.0
1.9596084654930561,-1.9596084654930561
-2.279696718064274,2.279696718064274
-2.3036465495277447,2.3036465495277447
-25.0,1.7780778757015447
-2.0790966433970226,2.0790966433970226
-2.1362252578893166,2.1362252578893166
-2.1056218714658907,2.1056218714658907
-1.813820063536843,1.813820063536843
-2.1362252578893166,2.1362252578893166
-2.0854286288016652,2.0854286288016652
-1.8147500591006338,1.8147500591006338
-2.1107941236852827,2.1107941236852827
-2.112509582078487,2.112509582078487
-2.1149388680812247,2.1149388680812247
-2.1269038432428005,2.1269038432428005
-1.9271719117027941,1.9271719117027941
-2.1362252578893153,2.1362252578893153
-2.1362252578893153,2.1362252578893153
-1.972778616446325,1.972778616446325
-2.1362252578893153,2.1362252578893153
-1.9058454440404091,1.9058454440404091
-2.1362252578893153,2.1362252578893153
-2.1362252578893153,2.1362252578893153
2.437930985253268,-2.177407146617338
-1.9245998286207833,1.9245998286207833
-2.2510602233443517,2.2510602233443517
-2.270497193742331,2.270497193742331
2.1599794336861597,-2.1599794336861597
2.0808504045427054,-2.0808504045427054
1.9265378206805828,-1.9265378206805828
-2.0,2.0
-2.0,2.0
-2.0,2.0
-2.0,2.0
2.0,-2.0
-2.0,2.0
2.0,-2.0
2.0000000000000013,-2.0000000000000013
-2.0,2.0
-2.0,2.0
-2.0,2.0
-2.0,2.0
-2.0,2.0
-2.0,2.0
-2.0,2.0
-2.0,2.0
-2.0,2.0
-2.0,2.0
-2.0,2.0
2.0,-2.0
-2.0,2.0
-2.0,2.0
-2.0,2.0
-2.0,2.0
-2.0,2.0
1.628651977741758,-2.0
1.9999999999791822,-1.9999999999791822
-2.0,2.0
-2.0,2.0
-2.0,0.0
0.0,0.0
0.0,0.0
2.0,-2.0
0.0,0.0
2.0,-2.0
0.0,0.0
0.0,0.0
2.0,-2.0
2.0,-2.0
2.0,-2.0
2.0,-2.0
0.0,1.999999999999982
-1.8049999999999837,1.8049999999999837
-1.804999999999998,1.804999999999998
2.0,-2.0
2.0,-2.0
1.9999999999583662,-1.9999999999583662
2.0,-2.0
1.9999999999583662,-1.9999999999583662
2.0000000000000013,-2.0000000000000013
25.0,-2.0
2.0000000000000013,-2.0000000000000013
11.263157894778503,-1.9999999999999982
2.0000000000000013,-2.0000000000000013
25.0,-2.0
25.0,-2.0
25.0,-2.0
1.9999999999583662,-1.9999999999583662
-2.0023697478243636,2.0023697478243636
1.9394736655906426,-1.9394736655906426
-1.9804321059815497,1.9804321059815497
-1.886910709115716,1.886910709115716
-1.980359326807169,1.980359326807169
1.9835246883621778,-1.9835246883621778
1.9999999999583609,-2.672779602929574
-23.29430880394454,-1.7056911960554615
-2.490359963256118,2.490359963256118
-1.733922020840787,1.733922020840787
-1.629979474584505,1.629979474584505
-25.0,1.7963866702798583
-2.04330775066066,2.04330775066066
-25.0,1.7497598736937903
-20.67646019919008,1.7284422420937702
-1.8710244157065388,1.8710244157065388
-1.8535653031966048,1.8535653031966048
-2.0869459069389995,2.0869459069389995
-2.0859086163322145,2.0859086163322145
-1.6595073859887925,1.6595073859887925
-1.4327083864128203,1.4327083864128203
-2.1203489839437135,2.1203489839437135
-2.1203489839437135,2.1203489839437135
-1.7931809152969005,1.7931809152969005
2.2223781282311577,-2.2223781282311577
-2.1203489839437135,2.1203489839437135
-2.0058103421515217,2.0058103421515217
-1.9191686482167665,1.9191686482167665
1.8933312129308248,-1.8933312129308248
1.871542745436272,-1.871542745436272
-2.1203489839437135,2.1203489839437135
-2.1065979407834368,2.1065979407834368
-2.1203489839437135,2.1203489839437135
-1.9244276831915168,1.9244276831915168
-2.0674259406695272,2.0674259406695272
-2.1203489839437135,2.1203489839437135
-2.0213513979811975,2.0213513979811975
1.9330762159103463,-1.9330762159103463
-1.8944491276758373,1.8944491276758373
-2.0,2.0
-2.0,2.0
-2.0,2.0
-2.0,2.0
-2.0,2.0
-2.0,2.0
2.0000000000000013,-2.0000000000000013
2.0,-2.0
2.0000000000000013,-2.0000000000000013
2.0,-2.0
2.0000000000000013,-2.0000000000000013
2.0,-2.0
1.9999999999999984,-1.9999999999999984
2.0,-2.0
-2.0,2.0
-2.0,2.0
-2.0,2.0
2.0000000000000013,-2.0000000000000013
2.0,-2.0
2.0000000000000013,-2.0000000000000013
2.0,-2.0
-2.0,2.0
2.0,-2.0
-2.0,2.0
-2.1203489839437135,2.0
-2.0,2.0
-2.0,2.0
-2.0,2.0
-2.0,0.0
0.0,0.0
0.0,0.0
0.0,0.0
0.0,0.0
2.0,-2.0
2.0,-2.0
2.0,-2.0
2.0,-2.0
2.0,-2.0
2.0,-2.0
0.0,0.0
2.0,-2.0
2.0,-2.0
2.0,-2.0
2.0,-2.0
2.0,-2.0
2.0,-2.0
2.0,-2.0
2.0,-2.0
2.0,-2.0
2.0,-2.0
2.0,-2.0
25.0,-2.0
2.0,-2.0
2.0,-2.0
2.0,-2.0
2.0,-2.0
7.049470280905687,-1.9825500378933736
1.780259732234743,-1.780259732234743
1.7022458023275906,-1.7022458023275906
1.7670658540872242,-1.7670658540872242
-2.2029974877307485,2.2029974877307485
-2.2795379845153816,2.2795379845153816
-2.168167623334516,2.168167623334516
1.687369068490188,-1.687369068490188
1.6868556301521194,-1.6868556301521194
-2.5267523906092952,2.5267523906092952
-2.24442441940254,2.24442441940254
-2.344624735460915,2.344624735460915
-25.0,2.3198679821594332
-2.3493665452137265,2.3493665452137265
-2.41373094806102,2.41373094806102
-2.3828911969693616,2.3828911969693616
-2.4375908410325735,2.4375908410325735
-2.4893051583114385,2.4893051583114385
-2.4459857314255116,2.4459857314255116
-2.3551459611469756,2.3551459611469756
1.656190706865802,-1.656190706865802
1.5202321087156792,-1.5202321087156792
1.4781099682800507,-1.4781099682800507
-2.4596469149872853,2.4596469149872853
-2.494857992359785,2.494857992359785
-2.6502635014780465,2.6502635014780465
-2.6502635014780465,2.6502635014780465
-2.4029806159008125,2.4029806159008125
-2.541444868878389,2.541444868878389
-2.6502635014780465,2.58874746644846
1.4477757661850656,-1.4477757661850656
1.5723610897783313,-1.5723610897783313
1.514610479610357,-1.514610479610357
0.9635279912822918,-1.5522754577307516
-2.0,2.0
-2.0,2.0
-2.0,2.0
-2.0,2.0
1.946519180289098,-1.946519180289098
-2.0,2.0
2.013524458809957,-2.013524458809957
-2.0,2.0
-2.0,2.0
-2.0,2.0
-2.0,2.0
-2.0,2.0
-2.0,2.0
-2.0,2.0
-2.0,2.0
-2.0,2.0
-2.0,2.0
-2.0,2.0
2.0,-2.0
-2.0,2.0
-2.0,2.0
-2.0,2.0
-2.0,2.0
-2.0,2.0
-2.0,2.0
-2.0,2.0
-2.0,2.0
-2.0,2.0
-2.0,2.0
-2.0,2.0
-2.0,2.0
-2.0,2.0
-2.0,2.0
-2.0,2.0
0.0,-2.0
2.0,-2.0
2.0,-2.0
2.0,-2.0
2.0,-2.0
0.0,0.0
0.0,0.0
2.0,-2.0
13.263157894736857,-2.0
2.0,-2.0
2.0,-2.0
2.0,-2.0
25.0,-2.0
2.0,-2.0
-2.0,2.0
2.0,-2.0
25.0,-2.0
2.0,-2.0
-2.0,2.0
2.0,-2.0
25.0,-2.0
-2.0,2.0
-2.0,2.0
2.0,-2.0
-2.0,2.0
-2.0,2.0
-2.0,2.0
-2.0,2.0
22.978672270042992,2.021327729957008
0.0,0.0
-2.297417125561254,2.297417125561254
-2.1329952037348576,2.1329952037348576
-2.06321997498435,2.06321997498435
-2.217658093060601,2.217658093060601
-2.257829357155761,2.257829357155761
-25.0,2.0992567508273794
-25.0,2.199210288286885
-2.2968891708350156,2.2968891708350156
-2.194869888224315,2.194869888224315
-25.0,2.119604940156634
-25.0,2.1193632107362497
-2.0746438991129708,2.0746438991129708
-2.031127554265792,2.031127554265792
-3.5348001499807973,2.3116087884385124
-2.0879327057608394,2.0879327057608394
-1.902720002552864,1.902720002552864
-2.314243828464865,2.314243828464865
-2.196287445086396,2.196287445086396
-2.053064972525906,2.053064972525906
-2.314243828464865,2.1754154034884374
-2.1754154034884374,2.053903136155844
-2.053903136155844,2.053903136155844
-2.053903136155844,2.053903136155844
1.7727497300961632,-1.7727497300961632
1.892665194730152,-1.892665194730152
1.9555539751626876,-1.9555539751626876
1.7279426889965581,-1.7279426889965581
1.7881270031984524,-1.7881270031984524
2.003636670810023,-2.003636670810023
1.6892798669763627,-1.6892798669763627
2.058623486900059,-2.058623486900059
1.6203535313600952,-1.6742566675159392
2.1099553289080317,-2.1099553289080317
1.8264294401036656,-1.8264294401036656
1.6810924662621463,-1.6810924662621463
2.09637382769436,-2.09637382769436
2.000681875776879,-2.000681875776879
-2.0,2.0
2.0,-2.0
-2.0,2.0
2.0,-2.0
-2.0,2.0
2.0,-2.0
2.0,-2.0
2.0,-2.0
2.0,-2.0
-2.0,2.0
2.0,-2.0
2.0,-2.0
-2.0,2.0
2.0,-2.0
2.0,-2.0
2.0,-2.0
2.0,-2.0
2.0,-2.0
-2.0,2.0
-2.0,2.0
2.0,-2.0
-2.0,2.0
-2.0,2.0
-2.0,2.0
-2.0,2.0
-2.0,2.0
-2.0,2.0
2.0,-2.0
0.0,-2.0
2.0,-2.0
2.0,-2.0
2.0,-2.0
2.0,-2.0
0.21606648199446,2.0
-2.0,2.0
-2.0,2.0
-2.0,2.0
-2.0,2.0
-2.0,2.0
-2.0,2.0
-2.0,2.0
-2.0,2.0
-2.0,2.0
2.0,-2.0
2.0,-2.0
2.0,-2.0
2.0,-2.0
2.0,-2.0
2.0,-2.0
2.0,-2.0
-2.0,2.0
-2.0,2.0
-2.0,2.0
-2.0,2.0
25.0,0.0
23.0,2.0
-2.0,2.0
25.0,0.0
24.999999999965656,3.434408313296444e-11
-1.037980736168302,2.236626239346107
1.848445909564568,-1.848445909564568
1.848445909564574,-1.848445909564574
1.8484459095645738,2.220446049250313e-16
0.0,0.0
0.0,0.0
-20.858346515476086,-1.7041534845239141
25.0,-1.98083710532212
1.9808371053221272,-1.9808371053221272
1.7360661860454645,-1.7360661860454645
-20.230721489359215,-2.0566505204036822
-2.0960587273989937,2.0960587273989937
-25.0,2.02232620500412
-25.0,2.22214933733067
-25.0,2.1763532883936207
-2.013694634369294,2.013694634369294
-1.7833668901736015,1.7833668901736015
-2.272621556700104,2.272621556700104
-1.8881228275278374,1.8881228275278374
-2.1976747068775158,2.1976747068775158
-2.328924314935036,2.328924314935036
-2.1500937733429826,2.1500937733429826
-1.9310408447235226,1.9310408447235226
-2.1141101716609603,2.1141101716609603
-2.1614714659310215,2.1614714659310215
-2.345751333412302,2.345751333412302
-2.051027629003734,2.051027629003734
2.1538749768873853,-2.1538749768873853
1.7791817523497109,-1.7791817523497109
1.456209156564019,-1.456209156564019
2.2301705885150778,-2.2301705885150778
1.8619851239083545,-1.8619851239083545
-2.345751333412302,2.0
1.9900972986794074,-1.9900972986794074
1.8034944935174102,-1.8034944935174102
2.0458710765737207,-2.0458710765737207
1.8915531328902881,-1.8915531328902881
1.9790120590460898,-1.9790120590460898
2.0232827207739215,-2.0232827207739215
2.0,-2.0
2.0,-2.0
2.0,-2.0
2.0,-2.0
2.0,-2.0
2.0,-2.0
2.0,-2.0
2.0,-2.0
2.0,-2.0
2.0,-2.0
2.0,-2.0
-2.0,2.0
-2.0,2.0
-2.0,2.0
-2.0,2.0
2.0,-2.0
-2.0,2.0
-2.0,2.0
-2.0,2.0
-2.0,2.0
-2.0,2.0
-2.0,2.0
-2.0,2.0
-2.0,2.0
-2.0,2.0
-2.0,2.0
-2.0,2.0
0.0,-2.0
2.0,-2.0
2.0,-2.0
2.0,-2.0
2.0,-2.0
2.0,-2.0
0.0,0.0
0.0,2.0
-1.805,2.0
-1.9809875000000003,1.9999999999999976
-1.998146281249997,1.9999999999999993
-1.9998192624218747,1.9998192624218747
-1.9998192624218745,2.0
-1.9999823780861328,1.9999823780861328
-1.9999823780861328,1.9999823780861328
-1.9999823780861328,1.9999823780861328
-1.9999823780861328,1.9999823780861328
-1.9999823780861343,2.0
-1.9999982818633981,1.9999982818633981
25.0,-2.0
25.0,-2.0
2.0,-2.0
2.0,-2.0
9.047093316494854,-2.0
-2.0,2.0
-2.0,2.0
-2.0,2.0
23.0,2.0
-2.0413628702196522,2.0413628702196522
22.721800269673153,2.278199730326847
-2.2197110574787375,2.2197110574787375
-1.9711759756350882,1.9711759756350882
-1.9408487161605317,1.9408487161605317
-2.0815458105400797,2.0815458105400797
-2.033007742107351,2.033007742107351
-1.9011143637918968,1.9011143637918968
-25.0,2.1254632495038415
-2.074961681784412,2.074961681784412
2.398823248558636,-2.398823248558636
2.6622426774541355,-2.6622426774541355
-25.0,0.0
-2.085851813074161,2.085851813074161
-25.0,2.141707087865097
-2.25031617955727,2.25031617955727
-1.7410326842412411,1.7410326842412411
-1.639448893275615,1.639448893275615
-24.15975474524321,1.8925844078742564
-2.0,2.0
-2.0,2.0
1.905942640726411,-1.905942640726411
1.860666026026899,-1.860666026026899
1.9745363617094132,-1.9745363617094132
1.9776031064969697,-1.9776031064969697
-1.5720600325106515,1.5720600325106515
1.9154294159685925,-1.9154294159685925
2.011290594259024,-2.011290594259024
1.9385054239790138,-1.9385054239790138
-1.5084302851341782,1.5084302851341782
-1.934179540304613,1.934179540304613
1.3286703791256471,-1.3286703791256471
2.2792479723256545,-2.2792479723256545
2.0672919796526186,-2.0672919796526186
-1.2196769187206478,1.2196769187206478
-1.9275973049908806,1.9275973049908806
1.9782434054446907,-1.9782434054446907
-1.8693077739121264,1.8693077739121264
2.027256254442646,-2.027256254442646
-1.9551862233751767,1.9551862233751767
2.0,-2.0
2.0,-2.0
2.0,-2.0
-2.0,2.0
2.0,-2.0
2.0,-2.0
-2.0,2.0
-2.0,2.0
-2.0,2.0
-2.0,2.0
-2.0,2.0
2.0,-2.0
-2.0,2.0
-2.0,2.0
-2.0,2.0
-2.0,2.0
-2.0,2.0
2.0,-2.0
2.0,-2.0
-2.0,2.0
-2.0,2.0
-2.0,2.0
-2.0,2.0
-2.0,2.0
2.0,-2.0
-2.0,2.0
2.0,-2.0
-2.0,2.0
-2.0,0.0
0.0,0.0
2.0000000000000013,-2.0000000000000013
2.0,-2.0
2.0,-2.0
0.0,0.0
2.0,-2.0
2.0000000000000013,-2.0000000000000013
11.21486394964654,-2.0
2.0000000000000013,-2.0000000000000013
-2.0,2.0
2.0,-2.0
1.999999999999999,-1.999999999999999
2.0000000000000013,-2.0000000000000013
2.0,-2.0
2.0,-2.0
-2.0,2.0
1.9999999999583662,-1.9999999999583662
2.0,-2.0
2.0,-2.0
2.0000000000000013,-2.0000000000000013
1.999999999999999,-1.999999999999999
-2.0,2.0
-2.0,2.0
-2.0,2.0
-2.0,2.0
2.0000000000000013,-2.0000000000000013
25.0,-2.0
25.0,-1.9791031340962526
25.0,0.0
25.0,-1.878834469221772
1.906231548408343,-1.906231548408343
1.9062315484083436,-1.5543122344752192e-15
-1.967933614108052,1.967933614108052
-2.1047625644010095,2.1047625644010095
0.0,0.0
-22.662226999754914,-2.337773000245086
-2.002168622163005,2.002168622163005
-2.060675662384055,2.060675662384055
-25.0,1.513830697106748
-25.0,2.2464052752403134
-2.0191070381407874,2.0191070381407874
-23.75384907712631,2.2957218638820223
-2.3021087591027847,2.3021087591027847
-2.0669830330435266,2.0669830330435266
-1.9545933689542778,1.9545933689542778
-2.0321045703043055,2.0321045703043055
-1.835534371222269,1.835534371222269
-1.8789566751200022,1.8789566751200022
-1.799328605686525,1.799328605686525
-2.1366194093854736,2.1366194093854736
-1.8502300052279201,1.8502300052279201
-1.724068075650023,1.724068075650023
-2.29288390999496,2.29288390999496
-1.873511767261955,1.873511767261955
-2.208231907960343,2.208231907960343
-1.9381620798414483,1.9381620798414483
-1.3232096925848067,1.3232096925848067
-2.057203089875074,2.057203089875074
-1.6484389555834875,1.6484389555834875
-2.0821627570372665,2.0821627570372665
-2.0388887727577836,2.0388887727577836
-1.668333823356106,1.668333823356106
-2.052624589489166,2.052624589489166
-2.142070076462739,2.142070076462739
-1.9651665854001388,1.9651665854001388
2.142131968345993,-2.142131968345993
-1.9730361393420148,1.9730361393420148
-2.0,2.0
-2.0,2.0
-2.0,2.0
-2.0,2.0
-2.0,2.0
-2.0,2.0
-2.0,2.0
-2.0,2.0
2.0000000000000013,-2.0000000000000013
2.0,-2.0
-2.0,2.0
-2.0,2.0
2.0,-2.0
2.0,-2.0
2.0,-2.0
2.0000000000000013,-2.0000000000000013
1.999999999999999,-1.999999999999999
2.0000000000000013,-2.0000000000000013
2.0,-2.0
2.0000000000000013,-2.0000000000000013
1.999999999999999,-1.999999999999999
2.0000000000000013,-2.0000000000000013
2.0,-2.0
2.0,-2.0
-2.3021087591027967,0.0
0.0,0.0
0.0,0.0
0.0,0.0
2.0,-2.0
0.0,0.0
2.0,-2.0
2.0,-2.0
2.0,-2.0
2.0,-2.0
2.0,-2.0
2.0,-2.0
2.0,-2.0
2.0,-2.0
2.0,-2.0
2.0,-2.0
4.21606648199446,-2.0
2.0,-2.0
2.0,-2.0
2.0,-2.0
-2.0,2.0
-2.0,2.0
-2.0,2.0
-2.0,2.0
23.0,2.0
-2.0,2.0
25.0,-2.0
-2.0,2.0
25.0,0.0
2.0,-2.0
3.047091412742385,2.0
-1.9999999999999847,1.9999999999999847
-2.019388845415462,2.019388845415462
25.0,-1.6978587368106588
1.6978587368106624,-1.6978587368106624
1.6978587368106597,-1.6978587368106597
1.660564399949064,-1.660564399949064
-2.5941500874366237,2.5941500874366237
-2.070256163002024,2.070256163002024
-1.794583640197155,1.794583640197155
-25.0,1.7657313719900465
-1.9907196099287443,1.9907196099287443
-2.0269152771075003,2.0269152771075003
-2.115422958069299,2.115422958069299
-2.144744799876314,2.144744799876314
-2.034907495515572,2.034907495515572
-1.9681939623741282,1.9681939623741282
-24.99999999995753,2.0432992301719537
-1.9987414922604678,1.9987414922604678
-1.9781667210463194,1.9781667210463194
-1.9329153522392755,1.9329153522392755
-1.9969831158500684,1.9969831158500684
-1.8718512186848688,1.8718512186848688
1.891991129401255,-1.891991129401255
-2.0433257383590426,2.0433257383590426
-2.0519194401551664,2.0519194401551664
-1.9722503461464314,1.9722503461464314
-2.2032231228946824,2.2032231228946824
1.9964807225899532,-1.9964807225899532
-1.9931798221497568,1.9931798221497568
-2.096488538718262,2.096488538718262
-2.1189043666406437,2.1189043666406437
-2.363871572731246,2.363871572731246
-2.004714039271099,2.004714039271099
-2.0084106690757313,2.0084106690757313
-25.0,0.0
2.1707569051807702,-2.1707569051807702
-2.250442093445954,2.250442093445954
1.4007060619730107,-1.4007060619730107
-2.1769361529359808,2.1769361529359808
-1.9494323984930824,1.9494323984930824
-1.9965288672958246,1.9965288672958246
-2.014649349458557,2.014649349458557
-2.0,2.0
2.0,-2.0
-2.0,2.0
-2.0,2.0
-2.0,2.0
-2.0,2.0
-2.0,2.0
2.0,-2.0
-2.0,2.0
-2.0,2.0
-2.0,2.0
25.0,-2.0
-2.0,2.0
5.579819288384658,2.0
23.0,2.0
25.0,-2.0
-2.0,2.0
2.000000000000006,-2.000000000000006
2.000000000000006,-2.000000000000006
-2.0,2.0
2.0,-2.0
2.000000000000006,-2.000000000000006
-2.0,2.0
-20.194999999999997,2.0
-2.0,2.0
-25.0,0.0
-25.0,0.0
-25.0,0.0
2.0,-2.0
2.0,-2.0
2.0,-2.0
0.0,0.0
0.0,2.0
-1.805,2.0
-1.9789335180055403,2.0
-2.0,2.0
-2.0,2.0
-1.9999999999999996,1.9999999999999996
-2.0,2.0
-2.0,2.0
-2.0,2.0
-2.0,2.0
-2.0,2.0
-2.0,2.0
-2.0,2.0
-2.0,2.0
-2.0,2.0
23.0,2.0
-2.0,2.0
-2.0,2.0
23.0,2.0
23.0,2.0
-2.0,2.0
-2.0,2.0
-2.0,2.0
1.0283488621740986,2.018742550568281
-2.1547723722132766,2.1547723722132766
-2.062263273999932,2.062263273999932
22.958603521186,2.0413964788140007
-2.065997969876803,2.065997969876803
-1.9153304836274834,1.9153304836274834
-1.863831545368737,1.863831545368737
-1.9146382728133755,1.9146382728133755
-2.088233447454866,2.088233447454866
-1.9707434819397447,1.9707434819397447
-1.7393487832136225,1.7393487832136225
-1.7473043950776166,1.7473043950776166
-2.1612070152074176,2.1612070152074176
-1.8948451775447692,1.8948451775447692
-24.918050040590355,1.7566024572735977
-25.0,1.8775889788955453
-25.0,1.5498587946742468
-25.0,1.8476675471424109
-1.9905151181997534,1.9905151181997534
-1.8865228690926745,1.8865228690926745
-1.8239307278966406,1.8239307278966406
-2.113667737395458,2.113667737395458
-2.1115199430937386,2.1115199430937386
-2.013323519750013,2.013323519750013
-2.113667737395458,2.113667737395458
2.4161009062164576,-2.4161009062164576
2.207902449063635,-2.207902449063635
1.8740646523070055,-1.8740646523070055
2.4436896175055427,-2.4436896175055427
2.064033050508649,-2.064033050508649
-1.8821913050924701,1.7685235676970121
1.811053744869656,-1.811053744869656
2.304091192808839,-2.304091192808839
-2.0,2.0
-1.7074351349711043,1.7074351349711043
-1.8993607209863343,1.8993607209863343
-2.0,2.0
-1.9575302551824518,1.9575302551824518
-1.9381648016642294,1.9381648016642294
-1.9740504473111409,1.9740504473111409
-2.0,2.0
-2.0,2.0
2.059699507701369,-2.059699507701369
-2.0,2.0
-2.0,2.0
-2.0,2.0
-2.0,2.0
-2.0,2.0
-2.0,2.0
-2.0,2.0
-2.0,2.0
-2.0,2.0
-2.0,2.0
-2.0,2.0
-2.0,2.0
-2.0,2.0
-2.0,2.0
-2.0,2.0
-2.0,2.0
-2.0,2.0
-2.0,2.0
-2.0,2.0
-2.0,2.0
-2.0,2.0
-2.0,2.0
-2.0,2.0
-2.0,2.0
-2.0,2.0
-2.0,0.0
0.0,0.0
0.0,0.0
2.0,-2.0
2.0,-2.0
2.0,-2.0
0.21606648199446,2.0
-2.0,2.0
-2.0,2.0
-2.0,2.0
-2.0,2.0
-2.0,2.0
-2.0,2.0
-2.0,2.0
-2.0,2.0
-2.0,2.0
-2.0,2.0
-2.0,2.0
-2.0,2.0
-2.0,2.0
23.0,2.0
-2.0,2.0
23.0,2.0
23.0,2.0
23.0,2.0
1.0470914127423794,2.0
-2.0,2.0
-2.0,2.0
-2.0066783798820964,2.0066783798820964
0.0,0.0
-2.2012225831501238,2.2012225831501238
0.0,0.0
-1.8220975605298042,1.8220975605298042
-2.079668305074596,2.079668305074596
-2.0995808449719413,2.0995808449719413
-2.1321568823180903,2.1321568823180903
-25.0,2.0574151553718067
-1.9541913281167247,1.9541913281167247
-2.1558432097789257,2.1558432097789257
-2.077467336611866,2.077467336611866
-25.0,1.8521969758248389
-2.1174401048774962,2.1174401048774962
-2.4085774156709068,2.177403833093952
-2.178359705697524,2.178359705697524
-1.9550124507692468,1.9550124507692468
-25.0,2.2005748287747835
-2.352306429391632,2.352306429391632
-2.2392982409369004,2.2392982409369004
-25.0,1.5222435751980719
-2.401256952592556,2.401256952592556
-1.7769361302146782,1.7769361302146782
-2.0786213894713113,2.0786213894713113
-1.922397282289774,1.922397282289774
-2.216786478623142,2.216786478623142
-2.11510044179302,2.11510044179302
-2.3861517039816107,2.3861517039816107
-1.78736205265667,1.78736205265667
-1.991488347354398,1.991488347354398
1.3804525447405185,-1.3804525447405185
-2.111074353091677,2.111074353091677
-1.9840969811870632,1.9840969811870632
-2.2146456269418504,2.2146456269418504
-2.401256952592556,2.027847797260538
-1.9571801262112851,1.9571801262112851
-1.999128701136197,1.999128701136197
-2.027847797260538,2.0
1.9784527885653476,-1.9784527885653476
1.9911014146056172,-1.9911014146056172
1.9564970374481674,-1.9564970374481674
-1.9836749507307474,1.9836749507307474
-1.9954573961174442,1.9954573961174442
1.9998453491852797,-1.9998453491852797
-1.9641625237131513,1.9641625237131513
-2.0,2.0
-2.0,2.0
-2.0,2.0
-2.0,2.0
-2.0,2.0
-2.0,2.0
2.0,-2.0
2.0,-2.0
-2.0,2.0
-2.0,2.0
-2.0,2.0
-2.0,2.0
-2.0,2.0
-2.0,2.0
-2.0,2.0
-2.0,2.0
-2.0,2.0
-2.0,2.0
-2.0,2.0
-2.0,0.0
0.0,0.0
2.0,-2.0
2.0,-2.0
2.0,-2.0
2.0,-2.0
2.0,-2.0
2.0,-2.0
2.0,-2.0
2.0,-2.0
2.0,-2.0
2.0,-2.0
2.0,-2.0
2.0,-2.0
2.0,-2.0
2.0,-2.0
2.0,-2.0
2.0,-2.0
2.0,-2.0
2.0,-2.0
0.21606648199446,2.0
-2.0,2.0
-2.0,2.0
-2.0,2.0
-2.0,2.0
-2.0,2.0
-2.0,2.0
25.0,0.0
25.0,0.0
25.0,0.0
1.047091412742383,2.0
23.0,2.0
-2.0202505722892745,2.0202505722892745
-2.23918340787475,2.23918340787475
-2.2335537747860386,2.2335537747860386
-1.9544125452494754,1.9544125452494754
-1.9759780599561676,1.9759780599561676
0.0,0.0
-1.7868820651261217,1.7868820651261217
-1.779177018744873,1.779177018744873
-2.1108035908949585,2.1108035908949585
-2.320961444876957,2.320961444876957
-1.7008939242326333,1.7008939242326333
-1.9055614277501434,1.9055614277501434
-25.0,2.0755918823751465
-2.084839238196121,1.842134909808039
-25.0,1.7716329149281087
-25.0,1.5620143763239582
-25.0,2.0136914786327367
-1.7882526015134816,1.7882526015134816
-1.6866785933311856,1.6866785933311856
-2.055852750201689,2.055852750201689
-2.1802263238718798,2.1802263238718798
-1.620029752789191,1.503550254120104
-1.963008456061191,1.963008456061191
-1.7041108820803736,1.7041108820803736
-2.063746825202793,2.063746825202793
-1.5226045914603654,1.5226045914603654
-2.063746825202793,2.063746825202793
-1.817137058233489,1.817137058233489
1.705196455456501,-1.705196455456501
2.4604156524129364,-2.4604156524129364
2.6592223219939894,-2.6592223219939894
1.7281815782540364,-1.7281815782540364
-1.745915239844562,1.745915239844562
-1.1734034068423038,1.1734034068423038
-2.063746825202793,2.063746825202793
-1.9102174014685638,1.9102174014685638
-1.8241139184038617,1.8241139184038617
-1.9392275353970132,1.9392275353970132
-1.965808659449674,1.965808659449674
-2.0163625532259153,2.0163625532259153
-2.0427945218832217,2.0427945218832217
2.0366383011432094,-2.0366383011432094
2.0,-2.0
2.0,-2.0
-2.0,2.0
-2.0,2.0
-2.0,2.0
2.0,-2.0
2.0,-2.0
2.0,-2.0
2.0,-2.0
2.0,-2.0
2.0,-2.0
-2.0,2.0
-2.0,2.0
-2.0,2.0
-2.0,2.0
2.0,-2.0
-2.0,2.0
-2.0,2.0
-2.0,2.0
-2.0,2.0
-2.0,2.0
-2.0,2.0
-2.0637468252027924,1.9999999999999996
-2.0,2.0
-2.0,2.0
-2.0,2.0
-2.0,0.0
0.0,0.0
0.0,0.0
0.0,0.0
0.0,0.0
0.0,0.0
25.0,-2.0
25.0,-2.0
25.0,-2.0
25.0,-2.0
2.0,-2.0
13.263157894736846,-2.0
-2.0,2.0
-2.0,2.0
2.0,-2.0
2.0,-2.0
2.0,-2.0
-2.0,2.0
2.0,-2.0
2.0,-2.0
2.0,-2.0
2.0,-2.0
-2.0,2.0
-2.0,2.0
2.0,-2.0
2.0,-2.0
2.0,-2.0
2.0,-2.0
2.0,-2.0
1.9325699026337249,-1.9325699026337249
1.8947722011368529,-1.8947722011368529
1.8935764925548346,-1.8935764925548346
1.7290324437236242,-1.7290324437236242
-1.9931064512747714,1.9931064512747714
-1.645734173779192,1.645734173779192
-25.0,2.0105729797656196
-25.0,2.0621550716826818
-2.1174094942328785,2.1174094942328785
-2.6631136607442834,2.6631136607442834
-23.998254341965303,2.0950996990588635
-2.017436075633059,2.017436075633059
-2.402477591493387,2.402477591493387
-2.2415684778170917,2.2415684778170917
-2.1779734435427613,2.1779734435427613
-1.9283319604617013,1.9283319604617013
-1.9827450636454005,1.9827450636454005
-25.0,2.0743358992248595
-2.3362153286798093,2.3362153286798093
-2.1230756192236777,2.1230756192236777
-2.179777893706916,2.179777893706916
-2.4389093077667168,2.4389093077667168
-2.0405253377370256,2.0405253377370256
-2.3981750602695198,2.3981750602695198
-2.1486490771464988,2.1486490771464988
-2.259084709158736,2.259084709158736
-2.1942841835190583,2.1942841835190583
-2.3465219642798907,2.3465219642798907
-2.125172921740459,2.125172921740459
-2.4389093077667185,2.4389093077667185
-2.3561968214209594,2.3561968214209594
-2.436049579297399,2.436049579297399
-1.8862514757486428,1.8862514757486428
-1.967724073200566,1.967724073200566
-2.1222718531222253,2.1222718531222253
-2.340897337224836,2.340897337224836
-2.046539540470227,2.046539540470227
-2.154194968574418,2.154194968574418
-2.0107273939000976,2.0107273939000976
-2.0003185716055816,2.0003185716055816
2.0,-2.0
2.0,-2.0
2.0,-2.0
-2.0,2.0
2.0,-2.0
2.0,-2.0
-2.0,2.0
-2.0,2.0
-2.0,2.0
-2.0,2.0
-2.0,2.0
-2.0,2.0
-2.0,2.0
-2.0,2.0
-2.0,2.0
-2.0,2.0
-2.0,2.0
-2.0,2.0
-2.0,2.0
-2.0,2.0
-2.0,2.0
-2.0,2.0
-2.0,2.0
-2.0,2.0
-2.0,2.0
-2.0,2.0
-2.438909307766717,2.0000000000000004
-2.0,0.0
0.0,0.0
2.0,-2.0
2.0,-2.0
2.0,-2.0
0.0,0.0
0.0,0.0
2.0,-2.0
2.0,-2.0
2.0,-2.0
2.0,-2.0
0.0,0.0
0.21606648199446,2.0
-2.0,2.0
-2.0,2.0
-2.0,2.0
-2.0,2.0
-2.0,2.0
-2.0,2.0
-2.0,2.0
-2.0,2.0
-2.0,2.0
-1.9999999999999996,1.9999999999999996
23.0,2.0
23.0,2.0
1.047091412742383,2.0
-2.0,2.0
-2.0,2.0
-2.016588235232813,2.016588235232813
22.725324709670975,2.274675290329025
22.634092622168158,2.3659073778318422
-2.2006868574226104,2.2006868574226104
-2.153854780173411,2.153854780173411
-2.0810992738170504,2.0810992738170504
-2.217302757124113,2.217302757124113
-2.257455086799923,2.257455086799923
-25.0,2.118165924285954
21.13744202161557,2.3440851045094107
1.8723056447492938,-1.8723056447492938
-2.1958847731015325,2.1958847731015325
-25.0,1.9787177126494342
-1.740905192484277,1.740905192484277
-1.948570330158713,1.948570330158713
-2.166160890456963,2.166160890456963
-2.211289816685536,2.211289816685536
-2.094237236257424,2.094237236257424
-2.2246234347925364,2.2246234347925364
-24.27966506836183,1.9907032000986398
-2.029128710729635,2.029128710729635
-1.8671207695836687,1.8671207695836687
-1.8968825210669404,1.8968825210669404
-1.9566168272355933,1.9566168272355933
-1.8148889115092084,1.8148889115092084
-1.9885995861087418,1.9885995861087418
-2.1392071133634483,2.1392071133634483
-1.8949259644006657,1.8949259644006657
1.9509731079743586,-1.9509731079743586
1.9480130270824807,-1.9480130270824807
-2.1092452881823673,2.1092452881823673
1.9660909795315398,-1.9660909795315398
-2.181055335865799,2.181055335865799
1.9301477712774648,-1.9301477712774648
2.457821005814533,-2.457821005814533
2.2093443050972166,-2.2093443050972166
1.8802696193151678,-1.8802696193151678
-1.9508569768690063,1.9508569768690063
-2.0834526249088494,2.0834526249088494
-2.0320208841154463,2.0320208841154463
-1.9586087971830584,1.9586087971830584
2.0,-2.0
2.0,-2.0
2.0,-2.0
2.0,-2.0
2.0,-2.0
2.0,-2.0
2.0,-2.0
2.0,-2.0
2.0,-2.0
2.0,-2.0
2.0,-2.0
2.0,-2.0
2.0,-2.0
-2.0,2.0
-2.0,2.0
-2.0,2.0
-2.0,2.0
-2.0,2.0
-2.0,2.0
-2.0,2.0
-2.0,2.0
2.0,-2.0
-2.0,2.0
2.0,-2.0
-2.0,2.0
-2.0,2.0
-25.0,2.0
-25.0,0.0
0.0,0.0
0.0,0.0
0.0,0.0
0.0,1.9999999999999998
-1.8049999999999997,1.8049999999999997
-1.8049999999999995,1.8049999999999995
-1.8049999999999995,2.0
-1.97893351800554,2.0
-2.0,2.0
-2.0,2.0
-2.0,2.0
-2.0,2.0
-2.0,2.0
-2.0,2.0
2.0,-2.0
2.0,-2.0
-2.0,2.0
-2.0,2.0
23.0,2.0
23.0,2.0
-2.0,2.0
3.0297875427477683,2.0
25.0,-2.0
25.0,-2.0
2.0,-2.0
2.0,-2.0
2.0,-2.0
1.992244461833815,-1.992244461833815
1.9170588213705166,-1.9170588213705166
2.0173038699946106,-2.0173038699946106
2.017303869994621,-1.7898097208248622
1.789809720824857,-1.789809720824857
-0.2505015001866666,2.0403112210115304
-1.704966717835041,1.704966717835041
-1.9990558036216948,1.9990558036216948
-24.812432126418102,2.249932126418102
25.0,-1.6526638556880187
1.652663855688016,-1.652663855688016
1.652663855688016,-1.652663855688016
1.4580366436050491,-1.4580366436050491
1.6526638556880195,-1.6526638556880195
-1.8534412827498556,1.8534412827498556
-2.072255637685493,2.072255637685493
-25.0,2.058571101673188
-1.7557264248049576,1.7557264248049576
-1.9027405148404952,1.9027405148404952
-2.024682277918701,2.024682277918701
-1.8553110566607707,1.8553110566607707
-22.319060090689813,2.0061745141503735
-2.185307059731075,2.185307059731075
2.1297146577954615,-2.1297146577954615
1.8433495528094088,-1.8433495528094088
1.9053847065028675,-1.9053847065028675
1.9767731477820831,-1.9767731477820831
1.7987567862221248,-1.7987567862221248
2.138854933163519,-2.138854933163519
2.0515319157057825,-2.0515319157057825
1.2677432045378794,-1.2677432045378794
1.5414020518447624,-1.5414020518447624
1.9118823680768315,-1.9118823680768315
-25.0,0.0
-25.0,2.020234267239484
-1.9727801943146046,1.9727801943146046
-2.2743906626148016,2.2743906626148016
-2.0700705662456764,1.8409373077840865
-2.0452574041532117,2.0452574041532117
-1.9970376213374397,1.9970376213374397
-2.0049549273671805,2.0049549273671805
-2.0452574041532117,2.0
-2.0,2.0
-2.0,2.0
-2.0,2.0
-2.0,2.0
-2.0,2.0
-2.0,2.0
-1.0304709141274229,2.0
-2.0,2.0
-2.0,2.0
-2.0,2.0
2.0,-2.0
2.0,-2.0
-2.0,2.0
-2.0,2.0
-2.0,2.0
23.0,2.0
25.0,0.0
-2.0,2.0
-2.0,2.0
-2.0,2.0
-2.0,2.0
-2.0,2.0
-25.0,2.0
-2.0,2.0
-2.0,2.0
-25.0,2.0
-1.9999999999999996,0.0
0.0,0.0
0.0,0.0
2.0,-2.0
2.0,-2.0
2.0,-2.0
2.0,-2.0
2.0,-2.0
0.0,2.0
-1.805,1.805
-1.805,2.0
11.76898891966759,2.0
25.0,-2.0
-25.0,7.105427357601002e-15
2.0,-2.0
2.0,-2.0
-2.0,2.0
-2.0,2.0
-2.0,2.0
-2.0,2.0
-2.0,2.0
2.0,-2.0
-2.0,2.0
25.0,-2.0
2.0,-2.0
25.0,-2.0
25.0,-2.0
2.0,-2.0
1.985566081335364,-1.985566081335364
25.0,-1.7688418631756448
1.7688418631756453,-1.575244289038304
1.5752442890383065,-1.5752442890383065
-2.020937049771065,2.020937049771065
-0.6844239158100915,2.259668204848403
-2.3895015183384647,2.3895015183384647
-2.1736854287070635,2.1736854287070635
-2.0828014781167097,2.0828014781167097
-2.0690468847528036,2.0690468847528036
-2.022386163998731,2.022386163998731
-2.1956304207349167,2.1956304207349167
-2.017985173794239,2.017985173794239
-2.0601956748535057,2.0601956748535057
-2.082904355128518,2.082904355128518
-25.0,2.2589881436200443
-3.4631226432328184,2.1000381111992708
-2.1394898673590923,2.1394898673590923
-2.251791170824715,2.251791170824715
-1.965350012587602,1.965350012587602
-2.1431290627583612,2.1431290627583612
-2.112851663921427,2.112851663921427
-25.0,2.043616697269737
-2.1085024277964965,2.1085024277964965
-2.1573753198780805,2.1573753198780805
-25.0,2.1121081723882433
-25.0,2.190958037186391
-2.2425865184308647,2.2425865184308647
-2.107102543059142,2.107102543059142
-2.103472814869548,2.103472814869548
-2.1542410423281697,1.9629276692052926
-2.051273145307986,2.051273145307986
-1.9025186665604314,1.9025186665604314
-1.7121785225921968,1.7121785225921968
-1.9038200923171598,1.9038200923171598
-2.051273145307987,2.051273145307987
-2.051273145307988,2.21356194700766
-2.1400867749291317,2.1400867749291317
-1.9814567341953895,1.9814567341953895
-1.977560701286965,1.977560701286965
23.03503404301699,1.9649659569830114
-2.0,2.0
2.0,-2.0
-2.0,2.0
2.0,-2.0
-2.0,2.0
-2.0,2.0
-2.0,2.0
23.0,2.0
-2.0,2.0
-2.0,2.0
-2.0,2.0
-2.0,2.0
23.0,2.0
0.8279902616709838,2.0
-2.0,2.0
-2.0,2.0
24.999999999999996,3.552713678800501e-15
0.0,0.0
-2.0,2.0
0.0,0.0
-2.0,2.0
-2.0,2.0
-2.0,2.0
-25.0,2.0
-2.0,2.0
-24.000000000000007,2.0
-25.0,0.0
-23.0,-2.0
0.0,0.0
2.0,-2.0
2.0,-2.0
4.21606648199446,-2.0
-2.0,2.0
-2.0,2.0
-2.0,2.0
23.0,2.0
-2.0,2.0
2.0,-2.0
25.0,-2.0
25.0,-2.0
2.0,-2.0
2.0,-2.0
2.0,-2.0
2.0,-2.0
2.0,-2.0
-2.0,2.0
-2.0,2.0
-2.0,2.0
-2.0,2.0
-2.0,2.0
-2.0,2.0
5.047091412742391,2.0
-2.0,2.0
23.0,2.0
-2.000646294847182,2.000646294847182
-2.051488159446064,2.051488159446064
-2.13247154869968,2.13247154869968
-2.018998796376831,2.018998796376831
-1.9028273764892676,1.9028273764892676
-1.9228055557070307,1.9228055557070307
-1.8602010282450039,1.8602010282450039
-2.275090604983479,2.275090604983479
-1.5699122382089317,1.5699122382089317
-2.9345522327921802,2.087479226417383
-1.2472208185506002,1.2472208185506002
-2.1214927017659297,2.1214927017659297
-2.245187792076041,2.245187792076041
-25.0,2.0223066394374563
-1.997411664874713,1.997411664874713
-2.243253641139332,2.243253641139332
-25.0,1.4086667230155
-25.0,2.416099643921836
-1.2719280267881121,1.2719280267881121
-1.6020048167143166,1.6020048167143166
2.097619554700831,-2.097619554700831
-1.7455403383414119,1.7455403383414119
-1.8407369185126212,1.8407369185126212
-2.0860512556246587,2.0860512556246587
-2.0967712927139033,2.0967712927139033
-2.0655446483201736,2.0655446483201736
-2.239968519381927,2.239968519381927
-2.074574472908683,2.074574472908683
-2.291290894180225,2.291290894180225
-25.0,2.1483757903605323
-2.0514486042606386,2.0514486042606386
-1.2594136378917007,1.2594136378917007
-2.1156255563563553,2.1156255563563553
-1.8027544732944412,1.8027544732944412
-1.706637680342772,1.706637680342772
-1.506173933494848,1.506173933494848
-1.816210849553567,1.816210849553567
1.7783132936488104,-1.7783132936488104
-2.0803092351696293,2.0803092351696293
2.1060661991733283,-2.1060661991733283
-1.7367917259942187,2.057150961051798
23.014966655071387,1.9850333449286133
-1.9679278120521735,1.9679278120521735
-1.9421459030141908,1.9421459030141908
-1.9619643837025824,1.9619643837025824
-1.9545341662270017,1.9545341662270017
-1.9482123759470493,1.9482123759470493
-1.963629727712597,1.963629727712597
-1.9796359201966083,1.9796359201966083
-2.0,2.0
-2.0,2.0
-2.002585179388728,2.002585179388728
-2.003662337364639,2.003662337364639
-2.006247517061545,2.006247517061545
2.0,-2.0
-2.0,2.0
-2.0,2.0
-2.0,2.0
-2.0,2.0
-2.0,2.0
-2.0,2.0
-2.0,2.0
-2.0,2.0
-2.0,2.0
-2.0,2.0
-2.0,2.0
2.0,-2.0
-2.0,2.0
-2.0,2.0
-25.0,0.0
0.0,0.0
0.0,0.0
2.0,-2.0
25.0,-2.0
2.0,-2.0
2.0,-2.0
2.0,-2.0
8.916897506925208,-2.0
-25.0,0.0
2.0,-2.0
2.0,-2.0
-2.0,2.0
-2.0,2.0
-2.0,2.0
-2.0,2.0
2.0,-2.0
2.0,-2.0
2.0,-2.0
2.0,-2.0
2.0,-2.0
-2.0,2.0
-2.0,2.0
-2.0,2.0
-2.0,2.0
-2.0,2.0
-2.0,2.0
-2.0,2.0
1.0147766704062935,2.0323147423591035
22.732238861904342,2.2677611380956577
22.64608816852764,2.3539118314723595
25.0,-2.3014479211269645e-11
25.0,0.0
-2.142840628436913,2.142840628436913
-2.2784590381860284,2.2784590381860284
-2.3827990494618545,2.3827990494618545
-24.582415222273422,2.019915222273422
22.961612989355018,2.038387010644982
-2.31955493309283,2.31955493309283
-2.0484052119236154,2.0484052119236154
-3.864874840584825,2.0447767460286457
2.016729190643953,-2.016729190643953
-2.0425809845312353,2.0425809845312353
1.5335093219763754,-2.0344518071565236
1.9302834679494811,-1.9302834679494811
2.0026344088790404,-2.0026344088790404
1.7675213057660306,-1.7675213057660306
-1.9947785182902953,1.9947785182902953
-2.1034141181695594,2.1034141181695594
-2.0644414028193196,2.0644414028193196
-2.0852093051108485,2.0852093051108485
-1.931588680590079,1.931588680590079
1.6992886010453212,-1.6992886010453212
2.0599735109997876,-2.0599735109997876
2.1584817211154927,-2.1584817211154927
2.118685358523483,-2.118685358523483
1.993390309778209,-1.993390309778209
1.9465768513747044,-1.9465768513747044
2.16547956693398,-2.16547956693398
2.571790116051328,-2.571790116051328
-1.8399268409380527,1.8399268409380527
-1.9482942032098434,1.9482942032098434
-1.8909877629624778,1.8909877629624778
-1.6886119553337553,1.6886119553337553
2.0335848474304883,-2.0335848474304883
-2.047750120460776,2.047750120460776
-1.972366122231422,1.972366122231422
2.06330020958635,-2.06330020958635
-2.0114174573340944,2.0114174573340944
-2.0359770781828557,2.0359770781828557
2.000585374339088,-2.000585374339088
-1.972568508492428,1.972568508492428
-2.0202505722892745,2.0202505722892745
1.9911673035497268,-1.9911673035497268
-2.0030160425174572,2.0030160425174572
1.998276547176907,-1.998276547176907
-2.003446905646186,2.003446905646186
-2.0004308632057732,2.0004308632057732
2.0,-2.0
-2.0,2.0
-2.0,2.0
2.0,-2.0
2.0,-2.0
-2.0,2.0
-2.0,2.0
-2.0,2.0
2.0,-2.0
2.0,-2.0
2.0,-2.0
-2.0,2.0
-19.678959420263674,2.0
-2.0,2.0
2.0,-2.0
2.0,-2.0
-23.0,-2.0
-23.0,-2.0
-23.0,-2.0
2.0,-2.0
0.0,0.0
2.0,-2.0
2.0,-2.0
0.0,0.0
2.0,-2.0
0.0,0.0
2.0,-2.0
2.0,-2.0
2.0,-2.0
0.0,0.0
25.0,-2.0
2.0,-2.0
2.0,-2.0
2.0,-2.0
2.0,-2.0
2.0,-2.0
2.0,-2.0
2.0,-2.0
25.0,-2.0
2.0,-2.0
2.0,-2.0
2.0,-2.0
13.263157894736846,-2.0
2.0,-2.0
25.0,-2.0
2.0,-2.0
25.0,-2.0
2.000000000000006,-1.9737173420594556
1.8122984166767144,-1.8122984166767144
1.8872985491387566,-1.8872985491387566
1.9575689403522671,-2.040961144955764
2.066118676800166,-2.066118676800166
1.914896412063861,-1.914896412063861
2.066118676800184,-2.2832163110479757
-25.0,0.0
-2.382480951216757,2.382480951216757
1.866961720461119,-1.866961720461119
-21.447585603074018,2.065842549851297
-24.99999999997236,1.8854499186627827
-25.0,1.7657578801771407
-2.120619193886535,2.120619193886535
-1.815547198155313,1.815547198155313
-1.6966642905232678,1.6966642905232678
-2.008112136397296,2.008112136397296
2.038351666395526,-2.038351666395526
-2.0479962284656317,2.0479962284656317
1.6565302641194979,-1.6565302641194979
1.9442381350111955,-1.9442381350111955
2.0435447464762024,-2.0435447464762024
2.0799543725936243,-2.0799543725936243
-1.8863701314432433,1.8863701314432433
1.8686481460779838,-1.8686481460779838
1.9497827641444907,-1.9497827641444907
1.9530022465814785,-1.9530022465814785
2.1260811427219988,-2.1260811427219988
2.111817213477549,-2.111817213477549
1.9030677647216123,-1.9030677647216123
-1.7848469306195422,1.7848469306195422
-2.1876950055848967,2.1876950055848967
-1.8624572220975084,1.6747622165126117
1.877006429926845,-1.877006429926845
2.024887400795004,-2.024887400795004
1.681417664914501,-1.681417664914501
1.8838843577561089,-1.8838843577561089
2.0175841585710663,-2.0175841585710663
2.037042449914169,-2.037042449914169
2.012165941341131,-2.012165941341131
2.0,-2.0
2.0,-2.0
2.0,-2.0
2.0,-2.0
2.0,-2.0
2.0,-2.0
2.0,-2.0
2.0,-2.0
2.0,-2.0
2.0,-2.0
2.0,-2.0
-2.0,2.0
2.0,-2.0
2.0,-2.0
2.0,-2.0
2.0,-2.0
-2.0,2.0
2.0,-2.0
-2.0,2.0
-2.0,2.0
2.0,-2.0
2.0,-2.0
2.0,-2.0
2.0,-2.0
2.0,-2.0
2.0,-2.0
2.0,-2.0
-2.0,0.0
2.0,-2.0
2.0,-2.0
2.0,-2.0
25.0,-2.0
-18.7575,-2.0
2.0,-2.0
0.0,0.0
0.0,0.0
2.0,-2.0
2.0,-2.0
0.0,2.0
-1.7839335180055402,2.0
-2.0,2.0
-2.0,2.0
-2.0,2.0
2.0,-2.0
2.0,-2.0
2.0,-2.0
2.0,-2.0
2.0,-2.0
0.0,-2.0
0.0,0.0
0.0,0.0
2.0,-2.0
2.0,-2.0
25.0,-2.0
25.0,0.0
22.973501911265537,2.0264980887344635
22.715229228595238,2.2847707714047623
-2.417427341185412,2.417427341185412
-2.3792289646932163,2.3792289646932163
-2.205484523712508,2.205484523712508
5.087105032463592,2.1760528622732567
-2.168569348598413,2.168569348598413
-1.9160006042856814,1.9160006042856814
-3.9009220840060133,2.0825931995038465
-2.2400019701894482,2.2400019701894482
2.0147688470938085,-2.0147688470938085
1.8354308630631486,-1.8354308630631486
2.0147688470938254,-2.100483701201332
1.987519061911108,-1.987519061911108
-1.904689182165372,1.904689182165372
-1.9501298951659258,1.9501298951659258
-24.999999999971024,1.906089066902723
-1.993624781004506,1.993624781004506
-1.9567247534258936,1.9567247534258936
-1.9676846264935843,1.9676846264935843
-1.9170142268682753,1.9170142268682753
1.9870475948692672,-1.9870475948692672
1.9831445798937057,-1.9831445798937057
1.8889275403502577,-1.8889275403502577
2.162501498343719,-2.162501498343719
2.0017716305039457,-2.0017716305039457
2.0355190772606093,-2.0355190772606093
2.0361483311303754,-2.0361483311303754
2.1726749618610306,-2.1726749618610306
2.0337827910061215,-2.0337827910061215
2.0252477859099844,-2.0252477859099844
2.1493515441044213,-2.1493515441044213
2.040775903219771,-2.040775903219771
-1.747631960532389,1.747631960532389
2.0457543932144695,-2.0457543932144695
2.1091613455899108,-2.1091613455899108
1.8316083193698307,-1.8316083193698307
1.8937184218065535,-1.8937184218065535
1.9184380163100585,-1.9184380163100585
4.657416571367627,-1.9588518382064461
25.0,-2.026117889045487
2.0112368629132766,-2.0112368629132766
2.0261178890454827,-2.0261178890454827
1.9850685861451183,-1.9900439476245702
2.011201746715096,-2.011201746715096
2.031630754950691,-2.031630754950691
2.0316307549506973,-2.0181221685094557
2.013683912261246,-1.9955617437517963
1.981903744278902,-1.981903744278902
2.0,-2.0
2.0,-2.0
2.0,-2.0
2.0,-2.0
2.0,-2.0
2.0,-2.0
2.0,-2.0
2.0,-2.0
2.000000000000006,0.0
-2.0,2.0
-2.0,2.0
-2.0,2.0
0.0,0.0
-2.0,2.0
-2.0,2.0
-22.000000000000004,2.0
2.0,-2.0
-23.0,-2.0
-25.0,0.0
-25.0,0.0
23.0,2.0
-22.5625,0.0
0.0,0.0
0.21606648199446,2.0
-2.0,2.0
-2.0,2.0
-2.0,2.0
-2.0,2.0
-2.0,2.0
-2.0,2.0
-2.0,2.0
-2.0,2.0
-2.0,2.0
-2.0,2.0
2.0,-2.0
-2.0,2.0
-2.0,2.0
2.0,-2.0
2.0,-2.0
-2.0,2.0
2.0,-2.0
25.0,-2.0
25.0,-2.0
25.0,-2.0
-2.0,2.0
-2.0,2.0
-2.0,2.0
1.9722093215711711,-1.9722093215711711
22.7368866035881,2.2631133964118995
-2.2987512920847766,2.2987512920847766
-16.53988399335689,2.1423839933568978
-2.0846103463120453,2.0846103463120453
23.05953360132353,1.9404663986764703
-2.0777788078101915,2.0777788078101915
-1.9562223601657776,1.9562223601657776
-24.110870549313255,1.5483705493132547
23.107418116714992,1.8925818832850076
-1.9756358203263975,1.9756358203263975
-1.887642524423633,1.887642524423633
-25.0,0.0
-2.0067829401588533,2.0067829401588533
-1.9353465316839493,1.9353465316839493
-25.0,1.7801215306968388
-23.58170270113883,1.8015811704419846
-2.160991162826818,2.160991162826818
-1.8719086530902338,1.8719086530902338
-1.8129847400698065,1.8129847400698065
-1.551267515473965,1.551267515473965
-1.946308929340887,1.946308929340887
-1.7684288956002563,1.7684288956002563
-1.9585771707857358,1.9585771707857358
-25.0,2.1443282426505945
-2.144328242650596,1.592864541346258
-1.592864541346258,1.592864541346258
-1.592864541346258,1.592864541346258
-1.592864541346258,1.592864541346258
1.8135975841094671,-1.8135975841094671
2.352919904578605,-2.352919904578605
1.878554003135135,-1.878554003135135
-1.592864541346258,1.592864541346258
-1.592864541346258,1.592864541346258
-1.592864541346258,1.592864541346258
-1.5928645413462579,1.5928645413462579
-1.5928645413462585,1.8891124665125862
-1.860228293808869,2.012842743285324
-1.99796283446137,1.99796283446137
-1.99796283446137,1.99796283446137
-1.9261635848406142,1.9261635848406142
2.0,-2.0
2.0,-2.0
-1.99796283446137,2.0
-1.9997799184044136,2.0
-2.0,2.0
-2.0,2.0
-2.0,2.0
-2.0,2.0
-2.0,2.0
-2.0,2.0
-2.0,2.0
25.0,-2.0
-2.0,2.0
-2.0,2.0
-2.0,2.0
-2.0,2.0
25.0,-2.0
25.0,-2.0
13.886426592797799,-2.0
-2.0,2.0
-2.0,2.0
-2.0,2.0
2.0,-2.0
-25.0,0.0
-2.0,2.0
2.0,-2.0
-23.0,-2.0
-23.0,-2.0
2.0,-2.0
0.0,0.0
0.0,0.0
0.0,0.0
0.0,0.0
0.0,0.0
0.0,2.0
-1.805,2.0
-1.9809875,0.0
0.0,0.0
25.0,0.0
-22.5625,2.0
2.0,-2.0
2.0,-2.0
-2.0,2.0
-2.0,2.0
-2.0,2.0
-2.0,0.0
0.0,2.0
1.2094472831652636,2.0
-2.0,2.0
-2.0,2.0
-2.0,2.0
-2.0,2.0
-2.0,2.0
23.0,2.0
23.0,2.0
25.0,0.0
25.0,-1.7681411170803116
1.7294133016795283,-1.7294133016795283
1.8218517286518967,-1.8218517286518967
1.8218517286518892,3.9968028886505635e-15
-1.9806670111216222,1.9806670111216222
-1.904444928155744,1.904444928155744
-1.9142062524785155,1.9142062524785155
-1.977808229373271,1.977808229373271
-1.978322614432309,1.978322614432309
-1.8609588783795292,1.8609588783795292
0.0,0.0
-23.017452485463163,-1.9825475145368365
2.1486617000927337,-2.1486617000927337
-1.8965322343089452,1.8965322343089452
-25.0,2.057494364359428
-1.9030311581775328,1.9030311581775328
-1.913618654331322,1.913618654331322
-1.9986032709992054,1.9986032709992054
-1.7602549067664137,1.7602549067664137
-1.72201116656119,1.72201116656119
-1.925610453253645,1.925610453253645
-2.1518237481243556,2.1518237481243556
-1.964316824438347,1.964316824438347
-1.977408713124965,1.977408713124965
1.925253223875223,-1.925253223875223
1.9518788043666513,-1.9518788043666513
1.8825983951085181,-1.8825983951085181
2.2203568789654353,-2.2203568789654353
2.138629613573242,-2.138629613573242
1.5682794601135601,-1.5682794601135601
-1.9293083453529025,1.9293083453529025
-1.9728133295484698,1.9728133295484698
-1.9722749608915882,1.9722749608915882
1.9109233397367023,-1.9109233397367023
2.429788913538978,-2.429788913538978
2.0511185142166184,-2.0511185142166184
2.011794723174245,-2.011794723174245
-2.067711850401728,2.067711850401728
1.9224459200794821,-1.9224459200794821
25.0,-2.014059457238808
2.014487171719061,-2.014487171719061
2.0194972924255663,-2.0194972924255663
2.0318682666551995,-2.0318682666551995
2.0,-2.0
2.0,-2.0
-2.0,2.0
-2.0,2.0
-2.0,2.0
2.0,-2.0
-2.0,2.0
-2.0,2.0
-2.0,2.0
3.1359493582255986,2.0
-2.0,2.0
-2.0,2.0
25.0,-2.0
2.0,-2.0
2.0,-2.0
2.0,-2.0
-2.0,2.0
2.0,-2.0
-2.0,2.0
-20.195000000000004,2.0
-25.0,0.0
-2.0,2.0
-2.0,2.0
-23.0,-2.0
-23.0,-2.0
2.0,-2.0
2.0,-2.0
2.0,-2.0
2.0,-2.0
2.0,-2.0
0.0,0.0
2.0,-2.0
0.0,0.0
0.0,0.0
2.0,-2.0
0.0,0.0
2.0,-2.0
2.0,-2.0
2.0,-2.0
2.0,-2.0
4.21606648199446,-2.0
2.0,-2.0
2.0,-2.0
2.0,-2.0
-2.0,2.0
2.0,-2.0
2.0,-2.0
-2.0,2.0
25.0,0.0
2.0,-2.0
2.0,-2.0
1.999353705152818,-1.999353705152818
25.0,-1.9732864804716144
-2.114194518582163,2.114194518582163
4.847383176346173,2.140091429640556
-2.246051911639174,2.246051911639174
25.0,-1.967096712772733
22.891348621437942,2.108651378562058
-1.8094629380705127,1.8094629380705127
-1.562597872013625,1.562597872013625
-25.0,1.9571949581731118
25.0,0.0
0.5321939521627578,-0.5321939521627578
-25.0,2.2859993551189213
-22.973233673658065,-2.026766326341935
-1.9365072115901674,1.9365072115901674
-1.999987377053766,1.999987377053766
-2.03075896423576,2.03075896423576
-25.0,1.8167520583733534
-1.9027534533603854,1.9027534533603854
-1.7690991740452837,1.7690991740452837
-1.9940811005108658,1.9940811005108658
-2.0363484048281864,2.0363484048281864
-2.0045139655732873,2.0045139655732873
-2.2081283998012253,2.2081283998012253
-1.9943253545204938,1.9943253545204938
-23.622446371665394,1.9940356579044227
-1.9940356579044218,1.9514142799452383
-1.9514142799452385,1.9376502193716583
-1.9376502193716583,1.660396672550979
-1.6603966725509787,1.6603966725509787
2.335759009173449,-2.335759009173449
1.9964365422781354,-1.9964365422781354
2.034385536688795,-2.034385536688795
1.6063382741564567,-1.6063382741564567
2.2849324005884917,-2.3021157017232134
1.7396454224501214,-1.7396454224501214
2.1838248102695443,-2.1838248102695443
2.439440102655859,-2.439440102655859
1.9848352657549264,-1.9848352657549264
-1.6432133714162571,1.6432133714162571
-1.6432133714162571,2.0699833890232475
-2.019300129771461,2.019300129771461
2.0,-2.0
2.0,-2.0
2.0,-2.0
-2.0,2.0
2.0,-2.0
2.0,-2.0
2.0,-2.0
2.0,-2.0
2.0,-2.0
2.0,-2.0
-2.0,2.0
3.854988019604911,2.0
23.0,2.0
25.0,0.0
23.0,2.0
2.0,-2.0
2.0,-2.0
2.0,-2.0
2.0,-2.0
-2.0,2.0
-2.0,2.0
-2.0,2.0
2.0,-2.0
-25.0,0.0
-2.0,2.0
-2.0,2.0
-25.0,0.0
-25.0,0.0
0.0,0.0
2.0,-2.0
2.0,-2.0
2.0,-2.0
2.0,-2.0
0.0,0.0
0.0,0.0
2.0,-2.0
2.0,-2.0
2.0,-2.0
2.0,-2.0
25.0,-2.0
2.0,-2.0
2.0,-2.0
25.0,-2.0
25.0,-2.0
25.0,-2.0
2.0,-2.0
13.263157894736851,-2.0000000000000018
2.000000000000006,-2.000000000000006
-23.0,-2.0
2.0,-2.0
2.0,-2.0
2.0,-2.0
-18.170871659860342,-2.0
-25.0,2.0
-25.0,2.0
-2.0241283401396575,2.0241283401396575
-2.0241283401396553,2.2614968900831585
22.66424990578233,2.335750094217669
22.785725961037915,2.2142740389620847
22.79688101641175,2.2031189835882508
23.16534008337809,1.8346599166219093
0.847965737908317,1.935022121965734
-1.9109255487522914,1.9109255487522914
-24.332004370619394,1.7695043706193943
25.0,0.0
0.0,0.0
-1.6970638067715749,1.6970638067715749
-23.114968532004877,-1.8850314679951232
1.9598590309758013,-1.9598590309758013
-23.673006995838783,1.7714697633480334
-25.0,1.9775949015819165
-25.0,2.097031325406327
-1.7925948950179853,1.7925948950179853
-2.1730889944975056,2.1730889944975056
-2.078527979669178,1.8987898482428998
-1.894852120165197,1.894852120165197
-1.905915501392009,1.905915501392009
-1.875061233912179,1.875061233912179
-1.7192385364208853,1.7192385364208853
-1.9933508630712273,1.9933508630712273
-1.918450718149706,1.918450718149706
-1.9795748106987228,1.9795748106987228
-1.8925181374065252,1.8925181374065252
-1.9933508630712276,1.9933508630712276
-1.9933508630712276,1.9933508630712276
1.9047844854094391,-1.9047844854094391
1.90495173944704,-1.90495173944704
2.0804321511085826,-2.0804321511085826
1.9586503838738931,-1.9586503838738931
2.197785157657064,-2.197785157657064
2.1985908172004507,-2.1985908172004507
25.0,-1.9264694447448711
-20.969583615393063,-1.847628573795916
2.1302364588354106,-2.1302364588354106
1.9829799687854737,-1.9829799687854737
11.24877921995262,-1.9856213252157815
-2.0,2.0
2.0,-2.0
-2.0,2.0
25.0,0.0
-2.0,2.0
2.0,-2.0
2.0,-2.0
2.0,-2.0
25.0,-2.0
2.0,-2.0
25.0,-2.0
25.0,-2.0
2.0,-2.0
2.0,-2.0
2.0,-2.0
2.0,-2.0
2.000000000000006,-2.000000000000006
2.0,-2.0
2.0,-2.0
2.0,-2.0
2.0,-2.0
-2.0,2.0
-2.0,2.0
-25.0,2.0
-2.0,2.0
-24.19499999999999,2.0
-25.0,2.0
-25.0,0.0
0.0,0.0
0.0,0.0
0.0,0.0
0.0,2.0
-1.805,1.805
-1.805,1.805
-1.805,1.805
-1.805,2.0
-1.9809875,1.9809875
-1.9809875,1.9809875
-1.9809875,1.9809875
2.0,-2.0
-1.9809875,1.9809875
2.0,-2.0
25.0,-2.0
25.0,-2.0
-1.9999999999999847,1.9999999999999847
2.0,-2.0
-2.0,2.0
25.0,0.0
-2.0,2.0
2.0,-2.0
-2.0,2.0
5.068157894736852,2.0
-2.0120641700698285,2.0120641700698285
1.9954759360697256,-1.9954759360697256
25.0,-2.0
1.9769488162953666,-1.9769488162953666
1.733783646723535,-1.733783646723535
-23.32497368778415,-1.6750263122158486
-16.451953652883724,-1.8680463471162767
-1.9685070114407313,1.9685070114407313
22.9504924892965,2.0495075107034992
-1.720161904937905,1.720161904937905
25.0,-2.1005973077174325
2.100597307717437,-2.100597307717437
-1.69092463687066,1.9791052370988202
1.8124167074892732,-1.8124167074892732
-1.7345867767468368,1.7345867767468368
1.8124167074892732,-1.8124167074892732
1.812416707489275,-1.812416707489275
-25.0,1.5340813741763384
-25.0,2.030965349406685
-25.0,1.8892405894168611
-2.021577033145131,2.021577033145131
5.908852505160449,-2.0374743716322614
2.007860308619928,-2.007860308619928
2.326003365176483,-2.326003365176483
1.7813358581245478,-1.7813358581245478
2.008007365943554,-2.008007365943554
2.1711841919107924,-2.1711841919107924
-1.8822840837472903,1.8822840837472903
-1.949778977260622,1.949778977260622
25.0,0.0
22.70074749805632,2.2992525019436805
22.822499916941016,2.177500083058984
-2.088313918737108,2.088313918737108
-24.539512352613215,1.9770123526132153
-1.9453214993717305,1.9453214993717305
25.0,0.0
-2.008035136425269,2.008035136425269
-2.050556161961893,2.050556161961893
-1.9393991285723837,1.9393991285723837
-1.257690763517585,1.257690763517585
-2.4219120373021186,2.4219120373021186
-2.161785067251523,2.161785067251523
0.0,0.0
0.0,0.0
0.0,-2.0
2.0,-2.0
2.0,-2.0
2.216066481994457,-1.9999999999999998
2.0,-2.0
2.0,-2.0
2.0,-2.0
2.000000000000006,-2.0
-2.0000000000000058,2.0
2.0,-2.0
2.0,-2.0
2.0,-2.0
2.0,-2.0
1.999999999999999,-1.999999999999999
2.0,-2.0
2.0,-2.0
2.0,-2.0
2.0,-2.0
2.0,-2.0
2.0,-2.0
2.000000000000006,0.0
-2.0,2.0
-2.0,2.0
-25.0,2.0
2.0,-2.0
-20.0,-2.0
-25.0,0.0
-25.0,0.0
0.0,0.0
0.0,0.0
0.0,0.0
0.21606648199446,2.0
-2.0,2.0
-2.0,2.0
-2.0,2.0
-2.0,2.0
2.0,-2.0
-2.0,2.0
0.0,-2.0
0.0,0.0
0.0,0.0
0.21606648199445955,2.0000000000000004
-2.0,2.0
25.0,-2.0
2.0,-2.0
-2.0,2.0
-2.0,2.0
4.484764542936289,-1.9999999999999996
2.0,-2.0
2.0,-2.0
-25.0,0.0
2.0,-2.0
23.0,2.0
25.0,0.0
25.0,-2.0
25.0,-1.9707013010828867
9.23385919581974,0.0
-24.807282319374995,2.2447823193749805
-2.053214081078295,2.053214081078295
1.87278657900081,-1.87278657900081
25.0,-1.9780868809113876
1.9780868809113779,-1.9780868809113779
-25.0,1.9825077522562005
4.613231827235028,-2.130998411427463
25.0,-1.6409112615968269
1.640911261596817,-2.0279389980470794
2.069750858771629,-2.073215612746591
2.073589921347763,-2.073589921347763
2.0735899213477653,-1.670366906633924
1.5646808427528285,-1.9966751159619591
2.1490309212700787,-2.1490309212700787
1.8848282385607575,-1.8757876844679509
1.8382804931754801,-1.8382804931754801
2.13999036717727,-2.13999036717727
-1.8247725774268897,1.6957125203772225
2.28299320047329,-2.28299320047329
-0.0360523967389943,2.319045597212288
-1.8140311823126085,1.8140311823126085
-1.6655613510026317,1.6655613510026317
0.0,-1.3703270484189103
-25.0,2.3636178515119397
-25.0,1.344197549714469
-18.4471762676922,1.9637999147900658
25.0,-2.0515577927455624
25.0,-1.872666029864277
25.0,-1.8241257524159593
-2.7416700420424895,2.7416700420424895
1.679016149393477,-1.679016149393477
-25.0,0.0
-23.033906495879215,-1.966093504120785
-19.995737149764988,1.8087244957158113
-25.0,1.8483229936256116
1.919855020918242,-1.919855020918242
1.8832915526435932,-1.8832915526435932
-2.0150368480210403,2.0150368480210403
-2.001708811623078,2.001708811623078
1.9895052171674232,-2.0045420651884633
2.0,-2.0
-1.9999999999999847,1.9999999999999847
-2.0,2.0
2.0,-2.0
-2.0,2.0
2.0,-2.0
2.0,-2.0
-2.0,2.0
-2.0,2.0
2.0,-2.0
2.0,-2.0
2.0,-2.0
2.0,-2.0
2.0,-2.0
-2.0,2.0
-2.0,2.0
-2.0,2.0
2.0,-2.0
2.0,-2.0
-2.0,2.0
2.0,-2.0
2.0,-2.0
2.0,-2.0
-2.0,2.0
-2.0,2.0
-2.0,2.0
-2.0,0.0
0.0,0.0
2.0,-2.0
0.0,0.0
0.0,0.0
2.0,-2.0
2.0,-2.0
2.0,-2.0
2.0,-2.0
2.0,-2.0
25.0,-2.0
-20.7575,0.0
2.0,-2.0
2.0,-2.0
2.0,-2.0
2.0,-2.0
25.0,-2.0
2.0,-2.0
-18.7575,-2.0
0.0,0.0
0.0,2.0
2.0,-2.0
0.19500000000000006,-2.0
25.0,0.0
25.0,-2.0
25.0,-2.0
25.0,0.0
-25.0,2.0
22.967469826806337,2.032530173153024
-2.2596212681979333,2.2596212681979333
5.597339525204221,2.1952873921710063
-2.213623957231034,2.213623957231034
1.9552955203385456,-1.9552955203385456
-0.056211241874731144,2.0115067622132807
0.0,0.0
0.0,-2.412931915564406
1.7839664801197177,-1.7839664801197177
2.6736087707084777,-2.0898892624271133
2.089889262427114,-2.0946001459616514
2.095109077977864,-2.280409914526497
2.300428564458331,-2.217975560158386
2.1809770735991476,-2.1809770735991476
2.217975560158387,-2.217975560158387
2.2179755601583984,-1.8342219003875857
-25.0,2.050236801422173
-2.024837540157378,2.024837540157378
25.0,-2.1019549055849076
-2.059667404553611,2.059667404553611
-2.103308716568505,2.103308716568505
3.2897644150340017,-1.7807545714504698
2.856267459428083,-2.856267459428083
1.9904646264148171,-1.9904646264148171
1.6777115679001922,-1.6777115679001922
2.208603022579622,-2.208603022579622
1.8313984628886901,-1.8313984628886901
2.0874486157727654,-2.0874486157727654
1.7561941049629288,-1.7561941049629288
2.161894334629862,-2.161894334629862
1.0640473523067326,-1.0640473523067326
-1.8078926435590006,1.8078926435590006
-1.7200202123664265,1.7200202123664265
-2.177608009249287,2.177608009249287
-2.1896884843689044,2.1896884843689044
2.1979483092371384,-2.1979483092371384
-1.7774006546360903,1.7774006546360903
-1.9414703962625577,1.9414703962625577
-2.0509474732951474,2.0509474732951474
-1.2220094419511518,2.078276901379244
-1.9388450601261225,1.9388450601261225
-1.9723944079857467,1.9723944079857467
-2.0,2.0
2.0,-2.0
2.0,-2.0
-2.0,2.0
2.0,-2.0
-2.0,2.0
-2.0,2.0
-2.0,2.0
2.000000000000006,-2.000000000000006
-2.0,2.0
-2.0,2.0
-2.0,2.0
-2.0,2.0
2.0,-2.0
0.0,2.000000000000006
-2.0,2.0
-2.0,2.0
-2.0,2.0
-2.0,2.0
-2.0,2.0
-2.0,2.0
0.0,0.0
-25.0,2.0
-2.0,2.0
-24.0,2.0
-25.0,0.0
-25.0,0.0
2.0,-2.0
0.0,0.0
0.0,0.0
0.0,0.0
2.0,-2.0
2.0,-2.0
2.0,-2.0
25.0,-2.0
-18.7575,-2.0
1.999999999999999,-1.999999999999999
2.0,-2.0
2.0,-2.0
25.0,-2.0
2.0,-2.0
1.999999999999999,-1.999999999999999
2.0,-2.0
2.0,-2.0
2.0,-2.0
12.980456437177551,-1.9999999999999982
25.0,-2.0
-2.0,2.0
2.0,-2.0
2.0,-2.0
2.0,-2.0
2.0,-2.0
2.0,-2.0
2.0,-2.0
1.9752253625477414,-1.9752253625477414
25.0,-1.7172985424407052
25.0,-1.6852645866727336
-2.0755140934689784,2.0755140934689784
-1.9422800004766416,1.9422800004766416
0.0010525170356787683,1.6842120696370588
-2.319662859283132,2.319662859283132
-1.6073954459035553,1.6073954459035553
-24.502359234939895,1.939859234962615
22.734812096311938,2.2651879036628877
-1.9902127986374483,1.9902127986374483
-1.9862460377834061,1.9862460377834061
-22.950284526257292,-2.049715473742708
-2.0132553558403483,2.0132553558403483
-2.1486560197669267,2.1486560197669267
1.8250844651824307,-1.8250844651824307
-25.0,1.8854789514391221
-2.1224943325496,2.1224943325496
-1.8633117955575509,1.8633117955575509
-2.0638373948420217,2.0638373948420217
-2.1576574427264106,2.1576574427264106
-1.906761238789688,1.906761238789688
-2.1292450841955572,2.1292450841955572
-2.3133589599338604,2.3133589599338604
-2.1244130203771707,2.1244130203771707
1.907153181270255,-1.907153181270255
2.035983601682023,-2.035983601682023
1.9630507429310748,-1.9630507429310748
1.669760374067379,-1.669760374067379
1.5378038810207535,-1.5378038810207535
-15.870676925787135,-1.98883247946676
1.803906948285607,-1.803906948285607
1.7160619720010937,-1.7160619720010937
1.8190797296589043,-1.8190797296589043
1.9114809583865897,-1.9114809583865897
2.413694657090596,-2.413694657090596
25.0,-1.903805260355334
1.8045982123787474,-1.8045982123787474
1.947197111395279,-1.947197111395279
25.0,-1.9947759542543437
25.0,0.0
-2.0205598455663947,2.0205598455663947
2.0,-2.0
-2.0,2.0
2.0,-2.0
-2.0,2.0
2.0,-2.0
2.0,-2.0
2.0,-2.0
2.0,-2.0
-2.0,2.0
2.0,-2.0
-2.0,2.0
2.0,-2.0
2.0,-2.0
2.0,-2.0
2.0,-2.0
1.999999999999999,-1.999999999999999
1.9999999999999987,0.0
-2.0,2.0
-2.0,2.0
-2.0,2.0
-2.0,2.0
-2.0,2.0
-24.000000000000007,2.0
-2.0,2.0
-25.0,2.0
-25.0,0.0
-25.0,0.0
0.21606648199445955,2.0000000000000004
-2.0,2.0
-2.0,2.0
-2.0,2.0
-2.0,0.0
2.0,-2.0
6.700831024930748,-1.9999999999999991
25.0,-2.0
-23.0,-2.0
2.0,-2.0
25.0,-2.0
2.0,-2.0
-18.7575,-2.0
2.0,-2.0
2.0,-2.0
2.0,-2.0
2.0,-2.0
2.0,-2.0
2.0,-2.0
2.0,-2.0
25.0,-2.0
2.0,-2.0
2.0,-2.0
25.0,-2.0
2.0,-2.0
25.0,-2.0
2.0,-2.0
1.9847043544615515,-1.9847043544615515
13.134462983625234,-1.8713050888883878
1.9030378641177204,-1.9030378641177204
2.1859825451414228,-2.1859825451414228
-1.9162399669036447,1.9162399669036447
23.10366436807865,1.8963356319213496
-2.025523597285198,2.025523597285198
-2.525623268068662,2.525623268068662
-24.262069461599026,1.699569461599026
23.360720885351235,1.6392791146487653
0.0,0.0
-1.9152893012653953,1.9152893012653953
-25.0,1.89175981391152
-2.0485831954655147,2.0485831954655147
-25.0,1.3703112697360993
-25.0,2.1925838726613343
-2.5522391667603337,2.310932829667679
-25.0,1.879359347104863
-2.0745953007699693,2.0745953007699693
-1.7195515854874888,1.7195515854874888
-1.7263484108872005,1.7263484108872005
-2.0927079663211714,2.0927079663211714
-1.916174800943712,1.7077245160135206
-1.8632941234328229,1.8632941234328229
-1.88425768139098,1.88425768139098
-1.88425768139098,1.88425768139098
-1.88425768139098,1.88425768139098
1.384612752245597,-1.384612752245597
1.4797294922818764,-1.4797294922818764
2.2453692469281554,-2.2453692469281554
-1.88425768139098,1.88425768139098
-1.88425768139098,1.88425768139098
-1.88425768139098,1.88425768139098
-1.88425768139098,1.88425768139098
-1.88425768139098,0.0
2.1077753460934154,-2.1077753460934154
1.8937327804078947,-1.8937327804078947
2.06576696996072,-2.06576696996072
0.0,0.0
0.0,0.0
0.0,0.0
0.0,0.0
0.0,0.0
0.0,0.0
0.21606648199446,2.0
-2.0,2.0
-2.0,2.0
-2.0,2.0
-2.0,2.0
-2.0,2.0
-2.0,2.0
-2.0,2.0
-2.0,2.0
-2.0,2.0
-2.0,2.0
1.0470914127422262,2.0
23.0,2.0
23.0,2.0
23.0,2.0
25.00000000000017,-1.0658141036401503e-14
-2.0,2.0
-2.0,2.0
-2.0,2.0
-3.0000000000000018,2.0
-25.0,2.0
-2.0,2.0
-25.0,2.0
-25.0,2.0
-25.0,0.0
0.0,0.0
2.0,-2.0
2.0,-2.0
2.0,-2.0
2.0,-2.0
2.0,-2.0
2.0,-2.0
2.0,-2.0
2.0,-2.0
0.0,0.0
2.0,-2.0
2.0,-2.0
2.0,-2.0
2.0,-2.0
4.21606648199446,-2.0
-2.0,2.0
-2.0,2.0
-2.0,2.0
-2.0,2.0
23.0,2.0
2.0,-2.0
2.0,-2.0
25.0,-2.0
2.0,-2.0
2.0,-2.0
9.047091412742391,-2.0
25.0,-2.0
1.9666081012058727,-1.9666081012058727
-2.265454203450879,2.265454203450879
-2.2953584808173124,2.2953584808173124
-2.1912046579984388,2.1912046579984388
1.8220925113513107,-1.8220925113513107
25.0,0.0
-1.9004412451839672,1.9004412451839672
-2.046514925725069,2.046514925725069
-25.0,2.1523829446425253
22.833572134208293,2.166427865769812
-2.072941694813312,2.072941694813312
-2.0111536352923842,2.0111536352923842
-25.0,0.0
-2.1040137081156756,2.1040137081156756
-2.453503327055185,2.453503327055185
-25.0,2.2044677453933588
-25.0,1.969889224053361
-23.593741160762153,1.9249837239731242
-1.9668452005690211,1.9668452005690211
-1.8914533918916847,1.8914533918916847
-1.9797818270169634,1.9797818270169634
-2.2204824772804646,2.2204824772804646
-1.8972782504313779,1.8972782504313779
-2.1616488183256095,2.1616488183256095
-2.09786002182659,2.09786002182659
-2.158099876991913,2.158099876991913
-2.2204824772804646,2.2204824772804646
-1.8763891678560007,1.8763891678560007
-2.2204824772804646,2.2204824772804646
-2.0107055207010767,2.0107055207010767
-2.123673000154202,2.123673000154202
1.6211058589556417,-1.6211058589556417
2.0069934277873056,-2.0069934277873056
2.2531553957389576,-2.2531553957389576
1.9510153948442435,-1.9510153948442435
2.0531186200473996,-2.0531186200473996
2.077784961496479,-2.077784961496479
2.018424925683666,-2.018424925683666
2.012653556878642,-2.012653556878642
1.9793003996816088,-1.9793003996816088
2.0202379456449124,-2.0202379456449124
2.0,-2.0
2.0,-2.0
2.0,-2.0
2.0,-2.0
-2.0,2.0
-2.0,2.0
-2.0,2.0
2.802789498858213,2.000000000000001
23.0,2.0
-2.0,2.0
25.0,0.0
25.0,-2.0
25.0,-2.0
2.0000000000000098,-2.0
1.9999999999999911,-1.9999999999999911
2.000000000000006,0.0
-2.0,2.0
-2.0,2.0
-2.0,2.0
-2.0,2.0
-2.0,2.0
-2.0,2.0
-24.000000000000007,2.0
-25.0,0.0
-2.0,2.0
-2.0,2.0
-25.0,2.0
-25.0,0.0
0.0,0.0
0.0,0.0
0.0,0.0
0.21606648199446,2.0
-2.0,2.0
-2.0,2.0
-2.0,2.0
2.0,-2.0
2.0,-2.0
2.0,-2.0
-2.0,2.0
2.0,-2.0
2.0,-2.0
2.0,-2.0
25.0,-2.0
25.0,0.0
2.0,-2.0
2.0,-2.0
-2.0,2.0
25.0,-2.0
9.04709141274239,-1.9999999999999982
2.0,-2.0
2.0,-2.0
2.0,-2.0
25.0,-2.0
2.0,-2.0
2.0,-2.0
1.9967685254559122,-1.9967685254559122
2.000000000000006,-1.8819434712941834
1.8819434712941823,-1.8819434712941823
1.8819434712941823,-1.8819434712941823
-1.9578859066925953,1.9578859066925953
1.8819434712941823,0.0
-1.565339891509312,1.565339891509312
-1.7775770603097092,1.7775770603097092
-25.0,1.923233868051426
22.94058505437107,2.05941494562893
-2.2240632915534007,2.2240632915534007
-25.0,1.1763275123374122
-25.0,0.0
1.8963984310788646,-1.8963984310788646
-1.6195475562430515,1.6195475562430515
-1.9641110704147327,1.9641110704147327
-1.9453991304910705,1.9453991304910705
-25.0,1.800266806165368
-1.7512187707047877,1.7512187707047877
-1.728351988028196,1.728351988028196
-2.0398957682936025,2.0398957682936025
-1.9951202845595821,1.9951202845595821
-1.7472046738023677,1.7472046738023677
1.6638553598191024,-1.6638553598191024
-1.9173515751063732,1.9173515751063732
2.0375412732473013,-2.0375412732473013
-1.604182274939685,1.604182274939685
-1.4054674372924865,1.4054674372924865
-2.334068165525401,2.334068165525401
2.087828566454411,-2.087828566454411
1.9702032198409283,-1.9702032198409283
2.2945264708736626,-2.2945264708736626
2.5065419491808263,-2.5065419491808263
1.8710130550549295,-1.8710130550549295
1.8508333820579057,-1.8508333820579057
1.7927930752738597,-1.7927930752738597
7.735164700402301,-2.36101310655655
-1.877598919465704,1.877598919465704
1.8326308569081988,-1.8326308569081988
25.0,0.0
25.0,0.0
-2.0000000000000018,2.0000000000000018
2.0,-2.0
2.0,-2.0
2.0,-2.0
-2.0,2.0
-2.0,2.0
-1.9999999999999847,1.9999999999999847
2.0,-2.0
2.0,-2.0
25.0,-2.0
2.0,-2.0
2.0,-2.0
-2.0,2.0
2.0,-2.0
2.0,-2.0
2.0,-2.0
2.0,-2.0
-2.0,2.0
2.0,-2.0
1.9999999999999991,-1.9999999999999991
-2.0,2.0
2.0,-2.0
-16.19500000000001,-2.0
-25.0,0.0
-2.0,2.0
2.0,-2.0
-22.999999999999996,-2.0
-23.0,-2.0
0.0,0.0
2.0,-2.0
2.0,-2.0
25.0,-2.0
-20.7575,0.0
0.0,0.0
2.0,-2.0
2.0,-2.0
2.0,-2.0
2.0,-2.0
2.0,-2.0
2.0,-2.0
2.0,-2.0
2.0,-2.0
2.0,-2.0
25.0,-2.0
2.0,-2.0
13.26315789473685,-2.0
2.0,-2.0
2.0,-2.0
2.0,-2.0
25.0,-2.0
25.0,-2.0
25.0,-2.0
-2.0,2.0
2.0,-2.0
2.0,-2.0
2.0,-2.0
1.9383865611892017,-1.9383865611892017
1.883581791651885,-1.883581791651885
1.9691446280123777,-1.9691446280123777
2.000000000000006,-2.0417476042089837
2.0462577331955516,-2.0462577331955516
2.046257733195549,-1.9391460385003896
1.9391460385003856,-1.9391460385003856
-1.9919847447150496,1.9919847447150496
-2.142386833519799,2.142386833519799
-1.8319840098071203,1.8319840098071203
-1.8199462949178709,1.8199462949178709
-24.060775475933045,2.2009571462588475
-25.0,2.0517723828315404
-2.1096201896855185,2.1096201896855185
-1.6320875066055875,1.6320875066055875
-25.0,1.7461269897676388
-25.0,1.93069055796553
-2.1186923011439114,2.1186923011439114
-1.5127028368607403,1.5127028368607403
-1.8598868746706034,1.8598868746706034
-2.0128851879420364,2.0128851879420364
-2.0137025237106903,1.8652999095894098
-1.9702896870226314,1.9702896870226314
-1.8244896088411475,1.7277934226573362
1.910283356362637,-1.910283356362637
1.9520848739639214,-1.9520848739639214
2.032262672705888,-2.032262672705888
-1.8735935008388198,1.8735935008388198
2.1224785538668076,-2.1224785538668076
2.2038102476813917,-2.2038102476813917
2.056257631202146,-2.056257631202146
2.141139213071394,-2.141139213071394
-1.8735935008388198,1.8735935008388198
-1.8587602767192173,1.8587602767192173
2.061482978689134,-2.061482978689134
2.1550847785430496,-2.111313794603054
-1.8837212850694476,1.8837212850694476
-1.9130968138446658,1.9130968138446658
-1.9130968138446656,2.0006181298983976
-1.9920848015831587,1.9920848015831587
-1.9920848015831587,1.9920848015831587
-1.9920848015831587,1.9920848015831587
2.0,-2.0
2.008770302954949,-2.0
-2.0,2.0
-2.0,2.0
-2.0,2.0
-2.0,2.0
-2.0,2.0
-2.0,2.0
-2.0,2.0
25.0,0.0
25.0,-2.0
7.185595567867035,-2.0
2.0,-2.0
-2.0,2.0
-2.0,2.0
-2.0,2.0
-2.0,2.0
-2.0,2.0
2.0,-2.0
2.0,-2.0
2.0,-2.0
-25.0,0.0
-2.0,2.0
-2.0,2.0
-25.0,2.0
0.0,-1.9999999999999996
2.0,-2.0
2.0,-2.0
1.9999999999999998,-1.9999999999999998
25.0,-2.0
2.0,-2.0
2.0,-2.0
25.0,-2.0
25.0,-2.0
2.0,-2.0
2.0,-2.0
2.0,-2.0
2.0,-2.0
2.0,-2.0
2.0,-2.0
13.263157894736846,-2.0
25.0,-2.0
2.0,-2.0
2.0,-2.0
2.0,-2.0
2.0,-2.0
2.0,-2.0
2.0,-2.0
2.0,-2.0
2.0,-2.0
2.0,-2.0
2.0,-2.0
2.0,-2.0
2.000000000000006,-2.000000000000006
2.000000000000006,-1.9659618038932725
1.933230916033449,-1.933230916033449
1.9617072275379972,-1.9617072275379972
1.908026165476119,-2.0882631113785153
2.165670331208942,-2.165670331208942
1.825194284814666,-1.825194284814666
2.165670331208936,-2.165670331208936
-25.0,1.8180621624056137
-2.1858477951903748,2.1858477951903748
-2.4929785934523667,2.4929785934523667
-25.0,1.8505739805127988
-25.0,2.0201926115169115
-2.2234018491707377,2.2234018491707377
-2.118849456824525,2.118849456824525
-23.497342604309843,1.9651256397182948
-2.113150827747175,2.113150827747175
-1.9640400663421662,1.9640400663421662
-1.9235049458218096,1.9235049458218096
-2.202094315927704,2.202094315927704
-2.202094315927704,2.284792917032603
-1.9868569883811338,1.9868569883811338
-2.1672770744777052,2.1672770744777052
-2.2767298034248755,2.195775900190263
-2.195775900190263,2.195775900190263
-0.5878875282362683,-1.6078883719539947
1.9720180839357262,-1.9720180839357262
1.696919274037195,-1.696919274037195
1.6375106398813806,-1.6375106398813806
1.547358189025287,-1.547358189025287
1.9928248017869246,-1.9928248017869246
1.7022098663775305,-1.7022098663775305
1.1046793539394342,-1.1046793539394342
2.0580384133421106,-2.0580384133421106
1.9894232333505104,-1.9894232333505104
1.8129834777751825,-1.8129834777751825
1.8234464801217376,-1.8234464801217376
1.9568989500839227,-1.9568989500839227
1.9178207542392145,-1.9178207542392145
1.988308232730978,-1.988308232730978
4.314229424945635,-2.0981629429511752
-2.0,2.0
2.0,-2.0
2.0,-2.0
-2.0,2.0
-2.0,2.0
2.0,-2.0
2.0,-2.0
2.0,-2.0
2.0,-2.0
2.0,-2.0
-2.0,2.0
-2.0,2.0
-2.0,2.0
-2.0,2.0
-2.0,2.0
-2.0,2.0
2.0,-2.0
-2.0,2.0
-2.0,2.0
2.0,-2.0
-2.0,2.0
-2.0,2.0
-2.0,2.0
-2.0,2.0
-2.0,2.0
-2.0,2.0
-2.0,2.0
-2.0,0.0
0.0,0.0
2.0,-2.0
2.0,-2.0
2.0,-2.0
2.0,-2.0
2.0,-2.0
2.0,-2.0
2.0,-2.0
2.0,-2.0
2.0,-2.0
2.0,-2.0
0.0,0.0
0.0,0.0
0.0,0.0
0.0,2.0
-1.7839335180055402,2.0
-2.0,2.0
-2.0,2.0
25.0,0.0
-2.0,2.0
-2.0,2.0
-2.0,2.0
2.0,-2.0
25.0,-2.0
2.0,-2.0
-2.0,2.0
9.02317850339664,-1.9999999999999982
-2.0,2.0
25.0,-1.9760870906542642
-2.073561158503489,2.073561158503489
2.024245247852054,-2.024245247852054
-1.918811517455111,1.918811517455111
23.050878875471707,1.9491211245282933
-1.8558337649749799,1.8558337649749799
-1.8207481675773871,1.8207481675773871
-1.8871362653862356,1.8871362653862356
-1.7989906263011104,1.7989906263011104
-1.851722353046437,1.851722353046437
-1.822254795103832,1.822254795103832
-25.0,1.7225408569425333
-1.8380477576042902,1.8380477576042902
-1.824618362892739,1.824618362892739
-1.6735594075233364,1.6735594075233364
2.0525849849953564,-2.0525849849953564
-1.8097494789500255,1.8097494789500255
-25.0,1.5358727280337767
-25.0,1.5432044507801521
-1.871515921675527,1.871515921675527
-24.493172715431037,1.6890405043584025
-1.6623669566712826,1.6623669566712826
-1.330565556715857,1.330565556715857
-1.7923716266564704,1.7923716266564704
-1.979970697849989,1.979970697849989
-1.4980447561201347,1.4980447561201347
-1.819176768558079,1.819176768558079
-1.9974858246838383,1.9974858246838383
2.443196060307792,-2.443196060307792
2.4032628965359706,-2.4032628965359706
-1.76427847087851,1.76427847087851
-1.9974858246838383,1.9974858246838383
-1.4859442420733704,1.4859442420733704
2.0138079253117436,-2.0138079253117436
-1.9974858246838383,2.0449476291632873
22.999158996207157,2.000841003792843
3.0883901271000465,-2.0859747290131145
22.996295954214453,2.003704045785547
22.940178260205325,2.0598217397946748
22.895187160770945,2.104812839229055
-1.93581342044236,1.93581342044236
-2.0,2.0
2.0,-2.0
-2.0,2.0
-2.0,2.0
-2.0,2.0
2.0,-2.0
-2.0,2.0
-2.0,2.0
-2.0,2.0
-2.0,2.0
-2.0,2.0
-2.0,2.0
-2.0,2.0
-2.0,2.0
2.000000000000006,-2.0
2.0,-2.0
1.9999999999999998,0.0
-2.0,2.0
-2.0,2.0
-2.0,2.0
-2.0,2.0
-24.0,2.0
-25.0,2.0
-2.0,2.0
-2.0,2.0
-25.0,0.0
-25.0,0.0
0.0,2.0000000000000004
0.7008310249307499,2.0
-2.0,2.0
25.0,-2.0
2.0,-2.0
2.0,-2.0
2.0,-2.0
2.0,-2.0
2.0,-2.0
2.0,-2.0
2.0,-2.0
2.0,-2.0
-25.0,2.0
-2.0,2.0
-2.0,2.0
-2.0,2.0
-2.0,2.0
-2.0,2.0
-2.0,2.0
-2.0,2.0
-2.0,2.0
25.0,-2.0
25.0,-2.0
25.0,-2.0
25.0,-2.0
-2.0,2.0
2.0,-2.0
-2.0,2.0
11.047091412742404,-1.9174896878891978
-2.288621190360121,2.299378672235961
1.9067322060133494,-1.9067322060133494
1.709374335086307,-1.709374335086307
1.8121841297049128,-1.6308665521311017
1.725414628439538,-1.725414628439538
-2.296664797965706,2.296664797965706
-25.0,2.6811843549992567
22.39479315837835,2.6052068416166634
-2.71288309758214,2.71288309758214
-2.7997169758733085,2.7997169758733085
-25.0,2.3040129305421893
-2.6711992889544875,2.6711992889544875
-25.0,2.608724856732085
-25.0,2.3034155496116604
-25.0,2.4009227600910137
-3.127806166116666,2.549883308435836
-2.5628388693031257,2.5628388693031257
-2.244916083158354,2.244916083158354
-2.5595796245855,2.5595796245855
-2.2572316606515797,2.2572316606515797
-2.7256508921242,2.7256508921242
-2.7256508921242,2.588432839513578
-2.567365142248992,2.567365142248992
-2.5884328395135774,2.538279033962895
1.524161316304676,-1.524161316304676
-2.538279033962895,2.538279033962895
1.6885613057619917,-1.6885613057619917
-1.4172523335030869,-1.121026700459808
1.5060019458524083,-1.5060019458524083
1.1394107593550418,-1.1394107593550418
1.2825682237424294,-1.2825682237424294
1.2796794624967731,-1.2796794624967731
0.0,0.0
0.0,0.0
1.9528378327067806,-1.9528378327067806
1.7634988461617307,-1.7634988461617307
1.783047687420709,-1.783047687420709
2.066340761760471,-2.066340761760471
1.9274370724671224,-1.9274370724671224
2.000002147380111,-2.000002147380111
2.0,-2.0
2.0,-2.0
2.0,-2.0
2.0,-2.0
2.0,-2.0
13.26315789473686,-2.0
25.0,-2.0000000000000178
2.0,-2.0
25.0,-2.0
25.0,-2.0
25.0,-2.0
2.0,-2.0
2.0,-2.0
2.0,-2.0
2.0,-2.0
2.0,-2.0
2.0,-2.0
-2.0,2.0
2.0,-2.0
-2.0,2.0
2.0,-2.0
2.0,-2.0
-23.0,-2.0
2.0,-2.0
-20.195000000000004,2.0
-25.0,0.0
-25.0,0.0
2.0,-2.0
2.0,-2.0
2.0,-2.0
4.21606648199446,-2.0
-2.0,2.0
-2.0,2.0
-2.0,2.0
-2.0,2.0
-2.0,2.0
2.0,-2.0
-2.0,2.0
-2.0,2.0
2.0,-2.0
-2.0,2.0
-2.0,2.0
-2.0,2.0
-2.0,2.0
2.0,-2.0
-2.0,2.0
-2.0,2.0
-2.0,2.0
25.0,-2.0
11.04709141274239,-2.0
-2.0,2.0
25.0,-2.0
25.0,-2.0
25.0,-2.0
2.0,-1.9663926679465324
1.771392813917101,-1.7407352277182813
1.8333931645206143,-1.8333931645206143
1.9357350817477146,-1.9357350817477146
1.935735081747719,-1.935735081747719
1.935735081747719,0.0
-2.1384620439619857,2.1384620439619857
-2.026533906344404,2.026533906344404
-24.69439858526616,2.1318985852807764
22.726679289849162,2.273320710134641
-1.9352815235108434,1.9352815235108434
-1.9034186826269184,1.9034186826269184
-4.212696536779831,2.0201948205325047
-1.9708946417208968,1.9708946417208968
-1.864096311665996,1.864096311665996
-1.9244005438571148,1.9244005438571148
-1.7985983682468882,1.7985983682468882
-1.6861187656657082,1.6861187656657082
-1.9240455234942835,1.9240455234942835
-1.9678562985623662,1.9678562985623662
2.0168368012605993,-2.0168368012605993
1.9501431492594725,-1.9501431492594725
2.081813732573896,-2.081813732573896
1.9066252265440164,-1.9066252265440164
2.1226723160915,-2.1226723160915
1.9443025120369892,-1.9443025120369892
2.4293647825455147,-2.4293647825455147
1.7466996975718767,-1.847017780985016
2.5405205536404023,-2.5405205536404023
-23.08759125506521,-1.9124087449347904
-15.693282967683185,-2.013897232656351
1.9787865077064093,-1.978786507706409
2.344806663673514,-2.344806663673514
-23.001483985116636,-1.9985160148833643
-22.6813651219008,-2.3186348780992
2.2515778430333606,-2.2515778430333606
2.166068111802142,-2.166068111802142
2.102595993466767,-2.102595993466767
2.050151399301557,-2.050151399301557
0.0,0.0
4.250210923491959,-2.0436234327949543
2.0,-1.990521008702545
-2.0000000000000004,2.0000000000000004
-2.0,2.0
-2.0,2.0
7.047091412742381,-2.0
25.0,-2.0
25.0,-2.0
25.0,0.0
-2.0,2.0
-2.0,2.0
-2.0,2.0
23.0,2.0
-2.0,2.0
2.0,-2.0
-2.0,2.0
2.0,-2.0
2.0,-2.0
2.0,-2.0
2.0,-2.0
-20.195000000000004,-2.0
-2.0,2.0
-2.0,2.0
-25.0,2.0
-25.0,2.0
-2.0,2.0
-2.0,2.0
-2.0,2.0
-25.0,0.0
0.0,0.0
0.0,0.0
2.0,-2.0
25.0,-2.0
2.0,-2.0
2.0,-2.0
6.700831024930749,-2.0
2.0,-2.0
2.0,-2.0
-23.0,-2.0
2.0,-2.0
2.0,-2.0
2.0,-2.0
2.0,-2.0
25.0,-2.0
25.0,-2.0
2.0,-2.0
2.0,-2.0
25.0,-2.0
2.0,-2.0
-2.0,2.0
-2.0,2.0
-2.0,2.0
23.0,2.0
-2.0,2.0
-2.0,2.0
2.0,-2.0
1.9967685254559127,-1.9967685254559127
11.217825078341564,-1.8651398052674502
1.7276745302824985,-1.7276745302824985
1.910472621662733,-1.910472621662733
-19.159512047177365,-1.6787864117720197
25.0,-1.8460620661682725
1.625483496709602,-1.625483496709602
1.615709549440596,-1.615709549440596
-19.51255499096588,-1.383873994317252
25.0,-1.077882101379224
-2.8353105285166995,2.8353105285166995
-25.0,0.0
-23.496565245837935,-1.5034347541620647
-3.121983002243553,3.121983002243553
-21.199094275490094,2.2547171697617614
-25.0,2.5044640544438757
-2.1914118321035048,2.1914118321035048
-2.3676142762896326,2.3676142762896326
-2.387927121369426,2.387927121369426
-2.253763506173782,2.253763506173782
-2.4625312582017598,2.4625312582017598
-2.5872983522207935,2.5872983522207935
-2.5872983522207935,2.5872983522207935
-2.4975978028398798,2.4975978028398798
1.5704474511292537,-1.5704474511292537
1.3112914223242962,-1.3112914223242962
-2.4830094638772184,2.4830094638772184
-2.529266250351802,2.529266250351802
-2.539921910415254,2.539921910415254
-2.069308179739849,2.069308179739849
1.1608808130308388,-1.1608808130308388
-2.5872983522207935,2.5872983522207935
22.319341706285044,2.6806582937149557
-24.91061308665269,2.3620513438843
-2.601236609452407,2.601236609452407
-2.601236609452406,2.601236609452406
-2.1651384318120055,2.1651384318120055
-2.3722251229752667,2.3722251229752667
-2.4552528674032206,2.4552528674032206
-2.2120727549257007,2.2120727549257007
-1.9774818078730023,1.9774818078730023
-2.0014158705153573,2.0014158705153573
-2.0159169952743032,2.0159169952743032
-1.9647497076699219,1.9647497076699219
25.0,-2.0228931799198193
2.005662735039417,-2.005662735039417
2.041804637589265,-2.041804637589265
-2.0,2.0
2.0,-2.0
2.0,-2.0
2.0,-2.0
-2.0,2.0
2.0,-2.0
2.0,-2.0
2.0,-2.0
2.0,-2.0
2.0,-2.0
-2.0,2.0
-2.0,2.0
2.0,-2.0
-2.0,2.0
25.0,0.0
4.326232116814664,-2.0000000000000004
2.0,-2.0
-2.0,2.0
-2.0,2.0
-2.0,2.0
-25.0,2.0
-23.0,-2.0
2.0,-2.0
2.0,-2.0
2.0,-2.0
2.0,-2.0
2.0,-2.0
2.0,-2.0
2.0,-2.0
4.21606648199446,-2.0
-2.0,2.0
-2.0,2.0
-2.0,2.0
-2.0,2.0
-2.0,2.0
-2.0,2.0
-2.0,2.0
-2.0,2.0
-2.0,2.0
-2.0,2.0
-2.0,2.0
-2.0,2.0
25.0,0.0
23.0,2.0
25.0,-2.0
2.0,-2.0
25.0,-2.0
5.047091412742391,2.0
-2.0,2.0
-24.570195791394855,2.0663529409312567
-25.000000000000007,2.3788428504636023
25.0,0.0
22.895191046271577,2.1048089537284227
-2.2901201159170204,2.2901201159170204
-2.386457179280473,2.386457179280473
-2.5084907742925315,2.5084907742925315
-2.2001405994243317,2.2001405994243317
-24.719031475922343,2.1565314759223426
23.034336307198483,1.9656636928015168
-2.3976505768534953,2.3976505768534953
-2.1172009000463614,2.1172009000463614
-25.0,3.552713678800501e-15
-1.9932347319658745,1.9932347319658745
-19.50925691463182,1.9422822094922338
-25.000000000000004,2.1386630643807614
-24.999999999999996,1.8774595936966456
2.116304039716434,-2.116304039716434
-1.7366114973227678,1.7366114973227678
-1.9712323055326575,1.9712323055326575
-2.179569615094053,2.179569615094053
-1.8072375126494542,1.8072375126494542
-2.208017317874365,2.208017317874365
-1.6604844020273077,1.6604844020273077
-2.1847210394521603,2.1847210394521603
-2.2226485748542224,2.2226485748542224
-1.536575037204873,1.536575037204873
2.0951195801991815,-2.0951195801991815
1.955192958900394,-1.955192958900394
2.083319018912304,-2.083319018912304
1.9378711209307529,-1.9378711209307529
1.4553432224523641,-1.4553432224523641
2.2888717065344757,-2.2888717065344757
2.2496137125993467,-2.2496137125993467
-2.385246007589319,2.385246007589319
-2.137696146699236,2.137696146699236
-1.5121496362420341,1.5121496362420341
-1.8984294631279193,1.8984294631279193
-1.8950971631089648,1.8950971631089648
1.7431408346024444,-1.7431408346024444
25.0,-1.9602747400973222
2.1362759543040446,-2.1362759543040446
2.0,-2.0
2.0,-2.0
2.0,-2.0
2.0,-2.0
2.0,-2.0
2.0,-2.0
2.0,-2.0
1.998707410305636,-1.998707410305636
1.997630252175636,-1.997630252175636
1.9991382735884535,-1.9991382735884535
1.9920290304235395,-1.9920290304235395
2.0,-2.0
25.0,-2.0
2.0,-2.0
-2.0,2.0
-2.0,2.0
2.0,-2.0
2.0,-2.0
-2.0,2.0
-2.0,2.0
-2.0,2.0
2.0,-2.0
-24.999999999999996,2.0
-2.0,2.0
-2.0,2.0
2.0,-2.0
-23.0,-2.0
0.0,0.0
0.0,0.0
0.0,0.0
0.21606648199446,2.0
-2.0,2.0
-2.0,2.0
-2.0,2.0
-2.0,2.0
-2.0,2.0
-2.0,2.0
-2.0,2.0
-2.0,2.0
-2.0,2.0
-2.0,2.0
-2.0,2.0
-2.0,2.0
-2.0,2.0
-2.0,2.0
-2.0,2.0
-2.0,2.0
-2.0,2.0
-2.0,2.0
-2.0,2.0
-2.0,2.0
1.0470914127423825,2.0
-2.0,2.0
-2.0,2.0
22.914042785324785,2.085957214675215
22.648818531521414,2.351181468478586
22.678103825954416,2.321896174045584
22.927262954702506,2.072737045297494
-24.645975543445605,2.083475543445605
22.699951305722607,2.3000486942773932
-2.0374093634591555,2.0374093634591555
-1.9344136959572538,1.9344136959572538
-24.48678251927597,1.924282519309827
22.664725711924422,2.335274288038061
-2.216706954061868,2.216706954061868
-25.0,1.6384497870811927
-25.0,1.9824326457261066
-2.193481995285887,2.193481995285887
-2.069716532050519,2.069716532050519
-25.0,1.8755604714357403
-25.0,1.8954283576607764
-2.391871261903818,2.087526878039416
-1.805041751152045,1.7590683498204163
-1.9116671468435404,1.9116671468435404
-1.9721966986249377,1.9721966986249377
-2.0415534767077874,2.0415534767077874
-2.030630841331483,2.030630841331483
-1.9535740660458787,1.9535740660458787
-2.0415534767077874,2.0415534767077874
-2.016228059678462,2.016228059678462
-2.0366930112603754,2.0366930112603754
-2.0415534767077874,2.0415534767077874
1.670933676919831,-1.670933676919831
1.8358884448641328,-1.8358884448641328
1.7772289825673075,-1.7772289825673075
1.7134023172295842,-1.7134023172295842
1.784643701185173,-1.784643701185173
-2.0415534767077874,2.0415534767077874
-1.9374589817362127,1.9374589817362127
-2.0415534767077874,2.0415534767077874
-2.0415534767077874,2.0415534767077874
-2.0415534767077874,2.0415534767077874
-2.0415534767077874,2.0415534767077874
-2.0415534767077874,2.0415534767077874
1.9044306090011098,-1.9044306090011098
-1.9304313289997634,1.8888778522919767
-2.0,2.0
-2.0,2.0
-2.0,2.0
-2.0,2.0
-2.0,2.0
-2.0,2.0
-2.0,2.0
-1.9999999999999847,1.9999999999999847
-2.0,2.0
-2.0,2.0
-2.0,2.0
2.0,-2.0
-1.9999999999999847,1.9999999999999847
-2.0,2.0
-2.0,2.0
-2.0,2.0
2.0,-2.0
2.0,-2.0
-2.0,2.0
-2.0,2.0
-2.0,2.0
-2.0,2.0
-2.0,2.0
-2.0,2.0
-2.0,2.0
-2.0,2.0
-2.0,0.0
0.0,0.0
0.0,0.0
0.0,2.0
-1.78393351800554,1.9999999999999998
-2.0,2.0
-2.0,2.0
-2.0,2.0
-2.0,2.0
-2.0,2.0
-2.0,2.0
-2.0,2.0
-2.0,2.0
-2.0,2.0
-2.0,2.0
-2.0,2.0
-2.0,2.0
-2.0,2.0
-2.0,2.0
-2.0,2.0
-2.0,2.0
-2.0,2.0
-2.0,2.0
-2.0,2.0
-2.0,2.0
2.9805230484134686,2.0
23.0,2.0
25.0,0.0
25.0,-1.9334316356710843
25.0,-1.7223152809486635
1.7223152809486622,-1.810195724408427
1.8196897335356639,-1.8196897335356639
1.8196897335356694,-1.8196897335356694
1.8196897335356628,2.220446049250313e-16
0.0,0.0
0.0,0.0
0.0,-1.8994596399471229
2.10466442099404,-2.10466442099404
2.1046644209940357,-2.1046644209940357
2.104664420994042,-2.104664420994042
-25.0,0.0
-2.1838153430598686,2.1838153430598686
-21.873597458889847,1.8220991383980838
-25.0,1.9509579604388776
-25.0,2.0
-1.9390728254122322,1.9390728254122322
-1.72847411503301,1.72847411503301
-2.0,2.0
-1.9413335950827468,1.9413335950827468
2.1008384059905074,-2.1008384059905074
-2.0,2.0
2.102387241493422,-2.102387241493422
2.1112504431916426,-2.1112504431916426
1.9890761023290748,-1.9890761023290748
1.8364937151360543,-1.8364937151360543
1.9589280886910423,-1.9589280886910423
1.9896226759010078,-1.9896226759010078
2.2504064336228433,-2.2504064336228433
1.4791134925056557,-1.4791134925056557
-1.8452168021310769,1.8452168021310769
-2.0,2.0
1.9398308333335859,-1.9398308333335859
1.7697442065978422,-1.7697442065978422
-1.884612386180156,1.884612386180156
2.228176794157413,-2.228176794157413
2.1194708213528948,-2.1194708213528948
1.8238879676662734,-1.8238879676662734
-2.0,2.0
-2.0,2.0
-1.9603150546318588,1.9603150546318588
1.9033044819447877,-1.9033044819447877
2.0834808132791167,-2.0834808132791167
2.0,-2.0
-2.0,2.0
-2.0,2.0
2.0,-2.0
2.0,-2.0
-2.0,2.0
-2.0,2.0
-2.0,2.0
-2.0,2.0
2.0,-2.0
-2.0,2.0
-2.0,2.0
-2.0,2.0
-2.0,2.0
-2.0,2.0
-2.0,2.0
-2.0,2.0
-2.0,2.0
2.0,-2.0
2.0,-2.0
-2.0,2.0
-2.0,2.0
-2.0,2.0
2.0,-2.0
-2.0,0.0
0.0,0.0
0.0,0.0
0.0,0.0
0.0,0.0
0.0,0.0
0.0,2.0
-1.805,2.0
-1.978933518005539,1.999999999999999
-2.0,2.0
-2.0,2.0
-2.0,2.0
-2.0,2.0
-2.0,2.0
-2.0,2.0
-2.0,2.0
25.0,0.0
-24.5625,2.0
-2.0,2.0
-2.0,2.0
-2.0,2.0
23.0,2.0
25.0,0.0
25.0,0.0
-2.0,2.0
25.0,0.0
-2.0,2.0
1.0470914127423647,2.0000000000000147
-24.612910998080203,2.0504109980802028
22.72912165245146,2.270878347548539
-2.4358453242486497,2.4358453242486497
-2.1446403449962284,2.1446403449962284
-1.9797035647503112,1.9797035647503112
-1.9366413303939032,1.9366413303939032
-1.9056699850877568,1.9056699850877568
-1.915847866636251,1.915847866636251
-24.40461849995622,1.8421184999779356
25.0,-2.4058977032836992e-11
-2.009635094860432,2.009635094860432
-1.923960003033546,1.923960003033546
-24.99999999998721,1.1242280941722882
-2.1341415250397358,2.1341415250397358
-1.9681725033655297,1.9681725033655297
-24.999999999972808,2.034144438415723
-24.99999999999743,1.9556947210131987
-1.9445379299842536,1.9445379299842536
-1.8664429173709003,1.8664429173709003
-25.0,1.9352859415420198
-1.9750015172781374,1.9750015172781374
-2.0493531951857893,2.0493531951857893
-1.918438726350784,1.918438726350784
-1.962998357704203,1.962998357704203
2.1274355848529094,-2.1274355848529094
1.899237331686896,-1.899237331686896
1.987626988101411,-1.987626988101411
2.1346401314159813,-2.1346401314159813
2.109002296467363,-2.109002296467363
2.0303335709476737,-2.0303335709476737
1.949429321649939,-1.949429321649939
-1.910543073481401,1.910543073481401
-2.0334710042341406,2.0334710042341406
1.7337303098448578,-1.7337303098448578
2.0284060470577376,-2.0284060470577376
2.1806330983142708,-2.1806330983142708
2.1154532531402603,-2.1154532531402603
-1.7815554973890189,1.7815554973890189
-2.0493531951857893,2.0493531951857893
-2.0357712206116356,2.0357712206116356
-1.956720256501297,1.956720256501297
-1.861549336412979,1.861549336412979
2.0,-2.0
2.0,-2.0
2.0,-2.0
-2.0,2.0
2.0,-2.0
-2.0,2.0
-2.0,2.0
2.0,-2.0
2.0,-2.0
-2.0,2.0
-2.0,2.0
2.0,-2.0
-2.0,2.0
-2.0,2.0
2.0,-2.0
2.0,-2.0
2.0,-2.0
2.0,-2.0
2.0,-2.0
2.0,-2.0
2.0,-2.0
2.0,-2.0
2.0,-2.0
2.0,-2.0
2.0,-2.0
2.0,-2.0
-0.0493531951857894,-2.0
2.0,-2.0
2.0,-2.0
0.0,0.0
0.0,2.0
-1.805,1.805
-1.805,1.805
-1.805,1.805
-1.805,1.9999999999999998
-1.9809875,2.0
-1.99814628125,2.0
-1.999819262421874,2.0000000000000053
23.0,2.0
-2.0,2.0
25.0,0.0
25.0,0.0
23.0,2.0
-2.0,2.0
-2.0,2.0
1.0471109384087103,2.0
-2.0,2.0
-2.0,2.0
-2.0,2.0
-2.0,2.0
-2.0,2.0
-2.0,2.0
-2.0,2.0
-2.0,2.0
-2.1055614884191787,2.1055614884191787
-2.36986534207023,2.36986534207023
-2.2766309988910995,2.2766309988910995
-2.0491873612296403,2.0491873612296403
-2.0716554165920646,2.0716554165920646
-1.9414326852106836,1.9414326852106836
-1.8325780772142588,1.8325780772142588
-1.8229795888979057,1.8229795888979057
-25.0,1.8887413518933052
23.01054016010541,1.9894598398945895
-1.5004602355568835,2.108503058943807
-23.590197943954337,1.9911405851856507
-25.0,0.0
-1.8910071707423128,1.8910071707423128
-1.947197584755763,1.947197584755763
-25.0,1.616466295067326
-25.0,1.9415488163160397
-1.9589577526146904,1.9589577526146904
-1.9120571958821735,1.9120571958821735
-1.9589577526146906,1.9589577526146906
-1.8828906163138353,1.8828906163138353
-1.8961958327918094,1.8961958327918094
2.1236480698353883,-2.1236480698353883
-1.9589577526146906,1.9589577526146906
-1.7203323147120635,1.7203323147120635
-1.9589577526146906,1.9271214199178586
-1.9271214199178583,1.774269532822741
-1.774269532822741,0.0
0.0,0.0
2.2535318751103883,-2.2535318751103883
1.9926666993853441,-1.9926666993853441
2.005299743976355,-2.005299743976355
1.8022653341278723,-1.8022653341278723
2.0311496444217028,-2.0311496444217028
2.2113933248446545,-2.2113933248446545
2.182368753421449,-2.182368753421449
1.843389630663701,-1.843389630663701
2.3130755747909055,-2.3130755747909055
1.8994628090640029,-1.8994628090640029
0.0,0.0
1.9615505057711606,-1.9615505057711606
0.0,0.0
2.000307743484515,-2.000307743484515
2.0,-2.0
2.0282983904456158,-2.0282983904456158
0.0,0.0
2.0,-2.0
0.0,0.0
0.0,0.0
25.0,-2.0
25.0,-2.0
2.0,-2.0
-2.0,2.0
2.0,-2.0
-2.0,2.0
2.0,-2.0
2.0,-2.0
2.0,-2.0
2.0,-2.0
2.0,-2.0
2.0,-2.0
2.0,-2.0
2.0,-2.0
-2.0,2.0
-1.9999999999999847,1.9999999999999847
2.0,-2.0
2.0,-2.0
-14.514999999999997,-2.0
-23.0,-2.0
2.0,-2.0
2.0,-2.0
0.0,0.0
0.21606648199445955,2.0
-1.9999999999999996,1.9999999999999996
-2.0,2.0
-2.0,2.0
-1.9999999999999996,1.9999999999999996
2.0,-2.0
-2.0,2.0
-1.9999999999999996,1.9999999999999996
-2.0,2.0
-2.0,2.0
-2.0,2.0
25.0,0.0
25.0,-2.0
25.0,-2.0
25.0,-2.0
-23.0,-2.0
-13.522500000000006,2.0
25.0,0.0
-25.0,2.0
25.0,0.0
-2.0,2.0
25.0,-2.0
-2.0,2.0
-2.0,2.0
-2.101468291007585,2.101468291007585
1.7094663050836343,-1.7094663050836343
1.9126913411436048,-1.9126913411436048
1.9895303706066725,-1.9895303706066725
2.000000000000006,-2.000000000000006
-0.13054177634744146,2.1305417763474477
-1.89070548232732,1.89070548232732
-1.7278928283589332,1.7278928283589332
-24.745211466411703,2.1827114664117033
23.491107715033657,1.5088922849663433
0.0,0.0
-1.7613108162188906,1.7613108162188906
-25.0,0.0
-1.3863651327565352,1.3863651327565352
-24.002392679458666,1.6614500574142141
-25.0,2.340942622044448
-25.0,1.946348060474211
-1.9463480604742127,1.9463480604742127
-1.5422553630101827,1.5422553630101827
-1.9463480604742127,1.9463480604742127
-1.6539396009235263,1.6226269239768414
1.970434535330667,-1.970434535330667
1.852293856937183,-1.852293856937183
2.412667464840802,-2.412667464840802
2.242904616675962,-2.242904616675962
2.2050184214228166,-2.2050184214228166
2.652893492325905,-2.652893492325905
-1.9150353835275278,1.9150353835275278
-1.9150353835275278,1.9150353835275278
-1.5455963413046732,1.5455963413046732
2.2634954821465594,-2.2634954821465594
-1.8069680127473577,1.8069680127473577
-1.9150353835275278,1.9150353835275278
-1.6747582718419127,1.6747582718419127
2.1794926151220273,-2.1794926151220273
2.230167196098278,-2.230167196098278
2.08060192973543,-2.08060192973543
2.0496099932482386,-2.0496099932482386
2.159085295179014,-2.159085295179014
-1.9150353835275278,1.9150353835275278
-1.8862767610878193,1.9804203804478995
-2.0,2.0
2.0,-2.0
2.0,-2.0
-2.0,2.0
-2.0,2.0
-2.0,2.0
2.0,-2.0
2.0,-2.0
2.0,-2.0
2.0,-2.0
-2.0,2.0
-2.0,2.0
-2.0,2.0
-2.0,2.0
-2.0,2.0
-2.0,2.0
-2.0,2.0
-2.0,2.0
-2.0,2.0
2.0,-2.0
-2.0,2.0
-2.0,2.0
2.0,-2.0
-2.0,2.0
-2.0,2.0
2.0,-2.0
2.0,-2.0
0.0,-2.0
2.0,-2.0
2.0,-2.0
2.0,-2.0
2.0,-2.0
2.0,-2.0
0.0,0.0
0.0,0.0
0.0,0.0
0.0,0.0
2.0,-2.0
2.0,-2.0
25.0,-2.0
2.0,-2.0
2.0,-2.0
2.0,-2.0
-2.0,2.0
-2.0,2.0
-2.0,2.0
-2.0,2.0
23.0,2.0
25.0,-2.0
-2.0,2.0
-2.0,2.0
-2.0,2.0
25.0,-2.0
11.263157894736851,-2.0
2.0,-2.0
1.9629457629167013,-1.9629457629167013
1.9165341604443116,-1.9165341604443116
1.9032075078368336,-2.063826546997602
2.177971234527173,-2.177971234527173
2.128807856895375,-2.128807856895375
2.177971234527173,-2.177971234527173
2.177971234527173,-2.177971234527173
1.8136483914680597,-1.8136483914680597
2.177971234527171,-2.177971234527171
2.177971234527173,-2.177971234527173
1.996503601680003,-1.996503601680003
-2.348020781358353,2.348020781358353
-1.7348048381430292,1.7348048381430292
-1.8353251458884379,1.8353251458884379
-22.7641146313163,1.8906291135026017
-25.0,1.997980644176213
-25.0,1.5565536897831223
-25.0,1.5292215398762394
-2.014039871948794,2.014039871948794
-2.2446513168610953,2.2446513168610953
-1.6882895968443048,1.5926742504317812
-2.0494844738266242,2.0494844738266242
-1.9664639875927548,1.9664639875927548
-1.9660060902181153,1.9660060902181153
-1.5985202524064128,1.5985202524064128
-1.9251295190021276,1.9251295190021276
-2.1490359704485718,2.1490359704485718
-1.5105632474740722,1.5105632474740722
-2.0457925776268278,2.0457925776268278
2.269666524986718,-2.269666524986718
2.1667263984482465,-2.1667263984482465
1.1520053039600398,-1.1520053039600398
2.3123361857152482,-2.3123361857152482
-1.5708782091694902,1.5708782091694902
-2.1490359704485718,2.1490359704485718
-1.9259995555713092,1.9259995555713092
23.029193482222496,1.970806517777504
2.13946635712173,-2.13946635712173
2.0449667213694664,-2.0449667213694664
2.232112571207556,-1.912484837632566
-1.9130816071391243,1.9130816071391243
-2.0443023796538404,2.0443023796538404
1.994398778401992,-1.994398778401992
-2.0,2.0
2.0,-2.0
1.9984919787412716,-1.9984919787412716
2.0,-2.0
2.0,-2.0
-2.0,2.0
-2.0,2.0
-2.0,2.0
2.0,-2.0
-2.0,2.0
2.0,-2.0
-2.0,2.0
2.0,-2.0
2.0,-2.0
-2.0,2.0
-2.0,2.0
-2.0,2.0
2.0,-2.0
2.0,-2.0
2.0,-2.0
-2.0,2.0
-25.0,2.0
2.0,-2.0
2.0,-2.0
2.0,-2.0
-1.9999999999999996,0.0
2.0,-2.0
2.0,-2.0
1.9999999999999962,-1.9999999999999962
4.2160664819944635,-2.0
2.0,-2.0
2.0,-2.0
2.0,-2.0
2.0,-2.0
2.0,-2.0
2.0,-2.0
2.0,-2.0
2.0,-2.0
2.0,-2.0
-2.0,2.0
-2.0,2.0
-2.0,2.0
1.9999999999791822,-1.9999999999791822
2.0,-2.0
-2.0,2.0
23.0,2.0
2.0,-2.0
1.047091412742383,2.0
23.0,2.0
23.0,2.0
25.0,-1.7071724987960266
-2.0,2.0
-2.0,2.0
1.7071724987960275,-1.6393115398419102
1.6393115398419063,-1.6393115398419063
1.6393115398418976,-1.6393115398418976
-2.0932001034374705,2.0932001034374705
-2.1672969556180246,2.1672969556180246
-2.325654656286768,2.325654656286768
-2.017847583680288,2.017847583680288
-2.1364799258295877,2.1364799258295877
-1.8855521645272795,1.8855521645272795
-1.9786230405526783,1.9786230405526783
-2.2799750540287347,2.2799750540287347
-2.3702701441772724,2.3702701441772724
-25.0,2.0331137748557175
-2.333767108257719,2.333767108257719
-1.9447203315573347,1.9447203315573347
-22.38574488868032,1.7071097785319225
-1.7913679446440387,1.7913679446440387
-2.34152517101315,2.34152517101315
-2.1621979164867895,2.1621979164867895
-2.0756417430127696,2.0756417430127696
-1.9643111441125418,1.9643111441125418
-2.183092679387971,2.183092679387971
-1.9230353722219027,1.9230353722219027
-2.265177805305899,2.265177805305899
-2.227193466645784,2.227193466645784
2.320783776908712,-2.320783776908712
1.968619986809526,-1.968619986809526
2.1098347797714956,-2.1098347797714956
1.5297340314933425,-1.5297340314933425
1.9575603924665854,-1.9575603924665854
1.3162339369222282,-1.3162339369222282
1.435895049189602,-1.435895049189602
2.278809956091333,-2.278809956091333
1.5552866615548782,-1.5552866615548782
-2.8117740985423936,2.8117740985423936
-2.3458226530585247,2.3458226530585247
-1.6323917196098279,1.6323917196098279
1.8223336096243807,-1.8223336096243807
-2.5318809358773513,2.5318809358773513
25.0,0.0
25.0,0.0
-25.0,2.0144881640502845
1.9814460657102158,-1.9814460657102158
-25.0,0.0
-25.0,1.9757185178821643
2.036717693804559,-2.036717693804559
-1.9975159336156512,1.9975159336156512
2.005240453110343,-2.005240453110343
-2.0323415168114667,2.032341516811467
-1.9649195257434764,1.9649195257434764
-2.0334768201580005,2.0334768201580005
-2.050195564820861,2.050195564820861
-2.044138242522446,2.044138242522446
-2.0,2.0
-2.0,2.0
-2.0,2.0
-2.0,2.0
-2.0,2.0
3.118884562955731,-2.0
-2.0,2.0
1.9999999999791822,-1.9999999999791822
2.0,-2.0
1.9999999999999984,-1.9999999999999984
-2.0,2.0
-2.0,2.0
2.0,-2.0
2.0,-2.0
2.0,-2.0
-23.0,-2.0
2.0,-2.0
2.0,-2.0
2.0,-2.0
2.0,-2.0
0.0,0.0
0.0,0.0
0.0,0.0
0.21606648199446,2.0
-2.0,2.0
-2.0,2.0
-2.0,2.0
-2.0,2.0
-2.0,2.0
-2.0,2.0
2.0,-2.0
-2.0,2.0
-2.0,2.0
25.0,-2.0
25.0,-2.0
23.0,2.0
2.0,-2.0
-2.0,2.0
-2.0,2.0
25.0,-2.0
-2.0,2.0
-2.0,2.0
-2.0,2.0
9.047091412742397,-1.8386417263946626
1.6951961432594869,-1.601625970540467
1.7450715536756454,-1.7450715536756454
-0.2808547155944199,2.0259262692700633
-2.1662214805988858,2.1662214805988858
-1.9358665970687898,1.9358665970687898
-2.041791419244297,2.041791419244297
-1.9375303013824343,1.9375303013824343
-1.8743152177897509,1.8743152177897509
-1.9828593013088183,1.9828593013088183
-1.9130840725583091,1.9130840725583091
-1.806505381767881,1.806505381767881
-1.6933974720379013,1.6933974720379013
-2.517840590568074,2.517840590568074
0.0,0.0
-2.2407694453204776,2.2407694453204776
-25.0,1.857504609142591
-25.0,1.6722729715152589
-1.915353047143876,1.915353047143876
-2.1717547490805718,2.1717547490805718
1.9277393131360139,-1.9277393131360139
-1.8588205512874847,1.8588205512874847
-1.7720251729823309,1.7720251729823309
-1.7195711510541525,1.7195711510541525
-2.1628019244640866,2.1628019244640866
-1.8085136925137144,1.8085136925137144
-2.0650031239267364,2.0650031239267364
-2.683203079675735,2.683203079675735
-2.0120700611889735,2.0120700611889735
-2.371821504269434,2.371821504269434
-0.5560767439276635,2.0466279010938653
22.300014082158818,2.6999859178411825
22.840820861104692,2.1591791388949204
-1.6474051362869204,1.6474051362869204
-1.9722882149851335,1.9722882149851335
0.0,0.0
0.0,0.0
0.0,0.0
0.0,0.0
0.0,0.0
-1.8806527454567241,1.8806527454567241
-25.0,0.0
-25.0,2.0
-24.000000000000007,2.0
-25.0,-3.552713678800501e-15
0.6971064841155006,1.9968307295228704
-1.986111764274616,1.986111764274616
-1.9961144654628256,1.9961144654628256
-1.991119001057028,1.9980128123493999
1.994614209195913,-1.994614209195913
1.999353705152817,-1.999353705152817
-2.000646294847182,2.000646294847182
1.999353705152818,-1.999353705152818
2.0,-2.0
-2.0,2.0
-2.0,2.0
-2.0,2.0
2.0,-2.0
2.0,-2.0
-2.0,2.0
25.0,0.0
2.0,-2.0
2.0,-2.0
2.0,-2.0
-25.0,0.0
2.0,-2.0
2.0,-2.0
0.0,0.0
2.0,-2.0
0.0,0.0
0.0,0.0
0.0,0.0
0.0,0.0
0.0,0.0
0.0,0.0
2.0,-2.0
4.21606648199446,-2.0
-2.0,2.0
-2.0,2.0
-2.0,2.0
-2.0,2.0
-2.0,2.0
25.0,-2.0
0.48476454293628946,2.0
-2.0,2.0
-25.0,2.0
25.0,-2.0
25.0,-2.0
9.185595567867045,-2.0
-25.0,0.0
-25.0,2.0
-2.0,2.0
1.0470914127423896,1.9999999999999982
23.0,2.0
23.0,2.0
25.0,0.0
22.89702368110787,2.1029763188921287
-2.132045977901413,2.132045977901413
-1.9832933728724402,1.9832933728724402
-1.9056093949458404,1.9056093949458404
-2.0886463755835454,2.0886463755835454
-1.9656562768206034,1.9656562768206034
-2.1583731637778802,2.1583731637778802
-1.7105791953043448,1.7105791953043448
-24.548167906845887,1.9856679068458867
25.0,-2.093605457798432
2.0936054577984318,-1.9465989415306146
-24.999999999999993,1.9811072363715354
-25.0,2.360429295293226
-1.942389504535221,1.942389504535221
-1.386801886696233,1.386801886696233
-25.0,2.329433335241923
-1.8546543478829465,1.8546543478829465
-1.6955506310917707,1.6955506310917707
-2.191045135515407,2.191045135515407
-2.1176483834903577,2.1176483834903577
-2.0603200108739106,2.0603200108739106
-2.1963410926078923,2.1963410926078923
-2.0471454418894597,2.0471454418894597
-2.1017592499182784,2.1017592499182784
-1.8580827400801034,1.8580827400801034
-2.215823347825486,2.215823347825486
-1.8695380637874814,1.869538063787484
-2.0519080795035567,2.0519080795035567
-2.159266237223938,2.159266237223938
-2.1831611588712905,2.1831611588712905
-2.029036247648472,2.029036247648472
-2.136228729199531,2.136228729199531
-2.2211142557394776,2.2211142557394776
-2.2464188449075158,2.2464188449075158
-2.0042050189642104,2.0042050189642104
-2.044277192931433,2.044277192931433
-2.1320054069632817,2.1320054069632817
-2.13552152863677,2.13552152863677
-2.0551745824152676,2.0551745824152676
-2.100980019668571,2.100980019668571
-1.989060363092991,1.989060363092991
-2.035928356568895,2.035928356568895
4.689306786188016,-2.013818186386397
25.0,-2.0180529457022516
1.9929854682244594,-1.9929854682244594
23.010844994395285,1.9891550056047151
23.00332452408684,1.996675475913161
-2.004686078952105,2.004686078952105
-2.0054328149769374,2.0054328149769374
1.9877203979035407,-1.9877203979035407
1.9875049658769102,-1.9875049658769102
1.9909518721394512,-1.9909518721394512
-2.0,2.0
0.0,0.0
0.0,0.0
2.0,-2.0
2.0,-2.0
2.0,-2.0
1.9999999999999827,-1.9999999999999827
-25.0,2.0
-22.195,2.0
-25.0,3.552713678800501e-15
-24.999999999999996,0.0
0.0,0.0
2.0,-2.0
2.0,-2.0
0.0,0.0
0.0,0.0
2.0,-2.0
2.0,-2.0
2.0,-2.0
2.0,-2.0
2.0,-2.0
2.0,-2.0
2.0,-2.0
2.0,-2.0
2.0,-2.0
2.0,-2.0
25.0,-2.0
2.0,-2.0
2.0,-2.0
-20.7575,0.0
5.0844710969450375,2.0
23.0,2.0
25.0,0.0
25.0,-2.0
2.0,-2.0
2.0,-2.0
-2.0,2.0
-2.0,2.0
-2.0,2.0
-2.0,2.0
25.0,-2.0
2.0,-2.0
-2.0,2.0
1.9956913677881787,-1.9956913677881787
1.9588525605742686,-1.9588525605742686
1.9703347351620044,-1.9703347351620044
1.9112757368935194,-1.9112757368935194
1.9265317705419012,-1.9265317705419012
2.1786867977918125,-2.1786867977918125
2.1786867977918116,-1.9051445549507648
-20.255419433174666,-2.1861699958929997
-25.0,2.0573124361468267
1.9485425596769979,-1.9485425596769979
25.0,0.0
25.0,0.0
2.19243208173287,-2.19243208173287
-1.8844751116398615,1.8844751116398615
2.1924320817328633,-1.789004929109029
1.7890049291090437,-1.7890049291090437
-2.1799825471674086,1.9533900866045197
2.040076907572061,-2.040076907572061
-25.0,1.7491725911202494
-25.0,1.9855255831270995
-19.495530332226597,1.8744925701843371
-1.6143339638747438,1.6143339638747438
1.9822404613696945,-1.9822404613696945
-1.7934573578194253,1.7934573578194253
-1.8268791325632532,1.8268791325632532
-1.837921685928778,1.837921685928778
2.373126401336376,-2.373126401336376
1.8882162373299702,-1.8882162373299702
2.351163106036484,-2.351163106036484
-2.042952572511,2.042952572511
2.220648311236613,-2.220648311236613
-1.8343672220561036,1.8343672220561036
25.0,-2.17173518351391
22.993818858802854,2.006181141197146
2.147706300849645,-2.147706300849645
2.324218875046061,-2.324218875046061
25.0,-2.249778599834528
-22.88775037172052,-2.1122496282794785
-25.0,0.0
-25.0,0.0
25.0,0.0
-25.0,1.9343000204094096
-2.011848738043198,2.011848738043198
25.0,-2.0
25.0,-2.0
23.0,2.0
-2.0,2.0
2.0,-2.0
14.909833978882268,0.0
-2.0,2.0
-2.0,2.0
-2.0,2.0
-2.124999999999997,2.0
-25.0,2.0
-25.0,2.0
-25.0,2.0
-25.0,2.0
-2.0,2.0
25.0,0.0
23.0,2.0
-25.0,2.0
-25.0,0.0
25.0,-2.0
-20.7575,0.0
0.21606648199445955,2.0000000000000004
-2.0,2.0
-2.0,2.0
-2.0,2.0
-2.0,2.0
-2.0,0.0
0.0,0.0
2.0,-2.0
4.216066481994458,-1.9999999999999996
-1.9999999999999991,1.9999999999999991
2.0,-2.0
-1.9999999999999991,1.9999999999999991
2.0,-2.0
2.0,-2.0
2.0,-2.0
-1.9999999999999991,1.9999999999999991
-2.0,2.0
-2.0,2.0
25.0,0.0
25.0,-2.0
2.0,-2.0
25.0,-2.0
9.047091412742398,-2.0
2.0,-2.0
2.0,-2.0
25.0,-2.0
2.000000000000006,-2.000000000000006
2.0,-2.0
2.0,-2.0
2.0,-2.0
2.0,-2.0
2.000000000000006,-2.000000000000006
2.0,-2.0
1.9898747138553627,-1.9898747138553627
1.951380439601487,-1.951380439601487
1.9869219176608244,-1.9869219176608244
2.00000000000001,-2.1661666496761813
2.1841181713863396,-2.1841181713863396
2.1841181713863396,-2.1841181713863396
-1.9078670088797882,1.9078670088797882
-1.8845567663233123,1.8845567663233123
2.138662117659795,-2.138662117659795
2.1841181713863396,0.0
-1.9548276823937472,1.9548276823937472
-2.087748410745822,2.087748410745822
-25.0,1.9827138218534692
-2.0530858003871906,2.0530858003871906
-2.07234936306128,2.07234936306128
-25.0,1.9826368218814423
-25.0,1.9175791037122494
-25.0,1.711225805725185
-2.187011473046323,2.187011473046323
-2.594155553172352,1.9870431768380854
-1.744312756820153,1.6669839570432057
-1.9097143770611376,1.9097143770611376
-1.627748999984954,1.627748999984954
2.0097660579276093,-2.0097660579276093
1.484116912819168,-1.484116912819168
-1.8424552170687276,1.8424552170687276
-1.9097143770611376,1.9097143770611376
-1.9097143770611376,1.9097143770611376
1.9367344246223799,-1.9367344246223799
2.018600226849491,-2.018600226849491
-1.8357873035074315,1.8357873035074315
-1.8727357716422182,1.8727357716422182
-1.9097143770611376,2.4229714180648085
-2.3168146492522514,2.3168146492522514
-1.589705333477538,1.589705333477538
22.861798067623848,2.138201932376152
22.800097895366076,2.1999021046339244
-25.0,0.0
-20.69453897571646,-1.8033898808504958
25.0,-1.9880909602689236
9.677130329380093,-2.0365064086129987
-2.1076496368345237,2.1076496368345237
1.8967859586100235,-1.8967859586100235
25.0,1.908162516883749e-11
25.0,-1.9821728497139297
-2.047076449598949,2.047076449598949
1.9779406075910637,-1.9779406075910637
1.9889195975191265,-1.9889195975191265
1.9670389627937142,-1.9670389627937142
-2.038777690830924,2.038777690830924
-2.0342536269006497,2.0342536269006497
-2.031668445046502,2.031668445046502
1.9653155090460892,-1.9653155090460892
2.0,-2.0
2.0,-2.0
2.0,-2.0
-2.0,2.0
2.0,-2.0
2.0,-2.0
2.0,-2.0
-2.0,2.0
-2.0,2.0
-2.0,2.0
-2.0,2.0
-25.0,2.0
-2.0,2.0
-2.0,2.0
-25.0,2.0
-25.0,0.0
0.0,0.0
0.0,0.0
0.0,0.0
0.0,0.0
2.0,-2.0
2.0,-2.0
2.0,-2.0
2.0,-2.0
2.0,-2.0
2.0,-2.0
2.0,-2.0
4.21606648199446,-2.0
2.0,-2.0
2.0,-2.0
2.0,-2.0
-2.0,2.0
-2.0,2.0
-2.0,2.0
-2.0,2.0
23.0,2.0
-2.0,2.0396394189374463
22.957990834933167,2.0420091650668333
25.0,-1.9480809838969328
25.0,-1.955570173583098
2.7979908481779976,2.0613980104822964
1.9476501173782526,-1.9476501173782526
-2.0844491966523493,2.0844491966523493
2.0517142926246725,-1.8280962952230304
1.7854540696791994,-1.7424039898393866
1.7850462153832107,-1.7850462153832107
1.3724164615942822,-1.3724164615942822
1.5556650343682432,-1.5556650343682432
1.7850462153832054,-1.702962193973078
1.7029621939730877,-1.6878361175008463
-2.2602068890789386,2.2602068890789386
-2.535469166131203,2.535469166131203
-2.612168080891072,2.612168080891072
-0.8360350856305487,2.523871203131379
-2.7216153362131825,2.7216153362131825
-25.0,2.142012563163963
-2.1823353026139296,2.1823353026139296
-2.5253076944128114,2.5253076944128114
-25.0,2.474023819600525
-25.0,1.989344339936551
-2.285328445526585,2.285328445526585
-24.99999999999995,2.036000011512126
-1.9564704010592777,1.9564704010592777
-3.5981509302455423,2.183672072620114
-2.2017563365422888,2.2017563365422888
-2.226901876587778,2.226901876587778
-2.226901876587778,2.226901876587778
-1.643303309908175,1.643303309908175
1.6622781226871615,-1.6622781226871615
1.8061967507324583,-1.8061967507324583
1.667923104243017,-1.667923104243017
-2.226901876587778,2.226901876587778
1.4921365861352989,-1.4921365861352989
1.6135421895722146,-1.6135421895722146
1.3329811152645652,-1.3329811152645652
0.9592481813616445,-0.9592481813616445
-2.1576416640436182,2.1576416640436182
1.555024104273211,-1.555024104273211
1.5336657636715847,-1.5336657636715847
2.134295572188712,-1.9459655852033213
-2.396869689842093,2.396869689842093
-2.3463687532699753,2.3463687532699753
25.0,0.0
25.0,0.0
-2.0126084890159164,2.0126084890159164
1.9255060328894271,-1.9255060328894271
1.9692161054454278,-1.9692161054454278
-1.8646212684425032,1.935498273304029
-2.0123627853398065,2.0123627853398065
-2.01805016224399,2.01805016224399
24.99999999995209,-1.9905386876071738
-1.928838480833533,2.004239544694495
-2.0290802060725635,2.0290802060725635
-2.0342806183099014,2.0342806183099014
-2.0356510881309426,2.0356510881309426
1.952703470288811,-1.952703470288811
-2.0,2.0
-2.0,2.0
-2.0,2.0
-2.0,2.0
-2.0,2.0
-2.0,2.0
2.0,-2.0
-2.0,2.0
-2.0,2.0
-2.0,2.0
-2.0,2.0
-20.41992448125542,2.0
2.0,-2.0
2.0,-2.0
-25.0,0.0
-23.0,-2.0
2.0,-2.0
2.0,-2.0
2.0,-2.0
0.0,0.0
0.0,0.0
0.0,0.0
2.0,-2.0
0.0,0.0
4.21606648199446,-2.0
-2.0,2.0
2.0,-2.0
2.0,-2.0
2.0,-2.0
-2.0,2.0
23.0,2.0
1.047091412742383,2.0
-2.0,2.0
25.0,0.0
23.0,2.0
25.0,0.0
0.0,-1.9555471206316846
2.0,-2.0
2.0,-2.0
2.0,-2.0
2.0,-2.0
2.0,-2.0
1.9952605043512723,-1.9952605043512723
2.0,-1.8485515774308943
2.015362791427226,-1.3628204536868689
1.3628204536868644,4.440892098500626e-16
0.0,0.0
0.0,0.0
-25.0,0.0
-23.5178368036842,-1.482163196315799
-2.4245879441169054,2.4245879441169054
-2.147711192241312,2.147711192241312
1.83100147122963,-1.83100147122963
-2.390363349992594,2.390363349992594
-22.12676278181865,2.126762781818634
-25.0,1.9695282077910683
22.64825150483191,2.3517484951680885
-1.9119517942811193,1.9119517942811193
-1.8643241558455204,1.8643241558455204
-1.8953065462296221,1.8953065462296221
-2.179992483792894,2.179992483792894
-2.0957014980205706,2.0957014980205706
-1.8432495159605056,1.8432495159605056
-2.242375084081445,2.242375084081445
-2.0366627161894133,2.0366627161894133
-2.639149628466299,2.639149628466299
-2.0007750488987686,2.0007750488987686
2.336307976209829,2.056079963233902
1.9543371231457272,-1.9543371231457272
1.8223856792775956,-1.8223856792775956
25.0,-1.72540168991965
25.0,-1.8590427151412001
-25.0,2.380893615727828
-25.0,2.232909136700549
-25.0,2.7369206585219388
22.5470028530888,2.4529971469112013
2.5704666351402663,-1.4339353367867695
25.0,-1.6280617334778995
-2.3694534395559312,2.3694534395559312
-25.0,2.5816855591778385
-25.0,0.0
25.0,-1.6940412422958389
-2.1265317819025524,2.1265317819025524
25.0,0.0
-1.971747203398885,1.971747203398885
25.0,-1.9953201314388238
-2.0,2.0
23.0,2.0
2.0,-2.0
-14.259955636413835,2.0
-2.0,2.0
-2.0,2.0
-25.0,2.0196042762093818
-2.0069212871564943,2.0069212871564943
-2.0215431632163483,2.0215431632163483
-2.0234820452924756,2.0234820452924756
25.0,-2.0
25.0,0.0
-2.0,2.0
-2.0,2.0
-20.000000000000007,-2.0
-25.0,0.0
-25.0,2.0
-25.0,0.0
23.0,2.0
-2.0,2.0
-2.0,2.0
-2.0,2.0
-2.0,2.0
-2.0,2.0
-22.5625,2.0
0.0,-2.0
2.0,-2.0
2.0,-2.0
2.0,-2.0
0.0,0.0
2.0,-2.0
25.0,-2.0
11.4016620498615,-1.9999999999999982
25.0,-2.0
-25.0,2.0
-25.0,0.0
-2.0,2.0
-2.0,2.0
-2.0,2.0
-1.9999999999999996,1.9999999999999996
25.0,-2.0
25.0,-2.0
25.0,-2.0
11.047091412742397,-2.0
25.0,-2.0000000000000036
2.000000000000006,-2.000000000000006
2.0,-2.0
-2.0,2.0
2.0,-2.0
2.000000000000006,-2.000000000000006
-2.0,2.0
-2.0,2.0
1.9877203979035407,-1.9877203979035407
1.7503147705208966,-1.7503147705208966
-2.2198505410346234,2.2198505410346234
-2.3083850457571704,2.3083850457571704
-23.04082313273047,2.2833231327304873
1.5379556719492178,-1.5379556719492178
25.0,-2.027755965326687
2.0277559653266883,-8.881784197001252e-16
-1.8740614965704454,1.8740614965704454
-2.215356298814826,2.215356298814826
-2.4106092934573455,2.4106092934573455
-2.2963022038351326,2.2963022038351326
-2.143185866016413,2.143185866016413
-2.1676049555061336,2.1676049555061336
-2.0661284595834974,2.0661284595834974
-1.9620396449377289,1.9620396449377289
-1.9533569513706546,1.9533569513706546
-1.9511100669409984,1.9511100669409984
-25.0,2.0305311200562386
-1.9973239353983878,1.9973239353983878
-24.076659783626546,2.046128663570304
-1.90777486137228,1.90777486137228
-2.0331390207481856,2.0331390207481856
-1.8850137958703979,1.8850137958703979
-1.6384826067414018,1.6384826067414018
-2.069272835490394,2.069272835490394
2.2711957949229697,-2.2711957949229697
1.8566405684728684,-1.8566405684728684
1.7192549462509898,-1.7192549462509898
1.9077010171368105,-1.9077010171368105
-23.04496924595871,-1.9550307540412888
-23.25837466843307,-1.7416253315669294
1.8885968191589262,-1.8885968191589262
1.6594947630425585,-1.6594947630425585
0.0,0.0
0.0,0.0
0.0,0.0
0.0,0.0
1.9400069234335504,-1.9400069234335504
1.8315712394652683,-1.8315712394652683
0.0,0.0
25.0,-1.8748155598211014
1.977485141119742,-1.977485141119742
1.956195531474193,-1.956195531474193
1.960417174759976,-1.960417174759976
25.0,-2.0111062844514933
-1.9827729771214275,1.9827729771214275
25.0,-1.968867167271732
25.0,-2.001485119209466
13.119432025490642,-2.000000000000007
1.963272571487784,-1.963272571487784
-2.0364025158484877,2.0364025158484877
-2.033942066947234,2.033942066947234
1.9525691414621773,-1.9525691414621773
2.0,-2.0
2.0,-2.0
2.0,-2.0
2.0,-2.0
2.0,-2.0
2.0,-2.0
2.0,-2.0
-2.0,2.0
2.0,-2.0
2.0,-2.0
2.0,-2.0
-23.0,-2.0
-2.0,2.0
-16.195000000000004,-2.0
-25.0,0.0
-23.0,-2.0
2.0,-2.0
2.0,-2.0
0.0,0.0
0.0,0.0
0.0,0.0
2.0,-2.0
2.0,-2.0
0.21606648199446,2.0
-2.0,2.0
-2.0,2.0
-2.0,2.0
-0.9130537399916695,2.0000000000000013
-2.0,2.0
-2.0,2.0
25.0,0.0
23.0,2.0
-2.0,2.0
-2.0,2.0
-2.0,2.0
-2.0,2.0
-2.0329610372062854,2.0329610372062854
-2.029944996229715,2.029944996229715
22.969193280594602,2.0308067194053976
22.966823529534373,2.0331764704656266
-2.0364079447015357,2.0364079447015357
1.9601451527340519,-1.9601451527340519
1.9398945792120676,-1.9398945792120676
1.8969684655797754,-1.8969684655797754
-2.3188660949721696,2.3188660949721696
1.7861349444958956,-1.7861349444958956
1.8883519340019856,-1.8883519340019856
1.9601451527340512,-1.9601451527340512
1.9601451527340483,2.220446049250313e-15
0.0,0.0
-1.710249105260326,1.710249105260326
-24.296860826009247,1.7343608260092473
22.717925118865235,2.282074881134765
-2.200127345330789,2.200127345330789
-2.0388105104911336,2.0388105104911336
-1.9713332891025281,1.9713332891025281
-2.099574849072482,2.099574849072482
-2.2517469905128973,2.2517469905128973
-1.9696954618286657,1.9696954618286657
-20.163577763819937,1.8943004974147684
-1.6598652465145278,1.6598652465145278
-1.5671692719922774,1.5671692719922774
-1.7519887704250632,1.7519887704250632
-1.9727470590807403,1.9727470590807403
-2.112968426174092,2.112968426174092
-2.3142255251928248,2.3142255251928248
-2.1678428980426485,2.1678428980426485
-1.795277271092715,1.795277271092715
-1.7617608242521339,1.7617608242521339
1.9076984925475653,-1.9076984925475653
2.2444016980993187,-2.2444016980993187
1.7100263102592947,-1.7100263102592947
2.3915701036525654,-2.3915701036525654
1.6706881606155797,-1.6706881606155797
1.7520746064594555,-1.7520746064594555
1.8786644539146842,-1.8786644539146842
-1.2765600169086877,1.2765600169086877
-25.0,2.4483386486035315
1.2426244882531368,-1.2426244882531368
1.7097706955980554,-1.7097706955980554
-24.999999999991807,1.7434386177934442
-2.0622241823133134,2.0622241823133134
-2.247335270804105,2.247335270804105
1.7942953636625367,-1.7942953636625367
-2.0278659821924565,2.0278659821924565
-1.9832046079200558,1.9832046079200558
-2.0,2.0
-1.9999999999999847,1.9999999999999847
-1.9956804063803875,1.9956804063803875
1.994614209195913,-1.994614209195913
2.0183791954706667,-2.0183791954706667
25.0,-2.0
25.0,-2.0
25.0,-2.0
2.0,-2.0
2.0,-2.0
2.0,-2.0
2.0,-2.0
2.0,-2.0
2.0,-2.0
2.000000000000006,-2.000000000000006
2.0,-2.0
0.0,2.000000000000006
-2.0,2.0
-2.0,2.0
-2.0,2.0
-2.0,2.0
-25.0,2.0
-2.0,2.0
-25.0,1.0
-25.0,2.0
-25.0,0.0
2.0,-2.0
2.0,-2.0
2.0,-2.0
2.0,-2.0
0.0,0.0
2.0,-2.0
2.0,-2.0
2.0,-2.0
2.0,-2.0
2.0,-2.0
2.0,-2.0
2.0,-2.0
2.0,-2.0
2.0,-2.0
0.0,0.0
0.0,0.0
0.0,0.0
0.0,0.0
2.0,-2.0
0.21606648199446,2.0
-2.0,2.0
25.0,-2.0
4.484764542936289,-2.0
-25.0,2.0
-2.0,2.0
-2.0,2.0
-2.0,2.0
1.6341469994537294,-1.6341469994537294
22.5321504578696,2.4678495421303985
22.70264898708001,2.2973510128803554
22.815886439835353,2.184113560164647
1.0442834383922714,2.002807974389752
22.881839756039852,2.1181602439601477
-1.6422959987986996,1.6422959987986996
-1.4499500686738767,1.4499500686738767
-1.6080493145184782,1.6080493145184782
-2.3768656335845506,2.3768656335845506
0.0,0.0
-2.122304357208776,2.122304357208776
-24.999999999964285,2.038148436961155
-2.350272241606019,2.350272241606019
-1.9716431824325742,1.9716431824325742
-1.9776498113980363,1.9776498113980363
-1.926271895636308,1.926271895636308
-1.972359534631357,1.972359534631357
-1.905323485213632,1.905323485213632
-1.8233873100612659,1.8233873100612659
-1.8328166508980832,1.8328166508980832
-2.0227913605728443,2.0227913605728443
-1.8109631752304267,1.8109631752304267
2.0523871203131385,-2.0523871203131385
-1.9870400211015262,1.9870400211015262
2.132234829011086,-2.132234829011086
1.9910648475082464,-1.9910648475082464
-2.072767498155283,2.072767498155283
1.9824073998336402,-1.9824073998336402
2.2916449678220907,-2.2916449678220907
1.8402856481847545,-1.8402856481847545
1.5866628878614817,-1.5866628878614817
1.9239707325378452,-1.9239707325378452
-22.54560612403707,-2.4543938759119968
-23.08806272210705,-1.9119372778929495
1.7035545257251092,-1.7035545257251092
-2.2475107297567583,2.2475107297567583
-1.6187093926131126,1.6187093926131126
2.1840147856103664,-2.1840147856103664
1.816754898536253,-1.816754898536253
-2.1919825470601104,2.1919825470601104
-22.03814843704781,2.025909701653134
1.8705889832315268,-1.8705889832315268
-2.0259097016531333,2.0259097016531333
-2.0096958822358895,2.0096958822358895
-1.9863580072611728,1.9863580072611728
1.9655351507759804,-1.9655351507759804
-2.0,2.0
2.0,-2.0
-2.0,2.0
-2.0,2.0
-2.0,2.0
23.0,2.0
25.0,0.0
25.0,0.0
2.0,-2.0
25.0,0.0
1.0183826020463824,2.0
-2.0,2.0
-2.0,2.0
-2.0,2.0
-2.0,2.0
-2.0,2.0
-25.0,2.0
-25.0,2.0
-2.9999999999999947,2.0
-25.0,2.0
-25.0,2.0
-2.000000000000003,0.0
0.0,0.0
0.0,0.0
0.0,0.0
0.0,0.0
0.0,0.0
0.0,0.0
0.0,0.0
0.0,0.0
2.0,-2.0
0.0,0.0
0.0,0.0
0.0,0.0
0.0,0.0
0.0,0.0
0.0,0.0
0.0,0.0
0.0,0.0
0.0,0.0
0.0,0.0
0.0,0.0
2.0,-2.0
2.0,-2.0
25.0,0.0
25.0,0.0
-2.0,2.0
-2.0,2.0
22.943341481732205,2.0566585182235215
22.651001867306125,2.3489981326938754
-2.4064463246827774,2.4064463246827774
3.0813453399281077,2.1818125548530123
-2.034320844089347,2.034320844089347
-2.0001508442074964,2.0001508442074964
-1.8359174776404688,1.8359174776404688
-1.8417985082909016,1.8417985082909016
-1.5972756299077382,1.5972756299077382
0.0,0.0
-2.1886202675438504,2.1886202675438504
-2.090380295035615,2.090380295035615
-1.9359025724655563,1.9359025724655563
-25.0,2.054699012915897
-2.148876921326023,2.148876921326023
-1.972771042678584,1.972771042678584
-24.999999999985672,1.8938845713363612
-25.0,1.9032388056430847
-1.9303125007258188,1.9303125007258188
-2.6226464895692043,1.8475192275241628
-2.0138423228402313,2.0138423228402313
-2.0225578360675147,2.0225578360675147
-24.99999999998864,1.9942344693076066
-1.9727773541517024,1.9727773541517024
-1.8923010227312993,1.8923010227312993
-2.070929597183607,2.070929597183607
-2.070929597183607,2.070929597183607
2.256425685534536,-2.256425685534536
2.0361243475325317,-2.0361243475325317
2.2949673272708857,-2.2949673272708857
2.0642817225494596,-2.0642817225494596
1.4848323182969807,-1.4848323182969807
1.957317400751581,-1.957317400751581
1.511250251322859,-1.511250251322859
2.234888414670044,-2.234888414670044
1.694435709365651,-1.694435709365651
1.5478246068886348,-1.5478246068886348
2.334789566902675,-2.334789566902675
-1.743885470090131,1.743885470090131
-1.8533109508299894,1.8533109508299894
-2.070929597183607,2.070929597183607
-2.070929597183607,2.070929597183607
-1.9303133685533729,1.9303133685533729
1.9722810554078165,-1.9722810554078165
2.0314586058232957,-2.0314586058232957
1.9950762028645301,-1.9950762028645301
-1.989750091229977,1.989750091229977
1.99213694243768,-1.99213694243768
-1.9960759697912953,1.9960759697912953
-1.9939417007792324,1.9939417007792324
1.9912630302295389,-1.9912630302295389
-2.023352883214013,2.023352883214013
-2.029083268123193,2.029083268123193
-2.029083268123193,2.029083268123193
-2.0,2.0
-2.0,2.0
-2.0,2.0
2.0,-2.0
-2.0,2.0
2.0,-2.0
2.0,-2.0
2.0,-2.0
-2.0,2.0
2.0,-2.0
-2.0,2.0
-2.0709295971836066,1.9999999999999996
-2.0,2.0
-2.0,2.0
-2.0,0.0
0.0,0.0
0.0,0.0
0.0,0.0
0.0,0.0
0.0,2.0
-1.805,0.0
0.0,0.0
0.0,0.0
0.0,0.0
0.0,0.0
0.0,0.0
0.0,0.0
2.0,-2.0
0.0,0.0
2.0,-2.0
4.21606648199446,-2.0
2.0,-2.0
-2.0,2.0
-2.0,2.0
25.0,0.0
25.0,-2.0
9.047091412742391,-2.0
25.0,-2.0
-2.0,2.0
25.0,0.0
0.0,0.0
-24.562499999979455,2.0
-2.0844491966523493,2.0844491966523493
-2.3467721254338882,2.3467721254338882
-2.3960158264227753,2.3960158264227753
22.9279158765737,2.072084123403542
-2.0477472408511663,2.0477472408511663
-1.8652355325636165,1.8652355325636165
-1.9838135960441106,1.9838135960441106
-1.7900917647797785,1.7900917647797785
-1.690284653496593,1.690284653496593
-24.27046813887584,1.7079681388758416
22.09717848371352,2.9028215162864797
-1.9098986720761548,1.9098986720761548
-1.7555957773114361,1.7555957773114361
-25.0,1.9751927549135857
-2.3027828244316826,2.3027828244316826
-2.062967673846499,2.062967673846499
-2.5096490305930796,1.8051471527531011
-24.999999999999996,1.8906726626671073
-1.692620529697198,1.692620529697198
-25.0,1.838636460259277
-1.7921341574804437,1.7921341574804437
-1.869869416126127,1.869869416126127
-25.0,2.1637631618198085
-2.1637631618198077,2.1365114831951706
-1.9568888517269318,1.833830904627985
-2.0134535360962236,2.0134535360962236
-2.0134535360962236,1.3680486066236535
2.0322516276279323,-2.0322516276279323
2.259770766286554,-2.259770766286554
1.9984069841852659,-1.9984069841852659
2.0958378258398973,-2.0958378258398973
-1.3680486066236535,1.3680486066236535
2.014970183086241,-2.014970183086241
2.141877497639256,-2.141877497639256
-1.3680486066236535,1.3680486066236535
-1.3680486066236535,1.3680486066236535
1.7093907449164112,-1.7093907449164112
-1.3680486066236535,1.616204190603259
-1.5920090211652473,1.5920090211652473
-1.5920090211652473,1.5920090211652473
-1.5920090211652473,1.958032490655738
-1.922345202380415,2.1626655966447603
-1.9876909706601325,1.9876909706601325
1.9114619746588546,-1.9114619746588546
1.9247355893936982,-1.9247355893936982
24.99999999998743,-2.0489550102638425
2.0627780670858438,-2.0627780670858438
25.0,-1.9956913677881793
-1.9982454884423413,1.9982454884423413
23.0,2.0
2.0,-2.0
25.0,-2.0
-2.0,2.0
-2.0,2.0
8.937461493628062,0.0
-2.0,2.0
-2.0,2.0
0.0,0.0
0.0,0.0
0.0,0.0
-2.0,2.0
-2.0,2.0
-2.0,2.0
-2.0,2.0
-2.0,2.0
-25.0,0.9999999999999929
-2.0,2.0
-25.0,2.0
-25.0,2.0
-25.0,0.0
0.0,2.0000000000000004
-1.8050000000000002,2.0
-1.9809875,2.0
23.0,2.0
-24.56064628125,2.0
-2.0,2.0
-2.0,2.0
-2.0,2.0
2.0,-2.0
-2.0,2.0
-2.0,2.0
-2.0,2.0
-2.0,2.0
-2.0,2.0
-2.0,2.0
-2.0,2.0
-2.0,2.0
2.0,-2.0
-2.0,2.0
23.0,2.0
23.0,2.0
25.0,-2.0
-2.0,2.0
-20.00749999999999,1.999999999999993
-2.0,2.0
-2.0,2.0
-2.077555381661848,2.077555381661848
-2.3361011304630974,2.3361011304630974
-2.2770958388861677,2.2770958388861677
22.907924285498325,2.092075714501675
-1.9594446827656689,1.9594446827656689
-1.933992720700349,1.933992720700349
23.005225268593577,1.994774731406423
-1.9001827903598256,1.9001827903598256
-1.782682095340407,1.782682095340407
-2.1063622072625154,2.1063622072625154
-2.133705402247349,2.133705402247349
-1.7624027010681331,1.7624027010681331
-1.806837996401148,1.806837996401148
-25.0,3.609557097661309e-11
-2.2092486862794924,2.2092486862794924
-2.0264911461140365,2.0264911461140365
-24.999999999944357,1.4996017965381014
-25.0,2.0972825220363838
-1.9383406945306607,1.9383406945306607
-2.038564363039569,2.038564363039569
-1.644885596218609,1.644885596218609
-2.1119844675151516,2.1119844675151516
-1.76193060287898,1.76193060287898
-2.009932365244242,2.009932365244242
-23.405651732399235,1.8493647022635784
-2.0405972885305586,2.0405972885305586
-2.0405972885305586,2.0405972885305586
-1.8756816517195833,1.8756816517195833
-2.0405972885305586,2.0405972885305586
-1.8996311676093995,1.8996311676093995
-2.0405972885305586,2.0405972885305586
-2.0405972885305586,2.0405972885305586
-2.0405972885305586,0.0
1.8851873613811154,-1.8851873613811154
2.5226663429133414,-2.5226663429133414
1.3752600958071524,-1.3752600958071524
1.8662340076107276,-1.8662340076107276
7.3694395966246695,-2.452542089699464
-1.593571110761708,1.593571110761708
-1.9394477269153834,1.9394477269153834
-2.20932805305394,2.20932805305394
22.995489269056684,2.0045107309433163
-1.9704828969934265,1.9704828969934265
-2.0230126171523017,2.0230126171523017
-2.062565968305953,2.062565968305953
-1.987378690804315,1.987378690804315
-1.9973462622345384,1.9973462622345384
-1.9992282054545567,1.9992282054545567
1.9981866250183915,-1.9981866250183915
1.9809949710434662,-1.9809949710434662
1.9798896250054656,-1.9798896250054656
1.9625486307287474,-1.9625486307287474
1.9358152103366895,-1.9358152103366895
1.9415299854442913,-1.9415299854442913
2.0,-2.0
2.0,-2.0
-2.0,2.0
-2.0,2.0
-2.0,2.0
-2.0,2.0
-2.0,2.0
-2.0,2.0
-2.0,2.0
2.0,-2.0
2.0,-2.0
-23.0,-2.0
2.0,-2.0
-2.0,2.0
0.0,-2.0
2.0,-2.0
0.0,0.0
0.0,0.0
0.0,0.0
0.0,0.0
0.0,0.0
0.0,0.0
0.0,0.0
0.21606648199446,2.0
-2.0,2.0
-2.0,2.0
-2.0,2.0
2.0,-2.0
2.0,-2.0
-2.0,2.0
-2.0,2.0
2.0,-2.0
-2.0,2.0
-2.0,2.0
-2.0,2.0
23.0,2.0
-2.078323372065487,2.078323372065487
-2.0764419909610425,2.0764419909610425
22.91977449046594,2.08022550953406
24.999999999967486,2.6759039428725373e-11
-2.0793564295475253,2.0793564295475253
-2.0842802538026057,2.0842802538026057
-2.133903355684658,2.133903355684658
0.930582881302711,2.1165085314454273
25.0,-1.710457936127085
1.7104579361270813,6.661338147750939e-15
0.0,0.0
-1.681804558216574,1.681804558216574
-1.4998959111853543,1.4998959111853543
-1.9186148164507495,1.9186148164507495
-1.6427674658405396,1.6427674658405396
-2.0263081133936423,2.0263081133936423
0.0,0.0
0.0,0.0
0.0,0.0
-0.18169046338179307,-1.7257841651905392
2.113545294816987,-2.113545294816987
-2.209051137170931,2.209051137170931
-21.155867101048315,1.914233391812921
-24.999999999996618,-3.3857361358968774e-12
-24.999999999991612,2.1182397685214234
-2.2469572135643947,2.2469572135643947
-25.0,1.831284225225275
-1.9915116998049296,1.9915116998049296
-1.7960983937452397,1.7960983937452397
-1.8707763748130422,1.8707763748130422
-1.4349300249500114,1.4349300249500114
-2.277516735249657,2.277516735249657
-2.01423868335198,2.01423868335198
1.941158767277404,-1.941158767277404
2.076150447746002,-2.076150447746002
-1.9668231104131149,1.9668231104131149
2.1226660046183827,-2.1226660046183827
-2.1580689507736395,2.1580689507736395
-2.2245880905430813,2.2245880905430813
-1.8994172086707328,1.8994172086707328
-1.496457420631205,1.496457420631205
-2.5829800423141354,2.5829800423141354
-1.758438464803337,1.758438464803337
-1.7648218887138833,1.7648218887138833
-1.6558274815879184,1.6558274815879184
-1.5402524170164984,1.5402524170164984
-2.8004156559473614,2.8004156559473614
-1.9600015124814176,1.9600015124814176
-1.8915640004580614,1.8915640004580614
-2.0237859895660244,2.0237859895660244
-2.0616134388107983,2.0616134388107983
2.011169291936927,-2.011169291936927
-1.9667781719848938,1.9667781719848938
-1.9771929051219095,1.9771929051219095
-1.9884635492088771,1.9884635492088771
-1.9890388498451694,1.9890388498451694
-1.997876172038191,1.997876172038191
-2.0165416203195474,2.0165416203195474
-2.022994234370494,2.022994234370494
-2.022835750445293,2.022835750445293
-2.0,2.0
-2.0,2.0
-2.0,2.0
-2.0,2.0
23.0,2.0
25.0,0.0
-2.0,2.0
-2.0,2.0
-2.0,2.0
-2.0,2.0
-2.0,2.0
-25.0,2.0
-2.0,2.0
-2.0,2.0
-24.925415655947365,2.0
-1.9999999999999996,0.0
1.9999999999999998,-1.9999999999999998
2.0,-2.0
0.0,0.0
0.0,2.0
-1.805,1.805
-1.805,0.0
2.0,-2.0
25.0,-2.0
-16.7575,-2.0
-2.0,2.0
-2.0,2.0
-2.0,2.0
-2.0,2.0
-1.9999999999999996,1.9999999999999996
-1.9999999999999996,1.9999999999999996
25.0,0.0
-2.0,2.0
2.0,-2.0
25.0,-2.0
3.046445119179408,2.0
22.98233460704796,2.017665392900547
25.0,-1.9819037442789025
-2.0174499621066255,2.0174499621066255
1.9825500378933736,-1.9825500378933736
-2.0176653929005464,2.0176653929005464
-2.027359816840987,2.027359816840987
-2.1645897577029256,2.1645897577029256
-23.098232179708834,2.324983588907603
-2.2389355679129155,2.2389355679129155
-2.056704641285658,2.056704641285658
-1.9975741853074758,1.9975741853074758
-1.8160252922439275,1.8160252922439275
23.20618036362366,1.793819636376341
-1.9981968121304696,1.9981968121304696
-2.4362193579242453,2.4362193579242453
-2.4674788219781867,2.4674788219781867
-1.7462068299025688,1.7462068299025688
0.0,0.0
-2.2334954725531206,2.2334954725531206
-25.0,0.0
-1.6073531590336714,1.6073531590336714
-1.9019392733282903,1.9019392733282903
-25.0,0.0
-25.0,0.0
-15.637397274684588,1.9797957122578218
-2.0952559080185083,2.0952559080185083
-1.9800917203470085,1.9800917203470085
-1.932195844303937,1.932195844303937
-1.4227425703610592,1.4227425703610592
1.8626604515318768,-1.8626604515318768
2.1890103165824826,-2.1890103165824826
-2.063815935833423,2.063815935833423
-1.9190111769624973,1.9190111769624973
-2.1240652582084234,2.1240652582084234
-1.7127699076232599,1.7127699076232599
-1.3528764563976683,1.3528764563976683
-2.3564928295101453,2.3564928295101453
-2.321342973426881,2.321342973426881
-2.085620182010767,2.085620182010767
2.350960192175773,-2.350960192175773
2.139700670561199,-2.139700670561199
-2.2096065468052286,2.2096065468052286
-2.3897587108679827,2.3897587108679827
-1.3396936824981642,1.3396936824981642
-1.851865623486192,1.851865623486192
2.2778692310232436,-2.2778692310232436
24.9999999999763,-1.6259262465487616
25.0,-4.60893545550789e-11
2.100058268466537,-2.100058268466537
1.9959049880398847,-1.9959049880398847
1.9735019112655352,-1.9735019112655352
1.9962649971784403,-1.9962649971784403
-1.9519757840957634,1.9519757840957634
-1.9858169759515707,1.9858169759515707
1.989364928652173,-1.989364928652173
1.9872188663074322,-1.9872188663074322
1.9831498287711544,-1.9831498287711544
1.9799009647010133,-1.9799009647010133
-2.0305912910768975,2.0305912910768975
-2.0327456064123646,2.0327456064123646
2.0,-2.0
2.0,-2.0
-2.0,2.0
-2.0,2.0
2.0,-2.0
-2.0,2.0
2.0,-2.0
-2.0,2.0
2.0,-2.0
2.0,-2.0
2.0,-2.0
2.0,-2.0
2.0,-2.0
2.0,-2.0
-23.0,-2.0
-23.0,-2.0
2.0,-2.0
0.0,0.0
0.0,0.0
23.0,2.0
2.0,-2.0
2.0,-2.0
2.0,-2.0
-22.5625,2.0
-1.9999999999999996,1.9999999999999996
2.0,-2.0
2.0,-2.0
-2.0,2.0
-2.0,2.0
-2.0,2.0
2.0,-2.0
25.0,-2.0
2.0,-2.0
-2.0,2.0
-2.0,2.0
-2.0,2.0
-2.028436973276011,2.028436973276011
-2.02800610922275,2.02800610922275
25.0,-1.9696241421824432
22.969624142182443,2.030375857817557
4.9835390844592045,2.0331764704656257
22.952389614567867,2.047610385432133
-2.161070443311592,2.161070443311592
0.0,0.0
0.0,0.0
-2.2595640655419724,2.2595640655419724
-1.7772447612501,1.7772447612501
-2.1855775063541394,2.1855775063541394
-1.6634110321116644,1.6634110321116644
-1.855661027845108,1.855661027845108
-1.897922020689311,1.897922020689311
-24.72030513119735,2.1578051311973496
25.0,0.0
-2.1457009880535436,2.1457009880535436
-1.9284935341734961,1.9284935341734961
-25.0,2.1069845185118545
-1.9388594976208768,1.9388594976208768
-1.8879530489009895,1.8879530489009895
-1.8504307100730415,1.8504307100730415
-25.0,1.6037354226430054
-1.9079288613163348,1.9079288613163348
-2.0717646050769885,2.0717646050769885
-24.823092665250297,1.794824107322917
-25.0,1.6550723138294678
-2.07598256256109,2.07598256256109
-1.747979091553824,1.747979091553824
-2.337523697056965,2.337523697056965
-1.8791340275145894,1.8791340275145894
-1.6477895049997473,1.6477895049997473
-2.263825256616925,2.263825256616925
-2.337523697056965,2.1088647063534105
-1.923059355819749,1.923059355819749
-2.1088647063534105,2.1088647063534105
-1.7244808459918755,1.7244808459918755
2.360995434431823,-2.360995434431823
-2.1088647063534105,2.1088647063534105
2.2456665173119665,-2.2456665173119665
1.7282046151309132,-1.7282046151309132
5.729084829571153,-2.7955744404929583
25.0,-2.569371559552888
1.3477654254675118,-1.3477654254675118
-2.397571999013188,2.397571999013188
1.9485644920460794,-1.9485644920460794
-1.811790609356067,1.811790609356067
-25.0,0.0
1.8767731223784034,-1.8767731223784034
1.9640351848121773,-1.9640351848121773
2.104893162586148,-2.104893162586148
2.0440412104031744,-2.0440412104031744
1.9956810971600258,-1.9956810971600258
0.0,0.0
25.0,-2.0062487775071034
-1.9983357976716798,1.9983357976716798
1.9833372104909925,-1.9833372104909925
-2.0355964248567435,2.0355964248567435
-2.021629720077663,2.021629720077663
-2.0,2.0
-2.0,2.0
-2.0,2.0
-2.0,2.0
-2.0,2.0
2.0,-2.0
2.0,-2.0
2.0,-2.0
-2.0,2.0
-2.0,2.0
-2.0,2.0
-2.0,2.0
-2.0,2.0
-2.0,2.0
-20.75186047829984,2.0
-1.9999999999999996,0.0
0.0,0.0
0.0,0.0
0.0,2.0
-1.7839335180055407,2.0
-1.9999999999999996,1.9999999999999996
-2.0,2.0
25.0,0.0
25.0,-2.0
2.0,-2.0
2.0,-2.0
2.0,-2.0
2.0,-2.0
2.0,-2.0
2.0,-2.0
2.0,-2.0
25.0,-2.0
2.0,-2.0
2.0,-2.0
9.04709141274239,-1.9999999999999982
25.0,-2.0
1.9769488162953666,-1.9769488162953666
1.997414820611278,-1.9756562266010025
1.9750099317538203,-1.9750099317538203
1.9771642495547066,-1.9771642495547066
1.9782414059897315,-1.9782414059897315
1.9655309423054295,-1.9655309423054295
1.8285915400002135,-1.8285915400002135
-2.3327512372128294,2.3327512372128294
1.653732913221007,-1.6454877107539725
-2.058538597586634,2.058538597586634
1.9699962035226912,-1.9699962035226912
1.9699962035226912,-1.9699962035226912
-2.6142085801498016,2.6142085801498016
-2.080607610061236,2.080607610061236
-1.5311724162167089,1.5311724162167089
-25.0,1.7428686917709797
25.0,0.0
2.7396707832778437,-1.9397254317325316
1.9397254317325432,-1.9397254317325432
1.939725431732544,-1.939725431732544
-2.1377901876486796,2.1377901876486796
-1.9418984719267183,1.9418984719267183
-1.706914122865296,1.706914122865296
-2.0251398597196832,2.0251398597196832
-1.9410849230419362,1.9410849230419362
-1.8396349353063908,1.8396349353063908
-25.0,1.6681395877709306
-25.0,1.9918474701747542
-2.0642886651698875,2.0642886651698875
-1.8454749413815623,1.8454749413815623
-1.917267316940265,1.917267316940265
-1.9821909163057256,1.9821909163057256
-1.9042530593729863,1.9042530593729863
-2.045707688313403,2.045707688313403
-25.0,2.0713758183329816
-2.3303778471938843,2.3303778471938843
-2.0357500771766945,2.0357500771766945
-23.980760674140058,1.9993360330280936
-1.9993360330280918,1.9993360330280918
1.963892062297572,-1.963892062297572
2.693334256323162,-2.693334256323162
1.2732348172969896,-1.2732348172969896
4.25465527099446,-1.6883905804141763
25.0,-2.0807644501681963
1.7897159165556604,-1.7897159165556604
2.0073503415920735,-2.0073503415920735
1.833134275782696,-1.833134275782696
2.0078527348521886,-2.0078527348521886
-22.988187131340542,-2.011812868659458
1.8593869172446462,-1.8593869172446462
1.9855619036825527,-1.9855619036825527
2.0424768748098354,-2.0424768748098354
1.9965738562651367,-1.9965738562651367
1.985890677192727,-1.985890677192727
1.9965501931717873,-1.9965501931717873
1.9924462070858326,-1.9924462070858326
1.9785096164775926,-1.9785096164775926
1.9759265425568495,-1.9759265425568495
1.994905743781987,-1.994905743781987
25.0,-1.9646692141989064
6.665500239129653,-2.0
2.0,-2.0
-2.0,2.0
-2.0,2.0
-2.0,2.0
-2.0,2.0
-2.0,2.0
-2.0,2.0
-2.0,2.0
-2.0,2.0
-2.0,2.0
-25.0,2.0
-2.0,2.0
-2.0,2.0
-2.0,2.0
-2.0,0.0
0.0,0.0
0.0,2.0
-1.8049999999999988,2.0
-1.9809874999999983,2.0
-1.99814628125,0.0
2.0,-2.0
0.0,2.0
-1.805,2.0
-1.9809875,2.0000000000000004
-1.9981462812500006,0.0
0.0,0.0
0.0,2.0
-1.805,1.805
-1.805,1.805
2.0,-2.0
2.0,-2.0
2.244949833441777,-1.9999999999999998
2.0,-2.0
-2.0,2.0
-2.0,2.0
-2.0256363630933616,2.0256363630933616
-2.0260672246812037,2.0260672246812037
0.9955877416436927,2.0226203196513723
-2.0232666144985543,2.0232666144985543
22.977164249554708,2.0228357504452923
22.958421701451847,2.0415782985481528
22.801847169448838,2.1981528305511624
22.752397517202805,2.2476024827971948
-2.011808450628274,2.011808450628274
-1.9532602280451363,1.9532602280451363
-1.9933881007626182,1.9933881007626182
-2.1882295873579065,2.1882295873579065
-2.092882162979201,2.092882162979201
-1.652810913011642,1.652810913011642
0.0,0.0
0.0,0.0
0.0,0.0
-1.5376593482863727,1.5376593482863727
-25.0,0.0
-25.0,0.0
-1.7861868563622831,1.7861868563622831
-2.083164387820938,2.083164387820938
-21.93627999855796,1.9362799985579535
-25.0,2.3710843242093667
-2.034732036562918,1.8344109290074393
-2.034734561152166,2.034734561152166
-1.916087071467385,1.916087071467385
-1.8683079576769774,1.8683079576769774
-1.8238758180805226,1.8238758180805226
-1.7792783178884015,1.7792783178884015
-2.170763216653887,2.170763216653887
-1.8559469375773094,1.8559469375773094
-2.101118635396902,2.047861162940929
-1.8840601322824178,1.8840601322824178
-2.0889337053971975,2.0889337053971975
-1.8414892461081687,1.8414892461081687
1.7659226096254912,-1.7659226096254912
-1.8711727353247891,1.8711727353247891
0.0,0.0
-2.1175057441979135,2.1175057441979135
-1.9941707234291268,1.9941707234291268
-2.1175057441979135,2.1175057441979135
-1.797112647475144,1.797112647475144
2.1192701165077743,-2.1192701165077743
-2.098104591409872,2.098104591409872
1.963456886226154,-1.963456886226154
-2.0337756905988638,2.0337756905988638
-2.0745579052917513,2.0745579052917513
-2.1175057441979135,2.1175057441979135
-1.9558893905121493,1.9558893905121493
-1.9838701626219213,1.9838701626219213
-2.0788419853184283,2.0788419853184283
-1.9727625123282007,1.9727625123282007
2.0374679615423767,-2.0374679615423767
-1.995447347068841,1.995447347068841
-2.0098730078119127,2.0098730078119127
-2.0089174076371608,2.0089174076371608
-2.0152352550954795,2.0152352550954795
-2.0197915574633893,2.0197915574633893
-2.0260672246812037,2.0260672246812037
-2.0,2.0
-2.0,2.0
-2.0,2.0
-2.0,2.0
-2.0,2.0
-2.0,2.0
-2.0,2.0
-2.0,2.0
-2.0,2.0
-2.0,2.0
2.0,-2.0
-2.0,2.0
-2.0,2.0
-2.0,2.0
2.0,-2.0
-2.1175057441979135,0.0
0.0,0.0
0.0,0.0
2.0,-2.0
2.0,-2.0
2.0,-2.0
0.0,0.0
0.0,0.0
0.0,2.0
-1.805,1.805
-1.805,1.805
2.0,-2.0
2.0,-2.0
2.0,-2.0
2.0,-2.0
2.0,-2.0
2.0,-2.0
-1.8049999999999997,1.8049999999999997
-1.805,2.0
-1.9809875,2.0
-1.9798044078047843,2.0
-2.016372803206182,2.016372803206182
-2.0129258981763507,2.0129258981763507
25.0,-1.9881512619568014
22.988797556803984,2.011202443196016
1.9862123774152511,-1.9862123774152511
1.960791447581234,-1.960791447581234
-2.185502439270753,2.185502439270753
25.0,-1.8349156101765587
-2.0789742008185526,2.0789742008185526
-2.084229291122605,2.084229291122605
-1.9658839632133005,1.9658839632133005
4.620070668772101,2.231946005902893
23.038934846511538,1.9610651534884624
-1.9527668286342141,1.9527668286342141
-2.176489616212953,2.176489616212953
-1.7010539200761494,1.7010539200761494
0.0,0.0
-1.9847634727482202,1.9847634727482202
0.0,0.0
-1.8152903211994502,1.8152903211994502
-1.8312640285112973,1.8312640285112973
-1.9483929777641258,1.9483929777641258
-1.8530588074789653,1.8530588074789653
-25.0,1.7049171727710757
-25.0,1.806890381628019
-25.0,1.8302889059147205
-25.0,1.8711171943613607
-2.213213654675182,2.064684394534325
-2.064684394534324,1.9595201048694175
-1.9595201048694193,1.9265969365018343
-1.8734707426866997,1.8585889202240966
-1.8939293827954904,1.8939293827954904
2.281136365082265,-2.281136365082265
2.1138261553706936,-2.1138261553706936
-1.8183195127219607,1.8183195127219607
-1.9117151140392306,1.9117151140392306
-1.9117151140392303,1.9117151140392303
-1.9117151140392303,1.8339561873693588
2.151847416148545,-2.151847416148545
2.2053321016367313,-2.2053321016367313
2.151446006458303,-2.151446006458303
-1.8339561873693588,1.8339561873693588
-1.8339561873693588,1.8339561873693588
-1.8339561873693588,1.8339561873693588
-1.8339561873693588,1.8339561873693588
-1.8339561873693588,1.8339561873693588
-1.2598721312285026,1.9286187380214552
25.0,0.0
2.107203368842186,-2.107203368842186
-2.0667402582854244,2.0667402582854244
1.9656366594801393,-1.9656366594801393
1.9876955366164657,-1.9876955366164657
-2.0054908460137457,2.0054908460137457
-2.010276890317598,2.010276890317598
-2.0172014096386457,2.0172014096386457
-2.007967347259321,2.007967347259321
1.989288199876256,-1.989288199876256
1.9666298351087097,-1.9666298351087097
-2.047825818691473,2.047825818691473
-2.047825818691473,2.047825818691473
2.0,-2.0
2.0,-2.0
2.0,-2.0
-2.0,2.0
-2.0,2.0
-2.0,2.0
-2.0,2.0
2.0,-2.0
-2.0,2.0
-2.0,2.0
2.0,-2.0
-25.0,2.0
-2.0,2.0
-2.0,2.0
-1.9999999999999996,1.9999999999999996
-1.9999999999999996,0.0
0.0,0.0
0.0,0.0
2.0,-2.0
2.0,-2.0
0.0,0.0
2.0,-2.0
2.0,-2.0
25.0,-2.0
9.26315789473681,-2.0
2.0,-2.0
25.0,0.0
23.0,2.0
-2.0,2.0
-2.0,2.0
2.0000000000000298,-1.9999999999999998
-2.0,2.0
-2.0,2.0
-2.0,2.0
25.0,-2.0
2.0,-2.0
1.9987074103056353,-1.9937524829384552
1.9941833463753613,-1.9941833463753613
1.9950450726328193,-1.9950450726328193
1.9950450726328193,-1.9950450726328193
1.9950450726328186,-1.9928907566809972
1.969839575441783,-1.969839575441783
1.9806152471803944,-1.9260871173991307
1.8017708696558612,-1.8017708696558612
1.7209263032257893,-1.7209263032257893
1.9383626268997407,-1.9383626268997407
1.9383626268997451,-1.9383626268997451
1.3872616775128064,-1.3872616775128064
1.4271214704096433,-1.4271214704096433
1.938362626899738,-1.938362626899738
1.938362626899747,-1.938362626899747
-21.815877739043636,1.0027500098206517
25.0,-1.2511815835051827
1.2511815835051943,-1.2511815835051943
-1.7343570391253778,1.7343570391253778
-25.0,2.0098402177367305
-2.002328933580177,2.002328933580177
-1.7028886653112654,1.7028886653112654
-24.210126139586954,2.0068788745502317
-25.0,2.129769567611575
-2.440088290944975,2.440088290944975
-2.110739213869164,2.110739213869164
-25.0,1.8329839049356806
-1.9939409858076687,1.9939409858076687
-1.6641690400330171,1.6641690400330171
-2.6401550461338408,2.6401550461338408
-1.6675816535473853,1.6675816535473853
-1.6512178971969078,1.6512178971969078
-2.6401550461338408,2.1034071755491315
-2.1034071755491315,1.7754920651655057
-1.7754920651655057,1.7754920651655057
-1.7754920651655057,1.7754920651655057
-1.7754920651655057,1.7754920651655057
-1.7754920651655057,1.7754920651655057
1.7593006120311223,-1.7593006120311223
1.5132194309353668,-1.5132194309353668
-1.7754920651655057,1.7754920651655057
-1.7754920651655057,1.7754920651655057
-1.7754920651655057,2.005154858079214
-1.9827627357701276,1.9827627357701276
-1.9827627357701274,1.9827627357701274
1.5014456934092366,-1.5014456934092366
-1.9827627357701276,2.243684714753225
22.982104291371666,2.017895708662806
-2.030535143620348,2.030535143620348
-2.074406804680659,2.074406804680659
-2.0285092100581705,2.0285092100581705
2.0025940598286374,-2.0025940598286374
-1.9707673866441757,1.9707673866441757
2.0181162256165073,-2.0181162256165073
1.9987303485657455,-1.9987303485657455
25.0,-1.9999253569687134
1.9955026365595137,-1.9955026365595137
8.739480160794066,-1.9841234647199624
25.0,-1.9704648501249835
25.0,-1.979697593505044
2.0,-2.0
2.0,-2.0
2.0,-2.0
2.000000000000006,-2.0000000000000004
-2.0,2.0
-2.0,2.0
-2.0,2.0
-2.0,2.0
-2.0,2.0
2.0,-2.0
-2.0,2.0
-25.0,2.0
-2.0,2.0
-25.0,2.0
-25.0,2.0
-24.194999999999993,0.0
0.0,0.0
0.0,0.0
0.0,0.0
0.21606648199446,2.0
-2.0,2.0
-2.0,2.0
-2.0,2.0
-2.0,2.0
-2.0,2.0
-2.0,2.0
-2.0,2.0
-2.0,2.0
-2.0,2.0
-2.0,2.0
-2.0,2.0
-2.0,2.0
-2.0,2.0
-2.0,2.0
23.0,2.0
25.0,-2.0
25.0,-1.975225362547743
25.0,-1.9771642495547077
8.999481024844838,0.0
-2.0221894555981113,2.0221894555981113
0.0,-1.7455053278426491
1.934077925587429,-1.934077925587429
1.9340779255874228,-1.7127732803167068
1.7127732803167048,0.0
-2.310593903561297,2.310593903561297
-2.1598184911216767,2.1598184911216767
-25.0,2.3260626930237827
1.8401171965870082,-1.9195375538204549
24.999999999953594,-2.0511115715961914
2.2625882078859902,-2.2625882078859902
2.2625882078859876,-2.2625882078859876
2.2625882078859894,-2.2625882078859894
2.2625882078859822,7.105427357601002e-15
-2.099352685218763,2.099352685218763
-1.7222320681202827,1.7222320681202827
-25.0,1.9649744799371405
1.678279600480721,-1.678279600480721
-1.9840004156483744,1.9840004156483744
2.0389903874749677,-2.0389903874749677
-24.99999999994558,1.9904652575621284
-2.252072662525734,2.252072662525734
-1.7501552874845707,1.7501552874845707
-25.0,1.8588249693186647
-1.8596833296625803,1.8596833296625803
-2.41995857962357,1.859997641023809
-25.0,1.8264471122283936
-1.9084268365452672,1.9084268365452672
-2.0168838217353198,2.0168838217353198
-2.068344417794881,2.068344417794881
-1.923368618002483,1.923368618002483
-2.080750880500993,2.080750880500993
-1.848444489483116,1.848444489483116
-1.794733222110029,1.794733222110029
-2.080750880500993,2.080750880500993
-2.080750880500993,2.080750880500993
-2.080750880500993,2.080750880500993
-1.7366941776206037,1.7366941776206037
1.5620475115578225,-1.5620475115578225
1.2835247274933126,-1.2835247274933126
2.150346625642025,-1.9265571742211973
-1.7876511181254306,1.7876511181254306
1.8234671501961968,-1.8234671501961968
-2.2827208604082903,2.2827208604082903
22.80007951316977,2.1999204867993782
-2.1917597520590797,2.1917597520590797
1.8939367987764024,-1.8939367987764024
-1.9898843554934458,1.9898843554934458
-1.9690341723019917,1.9690341723019917
-1.9946069300457654,1.9946069300457654
-2.0323171449101007,2.0323171449101007
-2.014403809732823,2.014403809732823
25.0,-2.0070829323654458
9.367276267652723,-2.00309733570882
1.9859651402484118,-1.9859651402484118
1.9724238278328972,-1.9724238278328972
1.962792505063821,-1.962792505063821
25.0,-2.0
2.0,-2.0
2.0,-2.0
2.0,-2.0
2.0,-2.0
2.0,-2.0
-2.0,2.0
2.0,-2.0
-2.0,2.0
-2.0,2.0
-2.0,2.0
-25.0,0.0
-2.0,2.0
-25.0,2.0
-25.0,0.0
2.0,-2.0
0.0,0.0
0.0,0.0
0.0,0.0
0.0,0.0
0.0,0.0
0.0,0.0
0.0,0.0
2.0,-2.0
0.0,0.0
2.0,-2.0
2.0,-2.0
0.0,0.0
0.0,0.0
2.0,-2.0
0.0,0.0
23.0,2.0
-22.5625,0.0
0.0,0.0
2.0,-2.0
4.238982199567674,-2.0
1.9801802905312769,-1.9801802905312769
-2.020681435109826,2.020681435109826
0.9996164910032199,2.0245592041929186
-2.027359816840987,2.027359816840987
1.9659618038932714,-1.9659618038932714
-2.054288767163294,2.054288767163294
22.85303263951972,2.1469673604802786
25.0,-2.6258106800014502e-11
22.974770675148882,2.025229324851118
22.926076871116297,2.0739231288830062
-1.5036622827679307,1.5036622827679307
-2.220923333677687,2.220923333677687
-1.810884281816464,1.810884281816464
-2.168906381262862,2.168906381262862
-2.4302670076275916,2.4302670076275916
-1.9835889076011437,1.9835889076011437
-1.9844895548149415,1.9844895548149415
-1.729964253835936,1.729964253835936
-1.7357556615681071,1.7357556615681071
-25.0,1.8385613537291903
21.236820461490996,2.0101135045226997
2.4167099633722486,-2.4167099633722486
-2.3476018573302113,2.3476018573302113
-25.0,2.0185475260489625
-25.0,2.1532419361337496
-25.0,1.7775470808124076
-2.5032036532624105,2.5032036532624105
-1.296066255724126,1.296066255724126
-23.768255801051673,2.3147474840195983
-2.040394690243497,1.796032754424822
-2.070385548200923,2.070385548200923
2.008973021330455,-2.008973021330455
-1.9398030628518708,1.9398030628518708
-1.9325739015436447,1.9325739015436447
-1.4743678958689728,1.4743678958689728
-2.0703855482009246,2.0703855482009246
-2.0703855482009246,2.0703855482009246
-1.4951679866734011,1.4951679866734011
-2.0703855482009246,2.0703855482009246
-2.0703855482009246,2.0703855482009246
2.0568897252348153,-2.0568897252348153
-2.0592237079934845,2.0592237079934845
2.021038664488249,-2.021038664488249
-2.0703855482009246,2.0703855482009246
-2.0703855482009246,2.0703855482009246
-2.0703855482009246,2.0703855482009246
24.999999999958693,4.1307401943413424e-11
23.07224979957286,1.9277502004271412
-1.9718944579560458,1.9718944579560458
-2.165716681089645,2.165716681089645
-2.0528016361717745,2.0528016361717745
-1.9612303760206535,1.9612303760206535
-1.9858665111538623,1.9858665111538623
-2.0361602243125314,2.0361602243125314
-2.0255641830158435,2.0255641830158435
-2.004250555256581,2.004250555256581
-2.0117560851247567,2.0117560851247567
-2.0297191539705706,2.0297191539705706
-2.043772329321294,2.043772329321294
-2.010427236510419,2.010427236510419
-2.0,2.0
-2.0,2.0
-2.0,2.0
-1.9999999999999847,1.9999999999999847
-2.0,2.0
-2.0,2.0
-2.0,2.0
-2.0,2.0
2.0,-2.0
-2.0,2.0
-2.0,2.0
-24.195385548200925,2.0
-2.0,2.0
-2.0,2.0
-25.0,2.0
0.0,-1.9999999999999996
0.0,0.0
0.0,0.0
0.0,0.0
2.0,-2.0
2.0,-2.0
2.0,-2.0
2.0,-2.0
0.21606648199445955,2.0000000000000004
-2.0,2.0
-1.9999999999999996,1.9999999999999996
-2.0,2.0
-2.0,2.0
2.0,-2.0
-2.0,2.0
-2.0,2.0
-2.0,2.0
-2.0,2.0
-2.0,2.0
-2.0,2.0
-2.0,2.0
22.993537050904706,2.0064629490881742
1.0408438956879582,2.006247517061545
25.0,0.0
22.99418334637536,2.0058166536246382
22.99138273557636,2.0086172644236413
-2.0342536269006497,2.0342536269006497
-2.152830800364817,2.152830800364817
-2.1016355844918926,2.1016355844918926
-2.01568330065505,2.01568330065505
-2.1214008698320774,2.1214008698320774
-1.983244301168955,1.983244301168955
-2.373119458715948,2.373119458715948
-1.602749570542123,1.602749570542123
-2.259636963056473,2.259636963056473
-2.1620413477567864,2.0831053755472935
-25.0,2.5164359722258816
23.770212416901394,1.2297875830804443
-2.4422070524703567,2.4422070524703567
-1.934651638493765,1.934651638493765
-25.0,1.5658615347624298
-2.3851999338355654,2.3851999338355654
-1.973839575077295,1.973839575077295
-2.01967722293365,1.6681711451365149
-25.0,1.8264540548488206
-25.0,2.3305545684411584
-25.0,1.638749582054249
-1.8118638224442236,1.8118638224442236
-2.010113662309528,2.010113662309528
-1.924281888162513,1.924281888162513
-1.4989403541554385,1.4989403541554385
-2.010113662309528,2.010113662309528
-1.9800835154319545,1.9800835154319545
2.1114568283625683,-2.1114568283625683
-2.010113662309528,2.010113662309528
-1.792978632583499,1.792978632583499
-2.010113662309528,2.010113662309528
1.4301282562025879,-1.4301282562025879
3.044766546688087,-3.044766546688087
1.4296372235940842,-1.4296372235940842
-1.9374690800931997,1.9374690800931997
-1.6817572221681951,1.6817572221681951
1.966690569477655,-1.966690569477655
1.9788603519418784,-1.9788603519418784
1.9386647886752177,-1.9386647886752177
1.695993380930929,-1.695993380930929
2.274209207762688,-2.274209207762688
1.762089020854218,-1.762089020854218
-1.9136315928512113,1.9136315928512113
-1.9988618047167608,1.9988618047167608
-2.010113662309528,2.010113662309528
1.9700297381544631,-1.9700297381544631
1.9887879071532903,-1.9887879071532903
-1.943417377240712,1.943417377240712
-1.9503456366026648,1.9503456366026648
-1.9823620213280961,1.9823620213280961
-1.9860107233837478,1.9860107233837478
-1.9799166114838795,1.9799166114838795
-1.9901769933546058,1.9901769933546058
-2.0092776337326046,2.0092776337326046
-2.010113662309528,2.010113662309528
-2.0,2.0
-2.0,2.0
-2.0,2.0
-2.0,2.0
-2.0,2.0
-2.0,2.0
-2.0,2.0
-2.0,2.0
-2.0,2.0
-2.0,2.0
-2.0,2.0
-2.0,2.0
-2.0,2.0
-2.010113662309528,2.0
-2.0,2.0
-2.0,0.0
0.0,0.0
0.0,0.0
2.0,-2.0
2.0,-2.0
2.0,-2.0
2.0,-2.0
2.0,-2.0
25.0,-2.0
-20.7575,2.0
-2.0,2.0
-2.0,2.0
-2.0,2.0
-2.0,2.0
-2.0,2.0
-2.0,2.0
-2.0,2.0
-2.0,2.0
-2.0,2.0
-2.0,2.0
-2.0,2.0
-2.0,2.0450252060434044
-2.0406352484541723,2.0461023674092678
-2.0437326163490406,2.0437326163490406
22.954543927437914,2.045456072562086
22.95906799383361,2.04093200616639
4.940586869298398,-1.9439877815545006
22.842617288795196,2.1573827112048036
25.0,0.0
-2.0541133871040547,2.0541133871040547
-2.334902384484642,2.334902384484642
-2.0345890816968186,2.0345890816968186
-1.6470854601735443,1.6470854601735443
-2.2359392749440277,2.2359392749440277
-1.9768356313659403,1.9768356313659403
-1.4828511468855519,1.4828511468855519
-2.1597364419711553,2.1597364419711553
-1.9893279301064428,1.9893279301064428
-1.7297540817811408,1.7297540817811408
0.0,0.0
-2.0583281099581816,2.0583281099581816
0.0,0.0
-1.872535382370753,1.872535382370753
0.0,-1.9703789943672376
-25.0,0.0
-25.0,1.98274127676153
-25.0,1.9491976905865407
-21.51252895577637,1.6866732285790356
-2.0186680751854986,2.0186680751854986
-2.135704245783508,2.135704245783508
-1.8891667451813925,1.8891667451813925
-2.1357042457835083,2.1357042457835083
-2.117426850783951,2.117426850783951
-1.9031864204162119,1.9031864204162119
1.846722088469484,-1.846722088469484
1.8394001485064368,-1.8394001485064368
-2.1357042457835083,2.1357042457835083
2.46807778077699,-2.46807778077699
1.8243472851223634,-1.8243472851223634
-2.0924365729771397,2.0924365729771397
-2.0180015836243443,2.0180015836243443
-2.0773546768167286,2.0773546768167286
-2.0039755969164066,2.0039755969164066
-2.1357042457835065,2.1357042457835065
23.168710725596235,1.8312892744037654
-1.954614196815565,1.954614196815565
23.252616395934766,1.7473836040652344
23.05153065341116,1.9484693465888405
22.976490235999613,2.023509764000387
-2.0121003562599364,2.0121003562599364
-1.9803413391087856,1.9803413391087856
-2.009047467128207,2.009047467128207
-2.041813849628055,2.041813849628055
-1.9760769873664379,1.9760769873664379
-1.9572688024085794,1.9572688024085794
-1.9959327733141148,1.9959327733141148
-2.003898074275511,2.003898074275511
-1.9968689225641953,1.9968689225641953
-25.0,2.009347173346171
-2.014807968365458,2.014807968365458
-25.0,2.029332130001279
-2.0,2.0
-2.0,2.0
-23.424383549130983,2.0000000000000178
-2.0,2.0
-2.0,2.0
-2.0,2.0
-2.0,2.0
-25.0,2.0
-2.0,2.0
-2.0,2.0
-2.0,2.0
-2.0,2.0
-2.0,2.0
-2.0,2.0
-2.0,2.0
-2.0,0.0
0.0,0.0
0.0,0.0
0.0,0.0
0.21606648199445955,2.0000000000000004
-2.0,2.0
-2.0,2.0
-2.0,2.0
-2.0,2.0
-2.0,2.0
-2.0,2.0
-2.0,2.0
-2.0,2.0
-2.0,2.0
-2.0,2.0
-2.0,2.0
-2.0,2.0
-2.0,2.0
-2.0,2.0
-2.0,2.0
-2.0,2.0
-2.0,2.0420091650668346
22.953251337743552,2.046748662256448
22.949373573591295,2.050626426408705
22.9493735735913,2.0506264264087015
0.959841608372801,2.0452406393027447
-2.0458869341499266,2.0458869341499266
25.0,-1.8900305405419005
-0.23728567857567917,2.127316219117583
-24.626161699209128,2.0636616992091277
22.99080970620749,2.0091902937925106
-1.947181963859798,1.947181963859798
-1.5988266744262436,1.5988266744262436
-2.094777813929896,2.094777813929896
-2.544901031557265,2.544901031557265
-1.5487189426293142,1.5487189426293142
-1.7788059041255933,1.7788059041255933
-2.2511126874646363,2.2511126874646363
-1.9704376910672252,1.9704376910672252
-1.6856330978093528,1.6856330978093528
-1.5528371788381659,1.5528371788381659
-2.1044100686274243,2.1044100686274243
-2.279039693712792,2.279039693712792
-2.676355232327359,1.8746326848875365
-25.0,1.775243393124697
-25.0,1.809040069371676
-25.0,2.217439084943443
-25.0,2.3273148892902
-1.5533468302923676,1.435260746141343
-1.643999465392981,1.643999465392981
-2.0039497198766263,2.0039497198766263
-1.8571549535319054,1.8571549535319054
-1.9153265389567844,1.9153265389567844
2.536409575625636,-2.536409575625636
-1.6082695849302633,1.6082695849302633
-2.0100081029216463,2.0100081029216463
-1.7567315268988426,1.7567315268988426
-1.8120023592791425,1.8120023592791425
-1.8382735505550514,1.8382735505550514
-2.062693440339564,2.062693440339564
1.9934505843464763,-1.9934505843464763
-1.7940960788988662,1.7940960788988662
-2.2092288051391744,2.2092288051391744
-1.5650910616816738,1.5650910616816738
-1.7815398764930546,1.7815398764930546
2.091071874702414,-2.091071874702414
25.0,-2.231711534676595
25.0,0.0
25.0,0.0
-1.9380574671745334,1.9380574671745334
1.9527218199415486,-1.9527218199415486
-2.0474187545623277,2.0474187545623277
-2.0235195024061734,2.0235195024061734
-1.9895120673346327,1.9895120673346327
-2.0114832421142435,2.0114832421142435
-2.0309670628730205,2.0309670628730205
-1.9953805144855374,1.9953805144855374
-2.0068073280854444,2.0068073280854444
1.9715169357123012,-1.9715169357123012
1.9431414202709387,-1.9431414202709387
1.9358013768696352,-1.9358013768696352
-2.0,2.0
2.0,-2.0
-1.9999999999999847,1.9999999999999847
-2.0,2.0
-2.0,2.0
-2.0,2.0
2.0,-2.0
2.0,-2.0
-2.0,2.0
-2.0,2.0
-2.0,2.0
-21.88260914509355,2.0
-2.0,2.0
-2.0,2.0
-25.0,2.0
-25.0,0.0
2.0,-2.0
2.0,-2.0
2.0,-2.0
0.0,0.0
2.0,-2.0
2.0,-2.0
2.0,-2.0
25.0,-2.0
2.0,-2.0
25.0,-2.0
13.211238878633774,-2.0
2.0,-2.0
2.0,-2.0
2.0,-2.0
2.0,-2.0
2.0,-2.0
2.0,-2.0
2.0,-2.0
2.0,-2.0
-2.0,2.0
-2.0529961774689296,2.0529961774689296
-2.05665851822352,2.05665851822352
-2.0538579006446134,2.0538579006446134
25.0,-1.9480809838969328
25.0,-1.9370939665639995
1.937093966564006,-1.909943694328626
1.7391672987764781,-1.7391672987764781
1.5813631044384198,-1.5813631044384198
1.5847997940038534,-1.5353674946107596
1.8605113949355325,-1.8605113949355325
1.677259035277702,-1.677259035277702
1.7058348609622866,-1.7058348609622866
1.6565397313291728,-1.6565397313291728
1.8605113949355374,-1.8605113949355374
-1.9574379498881145,1.9574379498881145
-2.4829072180127225,2.4829072180127225
1.8605113949355356,-1.8605113949355356
1.8605113949355356,-1.8605113949355356
-21.78522743116048,1.715969824493584
-24.999999999975174,-2.48263631874579e-11
-2.3128647715887976,2.3128647715887976
-1.670080365754412,1.670080365754412
-24.99999999999625,1.9935597728314
-25.0,2.046406368387455
-2.2915970006264006,2.2915970006264006
-2.2049139665427298,2.0952843096475364
-1.9343360648379146,1.9343360648379146
-2.04228560758936,2.04228560758936
-2.0350412987456536,2.0350412987456536
1.977192229597053,-1.977192229597053
-2.0291975057866107,2.0291975057866107
-2.0976454317406095,2.0976454317406095
-2.016117608898915,2.016117608898915
-2.1819673437312073,2.1819673437312073
-2.1819673437312073,2.1819673437312073
-2.1819673437312073,2.1819673437312073
-2.1819673437312073,2.1093185012705256
1.815826796414397,-1.815826796414397
1.7229345350782097,-1.7229345350782097
-2.0997604063821207,2.0997604063821207
-1.9923719535907782,1.9923719535907782
-2.109318501270525,2.109318501270525
1.8546682331238031,-1.8546682331238031
1.4570037710294503,-1.4570037710294503
-1.754868695608356,1.754868695608356
-2.109318501270525,2.109318501270525
-2.0638620095871785,2.0638620095871785
-2.109318501270525,2.2461468204161714
-2.0112669262348346,2.0112669262348346
-2.0222781194683095,2.0222781194683095
-2.0126668602805715,2.0126668602805715
-1.954244383937614,1.954244383937614
-2.0,2.0
-2.0,2.0
-2.0,2.0
23.0,2.0
-1.2108654396670095,2.0
23.0,2.0
25.0,0.0
23.0,2.0
-2.0,2.0
-2.0,2.0
2.0,-2.0
2.0,-2.0
2.0,-2.0
2.0,-2.0
-2.0,2.0
-2.0,2.0
2.000000000000006,-2.000000000000006
2.000000000000006,-2.000000000000006
2.0,-2.0
-20.194999999999997,2.0
-2.0,2.0
-25.0,0.0
-25.0,0.0
-23.0,-2.0
2.0,-2.0
2.0,-2.0
2.0,-2.0
2.0,-2.0
0.0,0.0
0.0,0.0
0.0,0.0
2.0,-2.0
2.0,-2.0
2.0,-2.0
2.0,-2.0
2.0,-2.0
2.0,-2.0
0.0,0.0
2.0,-2.0
2.0,-2.0
2.0,-2.0
13.263157894736857,-2.0
2.0,-2.0
25.0,-2.0
2.0,-2.0
25.0,-2.0
25.0,-2.0
25.0,-2.0
2.000000000000006,-2.000000000000006
2.000000000000006,0.0
-2.3236245709586805,2.3236245709586805
-2.384824716758759,2.384824716758759
-2.2767667744565285,2.2767667744565285
-2.0745160917823506,2.0745160917823506
-2.1108433531755955,2.1108433531755955
-2.090083655799117,2.090083655799117
-1.9820173507950098,1.9820173507950098
-1.713169423871566,1.713169423871566
-1.3870619193886533,1.3870619193886533
-24.28744978844447,1.7249497884444693
22.793990992871468,2.2060090071285323
-2.104911199592914,2.104911199592914
-2.16430153047669,2.16430153047669
-25.0,1.871619587621474
25.0,0.0
-2.0580308395743696,2.0580308395743696
-1.8920832769087639,1.8920832769087639
-25.0,1.5939020907234323
-25.0,2.1389129987161972
-25.0,1.871621481063407
-25.0,1.8540566513787624
-1.875004430654128,1.875004430654128
-1.750347787414638,1.750347787414638
-1.892612809503282,1.892612809503282
-1.8460114165965091,1.8460114165965091
-1.892612809503282,1.892612809503282
2.029685382658556,-2.029685382658556
1.8407053611470356,-1.8407053611470356
-1.892612809503282,1.892612809503282
-1.892612809503282,1.892612809503282
2.11208040190653,-2.11208040190653
1.9463196588451872,-1.9463196588451872
1.9856679068458885,-1.9856679068458885
1.9405894724022517,-1.9405894724022517
2.0570052251928566,-2.0570052251928566
1.7838623408132879,-1.7838623408132879
-1.892612809503282,1.892612809503282
1.8022110554590656,-1.8022110554590656
-1.620487965737487,1.620487965737487
2.096872907431088,-2.096872907431088
2.145234885763852,-2.145234885763852
1.7539730975730516,-1.7539730975730516
1.7319629395852665,-1.7319629395852665
25.0,-1.883063313996999
2.018662434306401,-2.018662434306401
2.026556134563788,-2.026556134563788
1.9855108695053956,-1.9855108695053956
1.9496899312504488,-1.9496899312504488
9.180477832225986,-2.002896290635853
25.0,-1.9899340829984347
1.995729573464777,-1.995729573464777
1.996896042175245,-1.996896042175245
1.9773699172886496,-1.9773699172886496
1.9548805089306522,-1.9548805089306522
2.0,-2.0
2.0,-2.0
2.0,-2.0
2.0,-2.0
2.0,-2.0
2.0,-2.0
-2.0,2.0
-2.0,2.0
-2.0,2.0
2.0,-2.0
2.0,-2.0
2.0,-2.0
2.0,-2.0
-23.0,-2.0
-23.0,-2.0
0.0,0.0
0.0,0.0
0.0,0.0
0.0,0.0
0.0,0.0
0.0,0.0
0.0,0.0
0.0,0.0
0.0,2.0
2.0,-2.0
-1.805,2.0
-1.9809875,2.0
-1.99814628125,1.99814628125
2.0,-2.0
2.0,-2.0
23.0,2.0
25.0,0.0
2.0,-2.0
2.0,-2.0
-18.316401189420404,2.0
2.0,-2.0
25.0,-1.9336756979943708
-2.067645530625615,2.067645530625615
-2.0651062245212435,2.0651062245212435
25.0,-1.9380640159442493
1.9285882635912477,-1.9285882635912477
-2.0618331939499717,2.0618331939499717
25.0,-1.5346641203785758
-2.4045660579478056,2.4045660579478056
-2.342924424603192,2.342924424603192
-2.016447383369278,2.016447383369278
-0.44290490416355865,1.977569024542138
-1.6971313395339278,1.6971313395339278
-2.136133425955464,2.136133425955464
-1.5235664599633978,1.5235664599633978
-2.038280346749305,2.038280346749305
-1.9364415722697519,1.9364415722697519
-2.1913487173723354,2.1913487173723354
-1.9708845433639102,1.9708845433639102
-1.7643800855956933,1.7643800855956933
-25.0,2.2104440792878535
-2.436620767614489,2.436620767614489
-1.936538768955753,1.936538768955753
-2.0264930395559713,2.0264930395559713
-25.0,1.8542542004873255
-1.9323700409619633,1.9323700409619633
-25.0,1.7528174668453254
-25.0,1.9406879313828753
-1.8039940466146227,1.8039940466146227
-2.738983980067456,2.0648030502289245
-1.9011818965542489,1.9011818965542489
-2.0259369987743625,2.0259369987743625
-1.9015088308617099,1.9015088308617099
-2.084022748164852,2.084022748164852
-1.882974558906291,1.882974558906291
-2.084022748164852,2.084022748164852
-2.084022748164852,2.084022748164852
-1.871601915496747,1.871601915496747
1.7266538861860639,-1.7266538861860639
-2.084022748164852,2.084022748164852
1.4096450013486352,-1.4096450013486352
-1.7896752075540556,1.7896752075540556
1.698354503024004,-1.698354503024004
1.6493004716639597,-1.6493004716639597
2.1984150426741422,-2.1984150426741422
-2.084022748164852,2.084022748164852
1.6661546294756295,-1.6661546294756295
2.032127291607529,-2.032127291607529
2.0491824698379753,-2.0491824698379753
-2.0613958014667055,2.0613958014667055
-2.084022748164852,2.084022748164852
1.8941637455433427,-1.8941637455433427
2.01575917146509,-2.01575917146509
2.0658180583770998,-2.04729093983545
2.006174627559656,-2.006174627559656
2.0,-2.0
2.0,-2.0
-1.9849218175313252,1.9849218175313252
-1.9937133518051298,1.9937133518051298
-2.00308183746746,2.00308183746746
1.9920290304235395,-1.9920290304235395
-2.0,2.0
-2.0,2.0
-2.0,2.0
-2.0,2.0
-2.0,2.0
-2.0,2.0
-2.0,2.0
2.0,-2.0
2.0,-2.0
2.0,-2.0
-2.0,2.0
-2.0,2.0
-2.0,2.0
-2.0,2.0
-2.1007434726486904,0.0
0.0,0.0
0.0,0.0
0.0,0.0
0.0,0.0
0.21606648199445955,2.0000000000000004
-2.0,2.0
-2.0,2.0
-2.0,2.0
-2.0,2.0
-2.0,2.0
-2.0,2.0
-2.0,2.0
-2.0,2.0
-2.0,2.0
-2.0,2.0
-2.0,2.0
-2.0,2.0
-2.0,2.0
-2.0,2.0
-2.0,2.0
-2.0,2.0
-2.0,2.0060320850349145
-2.0,2.007755538166185
-2.0089964242928056,2.008186401603091
-2.003662337364639,2.003662337364639
-2.0116333072492774,2.0116333072492774
-2.0116333072492774,2.149940404546241
-2.1364554625597867,2.3698014581282734
0.35257568970907216,2.309972539032927
22.9194428817237,2.0805571182762996
23.122610148081293,1.877389851918707
23.2572086237747,1.7427913762252984
23.35130858549183,1.6486914145081712
-2.0307223576916806,2.0307223576916806
-1.8759858647238223,1.8759858647238223
-1.9076366401110176,1.9076366401110176
-1.9983609104315132,1.9983609104315132
-1.9699296174813066,1.9699296174813066
-1.851198185204069,1.851198185204069
-2.2836167740172515,2.2836167740172515
0.0,0.0
0.0,0.0
-1.8521524799393614,1.8521524799393614
-1.582479643479525,1.582479643479525
-2.54458934576888,1.9404013905033626
-1.9887378073700024,1.9887378073700024
-25.0,1.7586347516172758
-25.0,1.7580168583991238
-25.0,2.249900253478863
-25.0,1.8776199051138178
-1.863130025131781,1.863130025131781
-1.6598570415994756,1.6598570415994756
-2.039983813343585,2.039983813343585
1.5821987829258193,-1.5821987829258193
2.1897481277898603,-2.1897481277898603
-1.5567256774255558,1.5567256774255558
-2.039983813343585,2.039983813343585
1.9964838783265124,-1.9964838783265124
1.7437895356987516,-1.7437895356987516
1.9968606732715974,-1.9968606732715974
1.933917614170257,-1.933917614170257
2.071686342810339,-2.071686342810339
1.6845292211611875,-1.6845292211611875
2.252700022953565,-2.252700022953565
2.249498057371519,-1.9286014603637969
-1.9400476324351557,1.9400476324351557
-2.0187700054763393,2.0187700054763393
-1.626645754484099,1.626645754484099
25.0,-1.7479351299698465e-11
1.908294611183466,-1.908294611183466
1.9780411621779974,-1.9780411621779974
1.9231460202349868,-1.9231460202349868
-1.9299557841545874,2.0060031477935696
-1.930043331189894,1.9735605192104326
-1.9814238109875755,1.9814238109875755
-1.9973516615025564,1.9973516615025564
-1.9871121321473078,1.9871121321473078
-1.9945832250402886,1.9945832250402886
-2.000683049316412,2.000683049316412
-2.021620791870269,2.021620791870269
-2.020931596263825,2.020931596263825
-1.9999999999999847,1.9999999999999847
2.0,-2.0
-2.0,2.0
2.0,-2.0
-2.0,2.0
-2.0,2.0
-2.0,2.0
-2.0,2.0
-2.0,2.0
-2.0,2.0
-2.0,2.0
-2.0,2.0
-2.0,2.0
-2.0,2.0
-25.0,0.0
0.0,0.0
0.0,0.0
0.0,0.0
0.0,0.0
0.0,2.0000000000000724
-1.8050000000000654,1.8050000000000654
-1.8050000000000654,1.8050000000000654
-1.8050000000000654,2.0
23.0,2.0
-2.0,2.0
-2.0,2.0
4.9905955678670315,-2.0
25.0,-2.0
2.0,-2.0
-25.0,2.0
-25.0,2.0
-2.0,2.0
-2.0,2.0
-2.0,2.0
-2.0000000000000004,2.0000000000000004
23.0,2.0
-24.5625,2.009263559270824
-2.0002154316028866,2.0002154316028866
-2.0,2.0
25.0,0.0
-24.571763559270828,2.0060320850349136
-2.00603208503491,2.220817399546089
-1.5320657263430082,2.2809060752069077
22.887862952622246,2.112137047377754
22.988917053206528,2.011082946793472
23.16947536056436,1.830524639435641
23.22161254654206,1.7783874534579382
0.4301130956882879,1.6466689029478214
-2.5700598256962994,2.5700598256962994
-1.9580091382052052,1.9580091382052052
-1.8444796220710096,1.8444796220710096
0.0,0.0
0.0,0.0
-2.1447649965902906,2.1447649965902906
0.0,0.0
0.0,-1.879233912130755
2.0822536422501514,-2.0822536422501514
2.082253642250139,-2.082253642250139
1.8384483783603924,-1.8384483783603924
-22.885952943070208,-2.114047056929792
2.039732616713528,-2.039732616713528
-21.81931940229644,2.2953687369611266
-25.0,1.8762055039882952
-25.0,1.7204004786217268
-1.9007445114672388,1.9007445114672388
-2.1934214051439618,2.1934214051439618
-1.8074956518999417,1.7833448000176926
-2.1692705532617147,2.1692705532617147
-1.891933694995891,1.891933694995891
1.8912287034487205,-1.8912287034487205
-2.00856971819828,2.00856971819828
2.1354789261932297,-2.1354789261932297
1.9558960570056287,-1.9558960570056287
1.9764178118455957,-1.9764178118455957
2.3548114530717736,-2.3548114530717736
2.06529092710087,-2.06529092710087
2.218912813916263,-2.218912813916263
1.8810438792797965,-1.8810438792797965
-1.916903776088727,1.916903776088727
2.164188555107896,-2.164188555107896
1.8579858589677594,-1.8579858589677594
2.3701925130579324,-2.3701925130579324
2.2071272423780384,-2.2071272423780384
1.863302801708359,-1.863302801708359
2.115596996940501,-2.115596996940501
2.0298279430575867,-2.0298279430575867
1.9675189404625866,-1.9675189404625866
-2.009580554857191,2.009580554857191
-1.984591845056983,1.984591845056983
-1.9931802166168264,1.9931802166168264
25.0,-2.0011644766517627
25.0,-2.018219482302868
24.9999999999854,-1.9529589538205698
25.0,-1.9926267102861388
1.955671391984146,-1.955671391984146
10.80837274843569,-1.9838691123533465
2.0,-2.0
2.0,-2.0
2.0,-2.0
2.0,-2.0
2.000000000000006,0.0
0.0,0.0
0.0,0.0
-2.0,2.0
-2.0,2.0
-2.0,2.0
-25.0,2.0
-25.0,2.0
-25.0,2.0
-25.0,2.0
-3.0000000000000044,0.0
0.0,0.0
0.0,0.0
0.0,0.0
2.0,-2.0
25.0,0.0
2.0,-2.0
2.0,-2.0
2.0,-2.0
25.0,-2.0
2.0,-2.0
2.0,-2.0
-2.0,2.0
-2.0,2.0
2.0,-2.0
2.0,-2.0
-2.0,2.0
23.0,2.0
-2.0,2.0
2.0,-2.0
-2.0,2.0
-2.0,2.0
-2.0,2.0
2.0,-2.0
1.9997845683971134,-1.9997845683971134
1.9978456838940895,-1.9978456838940895
-2.01551107633237,2.01551107633237
-2.1695446881518805,2.1695446881518805
-2.3150801380995762,2.3150801380995762
25.0,0.0
7.160930017939624,-2.00365434293475
-1.8298291150981445,1.8298291150981445
-1.2951450962226998,1.2951450962226998
2.105882219731968,-2.105882219731968
1.7150180543475395,-1.7150180543475395
2.1058822197319804,-1.8419935328102186
-22.473994352089925,1.573893515451143
1.9724699854109033,-1.9724699854109033
25.0,0.0
0.0,0.0
-1.77013299334185,1.77013299334185
0.0,0.0
0.0,0.0
-2.1285697565720367,2.1285697565720367
0.0,0.0
-1.7763674664868345,1.7763674664868345
-23.71225004183163,2.3160747868161096
-25.0,1.907912451486233
-25.0,1.7749303440580917
-25.0,1.9834046125861278
-1.9723254526765244,1.9723254526765244
-1.7982720650867385,1.7982720650867385
-1.953423221838384,1.953423221838384
-2.0878077385931233,2.0878077385931233
-1.9092530083762842,1.9092530083762842
22.792190960738495,2.2078090392615053
25.0,-7.908340649009915e-12
25.0,0.0
1.8009254083851305,-1.8009254083851305
2.148899642629245,-2.148899642629245
1.750620443053295,-1.750620443053295
1.9902935854933466,-1.9902935854933466
1.9504568294733877,-1.9504568294733877
1.9727054033581686,-1.9727054033581686
1.9055065179340254,-1.9055065179340254
25.0,-1.6907602229959586
2.2225362306327403,-2.2225362306327403
1.6265804307373388,-1.6265804307373388
1.6393687375670294,-1.6393687375670294
2.222536230632745,-2.222536230632745
-25.0,1.9440409014762885
1.8382743394891907,-1.8382743394891907
1.9331278516497838,-1.9331278516497838
-17.918687770934184,-2.0195141823960583
2.057643753969601,-2.057643753969601
-22.966444163157078,-2.033555836842922
-22.99489785937143,-2.005102140628569
2.0,-2.0
2.0,-2.0
2.0173561546015613,-2.0173561546015613
2.0096847136943645,-2.0096847136943645
0.0,0.0
25.0,-2.0
2.0,-2.0
-2.0,2.0
-2.0,2.0
-2.0,2.0
-2.0,2.0
-2.0,2.0
-2.0,2.0
-2.0,2.0
2.0,-2.0
-2.0,2.0
-2.0,2.0
-20.7575,2.0
-1.9999999999999996,1.9999999999999996
-1.9999999999999996,0.0
0.0,0.0
0.0,0.0
0.0,0.0
0.0,0.0
23.0,2.0
-22.562500000000004,2.0000000000000036
-2.0,2.0
-1.9999999999999996,1.9999999999999996
-2.0,2.0
-2.0,2.0
-1.9999999999999996,1.9999999999999996
-2.0,2.0
2.700831024930749,2.0
-2.0,2.0
2.0,-2.0
1.9999999999583662,-1.9999999999583662
25.0,-2.0
-25.0,0.0
2.0000000000000013,-2.0000000000000013
-2.0,2.0
-2.0,2.0
-2.0,2.0
-2.0,2.0
-2.0,2.0
23.0,2.0
22.99719938915223,2.002800610799003
-2.2031520004819947,2.2031520004819947
22.5959438695981,2.4040561303666586
25.0,0.0
-1.8347384944622114,1.8347384944622114
-21.581996481202175,1.7694964812779972
-2.0244531714445526,2.0244531714445526
23.123763569793432,1.8762364302065677
-2.6195771191831385,2.619577119183133
-1.7769929334727241,1.7769929334727301
-1.8330072573862157,1.8330072573862157
-1.9745773862846743,1.9745773862846743
-2.249885737090689,2.249885737090689
0.0,0.0
0.0,0.0
-20.37757005078768,-2.184929949212332
25.0,-1.4722358802500466
-1.7916399691353817,1.7916399691353817
-1.8032909485093862,1.8032909485093862
1.4722358802500641,-1.4722358802500641
-2.023045081792147,2.023045081792147
-23.88339291250348,1.8155749686370264
-25.0,2.013786781876803
-2.0892328692229443,2.0892328692229443
-25.0,1.950377936059425
-2.0360542901809335,2.0360542901809335
-25.000000000000004,1.9261582891202025
-2.243333165700606,2.243333165700606
-2.4938121812642953,2.4938121812642953
-1.4691874387345303,1.4691874387345303
1.8470332440941544,-1.8470332440941544
1.8511988163513813,-1.8511988163513813
-2.113328180141762,2.113328180141762
-2.2086989569710003,2.2086989569710003
-1.9141444000419687,1.9141444000419687
-2.462685889293126,2.462685889293126
2.1113470087303323,-2.1113470087303323
1.880146387802558,-1.880146387802558
1.8348981747320723,-1.8348981747320723
-2.252312182930525,2.252312182930525
-1.9307344227036918,1.9307344227036918
-2.152024452969477,2.152024452969477
-2.0214549061403155,2.0214549061403155
-2.0134207164360145,2.0134207164360145
-1.96223577396484,1.96223577396484
1.8983304913401036,-1.8983304913401036
-1.89644713790031,1.89644713790031
2.0000000000000013,-2.0000000000000013
2.0,-2.0
2.0000000000000013,-2.0000000000000013
2.0,-2.0
8.499931101092189,-2.0
-2.0,2.0
-2.0,2.0
-2.0,2.0
1.9999999999791822,-1.9999999999791822
25.0,0.0
25.0,-2.0
2.0000000000000013,-2.0000000000000013
2.0,-2.0
25.0,-2.0
25.0,-2.0
2.000000000000006,-2.000000000000006
2.0,-2.0
2.0,-2.0
2.0,-2.0
2.0,-2.0
-25.0,0.0
-25.0,2.0
-25.0,0.0
-18.195,-2.0
0.0,0.0
0.0,0.0
0.0,0.0
0.0,0.0
0.0,2.0
0.19500000000000006,-2.0
0.0,0.0
0.0,2.0
-1.805,2.0
-1.9809875,1.9999999999999987
-1.998146281249999,2.0
-1.9998192624218747,2.0
23.0,2.0
-24.562482378086134,2.0
-1.9999999999999996,1.9999999999999996
-2.0,2.0
-2.0,2.0
-1.9999999999999996,1.9999999999999996
-1.9999999999999996,0.0
0.0,0.0
2.0,-2.0
0.0,0.0
0.0,0.0
2.0,-2.0
0.0,0.0
25.0,-1.97845683678365
24.99999999997529,-1.8378998201260153
24.99999999998357,-1.7131807450764676
25.0,-1.6157433158217742
11.916646418292682,-1.7017014772179557
2.1934936715111517,-2.1934936715111517
2.1934936715111544,4.440892098500626e-15
-1.8357451744243747,1.8357451744243747
-2.0010767373137623,2.0010767373137623
-2.055630586347972,2.055630586347972
-1.830806446710314,1.830806446710314
-24.814896441096636,2.2523964410966357
25.0,0.0
-1.918413480458316,1.918413480458316
-2.2123766523562836,2.2123766523562836
-20.621425175315053,-1.9410748246849465
25.0,-1.7143730217949837
1.7143730217949775,-1.7143730217949775
1.7143730217949837,-1.7143730217949837
-2.3001067929652965,1.865345352195852
2.119640915553399,-2.119640915553399
-1.8321968642379929,1.8321968642379929
-1.9184753328948627,1.9184753328948627
2.1961031500713766,-2.1961031500713766
2.0721401377274518,-2.0721401377274518
1.9149560554848168,-1.9149560554848168
2.065179214026699,-2.065179214026699
-2.064876263317082,2.064876263317082
1.969351486543788,-1.969351486543788
2.19610315007138,-2.19610315007138
2.194127658985754,-2.194127658985754
1.9131219413970122,-1.9131219413970122
-23.20651518727252,-1.7934848127274812
-23.050304965331833,-1.9496950346681672
-6.20728787366483,-1.8286567589666607
1.7930070342125264,-1.7930070342125264
-22.894251267924457,-2.1057487320755435
1.8028996371761323,-1.8028996371761323
1.2347528189815993,-1.2347528189815993
1.8417915656704746,-1.8417915656704746
1.9487855513920032,-1.9487855513920032
1.6298418844705544,-1.6298418844705544
1.558204140003217,-1.558204140003217
25.0,-2.035272298661738
2.100962742010912,-2.100962742010912
1.8543557363110965,-1.8543557363110965
24.99999999998275,-1.7698006449738557
25.0,-1.992237055714579
2.0472616010389553,-2.0472616010389553
2.0,-2.0
2.0,-2.0
25.0,-2.0
2.0,-2.0
2.0,-2.0
2.0,-2.0
2.0,-2.0
2.0,-2.0
2.0,-2.0
2.0,-2.0
2.0,-2.0
2.0,-2.0
2.0,-2.0
2.0,-2.0
-22.757499999999997,2.0
23.0,2.0
0.0,0.0
-2.0,2.0
-24.000000000000004,1.9999999999999964
-25.0,2.0
-25.0,0.0
-23.0,-2.0
2.0,-2.0
0.0,0.0
0.0,0.0
0.0,0.0
0.0,0.0
0.0,0.0
2.0,-2.0
0.0,0.0
0.0,0.0
0.0,0.0
2.0,-2.0
25.0,-2.0
6.700831024930749,-2.0
-25.0,2.0
2.0,-2.0
-2.0,2.0
-2.0,2.0
-2.0,2.0
-2.0,2.0
-2.0,2.0
-2.0,2.0
-2.0,2.0
-2.0,2.0
-2.0,2.0
-2.0,2.0
-2.0,2.0
-2.0,2.0
-1.7857045414760222,2.201487546680917
22.904600190394422,2.0953998096055777
22.864801934360475,2.135198065639525
0.9008136743860691,1.7304947331514215
22.750472123435046,2.2495278765649545
-1.9317956969083179,1.9317956969083179
23.295266491096633,1.7047335089033666
-1.802756366736375,1.802756366736375
-2.071466703545866,2.071466703545866
-2.1563825251567756,2.1563825251567756
-2.013399888574728,2.013399888574728
-1.8490926777722354,1.8490926777722354
-1.7340869080759695,1.7340869080759695
-25.0,1.3506238916422078
25.0,0.0
1.204294856906149,-1.204294856906149
1.204294856906149,-1.204294856906149
-25.0,0.0
-22.392682974149935,2.2748943181695402
-25.0,1.6766777486036304
-25.0,1.9684584130977285
-1.828916791659081,1.828916791659081
-1.2509745671869439,1.2509745671869439
-2.4404713973631775,2.4404713973631775
-1.6601296972381308,1.6601296972381308
-2.0323999472461836,2.0323999472461836
-2.1458272175158823,2.1458272175158823
-2.4404713973631775,2.1144579338297076
-1.7243987968413528,1.7218723141526142
-2.1119314511409693,2.1119314511409693
2.088647795664998,-2.088647795664998
-2.0405297557682083,1.8309200532264205
-1.9023217485991815,1.9023217485991815
-1.9023217485991815,1.9023217485991815
2.4858559382529903,-2.4858559382529903
1.9108027906001666,-1.9108027906001666
-1.9023217485991815,1.9023217485991815
1.8411025105929242,-1.8411025105929242
2.3570029543248285,-2.3570029543248285
2.2114903637438283,-2.2114903637438283
-1.8104741149572723,1.8104741149572723
4.790485862060207,-2.197490569649327
-1.9253769287483156,1.9253769287483156
2.0408378641347613,-2.0408378641347613
2.0492052453804184,-2.0492052453804184
2.0,-2.0
2.0,-2.0
2.0,-2.0
2.0,-2.0
2.0,-2.0
2.0,-2.0
2.0,-2.0
2.0,-2.0
2.0,-2.0
2.0,-2.0
2.0,-2.0
2.0,-2.0
2.0,-2.0
2.0,-2.0
2.0,-2.0
2.0,-2.0
2.0,-2.0
25.0,-2.0
2.0,-2.0
2.0,-2.0
2.0,-2.0
2.0,-2.0
2.0,-2.0
-25.0,0.0
2.0,-2.0
0.0,0.0
0.0,0.0
0.0,0.0
0.0,2.0
-1.805,1.805
-1.805,1.805
-1.805,1.805
-1.805,2.0
-1.9809875,1.9809875
25.0,-2.0
-2.0,2.0
23.0,2.0
2.0,-2.0
25.0,-2.0
23.0,2.0
3.0681578947368457,2.0
-2.0,2.0
-2.0,2.0
2.0,-2.0
2.0,-2.0
2.0,-1.9956913677881787
1.995691367788191,-1.997199389200996
1.9973623056417027,-1.9991382735884533
1.9993301371616512,-1.9997845683971134
1.980395723790617,-1.980395723790617
1.9998336620762853,-1.8791267797985365
1.8791267797985407,-1.8654665916497595
-2.458958922850565,2.427028038517355
-2.043558789503889,2.043558789503889
1.9008470729053912,-1.9008470729053912
1.90084707290539,-2.155704357370351
1.9167635943261274,-1.9227551428155096
2.156480352990089,-2.156480352990089
2.1898762506941365,-2.1898762506941365
2.1898762506941365,-2.1898762506941365
-23.075201769401286,1.783744947413311
25.0,-1.3774375540325217
2.1589557127465806,-2.1589557127465806
-23.060391330520133,-1.9396086694798669
-25.0,0.0
-2.3165961144955753,2.3165961144955753
-1.6476803165148217,1.6476803165148217
-19.462842969993442,1.9144309409214841
-25.0,1.9571059664021604
-2.1132044752686685,2.1132044752686685
-1.496365273123697,1.496365273123697
-2.4602364065764153,2.4602364065764153
-2.0220781641106234,1.9392539646906908
-2.1874494892806435,2.1874494892806435
-2.003762269125051,2.003762269125051
-1.8181740332666134,1.8181740332666134
-2.1851300229101422,2.1851300229101422
-2.3774122071564827,2.3774122071564827
-2.3774122071564827,1.038703947579025
-1.0387039475790247,1.0387039475790247
-1.0387039475790247,1.0387039475790247
0.7667688771869132,-1.805472824765938
1.4790907712024346,-1.4790907712024346
1.8941534400911433,-1.8941534400911433
1.6897570143440097,-1.6897570143440097
2.222492681468233,-2.222492681468233
1.312137159721976,-1.312137159721976
25.0,0.0
-2.6018690190587295,2.6018690190587295
-1.96792383132472,1.96792383132472
25.0,0.0
25.0,0.0
25.0,0.0
-2.052203298658605,2.052203298658605
1.851065565375198,-1.851065565375198
1.923655573072418,-1.923655573072418
1.9806125709678604,-1.9806125709678604
2.0,-2.0
2.0,-2.0
2.0,-2.0
2.0,-2.0
2.0,-2.0
-1.9999999999999847,1.9999999999999847
2.0,-2.0
2.0,-2.0
2.0,-2.0
2.0,-2.0
2.0,-2.0
-2.0,2.0
5.263157894736842,8.881784197001252e-16
-2.0,2.0
-2.0,2.0
-2.0,2.0
-2.0,2.0
-2.0,2.0
-2.0,2.0
-25.0,2.0
-2.0,2.0
-20.0,-2.0
-23.0,-2.0
-23.0,-2.0
2.0,-2.0
0.0,0.0
0.0,0.0
23.0,2.0
-22.5625,2.0
-2.0,2.0
-2.0,2.0
-2.0,2.0
-2.0,2.0
-2.0,2.0
-2.0,2.0
-2.0,2.0
-2.0,2.0
-2.0,2.0
25.0,0.0
-2.0,2.0
23.0,2.0
-2.0,2.0
25.0,0.0
-2.0,2.0
25.0,-2.0
1.5211132600075583,2.000000000000007
-2.0,2.0
-2.0,2.0
-2.0303758578175573,2.0303758578175573
-2.332975634736331,2.332975634736331
1.525978152734822,-1.525978152734822
-19.416890653518394,-1.7684140636384313
25.0,-2.115509425251002
2.115509425250992,-1.8964252548396123
1.8118429945829382,-1.8118429945829382
-1.6294622493625663,1.6294622493625663
-1.8807844777346876,1.8807844777346876
-2.160529162994653,2.160529162994653
0.33507642335585075,1.56134883148377
-24.489001002110456,1.9265010021104558
25.0,0.0
-1.9681175935494117,1.9681175935494117
-1.7448896254630473,1.7448896254630473
-2.0162886498203854,2.0162886498203854
-2.2204124199288664,2.2204124199288664
-1.9258061089202734,1.9258061089202734
-1.9642360375824488,1.9642360375824488
-24.99999999997242,1.8843359436576286
-2.733336473949935,2.032092578505384
-24.999999999999996,1.9039841906181998
-25.0,2.007222218687801
-25.0,1.85934251011426
-1.937382612911497,1.937382612911497
-1.9536409676609203,1.9536409676609203
-1.95364096766092,1.95364096766092
-1.9229526919240705,1.9229526919240705
-1.95364096766092,1.95364096766092
1.9850834644352542,-1.9850834644352542
1.8655441635990382,-1.8655441635990382
1.8947328333232853,-1.8947328333232853
2.057168692346586,-2.057168692346586
1.9301698614333755,-1.9301698614333755
1.9117731795919077,-1.9117731795919077
8.68622300649399,-1.9429430207275837
1.8180837792010403,-1.8180837792010403
1.73474708816401,-1.73474708816401
25.0,-1.8190450165567604
24.999999999951804,-1.7730160742617045
2.259794118737087,-2.259794118737087
1.621720596437239,-1.621720596437239
25.0,-2.0913030324053246
25.0,0.0
-1.9291421958230974,1.9291421958230974
1.9022447486271539,-1.9022447486271539
1.890060449774761,-1.890060449774761
2.0385428991001326,-2.0385428991001326
2.0385428991001295,-2.0385428991001295
2.0,-2.0
2.0,-2.0
2.0385428991001233,-1.9999999999999998
2.0,-2.0
2.0,-2.0
2.0,-2.0
2.0,-2.0
2.0,-2.0
2.0,-2.0
2.0,-2.0
2.000000000000006,-2.000000000000006
0.0,2.000000000000006
-2.0,2.0
-2.0,2.0
-2.0,2.0
-2.0,2.0
-2.0,2.0
-2.0,2.0
-25.0,2.0
-25.0,0.0
-25.0,0.0
-22.0,0.0
0.0,0.0
0.0,0.0
0.0,0.0
0.0,0.0
0.21606648199446,2.0
-2.0,2.0
-2.0,0.0
0.0,0.0
2.0,-2.0
0.0,0.0
0.0,0.0
0.0,0.0
25.0,0.0
-22.5625,2.0
-2.0,2.0
-2.0,2.0
-2.0,2.0
-2.0,2.0
-2.0,2.0
-2.0,2.0
2.0,-2.0
-2.0,2.0
-2.0,2.0
2.7197703697871494,1.999999999999996
-2.0,2.0
-2.0734621793194155,2.0734621793194155
22.68999689963084,2.3100031003691583
24.99999999997875,-1.672678957023514
1.862986281331541,-1.862986281331541
22.781165763924044,2.2188342360759563
-1.9418937383218813,1.9418937383218813
-2.0205918121915643,2.0205918121915643
-1.634209739441184,1.634209739441184
22.930139566362413,2.0698604336375865
-1.7776202939005614,1.7776202939005614
-1.8023347603321582,1.8023347603321582
-24.630810335840053,2.068310335840053
22.835841108815757,2.1641588911842433
-2.0035180151154233,2.0035180151154233
-1.7989713763081046,1.7989713763081046
-24.467568501699706,1.9050685016997058
22.58037350490038,2.419626495099621
0.0,0.0
-25.0,1.642650072440567
-25.0,1.8095027003511532
-2.19504976520815,2.19504976520815
-1.7280165332320259,1.7280165332320259
-25.0,1.943696610617753
-1.8869804508936596,1.8869804508936596
-2.074296768091534,2.074296768091534
-1.8021788669461678,1.8021788669461678
-1.9760283939542749,1.9760283939542749
-2.0318558982634976,2.0318558982634976
-1.8906145971144355,1.8906145971144355
2.043895664381509,-2.043895664381509
-2.0493740230470783,2.0493740230470783
-1.9395682760519186,1.9395682760519186
-2.2701619756264035,2.2701619756264035
-2.084053043235812,2.084053043235812
2.079030372929294,-2.079030372929294
1.7323089660989064,-1.7323089660989064
1.251845449493512,-1.647694832902991
1.935797170864503,-1.935797170864503
-25.0,1.9359685273596305
1.6264220127621014,-1.6264220127621014
2.5042999561428356,-2.5042999561428356
1.7749252948795977,-1.7749252948795977
-1.9359685273596297,1.9359685273596297
1.8175471461992654,-1.8175471461992654
-1.9359685273596297,1.9359685273596297
2.0172123339110604,-2.0172123339110604
-1.9359685273596297,1.9359685273596297
1.982255941859696,-1.9483611787874595
1.9797025379032205,-1.9797025379032205
2.0208622612800475,-2.0208622612800475
-1.966558551032323,1.966558551032323
2.03824951175154,-2.001195274668241
1.9995881541903422,-1.9995881541903422
-2.0,2.0
-2.0,2.0
-2.0,2.0
-2.0,2.0
-2.0,2.0
2.0,-2.0
-2.0,2.0
2.0,-2.0
2.0,-2.0
2.0,-2.0
-2.0,2.0
-2.0,2.0
-2.0,2.0
-2.0,2.0
0.0,-2.0
2.0,-2.0
0.0,0.0
2.0,-2.0
0.0,0.0
0.0,0.0
0.0,0.0
0.0,0.0
23.0,2.0
-22.5625,2.0
-1.9999999999999996,0.0
0.0,0.0
0.21606648199446,2.0
-2.0,2.0
-2.0,2.0
-2.0,2.0
-2.0,2.0
2.0,-2.0
-2.0,2.0
-2.0,2.0
-2.0,2.0
2.0,-2.0
-2.0,2.0
-2.0,2.0
1.5272725323936487,2.0
2.0,-2.0
-2.0,2.0
-2.0,2.0
-2.0,2.0
23.0,2.0
-2.0,2.0
23.0,2.0
23.0,2.0
-1.7677151271607832,1.7677151271607832
-1.9694048184916266,1.9694048184916266
-2.1117286161736697,2.1117286161736697
-25.0,2.004136539480889
23.002357650820365,1.9976423492171413
23.239692708006714,1.7603072919932856
-1.9001458682420909,1.9001458682420909
-1.958544982272839,1.958544982272839
-2.130898690152214,2.130898690152214
-2.0346657660951903,2.0346657660951903
0.0,0.0
-24.601841936527585,2.0393419365275847
23.078529873111115,1.9214701268888845
-1.9859746444393762,1.9859746444393762
-25.0,1.8868662132302418
-25.0,0.0
-1.9300455254129698,1.9300455254129698
-1.6221560880823125,1.6221560880823125
-23.735637005873514,2.207557211484133
-2.0552556848448207,2.0552556848448207
-25.0,1.641213581159132
-1.9999999999999996,1.9999999999999996
-1.8800643386520361,1.8800643386520361
-1.8906663511939934,1.8906663511939934
1.8181134431246893,-1.8181134431246893
2.3874411379394163,-2.3874411379394163
-1.8978904633237255,1.8978904633237255
1.817411607314078,-1.817411607314078
1.775290729173073,-1.775290729173073
1.8400312958181386,-1.8400312958181386
2.058456864009769,-2.058456864009769
1.7910548955774344,-1.7910548955774344
2.068456762016363,-2.068456762016363
1.8171881811657355,-1.8171881811657355
1.4890502757810795,-1.4890502757810795
2.2456311730625123,-2.2456311730625123
2.4574808174135256,-2.4574808174135256
1.5467933121813147,-1.5467933121813147
-2.0,2.0
2.306178396968635,-2.306178396968635
1.6920502881010755,-1.6920502881010755
1.5468277097098024,-1.5468277097098024
1.4342182485692394,-1.4342182485692394
1.5328466922478248,-1.5328466922478248
1.8349959236719728,-1.8349959236719728
2.0472545514809695,-2.0472545514809695
1.9471463434833938,-1.9471463434833938
2.024958735233741,-2.024958735233741
2.0,-2.0
-2.0,2.0
2.0,-2.0
-2.0,2.0
2.0,-2.0
2.0,-2.0
-2.0,2.0
-2.0,2.0
-2.0,2.0
-2.0,2.0
-2.0,2.0
-2.0,2.0
-2.0,2.0
-2.0,2.0
-2.0,2.0
-2.0,2.0
0.0,-2.0
2.0,-2.0
0.0,0.0
0.0,0.0
0.0,0.0
2.0,-2.0
2.0,-2.0
25.0,0.0
-20.5625,-2.0
2.0,-2.0
2.0,-2.0
2.0,-2.0
0.0,0.0
0.0,0.0
0.0,2.0
-1.7839335180055402,2.0
-2.0,2.0
-2.0,2.0
-2.0,2.0
23.0,2.0
-2.0,2.0
-24.5625,2.0
-2.0,2.0
25.0,-2.0
-2.0,2.0
-2.0,2.0
5.047091412742391,2.0
25.0,-2.0
-2.0,2.0
23.0,2.0
-2.0,2.0
23.0,2.0
-24.043842290817405,1.9037081672169407
-2.186989540677242,2.186989540677242
-2.3473598123361734,2.3473598123361734
-25.0,2.0151341236004576
25.0,0.0
25.0,0.0
0.0,0.0
-24.571765242535776,2.0092652425357755
25.0,0.0
0.0,0.0
0.0,0.0
0.0,0.0
-2.100667365069036,2.100667365069036
-1.8683489822522379,1.8683489822522379
-2.1191561944180126,2.1191561944180126
-25.0,1.8191952296169518
-2.141478612538261,2.141478612538261
-2.009188974694638,1.5128091851827628
-25.0,1.8637554921176758
-25.0,1.8134290677772427
-2.45647666204061,2.45647666204061
-1.6268997912770597,1.6268997912770597
-1.9869384063843434,1.9869384063843434
-2.044205557711553,2.044205557711553
-1.756820834243447,1.756820834243447
2.1162573348153675,-2.1162573348153675
1.753485851848417,-1.753485851848417
2.28339019213235,-2.28339019213235
-25.0,0.0
2.192453856315124,-2.192453856315124
2.0784553977283347,-2.0784553977283347
1.7387340457320253,-1.7387340457320253
1.80843795483631,-1.80843795483631
1.962319874344125,-1.962319874344125
2.002469048283375,-2.002469048283375
1.9720142970518548,-1.9720142970518548
2.4377378983562004,-2.4377378983562004
1.0969370698667964,-1.0969370698667964
1.7605496525609787,-1.7605496525609787
1.5771944158913405,-1.5771944158913405
1.4610487941501438,-1.4610487941501438
1.4310049198185402,-1.4310049198185402
0.0,2.3496145861072257
-1.9673911429936437,1.9673911429936437
-2.0970505753993325,2.0970505753993325
-2.1205271639617713,2.412919134831344
-2.0918661144241297,2.0918661144241297
23.018713061653145,1.9812869383106069
23.01212858119783,1.9878714187737287
23.0,2.0
25.0,-2.0
2.0,-2.0
4.621151337824727,5.329070518200751e-15
0.0,0.0
0.0,0.0
0.0,0.0
-2.0,2.0
-2.0,2.0
-2.0,2.0
-2.0,2.0
-2.0,2.0
-2.0,2.0
-2.0,2.0
-22.000000000000004,2.0
-25.0,0.0
-25.0,0.0
-25.0,0.0
0.0,0.0
0.0,0.0
0.0,0.0
0.0,0.0
0.0,0.0
2.0000000000000013,-2.0000000000000013
1.9999999999583662,-1.9999999999583662
0.0,0.0
0.21606648199446132,2.0
-2.0000000000000013,2.0000000000000013
-2.0,2.0
-2.0,2.0
23.0,2.0
-24.562500000000004,2.0
-2.0,2.0
-2.0,2.0
-2.0,2.0
-2.0,2.0
-2.0,2.0
-2.0,2.0
-2.0,2.0
-2.0,2.0
-2.0,2.0
-2.0,2.0
-2.0,2.0
-2.0,2.0
-2.0,2.0
-2.0,2.0
23.103898188126106,1.8961018118738941
23.10122163074883,1.8987783692511684
1.048501159156478,1.9985902535859015
-1.8181321408637994,1.8181321408637994
-1.7143250545992919,1.7143250545992919
23.302985422718738,1.6970145772812621
22.835682375266863,2.164317624733137
-1.7829345542650872,1.7829345542650872
-2.09447170748372,2.09447170748372
-1.9805029128205813,1.9805029128205813
-1.6258265252735118,1.6258265252735118
-2.0727510883251785,2.0727510883251785
-21.71194247349762,2.1990140014729462
-1.5828513892461187,1.5828513892461187
-2.037835387894555,2.037835387894555
-25.0,0.0
-25.0,0.0
-1.9612734321013248,1.9612734321013248
-25.0,1.7449811418232457
-1.9488196333468348,1.9488196333468348
-1.8317721020972169,1.8317721020972169
-2.2320526697985716,2.2320526697985716
-1.8543375119324708,1.8543375119324708
-2.1255812740511306,2.1255812740511306
-1.8427363931960894,1.8427363931960894
2.07906697947337,-2.07906697947337
-1.54578284533528,1.54578284533528
1.6343561656174952,-1.6343561656174952
-1.6716310946992614,1.6716310946992614
-1.957639285880548,1.957639285880548
-2.0028975973080207,2.0028975973080207
1.8940373089857907,-1.8940373089857907
2.1023102415213923,-2.1023102415213923
2.0505271291855527,-2.0505271291855527
2.2294839002399476,-2.2294839002399476
-2.2100906367933026,2.2100906367933026
-1.9819523426219021,1.9819523426219021
-1.974702984599702,1.974702984599702
-1.9226629953080003,1.9226629953080003
-2.2320526697985716,2.2320526697985716
22.591836402375495,2.4081635976245046
2.143766521543178,-2.143766521543178
-2.196904707157241,2.196904707157241
25.0,-1.738767180965887
22.846626785225418,2.1533732147745823
-2.0321837792919255,2.0321837792919255
-0.971996839380815,2.0781699613566174
-1.8177222895782634,2.1318215853087485
22.934527041138928,2.065472958861072
-1.9725935423588459,1.9725935423588459
-1.9324107055860251,1.9324107055860251
-2.0,2.0
2.0,-1.9995691367942268
-2.0,2.0
2.0,-2.0
-2.0,2.0
2.0,-2.0
0.0,2.0
0.0,0.0
-2.0,2.0
-25.0,2.0
-2.0,2.0
-2.0,2.0
-2.0,2.0
-25.0,2.0
-25.0,2.0
-25.0,2.0
-2.000000000000003,2.000000000000003
-2.000000000000003,0.0
2.0,-2.0
2.0,-2.0
0.0,0.0
0.0,0.0
0.0,0.0
2.0,-2.0
0.0,0.0
2.0,-2.0
2.0,-2.0
2.0,-2.0
0.0,0.0
0.0,2.0
-1.805,2.0
-1.9809875,1.9809875
-1.9809875,2.0
-1.99814628125,1.99814628125
2.0,-2.0
2.0,-2.0
-1.99814628125,1.99814628125
-1.99814628125,1.99814628125
2.0,-2.0
25.0,0.0
-2.0,2.0
-2.0,2.0
1.049145394736843,2.0
-2.0,2.0
-2.0,2.0
-2.0,2.0
22.87548052282236,2.124519477177639
22.602956152946582,2.3970438470534177
-2.3302120921311484,2.3302120921311484
25.0,0.0
-2.0603534616814305,2.0603534616814305
-2.00756808741461,2.00756808741461
-2.284781240807339,2.284781240807339
-2.5622935580258153,2.5622935580258153
-2.1231993240967713,2.1231993240967713
-1.9639797917738981,1.9639797917738981
-1.9543131395478834,1.9543131395478834
-1.5124424885946635,1.5124424885946635
-1.9754584679318086,1.9754584679318086
-2.3675896615444767,2.3675896615444767
-1.9160611944276056,1.9160611944276056
-1.899047987493386,1.899047987493386
-2.2648502398511265,2.2648502398511265
-1.8816661905291348,1.8816661905291348
-25.0,2.128791920425755
-25.0,1.9514691897613545
-2.0648705829912757,2.0648705829912757
-1.7154869968001343,1.7154869968001343
-1.8003030971357923,1.8003030971357923
-1.9789878436988424,1.9789878436988424
2.1277183388485508,-2.1277183388485508
1.7572638996562624,-1.7572638996562624
2.098790332964036,-2.098790332964036
-1.9699188879770073,1.9699188879770073
-1.796388721508622,1.796388721508622
-2.0017015731523475,2.0017015731523475
-1.9072169271487365,1.9072169271487365
-2.0797555611904386,2.0797555611904386
1.8037018254093038,-1.8037018254093038
2.2946134354553998,-1.5534557032036338
25.0,-2.017956141017901
25.0,0.0
2.1573955165920546,-2.1573955165920546
1.7068503769868144,-1.7068503769868144
1.7867485774696972,-1.7867485774696972
1.6524669377267651,-1.6524669377267651
-2.088146033552195,2.088146033552195
-2.3825743610188876,2.3825743610188876
-1.52741835200671,1.52741835200671
-1.918855599150163,1.918855599150163
1.8192043812529657,-1.8192043812529657
-2.2937266494429096,2.2937266494429096
-2.137007288855221,2.137007288855221
2.1573955165920506,-2.13848678690894
1.9898747138553627,-1.9898747138553627
2.101024143275749,-1.9732864804716144
2.0066816336190674,-2.0066816336190674
2.0107491241048057,-2.0107491241048057
2.0,-2.0
2.0107491241048,0.0
0.0,0.0
0.0,0.0
-2.0,2.0
0.0,0.0
-2.0,2.0
-2.0,2.0
-2.0,2.0
-2.0,2.0
-25.0,2.0
-25.0,2.0
-25.0,1.0
-23.0,-2.0
0.0,0.0
0.0,0.0
0.0,0.0
0.0,0.0
2.0,-2.0
0.0,0.0
2.0,-2.0
2.0,-2.0
0.0,0.0
0.0,0.0
0.0,0.0
2.0,-2.0
25.0,-2.0
25.0,-2.0
2.0,-2.0
2.0,-2.0
2.0,-2.0
25.0,-2.0
-25.0,0.0
-2.0,2.0
-14.272499999999997,2.0
-25.0,2.0
25.0,-1.9510970248735013
25.0,-1.9534667710028906
-2.038777690830924,2.038777690830924
25.0,-1.9689139207912376e-11
-2.0458869341499266,2.0458869341499266
4.906199136101716,2.045456072562085
-2.046317800668607,2.046317800668607
-2.0540733339039536,2.0540733339039536
-2.0901200410718244,2.0901200410718244
24.999999999974662,0.0
-2.2389514254891214,2.2389514254891214
-2.2104907841889214,2.2104907841889214
-1.889070495216358,1.889070495216358
-1.9181174723691274,1.9181174723691274
-1.9569469172796117,1.9569469172796117
-1.806396193282957,1.806396193282957
-1.7984532043651962,1.7984532043651962
-1.232552639453008,1.232552639453008
-2.182540425490232,2.182540425490232
-2.208818243812914,2.208818243812914
-1.7097826873969773,1.7097826873969773
-1.8993042333019385,1.8993042333019385
-24.999999999959407,2.1563112055105513
-24.99999999998967,2.1714126672376324
-1.8255584568135177,1.8255584568135177
-1.9352789989215964,1.9352789989215964
-2.1924816267968392,2.1924816267968392
-1.6533341341330416,1.6533341341330416
-1.8101281673370462,1.8101281673370462
-1.864008582189669,1.864008582189669
-2.04647453229712,2.04647453229712
-1.8068310537807175,1.8068310537807175
-2.255133726987486,2.255133726987486
-1.6038244144139497,1.6038244144139497
-2.078897831993837,2.078897831993837
-2.0290422435479325,2.0290422435479325
2.0567167908714072,-2.0567167908714072
1.9683574295278579,-1.9683574295278579
2.0776904471865523,-2.0776904471865523
1.3492877527833338,-1.3492877527833338
2.0474237778539184,-2.0474237778539184
2.4137896447610068,-2.4137896447610068
1.8616411486234776,-1.8616411486234776
1.7612211933006288,-1.7612211933006288
1.807060160254867,-1.807060160254867
2.3656242688158393,-2.3656242688158393
1.9725867476635681,-1.9725867476635681
1.6019473823089516,-1.6019473823089516
-2.254579579647811,2.254579579647811
-1.8421084016209486,1.8421084016209486
-1.6183894009260804,1.6183894009260804
23.170815917454412,1.8291840825455878
-2.187441599939248,2.187441599939248
-2.064856855537247,2.064856855537247
-2.0172823912626594,2.0172823912626594
-2.0136772876798985,2.0136772876798985
-2.0270400458089717,2.0270400458089717
2.6220881382214127,-2.0156879972785995
2.0305803273577756,-2.0305803273577756
-1.9945511524020938,1.9945511524020938
-2.0,2.0
-2.0,2.0
-2.0,2.0
-2.0,2.0
23.0,2.0
-2.0,2.0
-2.0,2.0
-2.0,2.0
-2.0,2.0
-2.0,2.0
-25.0,2.0
-25.0,2.0
-25.0,2.0
-23.0,-2.0
1.0000000000000036,-1.9999999999999982
0.0,0.0
0.0,0.0
0.0,0.0
0.0,2.0
23.0,2.0
-24.3675,2.0
-1.9999999999999996,0.0
2.0,-2.0
2.0,-2.0
2.0,-2.0
2.0,-2.0
2.0,-2.0
2.0,-2.0
2.0,-2.0
2.0,-2.0
2.0,-2.0
2.0,-2.0
2.0,-2.0
0.0,0.0
7.26315789477284,-2.0
-2.0,2.0
-2.0435171880205387,2.0435171880205387
-2.0424400266546763,2.0424400266546763
-2.046102367409267,2.046102367409267
22.952605047827205,2.0473949521727945
22.948080983896933,2.051919016103067
22.948942707036622,2.051057292927382
25.0,0.0
0.0,0.0
0.0,0.0
0.0,0.0
-2.30426144479617,2.30426144479617
-2.1996143803532027,2.1996143803532027
-2.0057039938295,2.0057039938295
-1.707208553086204,1.707208553086204
-1.6900306167036323,1.6900306167036323
-2.2104942554991363,2.2104942554991363
0.0,0.0
-1.7282797216610053,1.7282797216610053
-1.9422493898320248,1.9422493898320248
-1.727026263099967,1.727026263099967
-1.8163367634422505,1.8163367634422505
-1.5621150443201737,1.5621150443201737
-25.0,1.9383722518962472
-25.0,1.9568402533839375
-2.244014804797244,2.244014804797244
-1.8362191660554634,1.8362191660554634
-25.0,2.202393164179796
-1.7908226333667292,1.7908226333667292
-25.0,1.8069080537527462
-2.3473084748138477,1.9932202155777048
-2.2304318835021233,2.2304318835021233
-2.5504254639765866,2.5504254639765866
2.250939753101231,-2.250939753101231
1.874797414335891,-1.874797414335891
1.7298266637219832,-2.3635673597270044
2.3511470117800366,-2.3511470117800366
1.7163504063225412,-1.7163504063225412
2.103283470676038,-2.103283470676038
-1.8702714569636818,1.8702714569636818
-1.9166847679715655,1.9166847679715655
2.0249978515745513,-2.0249978515745513
2.034009152601377,-1.7906604285076198
-2.1363069914661814,2.1363069914661814
-2.090422581905501,2.090422581905501
-1.9571551958924749,1.9571551958924749
2.522290810262879,-2.522290810262879
25.0,-2.0844055390093956
25.0,0.0
-2.1332800089592636,2.1332800089592636
-1.78540139353287,1.78540139353287
-1.6928824558315534,1.6928824558315534
-1.9753159864261916,1.9753159864261916
-1.8303532829405122,1.8303532829405122
25.0,-1.98314166083739
2.000322871296642,-2.000322871296642
25.0,-2.0288333978886577
-2.0,2.0
-2.0,2.0
-2.0,2.0
-2.0,2.0
6.992439332952962,2.0
-2.0,2.0
-2.0,2.0
-2.0,2.0
-2.0,2.0
-2.0,2.0
-2.0,2.0
-2.0,2.0
-2.0,2.0
-2.0000000000000067,2.0
-25.0,2.0
-25.0,2.0
-25.0,1.0
-25.0,0.0
2.0,-2.0
2.0,-2.0
0.0,0.0
0.0,0.0
0.0,0.0
2.0,-2.0
2.0,-2.0
2.0,-2.0
2.0,-2.0
2.0,-2.0
2.0,-2.0
2.0,-2.0
4.21606648199446,-2.0
2.0,-2.0
2.0,-2.0
2.0,-2.0
2.0,-2.0
-2.0,2.0
2.0,-2.0
2.0,-2.0
2.0,-2.0
-2.0,2.0
-2.0,2.0
-2.0,2.0
2.0,-2.0
2.0,-2.0
25.0,0.0
25.0,0.0
25.0,-2.0
7.044937096636478,-1.9978456838940897
25.0,-1.8737570666093184
1.8737570666093157,-1.8274529243630033
1.8063314217900945,-1.8063314217900945
1.7474437208466749,-1.7474437208466749
1.8274529243630033,-1.7973742580358438
0.03313207812775776,1.764242179908086
0.0,0.0
0.0,0.0
0.0,0.0
0.0,0.0
-2.254784071376803,2.254784071376803
-1.928897468452985,1.928897468452985
-2.215787372428718,2.215787372428718
-1.8641632132810368,1.8641632132810368
-1.7505712135629814,1.7505712135629814
-2.1779115911062155,2.1779115911062155
-2.1685851272812062,2.1685851272812062
-25.000000000000004,1.7684680267335828
-2.3845518465300226,1.7383692425858608
-25.0,2.0162589858967372
-25.0,1.8614555913138382
-1.8997725446072202,1.8997725446072202
-2.0034662610358573,2.0034662610358573
-1.8266661203455534,1.8266661203455534
2.2562060462700657,-2.2562060462700657
1.911848917269312,-1.911848917269312
2.018921165257491,-2.018921165257491
2.037106412749539,-2.037106412749539
-22.84688366218128,-2.1531163378187195
2.052914128318408,-2.052914128318408
0.0,0.0
1.8605240178817661,-1.8605240178817661
1.6257517343170749,-1.6257517343170749
2.0172909117513678,-2.0172909117513678
1.886165008566941,-1.886165008566941
2.1082629073917047,-2.1082629073917047
1.5890337927378875,-1.5890337927378875
1.8012296213893704,-1.8012296213893704
2.003989166583608,-2.003989166583608
1.7529001471431602,-1.7529001471431602
1.9402514930168344,-1.9402514930168344
1.7764359459701535,-1.7764359459701535
1.581628541329699,-1.581628541329699
1.921088282765306,-1.921088282765306
2.2215645793463756,-2.2215645793463756
2.0164106190383735,-2.0164106190383735
1.8238373575412157,-1.8238373575412157
2.0048815990206763,-2.0048815990206763
1.9629800667592596,-1.9629800667592596
7.278206261196321,-2.015048366459479
23.017776865596346,1.9822231344036538
22.99484465069455,2.0051553493054506
23.0,2.0
25.0,0.0
-2.0,2.0
0.0,0.0
-2.0,2.0
-2.0,2.0
-2.0,2.0
-2.0,2.0
-2.0,2.0
-22.000000000000007,2.0
-25.0,0.0
-25.0,0.0
-25.0,0.0
2.0,-2.0
2.0,-2.0
2.0,-2.0
2.0,-1.9999999999999998
0.0,0.0
0.0,2.0
-1.805,2.000000000000001
2.0,-2.0
-1.9809875000000008,1.9809875000000008
-1.9789335180055403,1.9999999999999993
-2.0,2.0
-2.0,2.0
-2.0,2.0
-1.9999999999999996,1.9999999999999996
2.0,-2.0
-1.9999999999999996,1.9999999999999996
-2.0,2.0
25.0,-2.0
25.0,-2.0
2.0,-2.0
25.0,-2.0
5.056785835450123,2.0
25.0,0.0
1.9775951136079677,-1.9775951136079677
1.9836271967938177,-1.9836271967938177
1.9862123774152558,-1.9862123774152558
1.9851352185148126,-1.9851352185148126
1.9857815133619945,-1.9857815133619945
1.9872895350829891,-1.9872895350829891
1.990305577292269,-1.990305577292269
1.9903055772922627,-1.9659618038932716
1.9659618038932898,-1.7510550976885546
1.5840060338061688,-1.5840060338061688
1.557929906496283,-1.557929906496283
-23.028449126335968,2.0462763520412466
24.99999999995416,-1.8726193249632104
1.8726193249632201,-1.5998664896222825
1.5998664896222845,-1.5998664896222845
-1.3947884247784996,1.3947884247784996
1.599866489622272,-1.599866489622272
1.59986648962228,-1.7763568394002505e-15
0.0,0.0
-25.0,1.9105998767394539
21.53792771219324,2.227919286054245
1.81797585301074,-1.81797585301074
-1.923191265607894,1.923191265607894
-25.0,1.4082160838349402
-1.916409587743665,1.916409587743665
-23.34324385848223,1.8977099551925782
-25.0,1.8330994048937228
-25.0,1.9539136232995773
-2.022699844212645,2.022699844212645
-1.8988946186966444,1.8988946186966444
-1.93848522726503,1.93848522726503
-1.9777274425173754,1.9777274425173754
1.9058372391253569,-1.9058372391253569
2.2699492789823594,-2.2699492789823594
1.9250203305172047,-1.9250203305172047
2.2948840158257413,-2.2948840158257413
1.9145862031601588,-1.9145862031601588
1.8712636205376745,-1.8712636205376745
1.6281482006596049,-1.6281482006596049
1.7773659415339464,-1.7773659415339464
2.3119628620803754,-2.3119628620803754
-2.108972001396401,2.108972001396401
-2.04955705576747,2.04955705576747
-2.108972001396401,2.108972001396401
1.4897350706142758,-1.4897350706142758
25.0,-1.7335397033567261
1.2448057333623757,-1.2448057333623757
1.8375294278745544,-1.8375294278745544
25.0,-2.2710518933359047
6.970514499142506,-2.1171384164625033
-1.8411275986985638,1.8411275986985638
1.98915404902207,-1.98915404902207
1.8587585410641108,-1.8587585410641108
1.8403478161949574,-1.8403478161949574
-2.074698296121898,2.074698296121898
-2.078281191208628,2.078281191208628
-2.037882763389639,2.037882763389639
-1.9574090798294435,1.9574090798294435
-1.9880750829693632,1.9880750829693632
-1.9838290542224084,1.9838290542224084
-2.0,2.0
-2.0,2.0
-2.0,2.0
-2.0,2.0
-2.0,2.0
-2.0,2.0
-2.0,2.0
-25.0,2.0
-2.0,2.0
-2.0,2.0
-25.0,2.0
-2.0,2.0
-1.9999999999999996,1.9999999999999996
-1.9999999999999996,0.0
0.0,0.0
0.0,0.0
0.0,0.0
0.0,0.0
2.0,-2.0
0.0,2.0
-1.805,0.0
0.0,0.0
0.0,0.0
25.0,-2.0
-16.7575,-2.0
-1.9999999999999847,1.9999999999999847
-2.0,2.0
-2.0,2.0
-2.0,2.0
-2.0,2.0
2.0000000000000018,-2.0000000000000018
-2.0,2.0
2.0,-2.0
25.0,-2.0
25.0,0.0
25.0,-2.0
-2.0,2.0
-2.0,2.0
-2.0,2.0
-2.0,2.0
-2.0,2.0
-2.0,2.0
23.0,2.0
-2.014649349458557,2.014649349458557
-2.261230456854349,2.261230456854349
2.756343936397533,2.4264507754073916
-2.2215164543638592,2.2215164543638592
1.864296700937461,-1.864296700937461
1.864296700937467,0.0
0.0,0.0
-1.7908825923613394,1.7908825923613394
-24.22777733471236,1.6652773347123606
22.813343862890164,2.1866561371098356
-2.2498308272745717,2.2498308272745717
-2.0722209245833483,2.0722209245833483
-24.28985761539679,1.7273576154386134
22.45146608447024,2.548533915483418
-1.899864060967417,1.899864060967417
-24.999999999949686,2.0294531204478474
-24.999999999998053,1.2029488516418496e-11
-2.024717622168156,2.024717622168156
-1.7816596366954496,1.7816596366954496
-2.2181055765045947,2.2181055765045947
-1.8414261313769984,1.8414261313769984
-1.9850033087266663,1.9850033087266663
-2.0472363271023415,2.0472363271023415
-1.793805435561831,1.793805435561831
-1.930900098873014,1.930900098873014
-1.6026296525528991,1.6026296525528991
-2.210293235080359,2.210293235080359
-1.4533645756301787,1.4533645756301787
-2.321375161939776,2.321375161939776
1.604406963382651,-1.604406963382651
-2.1937426591256175,2.1937426591256175
-2.5104397571910653,2.5104397571910653
-2.0917467289654503,2.0917467289654503
-1.215431506328489,1.215431506328489
-2.222778591200436,2.222778591200436
1.3735149734902983,-1.3735149734902983
1.6010360055908546,-1.6010360055908546
-1.4619967774123186,1.4619967774123186
1.7254843702174805,-1.7254843702174805
-2.700186622686301,2.700186622686301
-2.917532297827611,2.917532297827611
-1.7522222949303892,1.7522222949303892
-2.173598961525361,2.173598961525361
-1.8897783269264323,1.8897783269264323
-2.41182425203237,2.41182425203237
2.1194099156373163,-2.1194099156373163
1.9171298846131435,-1.9171298846131435
1.8085620147297652,-1.8085620147297652
1.969256518596733,-1.969256518596733
-1.9781824664459529,1.9781824664459529
-2.0,2.0
-2.0,2.0
2.0,-2.0
25.0,0.0
25.0,-2.0
5.152960531288414,-1.9999999999999143
2.0,-2.0
2.0,-2.0
2.000000000000006,-2.000000000000006
-2.0,2.0
-25.0,2.0
-2.0,2.0
-2.0,2.0
-24.19499999999999,2.0
-25.0,2.0
-25.0,2.000000000000007
-2.000000000000006,0.0
0.0,0.0
0.0,0.0
0.0,0.0
0.0,0.0
0.0,0.0
0.0,0.0
0.0,0.0
9.260494312244381,-2.0
25.0,-2.0
25.0,0.0
2.0,-2.0
-2.0,2.0
-2.0,2.0
-2.0,2.0
-2.0,2.0
-2.0,2.0
25.0,-2.0
23.0,2.0
2.0,-2.0
2.0,-2.0
2.0,-2.0
2.0,-2.0
2.0026635824924566,-1.946435930787612
1.9383865611892017,-1.9383865611892017
1.9405408740592498,-1.9405408740592498
1.9459266660960464,-1.9459266660960464
1.9443682218198575,-1.9491581403319607
1.951743319720685,-1.951743319720685
-2.046533228997109,2.046533228997109
-2.3295154380029937,2.0954362090544443
-2.2779831629746825,2.2779831629746825
1.5583096204976856,-1.5583096204976856
1.5394959869634248,-1.5394959869634248
2.211110886422668,-2.211110886422668
0.1260984992730796,2.085012387149598
0.0,0.0
-1.7188756267166587,1.7188756267166587
-1.8140438052588408,1.8140438052588408
-2.6516084763992804,2.6516084763992804
-1.9794397451740178,1.9794397451740178
-23.84063026722684,1.7379634148644385
-25.0,1.9776668523754495
23.06032569118525,1.939674308800285
23.00803198068871,1.9919680193112903
-25.0,1.8804651171949658
-25.0,0.0
-2.271553655448704,2.271553655448704
-1.9775557704485927,1.9775557704485927
-23.53874050363131,1.9137562444452705
-25.0,1.82181385981319
-1.9723090428464225,1.9723090428464225
-2.077294717822115,2.077294717822115
-1.7710323782610242,1.7710323782610242
-1.8855250251928748,1.8855250251928748
-1.925098592783856,1.925098592783856
-1.9767611559831586,1.9767611559831586
-1.7642134627054045,1.7642134627054045
-2.0454097867822796,2.0454097867822796
-1.9370070802610329,1.9370070802610329
-2.077294717822115,2.1086166654599126
-2.0834768057402293,2.0834768057402293
22.485705826151033,2.5142941738236217
1.8972416438872965,-1.8972416438872965
24.999999999984354,-2.3468545789131525
25.0,-1.8971520209690347
25.0,-1.7685153627819616
1.423086545645937,-1.423086545645937
1.5622804049158407,-1.5622804049158407
1.5316388340800557,-1.5316388340800557
1.7072170735749115,-1.7072170735749115
2.413261374461114,-2.413261374461114
-2.1418383665059304,2.1418383665059304
2.3681854646067224,-2.3681854646067224
-2.025256937546004,2.025256937546004
1.7514024345724928,-1.7514024345724928
1.5050239830929268,-1.5050239830929268
1.9366127709780492,-1.9366127709780492
-1.998058393635672,1.998058393635672
2.0295978405540875,-2.0295978405540875
-2.0344282476107796,2.0344282476107796
-2.0123378254359636,2.0123378254359636
1.9664438081367144,-1.9664438081367144
8.942646311109316,-2.000000000000006
2.000000000000006,-2.000000000000006
2.0,-2.0
-2.0,2.0
0.0,2.0
0.0,0.0
-2.0,2.0
-25.0,2.0
-2.0,2.0
-2.9999999999999982,2.0
-25.0,2.0
-25.0,2.0
-25.0,0.0
0.0,0.0
2.0,-2.0
0.0,0.0
0.0,0.0
0.0,0.0
0.0,0.0
23.0,2.0
-22.5625,0.0
2.0,-2.0
0.0,0.0
0.0,0.0
0.0,0.0
0.0,2.0
-1.8050000000000002,2.0
23.0,2.0
2.0,-2.0
-1.9999999999999847,1.9999999999999847
2.0,-2.0
-2.0,2.0
-24.5434875,2.0
-2.0,2.0
2.0,-2.0
2.0616984714600055,-1.9999999999999998
-2.055682870492655,2.055682870492655
-2.053420516173959,2.053420516173959
22.95001986350764,2.0499801364923584
25.0,-1.9655309423054312
25.0,-1.9735019112655365
8.909991876188712,-1.9855660813353646
25.0,-1.9935370509118258
1.9935370509118326,-1.9358013768696352
-0.33937114906256693,2.2751725259322018
-2.4107737073320434,2.4107737073320434
-2.210638472659859,2.210638472659859
-20.636053592132008,-1.9264464078679921
25.0,-2.137978269547567
0.2916897792812225,1.8462884902663461
-1.524111140093396,1.524111140093396
-1.3307023578956674,1.3307023578956674
-2.7049827111079185,2.7049827111079185
-2.2412402812150045,2.2412402812150045
-1.4605842697287308,1.4605842697287308
-2.002970179248866,2.002970179248866
-2.0797972169130112,2.0797972169130112
-24.999999999953364,2.121001038010114
-25.0,2.0398051986543777
-25.0,6.458833468059311e-12
-24.1608062367176,2.297283637904826
-1.759719693846085,1.7065701475804187
-1.960771669988521,1.960771669988521
-1.8557935687805642,1.8557935687805642
-2.2441340916391574,2.2441340916391574
-1.6293189789228109,1.6293189789228109
-1.9659350861455476,1.9659350861455476
-1.8871697950871678,1.8871697950871678
2.037261043840905,-2.037261043840905
-2.018954616065013,2.018954616065013
2.0751122104182524,-2.0751122104182524
-1.9180878084454793,1.9180878084454793
-1.8601245016334609,1.8601245016334609
-2.1071094856795707,2.1071094856795707
-2.146006463352405,2.146006463352405
1.6805416324458582,-1.6805416324458582
1.7705539685987546,-1.7705539685987546
-1.9240452079206278,1.9240452079206278
-2.0686227537593407,2.0686227537593407
1.7896518551035232,-1.7896518551035232
-2.112111959272114,2.112111959272114
-2.2169246998844034,2.2169246998844034
-2.2441340916391574,2.2441340916391574
25.0,-1.8353065270427393
-2.2454494026367406,2.2454494026367406
-2.033130184685821,2.033130184685821
-1.5153381924607485,1.5153381924607485
1.146980044306102,1.4649092066821634
-2.0164877767972262,2.0164877767972262
-2.4020264789523478,2.4020264789523478
-2.205732367372471,2.205732367372471
-2.155420301633379,2.155420301633379
-1.9060961870333362,1.9060961870333362
-1.9963967208274371,1.9963967208274371
22.94341350406717,2.05658649593283
22.94824744160414,2.0517525583958616
23.0,2.0
-2.0,2.0
2.0,-2.0
2.000000000000006,0.0
-2.0,2.0
-2.0,2.0
-2.0,2.0
-25.0,2.0
-2.0,2.0
-2.9999999999999982,2.0
-25.0,2.0
-25.0,2.0
-25.0,2.0
-1.9999999999999996,0.0
2.0,-2.0
0.0,0.0
0.0,0.0
0.0,0.0
0.0,0.0
0.0,2.0
0.19500000000001627,-2.000000000000016
2.0,-2.0
2.0,-2.0
25.0,0.0
-22.5625,2.0
-1.9999999999999996,1.9999999999999996
-2.0,2.0
-2.0,2.0
-2.0,2.0
-2.0,2.0
-2.0,2.0
-2.0,2.0
-1.9749359339042964,2.0
-2.0,2.0
-2.0,2.0
-2.0,2.0
-2.0226203196513723,2.0226203196513723
-2.0226203196513723,2.0221894555981113
1.9771642495547066,-1.9771642495547066
1.9739327753187963,-1.9739327753187963
22.971563026723988,2.028436973276012
25.0,0.0
25.0,0.0
-2.1055614884191787,2.1055614884191787
-2.3453231985780807,2.3453231985780807
4.618578525979467,-1.5960737676394317
-2.1894134619278307,2.1894134619278307
-2.1135863193922484,2.1135863193922484
-2.0092097015723445,2.0092097015723445
23.111875910177538,1.8881240898224618
-1.8970163242970202,1.8970163242970202
-1.4746607482216039,1.4746607482216039
-1.4069651498631508,1.4069651498631508
-1.6330402234725998,1.6330402234725998
0.0,0.0
0.0,0.0
-2.3321671498225562,2.3321671498225562
-2.020374066369028,2.020374066369028
-24.999999999951157,2.001000368489045
-25.0,0.0
-1.8757580205442999,1.8757580205442999
-2.0107269797096734,2.0107269797096734
-21.718887587007064,2.0303872184691656
-1.7599052511557325,1.7599052511557325
-1.9911797163189746,1.9911797163189746
-1.7693939198398478,1.7693939198398478
-2.086661575075073,2.086661575075073
-1.7585015795345083,1.7585015795345083
1.7310662370421674,-1.7310662370421674
2.2750066623910232,-2.2750066623910232
1.910755770125446,-1.910755770125446
2.0296159564542684,-2.0296159564542684
-2.218244428913172,2.218244428913172
-2.048312433268797,2.048312433268797
-2.0640734439365973,2.0640734439365973
-2.4904102972542264,2.4904102972542264
-2.183211966229882,2.183211966229882
1.850659185399877,-1.850659185399877
2.1160881873358326,-2.1160881873358326
1.8000209742874622,-1.8000209742874622
-2.0185260670403675,2.0185260670403675
1.8615237552235016,-1.8615237552235016
-2.30297090633057,2.30297090633057
-2.1883324643697133,2.1883324643697133
1.8349234206245413,-1.8349234206245413
2.0606223304362157,-2.0606223304362157
2.30839498632733,-2.30839498632733
2.5027621657178756,-2.5027621657178756
-1.9539240372302191,1.9539240372302191
1.6430757813023067,-1.6430757813023067
-2.219039674525915,2.219039674525915
23.021261538382692,1.9787384616173078
-1.9362356604593076,1.9362356604593076
-1.999365482460271,1.999365482460271
25.0,0.0
25.0,0.0
-2.0,2.0
0.0,0.0
-2.0,2.0
-2.0,2.0
-2.0,2.0
-2.0,2.0
-2.0,2.0
-25.0,2.0
-2.0,2.0
-2.0,2.0
-25.0,2.0
-25.0,2.0
-25.0,2.0
-2.999999999999998,0.0
0.0,0.0
0.0,0.0
0.0,0.0
0.0,0.0
2.0,-2.0
0.0,0.0
0.0,0.0
0.0,0.0
2.0,-2.0
0.0,0.0
0.0,0.0
0.0,0.0
0.0,0.0
0.0,0.0
0.0,0.0
0.0,0.0
2.0,-2.0
2.0,-2.0
2.0,-2.0
2.0,-2.0
2.0,-2.0
25.0,-2.0
2.0,-2.0
-2.0,2.0
25.0,-2.0
25.0,-2.0
25.0,-2.0
13.263157894736851,-2.0
0.0,2.000000000000006
-2.046317800668607,2.046317800668607
0.0,0.0
-2.295458675453045,2.295458675453045
-2.094823729896823,2.094823729896823
-1.9151580226245613,1.9151580226245613
-1.7872238313954085,1.7872238313954085
-1.6056932416038983,1.6056932416038983
-2.339313630832949,2.339313630832949
-24.691183363088136,2.1286833630881397
25.0,0.0
0.0,0.0
-2.218291133814237,2.218291133814237
-1.9766677461810307,1.9766677461810307
-1.9700034617167752,1.9700034617167752
-1.5134744144492966,1.5134744144492966
-1.8662693518601827,1.8662693518601827
-24.99999999996,1.3411494137471891e-11
-2.299314669953885,2.299314669953885
-1.7670018715284996,1.7670018715284996
-1.7564251048790105,1.7564251048790105
-2.211834496815534,2.211834496815534
-2.2196222234946124,2.2196222234946124
-1.808706823591093,1.808706823591093
-1.9490260185177615,1.9490260185177615
1.7684118546228422,-1.7684118546228422
2.283191380729164,-2.283191380729164
-1.9794151304288672,1.9794151304288672
-2.100296250449757,2.100296250449757
2.02053879581738,-2.02053879581738
-2.08003831518608,2.08003831518608
-1.6117465754704234,1.6117465754704234
-2.373565364291661,2.373565364291661
-1.623276374560584,1.623276374560584
1.8370447067391673,-1.8370447067391673
2.094901834376646,-2.094901834376646
-2.2021394429604904,2.2021394429604904
1.635227780054958,-1.635227780054958
1.987698307747631,-1.987698307747631
1.6036110866225952,-1.6036110866225952
1.6075715360035208,-1.6075715360035208
2.28066742262967,-2.28066742262967
1.7505825742145928,-1.7505825742145928
2.3238801856199194,-2.3238801856199194
2.159907482892626,-2.159907482892626
2.5650781799650417,-2.5650781799650417
-1.900131036280266,1.900131036280266
1.802398821784297,-1.802398821784297
2.0048091058349216,-2.0048091058349216
-1.9045884155523887,1.9045884155523887
-1.989534488473068,1.989534488473068
-2.0000000000000013,2.0000000000000013
-2.003151210723018,2.003151210723018
-2.0221894555981113,2.0221894555981113
0.7008310248715657,2.0
-2.0,2.0
-2.0,2.0
2.0,-2.0
25.0,0.0
0.0,0.0
-2.0,2.0
-3.0000000000000018,2.0
-2.0,2.0
-2.0,2.0
-25.0,2.0
-25.0,2.0
-25.0,2.0
-25.0,2.0
-2.000000000000003,2.000000000000003
-2.000000000000003,0.0
0.0,0.0
0.0,0.0
0.0,0.0
2.0,-2.0
2.0,-2.0
0.0,0.0
0.0,2.0
-1.805,2.0
-1.9789335180055496,2.0
-1.9999999999999916,1.9999999999999916
-1.9999999999999991,1.9999999999999991
-2.0,2.0000000000000013
-2.0,2.0
-2.0,2.0
-2.0,2.0
23.0,2.0
25.0,-2.0
25.0,-2.0
25.0,-2.0
9.047091412742391,-2.0
2.000000000000006,-2.0
-2.0,2.0
-2.0,2.0
-2.0,2.0
-2.0,2.0
-2.0,2.0
-2.0,2.0
-2.0,2.0
-2.0786416059086394,2.0786416059086394
-2.1188702057923976,2.1188702057923976
2.000000000000006,-2.000000000000006
2.000000000000006,0.0
-1.9926278838256741,1.9926278838256741
-1.6914642678221612,1.6914642678221612
-1.5356743899910739,1.5356743899910739
-1.946018286003849,1.946018286003849
0.0,0.0
0.0,0.0
-2.2088021495564654,2.2088021495564654
-2.1912161764368783,2.1912161764368783
0.0,0.0
-2.108410280288987,2.108410280288987
-1.4897912427250173,1.4897912427250173
-1.2266362645531217,1.2266362645531217
-2.634760630060728,2.634760630060728
-2.773189639772422,1.8648448523776728
-25.0,1.9083447873947463
-1.5866799288388975,1.5866799288388975
-2.2330227432166554,2.2330227432166554
-1.8405620907072784,1.8405620907072784
-1.7767291138964403,1.7767291138964403
-1.8088425202631102,1.8088425202631102
-2.157242147795311,2.157242147795311
-1.6799262638169523,1.6799262638169523
-1.938465661698376,1.938465661698376
2.358359763258158,-2.358359763258158
2.0398329691360884,-2.0398329691360884
-1.9650988159575444,1.9650988159575444
-1.5615394379719012,1.5615394379719012
-2.064310124178485,2.064310124178485
1.5976688346829295,-1.5976688346829295
2.356284550897284,-2.356284550897284
1.9134678101238247,-1.9134678101238247
-1.8351462156255707,1.8351462156255707
2.2093591370590406,-2.2093591370590406
-2.0601073142298674,2.0601073142298674
-2.0705540645331464,2.0705540645331464
-1.9290631446223072,1.9290631446223072
-1.9308126849703422,1.9308126849703422
-2.5323064869522662,2.5323064869522662
-1.3297089320270503,1.3297089320270503
-2.1406985144609996,2.1406985144609996
-1.613076087282523,1.613076087282523
-2.098146641599515,2.098146641599515
-2.07365429957493,2.07365429957493
-2.091296316603461,2.091296316603461
-1.974900575620391,1.974900575620391
-2.0,2.0
2.0,-2.0
2.0,-2.0
-2.0,2.0
-2.0,2.0
-2.0,2.0
-2.0,2.0
-2.0,2.0
-2.0,2.0
-2.0,2.0
-2.0,2.0
-2.0,2.0
-2.0,2.0
-25.0,2.0
-25.0,2.0
-25.0,2.0
-1.9999999999999996,1.9999999999999996
-1.9999999999999996,0.0
2.0,-2.0
0.0,0.0
0.0,0.0
0.0,2.0
-1.7839335180055393,1.9999999999999991
-2.0,2.0
-1.9999999999999996,1.9999999999999996
-2.0,2.0
-2.0,2.0
-2.0,2.0
-2.0,2.0
-2.0,2.0
-2.0,2.0
-2.0,2.0
-2.000000000000001,2.000000000000001
-2.0,2.0
-2.0,2.0
-2.0,2.0
-2.0,2.0
-2.0,2.0
-1.9947079014729339,2.0
-2.0,2.002585179388728
-2.007109243319004,2.007109243319004
-2.0071092433190043,2.009263559270825
-2.0090535134655227,2.0116333072492774
-2.011381777355361,2.011381777355361
1.9700550037702846,-1.9700550037702846
2.1939873094198505,-1.9569136735673034
1.8483361392407156,-1.8483361392407156
1.5792163751977888,-1.5792163751977888
-2.113124950707395,2.113124950707395
-1.857542162407635,1.857542162407635
-2.2253407337122844,2.2253407337122844
24.99999999999934,6.608047442568932e-13
25.0,-1.9569197779452097
24.999999999966015,-1.9681245361698423
8.973075513980184,-2.250624810592692
25.0,-1.9727300181033236
1.9727300181033283,-1.1102230246251565e-15
-2.478869137512455,2.478869137512455
-20.60305641858639,-2.095248965398085
25.0,-2.1126623197279173
2.263139199489113,-2.263139199489113
1.8765576841882246,-1.8765576841882246
2.0657150580943338,-2.0657150580943338
1.788547978455357,-1.788547978455357
2.1803907377465794,-2.1803907377465777
2.263139199489104,-2.263139199489104
2.259201471411399,-2.259201471411399
-22.90176949470144,-2.0982305052985595
-25.0,0.0
-25.0,0.0
-15.975725472403658,-1.9817914000574195
1.7779131462531916,-1.7779131462531916
1.801902424423643,-1.801902424423643
2.011310159825686,-2.011310159825686
2.1023380120031083,-2.1023380120031083
1.9199818815278933,-1.9199818815278933
2.0618170922972663,-2.0618170922972663
2.293186229557265,-2.293186229557265
1.7755589667805456,-1.7755589667805456
2.4139669971555957,-2.4139669971555957
1.8039511285974266,-1.8039511285974266
1.6069668968789115,-1.6069668968789115
1.7266930173193886,-1.7266930173193886
1.8826520426300117,-1.8826520426300117
2.0326445168294693,-2.0326445168294676
1.2495178791915382,-1.2495178791915382
2.0579655158276093,-2.0579655158276093
1.500976119809331,-1.500976119809331
0.0,0.0
2.5203509790003658,-2.5203509790003658
1.5436719731512967,-1.5436719731512967
0.0,0.0
1.8612891262103766,-1.8612891262103766
1.9560009063527852,-1.9560009063527852
4.211175933187984,-1.9391397861973334
-1.9819087342873352,1.9819087342873352
-2.050512622659062,2.050512622659062
-2.0057424247837763,2.0057424247837763
-2.0006268476206404,2.0006268476206404
-2.0,2.0
-2.0,2.0
-2.0,2.0
2.0,-2.0
2.0,-2.0
2.0,-2.0
2.0,-2.0
-2.0,2.0
-2.0,2.0
-2.0,2.0
-2.0,2.0
2.0,-2.0
-2.0505126226590624,4.440892098500626e-16
2.0,-2.0
1.9999999999583662,-1.9999999999583662
2.0,-2.0
0.0,0.0
2.0,-2.0
2.0,-2.0
2.0,-2.0
2.0,-2.0
2.0,-2.0
2.0,-2.0
0.0,0.0
0.0,0.0
0.0,0.0
2.0,-2.0
0.0,0.0
0.0,2.0
-1.8049999999999957,1.9999999999999998
-1.9809874999999995,2.0
25.0,0.0
25.0,-2.0
25.0,-2.0
25.0,-2.0
9.04914539473685,-1.9999999999999991
2.000000000000006,-1.9498044351791388
1.9497301087261667,-1.9610068759097359
1.9622994680695192,-1.9622994680695192
1.9579482880108614,-1.9655309423054295
1.9655309423054295,-1.9655309423054295
1.970701301082886,-1.970701301082886
1.9707013010828913,-1.9685469832819995
1.792323935587731,-1.792323935587731
1.9685469832819835,-1.567409186864138
1.567409186864157,-1.6860630669154497
1.6988816301342866,-1.882772907340203
1.8965605706777093,-1.9012068268730609
1.907787484318514,-1.907787484318514
1.9077874843185132,-2.056514823731665
2.0725823202333666,-2.0725823202333666
-2.248514253982364,2.248514253982364
0.002185411380843716,2.0703969088525307
0.0,0.0
0.0,0.0
-3.6860305242026783,2.0381427566353523
1.8259144238973093,-1.8259144238973093
1.8259144238973164,-1.8259144238973164
1.8259144238973128,-1.8259144238973128
1.8259144238973173,-1.8259144238973173
1.8259144238973142,-1.8259144238973142
-1.9103814997696063,1.9103814997696063
1.825914423897319,-2.0964064895677392
-17.555902226596828,-2.0029392530305934
-25.0,0.0
-25.0,1.7046432548377943
-25.0,1.7574481946712766
-1.9848701366438979,1.9848701366438979
1.7951857547325192,-1.7951857547325192
2.0514833173627824,-2.0514833173627824
0.04317552529885815,-2.0280456619427563
1.839865304075162,-1.839865304075162
2.1191227436104914,-2.1191227436104914
1.8208879667069287,-1.8208879667069287
2.0234679504909874,-2.0234679504909874
1.9879886355110141,-1.9879886355110141
1.8580669613973146,-1.8580669613973146
1.9996364591484603,-1.9996364591484603
1.8493325137506798,-1.8493325137506798
4.358322526405965,-1.5822259222602217
1.9810327609887546,-1.9810327609887546
2.329255667273679,-2.329255667273679
1.862730508883475,-1.862730508883475
1.449861076902927,-1.449861076902927
2.1278199535657345,-2.1278199535657345
2.040718468814406,-2.040718468814406
-1.9314154306530167,1.9314154306530167
-1.8314161350134173,1.8314161350134173
-2.5054271852415337,2.5054271852415337
-1.926069612922908,1.926069612922908
-1.9616807587976128,1.9616807587976128
22.914145760953357,2.0858542390466397
23.039244118555946,1.9607558814440544
6.483480817778726,-1.9964195271876202
-1.9663504858569638,1.9663504858569638
-1.9711347217758433,1.9711347217758433
25.0,-2.0
25.0,-2.0
-2.0,2.0
-2.0,2.0
-2.0,2.0
-2.0,2.0
2.0,-2.0
-22.195000000000007,2.000000000000007
-2.0,2.0
-2.0,2.0
2.0,-2.0
-25.0,2.0
-25.0,0.0
-25.0,0.0
0.0,0.0
2.0,-2.0
2.0,-2.0
2.0,-2.0
0.0,2.0
-1.8049999999999995,2.0
-1.9809875,1.9809875
-1.9809875,0.0
0.0,0.0
0.0,0.0
0.0,0.0
0.0,0.0
0.0,0.0
0.0,0.0
0.0,0.0
2.0,-2.0
2.0,-2.0
25.0,-2.0
-2.0,2.0
-2.0,2.0
-2.0,2.0
23.0,2.0
-2.020896865903747,2.020896865903747
22.978456836775877,2.02154316321635
22.983842628775164,2.0161573711795526
7.263157894789908,-1.9952605043512737
1.995260504351267,-1.990951872139451
1.9909518721394461,-1.985566081335364
1.985566081335369,-1.9784568367836517
1.8655706717861298,-1.8655706717861298
1.6299593370405918,-1.6299593370405918
1.5549347969286054,-1.5549347969286054
1.8735146074248572,-1.8735146074248572
1.978456836783666,-1.9886453442888383
1.9897460417755342,-1.959931612916647
1.9599316129166615,-1.9599316129166615
1.9599316129166535,-1.9599316129166535
-1.5597053238840974,1.5597053238840974
1.9599316129166473,6.8833827526759706e-15
0.0,0.0
0.0,0.0
0.0,-2.187128235298987
0.21442844492093194,2.208982342113957
-2.143490710167965,2.143490710167965
0.0,0.0
-24.99999999996562,-1.446309738639684e-11
2.030768431445436,-2.030768431445436
-1.7869688478814805,1.7869688478814805
-2.0240921551822613,2.0240921551822613
-25.000000000000004,1.6264769225782203
-23.745272731901167,2.1187958093030304
-1.8174980744957807,1.8174980744957807
-1.988374897665775,1.988374897665775
-1.7759300813998244,1.7759300813998244
-25.0,2.2746494330125984
-1.7301182537799917,1.7301182537799917
-1.8277220297980303,1.8277220297980303
-2.0405442721563762,2.0405442721563762
-1.9856937838856688,1.9856937838856688
1.6499732746982332,-1.6499732746982332
1.996128542390025,-1.996128542390025
2.059762076650368,-2.059762076650368
2.0204529597829897,-2.0204529597829897
1.2569553191126266,-1.2569553191126266
-2.056946528492868,2.056946528492868
24.99999999997445,-1.7742613279076878
-1.538845905232372,1.538845905232372
1.529782629836343,-1.529782629836343
-2.6832706124380863,2.6832706124380863
-1.9246561585183528,1.9246561585183528
-1.999276074033479,1.999276074033479
-2.1302088461405226,2.1302088461405226
22.1329323477194,2.8670676522259164
23.529442971599078,1.470557028400922
-1.8581912974177186,1.8581912974177186
-2.2522645313084912,2.2522645313084912
-2.3789190713631703,2.3789190713631703
22.859079223068512,2.1409207769314875
2.039574430487695,-2.039574430487695
4.51703203933131,0.0
-2.0,2.0
0.0,0.0
-2.0,2.0
0.0,0.0
-2.0,2.0
-2.0,2.0
-2.0,2.0
-2.0,2.0
-2.0,2.0
0.0,0.0
0.0,0.0
0.0,0.0
-24.000000000000007,2.0
-25.0,2.0
-23.0,-2.0
-23.0,-2.0
0.0,0.0
0.0,0.0
0.0,0.0
0.0,0.0
0.0,0.0
0.0,0.0
2.0,-2.0
2.0,-2.0
0.0,0.0
2.0,-2.0
0.0,0.0
0.0,0.0
2.0,-2.0
0.0,0.0
0.0,2.0
-1.7839335180055402,2.0
-2.0,2.0
23.0,2.0
2.0,-2.0
2.0,-2.0
-2.0,2.0
25.0,-2.0
2.0,-2.0
2.0,-2.0
7.047091412771195,-1.9999999999999991
2.0,-2.0
-1.9999999999999847,1.9999999999999847
2.0,-2.0
-2.007540106139554,2.007540106139554
-2.2307272604439987,2.2307272604439987
-2.4417302995697794,2.4417302995697794
22.73828750898019,2.2617124909910054
-2.2677412101123737,2.2677412101123737
-1.8895302860329322,1.8895302860329322
22.82134933539178,2.17865066460822
-1.546414623794293,1.546414623794293
-23.94543989629593,1.3829398962959303
-1.693090103297104,1.693090103297104
23.10213415142143,1.8978658485785687
-2.2212385917598816,2.2212385917598816
0.0,0.0
-2.2007124188887346,2.2007124188887346
-1.9680822492999557,1.9680822492999557
-2.1860742192884484,2.1860742192884484
0.0,0.0
-23.137460728751975,-1.8625392712480249
-2.3330292970503415,2.3330292970503415
-1.858946149602513,1.858946149602513
2.254509522296212,-2.254509522296212
-1.7785449247122038,1.7785449247122038
-2.062967042699187,2.062967042699187
-1.6743071593008736,1.6743071593008736
-1.892567366896838,1.892567366896838
-1.904210141355792,1.904210141355792
-2.316559507951496,2.316559507951496
2.2143811762182484,-2.2143811762182484
-1.7556759330200205,1.7556759330200205
1.957327499108568,-1.957327499108568
-2.1511301172287967,2.1511301172287967
-1.828047701810866,1.828047701810866
-2.240835084640894,2.240835084640894
-2.3176173108459084,2.3176173108459084
-2.1309359278436037,2.1309359278436037
-2.1997959929921445,2.1997959929921445
-2.2361159961913035,2.2361159961913035
-2.1858615226444043,2.1858615226444043
1.9028266664485427,-1.9028266664485427
1.9570983926344203,-1.9570983926344203
-2.1923642333968614,2.1923642333968614
0.36272919693624583,2.3381018279944965
-1.7386639883804262,1.7386639883804262
-2.7337545080327885,2.7337545080327885
3.0223570302388234,-3.0223570302388234
2.006947354033551,-2.006947354033551
1.9007596590027203,-1.9007596590027203
1.8799284841931934,-1.8799284841931934
1.928982121086167,-1.928982121086167
2.007701614517741,-2.007701614517741
1.9800793069614047,-1.9800793069614047
1.9937524829384552,-1.9937524829384552
2.035780821801435,-2.035780821801435
2.0,-2.0
-2.0,2.0
-2.0,2.0
-2.0,2.0
-2.0,2.0
23.0,2.0
-2.0,2.0
-2.0,2.0
-3.000000000000015,2.0
-2.0,2.0
-25.0,2.0
-25.0,2.0
-25.0,2.0
-25.0,2.0
-1.9999999999999996,0.0
0.0,0.0
0.0,0.0
0.0,0.0
0.0,0.0
0.0,0.0
23.0,2.0
-22.5625,2.0
-2.0,2.0
-2.0,2.0
-2.0,2.0
-2.0,2.0
-2.0,2.0
-2.0,2.0
23.0,2.0
-2.0,2.0
-24.5625,2.0
-1.9999999999999996,1.9999999999999996
23.0,2.0
-2.0,2.0
-24.5625,2.0
-2.0,2.0
23.0,2.0
-24.124999999999993,1.9999999999999893
-2.0,2.0
2.0,-2.0
23.0,2.0
-25.0,2.0
-1.9999999999999996,1.9999999999999996
22.993752482938454,2.0062475170615457
25.0,-5.729461349801568e-11
25.0,-3.438671569711005e-11
22.973527630518486,2.026472369481514
-2.0676531537017393,2.0676531537017393
1.4203263715080534,1.6267650413260122
-2.1315541366354154,2.1315541366354154
-1.8906720315198005,1.8906720315198005
-24.220950845389005,1.6584508453890052
1.8879088685891716,-1.8879088685891716
25.0,-2.2922029020456343
2.2922029020456316,5.329070518200751e-15
0.0,0.0
0.0,-1.932507631075917
2.14128269371293,0.0
0.0,0.0
-1.938403178114518,1.938403178114518
-22.77457753271085,-2.2254224672891496
-2.108693034284629,2.108693034284629
2.1724925602879486,-2.1724925602879486
-1.9035600596247395,1.9035600596247395
-1.8297189798922524,1.8297189798922524
2.009213488456215,-2.009213488456215
1.973679894807434,-1.973679894807434
-2.011495085988014,2.011495085988014
-2.031777004849533,2.031777004849533
2.1607349170182664,-2.1607349170182664
2.1105568122960827,-2.1105568122960827
2.1565037054406213,-2.1565037054406213
1.9868412096983405,-1.9868412096983405
-2.31172996872236,2.31172996872236
-1.6039544307601599,1.6039544307601599
1.6230813500412662,-1.6230813500412662
1.6945587830914324,-1.6945587830914324
-1.8681968757501188,1.8681968757501188
-2.1292520268159842,2.1292520268159842
-2.0187008948457077,2.0187008948457077
-2.39005408780986,2.39005408780986
-25.0,1.706015369093432
-2.19473040466843,2.19473040466843
-3.155046916461645,3.155046916461645
-1.1697888261881912,1.1697888261881912
2.3722374303478455,-2.3722374303478455
-1.9114623395408943,1.9114623395408943
-1.780481284664503,1.780481284664503
-2.2074188324360433,2.2074188324360433
-2.0788096291570266,2.0788096291570266
-1.9872609226606224,1.9872609226606224
-1.9281804062134786,1.9281804062134786
-2.0465840955257613,2.0465840955257613
-1.9996938742542154,2.025114804088237
-1.9534188777697774,1.9749620409861257
-1.935076305099547,1.935076305099547
-1.9753925943965693,1.9861641760047435
-2.0,2.0
23.0,2.0
1.453604636595259,2.0000000000000115
-2.0,2.0
23.0,2.0
0.0,0.0
-2.0,2.0
-25.0,2.0
-0.8919667590027685,2.0
-2.0,2.0
-25.0,2.0
-25.0,0.0
-23.0,-2.0
2.0,-2.0
0.0,0.0
0.0,0.0
2.0,-2.0
2.0,-2.0
0.0,0.0
0.0,2.0
0.1949999999999965,-1.9999999999999964
2.0,-2.0
2.0,-2.0
0.0,0.0
0.0,2.0
-1.805,2.0
-1.9809875,1.9809875
-1.9809875,1.9809875
-1.9809875,1.9809875
-1.9809875,1.9809875
2.0,-2.0
25.0,-2.0
-2.0,2.0
-2.0,2.0
25.0,-2.0
23.0,2.0
-2.0,2.0
-2.0,2.0
-2.0,2.0
9.068157894736853,-2.000000000000001
-2.0,2.0
-2.0,2.0
-2.016372803206182,2.016372803206182
1.703996979713966,-1.703996979713966
25.0,0.0
-2.1900431891580805,2.1900431891580805
-2.0445429059496587,2.0445429059496587
0.0,-2.0271904573354016
2.246194412559997,-2.201170631837029
2.201170631837031,-2.201170631837031
1.6924299232090707,-1.491332504460192
1.7779346052617893,-1.7779346052617893
2.0000732130881573,-2.0000732130881573
2.000073213088157,-1.9375473423598515
1.9375473423598457,-2.1126503279289954
-19.07013877035942,-1.755076343073906
25.0,-1.8961977262337442
2.1027955938040934,-2.1027955938040934
2.1027955938040854,-2.1027955938040854
1.5515733276477022,-1.6975340115187918
-1.937500006311474,1.937500006311474
2.264524883411944,-2.264524883411944
2.1349847378481686,-2.1349847378481686
2.1613446053213696,-2.1613446053213696
-2.0791667007486208,2.0791667007486208
-2.0695536960440997,2.0695536960440997
-1.8504269231891701,1.8504269231891701
-1.550743032057941,1.550743032057941
-2.3793163785958855,2.3793163785958855
2.052679972665768,-2.052679972665768
-1.9820583753702676,1.9820583753702676
-2.1404157604653564,2.1404157604653564
-2.0999800456465927,2.0999800456465927
-1.7780071872026353,1.7780071872026353
-2.1178320473580623,2.1178320473580623
-2.196504559761622,2.196504559761622
-2.235685553724724,2.235685553724724
1.9160889649093207,-1.9160889649093207
-1.489508488729375,1.489508488729375
-2.0811232574148955,2.0811232574148955
1.4454285293328484,-1.4454285293328484
1.7602088330126602,-1.7602088330126602
1.9708075433918824,-1.9708075433918824
2.2645248834119442,-2.2645248834119442
1.675880925122601,-1.675880925122601
1.7547153268116125,-1.7547153268116125
2.264524883411944,-2.264524883411944
-1.6127875592751422,1.8319879544778188
-2.0230258317991403,2.0230258317991403
2.0420082183458668,-2.0420082183458668
1.9839701205774118,-1.9839701205774118
1.9519052533836818,-1.9519052533836818
1.9717747076153274,-1.9717747076153274
2.0066818283871832,-2.0066818283871832
2.045324488209272,-2.045324488209272
1.9885206655751668,-1.9885206655751668
0.045324488209267155,2.0
-2.0,2.0
-2.0,2.0
-2.0,2.0
-2.0,2.0
-2.0,2.0
-25.0,2.0
-25.0,1.0000000000000036
-2.0,2.0
-2.0,2.0
-2.0,2.0
-25.0,2.0
-25.0,2.0
-1.9999999999999996,0.0
0.0,0.0
2.0,-2.0
2.0000000000000036,-2.0000000000000036
2.0,-2.0
0.7008310249307463,2.0
23.0,2.0
-25.0,2.0
-2.0,2.0
-2.0,2.0
-2.0,2.0
-2.0,2.0
-2.0,2.0
-2.0,2.0
-2.0,2.0
-2.0,2.0
-2.0,2.0
-2.0,2.0
23.0,2.0
-2.0,2.0
-2.0,2.0
-2.0,2.0
23.0,2.0
-2.0,2.0
-2.0,2.0
-2.0,2.0
-2.0,2.0
-2.0,2.0
-0.9786545061833658,2.0
22.973717342059455,2.026282657940545
22.752280279124236,2.2477197208757644
1.8482523840201175,-1.8482523840201175
2.0257459189257445,-2.0257459189257445
-2.063141554930871,2.063141554930871
-1.9146057383528583,1.7945826934761886
2.1587354423347964,-2.1587354423347964
2.158735442334797,-1.8372640304299857
1.8372640304299854,3.1086244689504383e-15
-24.54743217369104,1.9040491987913093
25.0,-1.9957662638331044
2.0853872886527487,-2.0853872886527487
2.0853872886527487,-2.0853872886527487
-25.0,1.877905183698708
25.0,0.0
1.6886283323826605,-1.5109308907831391
-1.455702345272722,1.455702345272722
-2.0175395837921775,2.0175395837921775
-2.5492862430789662,2.5492862430789662
-1.681661918924128,1.681661918924128
-1.6452781698464891,1.6452781698464891
-2.1843044822264375,2.1843044822264375
2.5010514409295093,-2.5010514409295093
-2.1481163888154233,2.1481163888154233
-2.2766495388433796,2.2766495388433796
-1.3610573878519387,1.3610573878519387
-2.3063791018137554,2.3063791018137554
-1.6907378172663936,1.6907378172663936
-2.252277154254725,2.252277154254725
1.961141522313179,-1.961141522313179
2.5277395050047957,-2.5277395050047957
1.901574470182127,-1.901574470182127
1.787986257347943,-1.787986257347943
-1.7532630568473877,1.7532630568473877
-2.133505012975884,2.133505012975884
-1.5784765916550612,1.5784765916550612
-2.7323577790319935,2.7323577790319935
1.929611927209831,-1.929611927209831
2.1004041766400565,-2.1004041766400565
-1.8940076450621408,1.8940076450621408
-22.4740848791267,2.192869782393533
25.0,-2.3973387900815126
2.107602411730009,-2.107602411730009
2.2947069488034186,-1.917158128455342
1.9536673180611839,-1.9536673180611839
2.019789969733441,-2.019789969733441
2.019789969733441,-2.019789969733441
2.005794090108245,-2.005794090108245
1.9912350403255163,-1.9912350403255163
2.004001000595702,-2.004001000595702
2.019789969733434,-2.019789969733434
2.0,-2.0
2.0,-2.0
2.0,-2.0
2.0,-2.0
2.0,-2.0
2.0,-2.0
2.0,-2.0
2.0,-2.0
2.0,-2.0
-2.0,2.0
-25.0,2.0
-2.0,2.0
-24.177139552315577,2.0
-25.0,2.0
-25.0,2.0
-1.9999999999999996,0.0
0.0,0.0
0.0,0.0
2.0,-2.0
2.000000000000014,-2.0000000000000107
25.0,-2.0
25.0,-2.0
25.0,-2.0
2.0,-2.0
2.0,-2.0
2.0,-2.0
2.0,-2.0
-23.0,-2.0
-25.0,0.0
-12.2725,2.0
-2.0,2.0
-2.0,2.0
-2.0,2.0
-2.0,2.0
-2.0,2.0
2.0,-2.0
25.0,-2.0
-2.0,2.0
-2.0,2.0
-2.0,2.0
23.0,2.0
23.0,2.0
23.0,2.0
-2.0,2.0
5.047091412742379,-1.9999999999999996
2.000000000000006,-1.9879358299301775
1.8042864739906277,-1.7582947163804372
1.72578716314027,-1.72578716314027
1.8721917226595317,-1.8721917226595317
1.9419440723199894,-1.9419440723199894
1.8470610145758672,-1.8470610145758672
1.684984909520236,-1.684984909520236
1.9419440723199812,-1.9754111318834287
1.979026686794712,-2.0664285436244207
1.845519121693382,-1.845519121693382
2.0758708494869165,-2.0758708494869165
2.0758708494869165,-2.0758708494869165
1.8806165925497744,-1.8806165925497744
1.7595505463665564,-1.7595505463665564
-1.4303396905520191,1.9306072465203852
1.5756032935185484,-1.5756032935185484
-1.9190269556452897,1.9190269556452897
1.5756032935185473,-1.5756032935185473
1.575603293518542,-1.575603293518542
1.575603293518549,-1.575603293518549
-1.588131567655811,1.588131567655811
-2.696300238442407,2.088332222009147
2.249252065189742,-2.249252065189742
1.8422497786187684,-1.8422497786187684
-1.6317615190190935,1.6317615190190935
-2.220904714831992,2.220904714831992
1.8666941140009579,-1.8666941140009579
2.2492520651897507,-2.2492520651897507
-1.7307077453691218,1.7307077453691218
-2.2673338045226714,2.2673338045226714
1.8760590778119823,-1.8760590778119823
1.5563116447890817,-1.5563116447890817
2.113043532704185,-2.113043532704185
1.935829990524712,-1.935829990524712
-18.42994906950457,2.5336072815616824
2.0744564483613948,-2.0744564483613948
-23.39377154547578,-1.6062284545242207
2.0847334200378267,-2.0847334200378267
1.7836480663009642,-1.7836480663009642
-25.0,0.0
-25.0,0.0
-2.073708223223374,2.073708223223374
-2.073708223223374,1.9493201331650143
-1.949320133165014,1.949320133165014
-1.949320133165014,2.2238426391314023
-2.1970766947996796,2.1970766947996796
25.0,-1.86549603861652
25.0,0.0
22.87163015933895,2.128369840661051
22.95883123223289,2.041168767767111
1.9883465767792265,-1.9883465767792265
4.694219922494992,-2.0
2.0,-2.0
2.0,-2.0
2.000000000000006,-1.1080332409972526
-2.0,2.0
-2.0,2.0
-2.0,2.0
-2.0,2.0
-2.0,2.0
-2.0,2.0
-2.0,2.0
-2.0,2.0
-25.0,2.0
-25.0,2.0
-25.0,2.0
-25.0,0.0
0.0,0.0
0.0,0.0
0.0,0.0
0.0,0.0
0.21606648199446,2.0
-2.0,2.0
-2.0,2.0
-2.0,0.0
0.0,0.0
0.0,0.0
0.0,0.0
2.0,-2.0
0.0,0.0
0.21606648199445955,2.0000000000000004
-2.0,2.0
-2.0,2.0
-2.0,2.0
-2.0,2.0
23.0,2.0
1.047091412742389,1.999999999999998
23.0,2.0
23.0,2.0
25.0,-2.0
2.0,-2.0
2.0,-2.0
2.0,-2.0
2.0,-2.0
2.0,-2.0
-2.0,2.0
-25.0,2.0051703587774554
-2.148432376661697,2.148432376661697
-2.196230602381637,2.196230602381637
-2.3221340376886843,2.3221340376886843
-1.8075780166241175,1.8075780166241175
-1.8154714604779087,1.8154714604779087
0.5970532182106969,1.8819823953322974
25.0,-1.9281905834638806
1.9281905834638842,-3.1086244689504383e-15
-2.0778659061392055,2.0778659061392055
-2.1979517805473527,2.1979517805473527
-2.2557415218486536,2.2557415218486536
-1.4630690966949,1.4630690966949
-25.0,1.992760109187472
23.016074059724232,1.9839259402655927
0.49278658262793623,0.0
-1.5208304363671719,1.5208304363671719
0.0,-1.640214545211405
1.489405611717567,-1.489405611717567
1.8174122384613964,-1.8174122384613964
1.8174122384613902,-1.8174122384613902
1.8174122384613884,-1.8174122384613884
1.5274202454486456,-1.5274202454486456
1.5418042694035705,-1.9561434667518178
2.2765138421713633,-2.2765138421713633
2.276513842171359,-2.276513842171359
2.0685205078948457,-2.0685205078948457
-2.0274694244471725,2.0274694244471725
2.2765138421713598,-2.2765138421713598
1.705641098737594,-1.705641098737594
2.211053136443647,-2.211053136443647
1.6990746421066536,-1.6990746421066536
-2.1043955522392555,2.1043955522392555
1.783812480175662,-1.783812480175662
1.6933596031992,-1.6933596031992
1.9589268263964197,-1.9589268263964197
2.211539119873656,-2.211539119873656
-2.194644568634038,2.194644568634038
2.2765138421713598,-2.2765138421713598
-2.7206837627811113,2.7206837627811113
1.2304944680695504,-1.2304944680695504
2.168259139694708,-1.8448728268461994
1.4970879367955954,-1.4970879367955954
1.7592513825408096,-1.7592513825408096
1.300240348470063,-1.300240348470063
1.8922312809533581,-1.8922312809533581
1.9531275293228516,-1.9531275293228516
1.6787139876180004,-1.6787139876180004
1.8697897337780247,-1.8697897337780247
-2.0873086588563954,2.0873086588563954
1.953127529322851,-1.953127529322851
-2.0163749000452,2.0163749000452
-1.9961981707586849,1.9961981707586849
-1.9907989224639695,1.9907989224639695
1.953127529322851,-1.953127529322851
-2.0,2.0
-2.0,2.0
-25.0,2.0
0.4378920722591375,2.0000000000000004
23.0,2.0
-2.0,2.0
-25.0,2.0
-2.0,2.0
-25.0,2.0
-25.0,2.0
-2.9999999999999982,2.0
2.0,-2.0
-25.0,0.0
0.0,0.0
0.0,0.0
0.0,0.0
0.0,2.0
-1.805,2.0
-1.97893351800554,2.0
-2.0,2.0
-2.0,2.0
-2.0,2.0
-2.0,2.0
-2.0,2.0
23.0,2.0
-24.125000000000004,2.0
2.0,-2.0
2.0,-2.0
25.0,0.0
-25.0,2.0
-2.0,2.0
2.0,-2.0
2.0,-2.0
25.0,-2.0
-2.0,2.0
-22.7575,2.0
-1.9999999999999996,1.9999999999999996
-2.0,2.0
1.0470914127423852,1.9999999999999978
23.0,2.0
23.0,2.0
25.0,0.0
25.0,0.0
-2.541658827817055,2.541658827817055
0.0,0.0
-2.0729136087579416,2.0729136087579416
-1.927349895244694,1.927349895244694
-1.9519501240128738,1.9519501240128738
-1.5564555463761476,1.5564555463761476
-2.1889705543018456,2.1889705543018456
-2.087330591225477,2.087330591225477
-2.174523592337003,2.174523592337003
-1.9831572028399407,1.9831572028399407
-1.9197363652236419,1.9197363652236419
-1.7482233455634528,1.7482233455634528
-2.044670082132967,2.044670082132967
-1.8676073841609888,1.8676073841609888
-1.905051460722289,1.905051460722289
-25.0,0.0
-2.135097713216961,2.135097713216961
-1.8883159586052187,1.8883159586052187
-1.955574803023973,1.955574803023973
-1.9487647235307168,1.9487647235307168
-25.0,2.111413279198061
-1.9340160731508824,1.9340160731508824
-1.768562698830337,1.768562698830337
-1.887290975371016,1.887290975371016
-2.0174480674319817,2.0174480674319817
-1.797284950691239,1.797284950691239
-1.9749112632125634,1.9749112632125634
-2.0188889767445932,2.0188889767445932
-2.067242434588649,2.067242434588649
1.877158536428964,-1.877158536428964
1.8369115346563998,-1.8369115346563998
1.7702522801837617,-1.7702522801837617
2.215028733360054,-2.215028733360054
5.998805370102933,-1.7859659548031876
25.0,-1.6124484112810364
25.0,-1.9421155866019433
2.0773193325672725,-2.0773193325672725
1.4864392193525724,-1.4864392193525724
1.4433198661644546,-1.4433198661644546
1.5669471081385584,-1.5669471081385584
1.7047177302205752,-1.7047177302205752
1.7685115758980894,-1.7685115758980894
1.3508075555099115,-1.3508075555099115
1.9307360005719705,-1.9307360005719705
2.403870533610311,-2.403870533610311
1.7816378621131963,-1.7816378621131963
1.6754208187323714,-1.6754208187323714
1.6628240651117836,-1.6628240651117836
1.820034551993903,-1.820034551993903
2.10394342887635,-2.10394342887635
-2.0,2.0
-2.0,2.0
2.4038705336103083,-2.0
2.0,-2.0
2.0,-2.0
-2.0,2.0
2.000000000000006,0.0
-2.0,2.0
-2.0,2.0
-2.0,2.0
-2.0,2.0
-22.000000000000007,2.0
-25.0,0.0
-23.0,-2.0
-25.0,0.0
0.0,0.0
0.0,0.0
0.0,0.0
0.0,0.0
0.0,0.0
2.0,-2.0
0.0,0.0
0.0,0.0
0.0,0.0
0.0,2.0
-1.805,2.0
-1.9809875,0.0
0.0,0.0
4.21606648199446,-2.0
-2.0,2.0
-2.0,2.0
25.0,0.0
-2.0,2.0
25.0,-2.0
-2.0,2.0
-23.0,-2.0
25.0,-2.0
-18.0775,2.0
-25.0,2.0381313984491563
-2.038131398449161,2.038131398449161
25.0,-1.9547593606972562
-2.049118408385837,2.049118408385837
-22.83646107541989,2.046317800668607
4.94169641612387,-1.9459266660960468
22.834333080914803,2.165666919068787
-2.3897942129042664,2.3897942129042664
22.489333345350182,2.5106666546496186
22.906837607570477,2.0931623923855973
23.267967160834363,1.7320328391500404
-2.070695441530968,2.070695441530968
-2.200493410771574,2.200493410771574
-1.5425387481531363,1.5425387481531363
-1.4885800710338621,1.4885800710338621
-1.8731930378695445,1.8731930378695445
-2.0002859097322006,2.0002859097322006
-2.118540194641792,2.118540194641792
-2.0736971781454177,2.0736971781454177
-1.906990976411148,1.906990976411148
-2.232602399107064,2.232602399107064
-1.8852334351348716,1.8852334351348716
-25.0,1.8255874895898572
-25.0,0.0
-2.2906799435824983,2.2906799435824983
-1.9201005372224937,1.9201005372224937
-23.60311248024636,1.9454928558668563
-25.0,1.8493495547280965
-2.0173174199384594,2.0173174199384594
-1.9322330819953262,1.9322330819953262
-1.978794712621462,1.9518232634032202
-1.9642385621716958,1.9642385621716958
1.9824484244089007,-1.9824484244089007
-1.9729938376796152,1.9729938376796152
-1.9903459707202185,1.9903459707202185
-1.9903459707202178,1.9903459707202178
-1.9903459707202178,1.9903459707202178
1.8817526577108374,-1.8817526577108374
1.8483813747519466,-1.8483813747519466
1.8795657322757933,-1.8795657322757933
1.9072219763272305,-1.9072219763272305
1.7950721482164127,-1.7950721482164127
1.8451284415074376,-1.8451284415074376
1.7500801809544786,-1.7500801809544786
1.671961815890592,-1.671961815890592
1.7592564317193027,-1.7592564317193027
1.978030393226991,-1.978030393226991
1.847982489650951,-1.847982489650951
-1.9903459707202178,1.9903459707202178
2.4750827921280463,-1.7895477157970925
-2.6090413771089036,2.6090413771089036
-1.5146527664802407,1.5146527664802407
-1.4960541174990283,1.4960541174990283
-2.1727945642765976,2.1727945642765976
-2.2688210242692803,2.2688210242692803
22.774373080428568,2.2256269195714324
-2.0344243325251115,2.0344243325251115
-1.9795910824653542,1.9795910824653542
-2.0185170731911746,2.0185170731911746
-2.0501522227515654,2.0501522227515654
23.0,2.0
2.0,-2.0
2.0,-2.0
2.0,-2.0
23.0,2.0
2.0,-2.0
2.0,-2.0
-2.0,2.0
-2.0,2.0
2.0,-2.0
-25.0,2.0
-24.296541377108902,2.0
-25.0,0.0
0.0,0.0
2.0,-2.0
2.0,-2.0
0.0,0.0
0.0,0.0
0.0,0.0
1.9999999999999964,-1.9999999999999964
2.0000000000000013,-2.0000000000000013
1.9999999999999971,-1.9999999999999971
2.0000000000000013,-2.0000000000000013
25.0,-2.0
-19.812500000000004,2.0
-2.0,2.0
23.0,2.0
23.0,2.0
-2.0,2.0
-2.0,2.0
25.0,0.0
23.0,2.0
1.9999999999791822,-1.9999999999791822
2.0000000000000013,-2.0000000000000013
-2.0,2.0
2.0000000000000013,-2.0000000000000013
-2.018311686515019,2.018311686515019
-2.015726508359,2.015726508359
-2.0,2.0090481278605488
-2.0,2.0
-2.0,2.0
-2.0092635592708246,2.0092635592708246
1.8375645551671234,-1.8375645551671234
1.9909518721394643,0.0
0.0,0.0
-2.1876355199507684,2.1876355199507684
-1.897821037119439,1.897821037119439
-1.5226399357098206,1.5226399357098206
-2.7389434856559394,2.7389434856559394
-1.3707694826843975,1.3707694826843975
-1.8747065291230047,1.8747065291230047
-1.757532768411047,1.757532768411047
-2.335606902671329,2.335606902671329
-1.768308346463721,1.768308346463721
-2.1965039286143098,2.1965039286143098
-1.8355097564771121,1.8355097564771121
0.0,0.0
-1.5876512645516065,1.5876512645516065
-25.0,2.284261806569809
-25.0,0.0
-1.676143166830613,1.676143166830613
-1.400762865231064,1.400762865231064
-2.3291022984769354,2.3291022984769354
-25.0,1.9086710905548934
-2.196851059635746,2.196851059635746
-1.9057293129350565,1.9057293129350565
-1.956895163200052,1.956895163200052
2.4962540902132675,-2.4962540902132675
2.2383048150682807,-2.2383048150682807
1.993343920450796,-1.993343920450796
1.897442979879731,-1.897442979879731
1.5682005666995957,-1.5682005666995957
2.1930995200149956,-2.1930995200149956
1.7418077331400097,-1.7418077331400097
1.9802873760136332,-1.9802873760136332
2.221179263912581,-2.221179263912581
1.946481232556982,-1.946481232556982
-2.0217815248741227,2.0217815248741227
-2.240108002937812,2.240108002937812
-1.9748797058469796,1.9748797058469796
1.9045515920514173,-1.9045515920514173
2.207987653950715,-2.207987653950715
-2.598507528476609,2.598507528476609
-1.8249134242609593,1.8249134242609593
-1.9912478802286389,1.9912478802286389
-2.4357939646361597,2.4357939646361597
-1.6560979282109818,1.6560979282109818
-1.4835741261311046,1.4835741261311046
-1.86229123035453,1.86229123035453
-2.1086430158601766,2.1086430158601766
9.384220306137633,-1.9990446007569114
24.99999999998761,-1.9136560498095427
25.0,-2.0149356080475727
24.999999999996035,-1.9811492323219575
1.9811492323219533,-1.9811492323219533
1.9811492323219533,-1.9811492323219533
-2.0,2.0
1.9811492323219533,0.0
-2.0,2.0
-2.0,2.0
-2.0,2.0
-2.0,2.0
-2.0,2.0
-25.0,2.0
-2.0,2.0
-23.999999999999996,2.0
-25.0,0.0
-25.0,2.0
-1.9999999999999996,0.0
2.0,-2.0
0.0,0.0
0.0,0.0
0.0,0.0
0.0,0.0
0.21606648199446,2.0
-2.0,2.0
-2.0,2.0
-2.0,2.0
-2.0,2.0
-2.0,2.0
-2.0,0.0
2.0,-2.0
2.0,-2.0
11.263157894736846,-2.0
-2.0,2.0
2.0,-2.0
25.0,-2.0
25.0,0.0
25.0,-2.0
25.0,-2.0
2.0,-2.0
2.0,-2.0
2.0,-2.0
-2.0,2.0
2.0,-2.0
2.0,-2.0
2.0,-2.0
2.0,-2.0
2.000000000000006,-1.899608870358278
1.7138735673145369,-1.7138735673145369
-21.219851434002585,2.3189508462221156
-25.0,2.267118109928898
-25.0,1.9129174496680221
-25.0,1.185262033681859
-2.4362673251199354,2.4362673251199354
-1.4456033571381912,1.4456033571381912
22.971071362968214,2.028928637031825
22.885762967729388,2.114237032270612
-2.0658690580383876,2.0658690580383876
23.028654719098547,1.9713452809014527
25.0,0.0
0.0,0.0
0.0,0.0
-2.0053710636225768,2.0053710636225768
-25.0,1.3432464107157287
-25.0,1.7425574793430556
23.00856214443054,1.9914378555694583
-1.876242741679686,1.876242741679686
-2.1043936587973198,2.1043936587973198
-1.868674023117765,1.868674023117765
-25.0,2.304763364695802
-25.0,2.046932745245414
-25.0,1.9758447300865711
-1.767670256531587,1.767670256531587
1.7352980797671238,-1.7352980797671238
2.0050586457032855,-2.0050586457032855
2.2612880444238854,-2.2612880444238854
25.0,-1.791860870694478
2.2339088740422843,-2.2339088740422843
10.284939471689736,-1.9412793164139384
-1.6896383586494093,1.6896383586494093
25.0,-1.5173199950194913
24.999999999986514,-2.054887094814788
1.071437140605787,-1.071437140605787
1.9659129959896395,-1.9659129959896395
2.4701492062539936,-2.4701492062539936
1.4001954637978455,-1.4001954637978455
2.082914453485503,-2.082914453485503
1.5846321713860831,-1.5846321713860831
25.0,-2.3728903522418
2.467154412259972,-2.467154412259972
-1.9510163415652109,1.9510163415652109
-2.597481282947783,2.597481282947783
0.06592144326525906,2.4012329689947114
0.0,0.0
-1.6333119323902894,1.6333119323902894
-2.009811106066982,2.009811106066982
-2.083142356835089,2.083142356835089
-2.078417104837532,2.078417104837532
-2.0,2.0
-2.0,2.0
-2.0,2.0
-2.0,2.0
-1.9999999999999847,1.9999999999999847
-2.0,2.0
-24.5625,2.0
23.0,2.0
-2.0,2.0
-2.0,2.0
-25.0,2.0
-2.0,2.0
-2.0,2.0
-25.0,2.0
-25.0,1.0000000000000036
-23.0,-2.0
2.0,-2.0
0.0,0.0
0.0,0.0
2.000000000000001,-2.0000000000000004
0.0,0.0
0.7008310249307459,2.0
25.0,0.0
-23.0,-2.0
2.0,-2.0
4.21606648199446,-2.0
-2.0,2.0
-2.0,0.0
2.0,-2.0
2.0,-2.0
4.21606648199446,-2.0
2.0,-2.0
-2.0,2.0
-2.0,2.0
-2.0,2.0
-2.0,2.0
-2.0,2.0
7.047091412742397,2.0
-2.0,2.0
25.0,-2.0
25.0,-2.0
25.0,-2.0
25.0,-2.0
-9.860472422966708,-2.0
-25.0,2.002800610799003
-25.0,2.1962581953531704
-23.440819514552288,-1.5591804854477118
25.0,-1.6794893520904282
25.0,-1.894192571224469
25.0,0.0
-25.0,1.4347040742124229
25.0,-1.7235928217243135
23.020829754728076,1.9791702452719235
-1.8262950057262737,1.8262950057262737
-1.9612645960389585,1.9612645960389585
-1.8628914514479566,1.8628914514479566
-1.943654954895183,1.943654954895183
0.0,0.0
-1.8584191415972429,1.8584191415972429
-2.0405524770714276,2.0405524770714276
-1.9217667661253843,1.9217667661253843
-3.685011659941659,1.6799792801911337
2.1070583627473223,-2.1070583627473223
1.6060776103167242,-1.6060776103167242
2.196347404081008,-2.196347404081008
-1.672042602746492,1.672042602746492
-2.0305872921669774,2.0305872921669774
-2.2677850748505373,2.2677850748505373
2.2216425260393713,-2.2216425260393713
2.128989469534318,-2.128989469534318
-1.9613542189572213,1.9613542189572213
1.9039646250515396,-1.9039646250515396
2.204722097759972,-2.204722097759972
2.0306743904959914,-2.0306743904959914
1.9052250262330066,-1.9052250262330066
1.591501894300297,-1.591501894300297
2.1086898785480708,-2.1086898785480708
2.06563995156423,-1.8747128405961222
1.9551216392541724,-1.9551216392541724
1.7689470675431638,-1.7689470675431638
2.0307154150712527,-2.0307154150712527
1.9269238708092962,-1.9269238708092962
1.718214815481307,-1.718214815481307
1.706085426445032,-1.706085426445032
2.009507603103466,-2.009507603103466
1.5840164871835185,-1.5840164871835185
1.8607001079817316,-1.8607001079817316
2.0307154150712474,-2.0307154150712474
1.2168951369443235,-1.2168951369443235
1.8865926108706201,-1.7830702509371026
1.927193055137736,-1.927193055137736
1.927193055137733,-1.927193055137733
-1.5900729767866042,1.5900729767866042
1.927193055137741,-1.927193055137741
-2.2096108070495823,2.2096108070495823
-2.177936052995382,2.177936052995382
-1.9697564119217896,1.9697564119217896
-1.9350088678721884,1.9350088678721884
-2.0,2.0
-0.07280694486226613,2.0
-2.0,2.0
-2.0,2.0
-2.0,2.0
-2.0,2.0
-2.0,2.0
-2.0,2.0
-25.0,2.0
-2.0,2.0
-25.0,2.0
-25.0,0.9999999999999929
-25.0,0.0
0.0,0.0
0.0,0.0
0.0,0.0
0.0,0.0
0.0,0.0
0.0,0.0
0.0,0.0
2.0,-2.0
0.0,0.0
0.0,0.0
2.0,-2.0
9.263157894736844,-2.0
25.0,-2.0
25.0,0.0
25.0,0.0
25.0,0.0
0.0,-2.0
2.0,-2.0
2.0,-2.0
2.0,-2.0
2.0,-2.0
2.0,-2.0
2.0,-2.0
2.0,-2.0
-25.0,2.004739495648728
1.9995691367942268,-1.9995691367942268
-25.0,2.0
-24.004739495648728,2.0
-25.0,2.0
-1.9999999999999996,2.021112299163087
0.7860059148317577,2.2399731987475375
22.69435926164752,2.30564073835248
-2.209668872602259,2.209668872602259
-2.164770472929285,2.164770472929285
-1.3775767220147515,1.3775767220147515
-1.636420964047728,1.636420964047728
22.05813823560093,2.9418617643990714
23.033149119105172,1.9668508808948282
-1.5018316399903426,1.5018316399903426
-1.8346551830170679,1.8346551830170679
22.757149661992845,2.2428503380071554
-1.3688905571374628,1.3688905571374628
-2.0462757208939335,2.0462757208939335
-2.089492270768053,2.089492270768053
0.0,0.0
0.0,0.0
-1.9013321096144349,1.9013321096144349
-22.81346819891057,-2.18653180108943
1.7758877945299423,-1.7758877945299423
-1.9613662107561423,1.9613662107561423
-1.9170666120951472,1.9170666120951472
-1.815434222786518,1.815434222786518
-2.022745286819089,2.022745286819089
-23.540367601400906,1.9468788553633587
-1.7272541072794931,1.7272541072794931
-2.280587266921085,2.280587266921085
-25.0,1.6993719124904665
-25.0,2.0654493450761073
-2.106679043212991,2.106679043212991
-2.171332511529041,2.171332511529041
2.0261522200076527,-2.0261522200076527
1.9601361046456383,-1.9601361046456383
-1.8751849387852744,1.8751849387852744
-2.084499264385185,2.084499264385185
2.171879085100975,-2.171879085100975
1.5827955327090324,-1.5827955327090324
-2.171332511529041,2.171332511529041
-2.171332511529041,2.171332511529041
-1.9623634235086307,1.7910309119795897
1.9014826382482743,-1.9014826382482743
1.611825784458043,-1.611825784458043
1.228990444025766,-1.228990444025766
2.4787410146081825,-2.4787410146081825
1.8364021987758576,-1.8364021987758576
1.79109939146291,-1.79109939146291
1.8719304276724866,-1.8719304276724866
2.4485434559061803,-2.4485434559061803
-1.7875709624168437,1.7875709624168437
-2.0,2.0
-2.0,2.0
-2.0,2.0
2.001234570984652,-2.001234570984652
2.022618514964528,-2.022618514964528
-1.9595945260129761,1.9595945260129761
2.0,-2.0
2.0,-2.0
2.0,-2.0
2.0,-2.0
-2.0,2.0
2.0,-2.0
-2.0,2.0
-2.0,0.0
0.0,0.0
2.0,-2.0
0.0,0.0
2.0,-2.0
0.0,0.0
2.0,-2.0
0.0,0.0
2.0,-2.0
2.0,-2.0
2.0,-2.0
0.0,2.0
-1.7839335180055402,2.0
-2.0,2.0
-2.0,2.0
-2.0,2.0
-2.0,2.0
-2.0,2.0
-2.0,2.0
-2.0,2.0
23.0,2.0
25.0,-2.0
-2.0,2.0
-2.0,2.0
3.047091412742385,2.0
-2.0,2.0
2.0,-2.0
25.0,0.0
25.0,-2.0
-25.0,2.0
-25.0,2.0012925896943656
-21.883792589645328,2.0
-2.0,2.0
-2.0,2.0
-2.011848738043198,2.011848738043198
-2.194319310811624,2.194319310811624
22.65874456551486,2.3412554344308134
22.775695767960357,2.2243042320396427
22.872589661039562,2.1274103389604377
-3.7861722508561115,2.0506852315871362
-2.2754692933704987,2.2754692933704987
1.9229773066692273,-1.9229773066692273
1.9229773066692246,-2.1488106508582945
2.173208158956272,-2.816700203310222
2.8862187344177164,-2.8862187344177164
1.4475737763910326,1.4386449580266838
-2.624606100962768,2.624606100962768
-2.0794166350840566,2.0794166350840566
-2.3087010927735045,2.3087010927735045
-1.9012614211155245,1.9012614211155245
-1.9832266290442293,1.9832266290442293
0.0,0.0
0.0,-2.5674241545226346
-1.2644924803089603,1.2644924803089603
1.7977374833137274,-1.7977374833137274
-2.9151030118248737,2.9151030118248737
-2.7696058843530107,2.7696058843530107
-2.647360854991531,2.647360854991531
-1.4868128585611,1.4868128585611
-1.39458771993338,1.39458771993338
-1.9564369502517565,1.9564369502517565
-1.917545021757416,1.917545021757416
-1.7902912073302755,1.7902912073302755
-1.9280233294262796,1.9280233294262796
-2.1758824524990965,2.1758824524990965
1.2255096666017335,-1.2255096666017335
1.7762103108062206,-1.7762103108062206
1.6347443212141934,-1.6347443212141934
-2.399796477713279,2.399796477713279
-1.9791399502009632,1.9791399502009632
2.661838851360315,-1.8431157127304223
2.026068168320392,-2.026068168320392
1.75228793425081,-1.75228793425081
1.4242869878327937,-1.4242869878327937
1.855648404898874,-1.855648404898874
1.9226030363133901,-1.9226030363133901
1.906569370006931,-1.906569370006931
2.026068168320397,-2.026068168320397
1.7888067488531547,-1.7888067488531547
-2.954104759951451,2.954104759951451
-1.4951484211067383,1.4951484211067383
-1.655097559721935,1.655097559721935
-2.0180489196727196,2.0180489196727196
-2.3883878589069676,2.3883878589069676
-2.144594665709544,2.144594665709544
2.0015944950662456,-2.0015944950662456
2.026068168320397,-2.026068168320397
2.026068168320397,-2.026068168320397
2.0,-2.0
2.0260681683203914,-2.0
2.0,-2.0
2.000000000000006,-2.000000000000006
2.0,-2.0
2.000000000000006,0.0
-2.0,2.0
0.0,0.0
-2.0,2.0
-2.0,2.0
-25.0,2.0
-23.0,-2.0
2.0,-2.0
-25.0,0.0
-22.000000000000007,0.0
0.0,-6.750155989720952e-15
2.0,-2.0
0.0,0.0
0.0,2.0
-1.8049999999999984,2.0
-1.9809875,2.0
-1.99814628125,2.0
23.0,2.0
23.0,2.0
23.0,2.0
23.0,2.0
1.0472916759868363,2.0
-2.0,2.0
-25.0,0.0
-23.0,-2.0
-23.0,-2.0
-18.00000000000001,-2.0
2.0,-2.0
0.0,0.0
0.0,2.0
-1.8050000000000002,2.0
-1.9809874999999952,2.0
-1.9981462812500028,1.9981462812500028
23.0,2.0
23.0,2.0
23.0,2.0
23.0,2.0
3.049145394736837,-1.9892284183918256
1.7272635744891682,-1.7272635744891671
1.5286348884500143,-1.5286348884500143
-0.2918681844097948,2.281096602801627
-2.049981817908245,2.049981817908245
-1.7939158863413764,1.7939158863413764
-1.0180742665487577,1.0180742665487577
-2.133238353236691,2.133238353236691
-2.031090316574403,2.031090316574403
-2.0031891873660266,2.0031891873660266
-24.358237377482947,1.795737377482947
22.654734018870393,2.3452659811296073
-1.7975500325621532,1.7975500325621532
-1.9255170434515136,1.9255170434515136
-2.016719723434278,2.016719723434278
-2.6403683739251935,2.6403683739251935
-1.5726697208137548,1.5726697208137548
-1.9252065189741572,1.9252065189741572
-25.0,0.0
-2.109966058412331,2.109966058412331
-1.7137532351348899,1.7137532351348899
2.0248741467014586,-2.0248741467014586
-1.7957992299194938,1.7957992299194938
-2.299786136995724,2.299786136995724
-1.9026253304561092,1.9026253304561092
-1.9505925261454031,1.9505925261454031
-1.962489021823659,1.962489021823659
-2.096402071536559,2.096402071536559
2.307866084880125,-2.307866084880125
1.9491427807704262,-1.9491427807704262
-2.0318249720452233,2.0318249720452233
2.0346676595371243,-2.0346676595371243
2.065299132015923,-2.065299132015923
-2.1444431114613227,2.1444431114613227
-2.067374975524107,2.067374975524107
-2.2892958375279377,2.2892958375279377
-2.2303119655129002,2.2303119655129002
-2.310374895444136,2.310374895444136
1.918658365615256,-1.918658365615256
2.1803459262874476,-2.1803459262874476
1.5556849155085626,-1.5556849155085626
1.7395166683985348,-1.7395166683985348
-1.6766607076262083,1.6766607076262083
-1.8407956152126097,1.8407956152126097
-2.0531508085602965,2.0531508085602965
1.58874314940085,-1.58874314940085
2.6976538285244454,-2.6976538285244454
2.5331604292649983,-2.5331604292649983
1.8909298551966298,-1.8909298551966298
1.5850350011577603,-1.5850350011577603
1.8820296524872608,-1.8820296524872608
2.0769598152798436,-2.0769598152798436
2.109930576099401,-2.109930576099401
-1.9887480314633685,1.9887480314633685
-2.0,2.0
2.0,-2.0
2.0,-2.0
2.0,-2.0
2.0,-2.0
-2.0,2.0
2.0,-2.0
2.0,-2.0
2.0,-2.0
2.0,-2.0
-25.0,0.0
-23.0,-2.0
2.0,-2.0
-20.00000000000001,0.0
0.0,0.0
0.0,0.0
2.0,-2.0
0.0,2.0000000000000004
-1.8050000000000002,1.8050000000000002
-1.2991689750692519,2.0
23.0,2.0
-25.0,2.0
-2.0,2.0
-2.0,2.0
-2.0,2.0
-2.0,2.0
-2.0,2.0
-2.0,2.0
25.0,0.0
-2.0,2.0
-2.0,2.0
-2.0,2.0
-2.0,2.0
-2.0,2.0
-2.0,2.0
-2.0,2.0
25.0,-2.0
-2.0,2.0
-2.0,2.0
-2.0,2.0
25.0,0.0
23.0,2.0
3.028564294200736,2.018527118541649
-2.2964846929305964,2.2964846929305964
-2.415590623614947,2.415590623614947
-2.3136942569432004,2.3136942569432004
-2.00577626019669,2.00577626019669
-1.8635913938166349,1.8635913938166349
-1.399689914801173,1.399689914801173
-1.9328238358790788,1.9328238358790788
-1.6464104481236799,1.6464104481236799
-1.9244964782484928,1.9244964782484928
-24.717966730407493,2.1554667304074933
22.618319974721793,2.3816800252782073
-2.0550177423083102,2.0550177423083102
-2.1073467970687734,2.1073467970687734
-24.483948036732976,1.9214480367329756
22.714181153012227,2.285818846987773
-1.9921504208843697,1.9921504208843697
-25.0,2.007787095531768
-24.999999999946542,-8.984812893686467e-12
-1.8802170763014683,1.8802170763014683
-1.674112134781561,1.674112134781561
-1.7363098089077802,1.7363098089077802
-1.9011478145994172,1.9011478145994172
-2.3062535034987253,2.3062535034987253
-2.3114244934234964,2.3114244934234964
-1.9257209040331915,1.9257209040331915
-1.9138263017968722,1.9138263017968722
-2.263508420666449,2.263508420666449
-2.0079934807026962,2.0079934807026962
-1.6172981472241457,1.6172981472241457
-1.9734589932483395,1.9734589932483395
2.0175458952652967,-2.0175458952652967
24.99999999994307,-1.7776512201188375
0.583045595064891,2.352098150778772
22.88350535379543,2.1164946462045684
2.019474681449852,-2.019474681449852
2.0194746814498536,-1.9124207367337096
1.9124207367336972,-1.7854686107215691
1.785468610721578,-0.04421383081149477
-25.0,2.4774029823073747
1.6684501122482889,-1.6684501122482889
1.5417605435178103,-1.5417605435178103
1.6562733871636368,-1.6562733871636368
1.7370936938689105,-1.7370936938689105
2.4126914484386486,-2.4126914484386486
2.301518005219034,-2.301518005219034
2.1884877266083933,-2.1884877266083933
2.0712233962572055,-2.0712233962572055
1.8833683948287931,-1.8833683948287931
2.136667692154819,-2.136667692154819
-1.713934216626521,1.713934216626521
2.1253641199291984,-2.1253641199291984
2.0541734890929795,-2.0541734890929795
2.0,-2.0
2.0,-2.0
2.0,-2.0
2.0,-2.0
2.0,-2.0
2.0,-2.0
25.0,0.0
0.0,0.0
-2.0,2.0
-2.0,2.0
-25.0,2.0
-23.0,-2.0
-23.0,-2.0
2.0,-2.0
2.0,-2.0
-22.0,0.0
0.0,0.0
0.0,0.0
0.0,0.0
0.0,0.0
0.0,0.0
0.0,2.0
-1.805,2.0
-1.9809875000000003,1.9809875000000003
-1.9809875000000003,1.9809875000000003
11.068157894736844,-1.9999999999999982
-2.0,2.0
25.0,-2.0
25.0,-2.0
25.0,-2.0
2.0,-2.0
-1.9999999999999847,1.9999999999999847
2.0,-2.0
25.0,0.0
-2.0,2.0
0.0,0.0
-2.0,2.0
-2.0,2.0
-2.0,2.0
-2.0,2.0
-2.0,2.0
0.0,0.0
-2.0,2.0
0.0,0.0
-2.317061028453219,2.317061028453219
-2.4310989386778283,2.4310989386778283
-2.2309042972649302,2.2309042972649302
-2.0652069845084142,2.0652069845084142
-1.913935490281796,1.913935490281796
-24.999999999990308,1.4883667432425085
22.9353244415687,2.0646755584719614
-0.788942646214986,1.840613844786839
-1.8761916187474412,1.8761916187474412
-24.59130051412755,2.02880051412755
22.492768364594312,2.507231635405688
-2.182635728734301,2.182635728734301
-2.0521542269551194,2.0521542269551194
-24.574885634844826,2.0123856348448257
22.45726317257456,2.54273682742544
-1.7915686494891574,1.7915686494891574
-2.3100384939269976,2.3100384939269976
-24.999999999971138,-2.886224592657527e-11
1.9521943780225026,-1.9521943780225026
-24.207915072009882,2.0821501340910373
-25.0,2.166196234706419
-25.0,2.3784649608723996
-2.4188962576599824,2.4188962576599824
-2.4188962576599824,2.3468129231905834
1.5821539714666883,-1.5821539714666883
1.7613657260350077,-1.7613657260350077
1.7570852849670509,-1.7570852849670509
-0.5432916059124242,-1.8035213172781592
1.8982742008892401,-1.8982742008892401
0.0,0.0
0.0,0.0
1.5051754584477344,-1.5051754584477344
1.4255069955863124,-1.4255069955863124
1.3751477515856703,-1.3751477515856703
2.3351505831649657,-2.3351505831649657
0.830853883742261,-0.830853883742261
0.4459215563668568,-0.4459215563668568
1.4295734777156035,-1.4295734777156035
1.4492501263052002,-1.4492501263052002
1.701375805205119,-1.701375805205119
2.490691157807934,-2.490691157807934
0.5928911505169197,-0.5928911505169197
2.0541492836074084,-2.0541492836074084
1.8866844428044711,-1.8866844428044711
2.0121634709911067,-2.0121634709911067
24.999999999980915,-2.2597941187370836
1.8789614087248383,-1.8789614087248383
1.3665587833943826,-1.3665587833943826
24.99999999995206,-1.5457217818328743
24.999999999952028,-2.0257788174793703
13.251472123482287,-2.157019510581108
2.0700886328374737,-2.0700886328374737
-2.0620443053294784,2.0620443053294784
1.951958748049187,-1.951958748049187
25.0,-2.0000000000000036
2.0,-2.0
-2.0,2.0
2.0,-2.0
2.000000000000006,-2.000000000000006
-2.0,2.0
-2.0,2.0
-25.0,0.0
-20.195000000000004,2.0
-25.0,0.0
-25.0,0.0
2.0,-2.0
0.0,0.0
2.0,-2.0
0.0,0.0
2.0,-2.0
0.0,0.0
0.0,2.0
25.0,-2.0
25.0,-2.0
2.0,-2.0
25.0,-2.0
25.0,-2.0
2.0,-2.0
2.0,-2.0
11.263157894736851,-2.0
2.0,-2.0
2.0,-2.0
2.0,-2.0
2.0,-2.0
2.0,-2.0
2.000000000000006,-2.0000000000000004
2.0,-2.0
-2.0,2.0
2.0,-2.0
2.000000000000006,-1.9558365171322798
1.9558365171322791,-1.9558365171322791
1.9558365171322838,-1.9398626595069066
-2.0424276391559744,2.0424276391559744
1.9398626595069035,-1.9398626595069035
1.939862659506898,-1.9358013768696352
1.9358013768696363,-1.8924278932026293
1.8924278932026308,-1.6860902950049437
-2.571102300364664,2.3698098800002145
1.767925555619175,-1.767925555619175
1.9091289879295346,-1.9091289879295346
-1.9911342737125333,1.9911342737125333
-1.8277258166819,1.8277258166819
-0.1985415877101424,2.1076705756396743
-1.8292247915471922,1.8292247915471922
-1.5477980987015432,1.5477980987015432
-24.636736177949615,2.074236177949615
23.161707515025597,1.838292484974403
0.0,0.0
-2.0192077061370046,2.0192077061370046
-2.4527844502671545,2.4527844502671545
-2.602324707417779,2.602324707417779
-2.216126298535105,2.216126298535105
-1.8787345112662788,1.8787345112662788
-24.99999999999921,2.7330138566625095
-1.9766273527530807,1.9766273527530807
-2.0171230265664555,2.0171230265664555
-3.62397053562068,1.6023115543078017
-2.0441096233201783,2.0441096233201783
-25.0,2.183819129943739
-25.000000000000004,2.104825994705834
-25.0,2.213582774868943
-2.1699218972873897,2.1699218972873897
-2.2135827748689407,2.2135827748689407
-2.1665250624558112,2.1665250624558112
1.5626180687276001,-1.5626180687276001
1.8714832598021456,-1.8714832598021456
-0.7357549294372205,-1.4778278454317202
1.6694530053265808,-1.6694530053265808
1.7058146642483134,-1.7058146642483134
1.6727911434581682,-1.6727911434581682
1.6202285641923773,-1.6202285641923773
1.676116027496212,-1.676116027496212
1.5262942786445706,-1.5262942786445706
1.6913841121135729,-1.6913841121135729
1.599314866871845,-1.599314866871845
1.5503245813902833,-1.5503245813902833
25.0,0.0
25.0,0.0
1.666485350666962,-1.666485350666962
1.603638225956999,-1.603638225956999
2.1846137444091713,-2.1846137444091713
25.0,0.0
2.3865237653218587,-2.3865237653218587
1.751482905854734,-1.751482905854734
1.699476682944208,-1.699476682944208
-1.835485536199025,1.835485536199025
2.1819079764372007,-2.1819079764372007
-1.9593705624032514,1.9593705624032514
1.953251337743551,-1.953251337743551
1.941402602165772,-1.941402602165772
25.0,-2.0
7.263157894736849,-2.000000000000001
2.0,-2.0
-2.0,2.0
2.000000000000006,-1.1080332409972318
-2.0,2.0
-2.0,2.0
-25.0,2.0
-25.0,2.0
-25.0,2.0
-25.0,2.0
2.0,-2.0
-1.9999999999999996,0.0
0.0,0.0
0.0,0.0
0.0,0.0
2.0,-2.0
2.0,-2.0
6.700831024930749,-2.0
25.0,-2.0
-23.0,-2.0
2.0,-2.0
25.0,-2.0
6.700831024930749,-2.0
-25.0,2.0
-2.0,2.0
2.484764542936291,-2.0
25.0,0.0
-2.0,2.0
-25.0,2.0
-1.9999999999999996,1.9999999999999996
-2.0,2.0
-2.0,2.0
-2.0,2.0
-2.0,2.0
3.207287014418629,-2.0
1.9778105444018887,-1.9778105444018887
-2.0064629490881756,2.0064629490881756
-2.018311686515019,2.018311686515019
22.967254393587634,2.032745606412366
-2.0553659235983175,2.0553659235983175
22.87948381379249,2.12051618620751
22.691077453413502,2.3089225465864978
22.598640328146637,2.401359671817538
1.8398043983595826,-1.8398043983595826
1.839804398359576,-1.839804398359576
1.839804398359579,-1.839804398359579
-1.7501666481361822,1.7501666481361822
-2.1574106641275366,2.1574106641275366
1.8398043983595802,0.0
-1.8552974869935692,1.8552974869935692
-1.9026884451872785,1.9026884451872785
-2.1069750513021788,2.1069750513021788
0.0,0.0
0.0,0.0
-24.34304187480643,1.7805418748064312
25.0,0.0
0.0,0.0
0.0,0.0
-25.0,0.0
-2.191602438591639,2.191602438591639
-1.9422456029481552,1.9422456029481552
-1.8931978830612284,1.8931978830612284
-1.713301964807025,1.713301964807025
-1.8461288099964843,1.8461288099964843
-2.1358733932630427,2.1358733932630427
-1.8424126146251867,1.8424126146251867
2.015014994545373,-2.015014994545373
1.6070735607745892,-1.6070735607745892
2.056559004043484,-2.056559004043484
-17.26626915999141,-2.2114785297317354
-23.397126093437475,-1.6028739065625253
-25.0,1.783479234395088
-1.9986802709712332,1.9986802709712332
-2.305731544671951,2.305731544671951
-2.1458070208019073,2.1458070208019073
-2.287637182392788,2.0870730831223034
-2.080536290415014,2.080536290415014
-2.1051674454014666,2.1051674454014666
-2.1051674454014666,2.1051674454014666
2.2149807661643646,-2.2149807661643646
1.908276623485083,-1.908276623485083
1.7130665468597597,-1.7130665468597597
-1.8548481101076373,1.8548481101076373
-2.050593084079628,1.9510207595963929
-2.0055951209182314,2.0055951209182314
-1.5079540844875003,1.5079540844875003
-1.5928762175715256,1.5928762175715256
2.1881167697759407,-2.1881167697759407
2.0049565576256176,-2.0049565576256176
2.050133608836709,-2.050133608836709
2.1337341588967385,-2.1337341588967385
1.890723834907743,-1.890723834907743
-2.0055951209182314,2.0055951209182314
-1.940169981327696,1.940169981327696
2.0236770057108924,-2.0236770057108924
2.0,-2.0
2.0,-2.0
2.0,-2.0
2.0,-2.0
-2.0,2.0
2.0,-2.0
2.0,-2.0
-2.0055951209182314,0.0
0.0,0.0
0.0,0.0
0.0,0.0
0.0,0.0
0.0,0.0
0.0,0.0
2.0,-2.0
2.0,-2.0
2.0,-2.0
2.0,-2.0
2.0,-2.0
25.0,-2.0
2.0,-2.0
2.0,-2.0
-20.7575,0.0
25.0,-2.0
2.0,-2.0
2.0,-2.0
2.0,-2.0
13.26315789473684,-1.9999999999999982
2.0,-2.0
2.0,-2.0
2.0000000000000018,-2.0000000000000018
25.0,-2.0
2.0,-2.0
2.0,-2.0
25.0,-2.0
25.0,-2.0
1.9866432402358072,-1.9866432402358072
1.9907364407291752,-1.9907364407291752
1.9911673035497268,-1.9911673035497268
2.0,-2.0
2.0,-2.0
1.921582895162468,-1.921582895162468
1.6199199726036626,-1.6199199726036626
1.6098727109359954,-1.8048745760078595
2.216068548556082,-2.216068548556082
2.216068548556088,-1.8959146566644467
1.8959146566644831,-1.9003465730872122
-19.00006463576463,-2.522200556197305
25.0,-1.691185931857703
2.4393965534912954,-2.4393965534912954
2.293155303338991,-2.293155303338991
-22.535889178068,2.1749445675938937
25.0,0.0
-2.1057607238744653,2.1057607238744653
0.0,0.0
-2.2806156685501104,2.2806156685501104
-2.3994278876832453,2.3994278876832453
-2.166992111466472,2.166992111466472
-21.293361698746462,2.0220541805127787
-25.000000000000004,2.7359448040442658e-11
-1.8936472599471603,1.8936472599471603
-1.8428373767659636,1.8428373767659636
-25.0,2.2907083452115238
-25.0,1.793216575120013
-2.0695360239193725,2.0695360239193725
-2.135126114845985,2.135126114845985
-1.7600264314395773,1.7600264314395773
-2.2176580930605994,2.2176580930605994
1.9449885691648081,-1.9449885691648081
1.9803435481243774,-1.9803435481243774
2.231529448677172,-2.231529448677172
-2.1165104248873607,2.1165104248873607
-1.9720565839217379,1.9720565839217379
-2.00247094172531,2.00247094172531
-2.6412298900056657,2.6412298900056657
-1.9054200507523227,1.9054200507523227
-1.8430721635659157,1.8430721635659157
-2.3954567087980214,2.3954567087980214
1.519787781008242,-1.519787781008242
24.99999999998293,-2.6317090328086543
2.113632393146003,-2.113632393146003
2.19636255161649,-2.19636255161649
1.470627085752521,-1.470627085752521
2.062710165743323,-2.062710165743323
1.7270780171795268,-1.7270780171795268
2.153404772140168,-2.153404772140168
2.090702180164585,-2.090702180164585
-1.6754025154603367,1.6754025154603367
1.6433203508855914,-1.6433203508855914
1.7746557949775017,-1.7746557949775017
2.1168660763975042,-2.1168660763975042
-1.941764432016397,1.941764432016397
-2.0286644624351724,2.0286644624351724
-2.021327729957024,2.021327729957024
-1.9999999999999847,1.9999999999999847
-2.0,2.0
2.0,-2.0
-2.0,2.0
-2.0,2.0
-2.0,2.0
-2.0,2.0
-2.0,2.0
-2.0,2.0
-2.0,2.0
-2.0,2.0
-2.0,2.0
-25.0,0.0
0.0,0.0
0.0,0.0
0.0,0.0
2.0,-2.0
2.0,-2.0
2.0,-2.0
2.0,-2.0
2.0,-2.0
24.448376455037046,-2.0
-2.0,2.0
-2.0,2.0
2.0000000000000013,-2.0000000000000013
25.0,-2.0
-2.0,2.0
-2.0,2.0
-2.0,2.0
25.0,0.0
-2.0,2.0
-2.0,2.0
2.0,-2.0
-2.0,2.0
-2.0,2.0
-2.0,2.0
-2.0,2.0
-2.0,2.0
-2.0,2.0
-2.0,2.0
-2.0,2.0
-2.0,2.0
-2.0,2.0
1.905640952311418,-1.905640952311418
1.6000915330856005,-1.6000915330856005
1.653010513348967,-1.653010513348967
-2.1429346693863565,2.1429346693863565
-2.0885304022650217,2.0885304022650217
-1.7134225139435593,1.7134225139435593
-1.2368027854500045,1.2368027854500045
7.329206362045689,2.4855750776992824
-1.7179371106641579,1.7179371106641579
1.7227092154879298,-1.7227092154879298
1.9462199375699374,-1.9462199375699374
24.99999999995483,-2.0734945798583624
2.073494579858352,0.0
0.0,0.0
0.0,0.0
0.0,0.0
0.0,0.0
-1.579166751240404,1.579166751240404
-25.0,0.0
-2.2844246425762265,2.2844246425762265
2.3178167533964062,-2.3178167533964062
-25.0,1.955601311211062
-1.9605684405541535,1.9605684405541535
-23.78761261813942,2.00527197349464
-25.0,1.8076805780622713
-1.980941244628557,1.980941244628557
2.1482931100626983,-2.1482931100626983
-0.049057818243912976,-1.9318834263846443
0.0,0.0
0.0,0.0
0.0,0.0
2.3023448081973594,-2.3023448081973594
1.7306648273519238,-1.7306648273519238
0.0,0.0
1.9092725739429488,-1.9092725739429488
1.6850852619427972,-1.6850852619427972
2.066355041468398,-2.066355041468398
2.0659119760555837,-2.0659119760555837
1.7376699313644934,-1.7376699313644934
0.0,0.0
1.8083697909266458,-1.8083697909266458
1.3620274612700234,-1.3620274612700234
24.999999999945743,-2.0336231107362615
2.3943137010165305,-2.3943137010165305
1.787731273834014,-1.787731273834014
1.6671827684463896,-1.6671827684463896
-1.7117745883127071,1.7117745883127071
2.722687024348452,-2.722687024348452
1.8166838944636874,-1.8166838944636874
24.999999999992635,-1.4748890657616123
25.0,-1.5470340159873146
24.99999999995661,-1.9845699866504773
12.303274073977528,-2.0581636467750997
2.0527503665470763,-2.0079434795361784
2.005910173137924,-1.9925534133737313
2.000000000000006,-2.000000000000006
1.9999999999999984,-1.9999999999999984
2.0000000000000013,-2.0000000000000013
2.0,-2.0
2.0,-2.0
2.0,-2.0
-25.0,2.0
-25.0,0.0
-22.194999999999997,2.0
-25.0,2.0
0.0,-2.0
2.0,-2.0
0.0,0.0
0.0,0.0
0.0,0.0
0.0,0.0
0.0,0.0
0.0,0.0
25.0,-2.0
25.0,-2.0
-23.0,-2.0
-14.514999999999997,-2.0
6.700831024930749,-2.0
25.0,-2.0
-2.0,2.0
-25.0,2.0
2.0,-2.0
2.0,-2.0
2.0,-2.0
-2.0,2.0
2.0,-2.0
-2.0,2.0
2.0,-2.0
-2.0,2.0
2.0,-2.0
2.0,-2.0
2.0,-2.0
-2.0,2.0
2.0,-2.0
-2.0,2.0
-1.874202255096352,2.0
-2.1135324647755422,2.1135324647755422
22.655656835133517,2.3443431648664834
22.73231653986665,2.2676834601333518
-2.1524561577306813,2.1524561577306813
22.96698152838835,2.0330184716116513
-1.797691409559973,1.797691409559973
1.585402647893578,1.3358910199451643
22.86217320580724,2.1378267941927582
-1.9684268557321456,1.9684268557321456
-2.0825035765855855,2.0825035765855855
-24.782790608480454,2.220290608497706
24.999999999980883,7.105427357601002e-15
0.0,0.0
0.0,0.0
-1.9161653337340354,1.9161653337340354
-2.6365720228453107,2.6365720228453107
-1.7801543503570425,1.7801543503570425
-1.6869824907617712,1.6869824907617712
-25.0,1.9592228344856082
2.1626731704125,-2.1626731704125
-1.8590812151272171,1.8590812151272171
2.096369251876352,-2.096369251876352
-2.1491255933668345,2.1491255933668345
1.991273126121106,-1.991273126121106
-2.0608489123211164,2.0608489123211164
-1.8713153746172342,1.8713153746172342
1.9236507408508121,-1.9236507408508121
2.07435167790765,-2.07435167790765
2.1617662117255882,-2.1617662117255882
2.2140460369957324,-2.2140460369957324
1.7967497377709165,-1.7967497377709165
1.9424854389266013,-1.9424854389266013
2.003405039746628,-2.003405039746628
1.9233553639089376,-1.9233553639089376
1.3885141893528772,-1.3885141893528772
1.733328900154616,-1.733328900154616
1.8418332213930473,-1.8418332213930473
1.9328566555392879,-1.9328566555392879
-1.9168280384113228,1.9168280384113228
-2.051228333848856,2.051228333848856
-2.405557590374489,2.405557590374489
-2.019544738801452,2.019544738801452
-1.9367344246223794,1.9367344246223794
-2.336529640041036,2.336529640041036
-2.2613404296507564,2.2613404296507564
-2.3729708235240423,2.3729708235240423
24.999999999974726,-2.509857208222364
2.4178479219752465,-2.4178479219752465
1.6904247681997893,-1.6904247681997893
1.5807504576322926,-1.5807504576322926
1.9732955260946086,-1.9732955260946086
2.0346221183139157,-2.0346221183139157
2.089956548647547,-2.089956548647547
2.0,-2.0
2.0,-2.0
-2.0,2.0
-2.0,2.0
-21.81907670404211,2.0
2.0,-2.0
23.0,2.0
-2.0,2.0
-2.0,2.0
-25.0,2.0
-25.0,2.0
-25.0,2.0
-2.9999999999999947,2.0
2.0,-2.0
-25.0,0.0
0.0,0.0
0.0,0.0
0.0,0.0
2.0,-2.0
0.0,0.0
4.700831024930746,-2.0
25.0,0.0
-25.0,2.0
-2.0,2.0
-2.0,2.0
25.0,0.0
-24.5625,2.0
-2.0,2.0
-2.0,2.0
-2.0,2.0
-2.0,2.0
-2.0,2.0
2.0,-2.0
-2.0,2.0
-2.0,2.0
-2.0,2.0
2.0,-2.0
2.0,-2.0
25.0,-2.0
2.0,-2.0
25.0,0.0
2.0,-2.0
-2.0,2.0
22.863631787244582,2.1363682127554178
2.636120945235934,2.4109704675064663
25.0,-1.4210854715202004e-14
-2.0009863254613616,2.0009863254613616
0.0,0.0
-2.00216672872107,2.00216672872107
-1.6029420704721913,1.6029420704721913
-1.9074365664132076,1.9074365664132076
-2.207834916301282,2.207834916301282
-1.9020200601841886,1.9020200601841886
-1.8392328944688376,1.8392328944688376
-2.2787834479042424,2.2787834479042424
-2.226284614516933,2.226284614516933
-1.559029996260577,1.559029996260577
-24.444154198730214,1.8816541987302138
22.507908957454713,2.4920910425452867
-1.892881678258064,1.892881678258064
-2.227331056759734,2.227331056759734
-24.999999999999996,1.7156902262345035
1.6423799413911553,-1.6423799413911553
2.0709737774954267,-2.0709737774954267
-1.9874679389788596,1.9874679389788596
-1.9852879561642442,1.9852879561642442
-2.143773692954518,2.1433783659464845
-1.8212388846122334,1.8212388846122334
-2.0076356201769627,2.0076356201769627
2.1448268490268347,-2.1448268490268347
2.2030325164065463,-2.2030325164065463
2.1241693975148532,-2.1241693975148532
1.647671480452459,-1.647671480452459
1.6934896195454119,-1.6934896195454119
-2.3564764196800425,2.3564764196800425
-2.0292050795543517,2.0292050795543517
-1.9506531162873273,1.9506531162873273
-2.006936940102909,2.006936940102909
-1.6602218447456405,1.6602218447456405
2.0636701408044207,-2.0636701408044207
-2.6220928723675723,2.6220928723675723
25.0,-1.3456573934464302
2.11435126993403,-2.11435126993403
1.6497227092154887,-1.6497227092154887
-1.9446521676476713,1.9446521676476713
1.5595967665464858,-1.5595967665464858
-1.1871699920051313,1.1871699920051313
-2.092597515541625,2.092597515541625
1.471137052780377,-1.471137052780377
2.1458846519212473,-2.1458846519212473
-1.4921889713621699,1.4921889713621699
-2.060724260727056,2.060724260727056
-2.1949882283452604,2.1949882283452604
-2.1958300999656553,2.1958300999656553
-1.7463294006828325,1.8369956744823908
2.055218378121692,-2.055218378121692
1.9967685254559122,-1.9967685254559122
-1.9999999999999847,1.9999999999999847
-2.0,2.0
-2.0,2.0
-2.0,2.0
2.0,-2.0
2.0552183781216935,0.0
-2.0,2.0
-2.0,2.0
-25.0,2.0
-2.0,2.0
-23.0,-2.0
-23.0,-2.0
2.0,-2.0
2.0,-2.0
-20.0,-2.0
2.0,-2.0
2.0,-2.0
2.0,-2.0
2.0,-2.0
0.21606648199446,2.0
-2.0,2.0
-2.0,2.0
2.0,-2.0
-2.0,2.0
-2.0,2.0
-2.0,0.0
2.0,-2.0
25.0,-2.0
-2.0,2.0
-2.0,2.0
25.0,-2.0
23.0,2.0
-2.0,2.0
-2.0000000000000018,2.0000000000000018
-2.0,2.0
-2.0,2.0
-2.0,2.0
-2.0,2.0
-2.000646294847182,2.000646294847182
-2.000646294847182,2.000646294847182
-18.10572154309844,2.003446905646186
-25.0,2.024774637452257
-25.0,2.1715824372355073
-2.1715824372355064,2.1715824372355064
2.0655005469017684,-2.0655005469017684
-1.9687651506912176,1.9687651506912176
0.543382724495785,2.313589644276286
-2.07901774998306,2.07901774998306
-1.558638684927323,1.558638684927323
22.770978099592217,2.2290219004077834
23.11271786065108,1.8872821393086525
-1.8312495121231294,1.8312495121231294
-2.1006610535959185,2.1006610535959185
22.98845820911092,2.01154179088908
24.999999999982318,7.105427357601002e-15
0.0,0.0
0.0,-1.7443436830384265
-0.056681678310706474,1.9894724628408238
0.0,0.0
0.0,0.0
0.0,-2.3774462891113153
1.9009691999102056,-1.9009691999102056
-2.507503028749719,2.507503028749719
-19.505266773627714,2.0032409414455863
-2.347461111479701,2.347461111479701
-24.99999999997045,1.328458629202565
-2.0127693724103377,2.0127693724103377
-1.8781033639545832,1.8781033639545832
-1.6994047321506738,1.6994047321506738
-1.8003952446432994,1.8003952446432994
-2.4632772743241915,2.4632772743241915
-2.2407038060000595,2.2407038060000595
-1.9857846690985532,1.9857846690985532
2.0611594367984747,-2.0611594367984747
2.268355000873001,-2.268355000873001
25.0,-1.7440293716772004
25.0,-1.7657320031373587
-23.361471950652156,-1.638528049347844
2.3125946405393893,-2.3125946405393893
1.837653132747647,-1.837653132747647
2.098672939564059,-2.098672939564059
2.3931782670027797,-2.3931782670027797
1.880224018921897,-1.880224018921897
5.690913592670889,-1.6789492477784371
24.999999999961013,-1.957407023669841
-2.0350412987456536,2.0350412987456536
-2.3656400474986334,2.3656400474986334
-1.7640013972086726,1.7640013972086726
2.251116474348507,-2.251116474348507
2.412005706884484,-2.412005706884484
2.0559597296710237,-2.0559597296710237
1.600529509873214,-1.600529509873214
1.9555682548706141,-1.9555682548706141
2.1289105366736476,-2.1289105366736476
2.033910026359489,-2.033910026359489
-2.0249900682461797,2.0249900682461797
1.9796791746664786,-1.9796791746664786
-25.0,2.0
-25.0,2.0
-25.0,2.0
-23.823164849536763,2.0
-2.0,2.0
-2.0,2.0
-2.0,2.0
-2.0,2.0
-2.0,2.0
-2.0,2.0
-2.0,2.0
2.0,-2.0
-2.0,4.440892098500626e-16
0.0,0.0
0.0,0.0
0.0,0.0
2.0,-2.0
25.0,-2.0
25.0,-2.0
2.0,-2.0
-14.514999999999997,-2.0
-23.0,-2.0
2.0,-2.0
25.0,-2.0
2.0,-2.0
2.0,-2.0
-2.0,2.0
-2.0,2.0
-20.7575,2.0
-2.0,2.0
-2.0,2.0
-2.0,2.0
-2.0,2.0
-2.0,2.0
-1.9999999999999996,1.9999999999999996
-1.9313843636497467,2.0
-2.061925611806103,2.061925611806103
1.942695191860136,-1.942695191860136
-2.0583819645748878,2.0583819645748878
-2.0616134388107983,2.0616134388107983
-1.936026219531059,2.079936229573833
-2.191804395869706,2.191804395869706
-2.191804395869706,2.321861224263201
-2.3091806834948376,2.3331320162753206
22.78894686355635,2.211053136443649
-2.0217401847252043,2.0217401847252043
-2.0392466332835175,2.0392466332835175
1.459328379699743,1.221229225533777
22.14032813193034,2.8596718680274016
23.095212990001315,1.9047870099986852
-1.9956469769911962,1.9956469769911962
-1.6358532470408544,1.6358532470408544
25.0,-1.588063014423824e-11
0.0,0.0
-1.5576515705318243,1.5576515705318243
-2.094201892007968,2.094201892007968
-2.289236509680636,2.289236509680636
0.0,0.0
-2.075187316948348,2.075187316948348
-24.999999999974364,2.0503396784339785
-2.418760560987966,2.418760560987966
-2.080001708642005,2.080001708642005
-25.0,2.0163505022569304
-1.953923090509253,1.953923090509253
-24.99999999996165,2.316140426136524
-2.0058696699988214,2.0058696699988214
-1.9769265165788266,1.9769265165788266
-2.0277565964739956,2.0277565964739956
-2.0075125464511814,2.0075125464511814
-2.2581531357266655,2.2581531357266655
-2.1882112840858703,2.1882112840858703
-2.3419808593722014,2.3419808593722014
-2.3167671554170433,2.3167671554170433
-2.028130235682525,2.028130235682525
-2.0873968616932057,2.0873968616932057
-2.2228499108466533,2.2228499108466533
1.6891290227688671,-1.6891290227688671
1.61706525386613,-1.61706525386613
25.0,-1.6252253574591151
25.0,-1.6668293259518379
1.5985366622365174,-1.5985366622365174
1.751205516611245,-1.751205516611245
1.4800381233172981,-1.4800381233172981
2.2170648145876015,-2.2170648145876015
1.9928371091595025,-1.9928371091595025
-2.1837579086545036,2.1837579086545036
-1.8302838567362256,1.8302838567362256
-1.9063112307564447,1.9063112307564447
1.9825358383115708,-1.9825358383115708
1.867162740879897,-1.867162740879897
2.104911830740227,-2.104911830740227
2.035648304672682,-2.035648304672682
-1.9497347969488015,1.9497347969488015
-2.042354294167891,2.042354294167891
-2.0644471792964736,2.0644471792964736
-2.028562704723676,2.028562704723676
-2.0,2.0
-2.0,2.0
2.0,-2.0
2.0,-2.0
2.0,-2.0
-2.0,2.0
2.0,-2.0
-1.9999999999999847,1.9999999999999847
-2.0,2.0
2.0,-2.0
-20.536751255113035,2.0
-25.0,0.0
-23.0,-2.0
0.0,0.0
0.0,0.0
2.0,-2.0
0.0,0.0
0.0,0.0
0.0,2.0
4.700831024930748,-1.9999999999999996
25.0,-2.0
-25.0,2.0
-2.0,2.0
-2.0,2.0
7.74792243774522,-2.0
-2.0,2.0
-2.0,2.0
23.0,2.0
-25.0,0.0
2.0,-2.0
-2.0,2.0
2.0,-2.0
2.0,-2.0
2.0,-2.0
2.0,-2.0
2.0,-2.0
1.9486936590553805,-1.9486936590553805
-2.060528513839918,2.060528513839918
1.9319236077865427,-1.9319236077865427
1.9291229951384743,-1.9291229951384743
1.9222223139555392,-1.9222223139555392
1.7885980757732236,-1.7885980757732236
1.5753785261821616,-1.5753785261821616
1.6709333613461754,-1.6709333613461754
22.857627998424945,2.1423720015579732
22.998398779215215,2.0016012207297855
23.480487399219662,1.5195126007803381
-1.5757288918335712,1.5757288918335712
22.839662705788108,2.1603372942118924
-2.034285184266233,2.034285184266233
-2.222617017488636,2.222617017488636
-24.602475608412725,2.0399756084285308
24.999999999961318,2.1167068098293385e-11
-2.2441883703079597,2.2441883703079597
-2.2547922762918535,2.2547922762918535
-2.1643797927433397,2.1643797927433397
0.0,0.0
-1.7647941182321727,1.7647941182321727
-1.9571924335838649,1.9571924335838649
-25.0,0.5002392553229136
-2.3592313776956146,2.3592313776956146
-25.0,2.242433149634124
-25.0,2.257327595042959
-2.126048323061788,2.126048323061788
-2.1995441652147747,2.1995441652147747
-25.0,2.1440473820968897
-2.1440473820968893,2.1345782789794323
-1.9461946916774675,1.9461946916774675
-1.9963645914845998,1.9963645914845998
-2.090987458749474,2.090987458749474
-2.064496312635436,2.064496312635436
-2.1345782789794323,2.1345782789794323
-2.1345782789794323,2.1345782789794323
1.7568814243853677,-1.7568814243853677
1.712883514139369,-1.712883514139369
1.5267184096380308,-1.5267184096380308
1.5630440931629952,-1.5630440931629952
-2.1345782789794323,2.1345782789794323
1.7094229334293072,-1.7094229334293072
-2.1345782789794323,2.1345782789794323
1.855775265508525,-1.855775265508525
2.0671035821800743,-2.0671035821800743
1.3986680873035269,-1.3986680873035269
2.0566915449789374,-2.0566915449789374
2.139710768918187,-2.139710768918187
1.7820503168813921,-1.7820503168813921
1.8912861378540846,-1.8912861378540846
25.0,-2.0235468439049527
1.9493983954316647,-1.9493983954316647
1.5481799428251226,-1.5481799428251226
1.732152283778778,-1.732152283778778
2.084436623014499,-2.084436623014499
2.194944048033441,-2.194944048033441
2.0741953111611786,-2.0741953111611786
1.9819482450952155,-1.9819482450952155
1.9401100075405695,-1.9401100075405695
2.0,-2.0
2.0,-2.0
2.0,-2.0
2.0,-2.0
2.0,-2.0
-2.0,2.0
2.0,-2.0
2.0,-2.0
-22.870827252355213,0.0
0.0,0.0
2.0,-2.0
2.0,-2.0
0.0,0.0
0.0,0.0
2.0,-2.0
0.0,0.0
23.0,2.0
25.0,0.0
25.0,0.0
25.0,0.0
-2.0,2.0
-2.0,2.0
5.263157894736842,8.881784197001252e-16
-2.0,2.0
-2.0,2.0
-2.0,2.0
-2.0,2.0
-2.0,2.0
-2.0,2.0
-2.0,2.0
-2.0,2.0
-2.0,2.0
-2.0,2.0
-2.0,2.0
-2.0,2.0
-2.0,2.0
-2.0435171880205387,2.0435171880205387
-2.038346826777663,2.038346826777663
-2.0318838783058424,2.0318838783058424
-2.029514132176454,2.029514132176454
-2.057089374880524,2.057089374880524
-2.2137477607208953,2.2137477607208953
-2.4051856079276543,2.4051856079276543
-2.326686424354571,2.326686424354571
-2.157889704937117,2.157889704937117
0.0,0.0
-1.5658590101731855,1.5658590101731855
-24.999999999985725,1.5003894683831014
22.968945027663136,2.0310549723249487
-1.138788816133177,2.1771384356493813
0.0,0.0
-24.833730508025113,2.2712305080251127
22.769582001738733,2.2304179982612666
-2.1268580850626986,2.1268580850626986
-24.99999999998105,2.034862684056442
-2.2639591167032123,1.8873332622409016
22.7259268044821,2.274073195517019
-1.9840319730139555,1.9840319730139555
0.8634494962744779,-0.8634494962744779
-24.999999999971752,1.8319974216874932
-2.1684607912607987,2.1684607912607987
-25.0,2.203664926012877
-25.0,2.0887967464305603
-24.999999999993456,2.079230446627104
-2.1512127975266306,2.1512127975266306
-2.110452672989652,2.110452672989652
-2.072675350647774,2.072675350647774
1.8580417155048465,-1.8580417155048465
-2.0985719559941867,2.0985719559941867
-2.0782597420617073,2.0782597420617073
-2.2633720928471206,2.2633720928471206
2.0562629959542935,-2.0562629959542935
-1.8001143840895928,1.8001143840895928
-2.4244263704051097,2.4244263704051097
-2.4244263704051097,2.4244263704051097
1.79723130316974,-1.79723130316974
-2.412526718990291,2.412526718990291
-2.4244263704051097,2.4244263704051097
-2.4244263704051097,2.4244263704051097
-2.4244263704051097,2.4244263704051097
2.443442207759354,-2.443442207759354
1.4818589833115556,-1.4818589833115556
1.9473036175041276,-1.9473036175041276
1.7305632126347419,-1.7305632126347419
1.879879412489709,-1.879879412489709
1.8861435495583425,-1.8861435495583425
-1.963427537876159,1.963427537876159
-1.8801609041907277,1.8801609041907277
-1.89146222795405,1.89146222795405
-2.075571685661171,2.075571685661171
-2.023415723050944,2.023415723050944
-1.886794735797191,1.886794735797191
-1.8085716791729771,1.8085716791729771
-1.9058657788178581,1.9058657788178581
-2.0241283401396575,2.0241283401396575
-2.0,2.0
-2.0,2.0
-2.0,2.0
-2.0,2.0
2.0,-2.0
-2.0,2.0
2.0,-2.0
-2.0,2.0
-2.4244263704051097,2.0
-2.0,2.0
-2.0,2.0
-2.0,0.0
2.0,-2.0
2.0,-2.0
0.0,0.0
2.0,-2.0
0.0,0.0
0.0,2.0000000000000004
-1.8050000000000002,1.8050000000000002
-1.7839335180055405,2.0
-2.0,2.0
2.0,-2.0
-2.0,2.0
-2.0,2.0
-2.0,2.0
-2.0,2.0
-2.0,2.0
-2.0,2.0
-2.0,2.0
-2.0,2.0
23.0,2.0
23.0,2.0
23.0,2.0
23.0,2.0
-2.0,2.0
1.0470914127423794,2.0
-2.0,2.0
-2.0,2.0
-2.0,2.0
0.0,0.0
-2.0,2.0
-2.021112299163087,2.021112299163087
-2.2539533681053214,2.2539533681053214
0.0,0.0
-2.2372124568585567,2.2372124568585567
-2.0067434934518715,2.0067434934518715
0.0,0.0
-24.345219964152907,1.7827199641791083
2.0320679637602277,-2.0320679637602277
22.99808068099609,2.001919318974881
-2.0512832436649724,2.0512832436649724
-1.9966315667974506,1.9966315667974506
0.0,0.0
-2.2348297179700563,2.2348297179700563
-2.0301259234821227,2.0301259234821227
-2.2902646486514016,2.2902646486514016
-24.705859431523017,2.1433594315271343
24.99999999998151,1.3926637620897964e-11
0.0,0.0
0.0,0.0
-23.084871641252917,-1.9151283587009118
25.0,-1.6177847618014738
1.7620587257832572,-1.7620587257832572
-2.181438442284003,2.181438442284003
-25.0,2.1850624901477893
-2.2914726646059957,2.2914726646059957
-2.49673313102285,2.49673313102285
-2.388531760494036,2.388531760494036
-2.487483036022555,2.487483036022555
-2.4793525963532197,2.4793525963532197
-2.5119601910649543,2.5119601910649543
-2.604059731377646,2.604059731377646
-2.6480065186914015,2.6480065186914015
1.3842690925343781,-1.3842690925343781
1.372822604889361,-1.372822604889361
-2.511852896021967,2.511852896021967
-2.7484441461389775,2.7484441461389775
-2.612503851260893,2.612503851260893
-2.6586981541516206,2.6586981541516206
-2.950025654875926,2.950025654875926
-2.7943601130652436,2.7943601130652436
1.4024202580715919,-1.4024202580715919
1.343137222230805,-1.343137222230805
1.349990219741258,-1.349990219741258
1.4591458850053645,-1.4591458850053645
1.5542187603034794,-1.5542187603034794
1.7844625619067145,-1.7844625619067145
1.862485623726533,-1.862485623726533
2.0045347934345745,-2.0045347934345745
1.8301481600642093,-1.8301481600642093
1.248566109045493,-1.248566109045493
1.2927560458610823,-1.2927560458610823
1.7380358390184558,-1.7380358390184558
-1.8516498894457123,1.8516498894457123
-1.8922753823717624,1.8922753823717624
-2.026272473293885,2.026272473293885
-2.0525653158810875,2.0525653158810875
-2.0,2.0
-2.0,2.0
-2.0,2.0
-2.0,2.0
23.0,2.0
-2.0,2.0
-21.85001174266814,2.0
-25.0,2.0
-25.0,2.0
-25.0,2.0
2.0,-2.0
-2.0,2.0
-2.0,2.0
-2.0,2.0
-2.0,0.0
2.0,-2.0
2.0,-2.0
7.263157894736848,2.0
25.0,-2.0
25.0,-2.0
25.0,-2.0
25.0,0.0
2.0,-2.0
2.000000000000006,-2.0000000000000004
2.0,-2.0
2.0,-2.0
2.0,-2.0
2.0,-2.0
2.0,-2.0
-2.0,2.0
2.0,-2.0
2.000000000000006,-2.000000000000006
2.000000000000006,-2.000000000000006
2.0,-2.0
2.0,-2.0
2.0,-2.0
-2.058946316284574,2.058946316284574
-2.058679875967688,2.058679875967688
-2.062906033436001,2.062906033436001
-2.0624751669173205,2.0624751669173205
1.9063933834545717,-1.9063933834545717
1.740637753672621,-1.740637753672621
-2.387077202620806,2.387077202620806
1.9999999999999996,-1.8098312125268898
-2.109922193674167,2.109922193674167
-1.9624464193801199,1.9624464193801199
-1.8874512867881883,1.8874512867881883
1.8098312125268938,-1.8098312125268938
-24.88460059871517,2.10869177199001
22.96840918360742,2.0315908163925798
-1.9391403581745834,1.9391403581745834
2.0462952864606,-2.0462952864606
2.0462952864605963,2.220446049250313e-15
-2.1068052726753326,2.1068052726753326
-2.198864419560074,2.198864419560074
-24.78741186909778,2.2249118691139813
22.65745363261857,2.342546367363486
-2.372077750077983,2.372077750077983
-2.5379672471909167,2.5379672471909167
-25.0,0.0
-2.30637657722451,2.30637657722451
-2.294930089579493,2.294930089579493
-2.1869294238958012,2.1869294238958012
-25.0,2.22280257479828
-24.999999999960714,2.2555919399357833
-24.44208334763656,2.2174996750853673
-2.253810842222162,2.253810842222162
1.5783721367749752,-1.5783721367749752
1.4523711497615626,-1.4523711497615626
1.288080979936483,-1.288080979936483
1.3264522118986726,-1.3264522118986726
1.4517589368692132,-1.4517589368692132
-2.2538108422221628,2.2538108422221628
-2.2538108422221628,2.2538108422221628
-2.2538108422221628,2.2538108422221628
-2.2538108422221628,2.2538108422221628
1.2551590738635223,-1.2551590738635223
1.327431752526433,-1.327431752526433
-2.2538108422221628,2.2538108422221628
1.6362379706647658,-1.3107694634975178
-2.5475461699406043,2.5475461699406043
1.2089811808029012,-1.2089811808029012
-2.39492591390888,2.39492591390888
-2.5475461699406043,2.5901306056762525
-2.5859786231920268,2.5859786231920268
-2.5569231255505507,2.5569231255505507
-2.2058537448898523,2.2058537448898523
-1.7928404113222385,1.7928404113222385
-1.8338523636365842,1.8338523636365842
-2.396928859902564,2.396928859902564
-2.5337470806912243,2.5337470806912243
-2.144284062338773,2.144284062338773
-1.8424644475981613,1.8424644475981613
-1.8487756445882249,1.8487756445882249
-1.9793525383665613,1.9793525383665613
25.0,-1.97845683678365
23.0,2.0
23.0,2.0
-2.0,2.0
2.0,-2.0
0.7834666725819468,2.0
2.0,-2.0
-25.0,2.0
-25.0,2.0
-2.0,2.0
-25.0,2.0
-1.9999999999999996,0.0
0.0,0.0
2.0,-2.0
0.0,0.0
0.0,0.0
2.0,-2.0
0.0,0.0
0.0,0.0
0.0,0.0
2.0,-2.0
2.0,-2.0
2.0,-2.0
25.0,-2.0
25.0,-2.0
2.0,-2.0
2.0,-2.0
2.0,-2.0
-14.514999999999997,-2.0
-25.0,2.0
-1.9999999999999996,1.9999999999999996
25.0,-2.0
2.0,-2.0
2.0,-2.0
-1.9999999999999847,1.9999999999999847
25.0,-2.0
25.0,-2.0
2.0,-2.0
10.968387974120551,-2.0
25.0,-2.0
-2.0,2.0
-2.0256363630933616,2.0256363630933616
1.7181845598570515,-1.7181845598570515
-2.3299876403684245,2.3299876403684245
1.9364546685764674,-1.9364546685764674
2.0787034386218326,-2.0787034386218326
2.0787034386218437,-1.9495934199509808
1.9495934199509795,-2.220446049250313e-15
0.0,0.0
0.0,0.0
-24.195944157752088,1.6334441577520877
25.0,-2.3381415902751215
2.338141590275119,-1.977166983704584
-0.7335863072742193,2.7107532909788032
-1.968667322857904,1.968667322857904
-24.11295834040937,1.7368847841087423
-25.0,2.25107355633131
22.59184018925225,2.4081598107406315
22.85526845419035,2.1447315457827685
-2.082028322659875,2.082028322659875
-24.9999999999862,3.4713565355559695e-11
-2.267209468502264,2.267209468502264
-23.809357536518085,1.9104515571212062
-25.0,2.066644738084463
-24.99999999999989,2.0856845590365616
-2.1329600172722305,2.1329600172722305
-2.253423317772775,2.253423317772775
-2.161905064134162,2.161905064134162
-1.9048406575201824,1.9048406575201824
1.7725490252510419,-1.7725490252510419
1.9314245822890381,-1.9314245822890381
1.8541147169314414,-1.8541147169314414
1.9317445739760668,-1.9317445739760668
1.3441931316832818,-1.3441931316832818
2.085813313088149,-2.085813313088149
-2.1067793956355505,2.1067793956355505
-2.253423317772775,2.253423317772775
-2.065196255004114,2.065196255004114
-2.253423317772775,2.253423317772775
-2.077656996379032,2.077656996379032
-2.2120610787004367,2.2120610787004367
1.9279368622445752,-1.9279368622445752
1.5016473449753232,-1.5016473449753232
-2.120073251461914,2.120073251461914
1.8590005436611303,-1.7491214681880027
-2.3525891833872725,2.3525891833872725
-2.134643918299849,2.134643918299849
-2.2695876315727563,2.2695876315727563
-1.3196818946860533,1.3196818946860533
-1.449726326951879,1.449726326951879
-2.094615924644445,2.094615924644445
-2.0369333205993057,2.0369333205993057
23.00014374380024,1.9998562561997595
2.0945061444589155,-2.0945061444589155
4.6761542103809655,-2.0197433332477495
2.0031433502925142,-2.0031433502925142
2.0,-2.0
23.0,2.0
25.0,0.0
2.0,-2.0
2.0,-2.0
25.0,0.0
0.0,0.0
-2.0,2.0
-25.0,2.0
-25.0,2.0
-25.0,2.0
-25.0,2.0
-2.999999999999998,2.0
-2.0,2.0
0.0,-2.0
2.0,-2.0
2.0,-2.0
2.0,-2.0
2.0,-2.0
2.0,-2.0
2.0,-2.0
2.0,-2.0
2.0,-2.0
0.0,0.0
2.0,-2.0
0.0,1.9999999999999998
-1.805,2.0
-1.9809875,2.0
2.00205398199446,-2.0
-2.0,2.0
2.0,-2.0
-2.0,2.0
-2.0,2.0
-2.0,2.0
-2.0,2.0
2.0,-2.0
-2.0,2.0
1.9890129875979048,-1.9890129875979048
25.0,-1.9732864804716144
10.518445252297234,-1.9704858678235464
-2.0221894555981095,2.0221894555981095
25.0,-1.9670389627937155
25.0,-1.736883746167262
25.0,-1.7282592882667878
1.9046005059680786,-1.9046005059680786
-2.0505419611473794,2.0505419611473794
-1.9593332852651484,1.9593332852651484
-1.6945363773618665,1.6945363773618665
1.9046005059680744,-1.8746579307800086
-2.354302748338543,2.354302748338543
1.874657930780005,-1.874657930780005
1.8746579307800086,0.0
-20.561355098776573,-2.0011449012234266
25.0,0.0
-2.192929741388147,2.192929741388147
-25.0,1.9292414437378653
-25.0,2.091768819121363
24.999999999990784,-2.2211565919860732e-11
25.0,0.0
-2.04256015666995,2.04256015666995
-25.0,0.0
1.5721364013353636,-1.5721364013353636
-1.80665307023882,1.80665307023882
-1.9555994177691307,1.9555994177691307
-22.529637478549247,2.0603042321911182
-25.0,1.8552671919226071
-25.0,2.032199873548379
-2.151392674510463,2.151392674510463
-2.2443739276176053,2.2443739276176053
-2.349050340410564,2.349050340410564
-2.5641440819437236,2.5641440819437236
-2.1170513181334893,2.1170513181334893
-1.9357738184139688,1.9357738184139688
-2.2836956674312106,2.2836956674312106
-1.9521413616483176,1.9521413616483176
-1.8805427483143067,1.8805427483143067
-1.9875537750132537,1.9875537750132537
-2.126480658970305,2.126480658970305
-2.564144081943724,2.564144081943724
-2.108637493321199,2.108637493321199
-1.8571978715491024,1.8571978715491024
-1.9187991114657645,1.9187991114657645
-2.2051449664588123,2.2051449664588123
-2.2562281364259746,2.2562281364259746
-2.4883735848793664,2.4883735848793664
-2.2614029132346145,2.2614029132346145
-2.441965323049975,2.441965323049975
22.933608351936023,2.066391648012477
24.99999999996596,3.40385497565876e-11
4.617117368537894,-2.195116351249524
-1.9330292743290376,1.9330292743290376
-2.2703789325148005,2.270378932514801
-1.894825138617622,1.894825138617622
-2.020702657438182,2.020702657438182
-1.9988765577851717,1.9988765577851717
-2.006423018542679,2.006423018542679
-2.03306416569085,2.03306416569085
22.999999999999996,2.0
25.0,-2.0
2.0,-2.0
2.0,-2.0
2.0,-2.0
2.0,-2.0
2.0,-2.0
-25.0,2.0
-22.194999999999993,2.0
-23.0,-2.0
2.0,-2.0
2.0,-2.0
2.0,-2.0
1.9999999999999996,-1.9999999999999996
2.0,-2.0
-23.0,-2.0
2.0,-2.0
25.0,-2.0
2.0,-2.0
2.0,-2.0
-16.7575,-2.0
-2.0,2.0
-2.0,2.0
-2.0,2.0
-2.0,2.0
-2.0,2.0
-2.0,2.0
23.0,2.0
-24.5625,2.0
-1.9999999999999996,0.0
2.0,-2.0
2.0,-2.0
23.0,2.0
11.254540630929561,-2.0
25.0,-2.0
25.0,-2.0
25.0,-1.9541130658500734
1.962084034810179,-1.962084034810179
1.962730329657361,-1.962730329657361
1.9627303296573624,-1.9564828119794615
1.9082571010632554,-1.9082571010632554
1.7721971310397389,-1.7721971310397389
1.9564828119794548,0.0
0.0,0.0
-2.1110844514486646,2.1110844514486646
-1.7369419029404503,1.7369419029404503
0.0,0.0
-3.6875788326975867,1.8175965334764073
2.0720025476135007,-2.0720025476135007
1.8951878905350217,-1.8951878905350217
-25.0,1.80240923571494
-22.658336607725587,-2.3416633922744126
24.99999999994995,-1.8221363760894747
1.8123409698118707,-1.8123409698118707
2.286223412414577,-2.286223412414577
-17.930403873372438,1.954955016363881
24.999999999961737,3.505107315504574e-11
24.99999999997204,9.805489753489383e-12
0.0,0.0
-2.0438047791686245,2.0438047791686245
0.0,0.0
-1.9293443207496708,1.9293443207496708
-2.307366847356569,2.307366847356569
-24.999999999983693,2.051285137106909
-2.8703686537595434,2.1514627318620647
-24.99999999995609,1.8987570285826934
-25.0,2.029921431753131
-24.999999999950365,1.9343650976142541
-1.763990036557061,1.763990036557061
-2.1954227732693656,2.1954227732693656
-2.0280058996621193,2.0280058996621193
-2.1954227732693656,2.1954227732693656
1.9107677619243653,-1.9107677619243653
-2.0007826226665095,2.0007826226665095
-2.1954227732693656,2.1954227732693656
-2.126326027878939,2.126326027878939
-2.1954227732693656,2.1954227732693656
2.20933262887195,-2.20933262887195
1.8026837847955317,-1.8026837847955317
2.184377695314595,-2.184377695314595
-2.1954227732693656,2.1954227732693656
-2.14090679307386,2.14090679307386
-1.997207173145723,1.997207173145723
-1.9209497590428661,1.9636831525373994
-2.2339896608981817,2.2339896608981817
-1.8552684542172297,1.8552684542172297
-1.6049951926771555,1.6049951926771555
25.0,0.0
2.3710789594572175,-2.3710789594572175
-2.0856378541354945,2.0856378541354945
-1.8182693365106801,1.8182693365106801
-1.2311695548605386,1.9414303184082629
23.005421594854223,1.9945784051457771
-2.0179501648417926,2.0179501648417926
-1.9507457272936426,1.9507457272936426
1.9991653535987073,-1.9991653535987073
2.0,-2.0
-2.0,2.0
-2.0,2.0
-2.0,2.0
2.0,-2.0
2.0,-2.0
-2.0,2.0
-2.0,2.0
-2.0,2.0
-25.0,2.0
-2.0,2.0
-2.0,2.0
-2.0,2.0
-25.0,0.0
0.0,0.0
2.0,-2.0
0.0,2.0000000000000004
-1.8050000000000002,2.0
2.0,-2.0
25.0,-2.0
2.0,-2.0
2.0,-2.0
4.50583102493075,-1.9999999999999996
2.0,-2.0
-25.0,2.0
-2.0,2.0
0.0,-2.0
2.0,-2.0
2.0,-2.0
2.0,-2.0
4.21606648199446,-2.0
-2.0,2.0
-2.0,2.0
-2.0,2.0
-2.0,2.0
2.0,-2.0
2.0008897743463976,-1.9851352185148126
1.9894438504184555,-1.9894438504184555
1.9900901452656385,-1.9900901452656385
-2.0142184866380055,2.0142184866380055
22.90994958791319,2.0900504120868106
22.63972403405681,2.3602759659431882
24.999999999962892,2.240341245851596e-11
25.0,0.0
-1.9752344106361548,1.9752344106361548
2.5021900306798184,-2.5021900306798184
3.0313368569255204,-2.0505044078823333
-2.013921216254195,2.013921216254195
-2.252819309795478,2.252819309795478
-2.122878701262426,2.122878701262426
-1.8656249504549365,1.8656249504549365
2.050504407882338,-2.050504407882338
2.050504407882332,0.0
0.0,0.0
0.0,0.0
-24.488477780965226,1.9259777809890544
22.545599181441176,2.45440081853242
-1.8777246755675616,1.8777246755675616
-2.010985750107471,2.010985750107471
-1.8461016706620814,1.8461016706620814
-1.8202643931629687,1.8202643931629687
-1.9605962110358686,1.9605962110358686
-25.0,1.9867616851370684
-24.999999999976602,1.9779010080280912
-2.638374049482344,2.224595664310818
-25.0,1.7276826563041325
-24.999999999944833,2.1515536170749456
-1.9899388807041696,1.9899388807041696
-1.910418106313685,1.910418106313685
-2.062725313278804,2.062725313278804
-2.430120581451277,2.430120581451277
-1.84034686947399,1.84034686947399
1.6020616199723694,-1.6020616199723694
2.401828772056959,-2.401828772056959
1.5475835086155652,-1.5475835086155652
2.0616536251435367,-2.0616536251435367
1.173235521657391,-1.173235521657391
2.011911643213738,-2.011911643213738
1.737332898700048,-1.737332898700048
2.987444961090647,-2.009739234166862
2.310744116621482,-2.310744116621482
1.4773589029791268,-1.4773589029791268
-2.30316025052408,2.30316025052408
-2.310522583915075,2.310522583915075
-1.6317558386932873,1.6317558386932873
-2.211207767535015,2.211207767535015
-2.0044988180378063,2.0044988180378063
-1.6627622126752355,1.6627622126752355
2.505626627792031,-2.505626627792031
-1.9922510888805887,1.9922510888805887
-2.3713102749469552,2.3713102749469552
-2.2910475868915654,2.2910475868915654
-1.9525823758323697,1.9525823758323697
-1.9210441813469006,1.9210441813469006
-1.9773384733323471,1.9773384733323471
-2.0091512834647243,2.0091512834647243
23.0,2.0
23.0,2.0
23.0,2.0
-2.0,2.0
-2.0,2.0
-2.0,2.0
-2.0,2.0
-25.0,2.0
-25.0,2.0
-25.0,2.0
-1.9999999999999996,1.9999999999999996
-1.999999999999999,1.999999999999999
-2.0,2.0
-1.9999999999999996,0.0
2.0,-2.0
0.0,0.0
2.0,-2.0
0.0,0.0
2.0,-2.0
25.0,-2.0
-20.7575,0.0
0.0,0.0
0.0,2.0
-1.805,2.0
-1.9809875,1.9809875
-1.9809875,2.000000000000007
-1.9981462812500064,2.0
-1.999799736755541,2.0
-2.0,2.0
-2.0,2.0
2.0,-2.0
-2.0,2.0
2.0,-2.0
2.0,-2.0
8.884225103862647,-2.000000000000001
-2.0,2.0
-2.0318838783058424,2.0318838783058424
25.0,-1.9717784575179103
-2.0260672246812037,2.0260672246812037
22.964238352607936,2.0357616473889344
25.0,-1.8653552335959525
25.0,-3.275602011854062e-12
-2.3855450925216513,2.3855450925216513
-2.183504503008856,2.183504503008856
0.0,0.0
-1.3983929070756256,1.3983929070756256
-1.964718865275902,1.964718865275902
-1.8279700706915296,1.8279700706915296
-2.5268369643490622,2.5268369643490622
-1.9514319520699672,1.9514319520699672
-1.7988236878371637,1.7988236878371637
-1.867143490886889,1.867143490886889
-2.0909230817236804,2.0909230817236804
-1.8509166935030503,1.8509166935030503
-1.8562896505675628,1.8562896505675628
-1.9650918733371157,1.9650918733371157
0.0,0.0
-1.956321450293716,1.956321450293716
-1.759637013548259,1.759637013548259
0.0,0.0
0.0,0.0
-1.8840064847609224,1.8840064847609224
-1.977888385081858,1.977888385081858
-3.8815810827125183,2.035454069087505
-2.062575731365932,2.062575731365932
-1.888781114173943,1.888781114173943
-1.9570295975774439,1.9570295975774439
-1.8975868814667969,1.8975868814667969
-2.0362341671647695,2.0362341671647695
-1.9247401011108085,1.9247401011108085
-2.216104208379191,2.216104208379191
-2.2177331995906933,2.2177331995906933
-2.3683003334174533,2.3683003334174533
2.0455700981994602,-2.0455700981994602
-2.1486320361690847,2.1486320361690847
-2.3331145019374198,2.3331145019374198
1.297187173349709,-1.297187173349709
2.0455700981994602,-2.0455700981994602
-2.304785454851711,2.304785454851711
-1.8994677004556682,1.8994677004556682
2.0455700981994602,-2.0455700981994602
1.8037037188512404,-1.8037037188512404
1.6186790975421506,-1.6186790975421506
2.0455700981994536,-2.0455700981994536
1.981959916389643,-1.981959916389643
1.6232227270390869,-1.6232227270390869
-2.1166921953131315,2.1166921953131315
2.0455700981994602,-2.0455700981994602
-1.1481890717398402,1.1481890717398402
-1.774077032892671,1.774077032892671
-2.347385689375953,2.347385689375953
2.0455700981994602,-1.6175573909824297
1.6175573909824357,-1.6175573909824357
-1.9007035855087466,1.9007035855087466
-1.9766533579946572,1.9766533579946572
-2.021244845029383,2.021244845029383
-2.0,2.0
-2.0,2.0
-2.0,2.0
-25.0,2.0
-2.0,2.0
-2.0,2.0
-24.540154454638348,2.0
-25.0,2.0
-25.0,2.0
-2.0,2.0
-2.0,2.0
-2.0,2.0
-2.0,2.0
-2.0,2.0
-2.0,2.0
-2.0,0.0
0.0,0.0
0.0,0.0
0.0,0.0
0.0,0.0
0.0,0.0
0.0,0.0
9.69922956419016,2.0
-2.0,2.0
-2.0,2.0
-2.0,2.0
2.0,-2.0
25.0,-2.0
-2.0,2.0
2.0,-2.0
2.0,-2.0
2.0000000000000013,-2.0000000000000013
-2.0,2.0
2.0,-2.0
-2.0,2.0
25.0,-2.0
1.9640229218171443,-1.9640229218171443
1.9663926679465324,-1.9663926679465324
-2.0333918987941275,2.0333918987941275
-2.040285711319209,2.040285711319209
-2.1488670848813025,2.1488670848813025
1.6060158564969447,-1.6060158564969447
1.6218172408693432,-1.6218172408693432
-2.1466877868753875,2.1466877868753875
-2.1002586971847093,2.1002586971847093
1.9566117780570984,-1.9566117780570984
2.1299570183631555,-2.1299570183631555
25.0,-2.436071669453309
25.0,0.0
-1.8625323286275997,1.8625323286275997
-1.8112837980647711,1.8112837980647711
-24.57219884069501,2.00969884073891
22.54150682224987,2.458493177701495
-2.2205045674363735,2.2205045674363735
-2.2323158582275493,2.2323158582275493
0.0,0.0
0.0,0.0
-2.0442232298362804,2.0442232298362804
-2.139327031352673,2.139327031352673
-2.075793218367579,2.075793218367579
-2.082113527546955,2.082113527546955
-1.9213035039985957,1.9213035039985957
-25.0,1.9867597916951283
-25.0,1.8898483842780323
-2.1345871150417963,2.1345871150417963
-2.2842775852526014,2.2842775852526014
-2.3254220785024042,2.3254220785024042
-2.1699982661121044,2.1699982661121044
-2.419905462211391,2.419905462211391
-2.3296772736778966,2.3296772736778966
-2.2448308782712747,2.2448308782712747
-2.1982648296139597,2.1982648296139597
1.7464188953992998,-1.7464188953992998
1.749616287680377,-1.749616287680377
1.602731898417396,-1.602731898417396
1.5461236648836003,-1.5461236648836003
1.357466790795673,-1.357466790795673
-2.4132727351127254,2.4132727351127254
1.4826169912329092,-1.4826169912329092
1.6009072515392688,-1.6009072515392688
1.8865866149711579,-1.8865866149711579
1.2832400800557355,-1.2832400800557355
-2.379480476896928,2.379480476896928
1.5494024751678879,-1.5494024751678879
1.9985837054325426,-1.9985837054325426
1.6896541373322016,-1.6896541373322016
-2.4792932685059217,2.4792932685059217
2.275537457280162,-2.275537457280162
-1.8089536021899706,1.8089536021899706
-2.137968486764235,2.137968486764235
1.3818413843999164,-1.3818413843999164
1.7582123562789211,-1.7582123562789211
2.182632178530671,-2.182632178530671
2.2084472278104004,-2.2084472278104004
2.0457642351678618,-2.0457642351678618
1.9633766269699624,-1.9633766269699624
25.0,0.0
25.0,-2.0
2.0,-2.0
-2.0,2.0
-2.0,2.0
-2.0,2.0
-23.196608175973168,2.0
-25.0,2.0
-25.0,2.0
-25.0,0.0
0.0,0.0
0.0,0.0
0.0,0.0
0.0,0.0
0.0,0.0
0.0,0.0
0.0,0.0
0.0,0.0
2.0,-2.0
0.21606648199446,2.0
2.0,-2.0
-2.0,2.0
-2.0,2.0
23.0,2.0
-2.0,2.0
-2.0,2.0
-2.0,2.0
-2.0,2.0
25.0,-2.0
25.0,0.0
-2.0,2.0
-2.0,2.0
-2.0,2.0
-2.0,2.0
7.047091412742385,-2.0
23.0,2.0
-2.0236974760863964,2.0236974760863964
-2.0243437733989977,2.0243437733989977
-2.022404886392032,2.022404886392032
-2.0329610372062854,2.0329610372062854
-2.146493492120151,2.146493492120151
-2.344381664852497,2.344381664852497
-2.321666594210955,2.321666594210955
-2.1424635179181704,2.1424635179181704
-2.0473044910120084,2.0473044910120084
-1.9461890113516649,1.9461890113516649
-1.7809458090859156,1.7809458090859156
-1.5356175867330215,1.5356175867330215
-2.3946936516981765,2.3946936516981765
-1.8569801257265635,1.8569801257265635
-2.047101892724953,2.047101892724953
-1.8562467325503675,1.8562467325503675
-2.5317485527287236,2.5317485527287236
-2.0559966517887585,2.0559966517887585
-2.0396631905092413,2.0396631905092413
-2.005222112857016,2.005222112857016
-2.7954210716962127,2.7954210716962127
-2.19901463262026,2.19901463262026
0.0,0.0
-25.0,0.0
2.635117168792201,-1.863086475967272
2.002664703950005,-2.002664703950005
-24.99999999997378,2.384314434157247
-24.99999999997534,2.1187390060449793
-25.0,2.3331561576599924
-2.3579981158485523,2.3579981158485523
-2.325079996659465,2.325079996659465
-2.532967298187616,2.532967298187616
-2.516606697573698,2.516606697573698
1.4942932164993845,-1.4942932164993845
-2.532967298187616,2.532967298187616
-2.5173123202681804,2.5173123202681804
-2.532967298187616,2.532967298187616
1.2353517777804033,-1.2353517777804033
-2.532967298187616,2.8375129170608844
-2.8078197192207406,2.8955235599212767
-2.820753431345967,2.820753431345967
1.3647780012544182,-1.3647780012544182
-2.819483562954824,2.819483562954824
25.0,-1.2360820152200418
-2.2002276977533484,2.2002276977533484
1.3563446108754675,-1.3563446108754675
1.1024813834264329,-1.1024813834264329
8.515997442736865,-1.2706852977313767
1.531257621103789,-1.531257621103789
1.2349920238127332,-1.2349920238127332
1.3593412983114224,-1.3593412983114224
24.999999999975472,-1.944933659348692
2.268793017107323,-2.268793017107323
1.8937368828654213,-1.8937368828654213
1.516727347693803,-1.516727347693803
1.6339935714869256,-1.6339935714869256
2.004146716731291,-2.004146716731291
2.16461116740314,-2.16461116740314
2.0833745007056734,-2.0833745007056734
1.9633766269699624,-1.9633766269699624
25.0,-2.0
2.0,-2.0
2.0,-2.0
2.0,-2.0
23.0,2.0
0.0,0.0
-2.0,2.0
-2.0,2.0
-25.0,2.0
-25.0,0.0
-25.0,2.0
-2.0,2.0
-23.999999999999996,2.0
-2.0,2.0
-1.9999999999999996,1.9999999999999996
-1.9999999999999996,0.0
0.0,0.0
0.0,0.0
25.0,-2.0
25.0,0.0
-23.0,-2.0
-18.319999999999997,2.0
2.0,-2.0
2.0,-2.0
2.0,-2.0
-2.0,2.0
2.0,-2.0
-2.0,2.0
-2.0,2.0
-2.0,2.0
-2.0,2.0
-2.0,2.0
-2.0,2.0
-2.0,2.0
-2.0,2.0
-1.9872718684661852,1.9999999999999993
-2.0114871387092674,2.0114871387092674
-2.009425624217393,2.009425624217393
25.0,0.0
22.96599705691915,2.034002943077784
-2.161535049091837,2.161535049091837
-2.387895642897255,2.387895642897255
22.666395096566056,2.333604903398612
0.9202628923693426,2.1141003888776293
-2.085205833800634,2.085205833800634
-1.9981860826261704,1.9981860826261704
-1.9316726231825356,1.9316726231825356
-1.5403461423922877,1.5403461423922877
25.0,0.0
-1.8877839014214555,1.8877839014214555
0.0,0.0
-1.7718219435479643,1.7718219435479643
-2.4674794531254953,2.4674794531254953
-2.374205978813043,2.374205978813043
-2.3387784179126285,2.3387784179126285
-2.075032054709668,2.075032054709668
-2.6344627285296074,2.6344627285296074
-2.1528310592338293,2.1528310592338293
0.0,0.0
-23.03887741210617,-1.9611225878938292
-2.225171901806405,2.225171901806405
-24.999999999967578,2.1669283655879887
-24.99999999994327,2.1115792709410357
-23.85907742833251,1.973955075035338
-2.2663176573508323,2.2663176573508323
-2.3572773456185896,2.3572773456185896
-2.3933852833210185,2.3933852833210185
-2.306533101757811,2.306533101757811
1.6956090122181013,-1.6956090122181013
1.7174908895147851,-1.7174908895147851
1.5948406635791965,-1.5948406635791965
1.5529854984564153,-1.5529854984564153
1.4920166681460767,-1.4920166681460767
1.8179816504746924,-1.5670039113966139
1.5294626381493064,-1.5294626381493064
-2.6198926928389845,2.6198926928389845
1.7959058938151706,-1.7959058938151706
1.5178097653333698,-1.5178097653333698
1.3842204941913732,-1.3842204941913732
1.355014152342397,-1.355014152342397
-1.1796225304846697,-1.4402701623543148
1.5336029645140723,-1.5336029645140723
1.3355602987538298,-1.3355602987538298
1.8319160036842828,-1.8319160036842828
1.5410789044211732,-1.5410789044211732
1.6687865137654239,-1.6687865137654239
1.833777257106492,-1.833777257106492
4.894606196010404,-2.4074390405106687
-1.6044208486235085,1.6044208486235085
-1.932175332016305,1.932175332016305
-2.244668357838511,2.244668357838511
25.0,-5.072919861959235e-11
-1.9605509262162535,1.9605509262162535
8.9823844450714,-2.140122493922304
24.999999999961695,-2.067900469761998
25.0,-1.9983707420609598
25.0,-2.0
2.0,-2.0
2.0,-2.0
2.0,-2.0
-1.1080332409972256,2.0
-2.0,2.0
-25.0,2.0
-25.0,2.0
-25.0,2.0
-25.0,1.999999999999993
-2.0,2.0
-2.0,0.0
0.0,0.0
0.0,0.0
25.0,-2.0
-20.7575,0.0
0.0,2.0000000000000004
-1.8050000000000002,2.0
-1.9809875,1.9809875
-1.9809875,2.0
-1.99814628125,1.99814628125
2.0,-2.0
2.0,-2.0
25.0,0.0
2.0,-2.0
-2.0,2.0
2.0,-2.0
2.0,-2.0
2.0,-2.0
-2.0,2.0
2.0,-2.0
-2.0,2.0
-2.0,2.0
-2.0,2.0
-2.0,2.0
-2.0,2.0
-2.0,2.0
-2.0,2.0
-2.0,2.0
-2.0061996047214326,2.0061996047214326
-2.1620499124421957,2.1620499124421957
-2.3273065265883175,2.3273065265883175
22.74795842147904,2.2520415785206325
24.99999999994328,-1.88315727605303
22.92430965864423,2.07569034135577
2.9506318199260395,1.9816708509208842
-1.9749030582975111,1.9749030582975111
-1.9711319531100973,1.9711319531100973
-1.8113910931077601,1.8113910931077601
-2.063895460394699,2.063895460394699
-2.075405693918194,2.075405693918194
-2.1321458372401345,2.1321458372401345
-2.459125587307817,2.459125587307817
-2.432467187156181,2.432467187156181
-2.352957773417309,2.352957773417309
-2.393988660151006,2.393988660151006
-2.456184440835292,2.456184440835292
0.0,0.0
-2.357916066698033,2.357916066698033
-25.0,2.4955528855499693
-2.5565999781269593,2.5565999781269593
-2.4968290654142287,2.4968290654142287
-2.4759810074141146,2.4759810074141146
-25.0,2.4400346434234805
-25.0,2.3444675797803036
-2.4800683174046902,2.4800683174046902
-2.5219878595532617,2.5219878595532617
-2.6466836339260738,2.6466836339260738
1.089676035619327,-1.089676035619327
-2.6677942492078603,2.6677942492078603
-2.617746791979199,2.617746791979199
1.3126187251208048,-1.3126187251208048
1.3204449517858947,-1.3204449517858947
1.194218645182211,-1.194218645182211
0.981530837201257,-0.981530837201257
0.8879209613716625,-0.8879209613716625
0.6715504088269348,-0.6715504088269348
0.7771501901369149,-0.7771501901369149
1.064076700656729,-1.064076700656729
0.9613158199547787,-0.9613158199547787
1.6645502530092848,-1.6645502530092848
1.3127058234498161,-1.3127058234498161
-2.6080624676284536,2.6080624676284536
-2.9075929899629376,2.9075929899629376
-2.319657810104637,2.319657810104637
-2.462109651797542,2.462109651797542
-2.010987643549411,2.010987643549411
-1.879122666862978,1.879122666862978
-2.0128337494361324,2.0128337494361324
-2.4515164753179493,2.4515164753179493
-2.5471507561498234,2.5471507561498234
25.0,0.0
0.12315899502922245,2.0079209776552656
25.0,-2.0951299546831166
-1.9975669764217754,1.9975669764217754
-2.0595944971774336,2.0595944971774336
25.0,0.0
-2.0,2.0
-2.0,2.0
0.0,0.0
-2.0,2.0
-2.0,2.0
-25.0,2.0
-25.0,2.0
-25.0,1.0
-25.0,0.0
0.0,0.0
2.0,-2.0
0.0,0.0
2.0,-2.0
2.0,-2.0
2.0,-2.0
2.0,-2.0
2.0,-2.0
2.0,-2.0
2.0,-2.0
25.0,-2.0
9.314702533043699,-1.9999999999999991
2.0,-2.0
2.0,-2.0
2.0,-2.0
2.0,-2.0
2.0,-2.0
2.0,-2.0
2.0,-2.0
2.0,-2.0
2.0,-2.0
2.0,-2.0
-2.0,2.0
-2.0,2.0
2.0,-2.0
-2.0,2.0
-23.017958334008267,-1.9820416659917335
-2.015086504028872,2.015086504028872
1.9824820712172462,-1.9824820712172462
-2.036091081631451,2.036091081631451
-2.1569200728290663,2.1569200728290663
-2.359019036071937,2.359019036071937
-2.30882921567778,2.30882921567778
-2.119392559086244,2.119392559086244
-2.1724218717890373,2.1724218717890373
-1.8909762445240403,1.8909762445240403
23.164668858203417,1.8353311417879006
0.9733887361631641,1.675897650526363
22.703122820945794,2.296877179036091
23.014533429146546,1.985466570853454
-2.225597295094488,2.225597295094488
-2.1959560927477515,2.1959560927477515
25.0,-3.8824055081931874e-11
-2.3198465231508383,2.3198465231508383
-2.311791821158904,2.311791821158904
-2.535301280946289,2.535301280946289
-2.5015184899401657,2.5015184899401657
0.0,0.0
-2.366550161922106,2.366550161922106
-25.0,2.8762769943568856e-11
22.757745465029604,2.242254534944909
-2.5109730766694547,2.5109730766694547
-2.5903068863360197,2.4889536092588194
-25.0,2.5255929729976963
-24.999999999999996,2.531205134893348
-24.999999999961517,2.591800325995159
-25.0,2.4389528569312198
-2.5486980137844597,2.5486980137844597
-2.5486980137844597,2.5486980137844597
-2.5486980137844597,2.5486980137844597
1.5430531332121706,-1.5430531332121706
1.322850885338104,-1.322850885338104
1.6044612420514586,-1.6044612420514586
-2.5486980137844597,2.5486980137844597
0.9596899844798372,-0.9596899844798372
-2.5486980137844597,2.5486980137844597
0.9032559476040678,-0.9032559476040678
-2.5486980137844597,2.5486980137844597
1.1383406490880539,-1.1383406490880539
-2.503734448151551,2.503734448151551
-2.429384663685834,2.429384663685834
-2.1714536918128875,2.1714536918128875
-2.3425949657064855,2.3425949657064855
1.9517276909162575,-1.818231467671979
-2.1337142383097127,2.1337142383097127
-2.669178355262421,2.669178355262421
-2.651287853564938,2.651287853564938
-2.1765186489892927,2.1765186489892927
-1.5469744514597732,1.5469744514597732
-2.1928391717489175,2.1928391717489175
1.5890208542179978,-1.5890208542179978
1.574108578897605,-1.574108578897605
1.8782822942174486,-1.8782822942174486
24.999999999944603,-2.0649846628678645
2.0258131952845013,-2.0258131952845013
-2.065904348048621,2.065904348048621
2.0,-2.0
2.0,-2.0
2.0,-2.0
-2.0,2.0
-2.0,2.0
-2.0,2.0
-2.0,2.0
-2.0,2.0
-23.368029696974176,2.0
-2.000000000000003,0.0
0.0,0.0
0.0,0.0
0.0,0.0
0.0,0.0
0.0,0.0
0.0,0.0
0.0,0.0
2.0,-2.0
2.0,-2.0
0.0,0.0
2.0,-2.0
2.0,-2.0
2.0,-2.0
2.0,-2.0
2.0,-2.0
2.0,-2.0
2.0,-2.0
2.0,-2.0
2.0,-2.0
2.0,-2.0
2.0,-2.0
2.0,-2.0
0.0,0.0
0.0,0.0
0.0,0.0
0.0,0.0
1.99499940813865,-1.99499940813865
0.0,0.0
0.0,0.0
4.415883366532194,-1.9787839165508445
-2.199482253608168,2.199482253608168
-2.199482253608168,2.351777646284547
-2.177205179477594,2.177205179477594
-2.0030130972660616,2.0030130972660616
22.879309486467243,2.1206905135327574
23.157292008432936,1.8427079915670639
-2.1782644024534576,2.1782644024534576
-1.692887505010047,1.692887505010047
0.38956499138778544,2.2841980606913292
-1.9679074214946173,1.9679074214946173
-1.9979418286165416,1.9979418286165416
23.03381119263515,1.9661888073648512
22.651221052933465,2.348778947066535
-2.1643065796551824,2.1643065796551824
-2.2703828771854973,2.2703828771854973
-2.061888411943489,2.061888411943489
-2.343147219604221,2.343147219604221
0.0,0.0
0.0,0.0
0.0,-1.7185556350296256
1.9042167701159336,-1.7474546081378008
-1.9387332681585399,1.9387332681585399
-25.0,2.032360816112856
-24.99999999998136,2.1025002168622144
-24.56535133656397,2.240534027373215
-25.0,2.066511566001701
-1.6878635724089044,1.6878635724089044
-2.064287402875266,2.064287402875266
-2.2994775059603025,2.2994775059603025
-2.2994775059603025,2.1723953636019466
-1.8440687451710929,1.8440687451710929
-2.1540075178228424,2.1540075178228424
-1.9900960363847835,1.9900960363847835
-2.0557221027081667,2.0557221027081667
1.8990814383009074,-1.8990814383009074
1.5926139758635127,-1.5926139758635127
-1.9181843739841682,1.9181843739841682
2.194146593405107,-2.194146593405107
1.6538365273931568,-1.6538365273931568
1.996687738908192,-1.996687738908192
-2.1723953636019466,2.1723953636019466
2.1241107008148665,-2.1241107008148665
-2.1723953636019466,2.1723953636019466
2.520239265926194,-2.520239265926194
1.7989114173134917,-1.7989114173134917
2.0649977591745845,-2.0649977591745845
2.310870030510166,-2.310870030510166
2.1122706928210073,-2.1122706928210073
2.7390111762051204,-2.7390111762051204
1.9788849666870352,-1.9788849666870352
-2.1609305726848937,2.1609305726848937
-1.920050992158525,1.920050992158525
-1.871163780922305,1.871163780922305
-2.0317958307904407,2.0317958307904407
-2.112678873630956,2.112678873630956
-1.963364832404575,1.963364832404575
-2.0,2.0
-2.0,2.0
-2.0,2.0
-2.0,2.0
-2.0,2.0
-2.0,2.0
-2.0,2.0
-2.0,2.0
-2.1723953636019466,2.0
-2.0,0.0
0.0,0.0
2.0,-2.0
2.0,-2.0
2.0,-2.0
2.0,-2.0
0.0,0.0
0.0,0.0
2.0,-2.0
25.0,-2.0
25.0,-2.0
2.0,-2.0
13.263157894736846,-2.0
25.0,-2.0
25.0,-2.0
2.0,-2.0
2.0,-2.0
2.0,-2.0
2.0,-2.0
2.000000000000006,-2.000000000000006
2.0,-2.0
2.0,-2.0
2.000000000000006,-2.0
-23.0,-2.0
-23.0,-2.0
2.0,-2.0
-20.195000000000007,2.0
-23.021669981913874,-1.978330018086126
25.0,-1.9757354306577817
25.0,-1.9730915447073905
25.0,-1.9606390797446807
24.999999999943586,-1.8105076939665885
-25.0,2.2289484506393826
-25.0,2.1370839338068883
25.0,-1.7558528120541261
25.0,-1.9774229139394812
-25.0,0.0
-25.0,0.0
2.408433728673911,-2.408433728673911
25.0,-1.0212224293395238
25.0,-2.556052773407714
8.243050564854473,-2.00029285235263
-22.844733343290315,-2.155266656709685
25.0,-2.463100553076913
25.0,-1.795023549873413
1.9754950744758881,-1.9754950744758881
1.9113099174651174,-1.9113099174651174
1.7572941947272236,-1.7572941947272236
1.7669425436811999,-1.7669425436811999
-22.873706160633958,-2.126293839366042
-25.0,0.0
-2.050161694892081,2.050161694892081
-1.7239948625618666,1.7239948625618666
-2.1939850196933106,2.1939850196933106
-25.0,1.6534830848986033
-2.405820778803469,2.405820778803469
-1.8058975869067133,1.8058975869067133
-2.255253644976708,2.255253644976708
-2.257549127749366,2.257549127749366
-2.289451730913928,2.289451730913928
-2.066235123479176,2.066235123479176
2.1151219008016184,-2.1151219008016184
2.1106559024240195,-2.1106559024240195
1.9059167636866299,-1.9059167636866299
2.0878127877716164,-2.0878127877716164
2.19815500998172,-2.19815500998172
1.2494989447721876,-1.2494989447721876
2.3384256065653863,-2.3384256065653863
1.3948275559118253,-1.3948275559118253
1.7805702764354532,-1.7805702764354532
1.6568919115291028,-1.6568919115291028
-1.897258053717401,1.897258053717401
-2.0393394119383386,2.0393394119383386
-2.6604476944996565,2.6604476944996565
-2.175373747765864,2.175373747765864
-1.8750555535863755,1.8750555535863755
-1.6621083440603135,1.6621083440603135
-2.633832212365217,2.633832212365217
-2.112464770619357,2.112464770619357
-1.4934809299092233,1.4934809299092233
-1.9737944480445089,1.9737944480445089
-2.3843507251276717,2.3843507251276717
-2.319194232404193,2.319194232404193
-2.149000231732047,2.149000231732047
-2.0497789829409467,2.0497789829409467
-2.0080374637809806,2.0080374637809806
-2.0157119414297378,2.0157119414297378
-2.0,2.0
-2.0,2.0
-2.0,2.0
-2.0,2.0
2.0,-2.0
-2.0,2.0
-2.0,2.0
-19.870598780184114,2.0
0.0,-2.0
2.0,-2.0
2.0,-2.0
0.0,0.0
0.0,0.0
2.0,-2.0
0.0,0.0
0.0,0.0
0.0,0.0
2.0,-2.0
2.0,-2.0
2.0,-2.0
0.0,0.0
2.0,-2.0
2.0,-2.0
2.0,-2.0
2.0,-2.0
2.0,-2.0
2.0,-2.0
2.0,-2.0
2.0,-2.0
0.0,0.0
2.0,-2.0
0.0,0.0
2.0,-2.0
0.0,0.0
2.0,-2.0
2.0,-2.0
1.9736956217164245,-1.9736956217164245
1.9739097976119797,-1.9739097976119797
4.4786791769565015,-1.9715886917377188
-2.064254671970147,2.064254671970147
-2.2626491629099514,2.2626491629099514
1.5301733889157,-1.5301733889157
1.6651978101510907,-1.6651978101510907
1.8714280344123733,-1.8714280344123733
1.9595201048694175,-1.9595201048694175
2.11298609829882,-2.11298609829882
23.158322040823606,1.8416779591543673
5.460916317466959,-2.704848907877838
22.236369187210677,2.763630812753135
23.070946007000863,1.9290539929862867
-1.8763481432807403,1.8763481432807403
2.032320422684908,-2.032320422684908
25.0,0.0
-1.923536503187396,1.923536503187396
-1.925046207556985,1.925046207556985
-24.752627447324194,2.190127447324194
24.9999999999542,4.580158474709606e-11
0.0,0.0
0.0,0.0
0.0,-2.027211285196689
1.9860478575275327,-1.9860478575275327
2.1975472151205526,-2.1975472151205526
-23.104049052365134,-1.8959509476348657
-23.289133632639327,-1.7108663673311675
-22.781203317189092,-2.2187966828109076
2.113793335710488,-2.113793335710488
-17.689619424259575,1.9546741558101761
1.8846672959962714,-1.8846672959962714
1.7278114103557236,-1.7278114103557236
1.789835518971227,-1.789835518971227
-2.0526938579066236,2.0526938579066236
-2.237843446383428,2.237843446383428
-2.237843446383428,0.0
0.0,0.0
0.0,0.0
0.0,0.0
1.8425003441015146,-1.8425003441015146
1.7183536678898808,-1.7183536678898808
1.5541259816486601,-1.5541259816486601
1.71521118542492,-1.71521118542492
1.8736998491608414,-1.8736998491608414
1.2767203283258617,-1.2767203283258617
2.174041395790864,-2.174041395790864
4.7249188442533585,-2.1540251899475695
-1.6743469215815114,1.6743469215815114
-2.3202315230109747,2.3202315230109747
1.5097954567693872,-1.5097954567693872
25.0,-2.4640977658294005
24.999999999964967,3.503330958665174e-11
22.977941401456043,2.022058598543957
22.425323331718605,2.574676668281395
0.613857381875663,2.490730762301742
-2.1600520156270053,2.1600520156270053
2.046271066182511,-2.046271066182511
2.051773862083053,-2.051773862083053
1.9976961200095882,-1.9459222579265414
2.0,-2.0
2.0,-2.0
2.000000000000006,-2.000000000000006
-2.0,2.0
-2.0,2.0
-2.0,2.0
-20.195,2.0
-25.0,0.0
-25.0,0.0
-25.0,0.0
0.0,0.0
0.0,0.0
0.0,0.0
0.0,0.0
0.0,0.0
0.0,0.0
0.0,0.0
0.0,0.0
0.0,0.0
4.21606648199446,-2.0
2.0,-2.0
-2.0,2.0
-2.0,2.0
-2.0,2.0
-2.0,2.0
-2.0,2.0
-2.0,2.0
0.484764542936289,2.0
-2.0,2.0
-2.0,2.0
-2.0,2.0
25.0,-2.0
-2.0,2.0
-25.0,2.0
-2.0,2.0
2.277322162236695,-2.0
-2.0649697865284966,2.0649697865284966
-2.0514242360574,2.0514242360574
-2.0493136400003644,2.0493136400003644
-2.0848850170841846,2.0848850170841846
-2.250283251418617,2.250283251418617
22.618223251396273,2.381776748603727
0.5515049404521992,2.21826431005349
-2.078633381270234,2.078633381270234
23.004862358889348,1.9951376411106523
23.22214239471024,1.7778576052897606
23.395510987466828,1.6044890125331719
-1.7835934720585023,1.7835934720585023
-2.213399111001241,2.213399111001241
-1.7591573415913668,1.7591573415913668
-2.1703643315528947,2.1703643315528947
-1.9009117655048406,1.9009117655048406
-2.123225201136547,2.123225201136547
-1.9538725987243168,1.9538725987243168
-1.9703562730640147,1.9703562730640147
-1.9334297372983151,1.9334297372983151
-1.968886330975062,1.968886330975062
-1.9866524966521446,1.9866524966521446
-1.928675935746579,1.928675935746579
-25.0,1.8526750699134453
-2.322643768036299,2.322643768036299
-1.9183156526249991,1.9183156526249991
-25.0,1.8232692855139732
-25.0,1.529366072610614
-25.0,2.0896866641400607
-2.2949970921781033,2.0687433028958764
-2.0439385823987077,1.9014053227025927
-1.6738988069902039,1.6738988069902039
1.8393446075430084,-1.8393446075430084
-1.9262100431997613,1.9262100431997613
-1.9262100431997613,1.9262100431997613
-1.9262100431997613,1.9262100431997613
1.8107700441530454,-1.8107700441530454
1.6909965876641895,-1.6909965876641895
1.7779024167488924,-1.7779024167488924
-1.9262100431997613,1.9262100431997613
-1.9262100431997613,1.9262100431997613
2.1943938860131498,-1.6286670037498228
1.7796090390797321,-1.7796090390797321
-2.436778554442414,2.436778554442414
-2.1418958009112963,2.1418958009112963
-2.042091845364668,2.042091845364668
2.2556746202336146,-2.2556746202336146
2.1860748504357606,-2.1860748504357606
2.2393682982884986,-2.2393682982884986
1.765570429425562,-1.765570429425562
5.7493312232310085,-1.3105630783265934
25.0,-1.8756418894389455
2.3639851792473516,-2.3639851792473516
-2.1554462181198657,2.1554462181198657
22.793958488784916,2.2060415112150835
22.725772173391615,2.274227826608385
25.0,-1.9519832592467345
-1.9873737402425888,1.9873737402425888
-0.02438281824264582,1.9763660774893888
-2.0050324136431428,2.0050324136431428
-2.0,2.0
-2.0,2.0
-2.0,2.0
0.0,0.0
0.0,0.0
0.0,0.0
-25.0,2.0
-25.0,1.0000000000000036
-25.0,2.0
-25.0,0.0
0.0,0.0
0.0,0.0
0.0,0.0
0.0,0.0
2.0,-2.0
2.0,-2.0
0.0,0.0
0.0,0.0
0.0,2.0
-1.8050000000000002,2.0
-1.9809875000000001,1.9809875000000001
-1.9809875,1.9809875
-1.9809875,1.9809875
25.0,-2.0
-2.0,2.0
-2.0,2.0
1.9999999999999996,-1.9999999999999996
9.068157894763818,-1.9999999999999991
-2.0,2.0
-2.0,2.0
2.0,-2.0
2.0000000000000018,-2.0000000000000018
-2.0,2.0
1.9999999999999996,-1.9999999999999996
25.0,-2.0
-2.0,2.0
1.9369353661477433,-1.9369353661477433
1.926914154592282,-1.926914154592282
-2.0765414903485646,2.0765414903485646
-2.112940490509293,2.112940490509293
-2.2518338521616696,2.2518338521616696
-2.3493037460562127,2.3493037460562127
-2.2493259094252105,2.2493259094252105
-2.1100648329666116,2.1100648329666116
22.925667572085356,2.0743324279146442
23.055037307848,1.9449626921250278
-1.815492288339195,1.815492288339195
-1.883611386543798,1.883611386543798
0.0,0.0
0.0,0.0
-1.9264713381868077,1.9264713381868077
-1.7405309221284373,1.7405309221284373
-2.091049311186021,2.091049311186021
-2.130255551041591,2.130255551041591
-1.952236664892384,1.952236664892384
-2.110215992747765,2.110215992747765
-2.532606281925325,2.532606281925325
-2.103029118309422,2.103029118309422
-1.9974059845489087,1.9974059845489087
-1.9425491848050846,1.9425491848050846
-1.9225304543725432,1.9225304543725432
-1.702670288341416,1.702670288341416
0.0,0.0
-24.46950296821007,1.9070029682100689
-2.1264472081627837,2.1264472081627837
-2.006254669858956,2.006254669858956
-2.0870699273857447,2.0870699273857447
-2.210175841680382,2.210175841680382
-2.008550152631617,2.008550152631617
-1.986725078592988,1.986725078592988
-2.0046364081517574,2.0046364081517574
-1.9692908964018638,1.9692908964018638
1.8411597872114598,-1.8411597872114598
-2.287367051343379,2.287367051343379
-2.213146652076558,2.213146652076558
-2.23310226777793,2.23310226777793
-2.3330261413137805,2.3330261413137805
1.8184328036644093,-1.8184328036644093
-2.3400628026919392,2.3400628026919392
-2.0853519444032944,2.0853519444032944
1.7588297761365919,-1.7588297761365919
1.6809487224619044,-1.6809487224619044
-2.091858442039621,2.091858442039621
-1.8772872904805507,1.8772872904805507
-1.4852154247151823,1.4852154247151823
-1.5117412839313644,1.5117412839313644
1.8563515030041051,-1.8563515030041051
2.0156802238119047,-2.0156802238119047
-1.7232286497254614,1.7232286497254614
-2.3759432117884973,2.3759432117884973
-2.3696083862209525,2.3696083862209525
-2.111653746323819,2.111653746323819
-1.8548771428839752,1.8548771428839752
-1.8725720678082456,1.8725720678082456
-1.9966647020313149,1.9966647020313149
-2.0791942937201546,2.0791942937201546
23.0,2.0
-2.0,2.0
0.0,0.0
0.0,0.0
0.0,0.0
-2.0,2.0
-25.0,2.0
-25.0,2.0000000000000213
-25.0,0.0
-22.000000000000025,-2.0
0.0,0.0
2.0,-2.0
0.0,0.0
0.0,0.0
0.0,0.0
0.0,0.0
0.0,0.0
0.0,0.0
0.0,0.0
0.0,0.0
0.0,0.0
2.0,-2.0
0.0,2.0
23.0,2.0
-24.3675,0.0
2.0,-2.0
0.0,2.0
23.0,2.0
-24.3675,2.0
-2.0,2.0
-2.0,2.0
-2.0,2.0
-2.0,2.0
-2.0,2.0
-2.0,2.0
6.98340985211629,-2.0
25.0,-1.9363184393739061
-2.063065038181004,2.063065038181004
22.926186364081186,2.073813635918814
-2.113918574074314,2.113918574074314
-2.2761695710361853,2.2761695710361853
-2.3904674104056096,2.3904674104056096
22.756792274827596,2.243207725172404
22.882792472906868,2.1172075270931323
-1.96189511220335,1.96189511220335
-2.003217588995052,2.003217588995052
-1.6334454200467121,1.6334454200467121
-1.8017604162785066,1.8017604162785066
-2.3894519732744968,2.3894519732744968
-2.063354567148572,2.063354567148572
0.0,0.0
0.0,0.0
0.0,0.0
-2.1363858848801467,2.1363858848801467
-2.2975973181187435,2.2975973181187435
-24.945058582336095,2.3825585823360953
22.36396508351695,2.6360349164830517
-2.3855742041914034,2.3855742041914034
-2.407924392793369,2.407924392793369
-25.0,2.2502940894013648
23.13629121278339,1.8637087872166092
-2.469762944099232,2.469762944099232
-2.68396298103902,2.68396298103902
-2.585216197239493,2.585216197239493
-25.0,2.725939326445644
-25.0,2.5904938510599393
-2.4431992160443503,2.4431992160443503
-2.4428659702637727,2.4428659702637727
-25.0,2.360149065886837
-25.0,2.6207043482818264
-4.8798469778293665,2.657129121934732
-2.887362825180979,2.887362825180979
-2.887362825180979,2.8628515881837497
-2.558276305386835,2.558276305386835
-2.861724359085052,2.861724359085052
0.8219244115763118,-0.8219244115763118
-2.8628515881837497,2.8628515881837497
0.9397129097698667,-0.9397129097698667
2.108775509188593,3.0524040603069817
-2.8380639086639956,2.8380639086639956
1.1101700199775806,-1.1101700199775806
25.0,-1.1859405170419386
1.0922643707446156,-1.0922643707446156
1.2613234896569079,-1.2613234896569079
-2.7490746623033697,2.7490746623033697
-2.5557069046809016,2.5557069046809016
1.6276230860962677,-1.6276230860962677
25.0,-1.934316499271251
-2.1004666602239155,2.1004666602239155
-2.310242354508679,2.310242354508679
1.3924771633230502,-1.3924771633230502
25.0,-1.5426971661283737
-1.9906643845389713,1.9906643845389713
2.222652282844679,-2.222652282844679
2.1030043457774377,-2.1030043457774377
1.9658184841451314,-1.9658184841451314
-2.0,2.0
-2.0,2.0
-2.0,2.0
2.0,-2.0
-2.0,2.0
-2.0,2.0
-2.0,2.0
-25.0,2.0
-25.0,2.0
-25.0,2.0
-2.0,2.0
-2.0,2.0
-2.0,2.0
-2.0,2.0
-2.0,0.0
0.0,0.0
2.0,-2.0
2.0,-2.0
2.0,-2.0
0.0,0.0
2.0,-2.0
2.0,-2.0
2.0,-2.0
25.0,-2.0
-16.7575,-2.0
-2.0,2.0
2.0,-2.0
2.0,-2.0
-2.0,2.0
-2.0,2.0
-2.0,2.0
-2.0,2.0
2.0,-2.0
2.0,-2.0
2.0,-2.0
25.0,-2.0
25.0,-1.9935476232456502
25.0,-1.9985282424379953
25.0,-1.9998064367616024
11.038973715187636,-1.7021095928483856
1.702109592848384,-1.702109592848384
-0.691235928191997,2.393345521040381
-2.148446478859443,2.148446478859443
-2.0199915910981368,2.0199915910981368
0.0,0.0
-1.9828107029658169,1.9828107029658169
-1.9461151671161954,1.9461151671161954
-1.7631266270346568,1.7631266270346568
0.0,0.0
-2.0712281298620425,2.0712281298620425
-2.086453296462212,2.086453296462212
-2.159182925778792,2.159182925778792
-2.3235273742726807,2.3235273742726807
-2.324814914788549,2.324814914788549
-2.43174641692622,2.43174641692622
-24.89222776546283,2.329727765462831
25.0,0.0
-2.4175708483054077,2.4175708483054077
-2.3426915312451744,2.3426915312451744
-23.34101267937941,-1.658987320603952
2.6406798039895243,-1.6665749735852184
1.8633465086596939,-1.8633465086596939
1.7496907630631604,-1.7496907630631604
-2.5675844659398095,2.5675844659398095
-2.714848805884433,2.714848805884433
-2.7314669146015262,2.7314669146015262
-2.6442877987308613,2.6442877987308613
-25.0,2.496173934504686
-25.000000000000004,2.470406714357164
-24.99999999997312,2.439201528972035
-2.417546864707564,2.417546864707564
-2.4875051261784655,2.4875051261784655
0.9328005844121137,-0.9328005844121137
1.3690931554245207,-1.3690931554245207
-3.2849117873172915,3.2849117873172915
-2.833484934917605,2.833484934917605
-2.58835804855714,2.58835804855714
-2.570230235470456,2.570230235470456
-2.8409747600655635,2.8409747600655635
24.999999999969233,2.1252333226584597e-11
-2.4198600196049505,2.4198600196049505
-2.3025032261725986,2.3025032261725986
1.4452770539780397,-1.4452770539780397
1.3690066882428171,-1.3690066882428171
1.764434364264499,-1.764434364264499
-1.9997431230441371,1.9997431230441371
-2.175087206886353,2.175087206886353
-1.6678113911688452,1.6678113911688452
-2.377731252122553,2.377731252122553
-2.0516057599412516,2.0516057599412516
-2.0527604439480096,2.0527604439480096
1.7898569779798255,-1.7898569779798255
-2.133687809016035,2.133687809016035
-2.0819962130403917,2.0819962130403917
-2.0673388817872196,2.0673388817872196
3.526104487488957,-1.9803003737035854
25.0,-2.0
2.0,-2.0
2.0,-2.0
2.0,-2.0
-2.0,2.0
2.0,-2.0
-25.0,2.0
-25.0,2.0
-2.0,2.0
-2.0,2.0
-2.0,2.0
-2.0,2.0
-2.0,0.0
0.0,0.0
0.0,0.0
0.0,0.0
0.0,0.0
2.0,-2.0
2.0,-2.0
0.0,0.0
2.0,-2.0
2.0,-2.0
2.0,-2.0
4.21606648199446,-2.0
-2.0,2.0
-2.0,2.0
-2.0,2.0
-2.0,2.0
23.0,2.0
25.0,0.0
25.0,0.0
23.0,2.0
2.0,-2.0
2.0,-2.0
2.0,-2.0
1.0470914127423794,2.0
-2.0593065349837603,2.0593065349837603
-2.0698221432122037,2.0698221432122037
0.0,-1.5362535537735527
1.7022200041812223,-1.7022200041812223
1.7022200041812245,-1.7022200041812245
1.5969729158783634,-1.5969729158783634
1.5493512142707817,-1.7959981991095066
1.9755130621742696,-1.9755130621742696
1.9498256821616868,-1.9498256821616868
1.9755130621742687,-1.9755130621742687
-1.7201499131389824,1.7201499131389824
-22.236143126026946,1.45654366463922
1.5725718929804398,-1.5725718929804398
1.9975025500876011,-1.9975025500876011
25.0,-1.9027723877797342
-18.98860608926129,-1.8566418307674937
1.7332626296868892,-1.7332626296868892
-2.44877477139592,2.44877477139592
-2.055904504281248,2.055904504281248
-2.2888458294946936,2.2888458294946936
25.0,0.0
0.0,0.0
-2.106578059643116,2.106578059643116
-24.014057544073527,2.0702075646590217
-2.479226366890881,2.479226366890881
1.7877224377716523,-1.7877224377716523
1.8456074823170212,-1.8456074823170212
-25.0,0.0
-25.0,2.250047941949795
-2.0668082052381997,2.0668082052381997
-25.0,2.083484379507972
-2.3541613713407212,2.3541613713407212
-2.3424529575613526,2.3424529575613526
-2.389682342043267,2.389682342043267
1.6910641204265424,-1.6910641204265424
1.5009107960625698,-1.5009107960625698
1.6714865619648815,-1.6714865619648815
1.6099654777568038,-1.6099654777568038
1.5094855634393411,-1.5094855634393411
1.4349243446242035,-1.4349243446242035
2.05900596217095,-2.05900596217095
1.594069401564294,-1.594069401564294
1.6502042746143157,-1.6502042746143157
1.5801185213864546,-1.5801185213864546
-2.389682342043267,2.389682342043267
-2.2384020117542835,2.2384020117542835
-2.389682342043267,2.389682342043267
1.8165715502422035,-1.8165715502422035
2.079459868674906,-2.2320810714275967
1.5727397781653512,-1.5727397781653512
1.1811961826998782,-1.1811961826998782
1.9144378835419094,-1.9144378835419094
-1.6778561006345711,1.6778561006345711
-1.9629617511601243,1.9629617511601243
-2.092132044399244,2.092132044399244
-2.2370611392905766,2.2370611392905766
-2.0550781746634037,2.0550781746634037
-1.8429807260991329,1.8429807260991329
-2.0950265599332822,1.907040975112246
-2.0490755544695403,2.0490755544695403
2.0,-2.0
-2.0,2.0
-2.0,2.0
2.0,-2.0
-2.0,2.0
-2.0,2.0
-2.0,2.0
-2.0490755544695403,1.9999999999999996
-2.0,2.0
-2.0,2.0
-2.0,2.0
-2.0,2.0
-2.0,2.0
-2.0,0.0
0.0,0.0
0.0,0.0
0.0,2.0000000000000004
-1.8050000000000002,1.8050000000000002
-1.8049999999999988,2.0
23.0,2.0
-24.5434875,0.0
2.0,-2.0
2.0,-2.0
25.0,-2.0
-2.0,2.0
-2.0,2.0
-2.0,2.0
23.0,2.0
-2.0,2.0
2.0,-2.0
2.0,-2.0
2.0,-2.0
2.0,-2.0
-2.0,2.0
2.0,-2.0
2.0,-2.0
1.9364165778500393,-1.9364165778500393
-14.628850445631215,2.060282472401397
-2.066849084353728,2.066849084353728
1.8818986055958304,-1.8818986055958304
-2.317825530288709,2.317825530288709
-2.3870226083783446,2.3870226083783446
24.999999999995993,-1.8613776446208448
24.99999999999966,-1.9490733545661385
25.0,0.0
-1.9851995955406077,1.9851995955406077
-1.7075339095253863,1.7075339095253863
-1.621218834324436,1.621218834324436
-2.2180601338981543,2.2180601338981543
-1.9469394455052775,1.9469394455052775
-24.482538009450813,2.177762009193348
-25.0,2.1797760002649795
22.638278115004084,2.3617218849875883
22.788230511357572,2.211769488642428
-2.2309260718471826,2.2309260718471826
-2.137781351586316,2.137781351586316
0.0,0.0
0.0,0.0
0.0,0.0
-22.99966107389362,-2.00033892610638
25.0,-4.721556479125866e-11
-2.2373296924717074,2.2373296924717074
-24.999999999943093,2.1842729248608492
-24.999999999960988,2.2388943066574107
-2.3504521185898533,2.3504521185898533
-2.1248119054781682,2.1248119054781682
-2.2425360266459293,2.2425360266459293
-2.079073290946493,2.079073290946493
1.9130222201217641,-1.9130222201217641
-2.0676583606670587,2.0676583606670587
1.7506961807306993,-1.7506961807306993
24.99999999999305,-1.5496271636108503
1.6959290039051353,-1.6959290039051353
1.5923324841624957,-1.5923324841624957
-2.384487999667966,2.384487999667966
-2.372352299158573,2.372352299158573
-25.0,2.2174384537961274
-22.714187462134035,2.3471202919313825
-25.0,2.8432904395521916
-2.8432904395521916,0.0
0.0,0.0
1.9074491893594434,-1.9074491893594434
1.7135619974994452,-1.7135619974994452
1.8367916166671794,-1.8367916166671794
1.893666825513824,-1.893666825513824
2.0269045476032,-2.0269045476032
1.5587024308058055,-1.5587024308058055
2.226781958598554,-2.226781958598554
2.18034718858207,-2.18034718858207
1.9862674967920046,-1.9862674967920046
1.7312183435442865,-1.7312183435442865
1.7240470900019096,-1.7240470900019096
2.0783978055361416,-2.0783978055361416
2.2010163163193184,-2.2010163163193184
2.105582385312202,-2.105582385312202
1.9336472710947976,-1.9336472710947976
0.0,2.0
-1.805,1.805
-1.805,1.805
-1.805,1.805
-1.8049999999999995,2.0
-1.9809875,1.9809875
-1.9809875,1.9809875
-1.9809875,1.9809875
-1.9809875,0.0
0.0,0.0
0.0,0.0
23.0,2.0
-22.5625,0.0
2.0,-2.0
2.0,-2.0
2.0,-2.0
0.0,2.0000000000000004
-1.8050000000000002,1.8050000000000002
-1.8050000000000002,2.0
-1.9789335180055407,2.0
-2.0,2.0
-2.0,2.0
25.0,-2.0
0.484764542936289,2.0000000000000004
-25.0,2.0
-2.0,2.0
-2.0,2.0
23.0,2.0
-24.5625,2.0
-2.0,2.0
-2.0,2.0
-2.0,2.0
-2.0,2.0
2.0,-2.0
2.0,-2.0
-2.0,2.0
-2.0,2.0
-2.0,2.0
1.9264142045625816,-1.9264142045625816
8.43864357545735,-1.8762801618120957
24.999999999984905,1.509548042122333e-11
24.99999999998356,-1.6399554678866721
25.0,-1.875316532999765
25.0,-1.9397857063008033
-0.02239784022399327,1.962183546524797
0.0,0.0
0.0,0.0
-1.9367489410105456,1.9367489410105456
-1.9979961072853474,1.9979961072853474
-2.0493645558374,2.0493645558374
-24.656239260982034,2.0937392610284924
-2.225275409965521,2.225275409965521
25.0,-5.147882120581926e-11
-2.32373943976941,2.32373943976941
-2.349637938557761,2.349637938557761
-2.370396373639611,2.370396373639611
0.0,0.0
0.0,0.0
-2.4493554269226863,2.4493554269226863
-24.999999999969834,-3.0169644560373854e-11
1.5063203596711592,-1.5063203596711592
1.5390996264516765,-1.5390996264516765
-2.5446624578734394,2.5446624578734394
-25.0,2.5697896946468894
-24.955971062552138,2.3861813679052553
-2.5719772512292476,2.5719772512292476
-2.745834352005094,2.745834352005094
-2.696245107724728,2.696245107724728
-2.884431777065439,2.884431777065439
-3.0177591220730804,3.0177591220730804
-2.968176189265833,2.968176189265833
1.1168772224590313,-1.1168772224590313
-2.7060764893991003,2.7060764893991003
-2.6854430214849607,2.6854430214849607
-2.9211191080000134,2.9211191080000134
-2.960333552770633,2.960333552770633
-2.969653073975209,2.969653073975209
1.0654923640768725,-1.0654923640768725
1.106773185146002,-1.106773185146002
1.5810639800593798,-1.5810639800593798
1.5186157404504161,-1.5186157404504161
-2.647701674539851,2.647701674539851
-2.9886928949273024,2.9886928949273024
1.5116794314948159,-1.5116794314948159
1.6833066888184227,-1.6833066888184227
1.8517365538609507,-1.8517365538609507
1.678557305297871,-1.678557305297871
1.9576639006257048,-1.9576639006257048
1.8395822345058637,-1.8395822345058637
-2.232522243398477,2.232522243398477
-2.237426573584051,2.237426573584051
1.9827802501080267,-1.9827802501080267
-1.9776113114120217,1.9776113114120217
-2.016038242124468,2.016038242124468
-2.0545355457621692,2.0545355457621692
-2.0306515927647757,2.0306515927647757
-2.0,2.0
2.0,-2.0
-2.0,2.0
-2.0,2.0
-2.0,2.0
-2.0,2.0
-2.0,2.0
2.0,-2.0
-25.0,0.0
0.0,0.0
2.0,-2.0
0.0,0.0
0.0,0.0
2.0,-2.0
2.0,-2.0
2.0,-2.0
0.0,0.0
2.0,-2.0
25.0,-2.0
13.26315789473685,-2.0
2.0,-2.0
25.0,-2.0
25.0,-2.0
25.0,0.0
0.0,-1.8050000000000055
2.0,-2.0
2.0,-2.0
-8.377029396352134,-2.0
-23.0,-2.0
-23.0,-2.0
-25.0,2.0
2.0,-2.0
2.0,-2.0
-2.0,2.0
-2.0,2.0
25.0,-2.0
24.999999999971568,-1.9422220951762128
-2.0625522211285703,2.0625522211285703
-2.0632750475181347,2.0632750475181347
-2.0879218628472582,2.0879218628472582
-2.2543347536609324,2.2543347536609324
25.0,-1.6732577980017567
24.99999999996778,0.0
0.0,0.0
-2.024262880530075,2.024262880530075
-2.0416083865239028,2.0416083865239028
-2.22044334614714,2.22044334614714
-1.5460681239201701,1.5460681239201701
-2.332400674327886,2.332400674327886
-2.104709232453173,2.104709232453173
-2.0672039346026363,2.0672039346026363
-24.491129230845512,1.9286292308455124
22.661652655701264,2.338347344298736
-2.0700863843751787,2.0700863843751787
-1.9202311847160178,1.9202311847160178
-25.0,2.3278210694341865
24.999999999962625,3.737454790098127e-11
0.12152790090394057,0.0
0.0,0.0
-25.0,2.251936334706407
-2.42158115832396,2.42158115832396
-2.4367943331252064,2.4367943331252064
-2.2845300441772824,2.2845300441772824
-2.148501388675564,2.148501388675564
-2.4544954906291796,2.4544954906291796
-2.3222259485159498,2.3222259485159498
-25.0,2.2574563490945465
-4.107659114004493,2.2824788154142555
-25.0,2.519291598237672
-25.0,2.6872967011394238
-2.5199240078440006,2.5199240078440006
-2.7706207692302254,2.7706207692302254
-2.793417810128874,2.793417810128874
-2.890800684587818,2.890800684587818
-2.7210801232928574,2.7210801232928574
-2.890800684587818,2.890800684587818
-2.832245361597421,2.819398989215056
-2.8779543122054534,2.8779543122054534
-2.648013461311832,2.648013461311832
-2.8699090774231966,2.8699090774231966
-2.596008185122269,2.596008185122269
-2.6004754457944923,2.6004754457944923
-2.20653159710262,2.20653159710262
1.9431241600060432,-1.9431241600060432
1.6853484503717766,-1.6853484503717766
1.7959860495237567,-1.7959860495237567
1.4736244043357907,-1.4736244043357907
-2.630290213651948,2.630290213651948
-2.186125342220695,2.186125342220695
-1.8137159242304124,1.8137159242304124
1.9414232180010078,-1.9414232180010078
1.8607610136973105,-1.8607610136973105
-2.0335691476411095,2.0335691476411095
-2.003280940406465,2.003280940406465
-2.086096747539485,2.086096747539485
-2.1201849324856354,2.1201849324856354
-2.0,2.0
-2.0,2.0
-2.0,2.0
-2.8779543122054534,2.0
-2.0,2.0
-2.0,2.0
-2.0,2.0
-2.0,2.0
0.0,-2.0
2.0,-2.0
2.0,-2.0
2.0,-2.0
0.0,0.0
2.0,-2.0
2.0,-2.0
0.0,0.0
0.0,2.0000000000000004
-1.8050000000000002,1.8050000000000002
25.0,0.0
-2.0,2.0
-2.0,2.0
-2.0,2.0
-2.0,2.0
-2.0,2.0
-23.36486108530927,2.0
-2.0,2.0
-2.0,2.0
25.0,0.0
23.0,2.0
25.0,0.0
23.0,2.0
-2.0,2.0
-2.0,2.0
-2.0,2.0
1.9361341665476655,-1.9361341665476655
1.9361341665476655,-1.9361341665476655
1.9360298743852438,-1.9360298743852438
1.936134166547664,-1.936134166547664
1.9310486872219543,-1.9310486872219543
1.887077568686247,-1.887077568686247
1.7449812798867186,-1.7449812798867186
-2.215123563243637,2.215123563243637
1.9361341665476608,-1.9361341665476608
-1.9900199831337235,1.9900199831337235
1.81821000866338,-1.81821000866338
1.9361341665476686,-1.9361341665476686
1.8253659568834495,-1.8253659568834495
-24.999999999983096,1.91166967143279
0.13384121577244468,2.2549039893660257
-2.348604119261193,2.348604119261193
-2.254065194588774,2.254065194588774
1.8756986926969983,-1.8756986926969983
25.0,-1.9509062063593205
2.0809326509267603,-2.0809326509267603
2.0809326509267496,-2.0809326509267496
-25.0,0.0
9.153755730530731,-1.5326568746938332
1.4045491179539606,-1.4045491179539606
-24.999999999945082,-2.5302426820417168e-11
-24.99999999996234,1.3073986337985843e-12
-2.2439384359725274,2.2439384359725274
-2.2306818178375565,2.2306818178375565
-2.286468928718829,2.286468928718829
-2.4873971999881643,2.4873971999881643
-2.412942013921395,2.412942013921395
-2.339987696161849,2.339987696161849
-2.1081748623417234,2.1081748623417234
-2.73438723321277,2.73438723321277
-2.7718868507374985,2.7718868507374985
-2.4092157201931084,2.4092157201931084
-2.3708192423384524,2.3708192423384524
-2.378823452545447,2.378823452545447
-2.2045662043739824,2.2045662043739824
1.7221348714342817,-1.7221348714342817
1.617843458501456,-1.617843458501456
1.8993162251008613,-1.8993162251008613
1.7226107565073043,-1.7226107565073043
1.4939612330134278,-1.4939612330134278
-2.8256189459718737,2.8256189459718737
-2.758957166909987,2.758957166909987
-2.7752142593647857,2.7752142593647857
1.6468244807601558,-1.6468244807601558
1.538566938120601,-1.538566938120601
2.1749458298885314,-2.1749458298885314
-2.8908846271802737,2.8908846271802737
-2.594728218374141,2.594728218374141
-1.7209337981001145,1.7209337981001145
-1.5870491500162434,1.5870491500162434
-1.4885958497166554,1.4885958497166554
-2.384719315157705,2.384719315157705
-2.3352862798369842,2.3352862798369842
-2.3326596025125115,2.3326596025125115
-2.277752863237648,2.277752863237648
-2.1315759901110827,2.1315759901110827
-2.050143076046384,2.050143076046384
-2.1511422668145466,2.1511422668145466
-2.0,2.0
-2.0,2.0
-2.0,2.0
-2.0,2.0
-2.0,2.0
2.0,-2.0
-2.0,2.0
-2.0,2.0
-2.0,2.0
-25.0,2.0
-1.9999999999999996,1.9999999999999996
2.0,-2.0
0.0,-1.9999999999999996
2.0,-2.0
2.0,-2.0
2.0,-2.0
2.0,-2.0
2.0,-2.0
2.0,-2.0
2.0,-2.0
2.0,-2.0
2.0,-2.0
25.0,-2.0
25.0,-2.0
13.263157894736842,-2.0
25.0,-2.0
2.0,-2.0
25.0,-2.0
2.0,-2.0
2.0,-2.0
2.0,-2.0
2.0,-2.0
2.0,-2.0
2.0,-2.0
2.0,-2.0
2.0,-2.0
1.926922569067965,-1.926922569067965
1.9453564392924394,-1.9453564392924394
1.7611214006268525,-1.9283726990483359
1.8448767764477358,-1.8448767764477358
1.6914600470245142,-1.6914600470245142
1.6407424296909467,-1.6407424296909467
1.939031327476488,-1.939031327476488
1.863831545368737,-1.863831545368737
1.9313898691868934,-1.9313898691868934
2.1647938253798165,-2.1647938253798165
1.6875019249993013,-1.6875019249993013
2.1853199982509643,-2.1853199982509643
1.9860175624565706,-1.9860175624565706
2.1853199982509537,-2.115819318581046
1.8800416173488177,-1.8800416173488177
-18.710201085132827,-1.942771979806114
24.999999999953843,-1.4961651994258887
1.496165199425885,6.661338147750939e-15
-2.3522723474367986,2.3522723474367986
-3.783540123574607,2.3021643000662166
-2.5637698115878838,2.5637698115878838
1.6414136548569438,-1.6414136548569438
-24.999999999996547,2.414678931323195
-24.9999999999431,2.2542046781446636
-2.6153787272656963,2.6153787272656963
-2.455305883777404,2.455305883777404
-24.99999999999752,2.5722170872076973
-2.547803046896469,2.547803046896469
-2.6704879859341997,2.6704879859341997
-2.665132069847104,2.665132069847104
-2.5528067827836356,2.5528067827836356
-2.668581921052864,2.668581921052864
-2.921424583298874,2.921424583298874
-2.635745851014292,2.635745851014292
-2.833114451445635,2.833114451445635
-2.916427790032131,2.916427790032131
-3.0746198145315535,3.0746198145315535
1.1486479158354435,-1.1486479158354435
-2.989727976518491,2.989727976518491
25.0,-1.2621749073803983
1.0741984100944801,-1.0741984100944801
1.1471211704884396,-1.1471211704884396
1.327195072284546,-1.327195072284546
1.287896684921467,-1.287896684921467
-25.0,2.369405472360242
-2.860656457833654,2.860656457833654
-2.7489995557732776,2.7489995557732776
25.0,-2.417621658423741e-11
-2.0396511987103203,2.0396511987103203
-2.3081501011703907,2.3081501011703907
-2.7493858179280384,2.7493858179280384
22.621009924564262,2.3789900754357376
-1.8429686554067954,1.8429686554067954
1.7095119252002577,-1.7095119252002577
0.508385502110615,2.549766861756825
22.380538065148098,2.6194619347987462
-2.276805905589854,2.276805905589854
-1.9496226105141465,1.9496226105141465
-1.888495796142347,1.888495796142347
-2.019741794826177,2.019741794826177
-2.0,2.0
-2.0,2.0
-2.0,2.0
-2.9999999999999947,2.0
-25.0,2.0
-25.0,2.0
-25.0,2.0
-25.0,2.0
-1.9999999999999996,0.0
2.0,-2.0
2.0,-2.0
2.0,-2.0
2.0,-2.0
0.0,0.0
2.0,-2.0
2.0,-2.0
0.0,2.0000000000000004
-1.8050000000000002,2.0
-1.9809875,2.0
23.0,2.0
-1.9999999999999847,1.9999999999999847
-2.0,2.0
2.0,-2.0
2.0,-2.0
2.0,-2.0
-2.0,2.0
2.0,-2.0
2.0,-2.0
2.0,-2.0
2.0,-2.0
2.0,-2.0
-2.0,2.0
-24.238310197528158,2.0
2.0,-2.0
-2.0,2.0
-2.0,2.0
-2.0553143322364247,2.0553143322364247
-2.0524448702921587,2.0524448702921587
-2.0590605243629616,2.0590605243629616
-2.1245214347204717,2.1245214347204717
-2.3223360837218427,2.3223360837218427
-2.3223360837218427,2.3223360837218427
-2.1049662671958607,2.1049662671958607
-2.0852042559323554,2.0852042559323554
22.945528831258937,2.0544711687363773
-1.8963592999455399,1.8963592999455399
-1.6175360897606588,1.6175360897606588
-1.7366449481302944,1.7366449481302944
22.586404117463687,2.4135958825363133
22.883229542411208,2.1167704575797828
-2.0215278036548163,2.0215278036548163
-2.179520385603741,2.179520385603741
0.3029108922422843,2.3870214249771347
25.0,0.0
-2.2409632075451675,2.2409632075451675
-2.171627888470919,2.171627888470919
-2.4675223711426924,2.4675223711426924
-2.253235235873886,2.253235235873886
-2.14962861777426,2.14962861777426
-2.2944365323817433,2.2944365323817433
0.0,0.0
0.0,0.0
-2.477302629884816,2.477302629884816
-2.259467184429628,2.259467184429628
-2.284853191600874,2.284853191600874
-2.38330964763702,2.38330964763702
0.0,0.0
-2.6268586657182293,2.6268586657182293
-2.682133916129711,2.682133916129711
-2.4103221214305197,2.4103221214305197
-2.5576388466020212,2.5576388466020212
-2.5914443589113603,2.5914443589113603
-25.0,2.4965229589680504
1.7231219858297866,-1.7231219858297866
1.7460017070262648,-1.7460017070262648
-24.99999999997065,2.3761442322072774
-24.999999999973614,2.5955259885761315
-2.4589059480433484,2.4589059480433484
1.1930699570749148,-1.1930699570749148
25.0,-1.6115496575091726
1.8142798543534155,-1.8142798543534155
-24.999999999994856,-5.144329406903125e-12
-2.7624417312178906,2.7624417312178906
-2.7258389740230875,2.7258389740230875
-22.77021623459604,1.828120283751712
1.4879129483253948,-1.4879129483253948
-2.634173663060846,2.634173663060846
2.3381983935331743,-2.3381983935331743
-1.7198804132368855,1.7198804132368855
-1.7444004862964784,1.7444004862964784
-2.347386004949609,2.347386004949609
22.39001205965396,2.6099879402896278
22.636805017186898,2.363194982813102
24.999999999980016,-2.022010552454855
25.0,-2.0953967130390794
-2.007152072581108,2.007152072581108
-2.0,2.0
3.353779938079084,2.0
-2.0,2.0
-25.0,2.0
-2.0,2.0
-2.0,2.0
-25.0,2.0
-25.0,2.0
-25.0,2.0
-1.9999999999999996,1.9999999999999996
-2.0,2.0
-2.0,2.0
-2.0,0.0
0.0,0.0
0.0,0.0
0.0,0.0
2.0,-2.0
2.0,-2.0
25.0,-2.0
25.0,-2.0
25.0,-2.0
-2.0,2.0
23.0,2.0
7.263157894736855,2.0
2.000000000000006,-2.000000000000006
2.0,-2.0
2.0,-2.0
2.0,-2.0
2.0,-2.0
-25.0,0.0
2.0,-2.0
2.0,-2.0
-25.0,2.0
-22.113410346910534,2.0
-25.0,2.0
-2.0,2.0
-2.0565949843710887,2.0565949843710887
-2.063251359770592,2.063251359770592
-2.0815896530894697,2.0815896530894697
-2.0815896530894697,2.139727750725542
-2.134059286206025,2.134059286206025
-2.134059286206025,2.134059286206025
5.031842688286579,-2.1332934208396357
1.9477283796449028,-1.9477283796449028
-2.375066863746202,2.375066863746202
-2.6254534162287255,2.6254534162287255
-1.7501022711103884,1.7501022711103884
-2.0215612544623385,2.0215612544623385
23.231061137337832,1.7689388626281115
23.41081062939864,1.5891893705502227
-1.5765052030269615,1.5765052030269615
24.99999999999097,9.030998171510873e-12
24.99999999994955,5.044853423896711e-11
-2.24236687916639,2.24236687916639
0.0,0.0
0.0,0.0
-2.348426766866604,2.348426766866604
-1.852009209499606,1.852009209499606
-2.339301639034028,2.339301639034028
-24.999999999993832,2.2532144080126066
24.697017836162484,-1.402246061413564
1.9094227870031322,-1.9094227870031322
-19.93858036087235,-2.02957556302632
-25.0,2.094815998342252
-1.8347258715159782,1.8347258715159782
-25.0,2.220553796926687
-24.999999999984368,1.9947658953440666
-2.3187129825790187,2.3187129825790187
-2.618725701459649,2.618725701459649
-2.618725701459649,2.344220801181427
-1.8811669530055788,1.831335979304832
-2.29438982748068,2.29438982748068
-2.29438982748068,2.152047174272697
-2.104137412988768,2.104137412988768
-2.152047174272697,2.152047174272697
1.644565604531575,-1.644565604531575
2.3454995056349333,-2.3454995056349333
1.4601399420212928,-1.4601399420212928
-2.152047174272697,2.152047174272697
1.6251792837053607,-1.6251792837053607
-2.152047174272697,2.152047174272697
1.4008644799482486,-1.4008644799482486
1.8538281760519286,-1.8538281760519286
1.6261985866137607,-1.6261985866137607
2.2477303690212302,-2.2477303690212302
1.8472573013898064,-1.8472573013898064
-2.130567337813572,2.130567337813572
-1.9379998749823404,1.9379998749823404
-1.5409148061201297,1.5409148061201297
2.1382225235571948,-2.1382225235571948
1.7625604878960583,-1.7625604878960583
-2.152047174272697,2.152047174272697
-2.0460833787506942,2.0460833787506942
-1.8687264872380496,1.8687264872380496
-1.8402560039844582,1.8402560039844582
-2.0334260645732116,2.0334260645732116
-2.0,2.0
-2.0,2.0
-2.0,2.0
-2.0,2.0
-2.0,2.0
-2.0,2.0
-2.0,2.0
-2.0,2.0
-2.152047174272697,2.0
-2.0,2.0
-2.0,2.0
2.0,-2.0
-2.0,0.0
2.0,-2.0
0.0,0.0
0.0,0.0
0.0,2.0000000000000004
-1.8050000000000002,1.8050000000000002
-1.8050000000000002,1.8050000000000002
2.2160664819944595,-2.0
-2.0,2.0
-2.0,2.0
-2.0,2.0
-2.0,2.0
-2.0,2.0
-2.0,2.0
-2.0,2.0
25.0,0.0
25.0,-2.0
-25.0,0.0
-20.32,2.0
-2.0,2.0
-2.0,2.0
-2.0,2.0
-2.0,2.0
-2.0,2.0
24.99999999994697,-1.9625882771346816
25.0,-1.9418086178754095
8.87497366957001,-1.9234853617645031
-2.1368656061454208,2.1368656061454208
-2.3453607715664804,2.3453607715664804
22.712521551156108,2.287478448843892
25.0,-2.1016267089828204
0.09407219123541077,2.0075545177474083
-2.5117613796617677,2.5117613796617677
-1.8911403428250821,1.8911403428250821
-1.8102941590800237,1.8102941590800237
-1.853265192649891,1.853265192649891
-2.39252502953517,2.39252502953517
-1.8095853806489828,1.8095853806489828
-2.0278916619986997,2.0278916619986997
-1.9033543056011233,1.9033543056011233
-1.9209715205126408,1.9209715205126408
-1.8416817460382369,1.8416817460382369
-1.6918682021016505,1.6918682021016505
-1.984685841628881,1.984685841628881
0.0,0.0
0.0,0.0
0.0,0.0
-22.724830501586588,-2.2751694983974424
1.3356082659495225,-1.3356082659495225
2.1486238312540316,-2.1486238312540316
-25.0,5.1311843662915635e-11
-24.99999999994896,-5.1038284709647996e-11
1.9564009748549918,-1.9564009748549918
1.8167438534582985,-1.8167438534582985
2.2034799998505434,-2.2034799998505434
1.9706661663940608,-1.9706661663940608
-20.00000000006729,2.6091505655938256
-2.4845810206833505,1.9772364099088726
-2.101805954819346,2.101805954819346
-1.9496697887756973,1.9496697887756973
-2.101805954819346,2.101805954819346
-2.0772991358532966,2.0772991358532966
-2.0969139320063492,2.0969139320063492
-2.101805954819346,2.101805954819346
-2.101805954819346,2.101805954819346
-2.101805954819346,2.101805954819346
-2.083512781136996,2.083512781136996
-1.9314245822890381,1.9314245822890381
-2.101805954819346,2.101805954819346
1.674440331383643,-1.674440331383643
-2.101805954819346,2.101805954819346
-1.8450426054730453,1.8450426054730453
-1.5637415109424282,1.5637415109424282
-1.997481722226313,1.997481722226313
-2.101805954819346,2.101805954819346
-2.094326859175686,2.094326859175686
-1.1217238026655814,1.1217238026655814
-1.4870867764943778,1.4870867764943778
-1.8751335002793716,1.8751335002793716
-2.101805954819346,2.101805954819346
-2.101805954819346,2.101805954819346
-1.941869202470139,1.941869202470139
-1.8980571256607228,1.8980571256607228
-2.008435481054422,2.008435481054422
-2.0,2.0
-2.0,2.0
-2.0,2.0
-2.0,2.0
-2.0,2.0
-2.0,2.0
-2.0,2.0
-2.0,2.0
-2.101805954819346,2.0
-2.0,2.0
-2.0,2.0
23.0,2.0
-24.5625,0.0
2.0,-2.0
2.0,-2.0
0.0,0.0
0.0,0.0
0.0,0.0
2.0,-2.0
0.21606648199446,2.0
-2.0,2.0
-2.0,2.0
2.0,-2.0
2.0,-2.0
2.0,-2.0
2.0000000000000013,-2.0000000000000013
2.0,-2.0
25.0,-2.0
2.0,-2.0
2.0,-2.0
-2.0,2.0
-2.0,2.0
9.047091412742391,-2.0
23.0,2.0
25.0,-2.0
25.0,-2.0
2.000000000000006,-1.9501248237986608
1.9501248237986601,-1.9501248237986601
1.9379104345050988,-1.9379104345050988
1.8822549646812805,-1.8822549646812805
1.7498938149873453,-1.7498938149873453
1.8543080057956491,-1.8543080057956491
1.9489278751107912,-1.9489278751107912
1.9501248237986628,-1.8073785740736197
1.807378574073621,-3.9968028886505635e-15
0.0,0.0
-2.2502221386078265,2.2502221386078265
-24.2582017908299,1.6957017908729242
23.017914485247655,1.9820855147046714
-2.078993135237904,2.078993135237904
-3.662312060298606,2.1082089442965537
1.7219979124676446,-1.7219979124676446
1.7219979124676499,-1.7219979124676499
1.721997912467648,-1.721997912467648
-2.0966228673784766,2.061048986018928
1.7614149555253198,-1.7614149555253198
1.7614149555253198,-1.7614149555253198
1.7614149555253198,-1.7614149555253198
1.7614149555253213,-1.7614149555253213
1.4136411578887262,-1.5082933261675406
1.8662927043107098,-1.8662927043107098
1.6304752407978444,-1.6304752407978444
1.866292704310716,-1.866292704310716
-25.0,0.0
-25.0,1.739861274830723
2.121605677134724,-2.121605677134724
1.9604813422251386,-1.9604813422251386
-19.38140997703534,1.9828201701754935
1.7965193690021444,-1.7965193690021444
-2.2881427313894616,2.2881427313894616
-2.419668781969504,2.419668781969504
-2.242937436336172,2.242937436336172
-23.109610091328534,-1.890389908671466
-2.656942302330469,2.656942302330469
-2.4551708182527,2.4551708182527
-2.656942302330469,2.656942302330469
-1.8721825710235134,1.8721825710235134
-2.542609966815789,2.542609966815789
-1.9197900127451355,1.9197900127451355
-2.656942302330469,2.1791783037608
1.9818545147885889,-1.9818545147885889
1.709030990948742,-1.709030990948742
-2.1791783037608,2.1791783037608
1.3906670328330932,-1.3906670328330932
1.7100799577807884,-1.7100799577807884
-2.1791783037608,2.1791783037608
-2.1791783037608,2.1791783037608
-1.733065080578326,1.733065080578326
-1.7880746179715814,1.7880746179715814
-1.978377524248427,1.978377524248427
-2.0479763473253136,2.0479763473253136
-2.1791783037608,2.3904932085519754
22.81693461773326,2.18306538226674
23.0961478769119,1.903852123043226
6.654928855327343,-2.0176878639637197
1.9782508707339872,-1.9782508707339872
25.0,-2.0
25.0,-2.0
2.0,-2.0
2.0,-2.0
2.000000000000006,0.0
-2.0,2.0
-25.0,2.0
-25.0,2.0
-25.0,2.0
-25.0,1.0
-2.0,2.0
-2.0,2.0
-2.0,2.0
-2.0,0.0
0.0,0.0
2.0,-2.0
2.0,-2.0
2.0,-2.0
2.0,-2.0
2.0,-2.0
2.0,-2.0
2.0,-2.0
2.0,-2.0
2.0,-2.0
2.0,-2.0
4.21606648199446,-2.0
2.0,-2.0
2.0,-2.0
2.0,-2.0
2.0,-2.0
-2.0,2.0
-2.0,2.0
25.0,0.0
25.0,0.0
2.0,-2.0
2.0,-2.0
-2.048368448825418,2.048368448825418
-2.0430467009828246,2.0430467009828246
1.9324802698537864,-1.9324802698537864
1.827860458154504,-1.827860458154504
-2.3580043484282562,2.3580043484282562
1.6963738049730568,-1.6963738049730568
1.8048268454924115,-1.8048268454924115
25.0,-1.8536246310439033
25.0,-3.136335635645082e-11
2.203681335842977,-2.203681335842977
-19.899940726371504,1.7603369559169337
1.9522638042267868,-1.9522638042267868
25.0,-1.6915368497630041
-0.45169635230178784,2.143233202064791
0.0,0.0
-1.8150265016231568,1.8150265016231568
0.0,0.0
-2.0685697373851575,2.0685697373851575
-2.054781693213732,2.054781693213732
-24.627111181446164,2.064611181446164
22.523132230612948,2.476867769387052
-1.9440853973617624,1.9440853973617624
-2.046037778357423,2.046037778357423
-1.9019512651272148,1.9019512651272148
0.0,0.0
0.0,0.0
-2.0039591870863003,2.0039591870863003
-2.014486724245481,2.014486724245481
-3.399760502316534,2.001709778067401
-25.0,2.028907178023232
-25.0,2.13846109724102
-25.0,2.2306824489848687
-25.0,2.2556436940153404
-2.213813774785029,1.9319787296287112
-1.9738086488590216,1.9738086488590216
-1.9738086488590216,1.9738086488590216
-1.9738086488590216,1.9738086488590216
1.8568854536298094,-1.8568854536298094
-1.9738086488590216,1.9738086488590216
1.6883381951873027,-1.6883381951873027
-1.9738086488590216,1.9738086488590216
-1.9738086488590216,1.9738086488590216
-1.9738086488590216,1.9738086488590216
2.0241035158338683,-2.0241035158338683
-1.9738086488590216,1.9738086488590216
1.9840363910451426,-1.9840363910451426
-1.9738086488590216,1.9738086488590216
-1.960697825753055,1.960697825753055
-1.8445995400602335,1.8445995400602335
-1.9738086488590216,1.9738086488590216
-1.9738086488590216,2.3955848317022976
0.659357525654034,1.994978591988105
-1.8118644535915367,1.8118644535915367
-2.021112508723718,2.021112508723718
-2.148015405245551,2.148015405245551
-2.2124069474272465,2.2124069474272465
23.079801319370535,1.9201986806294649
24.999999999962714,-1.4910739309925702e-11
23.005279192242018,1.9947208077579823
22.940752446472146,2.059247553527854
-2.0,2.0
-2.0,2.0
-2.0,2.0
-2.0,2.0
-2.0,2.0
-2.0,2.0
-25.0,2.0
-25.0,2.0
-25.0,0.9999999999999929
-25.0,0.0
0.0,0.0
0.0,0.0
0.0,0.0
0.0,0.0
0.0,0.0
0.0,0.0
0.0,0.0
2.0,-2.0
0.0,0.0
0.0,0.0
4.21606648199446,-2.0
-2.0,2.0
-2.0,2.0
-2.0,2.0
-2.0,2.0
2.0,-2.0
2.0,-2.0
1.0470914127423825,2.0
-2.0,2.0
25.0,0.0
-2.0,2.0
-2.0,2.0
-2.0,2.0
-2.0,2.0
-2.0,2.0
-2.0,2.0
22.922263502481176,2.077736497518824
22.950512163341607,2.0494878366583933
22.922579380616295,2.0774206193837053
-2.1593045054605478,2.1593045054605478
-2.3059763903821837,2.3059763903821837
-2.2147832170558015,2.2147832170558015
-2.1306167250907113,2.1306167250907113
-2.0575284463142554,2.0575284463142554
-1.983590169895768,1.983590169895768
-1.8394045665376213,1.8394045665376213
-1.880958043245407,1.880958043245407
0.0,0.0
0.0,0.0
-2.090471180248503,2.090471180248503
0.0,0.0
-24.543771965819886,1.9812719658198858
22.943685881113456,2.0563141188865437
-2.094472023057376,2.094472023057376
0.0,0.0
-2.0484481299408124,2.0484481299408124
-2.5476446289212316,2.5476446289212316
-2.023579663565158,2.023579663565158
-1.976627352753077,1.976627352753077
-25.000000000000004,1.8504647920278714
22.94729541258875,2.052704587410922
-2.163524588135985,2.163524588135985
-24.99999999995942,2.2474129019234432
-25.0,2.209601497626732
-2.2018257627465765,2.2018257627465765
-3.1697028450755216,2.041479001325003
-24.999999999958813,2.258244652086862
-1.9731888621989349,1.9731888621989349
-24.999999999995865,2.3356965255895936
-1.9305270908117969,1.9305270908117969
-2.335696525589596,2.2443789767960944
-2.203340516294661,2.203340516294661
-2.083048256715582,2.058969355626869
-2.2203000757073816,2.2203000757073816
-2.201095525306936,2.201095525306936
-2.2203000757073816,2.2203000757073816
-2.2203000757073816,2.2203000757073816
-2.2203000757073816,2.2203000757073816
1.4383577859998606,-1.4383577859998606
-2.2203000757073816,2.2203000757073816
-2.058143814943165,2.058143814943165
-2.2203000757073816,2.2203000757073816
-2.2203000757073816,2.2203000757073816
1.6360205010784554,-1.6360205010784554
2.4738180655769124,-2.4738180655769124
1.8617938862729098,-1.8617938862729098
-2.2203000757073816,2.2203000757073816
-2.153654706475602,2.153654706475602
-1.756666203152081,1.756666203152081
2.32602103730121,-2.32602103730121
-2.0665576397554544,2.0665576397554544
-2.2203000757073816,2.2203000757073816
-2.1724256586729087,2.1724256586729087
-2.056658173064834,2.056658173064834
-2.0625179024934965,2.0625179024934965
0.8239453981750541,1.9014838808195442
-2.0,2.0
2.0,-2.0
-2.0,2.0
-2.0,2.0
23.0,2.0
25.0,-2.0
-2.0,2.0
2.0,-2.0
-25.0,2.0
2.0,-2.0
2.0,-2.0
2.0,-2.0
-25.0,0.0
0.0,0.0
0.0,0.0
2.0,-2.0
2.0,-2.0
2.0,-2.0
2.0,-2.0
25.0,-2.0
2.0,-2.0
2.0,-2.0
13.263157894736842,-2.0
25.0,-2.0
2.0,-2.0
2.0,-2.0
25.0,-2.0
25.0,-2.0
2.000000000000006,-2.000000000000006
2.0,-2.0
-25.0,2.0
4.484764542936301,-2.0
2.0,-2.0
2.0,-2.0
25.0,-2.0
-1.9511821410054848,2.0
1.9268043287964982,-1.9268043287964982
1.951182141005492,-1.951182141005492
-2.06643354288071,2.06643354288071
-22.974590841472878,2.173032723769996
-2.3492210263116733,2.3492210263116733
-2.266436313045431,2.266436313045431
24.999999999956053,-1.863674389688125
-2.1104962221541603,2.1104962221541603
-1.934229400942237,1.934229400942237
-1.870054342288456,1.870054342288456
-1.8605530506581047,1.8605530506581047
-25.0,1.8189408772503306
-2.247527770734173,2.247527770734173
-2.1061110106324605,2.1061110106324605
-2.009321414646511,2.009321414646511
-25.0,2.0330885289632477
-1.9069935010003967,1.9069935010003967
-2.1578865492005583,2.1578865492005583
22.89942541358578,2.1005745864142185
0.8992625526481621,2.09789725951798
22.74738518193351,2.2526148180664904
-2.0947894901551614,2.0947894901551614
-1.9637816115180229,1.9637816115180229
-2.0299132268380795,2.0299132268380795
-2.0532107675549085,2.0532107675549085
-2.005407039019344,2.005407039019344
-25.0,2.2826504874830356
-25.0,1.971375575972413
-3.451967114498505,2.127072044001368
-25.0,2.0708690070416864
-25.0,0.0
0.0,0.0
2.069689392716116,-2.069689392716116
1.8370901493456095,-1.8370901493456095
1.6594714105920279,-1.6594714105920279
1.7682654284465258,-1.7682654284465258
0.0,0.0
0.0,0.0
0.0,0.0
1.8418256476253063,-1.8418256476253063
1.7553117610211686,-1.7553117610211686
0.0,2.350541070988402
-2.1213633165670327,2.1213633165670327
-1.9708644375631224,2.065241066463244
-2.049282506686877,2.049282506686877
-2.055628692906039,2.055628692906039
-2.2065382241493925,2.2065382241493925
-2.2065382241493925,2.2065382241493925
-2.1206141447080427,2.1206141447080427
-2.2065382241493925,2.2065382241493925
-2.2065382241493925,2.2065382241493925
1.8921426047560637,-1.8921426047560637
-1.2995533446212768,1.2995533446212768
-1.7609592671662728,1.7609592671662728
-2.2065382241493925,2.2065382241493925
-2.2065382241493925,2.2065382241493925
-2.023103778492135,2.023103778492135
-1.8464147986220993,1.8464147986220993
2.0890193441980545,-2.0890193441980545
-2.066062909018171,2.066062909018171
2.0,-2.0
2.0,-2.0
-2.0,2.0
-2.0,2.0
-2.0,2.0
-2.0,2.0
-2.0,2.0
2.0,-2.0
2.0,-2.0
2.0,-2.0
2.0,-2.0
2.0,-2.0
2.0,-2.0
-0.2065382241493925,-2.0
2.0,-2.0
2.0,-2.0
2.0,-2.0
0.0,0.0
0.0,0.0
2.0,-2.0
0.0,0.0
2.0,-2.0
2.0,-2.0
0.0,0.0
2.0,-2.0
2.0,-2.0
2.0,-2.0
2.0,-2.0
2.0,-2.0
2.0,-2.0
0.0,0.0
25.0,-2.0
25.0,-2.0
25.0,-2.0
25.0,-2.0
13.263157894736851,-2.0
1.9894836176299338,-1.957506191458483
1.9680225738285515,-1.9680225738285515
1.9680225738285424,-1.9619243298861266
1.961924329886134,-1.8246606041523679
-2.2419553711191638,2.2419553711191638
-2.1563352680018113,2.1563352680018113
-2.1492854314235226,2.1492854314235226
-2.1617090928938767,2.1617090928938767
-1.7086977451681635,1.7086977451681635
1.8246606041524005,-1.8246606041524005
1.8246606041524005,-1.8246606041524005
-24.999999999973063,1.8180919841160907
25.0,-1.630396978531195
-2.2920690988155528,2.2920690988155528
3.963810220140733,-2.0604487649255017
2.2380207987780203,-2.2380207987780203
-2.647651813902227,2.647651813902227
-24.999999999957083,2.047401687698006
24.999999999988695,-2.1313941407918975
-24.999999999946127,2.35795267324211
22.692510078917653,2.3074899210823467
2.882818692068918,2.0069792269727937
-1.9689664866836498,1.9689664866836498
-2.1921427006904537,2.1921427006904537
-2.2984152850347126,2.2984152850347126
-2.098543554365161,2.098543554365161
0.0,0.0
-25.0,2.3282458315749572
-2.418497372558985,2.418497372558985
-2.511706469845649,2.511706469845649
-2.286153355062977,2.286153355062977
-24.999999999960245,2.391837710112725
-24.999999999986642,2.388134137687665
-2.161217744711715,2.161217744711715
-4.0913269150727185,1.983109235644252
-2.088878164433769,2.088878164433769
-25.0,2.320044703406708
-2.148045700316512,2.148045700316512
-2.320044703406707,2.641731020971154
-2.6103666050086205,2.6103666050086205
-2.5977419467875134,2.5977419467875134
-2.6103666050086205,2.6103666050086205
-2.6103666050086205,2.6103666050086205
1.4767776163050481,-1.4767776163050481
1.5768958832129059,-1.5768958832129059
1.5237223533493882,-1.5237223533493882
7.7143120829401095,-1.226399584311233
24.99999999997633,-0.9858453602240438
1.7680432645928104,-1.7680432645928104
-2.1260256017585686,2.1260256017585686
-2.1790129431651337,2.1790129431651337
24.999999999972037,-1.6529705932815055
1.9897937168224793,-1.9897937168224793
2.0003704834719684,-2.0003704834719684
1.7049092834296768,-1.7049092834296768
24.99999999997265,-1.4783116198461386
1.771353790029508,-1.771353790029508
2.0487394833185744,-2.0487394833185744
-1.9821558087365125,1.9821558087365125
2.0964868819565687,-2.0964868819565687
23.0,2.0
-2.0,2.0
-2.0,2.0
-2.0,2.0
-2.0,2.0
-2.0,2.0
-25.0,2.0
-24.00000000000001,2.0
-25.0,0.0
-25.0,2.0
2.0,-2.0
-2.0,2.0
-2.0,2.0
-2.0,2.0
0.0,-2.0
2.0,-2.0
2.0,-2.0
2.0,-2.0
0.0,0.0
0.0,0.0
0.0,0.0
0.0,0.0
0.0,0.0
0.0,0.0
0.0,0.0
0.0,0.0
2.0,-2.0
2.0,-2.0
4.21606648199446,-2.0
-2.0,2.0
-2.0,2.0
-2.0,2.0
2.0,-2.0
2.0,-2.0
2.0,-2.0
2.206560096856696,-2.0
1.9528220984015336,-1.9528220984015336
-2.048675569791588,2.048675569791588
-2.0680642431284952,2.0680642431284952
-2.186420487413168,2.186420487413168
-2.186420487413168,2.3759332712183396
22.74193206911565,2.2580679308395837
0.548025073783728,2.1029934584863135
23.067881155633337,1.9321188443319102
22.960283793061485,2.0397162068834227
23.12684293747231,1.873157062472778
-1.9360306953698325,1.9360306953698325
-1.6445119570100832,1.6445119570100832
-2.4181773808719544,2.4181773808719544
-2.1771756733407717,2.1771756733407717
-1.795339754676574,1.795339754676574
-1.9727981820129905,1.9727981820129905
0.0,0.0
-2.0936736217080743,2.0936736217080743
-1.8840487716308072,1.8840487716308072
-2.0996398572455863,2.0996398572455863
-2.3053736841462147,2.3053736841462147
0.0,0.0
-2.0801784298892745,2.0801784298892745
0.0,0.0
0.0,0.0
0.0,0.0
-1.816738173132494,1.816738173132494
-2.1087492063953697,2.1087492063953697
-24.604387348155118,2.2206491001707533
-2.235891307748341,2.235891307748341
-1.9699403469856058,1.9699403469856058
-24.999999999996803,2.2131283488045206
-24.999999999985945,2.135729491675974
-24.99999999994372,2.277380407430332
-2.1512872729094106,2.1512872729094106
1.7591844809257697,-1.7591844809257697
1.945866495075384,-1.945866495075384
1.9342483353615876,-1.9342483353615876
1.8684985641651117,-1.8684985641651117
1.8587252480434202,-1.8587252480434202
1.736223972873388,-1.736223972873388
1.6494443732510256,-1.6494443732510256
1.7740738771561126,-1.7740738771561126
1.6511320611625155,-1.6511320611625155
1.8224576300711295,-1.8224576300711295
1.8101559378187613,-1.8101559378187613
1.8054911280379766,-1.8054911280379766
1.84445058929467,-1.84445058929467
2.1298238462803862,-2.1298238462803862
-2.494835271056563,2.494835271056563
1.8757214140002212,-1.8757214140002212
1.679737550770752,-1.679737550770752
2.8234932418260623,-2.8234932418260623
-1.930874852980545,1.930874852980545
2.171667650751555,-2.171667650751555
1.969669584788885,-1.969669584788885
1.8286867384639653,-1.8286867384639653
1.8771840978950882,-1.8771840978950882
-1.9002904404231775,1.9002904404231775
-1.9375366325789054,1.9375366325789054
-2.0,2.0
2.0,-2.0
25.0,-2.0
2.0,-2.0
-2.0,2.0
-2.0,2.0
-2.0,2.0
-2.0,2.0
-25.0,2.0
-1.9999999999999996,-1.3322676295501878e-15
0.0,2.0
25.0,0.0
-24.3675,2.0
-2.0,2.0
-1.9999999999999996,1.9999999999999996
-1.9999999999999996,0.0
0.0,2.0000000000000004
-1.8050000000000002,2.0
23.0,2.0
-2.0,2.0
-24.5434875,1.9999999999999964
-2.0,2.0
4.484764542936292,-2.0
25.0,-2.0
-25.0,2.0
2.0,-2.0
2.484764542936287,-1.9999999999999998
25.0,0.0
-25.0,2.0
-1.9999999999999996,1.9999999999999996
-1.9999999999999996,0.0
2.0,-2.0
2.0,-2.0
2.0,-2.0
2.0,-2.0
2.0,-2.0
0.0,0.0
25.0,-1.9795110278389565
25.0,-2.1461943333633826e-11
10.841635328387257,-1.81887106767336
1.619872281534922,-1.619872281534922
1.7718744865616616,-1.7718744865616616
2.005173514514015,-2.005173514514015
2.345813816996161,-2.345813816996161
24.999999999966768,-1.7800953380833988
25.0,0.0
-24.32776937215788,1.7652693721578814
-1.819505754094303,1.819505754094303
22.49010681638087,2.5098931836191305
-1.9022788305819862,1.9022788305819862
-1.8650638604948337,1.8650638604948337
-24.110970226418715,2.0425380665140374
-2.1919180122474895,2.1919180122474895
-24.999999999981732,1.9434321598941544
22.916446825435056,2.083553174564944
-1.896848439112107,1.896848439112107
22.859113403631532,2.1408865963598878
-1.9899906347837302,1.9899906347837302
-1.8549364707312765,1.8549364707312765
-1.933456245485404,1.933456245485404
-2.1069359201688513,2.1069359201688513
-1.8964760621982037,1.8964760621982037
-24.999999999999996,1.9855568249190299
-24.999999999956902,1.0732231864712318
-25.0,2.106022018861509
-25.000000000000004,1.9829773258561083
-2.1257283313747593,2.1257283313747593
-2.1477793561509753,2.1477793561509753
-2.0676085000294364,2.0676085000294364
-2.0081683085080364,2.0081683085080364
-2.1477793561509753,2.1477793561509753
-2.099167127909123,2.099167127909123
-2.1477793561509753,2.1477793561509753
-2.007571243151169,2.007571243151169
-2.060948002449054,2.060948002449054
-2.1477793561509753,2.1477793561509753
-2.065229074664323,2.065229074664323
-2.1477793561509753,2.1477793561509753
-2.1477793561509753,2.1477793561509753
-2.1477793561509753,2.1477793561509753
-2.1477793561509753,2.1477793561509753
-2.00397370347447,2.00397370347447
-2.1477793561509753,2.1477793561509753
-2.107674993670855,2.107674993670855
-1.8985468565278971,1.8985468565278971
1.6271793895361428,-1.6271793895361428
-2.1477793561509753,2.1477793561509753
-2.1477793561509753,2.1477793561509753
-1.7664603471350766,1.6186809909840862
-1.2500171167150977,1.2500171167150977
-1.7763870320534974,1.7763870320534974
1.7597370503971557,-1.7597370503971557
1.698051710101215,-1.698051710101215
1.798538645932518,-1.798538645932518
2.0530098260295455,-2.0530098260295455
2.038919186168866,-2.038919186168866
-2.0,2.0
-1.999999999999985,1.999999999999985
-1.999999999999985,1.999999999999985
-1.999999999999985,1.999999999999985
-1.999999999999985,1.999999999999985
-1.999999999999985,1.999999999999985
-1.999999999999985,1.999999999999985
2.0,-2.0
-1.999999999999985,0.0
0.0,0.0
2.0,-2.0
2.0,-2.0
0.0,0.0
2.0,-2.0
0.0,0.0
0.0,0.0
0.0,0.0
0.0,0.0
2.0,-2.0
4.21606648199446,-2.0
-2.0,2.0
2.0,-2.0
2.0,-2.0
2.0,-2.0
2.0,-2.0
-2.0,2.0
2.0,-2.0
2.0,-2.0
-2.0,2.0
-2.0,2.0
2.0,-2.0
2.0,-2.0
2.0,-2.0
2.0,-2.0
2.0,-2.0
2.0,-2.0
1.9720651192029626,-1.9720651192029626
1.9754764778189653,-1.9754764778189653
1.950859905787,-1.950859905787
24.999999999962522,-1.8005299354242865
24.999999999957925,-1.6672340886121724
-2.296503066467083,2.296503066467083
-2.095288412105062,2.095288412105062
-2.004430969701798,2.004430969701798
23.415780283382112,1.5842197166178877
25.0,-1.6765255850259564e-11
4.563657009310526,1.951198427564635
-2.2236407384282177,2.2236407384282177
0.0,0.0
-1.867849744728682,1.867849744728682
-1.9340331141282991,1.9340331141282991
-2.1422303089864982,2.1422303089864982
-2.1018842170859973,2.1018842170859973
-2.146491184487795,2.146491184487795
-1.8141681412792465,1.8141681412792465
-2.1484414296809504,2.1484414296809504
-2.39348942262745,2.39348942262745
-1.9711988547251362,1.9711988547251362
0.0,0.0
0.0,0.0
-2.2463279596946304,2.2463279596946304
0.0,0.0
0.0,0.0
-21.223426154641118,-1.8470023178758765
-2.1845272772274704,2.1845272772274704
1.9001234625125285,-1.9001234625125285
-1.990022823296627,1.990022823296627
2.026624318196804,-2.026624318196804
1.7648711182041978,-1.7648711182041978
1.911332007621029,-1.911332007621029
-2.1128226311450913,2.1128226311450913
1.5268263358283356,-1.5268263358283356
1.6354897061893148,-1.6354897061893148
1.8157441161165622,-1.8157441161165622
24.999999999986027,-1.7573907602659133
-2.0670366805650335,2.0670366805650335
2.3201923918776526,-2.3201923918776526
1.6021903740239551,-1.6021903740239551
1.5526049166274607,-1.5526049166274607
1.4041054213938367,-1.4041054213938367
1.681342558384408,-1.681342558384408
1.4653166122718666,-1.4653166122718666
1.5343641281719815,-1.5343641281719815
-2.3716132256565707,2.3716132256565707
1.7974894424202308,-1.7974894424202308
-2.2869284039617437,2.2869284039617437
-2.056885938350943,2.056885938350943
-2.113570540709455,2.113570540709455
-1.7531481880366595,1.7531481880366595
-1.8185716560729865,1.8185716560729865
-2.0280841619287697,2.0280841619287697
-2.2530948055970357,2.2530948055970357
-2.0870500462454267,2.0870500462454267
-1.9221370918105258,1.9221370918105258
-1.817287862994278,1.817287862994278
1.9678927867663252,-1.9678927867663252
2.320192391877649,-2.0
2.0,-2.0
2.0,-2.0
2.0,-2.0
2.0,-2.0
2.0,-2.0
-25.0,2.0
-25.0,2.0
-25.0,0.0
-22.194999999999997,0.0
0.0,0.0
0.0,0.0
0.0,0.0
2.0,-2.0
0.0,0.0
0.0,0.0
2.0,-2.0
2.0,-2.0
25.0,-2.0
25.0,-2.0
-25.0,2.1316282072803006e-14
2.0,-2.0
25.0,-2.0
25.0,-2.0
2.0,-2.0
2.0,-2.0
25.0,-2.0
17.963988919667578,-2.0
2.0,-2.0
2.0,-2.0
2.0,-2.0
2.0,-2.0
2.000000000000006,-2.000000000000006
2.0,-2.0
2.0,-2.0
-2.0,2.0
1.9329718004769658,-1.9329718004769658
2.000000000000006,-1.9441145780632552
1.944114578063255,-1.6334188724129115
1.6334188724129053,-1.6334188724129053
1.6334188724129146,-1.6334188724129146
1.6334188724129075,-1.6334188724129075
-2.12121278793319,2.12121278793319
1.6334188724128973,-1.6334188724128973
-2.5139791059731715,2.0000662704677286
2.048334523424704,-2.048334523424704
2.2028513771280913,-2.2028513771280913
2.110080296075745,-2.110080296075745
2.0517641779164766,-1.8273124151927362
1.9783996144043368,-1.9783996144043368
1.9783996144043445,-1.927435731279085
1.9274357312790837,-1.866369704282743
1.8663697042827456,-1.8109246752444206
1.8109246752444172,-1.745075813920005
1.74507581392,-1.7450758139200073
1.7382430131235225,-1.7382430131235225
1.745075813920015,0.0
0.0,0.0
0.0,0.0
-20.76510207393531,-1.7973979260600323
24.99999999999484,-1.651895749409693
1.6518957494096806,-1.6330471660930268
1.5566000791105292,-1.5566000791105292
-22.148241195797937,-1.4497569375964972
-25.0,2.504287964343913
-25.0,2.567535236449494
-25.000000000000004,2.705314694593877
-2.68826235652633,2.68826235652633
-2.609463614660431,2.609463614660431
-2.705314694593876,2.705314694593876
-2.705314694593876,2.705314694593876
-2.7053146945938753,2.7053146945938753
-2.705314694593876,0.0
0.0,0.0
0.0,0.0
0.0,0.0
0.0,0.0
0.9515159956459929,-0.9515159956459929
0.9106182809950614,-0.9106182809950614
0.9347211656816228,-0.9347211656816228
0.9534883309950573,-0.9534883309950573
1.0286693364702852,-1.0286693364702852
0.9619166721955157,-0.9619166721955157
1.179198601458344,-1.179198601458344
0.0,0.0
1.5159415692907352,-1.5159415692907352
1.2551193115828863,-1.2551193115828863
4.386357808510523,-1.8754689550755397
1.5925256152398735,-1.5925256152398735
-2.2660771902250723,2.2660771902250723
-2.2660771902250723,2.2660771902250723
-2.2660771902250723,2.2660771902250723
-2.0908175223357985,2.0908175223357985
-1.9494951187571832,1.9494951187571832
-2.05198330437377,2.05198330437377
-2.07997214333512,2.07997214333512
-2.0,2.0
-2.0,2.0
-2.0,2.0
2.0,-2.0
-2.0,2.0
2.0,-2.0
-2.0,2.0
-2.0,2.0
-2.2660771902250723,2.0
-2.0,0.0
0.0,0.0
0.0,0.0
0.0,0.0
0.0,0.0
2.0,-2.0
2.0,-2.0
2.0,-2.0
2.0,-2.0
0.0,0.0
13.231555873014054,-2.0
2.0,-2.0
2.0,-2.0
2.0,-2.0
25.0,-2.0
2.0,-2.0
2.0,-2.0
2.0,-2.0
2.0,-2.0
2.0,-2.0
25.0,-2.0
25.0,-2.0
2.0,-2.0
-2.0,2.0
-2.0,2.0
2.0,-2.0
2.0,-2.0
1.9178593966031863,-1.9178593966031863
1.9177659652286367,-1.9177659652286367
25.0,-1.9280357921202658
1.7982153801688066,-1.7982153801688066
1.6265031151916554,-1.6265031151916554
1.8063403367458708,-1.8063403367458708
1.8429336267309977,-1.8429336267309977
1.9596378138430497,-1.9596378138430497
-1.923086495154152,1.923086495154152
-1.9593408590328947,1.9593408590328947
1.9596378138430541,-1.9596378138430541
1.9596378138430532,-1.9596378138430532
1.959637813843064,-1.959637813843064
1.9431178485329248,-1.9431178485329248
-2.0884174268962266,2.0884174268962266
-2.2675212552742465,2.2675212552742465
-0.15585457043052742,2.115492384273586
-2.046377966758431,2.046377966758431
0.0,0.0
-24.76535390169231,2.20285390171734
24.99999999997226,7.105427357601002e-15
0.0,0.0
0.0,0.0
-25.0,2.319991055885218
22.482163827428895,2.5178361725368923
-2.2195912972763185,2.2195912972763185
-24.999999999945132,2.116508531445426
-25.0,1.8652550981302767
-24.999999999992987,2.323536210335039
-1.9765844347358836,1.9765844347358836
-24.999999999982037,2.4088875235910194
-2.282139258160555,2.282139258160555
-3.596678419435955,2.562300500646243
-2.5623005006462436,2.3271589959042083
-2.3271589959042083,2.3271589959042083
-2.3271589959042083,2.3271589959042083
-2.3271589959042083,2.3271589959042083
-2.3271589959042083,2.3271589959042083
-2.3271589959042083,2.3271589959042083
-2.3271589959042083,2.3271589959042083
-2.3271589959042083,0.0
0.0,0.0
0.8992904490446492,-0.8992904490446492
1.2716376990247316,-1.2716376990247316
1.845883293692232,-1.845883293692232
1.394604760910795,-1.394604760910795
1.0922700510704217,-1.0922700510704217
1.276118844937809,-1.276118844937809
2.030825865850801,-2.030825865850801
1.3682259590182415,-1.3682259590182415
1.3465062865806683,-1.3465062865806683
1.6480842507943105,-1.6480842507943105
2.035746290292823,-2.035746290292823
25.0,-1.9496275019058125
24.999999999960004,-1.670385209905966
24.999999999995875,-1.4670986567064546
1.6769223181869086,-1.6769223181869086
2.0386766283676376,-2.0386766283676376
2.129865344216131,-2.129865344216131
2.018591331617067,-2.018591331617067
11.189604443354597,2.0
2.0,-2.0
-2.0,2.0
-2.0,2.0
-2.0,2.0
-2.0,2.0
-2.0,2.0
-25.0,0.0
-25.0,0.0
-25.0,2.0
-1.9999999999999996,1.9999999999999996
-1.9999999999999996,1.9999999999999996
-1.9999999999999996,0.0
2.0,-2.0
2.0,-2.0
2.0,-2.0
2.0,-2.0
4.21606648199446,-2.0
2.0,-2.0
2.0,-2.0
-2.0,2.0
-1.9999999999999987,1.9999999999999987
2.0,-2.0
-2.0,2.0
2.0,-2.0
-2.0,2.0
-2.0,2.0
23.0,2.0
9.04709141277548,-1.9999999999999991
25.0,-2.0
25.0,-2.0
2.0,-2.0
2.0,-2.0
2.0,-2.0
2.0,-2.0
-2.0,2.0
1.9650471259788842,-1.9650471259788842
1.965721837247608,-1.965721837247608
1.9444438545189415,-1.9444438545189415
1.8127646225140117,-1.8127646225140117
-2.3478612588753194,2.3478612588753194
-2.2251130473195886,2.2251130473195886
-2.0688584872802616,2.0688584872802616
-2.0398257109420044,2.0398257109420044
-2.0316299475259063,2.0316299475259063
-2.006000317492343,2.006000317492343
-1.927490009947892,1.927490009947892
-1.9691476259621083,1.9691476259621083
-2.0115985941471344,2.0115985941471344
24.999999999966924,-1.8227094578485001
1.8227094578484948,1.5543122344752192e-15
-2.224616492172105,2.224616492172105
-2.2197680185236184,2.2197680185236184
-1.8452830725988036,1.8452830725988036
0.0,0.0
-2.38066387810637,2.38066387810637
0.0,0.0
-2.4804571041486962,2.4804571041486962
-2.3812672549363505,2.3812672549363505
-23.30075936615037,-1.6992406338496302
-2.336290435209902,2.336290435209902
-2.314715295506703,2.314715295506703
-2.161567400322399,2.161567400322399
-24.999999999966263,2.2733966055988724
-2.2103247924459435,2.2103247924459435
-2.2999199402258057,2.2999199402258057
-2.3726621924886224,2.3726621924886224
-2.4171214714194775,2.4171214714194775
-2.638555718845991,2.638555718845991
-2.609655483443186,2.609655483443186
-2.7186546241739897,2.7186546241739897
-2.9424455756623953,2.9424455756623953
1.1057033904526694,-1.1057033904526694
4.160458352914414,-1.139291156939474
1.0949398041989173,-1.0949398041989173
-2.887068710533727,2.887068710533727
1.0348482686518388,-1.0348482686518388
1.095833508792289,-1.095833508792289
1.1134955351629312,-1.1134955351629312
-2.624159248666082,2.624159248666082
1.5505341222977655,-1.5505341222977655
1.3230459098574219,-1.3230459098574219
1.086750667829591,-1.086750667829591
1.078089433271117,-1.078089433271117
1.2952766904371895,-1.2952766904371895
1.340204911820642,-1.340204911820642
1.1403085664059365,-1.1403085664059365
1.5875079941118493,-1.5875079941118493
-1.7440672405159017,1.7440672405159017
2.1391610396096947,-2.1391610396096947
1.9760293406752432,-1.9760293406752432
1.7546616792901175,-1.7546616792901175
1.8249612336698204,-1.8249612336698204
2.131719497231081,-2.131719497231081
-1.8745506357370147,1.8745506357370147
-1.9735477877857546,1.9735477877857546
2.0,-2.0
2.0,-2.0
-2.0,2.0
-2.0,2.0
-2.0,2.0
-2.0,2.0
-2.0,2.0
-2.0,2.0
-23.0,-2.0
-25.0,0.0
0.0,0.0
0.0,0.0
0.0,0.0
0.0,0.0
2.0,-2.0
2.0,-2.0
0.0,2.0000000000000004
-1.8050000000000002,1.8050000000000002
-1.8050000000000002,1.8050000000000002
-1.8050000000000002,1.8050000000000002
2.0,-2.0
-1.8049999999999984,2.0
-1.9809874999999983,2.0
25.0,0.0
25.0,-2.0
25.0,0.0
-2.0,2.0
-2.0,2.0
25.0,0.0
2.0,-2.0
5.04914539473684,-2.0000000000000004
2.000000000000006,-2.000000000000006
2.0,-2.0
-2.0,2.0
-2.0,2.0
-2.0,2.0
2.000000000000006,-2.000000000000006
2.000000000000006,-2.000000000000006
2.000000000000011,-1.9870684855987428
1.9870684855987393,-1.7950413501999376
1.7950413501999436,-1.626040997019369
-2.179987276827573,2.179987276827573
1.6260409970193703,-1.6260409970193703
-2.3204571111347034,1.9379052028855843
2.049921227766321,-2.049921227766321
2.0499212277663155,-2.0499212277663155
1.8720121612493532,-1.8720121612493532
-2.0468980321432735,2.0468980321432735
-2.1578524672457284,2.1578524672457284
-1.832480880528271,2.155620730351551
-2.1089808374587644,2.1089808374587644
-2.3057927659611845,2.3057927659611845
-2.294481343840877,2.294481343840877
-2.1587436472498496,2.1587436472498496
1.726781377943027,-1.726781377943027
1.726781377943027,-1.726781377943027
-0.6326696390170561,2.3594510169600884
-2.346242366020805,2.346242366020805
-2.486810232988283,2.486810232988283
-25.0,0.0
25.0,0.0
1.5819507420323191,-1.5819507420323191
1.5872612155129744,-1.5872612155129744
-2.4252367635533325,2.4252367635533325
-24.99999999996468,2.29510681082677
-24.999999999992376,2.491430231309934
-2.5922560143542075,2.5922560143542075
-2.56852361313962,2.56852361313962
-24.999999999991378,2.725545490523146
-25.0,2.287069780959566
-2.334740337412363,2.334740337412363
-2.3603120767834422,2.4889851666244023
-2.4777797772524615,2.4777797772524615
1.4018086763265547,-1.4018086763265547
1.2156334734682304,-1.2156334734682304
-2.4777797772524615,2.8835071445054687
-2.8439487261983007,2.8439487261983007
-2.8439487261983007,2.8439487261983007
-2.8439487261983007,2.8439487261983007
1.179626519335681,-1.179626519335681
1.0472307477601088,-1.0472307477601088
1.2503617231472823,-1.2503617231472823
1.219922119451244,-1.219922119451244
1.4103020257001155,-1.4103020257001155
-2.2835511346968307,2.2835511346968307
-2.579292879719178,2.579292879719178
-2.5915611211640233,2.5915611211640233
1.8244848752363136,-1.8244848752363136
-2.2961671383104303,2.2961671383104303
-2.1546039520323994,2.1546039520323994
-2.1210133453826936,2.1210133453826936
-2.224346045549043,2.224346045549043
24.99999999994639,-1.927452141109189
2.117177863169484,-2.117177863169484
-1.9213088293040383,1.9213088293040383
1.991603512015429,-1.991603512015429
-0.5229065582259005,2.0
2.0,-2.0
-2.0,2.0
-2.0,2.0
-2.0,2.0
-2.0,2.0
-25.0,2.0
-2.0,2.0
-1.9999999999999996,0.0
0.0,0.0
0.0,0.0
0.0,2.0
-1.805,2.0
-1.9809875,1.9809875
2.0,-2.0
-1.9809875,0.0
0.0,2.0000000000000004
25.0,0.0
23.0,2.0
23.0,2.0
2.0,-2.0
-2.0,2.0
-2.0,2.0
-2.0,2.0
-17.49250000000001,-2.0
-23.0,-2.0
2.0,-2.0
2.0,-2.0
2.0,-2.0
2.0,-2.0
2.0,-2.0
-25.0,2.0
-2.0,2.0
-2.0,2.0
-2.0,2.0
-1.9229696029240415,2.0
-2.0695199333610526,2.0695199333610526
-2.0609803635412933,2.0609803635412933
0.8728295821320526,2.097231433620003
22.77188267170723,2.2281173282466398
22.601700485347553,2.3982995146300468
24.999999999971443,1.1461054327810416e-11
25.0,-1.8920444613490943
-0.07123317904054449,1.9632776403896317
-1.9092593198494,1.9092593198494
-1.7234817397974522,1.7234817397974522
0.0,0.0
-1.8057581033508274,1.8057581033508274
-2.234095693646548,2.234095693646548
-2.310321879069953,2.310321879069953
-24.483280238654814,2.1883861118912122
-25.0,2.169894126805673
25.0,0.0
22.883726255307906,2.1162737446454756
-2.183744654560959,2.183744654560959
-1.916217087813596,1.916217087813596
-1.9899685446278212,1.9899685446278212
0.0,0.0
-2.2213439933609376,2.2213439933609376
-0.06886949688773925,-1.7932954685339704
1.4791785006787599,-1.4791785006787599
2.0633406819077127,-2.0633406819077127
1.8232446707688226,-1.8232446707688226
-23.094738998370225,-1.9052610016297713
-25.0,2.232240751697457
-24.999999999988738,2.18613165369381
-22.433103419128127,2.341913957757157
-2.3197606871164416,2.3197606871164416
-2.465017978609861,2.465017978609861
-2.465017978609861,2.324346603483269
-2.324346603483269,2.2843154540913044
-2.095276104732486,2.095276104732486
1.913305605264716,-1.913305605264716
-2.2843154540913044,2.2843154540913044
-2.2843154540913044,2.2843154540913044
-2.2843154540913044,2.2843154540913044
-2.263651059958894,2.263651059958894
-2.2843154540913044,2.2843154540913044
1.53486462799016,-1.53486462799016
0.9867378025227911,-0.9867378025227911
-1.768327912030383,1.768327912030383
-2.2843154540913044,2.2843154540913044
1.5866433222948206,-1.5866433222948206
1.6006396450791058,-1.6006396450791058
2.4031870010717373,-2.4031870010717373
-2.2843154540913044,2.2826902497636734
-2.2826902497636734,2.2826902497636734
1.4671993247026718,-1.4671993247026718
-2.2826902497636734,2.1112977792400205
-1.9807904004210606,1.9807904004210606
-2.0579885527044866,2.0579885527044866
-2.021951303500969,2.021951303500969
-2.0917266900383034,2.0917266900383034
-2.0849325470146685,1.9736347677746477
2.014108193645286,-2.014108193645286
1.9982944624536016,-1.9982944624536016
2.0,-2.0
-2.0,2.0
-2.0,2.0
-2.0,2.0
2.0,-2.0
-2.0,2.0
-2.0,2.0
-2.0,0.0
2.0,-2.0
2.0,-2.0
2.0,-2.0
2.0,-2.0
0.0,0.0
2.0,-2.0
2.0,-2.0
0.0,0.0
0.0,2.0000000000000004
-1.805000000000001,1.805000000000001
-1.8049999999999988,2.0
23.0,2.0
-2.0,2.0
-2.0,2.0
1.068157894736844,2.0
23.0,2.0
22.999999999999996,2.0
25.0,-2.0000000000000036
2.0,-2.0
2.0,-2.0
-14.195,-2.0
-23.0,-2.0
-25.0,0.0
-25.0,0.0
-2.0,2.0
2.0,-2.0
0.0,-2.0
2.0,-2.0
1.9279552148249999,-1.9279552148249999
1.9255513127782034,-1.9255513127782034
1.9004452786097559,-1.9004452786097559
1.792903082277954,-1.792903082277954
25.0,-1.6340580274061338
25.0,-1.813292582171087
1.8470398711409253,-1.8470398711409253
-25.0,0.0
2.227559532086577,-2.227559532086577
2.4801541534390816,-2.4801541534390816
-15.911711548979977,1.3266137856104692
-2.428668311487051,2.428668311487051
-2.4206199209682397,2.4206199209682397
22.78373737364557,2.2162626263544283
24.99999999999831,1.6910917111090384e-12
-2.191228168235801,2.191228168235801
22.99648640291576,2.0035135970842397
22.802473612740734,2.1975263872592663
0.1767039326502342,2.3954087416023357
0.0,0.0
-1.858149641695146,1.858149641695146
0.0,0.0
0.0,0.0
0.0,-1.9817358590939893
1.8152278376155948,-1.8152278376155948
-2.0188580505263225,2.0188580505263225
-25.0,0.0
-25.0,0.0
-22.989655495561216,-2.010344504438784
-16.010767373137625,-2.007496767768391
1.2858782758186464,-1.2858782758186464
1.7405037827940362,-1.7405037827940362
1.8740835867263552,-1.8740835867263552
2.018372698243624,-2.018372698243624
2.755959217179406,-2.755959217179406
0.0,0.0
1.717388012502978,-1.717388012502978
1.4715883231082412,-1.4715883231082412
1.7502026235329478,-1.7502026235329478
1.6179223519154213,-1.6179223519154213
1.7867094463363706,-1.7867094463363706
0.0,0.0
1.8075821190816441,-1.8075821190816441
1.5962834663337429,-1.5962834663337429
1.9834039814388156,-1.9834039814388156
1.7276359514030695,-1.7276359514030695
1.6437615228564706,-1.6437615228564706
1.7574961618669676,-1.7574961618669676
0.0,0.0
0.0,0.0
1.821300737048781,-1.821300737048781
1.8770095856634033,-1.8770095856634033
2.6384294893836477,-2.6384294893836477
1.8067187095592359,-1.8067187095592359
2.123874967293947,-2.123874967293947
1.8739251687511191,-1.8739251687511191
2.0046588138813224,-2.0046588138813224
2.027179806724516,-2.027179806724516
0.0,0.0
2.033512719126773,-2.033512719126773
0.0,0.0
0.0,0.0
2.0,-2.0
2.0,-2.0
2.0,-2.0
2.0,-2.0
2.0,-2.0
2.0,-2.0
2.0,-2.0
2.0,-2.0
2.0,-2.0
2.0,-2.0
2.0,-2.0
2.0,-2.0
0.0,2.000000000000001
-1.8050000000000008,0.0
25.0,-1.9999999999999964
25.0,-2.0
2.0,-2.0
22.664819944598342,-2.0
-25.0,0.0
2.0,-2.0
-23.0,-2.0
2.0,-2.0
-2.0,2.0
2.0,-2.0
2.0,-2.0
2.0,-2.0
2.0,-2.0
2.0,-2.0
2.0,-2.0
25.0,-2.0
25.0,-2.0
25.0,-2.0
25.0,-2.0
2.0,-2.0
1.919414253276109,-1.919414253276109
-2.0610845743448802,2.0610845743448802
-2.0936974549153486,2.0936974549153486
-0.20825144394198442,2.2082514439419754
-2.282632697018187,2.282632697018187
-2.1090729849662724,2.1090729849662724
-2.158003942600535,2.158003942600535
-2.1509148959955064,2.1509148959955064
-1.899297290681508,1.899297290681508
-1.9346169253916212,1.9346169253916212
-2.323856833169387,2.323856833169387
-1.7658809539029203,1.7658809539029203
0.0,0.0
-2.2016604021509103,2.2016604021509103
0.0,0.0
-2.2748381460588014,2.2748381460588014
0.0,0.0
-2.0941791707047503,2.0941791707047503
0.0,0.0
-25.0,2.4567821373394736
24.97863475087039,-1.9929791173046425
1.9929791173046425,-1.8364293381102588
1.418666621022096,-1.418666621022096
-23.127275904583048,-1.8727240954169524
1.701621321509366,-1.701621321509366
1.927010337990998,-1.927010337990998
1.9783857291634774,-1.9783857291634774
-25.0,0.0
-19.096223773178394,2.753601250822893
-1.9738225340998792,1.9738225340998792
-2.258098857057858,2.258098857057858
-2.2177407733584324,2.2177407733584324
1.2234742165214954,-1.2234742165214954
-2.1547446978829115,2.1547446978829115
1.4911450537086157,-1.4911450537086157
1.6408872779989832,-1.6408872779989832
-2.1564961316728812,2.1564961316728812
-2.331435650088295,2.331435650088295
-2.803598216266616,2.803598216266616
1.41141663185258,-1.41141663185258
1.8508018246923186,-1.8508018246923186
1.8327888804163663,-1.8327888804163663
1.4419767846851546,-1.4419767846851546
1.5803495213025354,-1.5803495213025354
-22.99895860693569,-2.001041393064309
2.0049444080398677,-2.0049444080398677
1.5766680390333807,-1.5766680390333807
2.242252641502975,-2.242252641502975
1.1167320585773375,-1.1167320585773375
1.9146587851010057,-1.9146587851010057
2.2106725546146917,-2.2106725546146917
-1.5329639278609735,1.5329639278609735
-2.0,2.0
-2.0,2.0
-1.9437086024166788,1.9437086024166788
1.951508952041994,-1.951508952041994
1.759364200122776,-1.759364200122776
1.9813652967286068,-1.9813652967286068
-2.0,2.0
-2.0,2.0
-2.0,2.0
-2.0,2.0
-2.0,2.0
-2.0,2.0
-2.0,2.0
-2.0,2.0
-2.0,2.0
-2.0,2.0
-2.0,2.0
-2.0,0.0
0.0,0.0
2.0,-2.0
0.0,0.0
2.0,-2.0
2.0,-2.0
0.0,0.0
0.0,2.0000000000000004
3.234149101996438,1.999999999999997
25.0,0.0
25.0,-2.0
25.0,0.0
25.0,-2.0
2.0,-2.0
-2.0,2.0
-2.0,2.0
2.0,-2.0
2.0,-2.0
2.0,-2.0
-2.0,2.0
-2.0,2.0
2.0,-2.0
-2.0,2.0
2.0,-2.0
-2.0,2.0
2.0,-2.0
-2.0,2.0
1.9585954888502906,-1.9585954888502906
1.9516122678984162,-1.9516122678984162
1.9727487294022392,-1.9727487294022392
-2.1575880263838005,2.1575880263838005
1.7184079071119798,-1.7184079071119798
1.8319982106216337,-1.8319982106216337
-2.092349159074469,2.092349159074469
2.0006182087918116,-2.0006182087918116
2.029008792740412,-2.029008792740412
2.029008792740412,-2.029008792740412
1.9754792957930958,-1.9754792957930958
2.0290087927404086,-2.0290087927404086
1.9592127361286202,-1.9592127361286202
1.9011427654209214,-1.9011427654209214
1.8951468659597612,-1.8951468659597612
2.029008792740414,-2.029008792740414
1.9855599806555926,-1.8947776447824132
1.7951365252422082,-1.7951365252422082
1.9382264568672412,-1.9382264568672412
1.6330066764151212,-1.6526588065095238
1.8216668024895686,-1.8216668024895686
1.9600016702682428,-1.9600016702682428
1.8881543848934221,-1.8881543848934221
-23.17616457534743,-1.8238354246525716
1.7929508621017831,-1.7929508621017831
-2.374237536178626,2.374237536178626
-25.0,2.234716111453949
-22.23826706376395,2.3930734965490394
-2.8048428387652926,2.8048428387652926
-2.2863073550070325,2.2863073550070325
-2.458409866256348,2.458409866256348
-2.176642985009696,2.176642985009696
-2.268520361468669,2.268520361468669
-24.99999999998527,2.3078723963532397
-2.552327110826745,2.552327110826745
-2.8457841025807227,2.8457841025807227
-2.928493433189928,2.928493433189928
-2.928493433189928,0.0
0.0,0.0
0.0,0.0
0.0,0.0
1.0740488281816063,-1.0740488281816063
1.068381125322528,-1.068381125322528
1.052267934454795,-1.052267934454795
0.9934569968031663,-0.9934569968031663
1.1446590648254915,-1.1446590648254915
1.076892146820823,-1.076892146820823
0.9832343037955393,-0.9832343037955393
1.1474121293991377,-1.1474121293991377
0.0,0.0
0.0,2.21606648199446
1.112877010797467,-1.112877010797467
-2.0,2.0
-2.0,2.0
-2.0,2.0
1.4961169166565433,-1.4961169166565433
-2.0,2.0
1.9084850598847718,-1.9084850598847718
-1.8977010402368024,1.8977010402368024
1.9488071287407218,-1.9488071287407218
-2.0,2.0
-2.0,2.0
-2.0,2.0
-2.0,2.0
-2.0,2.0
2.0,-2.0
-2.0,2.0
2.0,-2.0
-2.0,2.0
-2.0,2.0
-2.0,2.0
-2.0,2.0
-2.0,0.0
0.0,0.0
0.0,0.0
0.0,0.0
0.0,2.0000000000000004
2.0,-2.0
-1.8049999999999995,2.0
-1.9809875,2.0
-1.99814628125,1.99814628125
-1.99794601800554,2.0
-2.0,2.0
-2.0,2.0
-2.0,2.0
-2.0,2.0
-2.0,2.0
-2.0,2.0
-2.0,2.0
-2.0,2.0
-2.0,2.0
-2.0,2.0
-2.0,2.0
-1.999999999999999,1.999999999999999
-2.0,2.0
-1.999999999999999,1.999999999999999
1.0038023943988619,2.043289018405682
-2.0368629353469543,2.0368629353469543
-2.0641697234866627,2.0641697234866627
-2.1873260654653386,2.1873260654653386
22.60738061393258,2.392619386058268
22.77406125415687,2.2259387457901205
22.98720790628644,2.0127920937135606
22.953642861102857,2.046357138897143
-2.065738410544865,2.065738410544865
-2.0768901523953156,2.0768901523953156
-1.9739557061826485,1.9739557061826485
-1.9714266989046614,1.9714266989046614
-1.6019871445895895,1.6019871445895895
-2.070982613557792,2.070982613557792
-2.1550886731677856,2.1550886731677856
-2.2578104227364104,2.2578104227364104
-2.2350367342882933,2.2350367342882933
-2.223895721942144,2.223895721942144
-2.232958997338171,2.232958997338171
-2.2452688945055943,2.2452688945055943
-2.225131508378457,2.225131508378457
0.0,0.0
-2.234145554284172,2.234145554284172
-2.227085540455482,2.227085540455482
-2.193354503528921,2.193354503528921
-2.2983218752325776,2.2983218752325776
0.0,-1.1469347445938654
1.2708418222646707,-1.2708418222646707
-2.7075047757654787,2.7075047757654787
-2.4488164271184907,2.4488164271184907
-2.3707737997320084,2.3707737997320084
-2.322778833561001,2.322778833561001
-2.467364584314769,2.467364584314769
-2.490549149662799,2.490549149662799
1.2708418222646678,-1.2708418222646678
1.2287152637978647,-1.2287152637978647
1.2708418222646731,-1.2708418222646731
0.8721012540038746,-0.8721012540038746
0.7722240853690874,-0.7722240853690874
0.579010958837987,-0.579010958837987
0.8158294219872122,-0.8158294219872122
1.0111632034856335,-1.0111632034856335
1.1704351210353732,-1.1704351210353732
1.2708418222646234,-1.2708418222646234
-23.438168340822777,-1.5618316591772228
1.4944585770950471,-1.4944585770950471
-25.0,2.7890452215534083
-2.743268738183028,2.743268738183028
-2.7880801973138176,2.7880801973138176
-2.6517239763573226,2.6517239763573226
-2.5882633764603877,2.5882633764603877
1.5913699845121476,-1.5913699845121476
-2.2521584985601266,2.2521584985601266
-2.257395127805311,2.257395127805311
1.7087586508837418,-1.7087586508837418
1.7034295585573935,-1.7034295585573935
1.8671857777567733,-1.8671857777567733
-1.9625202636155894,1.9625202636155894
-1.932134070760803,1.932134070760803
-2.0073917803577563,2.0073917803577563
-1.999999999999999,1.999999999999999
2.0000000000000013,-2.0000000000000013
1.9999999999999996,-1.9999999999999996
2.0,-2.0
-2.0,2.0
2.0,-2.0
-2.0,2.0
-2.0,2.0
-25.0,2.0
-23.642110476959544,2.0
-2.0000000000000013,2.0000000000000013
-2.0000000000000013,2.0000000000000013
-2.000000000000007,5.773159728050814e-15
0.0,0.0
0.0,0.0
0.0,0.0
0.0,2.0000000000000004
-1.8050000000000002,2.0
-1.9809874999999886,1.9809874999999886
25.0,-2.0
11.068157894736855,-2.0
25.0,-2.0
25.0,-2.0
25.0,-2.0000000000000036
2.000000000000006,-2.000000000000006
2.0,-2.0
2.0,-2.0
2.0,-2.0
2.0,-2.0
2.0,-2.0
2.0,-2.0
2.0,-2.0
2.0,-2.0
2.0,-2.0
2.0,-2.0
2.0,-2.0
1.9527252234527355,-1.9527252234527355
1.9562536031904174,-1.9562536031904174
1.91466031612632,-1.91466031612632
1.823283249648249,-1.823283249648249
1.6686231649518142,-1.6686231649518142
-2.1879881735111817,2.1879881735111817
-2.0296970588838223,2.0296970588838223
-2.090670622799,2.090670622799
1.9233679868551707,-1.9233679868551707
-1.9934815105647505,1.9934815105647505
-2.0208228121076477,2.0208228121076477
-22.66280959997277,1.9053095999727745
25.0,0.0
-2.0125749790383374,2.0125749790383374
-2.200832968025269,2.200832968025269
-2.296992678994137,2.296992678994137
-2.2951068108267734,2.2951068108267734
0.0,0.0
0.0,0.0
-24.75731876529207,2.1948187652920694
22.82138909767242,2.1786109023275806
0.0,0.0
-2.3139162630100945,2.3139162630100945
-25.0,2.3206493425313184
-2.3101117070151584,2.3101117070151584
-2.358947361405347,2.358947361405347
-25.0,0.0
-25.0,2.5239721867012506
-24.84462152923257,2.570174694507031
-2.5014667358606086,2.5014667358606086
-2.4866688559904624,2.4866688559904624
-2.510357076893232,2.510357076893232
-2.551626537310751,2.551626537310751
-2.5701746945070316,2.5701746945070316
-2.5701746945070316,2.5701746945070316
1.2177699071183419,-1.2177699071183419
1.0319342615137188,-1.0319342615137188
1.0599376365865876,-1.0599376365865876
1.2393753418924973,-1.2393753418924973
1.1635852792614774,-1.1635852792614774
-2.5701746945070316,2.5701746945070316
1.1668426305371682,-1.1668426305371682
1.225059658568492,-1.225059658568492
1.2253121174931714,-1.2253121174931714
-2.5701746945070316,2.343538846511133
1.2167341943798409,-1.2167341943798409
-2.343538846511133,2.343538846511133
1.3592396835942395,-1.3592396835942395
1.2423707670338349,-1.2423707670338349
-2.343538846511133,2.343538846511133
1.2992150496622035,-1.2992150496622035
1.612978575022865,-1.612978575022865
1.7034863618154468,-1.7034863618154468
-2.343538846511133,2.343538846511133
-2.343538846511133,2.343538846511133
-2.343538846511133,2.343538846511133
-2.189656295856008,2.189656295856008
-2.0328938200175894,2.0328938200175894
-1.9713962460468721,1.9713962460468721
-2.046411614799486,2.046411614799486
-2.0,2.0
2.0000000000000013,-2.0000000000000013
-2.0,2.0
2.0,-2.0
-2.0,2.0
2.0,-2.0
-2.0,2.0
2.0,-2.0
-2.343538846511133,2.0
-2.0,2.0
-2.0,2.0
2.0,-2.0
-2.0,2.0
-2.0,2.0
-2.0,0.0
0.0,0.0
0.0,0.0
25.0,-2.0
25.0,-2.0
25.0,0.0
2.0,-2.0
2.0,-2.0
11.263157894736855,-2.0
25.0,-2.0
2.0,-2.0
2.0,-2.0
2.0,-2.0
2.0,-2.0
2.0,-2.0
2.0,-2.0
2.0,-2.0
2.0,-2.0
2.000000000000006,-2.000000000000006
2.000000000000006,-2.000000000000006
2.0,-2.0
2.0,-2.0
1.9646812688660233,-1.8934931281031777
1.928811859237159,-1.928811859237159
1.904377459494291,-1.904377459494291
1.8048862029247417,-1.8048862029247417
1.688084434521294,-1.688084434521294
1.773293936865678,-1.773293936865678
1.7450306868872123,-1.7450306868872123
1.9288118592371566,-2.112782553290796
2.0585704705258747,-2.0585704705258747
1.5220801080443414,-1.5220801080443414
-1.8268333743831544,1.8268333743831544
-25.0,0.0
24.999999999991616,-2.4014147394204812
-2.1265185278090044,2.1265185278090044
-2.169002315654243,2.169002315654243
1.7160727015053912,-1.7160727015053912
7.2349032679775265,-1.6876218429885252
1.6876218429885146,7.105427357601002e-15
-2.2490608275542954,2.2490608275542954
-24.82755283810588,2.2650528381381854
22.88449877962826,2.1155012203359504
-2.151416026960998,2.151416026960998
-2.443411281541085,2.443411281541085
-2.28170250422086,2.28170250422086
-2.278352374290348,2.278352374290348
-2.2999843172515995,2.2999843172515995
-24.999999999967788,2.3124721979609184
-24.99999999999026,2.4470113458070273
-5.031962360280648,3.026982708886282
-25.0,2.4776989903965614
-24.999999999953346,2.402419525940708
-2.2755084245038186,2.2755084245038186
-2.3345573046919696,2.3345573046919696
-2.483710037393207,2.483710037393207
-2.6346224087994656,2.6346224087994656
-2.6346224087994656,2.9156091919688585
-2.8882129806098424,2.8882129806098424
-2.8882129806098424,2.8882129806098424
-2.8882129806098424,2.8882129806098424
-2.8882129806098424,3.0743759119363534
-3.0562250261320187,3.0562250261320187
1.0602424807381414,-1.0602424807381414
-2.8797284672986407,2.8797284672986407
-2.830024354207543,2.830024354207543
-2.8692665694598816,2.8692665694598816
-2.88760013657018,2.88760013657018
-3.0562250261320187,3.0562250261320187
-2.9702728606353013,2.9702728606353013
-2.776234193420498,2.776234193420498
-2.643456577721347,2.643456577721347
-2.4203365358252853,2.4203365358252853
22.612724222610417,2.3872757773437527
-1.9781099177882657,1.9781099177882657
-2.3588059844075318,2.3588059844075318
22.49751112106809,2.50248887893191
22.514575766508212,2.4854242334917878
-2.2922650700558362,2.2922650700558362
-1.6687314788978536,1.9526926688250896
-1.9278324862579035,1.9278324862579035
-2.0563726183529965,2.0563726183529965
-2.0,2.0
-2.0,2.0
-2.0,2.0
-2.0,2.0
-2.0,2.0
-25.0,2.0
-25.0,2.0
-25.0,2.0
-1.9999999999999996,0.0
2.0,-2.0
2.0,-2.0
0.21606648199446,2.0
-2.0,2.0
25.0,-2.0
4.484764542936289,-2.0
-25.0,0.0
0.0,0.0
0.0,0.0
0.0,2.0
23.0,2.0
2.0,-2.0
-2.0,2.0
-2.0,2.0
-2.0,2.0
-2.0,2.0
-2.0,2.0
-2.0,2.0
-2.0,2.0
25.0,-2.0
2.0,-2.0
2.0,-2.0
25.0,-2.0
2.0,-2.0
25.0,-2.0
-2.0,2.0
-2.0,2.0
1.9355980198498244,-1.9355980198498244
1.9498222552290176,-1.9498222552290176
1.938248073662667,-1.938248073662667
1.8621366140556783,-1.8621366140556783
1.786328233360104,-1.786328233360104
1.627922565495671,-1.627922565495671
2.0534995174500117,-2.0534995174500117
1.8783611876314108,-1.8783611876314108
8.933540580053581,-1.8506869558815922
-1.802990522389016,1.802990522389016
-1.9092839345945567,1.9092839345945567
2.180304270564873,-2.180304270564873
2.1803042705648616,4.440892098500626e-15
0.0,0.0
0.0,0.0
-2.284636076925649,2.284636076925649
-2.3582152305237756,2.3582152305237756
-2.28908187858927,2.28908187858927
-2.3404446468155182,2.3404446468155182
-2.368982603661399,2.368982603661399
-2.229901719760294,2.229901719760294
-2.32908147061565,2.32908147061565
-2.452331917644667,2.452331917644667
-2.4381841195055713,2.4381841195055713
-2.5620808613817694,2.5620808613817694
-2.479384153718808,2.479384153718808
-25.0,2.5652100897531867
-25.0,2.6044472558270293
-25.0,2.742635697429396
-5.523786427424486,2.617873021441536
-25.0,2.7379475351980744
-2.74432717222475,2.74432717222475
-2.74432717222475,2.727955210959223
-2.727955210959223,2.727955210959223
-2.727955210959223,2.727955210959223
-2.727955210959223,2.727955210959223
-2.727955210959223,2.727955210959223
-2.727955210959223,2.727955210959223
-2.727955210959223,2.727955210959223
0.9243495219084359,-0.9243495219084359
-2.727955210959223,2.727955210959223
0.6215218860176233,-0.6215218860176233
-2.727955210959223,2.727955210959223
-2.727955210959223,2.6593059490127904
-2.6593059490127904,2.6593059490127904
-2.6593059490127904,2.6593059490127904
-2.5452746707657905,2.5452746707657905
-2.6593059490127904,2.6593059490127904
-2.6368307932431083,2.6368307932431083
-2.6593059490127904,2.6593059490127904
-2.5003584411812607,2.5003584411812607
-2.408131409111606,2.408131409111606
-2.0250287777928246,2.0250287777928246
-2.061295133470489,2.061295133470489
-2.1717563269488487,2.1717563269488487
-2.6593059490127904,2.6593059490127904
-2.3573696509129265,2.3573696509129265
-2.0849350716039146,2.0849350716039146
2.060370265978605,-2.060370265978605
-2.0430931211279746,2.0430931211279746
2.0,-2.0
-2.0,2.0
-2.0,2.0
-2.0,2.0
-2.0,2.0
-2.0,2.0
-2.6593059490127904,2.0
-2.0,2.0
0.0,-2.0
2.0,-2.0
2.0,-2.0
0.0,0.0
0.0,0.0
0.0,0.0
0.0,0.0
0.0,0.0
0.0,0.0
25.0,-2.0
2.0,-2.0
2.0,-2.0
2.0,-2.0
-2.0,2.0
2.0,-2.0
2.0,-2.0
-2.0,2.0
2.0,-2.0
2.0,-2.0
2.0,-2.0
2.0,-2.0
2.0,-2.0
2.0,-2.0
2.0,-2.0
2.0,-2.0
2.0,-2.0
9.26315789479318,-2.0
2.0,-2.0
1.9589552693212164,-1.9589552693212164
1.966376398645322,-1.966376398645322
-2.0490335486574436,2.0490335486574436
1.8151847667424068,-1.8151847667424068
22.540293007677985,2.4597069923220154
22.86745401536425,2.132545984635751
1.8941521777965198,-1.8941521777965198
24.999999999943665,-2.060705326307705
2.043307119513345,-2.010698578080648
2.0280967848750038,-2.0280967848750038
-1.6825436317185751,1.6825436317185751
-1.8999170773415983,1.8999170773415983
1.623419645000344,-1.5384785774969623
1.9232095688799333,-1.9232095688799333
1.7348285061672186,-1.7348285061672186
1.9431557173716385,-1.9431557173716385
1.9431557173716278,-1.9431557173716278
1.9431557173716243,6.8833827526759706e-15
0.0,0.0
-2.151215953263188,2.151215953263188
-2.2393468392799,2.2393468392799
-2.1508833386299226,2.1508833386299226
-2.245839451675373,2.245839451675373
-2.38169201707713,2.38169201707713
0.0,0.0
-2.060092797841696,2.060092797841696
-25.0,1.8854518121047263
-25.0,1.8105188475229852
-3.312370583243748,2.5722921937377876
-25.0,2.295857244980386
-25.0,2.2677074437311973
-2.5194569588333415,2.5194569588333415
-2.222589878154233,1.9410388492881816
-2.2379059299672903,2.2379059299672903
-2.2379059299672903,2.2379059299672903
-2.2379059299672903,2.2379059299672903
-2.2379059299672903,2.2379059299672903
1.539980076951501,-1.539980076951501
-2.2379059299672903,2.2379059299672903
-2.1985273868956217,2.1985273868956217
2.085966050737577,-2.085966050737577
-2.2379059299672903,2.2379059299672903
-2.1477377004284044,2.1477377004284044
-2.2379059299672903,2.2379059299672903
1.3858778870318993,-1.3858778870318993
1.4978194365298574,-1.4978194365298574
-2.2379059299672903,2.2379059299672903
-2.2379059299672903,2.2379059299672903
-2.2379059299672903,2.2379059299672903
-1.9849868988965635,1.780451620740852
-2.0333706518115786,2.0333706518115786
-1.850066538074186,1.8166958862626075
-1.9764487380638691,1.9764487380638691
-1.761411799788763,1.761411799788763
1.858758698850938,-1.858758698850938
1.7199788722175118,-1.7199788722175118
-2.0,2.0
-2.0,2.0
-1.8531896127593144,1.8531896127593144
-1.9215786645031443,1.9215786645031443
-2.0,2.0
-2.0,2.0
-2.0,2.0
2.0,-2.0
2.0,-2.0
2.0,-2.0
2.0,-2.0
2.0,-2.0
2.0,-2.0
-2.0,2.0
-2.0,2.0
-2.0,2.0
-2.0,0.0
0.0,0.0
0.0,0.0
0.0,0.0
0.0,2.0000000000000004
-1.8050000000000002,2.0
25.0,-2.0
25.0,0.0
2.0,-2.0
25.0,-2.0
9.06815789473685,-2.000000000000001
25.0,-2.0000000000000036
2.000000000000006,-2.000000000000006
2.0,-2.0
2.0,-2.0
2.0,-2.0
2.0,-2.0
2.0,-2.0
2.0,-2.0
-25.0,0.0
2.0,-2.0
2.0,-2.0
25.0,-2.0
-23.0,-2.0
-25.0,2.0568546842319186
1.939327372546964,-1.939327372546964
1.8940179899610465,-1.8940179899610465
-25.0,2.2270769213500046
1.585860344607947,-1.585860344607947
1.856091154738033,-1.856091154738033
11.85533974029875,-1.7987542616328795
1.9685480360159922,-1.9685480360159922
-1.9794479500890736,1.9794479500890736
-2.1345826970106136,2.1345826970106136
-1.9611377354293076,1.9611377354293076
25.0,-2.9100277743054903e-11
25.0,-5.717026851925766e-11
25.0,-1.682334721958405
1.682334721958407,-1.682334721958407
1.6823347219584015,-1.6823347219584015
1.6823347219583997,1.7763568394002505e-15
-2.383863794976694,2.383863794976694
-2.3351859274144235,2.3351859274144235
-2.3502703481640843,2.3502703481640843
-2.355784051079109,2.355784051079109
-2.3680384072830947,2.3680384072830947
0.0,0.0
0.0,-1.5983921295021375
1.6058989956275145,-1.6058989956275145
1.580937119449727,-1.580937119449727
1.525234582308224,-1.525234582308224
-23.545687441107646,-1.4543125588923544
-25.0,2.899179165150649
1.3704873598360674,-1.3704873598360674
-23.903751095293046,2.602964059644531
1.4059755108784042,-1.4059755108784042
1.328936407717526,-1.328936407717526
1.1969205868236052,-1.1969205868236052
1.0491538536188614,-1.0491538536188614
0.92338639111078,-0.92338639111078
-3.3007781995861496,3.3007781995861496
0.5671163566016659,-0.5671163566016659
0.5103743198377888,-0.5103743198377888
-3.494440071855868,3.494440071855868
-3.423071196143317,3.423071196143317
-3.427841407525154,3.427841407525154
0.7757111742662364,-0.7757111742662364
0.7812905165016755,-0.7812905165016755
0.9292510119311093,-0.9292510119311093
0.9023294233504888,-0.9023294233504888
0.9170875409400008,-0.9170875409400008
0.9551671828441819,-0.9551671828441819
1.1552345691803598,-1.1552345691803598
1.1176693123352113,-1.1176693123352113
1.217188620444265,-1.217188620444265
-2.694275296964907,2.694275296964907
-2.170172462770136,2.170172462770136
-2.646001363682129,2.646001363682129
-2.475923888582404,2.475923888582404
-2.4393328076128693,2.4393328076128693
-2.2839214603819746,2.2839214603819746
1.997350601372306,-1.997350601372306
2.0245213353542164,-2.0245213353542164
1.9966831039201218,-1.9966831039201218
2.0,-2.0
2.0,-2.0
-2.0,2.0
-2.0,2.0
-2.0,2.0
-2.0,2.0
-25.0,2.0
-2.0,2.0
-1.9999999999999996,0.0
2.0,-2.0
2.0,-2.0
2.0,-2.0
0.0,0.0
0.0,0.0
0.0,0.0
0.0,0.0
2.0,-2.0
0.0,0.0
0.0,0.0
0.21606648199445955,2.0000000000000004
-2.0,2.0
-2.0,2.0
-2.0,2.0
-2.0,2.0
-2.0,2.0
-2.0,2.0
-2.0,2.0
-2.0,2.0
-2.0,2.0
-2.0,2.0
-2.0,2.0
-2.0,2.0
-2.0,2.0
-2.0,2.0
-2.0,2.0
-2.0,2.0
-2.0,2.0
-2.0000000000000004,2.0000000000000004
10.254973909080928,-1.9567765420213217
25.0,-1.780905366349586
25.0,-1.6220338032906731
24.999999999989008,-1.8481667846659668
-2.05331332899306,2.05331332899306
23.167414349018003,1.832585650981997
0.0,0.0
0.0,0.0
0.0,0.0
0.0,0.0
-1.7176890697706604,1.7176890697706604
-2.0025750810317398,2.0025750810317398
-2.138902269211899,2.138902269211899
-2.270704762314468,2.270704762314468
0.0,0.0
-2.3330311904922745,2.3330311904922745
-2.352064068823939,2.352064068823939
-2.3414166136755377,2.3414166136755377
-2.263767822211557,2.263767822211557
-2.289097026124752,2.289097026124752
-2.390161382852849,2.390161382852849
0.0,-1.3761904188101626
1.524864729983566,-1.524864729983566
1.5248647299835536,-1.5248647299835536
-2.3930280539425937,2.3930280539425937
-25.0,2.4362818415081087
-2.7119101840011535,2.7119101840011535
-2.6009974046212694,2.6009974046212694
-24.999999999999996,2.539100787762731
-3.3465627750544193,2.585170754633052
-24.999999999968036,2.7040334655511202
-25.0,2.771948703174047
1.0691574365159227,-1.0691574365159227
0.9127111654806654,-0.9127111654806654
0.7345685744583665,-0.7345685744583665
0.6335850045861697,-0.6335850045861697
0.5710288387868996,-0.5710288387868996
0.6275846870938242,-0.6275846870938242
0.5858677432323081,-0.5858677432323081
-3.3137823587964395,3.3137823587964395
-3.3137823587964395,3.3137823587964395
-3.1828590538990724,3.1828590538990724
-3.3137823587964395,2.0
0.9263616195381417,-0.9263616195381417
0.8849185936099051,-0.8849185936099051
0.8229676980825538,-0.8229676980825538
0.9966569136734904,-0.9966569136734904
-2.0,2.0
1.338999420455293,-1.338999420455293
1.5338156611581137,-1.5338156611581137
1.81664034529918,-1.81664034529918
1.5007372305518523,-1.5007372305518523
1.4611747080388273,-1.4611747080388273
1.3550501277391662,-1.3550501277391662
1.5411710519286803,-1.5411710519286803
-2.0,2.0
-1.9397607759819873,1.9397607759819873
-2.0,2.0
2.0,-2.0
2.0,-2.0
2.0,-2.0
2.0,-2.0
-2.0,2.0
-2.0,2.0
-2.0,2.0
2.0,-2.0
2.0,-2.0
-2.0,0.0
0.0,0.0
0.0,2.0
-1.805,0.0
2.0,-2.0
0.0,0.0
2.0,-2.0
25.0,0.0
25.0,0.0
25.0,0.0
25.0,0.0
2.0,-2.0
2.0,-2.0
2.0,-2.0
5.2631578947368425,-2.000000000000006
2.0,-2.0
2.0,-2.0
2.0,-2.0
2.0,-2.0
2.0,-2.0
2.0,-2.0
2.0,-2.0
2.0,-2.0
2.0,-2.0
2.0,-2.0
2.0,-2.0
2.000000000000006,-2.000000000000006
1.9297482550291585,-1.9297482550291585
1.9141584233463007,-1.9141584233463007
1.9031185277026585,-1.9031185277026585
1.7655862376933849,-1.7655862376933849
1.5945827610089511,-1.5945827610089511
1.8499683946672196,-1.8499683946672196
1.9176824367280096,-1.919363357162445
1.884891668865584,-1.884891668865584
2.00186251571683,-2.00186251571683
1.9862794885909265,-1.9862794885909265
2.001862515716831,-2.001862515716831
1.8248605798744162,-2.0435516890966308
2.2441795342455997,-2.2441795342455997
2.244179534245604,-1.975771516998412
-2.3003655302278663,2.3003655302278663
-2.271343483393908,2.271343483393908
-0.300533415412783,2.276304932411181
0.0,0.0
-2.3160091474956914,2.3160091474956914
-2.3341659933587167,2.3341659933587167
-2.35153769196598,2.35153769196598
-2.2966543840350635,2.2966543840350635
-2.321226211174217,2.321226211174217
-2.3227927188018587,2.3227927188018587
-2.3402679255682397,2.3402679255682397
0.0,0.0
-5.510274825837179,2.438449201376489
-25.0,2.5553073884325954
-24.999999999957534,2.9202392886474975
-25.0,2.6584065640936174
-24.999999999980872,2.6025942073198784
-2.581810526345551,2.581810526345551
-2.664721824094496,2.664721824094496
1.2018170276677846,-1.2018170276677846
0.9792353544286012,-0.9792353544286012
1.6108073530924027,-0.7846589497042261
0.526260928820621,-0.526260928820621
-3.4103207581523254,3.4103207581523254
0.3621424310643242,-0.3621424310643242
-3.4103207581523254,3.4103207581523254
-3.4103207581523254,3.4103207581523254
0.5261523714830094,-0.5261523714830094
0.42670880105136,-0.42670880105136
0.5357035237509802,-0.5357035237509802
-3.4103207581523254,3.4103207581523254
0.7256409957343521,-0.7256409957343521
0.8207233382421464,-0.8207233382421464
0.9245016284105549,-0.9245016284105549
-2.9791802426453415,2.9791802426453415
-2.8835570068914254,2.8835570068914254
-2.7513152352599075,2.7513152352599075
-2.6608819238501074,2.6608819238501074
-2.335279968363868,2.335279968363868
1.3920397782360414,-1.3920397782360414
1.4827725690452436,-1.4827725690452436
1.3432277918700355,-1.3432277918700355
1.4820751512658141,-1.4820751512658141
-2.1521211762949957,2.1521211762949957
-1.934094493204361,1.934094493204361
-2.022625763296936,2.022625763296936
-2.0,2.0
2.0,-2.0
-2.0,2.0
-2.0,2.0
-2.0,2.0
-2.0,2.0
-2.0,2.0
-3.4103207581523254,0.0
0.0,0.0
0.0,0.0
0.0,0.0
0.0,0.0
0.0,0.0
2.0,-2.0
0.0,0.0
0.0,0.0
23.0,2.0
25.0,0.0
25.0,0.0
25.0,0.0
2.0,-2.0
2.0,-2.0
2.0,-2.0
5.2631578947368425,-2.000000000000006
-2.0,2.0
-2.0,2.0
2.0,-2.0
2.0,-2.0
2.0,-2.0
2.0,-2.0
2.0,-2.0
2.0,-2.0
2.0,-2.0
2.0,-2.0
2.0,-2.0
2.0,-2.0
1.931000811246775,-1.931000811246775
1.944283074672124,-1.944283074672124
1.9202574118453197,-1.9202574118453197
1.885716272690019,-1.8029924256926286
1.6540438987317576,-1.6540438987317576
1.8775678354606025,-1.8775678354606025
1.9172761530026303,-1.9172761530026303
1.8838013492616659,-1.9731891777725876
2.0163208383332822,-2.0163208383332822
1.9187353655872847,-1.9187353655872847
1.9521918534332539,-1.9521918534332539
2.016320838333283,-2.016320838333283
2.0163208383332822,-5.329070518200751e-15
0.0,0.0
0.0,0.0
0.0,0.0
-2.157661229610282,2.157661229610282
0.0,0.0
-2.361746499732746,2.361746499732746
-24.909733267247717,2.347233267300176
22.518355076552552,2.481644923389318
-2.120160349790927,2.120160349790927
-1.999118918352865,1.999118918352865
-2.1930326183999576,2.1930326183999576
-2.323706620109201,2.323706620109201
-2.287490125069162,2.287490125069162
-25.0,2.437592103327198
-25.0,2.6528852874108537
-5.0197357744728475,2.4851225450767935
-25.0,2.5279118082208925
-2.3258537832636126,2.3258537832636126
-2.230540440839734,2.230540440839734
-24.999999999996906,2.231368506112684
-2.315144475678661,2.315144475678661
-2.315144475678661,2.315144475678661
-2.315144475678661,2.315144475678661
-2.315144475678661,2.315144475678661
-2.315144475678661,2.315144475678661
-2.315144475678661,2.315144475678661
-2.315144475678661,2.4380122481271127
-2.426032640313389,2.426032640313389
-2.426032640313389,2.426032640313389
-2.426032640313389,2.426032640313389
-2.426032640313389,2.426032640313389
-2.426032640313389,2.426032640313389
-2.426032640313389,2.426032640313389
-2.426032640313389,2.426032640313389
1.3222702298113393,-1.3222702298113393
-2.426032640313389,2.426032640313389
-2.426032640313389,2.426032640313389
1.6526297737331834,-1.6526297737331834
1.8940442516062195,-1.8940442516062195
-2.0622140839563263,2.0622140839563263
-2.0733405799143076,2.0733405799143076
-2.122004877809375,2.122004877809375
-1.9623807800597044,1.9623807800597044
-2.0932984046312684,2.0932984046312684
-1.9196202341182884,1.9196202341182884
-1.9288652799400885,1.9288652799400885
-2.0293586850313368,2.0293586850313368
-2.0,2.0
-2.0,2.0
2.0,-2.0
-2.0,2.0
-2.0,2.0
-2.0,2.0
-2.426032640313389,2.0
-2.0,2.0
-2.0,0.0
0.0,0.0
0.0,0.0
0.0,0.0
0.0,0.0
0.0,0.0
2.0,-2.0
0.0,0.0
0.0,2.0000000000000004
-1.8050000000000002,2.0
23.0,2.0
25.0,0.0
23.0,2.0
1.0681578947372947,1.9999999999995453
-2.0,2.0
25.0,-2.0
2.0,-2.0
2.0,-2.0
2.0,-2.0
2.0,-2.0
2.0,-2.0
2.000000000000006,-2.000000000000006
-2.0,2.0
2.0,-2.0
2.0,-2.0
2.0,-2.0
2.000000000000006,-2.0000000000000004
2.0,-2.0
2.0,-2.0
2.0,-2.0
1.9932441843830349,-1.9932441843830349
1.8167983065555122,-1.8167983065555122
1.653465925581067,-1.653465925581067
-2.225974090039569,2.1616081093240056
1.9813275067833183,-1.9813275067833183
1.9665110080674761,-1.9665110080674761
1.9864233901779942,-1.9864233901779942
1.9272994034597577,-1.9272994034597577
1.9218431349501,-1.9218431349501
1.9715560841035593,-1.9715560841035593
2.071319646222239,-2.071319646222239
2.0713196462222436,-1.9498181083939459
1.9498181083939308,-1.8090154546265111
1.8090154546265165,-1.8090154546265165
1.809015454626513,2.886579864025407e-15
0.0,0.0
0.0,0.0
-2.330880240453995,2.330880240453995
0.0,0.0
-2.390643579398988,2.390643579398988
-2.415360570419832,2.415360570419832
-2.4103972279606136,2.4103972279606136
-2.3396771716844924,2.3396771716844924
-2.4620856681996948,2.4620856681996948
-25.0,2.4433166094443237
-24.999999999969425,2.5025131781034062
-2.52971184035386,2.52971184035386
-4.707374658472871,2.6187440047316826
-24.999999999999996,2.4914390673723013
-24.999999999993406,2.337990746067618
-2.6866289472836478,2.6866289472836478
-2.6866289472836478,0.0
1.388374074649679,-1.388374074649679
0.0,0.0
1.1186797791812495,-1.1186797791812495
1.0447433962046961,-1.0447433962046961
0.0,0.0
0.9153884923769038,-0.9153884923769038
0.0,0.0
0.7692160372815167,-0.7692160372815167
0.9042758816597782,-0.9042758816597782
0.9575163131383366,-0.9575163131383366
1.003923943820416,-1.003923943820416
1.160466780394362,-1.160466780394362
1.1306621108938941,-1.1306621108938941
3.434183106654075,-1.2658576519441715
1.3073316040906828,-1.3073316040906828
1.3448697216014285,-1.3448697216014285
1.4506253962973972,-1.4506253962973972
1.5993464242374316,-1.5993464242374316
1.7885416669822414,-1.7885416669822414
1.737350570824777,-1.737350570824777
1.7764829664448767,-1.7764829664448767
1.5480391969746132,-1.5480391969746132
1.6909424667822113,-1.6909424667822113
-1.9569137228756879,1.9569137228756879
-1.85431818304605,1.85431818304605
-1.956913722875687,1.956913722875687
25.0,0.0
25.0,-2.0
2.0,-2.0
2.0,-2.0
-2.0,2.0
-2.0,2.0
-25.0,2.0
-22.276913722875687,2.0
-1.9999999999999996,0.0
2.0,-2.0
0.0,0.0
0.0,0.0
0.0,0.0
0.0,0.0
0.0,0.0
0.0,0.0
2.0,-2.0
23.0,2.0
23.0,2.0
-2.0,2.0
-2.0,2.0
9.138545431809186,-2.0
25.0,-2.0
25.0,-2.0
2.0,-2.0
2.0,-2.0
2.0,-2.0
-2.0,2.0
-2.0,2.0
-2.0,2.0
-2.0,2.0
-2.0,2.0
-2.0,2.0
2.0,-2.0
2.0,-2.0
2.0,-2.0
2.0,-2.0
2.0,-2.0
1.9957334377011744,-1.9957334377011744
1.8002499229747821,-1.8002499229747821
1.5763143993052937,-1.5763143993052937
-2.127387459870392,2.127387459870392
1.9955450467003568,-1.9955450467003568
1.882972034317044,-1.882972034317044
2.1009084633421056,-2.1009084633421056
2.1226123570968882,-2.1226123570968882
2.1246124629276704,-2.1246124629276704
2.124612462927674,-2.232613759758671
1.765558437626641,-1.765558437626641
2.2442814898872143,-1.897552799511967
1.8975527995119554,-1.8505481034730158
1.8505481034730216,-1.796129951110824
-0.6358020231250379,2.431931974235862
-2.1148650238457556,2.1148650238457556
-2.2685740089901625,2.2685740089901625
-2.2676190831075598,2.2676190831075598
-2.3920838575642875,2.3920838575642875
-2.161824908425574,2.161824908425574
-2.2027017952152175,2.2027017952152175
-24.999999999989434,2.2081637440506796
-2.349405676347052,2.349405676347052
-4.443406131433246,2.3334452231287517
-25.0,2.4074699667289394
-24.999999999986255,2.4943271974706427
-2.5576842892084617,2.5576842892084617
1.441733792970151,-1.441733792970151
-24.999999999970083,0.0
1.5055756058433545,-1.5055756058433545
1.4741747647915968,-1.4741747647915968
0.0,0.0
1.4643023585419623,-1.4643023585419623
1.4684578324422048,-1.4684578324422048
0.0,0.0
1.426639273863504,-1.426639273863504
1.3132713314411042,-1.3132713314411042
1.1306337092648668,-1.1306337092648668
1.2134112037837337,-1.2134112037837337
1.053716417535151,-1.053716417535151
0.0,0.0
0.0,0.0
0.0,0.0
1.241643685330752,-1.241643685330752
1.4617544168446255,-1.4617544168446255
1.025451747475234,-1.025451747475234
1.1223915565213627,-1.1223915565213627
1.2102649344349015,-1.2102649344349015
1.40381824936701,-1.40381824936701
1.7896127239701958,-1.7896127239701958
2.31656077024612,-2.31656077024612
1.9804483185781203,-1.9804483185781203
2.1846894820865748,-2.1846894820865748
1.3616266827270942,-1.3616266827270942
1.9006299582301662,-1.9006299582301662
2.086980304467483,-2.086980304467483
2.0590947961550707,-2.0590947961550707
1.9581549529575613,-1.9581549529575613
2.0,-2.0
2.0,-2.0
2.0,-2.0
0.0,0.0
0.0,0.0
2.0,-2.0
2.0,-2.0
2.0,-2.0
2.0,-2.0
2.0,-2.0
0.0,0.0
2.0,-2.0
0.0,0.0
0.0,0.0
0.0,0.0
0.0,0.0
0.0,2.0000000000000004
-1.805000000000001,2.0
23.0,2.0
23.0,2.0
3.068157894736843,2.0
2.0,-2.0
25.0,-2.0
25.0,-2.0000000000000036
2.000000000000006,-2.000000000000006
2.0,-2.0
2.0,-2.0
-2.0,2.0
-2.0,2.0
2.0,-2.0
2.0,-2.0
2.0,-2.0
-2.0,2.0
-2.0,2.0
-2.0,2.0
2.0,-2.0
2.0,-2.0
2.0,-2.0
2.000000000000006,5.329070518200751e-15
-2.2251806589753538,2.2251806589753538
-2.4327999990229836,2.4327999990229836
-2.1262736426520665,2.1262736426520665
-2.0329111765686614,2.0329111765686614
-1.970384674693043,1.970384674693043
-19.679237637091983,1.8609102800365278
-22.485700145850572,-2.514299854149428
-25.0,2.1377378024218068
-25.0,1.9781717702248116
-2.579621707468572,2.579621707468572
24.9999999999663,3.370104195710155e-11
-1.9722831658066369,1.9722831658066369
24.99999999998216,1.7841728094936116e-11
25.0,-1.8776792329611176
24.99999999999212,-1.7800483176086743
1.9429550125265056,-1.9429550125265056
-25.0,5.1592508043540874e-11
22.54215501058762,2.4578449894123793
2.5564731182993494,2.0873129191007527
-2.1741751990209437,2.1741751990209437
-2.095408014520629,2.095408014520629
-2.2458571238001,2.2458571238001
-2.215468643036308,2.215468643036308
0.0,-1.7753645734085417
-25.0,0.0
-25.0,2.2539560061038486
-25.0,2.2770206534626602
-22.755612086157974,2.3328039774600597
-2.3299562407896666,2.3299562407896666
-2.332803977460061,2.332803977460061
1.857753281183399,-1.857753281183399
1.6118898459101807,-1.6118898459101807
1.6231103828176057,-1.6231103828176057
1.5769003012440876,-1.5769003012440876
1.2078836156278534,-1.2078836156278534
1.4114450334816073,-1.4114450334816073
1.5447155752311907,-1.5447155752311907
1.5889615263706975,-1.5889615263706975
1.517361650742064,-1.517361650742064
1.2499609446043518,-1.2499609446043518
1.1340292818018192,-1.1340292818018192
1.1931286537749024,-1.1931286537749024
0.9908838092133561,-0.9908838092133561
1.1544759301116958,-1.1544759301116958
1.2639111936348844,-1.2639111936348844
-2.332803977460061,2.332803977460061
-2.332803977460061,2.332803977460061
-2.332803977460061,2.332803977460061
-2.3210684243462865,2.3210684243462865
-0.4833439719524182,-1.849460005507643
1.8247146128577736,-1.8247146128577736
0.0,0.0
0.0,0.0
1.8221628842765654,-1.8221628842765654
2.02497733928692,-2.02497733928692
2.21063310790771,-2.21063310790771
2.09364999313059,-2.09364999313059
2.0,-2.0
2.0,-2.0
2.0,-2.0
2.0,-2.0
2.0,-2.0
2.0,-2.0
2.0,-2.0
2.0,-2.0
2.0,-2.0
2.0,-2.0
0.0,0.0
0.0,0.0
0.0,0.0
0.0,0.0
0.0,0.0
0.0,0.0
0.0,2.0000000000000004
-1.8050000000000002,2.0
23.0,2.0
23.0,2.0
1.06815789473684,2.0
23.0,2.0
-2.0,2.0
25.0,0.0
-2.0,2.0
-2.0,2.0
-2.0,2.0
-2.0,2.0
-2.0,2.0
-2.0,2.0
-2.0,2.0
-2.0,2.0
-2.0,2.0
-2.0,2.0
0.0,0.0
0.0,0.0
0.0,0.0
0.0,0.0
-2.00610684887174,2.00610684887174
0.0,0.0
-2.359259779324644,2.359259779324644
0.0,0.0
0.0,0.0
-1.991181294187255,1.991181294187255
-2.0328316520073866,2.0328316520073866
0.0,0.0
0.0,0.0
0.0,0.0
-2.1649642351539757,2.1649642351539757
0.0,0.0
-2.1398641377149303,2.1398641377149303
-24.72415134291486,2.1616513429148583
25.0,0.0
-2.1486105771604844,2.1486105771604844
0.0,0.0
0.0,0.0
-2.4479321897347948,2.4479321897347948
-2.3134403779370682,2.3134403779370682
-2.2103841202932433,2.2103841202932433
-24.999999999951985,2.198846747435347
-2.315943508175275,2.315943508175275
-2.236219504350421,2.236219504350421
-24.999999999955875,2.2394434048185943
-25.0,1.9113599591946695e-11
-2.5080761105087443,2.5080761105087443
-2.058350831261402,2.058350831261402
-2.1242628073169865,2.1242628073169865
-2.416086389828285,2.416086389828285
-24.401567477181175,2.4764644662548783
-2.5131871414389,2.5131871414389
-2.5027473337560515,2.5027473337560515
1.5713379999860653,-1.5713379999860653
1.4887530053972675,-1.4887530053972675
1.6207177033589488,-1.6207177033589488
1.4936172577285518,-1.4936172577285518
1.3917336717898667,-1.3917336717898667
1.563882256792935,-1.563882256792935
24.999999999985995,-1.036604120473001
1.297766566581851,-1.297766566581851
24.99999999997594,-1.608649535611903
1.9151169980493012,-1.9151169980493012
6.277448320527588,-1.4866064733901734
1.5531394984004692,-1.5531394984004692
25.0,-1.259922973772241
1.335708618372081,-1.335708618372081
1.5221261817980931,-1.5221261817980931
-2.3529672406269846,2.3529672406269846
1.8356258875824647,-1.8356258875824647
-1.4472897827550568,1.4472897827550568
2.246498369468789,-2.246498369468789
1.44777387274313,-1.44777387274313
1.626524889773909,-1.626524889773909
1.932630862588526,-1.932630862588526
2.264070930708003,-2.264070930708003
2.0451279795076065,-2.0451279795076065
-1.9174282200580433,1.9174282200580433
-2.0,2.0
-2.0,2.0
-2.0,2.0
-2.0,2.0
-2.0,2.0
-25.0,2.0
-25.0,2.0
-2.0,2.0
-25.0,0.0
2.0,-2.0
0.0,0.0
0.0,0.0
0.0,0.0
0.0,0.0
0.0,0.0
0.0,0.0
0.21606648199446,2.0
-2.0,2.0
-2.0,2.0
23.0,2.0
-2.0,2.0
2.0,-2.0
-2.0,2.0
23.0,2.0
2.0,-2.0
2.0,-2.0
-24.125000000000007,2.0
-2.0,2.0
-2.0,2.0
-25.0,2.0
-2.0,2.0
-2.0,2.0
-2.0,2.0
-2.0,2.0
-2.0,2.0
-2.0,2.0
-2.0,2.0
-1.9920861089019362,2.0
-2.0071422867160025,2.0071422867160025
22.813472025241147,2.186527974758853
0.7084113610669122,2.330766160577408
-2.1784728388531454,2.1784728388531454
-2.0780987994972233,2.0780987994972233
22.973405976874158,2.026594023125842
23.088590361259634,1.9114096387403663
25.0,-2.36218577826169
0.3397914093479013,2.0223943689137833
-24.737457190540145,2.1749571905401446
25.0,0.0
-2.232486899149025,2.232486899149025
-1.994448428246276,1.994448428246276
-2.242352362778224,2.242352362778224
-2.160547466266692,2.160547466266692
-2.1545149602614497,2.1545149602614497
-1.9959442473750073,1.9959442473750073
-2.1812440489119957,2.1812440489119957
-2.3811965664374455,2.3811965664374455
-2.1633863668747217,2.1633863668747217
-2.079995397168883,2.079995397168883
-25.0,2.271777081597051
-2.6523475499012843,2.6523475499012843
1.5018972793107572,-1.5018972793107572
1.6570446491785322,-1.6570446491785322
-25.0,0.0
-25.0,2.728222918402942
-25.0,2.2548749565896884
1.8931088912902805,-1.8931088912902805
-2.068878368420579,2.068878368420579
1.7730873939079235,-1.7730873939079235
1.762914561537924,-1.762914561537924
1.4053759209322862,-1.4053759209322862
1.2348317123955628,-1.2348317123955628
1.1656156801632243,-1.1656156801632243
-2.254874956589688,2.254874956589688
-2.254874956589688,2.254874956589688
22.32127617279541,2.678723827204589
-1.4158588311161697,2.7472361301843815
22.37243318699804,2.627566813001959
25.0,0.0
25.0,0.0
1.4333041894750702,-1.4333041894750702
1.4333041894750664,-1.4333041894750664
-2.783869813597457,2.783869813597457
0.9488058490895472,-0.9488058490895472
-2.1874545384591375,2.1874545384591375
-2.822088939057526,2.822088939057526
-2.0418229766098825,2.0418229766098825
-2.864412415485588,2.864412415485588
-1.4843905151787897,1.4843905151787897
-2.175311264182005,2.175311264182005
-2.072305182749462,2.072305182749462
1.4333041894750702,-1.4333041894750702
-2.024553523867113,2.024553523867113
-2.0917598252721685,2.0917598252721685
-1.9284093549007983,1.9284093549007983
-1.9604024290878226,1.9604024290878226
-2.0,2.0
-2.0,2.0
-2.0,2.0
-2.0,2.0
-2.0,2.0
-2.0,2.0
-25.0,2.0
-25.0,2.0
-24.706442968998747,2.0
-2.0,2.0
-25.0,2.0
-1.9999999999999996,0.0
0.0,0.0
0.0,0.0
2.0,-2.0
2.0,-2.0
4.21606648199446,-2.0
-2.0,2.0
-2.0,2.0
-2.0,2.0
-2.0,2.0
-1.515235457063713,2.0
-2.0,2.0
23.0,2.0
-25.0,2.0
-2.0,2.0
-2.0,2.0
2.0,-2.0
-2.0,2.0
-2.0,2.0
-2.0,2.0
2.0,-2.0
2.0,-2.0
-2.0,2.0
-2.0,2.0
-2.0,2.0
-2.0,2.0
-2.0,2.0
-2.0,2.0038848953772503
2.904376968171867,2.1709530539312345
-2.3548234843174023,2.3548234843174023
-2.14468357858708,2.14468357858708
22.967801073172595,2.032198926827405
24.999999999981032,4.657607632907457e-12
25.0,-2.032123504723657
25.0,-1.983585751864588
1.9835857518645907,-1.9288072143874109
1.928807214387409,-1.928807214387409
-22.384405488980896,1.9078827875625812
-24.999999999952834,2.092271212381476
-2.0305746692207425,2.0305746692207425
-2.2322369648135876,2.2322369648135876
22.624381513503373,2.375618486496627
24.999999999971536,0.0
-2.1028063233083927,2.1028063233083927
-2.17257839632234,2.17257839632234
0.0,0.0
-2.316729917725656,2.316729917725656
-2.267971263307487,2.267971263307487
-25.0,2.298833104555058
-2.4398844303632963,2.4398844303632963
-2.3793561408765243,2.3793561408765243
-24.999999999999996,2.469555927780995
-24.999999999948983,2.488371691437429
-5.082608145127084,2.9298163179552525
-24.999999999996128,2.4919704934087505
-2.4343151864848434,2.4343151864848434
-2.3764705353674263,2.3764705353674263
-2.4719277793783654,2.4719277793783654
-2.5959393900652987,2.5959393900652987
-2.5959393900652987,2.5959393900652987
0.9525289870812728,-0.9525289870812728
0.7042823395590734,-0.7042823395590734
0.6368139542328315,-0.6368139542328315
0.591217347846289,-0.591217347846289
1.1794910359599804,-0.4421857954288988
-3.2613573696445997,3.2613573696445997
-3.2613573696445997,3.2613573696445997
-3.2613573696445997,3.2613573696445997
-3.219190417749841,3.219190417749841
-3.114404816471957,3.114404816471957
-3.1473418700803957,3.1473418700803957
0.9076657738709262,-0.9076657738709262
-3.0322224938680264,3.0322224938680264
1.0318067697567574,-1.0318067697567574
1.1842900668218412,-1.1842900668218412
1.1251951128799398,-1.1251951128799398
1.4113648777730212,-1.4113648777730212
1.7760815567546349,-1.7760815567546349
1.5023952545396915,-1.5023952545396915
-2.565128671749978,2.565128671749978
-2.5848753776911746,2.5848753776911746
-2.3247675787401714,2.3247675787401714
-2.082328275419761,2.082328275419761
-1.9124020389946035,1.9124020389946035
-1.9504204004394907,1.9504204004394907
-1.9999999999999847,1.9999999999999847
-2.0,2.0
-2.0,2.0
-2.0,2.0
-2.0,2.0
-2.0,2.0
-3.2613573696445997,2.0
-2.0,2.0
-2.0,2.0
-2.0,2.0
-2.0,2.0
-2.0,2.0
-2.0,2.0
-2.0,2.0
-2.0,0.0
0.0,0.0
0.0,0.0
0.0,0.0
0.0,1.9999999999999998
-1.7839335180055402,2.0
-2.0,2.0
-2.0,2.0
-2.0,2.0
23.0,2.0
-2.0,2.0
-2.0,2.0
-2.0,2.0
-2.0,2.0
2.0,-2.0
2.0,-2.0
-2.0,2.0
-2.0,2.0
2.0,-2.0
2.0,-2.0
2.0,-2.0
2.0,-2.0
2.0,-2.0
9.865447914442335,-2.000000000000001
1.9946051136481797,-1.9946051136481797
1.7987287790601683,-1.7987287790601683
1.6019839099596156,-1.6019839099596156
-2.2021353405029647,2.2021353405029647
-2.0527594972270418,2.0527594972270418
-2.036682281756076,2.036682281756076
22.993965600552826,2.0060343994471737
24.9999999999959,-1.9745944272620903
-2.002139589386667,2.002139589386667
-25.0,1.833705937460273
25.0,-2.174738182422985
25.0,0.0
-2.3315890188850386,2.3315890188850386
-2.2730545237559294,2.2730545237559294
-2.2832841593839834,2.2832841593839834
-2.370296652364365,2.370296652364365
-2.3162868523128424,2.3162868523128424
-2.3255129637152905,2.3255129637152905
-2.5340276256712766,2.5340276256712766
-2.393156807994181,2.393156807994181
0.0,0.0
0.0,-1.55152944160832
-2.5005452607855254,2.5005452607855254
1.4105475420043678,-1.4105475420043678
1.3452894345637052,-1.3452894345637052
-24.999999999962448,1.1965539670200087e-11
-3.0500082251117693,3.0500082251117693
-2.9220948617439007,2.9220948617439007
-2.9180618304221273,2.9180618304221273
-2.862387063762341,2.862387063762341
-3.066898989467516,3.066898989467516
-3.114873758924549,3.114873758924549
-3.147437173324459,3.147437173324459
-3.389518773905964,3.389518773905964
-3.565178431404032,3.565178431404032
0.3299457132525081,-0.3299457132525081
0.33724556305964803,-0.33724556305964803
0.25362738032159626,-0.25362738032159626
0.3135289405278492,-0.3135289405278492
0.4277811203339379,-0.4277811203339379
-3.49460038327304,3.49460038327304
0.5850800713873081,-0.5850800713873081
-25.000000000000004,3.446486130260123
-24.999999999965624,3.365732094022569
-3.314176194718943,3.314176194718943
-3.5016866024421898,3.2409978196637437
-24.999999999979828,3.169522280055517
-3.169522280055519,3.0262026108090208
-3.026202610809019,2.871937584883005
-2.682629997916712,2.682629997916712
-2.4655468800570723,2.362707737088469
-2.5509032424915423,2.5509032424915423
-2.6769947991441843,2.6769947991441843
-2.769098441914401,2.769098441914401
-2.5345694656383704,2.5345694656383704
-2.2190215290407034,2.2190215290407034
-1.8924259110056034,1.8924259110056034
-1.9526569695552716,1.9526569695552716
-2.0,2.0
2.0,-2.0
-2.0,2.0
-2.769098441914401,2.0
-2.0,2.0
-2.0,2.0
-2.0,2.0
-2.0,2.0
-2.0,2.0
-2.0,2.0
-2.0,2.0
-2.0,2.0
-2.0,2.0
-2.0,0.0
2.0,-2.0
2.0,-2.0
2.0,-2.0
2.0,-2.0
9.26315789473685,-2.000000000000001
2.0,-2.0
2.0,-2.0
-2.0,2.0
-2.0,2.0
25.0,0.0
25.0,0.0
25.0,-2.0
25.0,-2.0
2.0,-2.0
2.0,-2.0
2.0,-2.0
2.0,-2.0
2.0,-2.0
2.0,-2.0
2.0,-2.0
2.0,-2.0
2.0,-2.0
2.0,-2.0
2.0,-2.0
1.9987404775093396,-1.9987404775093396
-2.189777416969794,2.189777416969794
-2.392880049898001,2.392880049898001
-2.16317745711455,2.16317745711455
1.968948498985267,-1.968948498985267
-2.000843212808433,2.000843212808433
-0.008942726259488332,2.0089427262594945
0.0,0.0
-2.0337253566007565,2.0337253566007565
-2.007505603830751,2.007505603830751
-1.9901200199826317,1.9901200199826317
-2.1263575852445253,2.1263575852445253
-2.1609539251354253,2.1609539251354253
-2.2061465972424816,2.2061465972424816
0.0,0.0
-2.332495977571952,2.332495977571952
-2.4047194267445473,2.4047194267445473
-2.4644764542164186,2.4644764542164186
-2.5459234902022203,2.5459234902022203
-2.5402305414506774,2.5402305414506774
-2.5860038690844984,2.5860038690844984
-2.5862096231081093,2.5862096231081093
-2.6319160491268914,2.6319160491268914
-2.6101856471850162,2.6101856471850162
-24.999999999969788,2.6113924008449914
-24.999999999962903,2.620859610520508
-5.4770499691092684,2.8187810959968997
-25.0,2.7243071794975897
-24.999999999951044,2.7404342556061785
-2.729332374393355,2.729332374393355
-2.9296130885208864,2.9296130885208864
-2.9843625932217197,2.9843625932217197
-3.0387245734731714,3.0387245734731714
-3.0387245734731714,3.0387245734731714
-3.0387245734731714,3.0387245734731714
0.542333726260404,-0.542333726260404
0.5990082302619282,-0.5990082302619282
-3.0387245734731714,3.0387245734731714
-3.0387245734731714,3.0387245734731714
-3.0387245734731714,3.0387245734731714
0.5856474728205256,-0.5856474728205256
21.606251907958324,3.393748092041676
-3.3381963991076677,3.3381963991076677
-3.2495479722953604,3.2495479722953604
-3.231460552636623,3.231460552636623
21.882436291232978,3.1175637087670225
-3.0081757812922074,3.0081757812922074
-2.879399639549245,2.879399639549245
-2.7403143376169563,2.7403143376169563
-2.5745037339179877,2.5745037339179877
-2.237642741538309,2.237642741538309
-2.4568086455265625,2.4568086455265625
0.09312608214857221,2.4262926730058094
22.498595116575938,2.501404883424062
1.512559093060501,-1.512559093060501
-2.126680732668114,2.126680732668114
-1.9175589858916864,1.9175589858916864
-1.9723279180957103,1.9723279180957103
-2.0,2.0
-2.0,2.0
-2.0,2.0
-2.0,2.0
-2.0,2.0
-2.0,2.0
-25.0,2.0
-25.0,2.0
-25.0,0.0
-2.0,2.0
-2.0,2.0
-2.0,2.0
-2.0,2.0
-2.0,3.552713678800501e-15
2.0,-2.0
2.0,-2.0
0.0,0.0
0.0,0.0
0.21606648199446,2.0
-2.0,2.0
-2.0,2.0
-2.0,2.0
2.0,-2.0
2.0,-2.0
2.0,-2.0
2.0,-2.0
-2.0,2.0
-2.0,2.0
-2.0,2.0
-2.0,2.0
-2.0,2.0
-2.0,2.0
25.0,-2.0
25.0,0.0
5.047091412742379,-1.9999999999999996
25.0,0.0
23.0,2.0
2.0,-2.0
2.000000000000006,-2.000000000000006
1.8747979172814042,-1.8747979172814042
1.699291441208234,-1.6764350724622752
1.8333362429224402,-1.8333362429224402
1.9629914150837746,-1.9629914150837746
1.9771436312540471,-1.9771436312540471
1.7500820743964143,-1.7500820743964143
1.9771436312540516,-1.9771436312540516
1.8677992529437457,-1.8677992529437457
-22.570333349876417,1.7922054771266644
1.835266764762105,-1.835266764762105
-2.082669568328564,2.082669568328564
-2.0643006569688094,2.0643006569688094
-2.1472252088112995,2.1472252088112995
24.999999999951836,-1.6374992792297682
1.6374992792297636,-1.6297020853410114
1.6297020853410125,-1.6297020853410125
1.5499439995613304,-1.5499439995613304
-0.7226560981301748,2.352358183471189
-2.487927363729993,2.487927363729993
-2.3649003428493156,2.3649003428493156
-3.9108241068432292,2.521315056518991
1.3570881024086479,-1.3570881024086479
1.539622216425764,-1.539622216425764
-23.523583399957015,-1.4764166000427572
-24.999999999985715,-9.745093620949774e-12
-24.999999999956618,2.5795787894513786
-21.058895868795183,2.6029501744036807
-2.6115274663696955,2.6115274663696955
-2.6700512319945027,2.6700512319945027
-2.7341240447837905,2.7341240447837905
-2.7341240447837905,2.7341240447837905
-1.5091931402668841,-1.2249309045169063
1.054829130245679,-1.054829130245679
1.2094109921221694,-1.2094109921221694
1.1395896896179103,-1.1395896896179103
0.9075919296354549,-0.9075919296354549
0.8755567855354371,-0.8755567855354371
0.9387163281646931,-0.9387163281646931
0.8689676076012738,-0.8689676076012738
0.7268067248190668,-0.7268067248190668
0.8961220895399098,-0.8961220895399098
0.0,0.0
1.0557240971336714,-1.0557240971336714
0.0,0.0
1.319811911032259,-1.319811911032259
0.0,0.0
1.5185172814697872,-1.5185172814697872
1.459029122752698,-1.459029122752698
3.816961110587493,-1.600894628593033
-2.0,2.0
1.848442596041182,-1.848442596041182
1.8950329438699995,-1.8950329438699995
1.7647568805407796,-1.7647568805407796
1.692301169157477,-1.692301169157477
-2.0,2.0
2.037987494396674,-2.037987494396674
2.0102210362459316,-2.0102210362459316
-2.0,2.0
-2.0,2.0
-2.0,2.0
-2.0,2.0
-2.0,2.0
-2.0,2.0
-2.0,2.0
-2.0,2.0
-2.0,0.0
2.0,-2.0
2.0,-2.0
0.0,0.0
0.0,0.0
0.0,0.0
0.0,0.0
0.0,0.0
0.0,0.0
0.0,2.0
25.0,0.0
25.0,0.0
2.0,-2.0
2.0,-2.0
-2.0,2.0
25.0,-2.0
25.0,-2.0
7.2631578947368425,-2.0
2.0,-2.0
2.0,-2.0
-2.0,2.0
-2.0,2.0
-2.0,2.0
2.0,-2.0
2.000000000000006,-2.000000000000006
2.000000000000006,-2.000000000000006
2.0,-2.0
2.0,-2.0
2.000000000000006,-2.000000000000006
2.0,-2.0
2.0,-2.0
1.9406395154808949,-1.9406395154808949
-2.333966274681268,2.333966274681268
1.7398272717693057,-1.7398272717693057
1.9472157302409743,-1.9472157302409743
2.0000000000000124,-2.0000000000000124
2.0000000000000058,-2.0000000000000058
2.000000000000007,-2.000000000000007
-2.1919584056754378,2.1919584056754378
-1.9206433239105571,1.9206433239105571
1.8594485428626317,-1.7456059776618305
1.8861574347992,-1.8861574347992
1.7900968139582716,-1.7900968139582716
1.8043392841941213,-1.8043392841941213
1.8861574347991983,-1.7870698314513547
1.78706983145136,-1.6858514747791953
1.6858514747791986,-1.6858514747791986
-23.37242061212728,2.331401568133458
25.0,-1.9895196601282805e-11
-2.2732135728784773,2.2732135728784773
-24.873246597005675,2.455110228110776
-24.999999999977064,2.2931363689196402
22.373824866767507,2.6261751331796575
-2.634031654915713,2.634031654915713
1.4426035139656772,-1.4426035139656772
25.0,-1.388756549920572
-24.99999999995849,2.463156094040343
-24.999999999985967,2.540004590713089
-25.0,2.177828279661071
-25.0,2.563752139463155
-3.4212059988633428,2.2354659144602507
-2.3056482332268047,2.3056482332268047
-2.3056482332268047,2.3056482332268047
-2.3056482332268047,0.0
1.5660521412505695,-1.5660521412505695
1.1366270841367854,-1.1366270841367854
0.0,0.0
0.9720844553870247,-0.9720844553870247
1.427876322594436,-1.427876322594436
1.1546962005234782,-1.1546962005234782
3.7498568972601056,-1.5337904152656456
1.5762836703205547,-1.5762836703205547
1.6609129510519498,-1.6609129510519498
-2.0,2.0
1.0085527782044323,-1.0085527782044323
1.4650054566471962,-1.4650054566471962
1.993162781172341,-1.993162781172341
1.7007591742815853,-1.7007591742815853
1.573890359714584,-1.573890359714584
1.8745664144198075,-1.8745664144198075
2.0730477275616774,-2.0730477275616774
1.9873057341197526,-1.9873057341197526
-1.9464370522451633,1.9464370522451633
2.117293678701182,-2.117293678701182
1.7382729926208276,-1.7382729926208276
1.7987179706624554,-1.7987179706624554
2.0334949089385708,-2.0334949089385708
2.021602180420831,-2.021602180420831
2.0,-2.0
2.0,-2.0
2.0,-2.0
2.0,-2.0
-2.0,2.0
2.0,-2.0
2.0,-2.0
-2.0,2.0
2.0,-2.0
2.0,-2.0
2.0,-2.0
-2.0,2.0
-2.0,0.0
0.0,0.0
0.0,0.0
0.0,0.0
0.0,2.0000000000000013
-1.805000000000001,2.0
-0.6963547317943093,2.0
23.0,2.0
23.0,2.0
25.0,0.0
25.0,0.0
-2.0,2.0
-2.0,2.0
1.7645126265311493,-1.7645126265311493
1.7645126265311493,-1.7645126265311493
1.7645126265311493,-1.7645126265311493
1.7645126265311493,-1.7645126265311493
1.7645126265311493,-1.7645126265311493
-2.0,2.0
-2.0,2.0
-2.0,2.0
1.7645126265311493,-1.7645126265311493
1.7645126265311493,-1.7645126265311493
1.7645126265311493,-1.7645126265311493
-2.0,2.0
1.7645126265311493,-1.7645126265311493
-2.0,2.0
1.764512626531145,-1.764512626531145
1.7078447495763993,-1.7078447495763993
1.7645126265311508,-1.7645126265311508
-1.9723948788808112,1.9723948788808112
-2.055504184897984,1.8607367145258125
-1.8474346537843944,1.8474346537843944
1.980321457968465,-1.980321457968465
1.815781353807954,-1.815781353807954
1.5579214096755818,-1.6198864823494352
1.6106004119523742,-1.6106004119523742
2.048980818271886,-2.048980818271886
1.715113357591603,-1.715113357591603
-18.819903631694086,-2.150681371490176
24.999999999999154,-1.6153176069600264
1.9004036919189211,-1.9004036919189211
-0.45147491401181306,2.1803086885960568
-2.2643131334888675,2.2643131334888675
-2.252754301622373,2.252754301622373
0.17156991733468444,-0.17156991733468444
-2.3934812177123987,2.3934812177123987
-24.999999999994042,2.5923418503885998
25.0,-1.606622290446719
1.5053281960971656,-1.5053281960971656
-18.87995879580022,-1.6725279550291852
-25.0,0.0
-2.580810789003813,2.580810789003813
-25.0,2.3437165144793752
-25.0,1.896166168868156
-2.237419315389964,2.237419315389964
-2.237419315389964,2.237419315389964
-2.237419315389964,2.237419315389964
-2.237419315389964,2.237419315389964
-2.2275841468317292,2.2275841468317292
-2.237419315389964,2.237419315389964
1.5947642947544782,-1.5947642947544782
-2.214817299010635,2.214817299010635
-2.237419315389964,2.237419315389964
-2.237419315389964,2.237419315389964
-2.237419315389964,2.237419315389964
-2.2374193153899635,2.2374193153899635
-1.811782935933488,2.3142160579831508
-2.433779973564521,2.433779973564521
1.294279477684702,-1.294279477684702
-2.669026248760302,2.669026248760302
-2.643707143204095,2.643707143204095
-2.4374040214283124,2.4374040214283124
-2.690865208039785,2.690865208039785
-2.236794479551383,2.236794479551383
22.977694622857165,2.0223053771428354
-1.9887794630925777,1.9887794630925777
-1.8165317879615666,1.8165317879615666
2.0101482176248453,-2.0101482176248453
24.99999999998108,-1.9674072372500895
1.9542266723661859,-1.9542266723661859
2.034175837994482,-2.034175837994482
1.9769367727226412,-1.9769367727226412
-1.9495282934377545,1.9495282934377545
-2.0,2.0
-2.0,2.0
-2.0,2.0
-2.0,2.0
-2.0,2.0
-2.0,2.0
-25.0,2.0
-23.0402801764045,2.0
-1.9999999999999996,0.0
2.0,-2.0
0.0,0.0
0.0,0.0
0.0,0.0
0.0,0.0
2.0,-2.0
0.0,0.0
0.0,2.0000000000000004
-1.8050000000000002,2.0
-1.9809875,2.0
-1.9981462812500004,2.0
3.047291675986842,2.0
23.0,2.0
25.0,0.0
25.0,-2.0
25.0,-2.0
2.0,-2.0
2.0,-2.0
2.0,-2.0
2.0,-2.0
2.0,-2.0
2.0,-2.0
2.0,-2.0
2.0,-2.0
2.000000000000006,-2.000000000000006
2.0,-2.0
2.0,-2.0
2.000000000000006,-2.000000000000006
2.000000000000006,-2.000000000000006
2.0,-2.0
-2.0934342985368186,2.0934342985368186
-2.2841310999062263,2.2841310999062263
-2.191476603596368,2.191476603596368
-2.1290136109189906,2.1290136109189906
-24.999999999994902,1.726344939576986
-1.8708000428372307,1.8708000428372307
-2.4829201565326118,2.4829201565326118
-25.0,1.9107185324340534
-25.0,2.7637393700907467
23.02730532614613,1.9726946738538693
22.83718292800043,2.1628170719995694
-1.8161890749713105,1.8161890749713105
-2.0102422585742854,2.0102422585742854
0.7870302479053208,2.0853620427602824
-2.122628766926992,2.122628766926992
-2.261835249143129,2.261835249143129
-24.999999999942865,2.561863115559234
22.612134731067123,2.3878652689328774
22.6266031519863,2.373396847959441
-2.3882174491328083,2.3882174491328083
-25.0,2.2463077629806563
-2.237804946397416,2.237804946397416
-2.4183055037762333,2.4183055037762333
-25.0,2.3650682280342323
-4.59891830443256,2.5585110921867895
-24.999999999960398,2.45224608161028
-25.0,2.568526137728867
-2.591740998147861,2.591740998147861
-2.591740998147864,2.591740998147864
-2.591740998147864,2.55866382983622
1.7321574907440969,-1.7321574907440969
-2.55866382983622,0.0
0.0,0.0
1.6876111134842233,-1.6876111134842233
1.601950538045509,-1.601950538045509
1.6141581893484354,-1.6141581893484354
1.3876987470261604,-1.3876987470261604
1.1517910294477165,-1.1517910294477165
1.0680314697118458,-1.0680314697118458
25.0,-1.254573369158262
1.3063691044403392,-1.3063691044403392
1.408291190365036,-1.408291190365036
1.2976800994001483,-1.2976800994001483
-2.4085403925695896,2.4085403925695896
1.2562597947751328,-1.2562597947751328
-2.606519312451347,2.606519312451347
-2.5935593335528715,2.5935593335528715
1.6137795009614155,-1.6137795009614155
1.6395101145648496,-1.6395101145648496
-2.1304934935781024,2.1304934935781024
1.8358347973426374,-1.8358347973426374
1.959730908071526,-1.959730908071526
1.793725279853243,-1.793725279853243
-2.1113653120023717,2.1113653120023717
-1.9731721367951716,1.9731721367951716
-1.94484585097895,1.94484585097895
5.9749181672254865,-2.019513773136476
-2.0,2.0
2.0,-2.0
2.0,-2.0
2.0,-2.0
-2.0,2.0
-2.0,2.0
-2.0,2.0
-25.0,0.0
2.0,-2.0
2.0,-2.0
2.0,-2.0
0.0,0.0
0.0,0.0
2.0,-2.0
0.0,0.0
0.0,0.0
0.0,2.0000000000000004
-1.8050000000000002,2.0
23.0,2.0
23.0,2.0
-2.0,2.0
25.0,-2.0
5.06815789473684,-2.0000000000000004
25.0,0.0
-2.0,2.0
-2.0,2.0
-2.0,2.0
-2.0,2.0
-2.0,2.0
2.0,-2.0
2.0,-2.0
2.0,-2.0
2.0,-2.0
2.000000000000006,-2.0
2.0,-2.0
2.0,-2.0
2.000000000000006,-2.000000000000006
-2.0,2.0
1.9995957257623187,-1.9995957257623187
1.9083405172887153,-1.9083405172887153
1.6490964532954524,-1.6490964532954524
-2.3521469858020128,2.3521469858020128
-2.0372513431067265,2.034783790642478
2.0027341301542902,-2.0027341301542902
-2.065613443377149,2.065613443377149
-1.8841712142092772,1.8841712142092772
-2.075615234825678,2.075615234825678
-24.999999999983714,1.9757992874801253
0.2590387630376979,2.2552751039853196
22.94202975054492,2.0579702494324437
-2.0504229898791237,2.0504229898791237
-2.112986098298821,2.112986098298821
-2.254849710697215,2.254849710697215
-2.155813861428932,2.155813861428932
-2.312224788214733,2.312224788214733
-2.3997699695261883,2.3997699695261883
-2.4726447627244603,2.4726447627244603
-2.466463305953658,2.466463305953658
-2.4970259833754813,2.4970259833754813
-2.509651454198748,2.509651454198748
-2.542392852140564,2.542392852140564
-4.8057212949140045,2.5017368669100173
-24.99999999997212,2.5161686813393764
-24.999999999953502,2.559919812986511
-25.0,2.5783821341483915
-25.0,2.4938096566750545
-2.6490807314159177,2.6490807314159177
-2.6634759393011986,2.6634759393011986
-2.7843116167156463,2.7843116167156463
-2.7298764233760475,2.7298764233760475
-2.844295857219736,2.844295857219736
-2.8442958572197377,2.8536797554501097
-2.8527648253726485,2.8527648253726485
-2.8527648253726485,2.8527648253726485
-2.8527648253726485,2.8527648253726485
-2.8527648253726485,2.8527648253726485
-2.8527648253726485,2.8527648253726485
-2.8527648253726485,2.8527648253726485
-2.8527648253726485,2.8527648253726485
0.7330146897769598,-0.7330146897769598
-2.8527648253726485,2.8527648253726485
0.8052368766549307,-0.8052368766549307
0.9748577166746362,-0.9748577166746362
-2.8527648253726485,2.8527648253726485
-2.7874320090247,2.7874320090247
-2.7078601117019687,2.7078601117019687
1.3799564629535208,-1.3799564629535208
1.5038462622092919,-1.5038462622092919
-2.2510104416001395,2.2510104416001395
-2.509037979011775,2.509037979011775
-2.4213902362621695,2.4213902362621695
1.4333461607712956,-1.4333461607712956
-2.2767557293785745,2.2767557293785745
1.894303022004017,-1.894303022004017
-1.945407256512708,1.945407256512708
2.065959292380608,-2.065959292380608
-2.0,2.0
2.0,-2.0
2.0,-2.0
-2.0,2.0
-2.0,2.0
-2.0,2.0
-2.0,2.0
-2.8527648253726485,2.0
2.0,-2.0
2.0,-2.0
-2.0,2.0
-2.0,2.0
-2.0,2.0
-2.0,2.0
-2.0,0.0
0.0,0.0
2.0,-2.0
0.0,2.0
-1.8049999999999908,2.0
23.0,2.0
-0.5404058048406777,2.0
23.0,2.0
23.0,2.0
23.0,2.0
-2.0,2.0
-2.0,2.0
-2.0,2.0
-2.0,2.0
-2.0,2.0
-2.0,2.0
-2.0,2.0
-2.0,2.0
-2.0,2.0
-2.0,2.0
-2.0,2.0
-2.0,2.0
-2.0,2.0
-2.0,2.0
-2.001773147661277,2.001773147661277
1.6085636995775214,-1.6085636995775214
1.608563699577515,-1.608563699577515
1.6085636995775214,-1.6085636995775214
1.608563699577522,-1.608563699577522
1.6085636995775223,-1.6085636995775223
1.6085636995775232,-1.6085636995775232
-2.2999622270956888,2.2999622270956888
-2.120576907016652,2.120576907016652
-1.91992570941715,1.91992570941715
1.6085636995775212,2.220446049250313e-16
-1.931216303676175,1.931216303676175
-24.23794886054759,1.9303263859666764
-25.0,2.182622474640752
22.53320723511853,2.466792764850368
23.05808827394452,1.9419117260202654
-2.485719610433664,2.485719610433664
-24.99999999994659,2.3808229272289196
22.678853313359546,2.3211466866129413
-2.4240287475987365,2.4240287475987365
-2.4963342459218545,2.4963342459218545
-24.999999999999716,2.4364939070048344
-2.4085896220598997,2.4085896220598997
-4.603307258693125,2.4263185500455884
-24.99999999998777,2.3854164173634764
-24.999999999966178,2.411755456975392
-25.000000000000004,2.8184718338141685
-2.688266143410205,2.4890482813555765
-2.535476739898945,2.535476739898945
-2.619253971759541,2.619253971759541
-2.6150997601539228,2.6150997601539228
-2.619253971759541,2.619253971759541
-2.619253971759541,2.619253971759541
-2.619253971759541,2.619253971759541
0.6156263389790251,-0.6156263389790251
0.4502278744745958,-0.4502278744745958
0.4276315384210694,-0.4276315384210694
0.45839113380414,-0.45839113380414
-2.619253971759541,2.619253971759541
-2.619253971759541,2.619253971759541
-2.619253971759541,2.619253971759541
0.5849197599701341,-0.5849197599701341
-2.619253971759541,2.619253971759541
0.6883887879558106,-0.6883887879558106
-2.619253971759541,2.619253971759541
0.8452478293329193,-0.8452478293329193
-2.619253971759541,2.619253971759541
1.0581963011536057,-1.0581963011536057
-2.619253971759541,2.619253971759541
-2.619253971759541,2.619253971759541
1.5844980525823473,-1.5844980525823473
1.4652497106568267,-1.4652497106568267
-2.549137923460715,2.549137923460715
-2.619253971759541,2.619253971759541
-2.562398328479558,2.562398328479558
1.7565974080951057,-1.7565974080951057
-1.9525897129198682,1.9525897129198682
2.0626781350172543,-2.0626781350172543
-2.0,2.0
-2.0,2.0
-2.0,2.0
-2.0,2.0
-2.0,2.0
-2.0,2.0
-2.619253971759541,2.0
-2.0,2.0
-1.9999999999999996,1.9999999999999996
-1.9999999999999996,1.9999999999999996
-2.0,2.0
-2.0,2.0
-2.0,0.0
2.0,-2.0
0.0,0.0
0.0,0.0
0.0,2.0000000000000004
-1.8050000000000002,1.8050000000000002
-1.8050000000000002,1.8050000000000002
-1.7839335180055405,2.0
-2.0,2.0
-2.0,2.0
-2.0,2.0
23.0,2.0
-2.0,2.0
-2.0,2.0
-2.0,2.0
-2.0,2.0
-2.0,2.0
-2.0,2.0
25.0,-2.0
-2.0,2.0
-2.0,2.0
25.0,0.0
1.2161636476847453,2.0
23.0,2.0
-2.000933543764267,2.000933543764267
1.8309277650576399,-1.8309277650576399
1.8309277650576399,-1.8309277650576399
1.830927765057635,-1.830927765057635
-2.4133509973793754,2.4133509973793754
-2.224888358876622,2.224888358876622
-2.134127324225221,2.134127324225221
-2.071879158314064,2.071879158314064
-0.22133817497165076,2.0522659400292906
-2.0424616976893235,2.0424616976893235
-2.025291966221804,2.025291966221804
-1.9451602412335927,1.9451602412335927
-1.8236031624418683,1.8236031624418683
-2.1142521798060923,2.1142521798060923
-2.075487743068715,2.075487743068715
-2.2507737613582517,2.2507737613582517
-2.35466818263202,2.35466818263202
-2.374628847511879,2.374628847511879
-2.3605555247555667,2.3605555247555667
-2.4519039997673353,2.4519039997673353
-2.406301081907671,2.406301081907671
-2.439201528972035,2.439201528972035
-2.435505530314714,2.435505530314714
-2.4349261370825737,2.4349261370825737
-2.4489237221614815,2.4489237221614815
-24.99999999996463,2.464120487132618
-24.999999999984844,2.4729805330942867
-24.999999999999996,2.541047246072015
-5.160544739782004,2.957484553805608
-24.999999999978826,2.673335722604598
-2.6634203983377702,2.6634203983377702
-2.8059157891951845,2.8059157891951845
-2.841166628848317,2.841166628848317
-2.9484238029988283,2.9484238029988283
-2.9484238029988283,2.9484238029988283
0.6602421424431828,-0.6602421424431828
0.3933678131634295,-0.3933678131634295
0.30387364895344504,-0.30387364895344504
-2.9484238029988283,2.9484238029988283
0.2837763048398152,-0.20056556353224453
0.24707985811000377,-0.24707985811000377
0.2400968442533422,-0.2400968442533422
-3.023521497028911,3.023521497028911
0.3382301528658953,-0.3382301528658953
0.4743566362009375,-0.4743566362009375
0.49149039227168423,-0.49149039227168423
0.6069821453979607,-0.6069821453979607
0.7023251517454856,-0.7023251517454856
-3.023521497028911,3.023521497028911
-3.023521497028911,3.023521497028911
-2.8524944607987344,2.8524944607987344
1.349398203562881,-1.349398203562881
-2.339894286359714,2.339894286359714
-2.5436646139736423,2.5436646139736423
-2.6158811205258106,2.6158811205258106
2.6218132376470615,-1.2050642805864886
-2.7102360657568654,2.7102360657568654
-2.371044877502385,2.371044877502385
2.0188788783876075,-2.0188788783876075
25.0,-2.066080255707565
-2.0,2.0
2.0,-2.0
-2.0,2.0
-2.0,2.0
-2.0,2.0
-2.0,2.0
-25.0,2.0
-1.9999999999999996,1.9999999999999996
-1.9999999999999996,1.9999999999999996
-1.9999999999999996,0.0
2.0,-2.0
0.0,0.0
0.0,0.0
0.0,0.0
0.0,0.0
0.0,0.0
0.0,2.0000000000000004
-1.8050000000000002,2.0
-1.9809874999999941,2.0
0.8493305560952185,2.0
-2.0,2.0
-2.0,2.0
-2.0,2.0
23.0,2.0
23.0,2.0
-2.0,2.0
-2.0,2.0
-2.0,2.0
-2.0,2.0
-2.0,2.0
-2.0,2.0
-2.0,2.0
23.0,2.0
-2.0,2.0
2.0,-2.0
2.0,-2.0
-2.012079015591459,2.012079015591459
-2.0120712125397344,2.0120712125397344
-2.0288285311511842,2.0288285311511842
24.999999999985217,-1.8131602877775492
-2.3954664521346465,2.3954664521346465
-2.20125047197196,2.20125047197196
-2.1828455852154405,2.1828455852154405
2.012975126433956,-2.012975126433956
2.012975126433954,-2.012975126433954
-2.1264150196498885,2.1264150196498885
-2.1748966003982186,2.1748966003982186
2.012975126433946,-2.012975126433946
2.0129751264339517,0.0
-2.0844620266937977,2.0844620266937977
-2.17624788679257,2.17624788679257
-2.14473091463546,2.14473091463546
-2.203204188475331,2.203204188475331
-2.377212764605984,2.377212764605984
-2.111883483945281,2.111883483945281
-2.4770615316117457,2.4770615316117457
-2.532375282009241,2.532375282009241
-2.687775110801697,2.687775110801697
-2.7495593834387577,2.7495593834387577
-24.999999999974122,2.6735023454948887
21.07347881945144,2.5844676565278135
-2.434691350282618,2.434691350282618
-24.999999999977295,2.3138455745111806
-24.999999999999996,2.3197253428669917
-24.99999999995082,2.3175251633383986
-24.999999999992582,2.5906175559330364
-2.8067489036466284,2.8067489036466284
-2.82274975029288,2.82274975029288
-2.9720009419747395,2.9720009419747395
-3.022757808781755,3.022757808781755
-3.2393360087920335,3.2393360087920335
-3.420342746314832,3.420342746314832
-3.5665126768209685,3.5665126768209685
-3.5665126768209685,3.5665126768209685
-3.5665126768209685,3.5665126768209685
-3.5665126768209685,3.5665126768209685
-3.5665126768209685,3.5665126768209685
-3.5665126768209685,3.5665126768209685
-3.5665126768209685,3.5665126768209685
0.4422104101740558,-0.4422104101740558
-3.5665126768209685,3.491108245197399
0.6369559623779644,-0.6369559623779644
-3.3152466205595896,3.3152466205595896
0.7618095235787017,-0.7618095235787017
0.9111269857282949,-0.9111269857282949
-2.999168678006921,2.999168678006921
1.1738300624250133,-1.1738300624250133
1.34528690997446,-1.34528690997446
-2.4147332099920025,2.4147332099920025
-2.489934412181203,2.489934412181203
-2.5170535498703828,2.5170535498703828
1.3409679689204883,-1.3409679689204883
-2.6318081229365906,2.6318081229365906
-2.301478085151568,2.301478085151568
-2.0417436887288503,2.0417436887288503
-1.959914256365575,1.959914256365575
-2.0,2.0
-2.0,2.0
-2.0,2.0
-2.0,2.0
-2.0,2.0
-2.0,2.0
-2.0,2.0
-2.0,2.0
-3.491108245197399,2.0
-2.0,2.0
-2.0,2.0
-2.0,2.0
-2.0,2.0
-2.0,2.0
-2.0,2.0
-2.0,0.0
0.0,2.0000000000000004
-1.8050000000000002,1.8050000000000002
3.263157894736849,2.0000000000000004
23.0,2.0
25.0,0.0
-1.9999999999999847,1.9999999999999847
2.0,-2.0
-1.9999999999999847,1.9999999999999847
-2.0,2.0
-2.0,2.0
-2.0,2.0
2.0,-2.0
-2.0,2.0
-1.9999999999999847,1.9999999999999847
-2.0,2.0
-2.0,2.0
-2.0,2.0
-2.0,2.0
-2.0,2.0
25.0,-2.0
1.9137457121745083,-1.9137457121745083
-2.0853839554060007,2.0853839554060007
-2.090701238374456,2.090701238374456
25.0,-1.7940361199042556
1.6018152752872703,-1.6018152752872703
1.7940361199042556,-1.7940361199042556
-2.11579975301439,2.11579975301439
1.7940361199042567,0.0
-1.7514712296294688,1.7514712296294688
-1.9666407088400302,1.9666407088400302
-2.2171948309338125,2.2171948309338125
-2.4780524328911167,2.4780524328911167
-2.6390322350663187,2.6390322350663187
-1.7640645119398428,1.7640645119398428
-1.8785281260953592,1.8785281260953592
-1.9516755749322812,1.9516755749322812
-2.4094530315823093,2.4094530315823093
-2.18338616288791,2.18338616288791
-2.2440040752929455,2.2440040752929455
-2.423795223093407,2.423795223093407
-2.7307246853629685,2.7307246853629685
-2.574265791381478,2.574265791381478
-2.4822558739870466,2.4822558739870466
-25.0,0.0
-2.6465687651153473,2.6465687651153473
-2.6168480382073334,2.6168480382073334
-25.0,2.157268024835087
-25.0,2.4093305890038366
-2.578364462023666,2.578364462023666
-2.4793816291295574,2.4793816291295574
-24.566598613838934,2.458175079456396
-2.458175079456394,2.458175079456394
-2.458175079456394,2.458175079456394
-2.458175079456394,2.458175079456394
-2.458175079456394,2.458175079456394
1.253518090853099,-1.253518090853099
-2.458175079456394,2.458175079456394
1.2869234557668214,-1.2869234557668214
1.2899592743361084,-1.2899592743361084
0.7198565306226126,-0.7198565306226126
-2.458175079456394,2.458175079456394
0.6057861212422875,-0.6057861212422875
0.593897830479083,-0.593897830479083
0.5336756474384856,-0.5336756474384856
0.5978134684008776,-0.5978134684008776
0.8434118218031799,-0.8434118218031799
1.1402763778930414,-1.1402763778930414
1.283216727605204,-1.283216727605204
1.3907112131449093,-1.3907112131449093
1.3163525926168305,-1.3163525926168305
1.370197032072685,-1.370197032072685
1.5218390097712717,-1.5218390097712717
-2.2735045317891727,2.2735045317891727
1.7591989973139377,-1.7591989973139377
1.752185688386314,-1.752185688386314
1.6414714048359622,-1.6414714048359622
1.6413704212660898,-1.6413704212660898
1.8763405695129995,-1.8763405695129995
2.0368281556784926,-2.0368281556784926
1.9955052449730126,-1.9955052449730126
-2.0,2.0
-2.458175079456394,2.0
-2.0,2.0
-2.0,2.0
-2.0,2.0
-2.0,2.0
-2.0,2.0
-2.0,2.0
-2.0,2.0
-2.0,2.0
-2.0,2.0
-2.0,2.0
-2.0,2.0
-2.0,2.0
-2.0,2.0
-2.0,0.0
