Bid_Action,Ope_Action
0.0,0.0
5.0,-5.0
0.0,0.0
5.0,-5.0
5.0,-5.0
5.0,-5.0
25.0,-5.0
25.0,-5.0
5.0,-5.0
5.0,-5.0
5.0,-5.0
25.0,-5.0
5.0,-5.0
5.0,-5.0
5.0,-5.0
5.0,-5.0
5.0,-5.0
25.0,-5.0
5.0,-5.0
5.0,-5.0
5.0,-5.0
5.0,-5.0
5.0,-5.0
25.0,-5.0
5.2631578947368425,-5.0
5.0,-5.0
5.0,-5.0
5.0,-4.99784568389409
4.964288791851757,-4.918225544019161
4.951782436061495,-4.951782436061495
4.951782436061493,-4.823991949185876
-4.888130559082407,4.888130559082407
0.12602213044835597,4.697969818737521
0.0,0.0
-4.830574815646919,4.830574815646919
-20.152257977474807,-4.847742022525193
20.03863094908095,4.96136905091905
-4.634803333487838,4.634803333487838
-4.340856255846319,4.340856255846319
-25.0,5.149386888353877
-5.116850928862023,5.116850928862023
-5.120238612057581,5.120238612057581
-25.0,4.544226120490972
-12.594622558002705,4.953986520814077
-25.0,5.407910507552511
-4.8441599459576326,4.8441599459576326
-4.921602036677031,4.921602036677031
-4.589241124629782,4.589241124629782
-25.0,4.9640309147061465
-4.764159499610253,4.764159499610253
4.971857456944898,-4.971857456944898
-4.848891972927112,4.848891972927112
4.714861214240582,-4.714861214240582
5.446087977290007,-5.446087977290007
5.098833250981231,-5.098833250981231
-4.987418393914892,4.987418393914892
-4.987418393914892,0.0
0.0,0.0
5.090622497816483,-5.090622497816483
5.149126066727318,-5.149126066727318
0.0,0.0
5.101335750072128,-5.101335750072128
25.0,-4.700428374196839
25.0,0.0
5.0745818099961815,-5.0745818099961815
14.935918752985726,-4.972332484052044
19.98965928244509,5.010340717554911
25.0,0.0
-9.5125,4.999999999999999
-5.0,5.0
5.0,-5.0
-4.999999999999993,4.999999999999993
5.0,-5.0
5.0,-5.0
-5.0,5.0
-5.0,5.0
-5.0,5.0
-4.999999999999993,4.999999999999993
-5.0,5.0
-5.0,5.0
-4.999999999999993,4.999999999999993
-5.0,5.0
-4.999999999999993,4.999999999999993
-5.0,5.0
-5.0,5.0
-5.0,5.0
5.0,-5.0
5.0,-5.0
5.0,-5.0
-4.999999999999993,4.999999999999993
-25.0,5.0
-25.0,0.0
5.0,-5.0
5.0,-5.0
-15.487500000000008,-5.0
-20.0,-5.0
5.0,-5.0
5.0,-5.0
12.700831024930746,-5.0
25.0,-5.0
-20.0,-5.0
5.0,-5.0
10.54016620498615,-5.000000000000001
5.0,-5.0
5.0,-5.0
5.0,-5.0
5.0,-5.0
5.0,-5.0
5.0,-5.0
5.0,-5.0
-5.0,5.0
5.0,-5.0
5.0,-5.0
-5.0,5.0
-5.0,5.0
-5.0,5.0
-5.0,5.0
20.0,5.0
25.0,-5.0
25.0,-5.0
25.0,-5.0
5.0,-5.0
14.719908298452777,-5.0
4.993321620117904,-4.993321620117904
4.862985492397401,-4.862985492397401
4.859149300143468,-4.859149300143468
5.003083391297902,-5.003083391297902
-13.246244540678308,-4.918135302280682
25.0,-5.062338893337216
5.192158952733731,-5.192158952733731
5.033731668073873,-5.033731668073873
-25.0,5.326076262690986
-5.151950924307665,5.151950924307665
-5.5805737931882735,5.5805737931882735
-4.604780602591179,4.604780602591179
-5.1319340873170605,5.1319340873170605
-10.502865013460246,5.238047938112421
-25.0,4.9335468151246324
-25.0,4.86541856528401
-25.0,4.966779561248607
-4.644803547068088,4.644803547068088
-4.737936906677346,4.737936906677346
-5.141080674158233,5.141080674158233
-4.896275357353083,4.896275357353083
-5.059360351386468,5.059360351386468
4.826259977050475,-4.826259977050475
5.1022789997294655,-5.1022789997294655
-5.031623004905478,5.031623004905478
-4.907354201689031,4.907354201689031
4.6446946741568205,-4.6446946741568205
-5.103953749121064,5.103953749121064
5.2093039116692665,-5.2093039116692665
-5.10519048227834,4.995478460658972
4.896509513005725,-4.896509513005725
-5.031368652538864,5.031368652538864
-4.728389067932758,4.728389067932758
-5.031368652538864,0.0
0.0,0.0
4.946665054211515,-4.946665054211515
5.279133024621509,-5.279133024621509
0.0,0.0
0.0,0.0
5.016854502970357,-5.016854502970357
5.0,-5.0
0.0,0.0
5.0,-5.0
5.0,-5.0
5.0,-5.0
0.0,0.0
0.0,0.0
5.0,-5.0
0.0,0.0
0.0,0.0
0.0,0.0
0.0,0.0
0.0,0.0
0.0,0.0
5.0,-5.0
3.2409972299168963,5.0
-5.0,5.0
20.0,5.0
-5.0,5.0
5.0,-5.0
-5.0,5.0
-5.0,5.0
5.0,-5.0
-5.0,5.0
-25.0,0.0
-5.0,5.0
-5.0,5.0
-5.0,5.0
-5.0,0.0
5.0,-5.0
5.0,-5.0
5.0,-5.0
4.999999999999997,-4.999999999999997
5.0,-5.0
4.999999999999998,-4.999999999999998
4.999999999999998,-4.999999999999998
25.0,-5.0
4.999999999979183,-4.999999999979183
5.0,-5.0
20.0,5.0
25.0,0.0
-5.0,5.0
-5.0,5.0
-5.0,5.0
5.263157894736814,5.0
25.0,-4.999999999999968
4.999999999958367,-4.999999999958367
4.999999999958367,-4.999999999958367
4.999999999979183,-4.999999999979183
5.0,-5.0
5.0,-5.0
5.0,-5.0
-4.227739448703746,-5.0
-25.0,0.0
-25.0,0.0
4.999999999979183,-4.999999999979183
-5.015941939152921,5.015941939152921
25.0,-4.79865786127727
4.828701175937904,-4.828701175937904
-5.093743915739916,5.093743915739916
-5.061567946895972,5.061567946895972
25.0,0.0
24.999999999997804,-4.755910088672664
-5.037150277487701,5.037150277487701
4.561858798511623,-4.561858798511623
-4.961045903495452,4.961045903495452
-4.729823192411769,4.729823192411769
-25.0,4.871177468929627
-25.0,0.0
-4.755839400173752,4.755839400173752
-4.832893335296454,4.832893335296454
-25.0,4.932342901627564
-25.0,4.98471960801006
-5.111174389940581,5.111174389940581
-4.9565019584248615,4.9565019584248615
-5.112502955031715,5.112502955031715
-5.112502955031714,5.112502955031714
-5.051864184206568,4.967028233289415
-4.931867647701852,4.931867647701852
4.764577003536127,-4.764577003536127
5.131729280014412,-5.131729280014412
4.590389812737078,-4.590389812737078
-4.961385460749151,4.961385460749151
4.707141651450347,-4.707141651450347
-4.974845939465803,4.974845939465803
-5.027667004114562,5.027667004114562
-5.027667004114562,5.027667004114562
-5.027667004114562,5.027667004114562
4.912455134262201,-4.912455134262201
-4.707807038524525,4.707807038524525
-5.027667004114562,5.027667004114562
-5.027667004114562,5.027667004114562
-4.92765442382259,4.92765442382259
-4.911383741977234,4.911383741977234
-5.027667004114562,5.027667004114562
-5.0,5.0
-5.0,5.0
-5.0,5.0
4.999999999999998,-4.999999999999998
-5.0,5.0
-5.0,5.0
5.0,-5.0
-5.0,5.0
-5.0,5.0
4.999999999958367,-4.999999999958367
-5.0,5.0
4.999999999958367,-4.999999999958367
-5.0,5.0
4.999999999979183,-4.999999999979183
-5.0,5.0
4.999999999979183,-4.999999999979183
4.999999999958367,-4.999999999958367
4.999999999999999,-4.999999999999999
4.999999999979183,-4.999999999979183
5.0,-5.0
4.999999999958367,-4.999999999958367
4.999999999979183,-4.999999999979183
-5.0,5.0
-5.0,5.0
-5.0,5.0
-5.027667004114562,4.999999999950736
-4.999999999950736,4.999999999950736
-4.999999999950736,4.999999999950736
4.999999999958367,-4.999999999958367
4.9263704227087146e-11,-5.0
5.0,-5.0
4.999999999999998,-4.999999999999998
5.0,-5.0
5.2631578947368425,-5.0
-0.23750000000000002,0.23750000000000002
20.0,5.0
20.0,5.0
20.0,5.0
-5.0,5.0
20.0,5.0
-5.0,5.0
-5.0,5.0
-5.0,5.0
5.0,-5.0
5.0,-5.0
5.0,-5.0
5.0,-5.0
5.0,-5.0
4.999999999958367,-4.999999999958367
5.0,-5.0
5.0,-5.0
4.999999999999999,-4.999999999999999
5.0,-5.0
4.999999999999998,-4.999999999999998
5.0,-5.0
4.999999999999998,-4.999999999999998
5.0,-5.0
-25.0,5.043517188020537
4.863291549535193,-4.863291549535193
-5.168702362894355,5.168702362894355
4.902766628560516,-4.902766628560516
-25.0,4.216858291234864
20.025559414895138,4.974440585104862
25.0,-4.947604359198152
5.088462553929013,-5.088462553929013
-25.0,5.608313813354471e-11
4.959608465493057,-4.959608465493057
-5.279696718064274,5.279696718064274
-25.0,5.303646549527745
-25.0,4.778077875701545
-5.537882120779977,5.079096643397024
-25.0,5.136225257889318
-5.105621871465889,5.105621871465889
-4.813820063536844,4.813820063536844
-5.166826750870806,5.166826750870806
-5.085428628801666,5.085428628801666
-4.814750059100634,4.814750059100634
-5.110794123685283,5.110794123685283
-5.112509582078487,5.112509582078487
-5.114938868081225,5.114938868081225
-5.126903843242801,5.126903843242801
-4.927171911702795,4.927171911702795
-5.166826750870804,5.166826750870804
-5.137229413262233,5.137229413262233
-4.972778616446324,4.972778616446324
-5.166826750870804,5.166826750870804
-4.905845444040409,4.905845444040409
-5.166826750870804,5.166826750870804
-5.166826750870804,5.166826750870804
5.1774071466173375,-5.1774071466173375
-4.924599828620783,4.924599828620783
-5.166826750870804,5.166826750870804
-5.166826750870804,5.166826750870804
5.159979433686159,-5.159979433686159
5.080850404542706,-5.080850404542706
4.9265378206805845,-4.9265378206805845
-5.0,5.0
-5.0,5.0
-5.0,5.0
-5.0,5.0
5.0,-5.0
-5.0,5.0
5.0,-5.0
4.999999999999998,-4.999999999999998
-5.0,5.0
-5.0,5.0
-5.0,5.0
-5.0,5.0
-5.0,5.0
-5.0,5.0
-5.0,5.0
-5.0,5.0
-5.0,5.0
-5.0,5.0
-5.0,5.0
5.0,-5.0
-5.0,5.0
-5.0,5.0
-5.0,5.0
-5.0,5.0
-5.0,5.0
4.833173249129196,-5.0
4.999999999979183,-4.999999999979183
-5.0,5.0
-5.0,5.0
-5.0,0.0
0.0,0.0
0.0,0.0
5.0,-5.0
0.0,0.0
5.0,-5.0
0.0,0.0
0.0,0.0
5.0,-5.0
5.0,-5.0
5.0,-5.0
5.0,-5.0
0.0,5.0
-4.5125,4.5125
-4.5125,4.5125
5.0,-5.0
5.0,-5.0
5.0,-5.0
5.0,-5.0
5.0,-5.0
5.0,-5.0
25.0,-5.0
5.0,-5.0
20.263157894736842,-5.0
5.0,-5.0
25.0,-5.0
25.0,-5.0
25.0,-5.0
5.0,-5.0
-5.002369747824364,5.002369747824364
4.939473665590643,-4.939473665590643
-4.980432105981549,4.980432105981549
-4.886910709115716,4.886910709115716
-4.98035932680717,4.98035932680717
4.983524688362179,-4.983524688362179
5.0,-5.672779602929574
-20.29430880394454,-4.7056911960554615
-5.490359963256118,5.490359963256118
-4.733922020840787,4.733922020840787
-4.6299794745845055,4.6299794745845055
-25.0,4.796386670279858
-5.043307750660659,5.043307750660659
-25.0,4.749759873693794
-24.002363276198867,4.72844224209377
-4.8710244157065405,4.8710244157065405
-4.853565303196605,4.853565303196605
-5.086945906938995,5.086945906938995
-5.0859086163322145,5.0859086163322145
-4.6595073859887925,4.6595073859887925
-4.432708386412822,4.432708386412822
-5.086945906938995,5.086945906938995
-5.086945906938995,5.086945906938995
-4.793180915296901,4.793180915296901
5.222378128231158,-5.222378128231158
-5.086945906938995,5.086945906938995
-5.005810342151521,5.005810342151521
-4.9191686482167665,4.9191686482167665
4.893331212930825,-4.893331212930825
4.871542745436275,-4.871542745436275
-5.086945906938995,5.086945906938995
-5.086945906938995,5.086945906938995
-5.086945906938995,5.086945906938995
-4.924427683191517,4.924427683191517
-5.067425940669526,5.067425940669526
-5.086945906938995,5.086945906938995
-5.0213513979811975,5.0213513979811975
4.933076215910345,-4.933076215910345
-4.894449127675837,4.894449127675837
-5.0,5.0
-5.0,5.0
-5.0,5.0
-5.0,5.0
-4.999999999999993,4.999999999999993
-5.0,5.0
5.0,-5.0
25.0,-5.0
7.064325864887537,-5.0
5.0,-5.0
5.0,-5.0
5.0,-5.0
5.0,-5.0
5.0,-5.0
-5.0,5.0
-5.0,5.0
-5.0,5.0
5.0,-5.0
5.0,-5.0
5.0,-5.0
5.0,-5.0
-5.0,5.0
5.0,-5.0
-5.0,5.0
-25.0,5.0
-5.0,5.0
-5.0,5.0
-5.0,5.0
-5.000000000000001,0.0
0.0,0.0
0.0,0.0
0.0,0.0
0.0,0.0
5.0,-5.0
5.0,-5.0
5.0,-5.0
5.0,-5.0
5.0,-5.0
5.0,-5.0
0.0,0.0
5.0,-5.0
5.0,-5.0
5.0,-5.0
5.0,-5.0
5.0,-5.0
5.0,-5.0
5.0,-5.0
5.0,-5.0
5.0,-5.0
5.0,-5.0
5.0,-5.0
25.0,-5.0
25.0,-5.0
25.0,-5.0
25.0,-5.0
5.0,-5.0
25.0,-4.982550037893375
4.780259732234743,-4.780259732234743
4.702245802327589,-4.702245802327589
4.767065854087225,-4.767065854087225
-5.202997487730748,5.202997487730748
-0.033830051885172185,5.2795379845153825
-5.168167623334516,5.168167623334516
0.0,0.0
-20.31314436984788,-4.68685563015212
-5.526752390609294,5.526752390609294
-5.244424419402541,5.244424419402541
-5.456703875072829,5.344624735460915
-25.0,0.0
-25.0,5.3493665452137265
-25.0,5.413730948061019
-5.382891196969362,5.382891196969362
-5.4375908410325735,5.4375908410325735
-5.4893051583114385,5.4893051583114385
-5.445985731425512,5.445985731425512
-5.355145961146976,5.355145961146976
4.656190706865802,-4.656190706865802
4.520232108715679,-4.520232108715679
4.478109968280051,-4.478109968280051
-5.459646914987285,5.459646914987285
-5.494857992359785,5.494857992359785
-5.65101835366284,5.65101835366284
-5.65101835366284,5.6502635014780465
-5.4029806159008125,5.4029806159008125
-5.541444868878389,5.541444868878389
-5.6502635014780465,5.588747466448461
4.447775766185066,-4.447775766185066
4.572361089778331,-4.572361089778331
4.514610479610357,-4.514610479610357
3.963527991282291,-4.552275457730752
-5.0,5.0
-5.0,5.0
-5.0,5.0
-5.0,5.0
4.946519180289098,-4.946519180289098
-5.0,5.0
5.013524458809957,-5.013524458809957
-5.0,5.0
-5.0,5.0
-5.0,5.0
-5.0,5.0
-5.0,5.0
-5.0,5.0
-5.0,5.0
-5.0,5.0
-5.0,5.0
-5.0,5.0
-5.0,5.0
5.0,-5.0
-5.0,5.0
-5.0,5.0
-5.0,5.0
-5.0,5.0
-5.0,5.0
-5.0,5.0
-5.0,5.0
-5.0,5.0
-5.0,5.0
-5.0,5.0
-5.0,5.0
-4.999999999999993,4.999999999999993
-5.0,5.0
-4.999999999999993,4.999999999999993
-5.0,5.0
0.0,-5.0
5.0,-5.0
5.0,-5.0
5.0,-5.0
5.0,-5.0
0.0,0.0
0.0,0.0
5.0,-5.0
25.0,-5.0
5.0,-5.0
5.0,-5.0
5.0,-5.0
25.0,-5.0
5.0,-5.0
-5.0,5.0
5.0,-5.0
25.0,-5.0
2.675000000000001,-5.0
-5.0,5.0
5.0,-5.0
25.0,-5.0
-25.0,5.0
-5.0,5.0
5.0,-5.0
-5.0,5.0
-5.0,5.0
-5.0,5.0
-5.0,5.0
19.978672270042992,5.021327729957008
25.0,0.0
-5.297417125561254,5.297417125561254
-7.758715178719209,5.132995203734857
-25.0,5.063219974984349
19.782341906939397,5.217658093060603
-5.257829357155761,5.257829357155761
-25.0,5.099256750827379
-25.0,5.199210288286885
-5.296889170835016,5.296889170835016
-5.194869888224319,5.194869888224319
-25.0,5.119604940156634
-25.0,5.11936321073625
-5.074643899112971,5.074643899112971
-5.031127554265792,5.031127554265792
-15.534800149980803,5.311608788438514
-5.0879327057608394,5.0879327057608394
-4.902720002552864,4.902720002552864
-5.314243828464865,5.314243828464865
-5.196287445086396,5.196287445086396
-5.053064972525906,5.053064972525906
-5.314243828464865,5.175415403488437
-5.175415403488437,5.053903136155843
-5.053903136155843,5.053903136155843
-5.053903136155843,5.053903136155843
4.772749730096163,-4.772749730096163
4.892665194730152,-4.892665194730152
4.955553975162688,-4.955553975162688
4.727942688996558,-4.727942688996558
4.788127003198452,-4.788127003198452
5.003636670810023,-5.003636670810023
4.689279866976363,-4.689279866976363
5.058623486900059,-5.058623486900059
4.620353531360095,-4.674256667515939
5.109955328908032,-5.109955328908032
4.826429440103666,-4.826429440103666
4.681092466262147,-4.681092466262147
5.096373827694361,-5.096373827694361
5.00068187577688,-5.00068187577688
-5.0,5.0
5.0,-5.0
-5.0,5.0
5.0,-5.0
-5.0,5.0
5.0,-5.0
5.0,-5.0
5.0,-5.0
5.0,-5.0
-5.0,5.0
5.0,-5.0
5.0,-5.0
-5.0,5.0
5.0,-5.0
5.0,-5.0
5.0,-5.0
5.0,-5.0
5.0,-5.0
-5.0,5.0
-5.0,5.0
5.0,-5.0
-5.0,5.0
-5.0,5.0
-5.0,5.0
-5.0,5.0
-4.999999999999993,4.999999999999993
-5.0,5.0
5.0,-5.0
0.0,-5.0
5.0,-5.0
5.000000000000001,-5.000000000000001
5.0,-5.0
5.0,-5.0
0.5401662049861491,5.0
-5.0,5.0
-5.0,5.0
-5.0,5.0
-5.0,5.0
-5.0,5.0
-5.0,5.0
-5.0,5.0
-5.0,5.0
-5.0,0.0
5.0,-5.0
5.0,-5.0
5.0,-5.0
25.0,-5.0
5.0,-5.0
5.0,-5.0
5.0,-5.0
-18.05,5.0
-5.0,5.0
-5.0,5.0
-5.0,5.0
25.0,0.0
20.0,5.0
-5.25,5.0
25.0,0.0
24.999999999965656,3.434408313296444e-11
-5.236626239346107,5.236626239346107
0.0,-4.449059493861128
4.929705810372447,-4.929705810372447
4.929705810372441,0.0
0.0,0.0
0.0,0.0
-20.295846515476086,-4.704153484523914
25.0,-2.632560835991171e-12
2.7008310249333753,-2.7008310249333753
2.7008310249333745,-2.7008310249333745
-19.943349479596318,-5.056650520403682
-5.096058727398994,5.096058727398994
-25.0,5.02232620500412
-25.0,5.22214933733067
-25.0,5.176353288393621
-5.013694634369294,5.013694634369294
-4.7833668901736015,4.7833668901736015
-5.272621556700104,5.272621556700104
-4.888122827527837,4.888122827527837
-5.197674706877516,5.197674706877516
-5.328924314935036,5.328924314935036
-5.150093773342983,5.150093773342983
-4.9310408447235226,4.9310408447235226
-5.11411017166096,5.11411017166096
-5.1614714659310215,5.1614714659310215
-5.345751333412302,5.345751333412302
-5.051027629003734,5.051027629003734
5.153874976887385,-5.153874976887385
4.779181752349711,-4.779181752349711
4.456209156564019,-4.456209156564019
5.230170588515078,-5.230170588515078
4.8619851239083545,-4.8619851239083545
-7.983328830726047,0.0
4.990097298679407,-4.990097298679407
4.803494493517411,-4.803494493517411
5.04587107657372,-5.04587107657372
4.891553132890288,-4.891553132890288
4.979012059046091,-4.979012059046091
5.023282720773922,-5.023282720773922
5.0,-5.0
5.0,-5.0
5.0,-5.0
5.0,-5.0
5.0,-5.0
5.0,-5.0
5.0,-5.0
5.0,-5.0
5.0,-5.0
5.0,-5.0
5.0,-5.0
0.0,5.0
-4.512500000000001,5.0
-4.9524687499999995,4.9524687499999995
-4.952468749999996,5.0
5.005134954986149,-5.0
-5.0,5.0
-5.0,5.0
-4.999999999999993,4.999999999999993
-5.0,5.0
-5.0,5.0
-5.0,5.0
-5.0,5.0
-5.0,5.0
-5.0,5.0
-5.0,5.0
-5.0,5.0
0.0,-5.0
5.0,-5.0
5.0,-5.0
5.0,-5.0
5.0,-5.0
5.0,-5.0
0.0,0.0
0.0,5.0
-4.5125,5.000000000000001
-4.952468750000001,5.0
-4.995365703125,5.0
-4.999548156054637,5.0
17.16071363411044,5.0
-25.0,0.0
0.0,0.0
0.0,0.0
0.0,0.0
0.0,5.0
-4.5125,4.5125
25.0,-5.0
25.0,-5.0
5.0,-5.0
5.0,-5.0
15.263157894736842,-5.0
-5.0,5.0
-5.0,5.0
-5.0,5.0
20.0,5.0
-5.041362870219652,5.041362870219652
19.721800269673153,5.278199730326847
-5.219711057478737,5.219711057478737
-4.971175975635089,4.971175975635089
-4.940848716160532,4.940848716160532
-5.08154581054008,5.08154581054008
-5.033007742107351,5.033007742107351
-4.901114363791898,4.901114363791898
-25.0,5.1254632495038415
11.54786243862777,5.074961681784412
5.398823248558636,-5.398823248558636
5.398823248558633,-5.6622426774541355
-25.0,0.0
-5.085851813074162,5.085851813074162
-25.0,5.141707087865097
-5.25031617955727,5.25031617955727
-4.741032684241241,4.741032684241241
-24.349299948442834,4.639448893275613
-25.0,4.892584407874253
-5.1419936287446095,5.1419936287446095
-5.188583029852459,5.188583029852459
4.905942640726411,-4.905942640726411
4.860666026026899,-4.860666026026899
4.974536361709413,-4.974536361709413
4.97760310649697,-4.97760310649697
-4.5720600325106515,4.5720600325106515
4.9154294159685925,-4.9154294159685925
5.011290594259024,-5.011290594259024
4.938505423979014,-4.938505423979014
-4.508430285134178,4.508430285134178
-4.934179540304612,4.934179540304612
4.328670379125647,-4.328670379125647
5.2792479723256545,-5.2792479723256545
5.067291979652619,-5.067291979652619
-4.219676918720647,4.219676918720647
-4.927597304990881,4.927597304990881
4.97824340544469,-4.97824340544469
-4.869307773912126,4.869307773912126
5.027256254442646,-5.027256254442646
-4.9551862233751764,4.9551862233751764
5.0,-5.0
5.0,-5.0
5.0,-5.0
-5.0,5.0
5.0,-5.0
5.0,-5.0
-5.0,5.0
-5.0,5.0
-5.0,5.0
-5.0,5.0
-5.0,5.0
5.0,-5.0
-5.0,5.0
-5.0,5.0
-5.0,5.0
-5.0,5.0
-5.0,5.0
5.0,-5.0
5.0,-5.0
-5.0,5.0
-5.0,5.0
-5.0,5.0
-5.0,5.0
-5.0,5.0
5.0,-5.0
-4.999999999999993,4.999999999999993
5.0,-5.0
-5.188583029852459,5.0
-5.000000000000001,0.0
0.0,0.0
5.0,-5.0
5.0,-5.0
5.0,-5.0
0.0,0.0
5.0,-5.0
5.0,-5.0
25.0,-5.0
5.0,-5.0
-5.0,5.0
12.700831024930746,-5.0
5.0,-5.0
5.0,-5.0
5.0,-5.0
5.0,-5.0
-25.0,5.0
0.0,-5.0
5.0,-5.0
20.214863949646528,-5.0
5.0,-5.0
5.0,-5.0
-5.0,5.0
-5.0,5.0
-5.0,5.0
-5.0,5.0
5.0,-5.0
25.0,-5.0
25.0,-4.979103134096253
25.0,0.0
25.0,-4.878834469221772
4.906231548408343,-4.906231548408343
4.9062315484083365,0.0
-4.967933614108052,4.967933614108052
-5.1047625644010095,5.1047625644010095
0.0,0.0
-19.662226999754914,-5.337773000245086
-5.002168622163006,5.002168622163006
-5.060675662384055,5.060675662384055
-25.0,4.513830697106748
-25.0,5.246405275240313
-5.019107038140787,5.019107038140787
-25.0,5.295721863882026
-10.055957836229092,5.302108759102784
-5.076207882151365,5.066983033043541
-4.954593368954278,4.954593368954278
-5.0321045703043055,5.0321045703043055
-4.835534371222269,4.835534371222269
-4.878956675120002,4.878956675120002
-4.799328605686525,4.799328605686525
-5.136619409385474,5.136619409385474
-4.85023000522792,4.85023000522792
-4.724068075650022,4.724068075650022
-5.29288390999496,5.29288390999496
-4.873511767261955,4.873511767261955
-5.208231907960343,5.208231907960343
-4.938162079841448,4.938162079841448
-4.323209692584808,4.323209692584808
-5.057203089875073,5.057203089875073
-4.648438955583487,4.648438955583487
-5.082162757037267,5.082162757037267
-5.038888772757785,5.038888772757785
-4.668333823356106,4.668333823356106
-5.052624589489167,5.052624589489167
-5.14207007646274,5.14207007646274
-4.965166585400138,4.965166585400138
5.142131968345993,-5.142131968345993
-4.973036139342015,4.973036139342015
-5.0,5.0
-5.0,5.0
-5.0,5.0
-5.0,5.0
-5.0,5.0
-5.0,5.0
-5.0,5.0
-5.0,5.0
25.0,-5.0
5.0,-5.0
-5.0,5.0
-5.0,5.0
12.376305916903092,-5.000000000000001
5.0,-5.0
5.0,-5.0
5.0,-5.0
5.0,-5.0
5.0,-5.0
5.0,-5.0
5.0,-5.0
5.0,-5.0
5.0,-5.0
5.0,-5.0
5.0,-5.0
-25.0,0.0
-5.0,5.0
-5.0,5.0
-5.0,5.0
0.0,-5.0
0.0,0.0
5.0,-5.0
5.0,-5.0
5.0,-5.0
5.0,-5.0
5.0,-5.0
5.0,-5.0
5.0,-5.0
5.0,-5.0
5.0,-5.0
5.0,-5.0
10.54016620498615,-5.000000000000001
5.0,-5.0
5.0,-5.0
5.0,-5.0
-5.0,5.0
-5.0,5.0
-5.0,5.0
-5.0,5.0
20.0,5.0
-5.0,5.0
25.0,-5.0
-5.0,5.0
25.0,0.0
5.0,-5.0
-0.2770083102493066,4.999999999999999
-5.0,5.0
-5.019388845415462,5.019388845415462
25.0,-4.66056439994907
4.66056439994907,-4.66056439994907
4.66056439994907,-4.66056439994907
4.660564399949064,-4.660564399949064
-0.9335856874875543,5.594150087436624
-5.070256163002025,5.070256163002025
-4.794583640197155,4.794583640197155
-25.0,4.7657313719900465
-4.990719609928744,4.990719609928744
-5.0269152771075,5.0269152771075
-5.115422958069299,5.115422958069299
-5.144744799876314,5.144744799876314
-5.034907495515572,5.034907495515572
-9.964159984373872,4.9681939623741265
-24.99999999995753,5.043299230171954
-4.998741492260468,4.998741492260468
-4.978166721046319,4.978166721046319
-4.9329153522392755,4.9329153522392755
-4.996983115850068,4.996983115850068
-4.871851218684869,4.871851218684869
4.891991129401255,-4.891991129401255
-5.043325738359043,5.043325738359043
-5.051919440155166,5.051919440155166
-4.972250346146431,4.972250346146431
-5.203223122894682,5.203223122894682
4.996480722589953,-4.996480722589953
-4.993179822149757,4.993179822149757
-5.096488538718262,5.096488538718262
-5.118904366640643,5.118904366640643
-25.0,5.363871572731245
-5.004714039271099,5.004714039271099
-5.008410669075731,5.008410669075731
-25.0,0.0
5.17075690518077,-5.17075690518077
-5.176936152935981,5.176936152935981
4.400706061973011,-4.400706061973011
-5.176936152935981,5.176936152935981
-4.949432398493083,4.949432398493083
-4.996528867295824,4.996528867295824
-5.014649349458557,5.014649349458557
-5.176936152935981,5.0
5.0,-5.0
-5.0,5.0
-5.0,5.0
-5.0,5.0
-5.0,5.0
-5.0,5.0
5.0,-5.0
-5.0,5.0
-5.0,5.0
-5.0,5.0
25.0,-5.0
-0.2770083102493075,5.000000000000001
20.0,5.0
20.0,5.0
25.0,-5.0
-5.0,5.0
5.0,-5.0
5.0,0.0
-5.0,5.0
0.0,0.0
0.0,0.0
-5.0,5.0
-25.0,5.0
-5.0,5.0
-25.0,0.0
-25.0,0.0
-25.0,0.0
5.0,-5.0
5.0,-5.0
5.0,-5.0
0.0,0.0
0.0,5.0
-4.5125,5.0
-4.95246875,5.0
-4.99486504501385,4.999999999999999
-5.0,5.0
-5.0,5.0
-5.0,5.0
-5.0,5.0
-5.0,5.0
-5.0,5.0
-5.0,5.0
-5.0,5.0
-5.0,5.0
-5.0,5.0
-5.0,5.0
19.54181371409867,5.0
-5.0,5.0
-5.0,5.0
20.0,5.0
20.0,5.0
-5.0,5.0
-5.0,5.0
-5.0,5.0
-5.01874255056828,5.01874255056828
-4.973594396535472,5.1547723722132766
-5.062263273999932,5.062263273999932
19.958603521160214,5.041396478814001
-25.0,5.065997969876804
17.17220639185528,4.915330483627482
-4.863831545368736,4.863831545368736
-4.9146382728133755,4.9146382728133755
-5.088233447454866,5.088233447454866
-4.970743481939746,4.970743481939746
-4.739348783213622,4.739348783213622
-4.747304395077617,4.747304395077617
-5.161207015207418,5.161207015207418
-4.894845177544769,4.894845177544769
-25.0,4.756602457273601
-25.0,4.877588978895545
-25.0,4.549858794674247
-25.0,4.847667547142411
-4.990515118199753,4.990515118199753
-13.804572909683037,4.886522869092676
-4.823930727896641,4.823930727896641
-5.113667737395458,5.113667737395458
-5.111519943093739,5.111519943093739
-5.013323519750013,5.013323519750013
-5.113667737395458,5.113667737395458
5.416100906216458,-5.416100906216458
5.207902449063635,-5.207902449063635
4.8740646523070055,-4.8740646523070055
5.443689617505543,-5.443689617505543
5.064033050508649,-5.064033050508649
-4.982830584106136,4.768523567697012
4.811053744869656,-4.811053744869656
5.304091192808839,-5.304091192808839
-4.899360720986334,4.899360720986334
-4.707435134971105,4.707435134971105
-4.899360720986334,4.899360720986334
-4.899360720986334,4.982119420515207
-4.957530255182451,4.957530255182451
-4.93816480166423,4.93816480166423
-4.974050447311141,4.974050447311141
-4.974050447311141,5.002803414279406
-5.0,5.0
5.059699507701369,-5.059699507701369
-5.0,5.0
-5.0,5.0
-5.0,5.0
-5.0,5.0
-5.0,5.0
-5.0,5.0
-5.0,5.0
-5.0,5.0
-5.0,5.0
-5.0,5.0
-5.0,5.0
-5.0,5.0
-5.0,5.0
-5.0,5.0
-5.0,5.0
-5.0,5.0
-5.0,5.0
-5.0,5.0
-5.0,5.0
-5.0,5.0
-5.0,5.0
-5.0,5.0
-5.0,5.0
-5.0,5.0
-5.0,5.0
-5.0,0.0
0.0,0.0
0.0,0.0
5.0,-5.0
5.0,-5.0
5.0,-5.0
0.5401662049861491,5.0
-5.0,5.0
-5.0,5.0
-5.0,5.0
-5.0,5.0
-5.0,5.0
-5.0,5.0
-5.0,5.0
-5.0,5.0
-5.0,5.0
-5.0,5.0
-4.999999999999993,4.999999999999993
-5.0,5.0
-5.0,5.0
20.0,5.0
-5.0,5.0
19.722991689750693,5.0
20.0,5.0
20.0,5.0
-5.0,5.0
-5.0,5.0
-5.0,5.0
-5.006678379882096,5.006678379882096
0.0,0.0
-5.201222583150124,5.201222583150124
0.0,0.0
-4.822097560529804,4.822097560529804
-5.0796683050745965,5.0796683050745965
-5.099580844971941,5.099580844971941
-5.132156882318091,5.132156882318091
-25.0,5.057415155371807
-4.954191328116726,4.954191328116726
-5.155843209778926,5.155843209778926
-5.077467336611867,5.077467336611867
-25.0,4.852196975824839
-5.117440104877497,5.117440104877497
-14.408577415670894,5.177403833093953
-5.178359705697524,5.178359705697524
-4.955012450769247,4.955012450769247
-25.0,5.2005748287747835
-5.352306429391632,5.352306429391632
-5.2392982409369,5.2392982409369
-25.0,4.522243575198072
-5.401256952592555,5.401256952592555
-4.776936130214678,4.776936130214678
-5.078621389471311,5.078621389471311
-4.922397282289774,4.922397282289774
-5.216786478623142,5.216786478623142
-5.11510044179302,5.11510044179302
-5.386151703981611,5.386151703981611
-4.78736205265667,4.78736205265667
-4.991488347354398,4.991488347354398
4.3804525447405185,-4.3804525447405185
-5.111074353091677,5.111074353091677
-4.984096981187063,4.984096981187063
-5.214645626941851,5.214645626941851
-5.401256952592555,5.027847797260538
-4.957180126211285,4.957180126211285
-4.999128701136197,4.999128701136197
-5.027847797260538,5.0
4.978452788565347,-4.978452788565347
4.991101414605617,-4.991101414605617
4.956497037448167,-4.956497037448167
-4.983674950730747,4.983674950730747
-4.995457396117445,4.995457396117445
4.9998453491852795,-4.9998453491852795
-4.964162523713151,4.964162523713151
-5.0,5.0
-5.0,5.0
-5.0,5.0
-5.0,5.0
-5.0,5.0
-5.0,5.0
5.0,-5.0
5.0,-5.0
-5.0,5.0
-5.0,5.0
-5.0,5.0
-5.0,5.0
-5.0,5.0
-5.0,5.0
-5.0,5.0
-5.0,5.0
-5.0,5.0
-5.0,5.0
-5.0,5.0
-5.0,0.0
0.0,0.0
5.0,-5.0
5.0,-5.0
5.0,-5.0
5.0,-5.0
5.0,-5.0
5.0,-5.0
5.0,-5.0
5.0,-5.0
5.0,-5.0
5.0,-5.0
25.0,-5.0
5.0,-5.0
5.0,-5.0
12.700831024930746,-5.0
5.0,-5.0
5.0,-5.0
-20.0,-5.0
5.0,-5.0
0.5401662049861491,5.0
-5.0,5.0
-5.0,5.0
-5.0,5.0
-5.0,5.0
-5.0,5.0
-5.0,5.0
25.0,-0.2770083102493075
25.0,0.0
25.0,0.0
-5.0,5.0
20.0,5.0
-5.0202505722892745,5.0202505722892745
-5.23918340787475,5.23918340787475
-5.233553774786039,5.233553774786039
-4.954412545249475,4.954412545249475
-4.975978059956168,4.975978059956168
0.0,0.0
-4.786882065126122,4.786882065126122
-4.779177018744872,4.779177018744872
-5.1108035908949585,5.1108035908949585
-5.320961444876956,5.320961444876956
-4.700893924232633,4.700893924232633
-4.905561427750143,4.905561427750143
-25.0,5.0755918823751465
-14.08483923819611,4.842134909808038
-25.0,4.771632914928109
-25.0,4.562014376323958
-25.0,5.013691478632737
-4.788252601513482,4.788252601513482
-4.686678593331186,4.686678593331186
-5.055852750201689,5.055852750201689
-5.180226323871881,5.180226323871881
-4.620029752789191,4.503550254120103
-4.963008456061191,4.963008456061191
-4.704110882080374,4.704110882080374
-5.063746825202793,5.063746825202793
-4.522604591460365,4.522604591460365
-5.063746825202793,5.063746825202793
-4.817137058233489,4.817137058233489
4.705196455456501,-4.705196455456501
5.460415652412936,-5.460415652412936
5.6592223219939894,-5.6592223219939894
4.728181578254036,-4.728181578254036
-4.745915239844562,4.745915239844562
-4.173403406842304,4.173403406842304
-5.063746825202793,5.063746825202793
-4.910217401468564,4.910217401468564
-4.824113918403862,4.824113918403862
-4.939227535397013,4.939227535397013
-4.9658086594496735,4.9658086594496735
-5.016362553225915,5.016362553225915
-5.042794521883222,5.042794521883222
5.036638301143212,-5.036638301143212
5.0,-5.0
5.0,-5.0
-5.0,5.0
-4.999999999999993,4.999999999999993
-5.0,5.0
5.0,-5.0
5.0,-5.0
5.0,-5.0
5.0,-5.0
5.0,-5.0
5.0,-5.0
-5.0,5.0
-5.0,5.0
-5.0,5.0
-5.0,5.0
5.0,-5.0
-5.0,5.0
-5.0,5.0
-5.0,5.0
-5.0,5.0
-5.0,5.0
-5.0,5.0
-5.063746825202793,5.0
-5.0,5.0
-5.0,5.0
-5.0,5.0
-5.0,0.0
0.0,2.921639538487254e-17
0.0,0.0
0.0,0.0
0.0,0.2631578947368421
-0.23750000000000002,0.23750000000000002
25.0,-5.0
25.0,-5.0
25.0,-5.0
25.0,-5.0
5.0,-5.0
25.0,-5.0
-5.0,5.0
-5.0,5.0
5.0,-5.0
5.0,-5.0
5.0,-5.0
-4.999999999999993,4.999999999999993
5.0,-5.0
5.0,-5.0
5.0,-5.0
5.0,-5.0
-4.999999999999993,4.999999999999993
-5.0,5.0
5.0,-5.0
5.0,-5.0
5.0,-5.0
5.0,-5.0
5.0,-5.0
5.0,-4.893576492554829
4.893576492554829,-4.893576492554829
4.893576492554835,-4.893576492554835
4.729032443723624,-4.729032443723624
-4.993106451274771,4.993106451274771
-4.645734173779192,4.645734173779192
-25.0,5.0105729797656196
-25.0,5.062155071682682
-5.117409494232879,5.117409494232879
-5.6631136607442825,5.6631136607442825
-25.0,5.0950996990588635
-10.40423763306763,5.017436075633057
-5.402477591493387,5.402477591493387
-5.241568477817092,5.241568477817092
-5.177973443542761,5.177973443542761
-4.928331960461701,4.928331960461701
-4.9827450636454005,4.9827450636454005
-25.0,5.0743358992248595
-5.336215328679809,5.336215328679809
-5.123075619223678,5.123075619223678
-5.179777893706917,5.179777893706917
-5.438909307766717,5.438909307766717
-5.0405253377370265,5.0405253377370265
-5.398175060269519,5.398175060269519
-5.148649077146499,5.148649077146499
-5.259084709158736,5.259084709158736
-5.194284183519058,5.194284183519058
-5.346521964279889,5.346521964279889
-5.125172921740461,5.125172921740461
-5.438909307766717,5.438909307766717
-5.356196821420959,5.356196821420959
-5.436049579297399,5.436049579297399
-4.886251475748645,4.886251475748645
-4.967724073200566,4.967724073200566
-5.122271853122227,5.122271853122227
-5.3408973372248365,5.3408973372248365
-5.046539540470225,5.046539540470225
-5.1541949685744175,5.1541949685744175
-5.010727393900098,5.010727393900098
-5.000318571605582,5.000318571605582
5.0,-5.0
5.0,-5.0
5.0,-5.0
-4.999999999999993,4.999999999999993
5.0,-5.0
5.0,-5.0
-5.0,5.0
-5.0,5.0
-5.0,5.0
-5.0,5.0
-5.0,5.0
-5.0,5.0
-5.0,5.0
-5.0,5.0
-5.0,5.0
-5.0,5.0
-5.0,5.0
-5.0,5.0
-5.0,5.0
-5.0,5.0
-5.0,5.0
-5.0,5.0
-5.0,5.0
-5.0,5.0
-5.0,5.0
-5.0,5.0
-5.438909307766718,5.0
-5.0,0.0
0.0,0.0
5.0,-5.0
5.0,-5.0
5.0,-5.0
0.0,0.0
0.0,0.0
5.0,-5.0
5.0,-5.0
5.0,-5.0
5.0,-5.0
0.0,0.0
0.5401662049861491,5.0
-5.0,5.0
-5.0,5.0
-5.0,5.0
-5.0,5.0
-5.0,5.0
-5.0,5.0
-5.0,5.0
-5.0,5.0
-5.0,5.0
-5.0,5.0
20.0,5.0
20.0,5.0
16.865276193647848,5.0
-5.0,5.0
-5.0,5.0
-25.0,5.016588235232813
19.725324709670975,5.274675290329025
19.634092622168158,5.365907377831842
-5.20068685742261,5.20068685742261
-25.0,5.153854780173411
16.909089335409085,5.081099273817049
-5.217302757124113,5.217302757124113
-5.257455086799922,5.257455086799922
-25.0,5.118165924285954
16.68564794337319,5.344085104509411
0.0,0.0
-5.1958847731015325,5.1958847731015325
-25.0,0.0
-4.740905192484277,4.740905192484277
-4.948570330158713,4.948570330158713
-25.0,5.166160890456965
-25.0,5.211289816685536
-5.094237236257424,5.094237236257424
-5.224623434792536,5.224623434792536
-25.0,4.99070320009864
-10.258075504607332,5.029128710729634
-4.867120769583669,4.867120769583669
-4.89688252106694,4.89688252106694
-4.956616827235593,4.956616827235593
-4.814888911509208,4.814888911509208
-4.988599586108742,4.988599586108742
-5.139207113363448,5.139207113363448
-4.894925964400666,4.894925964400666
4.950973107974359,-4.950973107974359
4.948013027082481,-4.948013027082481
-5.1092452881823665,5.1092452881823665
4.96609097953154,-4.96609097953154
-5.139207113363448,5.139207113363448
4.930147771277465,-4.930147771277465
5.457821005814533,-5.457821005814533
5.209344305097217,-5.209344305097217
25.0,-4.880269619315165
-4.950856976869006,4.950856976869006
19.365562575235845,5.083452624908851
19.9679791158264,5.032020884115443
20.041391202806288,4.958608797183061
5.0,-5.0
5.0,-5.0
5.0,-5.0
5.0,-5.0
5.0,-5.0
5.0,-5.0
5.0,-5.0
5.0,-5.0
5.0,-5.0
5.0,-5.0
5.0,-5.0
5.0,-5.0
5.0,-5.0
-4.999999999999993,4.999999999999993
-5.0,5.0
-5.0,5.0
-5.0,5.0
-5.0,5.0
-5.0,5.0
-5.0,5.0
-5.0,5.0
4.999999999999998,-4.999999999999998
-5.0,5.0
-20.0,-5.0
-5.0,5.0
-20.48750000000001,5.000000000000002
-25.0,0.0
-25.0,0.0
0.0,0.0
0.0,0.0
0.0,0.0
0.0,5.0
-4.5125,4.5125
-4.5125,4.5125
-4.5125,4.999999999999999
-4.94733379501385,5.0
-5.0,5.0
-5.0,5.0
-5.0,5.0
-5.0,5.0
-5.0,5.0
-5.0,5.0
5.0,-5.0
5.0,-5.0
-5.0,5.0
-5.0,5.0
20.0,5.0
20.0,5.0
-5.0,5.0
-0.29431218024393146,5.0
25.0,-5.0
25.0,-5.0
5.0,-5.0
5.0,-5.0
5.0,-5.0
4.992244461833815,-4.992244461833815
4.917058821370516,-4.917058821370516
5.01730386999461,-5.01730386999461
5.017303869994617,-4.789809720824863
4.789809720824858,-4.789809720824858
-0.2505015001866724,5.04031122101153
-4.704966717835041,4.704966717835041
-4.999055803621695,4.999055803621695
-25.0,0.0
25.0,-1.757205618674309
4.458036643605053,-4.458036643605053
4.458036643605053,-4.458036643605053
4.458036643605049,-4.458036643605049
4.458036643605052,-4.458036643605052
-4.853441282749855,4.853441282749855
-5.072255637685493,5.072255637685493
-25.0,5.058571101673188
-4.755726424804958,4.755726424804958
-4.902740514840495,4.902740514840495
-5.811893427513413,5.024682277918702
-4.855311056660771,4.855311056660771
-25.0,5.0061745141503735
-5.185307059731076,5.185307059731076
5.1297146577954615,-5.1297146577954615
4.843349552809409,-4.843349552809409
4.9053847065028675,-4.9053847065028675
4.976773147782083,-4.976773147782083
4.798756786222125,-4.798756786222125
5.138854933163519,-5.138854933163519
5.051531915705782,-5.051531915705782
4.267743204537879,-4.267743204537879
4.541402051844763,-4.541402051844763
4.9118823680768315,-4.9118823680768315
-25.0,0.0
-25.0,5.020234267239488
-4.972780194314605,4.972780194314605
-5.274390662614801,5.274390662614801
-5.0700705662456755,4.8409373077840865
-5.045257404153212,5.045257404153212
-4.99703762133744,4.99703762133744
17.10556318437441,5.00495492736718
-25.0,5.0
-5.0,5.0
-5.0,5.0
-5.0,5.0
-5.0,5.0
-5.0,5.0
-5.0,5.0
20.0,5.0
-5.0,5.0
-5.0,5.0
-5.0,5.0
18.64265927977838,-5.0
5.0,-5.0
-4.999999999999993,4.999999999999993
-5.0,5.0
-5.0,5.0
20.0,5.0
25.0,0.0
-5.0,5.0
-5.0,5.0
-5.0,5.0
-5.0,5.0
-25.0,5.0
-25.0,5.0
-5.0,5.0
-5.0,5.0
-25.0,5.0
-25.0,0.0
0.0,0.0
0.0,0.0
5.0,-5.0
5.0,-5.0
5.0,-5.0
5.0,-5.0
5.0,-5.0
0.5401662049861491,5.0
-5.0,5.0
20.0,5.0
20.0,5.0
25.0,0.0
-25.0,0.0
5.0,-5.0
-20.0,-5.0
-5.0,5.0
-22.687499999999996,5.0
-5.0,5.0
-5.0,5.0
-5.0,5.0
5.0,-5.0
-5.0,5.0
25.0,-5.0
5.0,-5.0
25.0,-5.0
25.0,-5.0
19.722991689750693,-5.0
4.985566081335364,-4.985566081335364
25.0,-4.768841863175645
4.768841863175639,-4.575244289038305
4.575244289038306,-4.575244289038306
-5.0209370497710655,5.0209370497710655
-0.684423915810092,5.259668204848403
-5.389501518338464,5.389501518338464
-5.173685428707063,5.173685428707063
-25.0,5.082801478116707
16.999871145034774,5.069046884752808
-5.022386163998731,5.022386163998731
-5.195630420734917,5.195630420734917
-5.017985173794239,5.017985173794239
-5.060195674853505,5.060195674853505
-5.082904355128518,5.082904355128518
-24.999999999970626,5.258988143620044
-15.463122643330994,5.100038111199272
-5.139489867359092,5.139489867359092
-5.251791170824715,5.251791170824715
-4.965350012587602,4.965350012587602
-5.143129062758361,5.143129062758361
-5.112851663921427,5.112851663921427
-25.0,5.043616697269737
-5.1085024277964965,5.1085024277964965
-5.157375319878081,5.157375319878081
-24.999999999965457,5.112108172388243
-24.999999999965745,5.190958037186391
-5.242586518430865,5.242586518430865
-5.107102543059142,5.107102543059142
-5.103472814869548,5.103472814869548
-5.242586518430865,4.962927669205293
-4.9629276692052935,4.9629276692052935
-4.9025186665604314,4.9025186665604314
-4.77128609948033,4.712178522592196
-4.90382009231716,4.90382009231716
-4.90382009231716,4.90382009231716
-4.90382009231716,5.21356194700766
-5.140086774929132,5.140086774929132
-4.98145673419539,4.98145673419539
-4.977560701286965,4.977560701286965
20.03503404301699,4.964965956983011
-5.0,5.0
5.0,-5.0
-5.0,5.0
5.0,-5.0
-5.0,5.0
-5.0,5.0
-5.0,5.0
20.0,5.0
-5.0,5.0
-5.0,5.0
-5.0,5.0
-5.0,5.0
20.0,5.0
-5.0,5.0
-5.0,5.0
-5.0,5.0
24.519820369888823,0.0
0.0,0.0
-4.999999999999993,4.999999999999993
0.0,0.0
-5.0,5.0
-5.0,5.0
-10.000000000000007,5.0
-25.0,5.0
-5.0,5.0
-25.0,5.0
-25.0,0.0
-20.0,-5.0
0.0,0.0
5.0,-5.0
5.0,-5.0
25.0,-5.0
-18.05,5.0
-5.0,5.0
-5.0,5.0
20.0,5.0
-5.0,5.0
5.0,-5.0
25.0,-5.0
25.0,-5.0
5.0,-5.0
5.0,-5.0
5.0,-5.0
5.0,-5.0
5.0,-5.0
-5.0,5.0
-5.0,5.0
-5.0,5.0
-5.0,5.0
-5.0,5.0
-5.0,5.0
4.7229916897507,5.0
-5.0,5.0
20.0,5.0
-5.000646294847182,5.000646294847182
-5.051488159446063,5.051488159446063
-5.13247154869968,5.13247154869968
-5.01899879637683,5.01899879637683
-4.9028273764892685,4.9028273764892685
-4.922805555707031,4.922805555707031
-4.860201028245004,4.860201028245004
-5.275090604983479,5.275090604983479
-4.569912238208932,4.569912238208932
-25.0,5.087479226417383
17.816514110626812,4.247220818550602
-5.121492701765931,5.121492701765931
-5.245187792076041,5.245187792076041
-25.0,5.022306639437456
-4.997411664874714,4.997411664874714
-15.09032664751414,5.243253641139333
-25.0,4.4086667230155
-25.0,5.416099643921836
-4.271928026788112,4.271928026788112
-4.602004816714317,4.602004816714317
5.097619554700831,-5.097619554700831
-4.745540338341413,4.745540338341413
-4.84073691851262,4.84073691851262
-5.0860512556246595,5.0860512556246595
-5.096771292713903,5.096771292713903
-5.065544648320174,5.065544648320174
-5.239968519381927,5.239968519381927
-5.074574472908683,5.074574472908683
-5.291290894180225,5.291290894180225
-25.0,5.148375790360532
-5.084198838264815,5.0514486042606395
-4.259413637891701,4.259413637891701
-5.115625556356355,5.115625556356355
-4.802754473294441,4.802754473294441
-4.706637680342772,4.706637680342772
-4.506173933494846,4.506173933494846
-4.816210849553566,4.816210849553566
4.778313293648811,-4.778313293648811
-5.080309235169629,5.080309235169629
25.0,-5.106066199173327
19.942849038948204,5.057150961051796
20.014966655071387,4.985033344928613
-4.967927812052173,4.967927812052173
-4.9421459030141905,4.9421459030141905
-4.961964383702583,4.961964383702583
20.045465833772997,4.954534166227003
-4.9482123759470475,4.9482123759470475
-4.963629727712597,4.963629727712597
-4.979635920196609,4.979635920196609
-5.0,5.0
-5.0,5.0
-5.002585179388729,5.002585179388729
-5.00366233736464,5.00366233736464
-5.006247517061545,5.006247517061545
4.7009409289723925,-4.7009409289723925
-5.0,5.0
-5.0,5.0
-5.0,5.0
-5.0,5.0
-5.0,5.0
-5.0,5.0
-5.0,5.0
-5.0,5.0
-5.0,5.0
-25.0,5.0
-25.0,4.242599188397573
5.0,-5.0
-5.0,5.0
-25.0,0.0
-25.0,0.0
0.0,0.0
0.0,0.0
5.0,-5.0
25.0,-5.0
5.0,-5.0
5.0,-5.0
5.0,-5.0
18.240997229916896,-5.0
-25.0,0.0
5.0,-5.0
5.0,-5.0
-5.0,5.0
-5.0,5.0
-5.0,5.0
-5.0,5.0
5.0,-5.0
5.0,-5.0
5.0,-5.0
5.0,-5.0
5.0,-5.0
-5.0,5.0
-5.0,5.0
-5.0,5.0
-5.0,5.0
-5.0,5.0
-5.0,5.0
-5.0,5.0
-4.999999999999965,5.0323147423591035
19.732238861904342,5.267761138095658
19.64608816852764,5.3539118314723595
25.0,0.0
24.69067694739159,0.0
-5.142840628436914,5.142840628436914
-5.278459038186029,5.278459038186029
-5.3827990494618545,5.3827990494618545
-25.0,5.019915222273422
17.10021108101882,5.038387010644978
-5.31955493309283,5.31955493309283
-5.048405211923615,5.048405211923615
-9.572374840584821,5.044776746028647
5.016729190643953,-5.016729190643953
-5.042580984531235,5.042580984531235
-19.965548192843478,-5.034451807156522
4.930283467949481,-4.930283467949481
5.00263440887904,-5.00263440887904
4.767521305766031,-4.767521305766031
-4.994778518290295,4.994778518290295
-5.103414118169559,5.103414118169559
-5.06444140281932,5.06444140281932
-5.0852093051108485,5.0852093051108485
-4.931588680590079,4.931588680590079
4.699288601045321,-4.699288601045321
5.059973510999788,-5.059973510999788
5.158481721115493,-5.158481721115493
5.118685358523483,-5.118685358523483
4.993390309778209,-4.993390309778209
4.946576851374704,-4.946576851374704
5.16547956693398,-5.16547956693398
5.571790116051329,-5.571790116051329
-4.839926840938053,4.839926840938053
-4.948294203209843,4.948294203209843
-4.890987762962478,4.890987762962478
-4.688611955333755,4.688611955333755
5.033584847430487,-5.033584847430487
-5.047750120460776,5.047750120460776
-4.972366122231422,4.972366122231422
5.06330020958635,-5.06330020958635
-5.011417457334095,5.011417457334095
-5.035977078182856,5.035977078182856
5.000585374339088,-5.000585374339088
-4.972568508492428,4.972568508492428
-5.0202505722892745,5.0202505722892745
4.991167303549727,-4.991167303549727
-5.003016042517457,5.003016042517457
4.998276547176907,-4.998276547176907
-5.003446905646186,5.003446905646186
-5.000430863205775,5.000430863205775
5.0,-5.0
-5.0,5.0
-5.0,5.0
25.0,-5.0
5.0,-5.0
-5.0,5.0
-5.0,5.0
-5.0,5.0
12.717560215574707,-5.000000000000004
5.0,-5.0
5.0,-5.0
-5.0,5.0
-20.487500000000004,5.000000000000002
-5.0,5.0
5.0,-5.0
5.0,-5.0
-20.0,-5.0
-20.0,-5.0
-20.0,-5.0
5.0,-5.0
0.0,0.0
5.0,-5.0
5.0,-5.0
0.0,0.0
5.0,-5.0
0.0,0.0
5.0,-5.0
5.0,-5.0
4.999999999979183,-4.999999999979183
0.0,0.0
25.0,-5.0
5.0,-5.0
5.0,-5.0
5.0,-5.0
5.0,-5.0
5.0,-5.0
5.0,-5.0
5.0,-5.0
25.0,-5.0
5.0,-5.0
5.0,-5.0
5.2631578947368425,-5.0
25.0,-5.0
5.0,-5.0
25.0,-5.0
5.0,-5.0
25.0,-5.0
4.999999999999982,-4.973717342059456
4.898717209597425,-4.812298416676715
4.887298549138757,-4.887298549138757
4.879575979741011,-5.040961144955754
5.066118676800519,-5.066118676800166
4.914896412063861,-4.914896412063861
5.066118676800176,-5.283216311047976
-25.0,0.0
-5.382480951216758,5.382480951216758
4.866961720461119,-4.866961720461119
-24.74008560304637,5.065842549851293
-25.0,4.885449918662786
-25.0,4.765757880177137
-5.120619193886535,5.120619193886535
-4.815547198155311,4.815547198155311
-4.696664290523268,4.696664290523268
-5.008112136397296,5.008112136397296
5.038351666395526,-5.038351666395526
-5.047996228465632,5.047996228465632
4.656530264119498,-4.656530264119498
4.9442381350111955,-4.9442381350111955
5.043544746476202,-5.043544746476202
5.0799543725936225,-5.0799543725936225
-4.886370131443243,4.886370131443243
4.868648146077984,-4.868648146077984
4.949782764144491,-4.949782764144491
4.9530022465814785,-4.9530022465814785
5.126081142721999,-5.126081142721999
5.111817213477549,-5.111817213477549
4.903067764721617,-4.903067764721617
-4.784846930619542,4.784846930619542
-5.187695005584897,5.187695005584897
-5.187695005584896,0.0
4.877006429926845,-4.877006429926845
5.024887400795005,-5.024887400795005
4.681417664914501,-4.681417664914501
4.883884357756109,-4.883884357756109
5.017584158571066,-5.017584158571066
5.363852204398118,-5.0370424499141695
25.0,-5.012165941341131
5.0,-5.0
5.0,-5.0
5.0,-5.0
5.0,-5.0
5.0,-5.0
5.0,-5.0
5.0,-5.0
5.0,-5.0
5.0,-5.0
5.0,-5.0
5.0,-5.0
-5.0,5.0
5.0,-5.0
12.38618721178793,-5.000000000000001
5.0,-5.0
5.0,-5.0
-5.0,5.0
5.0,-5.0
-5.0,5.0
-5.0,5.0
5.0,-5.0
5.0,-5.0
5.0,-5.0
5.0,-5.0
5.0,-5.0
5.0,-5.0
5.0,-5.0
-25.0,0.0
5.0,-5.0
5.0,-5.0
12.700831024930746,-5.0
25.0,-5.0
-20.0,-5.0
5.0,-5.0
0.0,0.0
0.0,0.0
5.0,-5.0
5.0,-5.0
0.0,5.0
-4.459833795013851,5.0
-5.0,5.0
-5.0,5.0
-5.0,5.0
5.0,-5.0
5.0,-5.0
5.0,-5.0
5.0,-5.0
5.0,-5.0
0.0,-5.0
0.0,0.0
0.0,0.0
5.0,-5.0
5.0,-5.0
25.0,-5.0
25.0,0.0
19.973501911265537,5.0264980887344635
19.715229228595238,5.284770771404762
-5.417427341185412,5.417427341185412
-18.67922896469322,5.379228964693219
-5.205484523712508,5.205484523712508
19.823947137726744,5.176052862273256
-5.168569348598413,5.168569348598413
-4.916000604285681,4.916000604285681
-25.0,5.082593199503851
16.829146839224563,5.240001970189454
0.0,0.0
0.0,0.0
0.0,-5.100483701201332
4.987519061911108,-4.987519061911108
-4.904689182165372,4.904689182165372
-22.434981277589543,4.950129895165926
-24.999999999971024,4.906089066902723
-4.993624781004506,4.993624781004506
-4.956724753425894,4.956724753425894
-4.967684626493584,4.967684626493584
-4.917014226868275,4.917014226868275
4.987047594869267,-4.987047594869267
4.983144579893706,-4.983144579893706
4.888927540350258,-4.888927540350258
5.162501498343719,-5.162501498343719
5.001771630503946,-5.001771630503946
5.035519077260609,-5.035519077260609
5.036148331130375,-5.036148331130375
5.172674961861031,-5.172674961861031
5.0337827910061215,-5.0337827910061215
5.025247785909984,-5.025247785909984
5.149351544104421,-5.149351544104421
5.040775903219771,-5.040775903219771
-24.99999999997914,-1.6072476682893466e-11
5.0457543932144695,-5.0457543932144695
5.109161345589911,-5.109161345589911
25.0,-4.831608319369831
4.893718421806554,-4.893718421806554
4.918438016310059,-4.918438016310059
25.0,0.0
25.0,0.0
4.822462631490025,-5.011236862913277
5.026117889045483,-5.026117889045483
4.99004394762457,-4.99004394762457
5.011201746715097,-5.011201746715097
5.03163075495069,-5.03163075495069
5.031630754950691,-5.018122168509455
5.013683912261252,-4.9955617437517965
4.9819037442789025,-4.9819037442789025
5.0,-5.0
5.0,-5.0
5.0,-5.0
5.0,-5.0
5.0,-5.0
5.0,-5.0
5.0,-5.0
5.0,-5.0
5.0,0.0
-5.0,5.0
-5.0,5.0
-5.0,5.0
0.0,0.0
-5.0,5.0
-5.0,5.0
-25.0,4.9999999999999964
5.0,-5.0
-20.0,-5.0
-25.0,0.0
-25.0,0.0
20.0,5.0
-22.5625,0.0
0.0,0.0
0.5401662049861491,5.0
-5.0,5.0
-5.0,5.0
-5.0,5.0
-5.0,5.0
-5.0,5.0
-5.0,5.0
-5.0,5.0
-5.0,5.0
-5.0,5.0
-5.0,5.0
5.0,-5.0
-5.0,5.0
-5.0,5.0
5.0,-5.0
5.0,-5.0
-5.0,5.0
5.0,-5.0
25.0,-5.0
25.0,-5.0
25.0,-5.0
-5.0,5.0
-4.999999999999993,4.999999999999993
-5.0,5.0
19.695201011321863,-4.972209321571171
19.7368866035881,5.2631133964118995
-5.298751292084777,5.298751292084777
-25.0,5.142383993356898
-25.0,5.084610346312047
20.05953360132353,4.94046639867647
13.992033558207599,5.077778807810191
-4.9562223601657776,4.9562223601657776
-25.0,4.548370549313255
17.76850338063382,4.892581883285008
-4.9756358203263975,4.9756358203263975
-4.887642524423633,4.887642524423633
-25.0,0.0
-5.006782940158853,5.006782940158853
-9.51704923282278,4.935346531683948
-25.0,4.780121530696839
-25.0,4.801581170441985
-5.160991162826818,5.160991162826818
-4.871908653090234,4.871908653090234
-4.8129847400698065,4.8129847400698065
-4.551267515473965,4.551267515473965
-4.946308929340887,4.946308929340887
-4.768428895600256,4.768428895600256
-4.958577170785736,4.958577170785736
-25.0,5.1443282426505945
-5.144328242650594,4.592864541346258
-4.592864541346258,4.592864541346258
-4.592864541346258,4.592864541346258
-4.592864541346258,4.592864541346258
0.22073304276320904,-4.813597584109467
5.352919904578605,-5.352919904578605
4.878554003135135,-4.878554003135135
0.0,0.0
0.0,0.0
0.0,0.0
0.0,0.0
0.0,4.889112466512588
-4.412424001027611,5.012842743285324
-4.954301915915198,4.954301915915198
-4.954301915915198,4.954301915915198
-4.926163584840614,4.926163584840614
5.0,-5.0
5.0,-5.0
-4.954301915915198,5.0
-4.995063087868955,5.0
-5.0,5.0
-5.0,5.0
-5.0,5.0
-5.0,5.0
-5.0,5.0
-5.0,5.0
-5.0,5.0
25.0,-5.0
-5.0,5.0
-5.0,5.0
9.72299168975069,5.000000000000002
-5.0,5.0
25.0,-5.0
25.0,-5.0
25.0,-5.0
-5.0,5.0
-5.0,5.0
-5.0,5.0
5.0,-5.0
-25.0,0.0
-5.0,5.0
-10.48750000000001,-5.0
-20.0,-5.0
-20.0,-5.0
5.0,-5.0
0.0,0.0
0.0,0.0
0.0,0.0
0.0,0.0
0.0,0.0
0.0,5.0
-4.5125,5.0
-4.95246875,0.0
0.0,0.0
25.0,0.0
-22.5625,5.0
5.0,-5.0
5.0,-5.0
-5.0,5.0
-5.0,5.0
-5.0,5.0
-5.000000000000001,0.0
0.0,5.0
20.0,5.0
-25.0,2.9250000000000007
-5.0,5.0
-5.0,5.0
-5.0,5.0
-5.0,5.0
19.669281078179115,5.0
20.0,5.0
25.0,0.0
25.0,-4.768141117080312
4.729413301679529,-4.729413301679529
4.821851728651888,-4.821851728651888
4.821851728651888,0.0
-4.980667011121623,4.980667011121623
-4.904444928155744,4.904444928155744
-4.9142062524785155,4.9142062524785155
-25.0,4.977808229373274
17.206931425043287,4.978322614432308
-4.860958878379529,4.860958878379529
0.0,0.0
-20.017452485463163,-4.9825475145368365
5.148661700092734,-5.148661700092734
-25.0,4.896532234308943
-25.0,5.057494364359428
-25.0,4.903031158177534
-4.913618654331322,4.913618654331322
-4.998603270999205,4.998603270999205
-4.760254906766414,4.760254906766414
-4.72201116656119,4.72201116656119
-4.925610453253644,4.925610453253644
-5.151823748124356,5.151823748124356
-4.964316824438347,4.964316824438347
-4.977408713124965,4.977408713124965
4.925253223875223,-4.925253223875223
4.951878804366651,-4.951878804366651
4.882598395108518,-4.882598395108518
5.220356878965435,-5.220356878965435
5.138629613573242,-5.138629613573242
4.56827946011356,-4.56827946011356
-4.9293083453529025,4.9293083453529025
-4.972813329548471,4.972813329548471
-9.857057756845919,4.972274960891587
4.910923339736702,-4.910923339736702
5.429788913538978,-5.429788913538978
5.051118514216618,-5.051118514216618
5.011794723174244,-5.011794723174244
-4.972274960891588,4.972274960891588
4.922445920079481,-4.922445920079481
25.0,-5.014059457238808
5.014487171719061,-5.014487171719061
5.019497292425566,-5.019497292425566
5.0318682666551995,-5.0318682666551995
5.0,-5.0
5.0,-5.0
-5.0,5.0
-5.0,5.0
-5.0,5.0
5.0,-5.0
-5.0,5.0
-5.0,5.0
-5.0,5.0
20.0,5.0
-5.0,5.0
4.767771411929573,5.0
25.0,-5.0
25.0,-5.0
5.0,-5.0
5.0,0.0
-5.0,5.0
0.0,0.0
-5.0,5.0
-25.00000000000001,5.0
-25.0,0.0
-5.0,5.0
-5.0,5.0
-20.0,-5.0
-20.0,-5.0
5.0,-5.0
4.999999999999998,-4.999999999999998
5.0,-5.0
5.0,-5.0
5.0,-5.0
0.0,0.0
5.0,-5.0
0.0,0.0
0.0,0.0
5.0,-5.0
0.0,0.0
5.0,-5.0
5.0,-5.0
5.0,-5.0
5.0,-5.0
10.54016620498615,-5.000000000000001
4.999999999958367,-4.999999999958367
5.0,-5.0
4.999999999999998,-4.999999999999998
-5.0,5.0
5.0,-5.0
4.999999999999998,-4.999999999999998
-5.0,5.0
25.0,0.0
5.0,-5.0
4.999999999999998,-4.999999999999998
4.999353705152818,-4.999353705152818
25.0,-4.973286480471614
-5.114194518582163,5.114194518582163
4.523283453354482,5.140091429640556
-5.246051911639171,5.246051911639174
25.0,-4.967096712772733
19.891348621437942,5.108651378562058
-4.809462938070511,4.809462938070511
-4.562597872013624,4.562597872013624
-25.0,2.4375
25.0,0.0
0.0,0.0
-25.0,5.285999355118921
-19.973233673658065,-5.026766326341935
-4.936507211590167,4.936507211590167
-4.999987377053766,4.999987377053766
-5.03075896423576,5.03075896423576
-25.0,4.81675205837335
-4.902753453360385,4.902753453360385
-4.769099174045283,4.769099174045283
-10.09683251400315,4.994081100510867
-5.036348404828186,5.036348404828186
-5.004513965573288,5.004513965573288
-5.208128399801224,5.208128399801224
-4.994325354520495,4.994325354520495
-25.0,4.994035657904423
-4.994035657904423,4.951414279945238
-4.951414279945238,4.937650219371658
-4.937650219371658,4.66039667255098
-4.66039667255098,4.66039667255098
5.3357590091734455,-5.335759009173449
4.996436542278135,-4.996436542278135
5.034385536688795,-5.034385536688795
25.0,-4.606338274156457
-17.76356067840156,-5.3021157017232134
4.739645422450121,-4.739645422450121
5.183824810269544,-5.183824810269544
5.439440102655859,-5.439440102655859
4.984835265754926,-4.984835265754926
0.0,0.0
0.0,5.069983389023248
-4.549117313808558,5.01930012977146
4.999999999999998,-4.999999999999998
5.0,-5.0
5.0,-5.0
-5.0,5.0
5.0,-5.0
4.999999999999998,-4.999999999999998
5.0,-5.0
4.999999999999998,-4.999999999999998
5.0,-5.0
4.999999999999998,-4.999999999999998
-5.0,5.0
14.722991689750693,5.0
20.0,5.0
25.0,0.0
20.0,5.0
5.0,-5.0
5.0,-5.0
5.0,-5.0
5.0,-5.0
-5.0,5.0
-5.0,5.0
-5.0,5.0
5.0,-5.0
-25.0,0.0
-5.0,5.0
-20.48750000000001,5.000000000000002
-25.0,0.0
-25.0,0.0
0.0,0.0
5.0,-5.0
5.0,-5.0
5.0,-5.0
5.0,-5.0
0.0,0.0
0.0,0.0
5.0,-5.0
5.0,-5.0
5.0,-5.0
5.0,-5.0
25.0,-5.0
5.0,-5.0
5.0,-5.0
25.0,-5.0
25.0,-5.0
25.0,-5.0
5.0,-5.0
25.0,-5.0
5.26315789473685,-5.0
-20.0,-5.0
-8.537500000000014,-5.0
25.0,-5.0
5.0,-5.0
-20.0,-5.0
-25.0,5.0
-25.0,5.0
-5.000000000000001,5.024128340139667
-5.021775826976049,5.2614968900831585
19.66424990578233,5.335750094217669
19.244868247588816,5.214274038962088
19.79688101639752,5.203118983588251
20.16534008334533,4.834659916621906
-4.935022121965734,4.935022121965734
-4.910925548752291,4.910925548752291
-25.0,2.4375
25.0,0.0
0.0,0.0
-4.697063806771575,4.697063806771575
-20.114968532004877,-4.885031467995123
4.959859030975801,-4.959859030975801
-25.0,4.771469763348037
-25.0,4.9775949015819165
-25.0,5.097031325406327
-4.792594895017985,4.792594895017985
-5.1730889944975065,5.1730889944975065
-9.751534975507965,4.898789848242901
-4.894852120165196,4.894852120165196
-4.905915501392009,4.905915501392009
-4.875061233912179,4.875061233912179
-4.719238536420885,4.719238536420885
-4.993350863071227,4.993350863071227
-4.918450718149706,4.918450718149706
-4.979574810698723,4.979574810698723
-4.892518137406525,4.892518137406525
-4.993350863071227,4.993350863071227
-4.993350863071227,4.993350863071227
4.904784485409439,-4.904784485409439
4.90495173944704,-4.90495173944704
5.080432151108583,-5.080432151108583
4.958650383873893,-4.958650383873893
5.197785157657064,-5.197785157657064
5.198590817200451,-5.198590817200451
25.0,-2.8319677153143807
-20.152371426204084,-4.847628573795916
5.130236458835411,-5.130236458835411
4.982979968785471,-4.982979968785471
20.248779219952624,-4.9856213252157815
-5.0,5.0
5.0,-5.0
-5.0,5.0
25.0,0.0
-4.999999999999993,4.999999999999993
5.0,-5.0
5.0,-5.0
5.0,-5.0
25.0,-5.0
5.0,-5.0
25.0,-5.0
25.0,-5.0
5.0,-5.0
5.0,-5.0
5.0,-5.0
5.0,-5.0
5.0,-5.0
5.0,-5.0
5.0,-5.0
5.0,-5.0
5.0,-5.0
-5.0,5.0
-5.487500000000007,5.0
-25.0,0.0
-5.0,5.0
-25.0,5.0
-25.0,5.0
-25.0,0.0
0.0,0.0
0.0,0.0
0.0,0.0
0.0,5.0
-4.5125,4.5125
-4.5125,0.0
0.0,0.0
0.0,5.0
-4.5125,4.5125
-4.5125,4.5125
-4.5125,4.5125
5.0,-5.0
-4.5125,4.5125
5.0,-5.0
25.0,-5.0
25.0,-5.0
-4.999999999999993,4.999999999999993
5.0,-5.0
-5.0,5.0
25.0,0.0
-5.0,5.0
5.0,-5.0
-5.0,5.0
5.2631578947368425,5.0
-5.012064170069829,5.012064170069829
4.995475936069726,-4.995475936069726
25.0,-5.0
5.0,-4.976948816295367
4.733783646723535,-4.733783646723535
-20.32497368778415,-4.675026312215849
-20.131953652883723,-4.868046347116277
-4.96850701144073,4.96850701144073
19.9504924892965,5.049507510703499
5.658448961218954,4.720161904937906
25.0,-5.10059730771744
5.100597307717437,-5.100597307717437
0.12149207061861933,4.979105237098819
0.0,0.0
-9.527379547176551,4.734586776746838
5.310573706847322,-5.310573706847322
4.812416707489275,-4.812416707489275
-25.0,0.0
-25.0,5.030965349406685
-25.0,4.889240589416861
-5.021577033145131,5.021577033145131
7.458623215517205,-5.0374743716322605
5.007860308619928,-5.007860308619928
5.326003365176483,-5.326003365176483
4.781335858124548,-4.781335858124548
5.008007365943554,-5.008007365943554
5.171184191910792,-5.171184191910792
-4.88228408374729,4.88228408374729
-4.949778977260622,4.949778977260622
25.0,0.0
19.70074749805632,5.2992525019436805
19.822499916941016,5.177500083058984
-5.088313918737109,5.088313918737109
-25.0,4.977012352613215
-7.484833851984946,4.945321499371731
25.0,0.0
-9.575338496926209,5.008035136425268
-5.050556161961893,5.050556161961893
-4.939399128572384,4.939399128572384
-4.257690763517585,4.257690763517585
-5.421912037302119,5.421912037302119
-5.1617850672515235,5.1617850672515235
5.060723945153399,-5.060723945153399
5.060723945153398,0.0
-17.5625,-5.0
5.0,-5.0
5.0,-5.0
25.0,-5.0
5.0,-5.0
5.0,-5.0
5.0,-5.0
5.0,-5.0
-5.0,5.0
5.0,-5.0
5.0,-5.0
-13.05,-5.0
5.0,-5.0
25.0,-5.0
5.0,-5.0
5.0,-5.0
5.0,-5.0
5.0,-5.0
5.0,-5.0
5.0,-5.0
5.0,0.0
-5.0,5.0
-5.0,5.0
-25.0,5.0
5.0,-5.0
-20.0,-5.0
-25.0,0.0
-25.0,0.0
0.0,0.0
0.0,0.0
0.0,0.0
20.0,5.0
-22.5625,5.0
-5.0,5.0
-5.0,5.0
-5.0,5.0
5.0,-5.0
-5.0,5.0
0.0,-5.0
0.0,0.0
0.0,0.0
0.5401662049861491,5.0
-5.0,5.0
25.0,-5.0
5.0,-5.0
-21.1,5.0
-5.0,5.0
25.0,-5.0
5.0,-5.0
5.0,-5.0
-25.0,0.0
5.0,-5.0
20.0,5.0
25.0,0.0
25.0,-5.0
25.0,-4.970701301082887
15.233859195819727,-3.110562126731283
-25.0,5.2447823193749805
-5.053214081078295,5.053214081078295
4.87278657900081,-4.87278657900081
25.0,-4.978086880911388
4.97808688091139,-4.97808688091139
-25.0,4.9825077522562005
7.2891321042433415,-5.130998411427463
25.0,-4.640911261596827
4.640911261596832,-5.0279389980470794
5.069750858771622,-5.073215612746591
5.073589921347757,-5.475984163150672
5.519456117251265,-4.670366906633924
-20.003324884038044,-4.996675115961956
5.149030921270079,-5.149030921270079
25.0,-4.8757876844679515
11.945275742030834,-4.838280493175481
5.13999036717727,-5.13999036717727
-22.619371213999738,4.695712520377224
5.28299320047329,-5.28299320047329
19.680954402787712,5.319045597212288
-4.8140311823126085,4.8140311823126085
-4.665561351002632,4.665561351002632
0.0,-4.370327048418894
-25.0,5.36361785151194
-25.0,4.344197549714469
-25.0,4.963799914790062
25.0,-5.051557792745562
25.0,-4.872666029864277
25.0,-4.824125752415959
-5.7416700420424895,5.7416700420424895
11.436672824225173,-4.679016149393479
-25.0,0.0
-20.033906495879215,-4.966093504120785
-20.585912420888217,4.808724495715822
-25.0,4.848322993625612
4.9198550209182415,-4.9198550209182415
5.068016045048502,-4.883291552643593
-5.01503684802104,5.01503684802104
19.998291188376925,5.001708811623075
-17.57299478283258,-5.004542065188463
5.0,-5.0
-5.0,5.0
-5.0,5.0
5.0,-5.0
-5.0,5.0
5.0,-5.0
25.0,-5.0
-5.0,5.0
-5.0,5.0
5.0,-5.0
5.0,-5.0
5.0,-5.0
5.0,-5.0
5.0,-5.0
-5.0,5.0
-5.0,5.0
-5.0,5.0
5.0,-5.0
5.0,-5.0
-5.0,5.0
5.0,-5.0
5.0,-5.0
5.0,-5.0
-5.0,5.0
-5.0,5.0
-23.05,5.0
-5.000000000000001,0.0
0.0,0.0
5.0,-5.0
0.0,0.0
0.0,0.0
5.0,-5.0
5.0,-5.0
5.0,-5.0
12.700831024930746,-5.0
5.0,-5.0
25.0,-5.0
-25.0,0.0
5.0,-5.0
5.0,-5.0
5.0,-5.0
25.0,-5.0
25.0,-5.0
-6.100000000000001,-5.0
-20.0,-5.0
0.0,0.0
20.0,5.0
13.921611938623077,-5.0
-20.0,-5.0
25.0,0.0
25.0,-5.0
25.0,-5.0
25.0,0.0
-25.0,5.0
19.967469826846976,5.032530173153024
-25.0,5.259621268197932
19.804712607828993,5.195287392171007
-25.0,5.213623957231032
24.999999999959797,-4.955295520338545
-0.05621124187473736,5.011506762213281
0.0,0.0
0.0,-5.412931915564406
-12.365601604315875,-4.783966480119718
25.0,-5.089889262427114
5.089889262427116,-5.0946001459616514
-12.683754142598495,-5.280409914526498
25.0,-5.217975560158386
5.180977073599148,-5.180977073599148
5.2179755601583855,-5.467482608862055
5.494437663985166,-4.834221900387585
-25.0,5.050236801422173
-5.024837540157378,5.024837540157378
25.0,-9.297451697420911e-12
-24.223196656702058,5.059667404553611
-25.0,5.103308716568506
25.0,-4.780754571450473
25.0,-5.856267459428082
4.990464626414817,-4.990464626414817
4.677711567900192,-4.677711567900192
5.208603022579622,-5.208603022579622
4.83139846288869,-4.83139846288869
5.087448615772765,-5.087448615772765
4.756194104962929,-4.756194104962929
5.161894334629862,-5.161894334629862
4.064047352306733,-4.064047352306733
-4.807892643559001,4.807892643559001
-4.7200202123664265,4.7200202123664265
-25.0,5.177608009249287
-5.1896884843689035,5.1896884843689035
5.197948309237138,-5.197948309237138
-4.77740065463609,4.77740065463609
-4.941470396262558,4.941470396262558
-5.050947473295147,5.050947473295147
17.741859799877886,5.078276901379244
-4.9388450601261225,4.9388450601261225
-4.972394407985747,4.972394407985747
-5.0,5.0
5.0,-5.0
5.0,-5.0
-5.0,5.0
5.0,-5.0
-5.0,5.0
-5.0,5.0
-5.0,5.0
5.0,-5.0
-5.0,5.0
-5.0,5.0
-5.0,5.0
-5.0,5.0
5.0,-5.0
0.0,5.0
-5.0,5.0
-10.000000000000007,5.0
-5.0,5.0
-5.0,5.0
-5.0,5.0
-5.0,5.0
5.0,-5.0
-25.0,5.0
-5.0,5.0
-25.0,5.0
-25.0,0.0
-25.0,0.0
5.0,-5.0
0.0,0.0
0.0,0.0
0.0,5.0
5.0,-5.0
0.4874999999999998,-5.0
5.0,-5.0
25.0,-5.0
-13.05,-5.0
5.0,-5.0
5.0,-5.0
5.0,-5.0
25.0,-5.0
5.0,-5.0
5.0,-5.0
5.0,-5.0
5.0,-5.0
5.0,-5.0
24.98045643717755,-5.0
25.0,-5.0
-5.0,5.0
5.0,-5.0
5.0,-5.0
5.0,-5.0
5.0,-5.0
5.0,-5.0
5.0,-5.0
4.975225362547741,-4.975225362547741
25.0,-4.717298542440705
25.0,-4.685264586672734
-5.075514093468978,5.075514093468978
-4.942280000476641,4.942280000476641
0.001052517035672551,4.684212069637059
-5.319662859283132,5.319662859283132
-4.607395445903556,4.607395445903556
-25.0,4.939859234962615
16.962114883082133,5.265187903662891
-4.990212798637448,4.990212798637448
-4.986246037783406,4.986246037783406
-19.950284526257292,-5.049715473742708
-5.013255355840348,5.013255355840348
-5.148656019766927,5.148656019766927
4.825084465182431,-4.825084465182431
-25.0,4.885478951439119
-5.1224943325496,5.1224943325496
-4.863311795557551,4.863311795557551
-5.063837394842022,5.063837394842022
-5.157657442726411,5.157657442726411
-4.906761238789688,4.906761238789688
-5.129245084195557,5.129245084195557
-5.31335895993386,5.31335895993386
-5.124413020377171,5.124413020377171
4.907153181270255,-4.907153181270255
5.035983601682023,-5.035983601682023
4.963050742931075,-4.963050742931075
4.669760374067379,-4.669760374067379
4.5378038810207535,-4.5378038810207535
-13.163176925787136,-4.9888324794667565
4.803906948285607,-4.803906948285607
4.716061972001094,-4.716061972001094
4.819079729658904,-4.819079729658904
4.91148095838659,-4.91148095838659
5.413694657090597,-5.413694657090597
25.0,-4.903805260355334
4.804598212378748,-4.804598212378748
4.94719711139528,-4.94719711139528
25.0,-4.994775954254344
25.0,0.0
-5.020559845566394,5.020559845566394
5.0,-5.0
-5.0,5.0
5.0,-5.0
-4.999999999999993,4.999999999999993
5.0,-5.0
5.0,-5.0
5.0,-5.0
5.0,-5.0
-4.999999999999993,4.999999999999993
5.0,-5.0
-5.0,5.0
5.0,-5.0
5.0,-5.0
5.0,-5.0
5.0,-5.0
5.0,-5.0
5.0,0.0
-5.0,5.0
-5.0,5.0
-5.0,5.0
-5.0,5.0
-5.0,5.0
-25.0,5.0
-10.000000000000007,5.0
-25.0,5.0
-25.0,0.0
-25.0,0.0
20.0,5.0
-22.5625,5.0
-5.000000000000001,5.000000000000001
-5.0,5.0
-5.000000000000001,0.0
5.0,-5.0
25.0,-5.0
25.0,-5.0
-20.0,-5.0
0.8499999999999961,-4.999999999999999
25.0,-5.0
5.0,-5.0
-20.0,-5.0
5.0,-5.0
5.0,-5.0
5.0,-5.0
5.0,-5.0
5.0,-5.0
5.0,-5.0
5.0,-5.0
25.0,-5.0
5.0,-5.0
5.0,-5.0
25.0,-5.0
5.0,-5.0
25.0,-5.0
24.948480438483816,-5.0
4.9847043544615515,-4.9847043544615515
25.0,-4.871305088888391
4.90303786411772,-4.90303786411772
5.185982545141423,-5.185982545141423
-25.0,4.9162399669036425
20.10366436807865,4.89633563192135
-2.5860673312613955,5.025523597285199
-5.525623268068663,5.525623268068663
-25.0,4.699569461599026
17.854272728454806,4.639279114648765
0.0,0.0
-4.915289301265396,4.915289301265396
-25.0,4.89175981391152
-5.048583195465515,5.048583195465515
-25.0,4.370311269736099
-25.0,5.192583872661334
-14.552239166760334,5.310932829667681
-25.0,4.879359347104863
-5.074595300769969,5.074595300769969
-4.719551585487489,4.719551585487489
-4.7263484108872,4.7263484108872
-5.092707966321171,5.092707966321171
-4.916174800943713,4.7077245160135215
-4.863294123432822,4.863294123432822
-4.88425768139098,4.88425768139098
-4.88425768139098,4.88425768139098
-4.88425768139098,4.88425768139098
4.384612752245597,-4.384612752245597
4.4797294922818764,-4.4797294922818764
5.245369246928155,-5.245369246928155
-4.88425768139098,4.88425768139098
-4.88425768139098,4.88425768139098
-4.88425768139098,4.88425768139098
-4.88425768139098,4.88425768139098
-4.88425768139098,0.0
5.107775346093415,-5.107775346093415
4.893732780407895,-4.893732780407895
5.06576696996072,-5.06576696996072
0.0,0.0
0.0,0.0
0.0,-7.216449660063518e-16
0.0,0.0
0.0,0.0
0.0,0.0
0.5401662049861491,5.0
-5.0,5.0
-5.0,5.0
-5.0,5.0
-5.0,5.0
-5.0,5.0
-5.0,5.0
-5.0,5.0
-5.0,5.0
-5.0,5.0
-5.0,5.0
19.722991689750693,5.0
20.0,5.0
20.0,5.0
20.0,5.0
0.0,0.0
-5.0,5.0
-5.0,5.0
-5.0,5.0
-15.000000000000002,5.0
-25.0,5.0
-5.0,5.0
-25.0,5.0
-25.0,5.0
-25.0,0.0
0.0,0.0
5.0,-5.0
5.0,-5.0
5.0,-5.0
25.0,-5.0
-13.05,-5.0
5.0,-5.0
25.0,-5.0
5.0,-5.0
-18.05,0.0
5.0,-5.0
5.0,-5.0
5.0,-5.0
5.0,-5.0
10.54016620498615,-5.000000000000001
-5.0,5.0
-5.0,5.0
-5.0,5.0
-5.0,5.0
20.0,5.0
5.0,-5.0
5.0,-5.0
25.0,-5.0
5.0,-5.0
5.0,-5.0
14.72299168975069,-4.999999999999998
25.0,-5.0
4.966608101205873,-4.966608101205873
-5.2654542034508784,5.2654542034508784
-5.295358480817312,5.295358480817312
-5.191204657998439,5.191204657998439
4.822092511351311,-4.822092511351311
25.0,0.0
-4.900441245183967,4.900441245183967
-5.04651492572507,5.04651492572507
-25.0,5.152382944642525
16.825391586149824,5.1664278657698155
-5.072941694813312,5.072941694813312
-5.011153635292384,5.011153635292384
-25.0,0.0
-5.104013708115676,5.104013708115676
-5.453503327055185,5.453503327055185
-25.0,5.204467745393359
-25.0,0.09103100791396912
-25.0,4.924983723973128
-4.966845200569021,4.966845200569021
-4.891453391891685,4.891453391891685
-4.979781827016963,4.979781827016963
-5.2204824772804646,5.2204824772804646
-4.956111909386231,4.897278250431376
-5.1616488183256095,5.1616488183256095
-5.09786002182659,5.09786002182659
-5.158099876991913,5.158099876991913
-5.1616488183256095,5.1616488183256095
-4.876389167856001,4.876389167856001
-5.1616488183256095,5.1616488183256095
-5.010705520701077,5.010705520701077
-5.123673000154203,5.123673000154203
4.621105858955642,-4.621105858955642
5.006993427787306,-5.006993427787306
5.253155395738958,-5.253155395738958
4.9510153948442435,-4.9510153948442435
5.0531186200474,-5.0531186200474
5.077784961496479,-5.077784961496479
5.018424925683666,-5.018424925683666
5.012653556878642,-5.012653556878642
4.979300399681608,-4.979300399681608
5.0202379456449115,-5.0202379456449115
5.0,-5.0
5.0,-5.0
5.0,-5.0
5.0,-5.0
-5.0,5.0
-5.0,5.0
-5.0,5.0
-0.4561205743220045,5.0
20.0,5.0
-5.0,5.0
25.0,0.0
25.0,-5.0
25.0,-5.0
5.0,-5.0
5.0,-5.0
5.0,0.0
-5.0,5.0
-5.0,5.0
-5.0,5.0
-5.0,5.0
-5.0,5.0
-5.0,5.0
-25.0,5.0
-25.0,0.0
-5.0,5.0
-10.000000000000007,5.0
-25.0,5.0
-25.0,0.0
0.0,0.0
0.0,0.0
0.0,0.0
20.0,5.0
-22.5625,5.0
-5.000000000000001,0.0
0.0,0.0
5.0,-5.0
5.0,-5.0
5.0,-5.0
0.0,0.0
5.0,-5.0
5.0,-5.0
5.0,-5.0
25.0,-5.0
25.0,0.0
5.0,-5.0
5.0,-5.0
-5.0,5.0
25.0,-5.0
20.263157894736842,-5.0
5.0,-5.0
5.0,-5.0
5.0,-5.0
25.0,-5.0
5.0,-5.0
5.0,-5.0
4.996768525455912,-4.996768525455912
5.0,-4.881943471294183
4.881943471294177,-4.881943471294177
4.881943471294177,-4.881943471294177
-4.957885906692596,4.957885906692596
4.881943471294177,0.0
-4.565339891509312,4.565339891509312
-7.263310928361149,4.77757706030971
-25.0,4.923233868051437
19.94058505437107,5.05941494562893
-5.224063291553401,5.224063291553401
-25.0,4.176327512337412
-25.0,0.0
4.896398431078865,-4.896398431078865
-4.6195475562430515,4.6195475562430515
-8.846208751114986,4.964111070414731
-25.0,4.945399130491072
-25.0,4.800266806165368
-4.751218770704789,4.751218770704789
-4.728351988028195,4.728351988028195
-5.039895768293603,5.039895768293603
-4.995120284559581,4.995120284559581
-4.747204673802368,4.747204673802368
4.663855359819102,-4.663855359819102
-4.9173515751063785,4.9173515751063785
5.037541273247301,-5.037541273247301
-4.604182274939685,4.604182274939685
-4.4054674372924865,4.4054674372924865
-5.039895768293603,5.039895768293603
0.04793279816080997,-5.087828566454413
4.970203219840928,-4.970203219840928
5.294526470873663,-5.294526470873663
5.506541949180827,-5.506541949180827
4.871013055054929,-4.871013055054929
4.850833382057906,-4.850833382057906
4.79279307527386,-4.79279307527386
25.0,-5.361013106556548
-4.877598919465704,4.877598919465704
4.8326308569082,-4.8326308569082
24.999999999957886,4.211386794850114e-11
25.0,0.0
-5.0,5.0
5.0,-5.0
5.0,-5.0
5.0,-5.0
-4.999999999999993,4.999999999999993
-5.0,5.0
-5.0,5.0
5.0,-5.0
15.624171001293384,-5.0
25.0,-5.0
5.0,-5.0
5.0,-5.0
-5.0,5.0
5.0,-5.0
5.0,-5.0
5.0,-5.0
5.0,-5.0
-5.0,5.0
5.0,-5.0
5.0,-5.0
-5.0,5.0
5.0,-5.0
-10.48750000000001,-5.0
-25.0,0.0
-5.0,5.0
5.0,-5.0
-20.0,-5.0
-20.0,-5.0
0.0,0.0
5.0,-5.0
12.700831024930746,-5.0
25.0,-5.0
-25.0,0.0
0.0,0.0
5.0,-5.0
5.0,-5.0
5.0,-5.0
5.0,-5.0
5.0,-5.0
5.0,-5.0
5.0,-5.0
5.0,-5.0
5.0,-5.0
25.0,-5.0
5.2631578947368425,-5.0
25.0,-5.0
5.0,-5.0
5.0,-5.0
5.0,-5.0
25.0,-5.0
25.0,-5.0
25.0,-5.0
-5.0,5.0
5.0,-5.0
5.0,-5.0
5.0,-5.0
4.938386561189202,-4.938386561189202
4.883581791651885,-4.883581791651885
4.969144628012377,-4.969144628012377
4.999999999999994,-5.049852669389588
5.055238414836114,-5.046257733195551
5.046257733195558,-7.105427357601002e-15
0.0,0.0
-4.991984744715049,4.991984744715049
-5.142386833519799,5.142386833519799
-4.831984009807121,4.831984009807121
-4.819946294917871,4.819946294917871
-25.0,5.2009571462588475
-25.0,5.05177238283154
-5.1096201896855185,5.1096201896855185
-4.632087506605588,4.632087506605588
-25.0,4.746126989767639
-25.0,4.9306905579655265
-5.118692301143911,5.118692301143911
-4.51270283686074,4.51270283686074
-4.859886874670604,4.859886874670604
-5.012885187942036,5.012885187942036
-14.824557299390346,4.865299909589419
-4.970289687022632,4.970289687022632
-4.970289687022632,4.727793422657339
4.910283356362637,-4.910283356362637
4.952084873963921,-4.952084873963921
5.032262672705889,-5.032262672705889
-4.7277934226573395,4.7277934226573395
5.122478553866808,-5.122478553866808
5.203810247681392,-5.203810247681392
5.056257631202146,-5.056257631202146
5.141139213071394,-5.141139213071394
-4.7277934226573395,4.7277934226573395
-4.7277934226573395,4.7277934226573395
5.061482978689134,-5.061482978689134
5.3166361117081244,-5.111313794603054
-4.883721285069448,4.883721285069448
-4.913096813844666,4.913096813844666
-4.913096813844666,5.000618129898397
-4.992084801583158,4.992084801583158
-4.992084801583158,0.0
0.0,0.0
5.0,-5.0
10.54016620498615,-5.000000000000001
-5.0,5.0
-5.0,5.0
-5.0,5.0
-5.0,5.0
-5.0,5.0
-5.0,5.0
-5.0,5.0
25.0,0.0
25.0,-5.0
25.0,-5.0
17.562326869806093,-5.0
-5.0,5.0
-5.0,5.0
-5.0,5.0
-5.0,5.0
-5.0,5.0
5.0,-5.0
5.0,-5.0
5.0,-5.0
-25.0,0.0
-5.0,5.0
-5.0,5.0
-25.0,0.0
-20.0,-5.0
5.0000000000000036,-5.0000000000000036
5.0,-5.0
5.0,-5.0
25.0,-5.0
5.0,-5.0
5.0,-5.0
25.0,-5.0
25.0,-5.0
5.0,-5.0
5.0,-5.0
5.2631578947368425,-5.0
5.0,-5.0
5.0,-5.0
5.0,-5.0
25.0,-5.0
25.0,-5.0
5.0,-5.0
5.0,-5.0
5.0,-5.0
5.0,-5.0
5.0,-5.0
5.0,-5.0
5.0,-5.0
5.0,-5.0
5.0,-5.0
5.0,-5.0
5.0,-5.0
5.0,-5.0
4.999999999999995,-4.965961803893271
4.937485492388729,-4.933230916033449
4.961707227537998,-4.961707227537998
-12.996296115768441,-5.088263111378517
25.0,-5.165670331208943
4.825194284814666,-4.825194284814666
5.165670331208952,-5.165670331208952
-25.0,4.818062162405614
-5.185847795190375,5.185847795190375
-5.492978593452367,5.492978593452367
-25.0,4.850573980512799
-25.0,5.020192611516915
-5.223401849170736,5.223401849170736
-5.118849456824525,5.118849456824525
-25.0,4.965125639718291
-9.99193692023754,5.113150827747175
-4.964040066342166,4.964040066342166
-4.9235049458218105,4.9235049458218105
-5.113150827747177,5.202094315927704
-5.193422325830104,5.284792917032607
-4.986856988381134,4.986856988381134
-5.167277074477705,5.167277074477705
-5.275884284390362,5.195775900190263
-5.195775900190263,5.195775900190263
-0.5878875282362683,-4.607888371953995
4.972018083935726,-4.972018083935726
4.696919274037195,-4.696919274037195
4.637510639881381,-4.637510639881381
4.547358189025287,-4.547358189025287
4.992824801786925,-4.992824801786925
4.7022098663775305,-4.7022098663775305
4.104679353939434,-4.104679353939434
5.058038413342111,-5.058038413342111
4.989423233350511,-4.989423233350511
4.812983477775182,-4.812983477775182
4.823446480121738,-4.823446480121738
4.956898950083923,-4.956898950083923
4.917820754239215,-4.917820754239215
4.988308232730976,-4.988308232730976
10.638329147937323,-5.098162942951174
-5.0,5.0
5.0,-5.0
5.0,-5.0
-5.0,5.0
-5.0,5.0
5.0,-5.0
5.0,-5.0
5.0,-5.0
5.0,-5.0
5.0,-5.0
-5.0,5.0
-5.0,5.0
-5.0,5.0
-5.0,5.0
-5.0,5.0
20.0,5.0
25.0,-5.0
-5.0,5.0
-5.0,5.0
5.0,-5.0
-5.612500000000004,5.0
-25.0,5.0
-5.0,5.0
-25.0,5.0
-5.0,5.0
-5.0,5.0
-5.0,5.0
-5.000000000000001,0.0
0.0,5.0
5.0,-5.0
5.0,-5.0
5.0,-5.0
5.0,-5.0
5.0,-5.0
5.0,-5.0
25.0,-5.0
-17.5625,-5.0
5.0,-5.0
5.0,-5.0
0.0,0.0
0.0,0.0
0.0,0.0
0.0,5.0
-4.459833795013851,5.0
-5.0,5.0
-5.0,5.0
25.0,0.0
-5.0,5.0
-5.0,5.0
-5.0,5.0
5.0,-5.0
25.0,-5.0
5.0,-5.0
-5.0,5.0
14.699078780404966,-5.0
-5.0,5.0
25.0,-4.976087090654264
-5.07356115850349,5.07356115850349
5.024245247852054,-5.024245247852054
-4.918811517455111,4.918811517455111
20.050878875471707,4.949121124528293
-4.85583376497498,4.85583376497498
-4.820748167577387,4.820748167577387
-25.0,4.887136265386236
17.48673096329863,4.798990626301109
-4.851722353046437,4.851722353046437
-4.822254795103832,4.822254795103832
-25.0,4.722540856942533
-4.83804775760429,4.83804775760429
-4.824618362892739,4.824618362892739
-4.673559407523337,4.673559407523337
5.052584984995356,-5.052584984995356
-4.8097494789500255,4.8097494789500255
-25.0,4.535872728033777
-25.0,4.543204450780156
-4.8715159216755275,4.8715159216755275
-25.0,4.6890405043584025
-13.173054798936157,4.662366956671283
-4.330565556715857,4.330565556715857
-4.79237162665647,4.79237162665647
-4.979970697849987,4.979970697849987
-4.658838685412042,4.498044756120134
-4.819176768558079,4.819176768558079
-4.819176768558079,4.819176768558079
5.388297762628223,-5.443196060307792
5.403262896535971,-5.403262896535971
-4.76427847087851,4.76427847087851
-4.76427847087851,4.76427847087851
-4.48594424207337,4.48594424207337
5.013807925311744,-5.013807925311744
-4.76427847087851,5.044947629163287
19.999158996207157,5.000841003792843
5.085974729013115,-5.085974729013115
14.699805775565675,5.003704045785547
19.94017826020532,5.059821739794678
19.895187160770945,5.104812839229055
-4.9358134204423605,4.9358134204423605
-5.0,5.0
5.0,-5.0
-5.0,5.0
-5.0,5.0
-5.0,5.0
5.0,-5.0
-5.0,5.0
-5.0,5.0
-5.0,5.0
-5.0,5.0
-5.0,5.0
-5.0,5.0
-5.0,5.0
-5.0,5.0
5.0,-5.0
5.0,-5.0
5.0,0.0
-5.0,5.0
-25.0,5.0
17.1606648199446,5.0
-5.0,5.0
-25.0,5.0
-25.0,5.0
-5.0,5.0
-10.0,4.999999999999999
-25.0,0.0
-25.0,0.0
20.0,5.0
20.0,5.0
20.0,5.0
25.0,0.0
5.0,-5.0
5.0,-5.0
5.0,-5.0
5.0,-5.0
5.0,-5.0
-20.0,-5.0
-20.0,-5.0
5.0,-5.0
-25.0,5.0
-20.250000000000007,5.000000000000002
-5.0,5.0
-5.0,5.0
-5.0,5.0
-5.0,5.0
-5.0,5.0
-5.0,5.0
-5.0,5.0
25.0,-5.0
25.0,-5.0
25.0,-5.0
25.0,-5.0
-5.0,5.0
5.0,-5.0
-5.0,5.0
19.7229916897507,-4.917489687889198
-5.2886211903601055,5.29937867223596
4.90673220601335,-4.90673220601335
4.906732206013344,-4.7093743350863075
4.7093743350863075,-4.630866552131102
4.630866552131102,0.0
-8.540349152960472,5.296664797965706
-25.0,5.681184354999257
19.39479315837835,5.605206841616663
-5.712883097582139,5.712883097582139
-5.7997169758733085,5.7997169758733085
-25.0,5.304012930542189
-5.6711992889544875,5.6711992889544875
-25.0,5.608724856732085
-25.0,5.30341554961166
-25.0,5.400922760091014
-16.44130851328859,5.5498833084358346
-5.562838869303125,5.562838869303125
-5.244916083158354,5.244916083158354
-5.559579624585501,5.559579624585501
-5.257231660651579,5.257231660651579
-5.725650892124199,5.725650892124199
-5.725650892124199,5.588432839513578
-5.567365142248991,5.567365142248991
-5.588432839513578,5.538279033962895
4.524161316304676,-4.524161316304676
-5.538279033962895,5.538279033962895
4.688561305761992,-4.688561305761992
-1.4172523335030869,-4.121026700459808
4.506001945852408,-4.506001945852408
4.139410759355042,-4.139410759355042
4.282568223742429,-4.282568223742429
4.279679462496773,-4.279679462496773
0.0,0.0
0.0,0.0
4.952837832706781,-4.952837832706781
4.763498846161731,-4.763498846161731
4.783047687420709,-4.783047687420709
5.066340761760472,-5.066340761760472
4.927437072467122,-4.927437072467122
5.000002147380112,-5.000002147380112
5.0,-5.0
5.0,-5.0
5.0,-5.0
5.0,-5.0
5.0,-5.0
25.0,-5.0
25.0,-4.7368421052631575
5.0,-5.0
25.0,-5.0
25.0,-5.0
25.0,-5.0
5.0,-5.0
5.0,-5.0
5.0,-5.0
5.0,-5.0
5.0,-5.0
5.0,-5.0
-5.0,5.0
5.0,-5.0
-5.0,5.0
5.0,-5.0
-8.537500000000014,-5.0
-20.0,-5.0
25.0,-5.0
-25.0,5.0
-25.0,0.0
-25.0,0.0
5.0000000000000036,-5.0000000000000036
5.0,-5.0
7.700831024930746,-5.0
25.0,0.0
-25.0,0.0
0.0,0.0
0.0,0.0
0.5401662049861491,5.0
-5.0,5.0
5.0,-5.0
-5.0,5.0
-5.0,5.0
5.0,-5.0
-5.0,5.0
-5.0,5.0
-5.0,5.0
-4.999999999999993,4.999999999999993
5.0,-5.0
-5.0,5.0
-5.0,5.0
-5.0,5.0
25.0,-5.0
19.722991689750693,-5.0
-5.0,5.0
25.0,-5.0
25.0,-5.0
25.0,-5.0
5.0,-4.966392667946533
4.771392813917101,-4.7407352277182815
4.833393164520614,-4.833393164520614
4.935735081747715,-4.935735081747715
4.935735081747713,-4.935735081747713
4.935735081747713,0.0
-5.138462043961986,5.138462043961986
-5.026533906344405,5.026533906344405
-25.0,5.131898585280776
16.741196092878347,5.273320710134644
-4.9352815235108425,4.9352815235108425
-4.903418682626919,4.903418682626919
-9.920196536779827,5.020194820532506
-4.970894641720896,4.970894641720896
-4.864096311665996,4.864096311665996
-4.924400543857114,4.924400543857114
-4.798598368246888,4.798598368246888
-4.686118765665708,4.686118765665708
-4.924045523494284,4.924045523494284
-4.967856298562366,4.967856298562366
5.016836801260599,-5.016836801260599
4.950143149259473,-4.950143149259473
5.081813732573896,-5.081813732573896
4.9066252265440164,-4.9066252265440164
5.1226723160915,-5.1226723160915
4.944302512036989,-4.944302512036989
5.429364782545514,-5.429364782545514
4.746699697571877,-4.847017780985016
5.540520553640402,-5.540520553640402
-20.08759125506521,-4.91240874493479
-9.985782967683193,-5.013897232656349
4.97878650770641,-4.97878650770641
5.3448066636735145,-5.3448066636735145
-20.00148398511664,-4.998516014883361
-19.6813651219008,-5.3186348780992
5.251577843033361,-5.251577843033361
5.166068111802142,-5.166068111802142
5.102595993466767,-5.102595993466767
5.050151399301558,-5.050151399301558
0.0,0.0
5.18300769145778,-5.043623432794955
10.391302955025868,-4.990521008702544
-5.0,5.0
-5.0,5.0
-5.0,5.0
9.722991689750693,-5.0
25.0,-5.0
25.0,-5.0
25.0,0.0
-5.0,5.0
-5.0,5.0
-5.0,5.0
20.0,5.0
-5.0,5.0
5.0,-5.0
-5.0,5.0
5.0,-5.0
5.0,-5.0
5.0,-5.0
5.0,-5.0
-20.0,-5.0
-5.0,5.0
-5.487500000000014,5.0
-25.0,5.0
-25.0,5.0
-5.0,5.0
-5.0,5.0
-5.0,5.0
-25.0,0.0
0.0,0.0
0.0,0.0
5.0,-5.0
25.0,-5.0
5.0,-5.0
20.401662049861493,-5.0
25.0,-5.0
5.0,-5.0
-20.0,-5.0
-20.0,-5.0
5.0,-5.0
5.0,-5.0
5.0,-5.0
5.0,-5.0
25.0,-5.0
25.0,-5.0
5.0,-5.0
5.0,-5.0
25.0,-5.0
5.0,-5.0
-5.0,5.0
-5.0,5.0
-5.0,5.0
20.0,5.0
-5.0,5.0
-5.0,5.0
5.0,-5.0
4.996768525455912,-4.996768525455912
20.263157894736842,-4.86513980526745
4.865139805267458,-4.727674530282499
4.727674530282497,-4.727674530282497
-13.61698732464803,-4.67878641177202
25.0,-4.8460620661682725
4.846062066168271,-4.625483496709602
4.615709549440596,-4.615709549440596
-14.004127149902338,-4.383873994317252
25.0,-4.077882101379224
-5.8353105285166995,5.8353105285166995
-25.0,0.0
-20.496565245837935,-4.503434754162065
-6.121983002243553,6.121983002243553
-21.538970717295637,5.254717169761761
-25.0,5.504464054443876
-5.1914118321034834,5.1914118321034834
-5.367614276289633,5.367614276289633
-5.387927121369426,5.387927121369426
-5.253763506173782,5.253763506173782
-5.46253125820176,5.46253125820176
-5.539921910415254,5.539921910415254
-5.539921910415254,5.539921910415254
-5.49759780283988,5.49759780283988
4.570447451129254,-4.570447451129254
4.311291422324296,-4.311291422324296
-5.483009463877218,5.483009463877218
-5.529266250351802,5.529266250351802
-5.539921910415254,5.539921910415254
-5.069308179739848,5.069308179739848
4.160880813030839,-4.160880813030839
-5.539921910415254,5.539921910415254
19.319341706285044,5.680658293714956
-25.0,5.362051343884296
-8.464473254299552,5.6012366094524095
-5.601236609452406,5.601236609452406
-5.165138431812006,5.165138431812006
-5.372225122975267,5.372225122975267
-5.455252867403221,5.455252867403221
-5.212072754925701,5.212072754925701
-4.977481807873002,4.977481807873002
-5.001415870515357,5.001415870515357
-5.015916995274304,5.015916995274304
-4.964749707669919,4.964749707669919
25.0,-5.022893179919819
5.005662735039416,-5.005662735039416
5.041804637589265,-5.041804637589265
-5.0,5.0
5.0,-5.0
5.0,-5.0
5.0,-5.0
-5.0,5.0
5.0,-5.0
5.0,-5.0
5.0,-5.0
25.0,-5.0
5.0,-5.0
-1.4604714842933815,5.0
-5.0,5.0
5.0,-5.0
-5.0,5.0
25.0,0.0
25.0,0.0
5.0,-5.0
-25.0,5.0
-5.0,5.0
-25.0,5.0
-25.0,0.0
-20.0,-5.0
5.0,-5.0
5.0,-5.0
4.9999999999999964,-4.9999999999999964
5.0,-5.0
5.0,-5.0
5.0,-5.0
5.0,-5.0
10.54016620498615,-5.000000000000001
-5.0,5.0
-5.0,5.0
-5.0,5.0
-5.0,5.0
-5.0,5.0
-5.0,5.0
-5.0,5.0
-5.0,5.0
-5.0,5.0
-5.0,5.0
-5.0,5.0
-5.0,0.0
25.0,0.0
20.0,5.0
25.0,0.0
-12.8125,-5.0
25.0,0.0
20.0,5.0
-5.0,5.0
-25.0,5.0663529409312495
-25.0,5.378842850463602
25.0,0.0
13.723228950543204,5.104808953728421
-5.29012011591702,5.29012011591702
-5.386457179280473,5.386457179280473
-5.508490774292531,5.508490774292531
-5.200140599424332,5.200140599424332
-25.0,5.1565314759223355
17.02155904855877,4.96566369280152
-5.397650576853495,5.397650576853495
-5.117200900046361,5.117200900046361
-25.0,0.0
-4.993234731965874,4.993234731965874
-25.0,4.942282209492237
-25.0,5.138663064380758
-25.0,4.877459593696649
5.116304039716432,-5.116304039716432
-4.736611497322775,4.736611497322775
-9.721619855227953,4.971232305532658
-5.179569615094055,5.179569615094055
-4.807237512649454,4.807237512649454
-5.208017317874365,5.208017317874365
-4.660484402027307,4.660484402027307
-5.18472103945216,5.18472103945216
-5.208017317874365,5.208017317874365
-4.536575037204873,4.536575037204873
5.0951195801991815,-5.0951195801991815
4.955192958900394,-4.955192958900394
5.083319018912304,-5.083319018912304
4.937871120930753,-4.937871120930753
4.455343222452364,-4.455343222452364
5.288871706534476,-5.288871706534476
4.9400258578529,-5.249613712599347
-4.898429463127919,4.898429463127919
-4.898429463127919,4.898429463127919
-4.512149636242035,4.512149636242035
-4.898429463127919,4.898429463127919
-4.895097163108964,4.895097163108964
14.574151991583067,-4.743140834602444
25.0,0.0
5.136275954304044,-5.136275954304044
5.0,-5.0
4.999999999999998,-4.999999999999998
4.999999999999998,-4.999999999999998
4.999999999999998,-4.999999999999998
5.0,-5.0
5.0,-5.0
5.0,-5.0
5.0,-4.998707410305636
25.0,-4.997630252175636
5.0,-4.9991382735884535
4.99202903042354,-4.99202903042354
25.0,-5.0
25.0,-5.0
5.0,0.0
-5.0,5.0
-5.0,5.0
0.0,0.0
0.0,0.0
-5.0,5.0
-5.0,5.0
-5.0,5.0
0.0,0.0
-25.0,0.0
-5.0,5.0
-25.0,4.999999999999989
-20.0,-5.0
-20.0,-5.0
0.0,0.0
0.0,0.0
0.0,0.0
0.5401662049861491,5.0
-5.0,5.0
-5.0,5.0
-5.0,5.0
-5.0,5.0
-5.0,5.0
-5.0,5.0
-5.0,5.0
-5.0,5.0
-5.0,5.0
-5.0,5.0
-5.0,5.0
-5.0,5.0
-5.0,5.0
-5.0,5.0
-5.0,5.0
-5.0,5.0
-5.0,5.0
-5.0,5.0
-5.0,5.0
-5.0,5.0
20.0,5.0
-25.0,5.0
-7.562500000000002,5.0
19.914042785324785,5.085957214675215
19.648818531521414,5.351181468478586
19.40109551570511,5.321896174045584
19.927262954702506,5.072737045297494
-25.0,5.083475543445605
16.768122448719165,5.300048694277393
-5.037409363459156,5.037409363459156
-4.934413695957254,4.934413695957254
-25.0,4.924282519309827
16.909288017435813,5.335274288038061
-5.216706954061868,5.216706954061868
-25.0,4.638449787081193
-25.0,4.982432645726107
-5.193481995285887,5.193481995285887
-5.069716532050519,5.069716532050519
-25.0,4.87556047143574
-25.0,4.895428357660776
-14.391871261903821,5.087526878039414
-4.805041751152043,4.759068349820416
-4.91166714684354,4.91166714684354
-4.972196698624938,4.972196698624938
-5.041553476707787,5.041553476707787
-5.030630841331483,5.030630841331483
-4.953574066045878,4.953574066045878
-5.041553476707787,5.041553476707787
-5.016228059678462,5.016228059678462
-5.036693011260375,5.036693011260375
-5.041553476707787,5.041553476707787
4.670933676919831,-4.670933676919831
4.835888444864133,-4.835888444864133
4.7772289825673075,-4.7772289825673075
4.713402317229584,-4.713402317229584
4.784643701185173,-4.784643701185173
-5.041553476707787,5.041553476707787
-4.937458981736214,4.937458981736214
-5.041553476707787,5.041553476707787
-5.041553476707787,5.041553476707787
-5.041553476707787,5.041553476707787
-5.041553476707787,5.041553476707787
-5.041553476707787,5.041553476707787
4.9044306090011105,-4.9044306090011105
-4.930431328999765,4.8888778522919765
-5.0,5.0
-5.0,5.0
-5.0,5.0
-5.0,5.0
-5.0,5.0
-5.0,5.0
-5.0,5.0
-5.0,5.0
-5.0,5.0
-5.0,5.0
-5.0,5.0
5.0,-5.0
-5.0,5.0
-5.0,5.0
-5.0,5.0
-5.0,5.0
5.0,-5.0
5.0,-5.0
-5.0,5.0
-5.0,5.0
-5.0,5.0
-5.0,5.0
-5.0,5.0
-5.0,5.0
-5.0,5.0
-5.0,5.0
-5.0,0.0
0.0,0.0
0.0,0.0
0.0,5.0
-4.45983379501385,4.999999999999999
-5.0,5.0
-5.0,5.0
-5.0,5.0
20.0,5.0
-25.0,2.4375
-5.0,5.0
-5.0,5.0
-5.0,5.0
-5.0,5.0
20.0,5.0
-7.562500000000002,5.0
-25.0,5.0
-5.0,5.0
-5.0,5.0
-5.0,5.0
-5.0,5.0
-5.0,5.0
-5.0,5.0
-5.0,5.0
-5.0,5.0
-0.3435766745782205,5.0
20.0,5.0
25.0,0.0
25.0,-4.933431635671084
25.0,-4.7223152809486635
4.7223152809486635,-4.810195724408425
4.8196897335356645,-4.8196897335356645
4.819689733535657,-4.819689733535657
4.819689733535657,0.0
0.0,0.0
0.0,0.0
0.0,-4.975596689193072
5.51312652542169,-3.552713678800501e-15
0.0,0.0
0.0,-4.773057098836971
-25.0,0.0
-5.183815343059869,5.183815343059869
-25.0,4.822099138398084
-25.0,4.950957960438878
-25.0,5.0
-4.939072825412232,4.939072825412232
-4.72847411503301,4.72847411503301
-5.0,5.0
-4.941333595082747,4.941333595082747
5.100838405990507,-5.100838405990507
-5.0,5.0
5.102387241493422,-5.102387241493422
5.111250443191643,-5.111250443191643
4.989076102329075,-4.989076102329075
4.836493715136054,-4.836493715136054
4.958928088691042,-4.958928088691042
4.989622675901008,-4.989622675901008
5.250406433622843,-5.250406433622843
4.479113492505656,-4.479113492505656
-4.845216802131077,4.845216802131077
-5.0,5.0
4.939830833333586,-4.939830833333586
4.769744206597842,-4.769744206597842
-4.884612386180155,4.884612386180155
5.228176794157413,-5.228176794157413
5.119470821352895,-5.119470821352895
4.823887967666273,-4.823887967666273
-5.0,5.0
-5.0,5.0
-4.960315054631859,4.960315054631859
4.9033044819447875,-4.9033044819447875
5.083480813279117,-5.083480813279117
5.0,-5.0
-4.999999999999993,4.999999999999993
-4.999999999999993,4.999999999999993
5.0,-5.0
5.0,-5.0
-5.0,5.0
-5.0,5.0
-5.0,5.0
-5.0,5.0
5.0,-5.0
-5.0,5.0
-5.0,5.0
-5.0,5.0
-5.0,5.0
-5.0,5.0
-5.0,5.0
-5.0,5.0
-5.0,5.0
5.0,-5.0
5.0,-5.0
-5.0,5.0
-4.999999999999993,4.999999999999993
-5.0,5.0
5.0,-5.0
-5.0,0.0
0.0,0.0
0.0,0.0
0.0,0.0
0.0,0.0
0.0,0.0
0.0,4.999999999999999
-4.5125,5.0
-4.947333795013847,4.999999999999997
-5.0,5.0
-5.0,5.0
-5.0,5.0
-5.0,5.0
-5.0,5.0
-5.0,5.0
-5.0,2.4374999999999987
25.0,0.0
-25.0,2.4374999999999964
20.0,5.0
-25.0,3.552713678800501e-15
20.000000000000025,5.0
20.0,5.0
25.0,0.0
25.0,0.0
-25.0,4.624999999999972
25.0,0.0
-25.0,5.0
20.0,5.0
-25.0,5.050410998080203
16.833929410811344,5.270878347548543
-5.43584532424865,5.43584532424865
-5.144640344996228,5.144640344996228
-4.979703564750312,4.979703564750312
-4.936641330393903,4.936641330393903
-4.905669985087757,4.905669985087757
-4.915847866636251,4.915847866636251
-25.0,2.4375
25.0,0.0
-5.009635094860432,5.009635094860432
-4.923960003033546,4.923960003033546
-24.99999999998721,3.559819106158102e-11
-5.134141525039736,5.134141525039736
-9.84394440922884,4.968172503365531
-24.999999999972808,5.034144438415723
-24.99999999999743,4.955694721013199
-4.944537929984254,4.944537929984254
-4.8664429173709,4.8664429173709
-25.0,4.93528594154202
-4.975001517278137,4.975001517278137
-5.049353195185789,5.049353195185789
-4.918438726350784,4.918438726350784
-4.962998357704203,4.962998357704203
5.127435584852909,-5.127435584852909
4.899237331686896,-4.899237331686896
4.987626988101411,-4.987626988101411
5.134640131415981,-5.134640131415981
5.109002296467363,-5.109002296467363
5.030333570947674,-5.030333570947674
4.949429321649939,-4.949429321649939
-4.910543073481401,4.910543073481401
-5.033471004234141,5.033471004234141
4.733730309844858,-4.733730309844858
5.028406047057738,-5.028406047057738
5.180633098314271,-5.180633098314271
5.11545325314026,-5.11545325314026
-4.781555497389018,4.781555497389018
-5.049353195185789,5.049353195185789
-5.035771220611636,5.035771220611636
20.04327974347447,4.956720256501299
-4.8615493364129785,4.8615493364129785
5.0,-5.0
5.0,-5.0
5.0,-5.0
-5.0,5.0
5.0,-5.0
-5.0,5.0
-5.0,5.0
5.0,-5.0
5.0,-5.0
-5.0,5.0
-5.0,5.0
5.0,-5.0
-5.0,5.0
-5.0,5.0
5.0,-5.0
5.0,-5.0
5.0,-5.0
5.0,-5.0
5.0,-5.0
5.0,-5.0
5.0,-5.0
5.0,-5.0
5.0,-5.0
5.0,-5.0
5.0,-5.0
2.3881468048360794,-5.0
-20.0,-5.0
5.000000000000001,-5.000000000000001
5.0,-5.0
0.0,0.0
0.5401662049861491,5.0
-5.0,5.0
-5.0,0.0
0.0,0.0
0.0,5.0
-4.5125,5.0
-4.952468750000016,5.0
-4.995365703124967,5.0
19.723492347861846,5.0
-5.0,5.0
25.0,0.0
25.0,0.0
20.0,5.0
-5.0,5.0
-5.0,5.0
-5.0,5.0
-5.0,5.0
-5.0,5.0
-5.0,5.0
-5.0,5.0
-5.0,5.0
-5.0,5.0
-5.0,5.0
-5.0,5.0
-5.105561488419179,5.105561488419179
-5.36986534207023,5.36986534207023
-5.2766309988910995,5.2766309988910995
-5.04918736122964,5.04918736122964
-5.071655416592064,5.071655416592064
-4.941432685210683,4.941432685210683
-4.832578077214259,4.832578077214259
-7.274220940791213,4.822979588897907
-25.0,4.888741351893305
20.01054016010541,4.9894598398945895
-5.108503058943807,5.108503058943807
-25.0,4.991140585185647
-25.0,0.0
-4.891007170742313,4.891007170742313
-9.387432402860634,4.947197584755762
-25.0,4.616466295067326
-25.0,4.94154881631604
-4.95895775261469,4.95895775261469
-4.9120571958821735,4.9120571958821735
-5.108920878464152,5.108920878464152
-4.882890616313838,4.882890616313838
-4.896195832791809,4.896195832791809
5.123648069835388,-5.123648069835388
-5.108920878464152,5.108920878464152
-4.7203323147120635,4.7203323147120635
-5.108920878464152,4.927121419917858
-4.927121419917858,4.774269532822741
-4.774269532822741,0.0
0.0,0.0
5.253531875110388,-5.253531875110388
4.992666699385344,-4.992666699385344
5.005299743976355,-5.005299743976355
4.802265334127872,-4.802265334127872
5.031149644421703,-5.031149644421703
5.2113933248446545,-5.2113933248446545
5.182368753421449,-5.182368753421449
4.843389630663701,-4.843389630663701
5.313075574790906,-5.313075574790906
4.899462809064003,-4.899462809064003
0.0,0.0
4.961550505771161,-4.961550505771161
0.0,0.0
5.000307743484515,-5.000307743484515
5.0,-5.0
5.028298390445616,-5.028298390445616
0.0,0.0
5.0,-5.0
0.0,0.0
0.0,5.0
25.0,0.0
25.0,-4.7368421052631575
25.0,0.0
20.0,5.0
5.0,-5.0
-5.0,5.0
5.0,-5.0
5.0,-5.0
5.0,-5.0
5.0,-5.0
5.0,-5.0
5.0,-5.0
5.0,-5.0
5.0,-5.0
-20.487500000000004,5.000000000000002
-25.0,0.0
5.0,-5.0
5.0,-5.0
-20.0,-5.0
-20.0,-5.0
5.000000000000001,-5.000000000000001
5.0,-5.0
0.0,0.0
0.5401662049861491,5.0
-5.0,5.0
-5.0,5.0
-5.0,5.0
-5.0,5.0
5.0,-5.0
-5.0,5.0
-5.0,5.0
-5.0,5.0
-5.0,5.0
-5.0,5.0
25.0,0.0
25.0,-5.0
25.0,-5.0
25.0,-5.0
-20.0,-5.0
-14.400000000000011,5.0
25.0,0.0
-25.0,5.0
25.0,0.0
-5.0,5.0
25.0,-5.0
-5.0,5.0
-5.0,5.0
-5.101468291007585,5.101468291007585
4.719935934476957,-4.709466305083634
4.912691341143605,-4.912691341143605
4.989530370606673,-4.989530370606673
-13.054458043160196,-5.004990797367277
19.86945822365255,5.1305417763474495
-4.89070548232732,4.89070548232732
-4.727892828358933,4.727892828358933
-25.0,5.182711466411703
17.449322156682733,4.50889228496635
0.0,0.0
-9.763703495677557,4.7613108162188915
-25.0,0.0
-4.386365132756535,4.386365132756535
-25.0,4.661450057414207
-25.0,5.340942622044448
-25.0,4.9463480604742145
-4.946348060474213,4.946348060474213
-4.542255363010184,4.542255363010184
-4.946348060474213,4.946348060474213
-4.946348060474213,4.622626923976841
4.970434535330667,-4.970434535330667
4.852293856937183,-4.852293856937183
5.412667464840802,-5.412667464840802
5.242904616675962,-5.242904616675962
5.205018421422817,-5.205018421422817
5.652893492325905,-5.652893492325905
-4.622626923976841,4.622626923976841
-4.622626923976841,4.622626923976841
-4.545596341304673,4.545596341304673
5.26349548214656,-5.26349548214656
-4.622626923976841,4.622626923976841
-4.622626923976841,4.622626923976841
-4.622626923976841,4.622626923976841
5.179492615122027,-5.179492615122027
5.230167196098278,-5.230167196098278
25.0,0.0
5.049609993248239,-5.049609993248239
5.159085295179014,-5.159085295179014
-4.926343057495703,4.926343057495703
-4.9804203804478995,4.9804203804478995
-5.0,5.0
5.0,-5.0
5.0,-5.0
-5.0,5.0
-5.0,5.0
-5.0,5.0
5.0,-5.0
5.0,-5.0
5.0,-5.0
5.0,-5.0
-5.0,5.0
-5.0,5.0
-5.0,5.0
-5.0,5.0
-5.0,5.0
-5.0,5.0
-5.0,5.0
-5.0,5.0
-5.0,5.0
5.0,-5.0
-5.0,5.0
-5.0,5.0
5.0,-5.0
-5.0,5.0
-4.999999999999993,4.999999999999993
5.0,-5.0
2.8148730760231566,-5.0
-20.0,-5.0
5.0,-5.0
5.0,-5.0
5.0,-5.0
5.0,-5.0
5.0,-5.0
0.0,0.0
0.0,0.0
0.0,0.0
0.0,0.0
5.0,-5.0
5.0,-5.0
25.0,-5.0
5.0,-5.0
-8.05,-5.0
5.0,-5.0
-5.0,5.0
-5.0,5.0
-5.0,5.0
-5.0,5.0
20.0,5.0
25.0,-5.0
-5.0,5.0
-5.0,5.0
-5.0,5.0
25.0,-5.0
25.0,-5.0
14.722991689750685,-5.000000000000002
5.0,-4.9629457629167
4.916534160444312,-4.916534160444312
4.869766058869127,-5.0638265469975785
5.177971234527167,-5.177971234527167
5.128807856895375,-5.128807856895375
5.177971234527167,-5.177971234527167
5.177971234527167,-5.177971234527167
4.8136483914680595,-4.8136483914680595
5.177971234527171,-5.177971234527171
5.177971234527167,-5.177971234527167
4.996503601680003,-4.996503601680003
-5.348020781358353,5.348020781358353
-8.791419469459353,4.734804838143029
-4.835325145888438,4.835325145888438
-25.0,4.890629113502605
-25.0,4.997980644176209
-25.0,4.556553689783122
-25.0,4.529221539876239
-5.014039871948794,5.014039871948794
-5.244651316861095,5.244651316861095
-4.787841093466252,4.592674250431781
-5.049484473826624,5.049484473826624
-4.966463987592755,4.966463987592755
-4.966006090218116,4.966006090218116
-4.598520252406413,4.598520252406413
-4.925129519002127,4.925129519002127
-5.049484473826624,5.049484473826624
-4.634048165729386,4.510563247474073
-4.925999555571311,4.925999555571311
5.269666524986718,-5.269666524986718
5.1667263984482465,-5.1667263984482465
4.15200530396004,-4.15200530396004
5.312336185715248,-5.312336185715248
-4.57087820916949,4.57087820916949
-4.925999555571311,4.925999555571311
-4.92599955557131,4.92599955557131
20.029193482222496,4.970806517777504
5.13946635712173,-5.13946635712173
12.60177338109316,-5.044966721369466
25.0,-4.9124848376325545
20.086918392851388,4.913081607139123
-5.04430237965384,5.04430237965384
4.994398778401992,-4.994398778401992
-5.0,5.0
5.0,-5.0
4.998491978741272,-4.998491978741272
5.0,-5.0
5.0,-5.0
-4.999999999999993,4.999999999999993
-4.999999999999993,4.999999999999993
-5.0,5.0
5.0,-5.0
-5.0,5.0
5.0,-5.0
-5.0,5.0
5.0,-5.0
5.0,-5.0
-5.0,5.0
-5.0,5.0
-5.0,5.0
5.0,-5.0
5.0,-5.0
5.0,-5.0
-5.0,5.0
-25.0,0.0
5.0,-5.0
5.0,-5.0
-20.0,-5.0
-25.0,0.0
5.000000000000007,-5.000000000000007
5.0,-5.0
25.0,-5.0
25.0,-5.0
5.0,-5.0
5.0,-5.0
5.0,-5.0
5.0,-5.0
5.0,-5.0
-20.0,-5.0
5.0,-5.0
5.0,-5.0
0.0,-5.000000000000002
-6.100000000000001,5.0
-5.0,5.0
-5.0,5.0
5.0,-5.0
5.0,-5.0
-5.0,5.0
20.0,5.0
5.0,-5.0
-5.0,5.0
20.0,5.0
20.0,5.0
24.722991689750685,7.105427357601002e-15
-5.0,5.0
-5.0,5.0
0.0,0.0
0.0,0.0
0.0,0.0
-5.0932001034374705,5.0932001034374705
-5.167296955618026,5.167296955618026
-5.325654656286769,5.325654656286769
-5.017847583680289,5.017847583680289
-5.136479925829588,5.136479925829588
-25.0,2.4375
20.021376959447323,4.978623040552677
-5.279975054028735,5.279975054028735
-9.868747867353242,5.37027014417727
-25.0,0.0
-5.333767108257719,5.333767108257719
-4.944720331557335,4.944720331557335
-25.0,4.707109778531926
-25.0,4.791367944644037
-5.34152517101315,5.34152517101315
-5.16219791648679,5.16219791648679
-5.07564174301277,5.07564174301277
-4.964311144112542,4.964311144112542
-5.183092679387971,5.183092679387971
-4.923035372221903,4.923035372221903
-5.265177805305899,5.265177805305899
-5.227193466645784,5.227193466645784
5.320783776908712,-5.320783776908712
4.968619986809526,-4.968619986809526
5.109834779771496,-5.109834779771496
4.5297340314933425,-4.5297340314933425
4.957560392466585,-4.957560392466585
4.316233936922228,-4.316233936922228
-20.5641049508104,-4.4358950491896
5.278809956091333,-5.278809956091333
4.555286661554878,-4.555286661554878
0.0,0.0
0.0,0.0
20.367608280390172,4.632391719609828
4.822333609624381,-4.822333609624381
9.661635639976973,5.5318809358773535
25.0,0.0
25.0,0.0
-25.0,0.0
4.981446065710215,-4.981446065710215
-25.0,0.0
-25.0,4.975718517882164
25.0,-5.036717693804558
-4.997515933615651,4.997515933615651
25.0,-5.005240453110343
-5.032341516811467,5.032341516811467
-4.964919525743476,4.964919525743476
-5.0334768201580005,5.0334768201580005
-5.050195564820862,5.050195564820862
-5.044138242522447,5.044138242522447
-5.0,5.0
-5.0,5.0
-5.0,5.0
-5.0,5.0
-5.0,5.0
25.0,0.0
-5.0,5.0
5.0,-5.0
5.0,-5.0
5.0,-5.0
-5.0,5.0
-25.0,5.0
5.0,-5.0
5.0,-5.0
-20.0,-5.0
-20.0,-5.0
5.000000000000001,-5.000000000000001
5.0,-5.0
5.0,-5.0
5.0,-5.0
0.0,0.0
0.0,0.0
0.0,0.0
0.5401662049861491,5.0
-5.0,5.0
-5.0,5.0
-5.0,5.0
-5.0,5.0
-5.0,5.0
-5.0,5.0
4.999999999958367,-4.999999999958367
-5.0,5.0
-5.0,5.0
25.0,-5.0
25.0,-0.2770083102493075
20.0,5.0
5.0,-5.0
-5.0,5.0
0.0,5.0
25.0,-5.0
-5.0,5.0
-23.05,5.0
-5.0,5.0
25.0,-4.838641726394663
4.695196143259512,-4.601625970540467
4.745071553675645,-4.745071553675645
-0.2808547155944403,5.025926269270063
-25.0,5.166221480598885
17.04061929700446,4.935866597068792
-5.041791419244299,5.041791419244299
-4.937530301382434,4.937530301382434
-25.0,4.87431521778975
17.31706843521223,4.982859301308821
-4.913084072558309,4.913084072558309
-4.806505381767881,4.806505381767881
-4.693397472037901,4.693397472037903
-5.517840590568073,5.517840590568073
0.0,0.0
-25.0,5.240769445320478
-25.0,4.8575046091425875
-25.0,4.672272971515262
-4.915353047143876,4.915353047143876
-5.171754749080572,5.171754749080572
4.927739313136014,-4.927739313136014
-4.858820551287483,4.858820551287483
-4.772025172982331,4.772025172982331
-4.7195711510541525,4.7195711510541525
-5.162801924464087,5.162801924464087
-4.8085136925137135,4.8085136925137135
-5.065003123926736,5.065003123926736
-5.683203079675735,5.683203079675735
-5.0120700611889735,5.0120700611889735
-5.371821504269434,5.371821504269434
10.853038492691866,5.0466279010938635
19.300014082158818,5.6999859178411825
19.840820861104692,5.15917913889492
-4.647405136286921,4.647405136286921
-4.9722882149851335,4.9722882149851335
0.0,0.0
0.8365695885101326,-0.8365695885101326
0.0,0.0
0.8365695885101326,-0.8365695885101326
0.8365695885101297,-0.8365695885101297
-4.044083156946596,4.880652745456724
-25.0,0.0
-25.0,-7.105427357601002e-15
-25.0,5.0
-25.0,0.0
20.00316927047713,4.99683072952287
-4.986111764274616,4.986111764274616
-4.996114465462825,4.996114465462825
-4.9980128123494,4.9980128123494
4.9946142091959125,-4.9946142091959125
4.999353705152818,-4.999353705152818
-5.000646294847183,5.000646294847183
4.999353705152818,-4.999353705152818
5.0,-5.0
-5.0,5.0
-5.0,5.0
5.941828254847643,5.0
4.999999999999998,-4.999999999999998
5.0,-5.0
-5.0,5.0
25.0,0.0
4.999999999999998,-4.999999999999998
5.0,-5.0
4.999999999979183,-4.999999999979183
-25.0,0.0
4.999999999979183,-4.999999999979183
-20.0,-5.0
-4.999999999999999,4.999999999999999
0.0,-4.999999999999999
0.0,0.0
0.0,0.0
0.0,0.0
0.0,0.0
0.0,0.0
0.0,0.0
5.0,-5.0
25.0,-5.0
-5.0,5.0
-18.05,5.0000000000000036
-5.0,5.0
-5.0,5.0
-5.0,-8.881784197001252e-16
25.0,-5.0
2.70083102493075,5.0
-5.0,5.0
-25.0,5.0
25.0,-5.0
25.0,-5.0
25.0,-5.0
-25.0,0.0
-25.0,5.0
-14.150000000000004,5.0
-5.0,5.0
20.0,5.0
20.0,5.0
25.0,-0.2770083102493075
19.89702368110787,5.102976318892129
-5.132045977901412,5.132045977901412
-25.0,4.9832933728724385
17.273566923201052,4.905609394945831
-5.088646375583546,5.088646375583546
-4.965656276820605,4.965656276820605
-5.158373163777879,5.158373163777879
-4.710579195304344,4.710579195304344
-25.0,2.4375
25.0,-5.093605457798411
5.093605457798411,-4.946598941530615
-25.0,4.981107236371535
-25.0,5.360429295293226
-4.942389504535223,4.942389504535223
-4.386801886696233,4.386801886696233
-25.0,5.329433335241923
-4.8546543478829465,4.8546543478829465
-4.695550631091772,4.695550631091772
-5.191045135515407,5.191045135515407
-5.117648383490358,5.117648383490358
-5.060320010873911,5.060320010873911
-5.196341092607892,5.196341092607892
-5.04714544188946,5.04714544188946
-5.101759249918278,5.101759249918278
-4.858082740080105,4.858082740080105
-5.215823347825484,5.215823347825484
20.13046193621252,4.8695380637874806
-5.051908079503556,5.051908079503556
-5.159266237223938,5.159266237223938
-5.18316115887129,5.18316115887129
-5.029036247648471,5.029036247648471
-5.13622872919953,5.13622872919953
-5.221114255739478,5.221114255739478
-25.0,5.246418844907513
-25.0,5.00420501896421
-5.044277192931434,5.044277192931434
-5.132005406963282,5.132005406963282
-5.135521528636769,5.135521528636769
-5.055174582415267,5.055174582415267
-5.10098001966857,5.10098001966857
-4.98906036309299,4.98906036309299
-14.019788186047029,5.035928356568894
25.0,-5.013818186386398
25.0,0.0
9.689985530988805,-4.992985468224458
20.010844994395285,4.989155005604715
20.00332452408684,4.996675475913161
-5.004686078952105,5.004686078952105
-5.005432814976937,5.005432814976937
-20.01227960209646,-4.987720397903541
-20.01249503412309,-4.987504965876909
-20.00904812786055,-4.990951872139451
-5.0,5.0
20.0,5.0
20.0,5.0
25.0,-5.0
13.102493074792243,-5.0
5.0,-5.0
5.0,-5.0
-25.0,4.512499999999989
-25.0,5.0
-25.0,0.0
-25.0,0.0
0.0,0.0
5.0,-5.0
5.0,-5.0
0.0,0.0
0.0,0.0
5.0,-5.0
5.0,-5.0
5.0,-5.0
5.0,-5.0
5.0,-5.0
5.0,-5.0
5.0,-5.0
5.0,-5.0
5.0,-5.0
5.0,-5.0
25.0,-5.0
5.0,-5.0
12.700831024930746,-5.0
-25.0,0.0
20.0,5.0
20.0,5.0
25.0,0.0
25.0,-5.0
10.263157894736842,-5.0
5.0,-5.0
-5.0,5.0
-25.0,5.0
-5.0,5.0
-5.0,5.0
25.0,-5.0
5.0,-5.0
-5.0,5.0
7.1606648199446,-4.995691367788179
4.98420919320044,-4.958852560574269
4.970334735162004,-4.970334735162004
4.91127573689352,-4.91127573689352
4.926531770541901,-4.926531770541901
4.970334735162007,-5.178686797791813
5.201195746386164,-4.905144554950764
-19.813830004107,-5.186169995893
-25.0,0.0
4.948542559676998,-4.948542559676998
25.0,0.0
25.0,0.0
5.1924320817328695,-5.1924320817328695
-4.88447511163986,4.88447511163986
10.30680660481226,-4.789004929109029
4.789004929109036,-7.993605777301127e-15
-14.562580831036215,4.95339008660452
5.040076907572061,-5.040076907572061
-25.0,4.749172591120249
-25.0,4.9855255831270995
-25.0,4.874492570184337
-25.0,4.614333963874742
4.9822404613696945,-4.9822404613696945
-4.61433396387474,4.61433396387474
-4.61433396387474,4.61433396387474
-4.61433396387474,4.61433396387474
5.373126401336377,-5.373126401336377
4.888216237329971,-4.888216237329971
5.351163106036484,-5.351163106036484
-4.61433396387474,4.61433396387474
5.220648311236613,-5.220648311236613
-4.61433396387474,4.61433396387474
25.0,0.0
19.993818858802854,5.006181141197146
10.622247653596826,-5.147706300849646
25.0,-5.324218875046061
25.0,-5.249778599834528
-19.88775037172052,-5.1122496282794785
-25.0,0.0
-25.0,0.0
24.99999999997732,2.2680524125462398e-11
-25.0,4.93430002040941
-5.011848738043198,5.011848738043198
25.0,-5.0
25.0,-5.0
20.0,5.0
-5.0,5.0
5.0,-5.0
20.585734255890586,0.0
-5.0,5.0
-5.0,5.0
-5.0,5.0
-15.000000000000005,5.0
-25.0,5.0
-25.0,5.0
-25.0,5.0
-25.0,5.0
-5.000000000000001,5.000000000000001
25.0,0.0
14.321329639889193,5.0
-25.0,5.0
-25.0,3.552713678800501e-15
25.0,-5.0
-18.05,0.0
20.0,5.0
-22.5625,5.0
-5.0,5.0
-5.0,5.0
-5.0,5.0
-5.0,0.0
0.0,0.0
5.0,-5.0
10.54016620498615,-5.000000000000001
-5.0,5.0
5.0,-5.0
-5.0,5.0
5.0,-5.0
5.0,-5.0
5.0,-5.0
-5.0,5.0
-5.0,5.0
-5.0,5.0
25.0,0.0
25.0,-5.0
5.0,-5.0
25.0,-5.0
14.722991689750693,-5.0
5.0,-5.0
5.0,-5.0
25.0,-5.0
5.0,-5.0
5.0,-5.0
5.0,-5.0
5.0,-5.0
5.0,-5.0
5.0,-5.0
5.0,-5.0
4.989874713855363,-4.989874713855363
4.9644585219406645,-4.951380439601487
4.986921917660824,-4.986921917660824
4.986921917660868,-5.166166649676181
5.185531039007467,-5.185531039007467
5.185531039007467,-5.185531039007467
-4.907867008879788,4.907867008879788
-22.767115003614936,4.884556766323318
5.138662117659795,-5.138662117659795
25.0,-4.590106073010247e-12
-4.954827682393747,4.954827682393747
-5.087748410745823,5.087748410745823
-25.0,4.982713821853469
-5.053085800387191,5.053085800387191
-5.07234936306128,5.07234936306128
-25.0,4.982636821881442
-25.0,4.917579103712249
-25.0,4.711225805725185
-5.187011473046323,5.187011473046323
-14.594155553172364,4.987043176838085
-4.811571916812562,4.666983957043205
-4.8424552170687285,4.8424552170687285
-4.627748999984954,4.627748999984954
5.009766057927609,-5.009766057927609
4.484116912819168,-4.484116912819168
-4.8424552170687285,4.8424552170687285
-4.8424552170687285,4.8424552170687285
-4.8424552170687285,4.8424552170687285
4.936734424622379,-4.936734424622379
5.018600226849491,-5.018600226849491
-4.8357873035074315,4.8357873035074315
-4.8424552170687285,4.8424552170687285
-4.8424552170687285,5.422971418064808
-5.316814649252251,5.316814649252251
-4.589705333477538,4.589705333477538
19.317342567936667,5.138201932376148
19.800097895366076,5.199902104633924
-25.0,0.0
-20.196610119149504,-4.803389880850496
25.0,-4.988090960268924
25.0,-5.036506408612997
-25.0,5.107649636834523
25.0,-4.896785958610025
25.0,0.0
25.0,0.0
-5.047076449598949,5.047076449598949
4.977940607591063,-4.977940607591063
4.988919597519127,-4.988919597519127
17.192965628973177,-4.967038962793712
-5.0387776908309245,5.0387776908309245
-5.034253626900649,5.034253626900649
-5.031668445046502,5.031668445046502
4.965315509046089,-4.965315509046089
5.0,-5.0
5.0,-5.0
5.0,-5.0
-5.0,5.0
5.0,-5.0
5.0,-5.0
5.0,-5.0
-5.0,5.0
-5.0,5.0
-5.0,5.0
-25.0,5.0
-25.0,5.0
-5.0,5.0
-5.487500000000007,5.0
-25.0,0.0
-25.0,0.0
0.0,5.0
-4.5125,4.5125
-4.5125,4.5125
-4.5125,4.5125
0.4874999999999998,-5.0
25.0,-5.0
-13.05,-5.0
5.0,-5.0
5.0,-5.0
5.0,-5.0
5.0,-5.0
10.54016620498615,-5.000000000000001
5.0,-5.0
5.0,-5.0
5.0,-5.0
-5.0,5.0
-5.0,5.0
-5.0,5.0
-5.0,5.0
20.0,5.0
-5.0,5.039639418937447
19.957990834933167,5.042009165066833
25.0,-4.948080983896933
25.0,-4.955570173583098
-0.4220446995672562,5.061398010482296
4.947650117378252,-4.947650117378252
-5.084449196652349,5.084449196652349
4.947650117378245,-4.82809629522303
4.785454069679212,-4.742403989839387
4.785046215383211,-4.785046215383211
4.372416461594282,-4.372416461594282
4.555665034368243,-4.555665034368243
4.785046215383206,-4.702962193973078
4.702962193973077,-4.687836117500847
-5.260206889078939,5.260206889078939
-25.0,0.0
15.09962699530258,5.612168080891072
6.153000863106563,5.523871203131378
-5.7216153362131825,5.7216153362131825
-25.0,5.142012563163963
-5.18233530261393,5.18233530261393
-5.525307694412811,5.525307694412811
-15.62329647030175,5.474023819600527
-25.0,4.989344339936551
-5.285328445526585,5.285328445526585
-25.000000000001698,5.036000011512115
-4.956470401059278,4.956470401059278
-24.999999999987534,5.183672072620112
-5.201756336542289,5.201756336542289
-5.201756336542289,5.201756336542289
-5.201756336542289,5.201756336542289
-4.643303309908175,4.643303309908175
4.6622781226871615,-4.6622781226871615
4.806196750732458,-4.806196750732458
4.667923104243017,-4.667923104243017
-5.201756336542289,5.201756336542289
4.492136586135299,-4.492136586135299
4.613542189572215,-4.613542189572215
4.332981115264565,-4.332981115264565
24.999999999951616,-3.0628879074776982
-25.0,0.0
4.555024104273211,-4.555024104273211
4.533665763671585,-4.533665763671585
10.925876598878771,-4.9459655852033215
-5.396869689842093,5.396869689842093
-5.346368753269975,5.346368753269975
25.0,0.0
25.0,0.0
-5.012608489015916,5.012608489015916
4.925506032889428,-4.925506032889428
4.969216105445428,-4.969216105445428
-4.864621268442503,4.935498273304029
-5.012362785339806,5.012362785339806
-5.01805016224399,5.01805016224399
25.0,-4.990538687607174
19.168625600421226,5.004239544694496
-4.951740257670056,5.029080206072564
-5.034280618309902,5.034280618309902
-5.035651088130943,5.035651088130943
4.952703470288811,-4.952703470288811
-5.0,5.0
-5.0,5.0
-25.0,5.0
-5.0,5.0
-4.999999999999993,4.999999999999993
17.113368290233414,5.0
5.0,-5.0
-5.0,5.0
-5.0,5.0
-5.0,5.0
-5.0,5.0
-25.0,5.0
5.0,-5.0
-15.487500000000004,-5.0
-25.0,0.0
-20.0,-5.0
5.0,-5.0
5.0,-5.0
5.0,-5.0
0.0,0.0
0.0,0.0
0.0,0.0
12.700831024930746,-5.0
-5.0,5.0
25.0,-5.0
-25.0,5.0
5.0,-5.0
5.0,-5.0
5.0,-5.0
-5.000000000000001,0.0
20.0,5.0
20.0,5.0
-22.8125,5.0
25.0,0.0
20.0,5.0
25.0,0.0
0.0,-4.5125
5.0,-5.0
5.0,-5.0
5.0,-5.0
5.0,-5.0
5.0,-5.0
4.995260504351273,-4.995260504351273
5.0,-4.848551577430894
4.848551577430897,-4.6421401448594155
4.642140144859408,0.0
0.0,0.0
0.0,0.0
-25.0,0.0
-20.5178368036842,-4.482163196315799
-5.424587944116905,5.424587944116905
-5.147711192241312,5.147711192241312
4.704238689410987,-4.83100147122963
-5.390363349992593,5.390363349992593
-25.0,5.126762781818634
-25.0,4.969528207791068
19.64825150483191,5.3517484951680885
-4.911951794281119,4.911951794281119
-4.86432415584552,4.86432415584552
-4.895306546229622,4.895306546229622
-25.0,5.179992483792898
-5.095701498020571,5.095701498020571
-6.916120579078176,4.8432495159605065
-5.242375084081445,5.242375084081445
-5.036662716189413,5.036662716189413
-5.639149628466299,5.639149628466299
3.693756419605606,5.00077504889877
19.943920036766098,5.056079963233902
25.0,-4.954337123145727
4.822385679277596,-4.822385679277596
25.0,-4.72540168991965
25.0,0.0
-25.0,0.0
-25.0,0.0
-25.0,5.736920658521939
19.5470028530888,5.452997146911201
24.999999999955158,4.484235205381992e-11
25.0,-6.245670647331281e-12
-5.36945343955593,5.36945343955593
-25.0,5.5816855591778385
-25.0,0.0
24.99999999998833,-4.694041242295835
-5.126531781902552,5.126531781902552
25.0,0.0
-22.428981199894885,4.971747203398884
24.999999999982673,-4.995320131438824
-25.0,5.0
20.0,5.0
2.1559849513834264,-5.0
-20.84231280896928,5.0
-5.0,5.0
-5.0,5.0
-25.0,5.019604276209382
-5.006921287156494,5.006921287156494
-5.021543163216348,5.021543163216348
-5.023482045292475,5.023482045292475
25.0,-5.0
25.0,0.0
-5.0,5.0
-5.0,5.0
-20.0,-5.0
-25.0,0.0
-25.0,5.0
-25.0,0.0
20.0,5.0
-4.999999999999993,4.999999999999993
-5.0,5.0
-5.0,5.0
20.0,5.0
-5.1250000000000036,5.0
-25.0,5.0
-20.0,-5.0
5.0,-5.0
5.0,-5.0
5.0,-5.0
0.0,0.0
5.0,-5.0
25.0,-5.0
25.0,-5.0
25.0,-5.0
-25.0,0.8499999999999979
-25.0,0.0
-5.0,5.0
-5.0,5.0
-5.0,5.0
-5.000000000000001,5.000000000000001
25.0,-5.0
25.0,-5.0
25.0,-5.0
19.722991689750693,-5.0
25.0,0.0
0.0,0.0
0.0,-5.0
-22.562500000000004,5.0
5.0,-5.0
25.0,-5.0
-5.0,5.0
-5.0,5.0
5.0,-4.987720397903541
4.750314770520896,-4.750314770520896
-5.2198505410346225,5.2198505410346225
-5.308385045757171,5.308385045757171
-25.0,5.283323132730484
4.537955671949218,-4.537955671949218
24.999999999987658,-5.027755965326687
6.862209734178317,0.0
-4.874061496570445,4.874061496570445
-5.215356298814826,5.215356298814826
-5.4106092934573455,5.4106092934573455
-5.296302203835133,5.296302203835133
-5.143185866016413,5.143185866016413
-5.167604955506134,5.167604955506134
-5.0661284595834974,5.0661284595834974
-4.962039644937729,4.962039644937729
-4.953356951370655,4.953356951370655
-4.951110066940998,4.951110066940998
-25.0,5.030531120056239
-4.997323935398388,4.997323935398388
-25.0,5.0461286635703075
-9.98443464499883,4.907774861372278
-5.033139020748186,5.033139020748186
-4.885013795870398,4.885013795870398
-4.638482606741402,4.638482606741402
-5.069272835490394,5.069272835490394
5.27119579492297,-5.27119579492297
4.856640568472868,-4.856640568472868
4.71925494625099,-4.71925494625099
4.9077010171368105,-4.9077010171368105
-20.04496924595871,-4.955030754041289
-20.25837466843307,-4.7416253315669294
4.888596819158926,-4.888596819158926
4.6594947630425585,-4.6594947630425585
0.0,0.0
0.0,0.0
0.0,0.0
0.0,0.0
4.94000692343355,-4.94000692343355
4.831571239465268,-4.831571239465268
0.0,0.0
25.0,-4.874815559821101
4.977485141119741,-4.977485141119741
4.956195531474193,-4.956195531474193
4.960417174759976,-4.960417174759976
25.0,-5.011106284451493
-4.982772977121428,4.982772977121428
25.0,-4.968867167271732
25.0,-5.001485119209466
25.0,-4.880567974509351
4.963272571487784,-4.963272571487784
-5.036402515848488,5.036402515848488
-5.033942066947234,5.033942066947234
4.9525691414621775,-4.9525691414621775
5.0,-5.0
5.0,-5.0
5.0,-5.0
-13.05,-5.0
25.0,-5.0
5.0,-5.0
5.0,-5.0
-25.0,2.4375
25.0,0.0
5.0,-5.0
5.0,-5.0
-20.0,-5.0
-5.0,5.0
-10.487500000000011,-4.999999999999998
-25.0,0.0
-20.0,-5.0
5.0,-5.0
5.0,-5.0
0.0,0.0
0.0,0.0
0.0,0.0
5.0,-5.0
5.0,-5.0
0.5401662049861491,5.0
-5.0,5.0
-5.0,5.0
-5.0,5.0
-5.0,5.0
-5.0,5.0
-5.0,5.0
25.0,0.0
14.762846537016635,5.0
-5.0,5.0
-5.0,5.0
-5.0,5.0
-5.0,5.0
-5.032961037206285,5.032961037206285
-5.029944996229715,5.029944996229715
19.969193280594602,5.030806719405398
19.966823529534373,5.0331764704656266
-5.036407944701536,5.036407944701536
4.960145152734052,-4.960145152734052
4.96014515273406,-4.939894579212068
4.93989457921206,-4.896968465579776
-5.318866094972169,5.318866094972169
4.786134944495895,-4.786134944495895
4.888351934001985,-4.888351934001985
-13.029582357538803,-5.113403602245512
24.999999999966835,3.552713678800501e-15
0.0,0.0
-4.710249105260326,4.710249105260326
-25.0,4.734360826009251
17.172926973702626,5.282074881134768
-5.200127345330789,5.200127345330789
-5.038810510491134,5.038810510491134
-25.000000000000004,4.971333289102528
-5.099574849072482,5.099574849072482
-5.251746990512897,5.251746990512897
-15.283667896961042,4.969695461828666
-24.99999999999664,4.894300497414768
-4.659865246514528,4.659865246514528
-4.567169271992277,4.567169271992277
-4.751988770425063,4.751988770425063
-4.97274705908074,4.97274705908074
-5.112968426174092,5.112968426174092
-5.314225525192825,5.314225525192825
-5.1678428980426485,5.1678428980426485
-4.795277271092715,4.795277271092715
-4.761760824252134,4.761760824252134
4.907698492547565,-4.907698492547565
5.244401698099319,-5.244401698099319
4.710026310259295,-4.710026310259295
5.391570103652565,-5.391570103652565
4.67068816061558,-4.67068816061558
4.752074606459454,-4.752074606459454
4.878664453914684,-4.878664453914684
-4.276560016908688,4.276560016908688
-25.0,5.4483386486035315
4.242624488253137,-4.242624488253137
4.709770695598055,-4.709770695598055
-24.999999999991807,4.743438617793444
-4.743438617793446,4.743438617793446
-4.743438617793446,4.743438617793446
25.0,-4.794295363662538
-9.702865810368182,5.0278659821924565
-4.983204607920055,4.983204607920055
-5.0,5.0
-5.0,5.0
-4.995680406380387,4.995680406380387
4.9946142091959125,-4.9946142091959125
25.0,-5.0183791954706685
25.0,-5.0
25.0,-5.0
25.0,-5.0
5.0,-5.0
5.0,-5.0
5.0,-5.0
5.0,-5.0
5.0,-5.0
5.0,-5.0
5.0,-5.0
5.0,-5.0
0.0,5.0
-5.0,5.0
-5.0,5.0
-5.0,5.0
-5.000000000000002,5.000000000000002
-25.0,5.0
-10.000000000000007,5.0
-25.0,0.0
-25.0,5.0
-25.0,0.0
5.0,-5.0
5.0,-5.0
5.0,-5.0
5.0,-5.0
0.0,0.0
5.0,-5.0
5.0,-5.0
5.0,-5.0
5.0,-5.0
5.0,-5.0
5.0,-5.0
5.0,-5.0
5.0,-5.0
5.0,-5.0
0.0,0.0
0.0,0.0
0.0,0.0
0.0,0.0
7.700831024930746,-5.0
20.0,5.0
-25.0,5.0
25.0,0.0
25.0,-5.0
-25.0,5.0
-5.612500000000004,5.0
-25.0,5.0
-5.000000000000001,0.0
4.634146999453729,-4.634146999453729
19.532150457869605,5.467849542130395
19.70264898708001,5.297351012880355
19.815886439835353,5.184113560164647
0.2603499203867239,5.002807974389759
19.881839756039852,5.118160243960148
-4.6422959987987,4.6422959987987
-4.449950068673877,4.449950068673877
-4.608049314518478,4.608049314518478
-5.376865633584551,5.376865633584551
0.0,0.0
-5.122304357208776,5.122304357208776
-25.0,0.0
19.649727758377445,5.350272241606021
-4.971643182432574,4.971643182432574
-4.977649811398036,4.977649811398036
-25.0,4.9262718956363045
-4.972359534631357,4.972359534631357
-4.905323485213632,4.905323485213632
-4.823387310061266,4.823387310061266
-4.832816650898083,4.832816650898083
-5.022791360572844,5.022791360572844
-4.810963175230427,4.810963175230427
5.0523871203131385,-5.0523871203131385
-4.987040021101526,4.987040021101526
5.132234829011086,-5.132234829011086
4.991064847508246,-4.991064847508246
-5.072767498155283,5.072767498155283
4.98240739983364,-4.98240739983364
5.291644967822091,-5.291644967822091
4.8402856481847545,-4.8402856481847545
-11.117487711786264,-4.586662887861483
4.923970732537845,-4.923970732537845
-19.545606124088003,-5.454393875911997
-20.08806272210705,-4.9119372778929495
4.703554525725109,-4.703554525725109
-5.247510729756758,5.247510729756758
-4.618709392613113,4.618709392613113
5.184014785610366,-5.184014785610366
24.999999999950504,-4.816754898536253
-5.19198254706011,5.19198254706011
-25.0,5.0
4.870588983231527,-4.870588983231527
-5.0,5.0
-5.0,5.0
-4.986358007261173,4.986358007261173
4.96553515077598,-4.96553515077598
-5.0,5.0
4.999999999999998,-4.999999999999998
-5.0,5.0
-5.0,5.0
-5.0,5.0
20.0,5.0
25.0,0.0
25.0,-0.2770083102493075
5.0,-5.0
25.0,0.0
-5.0,5.0
-5.0,5.0
-5.0,5.0
-5.0,5.0
-5.0,5.0
-5.0,5.0
-25.0,5.0
-25.0,5.0
-15.000000000000009,5.0
-25.0,5.0
-25.0,5.0
-4.999999999999999,0.0
0.0,0.0
0.0,0.0
0.0,0.0
0.0,5.0
-4.5125,0.0
0.0,0.0
0.0,0.0
0.0,5.0
5.0,-5.0
-4.5125,4.5125
-4.5125,4.5125
-4.5125,4.999999999999999
-4.9524687499999995,4.9524687499999995
-4.9524687499999995,0.0
0.0,0.0
0.0,0.0
0.0,0.0
0.0,0.0
0.0,0.0
0.0,0.0
5.0,-5.0
5.0,-5.0
25.0,0.0
25.0,0.0
-2.576177285270095,5.0
-25.0,5.0
19.943341481732205,5.0566585182235215
19.651001867306125,5.348998132693875
-5.406446324682778,5.406446324682778
19.818187445142804,5.1818125548530105
-5.034320844089347,5.034320844089347
-5.000150844207497,5.000150844207497
-4.835917477640469,4.835917477640469
-4.841798508290902,4.841798508290902
-4.597275629907738,4.597275629907738
0.0,0.0
-5.18862026754385,5.18862026754385
-5.090380295035615,5.090380295035615
-4.935902572465556,4.935902572465556
-25.0,5.054699012915897
-5.148876921326023,5.148876921326023
-4.972771042678584,4.972771042678584
-24.999999999985672,4.893884571336361
-25.0,4.903238805643085
-4.930312500725819,4.930312500725819
-14.622646489569188,4.847519227524163
-5.013842322840231,5.013842322840231
-5.022557836067515,5.022557836067515
-24.99999999998864,4.994234469307607
-4.972777354151702,4.972777354151702
-4.892301022731299,4.892301022731299
-5.070929597183607,5.070929597183607
-5.070929597183607,5.070929597183607
5.256425685534536,-5.256425685534536
5.036124347532532,-5.036124347532532
5.294967327270886,-5.294967327270886
4.7372375954559836,-5.064281722549459
4.484832318296981,-4.484832318296981
4.957317400751581,-4.957317400751581
4.511250251322859,-4.511250251322859
5.234888414670044,-5.234888414670044
4.694435709365651,-4.694435709365651
4.547824606888635,-4.547824606888635
5.334789566902675,-5.334789566902675
-4.743885470090132,4.743885470090132
-4.743885470090132,4.8533109508299885
-4.842641966457852,4.842641966457852
19.913221820456386,5.086778179540911
-4.930313368553373,4.930313368553373
4.972281055407817,-4.972281055407817
5.031458605823296,-5.031458605823296
24.9999999999702,-4.9950762028645315
-4.989750091229977,4.989750091229977
4.99213694243768,-4.99213694243768
-4.996075969791295,4.996075969791295
20.00605829922077,4.9939417007792315
25.0,-4.99126303022954
-5.023352883214013,5.023352883214013
-0.14539441334326053,5.029083268123193
-5.029083268123193,5.029083268123193
-5.0,5.0
-5.0,5.0
-5.0,5.0
5.0,-5.0
-5.0,5.0
5.0,-5.0
5.0,-5.0
5.0,-5.0
-5.0,5.0
5.0,-5.0
-5.0,5.0
-25.0,0.0
-5.0,5.0
-20.487500000000015,5.000000000000005
-25.0,0.0
-25.0,0.0
0.0,0.0
0.0,0.0
0.0,0.0
20.0,5.0
-22.5625,0.0
0.0,0.0
0.0,0.0
0.0,0.0
0.0,0.0
0.0,0.0
0.0,0.0
5.0,-5.0
0.0,0.0
5.0,-5.0
25.0,-5.0
5.00000000000001,-5.00000000000001
-18.05000000000001,5.0
-4.999999999999999,4.999999999999999
25.0,0.0
24.999999999999996,-5.0
24.999999999999996,-5.0
25.0,-5.0
-14.274999999999999,5.0
25.0,0.0
0.0,-5.0
-25.0,5.0
-25.0,5.084449196652351
-5.556221322065699,5.346772125433889
19.603984173577228,5.396015826422772
19.9279158765737,5.072084123403542
-5.047747240851166,5.047747240851166
-4.865235532563618,4.865235532563618
-4.983813596044109,4.983813596044109
-4.7900917647797785,4.7900917647797785
-4.690284653496593,4.690284653496593
-25.0,4.707968138875838
16.581424313213976,5.902821516286483
-4.909898672076155,4.909898672076155
-4.755595777311436,4.755595777311436
-25.0,4.9751927549135715
-5.302782824431686,5.302782824431686
-5.062967673846499,5.062967673846499
-14.509649030593064,4.805147152753099
-24.999999999999996,4.890672662667104
-4.692620529697198,4.692620529697198
-25.0,4.838636460259277
-4.792134157480444,4.792134157480444
-4.869869416126127,4.869869416126127
-25.0,5.1637631618198085
-5.1637631618198085,5.1365114831951715
-4.956888851726934,4.833830904627986
-5.013453536096224,5.013453536096224
-5.013453536096224,0.0
5.032251627627932,-5.032251627627932
5.259770766286554,-5.259770766286554
4.998406984185266,-4.998406984185266
5.095837825839897,-5.095837825839897
0.0,0.0
5.014970183086241,-5.014970183086241
5.141877497639256,-5.141877497639256
0.0,0.0
0.0,0.0
4.709390744916411,-4.709390744916411
0.0,5.088098638410257
-4.592009021165253,4.592009021165253
-4.592009021165263,4.592009021165263
-4.592009021165321,4.958032490655718
-4.922345202380321,5.162665596643746
-4.9876909706601325,4.9876909706601325
4.911461974658854,-4.911461974658854
4.924735589393697,-4.924735589393697
24.99999999998743,-5.0489550102638425
5.062778067085844,-5.062778067085844
25.0,-4.995691367788179
-4.998245488442358,4.998245488442358
20.0,5.0
5.0,-5.0
24.999999999999996,-5.0
-5.0,5.0
-5.0,5.0
14.61336177063738,0.0
-4.999999999999993,4.999999999999993
-5.0,5.0
0.0,0.0
0.0,0.0
0.0,0.0
-4.999999999999993,4.999999999999993
-5.0,5.0
-5.0,5.0
-5.0,5.0
-10.000000000000007,5.0
-25.0,0.0
-5.0,5.0
-25.0,5.0
-25.0,5.0
-25.0,0.0
0.0,5.0
-4.5125,5.0
-4.95246875,4.95246875
17.213331024930746,5.0
-25.0,5.0000000000000036
-5.0,5.0
-5.0,5.0
-5.0,5.0
5.0,-5.0
-5.0,5.0
-5.0,5.0
-5.0,5.0
-5.0,5.0
-5.0,5.0
-5.0,5.0
-5.0,5.0
-5.0,5.0
0.0,-5.0
0.0,0.0
20.0,5.0
20.0,5.0
25.0,0.0
20.0,5.0
-25.0,5.0
-5.0,5.0
-25.0,5.0
-25.0,5.077555381661849
-5.336101130463097,5.336101130463097
19.72290416111383,5.277095838886169
19.907924285498325,5.092075714501675
16.69977373090541,4.9594446827656675
-25.0,2.4375
20.005225268593577,4.994774731406423
-4.900182790359826,4.900182790359826
-4.782682095340407,4.782682095340407
-5.106362207262515,5.106362207262515
-5.133705402247349,5.133705402247349
-4.762402701068133,4.762402701068133
-4.806837996401148,4.806837996401148
-25.0,0.0
-5.2092486862794924,5.2092486862794924
-5.0264911461140365,5.0264911461140365
-25.0,4.499601796538101
-25.0,5.097282522036384
-4.938340694530661,4.938340694530661
-5.038564363039569,5.038564363039569
-4.644885596218609,4.644885596218609
-5.111984467515152,5.111984467515152
-4.76193060287898,4.76193060287898
-9.393592400622833,5.009932365244245
-25.0,4.849364702263575
-5.0405972885305586,5.0405972885305586
-5.062588985459477,5.062588985459477
-4.875681651719583,4.875681651719583
-5.062588985459477,5.062588985459477
-4.8996311676093995,4.8996311676093995
-5.062588985459477,5.062588985459477
-5.062588985459477,5.062588985459477
-5.062588985459477,0.0
4.885187361381115,-4.885187361381115
5.522666342913341,-5.522666342913341
4.375260095807152,-4.375260095807152
4.8662340076107276,-4.8662340076107276
24.999999999971912,2.808775434459676e-11
-4.593571110761707,4.593571110761707
-4.939447726915383,4.939447726915383
19.790671946946063,5.209328053053937
19.995489269056684,5.004510730943316
-4.970482896993427,4.970482896993427
-5.023012617152301,5.023012617152301
-5.062565968305953,5.062565968305953
-4.987378690804315,4.987378690804315
-4.997346262234538,4.997346262234538
-4.999228205454557,4.999228205454557
4.998186625018391,-4.998186625018391
4.980994971043467,-4.980994971043467
10.205596150471061,-4.979889625005465
25.0,-4.962548630728747
4.935815210336689,-4.935815210336689
4.941529985444292,-4.941529985444292
5.0,-5.0
4.999999999999998,-4.999999999999998
-5.0,5.0
-5.0,5.0
-5.0,5.0
-5.0,5.0
-5.0,5.0
-5.0,5.0
-5.0,5.0
5.0,-5.0
5.0,-5.0
-20.0,-5.0
4.999999999999998,-4.999999999999998
-25.0,5.0
-20.0,-5.0
-15.487500000000011,-5.0
0.0,0.0
0.0,0.0
0.0,0.0
0.0,5.000000000000004
-4.512499999999999,0.0
0.0,0.0
0.0,0.0
20.0,5.0
-22.5625,5.0
-5.0,5.0
-5.000000000000001,5.000000000000001
25.0,-5.0
5.0,-5.0
-23.05,5.0
-5.0,5.0
25.0,0.0
-25.0,5.0
-7.562500000000002,5.0
-5.000000000000001,5.000000000000001
20.0,5.0
-5.078323372065487,5.078323372065487
-5.076441990961043,5.076441990961043
19.64276618022239,5.08022550953406
24.999999999967486,2.6759039428725373e-11
-5.079356429547525,5.079356429547525
-5.084280253802606,5.084280253802606
-5.133903355684658,5.133903355684658
-5.116508531445425,5.116508531445425
25.0,-4.710457936127085
4.710457936127081,0.0
0.0,0.0
-4.681804558216574,4.681804558216574
-4.499895911185354,4.499895911185354
-4.9186148164507495,4.9186148164507495
-4.64276746584054,4.64276746584054
-25.0,5.02630811339364
22.131514555796517,3.552713678800501e-15
0.0,0.0
0.0,0.0
0.0,-4.614974628572327
5.113545294816987,-5.113545294816987
-5.209051137170931,5.209051137170931
-24.971266021746025,4.914233391812921
-24.999999999996618,-3.3857361358968774e-12
-24.999999999991612,5.118239768521423
-5.246957213564395,5.246957213564395
-25.0,4.831284225225275
-4.99151169980493,4.99151169980493
-4.79609839374524,4.79609839374524
-4.870776374813042,4.870776374813042
-4.434930024950011,4.434930024950011
-5.277516735249657,5.277516735249657
-5.01423868335198,5.01423868335198
4.941158767277404,-4.941158767277404
5.076150447746002,-5.076150447746002
-4.966823110413113,4.966823110413113
5.122666004618383,-5.122666004618383
-5.210997595480219,5.158068950773642
-5.224588090543081,5.224588090543081
-5.2245880905430795,4.899417208670731
-4.496457420631205,4.496457420631205
-4.899417208670732,4.899417208670732
-4.758438464803337,4.758438464803337
-4.764821888713883,4.764821888713883
-4.655827481587918,4.655827481587918
-4.540252417016498,4.540252417016498
-4.899417208670731,5.800415655947361
-4.960001512481417,4.960001512481417
-4.891564000458061,4.891564000458061
-5.023785989566024,5.023785989566024
-5.061613438810798,5.061613438810798
5.011169291936927,-5.011169291936927
-4.966778171984894,4.966778171984894
-4.9771929051219095,4.9771929051219095
-4.988463549208877,4.988463549208877
-4.98903884984517,4.98903884984517
-4.9978761720381915,4.9978761720381915
-5.016541620319547,5.016541620319547
-5.022994234370493,5.022994234370493
-5.022835750445293,5.022835750445293
-5.0,5.0
-5.0,5.0
-5.0,5.0
-5.0,5.0
20.0,5.0
25.0,0.0
10.692445088822254,5.000000000000027
-5.0,5.0
-5.0,5.0
-5.0,5.0
-5.0,5.0
-25.0,5.0
-5.0,5.0
-5.0,5.0
-25.0,5.0
-25.0,0.0
5.0000000000000036,-5.0000000000000036
5.0,-5.0
0.0,0.0
20.0,5.0
-22.5625,5.0
-5.000000000000001,0.0
25.0,-5.0
25.0,-5.0
-20.0,-5.0
-11.100000000000001,4.999999999999998
-4.999999999999999,4.999999999999999
-5.0,5.0
-5.0,5.0
-5.0,5.0
-5.0,5.0
25.0,0.0
-25.0,5.0
5.0,-5.0
25.0,-3.1163434902532074
20.0,5.0
19.98233460704796,5.017665392900547
25.0,-4.9819037442789025
-5.0174499621066255,5.0174499621066255
4.981903744278902,-4.982550037893375
-5.017665392900547,5.017665392900547
-5.027359816840987,5.027359816840987
-5.164589757702926,5.164589757702926
-25.0,5.324983588907603
-5.2389355679129155,5.2389355679129155
-5.056704641285658,5.056704641285658
-4.997574185307476,4.997574185307476
-25.0,4.816025292243928
20.20618036362366,4.793819636376341
19.14951015925415,4.998196812130473
-5.436219357924245,5.436219357924245
-5.467478821978187,5.467478821978187
-4.746206829902569,4.746206829902569
0.0,0.0
-5.233495472553121,5.233495472553121
-25.0,0.0
-4.607353159033671,4.607353159033671
-4.90193927332829,4.90193927332829
-25.0,0.0
-25.0,0.0
-19.855730454049407,4.97979571225782
-5.095255908018508,5.095255908018508
-4.980091720347004,4.980091720347004
-4.932195844303937,4.932195844303937
-4.422742570361059,4.422742570361059
4.862660451531877,-4.862660451531877
5.189010316582481,-5.189010316582481
-5.063815935833423,5.063815935833423
-4.919011176962497,4.919011176962497
-5.124065258208423,5.124065258208423
-4.71276990762326,4.71276990762326
-4.352876456397668,4.352876456397668
-5.124065258208423,5.124065258208423
-5.124065258208423,5.124065258208423
-5.085620182010767,5.085620182010767
5.44574278341877,-5.350960192175773
5.139700670561199,-5.139700670561199
-5.209606546805229,5.209606546805229
-5.209606546805227,5.389758710867983
20.660306317501835,4.339693682498165
-4.8518656234861925,4.8518656234861925
25.0,-5.277869231023242
24.9999999999763,-0.41154226460986365
25.0,-4.60893545550789e-11
5.0,-5.0
4.995904988039885,-4.995904988039885
4.973501911265535,-4.973501911265535
4.99626499717844,-4.99626499717844
-4.951975784095764,4.951975784095764
-4.985816975951571,4.985816975951571
4.989364928652173,-4.989364928652173
4.9872188663074315,-4.9872188663074315
4.983149828771155,-4.983149828771155
4.979900964701014,-4.979900964701014
-5.030591291076897,5.030591291076897
-5.032745606412364,5.032745606412364
5.0,-5.0
5.0,-5.0
-5.0,5.0
-5.0,5.0
5.0,-5.0
-5.0,5.0
5.0,-5.0
-5.0,5.0
5.0,-5.0
5.0,-5.0
5.0,-5.0
-10.487500000000002,-5.0
5.0,-5.0
-20.0,-5.0
-20.0,-5.0
-20.0,-5.0
5.0,-5.0
0.0,0.0
0.0,2.7008310249307463
20.0,5.0
5.0,-5.0
5.0,-5.0
5.0,-5.0
-25.0,5.0
-5.0,5.0
0.0,-5.000000000000001
5.0,-5.0
20.0,5.0
-22.5625,5.0
-5.0,5.0
5.0,-5.0
25.0,-5.0
5.0,-5.0
-5.0,5.0
-5.0,5.0
-5.0,5.0
-5.028436973276011,5.028436973276011
-5.0280061092227495,5.0280061092227495
25.0,-4.969624142182443
19.969624142182443,5.030375857817557
4.6594393614675145,5.033176470465625
19.952389614567867,5.047610385432133
-5.1610704433115915,5.1610704433115915
0.0,0.0
0.0,0.0
-5.259564065541973,5.259564065541973
-4.7772447612501,4.7772447612501
-5.185577506354139,5.185577506354139
-4.663411032111665,4.663411032111665
-4.855661027845108,4.855661027845108
-7.6182271518611415,4.897922020689313
-25.0,5.15780513119735
25.0,-2.8279600883251987e-11
-5.145700988053544,5.145700988053544
-4.928493534173496,4.928493534173496
-25.0,5.1069845185118545
-4.938859497620877,4.938859497620877
-4.8879530489009895,4.8879530489009895
-4.850430710073041,4.850430710073041
-25.0,4.603735422643005
-4.907928861316335,4.907928861316335
-5.0717646050769885,5.0717646050769885
-25.0,4.79482410732291
-25.0,4.655072313829468
-5.07598256256109,5.07598256256109
-4.747979091553824,4.747979091553824
-5.337523697056965,5.337523697056965
-4.879134027514589,4.879134027514589
-4.647789504999747,4.647789504999747
-5.263825256616925,5.263825256616925
-14.160616362307248,5.108864706353412
-4.923059355819749,4.923059355819749
-5.108864706353409,5.108864706353409
-4.7244808459918755,4.7244808459918755
5.360995434431823,-5.360995434431823
-5.108864706353409,5.108864706353409
5.2456665173119665,-5.2456665173119665
4.728204615130913,-4.728204615130913
25.0,-5.795574440492956
25.0,-5.569371559552888
4.347765425467512,-4.347765425467512
-20.37457294032523,5.39757199901319
4.94856449204608,-4.94856449204608
-4.811790609356067,4.811790609356067
-25.0,0.0
4.876773122378403,-4.876773122378403
4.964035184812177,-4.964035184812177
5.104893162586148,-5.104893162586148
5.044041210403174,-5.044041210403174
4.995681097160026,-4.995681097160026
0.0,0.0
25.0,-5.006248777507103
-4.99833579767168,4.99833579767168
4.983337210490992,-4.983337210490992
-5.0355964248567435,5.0355964248567435
-5.021629720077675,5.021629720077675
-5.0,5.0
-5.0,5.0
-5.0,5.0
-5.0,5.0
20.0,5.0
25.0,-5.0
5.0,-5.0
5.0,-5.0
-5.0,5.0
-5.0,5.0
-18.656860478299844,5.000000000000002
-5.0,5.0
-5.0,5.0
-25.0,5.0
-25.0,5.0
-5.000000000000001,0.0
0.0,0.0
0.0,0.0
0.0,5.0
-4.45983379501385,5.0
-5.000000000000001,5.000000000000001
-5.0,5.0
25.0,0.0
25.0,-5.0
5.0,-5.0
5.0,-5.0
5.0,-5.0
5.0,-5.0
5.0,-5.0
5.0,-5.0
5.0,-5.0
25.0,-5.0
5.0,-5.0
5.0,-5.0
14.722991689750685,-5.0
25.0,-5.0
4.976948816295367,-4.976948816295367
4.997414820611278,-4.975656226601002
4.97500993175382,-4.97500993175382
4.977164249554707,-4.977164249554707
4.97824140598973,-4.97824140598973
4.9655309423054295,-4.9655309423054295
4.828591540000214,-4.828591540000214
-5.332751237212829,5.332751237212829
4.97824140598972,-4.645487710753972
-5.058538597586634,5.058538597586634
4.645487710753976,-4.969996203522691
5.0050539077276115,-5.0050539077276115
-5.483438448585835,5.614208580149801
-5.080607610061236,5.080607610061236
-25.0,4.531172416216709
-25.0,4.74286869177098
25.0,0.0
25.0,-4.939725431732533
4.939725431732537,-4.939725431732537
4.939725431732532,-4.939725431732532
-5.13779018764868,5.13779018764868
-4.941898471926718,4.941898471926718
-4.706914122865296,4.706914122865296
-5.025139859719683,5.025139859719683
-4.941084923041936,4.941084923041936
-4.839634935306391,4.839634935306391
-25.0,4.668139587770931
-25.0,4.991847470174754
-5.0642886651698875,5.0642886651698875
-4.845474941381562,4.845474941381562
-4.917267316940265,4.917267316940265
-4.982190916305726,4.982190916305726
-4.904253059372986,4.904253059372986
-5.045707688313403,5.045707688313403
-25.0,5.071375818332982
-10.603638521333941,5.3303778471938825
-5.0357500771766945,5.0357500771766945
-25.0,4.999336033028094
-4.999336033028093,0.0
4.963892062297572,-4.963892062297572
5.693334256323162,-5.693334256323162
4.27323481729699,-4.27323481729699
25.0,-4.6883905804141754
25.0,-5.080764450168196
4.789715916555661,-4.789715916555661
5.0073503415920735,-5.0073503415920735
4.833134275782696,-4.833134275782696
5.007852734852187,-5.007852734852187
-19.988187131340542,-5.011812868659458
4.859386917244645,-4.859386917244645
4.9855619036825525,-4.9855619036825525
6.654863373068394,-5.042476874809834
4.996573856265138,-4.996573856265138
4.985890677192726,-4.985890677192726
4.996550193171787,-4.996550193171787
4.992446207085832,-4.992446207085832
4.978509616477593,-4.978509616477593
4.9759265425568495,-4.9759265425568495
25.0,-4.994905743781985
25.0,-4.964669214198906
25.0,-5.0
25.0,-5.0
-5.0,5.0
-5.0,5.0
-5.0,5.0
-25.0,5.0
-25.0,5.0
-5.0,5.0
-5.0,5.0
-5.0,5.0
-25.0,5.0
-25.0,5.0
-5.0,5.0
-5.0,5.0
-5.000000000000001,5.000000000000001
-5.000000000000001,0.0
0.0,0.0
0.0,5.0
-4.512500000000001,5.0
-4.9524687499999995,5.0
-4.995365703125,0.0
5.0,-5.0
0.0,5.0
-4.5125,5.0
-4.95246875,5.000000000000003
-4.995365703125002,0.0
0.0,0.0
0.0,5.0
-4.5125,5.0
-4.95246875,0.0
25.0,-5.0
25.0,0.0
25.0,-5.0
-20.0,-5.0
20.0,5.0
-16.250636363093363,4.999999999999998
-25.0,5.025636363093362
-25.0,5.026067224681203
17.109161148845907,5.022620319651374
-25.0,5.023266614498553
19.674375757038415,5.022835750445292
19.95842170144897,5.041578298548153
19.801847169448838,5.198152830551162
19.752397517202805,5.247602482797195
-5.0118084506282745,5.0118084506282745
-4.953260228045137,4.953260228045137
-25.0,4.993388100762619
16.979761436727838,5.188229587357906
-5.092882162979202,5.092882162979202
-4.652810913011642,4.652810913011642
0.0,0.0
0.0,-4.862646566291017
5.387974034671484,2.6645352591003757e-15
-4.537659348286373,4.537659348286373
-25.0,0.0
-25.0,0.0
-4.786186856362283,4.786186856362283
-5.083164387820938,5.083164387820938
-24.936279998557968,4.936279998557957
-25.0,5.371084324209367
-5.03473203656292,4.83441092900744
-5.034734561152166,5.034734561152166
-4.916087071467386,4.916087071467386
-4.868307957676978,4.868307957676978
-4.823875818080523,4.823875818080523
-4.779278317888401,4.779278317888401
-5.170763216653887,5.170763216653887
-4.855946937577309,4.855946937577309
-5.170763216653886,5.047861162940928
-4.9377505717942185,4.884060132282418
-4.994170723429127,4.994170723429127
-4.841489246108167,4.841489246108167
4.765922609625491,-4.765922609625491
-4.871172735324789,4.871172735324789
0.0,0.0
-4.994170723429127,4.994170723429127
-4.994170723429127,4.994170723429127
-4.994170723429127,4.994170723429127
-4.797112647475145,4.797112647475145
5.163153736640447,-5.119270116507774
-5.033775690598864,5.033775690598864
4.9634568862261546,-4.9634568862261546
-5.033775690598864,5.033775690598864
-4.9340702394894524,5.07455790529175
-5.160565808985438,5.160565808985438
-4.955889390512149,4.955889390512149
-4.983870162621921,4.983870162621921
-5.078841985318428,5.078841985318428
-4.972762512328201,4.972762512328201
5.037467961542377,-5.037467961542377
-4.995447347068841,4.995447347068841
-5.009873007811913,5.009873007811913
-5.008917407637161,5.008917407637161
-5.0152352550954795,5.0152352550954795
-5.019791557463391,5.019791557463391
19.973932775318797,5.026067224681203
-5.0,5.0
14.004913231041058,5.0
-4.999999999999993,4.999999999999993
-5.0,5.0
20.0,5.0
20.0,5.0
-5.0,5.0
-5.0,5.0
-5.0,5.0
-5.0,5.0
5.0,-5.0
-25.0,5.0
-5.0,5.0
-25.0,5.0
-20.0,-5.0
-25.0,0.0
0.0,0.0
0.0,0.0
5.0,-5.0
5.0,-5.0
5.0,-5.0
0.0,0.0
0.0,0.0
0.0,5.0
-4.5125,4.5125
-4.5125,4.5125
5.0,-5.0
5.0,-5.0
5.0,-5.0
5.0,-5.0
5.0,-5.0
5.0,-5.0
-4.5125,4.5125
-4.5125,5.0
-4.95246875,5.0
-4.976723434813095,5.0
-5.016372803206182,5.016372803206182
-5.012925898176351,5.012925898176351
25.0,-4.988151261956801
19.988797556803984,5.011202443196016
-20.013787622584744,-4.9862123774152565
4.960791447581234,-4.960791447581234
-5.185502439270754,5.185502439270754
25.0,-4.834915610176559
7.149773775795492,5.078974200818553
-5.084229291122605,5.084229291122605
-4.965883963213301,4.965883963213301
19.768053994097105,5.231946005902895
20.038934846511538,4.961065153488462
-4.952766828634214,4.952766828634214
-5.176489616212953,5.176489616212953
-25.0,2.4375
25.0,0.0
-4.98476347274822,4.98476347274822
0.0,0.0
-4.81529032119945,4.81529032119945
-4.831264028511297,4.831264028511297
-4.948392977764126,4.948392977764126
-4.853058807478965,4.853058807478965
-25.0,4.704917172771072
-25.0,4.806890381628019
-25.0,4.8302889059147205
-25.0,4.871117194361361
-14.21321365467518,5.064684394534325
-5.064684394534325,4.9595201048694175
-4.9595201048694175,4.926596936501835
-4.8734707426866954,4.858588920224092
-4.89392938279549,4.89392938279549
5.281136365082265,-5.281136365082265
5.113826155370694,-5.113826155370694
-4.81831951272196,4.81831951272196
-4.9117151140392314,4.9117151140392314
-4.9117151140392314,4.9117151140392314
-4.9117151140392314,0.0
5.151847416148545,-5.151847416148545
5.205332101636731,-5.205332101636731
5.151446006458303,-5.151446006458303
0.0,0.0
0.0,0.0
0.0,0.0
0.0,0.0
0.0,5.039277243928137
20.071381261978544,4.928618738021456
25.0,0.0
5.107203368842187,-5.107203368842187
-5.0667402582854235,5.0667402582854235
4.965636659480139,-4.965636659480139
4.9876955366164655,-4.9876955366164655
-5.005490846013745,5.005490846013745
-5.010276890317598,5.010276890317598
-5.017201409638646,5.017201409638646
-5.007967347259321,5.007967347259321
5.351673005809612,-4.989288199876254
4.9666298351087095,-4.9666298351087095
-5.047825818691473,5.047825818691473
-5.047825818691473,5.047825818691473
5.0,-5.0
5.0,-5.0
5.0,-5.0
-5.0,5.0
-5.0,5.0
-5.0,5.0
-5.0,5.0
5.0,-5.0
-5.0,5.0
-5.0,5.0
5.0,-5.0
-25.0,0.0
-5.0,5.0
-5.0,5.0
-25.0,5.0
-5.000000000000001,0.0
0.0,0.0
0.0,0.0
5.0,-5.0
5.0,-5.0
0.0,0.0
5.0,-5.0
5.0,-5.0
25.0,-5.0
25.0,-5.0
5.0,-5.0
25.0,0.0
20.0,5.0
-5.0,5.0
-5.0,5.0
5.0,-5.0
-5.0,5.0
-13.7875,5.0
-5.0,5.0
25.0,-5.0
5.0,-5.0
5.0,-4.993752482938455
4.993016784176197,-4.994183346375362
4.99504507263282,-4.99504507263282
4.995045072632819,-4.995045072632819
4.995045072632819,-4.992890756680998
4.969839575441782,-4.969839575441782
4.980615247180395,-4.926087117399131
4.801770869655861,-4.801770869655861
4.720926303225789,-4.720926303225789
4.938362626899741,-4.938362626899741
4.938362626899735,-4.938362626899735
4.387261677512806,-4.387261677512806
4.427121470409643,-4.427121470409643
4.938362626899733,-4.938362626899733
4.938362626899735,-4.938362626899735
-25.0,4.002750009820652
25.0,-4.251181583505183
7.455195169052391,0.0
-4.734357039125378,4.734357039125378
-25.0,5.0098402177367305
-5.002328933580177,5.002328933580177
-4.702888665311265,4.702888665311265
-25.0,5.006878874550232
-25.0,5.129769567611575
-5.440088290944975,5.440088290944975
-5.110739213869164,5.110739213869164
-25.0,4.832983904935681
-4.993940985807669,4.993940985807669
-4.664169040033017,4.664169040033017
-5.64015504613384,5.64015504613384
-4.667581653547385,4.667581653547385
-4.651217897196908,4.651217897196908
-14.979472564834222,5.103407175549133
-5.103407175549133,0.0
0.0,0.0
0.0,0.0
0.0,0.0
0.0,0.0
4.759300612031122,-4.759300612031122
4.513219430935367,-4.513219430935367
0.0,0.0
0.0,0.0
0.0,5.5210667432355995
-4.9827627357701285,4.9827627357701285
-4.9827627357701285,4.9827627357701285
4.501445693409236,-4.501445693409236
-4.982762735770123,5.2436847147532255
19.982104291337194,5.017895708662806
-5.030535143620347,5.030535143620347
-5.07440680468066,5.07440680468066
-5.0285092100581705,5.0285092100581705
5.002594059828637,-5.002594059828637
-4.970767386644176,4.970767386644176
5.018116225616507,-5.018116225616507
4.998730348565745,-4.998730348565745
25.0,-4.999925356968713
4.995502636559514,-4.995502636559514
14.415380437836852,-4.984123464719962
25.0,-4.9704648501249835
25.0,-4.979697593505044
5.0,-5.0
5.0,-5.0
5.0,-5.0
5.0,-5.0
0.0,5.0
-5.0,5.0
-5.0,5.0
-25.0,5.0
17.1606648199446,5.0
0.0,0.0
-5.0,5.0
-25.0,5.0
-15.000000000000005,5.0
-25.0,5.0
-25.0,5.0
-25.0,0.0
0.0,0.0
0.0,0.0
0.0,0.0
0.5401662049861491,5.0
-5.0,5.0
-5.0,5.0
-5.0,5.0
-5.0,5.0
-5.0,5.0
-5.0,5.0
-5.0,5.0
-5.0,5.0
-5.0,5.0
-5.0,5.0
-5.0,5.0
-5.0,5.0
-5.0,5.0
-5.0,5.0
20.0,5.0
25.0,-5.0
25.0,-4.975225362547743
25.0,-4.977164249554708
14.675381301853143,1.7763568394002505e-15
-5.022189455598111,5.022189455598111
-20.025636363076046,-4.974363636906638
-10.937644188935765,-4.934077925587429
25.0,-4.7127732803167035
24.99999999999082,0.0
-5.310593903561297,5.310593903561297
-5.159818491121676,5.159818491121676
-24.999999999997215,5.326062693023783
1.8401171965842291,-4.919537553820454
24.999999999953594,-5.051111571596191
5.26258820788599,-5.26258820788599
5.262588207885981,-5.262588207885981
-12.446593996825936,-5.366420145575894
25.0,2.0975221559638157e-11
-5.099352685218763,5.099352685218763
-4.722232068120283,4.722232068120283
-25.0,2.4375
25.0,0.0
-4.984000415648374,4.984000415648374
0.0,0.0
-24.99999999994558,4.990465257562128
-5.252072662525734,5.252072662525734
-4.750155287484571,4.750155287484571
-25.0,4.858824969318665
-4.85968332966258,4.85968332966258
-24.999999999968438,4.859997641023806
-25.0,4.826447112228394
-14.375817398969382,4.908426836545267
-5.01688382173532,5.01688382173532
-5.068344417794881,5.068344417794881
-4.923368618002483,4.923368618002483
-5.068344417794881,5.068344417794881
-4.848444489483116,4.848444489483116
-4.794733222110029,4.794733222110029
-5.068344417794881,5.068344417794881
-5.068344417794881,5.068344417794881
-5.068344417794881,5.068344417794881
-4.736694177620607,4.736694177620607
4.5620475115578225,-4.5620475115578225
4.283524727493313,-4.283524727493313
5.1640933987235895,-4.926557174221197
-4.787651118125431,4.787651118125431
4.823467150196197,-4.823467150196197
-5.28272086040829,5.28272086040829
19.80007951316977,5.199920486799378
-5.191759752059079,5.191759752059079
4.893936798776402,-4.893936798776402
-4.989884355493445,4.989884355493445
-4.969034172301992,4.969034172301992
-4.994606930045765,4.994606930045765
-5.0323171449101,5.0323171449101
-5.014403809732823,5.014403809732823
25.0,-2.7714719408322708e-11
24.99999999998954,-5.003097335708819
9.398790054521234,-4.985965140248411
4.972423827832897,-4.972423827832897
4.962792505063821,-4.962792505063821
25.0,-5.0
5.0,-5.0
5.0,-5.0
5.0,-5.0
5.0,-5.0
5.0,-5.0
-5.0,5.0
5.0,-5.0
-5.0,5.0
-5.0,5.0
-5.0,5.0
-25.0,0.0
-5.0,5.0
-25.0,5.0
-25.0,0.0
-15.487500000000011,-5.0
0.0,0.0
0.0,0.0
0.0,0.0
0.0,5.0
-4.5125,4.5125
-4.5125,0.0
0.0,0.0
25.0,0.0
-22.5625,0.0
5.0,-5.0
7.700831024930746,-5.0
20.0,5.0
-25.0,0.0
5.0,-5.0
20.0,5.0
20.0,5.0
-25.0,0.0
-20.125000000000004,0.0
5.0,-5.0
25.0,-5.0
4.980180290531276,-4.980180290531276
-18.05,0.0
0.575760759422919,5.024559204192919
-5.027359816840987,5.027359816840987
4.965961803893271,-4.965961803893271
-5.0542887671632934,5.0542887671632934
19.85303263951972,5.146967360480279
25.0,-2.6258106800014502e-11
19.974770675148882,5.025229324851118
19.588914802264267,5.073923128883006
-4.50366228276793,4.50366228276793
-25.0,5.220923333677689
17.104990140701332,4.810884281816463
-5.168906381262863,5.168906381262863
-5.430267007627592,5.430267007627592
-25.0,4.9835889076011455
17.194359301028662,4.984489554814942
-4.729964253835936,4.729964253835936
-4.735755661568107,4.735755661568107
-25.0,4.83856135372919
17.32943070187154,5.010113504522707
0.0,0.0
-5.347601857330211,5.347601857330211
-25.0,5.0185475260489625
-25.0,5.15324193613375
-25.0,4.777547080812408
-15.452540196257535,5.5032036532624105
-4.296066255724126,4.296066255724126
-25.0,5.314747484019605
-5.1782063369007805,4.796032754424822
-4.932573901543645,4.932573901543645
5.008973021330455,-5.008973021330455
-4.932573901543645,4.932573901543645
-4.932573901543645,4.932573901543645
-4.474367895868973,4.474367895868973
-4.932573901543645,4.932573901543645
-4.932573901543645,4.932573901543645
-4.495167986673401,4.495167986673401
-4.932573901543645,4.932573901543645
-4.932573901543645,4.932573901543645
5.056889725234815,-5.056889725234815
-4.932573901543645,4.932573901543645
5.021038664488249,-5.021038664488249
-4.932573901543645,5.272844351701133
-5.093833301977934,5.093833301977934
14.261555660954432,5.195875937039169
24.999999999958693,4.1307401943413424e-11
20.07224979957286,4.927750200427141
-4.971894457956045,4.971894457956045
-5.165716681089645,5.165716681089645
-5.0528016361717745,5.0528016361717745
-4.961230376020654,4.961230376020654
-4.985866511153862,4.985866511153862
-5.036160224312532,5.036160224312532
-5.0255641830158435,5.0255641830158435
-5.004250555256581,5.004250555256581
-5.011756085124757,5.011756085124757
-5.029719153970571,5.029719153970571
-5.0437723293212935,5.0437723293212935
-5.010427236510419,5.010427236510419
-5.0,5.0
-5.0,5.0
-5.0,5.0
-5.0,5.0
20.0,5.0
-5.0,5.0
-5.0,5.0
-5.0,5.0
5.0,-5.0
-5.0,5.0
-5.0,5.0
-25.0,4.512499999999989
-5.0,5.0
-25.0,5.0
-25.0,0.0
-20.0,-5.0
0.0,0.0
0.0,0.0
0.0,0.0
5.0,-5.0
5.0,-5.0
5.0,-5.0
5.0,-5.0
20.0,5.0
-22.5625,5.0
-5.0,5.0
-5.000000000000001,5.000000000000001
-5.0,5.0
5.0,-5.0
-5.0,5.0
-5.0,5.0
-5.0,5.0
-5.0,5.0
-5.0,5.0
-5.0,5.0
-5.0,5.0
19.993537050911826,5.006462949088174
-5.006247517061545,5.006247517061545
25.0,0.0
19.99418334637536,5.005816653624638
19.71437442532706,5.008617264423641
-5.034253626900649,5.034253626900649
-5.152830800364817,5.152830800364817
-5.101635584491893,5.101635584491893
-5.01568330065505,5.01568330065505
-5.121400869832077,5.121400869832077
-4.983244301168955,4.983244301168955
-5.373119458715948,5.373119458715948
-4.602749570542122,4.602749570542122
-5.259636963056473,5.259636963056473
-25.0,5.083105375547294
-25.0,5.516435972225882
20.770212416901394,4.229787583080444
13.214810844752055,5.4422070524703585
-4.934651638493765,4.934651638493765
-25.0,4.56586153476243
6.7813627000329575,5.385199933835565
-4.973839575077295,4.973839575077295
-25.0,4.668171145136515
-25.0,4.826454054848821
-25.0,5.330554568441158
-25.0,4.638749582054249
-4.811863822444224,4.811863822444224
-5.010113662309529,5.010113662309529
-4.924281888162513,4.924281888162513
-4.4989403541554385,4.4989403541554385
-5.010113662309529,5.010113662309529
-4.9800835154319545,4.9800835154319545
5.111456828362568,-5.111456828362568
-5.010113662309529,5.010113662309529
-4.792978632583499,4.792978632583499
-5.010113662309529,5.010113662309529
4.430128256202588,-4.430128256202588
6.044766546688087,-6.044766546688087
4.429637223594084,-4.429637223594084
-4.9374690800932,4.9374690800932
-4.681757222168195,4.681757222168195
4.966690569477655,-4.966690569477655
4.978860351941878,-4.978860351941878
4.938664788675218,-4.938664788675218
4.695993380930929,-4.695993380930929
5.274209207762688,-5.274209207762688
4.7620890208542175,-4.7620890208542175
-4.913631592851211,4.913631592851211
-4.9988618047167614,4.9988618047167614
-5.010113662309529,5.010113662309529
4.970029738154463,-4.970029738154463
4.988787907153289,-4.988787907153289
-4.943417377240712,4.943417377240712
-4.950345636602665,4.950345636602665
-4.982362021328096,4.982362021328096
-4.986010723383748,4.986010723383748
-4.979916611483879,4.979916611483879
-4.990176993354606,4.990176993354606
-5.009277633732605,5.009277633732605
-5.010113662309529,5.010113662309529
-5.0,5.0
-5.0,5.0
-5.0,5.0
-5.0,5.0
-5.0,5.0
-5.0,5.0
-5.0,5.0
-5.0,5.0
20.0,5.0
-5.0,5.0
-5.0,5.0
-5.0,5.0
-5.0,5.0
-25.0,5.0
-7.5726136623095295,5.0
-5.0,0.0
0.0,0.0
0.0,0.0
5.000000000000002,-5.000000000000002
5.0,-5.0
5.0,-5.0
5.0,-5.0
7.700831024930746,-5.0
25.0,0.0
-25.0,5.0
-5.000000000000001,5.000000000000001
-5.000000000000001,5.000000000000001
-5.0,5.0
-5.000000000000001,5.000000000000001
-5.0,5.0
-5.0,5.0
-5.0,5.0
-5.0,5.0
-5.0,5.0
-5.0,5.0
-5.0,5.0
-5.0,5.045025206043404
-5.040635248454174,5.046102367409267
-5.0455693233111445,5.043732616349041
19.954543927437914,5.045456072562086
19.959067993833607,5.040932006166393
4.65025516520546,-4.9439877815545
19.842617288795196,5.157382711204804
25.0,0.0
-5.054113387104055,5.054113387104055
-5.334902384484642,5.334902384484642
-5.034589081696819,5.034589081696819
-25.0,4.6470854601735425
-7.445524735117571,5.2359392749440286
20.02316436863406,4.97683563136594
-4.482851146885552,4.482851146885552
-25.0,5.159736441971155
16.99434360233549,4.989327930106441
-4.729754081781141,4.729754081781141
0.0,0.0
-5.058328109958182,5.058328109958182
0.0,0.0
-4.872535382370753,4.872535382370753
0.0,-4.970378994367238
-25.0,0.0
-25.0,4.98274127676153
-25.0,4.949197690586541
-24.629565126374374,4.686673228579036
-5.018668075185499,5.018668075185499
-5.018668075185499,5.018668075185499
-4.8891667451813925,4.8891667451813925
-5.018668075185499,5.018668075185499
-5.018668075185499,5.018668075185499
-4.903186420416212,4.903186420416212
4.846722088469484,-4.846722088469484
4.839400148506437,-4.839400148506437
-5.018668075185499,5.018668075185499
5.46807778077699,-5.46807778077699
4.823680793561208,-4.824347285122363
-5.0180015836243435,5.0180015836243435
-5.0180015836243435,5.0180015836243435
-5.0180015836243435,5.0180015836243435
-5.003975596916407,5.003975596916407
-5.018001583624343,5.018001583624343
20.168710725596235,4.831289274403765
-4.954614196815565,4.954614196815565
19.955661732639097,4.747383604065234
20.05153065341116,4.9484693465888405
19.976490235999613,5.023509764000387
-5.012100356259937,5.012100356259937
-4.980341339108786,4.980341339108786
-5.009047467128207,5.009047467128207
-5.0418138496280545,5.0418138496280545
-4.976076987366437,4.976076987366437
-14.995948105756028,4.95726880240858
-4.995932773314115,4.995932773314115
-5.0038980742755115,5.0038980742755115
-4.996868922564195,4.996868922564195
-25.0,5.009347173346171
-5.014807968365457,5.014807968365457
-25.0,5.029332130001279
-5.0,5.0
-5.0,5.0
-25.0,5.0
-5.0,5.0
-5.0,5.0
-5.0,5.0
-5.0,5.0
-25.0,5.0
-5.0,5.0
-5.0,5.0
-5.0,5.0
-5.0,5.0
-5.0,5.0
-5.0,5.0
-5.0,5.0
-5.0,0.0
0.0,0.0
0.0,0.0
0.0,0.0
20.0,5.0
-22.5625,5.0
-5.0,5.0
-5.0,5.0
-5.0,5.0
-5.0,5.0
-5.0,5.0
-5.0,5.0
-5.0,5.0
-5.0,5.0
-5.0,5.0
-5.0,5.0
-5.0,5.0
-5.0,5.0
-5.0,5.0
-5.0,5.0
-5.0,5.0
-5.0,5.042009165066834
19.953251337743552,5.046748662256448
19.949373573591295,5.050626426408705
19.630356098275158,5.0506264264087015
-5.045240639302745,5.045240639302745
-5.045886934149927,5.045886934149927
25.0,-4.8900305405419005
-0.23728567857568517,5.127316219117584
-25.0,5.063661699209128
17.080935247250004,5.009190293792511
-4.947181963859799,4.947181963859799
-25.0,4.598826674426245
-5.0947778139298965,5.0947778139298965
17.06027716852446,5.544901031557266
-4.548718942629315,4.548718942629315
-4.778805904125593,4.778805904125593
-5.251112687464636,5.251112687464636
-4.970437691067225,4.970437691067225
-4.685633097809353,4.685633097809353
-25.0,4.552837178838168
17.551726021302578,5.104410068627427
-5.279039693712792,5.279039693712792
-14.676355232327364,4.874632684887537
-25.0,4.775243393124697
-25.0,4.809040069371676
-25.0,5.217439084943443
-25.0,5.3273148892901965
-4.847249096474755,4.435260746141342
-4.643999465392981,4.643999465392981
-4.915326538956784,4.915326538956784
-4.8571549535319045,4.8571549535319045
-4.915326538956784,4.915326538956784
5.536409575625636,-5.536409575625636
-4.608269584930264,4.608269584930264
-4.915326538956784,4.915326538956784
-4.756731526898843,4.756731526898843
-4.889055347680877,4.812002359279144
-4.838273550555051,4.838273550555051
-4.838273550555051,4.781539876493055
4.993450584346476,-4.993450584346476
-4.781539876493055,4.781539876493055
-4.781539876493055,4.781539876493055
-4.565091061681674,4.565091061681674
-4.781539876493055,4.781539876493055
5.091071874702414,-5.091071874702414
25.0,-5.231711534676595
25.0,0.0
25.0,0.0
-25.0,4.938057467174534
4.952721819941549,-4.952721819941549
-5.047418754562328,5.047418754562328
19.976480497593826,5.023519502406174
-4.9895120673346325,4.9895120673346325
-5.0114832421142435,5.0114832421142435
-5.030967062873021,5.030967062873021
-4.995380514485538,4.995380514485538
-5.006807328085444,5.006807328085444
4.971516935712301,-4.971516935712301
7.369204928723065,-4.943141420270939
25.0,0.0
-5.0,5.0
0.0,0.0
-5.0,5.0
-5.0,5.0
-5.0,5.0
-5.0,5.0
0.0,0.0
0.0,0.0
-5.0,5.0
-5.0,5.0
-5.0,5.0
-25.0,5.0
-10.000000000000007,5.0
-25.0,5.0
-25.0,0.0
-25.0,0.0
5.0,-5.0
5.0,-5.0
5.0,-5.0
0.0,0.0
5.0,-5.0
5.0,-5.0
5.0,-5.0
25.0,-5.0
5.0,-5.0
25.0,-5.0
25.0,-5.0
5.0,-5.0
5.0,-5.0
5.0,-5.0
5.0,-5.0
5.0,-5.0
5.0,-5.0
5.0,-5.0
5.0,-5.0
-5.0,5.0
-5.05299617746893,5.05299617746893
-5.056658518223521,5.056658518223521
-5.053857900644614,5.053857900644614
25.0,-4.948080983896933
25.0,-4.9370939665639995
5.148332845197777,-4.909943694328625
4.739167298776478,-4.739167298776478
4.58136310443842,-4.58136310443842
4.584799794003853,-4.535367494610759
4.860511394935532,-4.860511394935532
4.677259035277702,-4.677259035277702
4.705834860962287,-4.705834860962287
4.656539731329173,-4.656539731329173
4.860511394935531,-4.860511394935531
-4.9574379498881145,4.9574379498881145
-23.658795684032402,5.48290721801272
25.0,-5.651656920235837e-11
0.0,0.0
-25.0,4.715969824493584
-24.999999999975174,-2.48263631874579e-11
-5.3128647715887976,5.3128647715887976
-4.670080365754412,4.670080365754412
-24.99999999999625,4.9935597728314
-25.0,0.5820674032976498
-5.291597000626401,5.291597000626401
-5.20491396654273,5.095284309647536
-4.934336064837917,4.934336064837917
-5.04228560758936,5.04228560758936
-5.035041298745654,5.035041298745654
4.977192229597053,-4.977192229597053
-5.029197505786611,5.029197505786611
-5.0976454317406095,5.0976454317406095
-5.016117608898915,5.016117608898915
-5.181967343731207,5.181967343731207
-5.181967343731207,5.181967343731207
-5.181967343731207,5.181967343731207
-5.181967343731207,5.099760406382121
4.815826796414397,-4.815826796414397
4.72293453507821,-4.72293453507821
-5.099760406382121,5.099760406382121
-5.099760406382121,0.0
0.0,0.0
4.854668233123803,-4.854668233123803
4.45700377102945,-4.45700377102945
0.0,0.0
0.0,0.0
0.0,5.0638620095871785
19.753853179527244,5.246146820416172
-7.143902389836203,5.011266926234834
-24.999999999999986,5.022278119468311
-5.0126668602805715,5.0126668602805715
-4.954244383937613,4.954244383937613
-5.0,5.0
-5.0,5.0
-5.0,5.0
19.999999999999947,5.0
-5.0,5.0
14.698306792832952,5.0
25.0,0.0
20.0,5.0
-5.0,5.0
-5.0,5.0
5.0,-5.0
5.0,-5.0
5.0,-5.0
5.0,-5.0
-5.0,5.0
-5.0,5.0
5.0,-5.0
5.0,-5.0
5.0,-5.0
-20.487500000000004,5.000000000000002
-5.0,5.0
-25.0,0.0
-25.0,0.0
-20.0,-5.0
5.0,-5.0
5.0,-5.0
5.0,-5.0
25.0,-5.0
-18.05,0.0
0.0,0.0
0.0,0.0
5.0,-5.0
5.0,-5.0
5.0,-5.0
5.0,-5.0
5.0,-5.0
5.0,-5.0
0.0,0.0
5.0,-5.0
5.0,-5.0
5.2631578947368425,-5.0
25.0,-5.0
5.0,-5.0
25.0,-5.0
5.0,-5.0
25.0,-5.0
25.0,-5.0
25.0,-5.0
5.0,-5.0
5.0,0.0
-5.323624570958681,5.323624570958681
-5.384824716758759,5.384824716758759
-5.2767667744565285,5.2767667744565285
-5.074516091782351,5.074516091782351
-5.110843353175595,5.110843353175595
-7.634601006607906,5.090083655799118
-24.999999999978606,4.982017350795008
20.28683057612,4.713169423871566
-6.674511707808362,4.387061919388654
-24.999999999973525,4.724949788444469
19.7939909928147,5.206009007128529
-5.104911199592914,5.104911199592914
-5.16430153047669,5.16430153047669
-25.0,2.4375000000037375
25.0,-4.142464149481384e-12
-5.05803083957437,5.05803083957437
-9.864061598600243,4.892083276908764
-24.999999999988077,-1.191935439237568e-11
-24.999999999967002,5.138912998716197
-25.0,4.871621481063407
-24.99999999999661,4.854056651378762
-4.875004430654128,4.875004430654128
-4.750347787414638,4.750347787414638
-4.892612809503282,4.892612809503282
-4.892612809503282,4.846011416596509
-4.846011416596509,4.846011416596509
5.029685382658556,-5.029685382658556
4.840705361147036,-4.840705361147036
-4.846011416596509,4.846011416596509
-4.846011416596509,4.620487965737486
5.11208040190653,-5.11208040190653
4.946319658845187,-4.946319658845187
4.9856679068458885,-4.9856679068458885
4.940589472402252,-4.940589472402252
5.057005225192857,-5.057005225192857
4.783862340813288,-4.783862340813288
-4.620487965737487,4.620487965737487
4.802211055459066,-4.802211055459066
-4.620487965737487,4.620487965737487
5.096872907431088,-5.096872907431088
5.145234885763852,-5.145234885763852
4.753973097573052,-4.753973097573052
4.731962939585267,-4.731962939585267
24.999999999953125,-4.883063313996999
5.0186624343064015,-5.0186624343064015
5.026556134563788,-5.026556134563788
4.985510869505396,-4.985510869505396
4.949689931250449,-4.949689931250449
24.999999999962082,-5.002896290635853
24.99999999995924,-4.989934082998435
4.995729573464778,-4.995729573464778
25.0,-4.996896042175244
4.977369917288649,-4.977369917288649
4.9548805089306525,-4.9548805089306525
5.0,-5.0
5.0,-5.0
5.0,-5.0
5.0,-5.0
20.016293369004128,-5.0
5.0,-5.0
-5.0,5.0
-5.0,5.0
-5.0,5.0
5.0,-5.0
5.0,-5.0
-10.487500000000002,-5.0
-20.0,-5.0
-20.0,-5.0
-20.0,-5.0
0.0,0.0
0.0,0.0
0.0,0.0
0.0,0.0
0.0,5.0
-4.5125,0.0
0.0,0.0
0.0,0.0
0.0,5.0
5.0,-5.0
-4.5125,5.0
-4.952468749999996,5.0
-4.995365703125,5.0
5.0,-5.0
25.0,-5.0
20.0,5.0
25.0,0.0
-20.0,-5.0
-13.174548156054687,-5.0
-25.0,0.0
25.0,-5.0
25.0,-4.933675697994371
-5.067645530625615,5.067645530625615
15.069791384159842,5.065106224521244
25.0,-4.938064015944249
24.999999999994373,-4.928588263591248
-23.17628228605886,5.0618331939499726
25.0,-4.534664120378576
-5.404566057947806,5.404566057947806
-5.342924424603192,5.342924424603192
-5.016447383369279,5.016447383369279
-0.4429049041635631,4.977569024542137
-4.697131339533928,4.697131339533928
-5.136133425955464,5.136133425955464
-4.523566459963398,4.523566459963398
-5.038280346749305,5.038280346749305
-4.936441572269752,4.936441572269752
-5.191348717372335,5.191348717372335
-4.97088454336391,4.97088454336391
-4.764380085595693,4.764380085595693
-25.0,5.2104440792878535
16.490865017108113,5.436620767614485
-4.936538768955753,4.936538768955753
-5.026493039555971,5.026493039555971
-25.0,0.0
-4.932370040961963,4.932370040961963
-25.0,4.752817466845325
-25.0,4.940687931382875
-4.803994046614623,4.803994046614623
-25.0,5.0648030502289245
-9.575467596846527,4.901181896554249
-5.0259369987743625,5.0259369987743625
-4.90150883086171,4.90150883086171
-5.084022748164852,5.084022748164852
-4.882974558906291,4.882974558906291
-5.084022748164852,5.084022748164852
-5.084022748164852,5.084022748164852
-4.871601915496747,4.871601915496747
4.726653886186064,-4.726653886186064
-5.084022748164852,5.084022748164852
4.409645001348635,-4.409645001348635
-4.789675207554056,4.789675207554056
4.698354503024004,-4.698354503024004
4.64930047166396,-4.64930047166396
5.198415042674142,-5.198415042674142
-5.084022748164852,5.084022748164852
4.6661546294756295,-4.6661546294756295
5.032127291607528,-5.032127291607528
5.049182469837975,-5.049182469837975
-5.0613958014667055,5.0613958014667055
-5.084022748164852,5.084022748164852
4.894163745543342,-4.894163745543342
5.01575917146509,-5.01575917146509
5.047290939835451,-5.047290939835451
5.0061746275596555,-5.0061746275596555
5.0,-5.0
5.0,-5.0
-4.984921817531325,4.984921817531325
-4.9937133518051295,4.9937133518051295
-5.003081837467461,5.003081837467461
4.99202903042354,-4.99202903042354
-5.0,5.0
-5.0,5.0
-5.0,5.0
-5.0,5.0
20.0,5.0
20.0,5.0
-4.999999999999993,4.999999999999993
5.0,-5.0
25.0,-5.0
5.0,-5.0
-5.0,5.0
-25.0,1.7409772518351474
-5.0,5.0
-25.0,5.0
-25.0,0.0
0.0,0.0
0.0,0.0
0.0,5.0
-4.5125,0.0
20.0,5.0
-22.5625,5.0
-5.0,5.0
-5.000000000000001,5.000000000000001
20.0,5.0
-25.0,5.0
-7.562500000000002,5.0
-5.0,5.0
20.0,5.0
-5.0,5.0
-7.562500000000002,5.0
-5.0,5.0
-5.0,5.0
-25.0,5.0
-5.0,5.0
-5.0,5.0
-5.0,5.0
-5.0,5.0060320850349145
-5.005443956744011,5.007755538166185
-5.007530158977522,5.0081864016030915
-4.999772155312364,5.00366233736464
-5.011633307249277,5.011633307249277
-5.011633307249277,5.149940404546239
-5.136455462559786,5.369801458128274
-5.347050223560348,5.309972539032928
19.9194428817237,5.0805571182763
19.5021419607872,4.877389851918704
20.2572086237747,4.7427913762252984
20.35130858549183,4.648691414508171
-5.030722357691681,5.030722357691681
-4.875985864723822,4.875985864723822
-4.907636640111018,4.907636640111018
-4.998360910431513,4.998360910431513
-4.969929617481307,4.969929617481307
-4.851198185204069,4.851198185204069
-5.283616774017251,5.283616774017251
0.0,-4.769489223083915
5.284752601755034,0.0
-4.852152479939361,4.852152479939361
-4.582479643479525,4.582479643479525
-14.706953253998625,4.940401390503361
-4.988737807370002,4.988737807370002
-25.0,4.758634751617276
-25.0,4.758016858399124
-25.0,5.249900253478863
-25.0,4.877619905113818
-4.877619905113817,4.86313002513178
-4.659857041599476,4.659857041599476
-4.86313002513178,4.86313002513178
4.275794435219596,-4.582198782925819
5.18974812778986,-5.18974812778986
-4.556725677425556,4.556725677425556
-4.556725677425556,4.556725677425556
4.996483878326512,-4.996483878326512
4.743789535698752,-4.743789535698752
4.996860673271597,-4.996860673271597
4.933917614170257,-4.933917614170257
5.071686342810339,-5.071686342810339
4.6845292211611875,-4.6845292211611875
5.252700022953565,-5.252700022953565
24.999999999999996,-4.928601460363797
-4.940047632435156,4.940047632435156
-5.01877000547634,5.01877000547634
17.275112850023987,4.626645754484098
25.0,-1.7479351299698465e-11
4.908294611183466,-4.908294611183466
4.978041162177997,-4.978041162177997
4.923146020234987,-4.923146020234987
-5.006003147793569,5.006003147793569
-4.973560519210432,4.973560519210432
-4.981423810987575,4.981423810987575
-4.997351661502556,4.997351661502556
-4.987112132147308,4.987112132147308
-4.994583225040289,4.994583225040289
-5.000683049316412,5.000683049316412
-5.021620791870268,5.021620791870268
-5.020931596263825,5.020931596263825
-5.0,5.0
5.0,-5.0
-5.0,5.0
5.0,-5.0
-5.0,5.0
-5.0,5.0
-5.0,5.0
-5.0,5.0
-5.0,5.0
-5.0,5.0
-25.0,5.0
-25.0,5.0
-4.999999999999993,4.999999999999993
-5.0,5.0
-25.0,0.0
0.0,0.0
0.0,0.0
0.0,0.0
0.0,0.0
20.0,5.0
-22.5625,5.0
-5.0,5.0
-5.0,5.0
20.0,5.0
-23.662500000000005,5.0
-5.0,5.0
25.0,-5.0
25.0,-5.0
5.0,-5.0
-25.0,5.0
-25.0,5.0
-5.000000000000001,5.000000000000001
-5.0,5.0
-5.0,5.0
14.311065308287173,5.0
20.0,5.0
-25.0,5.009263559270824
-25.0,5.000215431602886
-5.000215431602884,5.0
25.0,0.0
-25.0,5.006032085034914
-7.508443409374099,5.220817399546089
-5.280906075206907,5.280906075206907
19.887862952622246,5.112137047377754
19.988917053206528,5.011082946793472
20.169475360564363,4.830524639435637
19.633350967365438,4.778387453457935
-4.646668902947821,4.646668902947821
-5.5700598256963,5.5700598256963
-4.958009138205205,4.958009138205205
-4.84447962207101,4.84447962207101
0.0,0.0
0.0,0.0
-5.144764996590291,5.144764996590291
0.0,0.0
0.0,-4.888161958661164
5.416245937574692,-5.082253642250152
5.082253642250148,-5.082253642250148
4.838448378360392,-4.838448378360392
-19.88595294307021,-5.114047056929788
5.039732616713528,-5.039732616713528
-25.0,5.18354933466469
-25.0,4.876205503988295
-25.0,4.720400478621727
-4.900744511467239,4.900744511467239
-5.193421405143962,5.193421405143962
-5.084832510165761,4.783344800017692
-4.891933694995892,4.891933694995892
-4.891933694995892,4.891933694995892
4.8912287034487205,-4.8912287034487205
-4.891933694995892,4.891933694995892
5.13547892619323,-5.13547892619323
4.955896057005629,-4.955896057005629
4.976417811845596,-4.976417811845596
5.354811453071774,-5.354811453071774
5.06529092710087,-5.06529092710087
5.218912813916263,-5.218912813916263
4.8810438792797965,-4.8810438792797965
-4.891933694995892,4.891933694995892
5.164188555107896,-5.164188555107896
4.857985858967759,-4.857985858967759
5.370192513057932,-5.370192513057932
5.207127242378038,-5.207127242378038
4.863302801708359,-4.863302801708359
5.1155969969405,-5.1155969969405
5.029827943057587,-5.029827943057587
4.967518940462587,-4.967518940462587
-4.891933694995892,5.009580554857191
-4.9845918450569835,4.9845918450569835
-4.993180216616826,4.993180216616826
25.0,-5.001164476651766
25.0,-5.018219482302872
24.9999999999854,-4.95295895382057
25.0,-4.992626710286139
4.955671391984145,-4.955671391984145
19.67392462349499,-4.9838691123533465
5.0,-5.0
5.0,-5.0
5.0,-5.0
5.0,-5.0
5.0,0.0
0.0,0.0
0.0,0.0
-5.0,5.0
-5.0,5.0
-5.0,5.0
-25.0,5.0
-25.0,5.0
-25.0,5.0
-25.0,5.0
-15.000000000000002,3.552713678800501e-15
0.0,0.0
0.0,0.0
0.0,0.0
5.0,-5.0
25.0,0.0
5.0,-5.0
-17.5625,-5.0
5.0,-5.0
25.0,-5.0
-13.05,-5.0
5.0,-5.0
0.0,0.0
0.0,0.0
5.0,-5.0
5.0,-5.0
0.0,0.0
20.0,5.0
-5.0,5.0
5.0,-5.0
-5.0,5.0
-22.5625,5.0
-5.0,5.0
5.0,-5.0
5.34890383498944,-4.999784568397113
4.99784568389409,-4.99784568389409
-5.01551107633237,5.01551107633237
-5.1695446881518805,5.1695446881518805
-5.315080138099576,5.315080138099576
25.0,0.0
25.0,-5.003654342934752
20.170170884901854,4.829829115098146
19.976499450138455,4.295145096222701
5.105882219731968,-5.105882219731968
4.7150180543475395,-4.7150180543475395
5.105882219731969,0.0
-25.0,4.573893515451143
2.836076469959761,-4.972469985410904
25.0,0.0
0.0,0.0
-4.770132993341849,4.770132993341849
0.0,0.0
0.0,0.0
-5.128569756572037,5.128569756572037
0.0,0.0
-14.775285048847277,4.776367466486835
-25.0,5.31607478681611
-25.0,4.907912451486233
-25.0,4.774930344058092
-25.0,4.983404612586128
-4.972325452676524,4.972325452676524
-4.7982720650867385,4.7982720650867385
-4.953423221838384,4.953423221838384
-4.9834046125861295,5.087807738593124
-4.909253008376285,4.909253008376285
19.79219096070792,5.207809039261505
25.0,-7.908340649009915e-12
25.0,-0.3630231953160177
4.8009254083851305,-4.8009254083851305
5.148899642629245,-5.148899642629245
4.750620443053295,-4.750620443053295
4.990293585493347,-4.990293585493347
4.950456829473388,-4.950456829473388
4.972705403358169,-4.972705403358169
4.905506517934025,-4.905506517934025
25.0,-4.690760222995959
4.6907602229959515,-5.222536230632741
4.626580430737339,-4.626580430737339
4.639368737567029,-4.639368737567029
5.2799857162223045,-5.2799857162223045
-25.0,4.9440409014762885
4.838274339489191,-4.838274339489191
4.933127851649783,-4.933127851649783
-15.159339610189614,-5.0195141823960565
5.057643753969601,-5.057643753969601
-19.966444163157078,-5.033555836842922
-19.99489785937143,-5.005102140628569
5.0,-5.0
5.0,-5.0
5.017356154601561,-5.017356154601561
5.009684713694364,-5.009684713694364
0.0,0.0
25.0,-5.0
5.0,-5.0
-5.0,5.0
-5.0,5.0
-5.0,5.0
-5.0,5.0
-5.0,5.0
-5.0,5.0
-5.0,5.0
5.0,-5.0
-5.0,5.0
-5.0,5.0
-18.05,5.0
-5.0,5.0
-5.0,0.0
0.0,0.0
0.0,0.0
0.0,0.0
0.0,0.0
20.0,5.0
-22.5625,0.0
0.0,0.0
0.0,5.0
20.0,5.0
-25.0,5.0
-7.075000000000002,4.999999999999999
-5.000000000000001,5.000000000000001
20.0,5.0
-25.0,0.0
25.0,0.0
25.0,0.0
25.0,0.0
-25.0,0.0
-20.0,-5.0
20.0,5.0
-2.576177285318575,5.0
-25.0,5.0
-25.0,3.552713678800501e-15
20.0,5.0
20.0,5.0
19.997199389200997,5.002800610799003
-23.015652000482,5.203152000482014
19.59594386963334,5.4040561303666586
25.0,0.0
-25.0,4.834738494462211
-25.0,4.769496481277997
14.735397270948566,5.024453171444554
20.123763569793432,4.876236430206568
-5.619577119183133,5.619577119183133
-4.776992933472732,4.776992933472732
-4.833007257386216,4.833007257386216
-25.0,4.974577386284672
16.938948183923525,5.24988573709069
0.0,0.0
0.0,0.0
-17.377570050787668,-5.184929949212332
25.0,-4.647660034606815e-11
-4.791639969135381,4.791639969135381
-4.803290948509386,4.803290948509386
4.647697431592908e-11,-4.647697431592908e-11
-5.023045081792147,5.023045081792147
-25.0,4.815574968637026
-25.0,5.013786781876803
-5.089232869222944,5.089232869222944
-25.0,4.950377936059425
-5.0360542901809335,5.0360542901809335
-25.0,4.926158289120199
-5.243333165700607,5.243333165700607
-14.70589797569346,5.493812181264296
-4.46918743873453,4.46918743873453
4.8470332440941535,-4.8470332440941535
4.851198816351381,-4.851198816351381
-5.398441404435058,5.113328180141762
-5.208698956971,5.208698956971
-4.91414440004197,4.91414440004197
-5.208698956971,5.208698956971
5.111347008730332,-5.111347008730332
4.880146387802558,-4.880146387802558
4.834898174732072,-4.834898174732072
-5.208698956971,5.208698956971
-4.930734422703693,4.930734422703693
-5.152024452969476,5.152024452969476
-5.021454906140315,5.021454906140315
-5.0134207164360145,5.0134207164360145
-4.96223577396484,4.96223577396484
4.898330491340103,-4.898330491340103
-4.89644713790031,4.89644713790031
5.0,-5.0
5.0,-5.0
5.0,-5.0
5.0,-5.0
14.491746308065375,-5.0
-4.999999999999994,4.999999999999994
-4.999999999999993,4.999999999999993
-4.999999999999993,4.999999999999993
5.0,-5.0
25.0,0.0
25.0,-5.0
5.0,-5.0
5.0,-5.0
25.0,-5.0
25.0,-5.0
5.0,-5.0
-13.05,-5.0
25.0,1.7763568394002505e-14
0.0,0.0
0.0,-5.0
-25.0,0.0
-25.0,5.0
-25.0,0.0
-15.000000000000018,-5.0
0.0,0.0
0.0,0.0
0.0,0.0
0.0,0.0
0.0,5.0
0.4874999999999998,-5.0
0.0,0.0
0.0,5.0
-4.5125,5.0
-4.95246875,5.000000000000001
-4.9953657031250005,5.0
-4.999548156054602,5.0
20.0,5.0
-25.0,0.0
-2.562455945215326,0.0
0.0,5.0
20.0,5.0
-25.0,4.9999999999999964
-7.075,0.0
0.0,0.0
5.0,-5.0
19.999999999999996,5.0
-22.562499999999993,0.0
5.0,-5.0
0.0,0.0
25.0,-4.97845683678365
24.99999999997529,-4.837899820126015
24.99999999998357,1.6431300764452317e-11
25.0,-4.615743315821774
-0.08582829736959985,-4.701701477217956
24.999999999999982,-5.193493671511153
5.193493671511153,0.0
-25.0,2.4375
19.998923262686237,5.001076737313763
-5.055630586347972,5.055630586347972
-4.830806446710314,4.830806446710314
-25.0,5.252396441096636
21.881001173300124,3.552713678800501e-15
-4.918413480458316,4.918413480458316
-5.212376652356284,5.212376652356284
-17.621425175315053,-4.9410748246849465
25.0,0.0
0.0,0.0
0.0,0.0
-9.554828445135266,4.865345352195854
5.119640915553399,-5.119640915553399
-4.832196864237993,4.832196864237993
-4.918475332894863,4.918475332894863
5.19610315007137,-5.19610315007137
5.072140137727452,-5.072140137727452
4.914956055484817,-4.914956055484817
5.065179214026699,-5.065179214026699
-5.064876263317082,5.064876263317082
4.969351486543788,-4.969351486543788
5.19610315007138,-5.19610315007138
5.194127658985754,-5.194127658985754
4.913121941397012,-4.913121941397012
-20.20651518727252,-4.793484812727481
-20.050304965331833,-4.949695034668167
-10.481860148093924,-4.828656758966666
4.793007034212526,-4.793007034212526
-19.894251267924457,-5.1057487320755435
4.802899637176132,-4.802899637176132
4.234752818981599,-4.234752818981599
4.841791565670475,-4.841791565670475
4.948785551392003,-4.948785551392003
4.6298418844705544,-4.6298418844705544
4.558204140003217,-4.558204140003217
25.0,-5.035272298661738
5.100962742010912,-5.100962742010912
24.914823630415363,-4.854355736311099
24.99999999998275,-4.769800644973856
25.0,-4.992237055714579
5.047261601038955,-5.047261601038955
5.0,-5.0
5.0,-5.0
25.0,-5.0
5.0,-5.0
5.0,-5.0
5.0,-5.0
5.0,-5.0
5.0,-5.0
5.0,-5.0
5.0,-5.0
5.0,-5.0
5.0,-5.0
5.0,-5.0
5.0,-5.0
-23.05,5.0
20.0,5.0
0.0,0.0
-5.0,5.0
-25.0,5.0
-25.0,-3.552713678800501e-15
-25.0,0.0
-20.0,-5.0
5.0,-5.0
0.0,0.0
0.0,0.0
0.0,0.0
0.0,5.0
-4.5125,0.0
5.0,-5.0
0.0,5.0
17.700831024930746,5.0
-25.0,0.0
5.0,-5.0
25.0,-5.0
25.0,-5.0
-25.0,0.0
-6.100000000000001,-5.0
0.0,0.0
20.0,5.0
-5.0,5.0
-22.5625,0.0
0.0,0.0
0.0,0.0
0.0,5.0
-4.5125,4.5125
-4.5125,5.0
17.213331024930746,5.0
-25.0,5.0
-5.000000000000001,5.082079445592123
-5.074076699646891,5.201487546680796
19.904600190394422,5.095399809605578
19.864801934360475,5.135198065639525
17.01924411892247,4.7304947331514136
19.750472123435046,5.2495278765649545
-25.0,4.931795696908317
20.295266491096633,4.704733508903367
-4.802756366736375,4.802756366736375
-7.790349228702645,5.071466703545867
-25.0,5.156382525156776
19.986600111425272,5.013399888574728
-4.849092677772235,4.849092677772235
-4.7340869080759695,4.7340869080759695
-25.0,2.4374999999797744
25.0,2.241051788587356e-11
0.0,0.0
0.0,0.0
-25.0,0.0
-25.0,5.274894318169544
-25.0,4.67667774860363
-25.0,4.9684584130977285
-4.828916791659081,4.828916791659081
-8.73053364969467,4.250974567186943
-5.4404713973631775,5.4404713973631775
-4.660129697238131,4.660129697238131
-5.032399947246184,5.032399947246184
-5.145827217515882,5.145827217515882
-5.4404713973631775,5.114457933829708
-4.724398796841353,4.721872314152614
-5.111931451140969,5.111931451140969
5.088647795664998,-5.088647795664998
-5.040529755768207,4.83092005322642
-4.9023217485991815,4.9023217485991815
-4.9023217485991815,4.9023217485991815
5.485855938252991,-5.485855938252991
4.910802790600167,-4.910802790600167
-4.902321748599181,4.902321748599181
25.0,-4.841102510592922
5.3570029543248285,-5.3570029543248285
5.211490363743828,-5.211490363743828
-0.1381491651390654,4.810474114957273
25.0,0.0
-4.925376928748316,4.925376928748316
5.040837864134761,-5.040837864134761
5.049205245380418,-5.049205245380418
5.0,-5.0
5.0,-5.0
5.0,-5.0
5.0,-5.0
5.0,-5.0
5.0,-5.0
5.0,-5.0
5.0,-5.0
5.0,-5.0
5.0,-5.0
5.0,-5.0
5.0,-5.0
5.0,-5.0
25.0,-5.0
5.0,-5.0
5.0,-5.0
5.0,-5.0
25.0,0.0
5.0,-5.0
-10.48750000000001,-5.0
-20.0,-5.0
-20.0,-5.0
5.0,-5.0
-25.0,0.0
5.0,-5.0
0.0,0.0
0.0,0.0
0.0,0.0
0.0,5.0
-4.5125,4.5125
-4.5125,4.5125
-4.5125,4.5125
-4.5125,5.0
-4.95246875,4.95246875
25.0,-5.0
-23.00246875,5.0
20.0,5.0
9.722991689750693,-5.0
25.0,-5.0
20.0,5.0
20.0,5.0
-5.0,5.0
-5.0,5.0
0.0,-4.5125
5.0,-5.0
4.9956913677881785,-4.9956913677881785
5.0,-4.997199389200996
4.997199389201017,-4.9991382735884535
4.999347737552734,-4.999784568397113
4.980395723790617,-4.980395723790617
4.9998317606489895,-4.879126779798536
4.8791267797985345,-4.86546659164976
-5.4589589228505595,5.4270280385173555
-5.043558789503889,5.043558789503889
4.900847072905391,-4.900847072905391
4.900847072905387,-5.155704357370351
4.916763594326117,-4.922755142815509
5.156480352990089,-5.156480352990089
5.1898762506941365,-5.1898762506941365
5.189876250694145,-5.189876250694145
-25.0,2.4654057854976834
25.0,0.0
5.158955712746581,-5.158955712746581
-20.060391330520133,-4.939608669479867
-25.0,0.0
19.68340388545404,5.3165961144955745
-4.647680316514822,4.647680316514822
-25.0,4.914430940921484
-25.0,4.95710596640216
-5.1132044752686685,5.1132044752686685
-4.496365273123697,4.496365273123697
-5.460236406576415,5.460236406576415
-22.339921134058603,4.9392539646906926
-5.1874494892806435,5.1874494892806435
-5.003762269125051,5.003762269125051
-4.8181740332666125,4.8181740332666125
-5.185130022910142,5.185130022910142
-5.377412207156483,5.377412207156483
-5.377412207156483,4.038703947579025
-4.038703947579025,4.038703947579025
-4.038703947579025,4.038703947579025
0.7667688771869132,-4.805472824765938
4.479090771202435,-4.479090771202435
4.894153440091143,-4.894153440091143
4.68975701434401,-4.68975701434401
5.222492681468233,-5.222492681468233
4.312137159721976,-4.312137159721976
25.0,0.0
-5.6018690190587295,5.6018690190587295
-4.967923831324721,4.967923831324721
25.0,0.0
25.0,0.0
25.0,0.0
-5.052203298658605,5.052203298658605
4.851065565375198,-4.851065565375198
4.923655573072418,-4.923655573072418
4.98061257096786,-4.98061257096786
5.0,-5.0
5.0,-5.0
5.0,-5.0
5.0,-5.0
5.0,-5.0
-5.0,5.0
5.0,-5.0
5.0,-5.0
5.0,-5.0
5.0,-5.0
5.0,-5.0
-5.0,5.0
5.2631578947368425,0.0
-5.0,5.0
-5.0,5.0
-25.0,5.0
17.160664819944596,5.0
-5.0,5.0
-5.0,5.0
-25.0,5.0
-5.0,5.0
-20.000000000000004,-5.0
-20.0,-5.0
-20.0,-5.0
5.0,-5.0
0.0,0.0
0.0,2.7008310249307463
20.0,5.0
-25.0,5.0
-5.0,5.0
-5.0,5.0
17.160664819944596,5.0
-25.0,5.0
-5.000000000000001,5.000000000000001
-5.0,5.0
-5.0,5.0
-5.0,5.0
-5.0,5.0
25.0,0.0
-25.0,5.0
20.0,5.0
-3.1163434903047076,5.0
25.0,0.0
-5.0,5.0
25.0,-5.0
20.0,5.0
-5.0,5.0
-5.0,5.0
-9.11507114066073,5.030375857817557
-5.332975634736331,5.332975634736331
4.525978152734822,-4.525978152734822
-20.23158593636157,-4.768414063638431
25.0,-5.115509425251002
12.342318602916563,-4.896425254839614
4.811842994582938,-4.811842994582938
-25.0,0.0
-4.880784477734688,4.880784477734688
2.4367271167797586,5.160529162994653
20.43865116851219,4.56134883148377
-25.0,4.926501002110456
22.242104152786194,3.552713678800501e-15
-4.968117593549412,4.968117593549412
-4.744889625463047,4.744889625463047
-25.0,5.016288649820389
16.92220403456378,5.220412419928866
-4.925806108920273,4.925806108920273
-4.964236037582449,4.964236037582449
-24.99999999997242,4.884335943657629
-14.749594828699365,5.032092578505386
-24.999999999999996,4.9039841906182
-25.0,5.007222218687801
-25.0,4.85934251011426
-4.937382612911497,4.937382612911497
-4.937382612911497,4.937382612911497
-4.937382612911497,4.937382612911497
-4.9229526919240705,4.9229526919240705
-4.937382612911497,0.0
4.985083464435254,-4.985083464435254
4.865544163599038,-4.865544163599038
4.894732833323285,-4.894732833323285
5.057168692346586,-5.057168692346586
4.9301698614333755,-4.9301698614333755
4.911773179591908,-4.911773179591908
19.85092213963628,-4.942943020727585
4.81808377920104,-4.81808377920104
4.73474708816401,-4.73474708816401
25.0,-4.81904501655676
24.999999999951804,-4.7730160742617045
5.259794118737087,-5.259794118737087
4.621720596437239,-4.621720596437239
25.0,-5.091303032405325
25.0,0.0
-4.929142195823097,4.929142195823097
4.902244748627154,-4.902244748627154
4.890060449774761,-4.890060449774761
5.038542899100133,-5.038542899100133
5.038542899100139,-5.038542899100139
5.0,-5.0
5.0,-5.0
5.038542899100139,-5.0
5.0,-5.0
5.0,-5.0
5.0,-5.0
5.0,-5.0
5.0,-5.0
5.0,-5.0
5.0,-5.0
5.0,-5.0
0.0,5.0
-5.0,5.0
-5.0,5.0
-5.0,5.0
-5.0,5.0
-5.0,5.0
-5.0,5.0
-25.0,5.0
-25.0,0.0
-25.0,0.0
-25.0,-3.552713678800501e-15
0.0,0.0
0.0,0.0
0.0,0.0
0.0,0.0
0.5401662049861491,5.0
-5.0,5.0
-5.0,0.0
0.0,0.0
25.0,0.0
-22.5625,0.0
0.0,0.0
0.0,0.0
25.0,0.0
-22.5625,5.0
-5.000000000000001,5.000000000000001
-5.000000000000001,5.000000000000001
20.0,5.0
-25.0,0.0
-2.562500000000002,5.0
-4.76234375,5.000000000000003
25.0,-2.813660405124658
-25.0,5.0
-5.0,5.0
20.0,5.0
-25.0,5.0
-5.0734621793194155,5.0734621793194155
19.68999689963084,5.310003100369158
24.99999999997875,-4.672678957023514
25.0,0.0
19.781165763924044,5.218834236075956
-3.385558271581849,4.941893738321883
-24.999999999957986,5.020591812191565
-25.0,4.634209739441182
19.930139566362413,5.0698604336375865
14.926200701473665,4.777620293900561
-7.433145096172206,4.802334760332158
-25.0,5.068310335840046
19.835841108815757,5.164158891184243
-5.003518015115423,5.003518015115423
-4.7989713763081046,4.7989713763081046
-25.0,4.905068501699709
16.846225580579375,5.419626495099621
0.0,0.0
-25.0,4.642650072440567
-25.0,4.809502700351153
-5.19504976520815,5.19504976520815
-4.728016533232026,4.728016533232026
-25.0,4.943696610617753
-7.26150492270212,4.88698045089366
-5.074296768091534,5.074296768091534
-4.802178866946168,4.802178866946168
-4.976028393954275,4.976028393954275
-5.0318558982634976,5.0318558982634976
-4.8906145971144355,4.8906145971144355
5.043895664381509,-5.043895664381509
-5.049374023047078,5.049374023047078
-4.939568276051919,4.939568276051919
-5.2701619756264035,5.2701619756264035
-5.084053043235812,5.084053043235812
24.999999999964185,-5.079030372929292
4.732308966098906,-4.732308966098906
-20.352305167097008,-4.647694832902992
4.935797170864503,-4.935797170864503
-25.0,0.0
4.626422012762101,-4.626422012762101
5.504299956142836,-5.504299956142836
4.774925294879598,-4.774925294879598
0.0,0.0
4.817547146199265,-4.817547146199265
0.0,4.861495844875343
5.01721233391106,-5.01721233391106
-4.387499999999997,4.387499999999997
25.0,0.0
4.979702537903221,-4.979702537903221
5.0208622612800475,-5.0208622612800475
-4.974656804832923,4.974656804832923
5.00119527466824,-5.00119527466824
4.999588154190342,-4.999588154190342
-5.000856259806767,5.000856259806767
-5.011674393460018,5.011674393460018
-5.0,5.0
-5.0,5.0
-5.0,5.0
5.0,-5.0
-5.0,5.0
25.0,-5.0
5.0,-5.0
5.0,-5.0
-5.0,5.0
-5.0,5.0
-5.0,5.0
-25.0,5.0
-20.0,-5.0
5.0,-5.0
0.0,0.0
5.0,-5.0
0.0,0.0
0.0,0.0
0.0,0.0
0.0,0.0
20.0,5.0
-22.5625,5.0
-5.000000000000001,0.0
0.0,0.0
20.0,5.0
-22.5625,5.0
-5.000000000000001,5.000000000000001
-5.000000000000001,0.0
20.0,5.0
25.0,-5.0
-25.0,5.0
-5.0,5.0
-18.66250000000001,5.0000000000000036
25.0,-5.0
-25.0,5.0
20.0,5.0
20.0,5.0
25.0,-5.0
-25.0,0.0
-25.0,5.0
-23.175000000000004,5.0000000000000995
20.0,5.0
19.722991689750685,5.0
20.0,5.0
20.0,5.0
-4.767715127160783,4.767715127160783
-10.210269974146188,4.969404818491627
-25.0,5.1117286161736715
-25.0,5.004136539480889
20.002357650782862,4.997642349217138
20.239692708006714,4.760307291993286
-4.900145868242091,4.900145868242091
-25.0,4.958544982272837
17.075699667440208,5.130898690152215
-5.03466576609519,5.03466576609519
0.0,0.0
-25.0,5.039341936527585
17.19560251961795,4.9214701268888845
-4.985974644439376,4.985974644439376
-25.0,4.886866213230242
-25.0,0.0
-4.93004552541297,4.93004552541297
-9.459902630632097,4.622156088082312
-25.0,5.207557211484136
-5.055255684844821,5.055255684844821
-25.0,4.641213581159128
-4.897890463323725,4.897890463323725
-4.880064338652034,4.880064338652034
-4.890666351193993,4.890666351193993
4.818113443124689,-4.818113443124689
5.387441137939416,-5.387441137939416
-4.8978904633237255,4.8978904633237255
4.817411607314078,-4.817411607314078
4.775290729173073,-4.775290729173073
4.840031295818139,-4.840031295818139
5.058456864009769,-5.058456864009769
4.791054895577434,-4.791054895577434
5.068456762016363,-5.068456762016363
4.8171881811657355,-4.8171881811657355
4.4890502757810795,-4.4890502757810795
5.245631173062512,-5.245631173062512
5.457480817413526,-5.457480817413526
4.546793312181315,-4.546793312181315
-4.8978904633237255,4.8978904633237255
5.394544520376514,-5.306178396968635
4.6920502881010755,-4.6920502881010755
4.546827709709802,-4.546827709709802
4.434218248569239,-4.434218248569239
4.5328466922478245,-4.5328466922478245
4.834995923671973,-4.834995923671973
5.04725455148097,-5.04725455148097
4.947146343483394,-4.947146343483394
5.049733372685999,-5.02495873523374
5.0,-5.0
-5.0,5.0
5.0,-5.0
-5.0,5.0
5.0,-5.0
5.0,-5.0
-5.0,5.0
-5.0,5.0
-5.0,5.0
-5.0,5.0
-5.0,5.0
-5.0,5.0
-5.0,5.0
-5.0,5.0
-5.0,5.0
-5.0,5.0
0.0,-5.0
5.0,-5.0
0.0,0.0
0.0,0.0
0.0,0.0
5.0,-5.0
7.700831024930746,-5.0
25.0,0.0
-20.0,-5.0
5.0,-5.0
5.0,-5.0
25.0,-5.0
-18.05,0.0
0.0,0.0
0.0,5.0
-4.459833795013851,5.0
-5.0,5.0
-5.0,5.0
-5.0,5.0
20.0,5.0
-7.562500000000002,5.0
-25.0,5.0
-5.000000000000001,5.000000000000001
25.0,0.0
-25.0,5.0
-5.0,5.0
20.0,5.0
25.0,0.0
-7.812499999999999,5.0
20.0,5.0
-5.0,5.0
20.0,5.0
-25.0,4.903708167216941
-5.186989540677242,5.186989540677242
-10.391202103153582,5.3473598123361725
-25.0,5.015134123600458
25.0,0.0
25.0,0.0
0.0,0.0
-25.0,2.4375000000000036
25.0,0.0
0.0,0.0
0.0,0.0
0.0,0.0
-5.100667365069036,5.100667365069036
-4.868348982252238,4.868348982252238
-5.119156194418013,5.119156194418013
-25.0,4.819195229616952
-5.141478612538261,5.141478612538261
-14.00918897469464,4.512809185182764
-25.0,4.863755492117676
-25.0,4.813429067777243
-5.45647666204061,5.45647666204061
-4.62689979127706,4.62689979127706
-4.986938406384343,4.986938406384343
-5.044205557711553,5.044205557711553
-4.756820834243447,4.756820834243447
5.1162573348153675,-5.1162573348153675
4.753485851848417,-4.753485851848417
5.28339019213235,-5.28339019213235
-25.0,0.0
5.192453856315124,-5.192453856315124
5.078455397728335,-5.078455397728335
4.738734045732025,-4.738734045732025
4.80843795483631,-4.80843795483631
4.962319874344125,-4.962319874344125
5.002469048283375,-5.002469048283375
4.972014297051855,-4.972014297051855
5.4377378983562,-5.4377378983562
4.096937069866796,-4.096937069866796
4.760549652560979,-4.760549652560979
4.5771944158913405,-4.5771944158913405
4.461048794150144,-4.461048794150144
4.43100491981854,-4.43100491981854
0.0,5.349614586107226
-4.828027163961771,4.967391142993643
-4.9538031550380355,4.9538031550380355
-4.9538031550380355,5.412919134831326
-5.091866114424129,5.091866114424129
19.33377641152229,4.981286938310607
20.01212858119783,4.987871418773729
20.0,5.0
25.0,-5.0
5.0,-5.0
4.999999999999999,8.881784197001252e-16
0.0,0.0
0.0,0.0
0.0,0.0
-5.0,5.0
-5.0,5.0
-5.0,5.0
-5.0,5.0
-5.0,5.0
-5.0,5.0
-5.0,5.0
-25.0,5.0
-25.0,0.0
-25.0,0.0
-25.0,0.0
-3.375077994860476e-15,0.0
0.0,0.0
0.0,0.0
0.0,0.0
0.0,0.0
5.0,-5.0
5.0,-5.0
0.0,2.7008310249307463
20.0,5.0
-25.0,5.0
-5.000000000000001,5.000000000000001
-5.0,5.0
17.160664819944596,5.0
-25.0,5.0
-5.0,5.0
-5.0,5.0
14.321329639889193,5.0
20.0,5.0
-25.0,5.0
-5.0,5.0
-25.0,5.0
-5.0,5.0
-5.0,5.0
-5.000000000000001,0.0
20.0,5.0
-2.299168975069254,5.0
-25.0,5.0
14.562374298696717,4.999999999999993
20.103898188122546,4.896101811873894
20.10122163074883,4.898778369251168
20.001409746360476,4.998590253585903
-24.999999999982066,4.818132140863799
-25.0,4.714325054599293
20.302985422718738,4.697014577281262
19.8356823752633,5.164317624733137
-4.782934554265088,4.782934554265088
-5.094471707483721,5.094471707483721
-4.980502912820581,4.980502912820581
-4.625826525273511,4.625826525273511
-5.0727510883251785,5.0727510883251785
-24.71194247349762,5.199014001472946
-4.582851389246119,4.582851389246119
-5.037835387894555,5.037835387894555
-24.999999999988013,-1.198685595227289e-11
-25.0,0.0
-4.961273432101325,4.961273432101325
-25.0,4.744981141823246
-4.948819633346835,4.948819633346835
-4.831772102097217,4.831772102097217
-5.232052669798572,5.232052669798572
-4.960808907679912,4.854337511932471
-5.125581274051131,5.125581274051131
-4.842736393196089,4.842736393196089
5.079066979473373,-5.079066979473373
-4.54578284533528,4.54578284533528
4.634356165617497,-4.634356165617497
-4.671631094699261,4.671631094699261
-4.957639285880548,4.957639285880548
-5.002897597308021,5.002897597308021
4.894037308985791,-4.894037308985791
5.102310241521394,-5.102310241521394
5.050527129185555,-5.050527129185555
5.229483900239947,-5.229483900239947
-5.125581274051131,5.125581274051131
-4.981952342621902,4.981952342621902
-4.974702984599702,4.974702984599702
-4.922662995308,4.922662995308
-5.125581274051131,5.542366975100784
18.497661345946995,5.408163597624505
5.143766521543178,-5.143766521543178
-5.19690470715724,5.19690470715724
25.0,-4.738767180965887
19.846626785225418,5.153373214774582
-5.032183779291925,5.032183779291925
-5.078169961356617,5.078169961356617
-5.1318215853087485,5.1318215853087485
19.934527041138928,5.065472958861072
-4.9725935423588465,4.9725935423588465
-4.932410705586024,4.932410705586024
-5.0,5.0
4.999569136794227,-4.999569136794227
-5.0,5.0
5.0,-5.0
-5.0,5.0
5.0,-5.0
0.0,5.0
0.0,0.0
-5.0,5.0
-25.0,5.0
-5.0,5.0
-5.0,5.0
-15.000000000000002,5.0
-25.0,5.0
-25.0,5.0
-25.0,5.0
-5.000000000000001,5.000000000000001
-5.000000000000001,0.0
5.0,-5.0
5.0,-5.0
0.0,0.0
0.0,0.0
0.0,0.0
5.0,-5.0
0.0,0.0
5.0,-5.0
5.0,-5.0
5.0,-5.0
0.0,0.0
0.0,4.999999999999999
-4.512499999999999,5.0
-4.952468750000001,4.952468750000001
-4.952468749999996,5.0
-4.995365703125,4.995365703125
5.0,-5.0
5.0,-5.0
-4.995365703125,4.995365703125
-4.995365703125,4.995365703125
5.0,-5.0
25.0,0.0
-5.0,5.0
-5.0,5.0
16.522905490068947,5.0
-5.0,5.0
-5.0,5.0
-5.0,5.0
19.875480522822365,5.1245194771776355
19.602956152898525,5.397043847053418
-25.0,5.330212092131148
25.0,0.0
-5.06035346168143,5.06035346168143
-5.007568087414609,5.007568087414609
-5.284781240807339,5.284781240807339
-5.562293558025815,5.562293558025815
-5.123199324096771,5.123199324096771
-4.963979791773898,4.963979791773898
-4.954313139547883,4.954313139547883
-4.5124424885946635,4.5124424885946635
-4.975458467931809,4.975458467931809
-5.367589661544477,5.367589661544477
-4.916061194427606,4.916061194427606
-24.999999999960977,4.899047987493386
-15.060954945144989,5.264850239851128
-24.999999999963517,4.881666190529135
-25.0,5.128791920425755
-25.0,4.9514691897613545
-5.064870582991276,5.064870582991276
-4.7154869968001325,4.7154869968001325
-4.800303097135792,4.800303097135792
-4.978987843698842,4.978987843698842
5.127718338848551,-5.127718338848551
4.757263899656262,-4.757263899656262
5.098790332964036,-5.098790332964036
-4.969918887977007,4.969918887977007
-4.796388721508622,4.796388721508622
-5.0017015731523475,5.0017015731523475
-4.9072169271487365,4.9072169271487365
-5.064870582991276,5.079755561190439
24.28253425811063,-4.803701825409306
24.999999999966867,-1.0313527809557854e-11
25.0,-1.56035184772918e-11
24.999999999950365,4.96349628065218e-11
5.157395516592055,-5.157395516592055
4.706850376986814,-4.706850376986814
4.786748577469697,-4.786748577469697
4.652466937726765,-4.652466937726765
-5.088146033552195,5.088146033552195
-5.382574361018888,5.382574361018888
-4.527418352006711,4.527418352006711
-4.918855599150163,4.918855599150163
4.819204381252966,-4.819204381252966
-5.29372664944291,5.29372664944291
-5.137007288855221,5.137007288855221
5.15739551659206,-5.13848678690894
4.989874713855363,-4.989874713855363
5.101024143275748,-4.973286480471614
5.006681633619068,-5.006681633619068
5.010749124104806,-5.010749124104806
5.0,-5.0
5.010749124104809,0.0
0.0,0.0
0.0,0.0
-5.0,5.0
0.0,0.0
-5.0,5.0
-5.0,5.0
-5.0,5.0
-5.0,5.0
-25.0,5.0
-25.0,5.0
-25.0,0.0
-20.0,-5.0
-5.000000000000001,5.000000000000001
-5.000000000000001,0.0
0.0,0.0
0.0,0.0
5.0,-5.0
0.0,0.0
5.0,-5.0
5.0,-5.0
0.0,0.0
0.0,5.0
-4.5125,0.0
5.0,-5.0
25.0,-5.0
25.0,-5.0
4.749999999999993,-5.0
25.0,-5.0
25.0,-5.0
25.0,-5.0
-25.0,0.0
-25.0,5.0
-25.0,5.0
-25.0,0.0
25.0,-4.951097024873501
25.0,0.0
19.961222309169077,5.038777690830923
25.0,0.0
-21.042641910273414,5.045886934149928
19.954543927437914,5.045456072562086
-5.046317800668607,5.046317800668607
-5.054073333903953,5.054073333903953
-25.0,5.090120041071824
25.0,0.0
-5.238951425489121,5.238951425489121
-5.210490784188922,5.210490784188922
-4.889070495216359,4.889070495216359
-4.918117472369127,4.918117472369127
-4.956946917279612,4.956946917279612
-4.806396193282957,4.806396193282957
-4.798453204365196,4.798453204365196
-4.232552639453008,4.232552639453008
-5.182540425490232,5.182540425490232
-25.0,5.208818243812914
11.162812942012918,4.709782687396977
-4.8993042333019385,4.8993042333019385
-25.0,5.156311205510551
-25.0,5.171412667237632
-4.825558456813518,4.825558456813518
-4.935278998921596,4.935278998921596
-5.192481626796839,5.192481626796839
-4.653334134133042,4.653334134133042
-4.810128167337046,4.810128167337046
-4.864008582189669,4.864008582189669
-5.04647453229712,5.04647453229712
-4.8068310537807175,4.8068310537807175
-5.255133726987486,5.255133726987486
-4.60382441441395,4.60382441441395
-5.078897831993837,5.078897831993837
-5.0290422435479325,5.0290422435479325
5.056716790871407,-5.056716790871407
4.968357429527858,-4.968357429527858
5.077690447186552,-5.077690447186552
4.349287752783334,-4.349287752783334
5.047423777853918,-5.047423777853918
5.413789644761007,-5.413789644761007
4.861641148623478,-4.861641148623478
4.761221193300629,-4.761221193300629
4.807060160254867,-4.807060160254867
5.365624268815839,-5.365624268815839
4.972586747663568,-4.972586747663568
4.601947382308952,-4.601947382308952
-5.254579579647811,5.254579579647811
-4.842108401620949,4.842108401620949
-4.61838940092608,4.61838940092608
20.170815917454412,4.829184082545588
-5.187441599939248,5.187441599939248
-5.064856855537247,5.064856855537247
-5.017282391262659,5.017282391262659
-5.013677287679899,5.013677287679899
-5.027040045808972,5.027040045808972
25.0,-5.015687997278601
5.030580327357776,-5.030580327357776
-4.994551152402093,4.994551152402093
0.030580327357774273,5.0
-5.0,5.0
-7.562499999999998,5.0
-25.0,5.0
20.0,5.0
-5.0,5.0
-5.0,5.0
-5.0,5.0
-5.0,5.0
-5.0,5.0
-25.0,5.0
-25.0,5.0
-25.0,5.0
-20.0,-5.0
-4.999999999999998,-5.0
0.0,0.0
0.0,0.0
0.0,0.0
0.0,5.0
20.0,5.0
-25.0,5.0
-7.075000000000002,0.0
5.0,-5.0
5.0,-5.0
5.0,-5.0
5.0,-5.0
25.0,-5.0
5.0,-5.0
12.700831024930746,-5.0
-20.0,-5.0
5.0,-5.0
5.0,-5.0
5.0,-5.0
0.0,0.0
10.591249160564285,-5.0
-5.0,5.0
-5.043517188020538,5.043517188020538
-5.042440026654677,5.042440026654677
-5.046102367409267,5.046102367409267
19.952605047827205,5.0473949521727945
19.619989718105487,5.051919016103067
19.948942707036622,5.051057292927382
25.0,0.0
0.0,-4.422265224165373
4.900016868881295,-4.900016868881295
4.900016868881299,0.0
-5.304261444796169,5.304261444796169
-25.0,5.199614380353204
16.93378145730269,5.005703993829499
-4.707208553086205,4.707208553086205
-4.690030616703631,4.690030616703631
-25.0,5.210494255499135
21.927430187812586,3.552713678800501e-15
-4.728279721661006,4.728279721661006
-4.942249389832025,4.942249389832025
-4.727026263099968,4.727026263099968
-4.816336763442251,4.816336763442251
-4.562115044320174,4.562115044320174
-25.0,4.938372251896247
-25.0,4.9568402533839375
-5.244014804797244,5.244014804797244
-4.836219166055464,4.836219166055464
-25.0,5.202393164179796
-4.790822633366729,4.790822633366729
-25.0,4.806908053752746
-14.347308474813847,4.993220215577702
-5.230431883502123,5.230431883502123
-5.550425463976587,5.550425463976587
5.250939753101231,-5.250939753101231
4.874797414335891,-4.874797414335891
-0.18685810424958227,-5.363567359727004
5.351147011780037,-5.351147011780037
4.716350406322541,-4.716350406322541
5.103283470676038,-5.103283470676038
0.0,0.0
0.0,0.0
5.024997851574551,-5.024997851574551
10.481859311018624,-4.79066042850762
-5.1363069914661805,5.1363069914661805
-5.0904225819055,5.0904225819055
-4.957155195892476,4.957155195892476
5.522290810262879,-5.522290810262879
25.0,-5.084405539009396
25.0,0.0
-5.133280008959264,5.133280008959264
-4.7854013935328705,4.7854013935328705
-4.692882455831553,4.692882455831553
-4.9753159864261916,4.9753159864261916
-4.8303532829405125,4.8303532829405125
25.0,-4.98314166083739
5.355354160866423,-5.000322871296642
25.0,-5.028833397888658
-4.999999999999993,4.999999999999993
-5.0,5.0
-5.0,5.0
-5.0,5.0
9.313308320391513,5.0
-5.0,5.0
-5.0,5.0
-5.0,5.0
-5.0,5.0
-5.0,5.0
-5.0,5.0
-5.0,5.0
-5.0,5.0
-10.000000000000007,5.0
-25.0,5.0
-25.0,5.0
-25.0,0.0
-25.0,0.0
5.0,-5.0
5.0,-5.0
0.0,0.0
0.0,0.0
0.0,0.0
5.0,-5.0
5.0,-5.0
5.0,-5.0
5.0,-5.0
5.0,-5.0
5.0,-5.0
5.0,-5.0
10.54016620498615,-5.000000000000001
5.0,-5.0
5.0,-5.0
5.0,-5.0
5.0,-5.0
-5.0,5.0
5.0,-5.0
5.0,-5.0
5.0,-5.0
-5.0,5.0
-5.0,5.0
-5.0,5.0
5.0,-5.0
5.0,-5.0
25.0,0.0
25.0,0.0
25.0,-5.0
9.720837373644782,-4.99784568389409
25.0,-4.873757066609318
4.8737570666093255,-4.827452924363003
4.806331421790094,-4.806331421790094
4.747443720846675,-4.747443720846675
4.827452924362999,-4.797374258035843
0.03313207812775687,4.764242179908086
0.0,0.0
0.0,0.0
0.0,0.0
0.0,0.0
-5.254784071376803,5.254784071376803
-4.928897468452985,4.928897468452985
-5.215787372428718,5.215787372428718
-4.864163213281037,4.864163213281037
-4.750571213562981,4.750571213562981
-5.1779115911062155,5.1779115911062155
-5.168585127281206,5.168585127281206
-25.0,4.768468026733579
-14.384551846530018,4.738369242585863
-25.0,5.016258985896737
-25.0,4.861455591313835
-4.89977254460722,4.89977254460722
-5.003466261035863,5.003466261035863
-4.826666120345553,4.826666120345553
5.256206046270066,-5.256206046270066
4.911848917269312,-4.911848917269312
5.018921165257491,-5.018921165257491
5.037106412749539,-5.037106412749539
-19.84688366218128,-5.1531163378187195
5.052914128318408,-5.052914128318408
0.0,0.0
4.860524017881766,-4.860524017881766
4.625751734317075,-4.625751734317075
5.017290911751368,-5.017290911751368
4.886165008566941,-4.886165008566941
5.108262907391705,-5.108262907391705
4.5890337927378875,-4.5890337927378875
4.80122962138937,-4.80122962138937
5.003989166583608,-5.003989166583608
4.75290014714316,-4.75290014714316
4.940251493016834,-4.940251493016834
4.776435945970153,-4.776435945970153
4.581628541329698,-4.581628541329698
4.9210882827653055,-4.9210882827653055
5.221564579346376,-5.221564579346376
5.016410619038371,-5.016410619038371
4.823837357541216,-4.823837357541216
5.004881599020677,-5.004881599020677
4.962980066759259,-4.962980066759259
10.27820626119632,-5.015048366459478
20.017776865596346,4.982223134403654
19.99484465069455,5.005155349305451
20.0,5.0
25.0,0.0
-5.0,5.0
0.0,0.0
-5.0,5.0
-5.0,5.0
-5.0,5.0
-5.0,5.0
-5.0,5.0
-25.000000000000007,5.0
-25.0,0.0
-25.0,0.0
-25.0,0.0
5.0,-5.0
5.0,-5.0
5.0,-5.0
5.0,-5.0
0.0,0.0
0.0,5.0
-4.512500000000001,5.0
0.04753125000000047,-5.0
0.0,0.0
0.5401662049861491,5.0
-5.0,5.0
-5.0,5.0
-5.0,5.0
-5.0,5.0
5.0,-5.0
-5.0,5.0
-5.000000000000001,5.000000000000001
25.0,-5.0
25.0,-5.0
5.0,-5.0
25.0,-5.0
4.745396576142724,5.0
25.0,0.0
4.9775951136079675,-4.9775951136079675
4.977595113607973,-4.983627196793818
4.984278862290346,-4.986212377415256
4.985135218514812,-4.985135218514812
4.985781513361995,-4.985781513361995
4.983783939918664,-4.987289535082989
4.990305577292269,-4.990305577292269
4.990305577292268,-4.965961803893271
4.965961803893283,-4.751055097688555
4.584006033806169,-4.584006033806169
4.557929906496283,-4.557929906496283
-25.0,5.046276352041247
24.99999999995416,-4.87261932496321
6.73306350630841,0.0
0.0,0.0
-25.0,4.3947884247785005
22.831259363126318,-4.599866489622272
4.599866489622275,-2.6645352591003757e-15
0.0,0.0
-25.0,2.4375
19.77208071394576,5.227919286054242
0.0,0.0
-13.993430488616074,4.923191265607894
-25.0,4.40821608383494
-4.916409587743664,4.916409587743664
-25.0,4.897709955192575
-25.0,4.833099404893723
-25.0,4.953913623299577
-5.022699844212645,5.022699844212645
-4.898894618696644,4.898894618696644
-4.938485227265039,4.938485227265039
-4.977727442517375,4.977727442517375
4.905837239125357,-4.905837239125357
5.269949278982359,-5.269949278982359
4.925020330517205,-4.925020330517205
5.294884015825741,-5.294884015825741
4.914586203160159,-4.914586203160159
4.8712636205376745,-4.8712636205376745
4.628148200659605,-4.628148200659605
4.7773659415339464,-4.7773659415339464
5.311962862080375,-5.311962862080375
-5.022699844212645,5.022699844212645
-5.022699844212645,5.022699844212645
-5.022699844212645,5.022699844212645
4.489735070614276,-4.489735070614276
25.0,-4.733539703356726
4.244805733362376,-4.244805733362376
4.837529427874554,-4.837529427874554
25.0,-5.271051893335905
24.99999999996465,-5.1171384164625024
-4.841127598698564,4.841127598698564
19.808723570010176,-4.989154049022066
25.0,-4.8587585410641125
4.840347816194957,-4.840347816194957
-5.074698296121897,5.074698296121897
-0.21952265014450734,5.078281191208628
-5.037882763389639,5.037882763389639
-4.957409079829443,4.957409079829443
-4.988075082969363,4.988075082969363
-4.983829054222409,4.983829054222409
-5.0,5.0
-5.0,5.0
-5.0,5.0
-5.0,5.0
-5.0,5.0
-5.0,5.0
-5.0,5.0
-25.0,5.0
-5.0,5.0
-25.0,5.0
-25.0,5.0
-15.000000000000007,5.000000000000002
-25.0,5.0
-5.000000000000001,0.0
0.0,0.0
0.0,0.0
0.0,0.0
0.0,0.0
5.0,-5.0
20.0,5.0
-22.5625,0.0
0.0,0.0
0.0,0.0
25.0,-5.0
-13.05,-5.0
0.0,0.0
0.0,5.0
-4.512500000000001,5.0
-4.9524687499999995,8.881784197001252e-16
0.0,0.0
25.0,-5.0
-18.05,0.0
25.0,-5.0
25.0,0.0
25.0,0.0
25.0,-5.0
-25.0,0.0
-25.0,5.0
-25.0,5.0
-16.225,5.0
17.160664819944593,5.0
-25.0,5.0000000000000036
20.0,5.0
19.70834234029213,5.0146493494585584
19.738769543145647,5.261230456854353
19.57354922459261,5.426450775407389
-5.22151645436386,5.22151645436386
-17.698203299057553,-4.864296700937462
24.99999999999448,0.0
0.0,0.0
-4.790882592361339,4.790882592361339
-25.0,4.665277334712368
17.344892522488646,5.186656137109839
-5.249830827274572,5.249830827274572
-5.072220924583348,5.072220924583348
-24.99999999999134,4.727357615438613
16.914227729450353,5.548533915483418
-4.899864060967417,4.899864060967417
-24.999999999949814,5.029453120447847
-24.999999999998053,1.2029488516418496e-11
-5.024717622168156,5.024717622168156
-24.999999999970363,4.781659636695451
-25.0,5.218105576504591
-9.885641156392024,4.841426131376999
-4.985003308726666,4.985003308726666
-4.985003308726666,4.985003308726666
-4.793805435561831,4.793805435561831
-4.930900098873014,4.930900098873014
-4.602629652552899,4.602629652552899
-4.985003308726666,4.985003308726666
-4.453364575630179,4.453364575630179
-4.985003308726666,4.985003308726666
4.604406963382651,-4.604406963382651
-4.985003308726666,4.985003308726666
-4.985003308726666,4.985003308726666
-4.985003308726666,4.985003308726666
-4.215431506328489,4.215431506328489
-4.985003308726666,4.985003308726666
25.0,-4.373514973490298
25.0,-2.779287910925632e-11
-25.000000000000004,4.46199677741232
4.7254843702174805,-4.7254843702174805
-5.700186622686301,5.700186622686301
-5.917532297827611,5.917532297827611
-4.752222294930393,4.752222294930393
-5.173598961525361,5.173598961525361
-4.889778326926431,4.889778326926431
-3.541910481992377,5.41182425203237
5.119409915637316,-5.119409915637316
4.917129884613144,-4.917129884613144
4.808562014729766,-4.808562014729766
4.96925651859673,-4.96925651859673
-4.978182466445952,4.978182466445952
-5.0,5.0
-5.0,5.0
5.0,-5.0
25.0,0.0
25.0,0.0
25.0,0.0
0.0,0.0
0.0,0.0
0.0,0.0
-5.0,5.0
-25.0,5.0
-5.0,5.0
-5.0,5.0
-25.0,5.0
-25.0,5.0
-25.0,5.0
-15.000000000000005,0.0
0.0,0.0
0.0,0.0
0.0,0.0
0.0,0.0
0.0,0.0
0.0,5.0
-4.5125,0.0
25.0,-5.0
25.0,0.0
25.0,0.0
-15.737500000000004,-5.0
-25.0,5.0
20.0,5.0
-5.0,5.0
-25.0,5.0
-25.0,5.0
25.0,0.0
20.0,5.0
25.0,-5.0
9.722991689750696,-4.999999999999999
5.0,-5.0
5.0,-5.0
25.0,-4.946435930787608
4.944281617917558,-4.938386561189202
4.940540874059253,-4.940540874059253
4.940540874059258,-4.945926666096048
4.9444337251593,-4.949158140331956
4.951743319720685,-4.951743319720685
-5.0465332289971085,5.0465332289971085
-23.795120309768496,5.095436209054444
-5.2779831629746825,5.2779831629746825
4.558309620497686,-4.558309620497686
25.0,-4.5394959869634235
5.211110886422668,-5.211110886422668
0.12609849927307426,5.085012387149598
0.0,0.0
-4.718875626716659,4.718875626716659
-4.814043805258841,4.814043805258841
-5.65160847639928,5.65160847639928
-4.979439745174018,4.979439745174018
-25.0,4.7379634148644385
-25.0,4.9776668523754495
20.06032569118525,4.939674308800285
14.644452737224068,4.99196801931129
-25.0,4.880465117194966
-25.0,0.0
-5.271553655448704,5.271553655448704
-9.516296274079906,4.977555770448592
-25.0,4.913756244445274
-25.0,4.82181385981319
-4.9723090428464225,4.9723090428464225
-5.077294717822115,5.077294717822115
-4.771032378261024,4.771032378261024
-4.885525025192875,4.885525025192875
-4.925098592783856,4.925098592783856
-5.077294717822115,4.976761155983159
-4.7642134627054045,4.7642134627054045
-4.976761155983159,5.04540978678228
-4.937007080261033,4.937007080261033
-5.0387165452793665,5.1086166654599126
-5.083476805740229,5.083476805740229
19.485705826151033,5.514294173823622
4.8972416438872965,-4.8972416438872965
24.999999999984354,-5.3468545789131525
25.0,-4.897152020969035
25.0,-4.768515362781962
4.423086545645937,-4.423086545645937
4.562280404915841,-4.562280404915841
4.531638834080056,-4.531638834080056
4.7072170735749115,-4.7072170735749115
5.413261374461114,-5.413261374461114
-5.14183836650593,5.14183836650593
5.368185464606722,-5.368185464606722
-5.025256937546005,5.025256937546005
4.751402434572492,-4.751402434572492
4.505023983092927,-4.505023983092927
4.936612770978049,-4.936612770978049
-4.998058393635672,4.998058393635672
5.029597840554088,-5.029597840554088
-5.034428247610779,5.034428247610779
-5.012337825435964,5.012337825435964
4.966443808136715,-4.966443808136715
14.622714313129178,-5.0
5.0,-5.0
5.0,-5.0
-5.0,5.0
0.0,5.0
0.0,0.0
-5.0,5.0
-25.0,5.0
-5.0,5.0
-15.000000000000005,5.0
-25.0,5.0
-25.0,5.0
-25.0,0.0
0.0,0.0
5.0,-5.0
0.0,0.0
0.0,0.0
0.0,0.0
0.0,0.0
20.0,5.0
-22.5625,0.0
5.0,-5.0
0.0,0.0
0.0,0.0
0.0,0.0
0.0,5.0
-4.512499999999998,5.0
20.0,5.0
5.0,-5.0
-5.0,5.0
5.0,-5.0
-5.0,5.0
-25.0,5.0
-7.514968750000004,0.0
12.700831024930746,-5.0
25.0,-5.0
-25.0,5.055682870492653
-5.055682870492653,5.0534205161739605
19.95001986350764,5.049980136492358
25.0,-4.965530942305431
25.0,-4.9735019112655365
14.588398916985053,-4.985566081335364
25.0,-4.993537050911826
4.993537050911827,-4.935801376869635
-0.33937114906256716,5.275172525932202
-5.4107737073320425,5.4107737073320425
-5.210638472659859,5.210638472659859
-17.636053592132008,-4.926446407867992
25.0,-5.137978269547567
0.29168977928122075,4.846288490266346
-4.524111140093396,4.524111140093396
-4.330702357895667,4.330702357895667
-5.7049827111079185,5.7049827111079185
-5.2412402812150045,5.2412402812150045
-4.460584269728731,4.460584269728731
-5.002970179248866,5.002970179248866
-5.079797216913011,5.079797216913011
-24.999999999953364,5.121001038010114
-25.0,5.039805198654378
-25.0,6.458833468059311e-12
-25.0,5.29728363790483
-10.203888352214323,4.706570147580419
-4.960771669988521,4.960771669988521
-4.855793568780562,4.855793568780562
-4.960771669988521,4.960771669988521
-4.629318978922811,4.629318978922811
-4.960771669988521,4.960771669988521
-4.887169795087168,4.887169795087168
5.037261043840905,-5.037261043840905
-4.960771669988521,4.960771669988521
5.0751122104182524,-5.0751122104182524
-4.918087808445479,4.918087808445479
-4.860124501633461,4.860124501633461
-4.960771669988521,4.960771669988521
-4.960771669988521,4.960771669988521
4.848231703674216,-4.680541632445858
4.770553968598755,-4.770553968598755
-4.924045207920628,4.924045207920628
-5.068622753759341,5.068622753759341
4.789651855103523,-4.789651855103523
-5.112111959272114,5.112111959272114
-5.112111959272114,5.112111959272114
-5.112111959272114,5.112111959272114
24.434074439206604,-4.835306527042739
-5.245449402636741,5.245449402636741
-5.033130184685821,5.033130184685821
-4.5153381924607485,4.5153381924607485
-4.464909206682164,4.464909206682164
-5.016487776797226,5.016487776797226
-5.402026478952347,5.402026478952347
-5.205732367372471,5.205732367372471
-5.155420301633379,5.155420301633379
-4.906096187033336,4.906096187033336
-4.996396720827438,4.996396720827438
19.94341350406717,5.05658649593283
19.94824744160414,5.051752558395862
20.0,5.0
-5.0,5.0
5.0,-5.0
5.0,0.0
-5.0,5.0
-5.0,5.0
-7.562500000000002,5.0
-25.0,5.0
20.0,5.0
-25.0,5.0
-25.0,5.0
-25.0,5.0
-25.0,5.0
-14.999999999999998,0.0
5.0,-5.0
0.0,0.0
0.0,0.0
0.0,0.0
0.0,0.0
20.0,5.0
-17.5625,-5.0
5.0,-5.0
5.0,-5.0
25.0,0.0
-22.5625,5.0
-5.000000000000001,5.000000000000001
-5.000000000000001,5.000000000000001
20.0,5.0
-25.0,5.0
-7.5625000000000036,5.0
-5.0,5.0
20.0,5.0
20.0,5.0
20.0,5.0
-25.0,5.0
-25.0,5.0
-25.0,5.022620319651374
-12.710120319651374,5.022189455598111
-0.04502520604340443,-4.977164249554707
4.973932775318796,-4.973932775318796
19.971563026723988,5.028436973276012
25.0,0.0
25.0,0.0
19.894438511580823,5.105561488419177
-24.999999999952138,5.345323198578079
24.999999999985913,-3.460343123151688e-12
-3.148220330193874,5.18941346192783
-25.0,5.1135863193922475
-25.0,5.009209701572345
20.111875910177538,4.888124089822462
14.288251242501211,4.89701632429702
-4.474660748221604,4.474660748221604
-4.406965149863151,4.406965149863151
-4.6330402234726,4.6330402234726
0.0,0.0
0.0,0.0
-5.332167149822556,5.332167149822556
-5.020374066369028,5.020374066369028
-24.999999999951157,5.001000368489045
-25.0,0.0
-9.44880642979392,4.8757580205443
-5.010726979709673,5.010726979709673
-25.000000000000004,5.030387218469169
-25.0,4.759905251155736
-4.991179716318975,4.991179716318975
-4.769393919839848,4.769393919839848
-5.086661575075073,5.086661575075073
-4.758501579534508,4.758501579534508
4.731066237042167,-4.731066237042167
5.275006662391023,-5.275006662391023
4.910755770125446,-4.910755770125446
5.029615956454268,-5.029615956454268
-5.218244428913172,5.218244428913172
-5.048312433268797,5.048312433268797
-5.064073443936599,5.064073443936599
-5.218244428913172,5.31212418228425
-5.183211966229882,5.183211966229882
4.850659185399877,-4.850659185399877
5.116088187335833,-5.116088187335833
4.800020974287462,-4.800020974287462
-5.0185260670403675,5.0185260670403675
4.8615237552235016,-4.8615237552235016
-5.30297090633057,5.30297090633057
-5.188332464369713,5.188332464369713
4.834923420624541,-4.834923420624541
5.060622330436216,-5.060622330436216
5.30839498632733,-5.30839498632733
5.502762165717876,-5.502762165717876
-4.95392403723022,4.95392403723022
4.643075781302307,-4.643075781302307
19.168250179955447,5.219039674525916
20.021261538382692,4.978738461617308
-4.936235660459308,4.936235660459308
-4.999365482460271,4.999365482460271
25.0,0.0
25.0,0.0
-5.0,5.0
0.0,0.0
-5.0,5.0
-5.0,5.0
-5.0,5.0
-5.0,5.0
-5.0,5.0
-25.0,5.0
17.160664819944596,5.0
-15.000000000000005,5.0
-25.0,5.0
-25.0,5.0
-25.0,5.0
-25.0,0.0
0.0,0.0
0.0,0.0
0.0,0.0
0.0,0.0
5.0,-5.0
0.0,0.0
0.0,5.0
-4.5125,0.0
25.0,-5.0
-18.05,5.0
-5.000000000000001,0.0
20.0,5.0
-22.5625,0.0
20.0,5.0
-22.5625,0.0
0.0,0.0
25.0,-5.0
25.0,-5.0
8.102493074792239,-5.0
-20.0,-5.0
25.0,-5.0
25.0,-5.0
-20.0,-5.0
-25.0,0.0
25.0,-5.0
25.0,-4.736842105263172
25.0,-5.0
25.0,-5.0
20.0,5.0
-25.0,5.046317800668607
22.1093431571539,0.0
-25.0,5.295458675453045
16.738463056304784,5.094823729896827
-25.0,4.91515802262456
17.46744871971312,4.7872238313954085
-4.605693241603899,4.605693241603899
-5.339313630832949,5.339313630832949
-25.0,5.12868336308814
22.01807937607962,0.0
0.0,0.0
-5.218291133814237,5.218291133814237
-25.0,4.976667746181029
17.216514271046627,4.970003461716775
-4.513474414449297,4.513474414449297
-4.866269351860183,4.866269351860183
-25.0,0.0
-5.299314669953885,5.299314669953885
-9.735261473223048,4.7670018715285005
-25.0,4.756425104879007
-25.0,5.211834496815534
-25.0,5.219622223494611
-4.948290731899622,4.808706823591093
-4.9490260185177615,4.9490260185177615
4.768411854622842,-4.768411854622842
5.283191380729164,-5.283191380729164
-4.979415130428867,4.979415130428867
-5.08003831518608,5.08003831518608
5.02053879581738,-5.02053879581738
-5.08003831518608,5.08003831518608
-4.611746575470423,4.611746575470423
-5.08003831518608,5.08003831518608
-4.623276374560584,4.623276374560584
4.837044706739167,-4.837044706739167
5.094901834376646,-5.094901834376646
-0.932605086883747,5.202139442960491
24.999999999949317,-4.635227780054958
4.987698307747631,-4.987698307747631
4.603611086622595,-4.603611086622595
4.607571536003521,-4.607571536003521
5.28066742262967,-5.28066742262967
4.750582574214593,-4.750582574214593
5.323880185619919,-5.323880185619919
5.159907482892626,-5.159907482892626
5.565078179965042,-5.565078179965042
-4.900131036280266,4.900131036280266
4.802398821784297,-4.802398821784297
5.004809105834922,-5.004809105834922
-4.904588415552389,4.904588415552389
-4.989534488473068,4.989534488473068
-5.0,5.0
-5.003151210723018,5.003151210723018
-5.022189455598111,5.022189455598111
20.0,5.0
20.0,5.0
-5.0,5.0
5.0,-5.0
25.0,0.0
0.0,0.0
-5.0,5.0
-15.000000000000014,5.0
-5.0,5.0
-5.0,5.0
-25.0,5.0
-25.0,5.0
-25.0,5.0
-25.0,5.0
-5.0,5.0
-5.000000000000001,0.0
0.0,0.0
0.0,0.0
0.0,0.0
25.0,0.0
-17.5625,-5.0
0.0,0.0
0.0,5.0
-4.5125,5.0
-4.95246875,5.0
-4.995365703125,5.0
-4.999548156054688,5.0
17.160713634110436,5.0
-25.0,5.0
-5.0,5.0
-5.0,5.0
20.0,5.0
25.0,-5.0
25.0,-5.0
25.0,-5.0
14.722991689750693,-5.000000000000002
5.0,0.0
-5.0,5.0
-4.999999999999993,4.999999999999993
-4.999999999999993,4.999999999999993
-5.0,5.0
-25.0,5.0
-25.0,5.0
-25.0,5.0
11.403352853925153,5.07864160590864
-5.118870205792398,5.118870205792398
25.0,0.0
25.0,0.0
-4.992627883825675,4.992627883825675
-4.691464267822161,4.691464267822161
-4.535674389991074,4.535674389991074
-4.946018286003849,4.946018286003849
0.0,0.0
0.0,0.0
-5.208802149556465,5.208802149556465
-25.0,5.191216176436878
21.948790940236144,0.0
-5.108410280288987,5.108410280288987
-4.489791242725017,4.489791242725017
-14.232848647542209,4.226636264553122
-5.634760630060728,5.634760630060728
-25.0,4.864844852377672
-25.0,4.908344787394746
-4.5866799288388975,4.5866799288388975
-25.0,5.233022743216658
-25.0,4.84056209070728
-4.77672911389644,4.77672911389644
-4.80884252026311,4.80884252026311
-4.840562090707277,4.840562090707277
-4.679926263816952,4.679926263816952
-4.840562090707277,4.840562090707277
5.358359763258158,-5.358359763258158
5.039832969136088,-5.039832969136088
-4.840562090707277,4.840562090707277
-4.561539437971901,4.561539437971901
-4.840562090707277,5.064310124178486
4.5976688346829295,-4.5976688346829295
5.356284550897284,-5.356284550897284
4.913467810123825,-4.913467810123825
20.16485378437443,4.835146215625571
5.209359137059041,-5.209359137059041
-5.0601073142298665,5.0601073142298665
-5.070554064533147,5.070554064533147
11.505845785111706,4.929063144622315
-4.930812684970343,4.930812684970343
-5.532306486952267,5.532306486952267
-4.329708932027049,4.329708932027049
19.859301485539,5.1406985144610005
-4.613076087282523,4.613076087282523
-5.098146641599515,5.098146641599515
-5.07365429957493,5.07365429957493
-5.091296316603461,5.091296316603461
-4.974900575620391,4.974900575620391
-4.999999999999993,4.999999999999993
5.0,-5.0
5.0,-5.0
-5.0,5.0
-5.0,5.0
-5.0,5.0
-5.0,5.0
-5.0,5.0
-5.0,5.0
-5.0,5.0
-5.0,5.0
-5.0,5.0
-5.0,5.0
-25.0,5.0
-25.0,5.0
-25.0,5.0
-5.000000000000001,5.000000000000001
-5.000000000000001,0.0
5.0,-5.0
0.0,0.0
0.0,0.0
0.0,5.0
17.700831024930746,5.0
-25.0,5.0
-5.0,5.0
-5.0,5.0
-5.0,5.0
-5.0,5.0
-5.0,5.0
-5.0,5.0
17.1606648199446,5.0
-25.0,5.0
-5.0,5.0
-5.0,5.0
-5.0,5.0
-5.0,5.0
-5.0,5.0
-5.0,5.0
-4.992122722084207,5.0
-5.002585179388729,5.002585179388729
-5.007109243319003,5.007109243319003
-5.004250746051684,5.009263559270824
-5.011633307249277,5.011633307249277
-5.011633307249277,0.0
4.970055003770285,-4.970055003770285
25.0,-4.956913673567303
4.848336139240716,-4.848336139240716
25.0,-4.579216375197788
-5.1131249507073955,5.1131249507073955
-16.37618479339714,4.857542162407633
-25.0,5.225340733712283
24.99999999999934,6.608047442568932e-13
25.0,-4.95691977794521
24.999999999966015,-4.968124536169842
14.648975790988516,-5.250624810592688
25.0,-4.972730018103324
4.972730018103317,1.7763568394002505e-15
-25.0,5.478869137512454
-19.904751034601922,-5.095248965398078
25.0,0.0
24.330892922423875,-4.876557684188231
4.876557684188225,-4.876557684188225
4.791505727257919,-5.065715058094334
4.788547978455357,-4.788547978455357
5.180390737746578,-5.180390737746578
5.180390737746587,-5.263139199489104
5.2592014714114,-5.2592014714114
-19.90176949470144,-5.0982305052985595
-25.0,0.0
-25.0,0.0
-10.26015749738378,-4.981791400057418
4.777913146253192,-4.777913146253192
4.801902424423643,-4.801902424423643
5.011310159825686,-5.011310159825686
5.102338012003109,-5.102338012003109
4.919981881527893,-4.919981881527893
5.061817092297266,-5.061817092297266
5.293186229557265,-5.293186229557265
4.775558966780546,-4.775558966780546
5.413966997155596,-5.413966997155596
4.803951128597427,-4.803951128597427
25.0,-4.606966896878909
4.726693017319389,-4.726693017319389
-13.522060332936775,-4.88265204263001
5.032644516829468,-5.032644516829468
4.249517879191538,-4.249517879191538
5.057965515827609,-5.057965515827609
4.500976119809331,-4.500976119809331
0.0,0.0
5.520350979000366,-5.520350979000366
4.543671973151296,-4.543671973151296
0.0,0.0
4.861289126210377,-4.861289126210377
4.956000906352785,-4.956000906352785
25.0,-4.939139786197334
-4.981908734287336,4.981908734287336
-18.104926342956905,5.0505126226590615
-5.005742424783777,5.005742424783777
-5.00062684762064,5.00062684762064
-5.0,5.0
-5.0,5.0
-5.0,5.0
5.0,-5.0
25.0,-0.7346400251069944
25.0,-5.0
5.0,-5.0
-5.0,5.0
-5.0,5.0
-5.0,5.0
-25.0,5.0
5.0,-5.0
-25.0,0.0
5.0,-5.0
5.0,-5.0
5.0,-5.0
0.0,0.0
5.0,-5.0
5.0,-5.0
5.0,-5.0
5.0,-5.0
5.0,-5.0
5.0,-5.0
0.0,0.0
0.0,0.0
0.0,0.0
5.0,-5.0
0.0,0.0
0.0,5.0
-4.5125,5.0
-4.95246875,5.0
25.0,0.0
25.0,-5.0
25.0,-5.0
25.0,-5.0
14.72812664473685,-5.0
5.0,-4.949804435179138
4.949730108726168,-4.961006875909736
4.962299468069519,-4.962299468069519
4.957948288010866,-4.9655309423054295
4.9655309423054295,-4.9655309423054295
4.970701301082886,-4.970701301082886
4.970701301082886,-4.968546983282001
-13.286062411975518,-4.792323935587731
24.999999999972587,-4.56740918686414
4.567409186864136,-4.68606306691545
4.69888163013429,-4.882772907340204
4.896560570677715,-4.901206826873061
4.907787484318514,-4.907787484318514
4.907787484318508,-5.056514823731665
5.07258232023336,-5.812708827711022
-22.49288220248538,5.248514253982364
19.92960309113782,5.07039690885253
0.0,0.0
0.0,0.0
-25.0,2.437500000016726
24.999999999996355,-1.48858703141741e-11
0.0,0.0
0.0,0.0
0.0,0.0
0.0,0.0
-4.910381499769606,4.910381499769606
0.0,-5.096406489567739
-14.377875570298162,-5.002939253030593
-25.0,3.1320723792305216e-11
-25.0,4.704643254837794
-25.0,4.7574481946712766
-4.984870136643899,4.984870136643899
4.795185754732519,-4.795185754732519
5.051483317362782,-5.051483317362782
0.04317552529887525,-5.028045661942774
4.839865304075162,-4.839865304075162
5.119122743610491,-5.119122743610491
4.820887966706929,-4.820887966706929
5.023467950490987,-5.023467950490987
4.987988635511014,-4.987988635511014
4.858066961397315,-4.858066961397315
4.99963645914846,-4.99963645914846
4.84933251375068,-4.84933251375068
25.0,-4.582225922260221
-7.940581158929863,-4.9810327609887555
5.329255667273679,-5.329255667273679
4.862730508883475,-4.862730508883475
4.449861076902927,-4.449861076902927
5.1278199535657345,-5.1278199535657345
5.040718468814406,-5.040718468814406
-4.931415430653016,4.931415430653016
-4.831416135013416,4.831416135013416
-5.505427185241533,5.505427185241533
-5.469816039366828,4.926069612922908
-4.9616807587976135,4.9616807587976135
19.91414576095336,5.08585423904664
20.039244118555946,4.960755881444054
9.761870209960348,-4.99641952718762
-4.966350485856964,4.966350485856964
-4.971134721775843,4.971134721775843
25.0,-5.0
25.0,0.0
-5.0,5.0
-5.0,5.0
-5.0,5.0
-5.0,5.0
0.0,0.0
-25.0,4.9999999999999964
-5.0,5.0
-5.0,5.0
5.0,-5.0
-25.0,0.0
-25.0,0.0
-25.0,0.0
0.0,0.0
5.0,-5.0
5.0,-5.0
5.0,-5.0
0.0,5.0
-4.5125,5.0
-4.95246875,4.95246875
-4.95246875,0.0
0.0,0.0
0.0,5.0
-4.5125,0.0
0.0,0.0
0.0,5.0
-4.512499999999994,5.0
-4.9524687499999995,4.9524687499999995
0.04753125000000047,-5.0
5.0,-5.0
25.0,-5.0
2.7008310249307463,5.0
-25.0,5.0
-5.000000000000001,5.000000000000001
20.0,5.0
-5.270896865855862,5.020896865903747
19.978456836775877,5.02154316321635
19.983842628775164,5.016157371179553
25.0,-4.995260504351272
4.995260504351282,-4.99095187213945
4.990951872139446,-4.985566081335364
4.985566081335369,-4.978456836783652
-13.203872033016626,-4.865570671786131
25.0,-4.629959337040589
4.3351261654068,-4.554934796928606
4.873514607424857,-4.873514607424857
4.873514607424858,-4.988645344288839
5.00108329093066,-4.959931612916646
4.959931612916655,-1.4210854715202004e-14
0.0,0.0
-24.999999999966484,2.4375000000092193
24.99999999995265,0.0
0.0,0.0
0.0,0.0
-17.375371764701015,-5.187128235298985
19.791017657886044,5.208982342113956
-5.143490710167965,5.143490710167965
0.0,0.0
-24.99999999996562,-1.446309738639684e-11
22.13573152679848,-5.030768431445434
-4.7869688478814805,4.7869688478814805
-5.024092155182261,5.024092155182261
-25.000000000000004,4.62647692257822
-24.99999999995307,5.11879580930303
-25.0,4.817498074495781
-4.988374897665775,4.988374897665775
-4.775930081399826,4.775930081399826
-25.0,5.274649433012598
-4.947821158299719,4.730118253779991
-4.82772202979803,4.82772202979803
-5.040544272156376,5.040544272156376
-4.985693783885669,4.985693783885669
4.649973274698233,-4.649973274698233
4.996128542390025,-4.996128542390025
5.059762076650368,-5.059762076650368
5.02045295978299,-5.02045295978299
4.256955319112627,-4.256955319112627
-5.056946528492868,5.056946528492868
24.99999999997445,1.8381740574113792e-11
-24.999999999999996,3.0638240839516833
4.529782629836343,-4.529782629836343
-5.683270612438086,5.683270612438086
-4.924656158518353,4.924656158518353
-4.999276074033479,4.999276074033479
-5.130208846140523,5.130208846140523
19.1329323477194,5.867067652225916
20.529442971580846,4.470557028400922
-4.858191297417719,4.858191297417719
-5.252264531308491,5.252264531308491
-5.37891907136317,5.37891907136317
19.859079223068512,5.1409207769314875
5.039574430487694,-5.039574430487694
23.965905138645685,0.0
-5.0,5.0
0.0,0.0
-5.0,5.0
0.0,0.0
-5.0,5.0
-5.0,5.0
-5.0,5.0
-5.0,5.0
-5.0,5.0
-17.5625,-5.0
25.0,0.0
0.0,0.0
-25.0,5.0
-25.0,-3.552713678800501e-15
-20.0,-5.0
-20.0,-5.0
0.0,0.0
0.0,0.0
0.0,0.0
0.0,0.0
0.0,0.0
0.0,5.0
0.4874999999999998,-5.0
5.0,-5.0
0.0,0.0
25.0,0.0
-22.5625,0.0
0.0,0.0
5.0,-5.0
0.0,0.0
0.0,5.0
-4.5125,5.0
20.0,5.0
20.0,5.0
5.0,-5.0
5.0,-5.0
-5.0,5.0
25.0,-5.0
5.0,-5.0
9.775657894736845,-5.000000000000001
25.0,-5.0
5.0,-5.0
-25.0,0.0
-20.0,-5.0
-20.495040106139562,5.007540106139556
-5.230727260443999,5.230727260443999
-25.0,5.44173029956978
19.73828750898019,5.261712490991005
19.732258789887627,5.267741210112373
-5.581260585576713,4.889530286032933
19.82134933539178,5.17865066460822
20.45358537620571,4.546414623794291
-25.0,4.38293989629593
-6.638529999593035,4.693090103297104
20.10213415142143,4.897865848578569
-5.221238591759882,5.221238591759882
0.0,0.0
-5.200712418888735,5.200712418888735
-4.968082249299956,4.968082249299956
-5.186074219288448,5.186074219288448
0.0,-5.31920212174559
-20.13746072875197,-4.862539271248028
-5.3330292970503415,5.3330292970503415
-4.858946149602513,4.858946149602513
5.254509522296212,-5.254509522296212
-4.778544924712204,4.778544924712204
-5.062967042699187,5.062967042699187
-4.674307159300874,4.674307159300874
-4.892567366896838,4.892567366896838
-4.904210141355792,4.904210141355792
-5.316559507951496,5.316559507951496
5.214381176218248,-5.214381176218248
-4.7556759330200205,4.7556759330200205
4.957327499108568,-4.957327499108568
-5.151130117228797,5.151130117228797
-4.828047701810866,4.828047701810866
-5.240835084640894,5.240835084640894
-5.317617310845908,5.317617310845908
-5.130935927843604,5.130935927843604
-5.1997959929921445,5.1997959929921445
-5.2361159961913035,5.2361159961913035
-5.185861522644404,5.185861522644404
4.902826666448543,-4.902826666448543
4.95709839263442,-4.95709839263442
-5.192364233396861,5.192364233396861
19.661898172005515,5.338101827994485
-4.738663988380425,4.738663988380425
-5.733754508032789,5.733754508032789
6.022357030238823,-6.022357030238823
5.006947354033551,-5.006947354033551
8.487741835892837,-4.900759659002719
4.879928484193194,-4.879928484193194
4.928982121086167,-4.928982121086167
5.0077016145177415,-5.0077016145177415
4.980079306961405,-4.980079306961405
4.993752482938455,-4.993752482938455
5.007701614517738,-5.007701614517738
5.0,-5.0
-5.0,5.0
-5.0,5.0
-5.0,5.0
-23.04304929289774,5.0
20.0,5.0
-5.0,5.0
-5.0,5.0
-15.000000000000002,5.0
-5.0,5.0
-25.0,5.0
-25.0,5.0
-25.0,5.0
-25.0,5.0
-5.000000000000001,0.0
0.0,0.0
0.0,0.0
0.0,0.0
0.0,0.0
0.0,2.7008310249307463
20.0,5.0
-25.0,5.0
-5.000000000000001,4.440892098500626e-15
-4.440892098500626e-15,5.0
20.0,5.0
-25.0,0.0
-2.0750000000000073,8.43769498715119e-15
19.861495844875336,5.0
20.0,5.0
-25.0,5.0
-25.0,5.0
19.86149584487535,5.0
20.0,5.0
-25.0,0.0
-25.0,5.0
14.321329639889438,5.0
20.0,5.0
-25.0,5.0
-25.00000000000021,4.999999999999993
2.4374999999999973,-5.0
20.0,5.0
-25.0,5.0
-5.0,5.0
19.993752482929267,5.006247517061546
25.0,0.0
24.99999999996621,-5.968558980384842e-13
19.696519320312756,5.02647236948151
-25.0,5.067653153701741
17.458937835458755,4.6267650413260135
-5.131554136635423,5.131554136635416
-4.890672031519787,4.890672031519799
-24.999999999999986,4.658450845389005
2.666958023200156,-4.887908868589172
25.0,-5.292202902045663
5.292202902045661,0.0
0.0,0.0
0.0,-4.932507631075916
5.465382416704615,8.881784197001252e-15
0.0,0.0
-4.938403178114518,4.938403178114518
-19.77457753271085,-5.22542246728915
-5.108693034284629,5.108693034284629
5.172492560287949,-5.172492560287949
-4.9035600596247395,4.9035600596247395
-25.0,4.829718979892252
5.009213488456215,-5.009213488456215
4.973679894807434,-4.973679894807434
-5.011495085988016,5.011495085988016
-5.031777004849534,5.031777004849534
5.160734917018266,-5.160734917018266
5.110556812296083,-5.110556812296083
5.156503705440625,-5.156503705440621
4.9868412096983405,-4.9868412096983405
-5.31172996872236,5.31172996872236
-4.60395443076016,4.60395443076016
4.623081350041266,-4.623081350041266
4.694558783091431,-4.694558783091431
-4.868196875750119,4.868196875750119
-5.1292520268159825,5.1292520268159825
-24.641001042301937,5.018700894845708
-5.39005408780986,5.39005408780986
-25.0,0.0
-5.19473040466843,5.19473040466843
-5.207418832436039,5.207418832436039
-4.16978882618819,4.16978882618819
5.3722374303478455,-5.3722374303478455
-4.911462339540894,4.911462339540894
-4.7804812846645035,4.7804812846645035
-5.207418832436043,5.207418832436043
-5.0788096291570275,5.0788096291570275
-4.987260922660623,4.987260922660623
-4.928180406213478,4.928180406213478
-5.046584095525761,5.046584095525761
-5.025114804088237,5.025114804088237
-4.974962040986125,4.974962040986125
-4.935076305099546,4.935076305099546
-4.986164176004744,4.986164176004744
19.49316472860273,5.0
20.0,5.0
20.0,5.0
-5.0,5.0
20.0,5.0
0.0,0.0
-5.0,5.0
-25.0,5.0
17.160664819944596,5.0
-25.000000000000007,5.0
-25.0,0.0
-25.0,0.0
-20.0,-5.0
5.0,-5.0
0.0,0.0
0.0,0.0
5.0,-5.0
5.0,-5.0
0.0,0.0
20.0,5.0
-17.5625,-5.0
5.0,-5.0
5.0,-5.0
0.0,0.0
0.0,5.0
-4.5125,5.0
-4.952468750000002,2.4375000000000004
20.0,5.0
-25.0,0.0
0.0,5.0
25.0,-5.0
25.0,0.0
-25.0,5.0
-25.0,5.0
25.0,-3.254847645429372
20.0,5.0
-25.0,5.0
20.0,5.0
20.0,5.0
25.0,0.0
-25.0,5.0
-25.0,5.0
-25.0,1.557857274191857
25.0,-4.703996979713967
25.0,0.0
19.809956810841918,5.190043189158082
-5.044542905949658,5.044542905949658
-17.5353095426646,-5.027190457335401
25.0,-5.20117063183703
5.201170631837026,-5.201170631837026
5.201170631837034,-4.491332504460192
4.3187961157250525,-4.777934605261789
5.000073213088157,-5.000073213088157
5.000073213088143,-4.93754734235985
4.937547342359853,-5.1126503279289945
-20.244923656926094,-4.755076343073906
25.0,-4.896197726233744
12.728596022132823,-5.102795593804094
5.102795593804079,-5.102795593804079
-20.30246598848121,-4.6975340115187905
20.062499993688526,4.937500006311474
5.529646832180758,-5.529646832180758
5.134984737848169,-5.134984737848169
5.16134460532137,-5.16134460532137
-5.079166700748621,5.079166700748621
-5.0695536960441,5.0695536960441
-4.850426923189169,4.850426923189169
-4.550743032057941,4.550743032057941
-5.3793163785958855,5.3793163785958855
5.052679972665768,-5.052679972665768
-4.982058375370268,4.982058375370268
-5.140415760465356,5.140415760465356
-25.0,5.099980045646593
-4.778007187202635,4.778007187202635
-5.117832047358062,5.117832047358062
-5.196504559761622,5.196504559761622
-5.235685553724723,5.235685553724723
4.916088964909321,-4.916088964909321
-25.0,0.0
-5.0811232574148955,5.0811232574148955
4.445428529332848,-4.445428529332848
4.76020883301266,-4.76020883301266
4.970807543391882,-4.970807543391882
5.264524883411944,-5.264524883411944
4.675880925122601,-4.675880925122601
4.7547153268116125,-4.7547153268116125
5.327162782788077,-5.327162782788077
20.168012045522183,4.8319879544778175
-5.02302583179914,5.02302583179914
5.042008218345867,-5.042008218345867
4.983970120577412,-4.983970120577412
24.999999999963713,-4.951905253383682
12.432696722423337,-4.971774707615327
5.006681828387183,-5.006681828387183
5.045324488209271,-5.045324488209271
4.988520665575167,-4.988520665575167
0.04532448820927648,5.0
-5.0,5.0
-5.0,5.0
-5.0,5.0
-5.0,5.0
-5.0,5.0
-25.0,5.0
-25.0,0.0
-5.0,5.0
-5.0,5.0
-10.000000000000007,5.0
-25.0,5.0
-25.0,5.0
-5.000000000000001,0.0
0.0,0.0
5.0,-5.0
5.0000000000000036,-5.0000000000000036
5.0,-5.0
0.0,5.0
20.0,5.0
-25.0,5.0
-7.075000000000003,5.0
-5.0,5.0
-5.0,5.0
-5.0,5.0
-5.0,5.0
-5.0,5.0
-5.0,5.0
-5.0,5.0
-5.0,5.0
-5.0,5.0
20.0,5.0
-25.0,5.0
-7.562500000000002,5.0
-5.000000000000001,5.000000000000001
20.0,5.0
-25.0,5.0
12.035404125675178,5.0
-5.0,5.0
-4.999999999999993,4.999999999999993
-5.0,5.0
20.0,5.0
19.973717342059455,5.026282657940545
19.752280279124236,5.247719720875764
4.8482523840201175,-4.8482523840201175
4.848252384020115,0.0
-5.063141554930871,5.063141554930871
-4.794582693476189,4.794582693476189
0.0,-5.158735442334914
5.716050351617496,-4.837264030429987
4.837264030429995,8.881784197001252e-16
-25.0,4.904049198791309
22.1773604723645,-4.995766263833104
5.085387288652749,-5.085387288652749
5.0853872886527425,-5.275627711345736
-25.0,4.877905183698708
25.0,0.0
2.592129935737836,-5.773159728050814e-15
-4.455702345272722,4.455702345272722
-25.0,0.0
17.190403259538606,5.549286243078967
-4.681661918924128,4.681661918924128
-4.645278169846489,4.645278169846489
-5.1843044822264375,5.1843044822264375
4.961141522313172,-4.961141522313172
-5.148116388815423,5.148116388815423
-5.27664953884338,5.27664953884338
-4.361057387851939,4.361057387851939
-5.306379101813755,5.306379101813755
-4.690737817266394,4.690737817266394
-5.252277154254725,5.252277154254725
4.961141522313179,-4.961141522313179
4.961141522313171,-4.961141522313171
4.901574470182127,-4.901574470182127
4.787986257347943,-4.787986257347943
-4.753263056847389,4.753263056847389
-5.133505012975885,5.133505012975885
-4.57847659165506,4.57847659165506
-5.732357779031993,5.732357779031993
4.929611927209831,-4.929611927209831
-10.96156236057076,-5.100404176640055
-4.894007645062142,4.894007645062142
-25.0,5.192869782393537
25.0,-5.397338790081513
5.107602411730009,-5.107602411730009
25.0,-4.917158128455341
4.953667318061184,-4.953667318061184
5.019789969733435,-5.019789969733435
5.019789969733435,-5.019789969733435
5.005794090108245,-5.005794090108245
4.991235040325517,-4.991235040325517
5.004001000595703,-5.004001000595703
5.019789969733433,-5.019789969733433
5.019789969733435,-5.0
5.0,-5.0
5.0,-5.0
5.0,-5.0
5.0,-5.0
5.0,-5.0
5.0,-5.0
5.0,-5.0
5.0,-5.0
-5.0,5.0
-25.0,5.0
-5.0,5.0
-25.0,5.0
-25.0,5.0
-25.0,5.0
-10.487500000000008,0.0
0.0,0.0
0.0,0.0
5.0,-5.0
5.0000000000000036,-5.0000000000000036
25.0,-5.0
25.0,-1.8975069252077716
25.0,-5.0
25.0,-5.0
5.0,-5.0
5.0,-5.0
5.0,-5.0
-20.0,-5.0
-25.0,0.0
-25.0,5.0
-5.0,5.0
-5.0,5.0
-5.0,5.0
-5.0,5.0
-5.0,4.75
5.0,-5.0
25.0,-5.0
-5.0,5.0
-5.0,5.0
-5.0,5.0
20.0,5.0
20.0,5.0
20.0,5.0
-5.0,5.0
5.0,-5.0
5.0,-4.987935829930171
4.874038823651065,-4.758294716380437
4.72578716314027,-4.72578716314027
4.872191722659531,-4.872191722659531
4.8721917226595375,-4.8721917226595375
4.847061014575868,-4.847061014575868
4.684984909520236,-4.684984909520236
4.8721917226595375,-4.9754111318834315
4.986562259195701,-5.0671632619335245
4.845519121693382,-4.845519121693382
5.0758708494869165,-5.0758708494869165
5.075870849486925,-5.075870849486925
4.880616592549774,-4.880616592549774
-13.221976011971497,-4.759550546366556
20.069392753479615,4.930607246520385
0.0,0.0
-9.048508928045774,4.919026955645289
4.575603293518543,-4.575603293518543
4.575603293518542,-4.575603293518542
4.575603293518543,-4.575603293518543
-4.588131567655811,4.588131567655811
-5.696300238442407,5.0883322220091465
5.249252065189742,-5.249252065189742
4.842249778618768,-4.842249778618768
-4.6317615190190935,4.6317615190190935
-5.220904714831992,5.220904714831992
4.866694114000958,-4.866694114000958
5.249252065189747,-5.249252065189747
-4.730707745369122,4.730707745369122
-5.267333804522671,5.267333804522671
4.876059077811983,-4.876059077811983
4.556311644789082,-4.556311644789082
5.113043532704185,-5.113043532704185
4.935829990524712,-4.935829990524712
-15.72244906950457,5.533607281561682
5.074456448361395,-5.074456448361395
-20.39377154547578,-4.606228454524221
5.084733420037827,-5.084733420037827
4.783648066300964,-4.783648066300964
-25.0,0.0
-25.0,0.0
-5.073708223223374,5.073708223223374
-5.073708223223374,4.949320133165014
-4.949320133165014,4.949320133165014
-4.949320133165014,4.949320133165014
-4.949320133165014,4.949320133165014
25.0,-4.86549603861652
25.0,0.0
19.87163015933895,5.128369840661051
19.60347393770259,5.041168767767111
4.988346576779227,-4.988346576779227
5.0,-5.0
5.0,-5.0
5.0,-5.0
5.0,0.0
-5.0,5.0
-5.0,5.0
-5.0,5.0
-5.0,5.0
-5.0,5.0
-5.0,5.0
-5.0,5.0
-15.000000000000002,5.0
-25.0,5.0
-25.0,5.0
-25.0,5.0
-25.0,0.0
0.0,0.0
0.0,0.0
0.0,0.0
0.0,0.0
0.5401662049861491,5.0
-5.0,5.0
-5.0,5.0
-5.0,0.0
0.0,0.0
0.0,0.0
0.0,0.0
5.0,-5.0
0.0,0.0
0.5401662049861491,5.0
-4.999999999999993,4.999999999999993
-4.999999999999993,4.999999999999993
-5.0,5.0
-5.0,5.0
20.0,5.0
-5.0,5.0
20.0,5.0
20.0,5.0
24.722991689750685,-5.0
5.0,-5.0
5.0,-5.0
5.0,-5.0
5.0,-5.0
5.0,-5.0
-5.433141819255382,5.0
-25.0,5.005170358777455
-5.148432376661697,5.148432376661697
-5.196230602381637,5.196230602381637
-5.322134037688693,5.322134037688693
-4.807578016624122,4.807578016624122
-25.0,4.815471460477909
20.1180176046677,4.881982395332301
25.0,-4.928190583463881
4.92819058346389,0.0
-5.0778659061392055,5.0778659061392055
-5.197951780547353,5.197951780547353
-5.255741521848654,5.255741521848654
-4.4630690966949,4.4630690966949
-25.0,3.043965079996269e-11
20.016074059724232,4.983925940265593
2.700831024907182,4.440892098500626e-16
-4.520830436367172,4.520830436367172
0.0,-4.347714545211399
4.489405611717567,-4.489405611717567
4.817412238461385,-4.817412238461385
4.81741223846139,-4.81741223846139
4.817412238461385,-4.817412238461385
4.527420245448646,-4.527420245448646
4.5418042694035705,-4.956143466751818
5.276513842171363,-5.276513842171363
5.2765138421713536,-5.2765138421713536
5.068520507894846,-5.068520507894846
-5.0274694244471725,5.0274694244471725
5.2765138421713536,-5.2765138421713536
4.705641098737594,-4.705641098737594
5.211053136443647,-5.211053136443647
4.699074642106654,-4.699074642106654
-5.1043955522392555,5.1043955522392555
4.783812480175662,-4.783812480175662
-20.306640396800802,-4.693359603199198
4.95892682639642,-4.95892682639642
5.211539119873656,-5.211539119873656
-5.194644568634038,5.194644568634038
5.6799009169409125,-5.6799009169409125
-5.720683762781111,5.720683762781111
4.230494468069547,-4.230494468069547
25.0,-4.844872826846199
4.497087936795595,-4.497087936795595
4.759251382540813,-4.759251382540813
4.300240348470063,-4.300240348470063
12.761321445578805,-4.892231280953357
4.953127529322852,-4.953127529322852
4.678713987618,-4.678713987618
4.869789733778026,-4.869789733778026
-5.087308658856396,5.087308658856396
4.953127529322845,-4.953127529322845
-5.016374900045208,5.016374900045208
-4.99619817075869,4.99619817075869
-4.990798922463964,4.990798922463964
4.953127529322845,-4.953127529322845
-4.999999999999993,4.999999999999993
-25.0,5.0
-25.0,5.0
19.27445716921205,4.9999999999999964
20.0,5.0
-5.0,5.0
-25.0,5.0
-4.999999999999993,4.999999999999993
-25.0,5.0
-25.0,5.0
-15.000000000000005,5.0
5.0,-5.0
-25.0,0.0
0.0,0.0
0.0,0.0
0.0,0.0
0.0,5.0
-4.5125,5.0
-4.947333795013851,5.0
-5.0,5.0
-5.0,5.0
-5.0,5.0
-5.0,5.0
-5.0,5.0
20.0,5.0
-25.0,0.0
2.4374999999999987,-5.0
25.0,-5.0
25.0,0.0
-25.0,5.0
-20.612500000000004,5.0
5.0,-5.0
0.0,-4.999999999999997
25.0,-5.0
2.7008310249307463,5.0
-25.0,5.0
17.160664819944596,5.0
-25.0,5.0
-5.000000000000001,5.000000000000001
20.0,5.0
20.0,5.0
25.0,-0.2770083102493075
25.0,0.0
-5.541658827817055,5.541658827817055
0.0,0.0
-5.0729136087579425,5.0729136087579425
-4.927349895244694,4.927349895244694
-4.951950124012874,4.951950124012874
-4.556455546376148,4.556455546376148
-7.838801145527323,5.188970554301845
-25.0,5.087330591225477
19.825476407662997,5.174523592337003
-4.983157202839941,4.983157202839941
-4.919736365223642,4.919736365223642
-25.0,4.748223345563456
17.39497164023439,5.044670082132967
-4.867607384160989,4.867607384160989
-12.211419258709306,4.905051460722288
-25.0,0.0
19.86490228678304,5.135097713216961
-4.888315958605219,4.888315958605219
-4.955574803023973,4.955574803023973
-24.999999999994746,4.948764723530719
-25.0,5.111413279198061
-24.999999999983665,4.934016073150882
-25.0,4.768562698830337
-4.887290975371016,4.887290975371016
-5.017448067431982,5.017448067431982
-4.797284950691239,4.797284950691239
-4.974911263212563,4.974911263212563
-5.018888976744593,5.018888976744593
-5.018888976744593,5.018888976744593
4.877158536428964,-4.877158536428964
4.8369115346564,-4.8369115346564
18.624002508297895,-4.770252280183758
24.999999999951037,-5.215028733360054
25.0,-4.7859659548031885
25.0,-4.612448411281036
25.0,-4.942115586601943
5.0773193325672725,-5.0773193325672725
4.486439219352572,-4.486439219352572
4.443319866164455,-4.443319866164455
4.566947108138558,-4.566947108138558
4.704717730220575,-4.704717730220575
4.768511575898089,-4.768511575898089
4.3508075555099115,-4.3508075555099115
4.9307360005719705,-4.9307360005719705
5.403870533610311,-5.403870533610311
4.781637862113197,-4.781637862113197
4.675420818732372,-4.675420818732372
-15.585182778304905,-4.662824065111785
4.820034551993904,-4.820034551993904
5.10394342887635,-5.10394342887635
-25.0,5.0
-5.0,5.0
25.0,0.0
25.0,-5.0
5.0,-5.0
-5.0,5.0
5.0,0.0
-5.0,5.0
-5.0,5.0
-5.0,5.0
-5.0,5.0
-25.000000000000007,5.0
-25.0,0.0
-20.0,-5.0
-25.0,0.0
0.0,0.0
0.0,0.0
0.0,0.0
0.0,0.0
0.0,0.0
5.0,-5.0
0.0,5.0
-4.5125,8.881784197001252e-16
0.0,0.0
0.0,4.9999999999999964
17.70083102493075,5.0
-25.0,0.0
0.0,0.0
25.0,-1.4958448753462719
20.0,5.0
-25.0,0.0
25.0,0.0
20.0,5.0
25.0,-5.0
-25.0,0.0
-20.0,-5.0
25.0,-5.0
-25.0,0.0
-25.0,0.0
0.0,0.0
25.0,-4.954759360697256
4.598389746937874,5.049118408385837
-25.0,0.0
25.0,0.0
19.834333080914803,5.165666919068787
-25.0,5.389794212904267
19.489333345350182,5.510666654649619
19.906837607570477,5.093162392385597
20.267967160849963,4.732032839150037
-25.0,5.070695441530969
16.881838509969732,5.200493410771575
-4.542538748153138,4.542538748153138
-4.488580071033862,4.488580071033862
-4.8731930378695445,4.8731930378695445
-5.0002859097322006,5.0002859097322006
-5.118540194641792,5.118540194641792
-5.073697178145418,5.073697178145418
-25.000000000000004,4.906990976411148
17.031119510686672,5.232602399107066
-4.885233435134872,4.885233435134872
-24.999999999999996,4.825587489589857
-25.0,0.0
-5.290679943582498,5.290679943582498
-4.920100537222494,4.920100537222494
-24.99999999996884,4.945492855866856
-25.0,4.8493495547280965
-5.017317419938459,5.017317419938459
-4.932233081995326,4.932233081995326
-9.608014601447497,4.951823263403218
-4.964238562171696,4.964238562171696
4.982448424408901,-4.982448424408901
-4.964238562171696,4.964238562171696
-4.964238562171696,4.964238562171696
-4.964238562171696,4.964238562171696
-4.964238562171696,4.964238562171696
4.881752657710837,-4.881752657710837
4.848381374751947,-4.848381374751947
4.879565732275793,-4.879565732275793
4.9072219763272305,-4.9072219763272305
4.795072148216413,-4.795072148216413
4.845128441507438,-4.845128441507438
4.750080180954479,-4.750080180954479
4.671961815890592,-4.671961815890592
4.759256431719303,-4.759256431719303
4.978030393226991,-4.978030393226991
4.847982489650951,-4.847982489650951
-4.964238562171696,4.964238562171696
5.504010668636103,-4.789547715797092
-5.609041377108904,5.609041377108904
19.533500832291057,4.514652766480243
-4.496054117499029,4.496054117499029
-5.1727945642765985,5.1727945642765985
-5.26882102426928,5.26882102426928
19.774373080428568,5.225626919571432
-5.034424332525112,5.034424332525112
-4.979591082465355,4.979591082465355
-5.018517073191175,5.018517073191175
-5.050152222751565,5.050152222751565
20.0,5.0
5.0,-5.0
5.0,-5.0
5.0,-5.0
20.0,5.0
0.0,0.0
0.0,0.0
-25.0,0.0
-5.0,5.0
5.0,-5.0
-25.0,0.0
-25.0,4.999999999999989
-25.0,0.0
0.0,0.0
5.0,-5.0
5.0,-5.0
0.0,0.0
0.0,0.0
0.0,0.0
5.0,-5.0
25.0,-5.0
-13.05,-5.0
7.700831024930746,-5.0
25.0,0.0
-25.0,0.0
20.000000000000043,5.0
20.0,5.0
20.0,5.0
-25.0,5.000000000000039
-25.0,5.0
25.0,0.0
20.0,5.0
24.584487534625982,1.4210854715202004e-14
0.0,-5.0
-25.0,5.0
25.0,-3.552713678800501e-15
-25.0,0.0
-25.0,5.015726508359002
-25.0,2.421773491641005
-25.0,0.0
0.2631578947368389,5.0
19.990736440729176,5.009263559270824
25.0,0.0
25.0,0.0
25.0,0.0
-25.0,5.187635519950771
17.054937389527907,4.897821037119439
-25.0,4.522639935709819
16.950652153446754,5.738943485655941
-4.3707694826843975,4.3707694826843975
-7.194739297534051,4.874706529123005
-25.0,4.757532768411046
19.66439309732867,5.33560690267133
-4.768308346463721,4.768308346463721
-5.19650392861431,5.19650392861431
-4.835509756477112,4.835509756477112
0.0,0.0
-4.5876512645516065,4.5876512645516065
-25.0,0.0
-25.0,0.0
-4.676143166830613,4.676143166830613
-4.400762865231064,4.400762865231064
-5.329102298476935,5.329102298476935
-25.000000000000004,4.908671090554897
-24.908671090554897,4.956895163200052
-4.9057293129350565,4.9057293129350565
-4.956895163200052,4.956895163200052
5.496254090213268,-5.496254090213268
5.238304815068283,-5.238304815068283
4.993343920450799,-4.993343920450799
4.897442979879731,-4.897442979879731
5.098836357764537,-4.5682005666995975
5.193099520014994,-5.193099520014994
4.741807733140011,-4.741807733140011
4.980287376013635,-4.980287376013635
5.221179263912582,-5.221179263912582
4.946481232556982,-4.946481232556982
-5.021781524874123,5.021781524874123
-5.240108002937812,5.240108002937812
-4.97487970584698,4.97487970584698
4.904551592051421,-4.904551592051421
5.207987653950714,-5.207987653950714
-5.43579396463616,5.43579396463616
-4.824913424260959,4.824913424260959
-4.991247880228639,4.991247880228639
-5.43579396463616,5.43579396463616
-4.656097928210982,4.656097928210982
-4.4835741261311055,4.4835741261311055
-4.86229123035453,4.86229123035453
-5.108643015860176,5.108643015860176
25.0,0.0
25.0,-4.619238325176411e-11
24.999999999972246,-0.7598825092181976
25.0,-4.9811492323219575
4.981149232321963,-4.981149232321963
4.981149232321963,-4.981149232321963
-5.0,5.0
4.981149232321963,0.0
-5.0,5.0
-5.0,5.0
-5.0,5.0
-5.0,5.0
-10.000000000000007,5.0
-25.0,5.0
-5.0,5.0
-25.0,5.0
-25.0,0.0
-25.0,5.0
-5.000000000000001,0.0
5.0,-5.0
0.0,0.0
0.0,0.0
0.0,0.0
0.0,0.0
20.0,5.0
20.0,5.0
-25.0,4.8749999999999964
-25.0,5.0
-5.0,5.0
-5.0,5.0
-5.0,0.0
5.0,-5.0
12.700831024930746,-5.0
25.0,-5.0
-25.0,0.0
5.0,-5.0
25.0,-5.0
25.0,0.0
25.0,-5.0
25.0,-5.0
4.999999999999993,-4.999999999999993
20.26315789473685,-5.0
5.0,-5.0
-25.0,0.0
5.0,-5.0
12.700831024930743,-5.0
5.0,-5.0
5.0,-5.0
25.0,-0.23629526175117022
0.2362952617511803,2.831068712794149e-15
-25.0,0.0
-25.0,1.3380878417700437
-25.0,4.912917449668022
-25.0,4.185262033681859
-5.436267325119935,5.436267325119935
-5.131870682235843,4.44560335713819
19.97107136296817,5.028928637031829
19.88576296770472,5.114237032270612
-5.065869058038388,5.065869058038388
20.028654719098547,4.971345280901453
25.0,0.0
0.0,-5.3925610049319355
5.9751368475700115,-5.329070518200751e-15
-5.005371063622578,5.005371063622578
-25.0,4.343246410715729
-25.0,0.0
20.00856214443054,4.991437855569458
9.388448068542225,4.876242741679686
-5.104393658797321,5.104393658797321
-25.0,4.868674023117762
-25.0,5.304763364695802
-25.0,5.046932745245417
-25.0,4.975844730086571
-4.9758447300865685,4.767670256531591
4.735298079767124,-4.735298079767124
5.0050586457032855,-5.0050586457032855
5.2612880444238845,-5.2612880444238845
25.0,-4.791860870694478
5.233908874042284,-5.233908874042284
19.19150398534414,-4.94127931641394
-4.689638358649409,4.689638358649409
25.0,-4.517319995019491
24.999999999975252,-5.054887094814788
4.071437140605787,-4.071437140605787
4.9659129959896395,-4.9659129959896395
5.470149206253994,-5.470149206253994
4.400195463797838,-4.400195463797838
5.082914453485503,-5.082914453485503
4.584632171386083,-4.584632171386083
24.99999999999118,-5.3728903522418
5.467154412259972,-5.467154412259972
-4.951016341565211,4.951016341565211
-5.597481282947783,5.597481282947783
0.06592144326526883,5.4012329689947105
0.0,0.0
-4.6333119323902885,4.6333119323902885
-5.009811106066982,5.009811106066982
-5.083142356835088,5.083142356835088
-5.078417104837532,5.078417104837532
-5.0,5.0
-5.0,5.0
-5.0,5.0
-5.0,5.0
-5.0,5.0
-5.0,5.0
-25.0,5.0
17.1606648199446,5.0
-5.0,5.0
-10.000000000000007,5.0
-25.0,5.0
-5.0,5.0
-5.0,5.0
-25.0,5.0
-25.0,0.0
-20.0,-5.0
5.0,-5.0
0.0,0.0
0.0,0.0
5.0,-5.0
0.0,0.0
20.0,5.0
25.0,0.0
-20.0,-5.0
-15.125000000000007,-5.0
25.0,0.0
-2.2991689750692537,5.0
-25.0,0.0
5.0,-5.0
5.0,-5.0
25.0,-5.0
12.700831024930745,-4.999999999999999
-25.0,5.0
-5.0,5.0
17.160664819944596,5.0
-25.0,5.0
-5.000000000000001,5.000000000000001
20.0,5.0
-14.275,5.0
25.0,-5.0
25.0,-5.0
25.0,-5.0
25.0,-5.0
-20.0,-5.0
-25.0,4.316241804646829
-25.0,5.19625819535317
-20.440819514552288,-4.559180485447712
25.0,-4.679489352090428
25.0,-4.894192571224469
25.0,0.0
-25.0,4.434704074212423
24.999999999966548,1.716315978228522e-11
20.020829754728076,4.9791702452719235
-15.995751144132306,4.826295005726271
20.03873540396104,4.9612645960389585
-4.862891451447957,4.862891451447957
-4.943654954895183,4.943654954895183
0.0,0.0
-4.858419141597243,4.858419141597243
-5.040552477071427,5.040552477071427
-4.921766766125384,4.921766766125384
-25.0,4.67997928019113
-19.892941637252676,-5.107058362747324
4.606077610316724,-4.606077610316724
25.0,-5.196347404081006
-4.672042602746492,4.672042602746492
-25.0,5.030587292166977
-5.267785074850537,5.267785074850537
5.221642526039371,-5.221642526039371
5.128989469534318,-5.128989469534318
-4.961354218957221,4.961354218957221
4.90396462505154,-4.90396462505154
5.204722097759972,-5.204722097759972
5.030674390495991,-5.030674390495991
4.905225026233007,-4.905225026233007
4.591501894300297,-4.591501894300297
25.0,-5.10868987854807
25.0,-4.874712840596125
12.447018871111041,-4.955121639254169
4.768947067543164,-4.768947067543164
5.030715415071253,-5.030715415071253
4.926923870809296,-4.926923870809296
4.718214815481307,-4.718214815481307
4.706085426445032,-4.706085426445032
5.009507603103466,-5.009507603103466
4.5840164871835185,-4.5840164871835185
4.860700107981732,-4.860700107981732
5.030715415071263,-5.030715415071263
4.2168951369443235,-4.2168951369443235
4.88659261087062,-4.783070250937103
4.927193055137736,-4.927193055137736
4.927193055137742,-4.927193055137742
-4.590072976786605,4.590072976786605
4.927193055137743,-4.927193055137743
-5.209610807049582,5.209610807049582
-5.177936052995382,5.177936052995382
-4.969756411921789,4.969756411921789
-4.935008867872188,4.935008867872188
-5.0,5.0
-0.0728069448622568,5.0
-5.0,5.0
-5.0,5.0
-5.0,5.0
-5.0,5.0
-5.0,5.0
-5.0,5.0
-25.0,5.0
-10.000000000000007,5.0
-25.0,5.0
-25.0,0.0
-25.0,0.0
0.0,0.0
0.0,0.0
0.0,0.0
0.0,0.0
0.0,0.0
0.0,0.0
0.0,5.0
25.0,-2.2991689750692537
-25.0,0.0
0.0,0.0
25.0,0.0
-12.8125,-5.0
25.0,0.0
25.0,0.0
25.0,0.0
25.0,0.0
-20.0,-5.0
-20.0,-5.0
-20.0,-5.0
25.0,-5.0
19.71774017105477,-4.999999999999998
25.0,-5.0
25.0,-5.0
-20.0,-5.0
-25.0,5.004739495648728
25.0,-2.844302571247681e-11
-25.0,5.0
-25.0,5.0
-25.0,5.0
11.045990919084508,5.021112299163088
19.760026801252454,5.2399731987475455
19.69435926164752,5.30564073835248
-25.0,5.209668872602258
-25.0,5.164770472929284
-25.0,4.3775767220147515
20.36357903595227,4.63642096404773
19.05813823560093,5.941861764399071
20.033149119105172,4.966850880894828
18.254698105126757,4.501831639990343
-25.0,4.83465518301707
19.757149661992845,5.242850338007155
-4.368890557137463,4.368890557137463
-5.0462757208939335,5.0462757208939335
-5.089492270768053,5.089492270768053
0.0,0.0
0.0,0.0
-4.901332109614435,4.901332109614435
-19.81346819891057,-5.18653180108943
25.0,-4.77588779452994
-4.961366210756142,4.961366210756142
-4.917066612095147,4.917066612095147
-4.815434222786518,4.815434222786518
-5.022745286819089,5.022745286819089
-25.0,4.946878855363355
-4.727254107279494,4.727254107279494
-5.280587266921085,5.280587266921085
-25.0,0.0
-25.0,5.065449345076107
-23.264589465876206,5.106679043212992
-5.106679043212992,5.106679043212992
5.026152220007653,-5.026152220007653
25.0,-4.960136104645638
-4.875184938785274,4.875184938785274
-5.084499264385184,5.084499264385184
5.171879085100975,-5.171879085100975
4.582795532709032,-4.582795532709032
-5.341359179270174,5.341359179270174
-5.348279078395667,5.348279078395667
-22.98368712074989,4.79103091197959
4.901482638248274,-4.901482638248274
4.611825784458043,-4.611825784458043
4.228990444025766,-4.228990444025766
5.4787410146081825,-5.4787410146081825
4.836402198775858,-4.836402198775858
4.79109939146291,-4.79109939146291
4.871930427672487,-4.871930427672487
5.44854345590618,-5.44854345590618
-4.787570962416844,4.787570962416844
-5.000000000000001,5.000000000000001
-5.000000000000001,5.000000000000001
-5.000000000000001,5.000000000000001
5.001234570984652,-5.001234570984652
5.022618514964528,-5.022618514964528
-4.959594526012976,4.959594526012976
5.0,-5.0
5.0,-5.0
5.0,-5.0
5.0,-5.0
-5.000000000000001,5.000000000000001
5.0,-5.0
-5.000000000000001,5.000000000000001
-5.000000000000001,0.0
0.0,0.0
5.0,-5.0
0.0,0.0
5.0,-5.0
0.0,0.0
5.0,-5.0
0.0,0.0
5.0,-5.0
5.0,-5.0
5.0,-5.0
0.0,5.0
19.999999999999996,5.0
-25.0,5.0
-7.074999999999998,5.0
-4.999999999999999,-8.881784197001252e-16
0.0,0.0
0.0,5.000000000000004
-4.5125,-3.552713678800501e-15
0.0,5.0
20.0,5.0
25.0,0.0
-4.7368421052631575,5.0
20.0,5.0
20.0,5.0
-25.000000000000032,4.875000000000025
-20.0,-5.0
25.0,0.0
25.0,-5.0
-25.0,0.0
-25.0,1.9499999999999602
-25.0,5.0
20.000000000000032,5.0
-25.0,5.0
-25.0,5.011848738043199
19.515543583323304,5.1943193108116255
19.658744565569187,5.341255434430813
19.775695767960357,5.224304232039643
19.872589661039562,5.127410338960438
-25.0,5.050685231587135
-7.8886545249576425,5.275469293370499
25.000000000000018,-1.7763568394002505e-14
0.0,-5.1488106508582785
-19.1832997966898,-5.816700203310223
14.52326063569779,-6.117376258015444
20.561355041973314,4.438644958026686
-5.624606100962768,5.624606100962768
-5.079416635084057,5.079416635084057
-5.3087010927735045,5.3087010927735045
-4.9012614211155245,4.9012614211155245
-4.983226629044228,4.983226629044228
0.0,0.0
-19.432575845477366,-5.567424154522634
-4.26449248030896,4.26449248030896
4.797737483313727,-4.797737483313727
-5.915103011824872,5.915103011824872
-5.769605884353011,5.769605884353011
-5.647360854991531,5.647360854991531
-4.4868128585611,4.4868128585611
-4.39458771993338,4.39458771993338
-4.9564369502517565,4.9564369502517565
-4.917545021757416,4.917545021757416
-4.7902912073302755,4.7902912073302755
-4.928023329426279,4.928023329426279
-5.1758824524990965,5.1758824524990965
4.2255096666017335,-4.2255096666017335
4.776210310806221,-4.776210310806221
4.634744321214193,-4.634744321214193
-2.881917908368771,5.399796477713279
-4.979139950200963,4.979139950200963
24.99999999999627,-4.843115712730423
5.026068168320363,-5.026068168320363
4.75228793425081,-4.75228793425081
4.424286987832794,-4.424286987832794
4.855648404898874,-4.855648404898874
4.92260303631339,-4.92260303631339
4.906569370006931,-4.906569370006931
5.026068168320392,-5.026068168320392
4.788806748853155,-4.788806748853155
-5.954104759951451,5.954104759951451
-4.495148421106738,4.495148421106738
-4.655097559721935,4.655097559721935
-5.01804891967272,5.01804891967272
-5.388387858906968,5.388387858906968
-5.144594665709544,5.144594665709544
5.001594495066246,-5.001594495066246
5.026068168320386,-5.026068168320386
5.026068168320398,-5.026068168320398
5.0,-5.0
5.026068168320392,-5.000000000000001
5.0,-5.0
5.0,-5.0
5.0,-5.0
5.0,4.440892098500626e-15
-5.0,5.0
0.0,0.0
-5.0,5.0
-5.0,5.0
-25.0,5.0
-20.0,-5.0
5.0,-5.0
-25.0,0.0
-25.000000000000007,0.0
0.0,0.0
5.0,-5.0
0.0,0.0
0.0,5.0
-4.5125,5.0
-4.95246875,5.0
-4.995365703125,5.0
19.723492347861846,5.0
20.0,5.0
20.0,5.0
20.0,5.0
-5.0,5.0
-5.0,5.0
-25.0,0.0
-20.0,-5.0
-20.0,-5.0
-15.00000000000001,-5.0
5.0,-5.0
0.0,0.0
0.0,5.0
-4.5125,5.0
-4.95246875,4.999999999999999
-4.995365703124999,5.329070518200751e-15
20.0,5.0
20.0,5.0
20.0,5.0
20.0,5.0
5.2631578947368425,-4.989228418391827
4.989228418391827,-4.727263574489167
-13.767509735573514,-4.528634888450016
19.718903397198375,5.281096602801625
-5.049981817908245,5.049981817908245
-4.793915886341376,4.793915886341376
-4.018074266548758,4.018074266548758
-25.0,5.133238353236692
16.981941979008205,5.0310903165744065
-5.003189187366027,5.003189187366027
-24.999999999951342,4.7957373774829435
17.04172861440324,5.345265981129611
-4.797550032562153,4.797550032562153
-4.925517043451514,4.925517043451514
-24.999999999946706,5.016719723434278
16.501770436614898,5.640368373925195
-4.572669720813755,4.572669720813755
-25.0,4.925206518974157
-24.999999999999996,2.7458924023449072e-11
-5.109966058412331,5.109966058412331
-4.713753235134888,4.713753235134888
5.024874146701459,-5.024874146701459
-4.795799229919494,4.795799229919494
-5.299786136995724,5.299786136995724
-4.902625330456109,4.902625330456109
-4.950592526145403,4.950592526145403
-4.962489021823659,4.962489021823659
-5.096402071536559,5.096402071536559
5.307866084880125,-5.307866084880125
4.949142780770426,-4.949142780770426
-5.031824972045223,5.031824972045223
5.034667659537124,-5.034667659537124
5.065299132015923,-5.065299132015923
-5.144443111461323,5.144443111461323
-5.067374975524107,5.067374975524107
-5.289295837527938,5.289295837527938
-5.2303119655129,5.2303119655129
-5.310374895444136,5.310374895444136
4.918658365615256,-4.918658365615256
5.180345926287448,-5.180345926287448
4.555684915508563,-4.555684915508563
4.739516668398535,-4.739516668398535
-4.676660707626208,4.676660707626208
-4.84079561521261,4.84079561521261
-5.0531508085602965,5.0531508085602965
4.58874314940085,-4.58874314940085
5.697653828524445,-5.697653828524445
5.533160429264998,-5.533160429264998
4.89092985519663,-4.89092985519663
4.585035001157777,-4.585035001157777
4.882029652487261,-4.882029652487261
5.076959815279844,-5.076959815279844
5.1099305760994005,-5.1099305760994005
-4.988748031463369,4.988748031463369
-5.0,5.0
25.0,-5.0
5.0,-5.0
5.0,-5.0
5.0,-5.0
2.783704688086848,5.0
5.0,-5.0
5.0,-5.0
5.0,-5.0
5.0,-5.0
-25.0,0.0
-20.0,-5.0
5.0,-5.0
-25.0,0.0
0.0,0.0
0.0,0.0
5.0,-5.0
0.0,5.0
-4.5125,0.0
20.0,5.0
20.0,5.0
-25.0,5.0
-5.1250000000000036,5.0
-25.0,5.0
17.160664819944596,5.0
-25.0,5.0
-5.0,5.0
-5.0,5.0
25.0,0.0
-5.0,5.0
-5.0,5.0
14.321329639889196,5.0
-5.0,5.0
-25.0,5.0
-25.0,5.0
14.321329639889196,5.0
25.0,0.0
-25.0,5.0
-25.0,5.0
-5.0,5.0
25.0,0.0
20.0,5.0
19.98147288145835,5.018527118541648
19.426506996820095,5.296484692930598
-5.415590623614947,5.415590623614947
-5.313694256943201,5.313694256943201
-5.00577626019669,5.00577626019669
-4.863591393816635,4.863591393816635
-4.399689914801173,4.399689914801173
-4.932823835879079,4.932823835879079
-4.64641044812368,4.64641044812368
-7.642463208655986,4.924496478248491
-25.0,5.15546673040749
19.618319974721793,5.381680025278207
-5.05501774230831,5.05501774230831
-5.107346797068773,5.107346797068773
-25.0,4.921448036732972
16.961884159402288,5.285818846987773
-4.99215042088437,4.99215042088437
-25.0,5.007787095531764
-25.0,0.0
-4.880217076301468,4.880217076301468
-25.0,4.674112134781559
-25.0,4.736309808907784
-9.007932360397023,4.901147814599419
-5.306253503498725,5.306253503498725
-5.311424493423496,5.311424493423496
-4.9257209040331915,4.9257209040331915
-4.913826301796872,4.913826301796872
-5.263508420666449,5.263508420666449
-5.007993480702696,5.007993480702696
-4.617298147224146,4.617298147224146
-4.9734589932483395,4.9734589932483395
5.017545895265297,-5.017545895265297
24.99999999994307,5.692868398909923e-11
19.647901849221228,5.352098150778772
19.883505353795428,5.116494646204572
5.019474681449852,-5.019474681449852
24.377922998976732,-4.912420736733711
4.912420736733713,-4.785468610721569
4.78546861072157,-1.7763568394002505e-15
-25.0,5.477402982307375
4.668450112248289,-4.668450112248289
4.54176054351781,-4.54176054351781
4.656273387163637,-4.656273387163637
-20.26290630613109,-4.7370936938689105
5.412691448438649,-5.412691448438649
4.699115022911652,-5.301518005219033
5.188487726608393,-5.188487726608393
5.0712233962572055,-5.0712233962572055
4.883368394828793,-4.883368394828793
5.136667692154819,-5.136667692154819
-4.713934216626521,4.713934216626521
5.125364119929198,-5.125364119929198
5.054173489092979,-5.054173489092979
5.0,-5.0
4.999999999999998,-4.999999999999998
5.0,-5.0
5.0,-5.0
5.0,-5.0
5.0,-5.0
25.0,0.0
25.0,0.0
-5.0,5.0
-5.0,5.0
-25.0,4.9999999999999964
-20.0,-5.0
-20.0,-5.0
5.0,-5.0
5.0,-5.0
-25.0,0.0
0.0,0.0
0.0,0.0
0.0,0.0
0.0,0.0
0.0,0.0
0.0,5.000000000000004
-4.512499999999999,5.0
-4.952468750000001,5.0
-4.995365703125,4.995365703125
25.0,0.0
-25.0,2.1921342968750004
25.0,0.0
25.0,0.0
25.0,0.0
25.0,-5.0
-23.049999999999997,4.9999999999999964
5.0,-5.0
25.0,0.0
-9.5125,4.999999999999999
5.0,-5.0
0.0,5.0
-5.0,5.0
-5.0,5.0
-5.0,5.0
-5.0,5.0
0.0,0.0
-5.0,5.0
0.0,0.0
-5.317061028453219,5.317061028453219
-5.431098938677828,5.431098938677828
-5.23090429726493,5.23090429726493
-5.065206984508413,5.065206984508413
-6.964802233533999,4.913935490281796
-24.999999999990308,4.4883667432425085
19.93532444152804,5.064675558471961
-4.840613844786839,4.840613844786839
-4.876191618747441,4.876191618747441
-25.000000000000004,5.02880051412755
16.621521257527775,5.507231635405692
-5.182635728734301,5.182635728734301
-5.052154226955119,5.052154226955119
-25.0,5.012385634844826
16.604204297400234,5.542736827425443
-4.791568649489159,4.791568649489159
-5.310038493926998,5.310038493926998
-24.999999999971138,-2.886224592657527e-11
4.952194378022503,-4.952194378022503
-25.0,5.082150134091034
-25.0,5.166196234706419
-25.0,5.3784649608724
-5.418896257659984,5.418896257659984
-10.626811329669858,5.346812923190585
4.582153971466688,-4.582153971466688
4.761365726035008,-4.761365726035008
4.757085284967051,-4.757085284967051
-0.543291605912426,-4.803521317278158
4.89827420088924,-4.89827420088924
0.0,0.0
0.0,0.0
4.505175458447734,-4.505175458447734
4.425506995586312,-4.425506995586312
25.0,-4.375147751585672
5.335150583164966,-5.335150583164966
-14.783075270451672,-3.830853883742261
3.445921556366857,-3.445921556366857
4.4295734777156035,-4.4295734777156035
4.4492501263052,-4.4492501263052
4.701375805205119,-4.701375805205119
5.490691157807934,-5.490691157807934
3.5928911505169197,-3.5928911505169197
5.0541492836074084,-5.0541492836074084
4.886684442804471,-4.886684442804471
5.012163470991107,-5.012163470991107
24.999999999980915,-5.259794118737084
4.878961408724838,-4.878961408724838
4.366558783394383,-4.366558783394383
24.99999999995206,-4.545721781832874
24.999999999952028,-5.02577881747937
25.0,-4.9055473870988315
5.070088632837473,-5.070088632837473
-5.062044305329478,5.062044305329478
4.9519587480491865,-4.9519587480491865
25.0,0.0
0.0,0.0
-5.0,5.0
0.0,0.0
0.0,0.0
-5.0,5.0
-5.0,5.0
-25.0,0.0
-25.00000000000001,5.0
-25.0,0.0
-25.0,0.0
5.0,-5.0
0.0,0.0
5.0,-5.0
0.0,0.0
5.0,-5.0
0.0,0.0
0.0,5.0
25.0,-5.0
25.0,-5.0
5.0,-5.0
25.0,-5.0
25.0,-5.0
5.0,-5.0
5.0,-5.0
20.263157894736842,-5.0
5.0,-5.0
5.0,-5.0
5.0,-5.0
5.0,-5.0
-13.05,-5.0
25.0,-5.0
5.0,-5.0
-5.0,5.0
5.0,-5.0
5.0,-4.955836517132274
4.955836517132279,-4.955836517132279
4.955836517132278,-4.939862659506907
-5.042427639155975,5.042427639155975
4.939862659506898,-4.939862659506898
4.939862659506898,-4.935801376869635
4.93580137686963,-4.892427893202629
4.89242789320264,-4.686090295004943
-5.5711023003646645,5.369809880000215
4.7679255556191755,-4.7679255556191755
4.909128987929535,-4.909128987929535
-4.991134273712532,4.991134273712532
-4.8277258166819,4.8277258166819
-0.19854158771013353,5.107670575639674
-4.829224791547192,4.829224791547192
-25.000000000000004,4.547798098701545
-24.99999999995483,5.074236177949615
20.161707515025597,4.838292484974403
19.740128225267224,0.0
-5.019207706137005,5.019207706137005
-24.999999999942972,5.452784450267156
16.056639890560962,5.602324707417782
-5.216126298535105,5.216126298535105
-4.878734511266279,4.878734511266279
-24.99999999999921,5.7330138566625095
-4.976627352753082,4.976627352753082
-5.0171230265664555,5.0171230265664555
-15.623970535620678,4.6023115543078
-5.044109623320178,5.044109623320178
-25.0,5.183819129943739
-25.000000000000004,5.104825994705834
-25.0,5.213582774868943
-5.16992189728739,5.16992189728739
-5.2135827748689385,5.2135827748689385
-5.166525062455811,5.166525062455811
4.5626180687276,-4.5626180687276
4.871483259802146,-4.871483259802146
-0.735754929437217,-4.4778278454317215
4.669453005326581,-4.669453005326581
4.705814664248313,-4.705814664248313
25.0,-4.67279114345817
-13.725077428836624,-4.620228564192377
4.676116027496212,-4.676116027496212
4.526294278644571,-4.526294278644571
4.691384112113573,-4.691384112113573
4.599314866871845,-4.599314866871845
4.550324581390283,-4.550324581390283
25.0,0.0
25.0,0.0
4.666485350666962,-4.666485350666962
4.603638225956999,-4.603638225956999
5.184613744409171,-5.184613744409171
25.0,-4.0394354527961696e-11
5.386523765321859,-5.386523765321859
4.7514829058547345,-4.7514829058547345
4.6994766829442085,-4.6994766829442085
-4.835485536199025,4.835485536199025
5.181907976437201,-5.181907976437201
-4.959370562403252,4.959370562403252
-8.346748662219955,-4.953251337743595
4.941402602165772,-4.941402602165772
25.0,-5.0
25.0,-5.0
5.0,-5.0
-23.05,5.0
25.0,0.0
-5.0,5.0
-10.00000000000001,5.0
-25.0,0.0
-25.0,5.0
-25.0,5.0
-25.0,5.0
5.0,-5.0
-5.000000000000001,0.0
0.0,0.0
0.0,0.0
0.0,0.0
5.0,-5.0
5.0,-5.0
12.70083102493074,-5.0
25.0,-5.0
-20.0,-5.0
5.0,-5.0
25.0,-5.0
12.700831024930746,-5.0
-25.0,0.0
0.0,0.0
7.700831024930746,-5.0
25.0,0.0
-5.0,5.0
-25.0,5.0
-5.000000000000001,5.000000000000001
20.0,5.0
-25.0,5.0
-7.5625000000000036,5.0
-5.0,5.0
5.020289957357362,-5.0
4.977810544401889,-4.977810544401889
-5.006462949088175,5.006462949088175
-5.018311686515019,5.018311686515019
19.669956126016796,5.032745606412366
-5.055365923598318,5.055365923598318
19.87948381379249,5.12051618620751
19.691077453413502,5.308922546586498
19.598640328146637,5.401359671817538
0.0,0.0
0.0,0.0
0.0,0.0
-4.750166648136181,4.750166648136181
-5.157410664127537,5.157410664127537
0.0,0.0
-4.855297486993569,4.855297486993569
-4.902688445187279,4.902688445187279
-5.106975051302179,5.106975051302179
0.0,0.0
0.0,0.0
-25.0,2.4375
25.0,0.0
0.0,0.0
0.0,0.0
-25.0,0.0
-5.191602438591639,5.191602438591639
-4.942245602948155,4.942245602948155
-4.893197883061228,4.893197883061228
-4.713301964807025,4.713301964807025
-4.846128809996484,4.846128809996484
-5.135873393263043,5.135873393263043
-4.842412614625187,4.842412614625187
5.015014994545373,-5.015014994545373
4.607073560774589,-4.607073560774589
5.056559004043484,-5.056559004043484
-14.26626915999141,-5.211478529731735
-20.39712609343747,-4.602873906562529
-25.0,4.7834792343950845
-4.998680270971233,4.998680270971233
-5.30573154467195,5.30573154467195
-5.145807020801907,5.145807020801907
-5.287637182392787,5.087073083122303
-5.080536290415014,5.080536290415014
-5.105167445401466,5.105167445401466
-5.105167445401466,5.105167445401466
5.214980766164365,-5.214980766164365
4.908276623485083,-4.908276623485083
4.71306654685976,-4.71306654685976
-4.854848110107637,4.854848110107637
-5.050593084079626,4.951020759596393
-5.005595120918232,5.005595120918232
-4.5079540844875,4.5079540844875
-4.592876217571526,4.592876217571526
5.188116769775941,-5.188116769775941
5.004956557625618,-5.004956557625618
5.050133608836709,-5.050133608836709
5.133734158896738,-5.133734158896738
25.0,-4.890723834907742
-5.041330716222625,5.041330716222625
-4.940169981327696,4.940169981327696
5.023677005710892,-5.023677005710892
5.0,-5.0
5.0,-5.0
5.0,-5.0
5.0,-5.0
-5.0,5.0
5.0,-5.0
5.0,-5.0
-23.154216859913998,0.0
0.0,0.0
0.0,0.0
0.0,0.0
0.0,0.0
0.0,0.0
0.0,0.0
5.0,-5.0
5.0,-5.0
5.0,-5.0
5.0,-5.0
5.0,-5.0
25.0,-5.0
5.0,-5.0
5.0,-5.0
-18.05,0.0
25.0,-5.0
5.0,-5.0
5.2631578947368425,-5.0
5.0,-5.0
25.0,-5.0
5.0,-5.0
5.0,-5.0
5.0,-5.0
25.0,-5.0
5.0,-5.0
5.0,-5.0
25.0,-5.0
25.0,-5.0
4.986643240235807,-4.986643240235807
4.990736440729175,-4.990736440729175
4.991167303549727,-4.991167303549727
5.0,-5.0
5.0,-5.0
4.921582895162468,-4.921582895162468
5.0,-4.619919972603662
-13.588147648717333,-4.80487457600786
5.216068548556082,-5.216068548556082
25.0,-4.895914656664445
4.895914656664442,-4.900346573087213
-19.477799443802695,-5.522200556197305
25.0,-4.691185931857703
12.292842324170653,-5.439396553491351
5.293155303338991,-5.293155303338991
-22.828389178067965,5.174944567593908
25.0,0.0
-5.105760723874465,5.105760723874465
0.0,0.0
-5.28061566855011,5.28061566855011
-5.399427887683245,5.399427887683245
-5.166992111466472,5.166992111466472
-25.000000000000004,5.022054180512779
-25.000000000000004,2.7359448040442658e-11
-4.89364725994716,4.89364725994716
-4.842837376765964,4.842837376765964
-25.0,5.290708345211524
-25.0,4.793216575120013
-5.0695360239193725,5.0695360239193725
-5.135126114845988,5.135126114845988
-9.648347439250651,4.760026431439577
-5.217658093060601,5.217658093060601
4.944988569164808,-4.944988569164808
4.980343548124377,-4.980343548124377
5.231529448677172,-5.231529448677172
-5.116510424887361,5.116510424887361
-4.972056583921738,4.972056583921738
-5.00247094172531,5.00247094172531
19.358770109994335,5.641229890005665
20.09457994922627,4.905420050752323
-4.843072163565916,4.843072163565916
19.086362578707934,5.395456708798022
4.519787781008242,-4.519787781008242
24.99999999998293,-5.196362551616481
5.113632393146003,-5.113632393146003
5.19636255161649,-5.19636255161649
4.470627085752521,-4.470627085752521
5.062710165743323,-5.062710165743323
-20.272921982820474,-4.727078017179526
5.153404772140168,-5.153404772140168
5.090702180164585,-5.090702180164585
-4.675402515460331,4.675402515460331
4.643320350885592,-4.643320350885592
4.774655794977502,-4.774655794977502
5.116866076397504,-5.116866076397504
-4.941764432016397,4.941764432016397
-5.028664462435172,5.028664462435172
-5.021327729957008,5.021327729957008
-5.0,5.0
-5.0,5.0
5.0,-5.0
-5.0,5.0
-5.0,5.0
-25.0,5.0
-5.0,5.0
16.816861166574927,5.0
-5.0,5.0
-5.0,5.0
-25.0,5.0
-25.0,5.0
-25.0,0.0
0.0,0.0
0.0,0.0
0.0,0.0
5.0,-5.0
5.0,-5.0
5.0,-5.0
5.0,-5.0
25.0,-5.0
25.0,0.0
-20.612500000000004,5.000000000000002
-25.0,0.0
5.0,-5.0
25.0,-5.0
-5.0,5.0
-2.977839335180058,5.0
20.0,5.0
25.0,0.0
-5.0,5.0
-25.0,5.0
5.0,-5.0
-5.0,5.0
-25.0,5.0
-25.0,5.0
-5.0,5.0
-5.0,5.0
-5.0,5.0
-5.0,5.0
-5.0,5.0
20.0,5.0
-5.0,5.0
4.905640952311418,-4.905640952311418
8.976093736254962,-4.600091533085599
24.99999999997547,-4.653010513348967
-5.1429346693863565,5.1429346693863565
-5.088530402265023,5.088530402265023
-4.713422513943558,4.713422513943558
-4.2368027854500045,4.2368027854500045
19.51442492230072,5.485575077699281
-4.717937110664158,4.717937110664158
4.72270921548793,-4.72270921548793
4.946219937569937,-4.946219937569937
24.99999999995483,-5.073494579858362
5.073494579858357,4.440892098500626e-15
0.0,0.0
0.0,0.0
0.0,0.0
0.0,0.0
-4.579166751240404,4.579166751240404
-25.0,0.0
-5.2844246425762265,5.2844246425762265
5.317816753396405,-5.317816753396405
-25.0,4.955601311211062
-9.748181058748672,4.9605684405541535
-25.0,5.0052719734946365
-24.9999999999449,4.807680578062268
-4.980941244628557,4.980941244628557
5.148293110062701,-5.148293110062701
-0.049057818243912976,-4.931883426384644
0.0,0.0
0.0,0.0
0.0,0.0
5.302344808197361,-5.302344808197361
4.730664827351926,-4.730664827351926
0.0,0.0
4.909272573942947,-4.909272573942947
4.685085261942796,-4.685085261942796
5.066355041468397,-5.066355041468397
5.065911976055584,-5.065911976055584
4.737669931364497,-4.737669931364497
0.0,0.0
4.808369790926646,-4.808369790926646
4.362027461270023,-4.362027461270023
24.999999999945743,-5.0336231107362615
5.394313701016531,-5.394313701016531
4.787731273834016,-4.787731273834016
4.667182768446391,-4.667182768446391
-4.711774588312707,4.711774588312707
5.722687024348452,-5.722687024348452
4.816683894463687,-4.816683894463687
24.999999999992635,-4.474889065761612
25.0,-4.547034015987315
24.99999999995661,-4.984569986650477
24.303274073977533,-5.0581636467751
5.058163646775098,-5.007943479536178
4.992553413373732,-4.992553413373732
5.007943479536182,-5.0
5.0,-5.0
5.0,-5.0
5.0,-5.0
5.0,0.0
0.0,0.0
-25.0,5.0
-25.0,0.0
-25.0,5.0
-25.0,5.0
-5.000000000000009,-5.0
5.0,-5.0
0.0,0.0
0.0,0.0
0.0,0.0
0.0,0.0
0.0,0.0
0.0,0.0
25.0,-5.0
25.0,0.0
-20.0,-5.0
-10.612500000000006,-5.0
25.0,-5.0
25.0,0.0
-20.612500000000004,5.000000000000002
-25.0,0.0
25.0,-5.0
5.0,-5.0
5.0,-5.0
-16.1,5.0
25.0,-5.0
-25.0,5.0
5.0,-5.0
-5.000000000000001,5.000000000000001
0.0,-5.000000000000001
5.0,-5.0
25.0,-5.0
-16.1,5.0
25.0,-5.0
-25.0,0.0
20.0,5.0
-22.5625,5.113532464775542
19.655656835133517,5.344343164866483
19.732316539857848,5.267683460133352
-24.99999999995444,5.152456157730683
19.96698152838835,5.033018471611651
-7.876180032081766,4.797691409559974
20.664108980030395,4.335891019945166
19.86217320580724,5.137826794192758
-4.968426855732146,4.968426855732146
-5.0825035765855855,5.0825035765855855
-25.0,2.437500000017252
25.0,-1.9110046878267894e-11
0.0,0.0
0.0,0.0
-4.916165333734035,4.916165333734035
-5.636572022845311,5.636572022845311
-4.7801543503570425,4.7801543503570425
-4.686982490761771,4.686982490761771
-25.0,4.959222834485608
5.1626731704125,-5.1626731704125
-4.859081215127217,4.859081215127217
5.096369251876352,-5.096369251876352
-5.233348427840987,5.1491255933668345
4.991273126121106,-4.991273126121106
-5.060848912321116,5.060848912321116
-4.871315374617234,4.871315374617234
4.923650740850812,-4.923650740850812
5.07435167790765,-5.07435167790765
5.161766211725588,-5.161766211725588
5.214046036995732,-5.214046036995732
4.7967497377709165,-4.7967497377709165
4.942485438926601,-4.942485438926601
5.003405039746628,-5.003405039746628
4.923355363908938,-4.923355363908938
4.388514189352877,-4.388514189352877
4.733328900154616,-4.733328900154616
4.841833221393047,-4.841833221393047
4.932856655539288,-4.932856655539288
-4.916828038411323,4.916828038411323
-25.0,-3.552713678800501e-15
-5.405557590374489,5.405557590374489
-5.019544738801452,5.019544738801452
-4.936734424622379,4.936734424622379
-5.336529640041036,5.336529640041036
-5.261340429650756,5.261340429650756
-5.372970823524042,5.372970823524042
24.999999999974726,2.5274005110986764e-11
24.9999999999873,-5.417847921975245
4.690424768199789,-4.690424768199789
4.580750457632293,-4.580750457632293
5.301186899422311,-4.973295526094609
5.034622118313916,-5.034622118313916
5.089956548647547,-5.089956548647547
5.0,-5.0
5.0,-5.0
-5.0,5.0
-5.0,5.0
-25.0,5.0
5.0,-5.0
20.0,5.0
-2.7493786314078617,5.0
-5.0,5.0
-25.0,5.0
-25.0,5.0
-25.0,0.0
-25.0,5.0
21.620498614958446,-5.0
-25.0,0.0
0.0,0.0
0.0,0.0
0.0,0.0
5.0,-5.0
0.0,0.0
7.700831024930746,-5.0
25.0,0.0
-25.0,5.0
-4.9999999999999964,4.9999999999999964
-5.0,5.0
25.0,0.0
-25.0,0.0
-2.5625000000000013,-8.881784197001252e-16
19.86149584487535,5.0
20.0,5.0
-25.0,5.0
-25.0,5.0
25.0,-2.8393351800554036
-25.0,5.0
-5.000000000000001,5.000000000000001
-5.000000000000001,0.0
17.963988919686283,-5.0
5.0,-5.0
25.0,-5.0
-20.0,-5.0
25.0,0.0
5.0,-5.0
-5.0,5.0
19.86363178724423,5.136368212755418
19.5890295324752,5.410970467506466
25.0,0.0
-5.000986325461362,5.000986325461362
0.0,0.0
-5.00216672872107,5.00216672872107
-25.000000000000004,4.602942070472192
17.693181638049737,4.90743656641321
-5.207834916301282,5.207834916301282
-4.902020060184189,4.902020060184189
-25.0,4.839232894468843
17.060016669027785,5.278783447904242
-5.226284614516933,5.226284614516933
-4.559029996260577,4.559029996260577
-24.999999999999996,4.881654198730214
16.79970485913868,5.49209104254529
-4.892881678258064,4.892881678258064
-5.227331056759734,5.227331056759734
-24.999999999999996,4.7156902262345035
4.642379941391155,-4.642379941391155
5.070973777495427,-5.070973777495427
-24.999999999993193,4.98746793897886
-4.985287956164244,4.985287956164244
-25.0,5.143378365946482
-25.0,4.821238884612235
-5.007635620176963,5.007635620176963
5.144826849026835,-5.144826849026835
-4.108266479692309,-5.2030325164065445
5.124169397514853,-5.124169397514853
4.647671480452459,-4.647671480452459
4.693489619545412,-4.693489619545412
-5.3564764196800425,5.3564764196800425
-5.029205079554352,5.029205079554352
-4.950653116287327,4.950653116287327
-5.006936940102909,5.006936940102909
-4.6602218447456405,4.6602218447456405
5.063670140804421,-5.063670140804421
-5.356476419680043,5.622092872367573
25.0,0.0
5.11435126993403,-5.11435126993403
4.649722709215489,-4.649722709215489
-4.944652167647671,4.944652167647671
24.99999999996251,3.7488234738702886e-11
-4.187169992005131,4.187169992005131
-5.092597515541625,5.092597515541625
4.471137052780377,-4.471137052780377
25.0,-5.1458846519212464
-4.492188971362169,4.492188971362169
-5.0607242607270635,5.0607242607270635
-5.19498822834526,5.19498822834526
-5.195830099965655,5.195830099965655
19.31605811374316,4.836995674482392
5.055218378121692,-5.055218378121692
5.055218378121688,-4.996768525455913
-0.0032314745440862325,5.0
-5.0,5.0
-5.0,5.0
-5.0,5.0
-17.562499999999996,-5.0
25.0,0.0
-5.0,5.0
-5.0,5.0
-25.0,5.0
-5.0,5.0
-20.0,-5.0
-20.0,-5.0
5.0,-5.0
5.0,-5.0
-20.0,-5.0
5.0,-5.0
5.0,-5.0
5.0,-5.0
5.0,-5.0
20.0,5.0
-22.5625,5.0
-5.000000000000001,5.000000000000001
5.0,-5.0
-5.0,5.0
17.160664819944596,5.0
-25.0,0.0
20.263157894736835,-4.999999999999993
25.0,-5.0
-5.0,5.0
-5.0,5.0
25.0,-5.0
20.0,5.0
20.0,5.0
-15.028221543098445,5.0
-5.0,5.0
-25.0,5.0
-5.0,5.0
-5.0,5.0
-5.000646294847182,5.000646294847182
-5.000646294847182,5.000646294847182
-25.0,5.003446905646186
-25.0,5.024774637452257
-25.0,5.171582437235511
-5.171582437235511,5.171582437235511
-0.10608189033374193,-5.065500546901768
20.031234849308785,4.968765150691215
19.686410355723716,5.313589644276284
-5.07901774998306,5.07901774998306
-4.865549250602019,4.558638684927323
19.77097809959222,5.22902190040778
20.11271786065108,4.8872821393086525
-25.0,4.831249512123129
-24.99999999999205,5.100661053595921
19.98845820911092,5.01154179088908
24.999999999982318,7.105427357601002e-15
0.0,0.0
0.0,-4.7443436830384265
0.26741804468097286,4.9894724628408245
0.0,0.0
0.0,0.0
-19.622553710883057,-5.377446289111315
24.99999999995014,-4.900969199910207
-5.507503028749719,5.507503028749719
-25.0,5.003240941445586
-25.0,5.347461111479703
-24.99999999997045,4.328458629202565
-7.831305351643282,5.012769372410336
-4.878103363954583,4.878103363954583
-4.699404732150674,4.699404732150674
-4.800395244643299,4.800395244643299
-24.99999999996613,5.4632772743241915
-5.2407038060000595,5.2407038060000595
-4.985784669098553,4.985784669098553
5.061159436798475,-5.061159436798475
24.999999999991797,-5.268355000873001
25.0,-4.7440293716772
25.0,-4.765732003137359
-20.36147195062277,-4.638528049347848
5.312594640539389,-5.312594640539389
4.837653132747647,-4.837653132747647
5.098672939564059,-5.098672939564059
5.39317826700278,-5.39317826700278
24.999999999991136,-4.880224018921897
24.999999999988404,-4.678949247778441
24.999999999961013,-4.957407023669841
-24.999999999958405,5.035041298745654
-24.999999999980147,5.365640047498633
-4.7640013972086726,4.7640013972086726
5.251116474348507,-5.251116474348507
5.412005706884484,-5.412005706884484
5.055959729671024,-5.055959729671024
4.600529509873214,-4.600529509873214
4.955568254870614,-4.955568254870614
5.128910536673647,-5.128910536673647
5.0339100263594885,-5.0339100263594885
19.975009931717068,5.024990068246179
18.981900914890335,-4.979679174666476
-25.0,5.0
-25.0,5.0
-25.0,5.0
-25.0,5.0
19.321329639889193,5.0
-5.0,5.0
-5.0,5.0
-25.0,5.0
-5.0,5.0
-5.0,5.0
-5.0,5.0
25.0,-5.0
-25.0,0.0
0.0,0.0
0.0,0.0
0.0,0.0
5.0,-5.0
25.0,-5.0
25.0,-5.0
20.401662049861493,-5.0
-20.0,-5.0
-20.0,-5.0
5.0,-5.0
25.0,-5.0
5.0,-5.0
5.0,-5.0
-5.0,5.0
2.7008310249307463,5.0
-25.0,5.0
-5.0,5.0
-5.0,5.0
-5.0,5.0
-5.0,5.0
-5.0,5.0
-5.0,5.0
-4.931384363649747,5.0
-5.061925611806103,5.061925611806103
4.942695191860136,-4.942695191860136
-5.058381964574888,5.058381964574888
-5.061613438810798,5.061613438810798
-4.936026219531058,5.079936229573832
-5.191804395869706,5.191804395869706
-5.191804395869706,5.321861224263202
-5.309180683494835,5.333132016275321
19.78894686355635,5.211053136443649
-5.021740184725204,5.021740184725204
-5.0392466332835175,5.0392466332835175
20.13522865669217,4.221229225533776
19.14032813193034,5.859671868027402
20.095212990001315,4.904787009998685
-7.194000224017717,4.995646976991195
-25.0,4.635853247040853
25.0,-1.588063014423824e-11
0.0,0.0
-4.557651570531824,4.557651570531824
-5.094201892007968,5.094201892007968
-5.289236509680636,5.289236509680636
0.0,0.0
-5.075187316948348,5.075187316948348
-24.999999999974364,1.5155876553762937e-11
-5.418760560987966,5.418760560987966
-5.080001708642005,5.080001708642005
-25.0,5.01635050225693
-25.0,4.9539230905092495
-24.99999999996165,5.316140426136524
-9.975516533563628,5.005869669998822
-4.976926516578827,4.976926516578827
-5.027756596473996,5.027756596473996
-5.007512546451181,5.007512546451181
-5.2581531357266655,5.2581531357266655
-5.18821128408587,5.18821128408587
-5.316767155417043,5.316767155417043
-5.316767155417043,5.316767155417043
-5.028130235682525,5.028130235682525
-5.087396861693206,5.087396861693206
19.777150089153345,5.222849910846655
25.0,-4.689129022768867
13.30342278598659,-4.61706525386613
25.0,-4.625225357459115
25.0,-4.666829325951838
4.101949133742739,-4.598536662236517
4.751205516611245,-4.751205516611245
4.480038123317298,-4.480038123317298
5.2170648145876015,-5.2170648145876015
4.9928371091595025,-4.9928371091595025
-5.183757908654504,5.183757908654504
-4.830283856736226,4.830283856736226
-22.760410235583205,4.906311230756458
4.982535838311571,-4.982535838311571
4.8671627408798965,-4.8671627408798965
5.104911830740226,-5.104911830740226
24.999999999991207,-5.03564830467268
-4.949734796948802,4.949734796948802
-5.042354294167891,5.042354294167891
-5.064447179296473,5.064447179296473
-5.028562704723675,5.028562704723675
-5.0,5.0
-5.0,5.0
5.0,-5.0
5.0,-5.0
5.0,-5.0
-5.0,5.0
5.0,-5.0
-5.0,5.0
-5.0,5.0
5.0,-5.0
-25.0,5.0
-25.0,0.0
-20.0,-5.0
-20.455327405032918,0.0
0.0,0.0
5.0,-5.0
0.0,0.0
0.0,0.0
0.0,5.0
7.700831024930746,-5.0
25.0,-5.0
-25.0,5.0
-5.0,5.0
-5.0,4.750000000000001
25.0,0.0
20.0,5.0
20.0,5.0
20.0,5.0
-25.0,0.0
-20.0,-5.0
-25.0,4.999999999999986
5.0,-5.0
5.0,-5.0
5.0,-5.0
5.0,-5.0
5.0,-5.0
4.9486936590553805,-4.9486936590553805
-25.0,5.060528513839916
-0.12860490605337205,-4.931923607786542
4.929122995138474,-4.929122995138474
4.922222313955539,-4.922222313955539
25.0,-4.788598075773223
12.06480762688613,-4.575378526182162
-20.329066638653824,-4.670933361346176
19.857627998442027,5.142372001557973
19.998398779270214,5.0016012207297855
20.480487399219662,4.519512600780338
0.6874290029032721,4.57572889183357
19.839662705788104,5.160337294211896
-5.034285184266233,5.034285184266233
-7.825092625917172,5.222617017488634
-25.0,5.039975608428534
25.0,0.0
-5.24418837030796,5.24418837030796
-5.2547922762918535,5.2547922762918535
-25.0,2.4375
25.0,0.0
-4.764794118232173,4.764794118232173
-4.957192433583865,4.957192433583865
-25.0,0.0
-5.359231377695615,5.359231377695615
-25.0,5.242433149634124
-25.0,5.257327595042959
-5.126048323061788,5.126048323061788
-5.199544165214775,5.199544165214775
-25.0,5.14404738209689
-10.643808126773985,5.134578278979433
-4.9461946916774675,4.9461946916774675
-4.9963645914846,4.9963645914846
-5.090987458749474,5.090987458749474
-5.064496312635436,5.064496312635436
-5.134578278979432,5.134578278979432
-5.134578278979432,5.134578278979432
4.756881424385368,-4.756881424385368
4.712883514139369,-4.712883514139369
4.526718409638031,-4.526718409638031
4.563044093162995,-4.563044093162995
-5.134578278979432,5.134578278979432
4.709422933429307,-4.709422933429307
-5.134578278979432,5.134578278979432
4.855775265508525,-4.855775265508525
5.067103582180074,-5.067103582180074
4.398668087303527,-4.398668087303527
5.056691544978937,-5.056691544978937
5.139710768918187,-5.139710768918187
4.782050316881392,-4.782050316881392
25.0,-4.891286137854088
25.0,-5.023546843904953
4.949398395431665,-4.949398395431665
4.548179942825122,-4.548179942825122
4.7321522837787775,-4.7321522837787775
22.412479267954225,-5.084436623014501
5.194944048033441,-5.194944048033441
5.074195311161179,-5.074195311161179
4.981948245095215,-4.981948245095215
4.94011000754057,-4.94011000754057
25.0,-5.0
5.0,-5.0
5.0,-5.0
5.0,-5.0
5.0,-5.0
-5.0,5.0
5.0,-5.0
-20.0,-5.0
-25.0,0.0
-25.0,5.0
0.0,-5.0
5.0,-5.0
0.0,0.0
0.0,0.0
5.0,-5.0
0.0,0.0
20.0,5.0
25.0,0.0
25.0,0.0
25.0,0.0
-5.0,5.0
-22.812499999999996,5.0
25.0,0.0
-5.0,5.0
-5.0,5.0
-5.0,5.0
-25.0,5.0
-7.562499999999998,5.0
-5.0,5.0
-5.0,5.0
-5.0,5.0
-5.0,5.0
-5.0,5.0
-5.0,5.0
-5.0,5.0
20.0,5.0
-5.043517188020538,5.043517188020538
-5.038346826777663,5.038346826777663
-5.031883878305842,5.031883878305842
-5.0295141321764545,5.0295141321764545
-5.0570893748805235,5.0570893748805235
-5.213747760720896,5.213747760720896
-5.405185607927654,5.405185607927654
-8.047076129291687,5.3266864243545715
-25.0,5.157889704937116
25.0,0.0
-4.5658590101731855,4.5658590101731855
-24.999999999985725,4.500389468383101
17.68319492418766,5.031054972324949
-5.177138435649381,5.177138435649381
0.0,0.0
-25.0,5.271230508025113
16.62971440281894,5.230417998261267
-5.126858085062699,5.126858085062699
-24.99999999998105,5.034862684056442
-12.021289329079275,4.887333262240899
19.7259268044821,5.274073195517019
-4.9840319730139555,4.9840319730139555
5.0266962689903405,-5.0266962689903405
-24.999999999971752,9.556799795973347e-13
-5.579133157198212,5.168460791260799
-25.0,5.203664926012877
-25.0,5.08879674643056
-24.999999999993456,5.079230446627104
-5.151212797526631,5.151212797526631
-5.110452672989652,5.110452672989652
-5.072675350647774,5.072675350647774
4.8580417155048465,-4.8580417155048465
-5.098571955994187,5.098571955994187
-5.078259742061707,5.078259742061707
-5.263372092847121,5.263372092847121
5.0562629959542935,-5.0562629959542935
-4.800114384089593,4.800114384089593
-5.42442637040511,5.42442637040511
-5.42442637040511,5.42442637040511
4.79723130316974,-4.79723130316974
-5.412526718990291,5.412526718990291
-5.42442637040511,5.42442637040511
-5.42442637040511,5.42442637040511
-5.42442637040511,5.42442637040511
5.443442207759354,-5.443442207759354
4.481858983311556,-4.481858983311556
4.947303617504128,-4.947303617504128
4.730563212634742,-4.730563212634742
4.879879412489709,-4.879879412489709
4.8861435495583425,-4.8861435495583425
-4.963427537876159,4.963427537876159
-4.880160904190728,4.880160904190728
-4.89146222795405,4.89146222795405
-5.075571685661172,5.075571685661172
-5.0234157230509435,5.0234157230509435
-4.886794735797191,4.886794735797191
-4.808571679172976,4.808571679172976
-4.905865778817859,4.905865778817859
-5.024128340139658,5.024128340139658
-5.0,5.0
-5.0,5.0
-5.0,5.0
-5.0,5.0
5.0,-5.0
-5.0,5.0
5.0,-5.0
-5.0,5.0
-5.42442637040511,5.0
-5.0,5.0
-5.0,5.0
-5.0,0.0
5.0,-5.0
5.0,-5.0
0.0,0.0
5.0,-5.0
0.0,0.0
0.0,5.0
-4.5125,4.5125
20.0,5.0
9.182825484764535,5.0
25.0,0.0
-25.0,5.0
-25.0,5.0
20.0,5.0
-25.0,5.0
-25.0,5.0
-5.000000000000001,5.000000000000001
17.160664819944596,5.0
-25.0,5.0
20.0,5.0
20.0,5.0
20.0,5.0
19.722991689750685,5.0
-25.0,5.0
17.160664819944596,5.0
-25.0,5.0
-25.0,5.0
20.0,5.0
19.3213296398892,0.0
-5.0,5.0
-5.021112299163088,5.021112299163088
-5.253953368105321,5.253953368105321
0.0,0.0
-5.237212456858557,5.237212456858557
-5.0067434934518715,5.0067434934518715
0.0,0.0
-25.0,4.782719964179108
2.686847999607319,-5.032067963760229
19.99808068099609,5.001919318974881
-5.051283243664972,5.051283243664972
-4.996631566797451,4.996631566797451
0.0,0.0
-5.234829717970056,5.234829717970056
-5.030125923482123,5.030125923482123
-5.290264648651402,5.290264648651402
-24.999999999986912,2.4374999999910294
24.99999999998151,1.3926637620897964e-11
0.0,0.0
0.0,0.0
-20.084871641252917,-4.915128358700912
25.0,-4.617784761801474
4.762058725783257,-4.762058725783257
-23.524966229878117,5.181438442284001
-25.0,5.185062490147789
-5.291472664605996,5.291472664605996
-5.496733131022852,5.496733131022852
-5.388531760494036,5.388531760494036
-5.487483036022555,5.487483036022555
-5.47935259635322,5.47935259635322
-25.0,5.511960191064958
-5.604059731377646,5.604059731377646
-5.6480065186914015,5.6480065186914015
4.384269092534378,-4.384269092534378
-20.627177395110635,-4.372822604889365
-5.511852896021969,5.511852896021969
-5.748444146138979,5.748444146138979
-5.612503851260893,5.612503851260893
-5.658698154151624,5.658698154151624
-3.274869654295376,5.950025654875926
19.205639886934755,5.794360113065245
4.402420258071592,-4.402420258071592
4.343137222230805,-4.343137222230805
4.349990219741258,-4.349990219741258
25.0,-4.459145885005363
4.554218760303479,-4.554218760303479
4.7844625619067145,-4.7844625619067145
24.999999999964103,-4.862485623726535
5.0045347934345745,-5.0045347934345745
4.830148160064209,-4.830148160064209
4.248566109045493,-4.248566109045493
4.292756045861083,-4.292756045861083
4.738035839018456,-4.738035839018456
-4.851649889445712,4.851649889445712
-4.892275382371763,4.892275382371763
-5.0262724732938855,5.0262724732938855
-5.052565315881088,5.052565315881088
-5.0,5.0
-5.0,5.0
-5.0,5.0
-5.0,5.0
20.0,5.0
-5.0,5.0
-25.0,5.0
-25.0,5.0
-25.0,5.0
-25.0,0.0
5.0,-5.0
-5.0,5.0
-5.0,5.0
-5.0,5.0
-5.0,0.0
5.0,-5.0
5.0,-5.0
10.263157894736842,5.0
25.0,-5.0
25.0,-5.0
25.0,-5.0
25.0,0.0
5.0,-5.0
5.0,0.0
0.0,-5.0
5.540166204986143,-5.000000000000001
5.0,-5.0
5.000000000000001,0.0
0.0,-5.0
-5.0,5.0
5.0,-5.0
5.540166204986143,-5.000000000000001
5.0,-5.0
5.0,-5.0
5.0,-5.0
5.0,-5.0
-25.0,5.0589463162845725
-25.0,5.058679875967687
-5.0629060334360005,5.0629060334360005
-5.062475166917321,5.062475166917321
4.906393383454572,-4.906393383454572
4.740637753672621,-4.740637753672621
-5.387077202620806,5.387077202620806
25.0,-0.8090040911382417
19.890077806325834,5.109922193674166
-4.962446419380121,4.962446419380121
-7.558643058778191,4.887451286788188
2.9597692764432164,-2.9597692764432164
-25.0,5.108691771990003
19.96840918360742,5.03159081639258
-4.939140358174583,4.939140358174583
-17.51620471351683,-5.046295286460598
24.99999999997499,0.0
-5.106805272675333,5.106805272675333
-5.198864419560074,5.198864419560074
-25.0,5.224911869113981
16.568908625308012,5.342546367363482
-5.372077750077983,5.372077750077983
-5.537967247190915,5.537967247190915
-25.0,0.0
-5.306376577224508,5.306376577224508
-5.294930089579493,5.294930089579493
-10.629012771493077,5.1869294238957995
-25.0,5.22280257479828
-25.0,5.255591939935783
-25.0,5.217499675085364
-5.253810842222162,5.253810842222162
4.578372136774975,-4.578372136774975
4.452371149761563,-4.452371149761563
4.288080979936483,-4.288080979936483
4.326452211898673,-4.326452211898673
4.451758936869213,-4.451758936869213
-5.25381084222216,0.0
0.0,0.0
0.0,0.0
0.0,0.0
4.255159073863522,-4.255159073863522
4.327431752526433,-4.327431752526433
0.0,0.0
10.500219461494224,-4.310769463497518
-5.547546169940604,5.547546169940604
4.208981180802901,-4.208981180802901
-5.39492591390888,5.39492591390888
-5.585978623192027,5.585978623192027
-5.585978623192027,5.585978623192027
-5.556923125550551,5.556923125550551
-5.205853744889852,5.205853744889852
-4.7928404113222385,4.7928404113222385
-4.833852363636584,4.833852363636584
-5.396928859902564,5.396928859902564
-5.533747080691224,5.533747080691224
-5.144284062338773,5.144284062338773
-4.842464447598162,4.842464447598162
-4.848775644588224,4.848775644588224
-4.9793525383665616,4.9793525383665616
25.0,-4.97845683678365
20.0,5.0
20.0,5.0
-5.0,5.0
5.0,-5.0
19.05216473352379,5.0
5.0,-5.0
-25.0,5.0
-25.0,0.0
-25.0,5.0
-25.0,5.0
-5.487500000000004,0.0
0.0,0.0
4.999999999999998,-4.999999999999998
0.0,0.0
0.0,0.0
5.0,-5.0
0.0,5.0
-4.5125,0.0
0.0,0.0
5.0,-5.0
5.0,-5.0
25.0,-5.0
25.0,-5.0
25.0,-5.0
22.562326869806085,-5.0
5.0,-5.0
5.0,-5.0
-20.0,-5.0
-25.0,5.0
-25.0,5.0
25.0,-5.0
5.0,-5.0
5.0,-5.0
-5.0,5.0
25.0,-5.0
25.0,-5.0
5.0,-5.0
19.64428825112887,-5.0
25.0,-5.0
-5.0,5.0
-5.025636363093362,5.025636363093362
4.718184559857052,-4.718184559857052
-5.329987640368424,5.329987640368424
4.936454668576467,-4.936454668576467
5.078703438621833,-5.078703438621833
5.078703438621831,-4.949593419950982
4.949593419950989,-7.105427357601002e-15
0.0,0.0
0.0,-4.235306966321272
-24.999999999956415,4.633444157752088
25.0,-5.3381415902751215
7.597823372574967,-4.977166983704584
-0.733586307274221,5.710753290978805
-10.08162566326727,4.968667322857903
-25.0,4.736884784108739
-25.0,5.25107355633131
19.59184018925225,5.4081598107406315
19.85526845419035,5.1447315457827685
-5.082028322659875,5.082028322659875
-24.9999999999862,3.4713565355559695e-11
-5.267209468502264,5.267209468502264
-25.0,4.910451557121206
-25.0,5.066644738084463
-24.99999999999989,5.085684559036562
-9.699282920768132,5.13296001727223
-5.496457950794948,5.496457950794948
-5.496457950794948,5.161905064134162
-5.00154946665023,4.904840657520182
4.772549025251042,-4.772549025251042
4.931424582289038,-4.931424582289038
4.854114716931441,-4.854114716931441
4.931744573976067,-4.931744573976067
4.344193131683282,-4.344193131683282
5.085813313088149,-5.085813313088149
-5.065196255004114,5.065196255004114
-5.065196255004114,5.065196255004114
-5.065196255004114,5.065196255004114
-5.065196255004114,5.065196255004114
-5.065196255004114,5.065196255004114
-5.065196255004114,5.065196255004114
4.927936862244575,-4.927936862244575
4.501647344975323,-4.501647344975323
-5.065196255004114,5.065196255004114
4.97559390759924,-4.749121468188002
-5.269587631572756,5.269587631572756
-5.134643918299849,5.134643918299849
-5.269587631572756,5.269587631572756
-4.319681894686053,4.319681894686053
-4.449726326951878,4.449726326951878
-5.094615924644446,5.094615924644446
-5.036933320599306,5.036933320599306
20.00014374380024,4.9998562561997595
5.094506144458916,-5.094506144458916
5.0197433332477495,-5.0197433332477495
5.003143350292514,-5.003143350292514
5.0,-5.0
20.0,5.0
25.0,-0.575720367393636
5.0,-5.0
5.0,-5.0
25.0,0.0
0.0,0.0
-5.0,5.0
-25.0,5.0
-25.0,5.0
-25.0,5.0
-25.0,5.0
-15.000000000000002,5.0
-5.000000000000001,5.000000000000001
0.0,-5.000000000000001
5.0,-5.0
5.0,-5.0
5.0,-5.0
5.0,-5.0
25.0,-5.0
5.0,-5.0
-13.05,-5.0
5.0,-5.0
0.0,0.0
5.0,-5.0
0.0,5.0
-4.5125,5.0
-4.952468749999999,5.0
25.0,-5.0
-23.045365703125,5.0
5.0,-5.0
-5.0,5.0
-5.0,5.0
-5.0,5.0
-5.0,5.0
5.0,-5.0
-5.0,5.0
4.989012987597905,-4.989012987597905
25.0,-4.973286480471614
19.194345529305544,-4.970485867823546
-5.022189455598111,5.022189455598111
25.0,-4.9670389627937155
25.0,-4.736883746167262
25.0,-4.728259288266788
4.904600505968078,-4.904600505968078
-5.050541961147379,5.050541961147379
-4.959333285265155,4.959333285265155
-4.6945363773618665,4.6945363773618665
4.904600505968089,-4.874657930780009
-5.354302748338543,5.354302748338543
4.874657930780005,-4.874657930780005
4.874657930779998,4.440892098500626e-15
-19.998855098769333,-5.001144901223427
25.0,-1.9035439891013084e-11
-5.192929741388147,5.192929741388147
-24.999999999958796,4.929241443737862
-25.0,2.3832585562592357
24.999999999990784,-2.2211565919860732e-11
25.0,0.0
-5.04256015666995,5.04256015666995
-25.0,3.552713678800501e-15
4.572136401335364,-4.572136401335364
-4.806653070238822,4.806653070238822
-4.955599417769131,4.955599417769131
-24.999999999985818,5.060304232191122
-24.999999999983707,4.855267191922607
-24.999999999962043,5.032199873548375
-9.750113631830441,5.151392674510465
-5.244373927617605,5.244373927617605
-5.349050340410564,5.349050340410564
-5.349050340410564,5.349050340410564
-5.117051318133489,5.117051318133489
-4.935773818413969,4.935773818413969
-5.2836956674312106,5.2836956674312106
-4.952141361648318,4.952141361648318
-4.880542748314307,4.880542748314307
-4.987553775013254,4.987553775013254
-5.126480658970305,5.126480658970305
-5.349050340410564,5.349050340410564
-5.108637493321199,5.108637493321199
-4.857197871549102,4.857197871549102
-4.9187991114657645,4.9187991114657645
-5.205144966458812,5.205144966458812
-5.256228136425975,5.256228136425975
-5.349050340410564,5.488373584879367
-5.2614029132346145,5.2614029132346145
-5.441965323049976,5.441965323049976
19.933608351936023,5.066391648012477
24.99999999996596,3.40385497565876e-11
5.195116351249536,-5.195116351249536
-4.933029274329037,4.933029274329037
-5.270378932514801,5.270378932514801
-4.894825138617621,4.894825138617621
-5.020702657438182,5.020702657438182
-4.998876557785172,4.998876557785172
-5.006423018542678,5.006423018542678
-5.03306416569085,5.03306416569085
20.0,5.0
24.1969090653771,-5.0
5.0,-5.0
5.0,-5.0
5.0,-5.0
5.0,-5.0
5.0,-5.0
-25.0,4.512499999999992
-25.0,5.0
-20.0,-5.0
5.0,-5.0
5.0,-5.0
5.0,-5.0
5.0,-5.0
5.0,-5.0
-20.0,-5.0
22.562326869806082,-4.9999999999999964
25.0,-5.0
25.0,-5.0
25.0,-5.0
-20.0,-5.0
-25.0,5.0
-25.0,5.0
-5.0,5.0
-5.0,5.0
-5.0,2.437499999999998
-2.4374999999999987,2.4374999999999987
20.0,5.0
-25.0,5.0
-5.000000000000001,0.0
5.0,-5.0
5.0,-5.0
20.0,5.0
20.254540630929558,-5.0
25.0,-5.0
25.0,-5.0
25.0,-4.954113065850073
4.962084034810179,-4.962084034810179
4.962730329657361,-4.962730329657361
4.962730329657356,-4.956482811979462
4.908257101063255,-4.908257101063255
4.772197131039739,-4.772197131039739
4.956482811979464,0.0
0.0,0.0
-5.111084451448665,5.111084451448665
-4.73694190294045,4.73694190294045
0.0,-2.3800965334746533
-24.999999999949235,4.817596533476408
24.999999999941817,-5.072002547613501
4.895187890535022,-4.895187890535022
-25.0,4.80240923571494
-19.658336607725587,-5.341663392274413
24.99999999994995,-4.822136376089475
4.812340969811871,-4.812340969811871
5.286223412414577,-5.286223412414577
-18.51540387337243,4.954955016363881
24.999999999961737,3.505107315504574e-11
24.99999999997204,9.805489753489383e-12
0.0,0.0
-25.0,5.0438047791686245
22.112127668511217,0.0
-4.929344320749671,4.929344320749671
-5.307366847356569,5.307366847356569
-24.999999999983693,5.051285137106909
-15.03778552736679,5.1514627318620665
-24.99999999995609,4.898757028582693
-25.0,5.029921431753131
-24.999999999950365,4.934365097614254
-4.763990036557061,4.763990036557061
-5.028005899662119,5.028005899662119
-5.028005899662119,5.028005899662119
-5.028005899662119,5.028005899662119
4.910767761924365,-4.910767761924365
-4.891840652343163,5.000782622666509
-5.126326027878939,5.126326027878939
-5.126326027878939,5.126326027878939
-5.126326027878939,5.126326027878939
5.20933262887195,-5.20933262887195
4.802683784795532,-4.802683784795532
5.200533667829742,-5.184377695314594
-5.14090679307386,5.14090679307386
-5.14090679307386,5.14090679307386
-4.997207173145723,4.997207173145723
-4.860544240820699,4.963683152537399
-5.233989660898182,5.233989660898182
-4.8552684542172315,4.8552684542172315
14.859562821207568,4.6049951926771655
25.0,0.0
5.3710789594572175,-5.3710789594572175
-5.085637854135495,5.085637854135495
-4.81826933651068,4.81826933651068
20.058569681534138,4.9414303184082655
20.005421594854223,4.994578405145777
-5.017950164841793,5.017950164841793
-4.950745727293643,4.950745727293643
4.999165353598708,-4.999165353598708
4.999165353598705,0.0
-5.0,5.0
-5.0,5.0
-5.0,5.0
0.0,0.0
0.0,0.0
-5.0,5.0
-25.0,5.0
-15.000000000000004,5.000000000000002
-25.0,5.0
-5.0,5.0
-25.0,5.0
-5.0,5.0
-25.0,0.0
0.0,0.0
5.0,-5.0
0.0,5.0
-4.5125,5.0
5.0,-5.0
25.0,-5.0
5.0,-5.0
5.0,-5.0
7.213331024930748,-5.0
5.0,-5.0
-25.0,5.0
-5.0,5.0
0.0,-5.0
5.0,-5.0
5.0,-5.0
5.0,-5.0
25.0,-5.0
2.7008310249307463,5.0
-25.0,5.0
-5.000000000000001,5.000000000000001
-5.000000000000001,0.0
5.0,-5.0
10.541055979332548,-4.985135218514813
4.989443850418456,-4.989443850418456
4.990090145265638,-4.990090145265638
-5.014218486638005,5.014218486638005
19.90994958789088,5.090050412086811
19.639724034042732,5.360275965943188
24.999999999962892,-0.5431607791415125
25.0,-4.800106494748199
-4.975234410636155,4.975234410636155
5.050504407882326,-5.050504407882326
5.050504407882333,-5.050504407882333
0.036583191628131395,5.013921216254195
-5.252819309795478,5.252819309795478
-5.122878701262426,5.122878701262426
-9.505414088619244,4.8656249504549365
5.141040596303942,-5.141040596303942
5.141040596303941,8.881784197001252e-16
0.0,0.0
0.0,0.0
-24.999999999973525,2.4374999999973532
19.545599181441176,5.45440081853242
-4.877724675567562,4.877724675567562
-5.010985750107471,5.010985750107471
-4.846101670662081,4.846101670662081
-4.820264393162969,4.820264393162969
-4.960596211035869,4.960596211035869
-25.0,4.986761685137068
-24.999999999976602,4.977901008028091
-14.91694101385868,5.224595664310819
-25.0,4.7276826563041325
-24.999999999944833,5.151553617074946
-4.98993888070417,4.98993888070417
-4.910418106313682,4.910418106313682
-5.062725313278804,5.062725313278804
-5.151553617074946,5.151553617074946
-4.84034686947399,4.84034686947399
4.602061619972369,-4.602061619972369
5.401828772056959,-5.401828772056959
4.547583508615565,-4.547583508615565
5.061653625143537,-5.061653625143537
4.173235521657391,-4.173235521657391
5.011911643213738,-5.011911643213738
4.737332898700048,-4.737332898700048
7.404139658460549,-5.009739234166862
5.310744116621482,-5.310744116621482
4.477358902979127,-4.477358902979127
-5.30316025052408,5.30316025052408
-5.310522583915075,5.310522583915075
-4.631755838693287,4.631755838693287
-5.211207767535015,5.211207767535015
-5.004498818037806,5.004498818037806
-4.6627622126752355,4.6627622126752355
5.505626627792031,-5.505626627792031
-4.9922510888805895,4.9922510888805895
-5.371310274946955,5.371310274946955
-5.291047586891565,5.291047586891565
-4.95258237583237,4.95258237583237
-4.9210441813469,4.9210441813469
-4.977338473332348,4.977338473332348
-5.009151283464725,5.009151283464725
20.0,5.0
20.0,5.0
20.0,5.0
-5.0,5.0
-5.0,5.0
-5.0,5.0
-5.0,5.0
-25.0,0.0
-25.0,0.0
-25.0,5.0
-5.0,5.0
-4.999999999999999,4.999999999999999
-5.0,5.0
-5.0,0.0
5.0,-5.0
0.0,0.0
5.0,-5.0
0.0,0.0
5.0,-5.0
25.0,-5.0
-18.05,0.0
0.0,0.0
0.0,5.0
-4.5125,5.0
-4.95246875,4.95246875
-4.95246875,5.0
-4.9953657031250005,5.0
-2.838834521944257,5.0000000000000036
-5.0,5.0
-5.0,5.0
25.0,-5.0
-25.0,5.0
7.160664819944596,-5.0
5.0,-5.0
25.0,-5.0
-25.0,5.0
-5.000000000000001,5.031883878305843
25.0,-4.97177845751791
-5.026067224681204,5.026067224681204
19.964238352607936,5.035761647388934
25.0,-4.8653552335959525
25.0,-3.275602011854062e-12
4.14269641004347,5.385545092521651
-5.183504503008856,5.183504503008856
0.0,0.0
-25.0,4.398392907075625
17.862546611648614,4.964718865275902
-4.82797007069153,4.82797007069153
-5.526836964349062,5.526836964349062
-4.951431952069967,4.951431952069967
-4.798823687837164,4.798823687837164
-4.867143490886889,4.867143490886889
-5.09092308172368,5.09092308172368
-4.85091669350305,4.85091669350305
-25.0,4.856289650567561
17.354808790853948,4.965091873337116
0.0,0.0
-4.956321450293716,4.956321450293716
-4.759637013548259,4.759637013548259
0.0,-5.138909211832326
5.694082229177089,0.0
-4.884006484760922,4.884006484760922
-4.977888385081858,4.977888385081858
-24.999999999966423,5.035454069087503
-5.06257573136593,5.06257573136593
-4.888781114173943,4.888781114173943
-4.957029597577444,4.957029597577444
-4.897586881466797,4.897586881466797
-5.0362341671647695,5.0362341671647695
-4.9247401011108085,4.9247401011108085
-5.216104208379191,5.216104208379191
-5.217733199590693,5.217733199590693
-5.368300333417453,5.368300333417453
22.121380532829832,-4.297187173349702
-5.148632036169085,5.148632036169085
-5.33311450193742,5.33311450193742
4.297187173349709,-4.297187173349709
4.2971871733497045,-4.2971871733497045
-6.117997217031675,5.304785454851712
-4.899467700455668,4.899467700455668
5.1982528378150334,-5.1982528378150334
4.80370371885124,-4.80370371885124
4.618679097542151,-4.618679097542151
5.045570098199454,-5.045570098199454
4.981959916389643,-4.981959916389643
4.623222727039087,-4.623222727039087
-5.1166921953131315,5.1166921953131315
5.198252837815035,-5.198252837815035
-4.14818907173984,4.14818907173984
-4.77407703289267,4.77407703289267
-5.347385689375952,5.347385689375952
5.198252837815041,-6.217248937900877e-15
0.0,0.0
-4.900703585508746,4.900703585508746
-4.976653357994657,4.976653357994657
-5.021244845029383,5.021244845029383
-5.0,5.0
-5.0,5.0
-15.000000000000014,5.0
-25.0,5.0
-5.0,5.0
-5.0,5.0
-25.0,5.0
-25.0,5.0
-25.0,5.0
-5.000000000000001,5.000000000000001
-5.0,5.0
-5.0,5.0
-5.0,5.0
-5.000000000000001,5.000000000000001
-5.000000000000001,5.000000000000001
-5.000000000000001,0.0
0.0,0.0
0.0,0.0
0.0,0.0
0.0,0.0
0.0,5.0
-4.5125,5.0
20.0,5.0
-25.0,5.0
-7.5149687499999995,5.0
-5.0,5.0
25.0,-5.0
25.0,-5.0
-5.0,5.0
21.881286763565893,-5.0
5.0,-5.0
4.999999999999998,-4.999999999999998
-5.0,5.0
25.0,-5.0
-25.0,5.0
25.0,-5.0
25.0,-4.964022921817143
4.966392667946533,-4.966392667946533
-5.033391898794127,5.033391898794127
-5.040285711319209,5.040285711319209
-5.148867084881302,5.148867084881302
-6.161814760681311,-4.606015856496944
-20.378182759130656,-4.621817240869344
19.853312213124614,5.146687786875386
-25.0,0.0
-20.0433882219429,-4.956611778057098
24.999999999974403,2.559730205575761e-11
25.0,0.0
25.0,0.0
-4.8625323286276,4.8625323286276
-7.383482638759778,4.811283798064771
-25.0,5.00969884073891
19.54150682224987,5.458493177701495
-5.2205045674363735,5.2205045674363735
-5.232315858227549,5.232315858227549
0.0,0.0
0.0,0.0
-5.04422322983628,5.04422322983628
-5.139327031352673,5.139327031352673
-15.372306856552123,5.075793218367577
-5.082113527546953,5.082113527546953
-4.921303503998594,4.921303503998594
-25.0,4.986759791695128
-25.0,4.889848384278032
-5.134587115041796,5.134587115041796
-5.284277585252601,5.284277585252601
-5.325422078502404,5.325422078502404
-5.1699982661121044,5.1699982661121044
-25.0,5.419905462211393
-25.0,5.329677273677895
-5.244830878271275,5.244830878271275
-5.19826482961396,5.19826482961396
4.7464188953993,-4.7464188953993
4.749616287680377,-4.749616287680377
4.602731898417396,-4.602731898417396
4.5461236648836,-4.5461236648836
4.357466790795673,-4.357466790795673
-5.329677273677896,5.329677273677896
4.482616991232909,-4.482616991232909
4.600907251539269,-4.600907251539269
4.886586614971158,-4.886586614971158
4.2832400800557355,-4.2832400800557355
-5.329677273677896,5.329677273677896
4.549402475167888,-4.549402475167888
4.998583705432543,-4.998583705432543
4.689654137332202,-4.689654137332202
-5.329677273677896,5.329677273677896
5.275537457280162,-5.275537457280162
-4.808953602189971,4.808953602189971
-5.137968486764235,5.137968486764235
4.381841384399916,-4.381841384399916
4.758212356278921,-4.758212356278921
24.99999999995197,-5.182632178530671
24.999999999995577,-5.208447227810403
5.045764235167861,-5.045764235167861
4.963376626969962,-4.963376626969962
25.0,0.0
25.0,0.0
9.748777718107773,-5.0
-5.0,5.0
0.0,5.0
-5.0,5.0
-25.0,5.0
-25.0,0.0
-25.0,0.0
-25.0,0.0
0.0,0.0
0.0,0.0
0.0,0.0
0.0,0.0
0.0,0.0
0.0,0.0
0.0,0.0
0.0,0.0
5.0,-5.0
20.0,5.0
-12.5625,-5.0
-5.0,5.0
20.0,5.0
20.0,5.0
-25.0,5.0
-10.125000000000004,4.999999999999999
-25.0,5.0
-5.0,5.0
25.0,0.0
25.0,0.0
-5.0,5.0
20.0,5.0
-25.0,5.0
-7.812500000000005,5.0
25.0,0.0
20.0,5.0
-5.023697476086396,5.023697476086396
-5.024343773398997,5.024343773398997
-5.0224048863920325,5.0224048863920325
-5.032961037206285,5.032961037206285
-5.146493492120151,5.146493492120151
-5.344381664852497,5.344381664852497
-5.321666594210955,5.321666594210955
-5.14246351791817,5.14246351791817
-5.047304491012009,5.047304491012009
-4.946189011351665,4.946189011351665
-4.780945809085916,4.780945809085916
-4.5356175867330215,4.5356175867330215
-5.3946936516981765,5.3946936516981765
-4.8569801257265635,4.8569801257265635
-5.047101892724953,5.047101892724953
-4.8562467325503675,4.8562467325503675
-5.531748552728724,5.531748552728724
-5.0559966517887585,5.0559966517887585
-5.039663190509241,5.039663190509241
-5.005222112857016,5.005222112857016
-5.7954210716962145,5.7954210716962145
-5.19901463262026,5.19901463262026
0.0,0.0
-25.0,0.0
25.0,-2.301833679019264
5.002664703950005,-5.002664703950005
-24.99999999997378,5.384314434157247
-24.99999999997534,5.118739006044979
-25.0,5.333156157659992
-25.0,5.357998115848552
-11.487070494838056,5.325079996659465
-5.517312320268182,5.517312320268182
-5.516606697573696,5.516606697573696
4.4942932164993845,-4.4942932164993845
-5.517312320268182,5.517312320268182
-5.517312320268182,5.517312320268182
-5.517312320268182,5.517312320268182
4.235351777780403,-4.235351777780403
-5.517312320268182,5.837512917060884
-5.806293358873596,5.895523559921276
-5.820753431345967,5.820753431345967
4.364778001254418,-4.364778001254418
-5.819483562954822,5.819483562954822
25.0,-4.236082015220042
-5.200227697753348,5.200227697753348
4.3563446108754675,-4.3563446108754675
4.102481383426433,-4.102481383426433
17.192062617400392,-4.270685297731374
4.531257621103789,-4.531257621103789
4.234992023812733,-4.234992023812733
4.359341298311422,-4.359341298311422
24.999999999975472,-4.944933659348692
5.268793017107323,-5.268793017107323
4.893736882865421,-4.893736882865421
4.516727347693803,-4.516727347693803
4.633993571486926,-4.633993571486926
5.004146716731291,-5.004146716731291
5.16461116740314,-5.16461116740314
5.083374500705673,-5.083374500705673
4.963376626969962,-4.963376626969962
25.0,-5.0
5.0,-5.0
5.0,-5.0
5.0,-5.0
20.0,5.0
0.0,0.0
-5.0,5.0
-10.000000000000007,5.0
-25.0,5.0
-25.0,0.0
-25.0,5.0
-5.0,5.0
-25.0,5.0
-5.000000000000001,5.000000000000001
-5.000000000000001,5.000000000000001
-5.000000000000001,0.0
0.0,5.0
-4.5125,5.0
25.0,-5.0
25.0,0.0
-20.0,-5.0
-20.564968750000006,0.0
5.0,-5.0
25.0,0.0
-17.5625,-5.0
0.0,0.0
5.0,-5.0
20.0,5.0
-5.0,5.0
-2.2991689750692546,5.0
-25.0,5.0
-5.0,5.0
-5.0,5.0
-5.0,5.0
-5.0,5.0
-4.987271868466185,5.0
-5.011487138709268,5.011487138709268
-5.009425624217393,5.009425624217393
25.0,0.0
19.96599705691915,5.034002943077784
-5.161535049091837,5.161535049091837
-5.387895642897255,5.387895642897255
19.666395096566056,5.333604903398612
19.596163169377647,5.114100388877631
-5.085205833800633,5.085205833800633
-4.99818608262617,4.99818608262617
-7.034518765574823,4.931672623182536
-25.0,4.540346142392288
25.0,0.0
-4.8877839014214555,4.8877839014214555
0.0,0.0
-25.0,4.7718219435479625
-5.467479453125495,5.467479453125495
17.039287712546553,5.374205978813045
-5.3387784179126285,5.3387784179126285
-24.999999999999996,5.07503205470967
16.44306408065635,5.634462728529609
-5.152831059233829,5.152831059233829
0.0,0.0
-20.03887741210617,-4.961122587893829
19.774828098193595,5.225171901806405
-24.999999999967578,5.166928365587989
-24.99999999994327,5.111579270941036
-25.0,4.973955075035342
-25.0,5.266317657350832
-13.045172431301934,5.357277345618589
-5.3933852833210185,5.3933852833210185
-5.306533101757811,5.306533101757811
4.695609012218101,-4.695609012218101
4.717490889514785,-4.717490889514785
4.5948406635791965,-4.5948406635791965
24.99999999994665,5.335110131454712e-11
8.48463245389595,-4.492016668146076
25.0,-4.567003911396611
4.529462638149306,-4.529462638149306
-5.6198926928389845,5.6198926928389845
4.795905893815171,-4.795905893815171
4.51780976533337,-4.51780976533337
-20.615779505764447,-4.384220494191371
4.355014152342397,-4.355014152342397
-20.559729837614704,-4.440270162354317
4.533602964514072,-4.533602964514072
4.33556029875383,-4.33556029875383
4.831916003684283,-4.831916003684283
4.541078904421173,-4.541078904421173
4.668786513765424,-4.668786513765424
4.833777257106492,-4.833777257106492
11.218705919002094,-5.407439040510669
-4.6044208486235085,4.6044208486235085
-4.932175332016305,4.932175332016305
-5.244668357838512,5.244668357838512
25.0,-5.072919861959235e-11
-4.9605509262162535,4.9605509262162535
14.658284722079719,-5.140122493922302
24.999999999961695,-5.067900469761998
25.0,-4.99837074206096
25.0,-5.0
5.0,-5.0
5.0,-5.0
5.0,-5.0
0.0,5.0
-10.000000000000007,5.0
-25.0,5.0
-25.0,5.0
-25.0,0.0
-25.0,5.0
-5.000000000000002,5.000000000000002
-5.000000000000002,0.0
0.0,0.0
0.0,0.0
25.0,-5.0
-18.05,0.0
0.0,5.0
-4.5125,5.0
-4.95246875,4.95246875
-4.95246875,5.0
-4.995365703125,4.995365703125
5.0,-5.0
5.0,-5.0
25.0,0.0
5.0,-5.0
-7.230559176536687,5.0
5.0,-5.0
5.0,-5.0
5.0,-5.0
-5.0,5.0
5.0,-5.0
-5.0,5.0
-5.0,5.0
-5.0,5.0
-5.0,5.0
-5.0,5.0
-25.0,5.0
-5.0,5.0
-5.0,5.0
-5.0061996047214326,5.0061996047214326
-5.162049912442196,5.162049912442196
-5.327306526588317,5.327306526588317
19.74795842147904,5.2520415785206325
24.99999999994328,-0.6396748216410124
19.924309658637785,5.07569034135577
20.018329149079115,4.981670850920885
-4.974903058297511,4.974903058297511
-4.971131953110097,4.971131953110097
-4.81139109310776,4.81139109310776
-5.063895460394699,5.063895460394699
-5.075405693918194,5.075405693918194
-5.1321458372401345,5.1321458372401345
-5.459125587307815,5.459125587307815
-5.432467187156183,5.432467187156183
-5.352957773417309,5.352957773417309
-5.393988660151004,5.393988660151004
-5.456184440835294,5.456184440835294
0.0,0.0
-5.357916066698031,5.357916066698031
-24.999999999946297,-2.8975932764296886e-11
9.85185662669695,5.556599978126956
-5.496829065414227,5.496829065414227
-24.999999999999996,5.475981007414116
-25.0,5.4400346434234805
-25.0,5.344467579780304
-24.999999999974833,5.48006831740469
-5.521987859553263,5.521987859553263
-5.646683633926074,5.646683633926074
4.089676035619327,-4.089676035619327
-5.646683633926074,5.646683633926074
-5.617746791979199,5.617746791979199
4.312618725120805,-4.312618725120805
4.320444951785895,-4.320444951785895
4.194218645182211,-4.194218645182211
3.981530837201257,-3.981530837201257
3.8879209613716625,-3.8879209613716625
3.671550408826935,-3.671550408826935
3.777150190136915,-3.777150190136915
4.064076700656729,-4.064076700656729
4.250412059330806,-3.9613158199547795
4.664550253009285,-4.664550253009285
4.312705823449816,-4.312705823449816
-5.608062467628454,5.608062467628454
-5.907592989962938,5.907592989962938
-5.319657810104637,5.319657810104637
-5.462109651797542,5.462109651797542
-5.010987643549408,5.010987643549408
-4.879122666862978,4.879122666862978
-5.012833749436132,5.012833749436132
-5.451516475317949,5.451516475317949
-5.547150756149824,5.547150756149824
25.0,0.0
19.992079022344736,5.007920977655264
25.0,-1.2826515124243087
-4.997566976421776,4.997566976421776
-5.059594497177433,5.059594497177433
25.0,0.0
-5.0,5.0
-5.0,5.0
0.0,0.0
-5.0,5.0
-5.0,5.0
-25.0,5.0
-25.0,0.0
-25.0,0.0
-25.0,0.0
0.0,-6.750155989720952e-15
5.0,-5.0
0.0,0.0
5.0,-5.0
5.0,-5.0
5.0,-5.0
5.0,-5.0
5.0,-5.0
5.0,-5.0
5.0,-5.0
25.0,-5.0
25.0,0.0
25.0,-5.0
20.263157894736842,-5.0
5.0,-5.0
5.0,-5.0
25.0,-5.0
5.0,-5.0
5.0,-5.0
-20.0,-5.0
5.0,-5.0
-5.17867078432223,-4.999999999999999
-5.0,5.0
-5.0,5.0
5.0,-5.0
-5.0,5.0
-20.017958334008267,-4.9820416659917335
-25.0,0.0
4.9824820712172455,-4.9824820712172455
-5.036091081631451,5.036091081631451
-5.156920072829067,5.156920072829067
-5.308829215677781,5.308829215677781
-5.308829215677781,5.308829215677781
-5.1193925590862435,5.1193925590862435
-5.172421871789038,5.172421871789038
-4.89097624452404,4.89097624452404
20.164668858203417,4.835331141787901
19.704901002489038,4.6758976505263625
19.703122820945794,5.296877179036091
20.014533429146546,4.985466570853454
-7.984053387807203,5.225597295094488
-25.0,5.195956092747753
25.0,-3.8824055081931874e-11
-5.31984652315084,5.31984652315084
-5.311791821158904,5.311791821158904
-24.999999999989804,5.535301280946285
16.066014716756257,5.501518489940164
0.0,0.0
-5.366550161922108,5.366550161922108
-25.0,2.8762769943568856e-11
19.7577454650296,5.242254534944912
-5.510973076669455,5.510973076669455
-14.590306886336034,5.48895360925882
-25.0,5.525592972997696
-24.999999999999996,5.531205134893348
-24.999999999961517,5.591800325995159
-25.0,5.43895285693122
-5.54869801378446,5.54869801378446
-5.54869801378446,5.54869801378446
-5.54869801378446,5.54869801378446
4.543053133212171,-4.543053133212171
4.322850885338104,-4.322850885338104
4.604461242051459,-4.604461242051459
-5.54869801378446,5.54869801378446
3.959689984479837,-3.959689984479837
-5.54869801378446,5.54869801378446
3.903255947604068,-3.903255947604068
-5.54869801378446,5.54869801378446
4.138340649088054,-4.138340649088054
-5.50373444815155,5.50373444815155
-5.429384663685834,5.429384663685834
-5.1714536918128875,5.1714536918128875
-5.3425949657064855,5.3425949657064855
24.9999999999989,-4.818231467671978
-5.133714238309713,5.133714238309713
-5.669178355262421,5.669178355262421
-5.651287853564938,5.651287853564938
-5.1765186489892905,5.1765186489892905
-4.546974451459773,4.546974451459773
-5.1928391717489175,5.1928391717489175
4.589020854217997,-4.589020854217997
4.574108578897605,-4.574108578897605
24.999999999974627,-2.082100228142224
24.999999999944603,-5.0649846628678645
5.025813195284501,-5.025813195284501
-5.065904348048621,5.065904348048621
25.0,0.0
5.0,-5.0
5.0,-5.0
-25.0,5.0
-5.0,5.0
-5.0,5.0
-25.0,5.0
-25.0,5.0
-25.0,5.0
-5.000000000000001,0.0
0.0,0.0
0.0,0.0
0.0,0.0
0.0,0.0
0.0,0.0
0.0,0.0
0.0,0.0
5.0,-5.0
5.0,-5.0
0.0,0.0
5.0,-5.0
5.0,-5.0
5.0,-5.0
5.0,-5.0
5.0,-5.0
5.0,-5.0
5.0,-5.0
5.0,-5.0
5.0,-5.0
5.0,-5.0
5.0,-5.0
5.0,-5.0
0.0,0.0
0.0,0.0
0.0,0.0
0.0,0.0
4.99499940813865,-4.99499940813865
0.0,0.0
0.0,0.0
10.739983089523886,-4.978783916550846
-5.199482253608168,5.199482253608168
-5.199482253608169,5.351777646284547
-5.177205179477594,5.177205179477594
-5.003013097266061,5.003013097266061
19.879309486467243,5.120690513532757
20.157292008432936,4.842707991567064
-5.178264402453458,5.178264402453458
-4.692887505010047,4.692887505010047
16.228410610649235,5.284198060691331
-4.967907421494617,4.967907421494617
-25.0,4.997941828616543
20.03381119263515,4.966188807364851
19.651221052933465,5.348778947066535
-5.164306579655182,5.164306579655182
-5.270382877185497,5.270382877185497
-5.061888411943489,5.061888411943489
-5.343147219604221,5.343147219604221
0.0,0.0
0.0,0.0
-20.281444364970376,-4.718555635029624
25.0,0.0
-4.93873326815854,4.93873326815854
-25.0,5.032360816112856
-24.99999999998136,5.102500216862214
-25.0,5.240534027373215
-25.0,5.066511566001701
-12.392792692817242,4.687863572408903
-5.064287402875266,5.064287402875266
-5.2994775059603025,5.2994775059603025
-5.2994775059603025,5.172395363601947
-4.844068745171091,4.844068745171091
-5.154007517822842,5.154007517822842
-4.9900960363847835,4.9900960363847835
-5.055722102708167,5.055722102708167
4.899081438300907,-4.899081438300907
4.592613975863513,-4.592613975863513
-4.918184373984168,4.918184373984168
5.194146593405107,-5.194146593405107
4.653836527393157,-4.653836527393157
4.996687738908191,-4.996687738908191
-5.172395363601947,5.172395363601947
5.1241107008148665,-5.1241107008148665
-5.172395363601947,5.172395363601947
5.520239265926194,-5.520239265926194
4.798911417313492,-4.798911417313492
5.0649977591745845,-5.0649977591745845
5.310870030510166,-5.310870030510166
5.112270692821007,-5.112270692821007
5.7390111762051195,-5.7390111762051195
4.978884966687035,-4.978884966687035
-5.160930572684893,5.160930572684893
-4.920050992158525,4.920050992158525
-4.871163780922305,4.871163780922305
-5.031795830790441,5.031795830790441
-5.112678873630956,5.112678873630956
-4.963364832404575,4.963364832404575
-5.0,5.0
-5.0,5.0
-5.0,5.0
-5.0,5.0
-5.0,5.0
-5.0,5.0
-5.0,5.0
-5.0,5.0
-5.172395363601947,5.0
-5.0,0.0
0.0,0.0
5.0,-5.0
5.0,-5.0
5.0,-5.0
5.0,-5.0
0.0,0.0
0.0,0.0
5.0,-5.0
25.0,-5.0
25.0,-5.0
5.2631578947368425,-5.0
25.0,-5.0
25.0,-5.0
25.0,-5.0
5.0,-5.0
5.0,-5.0
5.0,-5.0
5.0,-5.0
5.0,-5.0
5.0,-5.0
5.0,-5.0
5.0,0.0
-20.0,-5.0
-20.0,-5.0
4.999999999999993,-5.0
-25.0,5.0
-20.021669981913874,-4.978330018086126
25.0,-4.975735430657782
25.0,-4.9730915447073905
25.0,-4.960639079744681
24.999999999943586,-4.8105076939665885
-25.0,5.228948450639383
-25.0,5.137083933806888
25.0,-4.755852812054126
25.0,-4.977422913939481
-25.0,0.0
-25.0,0.0
5.408433728673911,-5.408433728673911
25.0,-4.021222429339524
25.0,-5.556052773407714
25.0,-5.000292852352629
-13.892880208509139,-5.155266656709687
25.0,-5.463100553076913
25.0,-4.795023549873413
4.975495074475888,-4.975495074475888
4.911309917465117,-4.911309917465117
4.965846725521912,-4.757294194727224
4.7669425436812,-4.7669425436812
-19.873706160633958,-5.126293839366042
-25.0,0.0
-5.050161694892081,5.050161694892081
-4.723994862561867,4.723994862561867
-5.193985019693311,5.193985019693311
-25.0,4.653483084898603
-5.405820778803469,5.405820778803469
-4.805897586906713,4.805897586906713
-5.255253644976709,5.255253644976709
-5.257549127749366,5.257549127749366
-5.289451730913928,5.289451730913928
-5.066235123479176,5.066235123479176
5.115121900801618,-5.115121900801618
5.1106559024240195,-5.1106559024240195
4.90591676368663,-4.90591676368663
5.087812787771616,-5.087812787771616
5.19815500998172,-5.19815500998172
4.249498944772188,-4.249498944772188
5.338425606565386,-5.338425606565386
4.394827555911825,-4.394827555911825
4.780570276435453,-4.780570276435453
4.656891911529103,-4.656891911529103
-19.58812779844407,4.897258053717403
-5.039339411938339,5.039339411938339
-5.6604476944996565,5.6604476944996565
-5.175373747765864,5.175373747765864
-4.8750555535863755,4.8750555535863755
-4.6621083440603135,4.6621083440603135
-5.633832212365217,5.633832212365217
-5.112464770619357,5.112464770619357
-4.493480929909223,4.493480929909223
-4.973794448044508,4.973794448044508
-5.384350725127671,5.384350725127671
19.680805767595807,5.319194232404193
-5.149000231732047,5.149000231732047
-5.049778982940946,5.049778982940946
-5.008037463780981,5.008037463780981
19.984288058570264,5.0157119414297355
-5.0,5.0
-5.0,5.0
-5.0,5.0
-5.0,5.0
5.0,-5.0
-5.0,5.0
-10.785447694499664,5.0
-25.0,5.0
-20.0,-5.0
5.0,-5.0
5.0,-5.0
0.0,0.0
0.0,0.0
5.0,-5.0
0.0,0.0
0.0,0.0
0.0,0.0
5.0,-5.0
5.0,-5.0
5.0,-5.0
0.0,0.0
5.0,-5.0
5.0,-5.0
25.0,-5.0
-13.05,-5.0
25.0,-5.0
25.0,-5.0
3.2874999999999988,-5.0
25.0,-5.0
-5.0,5.0
-20.0,-5.0
20.0,5.0
-20.0,-5.0
-25.0,0.0
5.0,-5.0
25.0,-5.0
0.7745080083068263,-4.973695621716424
25.0,-4.973909797611981
25.0,-4.971588691737718
-25.0,5.285016868583625e-11
-25.0,0.0
7.231004413863729,-4.530173388915701
24.999999999975678,7.041478511382593e-12
-20.128571965587625,-4.871428034412375
24.99999999995482,4.517985985330597e-11
-7.550887762277298,-5.11298609829882
20.158322040823606,4.841677959154367
25.0,-5.704848907877839
19.236369187210677,5.763630812753135
20.070946007000863,4.929053992986287
-4.87634814328074,4.87634814328074
-17.530179577315096,-5.032320422684904
25.0,0.0
-4.923536503187396,4.923536503187396
-4.925046207556985,4.925046207556985
-25.0,2.4375
24.9999999999542,4.580158474709606e-11
0.0,0.0
0.0,0.0
-17.726166884996672,-5.027211285196692
24.999999999961968,-4.986047857527534
5.197547215120553,-5.197547215120553
-20.104049052365134,-4.895950947634866
-20.289133632639327,-4.7108663673311675
-19.781203317189092,-5.218796682810908
5.113793335710488,-5.113793335710488
-15.309213638383222,0.0
4.884667295996271,-4.884667295996271
4.727811410355724,-4.727811410355724
4.789835518971227,-4.789835518971227
0.0,0.0
19.76215655361657,5.23784344638343
-22.5625,0.0
0.0,0.0
0.0,0.0
0.0,0.0
4.842500344101515,-4.842500344101515
4.718353667889881,-4.718353667889881
4.55412598164866,-4.55412598164866
4.71521118542492,-4.71521118542492
4.873699849160841,-4.873699849160841
4.276720328325862,-4.276720328325862
5.174041395790864,-5.174041395790864
11.04901856724505,-5.15402518994757
-4.674346921581511,4.674346921581511
-5.320231523010975,5.320231523010975
4.509795456769387,-4.509795456769387
25.0,-5.4640977658294005
24.999999999964967,-0.21951157877924388
19.977941401456043,5.022058598543957
19.425323331718605,5.574676668281395
-5.490730762301743,5.490730762301743
-5.160052015627006,5.160052015627006
5.046271066182511,-5.046271066182511
5.051773862083053,-5.051773862083053
5.051773862083047,-4.945922257926541
4.945922257926542,0.0
0.0,0.0
0.0,0.0
-5.0,5.0
-5.0,5.0
-5.0,5.0
-25.000000000000007,5.0
-25.0,0.0
-25.0,0.0
-25.0,0.0
0.0,0.0
0.0,0.0
0.0,0.0
0.0,0.0
0.0,0.0
0.0,0.0
0.0,0.0
0.0,0.0
0.0,0.0
10.54016620498615,-5.000000000000001
5.0,-5.0
-5.0,5.0
-5.0,5.0
17.160664819944596,5.0
-25.0,5.0
-5.000000000000001,5.000000000000001
-5.000000000000001,5.000000000000001
20.0,5.0
-5.612500000000004,5.0
-25.0,5.0
-5.0,5.0
25.0,-5.0
-5.0,5.0
-25.0,5.0
14.24934095675512,5.0
25.0,0.0
-25.0,5.064969786528497
-25.0,5.0514242360574
-5.049313640000364,5.049313640000364
-4.864542617791978,5.0848850170841855
-5.250283251418617,5.250283251418617
19.618223251396273,5.381776748603727
-5.21826431005349,5.21826431005349
-5.578916632688851,5.078633381270235
20.004862358889348,4.995137641110652
20.22214239471024,4.777857605289761
20.395510987466828,4.604489012533172
-4.783593472058502,4.783593472058502
-5.213399111001241,5.213399111001241
-4.759157341591367,4.759157341591367
-5.170364331552895,5.170364331552895
-24.99999999996438,4.900911765504841
17.147232676380945,5.123225201136549
-4.953872598724317,4.953872598724317
-4.970356273064015,4.970356273064015
-4.933429737298315,4.933429737298315
-4.968886330975062,4.968886330975062
-4.986652496652145,4.986652496652145
-4.928675935746579,4.928675935746579
-25.000000000000004,4.852675069913449
-5.322643768036299,5.322643768036299
-4.918315652624999,4.918315652624999
-24.999999999971486,4.823269285513973
-24.99999999998302,4.5293660726106175
-25.0,5.089686664140061
-14.294997092223587,5.068743302895879
-5.068743302895879,4.673898806990204
-4.673898806990204,4.673898806990204
4.839344607543008,-4.839344607543008
-4.673898806990204,4.673898806990204
-4.673898806990204,4.673898806990204
-4.673898806990204,4.673898806990204
4.810770044153045,-4.810770044153045
4.6909965876641895,-4.6909965876641895
4.777902416748892,-4.777902416748892
-4.673898806990204,4.998864565986249
-4.967180404484134,5.136876917488648
24.99999999994447,-4.628667003749822
4.779609039079732,-4.779609039079732
-3.780778040926359,5.436778554442413
-24.999999999984617,0.0
0.0,0.0
5.255674620233615,-5.255674620233615
5.1860748504357606,-5.1860748504357606
5.239368298288499,-5.239368298288499
4.765570429425562,-4.765570429425562
14.449362862596418,-4.31056307832659
24.999999999955108,-4.8756418894389455
5.363985179247352,-5.363985179247352
-5.155446218119866,5.155446218119866
19.793958488783115,5.2060415112150835
19.725772173388744,5.274227826608385
24.999999999955538,-4.9519832592467345
-4.987373740242589,4.987373740242589
-0.024382818242667137,4.97636607748939
-5.005032413643143,5.005032413643143
-5.0,5.0
-5.0,5.0
-5.0,5.0
0.0,0.0
0.0,0.0
0.0,0.0
-25.0,4.999999999999993
-25.0,0.0
-25.0,0.0
-25.0,0.0
0.0,0.0
0.0,0.0
0.0,0.0
0.0,0.0
5.0,-5.0
5.0,-5.0
0.0,5.0
-4.5125,0.0
0.0,5.0
17.700831024930746,5.0
-5.0,5.0
-25.0,0.0
0.0,2.7008310249307463
25.0,0.0
-25.0,5.0
-5.000000000000001,0.0
4.999999999999998,-4.999999999999998
25.0,0.0
20.0,5.0
-5.0,5.0
5.0,-5.0
4.999999999999998,-4.999999999999998
-25.0,0.0
4.999999999999998,-4.999999999999998
25.0,-5.0
-5.0,5.0
25.0,-4.936935366147743
4.926914154592282,-4.926914154592282
19.923458509593978,5.076541490348564
-5.112940490509293,5.112940490509293
12.649090433711116,5.2518338521616705
-25.0,5.349303746056211
-25.0,5.24932590942521
-10.833694488423697,5.110064832966611
19.925667572085352,5.074332427914648
20.055037307848,4.944962692125028
-4.815492288339195,4.815492288339195
-4.883611386543798,4.883611386543798
0.0,0.0
0.0,0.0
-7.229502260315247,4.926471338186806
-25.0,4.740530922128439
19.90895068881398,5.091049311186019
-5.130255551041591,5.130255551041591
-4.952236664892386,4.952236664892386
-5.110215992747765,5.110215992747765
-5.532606281925325,5.532606281925325
-5.103029118309422,5.103029118309422
-4.997405984548909,4.997405984548909
-4.942549184805085,4.942549184805085
-4.922530454372543,4.922530454372543
-4.702670288341416,4.702670288341416
-20.043073910581672,-4.956926089418328
-25.0,0.0
-5.126447208162784,5.126447208162784
-18.34511906455183,5.006254669858958
-5.087069927385745,5.087069927385745
-5.210175841680382,5.210175841680382
-5.008550152631617,5.008550152631617
-4.986725078592988,4.986725078592988
-5.004636408151757,5.004636408151757
-4.969290896401864,4.969290896401864
4.84115978721146,-4.84115978721146
-5.287367051343379,5.287367051343379
-5.21314665207656,5.21314665207656
-5.23310226777793,5.23310226777793
-5.3330261413137805,5.3330261413137805
25.0,-4.818432803664415
-5.340062802691939,5.340062802691939
-5.085351944403294,5.085351944403294
4.758829776136592,-4.758829776136592
4.680948722461906,-4.680948722461906
-5.091858442039621,5.091858442039621
-4.877287290480551,4.877287290480551
-4.485215424715182,4.485215424715182
-4.511741283931364,4.511741283931364
4.856351503004108,-4.856351503004108
5.015680223811906,-5.015680223811906
20.276771350274537,4.723228649725463
-5.375943211788496,5.375943211788496
-5.369608386220953,5.369608386220953
-5.111653746323819,5.111653746323819
-4.854877142883976,4.854877142883976
-4.872572067808245,4.872572067808245
-4.996664702031315,4.996664702031315
-5.079194293720155,5.079194293720155
20.0,5.0
-5.0,5.0
0.0,0.0
0.0,0.0
0.0,0.0
-5.0,5.0
-25.0,4.9999999999999964
-25.0,0.0
-25.0,0.0
-20.0,-5.0
0.0,0.0
5.0,-5.0
0.0,0.0
0.0,0.0
0.0,0.0
0.0,0.0
0.0,0.0
0.0,0.0
0.0,0.0
0.0,0.0
0.0,0.0
5.0,-5.0
0.0,2.7008310249307463
20.0,5.0
-25.0,0.0
5.0,-5.0
19.861495844875343,5.0
20.0,5.0
-25.0,5.0
-25.0,5.0
-5.0,5.0
-5.0,5.0
-5.0,5.0
-5.0,5.0
-5.0,5.0
9.659310129171317,-5.0
24.999999999975916,-4.936318439373913
-5.063065038181004,5.063065038181004
19.926186364079797,5.073813635918814
-5.113918574074314,5.113918574074314
-5.276169571036185,5.276169571036185
-5.390467410405609,5.390467410405609
19.756792274806365,5.243207725172404
19.882792472906864,5.117207527093136
-4.961895112203353,4.961895112203353
-5.003217588995052,5.003217588995052
-4.633445420046712,4.633445420046712
-4.801760416278507,4.801760416278507
-5.389451973274497,5.389451973274497
-5.063354567148572,5.063354567148572
0.0,0.0
0.0,-4.911848917269307
5.442491875090648,0.0
-5.136385884880147,5.136385884880147
-8.242655900454844,5.2975973181187435
-25.0,5.382558582336095
19.36396508351695,5.636034916483052
-5.385574204191403,5.385574204191403
-5.407924392793369,5.407924392793369
-24.999999999999996,5.250294089401361
17.01962186164614,4.863708787216613
-5.469762944099232,5.469762944099232
-5.68396298103902,5.68396298103902
-5.585216197239493,5.585216197239493
-25.0,5.725939326445648
-25.0,5.590493851059939
-5.44319921604435,5.44319921604435
-5.442865970263773,5.442865970263773
-25.0,5.36014906588683
-25.0,5.620704348281826
-17.06705288842801,5.657129121934734
-5.887362825180977,5.887362825180977
-5.887362825180976,5.86285158818375
-5.862851588183751,5.558276305386835
-5.558276305386834,5.558276305386834
3.82192441157631,-3.82192441157631
-5.558276305386834,5.558276305386834
3.939712909769865,-3.939712909769865
18.947595939693016,6.0524040603069835
-5.838063908663996,5.838063908663996
4.110170019977581,-4.110170019977581
24.99999999994607,-4.185940517041935
24.99999999997418,-4.092264370744616
4.261323489656908,-4.261323489656908
-22.54898686396003,5.7490746623033715
-5.555706904680902,5.555706904680902
4.627623086096266,-4.627623086096266
24.999999999944052,5.594813501375029e-11
-5.1004666602239155,5.1004666602239155
-5.310242354508676,5.310242354508676
4.39247716332305,-4.39247716332305
25.0,-4.542697166128374
-4.99066438453897,4.99066438453897
5.222652282844678,-5.222652282844678
5.103004345777437,-5.103004345777437
4.965818484145131,-4.965818484145131
-5.0,5.0
-5.0,5.0
-5.0,5.0
5.0,-5.0
-5.0,5.0
-5.0,5.0
-25.0,5.0
-25.0,5.0
-25.0,0.0
-25.0,5.0
-5.0,5.0
-5.0,5.0
-5.0,5.0
-5.0,5.0
-5.0,0.0
0.0,0.0
5.0,-5.0
4.999999999999997,-4.999999999999997
4.999999999999998,-4.999999999999998
0.0,0.0
5.0,-5.0
25.0,-5.0
25.0,-3.5180055401662145
25.0,0.0
-20.0,-5.0
-25.0,0.0
0.0,-5.0
4.999999999999998,-4.999999999999998
-5.0,5.0
-5.0,5.0
-5.0,5.0
-4.999999999999999,4.999999999999999
4.999999999999998,-4.999999999999998
4.999999999999998,-4.999999999999998
4.999999999999998,-4.999999999999998
25.0,-5.0
25.0,-4.99354762324565
25.0,-4.998528242437995
25.0,-4.999806436761602
19.714873992195947,-4.7021095928483785
4.702109592848384,-4.702109592848384
-0.6912359281919972,5.393345521040381
-5.148446478859443,5.148446478859443
-5.019991591098137,5.019991591098137
0.0,0.0
-4.982810702965817,4.982810702965817
-4.946115167116195,4.946115167116195
-4.763126627034657,4.763126627034657
0.0,0.0
-5.0712281298620425,5.0712281298620425
-5.086453296462212,5.086453296462212
-25.0,5.159182925778794
-5.323527374272681,5.323527374272681
16.65946993199394,5.324814914788551
-8.323974182389051,5.431746416926222
-25.0,5.3297277654628346
25.0,0.0
-5.4175708483054095,5.4175708483054095
-5.342691531245173,5.342691531245173
-20.34101267939605,-4.6589873206039485
24.999999999991356,-2.162515483720309
4.863346508659694,-4.863346508659694
4.74969076306316,-4.74969076306316
-5.567584465939811,5.567584465939811
-5.714848805884435,5.714848805884435
-12.10745487978361,5.731466914601526
-25.0,5.644287798730865
-25.0,5.496173934504686
-25.0,5.470406714357161
-25.0,5.439201528972035
-5.417546864707564,5.417546864707564
-5.4875051261784655,5.4875051261784655
3.9328005844121137,-3.9328005844121137
4.369093155424519,-4.369093155424519
-6.2849117873172915,6.2849117873172915
19.166515065082393,5.833484934917607
-5.58835804855714,5.58835804855714
-5.570230235470456,5.570230235470456
-5.8409747600655635,5.8409747600655635
24.999999999969233,3.076650045841234e-11
-25.0,5.419860019604954
-6.754543780972291,5.302503226172599
4.44527705397804,-4.44527705397804
4.369006688242815,-4.369006688242815
-20.235565635735504,-4.7644343642644955
-4.999743123044137,4.999743123044137
-5.175087206886353,5.175087206886353
-4.667811391168845,4.667811391168845
-5.377731252122548,5.377731252122548
-5.0516057599412525,5.0516057599412525
-5.05276044394801,5.05276044394801
25.0,-4.789856977979827
-5.133687809016035,5.133687809016035
-5.081996213040392,5.081996213040392
-5.067338881787219,5.067338881787219
24.99999999997669,2.3309354446610087e-11
25.0,-1.9860225257570825
25.0,-5.0
4.999999999999998,-4.999999999999998
5.0,-5.0
-5.0,5.0
5.0,-5.0
-25.0,5.0
-25.0,5.0
-25.0,5.0
-25.0,5.0
-5.0,5.0
-5.0,5.0
-5.0,0.0
0.0,0.0
0.0,0.0
0.0,0.0
0.0,0.0
5.0,-5.0
5.0,-5.0
0.0,0.0
5.0,-5.0
5.0,-5.0
5.0,-5.0
25.0,-5.0
-18.05,5.0
-5.0,5.0
-5.0,5.0
-5.0,5.0
20.0,5.0
25.0,0.0
25.0,-5.0
19.7229916897507,5.0
5.0,-5.0
5.0,-5.0
5.0,-5.0
0.0,5.0
-5.05930653498376,5.05930653498376
-5.069822143212204,5.069822143212204
0.0,-4.243753553773561
4.702220004181231,-4.702220004181231
4.702220004181225,-4.702220004181225
4.596972915878363,-4.596972915878363
-13.522748247110762,-4.795998199109508
24.999999999993165,-4.975513062174272
4.975513062174283,-4.949825682161688
4.949825682161684,-4.949825682161684
-4.720149913138982,4.720149913138982
-24.999999999999996,4.4565436646392165
7.285230079696994,-4.57257189298044
4.997502550087601,-4.997502550087601
25.0,-4.902772387779734
-20.143358169232506,-4.856641830767494
24.999999999948354,-4.733262629686887
-5.44877477139592,5.44877477139592
-5.055904504281248,5.055904504281248
-24.999999999979835,5.28884582949469
25.0,0.0
9.177480081767726,0.0
-5.106578059643116,5.106578059643116
-25.0,5.070207564659022
-5.479226366890883,5.479226366890883
4.787722437771652,-4.787722437771652
-0.47464802431198194,-4.845607482317021
-25.0,2.0172308268229244e-11
-25.0,5.2500479419497985
-5.0668082052382,5.0668082052382
-25.0,5.083484379507972
-5.06721557848379,5.35416137134072
-5.342452957561353,5.342452957561353
-5.342452957561353,5.342452957561353
4.691064120426542,-4.691064120426542
4.553242524020371,-4.500910796062571
4.6714865619648815,-4.6714865619648815
4.609965477756804,-4.609965477756804
4.509485563439341,-4.509485563439341
4.4349243446242035,-4.4349243446242035
5.05900596217095,-5.05900596217095
4.594069401564294,-4.594069401564294
4.650204274614316,-4.650204274614316
4.580118521386455,-4.580118521386455
-5.389682342043267,5.389682342043267
-5.2384020117542835,5.2384020117542835
-5.389682342043267,5.52876890627018
24.99999999996276,-4.816571550242202
-13.406539026304017,-5.232081071427597
4.572739778165351,-4.572739778165351
4.181196182699878,-4.181196182699878
4.914437883541909,-4.914437883541909
-4.677856100634573,4.677856100634573
-4.962961751160125,4.962961751160125
-5.092132044399245,5.092132044399245
19.762938860703883,5.237061139290574
-5.055078174663404,5.055078174663404
-4.842980726099133,4.842980726099133
-25.0,4.9070409751122455
-5.049075554469541,5.049075554469541
5.0,-5.0
-5.0,5.0
-5.0,5.0
5.0,-5.0
-5.0,5.0
-5.0,5.0
-5.0,5.0
-7.561673019506488,5.0
-5.0,5.0
-5.0,5.0
-5.0,5.0
-5.0,5.0
-5.0,5.0
-5.0,0.0
0.0,0.0
0.0,0.0
0.0,5.0
-4.5125,5.0
-4.95246875,5.000000000000002
20.0,5.0
-25.0,0.0
5.0,-5.0
25.0,-5.0
25.0,0.0
-25.0,5.0
-5.0,5.0
20.0,5.0
20.0,5.0
-25.0,5.0
5.0,-5.0
5.0,-5.0
5.0,-5.0
5.0,-5.0
-5.0,5.0
5.0,-5.0
6.888791464681424,-5.0
-20.06358342214996,-4.936416577850039
-25.0,0.0
19.933150915646273,5.066849084353727
16.76401106711467,-4.881898605595831
-25.0,5.317825530288712
19.612977391578127,5.387022608378345
24.999999999995993,-4.861377644620845
24.99999999999966,-4.9490733545661385
25.0,0.0
-4.985199595540608,4.985199595540608
-4.707533909525386,4.707533909525386
-4.621218834324436,4.621218834324436
-5.218060133898154,5.218060133898154
-5.251715445762738,4.9469394455052775
-24.999999999957673,-4.232703076922917e-11
-25.0,5.1797760002649795
19.638278115004084,5.361721884987588
19.788230511357572,5.211769488642428
-5.230926071847183,5.230926071847183
-5.137781351586316,5.137781351586316
0.0,0.0
0.0,0.0
0.0,0.0
-19.99966107389362,-5.00033892610638
25.0,-4.721556479125866e-11
-5.237329692471707,5.237329692471707
-24.999999999943093,5.184272924860849
-24.999999999960988,5.238894306657411
-5.350452118589853,5.350452118589853
-5.124811905478168,5.124811905478168
-5.242536026645929,5.242536026645929
-5.079073290946491,5.079073290946491
4.913022220121764,-4.913022220121764
-5.067658360667059,5.067658360667059
4.750696180730699,-4.750696180730699
24.99999999999305,-4.54962716361085
4.695929003905135,-4.695929003905135
4.592332484162496,-4.592332484162496
-5.384487999667966,5.384487999667966
-12.379039761292606,5.372352299158573
-25.0,5.217438453796127
-25.0,5.3471202919313825
-25.0,5.843290439552192
-5.8432904395521925,0.0
0.0,0.0
4.907449189359443,-4.907449189359443
4.713561997499445,-4.713561997499445
4.836791616667179,-4.836791616667179
4.893666825513824,-4.893666825513824
5.0269045476032,-5.0269045476032
4.5587024308058055,-4.5587024308058055
5.226781958598554,-5.226781958598554
5.18034718858207,-5.18034718858207
4.986267496792005,-4.986267496792005
4.7312183435442865,-4.7312183435442865
4.72404709000191,-4.72404709000191
5.078397805536142,-5.078397805536142
5.201016316319318,-5.201016316319318
5.105582385312202,-5.105582385312202
4.933647271094799,-4.933647271094799
0.0,5.0
-4.5125,4.5125
-4.5125,4.5125
-4.5125,4.5125
-4.512499999999994,5.0
-4.9524687499999995,5.0
-4.995365703125,4.995365703125
-4.995365703125,4.995365703125
-4.995365703125,0.0
0.0,0.0
0.0,2.7008310249307463
20.0,5.0
-25.0,0.0
5.0,-5.0
5.0,-5.0
5.0,-5.0
0.0,5.0
-4.5125,0.0
0.0,5.0
20.0,5.0
-25.0,5.0
-7.075000000000002,5.0
25.0,-5.0
20.0,5.0
-25.0,4.387499999999996
-25.0,4.999999999999989
-5.0,5.0
20.0,5.0
-25.0,5.0
-5.0,5.0
-5.0,5.0
20.0,5.0
-25.0,5.0
25.0,0.0
5.0,-5.0
-12.687500000000007,5.000000000000001
-25.0,0.0
0.0,0.0
4.926414204562581,-4.926414204562581
19.65471005745182,-4.8762801618120974
24.999999999984905,1.509548042122333e-11
24.99999999998356,-4.639955467886672
25.0,-4.875316532999765
25.0,-4.939785706300803
-0.022397840223991494,4.9621835465247965
0.0,0.0
0.0,0.0
-4.936748941010546,4.936748941010546
-4.997996107285347,4.997996107285347
-5.0493645558374,5.0493645558374
-25.0,5.093739261028489
-7.881514670947546,5.225275409965521
25.0,-5.147882120581926e-11
-5.32373943976941,5.32373943976941
-5.349637938557761,5.349637938557761
-25.0,5.370396373639615
21.75025332560707,0.0
0.0,0.0
-5.449355426922688,5.449355426922688
-25.0,0.0
4.506320359671159,-4.506320359671159
4.5390996264516765,-4.5390996264516765
-5.544662457873439,5.544662457873439
-25.0,5.5697896946468894
-25.0,5.386181367905259
-25.0,5.571977251229249
-11.285089770859203,5.745834352005096
-5.69624510772473,5.69624510772473
-5.884431777065439,5.884431777065439
-5.988692894927302,5.988692894927302
-5.968176189265833,5.968176189265833
4.116877222459031,-4.116877222459031
-5.706076489399102,5.706076489399102
-5.685443021484961,5.685443021484961
-5.921119108000013,5.921119108000013
-5.960333552770633,5.960333552770633
-5.969653073975209,5.969653073975209
4.0654923640768725,-4.0654923640768725
4.106773185146002,-4.106773185146002
4.58106398005938,-4.58106398005938
4.518615740450416,-4.518615740450416
-5.647701674539851,5.647701674539851
-5.988692894927302,5.988692894927302
4.511679431494816,-4.511679431494816
4.683306688818423,-4.683306688818423
24.99999999996973,-4.8517365538609525
20.794362271414542,-4.678557305297872
25.0,-4.957663900625704
24.999999999994984,-4.839582234505862
-5.232522243398478,5.232522243398478
-5.237426573584051,5.237426573584051
4.982780250108027,-4.982780250108027
-4.977611311412022,4.977611311412022
-5.016038242124468,5.016038242124468
-5.054535545762168,5.054535545762168
-5.030651592764776,5.030651592764776
-5.0,5.0
5.0,-5.0
-5.0,5.0
-5.0,5.0
-5.0,5.0
-5.0,5.0
-5.0,5.0
-20.0,-5.0
-25.0,0.0
-25.0,0.0
5.0,-5.0
0.0,0.0
0.0,0.0
5.0,-5.0
5.0,-5.0
5.0,-5.0
0.0,0.0
5.2631578947368425,-5.0
25.0,-5.0
25.0,-5.0
5.0,-5.0
25.0,-5.0
25.0,-5.0
25.0,0.0
0.0,-4.5125
5.0,-5.0
5.0,-5.0
-10.4875,-5.000000000000002
-20.0,-5.0
-20.0,-5.0
-25.0,5.0
5.0,-5.0
5.0,-5.0
-5.000000000000001,5.000000000000001
-5.000000000000001,5.000000000000001
25.0,-5.0
24.999999999971568,-4.942222095176213
-5.06255222112857,5.06255222112857
-5.063275047518134,5.063275047518134
4.5772919221403106,5.0879218628472485
-5.254334753660932,5.254334753660932
25.0,0.0
24.99999999996778,0.0
0.0,0.0
-5.024262880530075,5.024262880530075
-5.041608386523903,5.041608386523903
-5.22044334614714,5.22044334614714
-4.54606812392017,4.54606812392017
-5.332400674327886,5.332400674327886
-5.104709232453173,5.104709232453173
-7.558333165448159,5.067203934602638
-24.999999999999996,4.928629230845512
19.661652655701264,5.338347344298736
-5.070086384375179,5.070086384375179
-4.920231184716018,4.920231184716018
-25.0,5.3278210694341865
21.797428177912263,0.0
0.0,0.0
0.0,0.0
-24.99999999994317,5.251936334706407
-5.421581158323962,5.421581158323962
-5.436794333125208,5.436794333125208
-5.284530044177281,5.284530044177281
-5.148501388675562,5.148501388675562
-5.454495490629181,5.454495490629181
-5.322225948515948,5.322225948515948
-24.999999999967223,5.2574563490945465
-16.205041988553035,5.282478815414253
-25.0,5.519291598237672
-25.0,5.687296701139424
-5.519924007844002,5.519924007844002
-5.770620769230227,5.770620769230227
-5.793417810128874,5.793417810128874
-5.793417810128874,5.793417810128874
-5.7210801232928565,5.7210801232928565
-5.793417810128874,5.8908006845878145
-5.82275053133767,5.819398989215055
-5.877954312205453,5.877954312205453
-5.648013461311832,5.648013461311832
15.317953180520897,5.869909077423197
-5.596008185122269,5.596008185122269
-5.600475445794492,5.600475445794492
-5.20653159710262,5.20653159710262
4.943124160006043,-4.943124160006043
4.685348450371777,-4.685348450371777
4.795986049523757,-4.795986049523757
4.473624404335791,-4.473624404335791
-5.630290213651948,5.630290213651948
-5.186125342220696,5.186125342220696
-4.813715924230412,4.813715924230412
4.941423218001008,-4.941423218001008
4.860761013697311,-4.860761013697311
-5.03356914764111,5.03356914764111
-5.003280940406465,5.003280940406465
-5.086096747539485,5.086096747539485
-5.120184932485635,5.120184932485635
-5.0,5.0
-5.0,5.0
-5.0,5.0
-25.0,5.0
-5.0,5.0
-5.0,5.0
-5.0,5.0
-5.000000000000001,5.000000000000001
0.0,-5.000000000000001
5.0,-5.0
5.0,-5.0
25.0,-5.0
-18.05,0.0
5.0,-5.0
5.0,-5.0
0.0,0.0
0.0,5.0
-4.5125,4.5125
25.0,0.0
-5.0,5.0
-5.0,5.0
-5.0,5.0
-5.0,5.0
14.861495844875346,5.0
-25.0,5.0
-25.0,5.0
-5.0,5.0
24.78696181536545,-5.0
20.0,5.0
25.0,0.0
20.0,5.0
-5.0,5.0
-5.0,5.0
-5.0,5.0
4.936029874385243,-4.936029874385243
4.936029874385243,-4.936029874385243
4.936029874385243,-4.936029874385243
4.936029874385243,-4.936029874385243
4.9310486872219546,-4.9310486872219546
4.887077568686247,-4.887077568686247
4.744981279886718,-4.744981279886718
-5.240589308906748,5.215123563243637
4.964246767086748,-4.964246767086748
-25.0,4.326214169640892
4.81821000866338,-4.81821000866338
5.119299464857768,-5.119299464857768
4.8253659568834495,-4.8253659568834495
-25.0,4.91166967143279
19.745096010633976,5.254903989366024
-5.348604119261193,5.348604119261193
-5.254065194588774,5.254065194588774
4.875698692696998,-4.875698692696998
25.0,-4.9509062063593205
5.08093265092676,-5.08093265092676
5.080932650926759,-8.881784197001252e-16
-25.0,0.0
24.999999999974996,2.5003998871397926e-11
2.7008310249307423,-2.7008310249307423
-25.0,0.0
-25.0,0.0
-5.243938435972526,5.243938435972526
-22.505364758460946,5.230681817837553
-5.286468928718827,5.286468928718827
-25.0,5.487397199988166
-5.412942013921395,5.412942013921395
-5.339987696161849,5.339987696161849
-5.108174862341725,5.108174862341725
-5.734387233212772,5.734387233212772
-5.7718868507374985,5.7718868507374985
-5.409215720193108,5.409215720193108
-5.370819242338452,5.370819242338452
-5.378823452545447,5.378823452545447
-5.204566204373984,5.204566204373984
4.722134871434282,-4.722134871434282
4.617843458501456,-4.617843458501456
4.899316225100861,-4.899316225100861
4.722610756507304,-4.722610756507304
4.493961233013428,-4.493961233013428
-5.775214259364786,5.775214259364786
-5.758957166909987,5.758957166909987
-5.775214259364786,5.775214259364786
4.646824480760156,-4.646824480760156
4.538566938120601,-4.538566938120601
5.303112442426468,-5.174945829888531
-5.890884627180274,5.890884627180274
-5.594728218374143,5.594728218374143
-4.7209337981001145,4.7209337981001145
-4.587049150016243,4.587049150016243
-4.488595849716655,4.488595849716655
-5.384719315157706,5.384719315157706
-5.335286279836984,5.335286279836984
-5.3326596025125115,5.3326596025125115
-5.277752863237648,5.277752863237648
-5.131575990111083,5.131575990111083
-5.050143076046384,5.050143076046384
-5.151142266814547,5.151142266814547
20.0,5.0
13.334199859080027,5.0
-5.0,5.0
-5.0,5.0
-5.0,5.0
5.0,-5.0
-5.0,5.0
-5.0,5.0
-25.0,5.0
-25.0,4.9999999999999964
-4.999999999999999,4.999999999999999
4.999999999999998,-4.999999999999998
0.0,-4.999999999999999
5.0,-5.0
5.0,-5.0
5.0,-5.0
5.0,-5.0
5.0,-5.0
5.0,-5.0
5.0,-5.0
5.0,-5.0
5.0,-5.0
25.0,-5.0
25.0,-5.0
25.0,-5.0
25.0,-5.0
5.263157894736827,-5.0
25.0,-5.0
5.0,-5.0
5.0,-5.0
5.000000000000009,-5.000000000000009
5.0,-5.0
5.0,-5.0
5.0,-5.0
5.0,-5.0
5.0,-5.0
-20.073077430932035,-4.926922569067965
-20.05464356070756,-4.945356439292439
-20.071627300945256,-4.928372699048335
-10.64262322355868,-4.844876776447736
4.691460047024513,-4.691460047024513
4.640742429690946,-4.640742429690946
4.9390313274764885,-4.9390313274764885
4.863831545368737,-4.863831545368737
25.0,-4.931389869186891
24.99999999994866,-5.164793825379817
5.148680395467861,-4.687501924999301
5.185319998250964,-5.185319998250964
25.0,-4.986017562456571
24.999999999962363,-5.115819318581046
24.99999999996158,-4.8800416173488195
-13.215490460494916,-4.942771979806114
24.999999999953843,-4.496165199425889
4.496165199425883,1.7763568394002505e-14
-5.352272347436799,5.352272347436799
-25.0,5.302164300066217
16.26208691964068,5.563769811587882
0.0,0.0
-24.999999999996547,5.414678931323195
-24.9999999999431,5.254204678144664
-5.615378727265698,5.615378727265698
-16.169589812880716,5.455305883777406
-24.99999999999752,5.572217087207697
-25.0,5.547803046896469
-5.6704879859342,5.6704879859342
-5.665132069847104,5.665132069847104
-5.552806782783637,5.552806782783637
-5.668581921052864,5.668581921052864
-5.921424583298874,5.921424583298874
-5.635745851014292,5.635745851014292
-5.833114451445635,5.833114451445635
-5.916427790032131,5.916427790032131
-6.074619814531552,6.074619814531552
4.925095588802392,-4.148647915835444
-5.989727976518489,5.989727976518489
25.0,-4.262174907380398
4.07419841009448,-4.07419841009448
4.14712117048844,-4.14712117048844
4.327195072284546,-4.327195072284546
4.287896684921467,-4.287896684921467
-25.0,5.369405472360242
-5.860656457833654,5.860656457833654
-5.748999555773278,5.748999555773278
25.0,-2.417621658423741e-11
-5.03965119871032,5.03965119871032
-5.308150101170391,5.308150101170391
-5.749385817928038,5.749385817928038
19.621009924564262,5.378990075435738
-4.842968655406795,4.842968655406795
4.709511925200258,-4.709511925200258
18.219588863712588,5.549766861756826
19.380538065148098,5.619461934798746
-5.276805905589854,5.276805905589854
-4.9496226105141465,4.9496226105141465
-4.888495796142347,4.888495796142347
-5.019741794826178,5.019741794826178
-5.0,5.0
-5.0,5.0
-5.0,5.0
-15.000000000000005,5.0
-25.0,5.0
-25.0,5.0
-25.0,5.0
-25.0,5.0
-5.000000000000001,0.0
5.0,-5.0
5.0,-5.0
25.0,-5.0
-13.05,-5.0
0.0,0.0
5.0,-5.0
5.0,-5.0
0.0,5.0
-4.5125,5.0
-4.952468749999999,4.999999999999995
20.0,5.0
-4.999999999999993,4.999999999999993
18.64779423476455,5.0
25.0,-5.0
25.0,-5.0
5.0,-5.0
-5.0,5.0
5.0,-5.0
5.0,-5.0
5.0,-5.0
5.0,-5.0
5.0,-5.0
-5.0,5.0
-25.0,5.0
5.0,-5.0
-25.0,5.0
-25.0,5.0
-5.055314332236424,5.055314332236424
-5.052444870292159,5.052444870292159
-25.0,5.0590605243629625
-5.059060524362963,5.124521434720472
-5.118138995960619,5.322336083721842
-5.302426867665123,5.358351006089208
-5.352898402592859,5.10496626719586
-5.085204255932355,5.085204255932355
19.945528831258937,5.054471168736377
14.7324469527389,4.896359299945537
-25.0,4.617536089760662
-25.0,4.736644948130294
19.586404117463687,5.413595882536313
19.883229542420217,5.116770457579783
-5.006729962247938,5.0215278036548145
-5.179520385603741,5.179520385603741
19.612978575022865,5.387021424977135
25.000000000000007,-7.105427357601002e-15
-5.2409632075451675,5.2409632075451675
-5.171627888470919,5.171627888470919
-5.467522371142692,5.467522371142692
-5.253235235873886,5.253235235873886
-5.14962861777426,5.14962861777426
-25.0,5.294436532381745
21.834419354701666,3.552713678800501e-15
0.0,0.0
-7.095675181052963,5.477302629884816
-25.0,5.259467184429628
-5.284853191600874,5.284853191600874
-5.38330964763702,5.38330964763702
4.507113080694655,-4.507113080694655
-5.626858665718229,5.626858665718229
-5.682133916129711,5.682133916129711
-5.41032212143052,5.41032212143052
-5.557638846602021,5.557638846602021
-5.59144435891136,5.59144435891136
-25.0,5.49652295896805
24.999999999979877,-4.723121985829785
25.0,-4.746001707026267
-25.0,5.376144232207277
-25.0,5.5955259885761315
-5.458905948043348,5.458905948043348
4.193069957074915,-4.193069957074915
25.0,-4.611549657509173
4.8142798543534155,-4.8142798543534155
-25.0,0.0
-5.762441731217891,5.762441731217891
-5.7258389740230875,5.7258389740230875
-25.0,4.828120283751716
4.487912948325395,-4.487912948325395
-24.91710039804189,5.634173663060846
25.0,-5.338198393533176
-22.75144402118443,4.719880413236886
-4.744400486296479,4.744400486296479
-5.347386004949609,5.347386004949609
19.39001205965396,5.609987940289628
19.636805017186898,5.363194982813102
24.999999999980016,-5.022010552454855
25.0,-5.095396713039079
-5.007152072581108,5.007152072581108
-5.0,5.0
-5.0,5.0
-5.0,5.0
-25.0,5.0
-5.0,5.0
-5.0,5.0
-25.0,5.0
-25.0,5.0
-25.0,5.0
-6.466425947772405,5.0
-5.0,5.0
-5.0,5.0
-5.0,0.0
0.0,0.0
0.0,0.0
0.0,0.0
5.0,-5.0
5.0,-5.0
25.0,-5.0
25.0,-5.0
25.0,-5.0
-5.0,5.0
20.0,5.0
15.263157894736842,5.0
0.0,0.0
-17.562499999999996,-5.0
5.0,-5.0
5.0,-5.0
25.0,-5.0
-25.0,0.0
5.0,-5.0
5.0,-5.0
-25.0,5.0
-25.0,5.0
-25.0,5.0
-5.424248640229408,4.999999999999991
-5.056594984371088,5.056594984371088
-5.063251359770592,5.063251359770592
-5.063251359770594,5.08158965308947
-5.079801669490879,5.139727750725541
-5.133884957805163,5.250412232288769
-5.239050823026618,5.161423735415574
24.999999999978616,2.1383783632700215e-11
24.999999999948237,5.17630383001233e-11
-24.999999999964924,5.375066863746202
-24.999999999997907,5.625453416228726
-11.286944015427679,4.750102271110388
-4.75010227111039,5.0215612544623385
20.231061137337832,4.7689388626281115
20.41081062939864,4.589189370550223
-4.5765052030269615,4.5765052030269615
24.99999999999097,-0.271572303047634
24.99999999994955,5.044853423896711e-11
-5.24236687916639,5.24236687916639
0.0,0.0
0.0,0.0
-5.348426766866604,5.348426766866604
-4.852009209499606,4.852009209499606
-5.339301639034028,5.339301639034028
-24.999999999993832,5.253214408012607
21.880094838760353,-4.402246061413564
4.402246061413571,-4.402246061413571
-19.970424436963725,-5.02957556302632
-25.0,5.094815998342252
-5.553108790269178,4.834725871515979
-25.0,5.220553796926687
-24.999999999984368,4.994765895344067
-5.318712982579018,5.318712982579018
-5.618725701459649,5.618725701459649
-5.618725701459649,5.344220801181425
-5.344220801181425,4.831335979304832
-4.831335979304834,5.294389827480679
-5.249242077283533,5.152047174272697
-5.104137412988768,5.104137412988768
-5.152047174272698,5.152047174272698
4.644565604531575,-4.644565604531575
5.345499505634933,-5.345499505634933
4.460139942021293,-4.460139942021293
-5.152047174272698,5.152047174272698
4.625179283705361,-4.625179283705361
-5.152047174272698,5.152047174272698
4.400864479948249,-4.400864479948249
4.853828176051929,-4.853828176051929
4.626198586613761,-4.626198586613761
5.24773036902123,-5.24773036902123
4.847257301389806,-4.847257301389806
-5.130567337813572,5.130567337813572
-4.93799987498234,4.93799987498234
-4.54091480612013,4.54091480612013
5.138222523557195,-5.138222523557195
4.762560487896058,-4.762560487896058
-5.152047174272698,5.152047174272698
-5.046083378750694,5.046083378750694
-4.86872648723805,4.86872648723805
-4.840256003984458,4.840256003984458
-5.033426064573212,5.033426064573212
-5.0,5.0
-5.0,5.0
-5.0,5.0
-5.0,5.0
-5.0,5.0
-5.0,5.0
-5.0,5.0
-5.0,5.0
-5.152047174272695,5.000000000000001
-5.000000000000004,5.000000000000004
-5.0,5.0
25.0,-2.8393351800554036
-25.0,0.0
5.0,-5.0
0.0,0.0
0.0,0.0
0.0,5.0
-4.5125,4.5125
-4.5125,4.5125
25.0,-5.0
-22.5625,5.0
-5.0,5.0
-5.0,5.0
-5.0,5.0
-5.0,5.0
-5.0,5.0
-0.13850415512465641,5.0
25.0,0.0
25.0,-5.0
-25.0,0.0
-25.0,0.0
0.0,0.0
0.0,5.0
-4.512500000000001,5.0
-4.9524687499999995,5.000000000000001
-4.995365703125004,4.995365703125004
24.99999999994697,-4.962588277134682
25.0,-4.9418086178754095
14.55600890156446,-4.923485361764502
-5.13686560614542,5.13686560614542
-5.34536077156648,5.34536077156648
19.712521551156108,5.287478448843892
25.0,-5.1016267089828204
0.094072191235405,5.007554517747408
-5.511761379661768,5.511761379661768
-25.0,4.891140342825082
17.470990779617946,4.810294159080023
-4.853265192649891,4.853265192649891
-5.39252502953517,5.39252502953517
-4.809585380648983,4.809585380648983
-5.0278916619987,5.0278916619987
-25.0,4.903354305601127
17.34677994142517,4.920971520512641
-4.841681746038237,4.841681746038237
-4.6918682021016505,4.6918682021016505
-4.984685841628881,4.984685841628881
0.0,0.0
0.0,0.0
0.0,0.0
-19.724830501586588,-5.275169498397442
4.3356082659495225,-4.3356082659495225
5.148623831254032,-5.148623831254032
-25.0,5.1311843662915635e-11
-24.99999999994896,-5.1038284709647996e-11
4.956400974854992,-4.956400974854992
4.8167438534582985,-4.8167438534582985
5.203479999850543,-5.203479999850543
4.970666166394061,-4.970666166394061
-20.00000000006729,5.609150565593827
-5.484581020683353,4.9772364099088735
-5.101805954819346,5.101805954819346
-4.949669788775697,4.949669788775697
-5.101805954819346,5.101805954819346
-5.077299135853297,5.077299135853297
-5.096913932006349,5.096913932006349
-5.101805954819346,5.101805954819346
-5.101805954819346,5.101805954819346
-5.101805954819346,5.101805954819346
-5.083512781136996,5.083512781136996
-4.931424582289036,4.931424582289036
-5.101805954819346,5.101805954819346
4.674440331383643,-4.674440331383643
-5.101805954819346,5.101805954819346
-4.845042605473045,4.845042605473045
-4.563741510942428,4.563741510942428
-4.997481722226313,4.997481722226313
-5.101805954819346,5.101805954819346
-5.094326859175686,5.094326859175686
-4.121723802665581,4.121723802665581
-4.487086776494378,4.487086776494378
-4.875133500279372,4.875133500279372
-5.101805954819346,5.101805954819346
-5.101805954819346,5.101805954819346
-4.941869202470139,4.941869202470139
-4.898057125660722,4.898057125660722
-5.008435481054422,5.008435481054422
-5.0,5.0
-5.0,5.0
-5.0,5.0
-5.0,5.0
-5.0,5.0
-5.0,5.0
-5.0,5.0
-5.0,5.0
-5.101805954819346,5.0
-5.0,-8.881784197001252e-16
0.0,2.7008310249307463
20.0,5.0
-25.0,0.0
5.0,-5.0
5.0,-5.0
0.0,0.0
0.0,0.0
0.0,0.0
5.0,-5.0
20.0,5.0
-22.5625,5.0
-5.0,5.0
7.160664819944596,-5.0
25.0,-5.0
-20.0,-5.0
5.0,-5.0
5.0,-5.0
25.0,-5.0
5.0,-5.0
-3.7874999999999632,-5.000000000000036
-5.0,5.0
-5.0,5.0
25.0,0.0
20.0,5.0
25.0,-5.0
25.0,-5.0
4.989129106376152,-4.95012482379866
4.9609957174225086,-4.9609957174225086
4.9499782768168235,-4.937910434505099
4.88225496468128,-4.88225496468128
4.749893814987345,-4.749893814987345
4.854308005795649,-4.854308005795649
4.948927875110791,-4.948927875110791
4.948927875110784,-4.80737857407362
4.80737857407362,0.0
0.0,0.0
-5.2502221386078265,5.2502221386078265
-25.0,2.4375000000430234
20.017914485247655,4.982085514704671
-5.078993135237904,5.078993135237904
-9.369812060298603,5.108208944296553
4.7219979124676446,-4.7219979124676446
4.721997912467646,-8.881784197001252e-16
0.0,0.0
-24.999999999977014,5.061048986018928
2.6127677150306905,-5.236316701036424
24.99999999995991,-5.097223825336393
5.097223825336399,-5.329070518200751e-15
0.0,0.0
-18.05420667383246,-4.508293326167539
25.0,-4.98769767660032
4.98769767660032,-4.630475240797843
4.630475240797844,-4.866292704310717
-25.0,0.0
-24.99999999995796,4.739861274830719
5.121605677134724,-5.121605677134724
4.960481342225139,-4.960481342225139
-24.99999999995818,4.9828201701754935
4.796519369002144,-4.796519369002144
-5.288142731389462,5.288142731389462
-5.419668781969504,5.419668781969504
0.6840234784235726,5.242937436336172
-20.109610091325884,-4.890389908671466
-5.656942302330467,5.656942302330467
-5.455170818252702,5.455170818252702
-5.656942302330467,5.656942302330467
-4.872182571023513,4.872182571023513
-5.542609966815787,5.542609966815787
-4.9197900127451355,4.9197900127451355
-5.656942302330467,0.0
4.981854514788589,-4.981854514788589
4.709030990948742,-4.709030990948742
0.0,0.0
7.302360003834286,-4.390667032833093
4.710079957780788,-4.710079957780788
-2.627802906328577,2.627802906328577
-2.627802906328577,2.627802906328577
20.266934919364353,4.733065080578328
-25.0,4.788074617971581
-4.978377524248426,4.978377524248426
-4.978377524248426,5.047976347325314
-5.041190462075317,5.390493208551975
19.81693461773326,5.18306538226674
20.0961478769119,4.903852123043226
9.345736406091136,-5.01768786396372
4.978250870733986,-4.978250870733986
25.0,-5.0
25.0,-5.0
5.0,-5.0
5.0,-5.0
5.0,0.0
-5.0,5.0
-25.0,5.0
-25.0,5.0
-25.0,5.0
-25.0,0.0
-5.0,5.0
-5.0,5.0
-5.0,5.0
-9.999999999999998,0.0
0.0,0.0
5.0,-5.0
5.0,-5.0
5.0,-5.0
5.0,-5.0
5.0,-5.0
5.0,-5.0
5.0,-5.0
5.0,-5.0
5.0,-5.0
5.0,-5.0
25.0,0.0
5.0,-5.0
5.0,-5.0
5.0,-5.0
-12.5625,-5.0
-5.0,5.0
-5.0,5.0
25.0,0.0
25.0,0.0
5.0,-5.0
12.277447345756704,-4.999999999999999
-5.048368448825418,5.048368448825418
-5.043046700982825,5.043046700982825
-20.067519730146213,-4.932480269853787
4.827860458154504,-4.827860458154504
-5.358004348428256,5.358004348428256
4.696373804973057,-4.696373804973057
4.8048268454924115,-4.8048268454924115
25.0,-4.853624631043903
25.0,-3.136335635645082e-11
25.0,-5.203681335842976
-25.0,4.760336955916934
-11.00263873918075,-4.952263804226787
25.0,-4.691536849763004
19.856766797935208,5.143233202064792
0.0,0.0
-4.815026501623157,4.815026501623157
0.0,0.0
-5.0685697373851575,5.0685697373851575
-5.054781693213732,5.054781693213732
-24.99999999999201,5.064611181446168
16.61220571376623,5.476867769387052
-4.9440853973617624,4.9440853973617624
-5.046037778357423,5.046037778357423
-4.901951265127215,4.901951265127215
0.0,0.0
0.0,0.0
-5.0039591870863,5.0039591870863
-5.014486724245481,5.014486724245481
-15.399760502414436,5.001709778067399
-25.0,5.028907178023232
-24.999999999955698,5.13846109724102
-24.999999999996852,5.230682448984869
-24.999999999949537,5.25564369401534
-5.255643694015338,4.931978729628709
-4.9319787296287085,4.9319787296287085
-4.9319787296287085,4.9319787296287085
-4.9319787296287085,4.9319787296287085
4.856885453629809,-4.856885453629809
-4.9319787296287085,4.9319787296287085
4.688338195187303,-4.688338195187303
-4.9319787296287085,4.9319787296287085
-4.9319787296287085,4.9319787296287085
-4.9319787296287085,4.9319787296287085
5.024103515833868,-5.024103515833868
-4.9319787296287085,0.0
4.984036391045143,-4.984036391045143
0.0,5.356324944325232
-4.834083262253523,4.960697825753056
-4.8445995400602335,4.8445995400602335
-4.948352905811851,4.973808648859021
-4.971326713911922,5.395584831702297
-4.9949785919881045,4.9949785919881045
-4.811864453591537,4.811864453591537
-5.021112508723718,5.021112508723718
-5.14801540524555,5.14801540524555
-5.2124069474272465,5.2124069474272465
20.079801319370535,4.920198680629465
24.999999999962714,-1.4910739309925702e-11
20.005279192242018,4.994720807757982
19.271256972598877,5.059247553527854
-5.0,5.0
-5.0,5.0
-5.0,5.0
-5.0,5.0
-5.0,5.0
-10.000000000000007,5.0
-25.0,5.0
-25.0,5.0
-25.0,0.0
-25.0,0.0
0.0,0.0
0.0,5.0
-4.5125,0.0
0.0,0.0
0.0,0.0
0.0,0.0
0.5401662049861491,5.0
5.0,-5.0
-5.0,5.0
-5.0,5.0
25.0,-2.8393351800554036
-25.0,5.0
-5.000000000000001,5.000000000000001
-5.000000000000001,5.000000000000001
-5.000000000000001,0.0
5.0,-5.0
5.0,-5.0
0.5401662049861491,5.0
-5.0,5.0
25.0,0.0
-5.0,5.0
-5.0,5.0
-5.0,5.0
-5.0,5.0
-5.0,5.0
-5.0,5.0
19.922263502481176,5.077736497518824
19.673503853092296,5.049487836658397
19.922579380616295,5.077420619383705
-5.159304505460548,5.159304505460548
-5.305976390382184,5.305976390382184
-5.2147832170558015,5.2147832170558015
-5.130616725090711,5.130616725090711
-9.683477189793361,5.057528446314255
-4.983590169895768,4.983590169895768
-4.839404566537621,4.839404566537621
-4.880958043245407,4.880958043245407
5.125704978924224,-5.125704978924224
5.125704978924212,5.329070518200751e-15
-5.090471180248503,5.090471180248503
0.0,0.0
-25.0,2.437500000024098
19.943685881086754,5.056314118886544
-5.094472023057376,5.094472023057376
0.0,0.0
-5.048448129940812,5.048448129940812
-5.547644628921232,5.547644628921232
-5.023579663565158,5.023579663565158
-4.976627352753077,4.976627352753077
-25.0,2.437500000000295
19.94729541258875,5.052704587410922
-5.163524588135985,5.163524588135985
-25.0,5.247412901923443
-25.0,5.209601497626732
-5.2018257627465765,5.2018257627465765
-15.75673805296204,5.041479001325001
-25.0,5.258244652086866
-4.973188862198935,4.973188862198935
-25.0,5.335696525589594
-4.930527090811797,4.930527090811797
-5.335696525589594,5.244378976796094
-5.203340516294661,5.203340516294661
-5.102252807116027,5.05896935562687
-5.201095525306936,5.201095525306936
-5.201095525306936,5.201095525306936
-5.201095525306936,5.201095525306936
-5.201095525306936,5.201095525306936
-5.201095525306936,5.201095525306936
4.438357785999861,-4.438357785999861
-5.201095525306936,5.201095525306936
-5.058143814943165,5.058143814943165
-5.201095525306936,5.201095525306936
-5.201095525306936,2.437500000013587
4.636020501078455,-4.636020501078455
5.473818065576912,-5.473818065576912
4.86179388627291,-4.86179388627291
-2.4375000000135865,2.4375000000135865
19.84634529350934,5.153654706475603
-25.0,4.756666203152079
5.32602103730121,-5.32602103730121
-4.756666203152079,4.756666203152079
-4.756666203152079,5.217341500128067
-5.172425658672909,5.172425658672909
-5.056658173064834,5.056658173064834
-5.0625179024934965,5.0625179024934965
20.098516119180456,4.901483880819544
19.53193832834027,5.0
5.0,-5.0
-5.0,5.0
-5.0,5.0
20.0,5.0
25.0,0.0
-5.0,5.0
0.0,0.0
-25.0,0.0
-8.050000000000013,-5.0
25.0,-5.0
-20.0,-5.0
-25.0,0.0
-25.0,0.0
0.0,0.0
5.0,-5.0
5.0,-5.0
5.0,-5.0
5.0,-5.0
25.0,-5.0
5.0,-5.0
5.0,-5.0
25.0,-5.0
25.0,-5.0
5.0,-5.0
5.0,-5.0
25.0,-5.0
25.0,-5.0
5.2631578947368425,-5.0
5.0,-5.0
-25.0,5.0
7.1606648199446,-5.0
5.0,-5.0
5.0,-5.0
25.0,-5.0
0.0,5.0
-17.635695671203504,-4.926804328796496
25.0,-4.951182141005493
-5.06643354288071,5.06643354288071
-25.0,5.173032723769996
-5.349221026311673,5.349221026311673
-5.266436313045431,5.266436313045431
24.999999999956053,-4.863674389688125
-25.0,5.110496222154161
-4.934229400942238,4.934229400942238
-9.118091224665498,4.870054342288456
-4.860553050658106,4.860553050658106
-24.99999999996271,4.818940877250331
-5.247527770734173,5.247527770734173
19.89388898936754,5.1061110106324605
-5.009321414646511,5.009321414646511
-25.0,5.033088528963248
-4.906993501000397,4.906993501000397
-25.0,5.157886549200558
19.89942541358578,5.1005745864142185
19.902102740473268,5.097897259517978
19.74738518193351,5.25261481806649
-5.094789490155161,5.094789490155161
-4.963781611518023,4.963781611518023
-25.0,2.4375
19.94678923244509,5.0532107675549085
-5.005407039019344,5.005407039019344
-25.000000000000004,5.282650487483036
-24.99999999994803,4.971375575972413
-15.451967114568793,5.127072044001366
-25.0,5.070869007041686
-24.999999999981675,0.0
0.0,0.0
5.069689392716116,-5.069689392716116
4.8370901493456095,-4.8370901493456095
4.659471410592028,-4.659471410592028
4.768265428446526,-4.768265428446526
0.0,0.0
0.0,0.0
0.0,0.0
4.841825647625306,-4.841825647625306
4.755311761021169,-4.755311761021169
0.0,5.352645986645328
-4.830763002947409,4.830763002947409
-4.256418735151522,5.065241066463244
-5.049282506686877,5.049282506686877
-5.055628692906039,5.055628692906039
-5.560725156956238,5.560725156956238
-5.323163202273827,5.323163202273827
-5.120614144708043,5.120614144708043
-5.215414364367502,5.215414364367502
-5.49208851795604,5.49208851795604
25.0,-5.3155702062213095e-11
-4.299553344621277,4.299553344621277
-4.760959267166273,4.760959267166273
-5.2065382241493925,5.2065382241493925
19.75420472863645,5.245795271363551
-5.023103778492135,5.023103778492135
-4.846414798622099,4.846414798622099
5.0890193441980545,-5.0890193441980545
-5.066062909018171,5.066062909018171
5.0,-5.0
5.0,-5.0
-5.0,5.0
-25.0,5.0
-5.0,5.0
-5.0,5.0
-5.0,5.0
5.0,-5.0
5.0,-5.0
-18.73572515690827,-5.0
25.0,-5.0
5.0,-5.0
5.0,-5.0
-20.0,-5.0
5.0,-5.0
5.0,-5.0
5.0,-5.0
0.0,0.0
0.0,0.0
5.0,-5.0
0.0,0.0
25.0,-5.0
25.0,-5.0
20.0,5.0
-3.662500000000003,-5.0
5.0,-5.0
5.0,-5.0
5.0,-5.0
-20.0,-5.0
5.0,-5.0
-25.0,0.0
25.0,-5.0
25.0,-5.0
25.0,-5.0
25.0,-5.0
25.0,-5.0
5.252641512366776,-4.957506191458483
4.968022573828551,-4.968022573828551
4.968022573828549,-4.961924329886133
4.961924329886134,-4.824660604152369
-0.4172947669667906,5.241955371119165
-5.156335268001811,5.156335268001811
-5.149285431423523,5.149285431423523
-5.161709092893877,5.161709092893877
-4.708697745168163,4.708697745168163
-15.858821069168506,-5.065596402399734
5.135765467072741,-5.135765467072741
-24.999999999973063,4.818091984116091
25.0,-4.630396978531195
-5.292069098815553,5.292069098815553
24.99999999999747,-5.0604487649255
5.23802079877802,-5.23802079877802
-5.647651813902227,5.647651813902227
-24.999999999957083,5.047401687698006
24.999999999988695,-5.1313941407918975
-24.999999999946127,-5.3873350225330796e-11
19.692510078917653,5.307489921082347
5.171408911787452,5.0069792269727955
-4.96896648668365,4.96896648668365
-24.99999999997783,2.4375000000024265
19.70158471493803,5.298415285034711
-5.098543554365163,5.098543554365163
0.0,0.0
-25.0,5.328245831574957
16.378460154781788,5.418497372558985
-25.0,5.511706469845649
4.381672070595306,5.286153355062977
-24.999999999960245,5.391837710112725
-24.999999999986642,5.388134137687665
-5.161217744711717,5.161217744711717
-25.0,4.98310923564425
-5.088878164433769,5.088878164433769
-25.0,5.320044703406708
-5.148045700316514,5.148045700316514
-5.320044703406708,5.641731020971152
-5.610366605008618,5.610366605008618
-5.597741946787512,5.597741946787512
-5.610366605008618,5.610366605008618
-5.610366605008618,5.610366605008618
4.476777616305048,-4.476777616305048
4.576895883212906,-4.576895883212906
4.523722353349388,-4.523722353349388
16.390212359948425,-4.226399584311231
24.99999999997633,-3.985845360224044
4.76804326459281,-4.76804326459281
-5.126025601758569,5.126025601758569
-5.179012943165134,5.179012943165134
24.999999999972037,-4.6529705932815055
4.989793716822479,-4.989793716822479
5.000370483471968,-5.000370483471968
4.704909283429677,-4.704909283429677
24.99999999997265,-4.478311619846139
4.771353790029508,-4.771353790029508
5.048739483318574,-5.048739483318574
-4.982155808736513,4.982155808736513
5.096486881956569,-5.096486881956569
20.0,5.0
-5.0,5.0
-5.0,5.0
-5.0,5.0
-5.0,5.0
-5.0,5.0
-25.0,5.0
-25.0,5.0
-25.0,0.0
-25.0,0.0
5.0,-5.0
-5.000000000000007,5.000000000000007
-5.0,5.0
-5.0,5.0
0.0,-5.0
5.0,-5.0
5.0,-5.0
5.0,-5.0
0.0,0.0
0.0,0.0
0.0,0.0
0.0,0.0
0.0,0.0
0.0,0.0
0.0,0.0
0.0,0.0
5.0,-5.0
5.0,-5.0
10.54016620498615,-5.000000000000001
-5.0,5.0
-5.0,5.0
-5.0,5.0
5.0,-5.0
5.0,-5.0
5.0,-5.0
5.206560096856696,-5.0
4.952822098401533,-4.952822098401533
-5.048675569791588,5.048675569791588
-5.068064243128496,5.068064243128496
-5.186420487413168,5.186420487413168
-5.186420487413168,5.186420487413168
19.258363662054418,5.258067930839584
-5.102993458486312,5.102993458486312
20.06788115566809,4.93211884433191
19.960283793116577,5.039716206883423
20.126842937527222,4.873157062472778
-4.9360306953698325,4.9360306953698325
-4.644511957010083,4.644511957010083
-5.418177380871954,5.418177380871954
-5.177175673340772,5.177175673340772
-4.795339754676574,4.795339754676574
-4.9727981820129905,4.9727981820129905
0.0,0.0
-5.093673621708074,5.093673621708074
-4.884048771630807,4.884048771630807
-5.099639857245586,5.099639857245586
-5.305373684146215,5.305373684146215
0.0,0.0
-5.0801784298892745,5.0801784298892745
0.0,0.0
0.0,0.0
0.0,0.0
-4.816738173132494,4.816738173132494
-5.10874920639537,5.10874920639537
-25.0,5.220649100170753
-5.235891307748341,5.235891307748341
-15.539447287636854,4.969940346985606
-25.0,5.213128348804521
-25.0,5.135729491675974
-25.0,5.277380407430336
-5.151287272909411,5.151287272909411
4.75918448092577,-4.75918448092577
4.945866495075384,-4.945866495075384
4.934248335361588,-4.934248335361588
4.868498564165112,-4.868498564165112
4.85872524804342,-4.85872524804342
4.736223972873388,-4.736223972873388
4.6494443732510256,-4.6494443732510256
4.774073877156113,-4.774073877156113
4.6511320611625155,-4.6511320611625155
4.8224576300711295,-4.8224576300711295
4.810155937818761,-4.810155937818761
4.805491128037977,-4.805491128037977
4.84445058929467,-4.84445058929467
5.129823846280386,-5.129823846280386
-5.2773804074303365,5.2773804074303365
4.875721414000221,-4.875721414000221
4.679737550770752,-4.679737550770752
5.823493241826062,-5.823493241826062
-4.930874852980545,4.930874852980545
5.171667650751555,-5.171667650751555
25.0,-4.969669584788882
4.828686738463965,-4.828686738463965
4.877184097895088,-4.877184097895088
-4.900290440423178,4.900290440423178
-4.9375366325789045,4.9375366325789045
-5.0,5.0
25.0,-5.0
25.0,-5.0
5.0,-5.0
-5.0,5.0
-5.0,5.0
-19.454753607158377,5.0
-25.0,5.0
-25.0,5.0
-5.000000000000001,0.0
19.861495844875343,5.0
25.0,0.0
-25.0,5.0
-25.0,5.0
-5.0,5.0
-5.000000000000001,0.0
0.0,5.0
-4.5125,5.0
19.373995844875346,5.0
-5.0,5.0
-25.0,5.0
-5.0,5.0
5.0,-5.0
25.0,-5.0
-25.0,0.0
5.0,-5.0
7.700831024930746,-5.0
25.0,0.0
-25.0,5.0
-5.0,5.0
-5.0,0.0
5.0,-5.0
5.0,-5.0
12.700831024930746,-5.0
25.0,-5.0
-20.0,-5.0
0.0,0.0
25.0,-4.9795110278389565
25.0,-2.1461943333633826e-11
25.0,-4.81887106767336
-20.380127718465076,-4.619872281534924
24.99999999995072,-4.771874486561661
25.0,-5.005173514514013
-10.6108244780945,-5.345813816996159
24.999999999966768,-4.780095338083399
24.999999999972776,-7.105427357601002e-15
-24.99999999997316,4.765269372157881
-7.147275126229763,4.819505754094303
19.490106816326296,5.5098931836191305
-4.902278830581986,4.902278830581986
-4.865063860494834,4.865063860494834
-24.999999999983437,5.042538066514037
-5.1919180122474895,5.1919180122474895
-24.999999999981732,4.943432159894154
19.916446825435052,5.083553174564948
-10.007818665547394,4.896848439112109
19.859113403631532,5.140886596359888
-4.98999063478373,4.98999063478373
-4.8549364707312765,4.8549364707312765
-24.999999999979167,4.933456245485402
17.127461591735596,5.106935920168851
-4.896476062198204,4.896476062198204
-24.999999999999996,4.98555682491903
-24.999999999956902,1.3091749906379846e-11
-25.0,5.106022018861509
-25.000000000000004,4.982977325856108
-10.074556169692848,5.125728331374756
-5.125728331374755,5.125728331374755
-5.067608500029436,5.067608500029436
-5.008168308508036,5.008168308508036
-5.125728331374754,5.147779356150982
-5.034918461044498,5.099167127909122
-5.203613803080625,5.203613803080625
-5.007571243151169,5.007571243151169
-5.060948002449054,5.060948002449054
-5.203613803080625,5.203613803080625
-5.065229074664323,5.065229074664323
-5.203613803080625,5.203613803080625
-5.203613803080625,5.203613803080625
-5.203613803080625,5.203613803080625
-5.203613803080625,5.203613803080625
-5.00397370347447,5.00397370347447
-5.203613803080625,5.203613803080625
-5.107674993670855,5.107674993670855
-4.898546856527897,4.898546856527897
4.627179389536143,-4.627179389536143
-5.150941404182597,5.150941404182597
-5.203613803080625,5.203613803080625
-4.82229479406471,4.618680990984085
-4.250017116715094,4.250017116715094
-4.776387032053498,4.776387032053498
4.759737050397163,-4.759737050397163
4.698051710101215,-4.698051710101215
4.798538645932518,-4.798538645932518
5.053009826029545,-5.053009826029545
5.038919186168866,-5.038919186168866
-5.0,5.0
-5.0,5.0
-5.0,5.0
-5.0,5.0
-5.0,5.0
-5.0,5.0
-5.0,5.0
5.0,-5.0
-5.0,0.0
0.0,0.0
5.0,-5.0
5.0,-5.0
0.0,0.0
5.0,-5.0
0.0,0.0
0.0,0.0
0.0,0.0
0.0,0.0
25.0,-5.0
25.0,0.0
-25.0,5.0
-15.6125,-5.0
25.0,-5.0
25.0,-5.0
-1.7125000000000092,-5.0
-25.0,0.0
25.0,0.0
25.0,-5.0
-25.0,5.0
-25.0,5.0
25.0,-5.0
25.0,-5.0
-11.100000000000001,-5.0
-20.0,-5.0
12.700831024930746,-5.0
25.0,-5.0
-20.027934880797037,-4.972065119202963
25.0,-4.975476477818965
-13.121272572981386,-4.950859905786999
24.999999999962522,-4.8005299354242865
24.999999999957925,3.128164394183841e-11
19.70349693351769,5.296503066467086
-21.142241115014002,5.095288412105063
-25.0,5.004430969701801
20.415780283382112,4.584219716617888
25.0,-1.6765255850259564e-11
20.048801572435366,4.951198427564634
-5.223640738428218,5.223640738428218
0.0,0.0
-4.867849744728682,4.867849744728682
-4.934033114128299,4.934033114128299
-25.0,5.142230308986498
16.90118469262425,5.101884217086003
-5.146491184487795,5.146491184487795
-4.8141681412792465,4.8141681412792465
-25.0,5.14844142968095
16.602697358889504,5.39348942262745
-4.971198854725136,4.971198854725136
0.0,0.0
0.0,-5.0163303055429544
0.31193276666875747,5.24632795969463
0.0,0.0
0.0,-4.927497583715631
-20.152997682124123,-4.8470023178758765
-5.18452727722747,5.18452727722747
4.9001234625125285,-4.9001234625125285
-4.990022823296627,4.990022823296627
5.026624318196804,-5.026624318196804
4.764871118204198,-4.764871118204198
4.911332007621029,-4.911332007621029
-5.112822631145091,5.112822631145091
12.124686846851766,-4.5268263358283365
4.635489706189315,-4.635489706189315
4.815744116116562,-4.815744116116562
24.999999999986027,-4.757390760265913
-5.0670366805650335,5.0670366805650335
5.320192391877653,-5.320192391877653
5.320192391877647,-4.602190374023953
4.552604916627461,-4.552604916627461
4.404105421393837,-4.404105421393837
4.602190374023962,-4.681342558384408
4.465316612271867,-4.465316612271867
4.5343641281719815,-4.5343641281719815
-5.371613225656571,5.371613225656571
4.689893625392876,-4.79748944242023
-5.286928403961744,5.286928403961744
-5.056885938350943,5.056885938350943
-5.113570540709455,5.113570540709455
-22.97542337409223,4.753148188036658
-4.8185716560729865,4.8185716560729865
-5.028084161928771,5.028084161928771
-5.253094805597035,5.253094805597035
-5.087050046245427,5.087050046245427
-4.922137091810526,4.922137091810526
-4.817287862994278,4.817287862994278
4.967892786766326,-4.967892786766326
25.0,-5.0
5.0,-5.0
5.0,-5.0
5.0,-5.0
5.0,-5.0
5.0,-5.0
-25.0,5.0
-25.0,4.512499999999992
-25.0,0.0
-25.0,0.0
0.0,0.0
0.0,0.0
0.0,0.0
5.0,-5.0
0.0,0.0
0.0,0.0
5.0,-5.0
20.4016620498615,-5.0
25.0,-5.0
25.0,-5.0
-25.0,0.0
-20.0,-5.0
25.0,-5.0
25.0,-5.0
-20.0,-5.0
5.0,-5.0
25.0,-5.0
25.0,-5.0
25.0,-5.0
-5.862500000000004,-5.000000000000002
25.0,-5.0
25.0,-5.0
5.0,-5.0
5.0,-5.0
5.0,-5.0
-23.05,5.0
4.932971800476966,-4.932971800476966
25.0,-4.944114578063253
4.944114578063258,2.6645352591003757e-15
0.0,0.0
0.0,-2.702017730935014
2.9939254636398998,-2.9939254636398998
-5.121212787933191,5.121212787933191
2.993925463639909,-2.993925463639909
-25.0,5.000066270467727
24.99999999999998,-5.048334523424707
5.202851377128091,-5.202851377128091
-19.889919703924228,-5.110080296075743
24.99999999999119,-4.827312415192736
4.978399614404337,-4.978399614404337
12.730994817260385,-4.9274357312790835
4.92743573127906,-4.866369704282743
4.8663697042827065,-4.8109246752444115
4.810924675244427,-4.745075813919986
4.745075813919979,-4.745075813919997
4.7382430131235225,-4.7382430131235225
4.7450758139199944,-1.7763568394002505e-15
0.0,0.0
0.0,0.0
-17.765102073935324,-4.797397926060032
24.99999999999484,-4.651895749409675
4.651895749409684,-4.633047166093029
2.80948094280987,-4.556600079110529
-20.550243062403506,-4.449756937596494
-25.0,5.504287964343913
-25.0,5.567535236449494
-25.0,5.7053146945938735
-5.68826235652633,5.68826235652633
-5.609463614660431,5.609463614660431
-5.848693691687668,5.848693691687668
-5.84869369168767,5.84869369168767
-5.8486936916876715,5.8486936916876715
-5.84869369168767,0.0
0.0,0.0
0.0,0.0
0.0,0.0
0.0,0.0
3.951515995645993,-3.951515995645993
3.9106182809950614,-3.9106182809950614
3.934721165681623,-3.934721165681623
3.9534883309950573,-3.9534883309950573
4.028669336470285,-4.028669336470285
3.9619166721955157,-3.9619166721955157
4.179198601458344,-4.179198601458344
0.0,0.0
4.515941569290735,-4.515941569290735
4.255119311582886,-4.255119311582886
25.0,-4.87546895507554
4.592525615239874,-4.592525615239874
-5.378319796990708,5.378319796990708
-5.854886509110082,5.854886509110082
-5.266077190225072,5.266077190225072
-5.090817522335799,5.090817522335799
-4.9494951187571825,4.9494951187571825
19.94801669562623,5.0519833043737705
-5.0799721433351195,5.0799721433351195
-5.0,5.0
-5.0,5.0
-5.0,5.0
5.0,-5.0
-5.0,5.0
5.0,-5.0
-5.0,5.0
-5.0,5.0
-25.0,5.0
-20.724889268044326,0.0
0.0,0.0
0.0,5.0
-4.5125,0.0
0.0,0.0
5.0,-5.0
5.0,-5.0
5.0,-5.0
5.0,-5.0
0.0,0.0
25.0,-5.0
5.0,-5.0
5.0,-5.0
5.0,-5.0
25.0,-5.0
5.0,-5.0
5.0,-5.0
5.0,-5.0
5.0,-5.0
5.0,-5.0
25.0,-5.0
25.0,-5.0
5.0,-5.0
-5.0,5.0
-5.0,5.0
5.0,-5.0
5.0,-5.0
-12.95958830100827,-4.917859396603184
4.917765965228637,-4.917765965228637
25.0,-4.928035792120266
25.0,-4.798215380168806
4.626503115191655,-4.626503115191655
4.765982119223494,-4.806340336745871
4.842933626730998,-4.842933626730998
4.842933626730996,-4.842933626730996
-4.923086495154152,4.923086495154152
-4.959340859032895,4.959340859032895
4.842933626730996,-4.842933626730996
4.842933626730991,-4.972850662700886
4.986886021157472,-4.986886021157472
4.943117848532925,-4.943117848532925
-5.088417426896227,5.088417426896227
-23.329356621179627,5.2675212552742465
19.884507615726413,5.115492384273587
-5.046377966758431,5.046377966758431
0.0,0.0
-25.0,2.437500000025029
24.99999999997226,7.105427357601002e-15
0.0,0.0
0.0,0.0
-25.0,2.437500000030873
19.4821638274289,5.517836172536889
-5.21959129727634,5.21959129727634
-25.0,5.116508531445426
-25.0,4.865255098130277
-25.0,5.323536210335039
-4.976584434735882,4.976584434735882
-25.0,5.408887523591019
-5.282139258160555,5.282139258160555
-15.71418736350176,5.562300500646241
-5.562300500646242,5.327158995904209
-5.327158995904208,5.327158995904208
-5.327158995904208,5.327158995904208
-5.327158995904208,5.327158995904208
-5.327158995904208,5.327158995904208
-5.327158995904208,5.327158995904208
-5.327158995904208,5.327158995904208
-5.327158995904208,0.0
0.0,0.0
3.899290449044649,-3.899290449044649
4.271637699024732,-4.271637699024732
4.845883293692232,-4.845883293692232
4.394604760910795,-4.394604760910795
4.092270051070422,-4.092270051070422
4.276118844937809,-4.276118844937809
5.030825865850801,-5.030825865850801
4.3682259590182415,-4.3682259590182415
4.346506286580668,-4.346506286580668
4.6480842507943105,-4.6480842507943105
5.035746290292823,-5.035746290292823
25.0,-4.9496275019058125
24.999999999960004,-4.670385209905966
24.999999999995875,-4.467098656706455
4.676922318186909,-4.676922318186909
24.388945891666847,-5.038676628367636
5.12986534421613,-5.12986534421613
5.018591331617067,-5.018591331617067
20.0,5.0
0.0,0.0
-5.0,5.0
-5.0,5.0
-5.0,5.0
-5.0,5.0
-25.0,5.0
-25.0,0.0
-25.0,0.0
-25.0,5.0
-5.000000000000011,0.0
0.0,5.0
-4.5125,0.0
5.0,-5.0
5.0,-5.0
5.0,-5.0
5.0,-5.0
20.263157894736842,-5.0
4.999999999999998,-4.999999999999998
4.999999999999998,-4.999999999999998
-5.0,5.0
-5.0,5.0
4.999999999999998,-4.999999999999998
-5.0,5.0
5.0,-5.0
-5.0,5.0
-5.0,5.0
20.0,5.0
25.0,-5.0
25.0,-5.0
25.0,-5.0
5.0,-5.0
4.999999999999998,-4.999999999999998
5.0,-5.0
4.999999999999998,-4.999999999999998
-5.0,5.0
4.965047125978884,-4.965047125978884
4.96572183724761,-4.96572183724761
-20.05555614548106,-4.944443854518941
4.8127646225140115,-4.8127646225140115
-25.0,5.347861258875319
-23.747974306143036,5.225113047319589
-5.068858487280261,5.068858487280261
-5.039825710942005,5.039825710942005
-5.031629947525906,5.031629947525906
-5.006000317492343,5.006000317492343
-4.927490009947892,4.927490009947892
-4.969147625962108,4.969147625962108
19.988401405852866,5.011598594147134
24.999999999966924,3.3075764349632664e-11
24.999999999942514,3.552713678800501e-15
-5.224616492172105,5.224616492172105
-5.21976801852362,5.21976801852362
-4.845283072598804,4.845283072598804
0.0,0.0
-25.0,2.437500000019046
24.999999999978897,-3.552713678800501e-15
-5.4804571041486945,5.4804571041486945
-5.3812672549363505,5.3812672549363505
-20.30075936615037,-4.69924063384963
19.663709564790096,5.336290435209904
-5.314715295506701,5.314715295506701
-5.161567400322397,5.161567400322397
-25.0,0.0
-25.0,5.210324792445945
-8.141517068343974,5.299919940225804
-25.0,5.372662192488619
-5.417121471419479,5.417121471419479
-25.0,5.638555718845989
-5.609655483443184,5.609655483443184
-5.7186546241739915,5.7186546241739915
-5.942445575662397,5.942445575662397
4.105703390452669,-4.105703390452669
24.999999999974,-4.139291156939475
24.999999999950653,-4.094939804198916
5.4311508663228985,5.887068710533727
4.034848268651839,-4.034848268651839
25.0,-4.095833508792289
23.263904887412153,-4.113495535162933
-5.62415924866608,5.62415924866608
4.550534122297766,-4.550534122297766
4.32304590985742,-4.32304590985742
4.086750667829591,-4.086750667829591
4.078089433271114,-4.078089433271114
4.295276690437188,-4.295276690437188
4.340204911820644,-4.340204911820644
4.1403085664059365,-4.1403085664059365
4.587507994111849,-4.587507994111849
-4.744067240515902,4.744067240515902
5.139161039609695,-5.139161039609695
4.976029340675243,-4.976029340675243
4.754661679290118,-4.754661679290118
4.82496123366982,-4.82496123366982
5.131719497231081,-5.131719497231081
-4.874550635737015,4.874550635737015
-4.973547787785755,4.973547787785755
4.999999999999998,-4.999999999999998
4.999999999999998,-4.999999999999998
-5.0,5.0
-5.0,5.0
-5.0,5.0
-5.0,5.0
-25.0,5.0
-25.0,5.0
-20.0,-5.0
-25.0,0.0
0.0,0.0
0.0,0.0
0.0,0.0
0.0,0.0
4.999999999999999,-4.999999999999999
5.0,-5.0
0.0,5.0
-4.5125,4.5125
-4.5125,4.5125
-4.5125,4.5125
5.0,-5.0
-4.5125,5.0
-4.952468749999996,5.0
25.0,0.0
25.0,-5.0
25.0,0.0
-5.0,5.0
-5.0,5.0
25.0,-0.2718733552631569
5.0,-5.0
5.0,0.0
0.0,0.0
0.0,0.0
-5.0,5.0
-5.0,5.0
-9.5125,4.999999999999999
5.0,-5.0
5.0,-5.0
5.0,-4.987068485598742
4.987068485598749,-4.795041350199938
4.795041350199936,-4.626040997019369
-5.179987276827573,5.179987276827573
4.626040997019375,0.0
-24.999999999972665,4.9379052028855845
22.22946791921007,-5.049921227766323
5.049921227766324,-5.049921227766324
4.872012161249353,-4.872012161249353
-24.999999999997822,5.046898032143272
-5.157852467245728,5.157852467245728
19.84437926964845,5.155620730351551
-5.108980837458764,5.108980837458764
-25.0,5.305792765961183
15.670747977713274,5.294481343840877
-25.0,5.15874364724985
25.0,-4.726781377943027
4.726781377943027,-4.726781377943027
-0.6326696390170561,5.359451016960082
-5.346242366020805,5.346242366020805
-5.486810232988283,5.486810232988283
-25.0,0.0
25.0,-1.8811197171015692
4.581950742032319,-4.581950742032319
4.581950742032311,-4.581950742032311
-12.802108751580601,5.425236763553333
-24.99999999996468,5.29510681082677
-24.999999999992376,5.491430231309934
-5.5922560143542075,5.5922560143542075
-5.56852361313962,5.56852361313962
-24.999999999991378,5.725545490523146
-25.0,5.287069780959566
-5.287069780959565,5.287069780959565
-5.277672151341417,5.488985166624402
-5.47777977725246,5.47777977725246
4.401808676326555,-4.401808676326555
4.21563347346823,-4.21563347346823
-5.47777977725246,5.883507144505469
-5.843948726198301,5.843948726198301
-5.843948726198301,5.843948726198301
-5.843948726198301,5.843948726198301
4.179626519335681,-4.179626519335681
4.047230747760109,-4.047230747760109
4.250361723147282,-4.250361723147282
4.219922119451244,-4.219922119451244
4.4103020257001155,-4.4103020257001155
-5.283551134696831,5.283551134696831
-5.579292879719178,5.579292879719178
-5.591561121164025,5.591561121164025
4.824484875236312,-4.824484875236312
-5.29616713831043,5.29616713831043
-5.154603952032399,5.154603952032399
19.878986654575524,5.121013345382693
-5.2243460455490425,5.2243460455490425
24.99999999994639,5.361044941309956e-11
5.117177863169484,-5.117177863169484
-4.921308829304039,4.921308829304039
23.239305754496762,-4.991603512015427
20.0,5.0
5.0,-5.0
-5.0,5.0
-5.0,5.0
-5.0,5.0
-25.0,5.0
-25.0,5.0
-25.0,0.0
-25.0,0.0
0.0,0.0
0.0,0.0
0.54016620498615,5.0
-5.0,5.0
-5.0,5.0
25.0,-5.0
-23.05,0.0
0.2631578947368416,5.000000000000001
25.0,0.0
20.0,5.0
20.0,5.0
25.0,0.0
-5.0,5.0
-5.0,5.0
-5.0,5.0
-20.0,-5.0
-20.0,-5.0
5.0,-5.0
-13.050000000000008,-5.0
5.0,-5.0
25.0,-5.0
5.0,-5.0
-25.0,5.0
-5.0,5.0
-25.0,5.0
-5.0,5.0
17.160664819944596,5.0
-25.0,5.069519933361054
-5.06951993336105,5.060980363541294
-5.060980363541298,5.097231433620003
19.391055021612992,5.228117328246643
19.601700485347553,5.398299514630047
24.999999999971443,1.1461054327810416e-11
25.0,-4.892044461349094
-0.07123317904053561,4.963277640389632
-4.9092593198494,4.9092593198494
-4.723481739797452,4.723481739797452
0.0,0.0
-4.805758103350827,4.805758103350827
-5.234095693646548,5.234095693646548
-10.793602117724776,5.310321879069953
-25.0,5.188386111891212
-25.0,5.169894126805673
25.0,0.0
19.883726255307906,5.116273744645476
-5.183744654560959,5.183744654560959
-4.916217087813596,4.916217087813596
-4.989968544627821,4.989968544627821
0.0,0.0
-5.221343993360938,5.221343993360938
0.0,-4.793295468533971
4.726968531828083,-4.47917850067876
5.063340681907713,-5.063340681907713
4.823244670768823,-4.823244670768823
-20.094738998370225,-4.905261001629771
-25.0,5.232240751697457
-24.999999999988738,5.18613165369381
-24.999999999999996,5.3419139577571535
-5.319760687116444,5.319760687116444
-5.465017978609861,5.465017978609861
-6.1906213977379885,5.324346603483271
-5.324346603483271,5.284315454091304
-5.095276104732486,5.095276104732486
4.913305605264716,-4.913305605264716
-5.284315454091304,5.284315454091304
-5.284315454091304,5.284315454091304
-5.284315454091304,5.284315454091304
-5.284315454091304,0.0
0.0,0.0
4.53486462799016,-4.53486462799016
3.986737802522791,-3.986737802522791
0.0,0.0
0.0,5.350241315387747
24.9999999999839,-4.586643322294819
25.0,-4.600639645079106
-4.789735517538958,-5.403187001071737
-25.0,5.10524955643632e-11
-5.282690249763673,5.282690249763673
25.0,-4.467199324702673
-24.99999999996414,5.111297779240019
-4.980790400421061,4.980790400421061
-5.0579885527044866,5.0579885527044866
-5.02195130350097,5.02195130350097
-5.091726690038303,5.091726690038303
-5.084932547014669,4.973634767774648
5.014108193645286,-5.014108193645286
4.998294462453602,-4.998294462453602
5.0,-5.0
-5.0,5.0
-5.0,5.0
-5.0,5.0
25.0,-5.0
-5.0,5.0
-5.0,5.0
-23.05,0.0
5.0,-5.0
5.0,-5.0
5.0,-5.0
5.0,-5.0
0.0,0.0
5.0,-5.0
5.0,-5.0
0.0,0.0
0.0,5.0
-4.5125,4.5125
-4.5125,5.0
19.775657894736845,5.0
-5.0,5.0
-5.0,5.0
-5.0,5.0
20.0,5.0
20.0,5.0
25.0,0.0
0.0,0.0
0.0,0.0
-10.000000000000005,-5.0
-20.0,-5.0
-25.0,0.0
-25.0,0.0
-5.0,5.0
5.0,-5.0
0.0,-5.0
5.0,-5.0
24.9999999999706,-4.927955214824998
7.30379549061182,-4.925551312778203
25.0,-4.900445278609755
4.792903082277954,-4.792903082277954
25.0,-4.634058027406134
25.0,-4.813292582171087
-20.152960128859075,-4.847039871140925
-24.999999999966807,-3.319300390103308e-11
5.22755953208657,-5.22755953208657
5.480154153439082,-5.480154153439082
-25.000000000000004,4.326613785610469
-4.326613785610467,5.428668311487051
-5.3212179952140835,5.420619920968239
19.78373737364557,5.216262626354428
24.99999999999831,1.6910917111090384e-12
-25.0,5.191228168235803
19.99648640291576,5.00351359708424
19.802473612740734,5.197526387259266
15.821038459014826,5.395408741602331
0.0,0.0
-4.858149641695146,4.858149641695146
0.0,0.0
0.0,0.0
-17.580764140904012,-4.9817358590939875
24.999999999997783,0.0
-5.0188580505263225,5.0188580505263225
-24.999999999950873,-4.977351863999502e-12
-25.000000000000004,3.552713678800501e-15
-19.98965549556122,-5.010344504438784
-14.992503232275768,-5.007496767768389
4.285878275818646,-4.285878275818646
4.740503782794036,-4.740503782794036
4.874083586726355,-4.874083586726355
5.018372698243624,-5.018372698243624
5.755959217179406,-5.755959217179406
0.0,0.0
4.717388012502978,-4.717388012502978
4.471588323108241,-4.471588323108241
4.750202623532948,-4.750202623532948
4.617922351915421,-4.617922351915421
4.786709446336371,-4.786709446336371
0.0,0.0
4.807582119081644,-4.807582119081644
4.596283466333743,-4.596283466333743
4.983403981438816,-4.983403981438816
4.7276359514030695,-4.7276359514030695
4.643761522856471,-4.643761522856471
4.7574961618669676,-4.7574961618669676
0.0,0.0
0.0,0.0
4.821300737048781,-4.821300737048781
4.877009585663403,-4.877009585663403
5.638429489383648,-5.638429489383648
4.806718709559236,-4.806718709559236
5.123874967293947,-5.123874967293947
4.87392516875112,-4.87392516875112
5.004658813881322,-5.004658813881322
5.027179806724516,-5.027179806724516
0.0,0.0
5.033512719126771,-5.033512719126771
0.0,0.0
0.0,0.0
5.0,-5.0
5.0,-5.0
5.0,-5.0
5.0,-5.0
5.0,-5.0
5.0,-5.0
5.0,-5.0
5.0,-5.0
5.0,-5.0
5.0,-5.0
5.0,-5.0
5.0,-5.0
0.0,5.0
-4.5125,0.0
25.0,0.0
25.0,-5.0
25.0,-5.0
25.0,-5.0
-25.0,0.0
-20.0,-5.0
-20.0,-5.0
3.2874999999999988,-5.0
0.0,0.0
5.0,-5.0
5.0,-5.0
25.0,-5.0
25.0,-5.0
-20.0,-5.0
12.963988919667589,-4.999999999999999
25.0,-5.0
25.0,-5.0
25.0,-5.0
25.0,-5.0
5.0,-5.0
4.919414253276109,-4.919414253276109
-25.0,5.061084574344882
-24.999999999987374,5.093697454915347
19.791748556058025,5.208251443941975
18.867193309327664,5.28263269701819
-5.109072984966272,5.109072984966272
-5.158003942600535,5.158003942600535
-5.150914895995506,5.150914895995506
-4.899297290681507,4.899297290681507
-4.934616925391621,4.934616925391621
-5.323856833169387,5.323856833169387
-4.76588095390292,4.76588095390292
0.0,0.0
-5.20166040215091,5.20166040215091
0.0,0.0
-5.274838146058801,5.274838146058801
0.0,0.0
-5.09417917070475,5.09417917070475
0.0,0.0
-25.0,5.456782137339474
21.654535027878694,-4.992979117304635
4.992979117304636,-4.83642933811026
4.418666621022096,-4.418666621022096
-20.127275904580554,-4.872724095416952
4.701621321509366,-4.701621321509366
4.927010337990998,-4.927010337990998
4.978385729163481,-4.978385729163481
-24.99999999997926,-2.0740742456837324e-11
-21.388723773180892,5.753601250822889
-4.973822534099881,4.973822534099881
-5.258098857057856,5.258098857057856
-5.2177407733584324,5.2177407733584324
4.223474216521495,-4.223474216521495
-5.1547446978829115,5.1547446978829115
4.491145053708616,-4.491145053708616
4.640887277998983,-4.640887277998983
-5.156496131672881,5.156496131672881
-5.331435650088295,5.331435650088295
-5.803598216266616,5.803598216266616
4.41141663185258,-4.41141663185258
4.850801824692319,-4.850801824692319
4.832788880416366,-4.832788880416366
4.4419767846851546,-4.4419767846851546
4.580349521302535,-4.580349521302535
-19.99895860693569,-5.001041393064309
5.004944408039868,-5.004944408039868
4.576668039033381,-4.576668039033381
5.242252641502975,-5.242252641502975
4.1167320585773375,-4.1167320585773375
4.914658785101006,-4.914658785101006
5.210672554614692,-5.210672554614692
0.9448295374206666,4.532963927860973
-4.943708602416679,4.943708602416679
-4.943708602416679,4.943708602416679
-4.943708602416679,4.943708602416679
4.951508952041994,-4.951508952041994
4.759364200122776,-4.759364200122776
4.981365296728607,-4.981365296728607
-4.943708602416679,4.943708602416679
19.92408848094673,5.075911519041814
-5.0,5.0
-5.0,5.0
-5.0,5.0
-5.0,5.0
-5.0,5.0
-5.0,5.0
-7.506208602406339,5.0
-5.0,5.0
-25.0,5.0
-5.000000000000001,0.0
0.0,0.0
5.0,-5.0
0.0,0.0
5.0,-5.0
5.0,-5.0
0.0,0.0
0.0,5.0
0.2631578947368425,5.0
25.0,0.0
25.0,-5.0
25.0,0.0
25.0,-5.0
5.0,-5.0
-5.0,5.0
-5.0,5.0
5.0,-5.0
5.0,-5.0
5.0,-5.0
-5.0,5.0
-5.0,5.0
5.0,-5.0
-5.0,5.0
5.0,-5.0
-5.0,5.0
5.0,-5.0
-5.0,5.0
4.958595488850291,-4.958595488850291
4.951612267898416,-4.951612267898416
4.972748729402238,-4.972748729402238
-5.1575880263838005,5.1575880263838005
4.71840790711198,-4.71840790711198
4.8319982106216335,-4.8319982106216335
-5.092907092509073,5.092349159074468
5.000618208791812,-5.000618208791812
5.0006182087918045,-5.0006182087918045
5.000618208791805,-5.000618208791805
4.975479295793096,-4.975479295793096
5.000618208791805,-5.000618208791805
4.95921273612862,-4.95921273612862
4.901142765420921,-4.901142765420921
4.895146865959761,-4.895146865959761
5.000618208791806,-5.04290539424945
5.047473815947093,-4.894777644782414
4.89477764478241,-4.795136525242205
4.79513652524221,-4.79513652524221
-13.707077697615496,-4.652658806509521
24.99999999998432,-4.821666802489567
4.960001670268243,-4.960001670268243
4.888154384893422,-4.888154384893422
-20.17616457534743,-4.823835424652572
4.792950862101783,-4.792950862101783
-5.374237536178626,5.374237536178626
-25.0,5.234716111453949
-24.999999999960117,5.393073496549036
-5.804842838765293,5.804842838765293
-5.2863073550070325,5.2863073550070325
-5.458409866256348,5.458409866256348
-5.176642985009694,5.176642985009694
-5.268520361468671,5.268520361468671
-24.99999999998527,5.30787239635324
-5.552327110826745,5.552327110826745
-5.845784102580723,5.845784102580723
-6.459260496993753,5.928493433189928
-5.928493433189929,0.0
0.0,0.0
0.0,0.0
0.0,0.0
4.074048828181606,-4.074048828181606
4.068381125322528,-4.068381125322528
4.052267934454795,-4.052267934454795
3.9934569968031663,-3.9934569968031663
4.1446590648254915,-4.1446590648254915
4.076892146820823,-4.076892146820823
3.9832343037955393,-3.9832343037955393
4.147412129399138,-4.147412129399138
0.0,0.0
0.0,5.369966562320343
4.96859284782479,-4.112877010797467
-5.536583772283666,5.536583772283666
-5.618678365411269,5.618678365411269
-5.5837913821833265,5.5837913821833265
4.496116916656543,-4.496116916656543
-5.171290855806468,5.171290855806468
4.908485059884772,-4.908485059884772
-4.897701040236802,4.897701040236802
4.948807128740722,-4.948807128740722
-5.0,5.0
-5.0,5.0
-5.0,5.0
-5.0,5.0
-5.0,5.0
5.0,-5.0
-5.0,5.0
5.0,-5.0
-5.0,5.0
-5.618678365411269,5.0
-5.0,5.0
-5.0,5.0
-5.0,0.0
0.0,0.0
0.0,0.0
0.0,0.0
0.0,5.0
5.0,-5.0
-4.5125,5.0
-4.95246875,5.0
-4.995365703125,4.995365703125
-4.99486504501385,5.0
-5.0,5.0
-5.0,5.0
-5.0,5.0
-5.0,5.0
-5.0,5.0
-5.0,5.0
-5.0,5.0
-5.0,5.0
-5.0,5.0
-5.0,5.0
-5.0,5.0
-5.0,5.0
-5.0,5.0
-5.0,5.0
-4.835725510964909,5.043289018405727
-5.036862935346955,5.036862935346955
-5.064169723486662,5.064169723486662
-5.187326065465339,5.187326065465339
19.60738061393258,5.392619386058268
19.28948943652891,5.2259387457901205
19.98720790628644,5.012792093713561
19.953642861102857,5.046357138897143
-5.065738410544867,5.065738410544867
-5.076890152395316,5.076890152395316
-4.9739557061826485,4.9739557061826485
-4.971426698904661,4.971426698904661
-4.6019871445895895,4.6019871445895895
-5.070982613557792,5.070982613557792
-5.155088673167786,5.155088673167786
-25.0,5.257810422736409
16.639965567388813,5.235036734288293
-5.223895721942144,5.223895721942144
-5.232958997338171,5.232958997338171
-5.245268894505596,5.245268894505596
-5.225131508378457,5.225131508378457
0.0,0.0
-5.234145554284172,5.234145554284172
-5.227085540455484,5.227085540455484
-5.193354503528921,5.193354503528921
-5.298321875232579,5.298321875232579
0.0,-4.603933602898875
-20.48836411766969,-4.51163588233031
-5.70750477576548,5.70750477576548
-5.4488164271184925,5.4488164271184925
-5.370773799732014,5.370773799732014
-5.322778833561001,5.322778833561001
-5.467364584314769,5.467364584314769
-5.490549149662801,5.490549149662801
4.29350632222787,-4.29350632222787
25.0,-4.228715263797866
4.270841822264675,-4.270841822264675
3.8721012540038746,-3.8721012540038746
3.772224085369089,-3.772224085369089
11.43943359788732,-3.579010958837986
3.815829421987212,-3.815829421987212
4.0111632034856335,-4.0111632034856335
4.170435121035373,-4.170435121035373
4.170435121035368,-4.170435121035368
-20.438168340822777,-4.561831659177223
4.494458577095049,-4.494458577095049
-25.0,5.789045221553408
-5.743268738183028,5.743268738183028
-7.813307722132816,5.788080197313818
-5.651723976357323,5.651723976357323
-5.588263376460388,5.588263376460388
4.591369984512149,-4.591369984512149
-5.252158498560127,5.252158498560127
-5.257395127805311,5.257395127805311
4.708758650883742,-4.708758650883742
4.703429558557394,-4.703429558557394
4.867185777756774,-4.867185777756774
-4.962520263615589,4.962520263615589
-4.932134070760803,4.932134070760803
-5.007391780357757,5.007391780357757
-5.0,5.0
5.0,-5.0
5.0,-5.0
5.0,-5.0
-5.0,5.0
5.0,-5.0
-5.0,5.0
-5.0,5.0
-25.0,5.0
-25.0,5.0
-5.0,5.0
-5.0,5.0
-5.0,0.0
0.0,0.0
0.0,0.0
0.0,0.0
0.0,5.0
-4.5125,5.0
-4.95246875,4.95246875
25.0,-5.0
19.775657894736845,-5.0
25.0,-5.0
25.0,-5.0
25.0,-5.0
5.0,-5.0
5.0,-5.0
5.0,-5.0
5.0,-5.0
5.0,-5.0
5.0,-5.0
5.0,-5.0
5.0,-5.0
5.0,-5.0
5.0,-5.0
5.0,-5.0
5.0,-5.0
4.996471620262323,-4.9527252234527355
4.956253603190418,-4.956253603190418
4.91466031612632,-4.91466031612632
4.956253603190413,-4.8232832496482505
4.668623164951814,-4.668623164951814
-5.187988173511181,5.187988173511181
-5.029697058883823,5.029697058883823
-5.090670622799001,5.090670622799001
4.823283249648249,-4.823283249648249
-4.9934815105647505,4.9934815105647505
-5.020822812107648,5.020822812107648
-23.11479646716523,4.9053095999727745
25.0,0.0
-5.012574979038337,5.012574979038337
-5.200832968025269,5.200832968025269
-24.99999999997348,5.296992678994137
-5.295106810826773,5.295106810826773
21.831587059256897,0.0
0.0,0.0
-25.0,5.194818765292069
16.766188249703372,5.178610902327584
0.0,0.0
-5.3139162630100945,5.3139162630100945
-24.99999999998945,5.320649342531318
-5.3101117070151584,5.3101117070151584
-5.358947361405347,5.358947361405347
-24.99999999998978,-1.0224709967587842e-11
-24.999999999965517,5.523972186701251
-24.999999999946937,5.570174694507031
-11.364636422387553,5.501466735860609
-5.486668855990464,5.486668855990464
-5.510357076893232,5.510357076893232
-5.551626537310751,5.551626537310751
-5.551626537310751,5.551626537310751
-5.551626537310751,5.551626537310751
4.217769907118342,-4.217769907118342
4.031934261513719,-4.031934261513719
4.059937636586588,-4.059937636586588
6.793431223798008,-4.239375341892497
24.99999999995025,-8.167688747562352e-12
-5.891502520398426,5.891502520398426
4.166842630537168,-4.166842630537168
4.225059658568492,-4.225059658568492
4.225312117493171,-4.225312117493171
-25.0,0.0
4.216734194379841,-4.216734194379841
-5.419161970678209,5.419161970678209
4.3592396835942395,-4.3592396835942395
4.242370767033835,-4.242370767033835
-5.419161970678209,5.419161970678209
4.2992150496622035,-4.2992150496622035
4.612978575022865,-4.612978575022865
4.703486361815447,-4.703486361815447
-5.419161970678209,5.419161970678209
-5.419161970678209,5.419161970678209
-5.343538846511133,5.343538846511133
-5.1896562958560075,5.1896562958560075
-5.0328938200175894,5.0328938200175894
-4.971396246046872,4.971396246046872
-5.046411614799486,5.046411614799486
-5.0,5.0
5.0,-5.0
-5.0,5.0
5.0,-5.0
-5.0,5.0
5.0,-5.0
-5.0,5.0
5.0,-5.0
-5.419161970678209,5.0
-5.0,5.0
-5.000000000000001,5.000000000000001
25.0,-5.0
-23.05,4.999999999999993
-4.999999999999994,4.999999999999994
-5.0,0.0
0.0,0.0
0.0,0.0
25.0,-5.0
25.0,-5.0
25.0,0.0
5.0,-5.0
5.0,-5.0
20.263157894736842,-5.0
25.0,-5.0
5.0,-5.0
5.0,-5.0
5.0,-5.0
5.0,-5.0
5.0,-5.0
5.0,-5.0
5.0,-5.0
5.0,-5.0
5.0,-5.0
5.0,-5.0
5.000000000000001,-5.000000000000001
5.0,-5.0
4.964681268866023,-4.893493128103178
4.928811859237159,-4.928811859237159
4.904377459494292,-4.904377459494292
4.804886202924742,-4.804886202924742
4.843602356892767,-4.6880844345212935
4.773293936865678,-4.773293936865678
4.745030686887212,-4.745030686887212
-19.887217446709204,-5.112782553290796
5.058570470525875,-5.058570470525875
4.522080108044341,-4.522080108044341
-25.0,4.826833374383156
-25.0,0.0
24.999999999991616,-5.401414739420481
19.873481472190996,5.126518527809004
-5.169002315654243,5.169002315654243
4.716072701505391,-4.716072701505391
25.0,-4.687621842988527
17.616531766503943,-3.1330225352973784
-5.249060827554295,5.249060827554295
-25.0,5.265052838138182
19.88449877962826,5.1155012203359504
-5.151416026960998,5.151416026960998
-5.443411281541085,5.443411281541085
-5.28170250422086,5.28170250422086
-5.278352374290343,5.278352374290343
-5.299984317251601,5.299984317251601
-25.0,5.312472197960918
-25.0,5.447011345807027
-17.03196236019204,6.02698270888628
-25.0,5.477698990396561
-25.0,5.402419525940708
-5.275508424503824,5.275508424503824
-5.33455730469197,5.33455730469197
-5.483710037393207,5.483710037393207
-5.634622408799466,5.634622408799466
-5.634622408799465,5.9156091919688585
-5.888212980609843,5.888212980609843
-5.888212980609843,5.888212980609843
-5.888212980609843,5.888212980609843
-5.888212980609843,6.074375911936351
-6.056225026132017,6.056225026132017
4.060242480738141,-4.060242480738141
-5.879728467298641,5.879728467298641
-5.830024354207543,5.830024354207543
-5.869266569459882,5.869266569459882
-5.88760013657018,5.88760013657018
-6.056225026132019,6.056225026132019
-5.970272860635301,5.970272860635301
-5.776234193420498,5.776234193420498
-5.643456577721347,5.643456577721347
-5.420336535825285,5.420336535825285
19.612724222656247,5.387275777343753
-4.978109917788262,4.978109917788262
-5.358805984407531,5.358805984407531
19.49751112106809,5.50248887893191
19.514575766508212,5.485424233491788
-5.292265070055837,5.292265070055837
18.599966581998153,4.95269266882509
-4.927832486257903,4.927832486257903
-5.056372618352996,5.056372618352996
-4.999999999999999,4.999999999999999
-5.0,5.0
-4.999999999999993,4.999999999999993
-5.0,5.0
-15.000000000000002,5.0
-25.0,5.0
-25.0,5.0
-25.0,5.0
-25.0,0.0
5.0,-5.0
5.0,-5.0
0.5401662049861482,5.0
-4.999999999999999,4.999999999999999
25.0,-5.0
7.160664819944598,-5.0
-25.0,0.0
0.0,0.0
0.0,0.0
0.0,5.0
20.0,5.0
5.0,-5.0
-5.0,5.0
-5.0,5.0
-5.0,5.0
-5.0,5.0
-5.0,5.0
-5.0,5.0
-5.0,5.0
25.0,-5.0
5.0,-5.0
5.0,-5.0
25.0,-5.0
5.0,-5.0
25.0,-5.0
-5.0,5.0
-5.0,5.0
4.935598019849825,-4.935598019849825
4.949822255229018,-4.949822255229018
4.938248073662667,-4.938248073662667
4.862136614055678,-4.862136614055678
4.786328233360104,-4.786328233360104
4.6279225654956715,-4.6279225654956715
5.053499517450012,-5.053499517450012
4.878361187631411,-4.878361187631411
14.93354058005356,-4.850686955881592
-4.802990522389016,4.802990522389016
-4.909283934594557,4.909283934594557
5.180304270564873,-5.180304270564873
5.1803042705648705,4.440892098500626e-15
0.0,0.0
0.0,0.0
-5.284636076925649,5.284636076925649
-5.358215230523776,5.358215230523776
-5.289081878589268,5.289081878589268
-5.340444646815518,5.340444646815518
-5.368982603661401,5.368982603661401
-5.229901719760294,5.229901719760294
-5.329081470615648,5.329081470615648
-5.452331917644667,5.452331917644667
-5.438184119505571,5.438184119505571
-5.562080861381769,5.562080861381769
-5.479384153718806,5.479384153718806
-24.999999999997353,5.565210089753183
-25.0,5.604447255827029
-24.99999999994962,5.742635697429392
-17.52378642752141,5.617873021441538
-24.99999999995609,5.737947535198074
-5.74432717222475,5.74432717222475
-5.74432717222475,5.727955210959223
-5.727955210959223,5.727955210959223
-5.727955210959223,5.727955210959223
-5.727955210959223,5.727955210959223
-5.727955210959223,5.727955210959223
-5.727955210959223,5.727955210959223
-5.727955210959223,5.727955210959223
4.1618301495008225,-3.924349521908436
-5.942281477361352,5.942281477361352
3.6215218860176233,-3.6215218860176233
-5.942281477361352,5.942281477361352
-5.942281477361352,5.65930594901279
-5.65930594901279,5.65930594901279
-5.65930594901279,5.65930594901279
-5.5452746707657905,5.5452746707657905
-5.65930594901279,5.65930594901279
-5.636830793243108,5.636830793243108
-5.65930594901279,5.65930594901279
-5.500358441181261,5.500358441181261
-5.408131409111606,5.408131409111606
-5.025028777792825,5.025028777792825
-5.061295133470489,5.061295133470489
-5.171756326948848,5.171756326948848
-5.65930594901279,5.65930594901279
-5.3573696509129265,5.3573696509129265
-5.0849350716039154,5.0849350716039154
5.060370265978604,-5.060370265978604
-5.043093121127974,5.043093121127974
5.0,-5.0
-5.0,5.0
-5.0,5.0
-5.0,5.0
-5.0,5.0
-5.0,5.0
-5.65930594901279,5.0
-5.0,5.0
0.0,-5.000000000000001
5.0,-5.0
5.0,-5.0
0.5401662049861491,5.0
-5.0,5.0
-5.0,5.0
-5.0,0.0
0.0,0.0
0.0,0.0
25.0,-5.0
5.0,-5.0
5.0,-5.0
5.0,-5.0
-5.0,5.0
5.0,-5.0
5.0,-5.0
-5.0,5.0
5.0,-5.0
5.0,-5.0
5.0,-5.0
5.0,-5.0
5.0,-5.0
5.0,-5.0
5.0,-5.0
5.0,-5.0
5.0,-5.0
15.263157894793178,-5.0
5.0,-5.0
4.958955269321216,-4.958955269321216
4.9663763986453215,-4.9663763986453215
-5.049033548657444,5.049033548657444
4.815184766742407,-4.815184766742407
19.540293007677985,5.459706992322015
19.86745401536425,5.132545984635751
4.89415217779652,-4.89415217779652
24.999999999943665,-5.060705326307705
5.0433071195133445,-5.010698578080648
5.028096784875004,-5.028096784875004
-4.682543631718575,4.682543631718575
-4.899917077341598,4.899917077341598
4.623419645000343,-4.538478577496961
4.923209568879933,-4.923209568879933
4.734828506167219,-4.734828506167219
4.943155717371625,-4.943155717371625
4.943155717371628,-4.943155717371628
4.943155717371618,7.105427357601002e-15
0.0,0.0
-5.151215953263188,5.151215953263188
-5.2393468392799,5.2393468392799
-5.150883338629923,5.150883338629923
-5.245839451675373,5.245839451675373
-5.38169201707713,5.38169201707713
0.0,0.0
-5.060092797841694,5.060092797841694
-24.999999999997836,4.885451812104723
-24.999999999984343,4.810518847522989
-15.31237058335197,5.572292193737788
-24.999999999950617,5.295857244980386
-24.999999999958987,5.267707443731197
-5.5194569588333415,5.5194569588333415
-5.222589878154233,4.941038849288182
-5.23790592996729,5.23790592996729
-5.23790592996729,5.23790592996729
-5.23790592996729,5.23790592996729
-5.23790592996729,5.23790592996729
4.539980076951501,-4.539980076951501
-5.23790592996729,5.23790592996729
-5.198527386895622,5.198527386895622
5.085966050737577,-5.085966050737577
-5.23790592996729,5.23790592996729
-5.147737700428404,5.147737700428404
-5.23790592996729,5.23790592996729
4.385877887031899,-4.385877887031899
4.497819436529857,-4.497819436529857
-5.23790592996729,5.23790592996729
-5.23790592996729,5.23790592996729
-5.23790592996729,5.23790592996729
-4.9849868988965635,4.780451620740852
-5.033370651811579,5.033370651811579
-5.033370651811579,4.8166958862626075
-4.816695886262608,4.816695886262608
-4.761411799788763,4.761411799788763
4.858758698850938,-4.858758698850938
4.923085923450079,-4.719978872217512
-5.0,5.0
-5.0,5.0
-4.853189612759314,4.853189612759314
-4.921578664503144,4.921578664503144
-5.0,5.0
-5.0,5.0
-5.0,5.0
5.0,-5.0
5.0,-5.0
5.0,-5.0
5.0,-5.0
5.0,-5.0
5.0,-5.0
-5.0,5.0
-5.0,5.0
-5.0,5.0
-5.0,0.0
0.0,0.0
0.0,0.0
0.0,0.0
0.0,5.0
-4.5125,5.0
25.0,-5.0
25.0,0.0
5.0,-5.0
25.0,-5.0
14.775657894736842,-4.999999999999998
25.0,0.0
0.0,-4.5125
5.0,-5.0
5.0,-5.0
5.0,-5.0
5.0,-5.0
-20.0,-5.0
-14.733148764060175,-5.0
-25.0,0.0
5.0,-5.0
25.0,-5.0
25.0,-5.0
-20.0,-5.0
-25.0,0.0
4.939327372546964,-4.939327372546964
25.0,-4.894017989961046
-24.999999999948482,-5.1517901056286064e-11
25.0,-4.585860344607944
25.0,-4.856091154738031
25.0,-4.7987542616328795
18.667391584219583,-4.96854803601599
-24.999999999992138,4.9794479500890745
-25.0,5.1345826970106145
-4.961137735429308,4.961137735429308
25.0,-2.9100277743054903e-11
25.0,-5.717026851925766e-11
25.0,-2.8599345114344032e-12
2.8608694360867193e-12,-4.225807086567746
4.6823347219584015,-4.6823347219584015
4.682334721958407,0.0
-5.383863794976694,5.383863794976694
-5.3351859274144235,5.3351859274144235
-5.350270348164084,5.350270348164084
-5.355784051079107,5.355784051079107
-5.368038407283093,5.368038407283093
0.0,0.0
0.0,-4.598392129502139
4.6058989956275145,-4.6058989956275145
4.580937119449725,-4.580937119449725
4.525234582308224,-4.525234582308224
-20.545687441107646,-4.4543125588923544
-25.0,5.899179165150649
4.370487359836067,-4.370487359836067
-24.999999999973113,5.602964059644531
4.405975510878404,-4.405975510878404
4.328936407717526,-4.328936407717526
4.196920586823605,-4.196920586823605
4.049153853618861,-4.049153853618861
3.92338639111078,-3.92338639111078
-6.300778199586148,6.300778199586148
3.567116356601666,-3.567116356601666
3.510374319837789,-3.510374319837789
-6.494440071855868,6.494440071855868
-6.423071196143315,6.423071196143315
-6.427841407525154,6.427841407525154
3.7757111742662364,-3.7757111742662364
3.7812905165016755,-3.7812905165016755
3.9292510119311093,-3.9292510119311093
3.902329423350489,-3.902329423350489
3.917087540940001,-3.917087540940001
3.955167182844182,-3.955167182844182
4.15523456918036,-4.15523456918036
4.117669312335211,-4.117669312335211
4.217188620444265,-4.217188620444265
-5.694275296964907,5.694275296964907
-5.170172462770136,5.170172462770136
-5.646001363682129,5.646001363682129
-5.475923888582404,5.475923888582404
-5.439332807612868,5.439332807612868
-5.283921460381975,5.283921460381975
4.997350601372306,-4.997350601372306
5.024521335354216,-5.024521335354216
4.996683103920121,-4.996683103920121
5.0,-5.0
5.0,-5.0
-5.0,5.0
-5.0,5.0
-5.0,5.0
-6.90375109531993,5.0
-25.0,5.0
-5.000000000000001,5.000000000000001
-5.000000000000001,0.0
5.0,-5.0
5.0,-5.0
5.0,-5.0
0.0,0.0
0.0,0.0
0.0,0.0
0.0,0.0
5.0,-5.0
0.0,0.0
0.0,0.0
0.5401662049861491,5.0
-5.0,5.0
-5.0,5.0
-5.0,5.0
-5.0,5.0
-5.0,5.0
-5.0,5.0
-5.0,5.0
-5.0,5.0
-5.0,5.0
-5.0,5.0
-5.0,5.0
-5.0,5.0
-5.0,5.0
-5.0,5.0
-5.0,5.0
-5.0,5.0
-5.0,5.0
-4.999999999999999,4.999999999999999
18.930874186113726,-4.956776542021322
25.0,-4.780905366349586
25.0,-4.622033803290673
24.999999999989008,-4.848166784665967
-5.05331332899306,5.05331332899306
20.167414348993518,4.832585650981997
0.0,0.0
0.0,0.0
0.0,0.0
0.0,0.0
-4.71768906977066,4.71768906977066
-5.00257508103174,5.00257508103174
-5.138902269211899,5.138902269211899
-5.270704762314468,5.270704762314468
0.0,0.0
-5.3330311904922745,5.3330311904922745
-5.352064068823939,5.352064068823939
-25.0,5.341416613675534
16.518596040751838,5.263767822211559
-5.289097026124752,5.289097026124752
-5.390161382852849,5.390161382852849
-17.95888701993547,-4.603612980064529
25.0,-4.524864729983566
4.5248647299835625,-4.5248647299835625
-5.393028053942594,5.393028053942594
-25.0,5.436281841508109
-5.7119101840011535,5.7119101840011535
-5.600997404621264,5.600997404621264
-24.999999999999996,5.539100787762731
-12.639062775054416,5.58517075463305
-24.999999999968036,5.70403346555112
-25.0,5.771948703174047
4.069157436515923,-4.069157436515923
3.9127111654806654,-3.9127111654806654
3.7345685744583665,-3.7345685744583665
3.6335850045861697,-3.6335850045861697
3.5710288387868996,-3.5710288387868996
3.627584687093824,-3.627584687093824
3.585867743232308,-3.585867743232308
-6.313782358796438,6.313782358796438
-6.313782358796438,6.313782358796438
-6.182859053899072,6.182859053899072
-6.313782358796438,0.0
3.9263616195381417,-3.9263616195381417
3.884918593609905,-3.884918593609905
3.8229676980825538,-3.8229676980825538
3.9966569136734904,-3.9966569136734904
0.0,0.0
4.338999420455293,-4.338999420455293
4.533815661158114,-4.533815661158114
4.81664034529918,-4.81664034529918
4.500737230551852,-4.500737230551852
10.070254463100273,-4.461174708038826
4.355050127739166,-4.355050127739166
4.54117105192868,-4.54117105192868
-5.061344678534458,5.061344678534458
-4.939760775981987,4.939760775981987
-5.062194478942956,5.062194478942956
25.0,-5.0
25.0,-5.0
5.0,-5.0
5.0,-5.0
-5.0,5.0
-5.0,5.0
-25.0,5.0
5.0,-5.0
5.0,-5.0
-21.162194478942958,0.0
0.0,0.0
20.0,5.0
-22.5625,0.0
5.0,-5.0
0.0,0.0
5.0,-5.0
25.0,0.0
25.0,0.0
25.0,0.0
25.0,0.0
4.999999999999998,-4.999999999999998
4.999999999999998,-4.999999999999998
4.999999999999998,-4.999999999999998
5.2631578947368425,-5.0
5.0,-5.0
5.0,-5.0
5.0,-5.0
4.999999999999998,-4.999999999999998
4.999999999999998,-4.999999999999998
4.999999999999998,-4.999999999999998
4.999999999999998,-4.999999999999998
4.999999999999998,-4.999999999999998
5.0,-5.0
5.0,-5.0
4.999999999999998,-4.999999999999998
4.999999999999998,-4.999999999999998
4.929748255029158,-4.929748255029158
4.914158423346298,-4.914158423346298
4.9031185277026585,-4.9031185277026585
4.765586237693385,-4.765586237693385
4.594582761008951,-4.594582761008951
4.849968394667219,-4.849968394667219
4.917682436727991,-4.9193633571624265
4.884891668865581,-4.884891668865581
5.00186251571683,-5.00186251571683
4.986279488590927,-4.986279488590927
5.001862515716827,-5.001862515716827
-13.004767390468935,-5.043551689096631
25.0,-5.2441795342456
5.244179534245596,-4.975771516998412
-5.300365530227866,5.300365530227866
-5.271343483393908,5.271343483393908
-0.30053341541277945,5.276304932411192
0.0,0.0
-5.316009147495693,5.316009147495693
-5.334165993358717,5.334165993358717
-5.35153769196598,5.35153769196598
-5.296654384035065,5.296654384035065
-5.321226211174217,5.321226211174217
-5.322792718801859,5.322792718801859
-5.34026792556824,5.34026792556824
0.0,0.0
-17.572402442550207,5.438449201376491
-25.0,5.555307388432595
-25.0,5.920239288647501
-25.0,5.658406564093617
-25.0,5.6025942073198784
-5.581810526345551,5.581810526345551
-5.6025942073198784,0.0
4.201817027667785,-4.201817027667785
3.979235354428601,-3.979235354428601
11.033972286674985,-3.784658949704225
3.526260928820621,-3.526260928820621
-6.542505286616111,6.542505286616111
3.362142431064324,-3.362142431064324
-6.524290183962778,6.524290183962778
-6.542505286616111,6.542505286616111
3.5261523714830094,-3.5261523714830094
3.42670880105136,-3.42670880105136
23.987221211710967,-3.5357035237509784
-25.0,6.410320758152327
3.725640995734352,-3.725640995734352
3.820723338242148,-3.820723338242148
3.924501628410553,-3.924501628410553
-5.9791802426453415,5.9791802426453415
-5.883557006891422,5.883557006891422
-5.7513152352599075,5.7513152352599075
-5.660881923850107,5.660881923850107
-5.335279968363868,5.335279968363868
4.392039778236045,-4.392039778236045
4.482772569045244,-4.482772569045244
4.3432277918700395,-4.3432277918700395
4.482075151265814,-4.482075151265814
-5.152121176294996,5.152121176294996
-4.934094493204361,4.934094493204361
-5.022625763296936,5.022625763296936
17.758647359388,5.0
25.0,-5.0
-5.0,5.0
-5.0,5.0
-5.0,5.0
-5.0,5.0
-25.0,5.0
-25.0,0.0
0.0,0.0
0.0,0.0
0.0,0.0
0.0,0.0
0.0,0.0
5.0,-5.0
0.0,0.0
0.0,0.0
20.0,5.0
25.0,0.0
25.0,0.0
25.0,0.0
5.0,-5.0
5.0,-5.0
4.999999999999998,-4.999999999999998
5.2631578947368425,-5.0
-5.0,5.0
-5.0,5.0
5.0,-5.0
5.0,-5.0
5.0,-5.0
5.0,-5.0
5.0,-5.0
5.0,-5.0
5.0,-5.0
4.999999999999998,-4.999999999999998
4.999999999999998,-4.999999999999998
5.0,-5.0
4.931000811246775,-4.931000811246775
4.944283074672124,-4.944283074672124
4.92025741184532,-4.92025741184532
4.885716272690003,-4.802992425692628
4.654043898731758,-4.654043898731758
4.877567835460602,-4.877567835460602
4.91727615300263,-4.91727615300263
-20.02681082222741,-4.973189177772589
24.99999999996294,-5.016320838333282
12.600971528457745,-4.918735365587284
4.952191853433254,-4.952191853433254
-12.957037409897604,-5.13610944235762
24.999999999976446,0.0
0.0,0.0
0.0,0.0
0.0,0.0
-5.157661229610282,5.157661229610282
0.0,0.0
-5.361746499732746,5.361746499732746
-25.0,5.347233267300176
16.29427389400661,5.481644923389318
-5.120160349790929,5.120160349790929
-4.999118918352865,4.999118918352865
-25.0,5.193032618399961
16.623071642051514,5.323706620109199
-5.28749012506916,5.28749012506916
-25.0,5.437592103327198
-25.0,5.652885287410854
-17.01973577446976,5.485122545076793
-25.0,5.5279118082208925
-5.325853783263613,5.325853783263613
-5.230540440839734,5.230540440839734
-25.0,5.2313685061126804
-5.315144475678661,5.315144475678661
-5.315144475678661,5.315144475678661
-5.315144475678661,5.315144475678661
-5.315144475678661,5.315144475678661
-5.315144475678661,5.315144475678661
-5.315144475678661,5.315144475678661
-5.315144475678661,5.5385027887973735
-5.516725353268299,5.516725353268299
-5.516725353268299,5.516725353268299
-5.516725353268297,5.685733980395657
-5.669255639250741,5.669255639250741
-5.426032640313389,5.426032640313389
-5.463042487524238,5.463042487524238
-5.669255639250741,5.669255639250741
4.322270229811339,-4.322270229811339
-5.488896806000765,5.488896806000765
-5.450354533117107,5.450354533117107
4.652629773733183,-4.652629773733183
4.8940442516062195,-4.8940442516062195
-5.062214083956326,5.062214083956326
-5.073340579914308,5.073340579914308
-5.122004877809375,5.122004877809375
20.037619219887045,4.9623807800597035
-5.093298404631268,5.093298404631268
-4.919620234118288,4.919620234118288
-4.928865279940089,4.928865279940089
-5.029358685031337,5.029358685031337
-5.0,5.0
-5.0,5.0
4.999999999999998,-4.999999999999998
-5.0,5.0
-5.0,5.0
-5.0,5.0
-25.0,5.0
-8.231755639202682,5.0
-5.0,0.0
0.0,0.0
0.0,0.0
20.0,5.0
-22.5625,0.0
0.0,0.0
5.0,-5.0
0.0,0.0
0.0,5.0
-4.5125,5.0
20.0,5.0
25.0,0.0
19.775657894736845,5.0
-5.0,5.0
-5.0,5.0
25.0,0.0
0.0,-5.0
-12.562499999999993,-5.0
5.0,-5.0
25.0,-5.0
5.0,-5.0
5.0,-5.0
-5.0,5.0
5.0,-5.0
5.0,-5.0
5.0,-5.0
5.0,-5.0
5.0,-5.0
5.0,-5.0
5.0,-5.0
5.0,-4.993244184383035
4.9932441843830295,-4.816798306555513
4.81679830655552,-4.6534659255810675
-25.0,0.0
4.981327506783318,-4.981327506783318
12.320807958631807,-4.966511008067477
24.999999999947477,-4.986423390177993
-13.134953486902571,-4.9272994034597595
4.9218431349501,-4.9218431349501
4.971556084103559,-4.971556084103559
24.999999999997755,-5.071319646222239
5.071319646222246,-4.949818108393947
4.94981810839394,-4.809015454626513
4.8090154546265165,-4.8090154546265165
4.809015454626514,2.6645352591003757e-15
0.0,0.0
0.0,0.0
-5.330880240453993,5.330880240453993
0.0,0.0
-5.39064357939899,5.39064357939899
-5.415360570419834,5.415360570419834
-5.410397227960612,5.410397227960612
-5.339677171684494,5.339677171684494
-5.462085668199695,5.462085668199695
-25.0,5.443316609444324
-25.0,5.502513178103406
-5.529711840353858,5.529711840353858
-16.707374658435697,5.618744004731681
-25.0,5.491439067372305
-25.0,5.337990746067618
-5.686628947283646,5.686628947283646
-5.686628947283646,0.0
4.388374074649679,-4.388374074649679
0.0,0.0
4.1186797791812495,-4.1186797791812495
4.044743396204696,-4.044743396204696
0.0,0.0
3.915388492376904,-3.915388492376904
0.0,0.0
3.7692160372815167,-3.7692160372815167
3.9042758816597782,-3.9042758816597782
3.9575163131383366,-3.9575163131383366
4.003923943820416,-4.003923943820416
13.288828751367063,-4.160466780394362
4.130662110893894,-4.130662110893894
24.99999999999646,-4.265857651944174
4.307331604090683,-4.307331604090683
4.3448697216014285,-4.3448697216014285
4.450625396297397,-4.450625396297397
24.999999999949285,-4.599346424237432
4.788541666982241,-4.788541666982241
4.737350570824777,-4.737350570824777
4.776482966444877,-4.776482966444877
4.548039196974614,-4.548039196974614
4.690942466782211,-4.690942466782211
-5.030219175497428,5.030219175497428
-4.8543181830460505,4.8543181830460505
-4.9569137228756865,4.9569137228756865
25.0,0.0
25.0,0.0
5.0,-5.0
5.0,-5.0
-10.4875,5.0
-25.0,5.0
-25.0,5.0
-25.0,5.0
-25.0,0.0
4.999999999999998,-4.999999999999998
0.0,0.0
0.0,0.0
0.0,0.0
0.0,0.0
0.0,0.0
0.0,0.0
5.0,-5.0
20.0,5.0
20.0,5.0
-5.0,5.0
-5.0,5.0
15.162249431394732,-5.0
25.0,-5.0
25.0,-5.0
4.999999999999998,-4.999999999999998
4.999999999999998,-4.999999999999998
4.999999999999998,-4.999999999999998
-4.999999999999999,4.999999999999999
-5.0,5.0
-4.999999999999999,4.999999999999999
-5.0,5.0
-4.999999999999999,4.999999999999999
-5.0,5.0
4.999999999999998,-4.999999999999998
4.999999999999998,-4.999999999999998
4.999999999999998,-4.999999999999998
4.999999999999998,-4.999999999999998
4.999999999999998,-4.999999999999998
4.995733437701174,-4.995733437701174
4.800249922974782,-4.800249922974782
4.576314399305294,-4.576314399305294
-5.127387459870391,5.127387459870391
4.995545046700357,-4.995545046700357
4.882972034317044,-4.882972034317044
5.100908463342106,-5.100908463342106
5.10090846334211,-5.122612357096889
5.124612462927669,-5.124612462927669
-19.76738624024133,-5.232613759758671
14.05481675975837,-4.765558437626641
23.536529801880487,-4.85054810347302
4.850548103473017,-4.850548103473017
4.796129951110823,-4.796129951110823
-0.5813838707628403,5.431931974235861
-5.114865023845756,5.114865023845756
-5.2685740089901625,5.2685740089901625
-5.26761908310756,5.26761908310756
-5.392083857564286,5.392083857564286
-5.161824908425576,5.161824908425576
-5.202701795215216,5.202701795215216
-25.0,5.20816374405068
-5.34940567634705,5.34940567634705
-16.443406131379025,5.333445223128754
-25.0,5.407469966728939
-25.0,5.494327197470646
-5.557684289208462,5.557684289208462
4.441733792970151,-4.441733792970151
-25.0,0.0
4.505575605843354,-4.505575605843354
4.474174764791597,-4.474174764791597
0.0,0.0
4.464302358541962,-4.464302358541962
4.468457832442205,-4.468457832442205
0.0,0.0
4.426639273863504,-4.426639273863504
4.313271331441103,-4.313271331441103
4.130633709264867,-4.130633709264867
4.213411203783734,-4.213411203783734
4.053716417535151,-4.053716417535151
0.0,0.0
0.0,0.0
0.0,0.0
4.241643685330752,-4.241643685330752
4.4617544168446255,-4.4617544168446255
4.025451747475234,-4.025451747475234
4.122391556521363,-4.122391556521363
4.2102649344349015,-4.2102649344349015
4.40381824936701,-4.40381824936701
4.7896127239701975,-4.7896127239701975
5.31656077024612,-5.31656077024612
4.98044831857812,-4.98044831857812
5.184689482086575,-5.184689482086575
4.361626682727094,-4.361626682727094
4.900629958230166,-4.900629958230166
5.086980304467483,-5.086980304467483
5.059094796155071,-5.059094796155071
4.958154952957561,-4.958154952957561
4.999999999999998,-4.999999999999998
4.999999999999998,-4.999999999999998
4.999999999999998,-4.999999999999998
0.0,0.0
0.0,0.0
4.999999999999998,-4.999999999999998
5.0,-5.0
4.999999999999998,-4.999999999999998
4.999999999999998,-4.999999999999998
5.0,-5.0
0.0,0.0
5.0,-5.0
0.0,0.0
0.0,0.0
0.0,0.0
0.0,0.0
0.0,5.0
-4.5125,5.0
20.0,5.0
20.0,5.0
-0.22434210526315823,5.000000000000001
5.0,-5.0
25.0,-5.0
25.0,0.0
0.0,-5.0
5.0,-5.0
5.0,-5.0
-5.0,5.0
-20.612499999985047,5.0
5.0,-5.0
5.0,-5.0
5.0,-5.0
-25.0,5.0
-5.0,5.0
-5.0,5.0
5.0,-5.0
5.0,-5.0
25.0,-5.0
24.999999999983423,0.0
-5.225180658975354,5.225180658975354
-5.432799999022984,5.432799999022984
-5.126273642652066,5.126273642652066
-5.0329111765686605,5.0329111765686605
-4.970384674693042,4.970384674693042
-25.0,4.860910280036528
-19.485700145823266,-5.514299854176734
-25.0,5.137737802421807
-24.999999999945665,4.978171770224812
-9.976819852737478,5.579621707468574
24.9999999999663,3.370104195710155e-11
-1.1767590570835313,4.97228316580664
24.99999999998216,1.7841728094936116e-11
25.0,-4.877679232961118
24.99999999999212,-4.780048317608674
4.942955012526506,-4.942955012526506
-24.999999999987782,3.9396041984218755e-11
19.54215501058762,5.457844989412379
2.556473118299314,5.087312919100753
-5.174175199020944,5.174175199020944
-24.999999999999996,5.095408014520629
16.809092444598086,5.2458571238001035
-5.215468643036308,5.215468643036308
0.0,-4.775364573408542
-24.99999999995555,-5.353939513952355e-12
-24.99999999999359,4.49834391987433
-24.999999999994994,5.27702065346266
-24.999999999978968,5.33280397746006
-5.329956240789665,5.329956240789665
-5.332803977460059,5.332803977460059
4.857753281183399,-4.857753281183399
4.611889845910181,-4.611889845910181
4.623110382817606,-4.623110382817606
4.576900301244088,-4.576900301244088
4.207883615627853,-4.207883615627853
4.411445033481607,-4.411445033481607
4.544715575231191,-4.544715575231191
4.5889615263706975,-4.5889615263706975
4.768533104839912,-4.517361650742063
4.249960944604352,-4.249960944604352
4.134029281801819,-4.134029281801819
4.193128653774902,-4.193128653774902
3.990883809213356,-3.990883809213356
4.154475930111696,-4.154475930111696
4.263911193634884,-4.263911193634884
-5.559486214783368,5.559486214783368
-5.559486214783368,5.559486214783368
-5.559486214783368,5.439655323889147
-5.32106842434629,5.32106842434629
-0.5901953183815039,-4.849460005507642
4.824714612857774,-4.824714612857774
0.0,0.0
0.0,0.0
4.822162884276565,-4.822162884276565
5.02497733928692,-5.02497733928692
5.21063310790771,-5.21063310790771
5.093649993130593,-5.093649993130593
5.0,-5.0
5.0,-5.0
5.0,-5.0
5.0,-5.0
5.0,-5.0
5.0,-5.0
5.0,-5.0
25.0,-5.0
-13.05,-5.0
5.0,-5.0
0.0,0.0
0.0,0.0
0.0,0.0
0.0,5.0
-4.5125,0.0
0.0,0.0
0.0,5.000000000000003
-4.512500000000003,5.0
19.77565789473684,5.0
20.0,5.0
-5.0,5.0
20.0,5.0
-5.0,5.0
25.0,0.0
-4.999999999999999,4.999999999999999
-25.0,5.0
-25.0,5.0
20.0,5.0
14.3213296398892,5.0
-5.0,5.0
-5.0,5.0
-5.0,5.0
-4.999999999999993,4.999999999999993
-4.999999999999993,4.999999999999993
0.0,-5.0
5.540166204986149,-5.0
5.0,-5.0
5.0,-5.0
-5.00610684887174,5.00610684887174
4.814462137586378,-4.814462137586378
-5.359259779324646,5.359259779324646
4.840263324504349,-4.841270395777838
5.001115868447088,-5.001115868447088
-23.040174222897374,4.99118129418725
-5.032831652007387,5.032831652007387
24.999999999981842,0.0
0.0,0.0
0.0,0.0
-5.164964235153976,5.164964235153976
0.0,0.0
-7.864015480629792,5.13986413771493
-25.0,5.161651342914858
25.0,0.0
-5.148610577160484,5.148610577160484
0.0,0.0
0.0,0.0
-5.447932189734795,5.447932189734795
-5.313440377937068,5.313440377937068
-5.210384120293243,5.210384120293243
-25.0,0.0
-5.315943508175275,5.315943508175275
-5.236219504350421,5.236219504350421
-25.0,5.239443404818594
-25.0,0.0
-5.508076110508744,5.508076110508744
-5.058350831261402,5.058350831261402
-5.1242628073169865,5.1242628073169865
-5.65552979464689,5.416086389828285
-25.0,5.476464466254875
-5.476464466254874,5.476464466254874
-5.476464466254874,5.476464466254874
4.571337999986065,-4.571337999986065
4.4887530053972675,-4.4887530053972675
4.620717703358949,-4.620717703358949
4.493617257728552,-4.493617257728552
15.714499067353533,-4.391733671789867
4.563882256792935,-4.563882256792935
24.999999999985995,-4.036604120473001
4.297766566581851,-4.297766566581851
24.99999999997594,-4.608649535611903
4.915116998049301,-4.915116998049301
25.0,-4.486606473390175
4.553139498400469,-4.553139498400469
25.0,-4.259922973772241
4.335708618372081,-4.335708618372081
4.522126181798093,-4.522126181798093
-5.352967240626985,5.352967240626985
4.835625887582465,-4.835625887582465
-4.4472897827550515,4.4472897827550515
5.246498369468789,-5.246498369468789
4.447773872743125,-4.447773872743125
4.6265248897739095,-4.6265248897739095
4.9326308625885265,-4.9326308625885265
5.264070930708003,-5.264070930708003
5.045127979507606,-5.045127979507606
-4.917428220058043,4.917428220058043
-5.0,5.0
-5.0,5.0
-5.0,5.0
-5.0,5.0
-25.0,5.0
-25.0,4.750824014963971
-25.0,0.0
-5.0,5.0
-25.0,0.0
5.0,-5.0
0.0,0.0
0.0,5.0
-4.5125,5.0
-4.95246875,0.0
0.0,0.0
0.0,0.0
0.5401662049861491,5.0
-5.0,5.0
-5.0,5.0
20.0,5.0
-5.0,5.0
25.0,-0.2770083102493075
20.0,5.0
20.0,5.0
0.0,-5.0
5.0,-5.0
-25.0,0.0
-25.00000000000002,5.0000000000000036
-25.0,5.0
-25.0,5.0
-5.000000000000001,0.0
0.0,0.0
0.0,5.0
-4.5125,5.0
-4.95246875,5.000000000000003
-4.995365703125002,5.0
-4.999548156054687,5.0
17.160713634110436,5.0
-25.0,5.007142286716004
16.60267857797148,5.186527974758853
19.6692338394143,5.330766160577397
-5.178472838853145,5.178472838853145
-25.0,5.078098799497223
19.97340597682903,5.026594023125842
20.088590361255044,4.91140963874037
25.0,-5.36218577826169
-2.6934021535854544,5.022394368913785
-24.999999999992784,5.174957190540145
25.0,-3.518607627484016e-11
-5.232486899113839,5.232486899149026
-4.994448428246276,4.994448428246276
-5.242352362778224,5.242352362778224
-5.160547466266692,5.160547466266692
-5.15451496026145,5.15451496026145
-4.995944247375007,4.995944247375007
-25.0,5.181244048911996
16.578643822579732,5.3811965664374455
-5.16338636687472,5.16338636687472
-5.079995397168881,5.079995397168881
-25.0,5.271777081597051
-5.652347549901286,5.652347549901286
4.501897279310757,-4.501897279310757
4.385267567520497,-4.657044649178532
-25.0,0.0
-24.9999999999698,6.689759857181343e-12
-24.99999999997592,0.0
4.8931088912902805,-4.8931088912902805
0.0,0.0
4.7730873939079235,-4.7730873939079235
4.762914561537924,-4.762914561537924
4.405375920932286,-4.405375920932286
4.234831712395563,-4.234831712395563
4.165615680163224,-4.165615680163224
0.0,0.0
0.0,0.0
19.321276172779115,5.6787238272045855
-0.48407823532662597,5.747236130184381
19.372433186949987,5.627566813001959
25.0,-5.6555649052825174e-11
24.999999999945736,5.426414872999885e-11
0.0,0.0
0.0,0.0
-5.783869813597457,5.783869813597457
0.0,0.0
-5.1874545384591375,5.1874545384591375
-5.822088939057526,5.822088939057526
-5.0418229766098825,5.0418229766098825
-5.864412415485588,5.864412415485588
-4.48439051517879,4.48439051517879
-5.175311264182005,5.175311264182005
-5.072305182749462,5.072305182749462
0.0,0.0
-5.024553523867112,5.024553523867112
-5.0917598252721685,5.0917598252721685
-4.928409354900799,4.928409354900799
-4.960402429087822,4.960402429087822
-5.0,5.0
-5.0,5.0
-5.0,5.0
-5.0,5.0
-5.0,5.0
-10.000000000000007,5.0
-25.0,5.0
-25.0,5.0
-25.0,0.0
-5.0,5.0
-25.0,5.0
-5.000000000000001,0.0
0.0,0.0
0.0,0.0
5.0,-5.0
5.0,-5.0
25.0,-5.0
-5.0,5.0
-18.050000000000008,5.0
-5.0,5.0
-5.0,5.0
20.0,5.0
17.022160664819936,5.0
20.0,5.0
-25.0,5.0
-25.0,0.0
-25.0,5.0
25.0,0.0
-25.0,0.0
-2.5624999999999987,0.0
0.0,0.0
5.0,-5.0
10.54016620498615,-5.000000000000001
-5.0,5.0
-5.0,5.0
-5.0,5.0
-5.0,5.0
-5.0,5.0
-5.0,5.003884895377251
-0.41972275483412913,5.170953053931234
-5.354823484317403,5.354823484317403
-5.14468357858708,5.14468357858708
19.967801073172595,5.032198926827405
24.999999999981032,1.8967938331115874e-11
25.0,-5.032123504723657
25.0,-4.983585751864588
4.9835857518645845,-4.928807214387412
4.928807214387409,1.7763568394002505e-15
-25.0,0.0
-24.999999999952834,5.092271212381476
-5.0305746692207425,5.0305746692207425
-5.449508177233875,5.232236964813588
19.624381513494114,5.375618486496627
24.999999999971536,2.8464341994549613e-11
-5.102806323308393,5.102806323308393
-5.17257839632234,5.17257839632234
0.0,0.0
-5.316729917725654,5.316729917725654
-5.267971263307489,5.267971263307489
-25.0,5.298833104555058
-5.439884430363296,5.439884430363296
-5.379356140876526,5.379356140876526
-24.999999999999996,5.469555927780995
-24.999999999948983,5.488371691437429
-17.18657704178362,5.9298163179552486
-24.999999999996128,5.4919704934087505
-5.491970493408752,5.434315186484843
-5.376470535367426,5.376470535367426
-5.434315186484843,5.434315186484843
-5.434315186484843,5.434315186484843
-5.434315186484843,5.434315186484843
3.9525289870812728,-3.9525289870812728
3.7042823395590734,-3.7042823395590734
3.6368139542328315,-3.6368139542328315
3.591217347846289,-3.591217347846289
4.568947740216817,-3.4421857954288972
-6.451217841655941,6.451217841655941
-6.381145342521625,6.381145342521625
-6.2613573696446,6.2613573696446
-6.219190417749843,6.219190417749843
-6.114404816471958,6.114404816471958
-6.147341870080396,6.147341870080396
3.907665773870926,-3.907665773870926
-6.0322224938680264,6.0322224938680264
4.0318067697567574,-4.0318067697567574
4.184290066821841,-4.184290066821841
4.12519511287994,-4.12519511287994
4.411364877773021,-4.411364877773021
4.776081556754635,-4.776081556754635
4.5023952545396915,-4.5023952545396915
-5.565128671749978,5.565128671749978
-5.584875377691175,5.584875377691175
-5.324767578740172,5.324767578740172
-5.082328275419761,5.082328275419761
-4.912402038994603,4.912402038994603
-4.950420400439491,4.950420400439491
15.552667211461564,5.0
-5.0,5.0
-5.0,5.0
-5.0,5.0
-5.0,5.0
-5.0,5.0
-25.0,5.0
-5.0,5.0
-5.0,5.0
-5.000000000000001,5.000000000000001
-5.0,5.0
-5.0,5.0
-5.0,5.0
-5.0,5.0
-5.0,0.0
0.0,0.0
0.0,0.0
0.0,0.0
0.0,5.0
-4.459833795013851,5.0
-5.0,5.0
-5.0,5.0
-5.0,5.0
20.0,5.0
-5.0,5.0
-5.0,5.0
-5.0,5.0
-5.0,5.0
5.0,-5.0
5.0,-5.0
-5.0,5.0
-5.0,5.0
5.0,-5.0
5.0,-5.0
6.124627634640219,-5.0
5.0,-5.0
25.0,-5.0
25.0,-5.0
4.99460511364818,-4.99460511364818
4.798728779060168,-4.798728779060168
4.601983909959616,-4.601983909959616
-24.99999999998972,5.202135340502963
-5.052759497227042,5.052759497227042
-24.99999999994732,5.036682281756075
19.993965600552826,5.006034399447174
24.9999999999959,4.099831585335778e-12
-5.002139589386667,5.002139589386667
-25.0,4.833705937460273
25.0,0.0
24.99999999995005,3.552713678800501e-15
-5.3315890188850386,5.3315890188850386
-25.0,5.273054523755931
16.574827171634375,5.283284159383982
-5.370296652364365,5.370296652364365
-5.316286852312842,5.316286852312842
-5.3255129637152905,5.3255129637152905
-5.534027625671277,5.534027625671277
-5.393156807994181,5.393156807994181
0.0,0.0
0.0,-4.551529441608323
-5.500545260785525,5.500545260785525
4.410547542004368,-4.410547542004368
4.345289434563705,-4.345289434563705
-25.0,0.0
-6.050008225111771,6.050008225111771
-5.922094861743901,5.922094861743901
-5.918061830422127,5.918061830422127
-5.862387063762339,5.862387063762339
-6.066898989467516,6.066898989467516
-6.114873758924549,6.114873758924549
-6.147437173324459,6.147437173324459
1.0231054786386515,6.389518773905962
-6.565178431404032,6.565178431404032
3.329945713252508,-3.329945713252508
3.337245563059648,-3.337245563059648
25.0,-3.2536273803215963
3.313528940527849,-3.313528940527849
3.427781120333938,-3.427781120333938
-6.49460038327304,6.49460038327304
3.585080071387308,-3.585080071387308
-25.000000000000004,6.446486130260123
-24.999999999965624,6.365732094022569
-6.314176194718943,6.314176194718943
-24.999999999969592,6.240997819663743
-24.999999999979828,6.169522280055517
-16.987203559659864,6.026202610809021
-6.02620261080902,5.871937584883004
-5.68262999791671,5.68262999791671
-5.465546880057071,5.362707737088468
-5.550903242491542,5.550903242491542
-5.676994799144184,5.676994799144184
-5.769098441914402,5.769098441914402
-5.53456946563837,5.53456946563837
-5.219021529040703,5.219021529040703
-4.892425911005604,4.892425911005604
-4.952656969555271,4.952656969555271
-5.0,5.0
5.0,-5.0
-5.0,5.0
-5.769098441914402,5.0
-5.0,5.0
-5.0,5.0
-5.0,5.0
-5.0,5.0
-5.0,5.0
-5.0,5.0
-5.0,5.0
-5.0,5.0
-5.0,5.0
-5.0,0.0
5.0,-5.0
5.0,-5.0
5.0,-5.0
5.0,-5.0
15.263157894736842,-5.0
5.0,-5.0
5.0,-5.0
-5.0,5.0
-5.0,5.0
25.0,0.0
25.0,0.0
25.0,-5.0
25.0,-5.0
5.0,-5.0
5.0,-5.0
5.0,-5.0
5.0,-5.0
5.0,-5.0
5.0,-5.0
5.0,-5.0
5.0,-5.0
5.0,-5.0
5.0,-5.0
5.0,-5.0
4.998740477509339,-4.998740477509339
-25.0,5.189777416969793
-25.0,5.392880049898
19.83682254288545,5.16317745711455
4.968948498985267,-4.968948498985267
-25.0,5.000843212808434
19.991057273740505,5.0089427262594945
20.835456310608066,-7.105427357601002e-15
-5.0337253566007565,5.0337253566007565
-25.0,5.007505603830751
17.162228341423734,4.990120019982633
-5.126357585244525,5.126357585244525
-5.160953925135425,5.160953925135425
-25.0,5.20614659724248
21.93224753768147,-7.105427357601002e-15
-5.332495977571952,5.332495977571952
-5.404719426744549,5.404719426744549
-25.0,5.464476454216417
16.10008597881006,5.54592349020222
-5.540230541450677,5.540230541450677
-5.586003869084498,5.586003869084498
-5.586209623108109,5.586209623108109
-5.631916049126893,5.631916049126893
-5.610185647185016,5.610185647185016
-25.0,5.611392400844991
-25.0,5.620859610520508
-17.53141194924445,5.818781095996897
-25.0,5.724307179497586
-25.0,5.7404342556061785
-5.729332374393355,5.729332374393355
-5.929613088520886,5.929613088520886
-5.984362593221718,5.984362593221718
-5.984362593221718,6.038724573473171
-6.033424280398654,6.033424280398654
-6.033424280398654,6.033424280398654
3.542333726260404,-3.542333726260404
3.599008230261928,-3.599008230261928
-6.033424280398654,6.033424280398654
-6.033424280398654,6.033424280398654
-6.033424280398654,6.033424280398654
3.5856474728205256,-3.5856474728205256
18.606251907958324,6.393748092041676
-25.0,6.338196399107666
-6.249547972295362,6.249547972295362
-6.231460552636623,6.231460552636623
18.882436291232978,6.1175637087670225
-6.008175781292207,6.008175781292207
-5.879399639549245,5.879399639549245
-5.740314337616956,5.740314337616956
-5.574503733917986,5.574503733917986
-5.237642741538309,5.237642741538309
9.28645422317878,5.456808645526564
19.57370732699419,5.426292673005811
19.498595116575938,5.501404883424062
4.512559093060501,-4.512559093060501
-5.126680732668115,5.126680732668115
-4.917558985891686,4.917558985891686
-4.9723279180957105,4.9723279180957105
-0.4874409069394927,5.0
-5.0,5.0
-4.999999999999993,4.999999999999993
-5.0,5.0
-5.0,5.0
-10.000000000000007,5.0
-25.0,5.0
-25.0,5.0
-25.0,0.0
-25.0,0.0
0.0,5.0
-4.5125,5.0
-4.95246875,4.95246875
-4.95246875,0.0
5.0,-5.0
5.0,-5.0
0.0,0.0
0.0,0.0
0.5401662049861491,5.0
-5.0,5.0
-4.999999999999999,4.999999999999999
-5.0,5.0
5.0,-5.0
5.0,-5.0
5.0,-5.0
5.0,-5.0
-5.0,5.0
-5.0,5.0
-5.0,5.0
-5.0,5.0
-5.0,5.0
-5.0,5.0
25.0,-5.0
25.0,0.0
5.0,-5.0
25.0,0.0
19.722991689750693,5.0
5.0,-5.0
5.0,-5.0
4.874797917281401,-4.874797917281401
4.69929144120822,-4.676435072462276
4.8333362429224405,-4.8333362429224405
4.962991415083774,-4.962991415083774
4.9771436312540605,-4.9771436312540605
4.750082074396414,-4.750082074396414
4.977143631254052,-4.977143631254052
4.867799252943746,-4.867799252943746
-25.0,0.0
4.835266764762105,-4.835266764762105
-5.082669568328564,5.082669568328564
-5.064300656968809,5.064300656968809
-16.70607034892344,5.1472252088112995
24.999999999951836,-4.637499279229768
25.0,-4.629702085341009
4.752760663587276,-4.752760663587276
4.54994399956133,-4.54994399956133
-0.599597519883913,5.352358183471189
-5.487927363729993,5.487927363729993
-5.364900342849316,5.364900342849316
-9.618324106843236,5.521315056518989
4.357088102408648,-4.357088102408648
4.539622216425764,-4.539622216425764
-20.523583399957246,-4.476416600042754
-25.0,0.0
-25.0,5.579578789451379
-21.351395868747023,5.602950174403675
-5.611527466369697,5.611527466369697
-5.6700512319945044,5.6700512319945044
-5.7341240447837905,5.7341240447837905
-5.7341240447837905,5.7341240447837905
-1.5091931402668832,-4.224930904516906
24.99999999995515,-4.054829130245679
4.209410992122169,-4.209410992122169
4.13958968961791,-4.13958968961791
3.907591929635455,-3.907591929635455
3.875556785535437,-3.875556785535437
-14.964300381748108,-3.938716328164693
3.868967607601274,-3.868967607601274
3.726806724819067,-3.726806724819067
25.0,-3.896122089539908
-19.046249814190233,0.0
4.055724097133671,-4.055724097133671
0.0,0.0
4.319811911032259,-4.319811911032259
0.0,0.0
4.518517281469787,-4.518517281469787
4.459029122752698,-4.459029122752698
10.295420234385766,-4.600894628593032
-5.139309359227942,5.139309359227942
4.848442596041182,-4.848442596041182
4.895032943870002,-4.895032943870002
4.76475688054078,-4.76475688054078
4.692301169157477,-4.692301169157477
-5.09461923816783,5.09461923816783
5.037987494396674,-5.037987494396674
24.99999999995266,-5.01022103624593
-4.999999999999999,4.999999999999999
-2.983473544568717,5.0
-5.0,5.0
-5.0,5.0
-5.0,5.0
-25.0,5.0
-5.000000000000001,5.000000000000001
-5.0,5.0
-5.000000000000001,0.0
5.0,-5.0
5.0,-5.0
0.0,0.0
0.0,0.0
0.0,0.0
0.0,0.0
0.0,0.0
0.0,0.0
0.0,5.0
25.0,0.0
25.0,0.0
5.0,-5.0
5.0,-5.0
-5.0,5.0
25.0,-5.0
25.0,-5.0
10.263157894736842,-5.0
5.0,-5.0
5.0,-5.0
-5.0,5.0
-5.0,5.0
-5.0,5.0
5.0,-5.0
5.0,-5.0
5.0,-5.0
5.0,-5.0
5.0,-5.0
5.0,-5.0
5.0,-5.0
5.0,-5.0
4.940639515480876,-4.940639515480876
-5.333966274681269,5.33396627468127
4.739827271769306,-4.739827271769306
4.947215730240974,-4.947215730240974
5.000000000000009,-5.025060966305721
5.015094519106647,-5.015094519106647
5.027768383718252,-5.027768383718252
-5.191958405675438,5.191958405675438
-23.07243004764098,4.920643323910557
24.99999999996639,-4.745605977661832
4.8861574347992,-4.8861574347992
4.790096813958272,-4.790096813958272
4.804339284194121,-4.804339284194121
4.886157434799207,-4.787069831451355
4.787069831451342,-3.2065391337146973
3.206539133714698,-3.206539133714698
-24.999999999955953,5.331401568133462
25.0,0.0
-5.273213572878477,5.273213572878477
-24.99999999995468,5.455110228110776
-24.999999999977064,5.29313636891964
19.373824866820343,5.6261751331796575
-5.634031654915713,5.634031654915713
4.442603513965677,-4.442603513965677
18.492247537840814,-4.38875654992057
-25.0,5.463156094040343
-25.0,5.540004590713089
-25.0,5.177828279661071
-25.0,5.563752139463155
-12.713705998807797,5.235465914460253
-5.305648233226805,5.305648233226805
-5.305648233226805,5.305648233226805
-5.305648233226805,0.0
4.5660521412505695,-4.5660521412505695
4.136627084136785,-4.136627084136785
0.0,0.0
3.9720844553870247,-3.9720844553870247
4.427876322594436,-4.427876322594436
4.154696200523478,-4.154696200523478
25.0,-4.533790415265646
4.576283670320555,-4.576283670320555
4.66091295105195,-4.66091295105195
-6.027821503663532,6.027821503663532
4.008552778204432,-4.008552778204432
4.465005456647196,-4.465005456647196
4.993162781172341,-4.993162781172341
4.700759174281585,-4.700759174281585
4.573890359714584,-4.573890359714584
4.8745664144198075,-4.8745664144198075
5.073047727561677,-5.073047727561677
4.987305734119753,-4.987305734119753
-4.946437052245163,4.946437052245163
24.999999999997918,-5.117293678701181
4.738272992620828,-4.738272992620828
4.798717970662455,-4.798717970662455
5.033494908938571,-5.033494908938571
25.0,-5.021602180420828
7.775179349181984,-5.0
5.0,-5.0
5.0,-5.0
25.0,-5.0
-5.0,5.0
5.0,-5.0
5.0,-5.0
-5.0,5.0
-20.0,-5.0
-20.0,-5.0
5.0,-5.0
-5.0,5.0
-25.0,0.0
0.0,0.0
0.0,0.0
0.0,0.0
0.0,5.0
-4.5125,5.0
-4.95246875,5.0
20.0,5.0
20.0,5.0
25.0,-0.27187335526316403
25.0,0.0
-5.0,5.0
-5.0,5.0
0.0,0.0
0.0,0.0
0.0,0.0
0.0,0.0
0.0,0.0
-5.0,5.0
-7.42323671452581,5.0
-5.0,5.0
2.685026830499513,-2.685026830499513
2.685026830499513,-2.685026830499513
2.685026830499513,-2.685026830499513
-5.0,5.0
2.685026830499513,-2.685026830499513
-5.0,5.0
2.685026830499513,-2.685026830499513
2.685026830499513,-2.685026830499513
2.685026830499513,-2.685026830499513
-4.972394878880811,4.972394878880811
-25.0,4.860736714525814
-4.847434653784394,4.847434653784394
25.0,-4.9803214579684685
4.815781353807954,-4.815781353807954
4.557921409675595,-4.619886482349435
4.610600411952374,-4.610600411952374
5.048980818271886,-5.048980818271886
4.715113357591603,-4.715113357591603
-19.849318628501386,-5.150681371490176
24.999999999999154,-4.615317606960026
12.36512945015417,-4.900403691918921
-0.2799049966771303,5.180308688596058
-24.999999999947335,5.264313133488866
13.119373139999686,5.252754301622376
3.4956696403263754,-3.4956696403263754
-5.3934812177124005,5.3934812177124005
-24.999999999994042,5.5923418503886
25.0,-4.505328196097164
4.505328196097166,-4.505328196097166
-16.263876716011474,-4.672527955029189
-24.999999999975778,-2.4222401862061815e-11
-5.580810789003815,5.580810789003815
-24.999999999996078,5.343716514479375
-24.999999999943153,4.8961661688681595
-5.237419315389964,5.237419315389964
-5.237419315389964,5.3045083514602585
-5.297967170443405,5.297967170443405
-5.297967170443405,5.297967170443405
-5.227584146831729,5.227584146831729
-5.297967170443405,5.214817299010636
4.594764294754478,-4.594764294754478
-5.214817299010635,5.214817299010635
-5.214817299010635,5.214817299010635
-5.214817299010635,5.214817299010635
-5.214817299010635,5.214817299010635
-5.214817299010634,5.214817299010634
19.685783941972076,5.3142160579831526
-24.999999999999996,5.433779973564523
4.294279477684702,-4.294279477684702
-5.669026248760302,5.669026248760302
-5.643707143204095,5.643707143204095
-5.437404021428312,5.437404021428312
-5.690865208039785,5.690865208039785
-5.236794479551383,5.236794479551383
19.977694622857165,5.022305377142835
20.011220536907423,4.988779463092577
-4.816531787961567,4.816531787961567
25.0,-5.010148217624845
24.99999999998108,-4.9674072372500895
6.0625954609722115,-4.954226672366179
5.034175837994482,-5.034175837994482
5.034175837994476,0.0
-4.949528293437754,4.949528293437754
-5.0,5.0
-5.0,5.0
-5.0,5.0
-5.0,5.0
-15.000000000000002,5.0
-25.0,5.0
-25.0,5.0
-25.0,5.0
-25.0,0.0
5.0,-5.0
0.0,0.0
0.0,0.0
0.0,0.0
0.0,0.0
5.0,-5.0
0.0,0.0
0.0,5.0
-4.512500000000003,5.0
-4.952468749999996,5.0
-4.995365703125,5.0
-0.27650765213816175,5.0
20.0,5.0
25.0,0.0
25.0,-5.0
25.0,-5.0
5.0,-5.0
5.0,-5.0
5.0,-5.0
5.0,-5.0
5.0,-5.0
5.0,-5.0
5.0,-5.0
5.0,-5.0
5.0,-5.0
5.0,-5.0
5.0,-5.0
5.0,-5.0
5.0,-5.0
5.0,-5.0
-5.0934342985368195,5.0934342985368195
-5.284131099906227,5.284131099906227
-5.191476603596368,5.191476603596368
-14.401921827154297,5.1290136109189906
-25.0,4.726344939576986
-4.870800042837231,4.870800042837231
-5.482920156532612,5.482920156532612
-25.0,4.910718532434053
-25.0,5.763739370090747
20.02730532614613,4.972694673853869
19.83718292800043,5.162817071999569
-4.8161890749713105,4.8161890749713105
-25.0,5.010242258574287
19.91463795723972,5.085362042760281
-5.122628766926992,5.122628766926992
-5.261835249143127,5.261835249143127
-25.0,5.561863115559234
19.612134731067123,5.387865268932877
19.62660315204056,5.373396847959441
-5.388217449132808,5.388217449132808
-25.0,5.246307762980656
4.0708728325753185,5.237804946397416
-5.418305503776233,5.418305503776233
-25.0,5.365068228034232
-24.999999999955463,5.558511092186787
-24.999999999960398,5.45224608161028
-25.0,5.568526137728867
-5.591740998147861,5.591740998147861
-5.591740998147862,5.591740998147862
-5.591740998147862,5.55866382983622
4.732157490744097,-4.732157490744097
-5.55866382983622,0.0
0.0,0.0
4.687611113484223,-4.687611113484223
4.601950538045509,-4.601950538045509
4.614158189348435,-4.614158189348435
4.38769874702616,-4.38769874702616
4.1517910294477165,-4.1517910294477165
4.068031469711846,-4.068031469711846
25.0,-4.254573369158262
4.306369104440339,-4.306369104440339
4.408291190365036,-4.408291190365036
4.297680099400148,-4.297680099400148
-5.40854039256959,5.40854039256959
25.0,0.0
-5.606519312451347,5.606519312451347
-5.5935593335528715,5.5935593335528715
4.6137795009614155,-4.6137795009614155
4.63951011456485,-4.63951011456485
-5.1304934935781,5.1304934935781
4.835834797342637,-4.835834797342637
4.959730908071526,-4.959730908071526
4.793725279853243,-4.793725279853243
-5.111365312002371,5.111365312002371
-4.973172136795172,4.973172136795172
-4.9448458509789495,4.9448458509789495
25.0,0.0
-1.5626011460772071,5.0
25.0,-5.0
5.0,-5.0
5.0,-5.0
-25.0,5.0
-25.0,5.0
-25.0,5.0
-25.0,0.0
5.0,-5.0
5.0,-5.0
5.0,-5.0
0.0,0.0
0.0,0.0
5.0,-5.0
0.0,0.0
0.0,0.0
0.0,5.0
-4.5125,5.0
20.0,5.0
20.0,5.0
-5.0,5.0
24.775657894736845,-5.0
5.0,-5.0
25.0,0.0
-5.0,5.0
-5.0,5.0
-5.0,5.0
-5.0,5.0
-5.0,5.0
5.0,-5.0
5.0,-5.0
5.0,-5.0
5.0,-5.0
5.0,-5.0
5.0,-5.0
5.0,-5.0
5.0,-4.999595725762312
-5.0,5.0
4.999595725762319,-4.999595725762319
4.908340517288716,-4.908340517288716
4.649096453295453,-4.649096453295453
-5.352146985802014,5.352146985802014
-5.03761620060624,5.034783790642479
5.00273413015429,-5.00273413015429
-5.065613443377149,5.065613443377149
-4.884171214209277,4.884171214209277
-25.0,5.075615234825676
-25.0,4.975799287480125
19.011819666296006,5.2552751039853085
19.94202975054492,5.057970249432444
-5.050422989879124,5.050422989879124
-5.112986098298821,5.112986098298821
-5.254849710697215,5.254849710697215
-5.155813861428932,5.155813861428932
-5.312224788214731,5.312224788214731
-25.0,5.39976996952619
16.245061642232667,5.472644762724464
-5.46646330595366,5.46646330595366
-5.497025983375483,5.497025983375483
-5.509651454198746,5.509651454198746
-5.542392852140564,5.542392852140564
-17.00093642071782,5.501736866910015
-24.99999999997212,5.516168681339376
-24.999999999953502,5.559919812986511
-25.0,5.5783821341483915
-25.0,5.4938096566750545
-5.649080731415916,5.649080731415916
-5.513635623179617,5.6634759393012
-5.7843116167156445,5.7843116167156445
-5.729876423376041,5.729876423376041
-5.784311616715639,5.844295857219737
-5.838447393770592,5.85367975545011
-5.852194600186357,6.022386255429425
-6.005792569043226,6.005792569043226
-6.005792569043226,6.005792569043226
-6.005792569043226,6.005792569043226
-6.005792569043226,0.0
0.0,0.0
0.0,0.0
3.73301468977696,-3.73301468977696
0.0,0.0
3.8052368766549307,-3.8052368766549307
24.99999999998893,1.1070255823142361e-11
-3.788034953938899,5.876154911219789
-5.7874320090247,5.7874320090247
-5.707860111701969,5.707860111701969
4.379956462953521,-4.379956462953521
25.0,-5.019984428145108e-11
-5.2510104416001395,5.2510104416001395
-5.509037979011775,5.509037979011775
-5.42139023626217,5.42139023626217
4.433346160771295,-4.433346160771295
-5.276755729378575,5.276755729378575
4.894303022004017,-4.894303022004017
-4.945407256512708,4.945407256512708
24.99999999996986,-5.065959292380608
-5.0,5.0
5.0,-5.0
5.0,-5.0
-5.0,5.0
-25.0,5.0
-5.0,5.0
-25.0,5.0
-25.0,0.0
5.0,-5.0
10.54016620498615,-5.000000000000001
-5.0,5.0
-5.0,5.0
-5.0,5.0
-5.0,5.0
-5.0,0.0
0.0,0.0
5.0,-5.0
0.0,5.0
-4.512500000000002,5.0
19.775657894736845,5.0
-5.0,5.0
20.0,5.0
20.0,5.0
20.0,5.0
-4.999999999999993,4.999999999999993
-5.0,5.0
-5.0,5.0
-5.0,5.0
-5.0,5.0
-5.0,5.0
-5.0,5.0
-5.0,5.0
-5.0,5.0
-5.0,5.0
-5.0,5.0
-5.0,5.0
-5.0,5.0
-5.0,5.0
-5.001773147661277,5.001773147661277
0.0,0.0
0.0,0.0
0.0,0.0
0.0,0.0
1.7763568394002505e-14,-4.893149915865539
5.4217727599618115,-5.141211637225414
-2.9093607942566653,5.29996222709569
-5.120576907016652,5.120576907016652
-24.999999999958447,4.91992570941715
24.99999999998813,1.1869616400872474e-11
-4.931216303676175,4.931216303676175
-24.999999999947242,4.930326385966673
-25.0,5.182622474640752
19.53320723511853,5.466792764850368
14.254266821755788,4.941911726020265
-25.0,5.485719610433662
-24.99999999994659,5.38082292722892
19.678853313359546,5.321146686612941
12.937142955790556,5.4240287475987365
-5.4963342459218545,5.4963342459218545
-24.999999999999716,5.436493907004834
-5.4085896220599,5.4085896220599
-16.659984331435627,5.426318550045588
-24.99999999998777,5.385416417363476
-24.999999999966178,5.411755456975392
-25.000000000000004,5.8184718338141685
-5.6882661434102,5.489048281355574
-5.535476739898945,5.535476739898945
-5.619253971759541,5.619253971759541
-5.619253971759541,5.615099760153923
-5.615099760153923,5.615099760153923
-5.615099760153923,5.615099760153923
-5.615099760153923,5.615099760153923
3.615626338979025,-3.615626338979025
3.450227874474596,-3.450227874474596
3.4276315384210694,-3.4276315384210694
4.257156485517001,-3.4583911338041395
-6.33598549007478,6.33598549007478
-6.33598549007478,6.33598549007478
-6.33598549007478,6.33598549007478
3.584919759970134,-3.584919759970134
-6.33598549007478,6.33598549007478
3.6883887879558106,-3.6883887879558106
-6.224695284602497,6.224695284602497
3.8452478293329193,-3.8452478293329193
-5.992126336302956,5.992126336302956
4.058196301153606,-4.058196301153606
19.188182352263592,5.811817647706903
19.341535370353707,5.658464629646293
4.584498052582347,-4.584498052582347
4.465249710656827,-4.465249710656827
-5.549137923460715,5.549137923460715
-5.670174305720284,5.670174305720284
17.374196301895267,5.56239832847956
24.999999999990393,-4.756597408095104
-4.952589712919869,4.952589712919869
5.062678135017254,-5.062678135017254
-5.0,5.0
-5.0,5.0
-10.430932983146938,5.000000000000001
-5.0,5.0
-25.0,5.0
-25.0,5.0
-25.0,5.0
-5.0,5.0
-25.0,5.0
-5.000000000000001,5.000000000000001
-5.000000000000001,5.000000000000001
-5.000000000000001,5.000000000000001
-5.000000000000001,0.0
5.0,-5.0
0.0,0.0
0.0,0.0
0.0,5.0
-4.5125,4.5125
-4.5125,4.5125
-4.459833795013847,4.99999999999999
-4.999999999999994,4.999999999999994
-5.0,5.0
-5.0,5.0
19.892063924693066,5.0
-5.0,5.0
-5.0,5.0
-5.0,5.0
-5.0,5.0
-5.0,5.0
-5.0,5.0
25.0,-5.0
-5.0,5.0
-5.0,5.0
25.0,0.0
-5.0,5.0
20.0,5.0
-5.000933543764267,5.000933543764267
4.830927765057634,-4.830927765057634
4.830927765057634,-4.830927765057634
4.830927765057635,-4.830927765057635
-5.413350997379375,5.413350997379375
-5.224888358876623,5.224888358876623
-5.13412732422522,5.13412732422522
-5.071879158314065,5.071879158314065
-0.22133817497165786,5.052265940029292
-5.0424616976893235,5.0424616976893235
-5.025291966221804,5.025291966221804
-4.945160241233593,4.945160241233593
-4.823603162441868,4.823603162441868
-5.114252179806092,5.114252179806092
-7.888761504426972,5.075487743068717
-25.0,5.2507737613582535
19.64533181736798,5.354668182632022
-5.374628847511879,5.374628847511879
-5.3605555247555685,5.3605555247555685
-5.451903999767337,5.451903999767337
-5.406301081907669,5.406301081907669
-5.439201528972033,5.439201528972033
-5.435505530314716,5.435505530314716
-5.434926137082574,5.434926137082574
-5.4489237221614815,5.4489237221614815
-24.99999999996463,5.464120487132618
-24.999999999984844,5.472980533094287
-24.999999999999996,5.541047246072015
-17.435632820155064,5.9574845538056085
-25.0,5.673335722604598
-5.663420398337772,5.663420398337772
-5.619953566210457,5.805915789195186
-5.841166628848317,5.841166628848317
-5.841166628848317,5.841166628848317
-5.841166628848317,5.841166628848317
3.660242142443183,-3.660242142443183
3.3933678131634295,-3.3933678131634295
3.303873648953445,-3.303873648953445
-5.841166628848317,5.841166628848317
3.5773307869993385,-3.2005655635322516
3.2470798581100038,-3.2470798581100038
3.240096844253342,-3.240096844253342
-6.181197243027363,6.181197243027363
3.3382301528658953,-3.3382301528658953
3.4743566362009375,-3.4743566362009375
3.4914903922716842,-3.4914903922716842
3.6069821453979607,-3.6069821453979607
3.7023251517454856,-3.7023251517454856
-6.181197243027363,6.181197243027363
-6.023521497028911,6.023521497028911
-5.852494460798734,5.852494460798734
4.349398203562881,-4.349398203562881
-5.339894286359714,5.339894286359714
-5.543664613973642,5.543664613973642
-5.615881120525811,5.615881120525811
24.999999999955513,4.448708068593987e-11
-5.710236065756865,5.710236065756865
-5.371044877502385,5.371044877502385
5.018878878387607,-5.018878878387607
25.0,0.0
20.0,5.0
5.0,-5.0
-5.0,5.0
-5.0,5.0
-13.868697243027365,5.0
-25.0,5.0
-25.0,5.0
-25.0,5.0
-5.000000000000001,5.000000000000001
-5.000000000000001,0.0
5.0,-5.0
0.0,0.0
0.0,0.0
0.0,0.0
0.0,0.0
0.0,0.0
0.0,5.0
-4.5125,5.0
-4.947333795013851,5.0
-5.0,5.0
-5.0,5.0
-5.0,5.0
-5.0,5.0
20.0,5.0
20.0,5.0
-5.0,5.0
-5.0,5.0
-5.0,5.0
-5.0,5.0
-5.0,5.0
-5.0,5.0
-5.0,5.0
20.0,5.0
-5.0,5.0
4.999999999999998,-4.999999999999998
5.0,-5.0
-5.01207901559146,5.01207901559146
-5.012071212539735,5.012071212539735
-5.028828531151184,5.028828531151184
24.722991689750685,0.0
-5.395466452134646,5.395466452134646
-5.20125047197196,5.20125047197196
-5.182845585215441,5.182845585215441
0.0,-5.145085619424634
5.70092589409931,-5.012975126433954
-5.1264150196498885,5.1264150196498885
-5.174896600398219,5.174896600398219
5.012975126433961,-5.012975126433961
5.012975126433961,0.0
-5.084462026693798,5.084462026693798
-5.17624788679257,5.17624788679257
-5.144730914635458,5.144730914635458
-5.203204188475331,5.203204188475331
-5.377212764605986,5.377212764605986
-5.111883483945279,5.111883483945279
-25.0,5.477061531611746
16.099689502908497,5.532375282009241
-5.687775110801695,5.687775110801695
-5.749559383438756,5.749559383438756
-25.0,5.673502345494889
15.829934176718854,5.5844676565278135
-5.434691350282616,5.434691350282616
-25.0,5.313845574511177
-25.0,5.319725342866995
-25.0,5.317525163338395
-25.0,5.590617555933036
-16.37646159832149,5.806748903646628
-5.82274975029288,5.82274975029288
-5.9720009419747395,5.9720009419747395
-5.9720009419747395,6.022757808781755
-6.017809014268069,6.2393360087920335
-6.033887843273259,6.420342746314832
-6.5665126768209685,6.5665126768209685
-6.5665126768209685,6.662269084657657
-6.65293283489358,6.65293283489358
-6.65293283489358,6.65293283489358
-6.65293283489358,6.65293283489358
-6.65293283489358,6.65293283489358
-6.622703090834419,6.622703090834419
3.442210410174056,-3.442210410174056
-6.65293283489358,6.491108245197401
3.6369559623779644,-3.6369559623779644
-6.31524662055959,6.31524662055959
3.7618095235787017,-3.7618095235787017
3.911126985728295,-3.911126985728295
-5.999168678006921,5.999168678006921
4.173830062425013,-4.173830062425013
4.34528690997446,-4.34528690997446
-5.4147332099920025,5.4147332099920025
-5.489934412181203,5.489934412181203
-5.517053549870383,5.517053549870383
24.84943528726132,-4.340967968920488
-5.63180812293659,5.63180812293659
-5.301478085151568,5.301478085151568
-5.04174368872885,5.04174368872885
-4.9599142563655745,4.9599142563655745
-5.0,5.0
-5.0,5.0
-5.0,5.0
-5.0,5.0
-5.0,5.0
-5.0,5.0
-5.0,5.0
-5.0,5.0
-25.0,5.0
-5.0,5.0
-5.0,5.0
-5.0,5.0
-5.0,5.0
-5.0,5.0
-5.0,5.0
-5.0,0.0
0.0,5.0
-4.5125,4.5125
20.0,5.0
20.0,5.0
25.0,0.0
20.0,5.0
0.2631578947368421,-0.2631578947368421
-5.0,5.0
-5.0,5.0
-5.0,5.0
-5.0,5.0
0.2631578947368421,-0.2631578947368421
-5.0,5.0
-5.0,5.0
-5.374999999973577,5.0
-25.0,5.0
-5.0,5.0
-5.0,5.0
-25.0,5.0
25.0,-5.0
4.913745712174508,-4.913745712174508
-5.08538395540601,5.08538395540601
-5.090701238374455,5.090701238374455
24.999999999970726,-4.7940361199042485
4.6018152752872705,-4.6018152752872705
4.794036119904256,-4.794036119904256
-5.115799753014384,5.115799753014384
4.794036119904251,0.0
-4.751471229629469,4.751471229629469
-4.96664070884003,4.96664070884003
-5.2171948309338125,5.2171948309338125
-5.478052432891117,5.478052432891117
-5.639032235066319,5.639032235066319
-4.764064511939843,4.764064511939843
-4.878528126095359,4.878528126095359
-4.951675574932281,4.951675574932281
-5.4094530315823075,5.4094530315823075
-5.183386162887912,5.183386162887912
-5.2440040752929455,5.2440040752929455
-5.423795223093407,5.423795223093407
-5.730724685362967,5.730724685362967
-5.574265791381478,5.574265791381478
-5.482255873987045,5.482255873987045
-25.0,0.0
15.656349724527747,5.646568765115347
-24.999999999945324,5.61684803820733
-25.0,5.157268024835091
-25.0,0.0
-5.578364462023666,5.578364462023666
-5.479381629129556,5.479381629129556
-25.0,5.458175079456396
-5.458175079456395,5.458175079456395
-5.458175079456395,5.458175079456395
-5.458175079456395,5.458175079456395
-5.458175079456395,5.458175079456395
4.253518090853099,-4.253518090853099
-5.458175079456395,5.458175079456395
4.286923455766821,-4.286923455766821
4.289959274336109,-4.289959274336109
3.7198565306226126,-3.7198565306226126
-5.458175079456395,5.458175079456395
3.6057861212422875,-3.6057861212422875
3.593897830479083,-3.593897830479083
3.5336756474384856,-3.5336756474384856
3.5978134684008776,-3.5978134684008776
3.84341182180318,-3.84341182180318
4.140276377893041,-4.140276377893041
4.283216727605204,-4.283216727605204
4.390711213144909,-4.390711213144909
4.3163525926168305,-4.3163525926168305
4.370197032072685,-4.370197032072685
4.521839009771272,-4.521839009771272
-5.273504531789173,5.273504531789173
4.759198997313938,-4.759198997313938
4.752185688386314,-4.752185688386314
25.0,-4.641471404835965
4.64137042126609,-4.64137042126609
4.876340569512999,-4.876340569512999
5.036828155678492,-5.036828155678492
4.995505244973012,-4.995505244973012
-5.0,5.0
-23.83174713659194,5.0
-5.0,5.0
-5.0,5.0
-5.0,5.0
-5.0,5.0
-5.0,5.0
-5.0,5.0
-5.0,0.0
0.0,0.0
0.0,0.0
0.5401662049861491,5.0
-5.0,5.0
-5.0,5.0
-5.0,5.0
-5.0,0.0
