Bid_Action,Ope_Action
0.0,0.0
2.0,-2.0
0.0,0.0
2.0,-2.0
2.0,-2.0
2.0,-2.0
13.263157894736857,-2.0
25.0,-2.0
2.0,-2.0
2.0,-2.0
2.0,-2.0
25.0,-2.0
2.0,-2.0
2.0,-2.0
2.0,-2.0
2.0,-2.0
2.0,-2.0
25.0,-2.0
2.0,-2.0
2.0,-2.0
2.0,-2.0
2.0,-2.0
2.0,-2.0
25.0,-2.0
2.0,-2.0
2.0,-2.0
2.0,-2.0
2.000000000000006,-1.9978456838940895
1.9642887918517509,-1.918225544019161
1.9517824360614955,-1.9517824360614955
1.9517824360614993,-1.8239919491858758
-1.8881305590824071,1.8881305590824071
0.12602213044834532,1.6979698187375212
0.0,0.0
-1.8305748156469188,1.8305748156469188
-23.152257977474807,-1.8477420225251926
23.03863094908095,1.9613690509190498
-1.6348033334878385,1.6348033334878385
-1.3408562558463175,1.3408562558463175
-25.0,2.1493868883538774
-2.1168509288620228,2.1168509288620228
-2.1202386120575802,2.1202386120575802
-25.0,1.544226120490972
-1.9539865208140776,1.9539865208140776
-25.0,2.4079105075525113
-1.8441599459576334,1.8441599459576334
-1.9216020366770312,1.9216020366770312
-1.5892411246297824,1.5892411246297824
-23.640636037188628,1.9640309147061465
-1.7641594996102539,1.7641594996102539
1.971857456944898,-1.971857456944898
-1.8488919729271132,1.8488919729271132
1.7148612142405817,-1.7148612142405817
2.4460879772900066,-2.4460879772900066
2.0988332509812317,-2.0988332509812317
-1.9874183939148917,1.9874183939148917
-1.9874183939148917,0.0
0.0,0.0
2.0906224978164833,-2.0906224978164833
2.1491260667273173,-2.1491260667273173
0.0,0.0
2.1013357500721277,-2.1013357500721277
25.0,-1.7004283741968393
25.0,0.0
2.074581809996182,-2.074581809996182
8.935918752985717,-1.9723324840520293
22.989659282445086,2.0103407175549144
25.0,0.0
-3.8050000000000055,2.0
-2.0,2.0
2.0,-2.0
-2.0,2.0
2.000000000000006,-2.000000000000006
2.0,-2.0
-2.0,2.0
-2.0,2.0
-2.0,2.0
-2.0,2.0
-2.0,2.0
-1.9999999999999847,1.9999999999999847
-1.9999999999999847,1.9999999999999847
-2.0,2.0
-2.0,2.0
-2.0,2.0
-2.0,2.0
-2.0,2.0
2.000000000000006,-2.000000000000006
2.0,-2.0
2.0,-2.0
-2.0,2.0
-25.0,2.0
-25.0,0.0
2.0,-2.0
2.0,-2.0
-18.194999999999997,-2.0
-23.0,-2.0
2.0000000000000018,-2.0000000000000018
2.0,-2.0
6.700831024930749,-2.0
25.0,-2.0
-23.0,-2.0
2.0,-2.0
2.0,-2.0
4.21606648199446,-2.0
2.0,-2.0
2.0,-2.0
2.0,-2.0
2.0,-2.0
2.0,-2.0
2.0,-2.0
-2.0,2.0
2.0,-2.0
2.0,-2.0
-2.0,2.0
-2.0,2.0
-2.0,2.0
-2.0,2.0
23.0,2.0
25.0,-2.0
25.0,-2.0
25.0,-2.0
2.0,-2.0
9.044008021444498,-1.9999999999999991
1.9933216201179036,-1.9933216201179036
1.862985492397403,-1.862985492397403
1.8591493001434674,-1.8591493001434674
2.0030833912979022,-2.0030833912979022
-18.953744540678315,-1.9181353022806817
25.0,-2.062338893337216
2.192158952733731,-2.192158952733731
2.0337316680738726,-2.0337316680738726
-25.0,2.3260762626909823
-2.1519509243076653,2.1519509243076653
-2.580573793188274,2.580573793188274
-1.6047806025911777,1.6047806025911777
-2.1319340873170596,2.1319340873170596
-2.2380479381124214,2.2380479381124214
-23.97231707534781,1.9335468151246324
-25.0,1.8654185652840098
-25.0,1.9667795612486074
-1.6448035470680882,1.6448035470680882
-1.737936906677347,1.737936906677347
-2.1410806741582338,2.1410806741582338
-1.8962753573530833,1.8962753573530833
-2.059360351386469,2.059360351386469
1.8262599770504746,-1.8262599770504746
2.1022789997294655,-2.1022789997294655
-2.0316230049054793,2.0316230049054793
-1.9073542016890306,1.9073542016890306
1.64469467415682,-1.64469467415682
-2.1039537491210636,2.1039537491210636
2.209303911669267,-2.209303911669267
-2.1051904822783425,1.9954784606589722
1.8965095130057246,-1.8965095130057246
-2.0313686525388635,2.0313686525388635
-1.7283890679327585,1.7283890679327585
-2.0313686525388635,0.0
0.0,0.0
1.9466650542115147,-1.9466650542115147
2.279133024621511,-2.279133024621511
0.0,0.0
0.0,0.0
2.0168545029703573,-2.0168545029703573
2.0,-2.0
0.0,0.0
2.0,-2.0
2.0,-2.0
2.0,-2.0
0.0,0.0
0.0,0.0
2.0,-2.0
0.0,0.0
0.0,0.0
0.0,0.0
0.0,0.0
0.0,0.0
0.0,0.0
2.0,-2.0
2.9168975069252054,2.0
-2.0,2.0
23.0,2.0
-2.0,2.0
2.0,-2.0
-2.0,2.0
-2.0,2.0
2.0,-2.0
-2.0,2.0
-25.0,0.0
-1.9999999999999847,1.9999999999999847
-2.0,2.0
-2.0,2.0
-2.0,0.0
2.0,-2.0
2.0,-2.0
2.0,-2.0
2.0,-2.0
2.0,-2.0
2.0,-2.0
2.0,-2.0
25.0,-2.0
2.0,-2.0
2.0,-2.0
23.0,2.0
25.0,0.0
-2.0,2.0
-2.0,2.0
-2.0,2.0
5.263157894736849,2.0
25.0,-2.0
2.0,-2.0
2.0,-2.0
2.0,-2.0
2.0,-2.0
2.0,-2.0
2.0,-2.0
-12.259211280197263,-2.0
-25.0,0.0
-25.0,0.0
2.0,-2.0
-2.015941939152921,2.015941939152921
25.0,-1.7986578612772703
1.8287011759587202,-1.8287011759587202
-2.093743915739916,2.093743915739916
-2.061567946895972,2.061567946895972
25.0,0.0
25.0,-1.755910088672664
-2.0371502774877017,2.0371502774877017
1.561858798511623,-1.561858798511623
-1.9610459034954557,1.9610459034954557
-1.7298231924117706,1.7298231924117706
-25.0,1.871177468929627
-25.0,0.0
-1.7558394001737527,1.7558394001737527
-1.832893335296454,1.832893335296454
-22.091028168508448,1.9323429016275568
-25.0,1.9847196080100602
-2.111174389940582,2.111174389940582
-1.9565019584248615,1.9565019584248615
-2.1125029550317134,2.1125029550317134
-2.1125029550317134,2.1125029550317134
-2.0518641842558303,1.9670282332894153
-1.9318676477018508,1.9318676477018508
1.7645770035569437,-1.7645770035569437
2.131729280014412,-2.131729280014412
1.5903898127370781,-1.5903898127370781
-1.9613854607491503,1.9613854607491503
1.7071416514711633,-1.7071416514711633
-1.9748459394658036,1.9748459394658036
-2.027667004065298,2.027667004065298
-2.027667004065298,2.027667004065298
-2.027667004065298,2.027667004065298
1.9124551342622005,-1.9124551342622005
-1.7078070385245254,1.7078070385245254
-2.027667004065298,2.027667004065298
-2.027667004065298,2.027667004065298
-1.9276544238225897,1.9276544238225897
-1.911383741977234,1.911383741977234
-2.027667004065298,2.027667004065298
-2.0,2.0
-2.0,2.0
-2.0,2.0
2.0,-2.0
-2.0,2.0
-2.0,2.0
2.0,-2.0
-2.0,2.0
-2.0,2.0
2.0,-2.0
-2.0,2.0
2.0,-2.0
-2.0,2.0
2.0,-2.0
-2.0,2.0
2.0,-2.0
2.0,-2.0
2.0,-2.0
2.0,-2.0
2.0,-2.0
2.0,-2.0
2.0,-2.0
-2.0,2.0
-2.0,2.0
-2.0,2.0
-2.027667004065298,2.0
-2.0,2.0
-2.0,2.0
2.0,-2.0
0.0,-2.0
1.9999999999999996,-1.9999999999999996
2.0000000000000013,-2.0000000000000013
2.0,-2.0
5.2631578947368585,-2.000000000000022
-2.0,2.0
23.0,2.0
23.0,2.0
23.0,2.0
-2.0,2.0
23.0,2.0
-2.0,2.0
-2.0,2.0
-2.0,2.0
1.9999999999999996,-1.9999999999999996
2.0,-2.0
2.0,-2.0
2.0,-2.0
2.0,-2.0
2.0000000000000013,-2.0000000000000013
2.0000000000000013,-2.0000000000000013
2.0,-2.0
2.000000000000002,-2.000000000000002
2.0,-2.0
2.0000000000000013,-2.0000000000000013
1.9999999999999996,-1.9999999999999996
2.0000000000000013,-2.0000000000000013
2.0,-2.0
-25.0,2.0435171880205374
1.8632915495143756,-1.8632915495143756
-2.1687023628943547,2.1687023628943547
1.9027666285605167,-1.9027666285605167
-25.0,2.040034936275834
23.025559414895138,1.9744405851048619
25.0,-1.9476043591981522
2.088462553929013,-2.088462553929013
-25.0,0.0
1.9596084654930563,-1.9596084654930563
-2.279696718064274,2.279696718064274
-25.0,2.3036465495277447
-25.0,1.7780778757015447
-2.0790966433970226,2.0790966433970226
-19.696962122367843,2.1362252578893184
-2.105621871465889,2.105621871465889
-1.813820063536843,1.813820063536843
-2.166826750870806,2.166826750870806
-2.0854286288016652,2.0854286288016652
-1.8147500591006338,1.8147500591006338
-2.110794123685281,2.110794123685281
-2.112509582078486,2.112509582078486
-2.1149388680812247,2.1149388680812247
-2.1269038432428005,2.1269038432428005
-1.9271719117027941,1.9271719117027941
-2.166826750870806,2.166826750870806
-2.1372294132622325,2.1372294132622325
-1.972778616446325,1.972778616446325
-2.166826750870806,2.166826750870806
-1.9058454440404091,1.9058454440404091
-2.166826750870806,2.166826750870806
-2.166826750870806,2.166826750870806
2.177407146617338,-2.177407146617338
-1.9245998286207833,1.9245998286207833
-2.166826750870806,2.166826750870806
-2.166826750870806,2.166826750870806
2.1599794336861597,-2.1599794336861597
2.0808504045427054,-2.0808504045427054
1.9265378206805843,-1.9265378206805843
-2.0,2.0
-2.0,2.0
-2.0,2.0
-2.0,2.0
2.0,-2.0
-2.0,2.0
2.0,-2.0
2.0000000000000013,-2.0000000000000013
-2.0,2.0
-2.0,2.0
-2.0,2.0
-2.0,2.0
-2.0,2.0
-2.0,2.0
-2.0,2.0
-2.0,2.0
-2.0,2.0
-2.0,2.0
-2.0,2.0
2.0,-2.0
-2.0,2.0
-2.0,2.0
-2.0,2.0
-2.0,2.0
-2.0,2.0
1.8331732491291943,-2.0
1.9999999999791822,-1.9999999999791822
-2.0,2.0
-2.0,2.0
-2.0,0.0
0.0,0.0
0.0,0.0
2.0,-2.0
0.0,0.0
2.0,-2.0
0.0,0.0
0.0,0.0
2.0,-2.0
2.0,-2.0
2.0,-2.0
2.0,-2.0
0.0,2.0
-1.805,1.805
-1.805,1.805
2.0,-2.0
2.0,-2.0
2.0,-2.0
2.0,-2.0
2.0,-2.0
2.0,-2.0
25.0,-2.0
2.0,-2.0
11.26315789473685,-2.0
2.0,-2.0
25.0,-2.0
25.0,-2.0
25.0,-2.0
2.000000000000006,-2.0
-2.0023697478243636,2.0023697478243636
1.9394736655906426,-1.9394736655906426
-1.9804321059815497,1.9804321059815497
-1.886910709115716,1.886910709115716
-1.9803593268071693,1.9803593268071693
1.9835246883621787,-1.9835246883621787
2.000000000000006,-2.672779602929574
-23.29430880394454,-1.7056911960554615
-2.490359963256118,2.490359963256118
-1.733922020840787,1.733922020840787
-1.629979474584505,1.629979474584505
-25.0,1.7963866702798583
-2.04330775066066,2.04330775066066
-25.0,1.7497598736937903
-20.709863276198853,1.7284422420937702
-1.8710244157065405,1.8710244157065405
-1.8535653031966053,1.8535653031966053
-2.086945906938995,2.086945906938995
-2.0859086163322145,2.0859086163322145
-1.6595073859887925,1.6595073859887925
-1.432708386412822,1.432708386412822
-2.086945906938995,2.086945906938995
-2.086945906938995,2.086945906938995
-1.7931809152969005,1.7931809152969005
2.2223781282311577,-2.2223781282311577
-2.086945906938995,2.086945906938995
-2.0058103421515208,2.0058103421515208
-1.9191686482167665,1.9191686482167665
1.8933312129308248,-1.8933312129308248
1.8715427454362752,-1.8715427454362752
-2.086945906938995,2.086945906938995
-2.086945906938995,2.086945906938995
-2.086945906938995,2.086945906938995
-1.9244276831915168,1.9244276831915168
-2.0674259406695272,2.0674259406695272
-2.086945906938995,2.086945906938995
-2.0213513979811975,2.0213513979811975
1.933076215910345,-1.933076215910345
-1.8944491276758373,1.8944491276758373
-2.0,2.0
-2.0,2.0
-2.0,2.0
-2.0,2.0
-2.0,2.0
-2.0,2.0
2.0,-2.0
25.0,-2.0
4.3884255878792295,-1.9999999999999996
2.0,-2.0
2.0,-2.0
2.0,-2.0
2.0,-2.0
2.0,-2.0
-2.0,2.0
-2.0,2.0
-2.0,2.0
2.0,-2.0
2.0,-2.0
2.0,-2.0
2.0,-2.0
-2.0,2.0
2.0,-2.0
-2.0,2.0
-25.0,2.0
-2.0,2.0
-2.0,2.0
-2.0,2.0
-2.0,0.0
0.0,0.0
0.0,0.0
0.0,0.0
0.0,0.0
2.0,-2.0
2.0,-2.0
2.0,-2.0
2.0,-2.0
2.0,-2.0
2.0,-2.0
0.0,0.0
2.0,-2.0
2.0,-2.0
2.0,-2.0
2.0,-2.0
2.0,-2.0
2.0,-2.0
2.0,-2.0
2.0,-2.0
2.0,-2.0
2.0,-2.0
2.0,-2.0
25.0,-2.0
25.0,-2.0
25.0,-2.0
13.263157894736848,-1.9999999999999982
2.0,-2.0
25.0,-1.9825500378933754
1.780259732234743,-1.780259732234743
1.7022458023275906,-1.7022458023275906
1.7670658540872242,-1.7670658540872242
-2.2029974877307485,2.2029974877307485
-0.2969879466220089,2.279537984515382
-2.168167623334516,2.168167623334516
0.0,0.0
-23.31314436984788,-1.6868556301521203
0.6723235187572332,2.5267523906092952
-2.24442441940254,2.24442441940254
-2.344624735460915,2.344624735460915
-25.0,0.0
-25.0,2.3493665452137265
-25.0,2.413730948061019
-2.3828911969693616,2.3828911969693616
-2.4375908410325735,2.4375908410325735
-2.4893051583114385,2.4893051583114385
-2.4459857314255116,2.4459857314255116
-2.3551459611469756,2.3551459611469756
1.656190706865802,-1.656190706865802
1.5202321087156792,-1.5202321087156792
1.4781099682800507,-1.4781099682800507
-2.4596469149872853,2.4596469149872853
-2.494857992359785,2.494857992359785
-2.6502635014780465,2.6502635014780465
-2.6502635014780465,2.6502635014780465
-2.4029806159008125,2.4029806159008125
-2.541444868878389,2.541444868878389
-2.6502635014780465,2.588747466448461
1.4477757661850656,-1.4477757661850656
1.5723610897783313,-1.5723610897783313
1.514610479610357,-1.514610479610357
0.9635279912822909,-1.5522754577307518
-2.0,2.0
-2.0,2.0
-2.0,2.0
-2.0,2.0
1.946519180289098,-1.946519180289098
-2.0,2.0
2.013524458809957,-2.013524458809957
-2.0,2.0
-2.0,2.0
-2.0,2.0
-2.0,2.0
-2.0,2.0
-2.0,2.0
-2.0,2.0
-2.0,2.0
-2.0,2.0
-2.0,2.0
-2.0,2.0
2.0,-2.0
-2.0,2.0
-2.0,2.0
-2.0,2.0
-2.0,2.0
-2.0,2.0
-2.0,2.0
-2.0,2.0
-2.0,2.0
-2.0,2.0
-2.0,2.0
-2.0,2.0
-2.0,2.0
-2.0,2.0
-2.0,2.0
-2.0,2.0
0.0,-2.0
2.0,-2.0
2.0,-2.0
2.0,-2.0
2.0,-2.0
0.0,0.0
0.0,0.0
2.0,-2.0
25.0,-2.0
2.0,-2.0
2.0,-2.0
2.0,-2.0
25.0,-2.0
2.0,-2.0
-2.0,2.0
2.0,-2.0
25.0,-2.0
-8.154999999999987,-2.0
-2.0,2.0
2.0,-2.0
25.0,-2.0
-25.0,2.0
-2.0,2.0
2.0,-2.0
-2.0,2.0
-2.0,2.0
-2.0,2.0
-2.0,2.0
22.978672270042992,2.021327729957008
25.0,0.0
-2.297417125561254,2.297417125561254
-2.1329952037348576,2.1329952037348576
-24.62571997498435,2.0632199749843494
22.782341906939397,2.217658093060603
-2.257829357155761,2.257829357155761
-25.0,2.0992567508273794
-25.0,2.199210288286885
-2.2968891708350156,2.2968891708350156
-2.194869888224315,2.194869888224315
-25.0,2.119604940156634
-25.0,2.1193632107362497
-2.0746438991129708,2.0746438991129708
-2.031127554265792,2.031127554265792
-3.5348001499807973,2.3116087884385124
-2.0879327057608394,2.0879327057608394
-1.902720002552864,1.902720002552864
-2.314243828464865,2.314243828464865
-2.196287445086396,2.196287445086396
-2.053064972525906,2.053064972525906
-2.314243828464865,2.1754154034884374
-2.1754154034884374,2.053903136155844
-2.053903136155844,2.053903136155844
-2.053903136155844,2.053903136155844
1.7727497300961632,-1.7727497300961632
1.892665194730152,-1.892665194730152
1.9555539751626876,-1.9555539751626876
1.7279426889965581,-1.7279426889965581
1.7881270031984524,-1.7881270031984524
2.003636670810023,-2.003636670810023
1.6892798669763627,-1.6892798669763627
2.058623486900059,-2.058623486900059
1.6203535313600952,-1.6742566675159392
2.1099553289080317,-2.1099553289080317
1.8264294401036656,-1.8264294401036656
1.6810924662621463,-1.6810924662621463
2.09637382769436,-2.09637382769436
2.000681875776879,-2.000681875776879
-2.0,2.0
2.0,-2.0
-2.0,2.0
2.0,-2.0
-2.0,2.0
2.0,-2.0
2.0,-2.0
2.0,-2.0
2.0,-2.0
-2.0,2.0
2.0,-2.0
2.0,-2.0
-2.0,2.0
2.0,-2.0
2.0,-2.0
2.0,-2.0
2.0,-2.0
2.0,-2.0
-2.0,2.0
-2.0,2.0
2.0,-2.0
-2.0,2.0
-2.0,2.0
-2.0,2.0
-2.0,2.0
-2.0,2.0
-2.0,2.0
2.0,-2.0
0.0,-2.0
2.0,-2.0
2.0,-2.0
2.0,-2.0
2.0,-2.0
0.21606648199445955,2.0000000000000004
-2.0,2.0
-2.0,2.0
-2.0,2.0
-2.0,2.0
-2.0,2.0
-2.0,2.0
-2.0,2.0
-2.0,2.0
-2.0,0.0
2.0,-2.0
2.0,-2.0
2.0,-2.0
25.0,-2.0
2.0,-2.0
2.0,-2.0
2.0,-2.0
-20.757499999999993,1.999999999999993
-2.0,2.0
-2.0,2.0
-2.0,2.0
25.0,0.0
23.0,2.0
-2.0,2.0
25.0,0.0
24.999999999965656,3.434408313296444e-11
0.8104651733962723,2.236626239346107
0.0,-1.7415594938611336
1.9297058103724467,-1.9297058103724467
1.929705810372447,2.220446049250313e-16
0.0,0.0
0.0,0.0
-23.295846515476086,-1.7041534845239141
25.0,-2.632560835991171e-12
2.70083102493338,-1.9808371053221272
1.7360661860454645,-1.7360661860454645
-20.230721489359215,-2.0566505204036822
-2.0960587273989937,2.0960587273989937
-25.0,2.02232620500412
-25.0,2.22214933733067
-25.0,2.1763532883936207
-2.013694634369294,2.013694634369294
-1.7833668901736015,1.7833668901736015
-2.272621556700104,2.272621556700104
-1.8881228275278374,1.8881228275278374
-2.1976747068775158,2.1976747068775158
-2.328924314935036,2.328924314935036
-2.1500937733429826,2.1500937733429826
-1.9310408447235226,1.9310408447235226
-2.1141101716609603,2.1141101716609603
-2.1614714659310215,2.1614714659310215
-2.345751333412302,2.345751333412302
-2.051027629003734,2.051027629003734
2.1538749768873853,-2.1538749768873853
1.7791817523497109,-1.7791817523497109
1.456209156564019,-1.456209156564019
2.2301705885150778,-2.2301705885150778
1.8619851239083545,-1.8619851239083545
-2.345751333412302,0.0
1.9900972986794074,-1.9900972986794074
1.8034944935174102,-1.8034944935174102
2.0458710765737207,-2.0458710765737207
1.8915531328902881,-1.8915531328902881
1.9790120590460907,-1.9790120590460907
2.0232827207739215,-2.0232827207739215
2.0,-2.0
2.0,-2.0
2.0,-2.0
2.0,-2.0
2.0,-2.0
2.0,-2.0
2.0,-2.0
2.0,-2.0
2.0,-2.0
2.0,-2.0
2.0,-2.0
0.0,2.0
-1.805,2.0
-1.9809875,1.9809875
-1.9809875,2.0
2.00205398199446,-2.0
-2.0,2.0
-2.0,2.0
-2.0,2.0
-2.0,2.0
-2.0,2.0
-2.0,2.0
-2.0,2.0
-2.0,2.0
-2.0,2.0
-2.0,2.0
-2.0,2.0
0.0,-2.0
2.0,-2.0
2.0,-2.0
2.0,-2.0
2.0,-2.0
2.0,-2.0
0.0,0.0
0.0,2.0
-1.805,2.0
-1.9809875000000001,2.0
-1.99814628125,2.0
-1.9998192624218756,2.0
23.0,2.0
-24.562482378086134,0.0
0.0,0.0
0.0,0.0
0.0,0.0
0.0,2.0
-1.805,1.805
25.0,-2.0
25.0,-2.0
2.0,-2.0
2.0,-2.0
9.26315789473685,-2.000000000000001
-2.0,2.0
-2.0,2.0
-2.0,2.0
23.0,2.0
-2.0413628702196522,2.0413628702196522
22.721800269673153,2.278199730326847
-2.2197110574787375,2.2197110574787375
-1.9711759756350882,1.9711759756350882
-1.9408487161605317,1.9408487161605317
-2.0815458105400797,2.0815458105400797
-2.033007742107351,2.033007742107351
-1.9011143637918968,1.9011143637918968
-25.0,2.1254632495038415
20.87196216161945,2.074961681784412
2.398823248558636,-2.398823248558636
2.398823248558639,-2.662242677454136
-25.0,0.0
-2.085851813074161,2.085851813074161
-25.0,2.141707087865097
-2.25031617955727,2.25031617955727
-1.7410326842412411,1.7410326842412411
-21.056799948442844,1.6394488932756133
-25.0,1.8925844078742529
-2.1419936287446095,2.1419936287446095
-2.1885830298524587,2.1885830298524587
1.905942640726411,-1.905942640726411
1.860666026026899,-1.860666026026899
1.9745363617094132,-1.9745363617094132
1.9776031064969697,-1.9776031064969697
-1.5720600325106515,1.5720600325106515
1.9154294159685925,-1.9154294159685925
2.011290594259024,-2.011290594259024
1.9385054239790138,-1.9385054239790138
-1.5084302851341782,1.5084302851341782
-1.934179540304613,1.934179540304613
1.3286703791256471,-1.3286703791256471
2.2792479723256545,-2.2792479723256545
2.0672919796526186,-2.0672919796526186
-1.2196769187206478,1.2196769187206478
-1.9275973049908806,1.9275973049908806
1.9782434054446907,-1.9782434054446907
-1.8693077739121264,1.8693077739121264
2.027256254442646,-2.027256254442646
-1.9551862233751767,1.9551862233751767
2.0,-2.0
2.0,-2.0
2.0,-2.0
-2.0,2.0
2.0,-2.0
2.0,-2.0
-2.0,2.0
-2.0,2.0
-2.0,2.0
-2.0,2.0
-2.0,2.0
2.0,-2.0
-2.0,2.0
-2.0,2.0
-2.0,2.0
-2.0,2.0
-2.0,2.0
2.0,-2.0
2.0,-2.0
-2.0,2.0
-2.0,2.0
-2.0,2.0
-2.0,2.0
-2.0,2.0
2.0,-2.0
-1.9999999999999847,1.9999999999999847
2.0,-2.0
-2.1885830298524587,2.0
-2.0,0.0
0.0,0.0
2.0000000000000013,-2.0000000000000013
2.0,-2.0
2.0,-2.0
0.0,0.0
1.9999999999583662,-1.9999999999583662
2.0,-2.0
25.0,-2.0
2.0000000000000013,-2.0000000000000013
-2.0,2.0
6.700831024930749,-2.0
1.9999999999999996,-1.9999999999999996
2.0000000000000013,-2.0000000000000013
1.9999999999999996,-1.9999999999999996
2.0,-2.0
-25.0,2.0
0.0,-2.000000000000013
2.0,-2.0
11.214863949646555,-2.0
2.0000000000000013,-2.0000000000000013
2.0,-2.0
-2.0,2.0
-2.0,2.0
-2.0,2.0
-2.0,2.0
2.0000000000000013,-2.0000000000000013
25.0,-2.0
25.0,-1.9791031340962526
25.0,0.0
25.0,-1.878834469221772
1.906231548408343,-1.906231548408343
1.9062315484083436,-9.547918011776346e-15
-1.9679336141080515,1.9679336141080515
-2.1047625644010077,2.10476256440101
0.0,0.0
-22.662226999754914,-2.337773000245086
-2.002168622163005,2.002168622163005
-2.060675662384055,2.060675662384055
-25.0,1.513830697106748
-25.0,2.2464052752403134
-2.0191070381407874,2.0191070381407874
-23.75384907712631,2.2957218638820223
-2.3021087591027847,2.3021087591027847
-2.0762078821034193,2.066983033043541
-1.9545933689542778,1.9545933689542778
-2.0321045703043055,2.0321045703043055
-1.835534371222269,1.835534371222269
-1.8789566751200022,1.8789566751200022
-1.799328605686525,1.799328605686525
-2.1366194093854736,2.1366194093854736
-1.8502300052279201,1.8502300052279201
-1.724068075650023,1.724068075650023
-2.29288390999496,2.29288390999496
-1.873511767261955,1.873511767261955
-2.208231907960343,2.208231907960343
-1.9381620798414483,1.9381620798414483
-1.3232096925848067,1.3232096925848067
-2.057203089875074,2.057203089875074
-1.6484389555834875,1.6484389555834875
-2.0821627570372665,2.0821627570372665
-2.0388887727577836,2.0388887727577836
-1.668333823356106,1.668333823356106
-2.052624589489166,2.052624589489166
-2.142070076462739,2.142070076462739
-1.9651665854001388,1.9651665854001388
2.142131968345993,-2.142131968345993
-1.9730361393420148,1.9730361393420148
-2.0,2.0
-2.0,2.0
-2.0,2.0
-2.0,2.0
-2.0,2.0
-2.0,2.0
-2.0,2.0
-2.0,2.0
25.0,-2.0
2.0,-2.0
-2.0,2.0
-2.0,2.0
6.376305916795382,-2.0
1.9999999999999996,-1.9999999999999996
1.9999999999791822,-1.9999999999791822
2.0000000000000013,-2.0000000000000013
2.0,-2.0
2.0000000000000013,-2.0000000000000013
2.0,-2.0
2.0000000000000013,-2.0000000000000013
2.0,-2.0
2.0000000000000013,-2.0000000000000013
2.0,-2.0
1.9999999999791822,-1.9999999999791822
-25.0,0.0
-1.999999999950737,1.999999999950737
-1.999999999950737,1.999999999950737
-1.999999999950737,1.999999999950737
4.926303809327237e-11,-2.0
0.0,0.0
2.0,-2.0
2.0,-2.0
2.0,-2.0
2.0,-2.0
2.0,-2.0
2.0,-2.0
2.0,-2.0
2.0,-2.0
2.0,-2.0
2.0,-2.0
4.216066481994461,-2.0
2.0,-2.0
2.0,-2.0
2.0,-2.0
-2.000000000000001,2.000000000000001
-2.0,2.0
-2.0,2.0
-2.0,2.0
23.0,2.0
-2.0,2.0
25.0,-2.0
-2.0,2.0
25.0,0.0
2.0,-2.0
3.0470914127423816,2.0
-2.0,2.0
-2.019388845415462,2.019388845415462
25.0,-1.6605643999490596
1.6605643999490618,-1.6605643999490618
1.6605643999490598,-1.6605643999490598
1.6605643999490636,-1.6605643999490636
-0.933585687487563,2.5941500874366237
-2.070256163002024,2.070256163002024
-1.794583640197155,1.794583640197155
-25.0,1.7657313719900465
-1.9907196099287443,1.9907196099287443
-2.0269152771075003,2.0269152771075003
-2.115422958069299,2.115422958069299
-2.144744799876314,2.144744799876314
-2.034907495515572,2.034907495515572
-1.9681939623741282,1.9681939623741282
-25.0,2.0432992301719537
-1.9987414922604678,1.9987414922604678
-1.9781667210463194,1.9781667210463194
-1.9329153522392746,1.9329153522392746
-1.9969831158500684,1.9969831158500684
-1.8718512186848688,1.8718512186848688
1.891991129401255,-1.891991129401255
-2.0433257383590435,2.0433257383590435
-2.0519194401551673,2.0519194401551673
-1.9722503461464314,1.9722503461464314
-2.2032231228946824,2.2032231228946824
1.9964807225899532,-1.9964807225899532
-1.9931798221497568,1.9931798221497568
-2.096488538718262,2.096488538718262
-2.118904366640643,2.118904366640643
-24.158252825434687,2.363871572731245
-2.0047140392710983,2.0047140392710983
-2.0084106690757313,2.0084106690757313
-25.0,0.0
2.1707569051807702,-2.1707569051807702
-2.014649349458557,2.014649349458557
1.4007060619730112,-1.4007060619730112
-2.014649349458557,2.014649349458557
-1.9494323984930826,1.9494323984930826
-1.9965288672958246,1.9965288672958246
-2.014649349458557,2.014649349458557
-2.014649349458557,1.9999999999999998
2.0,-2.0
-2.0,2.0
-2.0,2.0
-2.0,2.0
-2.0,2.0
-2.0,2.0
2.0,-2.0
-2.0,2.0
-2.0,2.0
-2.0,2.0
25.0,-2.0
3.047091412742385,2.0
23.0,2.0
23.0,2.0
25.0,-2.0000000000000036
-2.0,2.0
2.0,-2.0
2.000000000000006,0.0
-2.0,2.0
0.0,0.0
0.0,0.0
-2.0,2.0
-22.000000000000004,2.0
-2.0,2.0
-25.0,0.0
-25.0,0.0
-25.0,0.0
2.0,-2.0
2.0,-2.0
2.0,-2.0
0.0,0.0
0.0,2.0
-1.804999999999997,2.0
-1.9809875000000028,2.0
-1.9981462812500002,1.9999999999999956
-1.999819262421871,2.0
-1.999980474333665,2.0
-2.0,2.0
-2.0,2.0
-2.0,2.0
-2.0,2.0
-2.0,2.0
-2.0,2.0
-2.0,2.0
-2.0,2.0
-2.0,2.0
23.0,2.0
-2.0,2.0
-2.0,2.0
23.0,2.0
23.0,2.0
-2.0,2.0
-2.0,2.0
-2.0,2.0
1.0283488621998882,2.01874255056828
-2.1547723722132766,2.1547723722132766
-2.062263273999932,2.062263273999932
22.958603521160214,2.0413964788140007
-24.628497969876804,2.065997969876804
23.084669516372518,1.915330483627482
-1.863831545368737,1.863831545368737
-1.9146382728133755,1.9146382728133755
-2.088233447454866,2.088233447454866
-1.9707434819397447,1.9707434819397447
-1.7393487832136225,1.7393487832136225
-1.7473043950776166,1.7473043950776166
-2.1612070152074176,2.1612070152074176
-1.8948451775447692,1.8948451775447692
-24.918050040590344,1.7566024572735977
-25.0,1.8775889788955453
-25.0,1.5498587946742468
-25.0,1.8476675471424109
-1.9905151181997534,1.9905151181997534
-1.8865228690926745,1.8865228690926745
-1.8239307278966406,1.8239307278966406
-2.113667737395458,2.113667737395458
-2.1115199430937386,2.1115199430937386
-2.0133235197500134,2.0133235197500134
-2.113667737395458,2.113667737395458
2.4161009062164576,-2.4161009062164576
2.207902449063635,-2.207902449063635
1.8740646523070055,-1.8740646523070055
2.4436896175055427,-2.4436896175055427
2.064033050508649,-2.064033050508649
-1.9828305841061358,1.7685235676970121
1.811053744869656,-1.811053744869656
2.304091192808839,-2.304091192808839
-1.8993607209863343,1.8993607209863343
-1.7074351349711043,1.7074351349711043
-1.8993607209863343,1.8993607209863343
-1.8993607209863343,1.982119420515206
-1.9575302551824518,1.9575302551824518
-1.9381648016642294,1.9381648016642294
-1.9740504473111409,1.9740504473111409
-1.9740504473111409,2.0028034142794056
-2.0,2.0
2.059699507701369,-2.059699507701369
-2.0,2.0
-2.0,2.0
-1.9999999999999847,1.9999999999999847
-2.0,2.0
-2.0,2.0
-2.0,2.0
-2.0,2.0
-2.0,2.0
-2.0,2.0
-2.0,2.0
-2.0,2.0
-2.0,2.0
-2.0,2.0
-2.0,2.0
-2.0,2.0
-2.0,2.0
-2.0,2.0
-2.0,2.0
-2.0,2.0
-2.0,2.0
-2.0,2.0
-2.0,2.0
-2.0,2.0
-2.0,2.0
-2.0,2.0
-2.0,0.0
0.0,0.0
0.0,0.0
2.0,-2.0
2.0,-2.0
2.0,-2.0
0.21606648199446,2.0
-2.0,2.0
-2.0,2.0
-2.0,2.0
-2.0,2.0
-2.0,2.0
-2.0,2.0
-2.0,2.0
-2.0,2.0
-2.0,2.0
-2.0,2.0
-2.0,2.0
-2.0,2.0
-2.0,2.0
23.0,2.0
-2.0,2.0
23.0,2.0
23.0,2.0
23.0,2.0
1.0470914127423794,2.0
-2.0,2.0
-2.0,2.0
-2.0066783798820964,2.0066783798820964
0.0,0.0
-2.2012225831501238,2.2012225831501238
0.0,0.0
-1.8220975605298042,1.8220975605298042
-2.079668305074596,2.079668305074596
-2.0995808449719413,2.0995808449719413
-2.1321568823180903,2.1321568823180903
-25.0,2.0574151553718067
-1.9541913281167247,1.9541913281167247
-2.1558432097789257,2.1558432097789257
-2.077467336611866,2.077467336611866
-25.0,1.8521969758248389
-2.1174401048774962,2.1174401048774962
-2.408577415670903,2.177403833093952
-2.178359705697524,2.178359705697524
-1.9550124507692468,1.9550124507692468
-25.0,2.2005748287747835
-2.352306429391632,2.352306429391632
-2.2392982409369004,2.2392982409369004
-25.0,1.5222435751980719
-2.401256952592556,2.401256952592556
-1.7769361302146782,1.7769361302146782
-2.0786213894713113,2.0786213894713113
-1.922397282289774,1.922397282289774
-2.216786478623142,2.216786478623142
-2.11510044179302,2.11510044179302
-2.3861517039816107,2.3861517039816107
-1.78736205265667,1.78736205265667
-1.991488347354398,1.991488347354398
1.3804525447405185,-1.3804525447405185
-2.111074353091677,2.111074353091677
-1.9840969811870632,1.9840969811870632
-2.2146456269418504,2.2146456269418504
-2.401256952592556,2.027847797260538
-1.9571801262112851,1.9571801262112851
-1.999128701136197,1.999128701136197
-2.027847797260538,2.0
1.9784527885653476,-1.9784527885653476
1.9911014146056172,-1.9911014146056172
1.9564970374481665,-1.9564970374481665
-1.9836749507307474,1.9836749507307474
-1.9954573961174442,1.9954573961174442
1.9998453491852797,-1.9998453491852797
-1.9641625237131513,1.9641625237131513
-2.0,2.0
-2.0,2.0
-1.9999999999999847,1.9999999999999847
-2.0,2.0
-2.0,2.0
-2.0,2.0
2.0,-2.0
2.0,-2.0
-2.0,2.0
-2.0,2.0
-2.0,2.0
-2.0,2.0
-2.0,2.0
-2.0,2.0
-2.0,2.0
-2.0,2.0
-2.0,2.0
-2.0,2.0
-2.0,2.0
-2.0,0.0
0.0,0.0
2.0,-2.0
2.0,-2.0
2.0,-2.0
2.0,-2.0
2.0,-2.0
2.0,-2.0
2.0,-2.0
2.0,-2.0
2.0,-2.0
2.0,-2.0
25.0,-2.0
2.0,-2.0
2.0,-2.0
6.700831024930749,-2.0
2.0,-2.0
2.0,-2.0
-23.0,-2.0
2.0,-2.0
0.21606648199446,2.0
-2.0,2.0
-2.0,2.0
-2.0,2.0
-2.0,2.0
-2.0,2.0
-2.0,2.0
25.0,0.0
25.0,0.0
25.0,0.0
1.047091412742383,2.0
23.0,2.0
-2.0202505722892745,2.0202505722892745
-2.23918340787475,2.23918340787475
-2.2335537747860386,2.2335537747860386
-1.9544125452494754,1.9544125452494754
-1.9759780599561676,1.9759780599561676
0.0,0.0
-1.7868820651261217,1.7868820651261217
-1.779177018744873,1.779177018744873
-2.1108035908949585,2.1108035908949585
-2.320961444876957,2.320961444876957
-1.7008939242326333,1.7008939242326333
-1.9055614277501434,1.9055614277501434
-25.0,2.0755918823751465
-2.084839238196121,1.842134909808039
-25.0,1.7716329149281087
-25.0,1.5620143763239582
-25.0,2.0136914786327367
-1.7882526015134816,1.7882526015134816
-1.6866785933311856,1.6866785933311856
-2.055852750201689,2.055852750201689
-2.1802263238718798,2.1802263238718798
-1.6674140247660665,1.5035502541201022
-1.96300845606119,1.96300845606119
-1.704110882080374,1.704110882080374
-2.0163625532259153,2.0163625532259153
-1.5226045914603654,1.5226045914603654
-2.0163625532259153,2.0163625532259153
-1.817137058233489,1.817137058233489
1.705196455456501,-1.705196455456501
2.4604156524129364,-2.4604156524129364
2.6592223219939894,-2.6592223219939894
1.7281815782540364,-1.7281815782540364
-1.745915239844562,1.745915239844562
-1.1734034068423038,1.1734034068423038
-2.0163625532259153,2.0163625532259153
-1.9102174014685638,1.9102174014685638
-1.8241139184038617,1.8241139184038617
-1.9392275353970132,1.9392275353970132
-1.965808659449674,1.965808659449674
-2.0163625532259153,2.0163625532259153
-1.9770878807299908,2.0427945218832213
2.0366383011432108,-2.0366383011432108
2.0,-2.0
2.0,-2.0
-1.9999999999999847,1.9999999999999847
-1.9999999999999847,1.9999999999999847
-2.0,2.0
2.0,-2.0
2.0,-2.0
2.0,-2.0
2.0,-2.0
2.0,-2.0
2.0,-2.0
-2.0,2.0
-2.0,2.0
-2.0,2.0
-2.0,2.0
2.0,-2.0
-2.0,2.0
-2.0,2.0
-2.0,2.0
-2.0,2.0
-2.0,2.0
-2.0,2.0
-2.0,2.0
-2.0,2.0
-2.0,2.0
-2.0756627968667063,1.9999999999999998
-1.9999999999999996,0.0
0.0,0.0
0.0,0.0
0.0,0.0
0.0,0.0
0.0,0.0
25.0,-2.0
25.0,-2.0
25.0,-2.0
25.0,-2.0
2.0,-2.0
13.263157894778491,-2.0
-2.0000000000000018,2.0000000000000018
-2.0,2.0
2.0,-2.0
2.0,-2.0
2.0,-2.0
-2.0,2.0
2.0,-2.0
1.9999999999583662,-1.9999999999583662
2.0000000000000013,-2.0000000000000013
2.0,-2.0
-2.0,2.0
-2.0,2.0
2.0000000000000013,-2.0000000000000013
2.0,-2.0
2.0000000000000013,-2.0000000000000013
2.0,-2.0
1.9999999999583662,-1.9999999999583662
2.0000000000000018,-1.8935764925964762
1.8935764925548353,-1.8935764925548353
1.8935764925548346,-1.8935764925548346
1.7290324437236237,-1.7290324437236237
-1.993106451274771,1.993106451274771
-1.645734173779192,1.645734173779192
-25.0,2.0105729797656196
-25.0,2.0621550716826818
-2.1174094942328785,2.1174094942328785
-2.6631136607442834,2.6631136607442834
-24.09430155743457,2.0950996990588635
-2.017436075633058,2.017436075633058
-2.402477591493386,2.402477591493386
-2.2415684778170917,2.2415684778170917
-2.1779734435427613,2.1779734435427613
-1.9283319604617013,1.9283319604617013
-1.9827450636454005,1.9827450636454005
-25.0,2.0743358992248595
-2.336215328679809,2.336215328679809
-2.1230756192236777,2.1230756192236777
-2.179777893706917,2.179777893706917
-2.4389093077667168,2.4389093077667168
-2.040525337737024,2.040525337737024
-2.3981750602695193,2.3981750602695193
-2.1486490771464988,2.1486490771464988
-2.259084709158736,2.259084709158736
-2.1942841835190583,2.1942841835190583
-2.346521964279889,2.346521964279889
-2.1251729217404596,2.1251729217404596
-2.4389093077667168,2.4389093077667168
-2.3561968214209594,2.3561968214209594
-2.436049579297399,2.436049579297399
-1.8862514757486437,1.8862514757486437
-1.967724073200566,1.967724073200566
-2.1222718531222253,2.1222718531222253
-2.3408973372248365,2.3408973372248365
-2.046539540470226,2.046539540470226
-2.154194968574418,2.154194968574418
-2.0107273939000976,2.0107273939000976
-2.000318571605581,2.000318571605581
1.9999999999791822,-1.9999999999791822
2.0000000000000013,-2.0000000000000013
2.0,-2.0
-2.0,2.0
2.0,-2.0
2.0000000000000013,-2.0000000000000013
-2.0,2.0
-2.0,2.0
-2.0,2.0
-2.0,2.0
-2.0,2.0
-2.0,2.0
-2.0,2.0
-2.0,2.0
-2.0,2.0
-2.0,2.0
-2.0,2.0
-2.0,2.0
-2.0,2.0
-2.0,2.0
-2.0,2.0
-2.0,2.0
-2.0,2.0
-2.0,2.0
-2.0,2.0
-2.438909307766716,1.9999999999999998
-2.0,2.0
-2.000000000000001,8.881784197001252e-16
0.0,0.0
2.0,-2.0
2.0,-2.0
2.0,-2.0
0.0,0.0
0.0,0.0
2.0,-2.0
2.0,-2.0
2.0,-2.0
2.0,-2.0
0.0,0.0
0.21606648199446,2.0
-2.0,2.0
-2.0,2.0
-2.0,2.0
-2.0,2.0
-2.0,2.0
-2.0,2.0
-2.0,2.0
-2.0,2.0
-2.0,2.0
-2.0,2.0
23.0,2.0
23.0,2.0
23.0,2.0
-2.0,2.0
-2.0,2.0
-21.829088235232817,2.0165882352328133
22.725324709670975,2.274675290329025
22.634092622168158,2.3659073778318422
-2.2006868574226104,2.2006868574226104
-24.71635478017341,2.153854780173411
22.91890072618295,2.081099273817049
-2.217302757124113,2.217302757124113
-2.257455086799923,2.257455086799923
-25.0,2.118165924285954
22.65591489549059,2.3440851045094107
0.3538327708742815,0.0
-2.1958847731015325,2.1958847731015325
-25.0,0.7710532061222963
-1.740905192484277,1.740905192484277
-1.948570330158713,1.948570330158713
-25.0,2.1661608904569647
-25.0,2.211289816685536
-2.094237236257424,2.094237236257424
-2.2246234347925364,2.2246234347925364
-25.0,1.9907032000986398
-2.029128710729635,2.029128710729635
-1.8671207695836687,1.8671207695836687
-1.8968825210669404,1.8968825210669404
-1.9566168272355933,1.9566168272355933
-1.8148889115092084,1.8148889115092084
-1.9885995861087418,1.9885995861087418
-2.1392071133634483,2.1392071133634483
-1.8949259644006657,1.8949259644006657
1.9509731079743586,-1.9509731079743586
1.9480130270824807,-1.9480130270824807
-2.1092452881823673,2.1092452881823673
1.9660909795315398,-1.9660909795315398
-2.1392071133634483,2.1392071133634483
1.9301477712774648,-1.9301477712774648
2.457821005814533,-2.457821005814533
2.2093443050972166,-2.2093443050972166
25.0,0.0
-1.9508569768690063,1.9508569768690063
22.91654737507434,2.083452624908851
22.967979115884557,2.0320208841154432
23.04139120281694,1.9586087971830608
2.0,-2.0
2.0,-2.0
2.0,-2.0
2.0,-2.0
2.0,-2.0
2.0,-2.0
2.0,-2.0
2.0,-2.0
2.0,-2.0
2.0,-2.0
2.0,-2.0
2.0,-2.0
2.0,-2.0
-2.0,2.0
-2.0,2.0
-2.0,2.0
-2.0,2.0
-2.0,2.0
-2.0,2.0
-2.0,2.0
-2.0,2.0
2.0,-2.0
-2.0,2.0
-23.0,-2.0
-2.0,2.0
-19.389207113348277,2.0
-25.0,0.0
-25.0,0.0
0.0,0.0
0.0,0.0
0.0,0.0
0.0,1.9999999999999998
-1.8049999999999997,1.8049999999999997
-1.805,1.805
-1.8050000000000002,2.0
-1.97893351800554,2.0
-2.0,2.0
-2.0,2.0
-2.0,2.0
-2.0,2.0
-2.0,2.0
-2.0,2.0
2.0,-2.0
2.0,-2.0
-2.0,2.0
-2.0,2.0
23.0,2.0
23.0,2.0
-2.0,2.0
0.0,2.0
25.0,-2.0
25.0,-2.0
5.029787542747778,-2.0000000000000004
2.0,-2.0
2.0,-2.0
1.992244461833815,-1.992244461833815
1.9170588213705166,-1.9170588213705166
2.0173038699946106,-2.0173038699946106
2.017303869994608,-1.7898097208248627
1.7898097208248638,-1.7898097208248638
-0.25050150018666617,2.04031122101153
-1.704966717835041,1.704966717835041
-1.9990558036216948,1.9990558036216948
-25.0,0.0
25.0,0.0
2.7008310249307437,-1.4580366436050447
1.4580366436050394,-1.4580366436050394
1.4580366436050491,-1.4580366436050491
1.458036643605043,-1.458036643605043
-1.8534412827498556,1.8534412827498556
-2.072255637685493,2.072255637685493
-25.0,2.058571101673188
-1.7557264248049576,1.7557264248049576
-1.9027405148404952,1.9027405148404952
-2.024682277918701,2.024682277918701
-1.8553110566607707,1.8553110566607707
-22.494711149594696,2.00617451415037
-2.185307059731075,2.185307059731075
2.1297146577954615,-2.1297146577954615
1.8433495528094088,-1.8433495528094088
1.9053847065028675,-1.9053847065028675
1.9767731477820831,-1.9767731477820831
1.7987567862221248,-1.7987567862221248
2.138854933163519,-2.138854933163519
2.0515319157057825,-2.0515319157057825
1.2677432045378794,-1.2677432045378794
1.5414020518447624,-1.5414020518447624
1.9118823680768315,-1.9118823680768315
-25.0,0.0
-25.0,2.0202342672394877
-1.9727801943146046,1.9727801943146046
-2.274390662614801,2.274390662614801
-2.070070566245676,1.8409373077840865
-2.0452574041532117,2.0452574041532117
-1.9970376213374397,1.9970376213374397
22.99504507263282,2.00495492736718
-24.60775740415321,2.0
-2.0,2.0
-2.0,2.0
-2.0,2.0
-2.0,2.0
-2.0,2.0
0.0,2.0
23.0,2.0
-1.9999999999999956,2.0
-2.0,2.0
-2.0,2.0
25.0,-2.0
2.0,-2.0
-1.9999999999999358,1.9999999999999811
-2.0,2.0
-2.0,2.0
23.0,2.0
25.0,0.0
-2.0,2.0
-2.0,2.0
-0.060941828254897246,2.0
-2.0,2.0
-25.0,2.0
-25.0,2.0
-2.0,2.0
-2.0,2.0
-25.0,2.0
-25.0,0.0
0.0,0.0
0.0,0.0
2.0,-2.0
2.0,-2.0
2.0,-2.0
2.0,-2.0
2.0,-2.0
0.21606648199446,2.0
-2.0,2.0
23.0,2.0
23.0,2.0
25.0,0.0
-25.0,0.0
2.0,-2.0
-23.0,-2.0
-2.0,2.0
-19.68750000000001,2.0
-2.0,2.0
-2.0,2.0
-2.0,2.0
2.0,-2.0
-2.0,2.0
25.0,-2.0
2.0,-2.0
25.0,-2.0
25.0,-2.0
11.047091412742397,-2.0
1.985566081335364,-1.985566081335364
25.0,-1.7688418631756448
1.7688418631756446,-1.5752442890383045
1.5752442890383116,-1.5752442890383116
-2.020937049771065,2.020937049771065
-0.684423915810092,2.2596682048484036
-2.3895015183384647,2.3895015183384647
-2.1736854287070635,2.1736854287070635
-24.64530147811671,2.0828014781167106
22.9309531152472,2.069046884752801
-2.022386163998731,2.022386163998731
-2.1956304207349167,2.1956304207349167
-2.017985173794239,2.017985173794239
-2.060195674853505,2.060195674853505
-2.082904355128518,2.082904355128518
-25.0,2.2589881436200443
-3.4631226432328317,2.1000381111992708
-2.1394898673590923,2.1394898673590923
-2.251791170824715,2.251791170824715
-1.965350012587602,1.965350012587602
-2.1431290627583612,2.1431290627583612
-2.112851663921427,2.112851663921427
-25.0,2.043616697269737
-2.1085024277964965,2.1085024277964965
-2.1573753198780814,2.1573753198780814
-25.0,2.112108172388247
-25.0,2.190958037186391
-2.2425865184308647,2.2425865184308647
-2.107102543059142,2.107102543059142
-2.103472814869548,2.103472814869548
-2.2425865184308647,1.9629276692052917
-1.9629276692052915,1.9629276692052915
-1.9025186665604314,1.9025186665604314
-1.771286099480328,1.712178522592196
-1.9038200923171598,1.9038200923171598
-1.9038200923171598,1.9038200923171598
-1.9038200923171598,2.2135619470076597
-2.1400867749291317,2.1400867749291317
-1.9814567341953895,1.9814567341953895
-1.977560701286965,1.977560701286965
23.03503404301699,1.9649659569830114
-2.0,2.0
2.0,-2.0
-2.0,2.0
2.0,-2.0
-2.0,2.0
-2.0,2.0
-2.0,2.0
23.0,2.0
-2.0,2.0
-2.0,2.0
-2.0,2.0
-2.0,2.0
23.0,2.0
0.8439200928805146,2.0
-2.0,2.0
-2.0,2.0
25.0,0.0
0.0,0.0
-2.0,2.0
0.0,0.0
-2.0,2.0
-2.0,2.0
-2.0,2.0
-25.0,2.0
-2.0,2.0
-24.0,2.0
-25.0,0.0
-23.0,-2.0
0.0,0.0
2.0,-2.0
2.0,-2.0
25.0,-2.0
-20.7575,2.0
-2.0,2.0
-2.0,2.0
23.0,2.0
-2.0,2.0
2.0,-2.0
25.0,-2.0
25.0,-2.0
2.0,-2.0
2.0,-2.0
2.0,-2.0
2.0,-2.0
2.0,-2.0
-2.0,2.0
-2.0,2.0
-2.0,2.0
-2.0,2.0
-2.0,2.0
-2.0,2.0
5.047091412742391,2.0
-2.0,2.0
23.0,2.0
-2.000646294847182,2.000646294847182
-2.051488159446064,2.051488159446064
-2.13247154869968,2.13247154869968
-2.018998796376831,2.018998796376831
-1.9028273764892676,1.9028273764892676
-1.9228055557070307,1.9228055557070307
-1.8602010282450039,1.8602010282450039
-2.275090604983479,2.275090604983479
-1.5699122382089317,1.5699122382089317
-25.0,2.0874792264173827
23.7527791814494,1.2472208185505984
-2.1214927017659297,2.1214927017659297
-2.245187792076041,2.245187792076041
-25.0,2.0223066394374563
-1.997411664874713,1.997411664874713
-2.740305873931514,2.2432536411393342
-25.0,1.4086667230155
-25.0,2.416099643921836
-1.2719280267881121,1.2719280267881121
-1.6020048167143166,1.6020048167143166
2.097619554700831,-2.097619554700831
-1.7455403383414119,1.7455403383414119
-1.8407369185126212,1.8407369185126212
-2.0860512556246587,2.0860512556246587
-2.0967712927139033,2.0967712927139033
-2.0655446483201736,2.0655446483201736
-2.239968519381927,2.239968519381927
-2.074574472908683,2.074574472908683
-2.291290894180225,2.291290894180225
-25.0,2.1483757903605323
-2.084198838264818,2.051448604260641
-1.2594136378917007,1.2594136378917007
-2.1156255563563553,2.1156255563563553
-1.8027544732944412,1.8027544732944412
-1.706637680342772,1.706637680342772
-1.5061739334948472,1.5061739334948472
-1.816210849553567,1.816210849553567
6.800337903095423,-1.77831329364881
-2.0803092351696293,2.0803092351696293
25.0,-2.106066199173327
22.942849038948204,2.0571509610517964
23.014966655071387,1.9850333449286133
-1.964911769534715,1.9679278120521735
-1.9421459030141908,1.9421459030141908
-1.9619643837025824,1.9619643837025824
23.045465833772997,1.9545341662270026
-1.9482123759470493,1.9482123759470493
-1.9636297277125991,1.9636297277125991
-1.9796359201966083,1.9796359201966083
-2.0,2.0
-2.0,2.0
-2.002585179388728,2.002585179388728
-2.003662337364642,2.003662337364642
-2.006247517061545,2.006247517061545
0.0,0.0
-2.0,2.0
-2.0,2.0
-2.0,2.0
-2.0,2.0
-2.0,2.0
-2.0,2.0
-2.0,2.0
-2.0,2.0
-2.0,2.0
-25.0,2.0
-25.0,2.0
2.0,-2.0
-2.0,2.0
-25.0,1.0
-25.0,0.0
0.0,0.0
0.0,0.0
2.0,-2.0
25.0,-2.0
2.0,-2.0
2.0,-2.0
2.0,-2.0
8.916897506925208,-2.0
-25.0,0.0
2.0,-2.0
2.0,-2.0
-2.0,2.0
-2.0,2.0
-2.0,2.0
-2.0,2.0
2.0,-2.0
2.0,-2.0
2.0,-2.0
2.0,-2.0
2.0,-2.0
-2.0,2.0
-2.0,2.0
-2.0,2.0
-2.0,2.0
-2.0,2.0
-2.0,2.0
-2.0,2.0
1.0147766704062935,2.0323147423591035
22.732238861904342,2.2677611380956577
22.64608816852764,2.3539118314723595
25.0,-2.3014479211269645e-11
25.0,0.0
-2.142840628436913,2.142840628436913
-2.2784590381860284,2.2784590381860284
-2.3827990494618545,2.3827990494618545
-25.0,2.019915222273422
22.961612989355018,2.038387010644982
-1.8568571184373486,2.3195549330928302
-2.0484052119236154,2.0484052119236154
-3.864874840584825,2.0447767460286457
2.016729190643953,-2.016729190643953
-2.0425809845312353,2.0425809845312353
-22.965548192843478,-2.034451807156522
1.9302834679494811,-1.9302834679494811
2.0026344088790404,-2.0026344088790404
1.7675213057660306,-1.7675213057660306
-1.9947785182902953,1.9947785182902953
-2.1034141181695594,2.1034141181695594
-2.0644414028193196,2.0644414028193196
-2.0852093051108485,2.0852093051108485
-1.931588680590079,1.931588680590079
1.6992886010453212,-1.6992886010453212
2.0599735109997876,-2.0599735109997876
2.1584817211154927,-2.1584817211154927
2.118685358523483,-2.118685358523483
1.993390309778209,-1.993390309778209
1.9465768513747044,-1.9465768513747044
2.16547956693398,-2.16547956693398
2.571790116051328,-2.571790116051328
-1.8399268409380527,1.8399268409380527
-1.9482942032098434,1.9482942032098434
-1.8909877629624778,1.8909877629624778
-1.6886119553337553,1.6886119553337553
2.0335848474304883,-2.0335848474304883
-2.047750120460776,2.047750120460776
-1.972366122231422,1.972366122231422
2.06330020958635,-2.06330020958635
-2.0114174573340944,2.0114174573340944
-2.0359770781828566,2.0359770781828566
2.000585374339088,-2.000585374339088
-1.972568508492428,1.972568508492428
-2.0202505722892745,2.0202505722892745
1.9911673035497268,-1.9911673035497268
-2.0030160425174572,2.0030160425174572
1.998276547176907,-1.998276547176907
-2.003446905646186,2.003446905646186
-2.0004308632057732,2.0004308632057732
2.0,-2.0
-2.0,2.0
-2.0,2.0
25.0,-2.0
2.0,-2.0
-2.0,2.0
-2.0,2.0
-2.0,2.0
6.717560215574709,-2.0
2.0,-2.0
2.0,-2.0
-2.0,2.0
-20.194999999999997,2.0
-2.0,2.0
2.0,-2.0
2.0,-2.0
-23.0,-2.0
-23.0,-2.0
-23.0,-2.0
2.0,-2.0
0.0,0.0
2.0,-2.0
2.0,-2.0
0.0,0.0
2.0,-2.0
0.0,0.0
2.0,-2.0
2.0,-2.0
2.0,-2.0
0.0,0.0
25.0,-2.0
2.0,-2.0
2.0,-2.0
2.0,-2.0
2.0,-2.0
2.0,-2.0
2.0,-2.0
2.0,-2.0
25.0,-2.0
2.0,-2.0
2.0,-2.0
2.0,-2.0
13.263157894736846,-2.0
2.0,-2.0
25.0,-2.0
2.0,-2.0
25.0,-2.0
2.0,-1.9737173420594534
1.8987172095974085,-1.8122984166767147
1.8872985491387566,-1.8872985491387566
1.8795759797413294,-2.0409611449557543
2.066118676800166,-2.066118676800166
1.914896412063861,-1.914896412063861
2.066118676800184,-2.2832163110479757
-25.0,0.0
-2.382480951216757,2.382480951216757
1.866961720461119,-1.866961720461119
-21.447585603074018,2.065842549851297
-24.99999999997236,1.8854499186627827
-25.0,1.7657578801771407
-2.120619193886535,2.120619193886535
-1.815547198155313,1.815547198155313
-1.6966642905232678,1.6966642905232678
-2.008112136397296,2.008112136397296
2.038351666395526,-2.038351666395526
-2.0479962284656317,2.0479962284656317
1.6565302641194979,-1.6565302641194979
1.9442381350111955,-1.9442381350111955
2.0435447464762024,-2.0435447464762024
2.0799543725936243,-2.0799543725936243
-1.8863701314432433,1.8863701314432433
1.8686481460779838,-1.8686481460779838
1.9497827641444907,-1.9497827641444907
1.9530022465814785,-1.9530022465814785
2.1260811427219988,-2.1260811427219988
2.111817213477549,-2.111817213477549
1.9030677647216123,-1.9030677647216123
-1.7848469306195422,1.7848469306195422
-2.1876950055848967,2.1876950055848967
-2.1876950055848967,0.0
1.877006429926845,-1.877006429926845
2.024887400795004,-2.024887400795004
1.681417664914501,-1.681417664914501
1.8838843577561089,-1.8838843577561089
2.0175841585710663,-2.0175841585710663
2.037042449914169,-2.037042449914169
25.0,-2.012165941341131
2.0,-2.0
2.0,-2.0
2.0,-2.0
2.0,-2.0
2.0,-2.0
2.0,-2.0
2.0,-2.0
2.0,-2.0
2.0,-2.0
2.0,-2.0
2.0,-2.0
-2.0,2.0
2.0,-2.0
6.712996966271879,-2.0
2.0,-2.0
2.0,-2.0
-2.0,2.0
2.0,-2.0
-2.0,2.0
-2.0,2.0
2.0,-2.0
2.0,-2.0
2.0,-2.0
2.0,-2.0
2.0,-2.0
2.0,-2.0
2.0,-2.0
-25.0,0.0
2.0,-2.0
2.0,-2.0
6.700831024930748,-1.9999999999999991
25.0,-2.0
-23.0,-2.0
2.0,-2.0
0.0,0.0
0.0,0.0
2.0,-2.0
2.0,-2.0
0.0,2.0
-1.7839335180055402,2.0
-2.0,2.0
-2.0,2.0
-2.0,2.0
2.0,-2.0
2.0,-2.0
2.0,-2.0
2.0,-2.0
2.0,-2.0
0.0,-2.0
0.0,0.0
0.0,0.0
2.0,-2.0
2.0,-2.0
25.0,-2.0
25.0,0.0
22.973501911265537,2.0264980887344635
22.715229228595238,2.2847707714047623
-2.417427341185412,2.417427341185412
-18.386728964693212,2.3792289646932154
-2.205484523712508,2.205484523712508
22.823947137726744,2.176052862273256
-2.168569348598413,2.168569348598413
-1.9160006042856814,1.9160006042856814
-25.0,2.0825931995038474
22.759998029810554,2.2400019701894465
0.3932485324057062,-0.3932485324057062
0.3932485324057062,-0.3932485324057062
0.3932485324057062,-2.1004837012013313
1.987519061911108,-1.987519061911108
-1.904689182165372,1.904689182165372
-19.32934730219737,1.9501298951659258
-24.999999999971024,1.906089066902723
-1.993624781004506,1.993624781004506
-1.9567247534258936,1.9567247534258936
-1.9676846264935843,1.9676846264935843
-1.9170142268682753,1.9170142268682753
1.9870475948692672,-1.9870475948692672
1.9831445798937057,-1.9831445798937057
1.8889275403502577,-1.8889275403502577
2.162501498343719,-2.162501498343719
2.0017716305039457,-2.0017716305039457
2.0355190772606093,-2.0355190772606093
2.0361483311303754,-2.0361483311303754
2.1726749618610306,-2.1726749618610306
2.0337827910061215,-2.0337827910061215
2.0252477859099844,-2.0252477859099844
2.1493515441044213,-2.1493515441044213
2.040775903219771,-2.040775903219771
-24.99999999997914,-1.6072476682893466e-11
2.0457543932144695,-2.0457543932144695
2.1091613455899108,-2.1091613455899108
25.0,-1.8316083193698312
1.8937184218065535,-1.8937184218065535
1.9184380163100585,-1.9184380163100585
25.0,0.0
25.0,0.0
1.6629327619036074,-2.0112368629132766
2.0261178890454827,-2.0261178890454827
1.9900439476245702,-1.9900439476245702
2.011201746715096,-2.011201746715096
2.0488652837979764,-2.031630754950691
2.0316307549506973,-2.0181221685094557
2.013683912261246,-1.9955617437517963
1.981903744278902,-1.981903744278902
2.0,-2.0
2.0,-2.0
2.0,-2.0
2.0,-2.0
2.0,-2.0
2.0,-2.0
2.0,-2.0
2.0,-2.0
2.000000000000006,0.0
-2.0,2.0
-2.0,2.0
-2.0,2.0
0.0,0.0
-2.0,2.0
-2.0,2.0
-22.000000000000004,2.0
2.0,-2.0
-23.0,-2.0
-25.0,0.0
-25.0,0.0
23.0,2.0
-22.5625,0.0
0.0,0.0
0.21606648199445955,2.0000000000000004
-2.0,2.0
-2.0,2.0
-2.0,2.0
-2.0,2.0
-2.0,2.0
-2.0,2.0
-2.0,2.0
-2.0,2.0
-2.0,2.0
-2.0,2.0
2.0,-2.0
-2.0,2.0
-2.0,2.0
2.0,-2.0
2.0,-2.0
-2.0,2.0
2.0,-2.0
25.0,-2.0
25.0,-2.0
25.0,-2.0
-2.0,2.0
-2.0,2.0
-2.0,2.0
11.019300734313553,-1.972209321571171
22.7368866035881,2.2631133964118995
-2.2987512920847766,2.2987512920847766
-25.0,2.1423839933568978
-24.35199433966895,2.084610346312047
23.05953360132353,1.9404663986764703
22.92222119218981,2.0777788078101906
-1.9562223601657776,1.9562223601657776
-24.110870549313255,1.5483705493132547
23.107418116714992,1.8925818832850076
-1.9756358203263975,1.9756358203263975
-1.887642524423633,1.887642524423633
-25.0,0.0
-2.0067829401588533,2.0067829401588533
-1.9353465316839493,1.9353465316839493
-25.0,1.7801215306968388
-23.58170270113883,1.8015811704419846
-2.160991162826818,2.160991162826818
-1.8719086530902338,1.8719086530902338
-1.8129847400698065,1.8129847400698065
-1.551267515473965,1.551267515473965
-1.946308929340887,1.946308929340887
-1.7684288956002563,1.7684288956002563
-1.9585771707857358,1.9585771707857358
-25.0,2.1443282426505945
-2.144328242650596,1.592864541346258
-1.592864541346258,1.592864541346258
-1.592864541346258,1.592864541346258
-1.592864541346258,1.592864541346258
0.22073304276320904,-1.8135975841094671
2.352919904578605,-2.352919904578605
1.878554003135135,-1.878554003135135
0.0,0.0
0.0,0.0
0.0,0.0
0.0,0.0
0.32695401548187375,1.8891124665125862
-2.0,2.0
-2.0,2.0
-2.0,2.0
-1.9261635848406142,1.9261635848406142
2.0,-2.0
2.0,-2.0
-2.0,2.0
-2.0,2.0
-2.0,2.0
-2.0,2.0
-2.0,2.0
-2.0,2.0
-2.0,2.0
-2.0,2.0
-2.0,2.0
25.0,-2.0
-2.0,2.0
-2.0,2.0
7.04709141274239,2.0
-2.0,2.0
25.0,-2.0
25.0,-2.0
25.0,-2.0
-2.0,2.0
-2.0,2.0
-1.9999999999999847,1.9999999999999847
2.0,-2.0
-25.0,0.0
-2.0,2.0
-16.195000000000004,-2.0
-23.0,-2.0
-23.0,-2.0
2.0,-2.0
0.0,0.0
0.0,0.0
0.0,0.0
0.0,0.0
0.0,0.0
0.0,2.0
-1.805,1.9999999999999938
-1.9809874999999944,0.0
0.0,0.0
25.0,0.0
-22.5625,2.0
2.0,-2.0
2.0,-2.0
-2.0,2.0
-2.0,2.0
-2.0,2.0
-1.9999999999999982,-1.3322676295501878e-15
0.0,2.0
23.0,2.0
-24.3675,2.0
-2.0,2.0
-2.0,2.0
-2.0,2.0
0.9933808011708041,2.0
23.0,2.0
23.0,2.0
25.0,0.0
25.0,-1.7681411170803116
1.7294133016795283,-1.7294133016795283
1.8218517286518967,-1.8218517286518967
1.8218517286518892,3.9968028886505635e-15
-1.9806670111216222,1.9806670111216222
-1.904444928155744,1.904444928155744
-1.9142062524785155,1.9142062524785155
-24.54030822937327,1.9778082293732702
23.02167738556769,1.9783226144323116
-1.8609588783795292,1.8609588783795292
0.0,0.0
-23.017452485463163,-1.9825475145368365
2.1486617000927337,-2.1486617000927337
-23.85845448584671,1.8965322343089461
-25.0,2.057494364359428
-25.0,1.9030311581775337
-1.913618654331322,1.913618654331322
-1.9986032709992054,1.9986032709992054
-1.7602549067664137,1.7602549067664137
-1.72201116656119,1.72201116656119
-1.9256104532536442,1.9256104532536442
-1.9986032709992052,1.9986032709992052
-1.964316824438347,1.964316824438347
-1.977408713124965,1.977408713124965
1.925253223875223,-1.925253223875223
1.9518788043666513,-1.9518788043666513
1.8825983951085181,-1.8825983951085181
2.2203568789654353,-2.2203568789654353
2.138629613573242,-2.138629613573242
1.5682794601135601,-1.5682794601135601
-1.9293083453529025,1.9293083453529025
-1.9728133295484698,1.9728133295484698
-1.9986032709992054,1.9722749608915886
1.9109233397367023,-1.9109233397367023
2.429788913538978,-2.429788913538978
2.0511185142166184,-2.0511185142166184
2.011794723174245,-2.011794723174245
-1.9722749608915884,1.9722749608915884
1.9224459200794821,-1.9224459200794821
25.0,-2.014059457238808
2.014487171719061,-2.014487171719061
2.0194972924255663,-2.0194972924255663
2.0318682666551995,-2.0318682666551995
2.0,-2.0
2.0,-2.0
-2.0,2.0
-2.0,2.0
-2.0,2.0
2.0,-2.0
-2.0,2.0
-2.0,2.0
-1.9999999999999847,1.9999999999999847
23.0,2.0
-2.0,2.0
5.091871134921259,2.0
25.0,-2.0
25.0,-2.0
2.0,-2.0
2.000000000000006,0.0
-2.0,2.0
0.0,0.0
-2.0,2.0
-22.00000000000001,2.0
-25.0,0.0
-2.0,2.0
-2.0,2.0
-23.0,-2.0
-23.0,-2.0
2.0,-2.0
2.0,-2.0
2.0,-2.0
2.0,-2.0
2.0,-2.0
0.0,0.0
2.0,-2.0
0.0,0.0
0.0,0.0
2.0,-2.0
0.0,0.0
2.0,-2.0
2.0,-2.0
2.0,-2.0
2.0,-2.0
4.21606648199446,-2.0
2.0,-2.0
2.0,-2.0
2.0,-2.0
-2.0,2.0
2.0,-2.0
2.0,-2.0
-2.0,2.0
25.0,0.0
2.0,-2.0
2.0,-2.0
1.999353705152818,-1.999353705152818
4.494997932433998,-1.9732864804716148
22.885805481417837,2.1141945185821633
0.3523852439121802,2.140091429640556
-2.2460519116391744,2.2460519116391744
25.0,-1.967096712772733
22.891348621437942,2.108651378562058
-1.8094629380705127,1.8094629380705127
-1.562597872013625,1.562597872013625
-25.0,1.9571949581731118
25.0,0.0
0.5321939521627597,-0.5321939521627597
-25.0,2.2859993551189213
-22.973233673658065,-2.026766326341935
-1.9365072115901674,1.9365072115901674
-1.999987377053766,1.999987377053766
-2.03075896423576,2.03075896423576
-25.0,1.8167520583733499
-1.9027534533603854,1.9027534533603854
-1.7690991740452837,1.7690991740452837
-1.9940811005108658,1.9940811005108658
-2.0363484048281864,2.0363484048281864
-2.004513965573288,2.004513965573288
-2.2081283998012253,2.2081283998012253
-1.9943253545204946,1.9943253545204946
-23.62244637166539,1.9940356579044227
-1.9940356579044218,1.9514142799452383
-1.9514142799452383,1.9376502193716583
-1.937650219371658,1.6603966725509798
-1.6603966725509798,1.6603966725509798
2.335759009173449,-2.335759009173449
1.9964365422781354,-1.9964365422781354
2.034385536688795,-2.034385536688795
24.99999999995113,-1.6063382741564567
-20.471060678357457,-2.3021157017232134
1.7396454224501214,-1.7396454224501214
2.1838248102695443,-2.1838248102695443
2.439440102655859,-2.439440102655859
1.9848352657549264,-1.9848352657549264
0.0,0.0
0.0,2.069983389023248
-1.86816000859347,2.019300129771461
2.0,-2.0
2.0,-2.0
2.0,-2.0
-2.0,2.0
2.0,-2.0
2.0,-2.0
2.0,-2.0
2.0,-2.0
2.0,-2.0
2.0,-2.0
-2.0,2.0
23.0,2.0
23.0,2.0
25.0,0.0
23.0,2.0
3.0420343845355973,-1.9999999999999998
2.0,-2.0
2.0,-2.0
2.000000000000006,-2.000000000000006
-2.0,2.0
-2.0,2.0
-2.0,2.0
2.0,-2.0
-25.0,0.0
-2.0,2.0
-20.195000000000004,2.0
-25.0,0.0
-25.0,0.0
0.0,0.0
2.0,-2.0
2.0,-2.0
2.0,-2.0
2.0,-2.0
0.0,0.0
0.0,0.0
2.0,-2.0
2.0,-2.0
2.0,-2.0
2.0,-2.0
25.0,-2.0
2.0,-2.0
2.0,-2.0
25.0,-2.0
25.0,-2.0
25.0,-2.0
2.0,-2.0
13.263157894736851,-2.0000000000000018
2.000000000000006,-2.000000000000006
-23.0,-2.0
-13.952499999999999,-2.0
25.0,-2.0
2.0,-2.0
-23.0,-2.0
-25.0,2.0
-25.0,2.0
-1.9999999999999996,2.0241283401396513
-2.0217758269760515,2.2614968900831585
22.66424990578233,2.335750094217669
22.785725961037915,2.2142740389620847
22.79688101641175,2.2031189835882508
23.165340083345328,1.8346599166219093
0.8482198875626539,1.935022121965734
-1.9109255487522914,1.9109255487522914
-24.332004370619394,1.7695043706193943
25.0,0.0
0.0,0.0
-1.6970638067715749,1.6970638067715749
-23.114968532004873,-1.8850314679951268
1.9598590309758013,-1.9598590309758013
-23.673006995838783,1.7714697633480334
-25.0,1.9775949015819165
-25.0,2.097031325406327
-1.7925948950179853,1.7925948950179853
-2.1730889944975056,2.1730889944975056
-2.078527979669178,1.8987898482428998
-1.894852120165197,1.894852120165197
-1.905915501392009,1.905915501392009
-1.875061233912179,1.875061233912179
-1.7192385364208853,1.7192385364208853
-1.9933508630712273,1.9933508630712273
-1.918450718149706,1.918450718149706
-1.9795748106987228,1.9795748106987228
-1.8925181374065252,1.8925181374065252
-1.9933508630712276,1.9933508630712276
-1.9933508630712276,1.9933508630712276
1.9047844854094391,-1.9047844854094391
1.90495173944704,-1.90495173944704
2.0804321511085826,-2.0804321511085826
1.9586503838738931,-1.9586503838738931
2.197785157657064,-2.197785157657064
2.6907228248777595,-2.1985908172004507
25.0,0.0
-23.152371426204084,-1.847628573795916
2.1302364588354106,-2.1302364588354106
1.9829799687854737,-1.9829799687854737
11.248779219952631,-1.9856213252157762
-2.0,2.0
2.0,-2.0
-2.0,2.0
25.0,0.0
-2.0,2.0
2.0,-2.0
2.0,-2.0
2.0,-2.0
25.0,-2.0
2.0,-2.0
25.0,-2.0
25.0,-2.0
2.0,-2.0
2.0,-2.0
2.0,-2.0
2.0,-2.0
2.0,-2.0
2.0,-2.0
2.0,-2.0
2.0,-2.0
2.0,-2.0
-2.0,2.0
-2.0,2.0
-25.0,0.0
1.1080332409972224,2.0
-25.0,2.0
-25.0,2.0
-25.0,0.0
0.0,0.0
0.0,0.0
0.0,0.0
0.0,2.0
-1.805,1.805
-1.805,0.0
0.0,0.0
0.0,2.0
-1.805,1.805
-1.805,1.805
-1.805,1.805
2.0,-2.0
-1.805,1.805
2.0,-2.0
25.0,-2.0
25.0,-2.0
-1.9999999999999847,1.9999999999999847
2.0,-2.0
-2.0,2.0
25.0,0.0
-2.0,2.0
2.0,-2.0
-2.0,2.0
5.263157894736849,2.0
-2.0120641700698285,2.0120641700698285
1.9954759360697256,-1.9954759360697256
25.0,-2.0
2.000000000000006,-1.9769488162953661
1.733783646723535,-1.733783646723535
-23.32497368778415,-1.6750263122158486
-23.131953652883723,-1.8680463471162767
-1.9685070114407313,1.9685070114407313
22.9504924892965,2.0495075107034992
5.658448961218945,1.720161904937905
25.0,-2.100597307717436
2.100597307717437,-2.100597307717437
0.12149207061862022,1.979105237098819
0.0,0.0
-3.8198795471765417,1.7345867767468364
2.3105737068473218,-2.3105737068473218
1.812416707489275,-1.812416707489275
-25.0,0.0
-25.0,2.030965349406685
-25.0,1.8892405894168611
-2.021577033145131,2.021577033145131
8.106822661500582,-2.0374743716322614
2.007860308619928,-2.007860308619928
2.326003365176483,-2.326003365176483
1.7813358581245478,-1.7813358581245478
2.008007365943554,-2.008007365943554
2.1711841919107924,-2.1711841919107924
-1.8822840837472903,1.8822840837472903
-1.949778977260622,1.949778977260622
25.0,0.0
22.70074749805632,2.2992525019436805
22.822499916941016,2.177500083058984
-2.088313918737108,2.088313918737108
-25.0,1.9770123526132188
-1.9453214993717305,1.9453214993717305
25.0,0.0
-3.407350849539439,2.008035136425269
-2.050556161961893,2.050556161961893
-1.9393991285723837,1.9393991285723837
-1.257690763517585,1.257690763517585
-2.4219120373021186,2.4219120373021186
-2.161785067251523,2.161785067251523
2.0607239451534003,-2.0607239451534003
2.060723945153403,0.0
-20.5625,-2.0
2.0,-2.0
2.0,-2.0
25.0,-2.0
2.0,-2.0
2.0,-2.0
2.0,-2.0
2.000000000000006,-2.000000000000006
-2.0,2.0
2.0,-2.0
2.0,-2.0
-18.757499999999997,-2.0
2.0,-2.0
25.0,-2.0
2.0,-2.0
2.0,-2.0
2.0,-2.0
2.0,-2.0
2.0,-2.0
2.0,-2.0
2.000000000000006,-6.217248937900877e-15
-2.0,2.0
-2.0,2.0
-25.0,2.0
2.0,-2.0
-20.0,-2.0
-25.0,0.0
-25.0,0.0
0.0,0.0
0.0,0.0
0.0,0.0
23.0,2.0
-22.5625,2.0
-2.0,2.0
-2.0,2.0
-2.0,2.0
2.0,-2.0
-2.0,2.0
0.0,-2.0
0.0,0.0
0.0,0.0
0.21606648199446,2.0
-2.0,2.0
25.0,-2.0
2.0,-2.0
-20.514999999999997,2.0
-2.0,2.0
25.0,-2.0
2.0,-2.0
2.0,-2.0
-25.0,0.0
2.0,-2.0
23.0,2.0
25.0,0.0
25.0,-2.0
25.0,-1.9707013010828867
9.23385919581974,0.0
-25.0,2.2447823193749805
-2.053214081078295,2.053214081078295
2.08632417526122,-1.8727865790008098
25.0,-1.9780868809113876
1.9780868809113816,-1.9780868809113816
-25.0,1.9825077522562005
4.613231827235028,-2.130998411427463
25.0,-1.6409112615968269
1.6409112615968233,-2.0279389980470794
2.0697508587715845,-2.073215612746591
2.0735899213478,-2.4759841631506707
2.5194561172512704,-1.6703669066339244
-23.003324884038044,-1.9966751159619562
2.1490309212700787,-2.1490309212700787
25.0,-1.8757876844679515
5.945275742016447,-1.838280493161088
2.13999036717727,-2.13999036717727
-22.32687121399974,1.6957125203772208
2.28299320047329,-2.28299320047329
22.680954402787712,2.3190455972122876
-1.8140311823126085,1.8140311823126085
-1.6655613510026317,1.6655613510026317
0.0,-1.3703270484188943
-25.0,2.3636178515119397
-24.999999999999996,1.3441975497144654
-25.0,1.9637999147900622
25.0,-2.0515577927455624
25.0,-1.872666029864277
25.0,-1.8241257524159593
-2.7416700420424895,2.7416700420424895
9.084872270208534,-1.679016149393477
-25.0,0.0
-23.033906495879215,-1.966093504120785
-20.29341242088822,1.808724495715822
-25.0,1.8483229936256116
1.919855020918242,-1.919855020918242
2.068016045048499,-1.8832915526435932
-2.01503684802104,2.01503684802104
22.998291188376925,2.0017088116230752
-20.57299478283258,-2.0045420651884633
2.0,-2.0
-2.0,2.0
-2.0,2.0
2.0,-2.0
-2.0,2.0
2.0,-2.0
25.0,-2.0
-2.0,2.0
-2.0,2.0
2.0,-2.0
2.0,-2.0
2.0,-2.0
2.0,-2.0
2.0,-2.0
-2.0,2.0
-2.0,2.0
-2.0,2.0
2.0,-2.0
2.0,-2.0
-2.0,2.0
2.0,-2.0
2.0,-2.0
2.0,-2.0
-2.0,2.0
-2.0,2.0
-22.7575,2.0
-1.9999999999999996,0.0
0.0,0.0
2.0,-2.0
0.0,0.0
0.0,0.0
2.0,-2.0
2.0,-2.0
2.0,-2.0
6.700831024930749,-2.0
2.0,-2.0
25.0,-2.0
-25.0,0.0
1.9999999999999996,-1.9999999999999996
2.0,-2.0
2.0,-2.0
25.0,-2.0
25.0,-2.0
-14.514999999999997,-2.0
-23.0,-2.0
0.0,0.0
23.0,2.0
13.963988919667601,-2.0
-23.0,-2.0
25.0,0.0
25.0,-2.0
25.0,-2.0
25.0,0.0
-25.0,2.0
22.967469826846976,2.032530173153024
-25.0,2.259621268197936
22.804712607828947,2.195287392171007
-24.160745225402106,2.2136239572310323
24.999999999970278,-1.9552955203387725
-0.0562112418745071,2.0115067622132807
0.0,0.0
0.0,-2.4129319147738744
-18.36560160510641,-1.7839664801197195
25.0,-2.089889262427114
2.089889262427125,-2.0946001459616514
-18.3912541425985,-2.2804099145264978
25.0,-2.2179755601583864
2.180977073599147,-2.180977073599147
2.2179755601584192,-2.4674826088620554
2.4944376639851384,-1.8342219003875853
-25.0,2.050236801422173
-2.024837540157378,2.024837540157378
25.0,0.0
-20.63819665671045,2.059667404553611
-25.0,2.103308716568506
25.0,-1.7807545714504727
25.0,-2.856267459428082
1.9904646264148171,-1.9904646264148171
1.6777115679001913,-1.6777115679001913
2.208603022579622,-2.208603022579622
1.8313984628886901,-1.8313984628886901
2.0874486157727654,-2.0874486157727654
1.7561941049629288,-1.7561941049629288
2.1618943346298445,-2.1618943346298445
1.0640473523067318,-1.0640473523067318
-1.8078926435590006,1.8078926435590006
-1.7200202123664265,1.7200202123664265
-24.99999999999998,2.177608009249287
-2.1896884843689035,2.1896884843689035
2.1979483092371384,-2.1979483092371384
-1.7774006546360903,1.7774006546360903
-1.9414703962625577,1.9414703962625577
-2.0509474732951474,2.0509474732951474
22.921723098620756,2.078276901379244
-0.7946086358773354,1.9388450601261225
-1.9723944079857467,1.9723944079857467
-2.0,2.0
1.999999999999999,-1.999999999999999
2.0000000000000013,-2.0000000000000013
-2.0,2.0
2.0000000000000013,-2.0000000000000013
-2.0,2.0
-2.0,2.0
-2.0,2.0
2.0,-2.0
-2.0,2.0
-2.0,2.0
-2.0,2.0
-2.0,2.0
2.000000000000002,-2.000000000000002
0.0,2.000000000000006
-2.0,2.0
-2.0,2.0
-2.0,2.0
-2.0,2.0
-2.0,2.0
-2.0,2.0
0.0,0.0
-25.0,2.0
-2.0,2.0
-24.000000000000007,2.000000000000007
-25.0,0.0
-25.0,0.0
1.9999999999999998,-1.9999999999999998
0.0,0.0
0.0,0.0
0.0,2.0
2.0,-2.0
0.19500000000000006,-2.0
2.0,-2.0
25.0,-2.0
-18.7575,-2.0
2.0,-2.0
2.0,-2.0
2.0,-2.0
25.0,-2.0
2.0,-2.0
2.0,-2.0
2.0,-2.0
2.0,-2.0
2.0,-2.0
12.980456437177553,-2.0
25.0,-2.0
-2.0,2.0
2.0,-2.0
2.0,-2.0
2.0,-2.0
2.0,-2.0
2.0,-2.0
2.0,-2.0
1.9752253625477414,-1.9752253625477414
25.0,-1.7172985424407052
25.0,-1.6852645866727336
-2.0755140934689784,2.0755140934689784
-1.9422800004766416,1.9422800004766416
0.0010525170356716629,1.684212069637058
-2.319662859283132,2.319662859283132
-1.6073954459035553,1.6073954459035553
-24.502359234962615,1.939859234962615
22.734812096337112,2.2651879036628877
-1.9902127986374483,1.9902127986374483
-1.9862460377834061,1.9862460377834061
-22.950284526257292,-2.049715473742708
-2.0132553558403483,2.0132553558403483
-2.1486560197669267,2.1486560197669267
1.8250844651824307,-1.8250844651824307
-25.0,1.8854789514391186
-2.1224943325496,2.1224943325496
-1.8633117955575509,1.8633117955575509
-2.0638373948420217,2.0638373948420217
-2.1576574427264106,2.1576574427264106
-1.906761238789688,1.906761238789688
-2.1292450841955572,2.1292450841955572
-2.3133589599338604,2.3133589599338604
-2.1244130203771707,2.1244130203771707
1.907153181270255,-1.907153181270255
2.035983601682023,-2.035983601682023
1.9630507429310748,-1.9630507429310748
1.669760374067379,-1.669760374067379
1.5378038810207535,-1.5378038810207535
-15.870676925787132,-1.98883247946676
1.803906948285607,-1.803906948285607
1.7160619720010937,-1.7160619720010937
1.8190797296589043,-1.8190797296589043
1.9114809583865897,-1.9114809583865897
2.413694657090596,-2.413694657090596
25.0,-1.903805260355334
1.8045982123787474,-1.8045982123787474
1.947197111395279,-1.947197111395279
25.0,-1.9947759542543437
25.0,0.0
-2.0205598455663947,2.0205598455663947
2.0,-2.0
-2.0,2.0
2.0,-2.0
-2.0000000000000018,2.0000000000000018
2.0,-2.0
2.0,-2.0
2.0,-2.0
2.0,-2.0
-2.0,2.0
2.0,-2.0
-2.0,2.0
2.0,-2.0
2.0,-2.0
2.0,-2.0
2.0,-2.0
2.000000000000006,-2.000000000000006
2.000000000000006,0.0
-2.0,2.0
-2.0,2.0
-2.0,2.0
-2.0,2.0
-2.0,2.0
-24.000000000000007,2.0
-2.0,2.0
-25.0,2.0
-25.0,0.0
-25.0,0.0
23.0,2.0
-22.5625,2.0
-1.9999999999999996,1.9999999999999996
-2.0,2.0
-1.9999999999999996,0.0
2.0,-2.0
25.0,-2.0
25.0,-2.0
-23.0,-2.0
-10.272499999999997,-2.0
25.0,-2.0
2.0,-2.0
-23.0,-2.0
2.0,-2.0
2.0,-2.0
2.0,-2.0
2.0,-2.0
2.0,-2.0
2.0,-2.0
2.0,-2.0
25.0,-2.0
2.0,-2.0
2.0,-2.0
25.0,-2.0
2.0,-2.0
25.0,-2.0
12.948480438483818,-2.0
1.9847043544615515,-1.9847043544615515
25.0,-1.8713050888883913
1.9030378641177204,-1.9030378641177204
2.1859825451414228,-2.1859825451414228
-25.0,1.9162399669036425
23.10366436807865,1.8963356319213496
0.7380323917303047,2.0255235972851984
-2.525623268068662,2.525623268068662
-24.26206946159627,1.699569461599026
23.36072088534818,1.6392791146487653
0.0,0.0
-1.9152893012653953,1.9152893012653953
-25.0,1.89175981391152
-2.0485831954655147,2.0485831954655147
-25.0,1.3703112697360993
-25.0,2.1925838726613343
-2.5522391667603337,2.310932829667681
-25.0,1.879359347104863
-2.0745953007699693,2.0745953007699693
-1.7195515854874888,1.7195515854874888
-1.7263484108872005,1.7263484108872005
-2.0927079663211714,2.0927079663211714
-1.916174800943712,1.7077245160135206
-1.8632941234328229,1.8632941234328229
-1.88425768139098,1.88425768139098
-1.88425768139098,1.88425768139098
-1.88425768139098,1.88425768139098
1.384612752245597,-1.384612752245597
1.4797294922818764,-1.4797294922818764
2.2453692469281554,-2.2453692469281554
-1.88425768139098,1.88425768139098
-1.88425768139098,1.88425768139098
-1.88425768139098,1.88425768139098
-1.88425768139098,1.88425768139098
-1.88425768139098,0.0
2.1077753460934154,-2.1077753460934154
1.8937327804078947,-1.8937327804078947
2.06576696996072,-2.06576696996072
0.0,0.0
0.0,0.0
0.0,0.0
0.0,0.0053857908040871
-0.0048606762006886085,0.0048606762006886085
-0.0048606762006886085,0.0048606762006886085
0.21068069119037247,2.0
-2.0,2.0
-2.0,2.0
-2.0,2.0
-2.0,2.0
-2.0,2.0
-2.0,2.0
-2.0,2.0
-2.0,2.0
-2.0,2.0
-2.0,2.0
1.0470914127423794,2.0
23.0,2.0
23.0,2.0
23.0,2.0
25.0,0.0
-2.0,2.0
-2.0,2.0
-2.0,2.0
-3.0000000000000018,2.0
-25.0,2.0
-2.0,2.0
-25.0,2.0
-25.0,2.0
-25.0,0.0
0.0,0.0
2.0,-2.0
2.0,-2.0
2.0,-2.0
25.0,-2.0
-18.7575,-2.0
2.0,-2.0
25.0,-2.0
2.0,-2.0
-20.7575,0.0
2.0,-2.0
2.0,-2.0
2.0,-2.0
2.0,-2.0
4.21606648199446,-2.0
-2.0,2.0
-2.0,2.0
-2.0,2.0
-2.0,2.0
23.0,2.0
2.0,-2.0
2.0,-2.0
25.0,-2.0
2.0,-2.0
2.0,-2.0
9.047091412742391,-2.0
25.0,-2.0
1.9666081012058727,-1.9666081012058727
-2.265454203450879,2.265454203450879
-2.2953584808173124,2.2953584808173124
-2.1912046579984388,2.1912046579984388
1.8220925113513107,-1.8220925113513107
25.0,0.0
-1.9004412451839672,1.9004412451839672
-2.046514925725069,2.046514925725069
-25.0,2.1523829446425253
22.833572134230188,2.166427865769812
-2.072941694813312,2.072941694813312
-2.0111536352923842,2.0111536352923842
-25.0,0.0
-2.1040137081156756,2.1040137081156756
-2.453503327055185,2.453503327055185
-25.0,2.2044677453933588
-25.0,1.969889224053361
-23.593741160781917,1.9249837239731242
-1.9668452005690211,1.9668452005690211
-1.8914533918916847,1.8914533918916847
-1.9797818270169634,1.9797818270169634
-2.2204824772804646,2.2204824772804646
-1.9561119093862311,1.897278250431376
-2.1616488183256095,2.1616488183256095
-2.09786002182659,2.09786002182659
-2.158099876991913,2.158099876991913
-2.1616488183256095,2.1616488183256095
-1.8763891678560007,1.8763891678560007
-2.1616488183256095,2.1616488183256095
-2.0107055207010767,2.0107055207010767
-2.123673000154202,2.123673000154202
1.6211058589556417,-1.6211058589556417
2.0069934277873056,-2.0069934277873056
2.2531553957389576,-2.2531553957389576
1.9510153948442435,-1.9510153948442435
2.0531186200473996,-2.0531186200473996
2.077784961496479,-2.077784961496479
2.018424925683666,-2.018424925683666
2.012653556878642,-2.012653556878642
1.9793003996816088,-1.9793003996816088
2.020237945644912,-2.020237945644912
2.0,-2.0
2.0,-2.0
2.0,-2.0
2.0,-2.0
-2.0,2.0
-2.0,2.0
-2.0,2.0
2.8679791486696864,2.0
23.0,2.0
-2.0,2.0
25.0,0.0
25.0,-2.0
25.0,-2.0
2.0,-2.0
2.0,-2.0
2.000000000000006,0.0
-2.0,2.0
-2.0,2.0
-2.0,2.0
-2.0,2.0
-2.0,2.0
-2.0,2.0
-24.000000000000007,2.0
-25.0,0.0
-2.0,2.0
-2.0,2.0
-25.0,2.0
-25.0,0.0
0.0,0.0
0.0,0.0
0.0,0.0
23.0,2.0
-22.5625,2.0
-1.9999999999999996,0.0
0.0,0.0
2.0,-2.0
2.0,-2.0
2.0,-2.0
0.0,0.0
2.0,-2.0
2.0,-2.0
2.0,-2.0
25.0,-2.0
25.0,0.0
2.0,-2.0
2.0,-2.0
-2.0,2.0
25.0,-2.0
11.263157894736855,-2.0
2.0,-2.0
2.0,-2.0
2.0,-2.0
25.0,-2.0
2.0,-2.0
2.0,-2.0
1.9967685254559122,-1.9967685254559122
2.000000000000006,-1.8819434712941892
1.8819434712941823,-1.8819434712941823
1.8819434712941676,-1.8819434712941676
-1.9578859066925953,1.9578859066925953
1.8819434712941623,5.329070518200751e-15
-1.565339891509312,1.565339891509312
-1.777577060309711,1.777577060309711
-25.0,1.9232338680514331
22.94058505437107,2.05941494562893
-2.2240632915534007,2.2240632915534007
-25.0,1.1763275123374157
-25.0,0.0
1.8963984310788646,-1.8963984310788646
-1.6195475562430515,1.6195475562430515
-1.9641110704147327,1.9641110704147327
-22.367831548751706,1.9453991304910723
-25.0,1.8002668061653715
-1.7512187707047877,1.7512187707047877
-1.7283519880281961,1.7283519880281961
-2.0398957682936034,2.0398957682936034
-1.9951202845595821,1.9951202845595821
-1.7472046738023677,1.7472046738023677
1.6638553598191024,-1.6638553598191024
-1.9173515751063785,1.9173515751063785
2.0375412732473013,-2.0375412732473013
-1.604182274939685,1.604182274939685
-1.4054674372924856,1.4054674372924856
-2.0398957682936034,2.0398957682936034
0.0479327981608062,-2.0878285664544096
1.9702032198409283,-1.9702032198409283
2.2945264708736626,-2.2945264708736626
2.5065419491808263,-2.5065419491808263
1.8710130550549295,-1.8710130550549295
1.8508333820579057,-1.8508333820579057
1.7927930752738597,-1.7927930752738597
25.0,-2.3610131065565483
-1.877598919465704,1.877598919465704
1.8326308569082002,-1.8326308569082002
24.999999999957886,4.211386794850114e-11
25.0,0.0
-2.0,2.0
2.0,-2.0
2.0,-2.0
2.0,-2.0
-2.0,2.0
-2.0,2.0
-2.0,2.0
2.0,-2.0
9.62417100129339,-2.0
25.0,-2.0
2.0,-2.0
2.0,-2.0
-2.0,2.0
2.0,-2.0
2.0,-2.0
2.0,-2.0
2.0,-2.0
-2.0,2.0
2.0,-2.0
2.0,-2.0
-2.0,2.0
2.000000000000006,-2.000000000000006
-16.195000000000004,-2.0
-25.0,0.0
-2.0,2.0
2.0,-2.0
-23.0,-2.0
-23.0,-2.0
0.0,0.0
2.0,-2.0
6.700831024930749,-2.0
25.0,-2.0
-25.0,0.0
0.0,0.0
2.0,-2.0
2.0,-2.0
2.0,-2.0
2.0,-2.0
2.0,-2.0
2.0,-2.0
2.0,-2.0
2.0,-2.0
2.0,-2.0
25.0,-2.0
2.0,-2.0
13.26315789473685,-2.0
2.0,-2.0
2.0,-2.0
2.0,-2.0
25.0,-2.0
25.0,-2.0
25.0,-2.0
-2.0,2.0
2.0,-2.0
2.0,-2.0
2.0,-2.0
1.9383865611892017,-1.9383865611892017
1.883581791651885,-1.883581791651885
1.9691446280123777,-1.9691446280123777
1.9999999999999991,-2.049852669389579
2.0552384148361105,-2.046257733195552
2.046257733195549,-1.7763568394002505e-15
0.0,0.0
-1.9919847447150496,1.9919847447150496
-2.142386833519799,2.142386833519799
-1.8319840098071203,1.8319840098071203
-1.8199462949178709,1.8199462949178709
-25.0,2.2009571462588475
-25.0,2.0517723828315404
-2.1096201896855185,2.1096201896855185
-1.6320875066055875,1.6320875066055875
-25.0,1.7461269897676388
-25.0,1.9306905579655265
-2.1186923011439114,2.1186923011439114
-1.5127028368607403,1.5127028368607403
-1.8598868746706034,1.8598868746706034
-2.012885187942037,2.012885187942037
-2.824557299390337,1.86529990958941
-1.9702896870226314,1.9702896870226314
-1.9702896870226312,1.72779342265734
1.910283356362637,-1.910283356362637
1.9520848739639214,-1.9520848739639214
2.032262672705888,-2.032262672705888
-1.7277934226573401,1.7277934226573401
2.1224785538668076,-2.1224785538668076
2.2038102476813917,-2.2038102476813917
2.056257631202146,-2.056257631202146
2.141139213071394,-2.141139213071394
-1.7277934226573401,1.7277934226573401
-1.7277934226573401,1.7277934226573401
2.061482978689134,-2.061482978689134
2.3166361117081244,-2.1113137946030545
-1.8837212850694476,1.8837212850694476
-1.9130968138446658,1.9130968138446658
-1.9130968138446658,2.0006181298983976
-1.9920848015831587,1.9920848015831587
-1.9920848015831587,0.0
0.0,0.0
2.0,-2.0
4.21606648199446,-2.0
-2.0,2.0
-2.0,2.0
-2.0,2.0
-2.0,2.0
-2.0,2.0
-2.0,2.0
-2.0,2.0
25.0,0.0
25.0,-2.0
25.0,-2.0
11.886426592797791,-2.0
-2.0,2.0
-2.0,2.0
-2.0,2.0
-2.0,2.0
-2.0,2.0
2.0,-2.0
2.0,-2.0
2.0,-2.0
-25.0,0.0
-2.0,2.0
-2.0,2.0
-25.0,0.0
-23.0,-2.0
2.0,-2.0
2.0,-2.0
2.0,-2.0
25.0,-2.0
2.0,-2.0
2.0,-2.0
25.0,-2.0
25.0,-2.0
2.0,-2.0
2.0,-2.0
2.0,-2.0
2.0,-2.0
2.0,-2.0
2.0,-2.0
13.263157894736846,-2.0
25.0,-2.0
2.0,-2.0
2.0,-2.0
2.0,-2.0
2.0,-2.0
2.0,-2.0
2.0,-2.0
2.0,-2.0
2.0,-2.0
2.0,-2.0
2.0,-2.0
2.0,-2.0
2.0,-2.0
2.0000000000000093,-1.9659618038932714
1.93748549238872,-1.933230916033449
1.9617072275379972,-1.9617072275379972
-18.703796115768444,-2.0882631113785166
25.0,-2.1656703312089434
1.825194284814666,-1.825194284814666
2.165670331208943,-2.165670331208943
-25.0,1.8180621624056137
-2.1858477951903748,2.1858477951903748
-2.4929785934523667,2.4929785934523667
-25.0,1.8505739805127988
-25.0,2.0201926115169115
-2.2234018491707377,2.2234018491707377
-2.118849456824525,2.118849456824525
-23.58628609249037,1.9651256397182948
-2.113150827747175,2.113150827747175
-1.9640400663421662,1.9640400663421662
-1.9235049458218096,1.9235049458218096
-2.1131508277471793,2.2020943159277047
-2.1934223258301024,2.2847929170326053
-1.9868569883811338,1.9868569883811338
-2.1672770744777052,2.1672770744777052
-2.275884284390362,2.195775900190263
-2.195775900190263,2.195775900190263
-0.5878875282362683,-1.6078883719539947
1.9720180839357262,-1.9720180839357262
1.696919274037195,-1.696919274037195
1.6375106398813806,-1.6375106398813806
1.547358189025287,-1.547358189025287
1.9928248017869246,-1.9928248017869246
1.7022098663775305,-1.7022098663775305
1.1046793539394342,-1.1046793539394342
2.0580384133421106,-2.0580384133421106
1.9894232333505104,-1.9894232333505104
1.8129834777751825,-1.8129834777751825
1.8234464801217376,-1.8234464801217376
1.9568989500839227,-1.9568989500839227
1.9178207542392145,-1.9178207542392145
1.9883082327309762,-1.9883082327309762
4.314229424945635,-2.0981629429511752
-2.0,2.0
2.0,-2.0
2.0,-2.0
-2.0,2.0
-2.0,2.0
2.0,-2.0
2.0,-2.0
2.0,-2.0
2.0,-2.0
2.0,-2.0
-2.0,2.0
-2.0,2.0
-2.0,2.0
-2.0,2.0
0.9695290858725798,2.0
23.0,2.0
25.0,-2.0
-2.0,2.0
-2.0,2.0
2.0,-2.0
-2.0,2.0
-25.0,2.0
-2.0,2.0
-25.0,2.0
-2.0,2.0
-2.0,2.0
-2.0,2.0
-1.9999999999999996,0.0
0.0,2.0000000000000004
2.0,-2.0
2.0,-2.0
2.0,-2.0
2.0,-2.0
2.0,-2.0
2.0,-2.0
25.0,-2.0
-20.562499999999996,-2.0
2.0,-2.0
2.0,-2.0
0.0,0.0
0.0,0.0
0.0,0.0
0.0,2.0
-1.7839335180055402,2.0
-2.0,2.0
-2.0,2.0
25.0,0.0
-2.0,2.0
-2.0,2.0
-2.0,2.0
2.0,-2.0
25.0,-2.0
2.0,-2.0
-2.0,2.0
9.023178503396641,-2.0
-2.0,2.0
25.0,-1.9760870906542642
-2.073561158503489,2.073561158503489
2.024245247852054,-2.024245247852054
-1.918811517455111,1.918811517455111
23.050878875471707,1.9491211245282933
-1.8558337649749799,1.8558337649749799
-1.8207481675773871,1.8207481675773871
-24.44963626540141,1.8871362653862356
23.201009373715703,1.7989906263011086
-1.851722353046437,1.851722353046437
-1.822254795103832,1.822254795103832
-25.0,1.7225408569425333
-1.8380477576042902,1.8380477576042902
-1.824618362892739,1.824618362892739
-1.6735594075233364,1.6735594075233364
2.0525849849953564,-2.0525849849953564
-1.8097494789500255,1.8097494789500255
-25.0,1.5358727280337767
-25.0,1.5432044507801557
-1.871515921675527,1.871515921675527
-24.51068784226489,1.6890405043584025
-1.6623669566712826,1.6623669566712826
-1.330565556715857,1.330565556715857
-1.7923716266564704,1.7923716266564704
-1.979970697849988,1.979970697849988
-1.6588386854120434,1.4980447561201344
-1.819176768558079,1.819176768558079
-1.819176768558079,1.819176768558079
2.3882977626282225,-2.443196060307792
2.4032628965359706,-2.4032628965359706
-1.7642784708785098,1.7642784708785098
-1.7642784708785098,1.7642784708785098
-1.4859442420733704,1.4859442420733704
2.0138079253117436,-2.0138079253117436
-1.7642784708785095,2.0449476291632878
22.999158996207157,2.000841003792843
3.1135842733560213,-2.085974729013115
22.996295954214453,2.003704045785547
22.940178260205325,2.0598217397946748
22.895187160770945,2.104812839229055
-1.93581342044236,1.93581342044236
-2.0,2.0
2.0,-2.0
-2.0,2.0
-1.9999999999999847,1.9999999999999847
-2.0,2.0
2.0,-2.0
-2.0,2.0
-2.0,2.0
-2.0,2.0
-2.0,2.0
-2.0,2.0
-2.0,2.0
-2.0,2.0
-2.0,2.0
2.000000000000006,-2.000000000000006
2.000000000000006,-2.000000000000006
2.000000000000006,0.0
-1.9999999999999847,1.9999999999999847
-24.5625,2.0
23.0,2.0
-2.0,2.0
-24.0,2.0
-25.0,2.0
-2.0,2.0
-2.0,2.0
-25.0,0.0
-25.0,0.0
23.0,2.0
23.0,2.0
23.0,2.0
25.0,0.0
2.0,-2.0
2.0,-2.0
2.0,-2.0
2.0,-2.0
2.0,-2.0
-23.0,-2.0
-23.0,-2.0
2.0,-2.0
-25.0,2.0
-17.250000000000007,2.0000000000000018
-2.0,2.0
-2.0,2.0
-2.0,2.0
-2.0,2.0
-2.0,2.0
-2.0,2.0
-2.0,2.0
25.0,-2.0
25.0,-2.0
25.0,-2.0
25.0,-2.0
-2.0,2.0
2.0,-2.0
-2.0,2.0
11.047091412742393,-1.9174896878891978
-2.288621190360121,2.299378672235961
1.9067322060133494,-1.9067322060133494
1.9067322060133496,-1.7093743350863073
1.709374335086302,-1.6308665521311019
1.6308665521310972,0.0
-2.5403491529649496,2.296664797965706
-25.0,2.6811843549992567
22.394793158383337,2.6052068416166634
-2.71288309758214,2.71288309758214
-2.7997169758733085,2.7997169758733085
-25.0,2.3040129305421893
-2.6711992889544875,2.6711992889544875
-25.0,2.608724856732085
-25.0,2.3034155496116604
-25.0,2.4009227600910137
-4.441308513288585,2.5498833084358354
-2.5628388693031257,2.5628388693031257
-2.244916083158354,2.244916083158354
-2.5595796245855,2.5595796245855
-2.2572316606515797,2.2572316606515797
-2.7256508921242,2.7256508921242
-2.7256508921242,2.588432839513578
-2.567365142248992,2.567365142248992
-2.5884328395135774,2.5382790339628944
1.524161316304676,-1.524161316304676
-2.5382790339628944,2.5382790339628944
1.6885613057619917,-1.6885613057619917
-1.417252333503086,-1.1210267004598085
1.5060019458524083,-1.5060019458524083
1.1394107593550418,-1.1394107593550418
1.2825682237424294,-1.2825682237424294
1.2796794624967731,-1.2796794624967731
0.0,0.0
0.0,0.0
1.9528378327067806,-1.9528378327067806
1.7634988461617307,-1.7634988461617307
1.783047687420709,-1.783047687420709
2.066340761760471,-2.066340761760471
1.9274370724671224,-1.9274370724671224
2.0000021473801124,-2.0000021473801124
2.0,-2.0
2.0,-2.0
2.0,-2.0
2.0,-2.0
2.0,-2.0
13.263157894736846,-2.0
25.0,-2.0
2.0,-2.0
25.0,-2.0
25.0,-2.0
25.0,-2.0
2.0,-2.0
2.0,-2.0
2.0,-2.0
2.0,-2.0
2.0,-2.0
2.0,-2.0
-2.0,2.0
2.000000000000006,-2.000000000000006
-2.0,2.0
2.0,-2.0
-13.952499999999999,-2.0
-23.0,-2.0
25.0,-2.0
-25.0,2.0
-25.0,0.0
-25.0,0.0
2.0,-2.0
2.0,-2.0
4.700831024930744,-1.9999999999999973
25.0,0.0
-25.0,0.0
0.0,0.0
0.0,0.0
0.21606648199446,2.0
-2.0,2.0
2.0,-2.0
-2.0,2.0
-2.0,2.0
2.0,-2.0
-2.0,2.0
-2.0,2.0
-2.0,2.0
-2.0,2.0
2.0,-2.0
-2.0,2.0
-2.0,2.0
-2.0,2.0
25.0,-2.0
11.047091412742397,-2.0
-2.0,2.0
25.0,-2.0
25.0,-2.0
25.0,-2.0
2.000000000000002,-1.9663926679465347
1.7713928139170971,-1.7407352277182813
1.8333931645206143,-1.8333931645206143
1.9357350817477152,-1.9357350817477152
1.935735081747719,-1.935735081747719
1.935735081747719,0.0
-2.1384620439619857,2.1384620439619857
-2.0265339063444032,2.0265339063444032
-24.694398585280776,2.1318985852807764
22.72667928986536,2.273320710134641
-1.9352815235108434,1.9352815235108434
-1.9034186826269184,1.9034186826269184
-4.212696536779827,2.020194820532501
-1.9708946417208986,1.9708946417208986
-1.864096311665996,1.864096311665996
-1.9244005438571148,1.9244005438571148
-1.7985983682468882,1.7985983682468882
-1.6861187656657082,1.6861187656657082
-1.9240455234942817,1.9240455234942817
-1.9678562985623653,1.9678562985623653
2.0168368012605975,-2.0168368012605975
1.9501431492594725,-1.9501431492594725
2.0818137325738952,-2.0818137325738952
1.9066252265440164,-1.9066252265440164
2.1226723160915,-2.1226723160915
1.9443025120369892,-1.9443025120369892
2.4293647825455147,-2.4293647825455147
1.7466996975718363,-1.847017780985016
2.540520553640456,-2.540520553640456
-23.08759125506521,-1.9124087449347904
-15.693282967683206,-2.013897232656351
1.9787865077064093,-1.9787865077064093
2.344806663673514,-2.344806663673514
-23.00148398511664,-1.9985160148833607
-22.6813651219008,-2.3186348780992
2.2515778430333606,-2.2515778430333606
2.166068111802142,-2.166068111802142
2.102595993466768,-2.102595993466768
2.0501513993015585,-2.0501513993015585
0.0,0.0
2.043623432794957,-2.043623432794957
4.206587490697002,-1.9905210087025447
-2.0,2.0
-2.0,2.0
-2.0,2.0
7.047091412742393,-2.0
24.999999999999996,-2.0
25.0,-2.0
25.0,0.0
-2.0,2.0
-2.0,2.0
-2.0,2.0
23.0,2.0
-2.0,2.0
2.0,-2.0
-2.0,2.0
2.0,-2.0
2.0,-2.0
2.0,-2.0
2.0,-2.0
-23.0,-2.0
-2.0,2.0
-2.0,2.0
-25.0,2.0
-25.0,2.0
1.1080332409972264,2.0
-2.0,2.0
-2.0,2.0
-25.0,0.0
0.0,0.0
0.0,0.0
2.0,-2.0
25.0,-2.0
2.0,-2.0
11.401662049861496,-1.9999999999999982
25.0,-2.0
2.0,-2.0
-23.0,-2.0
-23.0,-2.0
2.0,-2.0
2.0,-2.0
2.0,-2.0
2.0,-2.0
25.0,-2.0
25.0,-2.0
2.0,-2.0
2.0,-2.0
25.0,-2.0
2.0,-2.0
-2.0,2.0
-2.0,2.0
-2.0,2.0
23.0,2.0
-2.0,2.0
-2.0,2.0
2.0,-2.0
2.0,-1.9967685254559122
11.259926420192759,-1.865139805267452
1.8651398052674488,-1.7276745302824985
1.7276745302824978,-1.7276745302824978
-19.324487324648025,-1.6787864117720197
25.0,-1.8460620661682725
1.8460620661682727,-1.6254834967096021
1.615709549440596,-1.615709549440596
-19.711627149902334,-1.383873994317252
25.0,-1.077882101379224
-2.8353105285166995,2.8353105285166995
-25.0,0.0
-23.496565245837935,-1.5034347541620647
-3.121983002243553,3.121983002243553
-21.199094275490097,2.254717169761765
-25.0,2.5044640544438757
-2.1914118321035048,2.1914118321035048
-2.3676142762896326,2.3676142762896326
-2.387927121369426,2.387927121369426
-2.253763506173782,2.253763506173782
-2.4625312582017598,2.4625312582017598
-2.5872983522207935,2.5872983522207935
-2.5872983522207935,2.5872983522207935
-2.4975978028398798,2.4975978028398798
1.5704474511292537,-1.5704474511292537
1.3112914223242962,-1.3112914223242962
-2.4830094638772184,2.4830094638772184
-2.529266250351802,2.529266250351802
-2.539921910415254,2.539921910415254
-2.0693081797398483,2.0693081797398483
1.1608808130308388,-1.1608808130308388
-2.5872983522207935,2.6863420235467426
22.319341706258058,2.6806582937149557
-25.0,2.3620513438843
-2.601236609452407,2.601236609452407
-2.601236609452406,2.601236609452406
-2.1651384318120055,2.1651384318120055
-2.3722251229752667,2.3722251229752667
-2.4552528674032206,2.4552528674032206
-2.2120727549257007,2.2120727549257007
-1.9774818078730023,1.9774818078730023
-2.0014158705153573,2.0014158705153573
-2.0159169952743032,2.0159169952743032
-1.9647497076699219,1.9647497076699219
25.0,-2.0228931799198193
2.005662735039417,-2.005662735039417
2.041804637589265,-2.041804637589265
-2.0,2.0
2.0,-2.0
2.0,-2.0
2.0,-2.0
-2.0,2.0
2.0,-2.0
2.0,-2.0
2.0,-2.0
25.0,-2.0
2.0,-2.0
2.403794443684461,2.0
-2.0,2.0
2.0,-2.0
-2.0,2.0
25.0,0.0
25.0,0.0
2.0,-2.0
-25.0,2.0
-2.0,2.0
-22.195,2.0
-25.0,0.0
-23.0,-2.0
2.0,-2.0
2.0,-2.0
1.9999999999999991,-1.9999999999999991
2.0,-2.0
2.0,-2.0
1.9999999999999991,-1.9999999999999991
2.0,-2.0
4.21606648199446,-2.0
-2.0,2.0
-2.0,2.0
-2.0,2.0
-2.0,2.0
-1.9999999999999933,1.9999999999999933
-2.0,2.0
-2.0,2.0
-2.0,2.0
-2.0,2.0
-2.0,2.0
-2.0,2.0
-2.0,0.0
25.0,0.0
23.0,2.0
25.0,0.0
-15.8125,-2.0
25.0,0.0
23.0,2.0
-2.0,2.0
-25.0,2.0663529409312495
-24.570195791394852,2.3788428504636023
25.0,0.0
22.89519104627158,2.104808953728419
-2.2901201159170204,2.2901201159170204
-2.386457179280473,2.386457179280473
-2.5084907742925315,2.5084907742925315
-2.2001405994243317,2.2001405994243317
-25.0,2.1565314759223355
23.034336307198483,1.9656636928015168
-2.086328112501519,2.3976505768534966
-2.1172009000463614,2.1172009000463614
-25.0,0.0
-1.9932347319658739,1.9932347319658739
-23.750387549695287,1.9422822094922374
-25.0,2.138663064380758
-25.0,1.8774595936966492
2.116304039716434,-2.116304039716434
-1.7366114973227749,1.7366114973227749
-1.9712323055326575,1.9712323055326575
-2.1795696150940547,2.1795696150940547
-1.8072375126494542,1.8072375126494542
-2.208017317874365,2.208017317874365
-1.6604844020273077,1.6604844020273077
-2.1847210394521603,2.1847210394521603
-2.208017317874365,2.208017317874365
-1.536575037204873,1.536575037204873
2.0951195801991815,-2.0951195801991815
1.955192958900394,-1.955192958900394
2.083319018912304,-2.083319018912304
1.9378711209307529,-1.9378711209307529
1.4553432224523641,-1.4553432224523641
2.2888717065344757,-2.2888717065344757
1.940025857852901,-2.2496137125993467
-1.8984294631279193,1.8984294631279193
-1.8984294631279193,1.8984294631279193
-1.5121496362420341,1.5121496362420341
-1.8984294631279193,1.8984294631279193
-1.8950971631089648,1.8950971631089648
8.890280744998297,-1.7431408346024453
25.0,0.0
2.1362759543040446,-2.1362759543040446
2.0,-2.0
2.0,-2.0
2.0000000000000013,-2.0000000000000013
2.0,-2.0
2.0,-2.0
2.0,-2.0
1.9999999999791822,-1.9999999999791822
2.0,-1.998707410305636
25.0,-1.997630252175636
2.0,-1.9991382735884535
2.0,-1.9920290304235395
25.0,-2.0
25.0,-2.0
2.000000000000006,0.0
-2.0,2.0
-2.0,2.0
0.0,0.0
0.0,0.0
-2.0,2.0
-2.0,2.0
-2.0,2.0
0.0,0.0
-25.0,0.0
-2.0,2.0
-25.0,2.0
-20.000000000000007,-2.0
-23.0,-2.0
0.0,0.0
0.0,0.0
0.0,0.0
0.21606648199446,2.0
-2.0,2.0
-2.0,2.0
-2.0,2.0
-2.0,2.0
-2.0,2.0
-2.0,2.0
-2.0,2.0
-2.0,2.0
-2.0,2.0
-2.0,2.0
-2.0,2.0
-2.0,2.0
-2.0,2.0
-2.0,2.0
-2.0,2.0
-2.0,2.0
-2.0,2.0
-2.0,2.0
-2.0,2.0
-2.0,2.0
23.0,2.0
-21.812499999976016,2.0
-2.0,2.0
22.914042785324785,2.085957214675215
22.648818531521414,2.351181468478586
22.678103825954416,2.321896174045584
22.927262954702506,2.072737045297494
-24.645975543445598,2.083475543445605
22.69995130569603,2.3000486942773932
-2.037409363459149,2.0374093634591426
-1.9344136959572547,1.9344136959572547
-24.99999999999998,1.924282519309827
22.66472571196194,2.335274288038061
-1.6480449255963325,2.216706954061868
-25.0,1.6384497870811927
-25.0,1.9824326457261066
-2.1934819952858833,2.1934819952858833
-2.069716532050519,2.069716532050519
-25.0,1.8755604714357368
-25.0,1.89542835766078
-2.391871261903818,2.087526878039416
-1.8050417511520458,1.7590683498204163
-1.9116671468435404,1.9116671468435404
-1.9721966986249369,1.9721966986249369
-2.0415534767077865,2.0415534767077865
-2.030630841331483,2.030630841331483
-1.9535740660458787,1.9535740660458787
-2.0415534767077865,2.0415534767077865
-2.016228059678462,2.016228059678462
-2.0366930112603754,2.0366930112603754
-2.0415534767077865,2.0415534767077865
1.670933676919831,-1.670933676919831
1.8358884448641328,-1.8358884448641328
1.7772289825673075,-1.7772289825673075
1.7134023172295842,-1.7134023172295842
1.784643701185174,-1.784643701185174
-2.0415534767077865,2.0415534767077865
-1.9374589817362127,1.9374589817362127
-2.0415534767077865,2.0415534767077865
-2.0415534767077874,2.0415534767077874
-2.0415534767077865,2.0415534767077865
-2.0415534767077865,2.0415534767077865
-2.0415534767077865,2.0415534767077865
1.9044306090011098,-1.9044306090011098
-1.8311421776334318,1.888877852291976
-2.093659923087123,2.0
-2.0,2.0
-2.0,2.0
-2.0,2.0
-2.0,2.0
-2.0,2.0
-2.0,2.0
-2.0,2.0
-2.0,2.0
-2.0,2.0
-2.0,2.0
2.0,-2.0
-2.0,2.0
-2.0,2.0
-2.0,2.0
-2.0,2.0
2.0,-2.0
2.0,-2.0
-2.0,2.0
-2.0,2.0
-2.0,2.0
-2.0,2.0
-2.0,2.0
-2.0,2.0
-2.0,2.0
-2.0,2.0
-2.0,0.0
0.0,5.843279076974508e-17
0.0,0.0
0.0,2.0
-1.7839335180055402,2.0
-2.0,2.0
-2.0,2.0
-2.0,2.0
23.0,2.0
-24.5625,2.0
-2.0,2.0
-2.0,2.0
-2.0,2.0
-1.9999999999999996,1.9999999999999996
23.0,2.0
-2.0,2.0
-24.5625,2.0
-2.0,2.0
-2.0,2.0
-2.0,2.0
-2.0,2.0
-2.0,2.0
-2.0,2.0
-2.0,2.0
-2.0,2.0
2.9805230484134686,2.0
23.0,2.0
25.0,0.0
25.0,-1.9334316356710843
25.0,-1.7223152809486635
1.7223152809486675,-1.8101957244084323
1.8196897335356639,-1.8196897335356639
1.8196897335356694,-1.8196897335356694
1.8196897335356628,2.220446049250313e-16
0.0,0.0
0.0,0.0
0.0,-1.9755966891930719
2.189026802430001,-4.440892098500626e-15
0.0,0.0
0.0,0.0
-25.0,0.0
-2.1838153430598686,2.1838153430598686
-23.77305709883697,1.8220991383980838
-25.0,1.9509579604388776
-25.0,2.0
-1.9390728254122322,1.9390728254122322
-1.72847411503301,1.72847411503301
-2.0,2.0
-1.9413335950827468,1.9413335950827468
2.1008384059905074,-2.1008384059905074
-2.0,2.0
2.102387241493422,-2.102387241493422
2.1112504431916426,-2.1112504431916426
1.9890761023290748,-1.9890761023290748
1.8364937151360543,-1.8364937151360543
1.9589280886910423,-1.9589280886910423
1.9896226759010078,-1.9896226759010078
2.2504064336228433,-2.2504064336228433
1.4791134925056557,-1.4791134925056557
-1.8452168021310769,1.8452168021310769
-2.0,2.0
1.9398308333335859,-1.9398308333335859
1.7697442065978422,-1.7697442065978422
-1.884612386180156,1.884612386180156
2.228176794157413,-2.228176794157413
2.1194708213528948,-2.1194708213528948
1.8238879676662734,-1.8238879676662734
-2.0,2.0
-2.0,2.0
-1.9603150546318588,1.9603150546318588
1.9033044819447877,-1.9033044819447877
2.0834808132791167,-2.0834808132791167
2.0,-2.0
-2.0,2.0
-2.0,2.0
2.0,-2.0
2.0,-2.0
-2.0,2.0
-2.0,2.0
-2.0,2.0
-1.9999999999999847,1.9999999999999847
2.0,-2.0
-2.0,2.0
-2.0,2.0
-2.0,2.0
-2.0,2.0
-2.0,2.0
-2.0,2.0
-2.0,2.0
-2.0,2.0
2.0,-2.0
2.0,-2.0
-2.0,2.0
-2.0,2.0
-2.000000000000002,2.000000000000002
2.0,-2.0
-2.0,0.0
0.0,0.0
0.0,0.0
0.0,0.0
0.0,0.0
0.0,0.0
0.0,2.0
-1.805,2.0
-1.97893351800554,2.0
-2.0,2.0
-2.0,2.0
-2.0,2.0
-2.0,2.0
-2.0,2.0
-2.0,2.0
-2.0,2.0
25.0,0.0
-24.5625,2.0
23.0,2.0
-24.562500000000004,2.0
23.0,2.0
23.0,2.0
25.0,0.0
25.0,0.0
-25.0,2.0
25.0,0.0
-21.375,2.0
23.0,2.0
-24.612910998080203,2.0504109980802028
22.72912165245146,2.270878347548539
-2.4358453242486497,2.4358453242486497
-2.1446403449962284,2.1446403449962284
-1.9797035647503112,1.9797035647503112
-1.9366413303939032,1.9366413303939032
-1.9056699850877568,1.9056699850877568
-1.915847866636251,1.915847866636251
-24.40461849995623,1.8421184999779356
25.0,-2.4058977032836992e-11
-2.009635094860432,2.009635094860432
-1.923960003033546,1.923960003033546
-24.99999999998721,1.1242280941722882
-2.1341415250397358,2.1341415250397358
-1.9681725033655297,1.9681725033655297
-24.999999999972808,2.034144438415723
-24.99999999999743,1.9556947210131987
-1.9445379299842536,1.9445379299842536
-1.8664429173709003,1.8664429173709003
-25.0,1.9352859415420198
-1.9750015172781374,1.9750015172781374
-2.0493531951857893,2.0493531951857893
-1.918438726350784,1.918438726350784
-1.962998357704203,1.962998357704203
2.1274355848529094,-2.1274355848529094
1.899237331686896,-1.899237331686896
1.987626988101411,-1.987626988101411
2.1346401314159813,-2.1346401314159813
2.109002296467363,-2.109002296467363
2.0303335709476737,-2.0303335709476737
1.949429321649939,-1.949429321649939
-1.910543073481401,1.910543073481401
-2.0334710042341406,2.0334710042341406
1.7337303098448578,-1.7337303098448578
2.0284060470577376,-2.0284060470577376
2.1806330983142708,-2.1806330983142708
2.1154532531402603,-2.1154532531402603
-1.7815554973890189,1.7815554973890189
-2.0493531951857893,2.0493531951857893
-2.0357712206116356,2.0357712206116356
23.04327974347447,1.956720256501299
-1.861549336412979,1.861549336412979
2.0,-2.0
2.0,-2.0
2.4300795621452416,-1.9999999999999998
-2.0,2.0
2.0,-2.0
-2.0,2.0
-2.0,2.0
2.0,-2.0
2.0,-2.0
-2.0,2.0
-2.0,2.0
2.0,-2.0
-2.0,2.0
-2.0,2.0
2.0,-2.0
2.0,-2.0
2.0,-2.0
2.0,-2.0
2.0,-2.0
2.0,-2.0
2.0,-2.0
2.0,-2.0
2.0,-2.0
2.0,-2.0
2.0,-2.0
2.0,-2.0
-23.0,-2.0
2.0,-2.0
2.0,-2.0
0.0,0.0
0.21606648199446,2.0
-2.0,2.0
-2.0,0.0
0.0,0.0
0.0,2.0
-1.805,2.0
-1.9809875,2.0
-1.9981462812499995,2.0
23.0,2.0
-2.0,2.0
25.0,0.0
25.0,0.0
23.0,2.0
-2.0,2.0
-2.0,2.0
1.0472916759868436,1.9999999999999998
-2.0,2.0
-2.0,2.0
-2.0,2.0
-2.0,2.0
-2.0,2.0
-2.0,2.0
-2.0,2.0
-2.0,2.0
-2.1055614884191787,2.1055614884191787
-2.36986534207023,2.36986534207023
-2.2766309988910995,2.2766309988910995
-2.0491873612296403,2.0491873612296403
-2.0716554165920646,2.0716554165920646
-1.9414326852106836,1.9414326852106836
-1.8325780772142588,1.8325780772142588
-1.8229795888979057,1.8229795888979057
-25.0,1.8887413518933052
23.01054016010541,1.9894598398945895
-1.5004602355568835,2.108503058943807
-23.590197943954337,1.9911405851856507
-25.0,0.0
-1.8910071707423128,1.8910071707423128
-1.947197584755763,1.947197584755763
-25.0,1.616466295067326
-25.0,1.9415488163160397
-1.9589577526146904,1.9589577526146904
-1.9120571958821735,1.9120571958821735
-1.9589577526146906,1.9589577526146906
-1.8828906163138353,1.8828906163138353
-1.8961958327918094,1.8961958327918094
2.1236480698353883,-2.1236480698353883
-1.9589577526146906,1.9589577526146906
-1.7203323147120635,1.7203323147120635
-1.9589577526146906,1.9271214199178586
-1.9271214199178583,1.774269532822741
-1.774269532822741,0.0
0.0,0.0
2.2535318751103883,-2.2535318751103883
1.9926666993853441,-1.9926666993853441
2.005299743976355,-2.005299743976355
1.8022653341278723,-1.8022653341278723
2.0311496444217028,-2.0311496444217028
2.2113933248446545,-2.2113933248446545
2.182368753421449,-2.182368753421449
1.843389630663701,-1.843389630663701
2.3130755747909055,-2.3130755747909055
1.8994628090640029,-1.8994628090640029
0.0,0.0
1.9615505057711606,-1.9615505057711606
0.0,0.0
2.000307743484515,-2.000307743484515
2.0,-2.0
2.0282983904456175,-2.0282983904456175
0.0,0.0
2.0,-2.0
0.0,0.0
1.2631578947368363,2.0
25.0,0.0
25.0,0.0
25.0,0.0
23.0,2.0
2.0,-2.0
-2.0,2.0
2.0,-2.0
2.0,-2.0
2.0,-2.0
2.000000000000006,-2.000000000000006
2.0,-2.0
2.0,-2.0
2.0,-2.0
2.0,-2.0
-20.194999999999997,2.0
-25.0,0.0
2.0,-2.0
2.0,-2.0
-23.0,-2.0
-23.0,-2.0
2.0,-2.0
2.0,-2.0
0.0,0.0
0.21606648199446,2.0
-2.0,2.0
-2.0,2.0
-2.0,2.0
-2.0,2.0
2.0,-2.0
-2.0,2.0
-2.0,2.0
-2.0,2.0
-2.0,2.0
-2.0,2.0
25.0,0.0
25.0,-2.0
25.0,-2.0
25.0,-2.0
-23.0,-2.0
-13.5225,2.0
25.0,0.0
-25.0,2.0
25.0,0.0
-2.0,2.0
25.0,-2.0
-2.0,2.0
-2.0,2.0
-2.101468291007585,2.101468291007585
1.7199359344769718,-1.709466305083634
1.9126913411436048,-1.9126913411436048
1.9895303706066725,-1.9895303706066725
-18.761958043160206,-2.0049907973672774
22.86945822365255,2.1305417763474495
-1.89070548232732,1.89070548232732
-1.7278928283589332,1.7278928283589332
-25.0,2.1827114664117033
23.491107715033657,1.5088922849663433
0.2823141646407592,4.884981308350689e-15
-1.7613108162188906,1.7613108162188906
-25.0,0.0
-1.3863651327565352,1.3863651327565352
-24.002392679458666,1.661450057414207
-25.0,2.340942622044448
-25.0,1.946348060474211
-1.9463480604742127,1.9463480604742127
-1.5422553630101827,1.5422553630101827
-1.9463480604742127,1.9463480604742127
-1.9463480604742127,1.6226269239768412
1.970434535330667,-1.970434535330667
1.852293856937183,-1.852293856937183
2.412667464840802,-2.412667464840802
2.242904616675962,-2.242904616675962
2.2050184214228166,-2.2050184214228166
2.652893492325905,-2.652893492325905
-1.6226269239768412,1.6226269239768412
-1.6226269239768412,1.6226269239768412
-1.5455963413046732,1.5455963413046732
2.2634954821465594,-2.2634954821465594
-1.6226269239768412,1.6226269239768412
-1.6226269239768412,1.6226269239768412
-1.6226269239768412,1.6226269239768412
2.1794926151220273,-2.1794926151220273
2.230167196098278,-2.230167196098278
25.0,0.0
2.0496099932482386,-2.0496099932482386
2.159085295179014,-2.159085295179014
-1.9263430574957023,1.9263430574957023
-1.0775139250205779,1.9804203804478995
-2.0,2.0
2.0,-2.0
2.0,-2.0
-2.0,2.0
-2.0,2.0
-2.0,2.0
2.0,-2.0
2.0,-2.0
2.0,-2.0
2.0,-2.0
-2.0,2.0
-2.0,2.0
-2.0,2.0
-2.0,2.0
-2.0,2.0
-2.0,2.0
-2.0,2.0
-2.0,2.0
-2.0,2.0
2.0,-2.0
-2.0,2.0
-2.0,2.0
2.0,-2.0
-2.0,2.0
-2.0,2.0
2.0,-2.0
2.0,-2.0
-23.0,-2.0
2.0,-2.0
2.0,-2.0
2.0,-2.0
2.0,-2.0
2.0,-2.0
0.0,0.0
0.0,0.0
0.0,0.0
0.0,0.0
2.0,-2.0
2.0,-2.0
25.0,-2.0
2.0,-2.0
-16.7575,-2.0
2.0,-2.0
-2.0,2.0
-2.0,2.0
-2.0,2.0
-2.0,2.0
23.0,2.0
25.0,-2.0
-2.0,2.0
-2.0,2.0
-2.0,2.0
25.0,-2.0
25.0,-2.0
9.047091412742397,-2.0
2.00000000000002,-1.962945762916699
1.9165341604443116,-1.9165341604443116
1.8697660588691363,-2.063826546997602
2.177971234527173,-2.177971234527173
2.1288078568953743,-2.1288078568953743
2.177971234527173,-2.177971234527173
2.177971234527173,-2.177971234527173
1.8136483914680597,-1.8136483914680597
2.177971234527171,-2.177971234527171
2.177971234527173,-2.177971234527173
1.996503601680003,-1.996503601680003
-2.348020781358353,2.348020781358353
-1.7348048381430292,1.7348048381430292
-1.8353251458884379,1.8353251458884379
-22.7641146313163,1.8906291135026017
-25.0,1.9979806441762094
-25.0,1.5565536897831223
-25.0,1.5292215398762394
-2.014039871948794,2.014039871948794
-2.2446513168610953,2.2446513168610953
-1.7878410934662519,1.5926742504317808
-2.0494844738266242,2.0494844738266242
-1.9664639875927548,1.9664639875927548
-1.9660060902181153,1.9660060902181153
-1.5985202524064128,1.5985202524064128
-1.9251295190021276,1.9251295190021276
-2.0494844738266242,2.0494844738266242
-1.634048165729387,1.5105632474740722
-1.9259995555713096,1.9259995555713096
2.269666524986718,-2.269666524986718
2.1667263984482465,-2.1667263984482465
1.1520053039600398,-1.1520053039600398
2.3123361857152482,-2.3123361857152482
-1.5708782091694902,1.5708782091694902
-1.9259995555713096,1.9259995555713096
-1.9259995555713092,1.9259995555713092
23.029193482222496,1.970806517777504
2.13946635712173,-2.13946635712173
9.925873104075361,-2.044966721369465
25.0,-1.9124848376325545
23.086918392860877,1.913081607139123
-2.0443023796538404,2.0443023796538404
1.994398778401992,-1.994398778401992
-2.0,2.0
2.0,-2.0
1.9984919787412716,-1.9984919787412716
2.0,-2.0
2.0,-2.0
-2.0,2.0
-2.0,2.0
-2.0,2.0
2.0,-2.0
-2.0,2.0
2.0,-2.0
-2.0,2.0
2.0,-2.0
2.0,-2.0
-2.0,2.0
-2.0,2.0
-2.0,2.0
2.0,-2.0
2.0,-2.0
2.0,-2.0
-2.0,2.0
-25.0,0.0
2.0,-2.0
2.0,-2.0
-23.0,-2.0
-25.0,0.0
2.0,-2.0
2.0,-2.0
25.0,-2.0
25.0,-2.0
2.0,-2.0
2.0,-2.0
2.0,-2.0
2.0,-2.0
2.0,-2.0
-23.0,-2.0
2.0,-2.0
2.0,-2.0
-12.515,-1.9999999999999982
-1.9999999999999998,1.9999999999999998
-2.0,2.0
-2.0,2.0
2.0,-2.0
2.0,-2.0
-2.0,2.0
23.0,2.0
2.0,-2.0
1.0470914127423687,2.000000000000014
23.0,2.0
23.0,2.0
25.0,0.0
-2.0,2.0
-2.0,2.0
0.0,0.0
0.0,0.0
0.0,0.0
-2.0932001034374705,2.0932001034374705
-2.1672969556180246,2.1672969556180246
-2.325654656286768,2.325654656286768
-2.017847583680288,2.017847583680288
-2.1364799258295877,2.1364799258295877
-24.44805216452728,1.8855521645272795
23.021376959447323,1.9786230405526766
-2.2799750540287347,2.2799750540287347
-2.3702701441772724,2.3702701441772724
-25.0,1.5015222768240264
-2.333767108257719,2.333767108257719
-1.9447203315573347,1.9447203315573347
-25.0,1.707109778531926
-25.0,1.791367944644037
-2.34152517101315,2.34152517101315
-2.1621979164867895,2.1621979164867895
-2.0756417430127696,2.0756417430127696
-1.9643111441125418,1.9643111441125418
-2.183092679387971,2.183092679387971
-1.9230353722219027,1.9230353722219027
-2.265177805305899,2.265177805305899
-2.227193466645784,2.227193466645784
2.320783776908712,-2.320783776908712
1.968619986809526,-1.968619986809526
2.1098347797714956,-2.1098347797714956
1.5297340314933425,-1.5297340314933425
1.9575603924665854,-1.9575603924665854
1.3162339369222282,-1.3162339369222282
-23.5641049508104,-1.4358950491896003
2.278809956091333,-2.278809956091333
1.5552866615548782,-1.5552866615548782
0.0,0.0
0.0,0.0
23.367608280390172,1.6323917196098279
1.8223336096243807,-1.8223336096243807
13.258993226292308,2.5318809358773517
25.0,0.0
25.0,0.0
-25.0,0.0
1.9814460657102158,-1.9814460657102158
-25.0,0.0
-25.0,1.9757185178821643
25.0,-2.036717693804558
-1.9975159336156514,1.9975159336156514
25.0,-2.0052404531103427
-2.032341516811467,2.032341516811467
-1.9140776660754333,1.9649195257434764
-2.0334768201580005,2.0334768201580005
-2.050195564820861,2.050195564820861
-2.044138242522446,2.044138242522446
-2.0,2.0
-2.0,2.0
-2.0,2.0
-2.0,2.0
-2.0,2.0
25.0,0.0
-2.0,2.0
2.0,-2.0
2.0,-2.0
2.0,-2.0
-2.0,2.0
-25.0,2.0
2.0,-2.0
2.0,-2.0
-23.0,-2.0
-23.0,-2.0
2.0,-2.0
2.0,-2.0
2.0,-2.0
2.0,-2.0
0.0,0.0
0.0,0.0
0.0,0.0
0.21606648199446,2.0
-2.0,2.0
-2.0,2.0
-2.0,2.0
-2.0,2.0
-2.0,2.0
-2.0,2.0
2.0,-2.0
-2.0,2.0
-2.0,2.0
25.0,-2.0
25.0,0.0
23.0,2.0
2.0,-2.0
-2.0,2.0
3.047091412742385,2.0
25.0,-2.0
-2.0,2.0
-22.757499999999997,2.0
-2.0,2.0
25.0,-1.8386417263946626
1.6951961432594822,-1.601625970540467
1.7450715536756454,-1.7450715536756454
-0.2808547155944199,2.0259262692700633
-25.0,2.1662214805988853
23.06413340293121,1.9358665970687916
-1.7412058021793504,2.041791419244296
-1.9375303013824343,1.9375303013824343
-24.43681521778975,1.87431521778975
23.017140698691183,1.9828593013088174
-1.9130840725583091,1.9130840725583091
-1.806505381767881,1.806505381767881
-1.6933974720379013,1.6933974720379013
-2.517840590568074,2.517840590568074
0.0,0.0
-23.458047025977983,2.2407694453204776
-25.0,1.857504609142591
-25.0,1.6722729715152589
-1.915353047143876,1.915353047143876
-2.1717547490805718,2.1717547490805718
1.9277393131360139,-1.9277393131360139
-1.8588205512874847,1.8588205512874847
-1.7720251729823309,1.7720251729823309
-1.7195711510541525,1.7195711510541525
-2.1628019244640866,2.1628019244640866
-1.8085136925137144,1.8085136925137144
-2.0650031239267364,2.0650031239267364
-2.683203079675735,2.683203079675735
-2.0120700611889735,2.0120700611889735
-2.371821504269434,2.371821504269434
22.953372098906137,2.0466279010938635
22.300014082158818,2.6999859178411825
22.840820861104692,2.1591791388949204
-1.6474051362869204,1.6474051362869204
-1.9722882149851335,1.9722882149851335
0.0,0.0
0.0,0.0
0.0,0.0
0.0,0.0
0.0,0.0
-1.8806527454567241,1.8806527454567241
-25.0,0.0
-25.0,2.0
-24.000000000000007,2.0
-25.0,0.0
23.00316927047713,1.9968307295228698
-1.986111764274616,1.986111764274616
-1.9961144654628256,1.9961144654628256
-1.9980128123494008,1.9980128123494008
1.994614209195913,-1.994614209195913
1.999353705152818,-1.999353705152818
-2.000646294847182,2.000646294847182
1.999353705152818,-1.999353705152818
2.0,-2.0
-2.0,2.0
-2.0,2.0
5.617728531855948,2.0
2.0,-2.0
2.0,-2.0
-2.0,2.0
25.0,0.0
2.0,-2.0
2.0,-2.0
2.0,-2.0
-25.0,0.0
2.0,-2.0
-23.0,-2.0
-2.0,2.0
0.0,-1.9999999999999996
0.0,0.0
0.0,0.0
0.0,0.0
0.0,0.0
0.0,0.0
0.0,0.0
2.0,-2.0
25.0,-2.0
-2.0,2.0
-20.7575,2.0
-2.0,2.0
-2.0,2.0
-2.0,4.440892098500626e-16
25.0,-2.0
2.7008310249307446,2.0
-2.0,2.0
-25.0,2.0
25.0,-2.0
25.0,-2.0
25.0,-2.0
-25.0,0.0
-25.0,2.0
-16.272499999999987,2.0
1.047091412742383,2.0
23.0,2.0
23.0,2.0
25.0,0.0
22.89702368110787,2.1029763188921287
-2.132045977901412,2.132045977901412
-24.54579337287244,1.9832933728724385
23.09439060505417,1.9056093949458308
-2.0886463755835463,2.0886463755835463
-1.9656562768206052,1.9656562768206052
-2.15837316377788,2.15837316377788
-1.7105791953043448,1.7105791953043448
-24.548167906845887,1.9856679068458867
25.0,-2.093605457798411
2.093605457798424,-1.9465989415306142
-25.0,1.9811072363715354
-25.0,2.360429295293226
-1.9423895045352229,1.9423895045352229
-1.386801886696233,1.386801886696233
-25.0,2.329433335241923
-1.8546543478829456,1.8546543478829456
-1.6955506310917707,1.6955506310917707
-2.191045135515407,2.191045135515407
-2.1176483834903577,2.1176483834903577
-2.0603200108739106,2.0603200108739106
-2.1963410926078923,2.1963410926078923
-2.047145441889459,2.047145441889459
-2.1017592499182784,2.1017592499182784
-1.858082740080106,1.858082740080106
-2.215823347825485,2.215823347825485
23.130461936198245,1.8695380637874806
-2.0519080795035567,2.0519080795035567
-2.159266237223938,2.159266237223938
-2.1831611588712905,2.1831611588712905
-2.029036247648472,2.029036247648472
-1.6838926155124234,2.1362287291995314
-2.2211142557394776,2.2211142557394776
-25.0,2.246418844907513
-25.0,2.0042050189642104
-2.044277192931433,2.044277192931433
-2.1320054069632817,2.1320054069632817
-2.135521528636769,2.135521528636769
-2.0551745824152667,2.0551745824152667
-2.1009800196685697,2.1009800196685697
-1.9890603630929897,1.9890603630929897
-2.1355215286367675,2.0359283565688955
24.999999999992358,-2.0138181863863984
25.0,0.0
7.0140852539881395,-1.9929854682244592
23.010844994395285,1.9891550056047151
23.00332452408684,1.996675475913161
-2.004686078952104,2.004686078952104
-2.0054328149769374,2.0054328149769374
-23.01227960209646,-1.9877203979035407
-23.01249503412309,-1.9875049658769086
-23.00904812786055,-1.9909518721394512
-2.0,2.0
23.0,2.0
23.0,2.0
25.0,-2.0
10.102493074792243,-2.0
2.0,-2.0
2.0,-2.0
-25.0,2.0
-22.194999999999997,2.0
-25.0,0.0
-25.0,0.0
0.0,0.0
2.0,-2.0
2.0,-2.0
0.0,0.0
0.0,0.0
2.0,-2.0
2.0,-2.0
2.0,-2.0
2.0,-2.0
2.0,-2.0
2.0,-2.0
2.0,-2.0
2.0,-2.0
2.0,-2.0
2.0,-2.0
25.0,-2.0
2.0,-2.0
6.700831024930749,-2.0
-25.0,0.0
23.0,2.0
23.0,2.0
25.0,0.0
25.0,-2.0
7.263157894736849,-2.000000000000001
2.0,-2.0
-2.0,2.0
-25.0,2.0
-2.0,2.0
-2.0,2.0
25.0,-2.0
2.0,-2.0
-2.0,2.0
4.484764542936307,-1.9956913677881798
1.9842091932004375,-1.9588525605742686
1.9703347351620044,-1.9703347351620044
1.9112757368935194,-1.9112757368935194
1.9265317705419012,-1.9265317705419012
1.9703347351620133,-2.1786867977918125
2.201195746386167,-1.9051445549507648
-22.813830004107,-2.1861699958929997
-25.0,0.0
1.9485425596769979,-1.9485425596769979
25.0,0.0
25.0,0.0
2.19243208173287,-2.19243208173287
-1.8844751116398615,1.8844751116398615
7.306806604812252,-1.7890049291090282
1.7890049291090353,-7.549516567451064e-15
-3.794559495688306,1.9533900866045195
2.040076907572061,-2.040076907572061
-25.0,1.7491725911202494
-25.0,1.9855255831270995
-25.0,1.8744925701843371
-23.768021335347903,1.614333963874742
1.9822404613696945,-1.9822404613696945
-1.6143339638747436,1.6143339638747436
-1.6143339638747436,1.6143339638747436
-1.6143339638747436,1.6143339638747436
2.373126401336376,-2.373126401336376
1.8882162373299702,-1.8882162373299702
2.351163106036484,-2.351163106036484
-1.6143339638747436,1.6143339638747436
2.220648311236613,-2.220648311236613
-1.614333963874743,1.614333963874743
25.0,0.0
22.993818858802854,2.006181141197146
7.946347376588519,-2.147706300849645
25.0,-2.3242188750460606
25.0,-2.249778599834528
-22.88775037172052,-2.1122496282794785
-25.0,0.0
-25.0,0.0
24.99999999997732,2.2680524125462398e-11
-25.0,1.9343000204094096
-2.0,2.011848738043198
25.0,-2.0
25.0,-2.0
23.0,2.0
0.0,2.0
2.0,-2.0
12.897985240839072,0.0
-2.0,2.0
-2.0,2.0
-2.0,2.0
-2.124999999999997,2.0
-25.0,2.0
-25.0,2.0
-25.0,2.0
-25.0,2.0
-2.0,2.0
25.0,0.0
23.0,2.0
-25.0,2.0
-25.0,0.0
25.0,-2.0
-20.7575,0.0
23.0,2.0
-22.562499999999996,2.0
-2.0,2.0
-2.0,2.0
-2.0,2.0
-2.000000000000003,0.0
0.0,0.0
2.0,-2.0
4.21606648199446,-2.0
-2.0,2.0
2.0,-2.0
-2.0,2.0
2.0,-2.0
2.0,-2.0
2.0,-2.0
-2.0,2.0
-2.0,2.0
-2.0,2.0
25.0,0.0
25.0,-2.0
2.0,-2.0
25.0,-2.0
9.047091412742391,-2.0
2.0,-2.0
2.0,-2.0
25.0,-2.0
2.000000000000006,-2.000000000000006
2.0,-2.0
2.0,-2.0
2.000000000000006,-2.000000000000006
2.0,-2.0
2.0,-2.0
2.0,-2.0
1.9898747138553627,-1.9898747138553627
1.9644585219406645,-1.951380439601487
1.9869219176608244,-1.9869219176608244
1.9869219176608286,-2.166166649676181
2.185531039007473,-2.185531039007473
2.185531039007473,-2.185531039007473
-1.9078670088797882,1.9078670088797882
-22.47461500361907,1.884556766323314
2.138662117659795,-2.138662117659795
25.0,0.0
-1.9548276823937472,1.9548276823937472
-2.087748410745822,2.087748410745822
-25.0,1.9827138218534692
-2.0530858003871906,2.0530858003871906
-2.07234936306128,2.07234936306128
-25.0,1.9826368218814423
-25.0,1.9175791037122494
-25.0,1.711225805725185
-2.187011473046323,2.187011473046323
-2.5941555531723557,1.9870431768380854
-1.8115719168125626,1.6669839570432055
-1.8424552170687276,1.8424552170687276
-1.627748999984954,1.627748999984954
2.0097660579276093,-2.0097660579276093
1.484116912819168,-1.484116912819168
-1.8424552170687276,1.8424552170687276
-1.8424552170687276,1.8424552170687276
-1.8424552170687276,1.8424552170687276
1.9367344246223799,-1.9367344246223799
2.018600226849491,-2.018600226849491
-1.8357873035074315,1.8357873035074315
-1.8424552170687276,1.8424552170687276
0.9371890062796673,2.422971418020908
-2.3168146492522514,2.3168146492522514
-1.589705333477538,1.589705333477538
22.861798067623848,2.138201932376152
22.800097895366076,2.1999021046339244
-25.0,0.0
-23.196610119149504,-1.8033898808504958
25.0,-1.9880909602689236
25.0,-2.036506408612997
-25.0,2.107649636834523
25.0,-1.8967859586100246
25.0,0.0
25.0,0.0
-2.047076449598949,2.047076449598949
1.9779406075910637,-1.9779406075910637
1.9889195975191265,-1.9889195975191265
11.517065351964854,-1.9670389627937137
-2.038777690830924,2.038777690830924
-2.0342536269006497,2.0342536269006497
-2.031668445046502,2.031668445046502
1.9653155090460892,-1.9653155090460892
2.0,-2.0
2.0,-2.0
2.0,-2.0
-2.0,2.0
2.0,-2.0
2.0,-2.0
2.0,-2.0
-2.0,2.0
-2.0,2.0
-2.0,2.0
-24.195000000000004,2.0
-25.0,2.0
-2.0,2.0
-2.0,2.0
-25.0,2.0
-25.0,0.0
0.0,2.0000000000000004
-1.8050000000000002,1.8050000000000002
-1.8050000000000002,1.8050000000000002
-1.8050000000000002,1.8050000000000002
0.19500000000000117,-2.0
25.0,-2.0
-18.7575,-2.0
2.0,-2.0
2.0,-2.0
2.0,-2.0
2.0,-2.0
4.21606648199446,-2.0
2.0,-2.0
2.0,-2.0
2.0,-2.0
-1.9999999999999987,1.9999999999999987
-2.0,2.0
-2.0,2.0
-2.0,2.0
23.0,2.0
-2.0396394189374463,2.0396394189374463
22.957990834933167,2.0420091650668333
25.0,-1.9480809838969328
25.0,-1.955570173583098
2.94169444236187,2.0613980104822964
1.9476501173782526,-1.9476501173782526
-2.0844491966523493,2.0844491966523493
1.9476501173782506,-1.8280962952230304
1.785454069679207,-1.7424039898393866
1.7850462153832107,-1.7850462153832107
1.3724164615942822,-1.3724164615942822
1.5556650343682432,-1.5556650343682432
1.7850462153832067,-1.702962193973078
1.7029621939730926,-1.6878361175008463
-2.2602068890789386,2.2602068890789386
-25.0,0.0
18.099626995302557,2.612168080891074
6.153000863106572,2.52387120313138
-2.7216153362131825,2.7216153362131825
-25.0,2.142012563163963
-2.1823353026139296,2.1823353026139296
-2.5253076944128114,2.5253076944128114
-25.0,2.474023819600525
-25.0,1.989344339936551
-2.285328445526585,2.285328445526585
-25.0,2.036000011512126
-1.9564704010592777,1.9564704010592777
-3.623296470290984,2.183672072620113
-2.2017563365422888,2.2017563365422888
-2.2017563365422888,2.2017563365422888
-2.2017563365422888,2.2017563365422888
-1.643303309908175,1.643303309908175
1.6622781226871615,-1.6622781226871615
1.8061967507324583,-1.8061967507324583
1.667923104243017,-1.667923104243017
-2.2017563365422888,2.2017563365422888
1.4921365861352989,-1.4921365861352989
1.6135421895722146,-1.6135421895722146
1.3329811152645652,-1.3329811152645652
25.0,0.0
-24.764256336542292,0.0
1.555024104273211,-1.555024104273211
1.5336657636715847,-1.5336657636715847
4.601776875887081,-1.9459655852033215
-2.396869689842093,2.396869689842093
-2.3463687532699753,2.3463687532699753
25.0,0.0
25.0,0.0
-2.0126084890159164,2.0126084890159164
1.9255060328894271,-1.9255060328894271
1.9692161054454278,-1.9692161054454278
-1.8646212684425032,1.935498273304029
-2.0123627853398065,2.0123627853398065
-2.01805016224399,2.01805016224399
24.99999999995209,4.7908343958624755e-11
22.995760455305504,2.004239544694496
-2.0290802060725635,2.0290802060725635
-2.0342806183099014,2.0342806183099014
-2.0356510881309426,2.0356510881309426
2.536469599191557,-1.9527034702888106
-2.0,2.0
-2.0,2.0
-25.0,2.0
-2.0,2.0
-1.5625319867749088,2.0
23.0,2.0
2.0,-2.0
-2.0,2.0
-2.0,2.0
-2.0,2.0
-2.0,2.0
-25.0,2.0
2.0,-2.0
-18.194999999999993,-2.0
-25.0,0.0
-23.0,-2.0
2.0,-2.0
2.0,-2.0
2.0,-2.0
0.0,0.0
0.0,0.0
0.0,0.0
6.700831024930748,-1.9999999999999991
-2.0,2.0
25.0,-2.0
-25.0,2.0
2.0,-2.0
2.0,-2.0
2.0,-2.0
-1.9999999999999996,0.0
23.0,2.0
23.0,2.0
-19.8125,2.0
25.0,0.0
23.0,2.0
25.0,0.0
0.0,-1.8050000000000055
2.0,-2.0
2.0,-2.0
2.0,-2.0
2.0,-2.0
2.0,-2.0
1.9952605043512723,-1.9952605043512723
2.000000000000006,-1.848551577430893
1.8485515774308952,-1.6421401448594164
1.6421401448594142,0.0
0.0,0.0
0.0,0.0
-25.0,0.0
-23.517836803684204,-1.4821631963157955
-2.4245879441169054,2.4245879441169054
1.0359311547740404,2.147711192241311
1.83100147122963,-1.83100147122963
-2.390363349992594,2.390363349992594
-25.0,2.126762781818634
-25.0,1.9695282077910683
22.64825150483191,2.3517484951680885
-1.3243014978850223,1.9119517942811197
-1.8643241558455204,1.8643241558455204
-1.8953065462296221,1.8953065462296221
-25.0,2.1799924837928977
-2.0957014980205706,2.0957014980205706
-1.8432495159605056,1.8432495159605056
-2.242375084081445,2.242375084081445
-2.0366627161894133,2.0366627161894133
-2.242375084081445,2.639149628466299
4.060720982572405,2.0007750488987686
22.943920036766098,2.056079963233902
25.0,-1.9543371231457272
1.8223856792775956,-1.8223856792775956
25.0,-1.72540168991965
25.0,0.0
-25.0,0.0
-25.0,0.0
-25.0,2.7369206585219388
22.5470028530888,2.4529971469112013
24.999999999955158,4.484235205381992e-11
25.0,0.0
-2.3694534395559312,2.3694534395559312
-25.0,2.5816855591778385
-25.0,0.0
25.0,-1.6940412422958389
-2.1265317819025524,2.1265317819025524
25.0,0.0
-16.136481199911028,1.9717472033988823
24.999999999982673,-1.9953201314388274
-24.566723581376454,2.0
23.0,2.0
2.0,-2.0
-20.53460427620938,1.9999999999999964
-2.0,2.0
-2.0,2.0
-25.0,2.0196042762093818
-2.0069212871564943,2.0069212871564943
-2.0215431632163483,2.0215431632163483
-2.0234820452924756,2.0234820452924756
25.0,-2.0
25.0,0.0
-2.0,2.0
-2.0,2.0
-20.000000000000007,-2.0
-25.0,0.0
-25.0,2.0
-25.0,0.0
23.0,2.0
-2.0,2.0
-2.0,2.0
-2.0,2.0
23.0,2.0
-2.0,2.0
-25.0,2.0
-20.125000000000004,-2.0
2.0,-2.0
2.0,-2.0
2.0,-2.0
0.0,0.0
2.0,-2.0
25.0,-2.0
25.0,-2.0
25.0,-2.0
-25.0,0.0
-25.0,0.0
-12.272499999999999,2.0
-2.0,2.0
-2.0,2.0
-1.9999999999999996,1.9999999999999996
25.0,-2.0
25.0,-2.0
25.0,-2.0
11.047091412742397,-2.0
25.0,0.0
0.0,0.0
0.0,-2.0
-22.562500000000007,2.0000000000000107
2.0,-2.0
25.0,-2.0
-2.0,2.0
-2.0,2.0
2.000000000000006,-1.9877203979035412
1.7503147705208966,-1.7503147705208966
-2.2198505410346234,2.2198505410346234
-2.3083850457571704,2.3083850457571704
-25.0,2.28332313273048
1.5379556719492178,-1.5379556719492178
25.0,-2.027755965326687
4.186309457157681,-8.881784197001252e-16
-1.8740614965704454,1.8740614965704454
-2.215356298814826,2.215356298814826
-2.4106092934573455,2.4106092934573455
-2.2963022038351326,2.2963022038351326
-2.143185866016413,2.143185866016413
-2.1676049555061336,2.1676049555061336
-2.0661284595834974,2.0661284595834974
-1.9620396449377289,1.9620396449377289
-1.9533569513706546,1.9533569513706546
-1.9511100669409984,1.9511100669409984
-25.0,2.0305311200562386
-1.9973239353983878,1.9973239353983878
-24.07665978362655,2.0461286635703075
-1.90777486137228,1.90777486137228
-2.0331390207481856,2.0331390207481856
-1.8850137958703979,1.8850137958703979
-1.6384826067414018,1.6384826067414018
-2.069272835490394,2.069272835490394
2.2711957949229697,-2.2711957949229697
1.8566405684728684,-1.8566405684728684
1.7192549462509898,-1.7192549462509898
1.9077010171368105,-1.9077010171368105
-23.04496924595871,-1.9550307540412888
-23.25837466843307,-1.7416253315669294
1.8885968191589262,-1.8885968191589262
1.6594947630425585,-1.6594947630425585
0.0,0.0
0.0,0.0
0.0,0.0
0.0,0.0
1.9400069234335504,-1.9400069234335504
1.8315712394652683,-1.8315712394652683
0.0,0.0
25.0,-1.8748155598211014
1.977485141119742,-1.977485141119742
1.956195531474193,-1.956195531474193
1.960417174759976,-1.960417174759976
25.0,-2.0111062844514933
-1.9827729771214275,1.9827729771214275
25.0,-1.968867167271732
25.0,-2.001485119209466
13.119432025490642,-2.000000000000007
1.963272571487784,-1.963272571487784
-2.0364025158484877,2.0364025158484877
-2.033942066947234,2.033942066947234
1.9525691414621773,-1.9525691414621773
2.0,-2.0
2.0,-2.0
2.0,-2.0
-18.757499999999997,-2.0
25.0,-2.0
2.0,-2.0
2.0,-2.0
-24.562500000000004,2.0000000000000036
25.0,0.0
2.0,-2.0
2.000000000000006,-2.000000000000006
-23.0,-2.0
-2.0,2.0
-16.195000000000004,-2.0
-25.0,0.0
-23.0,-2.0
2.0,-2.0
2.0,-2.0
0.0,0.0
0.0,0.0
0.0,0.0
2.0,-2.0
2.0,-2.0
0.21606648199447065,2.0
-2.0000000000000098,2.0000000000000098
-2.0,2.0
-2.0000000000000098,2.0000000000000098
-0.9130537399916787,2.0
-2.0,2.0
-2.0,2.0
25.0,0.0
23.0,2.0
-2.0,2.0
-2.0,2.0
-2.0,2.0
-2.0,2.0
-2.0329610372062854,2.0329610372062854
-2.029944996229715,2.029944996229715
22.969193280594602,2.0308067194053976
22.966823529534373,2.0331764704656266
-2.0364079447015357,2.0364079447015357
1.9601451527340519,-1.9601451527340519
1.9601451527340505,-1.9398945792120679
1.9398945792120739,-1.8969684655797754
-2.3188660949721696,2.3188660949721696
1.7861349444958956,-1.7861349444958956
1.8883519340019856,-1.8883519340019856
-18.73708235753881,-2.113403602245512
24.999999999966835,0.0
0.0,0.0
-1.710249105260326,1.710249105260326
-25.0,1.7343608260092473
22.717925118865235,2.282074881134765
-1.4210257675017042,2.2001273453307872
-2.0388105104911336,2.0388105104911336
-25.000000000000004,1.9713332891025281
-2.099574849072482,2.099574849072482
-2.2517469905128973,2.2517469905128973
-3.283667896961056,1.969695461828666
-24.99999999999664,1.8943004974147684
-1.6598652465145278,1.6598652465145278
-1.5671692719922774,1.5671692719922774
-1.7519887704250632,1.7519887704250632
-1.9727470590807403,1.9727470590807403
-2.112968426174092,2.112968426174092
-2.3142255251928248,2.3142255251928248
-2.1678428980426485,2.1678428980426485
-1.795277271092715,1.795277271092715
-1.7617608242521339,1.7617608242521339
1.9076984925475653,-1.9076984925475653
2.2444016980993187,-2.2444016980993187
1.7100263102592947,-1.7100263102592947
2.3915701036525654,-2.3915701036525654
1.6706881606155797,-1.6706881606155797
1.7520746064594537,-1.7520746064594537
1.8786644539146842,-1.8786644539146842
-1.2765600169086877,1.2765600169086877
-25.0,2.4483386486035315
1.2426244882531368,-1.2426244882531368
1.7097706955980554,-1.7097706955980554
-24.999999999991807,1.7434386177934442
-1.743438617793445,1.743438617793445
-1.743438617793445,1.743438617793445
25.0,-1.7942953636625383
-14.532865810368182,2.0278659821924556
-1.9832046079200558,1.9832046079200558
-2.0,2.0
-2.0,2.0
-1.9956804063803875,1.9956804063803875
1.994614209195913,-1.994614209195913
25.0,-2.0183791954706685
25.0,-2.0
25.0,-2.0
25.0,-2.0
2.0,-2.0
2.0,-2.0
2.0,-2.0
2.0,-2.0
2.000000000000006,-2.000000000000006
2.0,-2.0
2.0,-2.0
2.000000000000006,-2.000000000000006
0.0,2.000000000000006
-2.0,2.0
-2.0,2.0
-2.0,2.0
-2.0,2.0
-25.0,2.0
-2.0,2.0
-25.0,1.0
-25.0,2.0
-25.0,0.0
2.0,-2.0
2.0,-2.0
2.0,-2.0
2.0,-2.0
0.0,0.0
2.0,-2.0
2.0,-2.0
2.0,-2.0
2.0,-2.0
2.0,-2.0
2.0,-2.0
2.0,-2.0
2.0,-2.0
2.0,-2.0
0.0,0.0
0.0,0.0
0.0,0.0
0.0,0.0
4.700831024930746,-2.0
23.0,2.0
-25.0,2.0
25.0,0.0
25.0,-2.0
-25.0,2.0
-2.0,2.0
-22.32,2.0
-1.9999999999999996,0.0
1.6341469994537294,-1.6341469994537294
22.5321504578696,2.4678495421303985
22.70264898708001,2.2973510128803554
22.815886439835353,2.184113560164647
3.2603499203867154,2.0028079743897567
22.881839756039852,2.1181602439601477
-1.6422959987986996,1.6422959987986996
-1.4499500686738767,1.4499500686738767
-1.6080493145184782,1.6080493145184782
-2.3768656335845506,2.3768656335845506
0.0,0.0
-2.122304357208776,2.122304357208776
-24.999999999964285,-3.5715430612981436e-11
22.649727758377445,2.350272241606021
-1.9716431824325742,1.9716431824325742
-1.9776498113980363,1.9776498113980363
-24.999999999947832,1.9262718956363045
-1.972359534631357,1.972359534631357
-1.905323485213632,1.905323485213632
-1.8233873100612659,1.8233873100612659
-1.8328166508980832,1.8328166508980832
-2.0227913605728443,2.0227913605728443
-1.8109631752304267,1.8109631752304267
2.0523871203131385,-2.0523871203131385
-1.9870400211015262,1.9870400211015262
2.132234829011086,-2.132234829011086
1.9910648475082464,-1.9910648475082464
-2.072767498155283,2.072767498155283
1.9824073998336402,-1.9824073998336402
2.2916449678220907,-2.2916449678220907
1.8402856481847545,-1.8402856481847545
-13.824987711927541,-1.5866628878614844
1.9239707325378452,-1.9239707325378452
-22.54560612403707,-2.4543938759119968
-23.08806272210705,-1.9119372778929495
1.7035545257251092,-1.7035545257251092
-2.2475107297567583,2.2475107297567583
-1.6187093926131126,1.6187093926131126
2.1840147856103664,-2.1840147856103664
24.999999999950504,-1.816754898536253
-2.1919825470601104,2.1919825470601104
-24.999999999961826,1.9999999999999964
1.8705889832315268,-1.8705889832315268
-2.0,2.0
-2.0,2.0
-1.9863580072611728,1.9863580072611728
1.9655351507759804,-1.9655351507759804
-2.0,2.0
2.0,-2.0
-2.0,2.0
-2.0,2.0
-2.000000000000003,2.000000000000003
23.0,2.0
25.0,0.0
25.0,0.0
2.0,-2.0
25.0,0.0
1.047091412742379,2.0000000000000004
-2.0,2.0
-2.0,2.0
-2.0,2.0
-2.0,2.0
-2.0,2.0
-25.0,2.0
-25.0,2.0
-2.9999999999999947,2.0
-25.0,2.0
-25.0,2.0
-2.000000000000003,0.0
0.0,0.0
0.0,0.0
0.0,0.0
0.0,2.0
-1.805,0.0
0.0,0.0
0.0,0.0
0.0,2.0
2.0,-2.0
-1.805,1.805
-1.8049999999999997,1.8049999999999997
-1.805,1.9999999999999991
-1.980987499999999,1.980987499999999
-1.980987499999999,0.0
0.0,0.0
0.0,0.0
0.0,0.0
0.0,0.0
0.0,0.0
0.0,0.0
2.0,-2.0
2.0,-2.0
25.0,0.0
25.0,0.0
3.747922437721596,2.0
-25.0,2.0
22.943341481732205,2.0566585182235215
22.651001867306125,2.3489981326938754
-2.4064463246827774,2.4064463246827774
22.818187445142804,2.1818125548530105
-2.034320844089347,2.034320844089347
-2.0001508442074964,2.0001508442074964
-1.8359174776404688,1.8359174776404688
-1.8417985082909016,1.8417985082909016
-1.5972756299077382,1.5972756299077382
0.0,0.0
-2.1886202675438504,2.1886202675438504
-2.090380295035615,2.090380295035615
-1.9359025724655563,1.9359025724655563
-25.0,2.054699012915897
-2.148876921326023,2.148876921326023
-1.972771042678584,1.972771042678584
-24.999999999985672,1.8938845713363612
-25.0,1.9032388056430847
-1.9303125007258188,1.9303125007258188
-2.6226464895692043,1.8475192275241628
-2.0138423228402313,2.0138423228402313
-2.0225578360675147,2.0225578360675147
-24.99999999998864,1.9942344693076066
-1.9727773541517024,1.9727773541517024
-1.8923010227312993,1.8923010227312993
-2.070929597183607,2.070929597183607
-2.070929597183607,2.070929597183607
2.256425685534536,-2.256425685534536
2.0361243475325317,-2.0361243475325317
2.2949673272708857,-2.2949673272708857
1.7372375954559836,-2.0642817225494596
1.4848323182969807,-1.4848323182969807
1.957317400751581,-1.957317400751581
1.511250251322859,-1.511250251322859
2.234888414670044,-2.234888414670044
1.694435709365651,-1.694435709365651
1.5478246068886348,-1.5478246068886348
2.334789566902675,-2.334789566902675
-1.743885470090131,1.743885470090131
-1.743885470090131,1.8533109508299894
-1.8426419664578533,1.8426419664578533
22.913221820456386,2.086778179540911
-1.9303133685533729,1.9303133685533729
1.9722810554078165,-1.9722810554078165
2.0314586058232957,-2.0314586058232957
24.9999999999702,-1.9950762028645315
-1.989750091229977,1.989750091229977
1.99213694243768,-1.99213694243768
-1.9960759697912953,1.9960759697912953
23.00605829922077,1.9939417007792315
25.0,-1.9912630302295398
-2.023352883214013,2.023352883214013
3.17870530964841,2.029083268123193
-2.029083268123193,2.029083268123193
-2.0,2.0
-2.0,2.0
-2.0,2.0
2.0,-2.0
-2.0,2.0
2.0,-2.0
2.0,-2.0
2.0,-2.0
-2.0,2.0
2.0,-2.0
-2.0,2.0
-25.0,0.0
-2.0,2.0
-20.19500000000001,2.000000000000007
-25.0,0.0
-25.0,0.0
0.0,0.0
0.0,0.0
0.0,0.0
23.0,2.0
-22.5625,0.0
0.0,0.0
0.0,0.0
0.0,0.0
0.0,0.0
0.0,0.0
0.0,0.0
2.0,-2.0
0.0,0.0
2.0,-2.0
25.0,-2.0
2.0,-2.0
-20.7575,2.0
-2.0,2.0
25.0,0.0
25.0,-2.0
25.0,-2.0
25.0,-2.0
-16.397499999999987,2.0000000000000018
25.0,0.0
0.0,0.0
-25.0,2.0
-25.0,2.0844491966523506
-1.4708155566048533,2.346772125433889
22.603984173577224,2.3960158264227758
22.9279158765737,2.072084123403542
-2.0477472408511663,2.0477472408511663
-1.8652355325636165,1.8652355325636165
-1.9838135960441106,1.9838135960441106
-1.7900917647797785,1.7900917647797785
-1.690284653496593,1.690284653496593
-24.27046813887584,1.7079681388758416
22.09717848371352,2.9028215162864797
-1.9098986720761548,1.9098986720761548
-1.7555957773114361,1.7555957773114361
-25.0,1.9751927549135857
-2.3027828244316826,2.3027828244316826
-2.062967673846499,2.062967673846499
-2.5096490305930796,1.8051471527531011
-24.999999999999996,1.8906726626671073
-1.692620529697198,1.692620529697198
-25.0,1.838636460259277
-1.7921341574804437,1.7921341574804437
-1.869869416126127,1.869869416126127
-25.0,2.1637631618198085
-2.1637631618198077,2.1365114831951706
-1.9568888517269325,1.8338309046279857
-2.0134535360962236,2.0134535360962236
-2.0134535360962236,0.0
2.0322516276279323,-2.0322516276279323
2.259770766286554,-2.259770766286554
1.9984069841852659,-1.9984069841852659
2.0958378258398973,-2.0958378258398973
0.0,0.0
2.014970183086241,-2.014970183086241
2.141877497639257,-2.141877497639257
0.0,0.0
0.0,0.0
1.7093907449164112,-1.7093907449164112
0.0,1.7639989154185567
-1.5920090211652473,1.5920090211652473
-1.5920090211652473,1.5920090211652473
-1.5920090211652473,1.9580324906557385
-1.9223452023804155,2.1626655966447603
-1.9876909706601325,1.9876909706601325
1.9114619746588546,-1.9114619746588546
1.9247355893936982,-1.9247355893936982
24.99999999998743,-2.0489550102638425
2.062778067085843,-2.062778067085843
25.0,-1.9956913677881793
-1.9982454884423524,1.9982454884423524
23.0,2.0
2.0,-2.0
25.0,-2.0
-2.0,2.0
-2.0,2.0
8.937461493628062,0.0
-2.0,2.0
-2.0,2.0
0.0,0.0
0.0,0.0
0.0,0.0
-2.0,2.0
-2.0,2.0
-2.0,2.0
-2.0,2.0
-2.0,2.0
-25.0,0.9999999999999929
-2.0,2.0
-25.0,2.0
-25.0,2.0
-25.0,0.0
0.0,2.0000000000000004
-1.8050000000000002,2.0
-1.9809875,2.0
23.0,2.0
-24.56064628125,2.0
-2.0,2.0
-2.0,2.0
-2.0,2.0
2.0,-2.0
-2.0,2.0
-2.0,2.0
-2.0,2.0
-2.0,2.0
-2.0,2.0
-2.0,2.0
-2.0,2.0
-2.0,2.0
0.0,-2.0
0.0,0.0
23.0,2.0
23.0,2.0
25.0,0.0
23.0,2.0
-25.0,2.0
-2.0,2.0
-25.0,2.0
-19.015055381661853,2.077555381661856
-2.3361011304630974,2.3361011304630974
22.72290416111383,2.2770958388861686
22.907924285498325,2.092075714501675
23.040555317234332,1.9594446827656675
-24.49649272070035,1.933992720700349
23.005225268593577,1.994774731406423
-1.9001827903598256,1.9001827903598256
-1.782682095340407,1.782682095340407
-2.1063622072625154,2.1063622072625154
-2.133705402247349,2.133705402247349
-1.7624027010681331,1.7624027010681331
-1.806837996401148,1.806837996401148
-25.0,3.609557097661309e-11
-2.2092486862794924,2.2092486862794924
-2.0264911461140365,2.0264911461140365
-24.999999999944357,1.4996017965381014
-25.0,2.0972825220363838
-1.9383406945306607,1.9383406945306607
-2.038564363039569,2.038564363039569
-1.644885596218609,1.644885596218609
-2.1119844675151516,2.1119844675151516
-1.76193060287898,1.76193060287898
-2.009932365244242,2.009932365244242
-23.405651732399235,1.8493647022635784
-2.0405972885305586,2.0405972885305586
-2.0405972885305586,2.0405972885305586
-1.8756816517195833,1.8756816517195833
-2.0405972885305586,2.0405972885305586
-1.8996311676093998,1.8996311676093998
-2.0405972885305586,2.0405972885305586
-2.0405972885305586,2.0405972885305586
-2.0405972885305586,0.0
1.8851873613811154,-1.8851873613811154
2.5226663429133414,-2.5226663429133414
1.3752600958071524,-1.3752600958071524
1.8662340076107276,-1.8662340076107276
24.999999999971912,2.808775434459676e-11
-1.593571110761708,1.593571110761708
-1.9394477269153834,1.9394477269153834
22.790671946946063,2.2093280530539374
22.995489269056684,2.0045107309433163
-1.9704828969934265,1.9704828969934265
-2.0230126171523017,2.0230126171523017
-2.062565968305953,2.062565968305953
-1.987378690804315,1.987378690804315
-1.9973462622345384,1.9973462622345384
-1.9992282054545567,1.9992282054545567
1.9981866250183913,-1.9981866250183913
1.9809949710434662,-1.9809949710434662
7.205596150471045,-1.9798896250054643
25.0,-1.9625486307287474
1.9358152103366895,-1.9358152103366895
1.9415299854442913,-1.9415299854442913
2.0,-2.0
2.0,-2.0
-2.0,2.0
-2.0,2.0
-2.0,2.0
-2.0,2.0
-2.0,2.0
-2.0,2.0
-2.0,2.0
2.0,-2.0
2.0,-2.0
-23.0,-2.0
2.0,-2.0
-25.0,2.0
-23.0,-2.0
-18.195,-2.0
0.0,0.0
0.0,0.0
0.0,0.0
0.0,2.0
-1.805,0.0
0.0,0.0
0.0,0.0
23.0,2.0
-22.5625,2.0
-2.0,2.0
-2.0,2.0
25.0,-2.0
2.0,-2.0
-22.7575,2.0
-2.0,2.0
25.0,0.0
-24.5625,2.0
-2.0,2.0
-2.0,2.0
23.0,2.0
-2.078323372065487,2.078323372065487
-1.97842060251787,2.0764419909610425
22.91977449046594,2.08022550953406
24.999999999967486,2.6759039428725373e-11
-2.0793564295475253,2.0793564295475253
-2.0842802538026057,2.0842802538026057
-2.133903355684658,2.133903355684658
0.832561492859534,2.116508531445425
25.0,-1.710457936127085
1.7104579361270813,6.661338147750939e-15
0.0,0.0
-1.681804558216574,1.681804558216574
-1.4998959111853543,1.4998959111853543
-1.9186148164507486,1.9186148164507486
-1.6427674658405396,1.6427674658405396
-24.588808113393643,2.026308113393643
25.0,0.0
0.0,0.0
0.0,0.0
-0.18169046338179284,-1.7257841651905395
2.113545294816987,-2.113545294816987
-2.209051137170931,2.209051137170931
-21.67876602173763,1.914233391812921
-25.0,0.0
-25.0,2.11823976852142
-2.246957213564393,2.246957213564393
-25.0,1.8312842252252715
-1.9915116998049296,1.9915116998049296
-1.7960983937452397,1.7960983937452397
-1.8707763748130422,1.8707763748130422
-1.4349300249500114,1.4349300249500114
-2.277516735249657,2.277516735249657
-2.01423868335198,2.01423868335198
1.941158767277404,-1.941158767277404
2.076150447746002,-2.076150447746002
-1.966823110413113,1.966823110413113
2.1226660046183827,-2.1226660046183827
-2.1580689507736395,2.1580689507736395
-2.277516735249657,2.2245880905430813
-2.22458809054308,1.8994172086707322
-1.4964574206312058,1.4964574206312058
-1.899417208670733,1.899417208670733
-1.758438464803337,1.758438464803337
-1.7648218887138833,1.7648218887138833
-1.6558274815879184,1.6558274815879184
-1.5402524170164984,1.5402524170164984
-1.8994172086707333,2.8004156559473614
-1.295257254684073,1.9600015124814179
-1.8915640004580614,1.8915640004580614
-2.023785989566024,2.023785989566024
-2.0616134388107983,2.0616134388107983
2.011169291936927,-2.011169291936927
-1.9667781719848938,1.9667781719848938
-1.9771929051219095,1.9771929051219095
-1.9884635492088771,1.9884635492088771
-1.9890388498451694,1.9890388498451694
-1.997876172038191,1.997876172038191
-2.0165416203195474,2.0165416203195474
-2.0229942343704934,2.0229942343704934
-2.022835750445293,2.022835750445293
-2.0,2.0
-2.0,2.0
-2.0,2.0
-2.0,2.0
23.0,2.0
25.0,0.0
23.0,2.0
-2.0,2.0
-2.0,2.0
-2.0,2.0
-2.0,2.0
-25.0,2.0
-2.0,2.0
-2.0,2.0
-25.0,2.0
-25.0,0.0
2.0000000000000036,-2.0000000000000036
2.0,-2.0
0.0,0.0
23.0,2.0
-22.5625,2.0
-1.9999999999999962,0.0
25.0,-2.0
25.0,-2.0
-23.0,-2.0
-16.514999999999997,2.0
-2.0,2.0
-2.0,2.0
-2.0,2.0
-2.0,2.0
-2.0,2.0
25.0,0.0
-21.81249999995355,2.0000000000000178
2.0,-2.0
25.0,0.0
23.0,2.0
22.98233460704796,2.017665392900547
25.0,-1.9819037442789025
-2.0174499621066255,2.0174499621066255
1.9819037442789074,-1.982550037893375
-2.0176653929005464,2.0176653929005464
-2.027359816840987,2.027359816840987
-2.1645897577029256,2.1645897577029256
-25.0,2.324983588907603
0.5569708494551149,2.2389355679129155
-2.056704641285658,2.056704641285658
-1.9975741853074758,1.9975741853074758
-25.0,1.8160252922439284
23.20618036362366,1.793819636376341
23.00180318786953,1.9981968121304696
-2.4362193579242453,2.4362193579242453
-2.4674788219781867,2.4674788219781867
-1.7462068299025688,1.7462068299025688
0.0,0.0
-2.2334954725531206,2.2334954725531206
-25.0,0.0
-1.6073531590336714,1.6073531590336714
-1.9019392733282903,1.9019392733282903
-25.0,0.0
-25.0,0.0
-19.855730454049407,1.9797957122578183
-2.0952559080185083,2.0952559080185083
-1.9800917203470099,1.9800917203470099
-1.932195844303937,1.932195844303937
-1.4227425703610592,1.4227425703610592
1.8626604515318768,-1.8626604515318768
2.1890103165824826,-2.1890103165824826
-2.063815935833423,2.063815935833423
-1.9190111769624973,1.9190111769624973
-2.1240652582084234,2.1240652582084234
-1.7127699076232599,1.7127699076232599
-1.3528764563976683,1.3528764563976683
-2.1240652582084234,2.1240652582084234
-2.1240652582084234,2.1240652582084234
-2.085620182010767,2.085620182010767
3.160524906349875,-2.350960192175773
2.139700670561199,-2.139700670561199
-2.2096065468052286,2.2096065468052286
-2.3897587108679827,2.3897587108679827
23.660306317501835,1.3396936824981651
-1.851865623486192,1.851865623486192
25.0,0.0
24.9999999999763,2.3700152951278142e-11
25.0,-4.60893545550789e-11
2.100058268466537,-2.100058268466537
1.9959049880398847,-1.9959049880398847
1.9735019112655352,-1.9735019112655352
2.096323265644967,-1.99626499717844
-1.9519757840957643,1.9519757840957643
-1.9858169759515707,1.9858169759515707
1.989364928652173,-1.989364928652173
1.9872188663074322,-1.9872188663074322
1.9831498287711544,-1.9831498287711544
1.9799009647010133,-1.9799009647010133
-2.0305912910768975,2.0305912910768975
-2.0327456064123646,2.0327456064123646
2.0,-2.0
2.0,-2.0
-2.0,2.0
-2.0,2.0
2.000000000000006,-2.000000000000006
-2.0,2.0
2.0,-2.0
-2.0,2.0
2.0,-2.0
2.0,-2.0
2.0,-2.0
-16.194999999999997,-2.0
2.0,-2.0
-23.0,-2.0
-23.0,-2.0
-23.0,-2.0
2.0000000000000018,-2.0000000000000018
0.0,0.0
-5.10702591327572e-15,2.0
23.0,2.0
2.0,-2.0
2.0,-2.0
2.0,-2.0
-24.367499999999996,1.999999999999993
-1.999999999999993,1.999999999999993
0.0,-1.999999999999993
2.0,-2.0
23.0,2.0
-22.5625,2.0
-2.0,2.0
2.0,-2.0
25.0,-2.0
2.0,-2.0
-2.0,2.0
-2.0,2.0
-2.0,2.0
-2.028436973276011,2.028436973276011
-2.02800610922275,2.02800610922275
25.0,-1.9696241421824432
22.969624142182443,2.030375857817557
4.9835390844592045,2.0331764704656257
22.952389614567867,2.047610385432133
-2.161070443311592,2.161070443311592
0.0,0.0
0.0,0.0
-2.2595640655419724,2.2595640655419724
-1.7772447612501,1.7772447612501
-2.1855775063541394,2.1855775063541394
-1.6634110321116644,1.6634110321116644
-1.855661027845108,1.855661027845108
-1.897922020689311,1.897922020689311
-24.720305131171834,2.1578051311973496
25.0,-2.8279600883251987e-11
-2.1457009880535436,2.1457009880535436
-1.9284935341734961,1.9284935341734961
-25.0,2.1069845185118545
-1.7428402901419577,1.9388594976208786
-1.8879530489009895,1.8879530489009895
-1.8504307100730406,1.8504307100730406
-25.0,1.6037354226430054
-1.9079288613163348,1.9079288613163348
-2.0717646050769885,2.0717646050769885
-25.0,1.7948241073229099
-25.0,1.6550723138294678
-2.07598256256109,2.07598256256109
-1.747979091553824,1.747979091553824
-2.337523697056965,2.337523697056965
-1.8791340275145894,1.8791340275145894
-1.6477895049997473,1.6477895049997473
-2.263825256616925,2.263825256616925
-2.337523697056965,2.108864706353411
-1.923059355819749,1.923059355819749
-2.108864706353411,2.108864706353411
-1.7244808459918755,1.7244808459918755
2.360995434431823,-2.360995434431823
-2.108864706353411,2.108864706353411
2.2456665173119665,-2.2456665173119665
1.7282046151309132,-1.7282046151309132
25.0,-2.795574440492956
25.0,-2.569371559552888
1.3477654254675118,-1.3477654254675118
-19.789572940325225,2.397571999013188
1.9485644920460794,-1.9485644920460794
-1.811790609356067,1.811790609356067
-25.0,0.0
1.8767731223784034,-1.8767731223784034
1.9640351848121773,-1.9640351848121773
2.104893162586148,-2.104893162586148
2.0440412104031744,-2.0440412104031744
1.9956810971600258,-1.9956810971600258
0.0,0.0
25.0,-2.0062487775071034
-1.99833579767168,1.99833579767168
1.9833372104909925,-1.9833372104909925
-2.0355964248567435,2.0355964248567435
-2.0216297200776743,2.0216297200776743
-2.0,2.0
-2.0,2.0
-2.0,2.0
-2.0,2.0
23.0,2.0
25.0,-2.0
2.0,-2.0
2.0,-2.0
-2.0,2.0
-2.0,2.0
-18.071860478299836,2.0
-2.0,2.0
-2.0,2.0
-25.0,2.0
-25.0,2.0
-1.9999999999999996,0.0
0.0,0.0
0.0,0.0
0.0,2.0
-1.7839335180055402,1.9999999999999996
-1.9999999999999996,1.9999999999999996
-2.0,2.0
25.0,0.0
25.0,-2.0
2.0,-2.0
2.0,-2.0
2.0,-2.0
2.0,-2.0
2.0,-2.0
2.0,-2.0
2.0,-2.0
25.0,-2.0
2.0,-2.0
2.0,-2.0
9.044506233353676,-2.0
25.0,-2.0
1.9769488162953666,-1.9769488162953666
1.9999999999999936,-1.9756562266010025
1.9750099317538203,-1.9750099317538203
1.9771642495547066,-1.9771642495547066
1.9782414059897306,-1.9782414059897306
1.9655309423054295,-1.9655309423054295
1.8285915400002135,-1.8285915400002135
-2.3327512372128294,2.3327512372128294
1.978241405989737,-1.6454877107539725
-2.058538597586634,2.058538597586634
1.6454877107538817,-1.9699962035226912
2.005053907727632,-2.005053907727632
-0.6091546724222408,2.6142085801498625
-2.080607610061236,2.080607610061236
-23.399041107987685,1.5311724162167053
-25.0,1.7428686917709797
25.0,0.0
25.0,-1.9397254317325334
1.9397254317325376,-1.9397254317325376
1.9397254317325376,-1.9397254317325376
-2.1377901876486796,2.1377901876486796
-1.9418984719267183,1.9418984719267183
-1.706914122865296,1.706914122865296
-2.0251398597196832,2.0251398597196832
-1.9410849230419362,1.9410849230419362
-1.8396349353063908,1.8396349353063908
-25.0,1.6681395877709306
-25.0,1.9918474701747542
-2.0642886651698875,2.0642886651698875
-1.8454749413815623,1.8454749413815623
-1.917267316940265,1.917267316940265
-1.9821909163057256,1.9821909163057256
-1.9042530593729863,1.9042530593729863
-2.045707688313403,2.045707688313403
-25.0,2.0713758183329816
-2.3303778471938843,2.3303778471938843
-2.0357500771766945,2.0357500771766945
-23.980760674140072,1.9993360330280936
-1.9993360330280903,0.0
1.963892062297572,-1.963892062297572
2.693334256323162,-2.693334256323162
1.2732348172969896,-1.2732348172969896
17.69271890823086,-1.6883905804141754
25.0,-2.0807644501681963
1.7897159165556604,-1.7897159165556604
2.0073503415920735,-2.0073503415920735
1.833134275782696,-1.833134275782696
2.007852734852187,-2.007852734852187
-22.988187131340542,-2.011812868659458
1.8593869172446462,-1.8593869172446462
1.9855619036825527,-1.9855619036825527
2.0424768748098354,-2.0424768748098354
1.9965738562651367,-1.9965738562651367
1.985890677192727,-1.985890677192727
1.9965501931717864,-1.9965501931717864
1.9924462070858326,-1.9924462070858326
1.9785096164775926,-1.9785096164775926
1.9759265425568495,-1.9759265425568495
25.0,-1.9949057437819846
25.0,-1.9646692141989064
25.0,-2.0
25.0,-2.0
-2.0,2.0
-2.0,2.0
-2.0,2.0
-25.0,2.0
-24.195000000000004,2.0
-2.0,2.0
-2.0,2.0
-2.0,2.0
-25.0,2.0
-25.0,2.0
-2.0,2.0
-2.0,2.0
-1.9999999999999996,1.9999999999999996
-1.9999999999999996,0.0
0.0,0.0
0.0,2.0
-1.804999999999999,2.0
-1.9809874999999983,2.0
-1.99814628125,0.0
2.0,-2.0
0.0,2.0
-1.805,2.0
-1.9809875,2.0
-1.99814628125,-2.220446049250313e-16
0.0,0.0
0.0,2.0
-1.805,2.0
-1.9809875,0.0
25.0,-2.0
25.0,0.0
25.0,-2.0
-23.0,-2.0
23.0,2.0
-15.665636363093364,2.0
-25.0,2.025636363093362
-25.0,2.026067224681203
22.977379680348626,2.0226203196513737
-21.861833839177155,2.023266614498553
22.977164249554708,2.0228357504452923
22.95842170144897,2.0415782985481528
22.801847169448838,2.1981528305511624
22.752397517202805,2.2476024827971948
-2.011808450628274,2.011808450628274
-1.9532602280451363,1.9532602280451363
-24.55588810076262,1.993388100762619
22.811770412642094,2.188229587357906
-2.092882162979201,2.092882162979201
-1.652810913011642,1.652810913011642
0.0,0.0
0.0,-1.8626465662910174
2.063874311679794,3.552713678800501e-15
-1.5376593482863727,1.5376593482863727
-25.0,0.0
-25.0,0.0
-1.7861868563622831,1.7861868563622831
-2.083164387820938,2.083164387820938
-21.93627999855797,1.936279998557957
-25.0,2.3710843242093667
-2.034732036562918,1.8344109290074393
-2.034734561152166,2.034734561152166
-1.916087071467385,1.916087071467385
-1.8683079576769774,1.8683079576769774
-1.8238758180805226,1.8238758180805226
-1.7792783178884006,1.7792783178884006
-2.170763216653887,2.170763216653887
-1.8559469375773094,1.8559469375773094
-2.170763216653887,2.0478611629409285
-1.9377505717942178,1.8840601322824164
-1.994170723429127,1.994170723429127
-1.8414892461081687,1.8414892461081687
1.7659226096254912,-1.7659226096254912
-1.8711727353247891,1.8711727353247891
0.0,0.0
-1.994170723429127,1.994170723429127
-1.9941707234291268,1.9941707234291268
-1.994170723429127,1.994170723429127
-1.797112647475144,1.797112647475144
2.1631537366404467,-2.1192701165077747
-2.0337756905988638,2.0337756905988638
1.963456886226154,-1.963456886226154
-2.0337756905988638,2.0337756905988638
-1.9340702394894533,2.0745579052917513
-2.1605658089854374,2.1605658089854374
-1.9558893905121493,1.9558893905121493
-1.9838701626219213,1.9838701626219213
-2.0788419853184283,2.0788419853184283
-1.9727625123282007,1.9727625123282007
2.0374679615423767,-2.0374679615423767
-1.995447347068841,1.995447347068841
-2.0098730078119127,2.0098730078119127
-2.0089174076371608,2.0089174076371608
-2.0152352550954795,2.0152352550954795
-2.0197915574633893,2.0197915574633893
22.973932775318797,2.026067224681203
-2.0,2.0
23.0,2.0
-1.9999999999999847,1.9999999999999847
-2.0,2.0
23.0,2.0
23.0,2.0
0.8691791590189029,2.0
-2.0,2.0
-2.0,2.0
-2.0,2.0
0.0,0.0
-24.000000000000007,2.0
-2.0,2.0
-25.0,2.0
-23.0,-2.0
-25.0,0.0
0.0,0.0
0.0,0.0
2.0,-2.0
2.0,-2.0
2.0,-2.0
0.0,0.0
0.0,0.0
0.0,2.0
-1.805,1.805
-1.805,1.805
2.0,-2.0
2.0,-2.0
2.0,-2.0
2.0,-2.0
2.0,-2.0
2.0,-2.0
-1.8049999999999997,1.8049999999999997
-1.805,2.0
-1.9809875,2.0
-1.9798044078047843,2.0
-2.016372803206182,2.016372803206182
-2.0129258981763507,2.0129258981763507
25.0,-1.9881512619568014
22.988797556803984,2.011202443196016
-23.013787622584744,-1.9862123774152565
1.960791447581234,-1.960791447581234
-2.185502439270753,2.185502439270753
25.0,-1.8349156101765587
7.473873498787185,2.0789742008185517
-2.084229291122605,2.084229291122605
-1.9658839632133005,1.9658839632133005
22.768053994097105,2.231946005902895
23.038934846511538,1.9610651534884624
-1.9527668286342141,1.9527668286342141
-2.176489616212953,2.176489616212953
-24.26355392007615,1.7010539200761485
25.0,0.0
-1.9847634727482202,1.9847634727482202
0.0,0.0
-1.8152903211994502,1.8152903211994502
-1.8312640285112973,1.8312640285112973
-1.9483929777641258,1.9483929777641258
-1.8530588074789653,1.8530588074789653
-25.0,1.7049171727710757
-25.0,1.806890381628019
-25.0,1.8302889059147205
-25.0,1.8711171943613607
-2.213213654675182,2.064684394534325
-2.064684394534325,1.9595201048694175
-1.9595201048694175,1.9265969365018343
-1.873470742686705,1.8585889202241013
-1.8939293827954904,1.8939293827954904
2.281136365082265,-2.281136365082265
2.1138261553706936,-2.1138261553706936
-1.8183195127219607,1.8183195127219607
-1.9117151140392306,1.9117151140392306
-1.9117151140392303,1.9117151140392303
-1.9117151140392303,0.0
2.151847416148545,-2.151847416148545
2.2053321016367313,-2.2053321016367313
2.151446006458303,-2.151446006458303
0.0,0.0
0.0,0.0
0.0,0.0
0.0,0.0
0.0,2.0392772439281392
23.071381261978544,1.9286187380214557
25.0,0.0
2.107203368842186,-2.107203368842186
-2.0667402582854244,2.0667402582854244
1.9656366594801393,-1.9656366594801393
1.9876955366164675,-1.9876955366164675
-2.0054908460137457,2.0054908460137457
-2.0102768903175985,2.0102768903175985
-2.0172014096386457,2.0172014096386457
-2.007967347259321,2.007967347259321
5.351673005809607,-1.9892881998762553
1.9666298351087097,-1.9666298351087097
-2.047825818691473,2.047825818691473
-2.047825818691473,2.047825818691473
2.0,-2.0
2.0,-2.0
2.0,-2.0
-2.0,2.0
-2.0,2.0
-2.0,2.0
-2.0,2.0
2.0,-2.0
-2.0,2.0
-2.0,2.0
2.0,-2.0
-25.0,0.0
-2.0,2.0
-2.0,2.0
-25.0,2.0
-1.9999999999999996,0.0
0.0,0.0
0.0,0.0
2.0,-2.0
2.0,-2.0
0.0,0.0
2.0,-2.0
2.0,-2.0
25.0,-2.0
25.0,-2.0
2.0,-2.0
25.0,0.0
23.0,2.0
-2.0,2.0
-2.0,2.0
2.0,-2.0
-2.0,2.0
-16.20249999999999,2.0
-2.0,2.0
25.0,-2.0
2.000000000000006,-2.0
1.9987074103056353,-1.9937524829384552
1.9941833463753613,-1.9941833463753613
1.9950450726328193,-1.9950450726328193
1.9950450726328193,-1.9950450726328193
1.9950450726328186,-1.9928907566809972
1.9698395754417817,-1.9698395754417817
1.9806152471803944,-1.9260871173991307
1.8017708696558612,-1.8017708696558612
1.7209263032257893,-1.7209263032257893
1.9383626268997407,-1.9383626268997407
1.9383626268997451,-1.9383626268997451
1.3872616775128064,-1.3872616775128064
1.4271214704096433,-1.4271214704096433
1.938362626899738,-1.938362626899738
1.938362626899741,-1.938362626899741
-25.0,1.0027500098206517
25.0,-1.2511815835051827
4.779294892044097,0.0
-1.7343570391253778,1.7343570391253778
-25.0,2.0098402177367305
-2.002328933580177,2.002328933580177
-1.7028886653112654,1.7028886653112654
-25.0,2.0068788745502317
-25.0,2.129769567611575
-2.440088290944975,2.440088290944975
-2.110739213869164,2.110739213869164
-25.0,1.8329839049356806
-1.9939409858076687,1.9939409858076687
-1.6641690400330171,1.6641690400330171
-2.6401550461338408,2.6401550461338408
-1.6675816535473853,1.6675816535473853
-1.6512178971969078,1.6512178971969078
-2.979472564834208,2.103407175549132
-2.1034071755491333,0.0
0.0,0.0
0.0,0.0
0.0,0.0
0.0,0.0
1.7593006120311223,-1.7593006120311223
1.5132194309353668,-1.5132194309353668
0.0,0.0
0.0,0.0
0.0,2.1969670202439087
-1.9827627357701276,1.9827627357701276
-1.9827627357701274,1.9827627357701274
1.5014456934092366,-1.5014456934092366
-1.9827627357701276,2.243684714753225
22.982104291371666,2.017895708662806
-2.030535143620348,2.030535143620348
-2.074406804680659,2.074406804680659
-2.0285092100581705,2.0285092100581705
2.0025940598286387,-2.0025940598286387
-1.9707673866441757,1.9707673866441757
2.0181162256165073,-2.0181162256165073
1.9987303485657455,-1.9987303485657455
25.0,-1.9999253569687134
1.9955026365595137,-1.9955026365595137
8.739480160794066,-1.9841234647199624
25.0,-1.9704648501249835
25.0,-1.979697593505044
2.0,-2.0
2.0,-2.0
2.0,-2.0
2.000000000000006,-2.0000000000000004
0.0,2.0000000000000004
-2.0,2.0
-2.0,2.0
-24.5625,2.0
23.0,2.0
0.0,0.0
-2.0,2.0
-25.0,2.0
-3.0000000000000018,2.0
-25.0,2.0
-25.0,2.0
-25.0,0.0
0.0,0.0
0.0,0.0
0.0,0.0
0.21606648199446,2.0
-2.0,2.0
-2.0,2.0
-2.0,2.0
-2.0,2.0
-2.0,2.0
-2.0,2.0
-2.0,2.0
-2.0,2.0
-2.0,2.0
-2.0,2.0
-2.0,2.0
-2.0,2.0
-2.0,2.0
-2.0,2.0
23.0,2.0
25.0,-2.0
25.0,-1.975225362547743
25.0,-1.9771642495547077
8.999481024844838,0.0
-2.0221894555980913,2.0221894555980913
-23.025636363076046,-1.974363636906638
-16.645144188944066,-1.9340779255874274
25.0,-1.7127732803167035
25.0,0.0
-2.310593903561297,2.310593903561297
-2.1598184911216767,2.1598184911216767
-24.999999999997215,2.3260626930237827
1.8401171965842273,-1.919537553820455
24.999999999953594,-2.0511115715961914
2.2625882078859902,-2.2625882078859902
2.2625882078859894,-2.2625882078859894
-18.154093996807,-2.3664201455758977
25.0,0.0
-2.099352685218763,2.099352685218763
-1.7222320681202827,1.7222320681202827
-25.0,1.9649744799371405
25.0,0.0
-1.9840004156483744,1.9840004156483744
0.5235739834491495,-0.5235739834491495
-24.99999999994558,1.9904652575621284
-2.2520726625257357,2.2520726625257357
-1.7501552874845707,1.7501552874845707
-25.0,1.8588249693186647
-1.8596833296625803,1.8596833296625803
-24.99486504232968,1.8599976410238064
-25.0,1.8264471122283936
-1.9084268365452626,1.9084268365452626
-2.0168838217353198,2.0168838217353198
-2.068344417794881,2.068344417794881
-1.923368618002483,1.923368618002483
-2.068344417794881,2.068344417794881
-1.848444489483116,1.848444489483116
-1.794733222110033,1.794733222110033
-2.068344417794881,2.068344417794881
-2.068344417794881,2.068344417794881
-2.068344417794881,2.068344417794881
-1.736694177620607,1.736694177620607
1.5620475115578225,-1.5620475115578225
1.2835247274933126,-1.2835247274933126
2.1640933987235895,-1.9265571742211973
-1.7876511181254253,1.7876511181254253
1.8234671501961968,-1.8234671501961968
-2.2827208604082903,2.2827208604082903
22.80007951316977,2.1999204867993782
-2.1917597520590943,2.1917597520590943
1.8939367987764024,-1.8939367987764024
-1.989884355493447,1.989884355493447
-1.9690341723019917,1.9690341723019917
-1.9946069300457654,1.9946069300457654
-2.0323171449101007,2.0323171449101007
-2.0144038097328236,2.0144038097328236
25.0,-2.7714719408322708e-11
24.99999999998954,-2.0030973357088193
6.722889777512916,-1.9859651402484113
1.9724238278328972,-1.9724238278328972
1.962792505063821,-1.962792505063821
25.0,-2.0
2.000000000000006,-2.0000000000000004
2.000000000000006,-2.000000000000006
2.000000000000006,-2.000000000000006
2.0,-2.0
2.0,-2.0
-2.0,2.0
2.000000000000006,-2.000000000000006
-2.0,2.0
-2.0,2.0
-2.0,2.0
-25.0,0.0
-2.0,2.0
-25.0,2.0
-25.0,0.0
-18.195000000000007,-2.0
0.0,0.0
0.0,0.0
0.0,0.0
0.0,2.0
-1.805,1.805
-1.805,0.0
0.0,0.0
25.0,0.0
-22.5625,0.0
2.0,-2.0
4.700831024930746,-2.0
23.0,2.0
-25.0,0.0
2.0,-2.0
23.0,2.0
23.0,2.0
-25.0,0.0
-20.125000000000004,0.0
2.0,-2.0
25.0,-2.0
1.9801802905312769,-1.9801802905312769
-20.7575,0.0
3.2385986905708943,2.0245592041929186
-2.027359816840987,2.027359816840987
1.9659618038932714,-1.9659618038932714
-2.054288767163294,2.054288767163294
22.85303263951972,2.1469673604802786
25.0,-2.6258106800014502e-11
22.974770675148882,2.025229324851118
22.926076871116297,2.0739231288830062
-1.5036622827679307,1.5036622827679307
-24.78342333367769,2.220923333677689
23.189115718183537,1.8108842818164632
-2.168906381262862,2.168906381262862
-2.4302670076275916,2.4302670076275916
-24.546088907601145,1.9835889076011455
23.015510445185058,1.9844895548149424
-1.729964253835936,1.729964253835936
-1.7357556615681071,1.7357556615681071
-25.0,1.8385613537291867
22.9898864954773,2.0101135045226997
0.6636439293859446,-0.6636439293859446
-2.3476018573302113,2.3476018573302113
-25.0,2.0185475260489625
-25.0,2.1532419361337496
-25.0,1.7775470808124076
-2.853601549986724,2.503203653262411
-1.296066255724126,1.296066255724126
-25.0,2.3147474840196054
-2.1782063369007822,1.796032754424821
-1.9325739015436436,1.9325739015436436
2.008973021330455,-2.008973021330455
-1.932573901543645,1.932573901543645
-1.9325739015436447,1.9325739015436447
-1.4743678958689728,1.4743678958689728
-1.932573901543645,1.932573901543645
-1.932573901543645,1.932573901543645
-1.4951679866734011,1.4951679866734011
-1.932573901543645,1.932573901543645
-1.932573901543645,1.932573901543645
2.0568897252348153,-2.0568897252348153
-1.932573901543645,1.932573901543645
2.021038664488249,-2.021038664488249
-1.932573901543645,2.272844351701133
-1.3961048827810636,2.0938333019779347
22.804124062944084,2.195875937039169
24.999999999958693,4.1307401943413424e-11
23.07224979957286,1.9277502004271412
-1.9718944579560458,1.9718944579560458
-2.165716681089645,2.165716681089645
-2.0528016361717745,2.0528016361717745
-1.9612303760206535,1.9612303760206535
-1.9020636093486953,1.9858665111538625
-2.0361602243125314,2.0361602243125314
-2.0255641830158435,2.0255641830158435
-2.004250555256581,2.004250555256581
-2.0117560851247567,2.0117560851247567
-2.0297191539705706,2.0297191539705706
-2.043772329321294,2.043772329321294
-2.010427236510419,2.010427236510419
-2.0,2.0
-2.0,2.0
-2.0,2.0
-2.0,2.0
23.0,2.0
-2.0,2.0
-2.0,2.0
-2.0,2.0
2.0,-2.0
-2.0,2.0
-2.0,2.0
-25.0,2.0
-2.0,2.0
-25.0,2.0
-25.0,2.0
-22.194999999999993,-2.0
0.0,0.0
0.0,0.0
0.0,0.0
2.0,-2.0
2.0,-2.0
2.0,-2.0
2.0,-2.0
23.0,2.0
-22.5625,2.0
-1.9999999999999996,1.9999999999999996
-2.0,2.0
-2.0,2.0
2.0,-2.0
-2.0,2.0
-2.0,2.0
-2.0,2.0
-2.0,2.0
-2.0,2.0
-2.0,2.0
-2.0,2.0
22.993537050911826,2.0064629490881742
1.0408438956808341,2.0062475170615452
25.0,0.0
22.99418334637536,2.0058166536246382
22.99138273557636,2.0086172644236413
-2.0342536269006497,2.0342536269006497
-2.152830800364817,2.152830800364817
-2.1016355844918926,2.1016355844918926
-2.01568330065505,2.01568330065505
-2.1214008698320774,2.1214008698320774
-1.983244301168955,1.983244301168955
-2.373119458715948,2.373119458715948
-1.602749570542123,1.602749570542123
-2.259636963056473,2.259636963056473
-24.724541347773183,2.0831053755472944
-25.0,2.5164359722258816
23.770212416919556,1.2297875830804443
22.557792947529645,2.442207052470355
-1.934651638493765,1.934651638493765
-25.0,1.5658615347624298
22.614800066129064,2.3851999338355654
-1.973839575077295,1.973839575077295
-24.582177222901727,1.6681711451365189
-25.0,1.8264540548488206
-25.0,2.3305545684411584
-25.0,1.638749582054249
-1.8118638224442236,1.8118638224442236
-2.010113662309528,2.010113662309528
-1.924281888162513,1.924281888162513
-1.4989403541554385,1.4989403541554385
-2.010113662309528,2.010113662309528
-1.9800835154319545,1.9800835154319545
2.1114568283625683,-2.1114568283625683
-2.010113662309528,2.010113662309528
-1.792978632583499,1.792978632583499
-2.010113662309528,2.010113662309528
1.4301282562025879,-1.4301282562025879
3.044766546688087,-3.044766546688087
1.4296372235940842,-1.4296372235940842
-1.9374690800931997,1.9374690800931997
-1.6817572221681951,1.6817572221681951
1.966690569477655,-1.966690569477655
1.9788603519418784,-1.9788603519418784
1.9386647886752177,-1.9386647886752177
1.695993380930929,-1.695993380930929
2.274209207762688,-2.274209207762688
1.762089020854218,-1.762089020854218
-1.9136315928512113,1.9136315928512113
-1.9988618047167608,1.9988618047167608
-2.010113662309528,2.010113662309528
1.9700297381544631,-1.9700297381544631
1.9887879071532886,-1.9887879071532886
-1.943417377240712,1.943417377240712
-1.9503456366026648,1.9503456366026648
-1.9823620213280961,1.9823620213280961
-1.9860107233837478,1.9860107233837478
-1.9799166114838795,1.9799166114838795
-1.9901769933546058,1.9901769933546058
-2.0092776337326046,2.0092776337326046
-2.010113662309528,2.010113662309528
-2.0,2.0
-2.0,2.0
-2.0,2.0
-2.0,2.0
-2.0,2.0
-2.0,2.0
-2.0,2.0
-2.0,2.0
23.0,2.0
-2.0,2.0
-2.0,2.0
-2.0,2.0
-2.0,2.0
-24.572613662309532,2.0
-2.0,2.0
-2.0,0.0
0.0,0.0
0.0,0.0
2.0,-2.0
2.0,-2.0
2.0,-2.0
2.0,-2.0
4.700831024930746,-2.0
25.0,0.0
-25.0,2.0
-1.9999999999999996,1.9999999999999996
-2.0,2.0
-2.0,2.0
-2.0,2.0
-2.0,2.0
-2.0,2.0
-2.0,2.0
-2.0,2.0
-2.0,2.0
-2.0,2.0
-2.0,2.0
-2.0,2.0450252060434044
-2.0406352484541723,2.046102367409267
-2.0455693233111454,2.04373261634904
22.954543927437914,2.045456072562086
22.95906799383361,2.04093200616639
4.942622001666367,-1.9439877815544997
22.842617288795196,2.1573827112048036
25.0,0.0
-2.0541133871040547,2.0541133871040547
-2.334902384484642,2.334902384484642
-2.0345890816968186,2.0345890816968186
-24.209585460173543,1.6470854601735425
-2.2359392749440277,2.2359392749440277
23.02316436863406,1.9768356313659403
-1.482851146885551,1.482851146885551
-24.722236441971155,2.1597364419711553
23.01067206989356,1.989327930106441
-1.7297540817811408,1.7297540817811408
0.0,0.0
-2.0583281099581816,2.0583281099581816
0.0,0.0
-1.872535382370753,1.872535382370753
0.0,-1.9703789943672376
-25.0,0.0
-25.0,1.98274127676153
-25.0,1.9491976905865407
-21.57087852474317,1.6866732285790533
-2.0186680751854986,2.0186680751854986
-2.0773546768167277,2.0773546768167277
-1.8891667451813925,1.8891667451813925
-2.0773546768167277,2.0773546768167277
-2.0773546768167277,2.0773546768167277
-1.9031864204162119,1.9031864204162119
1.846722088469484,-1.846722088469484
1.8394001485064368,-1.8394001485064368
-2.0773546768167277,2.0773546768167277
2.46807778077699,-2.46807778077699
1.8243472851223634,-1.8243472851223634
-2.0773546768167277,2.0773546768167277
-2.0180015836243443,2.0180015836243443
-2.0773546768167277,2.0773546768167277
-2.0039755969164066,2.0039755969164066
-2.0773546768167277,2.0773546768167277
23.168710725596235,1.8312892744037654
1.0067656626672923,1.954614196815566
23.252616395934766,1.7473836040652344
23.05153065341116,1.9484693465888405
22.976490235999613,2.023509764000387
-2.0121003562599364,2.0121003562599364
-1.9803413391087858,1.9803413391087858
-2.009047467128207,2.009047467128207
-2.041813849628055,2.041813849628055
-1.9760769873664379,1.9760769873664379
-2.9959481057560278,1.9572688024085794
-1.9959327733141148,1.9959327733141148
-2.003898074275511,2.003898074275511
-1.9968689225641956,1.9968689225641956
-25.0,2.009347173346171
-2.014807968365458,2.014807968365458
-25.0,2.029332130001279
-2.0,2.0
-2.0,2.0
-25.0,2.0
-2.0,2.0
-2.0,2.0
-2.0,2.0
-2.0,2.0
-25.0,2.0
-2.0,2.0
-2.0,2.0
-2.0,2.0
-2.0,2.0
-2.0,2.0
-2.0,2.0
-2.0,2.0
-2.0,0.0
0.0,0.0
0.0,0.0
0.0,0.0
23.0,2.0
-22.5625,2.0
-2.0,2.0
-2.0,2.0
-2.0,2.0
-2.0,2.0
-2.0,2.0
-2.0,2.0
-2.0,2.0
-2.0,2.0
-2.0,2.0
-2.0,2.0
-2.0,2.0
-2.0,2.0
-2.0,2.0
-2.0,2.0
-2.0,2.0
-2.0,2.0420091650668333
22.953251337743552,2.046748662256448
22.949373573591295,2.050626426408705
22.9493735735913,2.0506264264087015
0.959841608372801,2.0452406393027447
-2.0458869341499266,2.0458869341499266
25.0,-1.8900305405419005
-0.23728567857567917,2.127316219117583
-24.626161699209128,2.0636616992091277
22.99080970620749,2.0091902937925106
-1.947181963859798,1.947181963859798
-24.161326674426245,1.5988266744262454
-2.094777813929896,2.094777813929896
22.455098968442737,2.544901031557263
-1.5487189426293142,1.5487189426293142
-1.7788059041255933,1.7788059041255933
-2.2511126874646363,2.2511126874646363
-1.9704376910672252,1.9704376910672252
-1.6856330978093528,1.6856330978093528
-24.115337178838168,1.5528371788381676
22.895589931372577,2.1044100686274234
-2.279039693712792,2.279039693712792
-2.676355232327352,1.874632684887536
-25.0,1.775243393124697
-25.0,1.809040069371676
-25.0,2.2174390849434396
-25.0,2.3273148892901965
-1.8472490964747532,1.4352607461413416
-1.643999465392981,1.643999465392981
-1.9153265389567842,1.9153265389567842
-1.8571549535319054,1.8571549535319054
-1.9153265389567844,1.9153265389567844
2.536409575625636,-2.536409575625636
-1.6082695849302633,1.6082695849302633
-1.9153265389567842,1.9153265389567842
-1.7567315268988426,1.7567315268988426
-1.8890553476808756,1.8120023592791428
-1.8382735505550514,1.8382735505550514
-1.8382735505550514,1.7815398764930543
1.9934505843464763,-1.9934505843464763
-1.7815398764930543,1.7815398764930543
-1.7815398764930543,1.7815398764930543
-1.5650910616816738,1.5650910616816738
-1.7815398764930543,1.7815398764930543
2.091071874702414,-2.091071874702414
25.0,-2.231711534676595
25.0,0.0
25.0,0.0
-25.0,1.9380574671745343
1.9527218199415486,-1.9527218199415486
-2.0474187545623277,2.0474187545623277
22.976480497593826,2.023519502406174
-1.9895120673346327,1.9895120673346327
-2.0114832421142435,2.0114832421142435
-2.0309670628730205,2.0309670628730205
-1.9953805144855374,1.9953805144855374
-2.0068073280854444,2.0068073280854444
1.9715169357123004,-1.9715169357123004
25.0,-1.9431414202709405
8.017404374706432,0.0
-2.0,2.0
0.0,0.0
-2.0,2.0
-2.0,2.0
-2.0,2.0
-2.0,2.0
0.0,0.0
0.0,0.0
-2.0,2.0
-2.0,2.0
-2.0,2.0
-25.0,2.0
-2.0,2.0
-24.0,2.0
-25.0,0.0
-25.0,0.0
2.0,-2.0
2.0,-2.0
2.0,-2.0
0.0,0.0
2.0,-2.0
2.0,-2.0
2.0,-2.0
25.0,-2.0
2.0,-2.0
25.0,-2.0
13.211238878633765,-2.0
2.0,-2.0
2.0,-2.0
2.0,-2.0
2.0,-2.0
2.0,-2.0
2.0,-2.0
2.0,-2.0
2.0,-2.0
-2.0,2.0
-2.0529961774689296,2.0529961774689296
-2.05665851822352,2.05665851822352
-2.0538579006446134,2.0538579006446134
25.0,-1.9480809838969328
25.0,-1.9370939665639995
1.9370939665640041,-1.9099436943286259
1.7391672987764781,-1.7391672987764781
1.5813631044384198,-1.5813631044384198
1.5847997940038534,-1.5353674946107596
1.8605113949355325,-1.8605113949355325
1.677259035277702,-1.677259035277702
1.7058348609622866,-1.7058348609622866
1.6565397313291728,-1.6565397313291728
1.8605113949355374,-1.8605113949355374
-1.9574379498881145,1.9574379498881145
-23.3662956840324,2.4829072180127234
25.0,-5.651656920235837e-11
0.0,0.0
-23.4643389650898,1.7159698244935875
-24.999999999975174,-2.48263631874579e-11
-2.3128647715887976,2.3128647715887976
-1.670080365754412,1.670080365754412
-24.99999999999625,1.9935597728314
-25.0,2.046406368387455
-2.2915970006264006,2.2915970006264006
-2.2049139665427298,2.0952843096475364
-1.9343360648379146,1.9343360648379146
-2.04228560758936,2.04228560758936
-2.0350412987456536,2.0350412987456536
1.977192229597053,-1.977192229597053
-2.0291975057866107,2.0291975057866107
-2.0976454317406095,2.0976454317406095
-2.016117608898915,2.016117608898915
-2.1819673437312073,2.1819673437312073
-2.1819673437312073,2.1819673437312073
-2.1819673437312073,2.1819673437312073
-2.1819673437312073,2.0997604063821207
1.815826796414397,-1.815826796414397
1.7229345350782097,-1.7229345350782097
-2.0997604063821207,2.0997604063821207
-2.0997604063821207,0.0
0.0,0.0
1.8546682331238031,-1.8546682331238031
1.4570037710294503,-1.4570037710294503
0.0,0.0
0.0,0.0
0.0,2.0638620095871785
22.753853179527244,2.246146820416172
-2.0112669262348346,2.0112669262348346
-24.425135463601364,2.022278119468311
-2.0126668602805715,2.0126668602805715
-1.954244383937614,1.954244383937614
-2.0,2.0
-2.0,2.0
-1.9999999999999847,1.9999999999999847
23.0,2.0
-0.9775934841758549,2.000000000000437
23.0,2.0
25.0,0.0
23.0,2.0
-2.0,2.0
-2.0,2.0
2.000000000000006,-2.000000000000006
2.0,-2.0
2.0,-2.0
2.0,-2.0
-1.9999999999999847,1.9999999999999847
-1.9999999999999847,1.9999999999999847
2.0,-2.0
2.000000000000006,-2.000000000000006
2.000000000000006,-2.000000000000006
-20.194999999999997,2.0
-2.0,2.0
-25.0,0.0
-25.0,0.0
-23.0,-2.0
2.0,-2.0
2.0,-2.0
2.0,-2.0
25.0,-2.0
-20.7575,0.0
0.0,0.0
0.0,0.0
2.0,-2.0
2.0,-2.0
2.0,-2.0
2.0,-2.0
2.0,-2.0
2.0,-2.0
0.0,0.0
2.0,-2.0
2.0,-2.0
2.0,-2.0
13.26315789473685,-2.0
2.0,-2.0
25.0,-2.0
2.0,-2.0
25.0,-2.0
25.0,-2.0
25.0,-2.0
2.000000000000006,-2.000000000000006
2.000000000000006,0.0
-2.3236245709586805,2.3236245709586805
-2.384824716758759,2.384824716758759
-2.2767667744565285,2.2767667744565285
-2.0745160917823506,2.0745160917823506
-2.1108433531755955,2.1108433531755955
-2.090083655799117,2.090083655799117
-24.544517350787395,1.982017350795008
23.28683057612,1.713169423871566
-1.3870619193886533,1.3870619193886533
-24.28744978839324,1.7249497884444729
22.7939909928147,2.2060090071285288
-2.104911199592914,2.104911199592914
-2.16430153047669,2.16430153047669
-25.0,1.871619587621474
25.0,-4.142464149481384e-12
-2.0580308395743696,2.0580308395743696
-1.8920832769087639,1.8920832769087639
-25.0,1.5939020907271804
-25.0,2.1389129987161972
-25.0,1.871621481063407
-25.0,1.8540566513787624
-1.875004430654128,1.875004430654128
-1.750347787414638,1.750347787414638
-1.892612809503282,1.892612809503282
-1.892612809503282,1.8460114165965091
-1.8460114165965091,1.8460114165965091
2.029685382658556,-2.029685382658556
1.8407053611470356,-1.8407053611470356
-1.8460114165965091,1.8460114165965091
-1.8460114165965091,1.620487965737487
2.11208040190653,-2.11208040190653
1.9463196588451872,-1.9463196588451872
1.9856679068458885,-1.9856679068458885
1.9405894724022517,-1.9405894724022517
2.0570052251928566,-2.0570052251928566
1.7838623408132879,-1.7838623408132879
-1.620487965737487,1.620487965737487
1.8022110554590656,-1.8022110554590656
-1.620487965737487,1.620487965737487
2.096872907431088,-2.096872907431088
2.145234885763852,-2.145234885763852
1.7539730975730516,-1.7539730975730516
1.7319629395852665,-1.7319629395852665
24.999999999953125,-1.883063313996999
2.018662434306401,-2.018662434306401
2.026556134563788,-2.026556134563788
1.9855108695053956,-1.9855108695053956
1.9496899312504488,-1.9496899312504488
24.999999999962082,-2.002896290635853
24.99999999995924,-1.9899340829984347
1.995729573464777,-1.995729573464777
25.0,-1.9968960421752442
1.9773699172886496,-1.9773699172886496
1.9548805089306522,-1.9548805089306522
2.0,-2.0
2.0,-2.0
2.0,-2.0
2.0,-2.0
11.340393091995809,-2.000000000000007
2.0,-2.0
-2.0,2.0
-2.0,2.0
-2.0,2.0
1.9999999999999984,-1.9999999999999984
2.0,-2.0
-16.194999999999997,-2.0
-23.0,-2.0
-23.0,-2.0
-23.0,-2.0
0.0,0.0
0.0,0.0
0.0,0.0
0.0,0.0
0.0,2.0
-1.805,0.0
0.0,0.0
0.0,0.0
0.0,2.0
2.0,-2.0
-1.805,2.0
-1.9809874999999997,2.0
-1.99814628125,2.0
2.0,-2.0
25.0,-2.0
23.0,2.0
25.0,0.0
-23.0,-2.0
-15.882319262421873,-2.0
-25.0,0.0
25.0,-2.0
25.0,-1.9336756979943708
-2.067645530625615,2.067645530625615
9.069791384159846,2.0651062245212426
25.0,-1.9380640159442493
24.999999999994373,-1.928588263591248
-22.88378228605887,2.0618331939499726
25.0,-1.5346641203785758
-2.4045660579478056,2.4045660579478056
-2.342924424603192,2.342924424603192
-2.016447383369278,2.016447383369278
-0.44290490416355865,1.977569024542138
-1.6971313395339278,1.6971313395339278
-2.136133425955464,2.136133425955464
-1.5235664599633978,1.5235664599633978
-2.038280346749305,2.038280346749305
-1.9364415722697519,1.9364415722697519
-2.1913487173723354,2.1913487173723354
-1.9708845433639102,1.9708845433639102
-1.7643800855956933,1.7643800855956933
-25.0,2.2104440792878535
22.56337923238551,2.436620767614489
-1.936538768955753,1.936538768955753
-2.0264930395559713,2.0264930395559713
-25.0,1.5527702204198626
-1.9323700409619633,1.9323700409619633
-25.0,1.7528174668453254
-25.0,1.9406879313828753
-1.8039940466146227,1.8039940466146227
-25.0,2.0648030502289245
-1.9011818965542489,1.9011818965542489
-2.0259369987743625,2.0259369987743625
-1.9015088308617099,1.9015088308617099
-2.084022748164852,2.084022748164852
-1.882974558906291,1.882974558906291
-2.084022748164852,2.084022748164852
-2.084022748164852,2.084022748164852
-1.871601915496747,1.871601915496747
1.7266538861860639,-1.7266538861860639
-2.084022748164852,2.084022748164852
1.4096450013486352,-1.4096450013486352
-1.7896752075540556,1.7896752075540556
1.698354503024004,-1.698354503024004
1.6493004716639597,-1.6493004716639597
2.1984150426741422,-2.1984150426741422
-2.084022748164852,2.084022748164852
1.6661546294756295,-1.6661546294756295
2.032127291607529,-2.032127291607529
2.0491824698379753,-2.0491824698379753
-2.0613958014667055,2.0613958014667055
-2.084022748164852,2.084022748164852
1.8941637455433427,-1.8941637455433427
2.01575917146509,-2.01575917146509
2.04729093983545,-2.04729093983545
2.006174627559656,-2.006174627559656
2.0,-2.0
2.0,-2.0
-1.9849218175313252,1.9849218175313252
-1.9937133518051298,1.9937133518051298
-2.00308183746746,2.00308183746746
1.9920290304235395,-1.9920290304235395
-2.0,2.0
-2.0,2.0
-2.0,2.0
-2.0,2.0
23.0,2.0
23.0,2.0
1.3611936308422607,2.0
2.0,-2.0
25.0,-2.0
2.0,-2.0
-2.0,2.0
-25.0,2.0
-2.0,2.0
-25.0,2.0
-25.0,0.0
0.0,0.0
0.0,0.0
0.0,2.0
-1.8049999999999988,0.0
23.0,2.0
-22.5625,2.0
-2.0,2.0
-1.9999999999999996,1.9999999999999996
23.0,2.0
-24.5625,2.0
-2.0,2.0
-2.0,2.0
23.0,2.0
-2.0,2.0
-2.0,2.0
-2.0,2.0
-2.0,2.0
-24.5625,2.0
-2.0,2.0
-2.0,2.0
-2.0,2.0
-2.0,2.0013152669341934
-2.0,2.007755538166185
-2.008186401603091,2.008186401603091
-2.003662337364639,2.003662337364639
-2.008186401603091,2.0116333072492774
-2.011297233948775,2.14994040454624
-2.1364226954129872,2.3698014581282734
0.3525792296501391,2.309972539032927
22.9194428817237,2.0805571182762996
23.122610148081293,1.877389851918707
23.2572086237747,1.7427913762252984
23.35130858549183,1.6486914145081712
-2.0307223576916806,2.0307223576916806
-1.8759858647238223,1.8759858647238223
-1.9076366401110176,1.9076366401110176
-1.9983609104315132,1.9983609104315132
-1.9699296174813066,1.9699296174813066
-1.851198185204069,1.851198185204069
-2.2836167740172515,2.2836167740172515
0.0,-1.769489223083915
1.9606528787633395,0.0
-1.8521524799393614,1.8521524799393614
-1.582479643479525,1.582479643479525
-2.7069532539986274,1.9404013905033626
-1.9887378073700024,1.9887378073700024
-25.0,1.7586347516172758
-25.0,1.7580168583991238
-25.0,2.2499002534788595
-25.0,1.8776199051138178
-1.8776199051138192,1.8631300251317806
-1.6598570415994756,1.6598570415994756
-1.8631300251317806,1.8631300251317806
1.5821987829258193,-1.5821987829258193
2.1897481277898603,-2.1897481277898603
-1.5567256774255558,1.5567256774255558
-1.8631300251317806,1.8631300251317806
1.9964838783265124,-1.9964838783265124
1.7437895356987516,-1.7437895356987516
1.9968606732715974,-1.9968606732715974
1.933917614170257,-1.933917614170257
2.071686342810339,-2.071686342810339
1.6845292211611875,-1.6845292211611875
2.252700022953565,-2.252700022953565
25.0,0.0
-1.9400476324351557,1.9400476324351557
-2.0187700054763393,2.0187700054763393
23.373354245515902,1.6266457544840982
25.0,0.0
1.908294611183466,-1.908294611183466
1.9780411621779974,-1.9780411621779974
1.9231460202349868,-1.9231460202349868
-1.9299557841545874,2.0060031477935696
-1.9735605192104326,1.9735605192104326
-1.9814238109875755,1.9814238109875755
-1.9973516615025564,1.9973516615025564
-1.9871121321473078,1.9871121321473078
-1.9945832250402886,1.9945832250402886
-1.9776318656117784,2.000683049316412
-2.021620791870269,2.021620791870269
-2.020931596263825,2.020931596263825
-2.0,2.0
2.0,-2.0
-2.0,2.0
2.0,-2.0
-2.0,2.0
-2.0,2.0
-2.0,2.0
-2.0,2.0
-2.0,2.0
-2.0,2.0
-23.640066464109395,2.0
-25.0,2.0
-2.0,2.0
-2.0,2.0
-25.0,0.0
0.0,0.0
0.0,0.0
0.0,0.0
0.0,0.0
23.0,2.0
-22.5625,2.0
-2.0,2.0
-2.0,2.0
23.0,2.0
-20.077499999999997,2.0
-2.0,2.0
25.0,-2.0
25.0,-2.0
2.0,-2.0
-25.0,2.0
-25.0,2.0
-1.9999999999999996,1.9999999999999996
-2.0,2.0
-2.0,2.0
23.0,2.0
23.0,2.0
-25.0,2.009263559270824
-24.134263559270828,2.0002154316028857
-1.5154741624408694,2.0
25.0,0.0
-25.0,2.0060320850349136
-2.006032085034917,2.220817399546089
-2.1998758313812496,2.2809060752069077
22.887862952622246,2.112137047377754
22.988917053206528,2.011082946793472
23.169475360564363,1.8305246394356374
23.221612546542083,1.7783874534579347
1.097923200726504,1.6466689029478214
-2.5700598256962994,2.5700598256962994
-1.9580091382052052,1.9580091382052052
-1.8444796220710096,1.8444796220710096
0.0,0.0
0.0,0.0
-2.1447649965902906,2.1447649965902906
0.0,0.0
0.0,-1.888161958661164
2.0921462145830114,-1.8384483783603858
1.83844837836038,-1.83844837836038
1.8384483783603924,-1.8384483783603924
-22.88595294307021,-2.1140470569297882
2.039732616713528,-2.039732616713528
-22.039353652956944,2.2953687369611266
-25.0,1.8762055039882952
-25.0,1.7204004786217268
-1.9007445114672388,1.9007445114672388
-2.1934214051439618,2.1934214051439618
-2.0848325101657625,1.7833448000176926
-1.8919336949958918,1.8919336949958918
-1.8919336949958918,1.8919336949958918
1.8912287034487205,-1.8912287034487205
-1.8919336949958918,1.8919336949958918
2.1354789261932297,-2.1354789261932297
1.9558960570056287,-1.9558960570056287
1.9764178118455957,-1.9764178118455957
2.3548114530717736,-2.3548114530717736
2.06529092710087,-2.06529092710087
2.218912813916263,-2.218912813916263
1.8810438792797965,-1.8810438792797965
-1.8919336949958918,1.8919336949958918
2.164188555107896,-2.164188555107896
1.8579858589677594,-1.8579858589677594
2.3701925130579324,-2.3701925130579324
2.2071272423780384,-2.2071272423780384
1.863302801708359,-1.863302801708359
2.1155969969405004,-2.1155969969405004
2.0298279430575867,-2.0298279430575867
1.9675189404625866,-1.9675189404625866
-1.8919336949958918,2.009580554857191
-1.984591845056983,1.984591845056983
-1.9931802166168262,1.9931802166168262
25.0,-2.0011644766517627
25.0,-2.0182194823028716
24.999999999999993,-1.9529589538205698
10.998024346472082,-1.9926267102861406
1.955671391984146,-1.955671391984146
25.000000000000004,-1.98386911235335
2.0,-2.0
2.0,-2.0
2.0,-2.0
2.0,-2.0
2.000000000000006,0.0
0.0,0.0
0.0,0.0
-2.0,2.0
-2.0,2.0
-2.0,2.0
-25.0,2.0
-25.0,2.0
-25.0,2.0
-25.0,2.0
-2.999999999999998,0.0
0.0,0.0
0.0,0.0
0.0,0.0
2.0,-2.0
25.0,0.0
2.0,-2.0
-20.5625,-2.0
2.0,-2.0
25.0,-2.0
-18.7575,-2.0
2.0,-2.0
0.0,0.0
0.0,0.0
2.0,-2.0
2.0,-2.0
0.0,0.0
23.0,2.0
-2.0,2.0
2.0,-2.0
-2.0,2.0
-22.5625,2.0
-2.0,2.0
2.0,-2.0
2.3467495188835312,-1.9997845683971132
2.0,-1.9978456838940895
-2.01551107633237,2.01551107633237
-2.1695446881518805,2.1695446881518805
-2.3150801380995762,2.3150801380995762
25.0,0.0
25.0,0.0
23.170170884901854,1.8298291150981463
23.7048549037773,1.2951450962227007
2.105882219731968,-2.105882219731968
1.7150180543475395,-1.7150180543475395
2.6979721461500605,-5.773159728050814e-15
-24.13639351545114,1.573893515451143
1.9724699854109033,-1.9724699854109033
25.0,0.0
0.0,0.0
-1.77013299334185,1.77013299334185
0.0,0.0
0.0,0.0
-2.1285697565720367,2.1285697565720367
0.0,0.0
-2.670881922840283,1.7763674664868359
-25.0,2.3160747868161096
-25.0,1.907912451486233
-25.0,1.7749303440580917
-25.0,1.9834046125861278
-1.9723254526765244,1.9723254526765244
-1.7982720650867385,1.7982720650867385
-1.953423221838384,1.953423221838384
-2.087807738593123,2.087807738593123
-1.9092530083762842,1.9092530083762842
22.792190960738495,2.2078090392615053
25.0,0.0
25.0,0.0
4.750722927949541,-1.8009254083851305
2.148899642629245,-2.148899642629245
1.750620443053295,-1.750620443053295
1.9902935854933466,-1.9902935854933466
1.9504568294733877,-1.9504568294733877
1.9727054033581686,-1.9727054033581686
1.9055065179340254,-1.9055065179340254
25.0,-1.6907602229959586
1.690760222995957,-2.2225362306327403
1.6265804307373388,-1.6265804307373388
1.6393687375670294,-1.6393687375670294
2.2799857162223107,-2.2799857162223107
-25.0,1.9440409014762885
1.8382743394891907,-1.8382743394891907
1.9331278516497838,-1.9331278516497838
-17.8668396101896,-2.0195141823960583
2.057643753969601,-2.057643753969601
-22.966444163157078,-2.033555836842922
-22.99489785937143,-2.005102140628569
2.0,-2.0
2.0,-2.0
2.0173561546015613,-2.0173561546015613
2.0096847136943645,-2.0096847136943645
0.0,0.0
25.0,-2.0
2.0,-2.0
-2.0,2.0
-2.0,2.0
-2.0,2.0
-2.0,2.0
-2.0,2.0
-2.0,2.0
-2.0,2.0
2.0,-2.0
-2.0,2.0
-2.0,2.0
-20.7575,2.0
-1.9999999999999996,1.9999999999999996
-1.9999999999999996,0.0
0.0,0.0
0.0,0.0
0.0,0.0
0.0,0.0
23.0,2.0
-22.5625,0.0
0.0,0.0
0.0,2.0
23.0,2.0
-24.367500000000025,1.999999999999993
-1.9999999999999725,1.9999999999999754
-2.0,2.0
23.0,2.0
-24.562500000000004,0.0
25.0,0.0
25.0,0.0
25.0,0.0
-25.0,0.0
-23.0,-2.0
23.0,2.0
6.587257617728584,2.0
-24.999999999999996,2.0
-25.00000000000003,2.842170943040401e-14
22.999999999999932,2.000000000000007
23.0,2.0
22.997199389200997,2.002800610799003
-20.01565200048193,2.203152000481982
22.59594386963334,2.4040561303666586
25.0,0.0
-23.72923497574024,1.8347384944622114
-25.0,1.7694964812780007
22.975546828555473,2.024453171444552
23.123763569793432,1.8762364302065677
-2.6195771191831474,2.619577119183134
-1.7769929334727301,1.7769929334727301
-1.8330072573861924,1.8330072573862157
-24.537077386284672,1.9745773862846718
22.750114262909296,2.2498857370906897
0.0,0.0
0.0,0.0
-20.377570050787668,-2.184929949212332
25.0,0.0
-1.7916399691353817,1.7916399691353817
-1.8032909485093862,1.8032909485093862
0.0,0.0
-2.023045081792147,2.023045081792147
-25.0,1.8155749686370264
-25.0,2.013786781876803
-2.0892328692229443,2.0892328692229443
-25.0,1.950377936059425
-2.0360542901809335,2.0360542901809335
-25.0,1.9261582891202025
-2.243333165700607,2.243333165700607
-2.7058979756934542,2.493812181264297
-1.4691874387345303,1.4691874387345303
1.8470332440941535,-1.8470332440941535
1.8511988163513813,-1.8511988163513813
-2.3984414044350597,2.113328180141761
-2.2086989569710003,2.2086989569710003
-1.9141444000419687,1.9141444000419687
-2.2086989569710003,2.2086989569710003
2.1113470087303288,-2.1113470087303288
1.880146387802558,-1.880146387802558
1.8348981747320723,-1.8348981747320723
-2.2086989569710003,2.2086989569710003
-1.9307344227036918,1.9307344227036918
-2.152024452969477,2.152024452969477
-2.0214549061403155,2.0214549061403155
-2.0134207164360145,2.0134207164360145
-1.96223577396484,1.96223577396484
1.8983304913401038,-1.8983304913401038
-1.89644713790031,1.89644713790031
2.0000000000000013,-2.0000000000000013
2.0,-2.0
2.0000000000000013,-2.0000000000000013
2.0,-2.0
8.81584603105706,-1.9999999999999991
-2.0,2.0
-2.0,2.0
-2.0,2.0
1.9999999999791822,-1.9999999999791822
25.0,0.0
25.0,-2.0
2.0,-2.0
1.999999999999999,-1.999999999999999
25.0,-2.0
25.0,-2.0
2.0000000000000013,-2.0000000000000013
-18.757499999999997,-2.0
25.0,0.0
0.0,0.0
0.0,-2.0
-25.0,0.0
-25.0,2.0
-25.0,0.0
-18.0,-2.0
0.0,0.0
0.0,0.0
0.0,0.0
0.0,0.0
0.0,1.9999999999999978
0.19499999999999984,-2.0
0.0,0.0
0.0,2.0
-1.805,2.0
-1.9809875,2.0
-1.997946018005539,2.0
-2.0,2.0
23.0,2.0
-24.5625,0.0
0.0,0.0
0.7008310249307463,2.0
23.0,2.0
-25.0,2.0
-1.9999999999999996,0.0
0.0,0.0
2.0,-2.0
23.0,2.0
-22.5625,0.0
2.0,-2.0
0.0,0.0
25.0,-1.97845683678365
24.99999999997529,-1.8378998201260153
24.99999999998357,1.6431300764452317e-11
25.0,-1.6157433158217742
-11.208328297369611,-1.7017014772179557
24.99999999999999,-2.1934936715111526
2.1934936715111437,0.0
-25.0,1.8357451744243747
22.998923262686237,2.0010767373137632
-1.388866236679692,2.055630586347972
-1.830806446710314,1.830806446710314
-24.814896441096636,2.2523964410966393
25.0,0.0
-1.918413480458316,1.918413480458316
-2.2123766523562836,2.2123766523562836
-20.621425175315053,-1.9410748246849465
25.0,0.0
0.0,0.0
0.0,0.0
-3.84732844513527,1.8653453521958527
2.119640915553399,-2.119640915553399
-1.8321968642379929,1.8321968642379929
-1.9184753328948627,1.9184753328948627
2.196103150071372,-2.196103150071372
2.0721401377274518,-2.0721401377274518
1.9149560554848168,-1.9149560554848168
2.065179214026699,-2.065179214026699
-2.064876263317082,2.064876263317082
1.969351486543788,-1.969351486543788
2.19610315007138,-2.19610315007138
2.194127658985754,-2.194127658985754
1.9131219413970122,-1.9131219413970122
-23.206515187272515,-1.7934848127274847
-23.050304965331833,-1.9496950346681672
-16.18936014809393,-1.828656758966659
1.7930070342125264,-1.7930070342125264
-22.894251267924457,-2.1057487320755435
1.8028996371761457,-1.8028996371761457
1.2347528189815993,-1.2347528189815993
1.8417915656704746,-1.8417915656704746
1.9487855513920032,-1.9487855513920032
1.6298418844705544,-1.6298418844705544
1.558204140003217,-1.558204140003217
24.99999999998167,-2.0352722986617344
2.100962742010912,-2.100962742010912
12.914823630433679,-1.8543557363110956
24.99999999998275,-1.7698006449738557
25.0,-1.992237055714579
2.0472616010389553,-2.0472616010389553
2.0,-2.0
2.0,-2.0
25.0,-2.0
2.0,-2.0
2.0,-2.0
2.0,-2.0
2.0,-2.0
2.0,-2.0
2.0,-2.0
2.0,-2.0
2.0,-2.0
2.0,-2.0
2.000000000000006,-2.000000000000006
2.0,-2.0
-22.757499999999997,2.0
23.0,2.0
0.0,0.0
-2.0,2.0
-24.000000000000007,2.0
-25.0,2.0
-25.0,0.0
-23.0,-2.0
2.0,-2.0
0.0,0.0
0.0,0.0
0.0,0.0
0.0,2.0
-1.805,0.0
2.0,-2.0
0.7008310249307463,2.0
23.0,2.0
-25.0,0.0
2.0,-2.0
25.0,-2.0
25.0,-2.0
-25.0,0.0
-14.514999999999997,-2.0
0.0,0.0
23.0,2.0
-2.0,2.0
-22.5625,0.0
0.0,0.0
0.0,0.0
0.0,2.0
-1.8049999999999997,1.8049999999999997
-1.805,2.0
23.0,2.0
-24.5434875,2.0
-1.9999999999999996,2.0820794455921225
-2.0740766996468905,2.201487546680917
22.904600190394422,2.0953998096055777
22.86480193433442,2.135198065639525
23.269505266848576,1.7304947331514242
22.750472123435046,2.2495278765649545
-25.0,1.931795696908317
23.295266491096633,1.7047335089033666
1.5951819313468398,1.802756366736375
-2.071466703545866,2.071466703545866
-24.718882525156776,2.1563825251567756
22.986600111425272,2.013399888574728
-1.8490926777722354,1.8490926777722354
-1.7340869080759695,1.7340869080759695
-25.0,1.3506238916422078
25.0,0.0
1.204294856906155,-5.995204332975845e-15
0.0,0.0
-25.0,0.0
-23.47955908250772,2.2748943181695402
-25.0,1.6766777486036233
-25.0,1.9684584130977285
-1.828916791659081,1.828916791659081
-1.2509745671869439,1.2509745671869439
-2.4404713973631775,2.4404713973631775
-1.6601296972381308,1.6601296972381308
-2.0323999472461836,2.0323999472461836
-2.1458272175158823,2.1458272175158823
-2.4404713973631775,2.1144579338297076
-1.7243987968413528,1.7218723141526144
-2.1119314511409693,2.1119314511409693
2.088647795664998,-2.088647795664998
-2.0405297557682083,1.8309200532264205
-1.9023217485991815,1.9023217485991815
-1.9023217485991815,1.9023217485991815
2.4858559382529903,-2.4858559382529903
1.9108027906001666,-1.9108027906001666
-1.9023217485991828,1.9023217485991828
25.0,-1.841102510592922
2.3570029543248285,-2.3570029543248285
2.2114903637438283,-2.2114903637438283
3.1859505578526397,1.8104741149572723
25.0,0.0
-1.9253769287483156,1.9253769287483156
2.0408378641347613,-2.0408378641347613
2.0492052453804184,-2.0492052453804184
2.0,-2.0
2.0,-2.0
1.9999999999791822,-1.9999999999791822
2.0,-2.0
2.0,-2.0
2.0,-2.0
2.0,-2.0
2.0,-2.0
2.0,-2.0
2.0,-2.0
2.0,-2.0
2.0,-2.0
2.0,-2.0
25.0,-2.0
2.0,-2.0
2.0,-2.0
2.0,-2.0
25.0,0.0
2.0,-2.0
-16.19500000000001,-2.0
-23.0,-2.0
-23.0,-2.0
2.0,-2.0
-25.0,0.0
2.0,-2.0
0.0,0.0
0.0,0.0
0.0,0.0
0.0,2.0
-1.805,1.805
-1.805,1.805
-1.805,1.805
-1.805,2.0
-1.9809875,1.9809875
25.0,-2.0
-22.738487499999998,2.0
23.0,2.0
7.047091412742385,-2.0
25.0,-2.0
23.0,2.0
23.0,2.0
-2.0,2.0
-2.0,2.0
0.0,-1.8050000000000055
2.0,-2.0
2.0,-1.9956913677881787
1.993310848629825,-1.997199389200996
2.0,-1.9991382735884535
1.9991382735884595,-1.9997845683971136
1.9752237202931169,-1.980395723790617
2.00558514151772,-1.8791267797985365
1.8791267797985411,-1.8654665916497597
-2.4589589228505653,2.4270280385173555
-2.043558789503889,2.043558789503889
1.9008470729053912,-1.9008470729053912
1.90084707290539,-2.1557043573703507
1.9167635943261265,-1.9227551428155092
2.156480352990089,-2.156480352990089
2.1898762506941365,-2.1898762506941365
2.1898762506941365,-2.1898762506941365
-25.0,1.783744947413311
25.0,0.0
2.9142585804300802,-2.1589557127465797
-23.060391330520133,-1.9396086694798669
-25.0,0.0
22.683403885504426,2.3165961144955745
-1.6476803165148217,1.6476803165148217
-25.0,1.9144309409214841
-25.0,1.9571059664021604
-2.1132044752686694,2.1132044752686694
-1.496365273123697,1.496365273123697
-2.4602364065764144,2.4602364065764144
-19.04742113410407,1.9392539646906926
-2.1874494892806444,2.1874494892806444
-2.003762269125051,2.003762269125051
-1.8181740332666125,1.8181740332666125
-2.1851300229101422,2.1851300229101422
-2.3774122071564827,2.3774122071564827
-2.3774122071564827,1.038703947579025
-1.0387039475790247,1.0387039475790247
-1.0387039475790247,1.0387039475790247
0.7667688771869141,-1.805472824765939
1.4790907712024346,-1.4790907712024346
1.8941534400911433,-1.8941534400911433
1.6897570143440097,-1.6897570143440097
2.222492681468233,-2.222492681468233
1.312137159721976,-1.312137159721976
25.0,0.0
-2.6018690190587295,2.6018690190587295
-1.96792383132472,1.96792383132472
25.0,0.0
25.0,0.0
25.0,-2.723865577536344e-11
-2.052203298658605,2.052203298658605
1.851065565375198,-1.851065565375198
1.923655573072418,-1.923655573072418
2.016589649150716,-1.9806125709678604
2.0000000000000013,-2.0000000000000013
2.0,-2.0
2.0,-2.0
2.0,-2.0
2.0,-2.0
-2.0,2.0
2.0,-2.0
2.0,-2.0
2.0,-2.0
2.0,-2.0
2.0,-2.0
-2.0,2.0
5.227180816581222,8.881784197001252e-16
-2.0,2.0
-2.0,2.0
-24.5625,2.0
23.0,2.0
-2.0,2.0
-2.0,2.0
-25.0,2.0
-2.0,2.0
-20.000000000000007,-2.0
-23.0,-2.0
-23.0,-2.0
2.0,-2.0
0.0,0.0
0.7008310249307521,2.0
23.0,2.0
-25.000000000000004,2.0
-2.0,2.0
-2.0,2.0
23.0,2.0
-24.5625,2.0
-2.0,2.0
-2.0,2.0
-2.0,2.0
-2.0,2.0
-1.9999999999999996,1.9999999999999996
25.0,0.0
-24.5625,2.0
23.0,2.0
3.047091412742385,2.0
25.0,0.0
-2.0,2.0
25.0,-2.0
23.0,2.0
-2.0,2.0
-2.0,2.0
-3.4075711406607354,2.0303758578175577
-2.332975634736331,2.332975634736331
1.525978152734822,-1.525978152734822
-23.23158593636157,-1.7684140636384313
25.000000000000902,-2.115509425251002
6.34231860291461,-1.8964252548396123
1.8118429945829382,-1.8118429945829382
-25.0,0.0
-1.8807844777346876,1.8807844777346876
2.4367271167797044,2.160529162994653
23.43865116851327,1.5613488314837696
-25.0,1.9265010021104558
25.0,0.0
-1.4019137177715262,1.9681175935494104
-1.7448896254630473,1.7448896254630473
-24.57878864980816,2.016288649820389
22.77958758005758,2.2204124199288664
-1.9258061089202734,1.9258061089202734
-1.9642360375824488,1.9642360375824488
-24.99999999997242,1.8843359436576286
-2.7495948286993634,2.032092578505385
-24.999999999999996,1.9039841906181998
-25.0,2.007222218687801
-25.0,1.85934251011426
-1.937382612911497,1.937382612911497
-1.9373826129114968,1.9373826129114968
-1.9373826129114968,1.9373826129114968
-1.9229526919240705,1.9229526919240705
-1.9373826129114968,0.0
1.9850834644352542,-1.9850834644352542
1.8655441635990382,-1.8655441635990382
1.8947328333232856,-1.8947328333232856
2.0571686923465853,-2.0571686923465853
1.9301698614333755,-1.9301698614333755
1.9117731795919077,-1.9117731795919077
10.850922139636284,-1.9429430207275846
1.8180837792010403,-1.8180837792010403
1.73474708816401,-1.73474708816401
25.0,-1.8190450165567604
24.999999999951804,-1.7730160742617045
2.259794118737087,-2.259794118737087
1.621720596437239,-1.621720596437239
25.0,-2.0913030324053246
25.0,0.0
-1.9291421958230974,1.9291421958230974
1.9022447486271539,-1.9022447486271539
1.890060449774761,-1.890060449774761
2.0385428991001326,-2.0385428991001326
2.0385428991001295,-2.0385428991001295
2.0,-2.0
2.0,-2.0
2.0385428991001233,-1.9999999999999998
2.0,-2.0
2.0,-2.0
2.0,-2.0
2.0,-2.0
2.0,-2.0
2.0,-2.0
2.0,-2.0
2.000000000000006,-2.000000000000006
0.0,2.000000000000006
-1.9999999999999847,1.9999999999999847
-2.0,2.0
-2.0,2.0
-2.0,2.0
-2.0,2.0
-2.0,2.0
-25.0,2.0
-25.0,3.552713678800501e-15
-25.0,0.0
-22.000000000000007,0.0
0.0,0.0
0.0,0.0
0.0,0.0
0.0,0.0
0.21606648199446,2.0
-2.0,2.0
-2.0,0.0
0.0,0.0
25.0,0.0
-22.5625,0.0
0.0,0.0
0.0,0.0
25.0,0.0
-22.5625,2.0
-2.0,2.0
-1.5152354570637137,2.0
23.0,2.0
-25.0,0.0
0.0,2.0
-1.2991689750692537,2.0
25.0,0.0
-25.0,2.0
-2.0,2.0
23.0,2.0
-24.5625,2.0
-1.9999999999999996,2.073462179319415
22.68999689963084,2.3100031003691583
25.0,-1.672678957023514
25.0,0.0
22.781165763924044,2.2188342360759563
2.7044144521246043,1.9418937383218813
-25.0,2.020591812191565
-23.779801551632758,1.6342097394411859
22.930139566362413,2.0698604336375865
23.22237970609944,1.7776202939005614
-1.8023347603321582,1.8023347603321582
-24.630810335840053,2.068310335840053
22.835841108815757,2.1641588911842433
-2.0035180151154233,2.0035180151154233
-1.7989713763081046,1.7989713763081046
-25.0,1.9050685016997093
22.58037350490038,2.419626495099621
0.5899517986706901,0.0
-25.0,1.642650072440567
-25.0,1.8095027003511532
-2.19504976520815,2.19504976520815
-1.7280165332320259,1.7280165332320259
-25.0,1.943696610617753
-1.8869804508936596,1.8869804508936596
-2.074296768091534,2.074296768091534
-1.8021788669461678,1.8021788669461678
-1.9760283939542749,1.9760283939542749
2.3093912243505805,2.0318558982634976
-1.8906145971144355,1.8906145971144355
2.043895664381509,-2.043895664381509
-2.0493740230470783,2.0493740230470783
-1.9395682760519186,1.9395682760519186
-2.2701619756264035,2.2701619756264035
-2.084053043235812,2.084053043235812
25.0,-2.0790303729292923
1.7323089660989064,-1.7323089660989064
-23.352305167097008,-1.6476948329029923
1.935797170864503,-1.935797170864503
-25.0,0.0
1.6264220127621014,-1.6264220127621014
2.5042999561428356,-2.5042999561428356
1.7749252948795977,-1.7749252948795977
0.0,0.0
1.8175471461992654,-1.8175471461992654
0.0,2.231061475638874
2.0172123339110604,-2.0172123339110604
-2.013532981764084,2.013532981764084
25.0,0.0
1.9797025379032205,-1.9797025379032205
2.0208622612800475,-2.0208622612800475
-1.9746568048329236,1.9746568048329236
4.955729366896407,-2.0011952746682415
1.9995881541903422,-1.9995881541903422
-2.000856259806767,2.000856259806767
-2.011674393460017,2.011674393460017
-2.0,2.0
-2.0,2.0
-2.0,2.0
2.0,-2.0
-2.0,2.0
25.0,-2.0
2.0,-2.0
2.0,-2.0
-2.0,2.0
-2.0,2.0
-2.0,2.0
-25.0,2.0
-23.0,-2.0
2.0,-2.0
0.0,0.0
2.0,-2.0
0.0,0.0
0.0,0.0
0.0,0.0
0.0,0.0
23.0,2.0
-22.5625,2.0
-1.9999999999999996,0.0
0.0,0.0
23.0,2.0
-22.5625,2.0
-1.9999999999999996,1.9999999999999996
-1.9999999999999996,0.0
23.0,2.0
25.0,-2.0
-25.0,2.0
-2.0,2.0
-18.0775,2.0
25.0,-2.0
-25.0,2.0
23.0,2.0
23.0,2.0
25.0,-2.0
-25.0,0.0
-25.0,2.0
-17.132499999999993,1.9999999999999964
23.0,2.0
23.0,2.0
23.0,2.0
23.0,2.0
-1.7677151271607832,1.7677151271607832
-1.9694048184916266,1.9694048184916266
-24.24086515565456,2.1117286161736715
-25.0,2.004136539480889
23.002357650782862,1.9976423492171378
23.239692708006714,1.7603072919932856
-1.9001458682420909,1.9001458682420909
-24.521044982272837,1.9585449822728371
22.869101309847785,2.1308986901522147
-2.0346657660951903,2.0346657660951903
0.0,0.0
-24.60184193648182,2.0393419365275847
23.0785298730604,1.9214701268888845
-1.9859746444393762,1.9859746444393762
-25.0,1.8868662132302418
-25.0,0.0
-1.9300455254129698,1.9300455254129698
-1.6221560880823125,1.6221560880823125
-23.837746542549795,2.20755721148414
-2.0552556848448207,2.0552556848448207
-25.0,1.6412135811591284
-1.897890463323727,1.897890463323727
-1.8800643386520361,1.8800643386520361
-1.8906663511939934,1.8906663511939934
1.8181134431246893,-1.8181134431246893
2.3874411379394163,-2.3874411379394163
-1.8978904633237255,1.8978904633237255
1.817411607314078,-1.817411607314078
1.775290729173073,-1.775290729173073
1.8400312958181386,-1.8400312958181386
2.058456864009769,-2.058456864009769
1.7910548955774344,-1.7910548955774344
2.068456762016363,-2.068456762016363
1.8171881811657355,-1.8171881811657355
1.4890502757810795,-1.4890502757810795
2.2456311730625123,-2.2456311730625123
2.4574808174135256,-2.4574808174135256
1.5467933121813147,-1.5467933121813147
-1.8978904633237255,1.8978904633237255
2.394544520376514,-2.306178396968635
1.6920502881010755,-1.6920502881010755
1.5468277097098024,-1.5468277097098024
1.4342182485692394,-1.4342182485692394
1.5328466922478248,-1.5328466922478248
1.8349959236719728,-1.8349959236719728
2.0472545514809695,-2.0472545514809695
1.9471463434833938,-1.9471463434833938
2.049733372685999,-2.0249587352337404
2.0,-2.0
-2.0,2.0
2.0,-2.0
-2.0,2.0
2.0,-2.0
2.0,-2.0
-2.0,2.0
-2.0,2.0
-2.0,2.0
-2.0,2.0
-2.0,2.0
-2.0,2.0
-2.0,2.0
-2.0,2.0
-2.0,2.0
-2.0,2.0
0.0,-2.0
2.0,-2.0
0.0,0.0
0.0,0.0
0.0,0.0
2.0,-2.0
4.700831024930746,-2.0
25.0,0.0
-23.0,-2.0
2.0,-2.0
2.0,-2.0
25.0,-2.0
-20.7575,0.0
0.0,0.0
0.0,2.0
-1.7839335180055402,2.0
-2.0,2.0
-2.0,2.0
-2.0,2.0
23.0,2.0
-2.0,2.0
-24.5625,2.0
-1.9999999999999996,1.9999999999999996
25.0,0.0
-21.812500000000004,2.0
-2.0,2.0
23.0,2.0
25.0,0.0
-2.0,2.0
23.0,2.0
-2.0,2.0
23.0,2.0
-24.043842290817405,1.9037081672169407
-2.186989540677242,2.186989540677242
-2.347359812336167,2.347359812336167
-25.0,2.0151341236004576
25.0,0.0
25.0,0.0
0.0,0.0
-24.571765242535776,2.0092652425357755
25.0,0.0
0.0,0.0
0.0,0.0
0.0,0.0
-2.100667365069036,2.100667365069036
-1.8683489822522379,1.8683489822522379
-2.1191561944180126,2.1191561944180126
-25.0,1.8191952296169518
-2.141478612538261,2.141478612538261
-2.009188974694638,1.5128091851827628
-25.0,1.8637554921176758
-25.0,1.8134290677772427
-2.45647666204061,2.45647666204061
-1.6268997912770597,1.6268997912770597
-1.9869384063843434,1.9869384063843434
-2.044205557711553,2.044205557711553
-1.756820834243447,1.756820834243447
2.1162573348153675,-2.1162573348153675
1.753485851848417,-1.753485851848417
2.28339019213235,-2.28339019213235
-25.0,0.0
2.192453856315124,-2.192453856315124
2.0784553977283347,-2.0784553977283347
1.7387340457320253,-1.7387340457320253
1.80843795483631,-1.80843795483631
1.962319874344125,-1.962319874344125
2.002469048283375,-2.002469048283375
1.9720142970518548,-1.9720142970518548
2.4377378983562004,-2.4377378983562004
1.0969370698667964,-1.0969370698667964
1.7605496525609787,-1.7605496525609787
1.5771944158913405,-1.5771944158913405
1.4610487941501438,-1.4610487941501438
1.4310049198185402,-1.4310049198185402
0.0,2.3496145861072257
-1.9673911429936437,1.9673911429936437
-2.0970505753993325,2.0970505753993325
-2.1205271639617713,2.412919134831344
-2.0918661144241297,2.0918661144241297
23.018713061689393,1.9812869383106069
23.01212858119783,1.9878714187737287
23.0,2.0
25.0,-2.0
2.0,-2.0
4.621151337788501,0.0
0.0,0.0
0.0,0.0
0.0,0.0
-2.0,2.0
-2.0,2.0
-2.0,2.0
-2.0,2.0
-2.0,2.0
-2.0,2.0
-2.0,2.0
-22.000000000000004,2.0
-25.0,0.0
-25.0,0.0
-25.0,0.0
0.0,0.0
0.0,0.0
0.0,0.0
0.0,0.0
0.0,0.0
2.0,-2.0
2.0,-2.0
0.0,2.0
23.0,2.0
-24.3675,2.0
-2.0,2.0
-1.9999999999999996,1.9999999999999996
23.0,2.0
-24.5625,2.0
-2.0,2.0
-2.0,2.0
23.0,2.0
23.0,2.0
-25.0,2.0
-1.0304709141274195,1.999999999999993
-25.0,2.0
-2.0,2.0
-1.9999999999999996,1.9999999999999996
-1.9999999999999996,0.0
23.0,2.0
0.7008310249307463,2.0
-25.0,2.0
22.999999999999986,2.0
23.103898188122546,1.8961018118738941
23.10122163074883,1.8987783692511684
23.001409746360476,1.9985902535859026
-20.907457195409282,1.8181321408637992
-25.0,1.7143250545992927
23.302985422718738,1.6970145772812621
22.835682375266863,2.164317624733137
-1.7829345542650903,1.7829345542650903
-2.09447170748372,2.09447170748372
-1.98050291282058,1.98050291282058
-1.6258265252735005,1.6258265252735005
-2.0727510883251785,2.0727510883251785
-21.711942473497622,2.19901400147295
-1.5828513892461187,1.5828513892461187
-2.037835387894555,2.037835387894555
-25.0,0.0
-25.0,0.0
-1.9612734321013248,1.9612734321013248
-25.0,1.7449811418232457
-1.9488196333468348,1.9488196333468348
-1.8317721020972169,1.8317721020972169
-2.2320526697985716,2.2320526697985716
-1.9608089076799116,1.8543375119324708
-2.1255812740511306,2.1255812740511306
-1.8427363931960894,1.8427363931960894
2.0790669794733727,-2.0790669794733727
-1.54578284533528,1.54578284533528
1.634356165617497,-1.634356165617497
-1.6716310946992614,1.6716310946992614
-1.957639285880548,1.957639285880548
-2.0028975973080207,2.0028975973080207
1.8940373089857907,-1.8940373089857907
2.102310241521394,-2.102310241521394
2.0505271291855554,-2.0505271291855554
2.2294839002399467,-2.2294839002399467
-2.1255812740511306,2.1255812740511306
-1.981952342621903,1.981952342621903
-1.974702984599702,1.974702984599702
-1.9226629953079986,1.9226629953079986
-2.1255812740511306,2.5423669751007845
22.591836402346463,2.4081635976245046
2.143766521543176,-2.143766521543176
-2.196904707157241,2.196904707157241
25.0,-1.738767180965887
22.846626785225418,2.1533732147745823
-2.0321837792919255,2.0321837792919255
0.1517547052355961,2.0781699613566174
-2.1318215853087494,2.1318215853087494
22.934527041138928,2.065472958861072
-1.9725935423588459,1.9725935423588459
-1.9324107055860251,1.9324107055860251
-2.0,2.0
1.9995691367942268,-1.9995691367942268
-2.0,2.0
2.0,-2.0
-2.0,2.0
2.000000000000006,-2.000000000000006
0.0,2.0
0.0,0.0
-2.0,2.0
-25.0,2.0
-2.0,2.0
-2.0,2.0
-2.9999999999999947,2.0
-25.0,2.0
-25.0,2.0
-25.0,2.0
-2.0,2.0
-2.000000000000003,0.0
2.0,-2.0
2.0,-2.0
0.0,0.0
0.0,0.0
0.0,0.0
2.0,-2.0
0.0,0.0
2.0,-2.0
2.0,-2.0
2.0,-2.0
0.0,0.0
0.0,2.0
-1.805,2.0
-1.9809875,1.9809875
-1.9809875,2.0
-1.9981462812500002,1.9981462812500002
2.0,-2.0
2.0,-2.0
-1.9981462812500002,1.9981462812500002
-1.9981462812500002,1.9981462812500002
5.049145394784902,-2.0
25.0,0.0
-2.0,2.0
-2.0,2.0
23.0,2.0
-2.0,2.0
-2.0,2.0
-2.0,2.0
22.87548052282236,2.124519477177639
22.602956152898525,2.3970438470534177
-25.0,2.3302120921311484
25.0,-1.0658141036401503e-14
-1.9414748934056894,2.060353461681431
-2.00756808741461,2.00756808741461
-2.284781240807339,2.284781240807339
-2.5622935580258153,2.5622935580258153
-2.1231993240967713,2.1231993240967713
-1.9639797917738981,1.9639797917738981
-1.954313139547897,1.9543131395478834
-1.51244248859465,1.51244248859465
-1.9754584679318086,1.9754584679318086
-2.3675896615444767,2.3675896615444767
-1.9160611944276056,1.9160611944276056
-25.0,1.899047987493386
-3.060954945069481,2.2648502398511274
-25.0,1.8816661905291348
-25.0,2.128791920425755
-25.0,1.9514691897613545
-2.0648705829912757,2.0648705829912757
-1.7154869968001343,1.7154869968001343
-1.8003030971357923,1.8003030971357923
-1.9789878436988424,1.9789878436988424
2.1277183388485508,-2.1277183388485508
1.7572638996562624,-1.7572638996562624
2.098790332964036,-2.098790332964036
-1.9699188879770073,1.9699188879770073
-1.796388721508622,1.796388721508622
-2.0017015731523475,2.0017015731523475
-1.9072169271487365,1.9072169271487365
0.5417633980954282,2.079755561190439
25.0,-1.8037018254093056
24.999999999966867,-1.0313527809557854e-11
24.999999999969088,3.091216171924316e-11
24.999999999950365,4.96349628065218e-11
2.1573955165920546,-2.1573955165920546
1.7068503769868144,-1.7068503769868144
1.7867485774696972,-1.7867485774696972
1.6524669377267651,-1.6524669377267651
-2.088146033552195,2.088146033552195
-2.3825743610188876,2.3825743610188876
-1.527418352006711,1.527418352006711
-1.918855599150163,1.918855599150163
1.8192043812529657,-1.8192043812529657
-2.2937266494429096,2.2937266494429096
-2.137007288855221,2.137007288855221
2.138486786908952,-2.1384867869089486
1.9898747138553627,-1.9898747138553627
2.1199328729588496,-1.9732864804716141
2.0066816336190674,-2.0066816336190674
2.010749124104814,-2.010749124104814
2.0,-2.0
2.010749124104815,0.0
0.0,0.0
0.0,0.0
-2.0,2.0
0.0,0.0
-2.0,2.0
-2.0,2.0
-2.0,2.0
-2.0,2.0
-25.0,2.0
-25.0,2.0
-25.0,1.0
-23.0,-2.0
0.0,0.0
0.0,0.0
0.0,0.0
0.0,0.0
2.0,-2.0
0.0,0.0
2.0,-2.0
2.0,-2.0
0.0,0.0
0.0,2.0
-1.805,0.0
2.0,-2.0
25.0,-2.0
25.0,-2.0
-8.592499999999985,-2.0
25.0,-2.0
25.0,-2.0
25.0,0.0
-25.0,0.0
-24.000000000000007,2.0
-25.0,2.0
-25.0,0.0
25.0,-1.9510970248735013
25.0,0.0
22.961222309169077,2.0387776908309228
25.0,0.0
-18.0975218692016,2.0458869341499266
22.954543927437914,2.045456072562086
-2.046317800668607,2.046317800668607
-2.0540733339039536,2.0540733339039536
-24.652620041071824,2.090120041071824
25.0,0.0
-2.2389514254891214,2.2389514254891214
-2.2104907841889214,2.2104907841889214
-1.889070495216358,1.889070495216358
-1.9181174723691274,1.9181174723691274
-1.9569469172796117,1.9569469172796117
-1.806396193282957,1.806396193282957
-1.7984532043651962,1.7984532043651962
-1.232552639453008,1.232552639453008
-2.182540425490232,2.182540425490232
-25.0,2.208818243812914
23.290217312603023,1.7097826873969773
-1.8993042333019385,1.8993042333019385
-25.0,2.1563112055105513
-25.0,2.1714126672376324
-1.8255584568135177,1.8255584568135177
-1.9352789989215964,1.9352789989215964
-2.1924816267968392,2.1924816267968392
-1.6533341341330416,1.6533341341330416
-1.8101281673370462,1.8101281673370462
-1.864008582189669,1.864008582189669
-2.04647453229712,2.04647453229712
-1.8068310537807175,1.8068310537807175
-2.255133726987486,2.255133726987486
-1.6038244144139497,1.6038244144139497
-2.078897831993837,2.078897831993837
-2.0290422435479325,2.0290422435479325
2.0567167908714072,-2.0567167908714072
1.9683574295278579,-1.9683574295278579
2.0776904471865523,-2.0776904471865523
1.3492877527833338,-1.3492877527833338
2.0474237778539184,-2.0474237778539184
2.4137896447610068,-2.4137896447610068
1.8616411486234776,-1.8616411486234776
1.7612211933006288,-1.7612211933006288
1.807060160254867,-1.807060160254867
2.3656242688158393,-2.3656242688158393
1.9725867476635681,-1.9725867476635681
1.6019473823089516,-1.6019473823089516
-2.254579579647811,2.254579579647811
-1.8421084016209486,1.8421084016209486
-1.6183894009260804,1.6183894009260804
23.170815917454412,1.8291840825455878
-2.187441599939248,2.187441599939248
-2.064856855537247,2.064856855537247
-2.0172823912626594,2.0172823912626594
-2.0136772876798985,2.0136772876798985
-2.0270400458089717,2.0270400458089717
25.0,-2.015687997278601
2.0305803273577756,-2.0305803273577756
-1.9945511524020938,1.9945511524020938
0.875475125742744,2.0
-2.0,2.0
-2.0,2.0
-24.5625,2.0
23.0,2.0
-2.0,2.0
-2.0,2.0
-2.0,2.0
-2.0,2.0
-2.0,2.0
-25.0,2.0
-25.0,2.0
-25.0,2.0
-23.0,-2.0
1.0000000000000018,-2.0
0.0,0.0
0.0,0.0
0.0,0.0
0.0,2.0
23.0,2.0
-24.3675,2.0
-1.9999999999999996,0.0
2.0,-2.0
2.0,-2.0
2.0,-2.0
2.0,-2.0
25.0,-2.0
2.0,-2.0
6.700831024930748,-1.9999999999999991
-23.0,-2.0
2.0,-2.0
2.0,-2.0
2.0,-2.0
0.0,0.0
7.263157894736842,-1.9999999999999991
-2.0,2.0
-2.0435171880205387,2.0435171880205387
-2.0424400266546763,2.0424400266546763
-2.046102367409267,2.046102367409267
22.952605047827205,2.0473949521727945
22.948080983896933,2.051919016103067
22.948942707072618,2.051057292927382
25.0,0.0
0.0,-1.7147652241653646
1.900016868881295,-1.900016868881295
1.9000168688812904,0.0
-2.30426144479617,2.30426144479617
-24.762114380353204,2.1996143803532036
22.994296006170497,2.0057039938295027
-1.707208553086204,1.707208553086204
-1.6900306167036323,1.6900306167036323
-24.772994255491653,2.2104942554991354
25.0,-8.288481012641569e-12
-1.7282797216610053,1.7282797216610053
-1.9422493898320248,1.9422493898320248
-1.727026263099967,1.727026263099967
-1.8163367634422505,1.8163367634422505
-1.5621150443201737,1.5621150443201737
-25.0,1.9383722518962472
-25.0,1.9568402533839375
-2.244014804797244,2.244014804797244
-1.8362191660554634,1.8362191660554634
-25.0,2.202393164179796
-1.7908226333667292,1.7908226333667292
-25.0,1.8069080537527462
-2.3473084748138477,1.9932202155777061
-2.2304318835021233,2.2304318835021233
-2.5504254639765866,2.5504254639765866
2.250939753101231,-2.250939753101231
1.874797414335891,-1.874797414335891
-0.18685810424958227,-2.3635673597270044
2.3511470117800366,-2.3511470117800366
1.7163504063225412,-1.7163504063225412
2.103283470676038,-2.103283470676038
0.0,0.0
0.0,0.0
2.0249978515745513,-2.0249978515745513
4.157759588026936,-1.7906604285076217
-2.1363069914661814,2.1363069914661814
-2.090422581905501,2.090422581905501
-1.9571551958924749,1.9571551958924749
2.522290810262879,-2.522290810262879
25.0,-2.0844055390093956
25.0,0.0
-2.1332800089592636,2.1332800089592636
-1.78540139353287,1.78540139353287
-1.6928824558315534,1.6928824558315534
-1.9753159864261916,1.9753159864261916
-1.8303532829405122,1.8303532829405122
25.0,-1.98314166083739
2.000322871296642,-2.000322871296642
25.0,-2.0288333978886577
-2.0,2.0
-2.0,2.0
-2.0,2.0
-2.0,2.0
6.992439332952962,2.0
-2.0,2.0
-2.0,2.0
-2.0,2.0
-2.0,2.0
-2.0,2.0
-2.0,2.0
-2.0,2.0
-2.0,2.0
-2.0000000000000075,2.000000000000001
-25.0,2.0
-25.0,2.0
-25.0,1.0
-25.0,0.0
2.0,-2.0
2.0,-2.0
0.0,0.0
0.0,0.0
0.0,0.0
2.0,-2.0
2.0,-2.0
2.0,-2.0
2.0,-2.0
2.0,-2.0
2.0,-2.0
2.0,-2.0
4.216066481994458,-2.0
2.0,-2.0
2.0,-2.0
2.0,-2.0
2.0,-2.0
-2.0,2.0
2.0,-2.0
2.0,-2.0
2.0,-2.0
-2.0,2.0
-2.0,2.0
-2.0,2.0
2.0,-2.0
2.0,-2.0
25.0,0.0
25.0,0.0
25.0,-2.0
7.044937096636479,-1.9978456838940897
25.0,-1.8737570666093184
1.8737570666093188,-1.8274529243630029
1.8063314217900945,-1.8063314217900945
1.7474437208466749,-1.7474437208466749
1.8274529243630238,-1.7973742580358432
0.03313207812776131,1.7642421799080843
0.0,0.0
0.0,-2.700062395888381e-14
0.0,0.0
0.0,0.0
-2.2547840713768013,2.2547840713768013
-1.928897468452985,1.928897468452985
-2.215787372428718,2.215787372428718
-1.8641632132810368,1.8641632132810368
-1.7505712135629814,1.7505712135629814
-2.1779115911062155,2.1779115911062155
-2.1685851272812062,2.1685851272812062
-25.000000000000004,1.7684680267335828
-2.3845518465300177,1.7383692425858621
-25.0,2.0162589858967372
-25.000000000000004,1.8614555913138382
-1.8997725446072202,1.8997725446072202
-2.0034662610358627,2.0034662610358627
-1.8266661203455516,1.8266661203455516
2.2562060462700657,-2.2562060462700657
1.911848917269312,-1.911848917269312
2.01892116525749,-2.01892116525749
2.037106412749539,-2.037106412749539
-22.84688366218128,-2.1531163378187195
2.052914128318408,-2.052914128318408
0.0,0.0
1.8605240178817661,-1.8605240178817661
1.6257517343170749,-1.6257517343170749
2.017290911751366,-2.017290911751366
1.886165008566941,-1.886165008566941
2.1082629073917047,-2.1082629073917047
1.5890337927378875,-1.5890337927378875
1.8012296213893686,-1.8012296213893686
2.003989166583608,-2.003989166583608
1.7529001471431602,-1.7529001471431602
1.9402514930168344,-1.9402514930168344
1.7764359459701522,-1.7764359459701522
1.5816285413296973,-1.5816285413296973
1.921088282765306,-1.921088282765306
2.2215645793463756,-2.2215645793463756
2.0164106190383735,-2.0164106190383735
1.8238373575412157,-1.8238373575412157
2.0048815990206763,-2.0048815990206763
1.9629800667592596,-1.9629800667592596
7.278206261196321,-2.015048366459479
23.017776865596346,1.9822231344036538
22.99484465069455,2.0051553493054506
23.0,2.0
25.0,0.0
-1.9999999999999847,1.9999999999999847
0.0,0.0
-2.0,2.0
-2.0,2.0
-2.0,2.0
-2.0,2.0
-2.0,2.0
-22.000000000000014,2.0
-25.0,0.0
-25.0,0.0
-25.0,0.0
2.0,-2.0
2.0,-2.0
2.0,-2.0
2.0,-2.0
0.0,0.0
0.0,2.0
-1.805,2.0
0.0190125000000001,-2.0
0.0,0.0
0.21606648199446,2.0
-2.0,2.0
-2.0,2.0
-2.0,2.0
-2.0,2.0
2.0,-2.0
-2.0,2.0
-1.9999999999999996,1.9999999999999996
25.0,-2.0
25.0,-2.0
2.0,-2.0
25.0,-2.0
5.06949629913443,2.0
25.0,0.0
1.9775951136079677,-1.9775951136079677
1.9775951136079726,-1.9836271967938177
1.984278862290346,-1.9862123774152558
1.9851352185148126,-1.9851352185148126
1.9857815133619945,-1.9857815133619945
1.9837839399186634,-1.9872895350829893
1.990305577292269,-1.990305577292269
1.9903055772922627,-1.9659618038932716
1.9659618038932898,-1.7510550976885546
1.5840060338061688,-1.5840060338061688
1.557929906496283,-1.557929906496283
-25.0,2.0462763520412466
25.0,-1.8726193249632104
4.0571632292542565,0.0
0.0,0.0
-23.957288424778504,1.394788424778504
25.0,-1.599866489622272
1.59986648962228,-1.7763568394002505e-15
0.0,0.0
-25.0,1.9105998767394539
22.772080713945762,2.227919286054238
0.5838228512582182,-0.5838228512582182
-1.923191265607894,1.923191265607894
-25.0,1.4082160838349402
-1.916409587743665,1.916409587743665
-24.543339099747637,1.8977099551925818
-25.0,1.8330994048937228
-25.0,1.9539136232995773
-2.022699844212645,2.022699844212645
-1.8988946186966444,1.8988946186966444
-1.9384852272650397,1.9384852272650397
-1.9777274425173754,1.9777274425173754
1.9058372391253569,-1.9058372391253569
2.2699492789823594,-2.2699492789823594
1.9250203305172047,-1.9250203305172047
2.2948840158257413,-2.2948840158257413
1.9145862031601588,-1.9145862031601588
1.8712636205376745,-1.8712636205376745
1.6281482006596049,-1.6281482006596049
1.7773659415339464,-1.7773659415339464
2.3119628620803754,-2.3119628620803754
-2.022699844212645,2.022699844212645
-2.022699844212645,2.022699844212645
-2.022699844212645,2.022699844212645
1.4897350706142758,-1.4897350706142758
25.0,-1.7335397033567261
1.2448057333623757,-1.2448057333623757
1.8375294278745544,-1.8375294278745544
25.0,-2.2710518933359047
25.0,-2.1171384164625024
-1.8411275986985638,1.8411275986985638
11.132823292966517,-1.989154049022071
25.0,-1.8587585410641125
1.8403478161949574,-1.8403478161949574
-2.074698296121898,2.074698296121898
-0.21952265014451644,2.078281191208628
-2.037882763389639,2.037882763389639
-1.9574090798294435,1.9574090798294435
-1.9880750829693632,1.9880750829693632
-1.9838290542224084,1.9838290542224084
-2.0,2.0
-2.0,2.0
-2.0,2.0
-2.0,2.0
-2.0,2.0
-2.0,2.0
-2.0,2.0
-25.0,2.0
-2.0,2.0
-25.0,2.0
-25.0,2.0
-2.9999999999999982,2.0
-25.0,2.0
-1.9999999999999996,0.0
0.0,0.0
0.0,0.0
0.0,0.0
0.0,0.0
2.0,-2.0
23.0,2.0
-22.5625,0.0
0.0,0.0
0.0,0.0
25.0,-2.0
-18.7575,-2.0
0.0,0.0
0.0,2.0
-1.8049999999999988,1.9999999999999987
-1.9809874999999986,-8.881784197001252e-16
0.0,0.0
25.0,-2.0
-20.7575,-7.105427357601002e-15
25.0,-2.0
25.0,0.0
25.0,0.0
25.0,-2.0
-25.0,0.0
-25.0,2.0000000000000178
-25.0,2.0
-15.640000000000013,2.0000000000000018
23.0,2.0
-24.5625,2.0
23.0,2.0
22.985350650502337,2.0146493494585727
22.738769543145647,2.261230456854353
22.57354922459261,2.426450775407389
0.825574958417616,2.221516454363858
-20.698203299057557,-1.8642967009374622
24.99999999999448,3.552713678800501e-15
0.0,0.0
-1.7908825923613394,1.7908825923613394
-24.22777733471236,1.6652773347123642
22.813343862890164,2.1866561371098356
-2.2498308272745717,2.2498308272745717
-2.0722209245833483,2.0722209245833483
-24.28985761539679,1.7273576154386134
22.45146608447024,2.548533915483418
-1.899864060967417,1.899864060967417
-25.0,2.0294531204478474
-24.999999999998053,-1.9468870959826745e-12
-2.024717622168156,2.024717622168156
-23.8111127571433,1.7816596366954514
-25.0,2.2181055765045947
-2.0745283991549286,1.8414261313770002
-1.9850033087266663,1.9850033087266663
-1.9850033087266663,1.9850033087266663
-1.793805435561831,1.793805435561831
-1.930900098873014,1.930900098873014
-1.6026296525528991,1.6026296525528991
-1.9850033087266663,1.9850033087266663
-1.4533645756301787,1.4533645756301787
-1.9850033087266663,1.9850033087266663
1.604406963382651,-1.604406963382651
-1.9850033087266663,1.9850033087266663
-1.9850033087266663,1.9850033087266663
-1.9850033087266663,1.9850033087266663
-1.215431506328489,1.215431506328489
-1.9850033087266663,1.9850033087266663
25.0,-1.3735149734902983
25.0,-2.779287910925632e-11
-25.000000000000004,1.4619967774123204
1.7254843702174805,-1.7254843702174805
-2.700186622686301,2.700186622686301
-2.917532297827611,2.917532297827611
-1.7522222949303918,1.7522222949303918
-2.173598961525361,2.173598961525361
-1.8897783269264306,1.8897783269264306
3.106288963991003,2.4118242520323707
2.1194099156373163,-2.1194099156373163
1.9171298846131435,-1.9171298846131435
1.8085620147297665,-1.8085620147297665
1.9692565185967303,-1.9692565185967303
-1.9781824664459524,1.9781824664459524
-1.9999999999999847,1.9999999999999847
-2.0,2.0
2.0,-2.0
25.0,0.0
25.0,0.0
25.0,0.0
0.0,0.0
0.0,0.0
0.0,0.0
-2.0,2.0
-25.0,2.0
-2.0,2.0
-2.0,2.0
-25.0,2.0
-25.0,2.0
-25.0,2.0
-2.999999999999998,0.0
0.0,0.0
0.0,0.0
0.0,0.0
0.0,0.0
0.0,0.0
0.0,1.9999999999999885
-1.804999999999992,2.220446049250313e-15
25.0,-2.0
25.0,0.0
25.0,0.0
-15.445000000000004,-2.0
-25.0,2.0
23.0,2.0
-2.0,2.0
-25.0,2.0
-25.0,2.0
25.0,0.0
23.0,2.0
25.0,-2.0
7.047091412742385,-2.0
2.0,-2.0
2.0,-2.0
25.0,-1.946435930787608
1.9442816179175582,-1.9383865611892017
1.9405408740592498,-1.9405408740592498
1.9405408740592491,-1.9459266660960466
1.9444337251593093,-1.9491581403319567
1.951743319720685,-1.951743319720685
-2.046533228997109,2.046533228997109
-23.502620309768496,2.0954362090544443
-2.2779831629746825,2.2779831629746825
1.5583096204976856,-1.5583096204976856
25.000000000000007,-1.5394959869634235
2.211110886422668,-2.211110886422668
0.1260984992730716,2.0850123871495985
0.0,0.0
-1.7188756267166578,1.7188756267166578
-1.8140438052588408,1.8140438052588408
-2.6516084763992804,2.6516084763992804
-1.9794397451740178,1.9794397451740178
-23.84063026722684,1.7379634148644385
-25.0,1.9776668523754495
23.06032569118525,1.939674308800285
23.00803198068871,1.9919680193112903
-25.0,1.8804651171949658
-25.0,0.0
-2.271553655448704,2.271553655448704
-1.9775557704485927,1.9775557704485927
-23.53874050363131,1.9137562444452705
-25.0,1.82181385981319
-1.9723090428464225,1.9723090428464225
-2.077294717822115,2.077294717822115
-1.7710323782610242,1.7710323782610242
-1.8855250251928748,1.8855250251928748
-1.925098592783856,1.925098592783856
-2.077294717822115,1.9767611559831586
-1.7642134627054045,1.7642134627054045
-1.9767611559831586,2.0454097867822796
-1.9370070802610329,1.9370070802610329
-2.0387165452793656,2.1086166654599117
-2.0834768057402293,2.0834768057402293
22.485705826151033,2.5142941738236217
1.8972416438872965,-1.8972416438872965
24.999999999984354,-2.3468545789131525
25.0,-1.8971520209690347
25.0,-1.7685153627819616
1.423086545645937,-1.423086545645937
1.5622804049158407,-1.5622804049158407
1.5316388340800557,-1.5316388340800557
1.7072170735749115,-1.7072170735749115
2.413261374461114,-2.413261374461114
-2.1418383665059304,2.1418383665059304
2.3681854646067224,-2.3681854646067224
-2.025256937546004,2.025256937546004
1.7514024345724928,-1.7514024345724928
1.5050239830929268,-1.5050239830929268
1.9366127709780492,-1.9366127709780492
-1.998058393635672,1.998058393635672
2.0295978405540875,-2.0295978405540875
-2.0344282476107796,2.0344282476107796
-2.012337825435964,2.012337825435964
1.9664438081367144,-1.9664438081367144
8.946814036120852,-2.000000000000001
2.000000000000006,-2.000000000000006
1.9999999999999944,-1.9999999999999944
-2.0,2.0
6.217248937900877e-15,2.0
0.0,0.0
-2.0,2.0
-25.0,2.0
-2.0,2.0
-2.9999999999999982,2.0
-25.0,2.0
-25.0,2.0
-25.0,0.0
0.0,0.0
2.0,-2.0
0.0,0.0
0.0,0.0
0.0,0.0
0.0,0.0
23.0,2.0
-22.5625,0.0
2.0,-2.0
0.0,0.0
0.0,0.0
0.0,0.0
0.0,2.000000000000001
-1.2991689750692537,2.0
23.0,2.0
2.0,-2.0
-2.0,2.0
2.0,-2.0
-2.0,2.0
-25.0,2.0
-1.9999999999999996,0.0
6.700831024930749,-2.0
25.0,-2.0
-25.0,2.055682870492653
-2.0556828704926513,2.053420516173959
22.95001986350764,2.0499801364923584
25.0,-1.9655309423054312
25.0,-1.9735019112655365
8.912498639976741,-1.9855660813353637
25.0,-1.9935370509118258
1.9935370509118324,-1.9358013768696352
-0.3393711490625665,2.2751725259322018
-2.4107737073320434,2.4107737073320434
-2.210638472659859,2.210638472659859
-20.636053592132008,-1.9264464078679921
25.0,-2.137978269547567
0.2916897792812225,1.8462884902663461
-1.524111140093396,1.524111140093396
-1.3307023578956674,1.3307023578956674
-2.7049827111079185,2.7049827111079185
-2.2412402812150045,2.2412402812150045
-1.4605842697287308,1.4605842697287308
-2.002970179248866,2.002970179248866
-2.0797972169130112,2.0797972169130112
-24.999999999953364,2.121001038010114
-25.0,2.0398051986543777
-25.0,6.458833468059311e-12
-24.1608062367176,2.297283637904826
-2.0430821154967216,1.7065701475804187
-1.960771669988521,1.960771669988521
-1.8557935687805642,1.8557935687805642
-1.960771669988521,1.960771669988521
-1.6293189789228109,1.6293189789228109
-1.960771669988521,1.960771669988521
-1.8871697950871678,1.8871697950871678
2.037261043840905,-2.037261043840905
-1.960771669988521,1.960771669988521
2.0751122104182524,-2.0751122104182524
-1.9180878084454793,1.9180878084454793
-1.8601245016334609,1.8601245016334609
-1.960771669988521,1.960771669988521
-1.960771669988521,1.960771669988521
1.8482317036742169,-1.680541632445859
1.7705539685987546,-1.7705539685987546
-1.9240452079206278,1.9240452079206278
-2.0686227537593407,2.0686227537593407
1.7896518551035232,-1.7896518551035232
-2.112111959272114,2.112111959272114
-2.112111959272114,2.112111959272114
-2.112111959272114,2.112111959272114
25.0,-1.8353065270427393
-2.2454494026367406,2.2454494026367406
-2.033130184685821,2.033130184685821
-1.5153381924607485,1.5153381924607485
1.2932649555161229,1.4649092066821638
-2.0164877767972262,2.0164877767972262
-2.4020264789523478,2.4020264789523478
-2.205732367372471,2.205732367372471
-2.155420301633379,2.155420301633379
-1.9060961870333362,1.9060961870333362
-1.9963967208274371,1.9963967208274371
22.94341350406717,2.05658649593283
22.94824744160414,2.0517525583958616
23.0,2.0
-2.0,2.0
2.0,-2.0
2.000000000000006,0.0
-2.0,2.0
-2.0,2.0
-2.0,2.0
-25.0,2.0
23.0,2.0
-25.0,2.0
-25.0,2.0
-25.0,2.0
-25.0,2.0
-2.5625000000000053,0.0
2.0,-2.0
0.0,0.0
0.0,0.0
0.0,0.0
0.0,0.0
23.0,2.0
-20.5625,-2.0
2.0,-2.0
2.0,-2.0
25.0,0.0
-22.5625,2.0
-1.9999999999999996,1.9999999999999996
-1.515235457063713,2.0
23.0,2.0
-25.0,2.0
-2.0,2.0
-0.5457063711911434,2.0
23.0,2.0
23.0,2.0
23.0,2.0
-25.0,2.0
-25.0,2.0
-25.0,2.0226203196513737
-2.022620319651374,2.0221894555981113
-0.04502520604340465,-1.9771642495547066
1.9739327753187963,-1.9739327753187963
22.971563026723988,2.028436973276012
25.0,0.0
25.0,0.0
22.894438511575572,2.1055614884191804
-24.999999999952138,2.345323198578079
24.999999999985913,-3.460343123151688e-12
3.1758793928030573,2.1894134619278307
-25.0,2.1135863193922475
-24.247796020964596,2.0092097015723454
23.111875910177538,1.8881240898224618
23.10298367570298,1.8970163242970202
-1.4746607482216039,1.4746607482216039
-1.4069651498631508,1.4069651498631508
-1.6330402234725998,1.6330402234725998
0.0,0.0
0.0,0.0
-2.3321671498225562,2.3321671498225562
-2.020374066369028,2.020374066369028
-24.999999999951157,2.001000368489045
-25.0,0.0
-1.8757580205442999,1.8757580205442999
-2.0107269797096734,2.0107269797096734
-25.000000000000004,2.030387218469169
-23.70463126308772,1.7599052511557325
-1.9911797163189746,1.9911797163189746
-1.7693939198398474,1.7693939198398474
-2.086661575075073,2.086661575075073
-1.7585015795345083,1.7585015795345083
1.7310662370421674,-1.7310662370421674
2.2750066623910232,-2.2750066623910232
1.910755770125446,-1.910755770125446
2.0296159564542684,-2.0296159564542684
-2.086661575075073,2.086661575075073
-2.048312433268797,2.048312433268797
-2.0640734439365973,2.0640734439365973
-2.086661575075073,2.3263395044440447
-2.183211966229882,2.183211966229882
1.850659185399877,-1.850659185399877
2.1160881873358326,-2.1160881873358326
1.8000209742874622,-1.8000209742874622
-2.0185260670403675,2.0185260670403675
1.8615237552235016,-1.8615237552235016
-2.30297090633057,2.30297090633057
-2.1883324643697133,2.1883324643697133
1.8349234206245413,-1.8349234206245413
2.0606223304362157,-2.0606223304362157
2.30839498632733,-2.30839498632733
2.5027621657178756,-2.5027621657178756
-1.9539240372302191,1.9539240372302191
1.6430757813023067,-1.6430757813023067
22.780960325474084,2.2190396745259164
23.021261538382692,1.9787384616173078
-1.9362356604593076,1.9362356604593076
0.7120240950127831,1.999365482460271
25.0,0.0
25.0,0.0
-2.0,2.0
0.0,0.0
-2.0,2.0
-2.0,2.0
-2.0,2.0
-2.0,2.0
-2.0,2.0
-25.0,2.0
23.0,2.0
-2.5624999999999956,1.9999999999999998
-25.0,2.0
-25.0,2.0
-25.0,2.0
-25.0,-3.552713678800501e-15
0.0,0.0
0.0,0.0
0.0,0.0
0.0,0.0
2.0,-2.0
0.0,0.0
0.0,2.0
-1.8049999999999988,0.0
25.0,-2.0
-20.7575,2.0
-1.9999999999999996,0.0
23.0,2.0
-22.5625,0.0
23.0,2.0
-22.5625,0.0
0.0,0.0
25.0,-2.0
25.0,-2.0
-6.029999999999998,-2.0
-23.0,-2.0
25.0,-2.0
25.0,-2.0
-23.0,-2.0
-25.0,0.0
25.0,-2.0
25.0,-2.0
25.0,-2.0
25.0,-2.0
11.263157894736844,2.0
-24.60881780064145,2.046317800668607
24.999999999969912,0.0
-25.0,2.2954586754530446
22.905176270092767,2.09482372989682
-25.0,1.91515802262456
23.21277616860459,1.7872238313954085
-0.8695344582999782,1.6056932416038985
-2.339313630832949,2.339313630832949
-24.691183363086246,2.128683363088136
24.999999999997907,-3.552713678800501e-15
0.0,0.0
-2.218291133814237,2.218291133814237
-24.53916774618103,1.976667746181029
23.029996538283225,1.9700034617167752
-1.5134744144492966,1.5134744144492966
-1.8662693518601827,1.8662693518601827
-25.0,0.0
-2.299314669953885,2.299314669953885
-1.7670018715284996,1.7670018715284996
-25.0,1.756425104879007
-25.0,2.211834496815534
-23.96825960169455,2.219622223494614
-1.9482907318996272,1.8087068235910926
-1.9490260185177615,1.9490260185177615
1.7684118546228422,-1.7684118546228422
2.283191380729164,-2.283191380729164
-1.9794151304288672,1.9794151304288672
-2.08003831518608,2.08003831518608
2.02053879581738,-2.02053879581738
-2.08003831518608,2.08003831518608
-1.6117465754704234,1.6117465754704234
-2.08003831518608,2.08003831518608
-1.623276374560584,1.623276374560584
1.8370447067391673,-1.8370447067391673
2.094901834376646,-2.094901834376646
2.3914946361079457,2.2021394429604904
24.999999999949317,-1.635227780054958
1.987698307747631,-1.987698307747631
1.6036110866225952,-1.6036110866225952
1.6075715360035208,-1.6075715360035208
2.28066742262967,-2.28066742262967
1.7505825742145928,-1.7505825742145928
2.3238801856199194,-2.3238801856199194
2.159907482892626,-2.159907482892626
2.5650781799650417,-2.5650781799650417
-1.900131036280266,1.900131036280266
1.802398821784297,-1.802398821784297
2.0048091058349216,-2.0048091058349216
-1.9045884155523887,1.9045884155523887
-1.989534488473068,1.989534488473068
-2.0,2.0
-2.003151210723018,2.003151210723018
-2.0221894555981113,2.0221894555981113
23.0,2.0
23.0,2.0
-2.0,2.0
2.0,-2.0
25.0,0.0
0.0,0.0
-2.0,2.0
-3.0000000000000018,2.0
-2.0,2.0
-2.0,2.0
-25.0,2.0
-25.0,2.0
-25.0,2.0
-25.0,2.0
-2.0,2.0
-2.000000000000003,0.0
0.0,0.0
0.0,0.0
0.0,0.0
25.0,0.0
-20.5625,-2.0
0.0,0.0
0.0,2.0
-1.805,2.0
-1.9809875,2.0
-1.99814628125,1.99814628125
-1.9981462812499937,2.0
23.0,2.0
-24.562319262421873,2.0
-2.0,2.0
-2.0,2.0
23.0,2.0
25.0,-2.0
25.0,-2.0
25.0,-2.0
9.047091412742397,-2.0000000000000018
2.0000000000000018,-3.1086244689504383e-15
-2.0,2.0
-2.0,2.0
-2.0,2.0
-2.0,2.0
-25.0,2.0
-25.0,2.0
-25.0,2.0
22.92135839409133,2.07864160590864
-2.1188702057923976,2.1188702057923976
25.0,0.0
25.0,0.0
-0.5383342550168035,1.9926278838256741
-1.6914642678221612,1.6914642678221612
-1.5356743899910739,1.5356743899910739
-1.9460182860038486,1.9460182860038486
0.0,0.0
0.0,0.0
-2.2088021495564654,2.2088021495564654
-24.753716176401994,2.1912161764368783
25.0,-3.864997211167065e-11
-2.108410280288987,2.108410280288987
-1.4897912427250173,1.4897912427250173
-2.23284864754221,1.226636264553122
-2.634760630060728,2.634760630060728
-25.0,1.8648448523776722
-25.0,1.9083447873947463
-1.5866799288388975,1.5866799288388975
-25.0,2.2330227432166545
-25.0,1.8405620907072802
-1.7767291138964394,1.7767291138964394
-1.808842520263111,1.808842520263111
-1.8405620907072788,1.8405620907072788
-1.6799262638169514,1.6799262638169514
-1.8405620907072788,1.8405620907072788
2.358359763258158,-2.358359763258158
2.0398329691360884,-2.0398329691360884
-1.8405620907072788,1.8405620907072788
-1.5615394379719012,1.5615394379719012
-1.8405620907072784,2.064310124178486
1.5976688346829295,-1.5976688346829295
2.356284550897284,-2.356284550897284
1.9134678101238247,-1.9134678101238247
23.16485378437443,1.8351462156255707
2.2093591370590406,-2.2093591370590406
-2.0601073142298674,2.0601073142298674
-2.0705540645331464,2.0705540645331464
23.070936855377692,1.929063144622308
-1.9308126849703422,1.9308126849703422
-2.5323064869522662,2.5323064869522662
0.0,1.3297089320270503
22.859301485539,2.1406985144610005
-1.613076087282523,1.613076087282523
-2.098146641599515,2.098146641599515
-2.07365429957493,2.07365429957493
-2.091296316603461,2.091296316603461
-1.9749005756203912,1.9749005756203912
-2.0,2.0
2.0774991666820237,-2.0
2.0,-2.0
-2.0,2.0
-2.0,2.0
-2.0,2.0
-2.0,2.0
-2.0,2.0
-2.0,2.0
-2.0,2.0
-2.0,2.0
-2.0,2.0
-2.0,2.0
-25.0,2.0
-25.0,2.0
-25.0,2.0
-1.9999999999999996,1.9999999999999996
-1.9999999999999996,0.0
2.0,-2.0
0.0,0.0
0.0,0.0
0.0,2.0
23.0,2.0
-24.3675,2.0
-2.0,2.0
-2.0,2.0
-2.0,2.0
-2.0,2.0
-2.0,2.0
-1.9999999999999996,1.9999999999999996
23.0,2.0
-24.5625,2.0
-2.0,2.0
-2.0,2.0
-2.0,2.0
-2.0,2.0
-2.0,2.0
-2.0,2.0
-1.9921227220842075,2.0
-2.002585179388728,2.002585179388728
-2.0071092433190025,2.0071092433190025
-2.004250746051684,2.0092635592708246
-2.0116333072492774,2.0116333072492774
-2.0116333072492774,0.0
1.9700550037702846,-1.9700550037702846
25.0,-1.9569136735673034
1.8483361392407156,-1.8483361392407156
25.0,-1.5792163751977881
-2.113124950707395,2.113124950707395
-18.791184793397147,1.8575421624076363
-25.0,2.225340733712283
24.99999999999934,6.608047442568932e-13
25.0,-1.9569197779452097
25.0,-1.9681245361698423
8.973075513946208,-2.250624810592691
25.0,-1.9727300181033236
1.9727300181033227,5.551115123125783e-15
-22.603869137512465,2.478869137512458
-22.90475103460192,-2.0952489653980813
25.0,0.0
25.0,-1.8765576841882208
1.8765576841882252,-1.8765576841882252
1.7915057272579045,-2.065715058094333
1.788547978455357,-1.788547978455357
2.1803907377465777,-2.1803907377465777
2.1803907377465936,-2.263139199489104
2.2592014714113997,-2.2592014714113997
-22.90176949470144,-2.0982305052985595
-25.0,0.0
-25.0,0.0
-15.967657497383776,-1.9817914000574177
1.7779131462531916,-1.7779131462531916
1.801902424423643,-1.801902424423643
2.011310159825686,-2.011310159825686
2.102338012003109,-2.102338012003109
1.9199818815278933,-1.9199818815278933
2.0618170922972663,-2.0618170922972663
2.293186229557265,-2.293186229557265
1.7755589667805456,-1.7755589667805456
2.4139669971555957,-2.4139669971555957
1.8039511285974266,-1.8039511285974266
25.0,-1.6069668968789088
1.7266930173193886,-1.7266930173193886
-19.22956033293677,-1.8826520426300135
2.0326445168294676,-2.0326445168294676
1.2495178791915382,-1.2495178791915382
2.0579655158276093,-2.0579655158276093
1.500976119809331,-1.500976119809331
0.0,0.0
2.5203509790003658,-2.5203509790003658
1.5436719731512962,-1.5436719731512962
0.0,0.0
1.8612891262103766,-1.8612891262103766
1.9560009063527857,-1.9560009063527857
25.0,-1.9391397861973338
-1.9819087342873352,1.9819087342873352
-20.812426342956908,2.0505126226590633
-2.0057424247837763,2.0057424247837763
-2.0006268476206404,2.0006268476206404
-2.0,2.0
-2.0,2.0
-2.0,2.0
4.913559420876392,-2.0
25.0,0.0
25.0,-2.0
2.0,-2.0
-2.0,2.0
-2.0,2.0
-2.0,2.0
-25.0,2.0
2.0,-2.0
-25.0,0.0
2.0,-2.0
2.0,-2.0
2.0,-2.0
0.0,0.0
2.0,-2.0
2.0,-2.0
2.0,-2.0
2.0,-2.0
2.0,-2.0
2.0,-2.0
0.0,0.0
0.0,0.0
0.0,0.0
2.0,-2.0
0.0,0.0
0.0,2.0
-1.8050000000000004,2.0000000000000004
-1.9809875000000003,2.0
25.0,0.0
25.0,-2.0
25.0,-2.0
25.0,-2.0
9.04914539473685,-1.9999999999999991
2.0,-1.9498044351791388
1.9497301087261667,-1.9610068759097359
1.9622994680695192,-1.9622994680695192
1.957948288010866,-1.9655309423054295
1.9655309423054295,-1.9655309423054295
1.970701301082886,-1.970701301082886
1.9707013010828913,-1.9685469832819995
-18.99356241197552,-1.7923239355877314
24.999999999972587,-1.5674091868641398
1.5674091868641271,-1.6860630669154497
1.69888163013429,-1.8827729073402033
1.8965605706777096,-1.9012068268730613
1.907787484318514,-1.907787484318514
1.9077874843185132,-2.056514823731665
2.072582320233374,-2.8127088277110217
-22.2003822024941,2.248514253982364
22.92960309114747,2.07039690885253
0.0,0.0
0.0,0.0
-25.0,2.0381427566353523
24.999999999996355,-1.48858703141741e-11
0.44250110069959037,-0.44250110069959037
0.44250110069959037,-0.44250110069959037
0.44250110069959037,-0.44250110069959037
0.44250110069959037,-0.44250110069959037
-1.9103814997696063,1.9103814997696063
0.4425011006995909,-2.0964064895677392
-17.42101942761637,-2.0029392530305934
-25.0,3.1320723792305216e-11
-25.0,1.7046432548377943
-25.0,1.7574481946712766
-1.9848701366438988,1.9848701366438988
1.7951857547325192,-1.7951857547325192
2.0514833173627824,-2.0514833173627824
0.04317552529885749,-2.0280456619427563
1.839865304075162,-1.839865304075162
2.1191227436104914,-2.1191227436104914
1.8208879667069287,-1.8208879667069287
2.0234679504909874,-2.0234679504909874
1.9879886355110141,-1.9879886355110141
1.8580669613973146,-1.8580669613973146
1.9996364591484603,-1.9996364591484603
1.8493325137506798,-1.8493325137506798
25.0,-1.5822259222602213
-16.648081158929863,-1.9810327609887537
2.329255667273679,-2.329255667273679
1.862730508883475,-1.862730508883475
1.449861076902927,-1.449861076902927
2.1278199535657345,-2.1278199535657345
2.040718468814406,-2.040718468814406
-1.9314154306530167,1.9314154306530167
-1.8314161350134226,1.8314161350134226
-2.5054271852415337,2.5054271852415337
-2.4698160393668287,1.926069612922908
-1.9616807587976128,1.9616807587976128
22.91414576095336,2.0858542390466397
23.039244118555946,1.9607558814440544
7.085969932952042,-1.9964195271876202
-1.9663504858569638,1.9663504858569638
-1.9711347217758433,1.9711347217758433
25.0,-2.0
25.0,0.0
-2.0,2.0
-2.0,2.0
-2.0,2.0
-2.0,2.0
0.0,0.0
-24.000000000000007,2.0
-2.0,2.0
-2.0,2.0
2.0,-2.0
-25.0,2.0
-25.0,0.0
-25.0,0.0
0.0,0.0
2.0,-2.0
2.0,-2.0
2.0,-2.0
0.0,2.0
-1.805,2.0
-1.9809875,1.9809875
-1.9809875,0.0
0.0,0.0
0.0,2.0
-1.805,0.0
0.0,0.0
0.0,2.0
-1.805,1.805
-1.805,1.805
0.19500000000000006,-2.0
2.0,-2.0
25.0,-2.0
2.700831024930749,2.0
-25.0,2.0
-1.9999999999999996,1.9999999999999996
23.0,2.0
1.0261945468916949,2.020896865903747
22.978456836775877,2.02154316321635
22.983842628775164,2.0161573711795526
25.0,-1.995260504351272
1.995260504351288,-1.990951872139451
1.9774001459412105,-1.9855660813353653
2.000000000000006,-1.9784568367836517
-18.911372033016622,-1.8655706717861307
25.0,-1.6299593370405923
1.3351261654067998,-1.5549347969286056
1.8735146074248572,-1.8735146074248572
1.8735146074248656,-1.9886453442888379
2.001083290930656,-1.9599316129166464
1.9599316129166464,-5.773159728050814e-15
0.0,0.0
-24.122205323841364,1.5597053238841028
24.99999999995265,0.0
0.0,0.0
0.0,0.0
-20.375371764701015,-2.187128235298985
22.791017657886044,2.2089823421139556
-2.143490710167965,2.143490710167965
0.0,0.0
-24.99999999996562,-1.446309738639684e-11
24.999999999966278,-2.030768431445434
-1.7869688478814805,1.7869688478814805
-2.0240921551822613,2.0240921551822613
-25.000000000000004,1.6264769225782203
-24.99999999995307,2.1187958093030304
-21.29250229703394,1.8174980744957807
-1.988374897665775,1.988374897665775
-1.7759300813998244,1.7759300813998244
-25.0,2.2746494330125984
-1.947821158299723,1.7301182537799913
-1.8277220297980303,1.8277220297980303
-2.0405442721563762,2.0405442721563762
-1.9856937838856688,1.9856937838856688
1.6499732746982332,-1.6499732746982332
1.996128542390025,-1.996128542390025
2.059762076650368,-2.059762076650368
2.0204529597829897,-2.0204529597829897
1.2569553191126266,-1.2569553191126266
-2.056946528492868,2.056946528492868
24.99999999997445,1.8381740574113792e-11
-23.475021821280684,1.538845905232371
1.529782629836343,-1.529782629836343
-2.6832706124380863,2.6832706124380863
-1.9246561585183528,1.9246561585183528
-1.999276074033479,1.999276074033479
-2.1302088461405226,2.1302088461405226
22.1329323477194,2.8670676522259164
23.529442971580846,1.470557028400922
-1.8581912974177186,1.8581912974177186
-2.2522645313084912,2.2522645313084912
-2.3789190713631703,2.3789190713631703
22.859079223068512,2.1409207769314875
4.3295792921250635,-2.039574430487695
25.0,0.0
-2.0,2.0
0.0,0.0
-2.0,2.0
0.0,0.0
-2.0,2.0
-2.0,2.0
-2.0,2.0
-2.0,2.0
-2.0,2.0
-20.5625,-2.0
25.0,0.0
0.0,0.0
-24.000000000000007,2.0
-25.0,2.0
-23.0,-2.0
-23.0,-2.0
0.0,0.0
0.0,0.0
0.0,0.0
0.0,0.0
0.0,0.0
0.0,2.0
0.19500000000000006,-2.0
2.0,-2.0
0.0,0.0
25.0,0.0
-22.5625,0.0
0.0,0.0
2.0,-2.0
0.0,0.0
0.0,2.0
-1.805,2.0
23.0,2.0
23.0,2.0
2.0,-2.0
2.0,-2.0
-2.0,2.0
25.0,-2.0
2.0,-2.0
7.06815789473684,-2.0000000000000018
25.0,-2.0
2.000000000000006,-2.0000000000000004
-25.0,0.0
-23.0,-2.0
-17.8942704056801,2.0075401061395546
-2.2307272604439987,2.2307272604439987
-25.0,2.4417302995697803
22.73828750898019,2.2617124909910054
22.732258789887627,2.267741210112373
-1.8895302860329322,1.8895302860329322
22.82134933538819,2.1786506646082167
23.45358537620571,1.5464146237942913
-25.0,1.3829398962959303
-0.5246024537635088,1.6930901032971042
23.10213415142143,1.8978658485785687
-2.2212385917598816,2.2212385917598816
0.0,0.0
-2.2007124188887346,2.2007124188887346
-1.9680822492999557,1.9680822492999557
-2.1860742192884484,2.1860742192884484
0.0,-2.3192021217455903
-23.137460728751975,-1.8625392712480249
-2.3330292970503415,2.3330292970503415
-1.858946149602513,1.858946149602513
2.254509522296212,-2.254509522296212
-1.7785449247122038,1.7785449247122038
-2.062967042699187,2.062967042699187
-1.6743071593008736,1.6743071593008736
-1.892567366896838,1.892567366896838
-1.904210141355792,1.904210141355792
-2.316559507951496,2.316559507951496
2.2143811762182484,-2.2143811762182484
-1.7556759330200205,1.7556759330200205
1.957327499108568,-1.957327499108568
-2.1511301172287967,2.1511301172287967
-1.828047701810866,1.828047701810866
-2.240835084640894,2.240835084640894
-2.3176173108459084,2.3176173108459084
-2.1309359278436037,2.1309359278436037
-2.1997959929921445,2.1997959929921445
-2.2361159961913035,2.2361159961913035
-2.1858615226444043,2.1858615226444043
1.9028266664485427,-1.9028266664485427
1.9570983926344203,-1.9570983926344203
-2.1923642333968614,2.1923642333968614
22.661898172005515,2.3381018279944854
-1.7386639883804262,1.7386639883804262
-2.7337545080327885,2.7337545080327885
3.0223570302388234,-3.0223570302388234
2.006947354033551,-2.006947354033551
5.1636421129011385,-1.9007596590027207
1.8799284841931934,-1.8799284841931934
1.928982121086167,-1.928982121086167
2.0077016145177415,-2.0077016145177415
1.9800793069614047,-1.9800793069614047
1.9937524829384552,-1.9937524829384552
2.007701614517744,-2.007701614517744
2.0,-2.0
-2.0,2.0
-2.0,2.0
-2.0,2.0
-22.750549292897738,2.0
23.0,2.0
-2.0,2.0
-2.0,2.0
-3.000000000000015,2.0
-2.0,2.0
-25.0,2.0
-25.0,2.0
-25.0,2.0
-25.0,2.0
-1.9999999999999996,0.0
0.0,0.0
0.0,0.0
0.0,0.0
0.0,0.0
0.0,2.0
23.0,2.0
-24.3675,2.0
-1.9999999999999996,0.0
0.0,2.0
23.0,2.0
-24.3675,0.0
0.0,2.0
23.0,2.0
23.0,2.0
-23.930000000000017,2.0
-25.0,2.0
23.0,2.0
23.0,2.0
-24.125,2.0
-25.0,2.0
23.0,2.0
23.0,2.0
-25.0,2.0
-24.125000000000004,2.0
2.4847645429362832,-2.0
23.0,2.0
-25.0,2.0
1.0470914127423823,2.000000000000001
22.993752482938454,2.0062475170615457
25.0,0.0
25.0,0.0
22.973527630518486,2.026472369481514
-24.63015315370174,2.067653153701741
23.373234958673986,1.6267650413260135
-2.131554136635412,2.131554136635416
-1.8906720315197987,1.8906720315197987
-25.0,1.6584508453890052
2.751121228268938,-1.8879088685891716
25.0,-2.2922029020456343
2.2922029020456316,2.6645352591003757e-15
0.0,0.0
0.0,-1.932507631075917
2.141282693712927,3.1086244689504383e-15
0.0,0.0
-1.938403178114518,1.938403178114518
-22.77457753271085,-2.2254224672891496
-2.108693034284629,2.108693034284629
2.1724925602879486,-2.1724925602879486
-1.9035600596247395,1.9035600596247395
-25.0,1.8297189798922524
2.009213488456215,-2.009213488456215
1.973679894807434,-1.973679894807434
-2.011495085988014,2.011495085988014
-2.031777004849534,2.031777004849534
2.1607349170182664,-2.1607349170182664
2.1105568122960827,-2.1105568122960827
2.1565037054406213,-2.1565037054406213
1.9868412096983405,-1.9868412096983405
-2.311729968722359,2.311729968722359
-1.6039544307601599,1.6039544307601599
1.6230813500412662,-1.6230813500412662
1.6945587830914324,-1.6945587830914324
-1.8681968757501188,1.8681968757501188
-2.1292520268159842,2.1292520268159842
-19.10814122713935,2.018700894845704
-2.39005408780986,2.39005408780986
-25.0,0.0
-2.19473040466843,2.19473040466843
-3.155046916461645,3.155046916461645
-1.1697888261881912,1.1697888261881912
2.3722374303478455,-2.3722374303478455
-1.9114623395408943,1.9114623395408943
-1.780481284664503,1.780481284664503
-2.2074188324360433,2.2074188324360433
-2.0788096291570266,2.0788096291570266
-1.9872609226606222,1.9872609226606222
-1.9281804062134786,1.9281804062134786
-2.0465840955257604,2.0465840955257613
-2.025114804088237,2.025114804088237
-1.9749620409861257,1.9749620409861257
-1.935076305099547,1.935076305099547
-1.9753925943965693,1.9861641760047435
23.0,2.0
23.0,2.0
23.0,2.0
-2.0,2.0
23.0,2.0
0.0,0.0
-2.0,2.0
-25.0,2.0
23.000000000000032,2.0
-21.562500000000018,2.0
-25.0,0.0
-25.0,0.0
-23.0,-2.0
2.0,-2.0
0.0,0.0
0.0,0.0
2.0,-2.0
2.0,-2.0
0.0,0.0
23.0,2.0
-20.5625,-2.0
2.0,-2.0
2.0,-2.0
0.0,0.0
0.0,2.0
-1.805,2.0
-1.9809874999999637,2.0
23.0,2.0
-24.560646281249998,3.552713678800501e-15
0.0,2.0000000000000018
25.0,0.0
25.0,0.0
-25.0,2.0
-20.74250000000001,2.0
25.0,0.0
23.0,2.0
-25.0,2.0
23.0,2.0
23.0,2.0
25.0,0.0
-23.703872803206178,2.0
-25.0,2.0
-25.0,2.016372803206181
25.0,0.0
25.0,0.0
22.809956810841918,2.1900431891580823
-2.0445429059496605,2.0445429059496605
-20.535309542614662,-2.0271904573354007
24.999999999944666,-2.20117063183703
2.201170631837031,-2.201170631837031
2.2011706318370394,-1.4913325044601913
1.3187961157250472,-1.7779346052617895
2.0000732130881573,-2.0000732130881573
2.000073213088157,-1.9375473423598515
1.9375473423598457,-2.1126503279289954
-23.244923656926094,-1.755076343073906
25.0,-1.8961977262337442
6.72859602213282,-2.1027955938040943
2.1027955938040854,-2.1027955938040854
-23.302465988481202,-1.6975340115187976
23.062499993688526,1.937500006311474
2.5296468321807577,-2.5296468321807577
2.1349847378481686,-2.1349847378481686
2.1613446053213696,-2.1613446053213696
-2.0791667007486208,2.0791667007486208
-2.069553696044099,2.069553696044099
-1.8504269231891692,1.8504269231891692
-1.550743032057941,1.550743032057941
-2.3793163785958855,2.3793163785958855
2.052679972665768,-2.052679972665768
-1.9820583753702676,1.9820583753702676
-2.1404157604653564,2.1404157604653564
-25.0,2.0999800456465927
-1.7780071872026353,1.7780071872026353
-2.1178320473580623,2.1178320473580623
-2.196504559761622,2.196504559761622
-2.235685553724724,2.235685553724724
1.9160889649093207,-1.9160889649093207
-25.0,0.0
-2.0811232574148955,2.0811232574148955
1.4454285293328484,-1.4454285293328484
1.7602088330126602,-1.7602088330126602
1.9708075433918824,-1.9708075433918824
2.2645248834119442,-2.2645248834119442
1.675880925122601,-1.675880925122601
1.7547153268116125,-1.7547153268116125
2.327162782788078,-2.327162782788078
23.168012045522183,1.8319879544778175
-2.0230258317991403,2.0230258317991403
2.0420082183458668,-2.0420082183458668
1.9839701205774118,-1.9839701205774118
25.0,-1.951905253383682
9.756796445378747,-1.9717747076153262
2.0066818283871832,-2.0066818283871832
2.045324488209272,-2.045324488209272
1.9885206655751668,-1.9885206655751668
0.045324488209267155,2.0
-2.0,2.0
-2.0,2.0
-2.0,2.0
-2.0,2.0
-2.0,2.0
-25.0,2.0
-25.0,0.0
-0.8919667590027685,2.0
-2.0,2.0
-2.0,2.0
-25.0,2.0
-25.0,2.0
-1.9999999999999996,0.0
0.0,0.0
2.0,-2.0
2.0,-2.0
2.0,-2.0
0.7008310249307463,2.0
23.0,2.0
-25.0,2.0
-2.0,2.0
-2.0,2.0
-2.0,2.0
-2.0,2.0
-1.9999999999999996,1.9999999999999996
-2.0,2.0
-2.0,2.0
-2.0,2.0
-2.0,2.0
-1.5152354570637172,2.0
23.0,2.0
-24.999999999999996,2.0
-2.0,2.0
-2.0,2.0
23.0,2.0
-24.5625,2.0
23.0,2.0
-0.8011609712777235,2.000000000000001
-2.0,2.0
-2.0,2.0
23.0,2.0
22.973717342059455,2.026282657940545
22.752280279124236,2.2477197208757644
1.8482523840201057,-1.8482523840201057
1.8482523840201113,-8.881784197001252e-16
-2.063141554930871,2.063141554930871
-1.7945826934761662,1.7945826934761662
0.0,-2.158735442334823
2.391950628625816,-1.8372640304299859
1.8372640304299854,-8.43769498715119e-15
-25.000000000000007,1.9040491987913093
25.0,-1.4943060684769094
2.0853872886527487,-2.0853872886527487
2.0853872886527487,-2.275627711345736
-25.0,1.877905183698708
24.999999999991992,8.007816632016329e-12
2.9162296587295216,-5.773159728050814e-15
-1.455702345272722,1.455702345272722
-25.0,0.18030107456110755
22.450713756921033,2.549286243078967
-1.6816619189241289,1.6816619189241289
-1.6452781698464891,1.6452781698464891
-2.1843044822264375,2.1843044822264375
2.5010514409295093,-2.5010514409295093
-2.1481163888154233,2.1481163888154233
-2.2766495388433796,2.2766495388433796
-1.3610573878519396,1.3610573878519396
-2.3063791018137554,2.3063791018137554
-1.6907378172663936,1.6907378172663936
-2.2522771542547257,2.2522771542547257
1.961141522313179,-1.961141522313179
2.50105144092952,-2.50105144092952
1.901574470182127,-1.901574470182127
1.787986257347943,-1.787986257347943
-1.7532630568473877,1.7532630568473877
-2.133505012975884,2.133505012975884
-1.5784765916550612,1.5784765916550612
-2.7323577790319935,2.7323577790319935
1.929611927209831,-1.929611927209831
-15.889293659019485,-2.1004041766400565
-1.8940076450621408,1.8940076450621408
-25.0,2.1928697823935366
25.0,-2.3973387900815126
2.107602411730009,-2.107602411730009
25.0,-1.9171581284553412
1.9536673180611839,-1.9536673180611839
2.0197899697334316,-2.0197899697334316
2.019789969733427,-2.019789969733427
2.005794090108245,-2.005794090108245
1.9912350403255163,-1.9912350403255163
2.004001000595702,-2.004001000595702
2.0197899697334334,-2.0197899697334334
2.01978996973342,-2.0
2.0,-2.0
2.0000000000000013,-2.0000000000000013
2.0,-2.0
2.0,-2.0
2.0,-2.0
2.0,-2.0
2.0,-2.0
2.000000000000006,-1.1080332409972318
-2.0,2.0
-25.0,2.0
-2.0,2.0
-25.0,2.0
-25.0,2.0
-25.0,2.0
-1.9999999999999996,0.0
0.0,0.0
0.0,0.0
2.0,-2.0
2.000000000000014,-2.0000000000000107
25.0,-2.0
25.0,-2.0
25.0,-2.0
16.102493074792246,-2.0
2.0,-2.0
2.0,-2.0
2.0,-2.0
-23.0,-2.0
-25.0,0.0
-25.0,2.0
-2.0,2.0
-2.0,2.0
-2.0,2.0
-2.0,2.0
-2.0,2.0
2.0,-2.0
25.0,-2.0
-2.0,2.0
-2.0,2.0
-2.0,2.0
23.0,2.0
23.0,2.0
23.0,2.0
-2.0,2.0
5.047091412742385,-2.0
2.000000000000006,-1.9879358299301713
1.8740388236510803,-1.758294716380437
1.72578716314027,-1.72578716314027
1.8721917226595317,-1.8721917226595317
1.8721917226595308,-1.8721917226595308
1.8470610145758672,-1.8470610145758672
1.684984909520236,-1.684984909520236
1.8721917226595295,-1.9754111318834315
1.9865622591957068,-2.0671632619335174
1.845519121693382,-1.845519121693382
2.0758708494869165,-2.0758708494869165
2.0758708494869165,-2.0758708494869165
1.8806165925497744,-1.8806165925497744
-18.929476011971502,-1.7595505463665582
23.069392753479615,1.9306072465203847
0.0,0.0
-3.3410089280457793,1.9190269556452892
1.5756032935185484,-1.5756032935185484
1.575603293518542,-1.575603293518542
1.575603293518549,-1.575603293518549
-1.588131567655811,1.588131567655811
-2.696300238442407,2.088332222009147
2.249252065189742,-2.249252065189742
1.8422497786187684,-1.8422497786187684
-1.6317615190190935,1.6317615190190935
-2.220904714831992,2.220904714831992
1.8666941140009579,-1.8666941140009579
2.2492520651897525,-2.2492520651897525
-1.7307077453691218,1.7307077453691218
-2.2673338045226714,2.2673338045226714
1.8760590778119823,-1.8760590778119823
1.5563116447890817,-1.5563116447890817
2.113043532704185,-2.113043532704185
1.935829990524712,-1.935829990524712
-18.42994906950457,2.5336072815616824
2.0744564483613948,-2.0744564483613948
-23.39377154547578,-1.6062284545242207
2.0847334200378267,-2.0847334200378267
1.7836480663009642,-1.7836480663009642
-25.0,0.0
-25.0,0.0
-2.073708223223374,2.073708223223374
-2.073708223223374,1.9493201331650143
-1.949320133165014,1.949320133165014
-1.949320133165014,2.2238426391314023
-2.1970766947996796,2.1970766947996796
25.0,-1.86549603861652
25.0,0.0
22.87163015933895,2.128369840661051
22.95883123224859,2.041168767767111
1.9883465767792265,-1.9883465767792265
4.694219922479284,-1.9999999999999996
2.0,-2.0
2.000000000000006,-2.0
2.000000000000006,-6.217248937900877e-15
-2.0,2.0
-2.0,2.0
-2.0,2.0
-2.0,2.0
-2.0,2.0
-2.0,2.0
-2.0,2.0
-3.000000000000015,2.0
-25.0,2.0
-25.0,2.0
-25.0,2.0
-25.0,0.0
0.0,0.0
0.0,0.0
0.0,0.0
0.0,0.0
0.21606648199445955,2.0000000000000004
-2.0,2.0
-2.0,2.0
-2.0,0.0
0.0,0.0
0.0,0.0
0.0,0.0
2.0,-2.0
0.0,0.0
0.21606648199446,2.0
-2.0,2.0
-2.0,2.0
-2.0,2.0
-2.0,2.0
23.0,2.0
1.0470914127423732,2.0
23.0,2.0
23.0,2.0
24.99999999999999,-2.0
2.000000000000006,-2.000000000000006
2.0,-2.0
2.0,-2.0
2.0,-2.0
2.0,-2.0
-2.0,2.0
-25.0,2.0051703587774554
-2.148432376661697,2.148432376661697
0.9720333098008003,2.196230602381637
-2.3221340376886843,2.3221340376886843
-1.8075780166241175,1.8075780166241175
-25.0,1.8154714604779087
23.1180176046677,1.881982395332301
25.0,-1.9281905834638806
1.928190583463881,4.884981308350689e-15
-2.0778659061392046,2.0778659061392046
-2.1979517805473527,2.1979517805473527
-2.2557415218486536,2.2557415218486536
-1.4630690966949,1.4630690966949
-25.0,0.0
23.016074059734407,1.9839259402655927
2.700831024930742,4.440892098500626e-16
-1.5208304363671719,1.5208304363671719
0.0,-1.640214545211405
1.489405611717567,-1.489405611717567
1.8174122384613904,-1.8174122384613904
1.8174122384613896,-1.8174122384613896
1.8174122384613904,-1.8174122384613904
1.5274202454486456,-1.5274202454486456
1.541804269403574,-1.9561434667518185
2.2765138421713615,-2.2765138421713615
2.2765138421713598,-2.2765138421713598
2.0685205078948457,-2.0685205078948457
-2.0274694244471725,2.0274694244471725
2.2765138421713598,-2.2765138421713598
1.705641098737594,-1.705641098737594
2.2110531364436463,-2.2110531364436463
1.6990746421066543,-1.6990746421066543
-2.1043955522392555,2.1043955522392555
1.783812480175662,-1.783812480175662
-23.306640396800802,-1.6933596031991982
1.9589268263964197,-1.9589268263964197
2.211539119873656,-2.211539119873656
-2.194644568634038,2.194644568634038
2.6799009169409125,-2.6799009169409125
-2.7206837627811113,2.7206837627811113
1.2304944680695504,-1.2304944680695504
24.999999999961155,-1.8448728268461991
1.4970879367955952,-1.4970879367955952
1.7592513825408096,-1.7592513825408096
1.300240348470063,-1.300240348470063
6.761321445617659,-1.8922312809533572
1.9531275293228516,-1.9531275293228516
1.6787139876179986,-1.6787139876179986
1.8697897337780247,-1.8697897337780247
-2.0873086588563963,2.0873086588563963
1.953127529322851,-1.953127529322851
-2.0163749000452,2.0163749000452
-1.9961981707586849,1.9961981707586849
-1.9907989224639695,1.9907989224639695
1.953127529322851,-1.953127529322851
-2.0,2.0
-22.362302404786124,2.0
-25.0,2.0
23.0,2.0
23.0,2.0
-2.0,2.0
-25.0,2.0
-2.0,2.0
-25.0,2.0
-25.0,2.0
-3.0000000000000018,2.0
2.0,-2.0
-25.0,0.0
0.0,0.0
0.0,0.0
0.0,0.21606648199445982
0.0,2.0
-2.0,2.0
-2.0,2.0
-2.0,2.0
-2.0,2.0
-2.0,2.0
-2.0,2.0
-2.0,2.0
23.0,2.0
-24.5625,0.0
2.0,-2.0
25.0,-2.0
25.0,0.0
-25.0,2.0
-20.32,2.0
1.9999999999583662,-1.9999999999583662
0.0,-1.9999999999999996
25.0,-2.0
2.700831024930749,2.0
-25.0,2.0
23.0,2.0
-24.5625,2.0
1.047091412742383,2.0
23.0,2.0
23.0,2.0
25.0,0.0
25.0,0.0
-2.541658827817055,2.541658827817055
0.0,0.0
-2.0729136087579416,2.0729136087579416
-1.927349895244694,1.927349895244694
-1.9519501240128738,1.9519501240128738
-1.5564555463761476,1.5564555463761476
-2.1889705543018456,2.1889705543018456
-24.649830591225474,2.0873305912254736
22.825476407662997,2.174523592337003
-1.9831572028399407,1.9831572028399407
-1.9197363652236419,1.9197363652236419
-24.310723345563456,1.7482233455634564
22.955329917867033,2.044670082132967
-1.8676073841609888,1.8676073841609888
-1.905051460722289,1.905051460722289
-25.0,0.0
22.86490228678304,2.135097713216961
-1.8883159586052187,1.8883159586052187
-1.955574803023973,1.955574803023973
-25.0,1.948764723530715
-25.0,2.111413279198061
-23.306367797965418,1.9340160731508824
-25.0,1.768562698830337
-1.887290975371016,1.887290975371016
-2.0174480674319817,2.0174480674319817
-1.797284950691239,1.797284950691239
-1.9749112632125634,1.9749112632125634
-2.0188889767445932,2.0188889767445932
-2.0188889767445932,2.0188889767445932
1.877158536428964,-1.877158536428964
1.8369115346563998,-1.8369115346563998
9.94810223131043,-1.7702522801837617
24.999999999951037,-2.215028733360054
24.999999999979185,-1.7859659548031885
25.0,-1.6124484112810364
25.0,-1.9421155866019433
2.0773193325672725,-2.0773193325672725
1.4864392193525697,-1.4864392193525697
1.4433198661644537,-1.4433198661644537
1.566947108138561,-1.566947108138561
1.7047177302205725,-1.7047177302205725
1.7685115758980894,-1.7685115758980894
1.3508075555099115,-1.3508075555099115
1.9307360005719687,-1.9307360005719687
2.4038705336102986,-2.403870533610311
1.7816378621131939,-1.7816378621131939
1.6754208187323714,-1.6754208187323714
-18.292682778304908,-1.662824065111785
1.820034551993903,-1.820034551993903
2.10394342887635,-2.10394342887635
-25.0,2.0
-2.0,2.0
25.0,0.0
25.0,-2.0000000000000036
2.0000000000000013,-2.0000000000000013
-2.0,2.0
2.000000000000006,0.0
-2.0,2.0
-2.0,2.0
-2.0,2.0
-2.0,2.0
-22.000000000000007,2.0
-25.0,0.0
-23.0,-2.0
-25.0,0.0
0.0,0.0
0.0,0.0
0.0,0.0
0.0,0.0
0.0,0.0
2.0,-2.0
0.0,2.0
-1.805,1.2212453270876722e-14
0.0,0.0
0.7008310249301117,2.0
23.000000000001357,1.9999999999993214
-25.0,0.0
0.0,7.47939721852737e-15
25.0,-2.0
23.0,2.0
-25.0,0.0
25.0,0.0
17.504155124653746,2.0
25.0,-2.0
-25.0,0.0
-23.0,-2.0
25.0,-2.0
-25.0,0.0
-25.0,0.0
0.0,0.0
25.0,-1.9547593606972562
7.922489469869028,2.049118408385837
-25.0,0.0
25.0,0.0
22.834333080990927,2.165666919068787
-25.0,2.389794212904267
22.489333345350182,2.5106666546496186
22.906837607570477,2.0931623923855973
23.267967160834363,1.7320328391500404
-24.633195441530983,2.070695441530969
22.799506589228425,2.2004934107715783
-1.5425387481531363,1.5425387481531363
-1.4885800710338497,1.4885800710338497
-1.8731930378695445,1.8731930378695445
-2.0002859097322006,2.0002859097322006
-2.118540194641792,2.118540194641792
-2.0736971781454177,2.0736971781454177
-24.469490976381504,1.906990976411148
22.7673976008601,2.232602399107062
-1.8852334351348716,1.8852334351348716
-24.999999999999996,1.8255874895898572
-25.0,0.0
-0.7428821377955616,2.2906799435822385
-1.9201005372224937,1.9201005372224937
-24.99999999996884,1.9454928558668563
-25.0,1.8493495547280965
-2.0173174199384594,2.0173174199384594
-1.9322330819953262,1.9322330819953262
-2.004902121169982,1.9518232634032202
-1.9642385621716958,1.9642385621716958
1.9824484244089007,-1.9824484244089007
-1.964238562171696,1.964238562171696
-1.964238562171696,1.964238562171696
-1.964238562171696,1.964238562171696
-1.964238562171696,1.964238562171696
1.8817526577108374,-1.8817526577108374
1.8483813747519466,-1.8483813747519466
1.8795657322757933,-1.8795657322757933
1.9072219763272305,-1.9072219763272305
1.7950721482164127,-1.7950721482164127
1.8451284415074376,-1.8451284415074376
1.7500801809544786,-1.7500801809544786
1.671961815890592,-1.671961815890592
1.7592564317193027,-1.7592564317193027
1.978030393226991,-1.978030393226991
1.847982489650951,-1.847982489650951
-1.964238562171696,1.964238562171696
2.504010668636104,-1.7895477157970925
-2.6090413771089036,2.6090413771089036
23.485347233487186,1.5146527664802427
-1.4960541174990283,1.4960541174990283
-2.1727945642765976,2.1727945642765976
-2.2688210242692803,2.2688210242692803
22.774373080428568,2.2256269195714324
-2.0344243325251115,2.0344243325251115
0.39266223933021105,1.9795910824653544
-2.0185170731911746,2.0185170731911746
-2.0501522227515654,2.0501522227515654
23.0,2.0
2.0,-2.0
2.0,-2.0
2.0,-2.0
23.0,2.0
0.0,0.0
0.0,0.0
-23.999999999999996,2.0
-2.0,2.0
2.0,-2.0
-25.0,0.0
-25.0,2.0
-25.0,0.0
0.0,0.0
2.0,-2.0
2.0,-2.0
0.0,0.0
0.0,0.0
0.0,0.0
2.0,-2.0
25.0,-2.0
-18.7575,-2.0
4.700831024930746,-2.0
25.0,0.0
-25.0,0.0
23.0,2.0
23.0,2.0
23.0,2.0
-25.0,2.0
3.7479224376731297,2.0
25.0,0.0
23.0,2.0
-20.5625,-2.0
25.0,0.0
-25.0,2.0
25.0,0.0
-25.0,1.4127253637804458
-25.0,2.015726508359002
-25.0,2.0090481278605488
-25.0,0.0
3.2631578947368425,2.0
22.990736440729176,2.009263559270824
25.0,0.0
25.0,0.0
25.0,0.0
-24.75013551995077,2.1876355199507707
23.10217896288056,1.8978210371194386
-24.085139935709822,1.5226399357098224
22.261056514344062,2.7389434856559376
-1.3707694826843975,1.3707694826843975
-1.8747065291230047,1.8747065291230047
-24.320032768411046,1.7575327684110462
22.66439309732867,2.33560690267133
-1.768308346463721,1.768308346463721
-2.1965039286143098,2.1965039286143098
-1.8355097564771121,1.8355097564771121
0.0,0.0
-1.5876512645516065,1.5876512645516065
-25.0,0.0
-25.0,0.0
-1.676143166830613,1.676143166830613
-1.400762865231064,1.400762865231064
-2.3291022984769354,2.3291022984769354
-25.0,1.9086710905548934
-21.908671090554908,1.956895163200052
-1.9057293129350565,1.9057293129350565
-1.956895163200052,1.956895163200052
2.4962540902132684,-2.4962540902132684
2.2383048150682834,-2.2383048150682834
1.9933439204507986,-1.9933439204507986
1.897442979879731,-1.897442979879731
2.0988363577645366,-1.5682005666995975
2.193099520014994,-2.193099520014994
1.7418077331400106,-1.7418077331400106
1.980287376013635,-1.980287376013635
2.221179263912582,-2.221179263912582
1.946481232556982,-1.946481232556982
-2.0217815248741227,2.0217815248741227
-2.240108002937812,2.240108002937812
-1.9748797058469796,1.9748797058469796
1.9045515920514209,-1.9045515920514209
2.207987653950714,-2.207987653950714
-2.4357939646361597,2.4357939646361597
-1.8249134242609593,1.8249134242609593
-1.9912478802286389,1.9912478802286389
-2.4357939646361597,2.4357939646361597
-1.6560979282109818,1.6560979282109818
1.0355606492840455,1.4835741261311046
-1.86229123035453,1.86229123035453
-2.1086430158601766,2.1086430158601766
25.0,0.0
25.0,0.0
25.0,0.0
25.0,-1.9811492323219575
2.026231670606351,-2.026231670606351
2.0262316706063497,-2.0262316706063497
-2.0,2.0
2.0262316706063497,0.0
-2.0,2.0
-2.0,2.0
-2.0,2.0
-2.0,2.0
-2.0,2.0
-25.0,2.0
-2.0,2.0
-24.0,2.0
-25.0,0.0
-25.0,2.0
-1.9999999999999996,0.0
2.0,-2.0
0.0,0.0
0.0,0.0
0.0,0.0
0.0,0.0
23.0,2.0
23.0,2.0
-25.0,2.0
-22.125000000000004,2.0
-2.0,2.0
-2.0,2.0
-2.0,0.0
2.0,-2.0
6.700831024930748,-1.9999999999999991
25.0,-2.0
-25.0,0.0
2.0,-2.0
25.0,-2.0
25.0,0.0
25.0,-2.0
25.0,-2.0
2.0,-2.0
11.26315789473686,-2.0
2.0000000000000004,-2.0000000000000004
-25.0,0.0
2.0,-2.0
6.700831024930749,-2.0
2.0,-2.0
2.0,-2.0
25.0,0.0
0.0,0.0
-25.0,0.8199644404030728
-25.0,2.267118109928898
-25.0,1.9129174496680221
-25.0,1.185262033681859
-1.1852620336818591,2.4362673251199354
-1.4456033571381903,1.4456033571381903
22.97107136296817,2.0289286370318287
22.885762967729388,2.114237032270612
0.6329738126489,2.0658690580383876
23.028654719098547,1.9713452809014527
25.0,0.0
0.0,-2.3925610049319355
2.651037124578332,-7.105427357601002e-15
-2.0053710636225768,2.0053710636225768
-25.0,1.3432464107157287
-25.0,0.0
23.00856214443054,1.9914378555694583
23.123757258282016,1.876242741679686
-2.1043936587973198,2.1043936587973198
-22.688616543740157,1.8686740231177659
-25.0,2.304763364695802
-25.0,2.0469327452454174
-25.0,1.9758447300865711
-1.9758447300865776,1.7676702565315907
1.7352980797671238,-1.7352980797671238
2.0050586457032855,-2.0050586457032855
2.2612880444238845,-2.2612880444238845
25.0,-1.791860870694478
2.2339088740422843,-2.2339088740422843
10.515603708327019,-1.9412793164139401
-1.6896383586494093,1.6896383586494093
25.0,-1.5173199950194913
24.999999999975252,-2.054887094814788
1.071437140605787,-1.071437140605787
1.9659129959896395,-1.9659129959896395
2.4701492062539936,-2.4701492062539936
1.4001954637978447,-1.4001954637978447
2.082914453485503,-2.082914453485503
1.5846321713860831,-1.5846321713860831
25.0,-2.3728903522418
2.467154412259972,-2.467154412259972
-1.9510163415652109,1.9510163415652109
-2.597481282947783,2.597481282947783
0.0659214432652595,2.401232968994711
0.0,0.0
-1.6333119323902885,1.6333119323902885
-2.009811106066982,2.009811106066982
-2.083142356835088,2.083142356835088
-2.078417104837532,2.078417104837532
-2.0,2.0
-2.0,2.0
-2.0,2.0
-2.0,2.0
-2.0,2.0
-2.0,2.0
-25.0,2.0
23.0,2.0
-1.5152354570637132,2.0
-2.0,2.0
-25.0,2.0
-2.0,2.0
-2.0,2.0
-25.0,2.0
-25.0,1.0000000000000036
-23.0,-2.0
2.0,-2.0
0.0,0.0
0.0,0.0
2.0,-2.0
0.0,0.0
23.0,2.0
25.0,0.0
-23.0,-2.0
-18.125000000000007,-2.0
25.0,0.0
0.7008310249307463,2.0
-25.0,0.0
2.0,-2.0
2.0,-2.0
25.0,-2.0
7.185595567867035,-2.0
-25.0,2.0
-2.0,2.0
23.0,2.0
-25.0,2.0
-2.0,2.0
23.0,2.0
-16.397499999999987,2.0
25.0,-2.0
25.0,-2.0
25.0,-2.0
25.0,-2.0
-20.394058806152188,-2.0
-25.0,2.002800610799003
-25.0,2.1962581953531704
-23.440819514552288,-1.5591804854477118
25.0,-1.6794893520904282
25.0,-1.894192571224469
25.0,0.0
-25.0,1.4347040742124229
24.999999999966548,1.716315978228522e-11
23.020829754728076,1.9791702452719235
-15.410751144132306,1.8262950057262728
23.03873540396104,1.9612645960389585
-1.8628914514479566,1.8628914514479566
-1.943654954895183,1.943654954895183
0.0,0.0
-1.8584191415972429,1.8584191415972429
-2.0405524770714267,2.0405524770714267
-1.9217667661253843,1.9217667661253843
-25.0,1.6799792801911302
-22.892941637252676,-2.107058362747324
1.6060776103167242,-1.6060776103167242
25.0,-2.1963474040810063
-1.672042602746492,1.672042602746492
-25.0,2.0305872921669774
-2.2677850748505373,2.2677850748505373
2.2216425260393713,-2.2216425260393713
2.128989469534318,-2.128989469534318
-1.9613542189572213,1.9613542189572213
1.9039646250515396,-1.9039646250515396
2.204722097759972,-2.204722097759972
2.0306743904959914,-2.0306743904959914
1.9052250262330066,-1.9052250262330066
1.591501894300297,-1.591501894300297
25.0,-2.10868987854807
25.0,-1.8747128405961249
10.095218317094446,-1.9551216392541733
1.7689470675431638,-1.7689470675431638
2.0307154150712527,-2.0307154150712527
1.9269238708092962,-1.9269238708092962
1.718214815481307,-1.718214815481307
1.706085426445032,-1.706085426445032
2.009507603103466,-2.009507603103466
1.5840164871835185,-1.5840164871835185
1.8607001079817316,-1.8607001079817316
2.0307154150712545,-2.0307154150712545
1.2168951369443235,-1.2168951369443235
1.8865926108706166,-1.783070250937103
1.927193055137736,-1.927193055137736
1.927193055137733,-1.927193055137733
-1.5900729767866042,1.5900729767866042
1.9271930551377339,-1.9271930551377339
-2.2096108070495823,2.2096108070495823
-2.177936052995382,2.177936052995382
-1.9697564119217894,1.9697564119217894
-1.9350088678721884,1.9350088678721884
-2.0,2.0
-0.07280694486226613,2.0
-1.9999999999999847,1.9999999999999847
-2.0,2.0
-2.0,2.0
-2.0,2.0
-2.0,2.0
-2.0,2.0
-25.0,2.0
-2.0,2.0
-25.0,2.0
-25.0,1.0000000000000036
-25.0,0.0
0.0,0.0
0.0,0.0
0.0,0.0
0.0,0.0
0.0,0.0
0.0,0.0
0.0,2.0
25.0,0.0
-24.3675,0.0
0.0,0.0
25.0,0.0
-15.8125,-2.0
25.0,0.0
25.0,0.0
25.0,0.0
25.0,0.0
-23.0,-2.0
-23.0,-2.0
-23.0,-2.0
25.0,-2.0
-23.0,-2.0
25.0,-2.0
25.0,-2.0
17.690039340001405,-2.0
-25.0,2.004739495648728
25.0,0.0
-25.0,2.0
-25.0,2.0
-25.0,2.0
22.978887700836914,2.021112299163086
22.760026801252454,2.2399731987475455
22.69435926164752,2.30564073835248
-25.0,2.2096688726022577
-25.0,2.164770472929284
-20.68951606754629,1.3775767220147515
23.36357903595227,1.6364209640477299
22.05813823560093,2.9418617643990714
23.033149119105172,1.9668508808948282
23.498168360009657,1.5018316399903426
-24.39715518301707,1.8346551830170696
22.757149661992845,2.2428503380071554
-1.3688905571374628,1.368890557137464
-2.0462757208939335,2.0462757208939335
-2.089492270768053,2.089492270768053
0.0,0.0
0.0,0.0
-1.9013321096144349,1.9013321096144349
-22.81346819891057,-2.18653180108943
25.0,-1.7758877945299396
-1.9613662107561423,1.9613662107561423
-1.9170666120951472,1.9170666120951472
-1.815434222786518,1.815434222786518
-2.022745286819089,2.022745286819089
-25.0,1.9468788553633551
-1.7272541072794931,1.7272541072794931
-2.280587266921085,2.280587266921085
-25.0,0.0
-25.0,2.0654493450761073
-19.972089465876195,2.106679043212992
-2.1066790432129907,2.1066790432129907
2.0261522200076527,-2.0261522200076527
25.0,-1.9601361046456383
-1.8751849387852744,1.8751849387852744
-2.084499264385185,2.084499264385185
2.171879085100975,-2.171879085100975
1.5827955327090324,-1.5827955327090324
-2.3413591792701736,2.3413591792701736
-2.3482790783956657,2.3482790783956657
-22.69118712074989,1.7910309119795897
1.9014826382482743,-1.9014826382482743
1.611825784458043,-1.611825784458043
1.228990444025766,-1.228990444025766
2.4787410146081825,-2.4787410146081825
1.8364021987758576,-1.8364021987758576
1.79109939146291,-1.79109939146291
1.8719304276724866,-1.8719304276724866
2.4485434559061803,-2.4485434559061803
-1.7875709624168437,1.7875709624168437
-2.0,2.0
-2.0,2.0
-2.0,2.0
2.001234570984652,-2.001234570984652
2.022618514964528,-2.022618514964528
-1.9595945260129797,1.9595945260129797
2.0,-2.0
2.0,-2.0
2.0,-2.0
2.0,-2.0
-2.0,2.0
2.0,-2.0
-2.0,2.0
-2.0,0.0
0.0,0.0
2.0,-2.0
0.0,0.0
2.0,-2.0
0.0,0.0
2.0,-2.0
0.0,0.0
2.0,-2.0
2.0,-2.0
2.0,-2.0
0.0,1.999999999999999
22.999999999999996,2.0
-24.367499999999996,2.0
-2.0,2.0
-1.9999999999999996,1.5543122344752192e-15
0.0,0.0
0.0,2.0000000000000004
-1.8050000000000004,-5.10702591327572e-15
0.0,2.0000000000000058
23.0,2.0
25.0,0.0
1.2631578947368625,2.0
23.0,2.0
23.0,2.0
-25.0,1.9999999999999645
-20.124999999999986,-2.0
25.0,0.0
25.0,-2.0
-25.0,1.9999999999999218
-25.0,2.0012925896943656
-25.0,2.0
23.0,2.0
-25.0,2.0
-23.758792589694295,2.0118487380431986
22.805680689188417,2.1943193108116255
22.658744565569187,2.3412554344308134
22.775695767960357,2.2243042320396427
22.872589661039562,2.1274103389604377
-25.0,2.050685231587135
1.1870969452661786,2.2754692933704987
25.000000000000018,-1.7763568394002505e-14
0.0,-2.1488106508582945
-22.183299796689784,-2.8167002033102158
8.199160912706084,-3.117376258015444
23.561355041973314,1.4386449580266856
-2.624606100962768,2.624606100962768
-2.0794166350840566,2.0794166350840566
-2.3087010927735045,2.3087010927735045
-1.9012614211155245,1.9012614211155245
-1.9832266290442284,1.9832266290442284
0.0,0.0
-22.432575845477366,-2.5674241545226337
-1.2644924803089603,1.2644924803089603
1.7977374833137274,-1.7977374833137274
-2.9151030118248737,2.9151030118248737
-2.7696058843530107,2.7696058843530107
-2.647360854991531,2.647360854991531
-1.4868128585610982,1.4868128585610982
-1.39458771993338,1.39458771993338
-1.9564369502517565,1.9564369502517565
-1.917545021757416,1.917545021757416
-1.7902912073302755,1.7902912073302755
-1.9280233294262796,1.9280233294262796
-2.1758824524990965,2.1758824524990965
1.2255096666017335,-1.2255096666017335
1.7762103108062206,-1.7762103108062206
1.6347443212141934,-1.6347443212141934
0.11808209158653238,2.399796477713279
-1.9791399502009632,1.9791399502009632
24.99999999999624,-1.8431157127304232
2.0260681683651027,-2.0260681683651027
1.75228793425081,-1.75228793425081
1.4242869878327937,-1.4242869878327937
1.855648404898874,-1.855648404898874
1.9226030363133901,-1.9226030363133901
1.906569370006931,-1.906569370006931
2.026068168365109,-2.026068168365109
1.7888067488531547,-1.7888067488531547
-2.954104759951451,2.954104759951451
-1.4951484211067383,1.4951484211067383
-1.655097559721935,1.655097559721935
-2.0180489196727196,2.0180489196727196
-2.3883878589069667,2.3883878589069667
-2.144594665709544,2.144594665709544
2.0015944950662456,-2.0015944950662456
2.026068168365109,-2.026068168365109
2.026068168320397,-2.026068168320397
2.0,-2.0
2.026068168365103,-2.0
2.0,-2.0
2.000000000000006,-2.000000000000006
2.0,-2.0
2.000000000000006,0.0
-2.0,2.0
0.0,0.0
-2.0,2.0
-2.0,2.0
-25.0,1.999999999999993
-23.0,-2.0
2.0,-2.0
-25.0,0.0
-22.000000000000007,1.0658141036401503e-14
0.0,0.0
1.9999999999999858,-1.9999999999999925
0.0,0.0
0.0,2.0
-1.8049999999999995,2.0
-1.9809875,1.9999999999999998
-1.99814628125,1.9999999999999998
23.0,2.0
23.0,2.0
23.0,2.0
23.0,2.0
1.047291675986842,2.0
-2.0,2.0
-25.0,0.0
-23.0,-2.0
-23.0,-2.0
-18.00000000000001,-2.0
2.0,-2.0
0.0,0.0
0.0,2.0
-1.805,2.0
-1.9809875,2.0
-1.99814628125,2.6645352591003757e-15
23.0,2.0
23.0,2.0
23.0,2.0
23.0,2.0
5.2631578947368425,-1.9892284183918267
1.9892284183918267,-1.7272635744891673
-19.475009735573515,-1.5286348884500143
22.718903397198375,2.2810966028016253
-2.049981817908245,2.049981817908245
-1.7939158863413764,1.7939158863413764
-1.0180742665487577,1.0180742665487577
-24.695738353236692,2.133238353236692
22.968909683425597,2.031090316574403
-2.0031891873660266,2.0031891873660266
-24.999999999951342,1.7957373774829435
22.65473401882541,2.3452659811296073
-1.086455713992624,1.7975500325621527
-1.9255170434515136,1.9255170434515136
-24.579219723434274,2.0167197234342744
22.35963162607481,2.6403683739251917
-1.5726697208137548,1.5726697208137548
-25.0,1.9252065189741572
-24.999999999999996,2.7458924023449072e-11
-2.109966058412331,2.109966058412331
-1.7137532351348899,1.7137532351348899
2.0248741467014586,-2.0248741467014586
-1.7957992299194938,1.7957992299194938
-2.299786136995724,2.299786136995724
-1.9026253304561092,1.9026253304561092
-1.9505925261454031,1.9505925261454031
-1.962489021823659,1.962489021823659
-2.096402071536559,2.096402071536559
2.307866084880125,-2.307866084880125
1.9491427807704262,-1.9491427807704262
-2.0318249720452233,2.0318249720452233
2.0346676595371243,-2.0346676595371243
2.065299132015923,-2.065299132015923
-2.1444431114613227,2.1444431114613227
-2.067374975524107,2.067374975524107
-2.2892958375279377,2.2892958375279377
-2.2303119655129002,2.2303119655129002
-2.310374895444136,2.310374895444136
1.918658365615256,-1.918658365615256
2.1803459262874476,-2.1803459262874476
1.5556849155085626,-1.5556849155085626
1.7395166683985348,-1.7395166683985348
-1.6766607076262083,1.6766607076262083
-1.8407956152126097,1.8407956152126097
-2.0531508085602965,2.0531508085602965
1.58874314940085,-1.58874314940085
2.6976538285244454,-2.6976538285244454
2.5331604292649983,-2.5331604292649983
1.8909298551966298,-1.8909298551966298
1.5850350011577763,-1.5850350011577763
1.8820296524872608,-1.8820296524872608
2.076959815279844,-2.076959815279844
2.1099305760994005,-2.1099305760994005
-1.9887480314633685,1.9887480314633685
-2.0,2.0
25.0,-2.0
2.0,-2.0
2.0,-2.0
2.0,-2.0
6.107804411078536,1.9999999999999982
2.0,-2.0
2.0,-2.0
2.0,-2.0
2.0,-2.0
-25.0,0.0
-23.0,-2.0
2.0,-2.0
-25.0,0.0
0.0,0.0
0.0,0.0
2.0,-2.0
0.0,2.0000000000000004
-1.8050000000000002,1.3322676295501878e-15
23.0,2.0
23.0,2.0
-25.0,2.0
1.1855955678670327,2.0000000000000004
-25.0,2.0
23.0,2.0
-24.5625,1.9999999999999964
-2.0,2.0
-2.0,2.0
25.0,0.0
-1.9999999999999847,1.9999999999999847
-0.060941828254847334,2.0000000000000004
23.0,2.0
-2.0,2.0
-25.0,2.0
-25.0,2.0
23.0,2.0
25.0,0.0
-25.0,2.0
-25.0,2.0
1.0470914128005426,2.0
25.0,0.0
23.0,2.0
22.98147288145835,2.0185271185416482
22.70351530701124,2.2964846929305978
-2.415590623614947,2.415590623614947
-2.3136942569431924,2.3136942569431924
-2.0057762601966944,2.0057762601966944
-1.8635913938166349,1.8635913938166349
-1.399689914801173,1.399689914801173
-1.9328238358790788,1.9328238358790788
-1.6464104481236799,1.6464104481236799
-1.9244964782484928,1.9244964782484928
-24.717966730407493,2.1554667304074933
22.618319974721793,2.3816800252782073
-2.0550177423083102,2.0550177423083102
-2.1073467970687734,2.1073467970687734
-24.483948036732976,1.9214480367329756
22.714181153012227,2.285818846987773
-1.9921504208843697,1.9921504208843697
-24.999999999988095,2.007787095531768
-24.999999999946542,-8.984812893686467e-12
-1.8802170763014683,1.8802170763014683
-23.106784545853998,1.6741121347815557
-24.999999999999996,1.7363098089077802
-1.9011478145994172,1.9011478145994172
-2.3062535034987253,2.3062535034987253
-2.3114244934234964,2.3114244934234964
-1.9257209040331915,1.9257209040331915
-1.9138263017968733,1.9138263017968733
-2.263508420666445,2.263508420666445
-2.007993480702699,2.007993480702699
-1.6172981472241457,1.6172981472241457
-1.9734589932483395,1.9734589932483395
4.719568617233723,-2.017545895265297
24.99999999994307,5.692868398909923e-11
22.647901849221228,2.3520981507787724
22.88350535379543,2.1164946462045684
2.019474681449852,-2.019474681449852
25.0,-1.9124207367337114
1.9124207367337043,-1.7854686107215691
1.7854686107215683,0.0
-25.0,2.4774029823073747
1.6684501122482889,-1.6684501122482889
1.5417605435178103,-1.5417605435178103
1.6562733871636368,-1.6562733871636368
-20.865309288438464,-1.7370936938689105
2.4126914484386486,-2.4126914484386486
2.301518005219034,-2.301518005219034
2.1884877266083933,-2.1884877266083933
2.0712233962572055,-2.0712233962572055
1.8833683948287931,-1.8833683948287931
2.136667692154819,-2.136667692154819
-1.71393421662653,1.71393421662653
2.1253641199291984,-2.1253641199291984
2.0541734890929795,-2.0541734890929795
2.0,-2.0
2.0,-2.0
2.0,-2.0
2.0,-2.0
2.0,-2.0
2.0,-2.0
25.0,0.0
25.0,0.0
-2.0,2.0
-2.0,2.0
-25.0,2.0
-23.0,-2.0
-23.0,-2.0
2.0,-2.0
2.0,-2.0
-22.0,0.0
0.0,0.0
0.0,0.0
0.0,0.0
0.0,0.0
0.0,0.0
0.0,2.0
-1.805,2.000000000000015
-1.9789335180055552,2.0
-2.0,2.0
25.0,0.0
-21.812499999999996,1.9999999999999964
25.0,0.0
25.0,0.0
25.0,0.0
25.0,-2.0
-22.757499999999997,2.0
2.0,-2.0
25.0,0.0
-3.8050000000000055,2.0
2.0,-2.0
0.0,2.000000000000006
-2.0,2.0
-2.0,2.0
-2.0,2.0
-2.0,2.0
0.0,0.0
-2.0,2.0
0.0,0.0
-2.317061028453219,2.317061028453219
-2.4310989386778283,2.4310989386778283
-2.2309042972649302,2.2309042972649302
-2.0652069845084142,2.0652069845084142
-1.913935490281796,1.913935490281796
-24.999999999990308,1.4883667432425085
22.93532444152804,2.0646755584719614
-0.7889426461743199,1.840613844786838
-1.8761916187474412,1.8761916187474412
-25.000000000000004,2.02880051412755
22.492768364594312,2.507231635405688
-1.7297831128091463,2.1826357287343012
-2.0521542269551194,2.0521542269551194
-25.0,2.0123856348448257
22.45726317257456,2.54273682742544
-1.320527801671787,1.7915686494891578
-2.3100384939269976,2.3100384939269976
-24.999999999971138,-2.886224592657527e-11
1.9521943780225026,-1.9521943780225026
-24.207915072009882,2.0821501340910373
-25.0,2.166196234706419
-25.0,2.3784649608723996
-2.4188962576599824,2.4188962576599824
-2.4188962576599824,2.3468129231905834
1.5821539714666883,-1.5821539714666883
1.7613657260350077,-1.7613657260350077
1.7570852849670509,-1.7570852849670509
-0.5432916059124242,-1.8035213172781592
1.8982742008892401,-1.8982742008892401
0.0,0.0
0.0,0.0
1.5051754584477344,-1.5051754584477344
1.4255069955863124,-1.4255069955863124
25.0,-1.375147751585672
2.3351505831649657,-2.3351505831649657
-20.49057527045167,-0.830853883742261
0.4459215563668568,-0.4459215563668568
1.4295734777156035,-1.4295734777156035
1.4492501263052002,-1.4492501263052002
1.701375805205119,-1.701375805205119
2.490691157807934,-2.490691157807934
0.5928911505169197,-0.5928911505169197
2.0541492836074084,-2.0541492836074084
1.8866844428044711,-1.8866844428044711
2.0121634709911067,-2.0121634709911067
24.999999999980915,-2.2597941187370836
1.8789614087248383,-1.8789614087248383
1.3665587833943826,-1.3665587833943826
24.99999999995206,-1.5457217818328743
24.999999999952028,-2.0257788174793703
13.251472123482287,-2.157019510581108
2.0700886328374737,-2.0700886328374737
-2.0620443053294784,2.0620443053294784
1.951958748049187,-1.951958748049187
25.0,0.0
0.0,0.0
-2.0,2.0
0.0,0.0
0.0,0.0
-2.0,2.0
-2.0,2.0
-25.0,0.0
-22.00000000000002,2.0000000000000107
-25.0,0.0
-25.0,0.0
2.0,-2.0
0.0,0.0
2.0,-2.0
0.0,0.0
2.0,-2.0
0.0,0.0
0.0,2.0
25.0,-2.0
25.0,-2.0
2.0,-2.0
25.0,-2.0
25.0,-2.0
2.0,-2.0
2.0,-2.0
11.263157894736853,-1.9999999999999982
2.0,-2.0
2.0,-2.0
2.0,-2.0
2.0,-2.0
-18.757499999999997,-2.0
25.0,-2.0
2.000000000000006,-2.0
-2.0,2.0
2.000000000000006,-2.0
2.000000000000006,-1.955836517132286
1.9558365171322791,-1.9558365171322791
1.9558365171322838,-1.9398626595069066
-2.0424276391559744,2.0424276391559744
1.9398626595069035,-1.9398626595069035
1.939862659506898,-1.9358013768696352
1.9358013768696363,-1.8924278932026293
1.8924278932026308,-1.6860902950049437
-2.571102300364664,2.3698098800002145
1.767925555619175,-1.767925555619175
1.9091289879295346,-1.9091289879295346
-1.9911342737125333,1.9911342737125333
-1.8277258166819,1.8277258166819
-0.19854158771014063,2.1076705756396725
-1.8292247915471922,1.8292247915471922
-23.74703427669633,1.547798098701545
-24.99999999995483,2.074236177949615
23.161707515025597,1.838292484974403
25.0,0.0
-2.0192077061370046,2.0192077061370046
-24.999999999942972,2.4527844502671563
22.380739613552645,2.602324707417779
-2.216126298535105,2.216126298535105
-1.8787345112662788,1.8787345112662788
-24.99999999999921,2.7330138566625095
-1.9766273527530807,1.9766273527530807
-2.0171230265664555,2.0171230265664555
-3.62397053562068,1.6023115543078017
-2.0441096233201783,2.0441096233201783
-25.0,2.183819129943739
-25.000000000000004,2.104825994705834
-25.0,2.213582774868943
-2.1699218972873897,2.1699218972873897
-2.2135827748689407,2.2135827748689407
-2.166525062455807,2.166525062455807
1.5626180687276001,-1.5626180687276001
1.8714832598021456,-1.8714832598021456
-0.7357549294372205,-1.4778278454317202
1.6694530053265808,-1.6694530053265808
1.7058146642483134,-1.7058146642483134
25.0,-1.67279114345817
-19.432577428836627,-1.6202285641923773
1.676116027496212,-1.676116027496212
1.5262942786445706,-1.5262942786445706
1.6913841121135729,-1.6913841121135729
1.599314866871845,-1.599314866871845
1.5503245813902833,-1.5503245813902833
25.0,-3.750955102077569e-11
25.0,0.0
1.666485350666962,-1.666485350666962
1.603638225956999,-1.603638225956999
2.1846137444091713,-2.1846137444091713
25.0,-4.0394354527961696e-11
2.3865237653218587,-2.3865237653218587
1.751482905854734,-1.751482905854734
1.699476682944208,-1.699476682944208
-1.835485536199025,1.835485536199025
2.1819079764372007,-2.1819079764372007
-1.9593705624032514,1.9593705624032514
-14.054248662186133,-1.953251337743552
1.941402602165772,-1.941402602165772
25.0,-2.0
25.0,-2.0
2.0,-2.0
-22.757500000000014,2.0000000000000178
25.0,0.0
-2.0,2.0
-2.0,2.0
-25.0,1.0
-25.0,2.0
-25.0,2.0
-25.0,2.0
2.0,-2.0
-1.9999999999999996,0.0
0.0,0.0
0.0,0.0
0.0,0.0
2.0,-2.0
2.0,-2.0
6.700831024930749,-2.0
25.0,-2.0
-23.0,-2.0
2.0,-2.0
25.0,-2.0
6.700831024930749,-2.0
-25.0,0.0
0.0,0.0
4.700831024930746,-2.0
25.0,0.0
-2.0,2.0
-25.0,2.0
-1.5152354570637125,2.0
23.0,2.0
-25.0,2.0
-2.0,2.0
-2.0,2.0
3.2072870144186436,-2.0
1.9778105444018887,-1.9778105444018887
-2.0064629490881756,2.0064629490881756
-2.018311686515019,2.018311686515019
22.967254393587634,2.032745606412366
-2.0553659235983175,2.0553659235983175
22.87948381379249,2.12051618620751
22.691077453413502,2.3089225465864978
22.598640328146637,2.401359671817538
1.8398043983595826,-1.8398043983595826
1.839804398359576,-1.839804398359576
1.839804398359579,-1.839804398359579
-1.7501666481361822,1.7501666481361822
-2.1574106641275357,2.1574106641275357
1.8398043983595802,0.0
-1.8552974869935692,1.8552974869935692
-1.9026884451872794,1.9026884451872794
-2.1069750513021788,2.1069750513021788
0.0,0.0
0.0,0.0
-24.34304187480643,1.7805418748064312
24.999999999948123,5.1876725137844915e-11
0.0,0.0
0.0,0.0
-25.0,0.0
-2.191602438591639,2.191602438591639
-1.9422456029481552,1.9422456029481552
-1.8931978830612284,1.8931978830612284
-1.713301964807025,1.713301964807025
-1.8461288099964843,1.8461288099964843
-2.1358733932630427,2.1358733932630427
-1.8424126146251867,1.8424126146251867
2.015014994545373,-2.015014994545373
1.6070735607745892,-1.6070735607745892
2.056559004043484,-2.056559004043484
-17.26626915999141,-2.2114785297317354
-23.39712609343747,-1.6028739065625288
-25.0,1.783479234395088
-1.9986802709712332,1.9986802709712332
-2.305731544671951,2.305731544671951
-2.1458070208019073,2.1458070208019073
-2.287637182392788,2.0870730831223034
-2.080536290415014,2.080536290415014
-2.1051674454014666,2.1051674454014666
-2.1051674454014666,2.1051674454014666
2.2149807661643646,-2.2149807661643646
1.908276623485083,-1.908276623485083
1.7130665468597597,-1.7130665468597597
-1.8548481101076373,1.8548481101076373
-2.050593084079628,1.9510207595963929
-2.0055951209182314,2.0055951209182314
-1.5079540844875003,1.5079540844875003
-1.5928762175715256,1.5928762175715256
2.1881167697759407,-2.1881167697759407
2.0049565576256176,-2.0049565576256176
2.050133608836709,-2.050133608836709
2.1337341588967385,-2.1337341588967385
25.0,-1.8907238349077424
-2.041330716222624,2.041330716222624
-1.940169981327696,1.940169981327696
2.0236770057108924,-2.0236770057108924
2.0,-2.0
2.0,-2.0
2.0,-2.0
2.0,-2.0
-2.0,2.0
2.0,-2.0
2.0,-2.0
-22.861716859913994,0.0
0.0,0.0
0.0,0.0
0.0,0.0
0.0,0.0
0.0,0.0
0.0,0.0
2.0,-2.0
2.0,-2.0
2.0,-2.0
2.0,-2.0
2.0,-2.0
25.0,-2.0
2.0,-2.0
2.0,-2.0
-20.7575,0.0
25.0,-2.0
2.0,-2.0
2.0,-2.0
2.0,-2.0
25.0,-2.0
-8.600471508546372,-2.0000000000000018
2.0,-2.0
2.0,-2.0
25.0,-2.0
2.0,-2.0
2.0,-2.0
25.0,-2.0
25.0,-2.0
1.9866432402358072,-1.9866432402358072
1.9907364407291752,-1.9907364407291752
2.0,-1.9911673035497268
2.0,-2.0
2.0,-2.0
1.921582895162468,-1.921582895162468
2.000000000000006,-1.6199199726036628
-19.295647648717335,-1.8048745760078582
2.216068548556082,-2.216068548556082
25.0,-1.895914656664445
1.8959146566644494,-1.9003465730872122
-22.477799443802695,-2.522200556197305
25.0,-1.691185931857703
6.2928423241706355,-2.439396553491351
2.293155303338991,-2.293155303338991
-22.53588917806796,2.174944567593908
25.0,0.0
-2.1057607238744653,2.1057607238744653
0.0,0.0
-2.2806156685501104,2.2806156685501104
-2.3994278876832453,2.3994278876832453
-2.166992111466472,2.166992111466472
-23.88832100781107,2.022054180512775
-25.000000000000004,2.7359448040442658e-11
-1.8936472599471603,1.8936472599471603
-1.8428373767659636,1.8428373767659636
-25.0,2.2907083452115238
-25.0,1.793216575120013
-2.0695360239193725,2.0695360239193725
-2.1351261148459884,2.1351261148459884
-1.7600264314395773,1.7600264314395773
-2.217658093060601,2.217658093060601
1.9449885691648081,-1.9449885691648081
1.9803435481243774,-1.9803435481243774
2.231529448677172,-2.231529448677172
-2.1165104248873607,2.1165104248873607
-1.9720565839217379,1.9720565839217379
-2.00247094172531,2.00247094172531
22.358770109994335,2.6412298900056648
23.094579949226272,1.9054200507523191
-1.8430721635659157,1.8430721635659157
22.604543291198237,2.3954567087980223
4.3257067915096235,-1.519787781008242
24.99999999998293,-2.1963625516164846
2.113632393146003,-2.113632393146003
2.19636255161649,-2.19636255161649
1.470627085752521,-1.470627085752521
2.062710165743323,-2.062710165743323
-23.272921982820474,-1.727078017179526
2.153404772140168,-2.153404772140168
2.090702180164585,-2.090702180164585
-1.6754025154603323,1.6754025154603323
1.6433203508855914,-1.6433203508855914
1.7746557949775017,-1.7746557949775017
2.1168660763975042,-2.1168660763975042
-1.941764432016397,1.941764432016397
-2.0286644624351724,2.0286644624351724
-2.021327729957008,2.021327729957008
-2.0,2.0
-2.0,2.0
2.0,-2.0
-2.0,2.0
-2.0,2.0
-25.0,2.0
1.789160335550001,2.0
23.0,2.0
-2.0,2.0
-2.0,2.0
-25.0,2.0
-25.0,2.0
-25.0,0.0
0.0,0.0
0.0,0.0
0.0,0.0
2.0,-2.0
2.0,-2.0
2.0,-2.0
2.0,-2.0
25.0,-2.0
25.0,0.0
-20.319999999999997,2.0
-25.0,0.0
2.0000000000000013,-2.0000000000000013
25.0,-2.0
-2.0,2.0
0.0,2.0
23.0,2.0
25.0,0.0
-2.0,2.0
-21.6875,2.0
2.0,-2.0
-1.999999999999999,1.999999999999999
-25.0,2.0
-25.0,2.0
-2.0,2.0
-2.0,2.0
-2.0,2.0
-2.0,2.0
-2.0,2.0
23.0,2.0
-2.0,2.0
1.905640952311418,-1.905640952311418
6.300193459246664,-1.6000915330856005
24.99999999997547,-1.653010513348967
-2.1429346693863565,2.1429346693863565
-2.0885304022650217,2.0885304022650217
-1.7134225139435593,1.7134225139435593
-1.2368027854500045,1.2368027854500045
22.51442492230072,2.4855750776992807
-1.7179371106641579,1.7179371106641579
1.7227092154879298,-1.7227092154879298
1.9462199375699374,-1.9462199375699374
24.99999999995483,-2.0734945798583624
2.073494579858352,0.0
0.0,0.0
0.0,0.0
0.0,0.0
0.0,0.0
-1.579166751240404,1.579166751240404
-25.0,0.0
-2.2844246425762265,2.2844246425762265
2.3178167533964062,-2.3178167533964062
-25.0,1.955601311211062
-1.9605684405541535,1.9605684405541535
-23.78761261813942,2.00527197349464
-25.0,1.8076805780622713
-1.980941244628557,1.980941244628557
2.1482931100626983,-2.1482931100626983
-0.049057818243912976,-1.9318834263846443
0.0,0.0
0.0,0.0
0.0,0.0
2.302344808197361,-2.302344808197361
1.7306648273519238,-1.7306648273519238
0.0,0.0
1.9092725739429488,-1.9092725739429488
1.6850852619427972,-1.6850852619427972
2.066355041468398,-2.066355041468398
2.0659119760555837,-2.0659119760555837
1.7376699313644934,-1.7376699313644934
0.0,0.0
1.8083697909266458,-1.8083697909266458
1.3620274612700234,-1.3620274612700234
24.999999999945743,-2.0336231107362615
2.3943137010165305,-2.3943137010165305
1.787731273834014,-1.787731273834014
1.6671827684463896,-1.6671827684463896
-1.7117745883127071,1.7117745883127071
2.722687024348452,-2.722687024348452
1.8166838944636874,-1.8166838944636874
24.999999999992635,-1.4748890657616123
25.0,-1.5470340159873146
24.99999999995661,-1.9845699866504773
12.303274073977528,-2.0581636467750997
2.0581636467751037,-2.000000000000006
1.9925534133737313,-1.9925534133737313
2.0,-2.0
1.9999999999999984,-1.9999999999999984
2.0000000000000013,-2.0000000000000013
2.0,-2.0
2.000000000000006,0.0
0.0,0.0
-25.0,2.0
-25.0,0.0
-24.000000000000007,2.0
-25.0,2.0
0.0,-2.0
2.0,-2.0
0.0,0.0
0.0,0.0
0.0,0.0
0.0,0.0
0.0,0.0
0.0,0.0
25.0,-2.0
25.0,0.0
-23.0,-2.0
-16.319999999999997,-2.0
25.0,-2.0
25.0,0.0
-20.319999999999997,2.0
-25.0,0.0
25.0,-2.0
2.0000000000000013,-2.0000000000000013
2.0,-2.0
-18.514999999999997,2.0
25.0,-2.0
-25.0,2.0
1.9999999999999984,-1.9999999999999984
-2.0,2.0
0.0,-2.0
2.0,-2.0
25.0,-2.0
-18.514999999999997,2.0
25.0,-2.0
-25.0,0.0
23.0,2.0
-22.5625,2.113532464775542
22.655656835133517,2.3443431648664834
22.73231653986665,2.2676834601333518
-25.0,2.1524561577306827
22.96698152838835,2.0330184716116513
1.4394403106791795,1.7976914095599725
23.664108980030395,1.3358910199451657
22.86217320580724,2.1378267941927582
-1.9684268557321456,1.9684268557321456
-2.0825035765855855,2.0825035765855855
-24.782790608497706,2.220290608497706
25.0,0.0
0.0,0.0
0.0,0.0
-1.9161653337340354,1.9161653337340354
-2.6365720228453107,2.6365720228453107
-1.7801543503570425,1.7801543503570425
-1.6869824907617712,1.6869824907617712
-25.0,1.9592228344856082
2.162673170412498,-2.162673170412498
-1.8590812151272171,1.8590812151272171
2.09636925187635,-2.09636925187635
-2.1491255933668345,2.1491255933668345
1.991273126121106,-1.991273126121106
-2.0608489123211164,2.0608489123211164
-1.8713153746172342,1.8713153746172342
1.9236507408508121,-1.9236507408508121
2.0743516779076483,-2.0743516779076483
2.1617662117255847,-2.1617662117255847
2.2140460369957307,-2.2140460369957307
1.796749737770913,-1.796749737770913
1.9424854389265995,-1.9424854389265995
2.0034050397466245,-2.0034050397466245
1.923355363908934,-1.923355363908934
1.388514189352879,-1.388514189352879
1.7333289001546177,-1.7333289001546177
1.8418332213930455,-1.8418332213930455
1.9328566555392879,-1.9328566555392879
-1.9168280384113228,1.9168280384113228
-25.0,0.0
-2.405557590374489,2.405557590374489
-2.019544738801452,2.019544738801452
-1.9367344246223794,1.9367344246223794
-2.336529640041036,2.336529640041036
-2.2613404296507564,2.2613404296507564
-2.3729708235240423,2.3729708235240423
24.999999999974726,2.5274005110986764e-11
24.9999999999873,-2.4178479219752447
1.690424768199788,-1.690424768199788
1.5807504576322926,-1.5807504576322926
5.5872993524992705,-1.973295526094609
2.0346221183139157,-2.0346221183139157
2.0346221183139113,-2.0346221183139113
2.0000000000000013,-2.0000000000000013
2.0000000000000013,-2.0000000000000013
-2.0,2.0
-2.0,2.0
-24.5312535382217,2.0
2.0,-2.0
23.0,2.0
0.0,2.0
-2.0,2.0
-25.0,2.0
-25.0,2.0
-25.0,2.0
-23.757499999999993,2.0
25.0,-2.0
-25.0,0.0
0.0,0.0
0.0,0.0
0.0,0.0
2.0,-2.0
0.0,0.0
4.700831024930746,-2.0
25.0,0.0
-25.0,2.0
-2.0,2.0
-1.5152354570637137,2.0
25.0,0.0
-25.0,0.0
0.0,0.0
23.0,2.0
23.0,2.0
-22.125000000000007,2.0
-25.0,2.0
25.0,0.0
-24.562499999999996,2.0
-1.9999999999999996,1.9999999999999996
-1.9999999999999996,0.0
11.963988919686274,-2.0
2.0,-2.0
25.0,-2.0
-23.0,-2.0
25.0,0.0
2.0,-2.0
-2.0,2.0
22.86363178724423,2.1363682127554178
22.5890295324752,2.4109704675064663
25.0,-4.217071136736195e-12
-2.000986325457554,2.000986325457554
0.0,0.0
-2.00216672872107,2.00216672872107
-25.0,1.6029420704721886
23.092563433586793,1.9074365664132067
-1.2831169888466452,2.207834916301282
-1.9020200601841886,1.9020200601841886
-24.40173289446884,1.8392328944688394
22.721216552095758,2.2787834479042424
-2.226284614516933,2.226284614516933
-1.559029996260577,1.559029996260577
-24.444154198730214,1.8816541987302138
22.507908957454713,2.4920910425452867
-1.892881678258064,1.892881678258064
-2.227331056759734,2.227331056759734
-25.0,1.715690226234507
1.6423799413911553,-1.6423799413911553
2.0709737774954267,-2.0709737774954267
-25.0,1.9874679389788596
-1.9852879561642442,1.9852879561642442
-25.0,2.1433783659464822
-25.0,1.8212388846122352
-2.0076356201769627,2.0076356201769627
2.1448268490268347,-2.1448268490268347
1.8917335203144994,-2.2030325164065463
2.1241693975148532,-2.1241693975148532
1.647671480452459,-1.647671480452459
1.6934896195454119,-1.6934896195454119
-2.3564764196800425,2.3564764196800425
-2.0292050795543517,2.0292050795543517
-1.9506531162873273,1.9506531162873273
-2.006936940102909,2.006936940102909
-1.6602218447456405,1.6602218447456405
2.0636701408044207,-2.0636701408044207
-2.3564764196800425,2.6220928723675723
25.0,0.0
2.11435126993403,-2.11435126993403
1.6497227092154887,-1.6497227092154887
-1.9446521676476713,1.9446521676476713
24.99999999996251,3.7488234738702886e-11
-1.1871699920051313,1.1871699920051313
-2.092597515541625,2.092597515541625
1.471137052780377,-1.471137052780377
25.0,-2.1458846519212464
-1.4921889713621699,1.4921889713621699
-2.060724260727056,2.060724260727056
-2.1949882283452604,2.1949882283452604
-2.1958300999656553,2.1958300999656553
23.163004325467384,1.8369956744823916
4.532371889389169,-2.0552183781216926
2.0552183781216784,-1.9967685254559122
0.0,1.9967685254559122
-2.0,2.0
-2.0,2.0
-2.0,2.0
-20.562499999999996,-2.0
25.0,0.0
-2.0,2.0
-2.0,2.0
-25.0,2.0
-2.0,2.0
-23.0,-2.0
-23.0,-2.0
2.0,-2.0
2.0,-2.0
-20.0,-2.0
2.0,-2.0
2.0,-2.0
2.0,-2.0
2.0,-2.0
23.0,2.0
-22.5625,2.0
-1.9999999999999996,1.9999999999999996
2.0,-2.0
-2.0,2.0
23.0,2.0
-24.5625,0.0
11.263157894736851,-2.0
25.0,-2.0
-2.0,2.0
-2.0,2.0
25.0,-2.0
23.0,2.0
23.0,2.0
-3.0282215430984274,1.9999999999999964
-2.0,2.0
-25.0,2.0
-2.0,2.0
-2.0,2.0
-2.000646294847182,2.000646294847182
-2.000646294847182,2.000646294847182
-25.0,2.003446905646186
-25.0,2.024774637452257
-25.0,2.171582437235511
-2.17158243723551,2.17158243723551
2.0655005469017684,-2.0655005469017684
23.031234849308785,1.9687651506912154
22.686410355723716,2.313589644276284
0.7779546187713258,2.07901774998306
-1.558638684927323,1.558638684927323
22.770978099592217,2.2290219004077834
23.11271786065108,1.8872821393086525
-24.056910565711046,1.8312495121231294
-24.99999999999205,2.100661053595921
22.98845820911092,2.01154179088908
24.999999999982318,7.105427357601002e-15
0.0,0.0
0.0,-1.7443436830384265
-0.056681678310706474,1.9894724628408238
0.0,0.0
0.0,0.0
-22.622553710883057,-2.3774462891113153
24.99999999995014,-1.9009691999102074
-2.507503028749719,2.507503028749719
-25.0,2.0032409414455863
-25.0,2.347461111479703
-24.99999999997045,1.328458629202565
-2.0127693724103377,2.0127693724103377
-1.8781033639545832,1.8781033639545832
-1.6994047321506738,1.6994047321506738
-1.8003952446432994,1.8003952446432994
-21.526035979199072,2.4632772743241915
-2.2407038060000595,2.2407038060000595
-1.9857846690985532,1.9857846690985532
2.0611594367984747,-2.0611594367984747
24.999999999991797,-2.268355000873001
25.0,-1.7440293716772004
25.0,-1.7657320031373587
-23.36147195062277,-1.6385280493478476
2.3125946405393893,-2.3125946405393893
1.837653132747647,-1.837653132747647
2.098672939564059,-2.098672939564059
2.3931782670027797,-2.3931782670027797
14.57188546033747,-1.880224018921897
24.999999999988404,-1.6789492477784407
24.999999999961013,-1.957407023669841
-24.999999999958405,2.0350412987456536
-24.999999999980147,2.3656400474986334
-1.7640013972086726,1.7640013972086726
2.251116474348507,-2.251116474348507
2.412005706884484,-2.412005706884484
4.538927588516806,-2.055959729671023
1.600529509873214,-1.600529509873214
1.9555682548706141,-1.9555682548706141
2.1289105366736476,-2.1289105366736476
2.033910026359489,-2.033910026359489
22.975009931717068,2.024990068246179
24.99999999997911,-1.10803324099723
-25.0,2.0
-25.0,2.0
-25.0,2.0
-25.0,2.0
23.0,2.0
-2.0,2.0
-2.0,2.0
-24.125000000000004,2.0
-2.0,2.0
-2.0,2.0
-2.0,2.0
25.0,0.0
-25.0,0.0
0.0,0.0
0.0,0.0
0.0,0.0
2.0,-2.0
25.0,-2.0
25.0,-2.0
11.401662049861498,-2.0
-23.0,-2.0
-23.0,-2.0
2.0,-2.0
25.0,-2.0
2.0,-2.0
2.0,-2.0
-2.0,2.0
2.700831024930749,2.0
-25.0,2.0
-2.0,2.0
-2.0,2.0
-2.0,2.0
-2.0,2.0
-2.0,2.0
-2.0,2.0
-1.9313843636497474,2.0
-2.061925611806103,2.061925611806103
1.942695191860136,-1.942695191860136
-2.0583819645748878,2.0583819645748878
-2.0616134388107983,2.0616134388107983
-1.936026219531059,2.079936229573833
-2.191804395869706,2.191804395869706
-2.191804395869706,2.321861224263201
-2.3091806834948354,2.3331320162753206
22.788946863556355,2.2110531364436454
-2.0217401847252043,2.0217401847252043
0.6413109718918566,2.0392466332835184
23.778770774466224,1.2212292255337758
22.140328131972602,2.859671868027398
23.095212990001315,1.9047870099986852
-1.9956469769911962,1.9956469769911962
-25.0,1.6358532470408527
25.0,0.0
0.8882512498162274,0.0
-1.5576515705318243,1.5576515705318243
-2.094201892007968,2.094201892007968
-2.289236509680636,2.289236509680636
0.0,0.0
-2.075187316948348,2.075187316948348
-25.0,1.0297264072338201
-2.418760560987966,2.418760560987966
-2.080001708642005,2.080001708642005
-25.0,2.0163505022569304
-25.0,1.9539230905092495
-25.0,2.3161404261365206
-2.0058696699988214,2.0058696699988214
-1.9769265165788266,1.9769265165788266
-2.0277565964739956,2.0277565964739956
-2.0075125464511814,2.0075125464511814
-2.2581531357266655,2.2581531357266655
-2.1882112840858703,2.1882112840858703
-2.3161404261365206,2.316834863012446
-2.3167671554170433,2.3167671554170433
-2.028130235682525,2.028130235682525
-2.0873968616932057,2.0873968616932057
22.777150089153345,2.222849910846655
25.0,-1.6891290227688671
7.6275225089782746,-1.61706525386613
25.0,-1.6252253574591151
25.0,-1.6668293259518379
1.101949133742739,-1.598536662236517
1.751205516611245,-1.751205516611245
1.4800381233172981,-1.4800381233172981
2.2170648145876015,-2.2170648145876015
1.9928371091595025,-1.9928371091595025
-2.1837579086545036,2.1837579086545036
-1.8302838567362256,1.8302838567362256
-22.467910235591138,1.9063112307564438
1.9825358383115708,-1.9825358383115708
1.867162740879897,-1.867162740879897
2.104911830740227,-2.104911830740227
25.0,-2.03564830467268
-1.9497347969488015,1.9497347969488015
-2.042354294167891,2.042354294167891
-2.0644471792964736,2.0644471792964736
-2.028562704723676,2.028562704723676
-2.0,2.0
-2.0,2.0
2.0,-2.0
2.0,-2.0
2.0,-2.0
-2.0,2.0
2.0,-2.0
-2.0,2.0
-2.0,2.0
2.0,-2.0
-25.0,2.0
-25.0,0.0
-23.0,-2.0
-20.16282740503292,0.0
0.0,0.0
2.0,-2.0
0.0,0.0
0.0,0.0
0.0,2.0
4.700831024930748,-1.9999999999999996
25.0,-2.0
-25.0,2.0
-2.0,2.0
-2.0,2.0
25.0,0.0
23.0,2.0
23.0,2.0
23.0,2.0
-25.0,0.0
-23.0,-2.0
-25.0,2.0
2.0,-2.0
2.0,-2.0
2.0,-2.0
2.0,-2.0
2.0,-2.0
1.9486936590553805,-1.9486936590553805
-19.250000000000007,2.060528513839916
-0.12860490605337382,-1.9319236077865427
1.9291229951384743,-1.9291229951384743
1.9222223139555392,-1.9222223139555392
25.0,-1.7885980757732227
6.064807626886133,-1.5753785261821616
-23.329066638653824,-1.6709333613461759
22.857627998424945,2.1423720015579732
22.998398779215215,2.0016012207297855
23.480487399219662,1.5195126007803381
3.6874290029753585,1.5757288918335703
22.839662705788108,2.1603372942118924
-2.034285184266233,2.034285184266233
-2.222617017488636,2.222617017488636
-24.602475608412725,2.0399756084285308
24.999999999961318,2.1167068098293385e-11
-2.2441883703079597,2.2441883703079597
-2.2547922762918535,2.2547922762918535
-24.726879792721764,2.164379792743336
24.99999999995339,2.2708945834892802e-11
-1.7647941182321727,1.7647941182321727
-1.9571924335838649,1.9571924335838649
-25.0,0.5002392553229136
-2.3592313776956146,2.3592313776956146
-25.0,2.242433149634124
-25.0,2.257327595042959
-2.126048323061788,2.126048323061788
-2.1995441652147747,2.1995441652147747
-25.0,2.1440473820968897
-2.1440473820968893,2.1345782789794323
-1.9461946916774675,1.9461946916774675
-1.9963645914845998,1.9963645914845998
-2.090987458749474,2.090987458749474
-2.064496312635436,2.064496312635436
-2.1345782789794323,2.1345782789794323
-2.1345782789794323,2.1345782789794323
1.7568814243853677,-1.7568814243853677
1.712883514139369,-1.712883514139369
1.5267184096380308,-1.5267184096380308
1.5630440931629952,-1.5630440931629952
-2.1345782789794323,2.1345782789794323
1.7094229334293072,-1.7094229334293072
-2.1345782789794323,2.1345782789794323
1.855775265508525,-1.855775265508525
2.0671035821800743,-2.0671035821800743
1.3986680873035269,-1.3986680873035269
2.0566915449789374,-2.0566915449789374
2.139710768918187,-2.139710768918187
1.7820503168813921,-1.7820503168813921
24.9999999999442,-1.8912861378540882
25.0,-2.0235468439049527
1.9493983954316647,-1.9493983954316647
1.5481799428251226,-1.5481799428251226
1.732152283778778,-1.732152283778778
13.736578991001727,-2.084436623014499
2.194944048033441,-2.194944048033441
2.0741953111611786,-2.0741953111611786
1.9819482450952155,-1.9819482450952155
1.9401100075405695,-1.9401100075405695
25.0,-2.0
2.0,-2.0
2.0,-2.0
2.0,-2.0
2.0,-2.0
-2.0,2.0
2.0,-2.0
-23.0,-2.0
-25.0,0.0
-25.0,2.0
0.0,-2.0
2.0,-2.0
0.0,0.0
0.0,0.0
2.0,-2.0
0.0,0.0
23.0,2.0
25.0,0.0
25.0,0.0
25.0,0.0
-2.0,2.0
-19.812500000000004,2.000000000000007
25.0,0.0
-2.0,2.0
-2.0,2.0
-2.0,2.0
-24.5625,2.0
-2.0,2.0
-2.0,2.0
-2.0,2.0
-2.0,2.0
-2.0,2.0
-2.0,2.0
-2.0,2.0
-2.0,2.0
23.0,2.0
-2.0435171880205387,2.0435171880205387
-2.038346826777663,2.038346826777663
-2.0318838783058424,2.0318838783058424
-2.029514132176454,2.029514132176454
-2.057089374880524,2.057089374880524
-2.2137477607208953,2.2137477607208953
-2.4051856079276543,2.4051856079276543
-2.326686424354571,2.326686424354571
-24.720389704937116,2.1578897049371157
25.0,0.0
-1.5658590101731855,1.5658590101731855
-24.999999999985725,1.5003894683831014
22.968945027663136,2.0310549723249487
-1.1387888161331805,2.1771384356493817
0.0,0.0
-24.833730508025113,2.2712305080251127
22.769582001738733,2.2304179982612666
-2.1268580850626986,2.1268580850626986
-24.99999999998105,2.034862684056442
-2.2639591167032123,1.8873332622409016
22.7259268044821,2.274073195517019
-1.9840319730139555,1.9840319730139555
0.8634494962744779,-0.8634494962744779
-24.999999999971752,1.8319974216874932
-2.1684607912607987,2.1684607912607987
-25.0,2.203664926012877
-25.0,2.0887967464305603
-24.999999999993456,2.079230446627104
-2.1512127975266306,2.1512127975266306
-2.110452672989652,2.110452672989652
-2.072675350647774,2.072675350647774
1.8580417155048465,-1.8580417155048465
-2.0985719559941867,2.0985719559941867
-2.0782597420617073,2.0782597420617073
-2.2633720928471206,2.2633720928471206
2.0562629959542935,-2.0562629959542935
-1.8001143840895928,1.8001143840895928
-2.4244263704051097,2.4244263704051097
-2.4244263704051097,2.4244263704051097
1.79723130316974,-1.79723130316974
-2.412526718990291,2.412526718990291
-2.4244263704051097,2.4244263704051097
-2.4244263704051097,2.4244263704051097
-2.4244263704051097,2.4244263704051097
2.443442207759354,-2.443442207759354
1.4818589833115556,-1.4818589833115556
1.9473036175041276,-1.9473036175041276
1.7305632126347419,-1.7305632126347419
1.879879412489709,-1.879879412489709
1.8861435495583425,-1.8861435495583425
-1.963427537876159,1.963427537876159
-1.8801609041907277,1.8801609041907277
-1.89146222795405,1.89146222795405
-2.075571685661171,2.075571685661171
-2.023415723050944,2.023415723050944
-1.886794735797191,1.886794735797191
-1.8085716791729771,1.8085716791729771
-1.9058657788178581,1.9058657788178581
-2.0241283401396575,2.0241283401396575
-2.0,2.0
-2.0,2.0
-2.0,2.0
-2.0,2.0
2.0,-2.0
-2.0,2.0
2.0,-2.0
-2.0,2.0
-2.4244263704051097,2.0
-2.0,2.0
-2.0,2.0
-2.0,0.0
2.0,-2.0
2.0,-2.0
0.0,0.0
2.0,-2.0
0.0,0.0
0.0,2.0000000000000004
-1.8050000000000002,1.8050000000000002
23.0,2.0
23.0,2.0
25.0,0.0
-23.055000000000003,2.0
-25.0,2.0
23.0,2.0
-25.0,2.0
-25.0,2.0
-1.9999999999999996,1.9999999999999996
23.0,2.0
-21.81250000000001,2.0000000000000036
23.0,2.0
23.0,2.0
23.0,2.0
23.0,2.0
-25.0,2.0
23.0,2.0
-25.0,2.0
-23.68749999999999,2.0
23.0,2.0
25.0,0.0
-2.0,2.0
-2.021112299163087,2.021112299163087
-2.2539533681053214,2.2539533681053214
0.0,0.0
-2.2372124568585567,2.2372124568585567
-2.0067434934518715,2.0067434934518715
0.0,0.0
-24.34521996415291,1.7827199641791118
2.0320679637602277,-2.0320679637602277
22.99808068099609,2.001919318974881
-2.0512832436649724,2.0512832436649724
-1.9966315667974506,1.9966315667974506
0.0,0.0
-2.2348297179700563,2.2348297179700563
-2.0301259234821227,2.0301259234821227
-2.2902646486514016,2.2902646486514016
-24.705859431523017,2.1433594315271343
24.99999999998151,1.3926637620897964e-11
0.0,0.0
0.0,0.0
-23.084871641252917,-1.9151283587009118
25.0,-1.6177847618014738
1.7620587257832572,-1.7620587257832572
-20.23246622987812,2.1814384422840014
-25.0,2.1850624901477893
-2.2914726646059957,2.2914726646059957
-2.49673313102285,2.49673313102285
-2.388531760494036,2.388531760494036
-2.487483036022555,2.487483036022555
-2.4793525963532197,2.4793525963532197
-25.0,2.511960191064958
-2.604059731377646,2.604059731377646
-2.6480065186914015,2.6480065186914015
1.3842690925343781,-1.3842690925343781
-23.627177395110635,-1.3728226048893646
-2.511852896021967,2.511852896021967
-2.7484441461389775,2.7484441461389775
-2.612503851260893,2.612503851260893
-2.6586981541516206,2.6586981541516206
2.589396273682481,2.950025654875926
22.205639886934755,2.7943601130652453
1.4024202580715919,-1.4024202580715919
1.343137222230805,-1.343137222230805
1.349990219741258,-1.349990219741258
25.0,-1.4591458850053627
1.5542187603034794,-1.5542187603034794
1.7844625619067145,-1.7844625619067145
24.999999999964103,-1.8624856237265348
2.0045347934345745,-2.0045347934345745
1.8301481600642093,-1.8301481600642093
1.248566109045493,-1.248566109045493
1.2927560458610823,-1.2927560458610823
1.7380358390184558,-1.7380358390184558
-1.8516498894457123,1.8516498894457123
-1.8922753823717624,1.8922753823717624
-2.026272473293885,2.026272473293885
-2.0525653158810875,2.0525653158810875
-2.0,2.0
-2.0,2.0
-2.0,2.0
-2.0,2.0
23.0,2.0
-2.0,2.0
-25.0,2.0
-25.0,2.0
-25.0,2.0
-25.0,0.0
2.0,-2.0
-1.0000000000000082,1.0000000000000082
-1.0000000000000082,2.0
-1.9025000000000007,1.9999999999999991
-1.990493749999999,-4.440892098500626e-16
2.0,-2.0
2.0,-2.0
7.263157894736848,2.0
25.0,-2.0
25.0,-2.0
25.0,-2.0
25.0,0.0
2.0,-2.0
2.000000000000006,0.0
0.0,-2.0
2.216066481994463,-2.0
2.0,-2.0
2.0,0.0
0.0,-1.999999999999998
-2.0,2.0
2.0,-2.0
2.216066481994457,-1.9999999999999998
2.0,-2.0
2.0,-2.0
2.0,-2.0
2.0,-2.0
-24.99999999998989,2.0589463162845725
-24.999999999993864,2.0586798759676874
-2.062906033436001,2.062906033436001
-2.0624751669173205,2.0624751669173205
4.745588738281707,-1.9063933834545712
1.740637753672621,-1.740637753672621
-2.387077202620806,2.387077202620806
25.0,0.0
22.890077806325834,2.1099221936741657
-1.9624464193801199,1.9624464193801199
-1.8874512867881883,1.8874512867881883
0.0,0.0
-24.671191771990006,2.1086917719900065
22.96840918360742,2.0315908163925798
-1.9391403581745834,1.9391403581745834
-20.5162047135394,-2.0462952864606017
25.0,-2.5011104298755527e-11
-2.1068052726503215,2.1068052726753326
-2.198864419560074,2.198864419560074
-25.0,2.2249118691139813
22.65745363261857,2.342546367363486
-2.136523034396859,2.372077750077983
-2.5379672471909167,2.5379672471909167
-25.0,0.0
-2.30637657722451,2.30637657722451
-2.294930089579493,2.294930089579493
-2.1869294238958012,2.1869294238958012
-25.0,2.22280257479828
-24.999999999960714,2.2555919399357833
-24.478394514773356,2.2174996750853637
-2.2174996750853695,2.2174996750853695
1.5783721367749752,-1.5783721367749752
1.4523711497615626,-1.4523711497615626
1.288080979936483,-1.288080979936483
1.3264522118986726,-1.3264522118986726
1.4517589368692132,-1.4517589368692132
-2.217499675085366,0.0
0.0,0.0
0.0,0.0
0.0,0.0
1.2551590738635223,-1.2551590738635223
1.327431752526433,-1.327431752526433
0.0,0.0
4.1335353027668855,-1.3107694634975178
-2.5475461699406043,2.5475461699406043
1.2089811808029012,-1.2089811808029012
-2.39492591390888,2.39492591390888
-2.5475461699406043,2.741229501218923
-2.5859786231920268,2.5859786231920268
-2.5569231255505507,2.5569231255505507
-2.2058537448898523,2.2058537448898523
-1.7928404113222385,1.7928404113222385
-1.8338523636365842,1.8338523636365842
-2.396928859902564,2.396928859902564
-2.5337470806912243,2.5337470806912243
0.08088149863402494,2.144284062338773
-1.8424644475981613,1.8424644475981613
-1.8487756445882249,1.8487756445882249
-1.9793525383665613,1.9793525383665613
25.0,-1.97845683678365
23.0,2.0
23.0,2.0
-2.0,2.0
2.0,-2.0
23.0,2.0
2.0,-2.0
-25.0,2.0
-25.0,2.0
-24.195000000000004,2.0
-25.0,2.0
-1.9999999999999996,0.0
0.0,0.0
2.0,-2.0
0.0,0.0
0.0,0.0
2.0,-2.0
0.0,2.0000000000000004
-1.8050000000000002,0.0
0.0,0.0
2.0,-2.0
2.0,-2.0
25.0,-2.0
25.0,-2.0
25.0,-2.0
13.886426592797783,-2.0
2.0,-2.0
2.0,-2.0
-23.0,-2.0
-25.0,2.0
-25.0,2.0
25.0,-2.0
2.0,-2.0
2.0,-2.0
-1.9999999999999847,1.9999999999999847
25.0,-2.0
25.0,-2.0
2.0,-2.0
10.968387974120567,-2.0
25.0,-2.0
-2.0,2.0
-2.0256363630933616,2.0256363630933616
1.7181845598570515,-1.7181845598570515
-2.3299876403684245,2.3299876403684245
1.9364546685764674,-1.9364546685764674
2.0787034386218326,-2.0787034386218326
2.0787034386218437,-1.9495934199509808
1.9495934199509795,-8.659739592076221e-15
0.0,0.0
0.0,-1.2353069663212723
-24.999999999956415,1.6334441577520877
25.0,-2.3381415902751215
4.597823372574958,-1.977166983704584
-0.7335863072742281,2.710753290978804
-1.968667322857904,1.968667322857904
-24.11295834040937,1.7368847841087423
-25.0,2.25107355633131
22.59184018925225,2.4081598107406315
22.85526845419035,2.1447315457827685
-2.082028322659875,2.082028322659875
-24.9999999999862,3.4713565355559695e-11
-2.267209468502264,2.267209468502264
-23.900875790156697,1.9104515571212062
-25.0,2.066644738084463
-24.99999999999989,2.0856845590365616
-2.132960017272234,2.132960017272234
-2.161905064134162,2.161905064134162
-2.161905064134162,2.161905064134162
-2.0015494666502303,1.9048406575201824
1.7725490252510419,-1.7725490252510419
1.9314245822890381,-1.9314245822890381
1.8541147169314414,-1.8541147169314414
1.9317445739760668,-1.9317445739760668
1.3441931316832818,-1.3441931316832818
2.085813313088149,-2.085813313088149
-2.065196255004114,2.065196255004114
-2.065196255004114,2.065196255004114
-2.065196255004114,2.065196255004114
-2.065196255004114,2.065196255004114
-2.065196255004114,2.065196255004114
-2.065196255004114,2.065196255004114
1.9279368622445752,-1.9279368622445752
1.5016473449753232,-1.5016473449753232
-2.065196255004114,2.065196255004114
2.067562386064079,-1.749121468188003
-2.3525891833872725,2.3525891833872725
-2.134643918299849,2.134643918299849
-2.2695876315727563,2.2695876315727563
-1.3196818946860533,1.3196818946860533
-1.449726326951879,1.449726326951879
-2.0946159246444433,2.0946159246444433
-2.0369333205993057,2.0369333205993057
23.00014374380024,1.9998562561997595
2.0945061444589155,-2.0945061444589155
4.676154210380966,-2.0197433332477503
2.0031433502925142,-2.0031433502925142
2.0,-2.0
23.0,2.0
25.0,0.0
2.0,-2.0
2.0,-2.0
25.0,0.0
0.0,0.0
-2.0,2.0
-25.0,2.0
-25.0,2.0
-25.0,2.0
-25.0,2.0
-2.999999999999998,2.0
-2.0,2.0
0.0,-2.0
2.0,-2.0
2.0,-2.0
2.0,-2.0
2.0,-2.0
25.0,-2.0
2.0,-2.0
-18.7575,-2.0
2.0,-2.0
0.0,0.0
2.0,-2.0
0.0,2.0
-1.8049999999999982,1.9999999999999998
-1.9809874999999986,1.9999999999999998
25.0,-2.0
-22.755646281249998,2.0
2.0,-2.0
-2.0,2.0
-2.0,2.0
-2.0,2.0
-2.0,2.0
2.0,-2.0
-2.0,2.0
1.9890129875979048,-1.9890129875979048
25.0,-1.9732864804716144
10.518445252297234,-1.9704858678235464
-2.0221894555981113,2.0221894555981113
25.0,-1.9670389627937155
25.0,-1.736883746167262
25.0,-1.7282592882667878
1.9046005059680786,-1.9046005059680786
-2.0505419611473794,2.0505419611473794
-1.9593332852651546,1.9593332852651546
-1.6945363773618665,1.6945363773618665
1.9046005059680744,-1.8746579307800086
-2.354302748338543,2.354302748338543
1.874657930780006,-1.874657930780006
1.8746579307800086,0.0
-22.998855098769337,-2.0011449012234266
25.0,-1.9056756173085887e-11
0.507901283553629,2.192929741388147
-25.0,1.9292414437378653
-25.0,2.091768819121363
24.999999999990784,-2.2211565919860732e-11
25.0,0.0
-2.04256015666995,2.04256015666995
-25.0,0.0
1.5721364013353636,-1.5721364013353636
-1.80665307023882,1.80665307023882
-1.9555994177691307,1.9555994177691307
-22.744731220082414,2.060304232191122
-25.0,1.8552671919226071
-25.0,2.032199873548379
-2.151392674510463,2.151392674510463
-2.2443739276176053,2.2443739276176053
-2.349050340410564,2.349050340410564
-2.349050340410564,2.349050340410564
-2.1170513181334893,2.1170513181334893
-1.9357738184139688,1.9357738184139688
-2.2836956674312106,2.2836956674312106
-1.9521413616483176,1.9521413616483176
-1.8805427483143067,1.8805427483143067
-1.9875537750132537,1.9875537750132537
-2.126480658970305,2.126480658970305
-2.349050340410564,2.349050340410564
-2.108637493321199,2.108637493321199
-1.8571978715491024,1.8571978715491024
-1.9187991114657645,1.9187991114657645
-2.2051449664588123,2.2051449664588123
-2.2562281364259746,2.2562281364259746
-2.349050340410564,2.488373584879367
-2.2614029132346145,2.2614029132346145
-2.441965323049975,2.441965323049975
22.933608351936023,2.066391648012477
24.99999999996596,3.40385497565876e-11
4.716125139618313,-2.1951163512495357
-1.9330292743290376,1.9330292743290376
-2.270378932514801,2.2703789325148014
-1.894825138617622,1.894825138617622
-2.020702657438182,2.020702657438182
-1.9988765577851717,1.9988765577851717
-2.006423018542679,2.006423018542679
-2.03306416569085,2.03306416569085
23.0,2.0
25.0,-2.0
2.0,-2.0
2.0,-2.0
2.0,-2.0
2.000000000000006,-2.000000000000006
2.0,-2.0
-25.0,2.0
-25.0,2.0
-23.0,-2.0
2.0,-2.0
5.1080332409972184,-2.0
2.000000000000011,-1.9999999999999998
2.0,-2.0
2.0,-2.0
-23.0,-2.0
13.88642659279778,-1.9999999999999982
25.0,-2.0
25.0,-2.0
25.0,-2.0
-23.0,-2.0
-25.0,2.0
-25.0,2.0
-2.0,2.0
-1.9999999999999996,1.9999999999999996
-1.9999999999999996,1.9999999999999996
-1.515235457063713,2.0
23.0,2.0
-25.0,2.0
-1.9999999999999996,0.0
2.0,-2.0
2.0,-2.0
23.0,2.0
11.254540630929561,-2.0
25.0,-2.0
25.0,-2.0
25.0,-1.9541130658500734
1.962084034810179,-1.962084034810179
1.962730329657361,-1.962730329657361
1.9627303296573624,-1.9564828119794615
1.9082571010632554,-1.9082571010632554
1.7721971310397389,-1.7721971310397389
1.9564828119794548,0.0
0.0,0.0
-2.1110844514486646,2.1110844514486646
-1.7369419029404503,1.7369419029404503
0.0,0.0
-24.38009653342389,1.817596533476408
24.999999999941817,-2.0720025476135007
1.8951878905350217,-1.8951878905350217
-25.0,1.80240923571494
-22.658336607725587,-2.3416633922744126
24.99999999994995,-1.8221363760894747
1.8123409698118707,-1.8123409698118707
2.286223412414577,-2.286223412414577
-17.93040387337243,1.954955016363881
24.999999999961737,3.505107315504574e-11
24.99999999997204,9.805489753489383e-12
0.0,0.0
-24.60630477912884,2.0438047791686245
24.999999999955918,0.0
-1.9293443207496708,1.9293443207496708
-2.307366847356569,2.307366847356569
-24.999999999983693,2.051285137106909
-3.0377855273667898,2.1514627318620647
-24.99999999995609,1.8987570285826934
-25.0,2.029921431753131
-24.999999999950365,1.9343650976142541
-1.763990036557061,1.763990036557061
-2.0280058996621193,2.0280058996621193
-2.0280058996621193,2.0280058996621193
-2.0280058996621193,2.0280058996621193
1.9107677619243653,-1.9107677619243653
-1.8918406523431646,2.0007826226665104
-2.126326027878939,2.126326027878939
-2.126326027878939,2.126326027878939
-2.126326027878939,2.126326027878939
2.20933262887195,-2.20933262887195
1.8026837847955317,-1.8026837847955317
2.2005336678297436,-2.1843776953145952
-2.14090679307386,2.14090679307386
-2.14090679307386,2.14090679307386
-1.997207173145723,1.997207173145723
-1.8605442408206994,1.9636831525373992
-2.2339896608981817,2.2339896608981817
-1.8552684542172315,1.8552684542172315
23.395004807299493,1.6049951926771548
25.0,0.0
2.3710789594572175,-2.3710789594572175
-2.0856378541354945,2.0856378541354945
-1.8182693365106801,1.8182693365106801
23.058569681534138,1.9414303184082655
23.005421594854223,1.9945784051457771
-1.2292924279420314,2.0179501648417926
-1.9507457272936426,1.9507457272936426
1.9991653535987073,-1.9991653535987073
1.9991653535987104,0.0
-2.0,2.0
-2.0,2.0
-2.0,2.0
0.0,0.0
0.0,0.0
-2.0,2.0
-25.0,2.0
-3.0000000000000018,2.0
-25.0,2.0
-2.0,2.0
-25.0,2.0
-2.0,2.0
-25.0,0.0
0.0,0.0
2.0,-2.0
0.0,2.0000000000000004
-1.8050000000000002,1.999999999999988
2.0,-2.0
25.0,-2.0
2.0,-2.0
2.0,-2.0
4.505831024930761,-2.0
2.0,-2.0
-25.0,2.0
-2.0,2.0
0.0,-2.0
2.0,-2.0
2.0,-2.0
2.0,-2.0
25.0,-2.0
2.700831024930749,2.0
-25.0,2.0
-1.9999999999999996,1.9999999999999996
-1.9999999999999996,0.0
2.0,-2.0
4.216956256340858,-1.985135218514813
1.9894438504184564,-1.9894438504184564
1.9900901452656385,-1.9900901452656385
-2.0142184866380055,2.0142184866380055
22.90994958789088,2.0900504120868106
22.639724034042732,2.3602759659431882
24.999999999962892,2.240341245851596e-11
25.0,-4.574474132823525e-11
-1.9752344106361548,1.9752344106361548
2.5021900306798184,-2.5021900306798184
3.0313368570076413,-2.0505044078823333
0.0365831916281385,2.013921216254195
-2.252819309795478,2.252819309795478
-2.122878701262426,2.122878701262426
-3.797914088619244,1.8656249504549367
2.1410405963039416,-2.1410405963039416
2.1410405963039407,8.881784197001252e-16
0.0,0.0
0.0,0.0
-24.999999999973525,1.9259777809890544
22.545599181441176,2.45440081853242
-1.3109410533976966,1.8777246755675625
-2.010985750107471,2.010985750107471
-1.8461016706620814,1.8461016706620814
-1.8202643931629687,1.8202643931629687
-1.9605962110358686,1.9605962110358686
-25.0,1.9867616851370684
-24.999999999976602,1.9779010080280912
-2.916941013858672,2.224595664310817
-25.0,1.7276826563041325
-24.999999999944833,2.1515536170749456
-1.9899388807041696,1.9899388807041696
-1.910418106313685,1.910418106313685
-2.062725313278805,2.062725313278805
-2.1515536170749483,2.1515536170749483
-1.84034686947399,1.84034686947399
1.6020616199723694,-1.6020616199723694
2.401828772056959,-2.401828772056959
1.5475835086155652,-1.5475835086155652
2.0616536251435367,-2.0616536251435367
1.173235521657391,-1.173235521657391
2.011911643213738,-2.011911643213738
1.737332898700048,-1.737332898700048
7.728239381452237,-2.0097392341668625
2.310744116621482,-2.310744116621482
1.4773589029791268,-1.4773589029791268
-2.30316025052408,2.30316025052408
-2.310522583915075,2.310522583915075
-1.6317558386932873,1.6317558386932873
-2.211207767535015,2.211207767535015
-2.0044988180378063,2.0044988180378063
-1.6627622126752355,1.6627622126752355
2.505626627792031,-2.505626627792031
-1.9922510888805887,1.9922510888805887
-2.3713102749469552,2.3713102749469552
-2.2910475868915654,2.2910475868915654
-1.9525823758323697,1.9525823758323697
-1.9210441813469006,1.9210441813469006
-1.9773384733323471,1.9773384733323471
-2.0091512834647243,2.0091512834647243
23.0,2.0
23.0,2.0
23.0,2.0
-2.0,2.0
-2.0,2.0
-2.0,2.0
-2.0,2.0
-25.0,0.0
-25.0,0.0
-25.0,2.0
-2.0,2.0
-2.0,2.0
-2.0,2.0
-2.0,0.0
2.0,-2.0
0.0,0.0
2.0,-2.0
0.0,0.0
2.0,-2.0
25.0,-2.0
-20.7575,0.0
0.0,0.0
0.0,2.0
-1.805,2.0
-1.9809875,1.9809875
-1.9809875,2.0
-1.99814628125,2.0
0.484964806180749,2.0
-2.0,2.0
-2.0,2.0
25.0,-2.0
-25.0,2.0
4.484764542936289,-1.9999999999999996
2.0,-2.0
25.0,-2.0
-25.0,2.0
-1.9999999999999996,2.031883878305842
25.0,-1.9717784575179103
-2.0260672246812037,2.0260672246812037
22.964238352607936,2.0357616473889344
25.0,-1.8653552335959525
25.0,-3.275602011854062e-12
4.466796133035168,2.3855450925216513
-2.183504503008856,2.183504503008856
0.0,0.0
-23.960892907075625,1.3983929070756247
23.035281134724098,1.964718865275902
-1.8279700706915296,1.8279700706915296
-2.5268369643490622,2.5268369643490622
-1.9514319520699672,1.9514319520699672
-1.7988236878371637,1.7988236878371637
-1.867143490886889,1.867143490886889
-2.0909230817236804,2.0909230817236804
-1.8509166935030503,1.8509166935030503
-24.41878965056756,1.856289650567561
23.034908126662884,1.9650918733371157
0.0,0.0
-1.956321450293716,1.956321450293716
-1.759637013548259,1.759637013548259
0.0,-2.138909211832326
2.3699825061854085,0.0
-1.8840064847609224,1.8840064847609224
-1.977888385081858,1.977888385081858
-24.999999999966423,2.0354540690875034
-2.0625757313659303,2.0625757313659303
-1.888781114173943,1.888781114173943
-1.9570295975774439,1.9570295975774439
-1.8975868814667969,1.8975868814667969
-2.0362341671647695,2.0362341671647695
-1.9247401011108067,1.9247401011108067
-2.216104208379191,2.216104208379191
-1.7722529437120702,2.2177331995906937
-2.3683003334174533,2.3683003334174533
24.999999999942908,-1.2971871733497125
-2.1486320361690847,2.1486320361690847
-2.3331145019374198,2.3331145019374198
1.297187173349709,-1.297187173349709
1.2971871733497107,-1.2971871733497107
-3.117997217031661,2.304785454851711
-1.8994677004556682,1.8994677004556682
2.1982528378150334,-2.1982528378150334
1.8037037188512404,-1.8037037188512404
1.6186790975421506,-1.6186790975421506
2.0455700981994536,-2.0455700981994536
1.981959916389643,-1.981959916389643
1.6232227270390869,-1.6232227270390869
-2.1166921953131315,2.1166921953131315
2.198252837815026,-2.198252837815026
-1.1481890717398402,1.1481890717398402
-1.774077032892671,1.774077032892671
-2.347385689375953,2.347385689375953
2.198252837815026,0.0
0.0,0.0
-1.9007035855087466,1.9007035855087466
-1.9766533579946572,1.9766533579946572
-2.021244845029383,2.021244845029383
-2.0,2.0
-2.0,2.0
-3.0000000000000018,2.0
-25.0,2.0
-2.0,2.0
-2.0,2.0
-25.0,2.0
-25.0,2.0
-25.0,2.0
-2.0,2.0
-2.0,2.0
-2.0,2.0
-2.0,2.0
-2.0,2.0
-2.0,2.0
-2.0,0.0
0.0,0.0
0.0,0.0
0.0,0.0
0.0,0.0
0.0,2.0
-1.8049999999999988,2.0
23.0,2.0
-24.5434875,2.0
-2.0,2.0
-2.0,2.0
25.0,-2.0
25.0,-2.0
-2.0,2.0
13.52948620954929,-2.0
2.0,-2.0
2.0,-2.0
-2.0,2.0
25.0,-2.0
-25.0,2.0
25.0,-2.0
25.0,-1.9640229218171434
1.9663926679465324,-1.9663926679465324
-2.0333918987941275,2.0333918987941275
-2.040285711319209,2.040285711319209
-2.1488670848813025,2.1488670848813025
-11.869314760681307,-1.6060158564969438
-23.378182759130656,-1.621817240869344
22.853312213124614,2.146687786875386
-25.0,0.0
-23.043388221942898,-1.956611778057102
24.999999999974403,2.559730205575761e-11
25.0,0.0
25.0,0.0
-1.8625323286275997,1.8625323286275997
-1.8112837980647711,1.8112837980647711
-24.57219884069501,2.00969884073891
22.54150682224987,2.458493177701495
-2.2205045674363735,2.2205045674363735
-2.2323158582275493,2.2323158582275493
0.0,0.0
0.0,0.0
-2.0442232298362804,2.0442232298362804
-2.139327031352673,2.139327031352673
-3.3723068565521395,2.07579321836758
-2.082113527546955,2.082113527546955
-1.9213035039985957,1.9213035039985957
-25.0,1.9867597916951283
-25.0,1.8898483842780323
-2.1345871150417963,2.1345871150417963
-2.2842775852526014,2.2842775852526014
-2.3254220785024042,2.3254220785024042
-2.1699982661121044,2.1699982661121044
-25.0,2.4199054622113927
-25.0,2.329677273677895
-2.2448308782712747,2.2448308782712747
-2.1982648296139597,2.1982648296139597
1.7464188953992998,-1.7464188953992998
1.749616287680377,-1.749616287680377
1.602731898417396,-1.602731898417396
1.5461236648836003,-1.5461236648836003
1.357466790795673,-1.357466790795673
-2.329677273677895,2.329677273677895
1.4826169912329092,-1.4826169912329092
1.6009072515392688,-1.6009072515392688
1.8865866149711579,-1.8865866149711579
1.2832400800557355,-1.2832400800557355
-2.329677273677895,2.329677273677895
1.5494024751678879,-1.5494024751678879
1.9985837054325426,-1.9985837054325426
1.6896541373322016,-1.6896541373322016
-2.329677273677895,2.329677273677895
2.275537457280162,-2.275537457280162
-1.8089536021899706,1.8089536021899706
-2.137968486764235,2.137968486764235
1.3818413843999164,-1.3818413843999164
1.7582123562789211,-1.7582123562789211
24.99999999995197,-2.182632178530671
24.999999999995577,-2.208447227810403
2.0457642351678618,-2.0457642351678618
1.9633766269699624,-1.9633766269699624
25.0,0.0
25.0,0.0
7.072877441099458,-2.0
-2.0,2.0
0.0,2.0
-2.0,2.0
-25.0,2.0
-25.0,1.0
-25.0,2.0
-25.0,0.0
0.0,0.0
0.0,0.0
0.0,0.0
0.0,0.0
0.0,0.0
0.0,0.0
0.0,0.0
0.0,0.0
2.0,-2.0
23.0,2.0
-17.6875,-2.0000000000000036
-2.0,2.0
23.0,2.0
23.0,2.0
-25.0,2.0
-2.0,2.0
-25.0,2.0
-2.0,2.0
25.0,0.0
25.0,0.0
-2.0,2.0
23.0,2.0
-21.812500000000004,2.0
-2.0,2.0
25.0,0.0
23.0,2.0
-2.0236974760863964,2.0236974760863964
-2.0243437733989977,2.0243437733989977
-2.022404886392032,2.022404886392032
-2.0329610372062854,2.0329610372062854
-2.146493492120151,2.146493492120151
-2.344381664852497,2.344381664852497
-2.321666594210955,2.321666594210955
-2.1424635179181704,2.1424635179181704
-2.0473044910120084,2.0473044910120084
-1.9461890113516649,1.9461890113516649
-1.7809458090859156,1.7809458090859156
-1.5356175867330215,1.5356175867330215
-2.3946936516981765,2.3946936516981765
-1.8569801257265635,1.8569801257265635
-2.047101892724953,2.047101892724953
-1.8562467325503675,1.8562467325503675
-2.5317485527287236,2.5317485527287236
-2.0559966517887585,2.0559966517887585
-2.0396631905092413,2.0396631905092413
-2.005222112857016,2.005222112857016
-2.7954210716962127,2.7954210716962127
-2.19901463262026,2.19901463262026
0.0,0.0
-25.0,0.0
25.0,0.0
2.6689144569548766,-2.002664703950005
-24.99999999997378,2.384314434157247
-24.99999999997534,2.1187390060449793
-25.0,2.3331561576599924
-25.0,2.3579981158485523
-2.325079996659465,2.325079996659465
-2.3579981158485506,2.3579981158485506
-2.3579981158485506,2.3579981158485506
1.6708186507593634,-1.4942932164993856
-2.5173123202681804,2.5173123202681804
-2.5173123202681804,2.5173123202681804
-2.5173123202681804,2.5173123202681804
1.2353517777804033,-1.2353517777804033
-2.5173123202681804,2.8375129170608844
-2.806293358873596,2.8955235599212763
-2.820753431345967,2.820753431345967
1.3647780012544182,-1.3647780012544182
-2.819483562954824,2.819483562954824
25.0,-1.2360820152200418
-2.2002276977533484,2.2002276977533484
1.3563446108754675,-1.3563446108754675
1.1024813834264329,-1.1024813834264329
8.516162340392093,-1.2706852977313758
1.531257621103789,-1.531257621103789
1.2349920238127332,-1.2349920238127332
1.3593412983114224,-1.3593412983114224
24.999999999975472,-1.944933659348692
2.268793017107323,-2.268793017107323
1.8937368828654213,-1.8937368828654213
1.516727347693803,-1.516727347693803
1.6339935714869256,-1.6339935714869256
2.004146716731291,-2.004146716731291
2.16461116740314,-2.16461116740314
2.0833745007056734,-2.0833745007056734
1.9633766269699624,-1.9633766269699624
25.0,-2.0
2.0,-2.0
2.0,-2.0
2.0,-2.0
23.0,2.0
0.0,0.0
-2.0,2.0
-2.0,2.0
-25.0,2.0
-25.0,0.0
-25.0,2.0
-2.0,2.0
-24.0,1.9999999999999964
-2.0,2.0
-1.9999999999999996,1.9999999999999996
-1.9999999999999996,0.0
0.0,2.0000000000000004
-1.8050000000000002,2.0
25.0,-2.0
25.0,0.0
-23.0,-2.0
-20.300987499999998,0.0
2.0,-2.0
25.0,0.0
-20.5625,-2.0
0.0,0.0
2.0,-2.0
23.0,2.0
-2.0,2.0
0.7008310249307468,2.0
-25.0,2.0
-2.0,2.0
-2.0,2.0
-2.0,2.0
-2.0,2.0
-1.9872718684661859,2.0
-2.0114871387092674,2.0114871387092674
-2.009425624217393,2.009425624217393
25.0,0.0
22.96599705691915,2.034002943077784
-2.161535049091837,2.161535049091837
0.6464676384064705,2.387895642897255
22.666395096566056,2.333604903398612
22.885899611065625,2.1141003888776275
-2.085205833800634,2.085205833800634
-1.9981860826261704,1.9981860826261704
-1.9316726231825356,1.9316726231825356
-24.102846142392288,1.5403461423922877
25.0,0.0
-1.8877839014214555,1.8877839014214555
0.0,0.0
-25.0,1.7718219435479625
-1.7298860387704185,2.4674794531254953
22.625794021183168,2.3742059788130447
-2.3387784179126285,2.3387784179126285
-24.63753205470967,2.07503205470967
22.365537271470394,2.6344627285296056
-2.1528310592338293,2.1528310592338293
0.0,0.0
-23.03887741210617,-1.9611225878938292
22.774828098193595,2.225171901806405
-24.999999999967578,2.1669283655879887
-24.99999999994327,2.1115792709410357
-25.0,1.9739550750353416
-23.724003023385777,2.266317657350836
-2.3572773456185896,2.3572773456185896
-2.3572773456185883,2.3572773456185883
-2.306533101757811,2.306533101757811
1.6956090122181013,-1.6956090122181013
1.7174908895147851,-1.7174908895147851
1.5948406635791965,-1.5948406635791965
24.99999999994665,5.335110131454712e-11
5.84874097220907,-1.4920166681460767
25.0,-1.5670039113966112
1.5294626381493064,-1.5294626381493064
-2.6198926928389845,2.6198926928389845
1.7959058938151706,-1.7959058938151706
1.5178097653333698,-1.5178097653333698
-23.615779505808625,-1.384220494191375
1.355014152342397,-1.355014152342397
-23.559729837645683,-1.4402701623543166
1.5336029645140723,-1.5336029645140723
1.3355602987538298,-1.3355602987538298
1.8319160036842828,-1.8319160036842828
1.5410789044211732,-1.5410789044211732
1.6687865137654239,-1.6687865137654239
1.833777257106492,-1.833777257106492
4.894606196010405,-2.4074390405106696
-1.6044208486235032,1.6044208486235032
-1.932175332016305,1.932175332016305
-2.244668357838511,2.244668357838511
25.0,-5.072919861959235e-11
-1.9605509262162535,1.9605509262162535
8.982384445071409,-2.1401224939223047
24.999999999961695,-2.067900469761998
25.0,-1.9983707420609598
25.0,-2.0
2.0,-2.0
2.0,-2.0
2.0,-2.0
0.0,2.000000000000006
-2.0,2.0
-25.0,2.0
-25.0,2.0
-25.0,1.0
-25.0,2.0
-2.0,2.0
-2.0,0.0
0.0,0.0
0.0,0.0
25.0,-2.0
-20.7575,0.0
0.0,2.0000000000000004
-1.8050000000000002,2.0
-1.9809875,1.9809875
-1.9809875,2.0
-1.9981462812500002,1.9981462812500002
2.0,-2.0
2.0,-2.0
25.0,0.0
2.0,-2.0
-1.9999999999999847,1.9999999999999847
2.0,-2.0
2.0,-2.0
2.0,-2.0
-2.0,2.0
5.533909937673458,-1.9999999999999996
-2.0,2.0
-2.0,2.0
-2.0,2.0
-2.0,2.0
-2.0,2.0
-25.0,2.0
-2.0,2.0
-2.0,2.0
-2.0061996047214326,2.0061996047214326
-2.1620499124421957,2.1620499124421957
-2.3273065265883175,2.3273065265883175
22.74795842147904,2.2520415785206325
24.99999999994328,5.671907388205e-11
22.92430965864423,2.07569034135577
23.018329149079115,1.9816708509208851
-1.9749030582975111,1.9749030582975111
-1.9711319531100973,1.9711319531100973
-1.8113910931077601,1.8113910931077601
-2.063895460394699,2.063895460394699
-2.075405693918194,2.075405693918194
-2.1321458372401345,2.1321458372401345
-2.459125587307817,2.459125587307817
-2.432467187156181,2.432467187156181
-2.352957773417309,2.352957773417309
-2.393988660151006,2.393988660151006
-2.456184440835292,2.456184440835292
0.0,0.0
-2.357916066698033,2.357916066698033
-24.999999999946297,-2.8975932764296886e-11
22.443400021833,2.5565999781269575
-2.4968290654142287,2.4968290654142287
-24.656367914110273,2.475981007414113
-25.0,2.4400346434234805
-25.0,2.3444675797803036
-24.999999999974833,2.4800683174046902
-2.5219878595532617,2.5219878595532617
-2.6466836339260738,2.6466836339260738
1.089676035619327,-1.089676035619327
-2.6466836339260738,2.6466836339260738
-2.617746791979199,2.617746791979199
1.3126187251208048,-1.3126187251208048
1.3204449517858947,-1.3204449517858947
1.194218645182211,-1.194218645182211
0.981530837201257,-0.981530837201257
0.8879209613716625,-0.8879209613716625
0.6715504088269348,-0.6715504088269348
0.7771501901369149,-0.7771501901369149
1.064076700656729,-1.064076700656729
3.291860269898187,-0.9613158199547782
1.6645502530092848,-1.6645502530092848
1.3127058234498161,-1.3127058234498161
-2.6080624676284536,2.6080624676284536
-2.9075929899629376,2.9075929899629376
-2.319657810104637,2.319657810104637
-2.462109651797542,2.462109651797542
-2.0109876435494076,2.0109876435494076
-1.879122666862978,1.879122666862978
-2.0128337494361324,2.0128337494361324
-2.4515164753179493,2.4515164753179493
-2.5471507561498234,2.5471507561498234
25.0,0.0
22.992079022344736,2.007920977655264
25.0,0.0
-1.9975669764217754,1.9975669764217754
-2.0595944971774336,2.0595944971774336
25.0,0.0
-2.0,2.0
-2.0,2.0
0.0,0.0
-2.0,2.0
-2.0,2.0
-25.0,2.0
-25.0,2.0
-25.0,1.0
-25.0,0.0
0.0,0.0
2.0,-2.0
0.0,0.0
2.0,-2.0
2.0,-2.0
2.0,-2.0
2.0,-2.0
2.0,-2.0
2.0,-2.0
2.0,-2.0
25.0,-2.0
25.0,0.0
25.0,-2.0
11.263157894736855,-2.0
2.0,-2.0
2.0,-2.0
25.0,-2.0
2.0,-2.0
2.0,-2.0
-23.0,-2.0
2.0,-2.0
-13.886170784322221,-2.0
-2.0,2.0
-2.0,2.0
2.0,-2.0
-2.0,2.0
-23.017958334008267,-1.9820416659917335
-25.0,0.0
1.9824820712172457,-1.9824820712172457
-2.036091081631451,2.036091081631451
-2.1569200728290663,2.1569200728290663
-2.30882921567778,2.30882921567778
-2.30882921567778,2.30882921567778
-2.119392559086244,2.119392559086244
0.532476504246131,2.1724218717890373
-1.8909762445240403,1.8909762445240403
23.164668858203417,1.8353311417879006
23.324102349445564,1.6758976505263625
22.703122820945794,2.296877179036091
23.014533429146546,1.985466570853454
-2.225597295094488,2.225597295094488
-24.758456092712713,2.195956092747757
25.0,-3.8824055081931874e-11
-2.3198465231508383,2.3198465231508383
-2.311791821158904,2.311791821158904
-24.999999999989804,2.5353012809462854
22.390114439747933,2.5015184899401675
0.0,0.0
-2.366550161922106,2.366550161922106
-25.0,2.8762769943568856e-11
22.757745465029604,2.242254534944909
-2.5109730766694547,2.5109730766694547
-2.5903068863360197,2.4889536092588194
-25.0,2.5255929729976963
-24.999999999999996,2.531205134893348
-24.999999999961517,2.591800325995159
-25.0,2.4389528569312198
-2.5486980137844597,2.5486980137844597
-2.5486980137844597,2.5486980137844597
-2.5486980137844597,2.5486980137844597
1.5430531332121706,-1.5430531332121706
1.322850885338104,-1.322850885338104
1.6044612420514586,-1.6044612420514586
-2.5486980137844597,2.5486980137844597
0.9596899844798372,-0.9596899844798372
-2.5486980137844597,2.5486980137844597
0.9032559476040678,-0.9032559476040678
-2.5486980137844597,2.5486980137844597
1.1383406490880539,-1.1383406490880539
-2.503734448151551,2.503734448151551
-2.429384663685834,2.429384663685834
-2.1714536918128875,2.1714536918128875
-2.3425949657064855,2.3425949657064855
24.9999999999989,-4.871480996371247e-11
-2.1337142383097127,2.1337142383097127
-2.669178355262421,2.669178355262421
-2.651287853564938,2.651287853564938
-2.1765186489892905,2.1765186489892905
-1.5469744514597732,1.5469744514597732
-2.1928391717489175,2.1928391717489175
4.0931212913911175,-1.5890208542179978
1.574108578897605,-1.574108578897605
24.999999999974627,2.5373481093993178e-11
24.999999999944603,-2.0649846628678645
2.0258131952845013,-2.0258131952845013
-2.065904348048621,2.065904348048621
25.0,0.0
2.0,-2.0
2.0,-2.0
-24.195000000000004,2.0
-2.0,2.0
-2.0,2.0
-25.0,2.0
-25.0,2.0
-25.0,2.0
-1.9999999999999996,0.0
0.0,0.0
0.0,0.0
0.0,0.0
0.0,0.0
0.0,0.0
0.0,0.0
0.0,0.0
2.0,-2.0
2.0,-2.0
0.0,0.0
2.0,-2.0
2.0,-2.0
2.0,-2.0
2.0,-2.0
2.0,-2.0
2.0,-2.0
2.0,-2.0
2.0,-2.0
2.0,-2.0
2.0,-2.0
2.0,-2.0
2.0,-2.0
0.0,0.0
0.0,0.0
0.0,0.0
0.0,0.0
1.99499940813865,-1.99499940813865
0.0,0.0
0.0,0.0
4.415883366532194,-1.9787839165508445
-2.199482253608168,2.199482253608168
-2.199482253608168,2.351777646284547
-2.177205179477594,2.177205179477594
-2.0030130972660616,2.0030130972660616
22.879309486467243,2.1206905135327574
23.157292008432936,1.8427079915670639
-2.1782644024534576,2.1782644024534576
-1.692887505010047,1.692887505010047
22.715801939259517,2.2841980606913275
1.1929006958784711,1.9679074214946164
-25.0,1.9979418286165433
23.03381119263515,1.9661888073648512
22.651221052933465,2.348778947066535
-2.1643065796551824,2.1643065796551824
-2.2703828771854973,2.2703828771854973
-2.061888411943489,2.061888411943489
-2.343147219604221,2.343147219604221
0.0,0.0
0.0,0.0
-21.986373485378703,-1.7185556350296274
25.0,0.0
-1.9387332681585399,1.9387332681585399
-25.0,2.032360816112856
-24.99999999998136,2.1025002168622144
-25.0,2.240534027373215
-25.0,2.066511566001701
-1.6878635724089044,1.6878635724089044
-2.064287402875263,2.064287402875263
-2.2994775059603025,2.2994775059603025
-2.2994775059603025,2.1723953636019466
-1.8440687451710929,1.8440687451710929
-2.1540075178228424,2.1540075178228424
-1.9900960363847835,1.9900960363847835
-2.0557221027081667,2.0557221027081667
1.8990814383009074,-1.8990814383009074
1.5926139758635127,-1.5926139758635127
-1.9181843739841682,1.9181843739841682
2.194146593405107,-2.194146593405107
1.6538365273931568,-1.6538365273931568
1.996687738908192,-1.996687738908192
-2.1723953636019466,2.1723953636019466
2.1241107008148665,-2.1241107008148665
-2.1723953636019466,2.1723953636019466
2.520239265926194,-2.520239265926194
1.7989114173134917,-1.7989114173134917
2.0649977591745845,-2.0649977591745845
2.310870030510166,-2.310870030510166
2.1122706928210073,-2.1122706928210073
2.7390111762051204,-2.7390111762051204
1.9788849666870352,-1.9788849666870352
-2.1609305726848937,2.1609305726848937
-1.920050992158525,1.920050992158525
-1.871163780922305,1.871163780922305
-2.0317958307904407,2.0317958307904407
-2.112678873630956,2.112678873630956
-1.963364832404575,1.963364832404575
-2.0,2.0
-2.0,2.0
-2.0,2.0
-2.0,2.0
-2.0,2.0
-2.0,2.0
-2.0,2.0
-2.0,2.0
-2.1723953636019466,2.0
-2.0,0.0
0.0,0.0
2.0,-2.0
2.0,-2.0
2.0,-2.0
2.0,-2.0
0.0,0.0
0.0,0.0
2.0,-2.0
25.0,-2.0
25.0,-2.0
2.0,-2.0
13.263157894736846,-2.0
25.0,-2.0
25.0,-2.0
2.000000000000006,-2.000000000000006
2.000000000000006,-2.000000000000006
2.0,-2.0
2.0,-2.0
2.000000000000006,-2.000000000000006
2.0,-2.0
2.0,-2.0
2.000000000000006,0.0
-23.0,-2.0
-23.0,-2.0
2.0,-2.0
-22.000000000000004,2.0
-23.021669981913874,-1.978330018086126
25.0,-1.9757354306577817
25.0,-1.9730915447073905
25.0,-1.9606390797446807
24.999999999943586,-1.8105076939665885
-25.0,2.2289484506393826
-25.0,2.1370839338068883
25.0,-1.7558528120541261
25.0,-1.9774229139394777
-25.0,0.0
-25.0,0.0
-12.71471313653196,-2.408433728673911
25.0,-1.0212224293395238
25.0,-2.556052773407714
25.0,-2.0002928523526293
-22.844733343290315,-2.155266656709685
25.0,-2.463100553076913
24.999999999985633,-1.795023549873413
1.9754950744758881,-1.9754950744758881
1.9113099174651174,-1.9113099174651174
1.9658467255219154,-1.7572941947272238
1.7669425436811999,-1.7669425436811999
-22.873706160633958,-2.126293839366042
-25.0,0.0
-2.050161694892081,2.050161694892081
-1.7239948625618657,1.7239948625618657
-2.1939850196933106,2.1939850196933106
-25.0,1.6534830848986033
-2.405820778803469,2.405820778803469
-1.8058975869067133,1.8058975869067133
-2.255253644976709,2.255253644976709
-2.257549127749366,2.257549127749366
-2.289451730913928,2.289451730913928
-2.066235123479176,2.066235123479176
2.1151219008016184,-2.1151219008016184
2.1106559024240195,-2.1106559024240195
1.9059167636866299,-1.9059167636866299
2.0878127877716164,-2.0878127877716164
2.19815500998172,-2.19815500998172
1.2494989447721876,-1.2494989447721876
2.3384256065653863,-2.3384256065653863
1.3948275559118253,-1.3948275559118253
1.7805702764354532,-1.7805702764354532
1.6568919115291028,-1.6568919115291028
-19.295627798444063,1.897258053717401
-2.0393394119383386,2.0393394119383386
-2.6604476944996565,2.6604476944996565
-2.175373747765865,2.175373747765865
-1.8750555535863755,1.8750555535863755
-1.6621083440603135,1.6621083440603135
-2.633832212365217,2.633832212365217
-2.112464770619357,2.112464770619357
-1.4934809299092233,1.4934809299092233
-1.9737944480445089,1.9737944480445089
-2.3843507251276717,2.3843507251276717
22.68080576755235,2.319194232404193
-2.149000231732047,2.149000231732047
-2.0497789829409467,2.0497789829409467
-2.0080374637809806,2.0080374637809806
22.984288058570264,2.0157119414297355
-2.0,2.0
-2.0,2.0
-2.0,2.0
-2.0,2.0
2.0,-2.0
-2.0,2.0
-2.0,2.0
-25.0,2.0
-22.785447694460434,-2.0
2.0,-2.0
2.0,-2.0
0.0,0.0
0.0,0.0
2.0,-2.0
0.0,0.0
0.0,0.0
0.0,0.0
2.0,-2.0
2.0,-2.0
2.0,-2.0
0.0,0.0
2.0,-2.0
2.0,-2.0
25.0,-2.0
-18.7575,-2.0
25.0,-2.0
25.0,-2.0
-7.834999999999999,-2.0
25.0,-2.0
-2.0,2.0
-23.0,-2.0
23.0,2.0
-23.0,-2.0
-25.0,0.0
2.0,-2.0
25.0,-2.0
-10.347991991701932,-1.9736956217164252
25.0,-1.9739097976119808
25.0,-1.9715886917377183
-25.0,5.285016868583625e-11
-24.99999999999124,0.0
4.231004413863728,-1.5301733889157
24.999999999975678,7.041478511382593e-12
-23.128571965587625,-1.871428034412375
24.99999999995482,5.3859139370615594e-11
-13.258387762285139,-2.112986098298821
23.158322040823606,1.8416779591543673
25.0,-2.704848907877839
22.236369187210677,2.763630812753135
23.070946007000863,1.9290539929862867
-1.8763481432807403,1.8763481432807403
-20.530179577315096,-2.0323204226849043
25.0,0.0
-1.923536503187396,1.923536503187396
-1.925046207556985,1.925046207556985
-24.752627447324194,2.190127447324194
24.9999999999542,4.580158474709606e-11
0.0,0.0
0.0,0.0
-20.726166884996672,-2.0272112851966924
24.999999999961968,-1.9860478575275344
2.1975472151205526,-2.1975472151205526
-23.104049052365134,-1.8959509476348657
-23.289133632639327,-1.7108663673311675
-22.781203317189092,-2.2187966828109076
2.113793335710488,-2.113793335710488
-18.016713638383216,0.0
1.8846672959962714,-1.8846672959962714
1.7278114103557236,-1.7278114103557236
1.789835518971227,-1.789835518971227
0.0,0.0
22.76215655361657,2.2378434463834296
-22.5625,0.0
0.0,0.0
0.0,0.0
0.0,0.0
1.8425003441015146,-1.8425003441015146
1.7183536678898808,-1.7183536678898808
1.5541259816486601,-1.5541259816486601
1.71521118542492,-1.71521118542492
1.8736998491608414,-1.8736998491608414
1.2767203283258617,-1.2767203283258617
2.174041395790864,-2.174041395790864
4.724918844253358,-2.1540251899475686
-1.6743469215815114,1.6743469215815114
-2.3202315230109747,2.3202315230109747
1.5097954567693872,-1.5097954567693872
25.0,-2.4640977658294005
24.999999999964967,3.503330958665174e-11
22.977941401456043,2.022058598543957
22.425323331718605,2.574676668281395
0.6138573818756603,2.4907307623017445
-2.1600520156270053,2.1600520156270053
2.046271066182511,-2.046271066182511
2.051773862083053,-2.051773862083053
2.05177386208305,-1.945922257926541
1.9459222579265365,7.327471962526033e-15
0.0,0.0
0.0,0.0
-2.0,2.0
-2.0,2.0
-2.0,2.0
-22.000000000000007,2.0
-25.0,0.0
-25.0,0.0
-25.0,0.0
0.0,0.0
0.0,0.0
0.0,0.0
0.0,0.0
0.0,0.0
0.0,0.0
0.0,0.0
0.0,0.0
0.0,0.0
4.21606648199446,-2.0
2.0,-2.0
-2.0,2.0
-2.0,2.0
23.0,2.0
-24.5625,2.0
-2.0,2.0
-2.000000000000003,2.000000000000003
23.0,2.0
-2.0,2.0
-21.509969786528504,2.0
-2.0,2.0
25.0,-2.0
-2.0,2.0
-25.0,2.0
23.0,2.0
25.0,0.0
-25.0,2.064969786528497
-25.0,2.0514242360574
-2.0493136400003644,2.0493136400003644
-1.864542617791981,2.084885017084185
-2.250283251418617,2.250283251418617
22.618223251396273,2.381776748603727
0.5515049404521926,2.218264310053493
-2.0786333812702336,2.0786333812702336
23.004862358889348,1.9951376411106523
23.22214239471024,1.7778576052897606
23.395510987466828,1.6044890125331719
-1.7835934720585023,1.7835934720585023
-2.213399111001241,2.213399111001241
-1.7591573415913668,1.7591573415913668
-2.1703643315528947,2.1703643315528947
-24.46341176550484,1.9009117655048406
22.87677479886345,2.123225201136549
-1.9538725987243168,1.9538725987243168
-1.9703562730640147,1.9703562730640147
-1.9334297372983151,1.9334297372983151
-1.968886330975062,1.968886330975062
-1.9866524966521446,1.9866524966521446
-1.928675935746579,1.928675935746579
-25.0,1.8526750699134524
-2.322643768036299,2.322643768036299
-1.9183156526249991,1.9183156526249991
-25.0,1.8232692855139732
-25.0,1.529366072610621
-25.0,2.0896866641400607
-2.294997092178107,2.068743302895877
-2.068743302895875,1.6738988069901999
-1.6738988069902039,1.6738988069902039
1.8393446075430084,-1.8393446075430084
-1.6738988069902039,1.6738988069902039
-1.6738988069902039,1.6738988069902039
-1.6738988069902039,1.6738988069902039
1.8107700441530454,-1.8107700441530454
1.6909965876641895,-1.6909965876641895
1.7779024167488924,-1.7779024167488924
-1.6738988069902039,1.9988645659862492
-1.9671804044841348,2.1368769174886486
24.99999999994447,-1.6286670037498219
1.7796090390797321,-1.7796090390797321
-0.45667831791763014,2.436778554442414
-24.999999999999996,0.0
0.0,0.0
2.2556746202336146,-2.2556746202336146
2.1860748504357606,-2.1860748504357606
2.2393682982884986,-2.2393682982884986
1.765570429425562,-1.765570429425562
8.449362862551947,-1.3105630783265934
24.999999999955108,-1.8756418894389455
2.3639851792473485,-2.3639851792473485
-2.1554462181198657,2.1554462181198657
22.793958488783115,2.2060415112150835
22.725772173388744,2.274227826608385
25.0,-1.951983259246738
-1.9873737402425888,1.9873737402425888
-0.024382818242652426,1.9763660774893888
-2.0050324136431428,2.0050324136431428
-2.0,2.0
-2.0,2.0
-2.0,2.0
0.0,0.0
0.0,0.0
0.0,0.0
-25.0,2.0
-25.0,1.0
-25.0,2.0
-25.0,0.0
0.0,0.0
0.0,0.0
0.0,0.0
0.0,0.0
2.0,-2.0
2.0,-2.0
0.0,2.0000000000000004
-1.8050000000000002,0.0
0.0,2.0
23.0,2.0
-1.2991689750692523,2.0
-25.0,0.0
0.7008310249307463,2.0
25.0,0.0
-25.0,2.0
-1.9999999999999996,0.0
2.0,-2.0
25.0,0.0
23.0,2.0
-2.0,2.0
2.0,-2.0
2.0,-2.0
-25.0,0.0
2.0,-2.0
25.0,-2.0
-2.0,2.0
25.0,-1.9369353661477433
1.926914154592282,-1.926914154592282
22.923458509593978,2.076541490348564
-2.112940490509293,2.112940490509293
9.649090433711129,2.2518338521616705
-24.723629655457078,2.3493037460562114
-25.0,2.2493259094252096
-2.1100648329666116,2.1100648329666116
22.925667572085356,2.0743324279146442
23.055037307848,1.9449626921250278
-1.815492288339195,1.815492288339195
-1.883611386543798,1.883611386543798
0.0,0.0
0.0,0.0
-1.9264713381868077,1.9264713381868077
-25.0,1.740530922128439
22.90895068881398,2.091049311186019
-1.3579906448127161,2.130255551041591
-1.9522366648923857,1.9522366648923857
-2.110215992747765,2.110215992747765
-2.532606281925325,2.532606281925325
-2.103029118309422,2.103029118309422
-1.9974059845489087,1.9974059845489087
-1.9425491848050846,1.9425491848050846
-1.9225304543725432,1.9225304543725432
-1.702670288341416,1.702670288341416
-23.043073910581672,-1.956926089418328
-25.0,0.0
-2.1264472081627837,2.1264472081627837
-18.052619064551827,2.0062546698589543
-2.0870699273857447,2.0870699273857447
-2.210175841680382,2.210175841680382
-2.008550152631617,2.008550152631617
-1.986725078592988,1.986725078592988
-2.0046364081517574,2.0046364081517574
-1.9692908964018638,1.9692908964018638
1.8411597872114598,-1.8411597872114598
-2.287367051343379,2.287367051343379
-2.21314665207656,2.21314665207656
-2.23310226777793,2.23310226777793
-2.3330261413137805,2.3330261413137805
25.0,-1.8184328036644146
-2.3400628026919392,2.3400628026919392
-2.0853519444032944,2.0853519444032944
1.7588297761365919,-1.7588297761365919
1.6809487224619062,-1.6809487224619062
-2.091858442039621,2.091858442039621
-1.8772872904805507,1.8772872904805507
-1.4852154247151823,1.4852154247151823
-1.5117412839313644,1.5117412839313644
1.8563515030041078,-1.8563515030041078
2.0156802238119056,-2.0156802238119056
23.276771350274537,1.7232286497254634
-2.3759432117884973,2.3759432117884973
-2.3696083862209534,2.3696083862209534
-2.1116537463238196,2.1116537463238196
-1.8548771428839754,1.8548771428839754
-1.8725720678082454,1.8725720678082454
-1.9966647020313149,1.9966647020313149
-2.0791942937201546,2.0791942937201546
23.0,2.0
-2.0,2.0
0.0,0.0
0.0,0.0
0.0,0.0
-2.0,2.0
-25.0,2.0
-25.0,2.0
-25.0,0.0
-22.000000000000007,-2.0
0.0,0.0
2.0,-2.0
0.0,0.0
0.0,0.0
0.0,0.0
0.0,0.0
0.0,0.0
0.0,0.0
0.0,0.0
0.0,0.0
0.0,0.0
2.0,-2.0
0.0,2.0
23.0,2.0
-24.3675,0.0
2.0,-2.0
23.0,2.0
23.0,2.0
-25.0,2.0
-22.125000000000004,2.0
-2.0,2.0
-2.0,2.0
-2.0,2.0
-2.0,2.0
-2.0,2.0
6.983409852203982,-2.0
24.999999999975916,-1.9363184393739061
-2.063065038181004,2.063065038181004
22.926186364079797,2.073813635918814
-2.113918574074314,2.113918574074314
-2.2761695710361853,2.2761695710361853
-2.3904674104056096,2.3904674104056096
22.756792274806365,2.243207725172404
22.882792472865876,2.1172075270931323
-1.96189511220335,1.96189511220335
-2.003217588995052,2.003217588995052
-1.6334454200467121,1.6334454200467121
-1.8017604162785066,1.8017604162785066
-2.3894519732744968,2.3894519732744968
-2.063354567148572,2.063354567148572
0.0,0.0
0.0,-1.9118489172693067
2.1183921520989504,0.0
-2.1363858848801467,2.1363858848801467
-2.2975973181187435,2.2975973181187435
-24.945058582336095,2.3825585823360953
22.36396508351695,2.6360349164830517
-2.3855742041914034,2.3855742041914034
-2.407924392793369,2.407924392793369
-25.0,2.2502940894013648
23.13629121273793,1.8637087872166092
-2.262332572199327,2.4697629440992315
-2.68396298103902,2.68396298103902
-2.585216197239493,2.585216197239493
-25.0,2.725939326445644
-25.0,2.5904938510599393
-2.4431992160443503,2.4431992160443503
-2.4428659702637727,2.4428659702637727
-25.0,2.360149065886837
-25.0,2.6207043482818264
-5.0670528884280035,2.657129121934732
-2.887362825180979,2.887362825180979
-2.887362825180979,2.8628515881837497
-2.8628515881837497,2.558276305386835
-2.5582763053868347,2.5582763053868347
0.8219244115763118,-0.8219244115763118
-2.5582763053868347,2.5582763053868347
0.9397129097698667,-0.9397129097698667
21.947595939683325,3.0524040603069835
-2.8380639086639956,2.8380639086639956
1.1101700199775806,-1.1101700199775806
24.99999999994607,-1.185940517041935
24.99999999997418,-1.0922643707446156
1.2613234896569079,-1.2613234896569079
-21.476486863904306,2.7490746623033715
-2.5557069046809016,2.5557069046809016
1.6276230860962677,-1.6276230860962677
24.999999999944052,3.9044323330017505e-12
-2.1004666602239155,2.1004666602239155
-2.310242354508679,2.310242354508679
1.3924771633230502,-1.3924771633230502
25.0,-1.5426971661283737
-1.9906643845389713,1.9906643845389713
2.000000000000006,-2.000000000000006
2.000000000000006,-2.000000000000006
1.9658184841451314,-1.9658184841451314
-2.0,2.0
-2.0,2.0
-2.0,2.0
2.0,-2.0
-1.1080332409972404,2.0
-2.0,2.0
-25.0,2.0
-25.0,2.0
-25.0,2.0
-25.0,2.0
-2.0,2.0
-2.0,2.0
-2.0,2.0
-2.0,2.0
-2.0,0.0
0.0,0.0
2.0,-2.0
2.0,-2.0
2.0,-2.0
0.0,0.0
2.0,-2.0
25.0,-2.0
25.0,0.0
25.0,0.0
-23.0,-2.0
-25.0,0.0
-11.882500000000002,-2.0
2.0,-2.0
-2.0,2.0
-2.0,2.0
-2.0,2.0
-2.0,2.0
2.0,-2.0
2.0,-2.0
2.0,-2.0
25.0,-2.0
25.0,-1.9935476232456502
25.0,-1.9985282424379953
25.0,-1.9998064367616024
11.038973715187636,-1.7021095928483856
1.702109592848384,-1.702109592848384
-0.691235928191997,2.393345521040381
-2.148446478859443,2.148446478859443
-2.0199915910981368,2.0199915910981368
0.0,0.0
-1.9828107029658169,1.9828107029658169
-1.9461151671161954,1.9461151671161954
-1.7631266270346568,1.7631266270346568
0.0,0.0
-2.0712281298620425,2.0712281298620425
-2.086453296462212,2.086453296462212
-25.0,2.1591829257787936
-2.01514280449849,2.32352737427268
22.675185085211453,2.324814914788547
-2.43174641692622,2.43174641692622
-24.999999999999996,2.329727765462831
25.0,0.0
-2.2981556299816823,2.4175708483054072
-2.3426915312451744,2.3426915312451744
-23.34101267937941,-1.658987320603952
24.999999999991356,8.643752380521619e-12
1.8633465086596939,-1.8633465086596939
1.7496907630631604,-1.7496907630631604
-2.5675844659398095,2.5675844659398095
-2.714848805884433,2.714848805884433
-2.7314669146015262,2.7314669146015262
-24.999999999949814,2.644287798730865
-25.0,2.496173934504686
-25.000000000000004,2.470406714357164
-24.99999999997312,2.439201528972035
-2.417546864707564,2.417546864707564
-2.4875051261784655,2.4875051261784655
0.9328005844121137,-0.9328005844121137
1.3690931554245207,-1.3690931554245207
-2.612569976658447,2.612569976658447
22.166515065082393,2.833484934917607
-2.58835804855714,2.58835804855714
-0.11006263894725699,2.5702302354704556
-2.8409747600655635,2.8409747600655635
24.999999999969233,2.1252333226584597e-11
-24.999999999996092,2.419860019604954
-2.3025032261725986,2.3025032261725986
1.4452770539780397,-1.4452770539780397
1.3690066882428171,-1.3690066882428171
-23.23556563573387,-1.7644343642644955
-1.9997431230441371,1.9997431230441371
-2.175087206886353,2.175087206886353
-1.6678113911688452,1.6678113911688452
-2.3777312521225484,2.3777312521225484
-2.0516057599412516,2.0516057599412516
-2.0527604439480096,2.0527604439480096
25.0,-1.7898569779798272
-2.133687809016035,2.133687809016035
-2.0819962130403917,2.0819962130403917
2.3510707254197,2.067338881787219
24.99999999997669,2.3309354446610087e-11
25.0,0.0
25.0,-2.0000000000000036
2.0,-2.0
2.0,-2.0
-1.1080332409972256,2.0
1.1080332409972315,-1.1080332409972315
-25.0,2.0
-25.0,2.0
-25.0,2.0
-25.0,2.0
-2.0,2.0
-2.0,2.0
-2.0,0.0
0.0,0.0
0.0,0.0
0.0,0.0
0.0,0.0
2.0,-2.0
2.0,-2.0
0.0,0.0
2.0,-2.0
2.0,-2.0
2.0,-2.0
25.0,-2.0
-20.7575,2.0
-2.0,2.0
-2.0,2.0
-2.0,2.0
23.0,2.0
25.0,0.0
25.0,0.0
23.0,2.0
2.0,-2.0
2.0,-2.0
2.0,-2.0
1.0470914127423794,2.0
-2.0593065349837603,2.0593065349837603
-2.0698221432122037,2.0698221432122037
0.0,-1.5362535537735527
1.7022200041812217,-1.7022200041812217
1.7022200041812248,-1.7022200041812248
1.5969729158783634,-1.5969729158783634
-19.23024824711694,-1.7959981991095084
25.0,-1.9755130621742722
1.9755130621742687,-1.9498256821616868
1.9498256821616842,-1.9498256821616842
-1.7201499131389824,1.7201499131389824
-25.0,1.45654366463922
4.609329802688695,-1.5725718929804393
1.9975025500876011,-1.9975025500876011
25.0,-1.9027723877797342
-23.143358169232506,-1.8566418307674937
25.0,-1.733262629686891
-2.44877477139592,2.44877477139592
-2.055904504281248,2.055904504281248
-25.0,2.28884582949469
25.0,0.0
6.501579804730113,0.0
-2.106578059643116,2.106578059643116
-24.320255506608824,2.070207564659018
-2.479226366890881,2.479226366890881
1.7877224377716523,-1.7877224377716523
1.8456074823170212,-1.8456074823170212
-25.0,0.0
-25.0,2.2500479419497985
-2.0668082052381997,2.0668082052381997
-25.0,2.0834843795079685
-2.0672155784837862,2.354161371340722
-2.3424529575613526,2.3424529575613526
-2.3424529575613526,2.3424529575613526
1.6910641204265424,-1.6910641204265424
1.553242524020371,-1.5009107960625707
1.6714865619648815,-1.6714865619648815
1.6099654777568038,-1.6099654777568038
1.5094855634393411,-1.5094855634393411
1.4349243446242035,-1.4349243446242035
2.05900596217095,-2.05900596217095
1.594069401564294,-1.594069401564294
1.6502042746143157,-1.6502042746143157
1.5801185213864546,-1.5801185213864546
-2.389682342043267,2.389682342043267
-2.2384020117542835,2.2384020117542835
-2.389682342043267,2.52876890627018
25.0,-1.8165715502422017
-19.11403902633763,-2.232081071427597
1.5727397781653512,-1.5727397781653512
1.1811961826998782,-1.1811961826998782
1.9144378835419094,-1.9144378835419094
-1.6778561006345711,1.6778561006345711
-1.9629617511601243,1.9629617511601243
-2.092132044399244,2.092132044399244
22.762938860709426,2.2370611392905744
-2.055078174663404,2.055078174663404
-1.8429807260991329,1.8429807260991329
-24.51259746504195,1.9070409751122455
-2.0490755544695403,2.0490755544695403
2.0,-2.0
-2.0,2.0
-2.0,2.0
2.0,-2.0
-2.0,2.0
-2.0,2.0
-2.0,2.0
-2.0490755544695403,1.9999999999999996
-2.0,2.0
-2.0,2.0
-2.0,2.0
-2.0,2.0
-2.0,2.0
-2.0,0.0
0.0,0.0
0.0,0.0
0.0,2.0000000000000004
-1.8050000000000002,2.0
-1.9809875,2.0
23.0,2.0
-24.56064628125,0.0
2.0,-2.0
25.0,-2.0
25.0,0.0
-25.0,2.0
-2.0,2.0
23.0,2.0
23.0,2.0
-25.0,2.0
2.0,-2.0
2.0,-2.0
2.0,-2.0
2.0,-2.0
-2.0,2.0
2.0,-2.0
10.37119113573408,-2.0
-23.06358342214996,-1.9364165778500393
-25.0,0.0
22.933150915646273,2.066849084353727
11.088110790106358,-1.8818986055958309
-25.0,2.3178255302887116
22.612977391578127,2.387022608378345
24.999999999995993,-1.8613776446208448
24.99999999999966,-1.9490733545661385
25.0,0.0
-1.9851995955406077,1.9851995955406077
-1.7075339095253863,1.7075339095253863
-1.621218834324436,1.621218834324436
-2.2180601338981543,2.2180601338981543
-1.9469394455052775,1.9469394455052775
-24.482538009450813,2.177762009193348
-25.0,2.1797760002649795
22.638278115004084,2.3617218849875883
22.788230511357572,2.211769488642428
-2.2309260718471826,2.2309260718471826
-2.137781351586316,2.137781351586316
0.0,0.0
0.0,0.0
0.0,0.0
-22.99966107389362,-2.00033892610638
25.0,-4.721556479125866e-11
-2.2373296924717074,2.2373296924717074
-24.999999999943093,2.1842729248608492
-24.999999999960988,2.2388943066574107
-2.3504521185898533,2.3504521185898533
-2.1248119054781682,2.1248119054781682
-2.2425360266459293,2.2425360266459293
-2.079073290946493,2.079073290946493
1.9130222201217641,-1.9130222201217641
-2.0676583606670587,2.0676583606670587
1.7506961807306993,-1.7506961807306993
24.99999999999305,-1.5496271636108503
1.6959290039051353,-1.6959290039051353
1.5923324841624957,-1.5923324841624957
-2.384487999667966,2.384487999667966
-2.372352299158573,2.372352299158573
-25.0,2.2174384537961274
-22.714187462134028,2.347120291931386
-25.0,2.8432904395521916
-2.8432904395521916,0.0
0.0,0.0
1.9074491893594434,-1.9074491893594434
1.7135619974994452,-1.7135619974994452
1.8367916166671794,-1.8367916166671794
1.893666825513824,-1.893666825513824
2.0269045476032,-2.0269045476032
1.5587024308058055,-1.5587024308058055
2.226781958598554,-2.226781958598554
2.18034718858207,-2.18034718858207
1.9862674967920046,-1.9862674967920046
1.7312183435442865,-1.7312183435442865
1.7240470900019096,-1.7240470900019096
2.0783978055361416,-2.0783978055361416
2.2010163163193184,-2.2010163163193184
2.105582385312202,-2.105582385312202
1.9336472710947985,-1.9336472710947985
0.0,2.0
-1.805,1.805
-1.805,1.805
-1.805,1.805
-1.8049999999999962,1.9999999999999967
-1.9809875,1.9999999999999956
-1.998146281249996,1.998146281249996
-1.998146281249996,1.998146281249996
-1.998146281249996,0.0
0.0,0.0
0.0,2.0
23.0,2.0
-24.3675,0.0
2.0,-2.0
2.0,-2.0
2.0,-2.0
0.0,2.0000000000000004
-1.8050000000000002,0.0
0.7008310249307463,2.0
23.0,2.0
-25.0,2.0
-2.0,2.0
25.0,-2.0
23.0,2.0
-25.0,2.0
-22.32,2.0000000000000036
-2.0,2.0
23.0,2.0
-24.5625,1.9999999999999964
-2.0,2.0
-2.0,2.0
23.0,2.0
-24.125,2.0
25.0,0.0
2.0,-2.0
-2.0,2.0
-25.0,0.0
0.0,0.0
1.9264142045625816,-1.9264142045625816
10.654710057451814,-1.8762801618120957
24.999999999984905,1.509548042122333e-11
24.99999999998356,-1.6399554678866721
25.0,-1.875316532999765
25.0,-1.9397857063008033
-0.02239784022399327,1.962183546524797
0.0,0.0
0.0,0.0
-1.9367489410105456,1.9367489410105456
-1.9979961072853474,1.9979961072853474
-2.0493645558374,2.0493645558374
-24.999999999951704,2.093739261028489
-2.225275409965521,2.225275409965521
25.0,-5.147882120581926e-11
-1.9428411140412223,2.32373943976941
-2.349637938557761,2.349637938557761
-24.93289637360933,2.370396373639611
24.999999999966448,0.0
0.0,0.0
-2.4493554269226863,2.4493554269226863
-24.999999999969834,-3.0169644560373854e-11
1.9957439166726108,-1.5063203596711536
1.5390996264516765,-1.5390996264516765
-2.5446624578734394,2.5446624578734394
-25.0,2.5697896946468894
-25.0,2.386181367905259
-25.0,2.5719772512292494
-2.745834352005094,2.745834352005094
-2.696245107724728,2.696245107724728
-2.884431777065439,2.884431777065439
-2.969653073975209,2.969653073975209
-2.968176189265833,2.968176189265833
1.1168772224590313,-1.1168772224590313
-2.7060764893991003,2.7060764893991003
-2.6854430214849607,2.6854430214849607
-2.9211191080000134,2.9211191080000134
-2.960333552770633,2.960333552770633
-2.969653073975209,2.969653073975209
1.0654923640768725,-1.0654923640768725
1.106773185146002,-1.106773185146002
1.602160734576934,-1.581063980059379
1.5186157404504161,-1.5186157404504161
-2.647701674539851,2.647701674539851
-2.9886928949273024,2.9886928949273024
1.5116794314948159,-1.5116794314948159
1.6833066888184227,-1.6833066888184227
24.99999999996973,-1.8517365538609525
12.118461994406232,-1.6785573052978702
25.0,-1.957663900625704
24.999999999994984,-1.839582234505862
-2.232522243398477,2.232522243398477
-2.237426573584051,2.237426573584051
1.9827802501080267,-1.9827802501080267
-1.9776113114120217,1.9776113114120217
-2.016038242124468,2.016038242124468
-2.0545355457621692,2.0545355457621692
-2.0306515927647757,2.0306515927647757
-2.0,2.0
2.0,-2.0
-2.0,2.0
-2.0,2.0
-2.0,2.0
-2.0,2.0
-2.0,2.0
-23.0,-2.0
-25.0,0.0
-25.0,0.0
2.0,-2.0
0.0,0.0
0.0,0.0
2.0,-2.0
2.0,-2.0
2.0,-2.0
0.0,0.0
2.0,-2.0
25.0,-2.0
13.263157894736857,-2.0
2.0,-2.0
25.0,-2.0
25.0,-2.0
25.0,0.0
0.0,-1.8050000000000055
2.0,-2.0
2.0,-2.0
-16.194999999999997,-2.0
-23.0,-2.0
-23.0,-2.0
-25.0,2.0
2.0,-2.0
2.0,-2.0
-2.0,2.0
-2.0,2.0
25.0,-2.0
25.0,-1.9422220951762128
-2.0625522211285703,2.0625522211285703
-2.0632750475181347,2.0632750475181347
4.901391645071341,2.087921862847259
-2.2543347536609324,2.2543347536609324
25.0,0.0
25.0,0.0
0.0,0.0
-2.024262880530075,2.024262880530075
-2.0416083865239028,2.0416083865239028
-2.22044334614714,2.22044334614714
-1.5460681239201701,1.5460681239201701
-2.332400674327886,2.332400674327886
-2.104709232453173,2.104709232453173
-2.0672039346026363,2.0672039346026363
-25.0,1.928629230845516
22.661652655701264,2.338347344298736
-1.506240656780184,2.0700863843751796
-1.9202311847160178,1.9202311847160178
-25.0,2.3278210694341865
25.0,0.0
0.12152790090394057,0.0
0.0,0.0
-25.0,2.251936334706407
-2.42158115832396,2.42158115832396
-2.4367943331252064,2.4367943331252064
-2.2845300441772824,2.2845300441772824
-2.148501388675564,2.148501388675564
-2.4544954906291796,2.4544954906291796
-2.3222259485159498,2.3222259485159498
-25.0,2.2574563490945465
-4.205041988463432,2.2824788154142546
-25.0,2.519291598237672
-25.0,2.6872967011394238
-2.5199240078440006,2.5199240078440006
-2.7706207692302254,2.7706207692302254
-2.793417810128874,2.793417810128874
-2.793417810128874,2.793417810128874
-2.7210801232928574,2.7210801232928574
-2.793417810128874,2.890800684587818
-2.8227505313376735,2.8193989892150557
-2.8779543122054534,2.8779543122054534
-2.648013461311832,2.648013461311832
21.642052903512592,2.869909077423195
-2.596008185122269,2.596008185122269
-2.6004754457944923,2.6004754457944923
-2.20653159710262,2.20653159710262
1.9431241600060432,-1.9431241600060432
1.6853484503717766,-1.6853484503717766
1.7959860495237567,-1.7959860495237567
1.4736244043357907,-1.4736244043357907
-2.630290213651948,2.630290213651948
-2.186125342220695,2.186125342220695
-1.8137159242304124,1.8137159242304124
1.9414232180010078,-1.9414232180010078
1.8607610136973105,-1.8607610136973105
-2.0335691476411095,2.0335691476411095
-2.003280940406465,2.003280940406465
-2.086096747539485,2.086096747539485
-2.1201849324856354,2.1201849324856354
-2.0,2.0
-2.0,2.0
-2.0,2.0
-25.0,2.0
-2.0,2.0
-2.0,2.0
-2.0,2.0
-2.0,2.0
0.0,-2.0
2.0,-2.0
2.0,-2.0
25.0,-2.0
-20.7575,0.0
2.0,-2.0
2.0,-2.0
0.0,0.0
0.0,2.0000000000000004
-1.8050000000000002,1.8050000000000002
25.0,0.0
-0.8144044321329653,2.0
-2.0,2.0
-2.0,2.0
-2.0,2.0
23.0,2.0
-25.0,2.0
-25.0,2.0
-2.0,2.0
25.0,0.0
23.0,2.0
25.0,0.0
23.0,2.0
-2.0,2.0
-2.0,2.0
-2.0,2.0
3.0470914127423794,-1.9361341665476657
1.9361341665476655,-1.9361341665476655
1.9360298743852438,-1.9360298743852438
1.936134166547664,-1.936134166547664
1.9361341665476655,-1.9310486872219539
1.887077568686247,-1.887077568686247
1.7449812798867186,-1.7449812798867186
-2.2450848303216193,2.2151235632436372
1.9642467670867483,-1.9642467670867483
-25.0,1.990019983133724
4.7308905477107706,-1.81821000866338
2.119299464857768,-2.119299464857768
1.8253659568834495,-1.8253659568834495
-24.999999999983096,1.91166967143279
22.745096010633976,2.2549039893660243
-2.348604119261193,2.348604119261193
-2.254065194588774,2.254065194588774
1.8756986926969983,-1.8756986926969983
25.0,-1.9509062063593205
2.0809326509267603,-2.0809326509267603
2.0809326509267496,0.0
-25.0,4.270361841918202e-11
24.999999999974996,2.5003998871397926e-11
1.4045491179539606,-1.4045491179539606
-24.999999999945082,-2.5302426820417168e-11
-24.99999999996234,1.3073986337985843e-12
-2.2439384359725274,2.2439384359725274
-19.505364758613915,2.2306818178375565
-2.286468928718829,2.286468928718829
-24.999999999958316,2.4873971999881626
-2.412942013921395,2.412942013921395
-2.339987696161849,2.339987696161849
-2.1081748623417234,2.1081748623417234
-2.73438723321277,2.73438723321277
-2.7718868507374985,2.7718868507374985
-2.4092157201931084,2.4092157201931084
-2.3708192423384524,2.3708192423384524
-2.378823452545447,2.378823452545447
-2.2045662043739824,2.2045662043739824
1.7221348714342817,-1.7221348714342817
1.617843458501456,-1.617843458501456
1.8993162251008613,-1.8993162251008613
1.7226107565073043,-1.7226107565073043
1.4939612330134278,-1.4939612330134278
-2.7752142593647857,2.7752142593647857
-2.758957166909987,2.758957166909987
-2.7752142593647857,2.7752142593647857
1.6468244807601558,-1.6468244807601558
1.538566938120601,-1.538566938120601
2.3031124424264684,-2.1749458298885314
-2.8908846271802737,2.8908846271802737
-2.594728218374143,2.594728218374143
-1.7209337981001145,1.7209337981001145
-1.5870491500162434,1.5870491500162434
-1.4885958497166554,1.4885958497166554
-2.384719315157705,2.384719315157705
-2.3352862798369842,2.3352862798369842
-2.3326596025125115,2.3326596025125115
-2.277752863237648,2.277752863237648
-2.1315759901110827,2.1315759901110827
-2.050143076046384,2.050143076046384
-2.1511422668145466,2.1511422668145466
23.0,2.0
22.98239930506341,2.0
-2.0,2.0
-2.0,2.0
-2.0,2.0
2.0,-2.0
-2.0,2.0
-2.0,2.0
-25.0,2.0
-25.0,2.0
-1.9999999999999996,1.9999999999999996
2.0,-2.0
0.0,-1.9999999999999996
2.0,-2.0
2.0,-2.0
2.0,-2.0
2.0,-2.0
2.0,-2.0
2.0,-2.0
2.0,-2.0
2.0,-2.0
2.0,-2.0
25.0,-2.0
25.0,-2.0
13.263157894736846,-2.0
25.0,-2.0
2.0,-2.0
25.0,-2.0
2.0,-2.0
2.0,-2.0
2.0,-2.0
2.0,-2.0
2.0,-2.0
2.0,-2.0
2.0,-2.0
2.0,-2.0
-23.073077430932035,-1.9269225690679654
-23.05464356070756,-1.9453564392924392
-23.071627300951665,-1.9283726990483352
-16.350123223552263,-1.8448767764477338
1.6914600470245142,-1.6914600470245142
1.6407424296909467,-1.6407424296909467
1.939031327476488,-1.939031327476488
1.863831545368737,-1.863831545368737
25.0,-1.9313898691868907
24.99999999994866,-2.1647938253798173
1.6875019249993013,-1.6875019249993013
2.1853199982509643,-2.1853199982509643
25.0,-1.9860175624565706
24.999999999962363,-2.115819318581046
13.46117847043014,-1.8800416173488195
-18.922990460494916,-1.942771979806114
24.999999999953843,-1.4961651994258887
1.496165199425885,6.661338147750939e-15
-2.3522723474367986,2.3522723474367986
-25.0,2.3021643000662166
22.436230188412118,2.563769811587882
0.14995645422025544,-0.14995645422025544
-25.0,2.414678931323195
-25.0,2.2542046781446636
-2.6153787272656963,2.6153787272656963
-4.034254112884103,2.4553058837774038
-25.0,2.5722170872076973
-25.0,2.547803046896469
-2.6704879859341997,2.6704879859341997
-2.665132069847104,2.665132069847104
-2.5528067827836356,2.5528067827836356
-2.668581921052864,2.668581921052864
-2.921424583298874,2.921424583298874
-2.635745851014292,2.635745851014292
-2.833114451445635,2.833114451445635
-2.916427790032131,2.916427790032131
-3.0746198145315535,3.0746198145315535
4.342650760255181,-1.1486479158354435
-2.989727976518491,2.989727976518491
25.0,-1.2621749073803983
1.0741984100944801,-1.0741984100944801
1.1471211704884396,-1.1471211704884396
1.327195072284546,-1.327195072284546
1.287896684921467,-1.287896684921467
-25.0,2.369405472360242
-2.860656457833654,2.860656457833654
-2.7489995557732776,2.7489995557732776
25.0,-2.417621658423741e-11
-2.0396511987103203,2.0396511987103203
-2.3081501011703907,2.3081501011703907
-2.7493858179280384,2.7493858179280384
22.621009924564262,2.3789900754357376
-1.8429686554067954,1.8429686554067954
1.7095119252002577,-1.7095119252002577
22.450233138243174,2.549766861756826
22.380538065148098,2.6194619347987462
-2.276805905589854,2.276805905589854
-1.9496226105141465,1.9496226105141465
-1.888495796142347,1.888495796142347
-2.019741794826177,2.019741794826177
-2.0,2.0
-2.0,2.0
-2.0,2.0
-3.0000000000000018,2.0
-25.0,2.0
-25.0,2.0
-25.0,2.0
-25.0,2.0
-1.9999999999999996,0.0
2.0,-2.0
2.0,-2.0
25.0,-2.0
-18.7575,-2.0
0.0,0.0
2.0,-2.0
1.9999999999999982,-1.9999999999999982
0.0,2.0000000000000004
-1.8050000000000002,2.0
-1.9809874999999637,2.0
23.0,2.0
-2.0,2.0
23.0,2.0
25.0,-2.0
25.0,-2.0
2.0,-2.0
-2.0,2.0
2.0,-2.0
2.0,-2.0
2.0,-2.0
2.0,-2.0
2.0,-2.0
-2.0,2.0
-25.0,2.0
2.0,-2.0
-25.0,2.0
-25.0,2.0
-2.0553143322364247,2.0553143322364247
-2.0524448702921587,2.0524448702921587
-19.63814628125,2.059060524362959
-2.0590605243629554,2.1245214347204713
-2.1181389959606127,2.3223360837218427
-2.3024268676651234,2.3583510060892086
-2.3528984025928597,2.10496626719586
-2.0852042559323554,2.0852042559323554
22.945528831258937,2.0544711687363773
23.10364070005446,1.8963592999455408
-24.999999999999996,1.6175360897606588
-23.847502356952294,1.7366449481302944
22.586404117463687,2.4135958825363133
22.883229542411208,2.1167704575797828
1.3173697607527597,2.0215278036548163
-2.179520385603741,2.179520385603741
22.612978575022865,2.387021424977135
25.0,0.0
-2.2409632075451675,2.2409632075451675
-2.171627888470919,2.171627888470919
-2.4675223711426924,2.4675223711426924
-2.253235235873886,2.253235235873886
-2.14962861777426,2.14962861777426
-24.85693653236501,2.2944365323817415
25.0,-1.8538059975981014e-11
0.0,0.0
-2.477302629884816,2.477302629884816
-24.99999999996846,2.2594671844296315
-2.284853191600874,2.284853191600874
-2.38330964763702,2.38330964763702
1.5071130806946549,-1.5071130806946549
-2.6268586657182293,2.6268586657182293
-2.682133916129711,2.682133916129711
-2.4103221214305197,2.4103221214305197
-2.5576388466020212,2.5576388466020212
-2.5914443589113603,2.5914443589113603
-25.0,2.4965229589680504
24.999999999979877,-1.7231219858297848
25.0,-1.7460017070262666
-24.99999999997065,2.3761442322072774
-24.999999999973614,2.5955259885761315
-2.4589059480433484,2.4589059480433484
1.1930699570749148,-1.1930699570749148
25.0,-1.6115496575091726
1.8142798543534155,-1.8142798543534155
-24.999999999994856,-5.144329406903125e-12
-2.7624417312178906,2.7624417312178906
-2.7258389740230875,2.7258389740230875
-25.0,1.8281202837517156
1.4879129483253948,-1.4879129483253948
-19.65797294929732,2.634173663060846
25.0,-2.338198393533176
-22.458944021184436,1.7198804132368863
-1.7444004862964784,1.7444004862964784
-2.347386004949609,2.347386004949609
22.39001205965396,2.6099879402896278
22.636805017186898,2.363194982813102
24.999999999980016,-2.022010552454855
25.0,-2.0953967130390794
-2.007152072581108,2.007152072581108
-2.0,2.0
3.671550196374091,2.0
-2.0,2.0
-25.0,2.0
-2.0,2.0
-2.0,2.0
-25.0,2.0
-25.0,2.0
-25.0,2.0
-1.9999999999999996,1.9999999999999996
-2.0,2.0
-2.0,2.0
-2.0,0.0
0.0,0.0
0.0,0.0
0.0,0.0
2.0,-2.0
2.0,-2.0
25.0,-2.0
25.0,-2.0
25.0,-2.0
-2.0,2.0
23.0,2.0
9.26315789473686,2.0
0.0,0.0
-20.562499999999996,-2.0000000000000036
2.0,-2.0
2.0,-2.0
25.0,-2.0
-25.0,0.0
5.178117850161321,-2.0000000000000004
2.0,-2.0
-25.0,2.0
-25.0,2.0
-25.0,2.0
-2.0,2.0
-2.0565949843710887,2.0565949843710887
-2.063251359770592,2.063251359770592
-2.0632513597705957,2.081589653089472
-2.0798016694908794,2.1397277507255437
-2.1338849578051615,2.2504122322887694
-2.239050823026618,2.1614237354155743
24.999999999978616,2.1383783632700215e-11
24.999999999948237,5.17630383001233e-11
-24.999999999964924,2.375066863746202
-24.661490599196853,2.6254534162287264
-2.625453416228728,1.7501022711103866
-1.7501022711103862,2.021561254462338
23.231061137337832,1.7689388626281115
23.41081062939864,1.5891893705502227
1.4760222169080803,1.5765052030269615
24.99999999999097,9.030998171510873e-12
24.99999999994955,5.044853423896711e-11
-2.24236687916639,2.24236687916639
0.0,0.0
0.0,0.0
-2.348426766866604,2.348426766866604
-1.852009209499606,1.852009209499606
-2.339301639034028,2.339301639034028
-24.999999999993832,2.2532144080126066
24.99999999998451,-1.402246061413564
1.606440623181106,-1.606440623181106
-20.212021763721737,-2.02957556302632
-25.0,2.094815998342252
-1.8347258715159782,1.8347258715159782
-25.0,2.220553796926687
-24.999999999984368,1.9947658953440666
-2.3187129825790187,2.3187129825790187
-2.618725701459649,2.618725701459649
-2.618725701459649,2.344220801181427
-2.344220801181427,1.8313359793048327
-1.8313359793048338,2.29438982748068
-2.249242077283535,2.152047174272697
-2.104137412988768,2.104137412988768
-2.152047174272697,2.152047174272697
1.644565604531575,-1.644565604531575
2.3454995056349333,-2.3454995056349333
1.4601399420212928,-1.4601399420212928
-2.152047174272697,2.152047174272697
1.6251792837053607,-1.6251792837053607
-2.152047174272697,2.152047174272697
1.4008644799482486,-1.4008644799482486
1.8538281760519286,-1.8538281760519286
1.6261985866137607,-1.6261985866137607
2.2477303690212302,-2.2477303690212302
1.8472573013898064,-1.8472573013898064
-2.130567337813572,2.130567337813572
-1.9379998749823404,1.9379998749823404
-1.5409148061201297,1.5409148061201297
2.1382225235571948,-2.1382225235571948
1.7625604878960583,-1.7625604878960583
-2.152047174272697,2.152047174272697
-2.0460833787506942,2.0460833787506942
-1.8687264872380496,1.8687264872380496
-1.8402560039844582,1.8402560039844582
-2.0334260645732116,2.0334260645732116
-2.0,2.0
-2.0,2.0
-2.0,2.0
-2.0,2.0
-2.0,2.0
-2.0,2.0
-2.0,2.0
-2.0,2.0
-2.1520471742726976,2.0
-1.9999999999999996,1.9999999999999996
-2.0,2.0
25.0,0.0
-24.5625,0.0
2.0,-2.0
0.0,0.0
0.0,0.0
0.0,2.0000000000000004
-1.8050000000000002,1.8050000000000002
-1.8049999999999988,1.8049999999999988
25.0,-2.0
-22.5625,2.0
-2.0,2.0
-2.0,2.0
-2.0,2.0
-2.0,2.0
-2.0,2.0
3.1855955678670353,2.0
25.0,0.0
25.0,-2.0
-25.0,0.0
-25.0,0.0
0.0,0.0
0.0,2.0
-1.805,2.0
-1.9809875,2.0
-1.99814628125,1.99814628125
24.99999999994697,-1.9625882771346816
25.0,-1.9418086178754095
8.877027651564472,-1.923485361764504
-2.1368656061454208,2.1368656061454208
-2.3453607715664804,2.3453607715664804
22.712521551156108,2.287478448843892
25.0,-2.1016267089828204
0.09407219123541077,2.0075545177474083
-2.5117613796617677,2.5117613796617677
-24.45364034285577,1.8911403428250821
23.18970584095398,1.8102941590800228
-1.853265192649891,1.853265192649891
-2.39252502953517,2.39252502953517
-1.8095853806489828,1.8095853806489828
-2.0278916619986997,2.0278916619986997
-24.465854305601127,1.9033543056011268
23.07902847948736,1.9209715205126408
-1.8416817460382369,1.8416817460382369
-1.6918682021016505,1.6918682021016505
-1.984685841628881,1.984685841628881
0.0,0.0
0.0,0.0
0.0,0.0
-22.724830501586588,-2.2751694983974424
1.3356082659495225,-1.3356082659495225
2.1486238312540316,-2.1486238312540316
-25.0,5.1311843662915635e-11
-24.99999999994896,-5.1038284709647996e-11
1.9564009748549918,-1.9564009748549918
1.8167438534582985,-1.8167438534582985
2.2034799998505434,-2.2034799998505434
1.9706661663940608,-1.9706661663940608
-20.00000000006729,2.609150565593829
-2.484581020683353,1.9772364099088717
-2.101805954819346,2.101805954819346
-1.9496697887756973,1.9496697887756973
-2.101805954819346,2.101805954819346
-2.0772991358532966,2.0772991358532966
-2.0969139320063492,2.0969139320063492
-2.101805954819346,2.101805954819346
-2.101805954819346,2.101805954819346
-2.101805954819346,2.101805954819346
-2.083512781136996,2.083512781136996
-1.9314245822890364,1.9314245822890364
-2.101805954819346,2.101805954819346
1.674440331383643,-1.674440331383643
-2.101805954819346,2.101805954819346
-1.8450426054730453,1.8450426054730453
-1.5637415109424282,1.5637415109424282
-1.997481722226313,1.997481722226313
-2.101805954819346,2.101805954819346
-2.094326859175686,2.094326859175686
-1.1217238026655814,1.1217238026655814
-1.4870867764943778,1.4870867764943778
-1.8751335002793716,1.8751335002793716
-2.101805954819346,2.101805954819346
-2.101805954819346,2.101805954819346
-1.941869202470139,1.941869202470139
-1.8980571256607228,1.8980571256607228
-2.008435481054422,2.008435481054422
-2.0,2.0
-2.0,2.0
-2.0,2.0
-2.0,2.0
-2.0,2.0
-2.0,2.0
-2.0,2.0
-2.0,2.0
-2.101805954819346,2.0
-2.0,0.0
0.0,2.0
23.0,2.0
-24.3675,0.0
2.0,-2.0
2.0,-2.0
0.0,0.0
0.0,0.0
0.0,0.0
2.0,-2.0
23.0,2.0
-22.5625,2.0
-2.0,2.0
4.48476454293629,-2.0000000000000004
25.0,-2.0
-23.0,-2.0
2.0,-2.0
2.0,-2.0
25.0,-2.0
2.0,-2.0
-12.212481831254552,-2.0
-2.0,2.0
-2.0,2.0
25.0,0.0
23.0,2.0
25.0,-2.0
25.0,-2.0
2.0110602008360874,-1.9379104345051164
1.93791043450512,-1.93791043450512
1.9379104345050988,-1.9379104345050988
1.8822549646812805,-1.8822549646812805
1.7498938149873453,-1.7498938149873453
1.8543080057956491,-1.8543080057956491
1.9379104345051177,-1.9379104345051177
1.937910434505113,-1.8073785740736197
1.807378574073621,-3.9968028886505635e-15
0.0,0.0
-2.2502221386078265,2.2502221386078265
-24.2582017908299,1.6957017908729242
23.017914485247655,1.9820855147046714
-2.078993135237904,2.078993135237904
-3.6623120602986043,2.108208944296555
1.7219979124676446,-1.7219979124676446
1.7219979124676463,-1.7763568394002505e-15
0.0,0.0
-24.623548985982744,2.0610489860189247
2.236316701036424,-2.236316701036424
24.99999999995991,-2.0972238253363926
2.097223825336399,-1.4654943925052066e-14
0.0,0.0
-21.05420667383246,-1.5082933261675393
25.0,-1.9876976766003196
1.987697676600325,-1.6304752407978427
1.6304752407978491,-1.8662927043107154
-25.0,0.0
-24.99999999995796,1.7398612748307194
2.121605677134724,-2.121605677134724
1.9604813422251386,-1.9604813422251386
-24.99999999995818,1.9828201701754935
1.7965193690021444,-1.7965193690021444
-2.2881427313894616,2.2881427313894616
-2.419668781969504,2.419668781969504
4.0081232014152555,2.2429374363361783
-23.109610091325884,-1.890389908671466
-2.656942302330469,2.656942302330469
-2.4551708182527,2.4551708182527
-2.656942302330469,2.656942302330469
-1.8721825710235134,1.8721825710235134
-2.542609966815789,2.542609966815789
-1.9197900127451355,1.9197900127451355
-2.656942302330469,0.0
1.9818545147885889,-1.9818545147885889
1.709030990948742,-1.709030990948742
0.0,0.0
3.940675830278332,-1.3906670328330932
1.7100799577807884,-1.7100799577807884
-2.301382939694328,2.301382939694328
-2.301382939694328,2.4977025732936227
23.266934919364353,1.7330650805783279
-25.0,1.7880746179715814
-1.8291360269375412,1.9783775242484274
-1.9638264782606143,2.047976347325313
-2.039771735091505,2.3904932085519754
22.81693461773326,2.18306538226674
23.0961478769119,1.903852123043226
6.6699893987569965,-2.0176878639637206
1.9782508707339872,-1.9782508707339872
25.0,-2.0
25.0,-2.0
2.0,-2.0
2.0,-2.0
2.000000000000006,0.0
-2.0,2.0
-25.0,2.0
-25.0,2.0
-25.0,2.0
-25.0,1.0
-2.0,2.0
-2.0,2.0
-2.0000000000000013,2.0000000000000013
-2.0,0.0
0.0,0.0
2.0,-2.0
2.0,-2.0
2.0,-2.0
2.0,-2.0
2.0,-2.0
2.0,-2.0
2.0,-2.0
2.0,-2.0
2.0,-2.0
2.0,-2.0
25.0,0.0
2.0,-2.0
2.0,-2.0
2.0,-2.0
-18.5625,-2.0
-2.0,2.0
-2.0,2.0
25.0,0.0
25.0,0.0
2.0,-2.0
9.601547068748399,-2.000000000000001
-2.048368448825418,2.048368448825418
-2.0430467009828246,2.0430467009828246
-23.067519730146213,-1.9324802698537873
1.827860458154504,-1.827860458154504
-2.3580043484282562,2.3580043484282562
1.6963738049730568,-1.6963738049730568
1.8048268454924115,-1.8048268454924115
25.0,-1.8536246310439033
25.0,-3.136335635645082e-11
25.0,-2.203681335842976
-25.0,1.7603369559169337
-16.41763873918075,-1.952263804226785
25.0,-1.6915368497630041
22.856766797935208,2.143233202064792
0.0,0.0
-1.8150265016231568,1.8150265016231568
0.0,0.0
-2.0685697373851575,2.0685697373851575
-2.054781693213732,2.054781693213732
-24.627111181446164,2.064611181446164
22.523132230612948,2.476867769387052
-1.9440853973617624,1.9440853973617624
-2.046037778357423,2.046037778357423
-1.9019512651272148,1.9019512651272148
0.0,0.0
0.0,0.0
-2.0039591870863003,2.0039591870863003
-2.014486724245481,2.014486724245481
-3.3997605024144413,2.0017097780674007
-25.0,2.028907178023232
-24.999999999955698,2.13846109724102
-24.999999999996852,2.2306824489848687
-24.999999999949537,2.2556436940153404
-2.2556436940153395,1.9319787296287112
-1.9319787296287112,1.9319787296287112
-1.9319787296287112,1.9319787296287112
-1.9319787296287112,1.9319787296287112
1.8568854536298094,-1.8568854536298094
-1.9319787296287112,1.9319787296287112
1.6883381951873027,-1.6883381951873027
-1.9319787296287112,1.9319787296287112
-1.9319787296287112,1.9319787296287112
-1.9319787296287112,1.9319787296287112
2.0241035158338683,-2.0241035158338683
-1.9319787296287112,0.0
1.9840363910451426,-1.9840363910451426
0.0,2.1725183664853795
-1.960697825753055,1.960697825753055
-1.8445995400602335,1.8445995400602335
-1.960697825753055,1.9738086488590216
-1.9725303436061896,2.3955848317022976
0.6594956251134851,1.9949785919881
-1.8118644535915367,1.8118644535915367
-2.021112508723718,2.021112508723718
-2.148015405245551,2.148015405245551
-2.2124069474272465,2.2124069474272465
23.079801319370535,1.9201986806294649
24.999999999962714,-1.4910739309925702e-11
23.005279192242018,1.9947208077579823
22.940752446472146,2.059247553527854
-2.0,2.0
-2.0,2.0
-2.0,2.0
-2.0,2.0
-2.0,2.0
-2.0,2.0
-25.0,2.0
-25.0,2.0
-25.0,1.0
-25.0,0.0
0.0,0.0
0.0,2.0
-1.805,0.0
0.0,0.0
0.0,0.0
0.0,0.0
0.7008310249307459,2.0000000000000004
2.0,-2.0
-2.0,2.0
-2.0,2.0
25.0,0.0
-25.0,2.0
-2.0,2.0
-2.0,2.0
-2.0,0.0
2.0,-2.0
2.0,-2.0
3.2631578947368425,2.0
-2.0,2.0
25.0,0.0
-2.0,2.0
-2.0,2.0
-2.0,2.0
-2.0,2.0
-2.0,2.0
-2.0,2.0
22.922263502481176,2.077736497518824
22.950512163341607,2.0494878366583933
22.922579380616295,2.0774206193837053
-2.1593045054605478,2.1593045054605478
-2.3059763903821837,2.3059763903821837
-2.2147832170558015,2.2147832170558015
-2.1306167250907113,2.1306167250907113
-3.9759771897933662,2.0575284463142554
-1.983590169895768,1.983590169895768
-1.8394045665376213,1.8394045665376213
-1.880958043245407,1.880958043245407
2.125704978924224,-2.125704978924224
2.125704978924218,4.884981308350689e-15
-2.090471180248503,2.090471180248503
0.0,0.0
-24.54377196579579,1.9812719658198894
22.943685881086754,2.0563141188865437
-2.094472023057376,2.094472023057376
0.0,0.0
-2.0484481299408124,2.0484481299408124
-2.5476446289212316,2.5476446289212316
-2.023579663565158,2.023579663565158
-1.976627352753077,1.976627352753077
-25.0,1.8504647920278714
22.94729541258875,2.052704587410922
-1.5130700640668042,2.163524588135986
-25.0,2.2474129019234432
-25.0,2.209601497626732
-2.2018257627465765,2.2018257627465765
-3.756738052962058,2.041479001325002
-25.0,2.2582446520868658
-1.9731888621989349,1.9731888621989349
-25.0,2.3356965255895936
-1.9305270908117969,1.9305270908117969
-2.3356965255895923,2.2443789767960944
-2.203340516294661,2.203340516294661
-2.1022528071160274,2.058969355626869
-2.201095525306936,2.201095525306936
-2.201095525306936,2.201095525306936
-2.201095525306936,2.201095525306936
-2.201095525306936,2.201095525306936
-2.201095525306936,2.201095525306936
1.4383577859998606,-1.4383577859998606
-2.201095525306936,2.201095525306936
-2.058143814943165,2.058143814943165
-2.201095525306936,2.201095525306936
-2.201095525306936,2.201095525306936
1.6360205010784554,-1.6360205010784554
2.4738180655769124,-2.4738180655769124
1.8617938862729098,-1.8617938862729098
-2.201095525306936,2.201095525306936
22.84634529350934,2.153654706475603
-24.763595525293347,1.7566662031520792
2.32602103730121,-2.32602103730121
-1.7566662031520786,1.7566662031520786
-1.7566662031520786,2.403195837134102
-2.1724256586729087,2.1724256586729087
-2.056658173064834,2.056658173064834
-2.0625179024934965,2.0625179024934965
23.098516119180456,1.9014838808195442
23.0,2.0
2.0,-2.0
-2.0,2.0
-2.0,2.0
23.0,2.0
25.0,0.0
-2.0,2.0
2.6701837143259195,0.0
-25.0,0.0
-13.75750000000001,-2.0
25.0,-2.0
-23.0,-2.0
-25.0,0.0
-25.0,0.0
0.0,0.0
2.0,-2.0
2.0,-2.0
2.0,-2.0
2.0,-2.0
25.0,-2.0
2.0,-2.0
2.0,-2.0
25.0,-2.0
25.0,-2.0
2.0,-2.0
-8.592500000000006,-2.0
25.0,-2.0
25.0,-2.0
2.0,-2.0
2.0,-2.0
-25.0,2.0
4.484764542936301,-2.0
2.0,-2.0
2.0,-2.0
25.0,-2.0
0.0,2.0000000000000018
-20.6356956712035,-1.9268043287964964
25.0,-1.9511821410054928
-2.06643354288071,2.06643354288071
-25.0,2.173032723769996
-0.1050003520433963,2.349221026311673
-2.266436313045431,2.266436313045431
24.999999999956053,-1.863674389688125
-25.0,2.110496222154161
-1.934229400942237,1.934229400942237
-1.870054342288456,1.870054342288456
-1.8605530506581047,1.8605530506581047
-25.0,1.8189408772503306
-2.247527770734173,2.247527770734173
22.89388898936754,2.1061110106324605
1.6599904514202253,2.009321414646511
-25.0,2.0330885289632477
-1.9069935010003967,1.9069935010003967
-25.0,2.1578865492005583
22.89942541358578,2.1005745864142185
22.90210274048202,2.0978972595179783
22.74738518193351,2.2526148180664904
-2.0947894901551614,2.0947894901551614
-1.9637816115180229,1.9637816115180229
-24.59241322683808,2.0299132268380795
22.94678923244509,2.0532107675549085
-2.005407039019344,2.005407039019344
-25.0,2.2826504874830356
-25.0,1.971375575972413
-3.451967114498505,2.127072044001368
-25.0,2.0708690070416864
-25.0,0.0
0.0,0.0
2.069689392716116,-2.069689392716116
1.8370901493456095,-1.8370901493456095
1.6594714105920279,-1.6594714105920279
1.7682654284465258,-1.7682654284465258
0.0,0.0
0.0,0.0
0.0,0.0
1.8418256476253054,-1.8418256476253054
1.755311761021166,-1.755311761021166
0.0,2.350541070988403
-2.1213633165670327,2.1213633165670327
-1.5784135424862864,2.065241066463244
-2.049282506686877,2.049282506686877
-2.055628692906039,2.055628692906039
-2.560725156956238,2.560725156956238
-2.323163202273827,2.323163202273827
-2.1206141447080427,2.1206141447080427
-2.2154143643675024,2.2154143643675024
-2.4920885179560397,2.4920885179560397
25.0,0.0
-1.2995533446212768,1.2995533446212768
-1.7609592671662728,1.7609592671662728
-2.2065382241493925,2.2065382241493925
22.75420472863645,2.2457952713635514
-2.023103778492135,2.023103778492135
-1.8464147986220993,1.8464147986220993
2.0890193441980545,-2.0890193441980545
-2.066062909018171,2.066062909018171
2.0,-2.0
2.0,-2.0
-2.0,2.0
-25.0,2.0
-2.0,2.0
-2.0,2.0
-2.0,2.0
1.9999999999999996,-1.9999999999999996
1.999999999999999,-1.999999999999999
-18.443225156956235,-2.0
25.0,-2.0
2.0,-2.0
2.0,-2.0
-23.0,-2.0
2.0,-2.0
2.0,-2.0
2.0,-2.0
0.0,0.0
0.0,0.0
2.0,-2.0
0.0,0.0
25.0,-2.0
25.0,-2.0
23.0,2.0
-12.077499999999993,-2.0
2.0,-2.0
2.0,-2.0
2.0,-2.0
-23.0,-2.0
2.0,-2.0
-25.0,0.0
25.0,-2.0
25.0,-2.0
25.0,-2.0
25.0,-2.0
13.263157894736851,-2.0000000000000018
1.9894836176299302,-1.9575061914584833
1.9680225738285515,-1.9680225738285515
1.9680225738285424,-1.9619243298861266
1.9619243298861397,-1.824660604152368
-0.41729476696678997,2.2419553711191638
-2.1563352680018113,2.1563352680018113
-2.1492854314235226,2.1492854314235226
-2.1617090928938767,2.1617090928938767
-1.7086977451681635,1.7086977451681635
-18.566321069168524,-2.065596402399734
2.1357654670727406,-2.1357654670727406
-24.999999999973063,1.8180919841160907
25.0,-1.630396978531195
-2.2920690988155528,2.2920690988155528
24.99999999999747,-2.0604487649255
2.2380207987780203,-2.2380207987780203
-2.647651813902227,2.647651813902227
-24.999999999957083,2.047401687698006
24.999999999988695,-2.1313941407918975
-25.0,0.0
22.692510078917653,2.3074899210823467
5.495508634779163,2.006979226972792
-1.9689664866836498,1.9689664866836498
-24.754642700665855,2.19214270069045
22.70158471493803,2.298415285034711
-2.098543554365161,2.098543554365161
0.0,0.0
-25.0,2.3282458315749572
22.581502627441015,2.418497372558985
-24.99999999997449,2.511706469845649
20.799128212866236,2.2861533550629822
-24.999999999960245,2.391837710112725
-24.999999999986642,2.388134137687665
-2.161217744711715,2.161217744711715
-25.0,1.9831092356442497
-2.088878164433769,2.088878164433769
-25.0,2.320044703406708
-2.148045700316512,2.148045700316512
-2.3200447034067064,2.6417310209711546
-2.6103666050086205,2.6103666050086205
-2.5977419467875134,2.5977419467875134
-2.6103666050086205,2.6103666050086205
-2.6103666050086205,2.6103666050086205
1.4767776163050481,-1.4767776163050481
1.5768958832129059,-1.5768958832129059
1.5237223533493882,-1.5237223533493882
7.714312082940106,-1.2263995843112294
24.99999999997633,-0.9858453602240438
1.7680432645928104,-1.7680432645928104
-2.1260256017585686,2.1260256017585686
-2.1790129431651337,2.1790129431651337
24.999999999972037,-1.6529705932815055
1.9897937168224793,-1.9897937168224793
2.0003704834719684,-2.0003704834719684
1.7049092834296768,-1.7049092834296768
24.99999999997265,-1.4783116198461386
1.771353790029508,-1.771353790029508
2.0487394833185744,-2.0487394833185744
-1.9821558087365125,1.9821558087365125
2.0964868819565687,-2.0964868819565687
23.0,2.0
-2.0,2.0
-2.0,2.0
-2.0,2.0
-2.0,2.0
-2.0,2.0
-25.0,2.0
-24.00000000000001,2.0000000000000036
-25.0,0.0
-25.000000000000004,3.552713678800501e-15
2.0,-2.0
0.21606648199446,2.0
-2.0,2.0
-2.0,2.0
0.0,-2.0
2.0,-2.0
2.0,-2.0
2.0,-2.0
0.0,0.0
0.0,0.0
0.0,0.0
0.0,0.0
0.0,0.0
0.0,0.0
0.0,0.0
0.0,0.0
2.0,-2.0
2.0,-2.0
4.21606648199446,-2.0
-2.0,2.0
-2.0,2.0
-2.0,2.0
2.0,-2.0
2.0,-2.0
2.0,-2.0
2.206560096856696,-2.0
1.9528220984015336,-1.9528220984015336
-2.048675569791588,2.048675569791588
-2.0680642431284952,2.0680642431284952
-2.186420487413168,2.186420487413168
-2.186420487413168,2.3759332712183396
22.74193206911565,2.2580679308395837
0.5480250737837262,2.1029934584863117
23.067881155633337,1.9321188443319102
22.960283793061485,2.0397162068834227
23.12684293747231,1.873157062472778
-1.9360306953698325,1.9360306953698325
-1.6445119570100832,1.6445119570100832
-2.4181773808719544,2.4181773808719544
-2.1771756733407717,2.1771756733407717
-1.795339754676574,1.795339754676574
-1.9727981820129905,1.9727981820129905
0.0,0.0
-2.0936736217080743,2.0936736217080743
-1.8840487716308072,1.8840487716308072
-2.0996398572455863,2.0996398572455863
-2.3053736841462147,2.3053736841462147
0.0,0.0
-2.0801784298892745,2.0801784298892745
0.0,0.0
0.0,0.0
0.0,0.0
-1.816738173132494,1.816738173132494
-2.1087492063953697,2.1087492063953697
-25.0,2.2206491001707533
-2.235891307748341,2.235891307748341
-3.5394472876368646,1.9699403469856056
-25.0,2.2131283488045206
-25.0,2.135729491675974
-25.0,2.2773804074303357
-2.1512872729094106,2.1512872729094106
1.7591844809257697,-1.7591844809257697
1.945866495075384,-1.945866495075384
1.9342483353615876,-1.9342483353615876
1.8684985641651117,-1.8684985641651117
1.8587252480434202,-1.8587252480434202
1.736223972873388,-1.736223972873388
1.6494443732510256,-1.6494443732510256
1.7740738771561126,-1.7740738771561126
1.6511320611625155,-1.6511320611625155
1.8224576300711295,-1.8224576300711295
1.8101559378187613,-1.8101559378187613
1.8054911280379766,-1.8054911280379766
1.84445058929467,-1.84445058929467
2.1298238462803862,-2.1298238462803862
-2.2773804074303357,2.2773804074303357
1.8757214140002212,-1.8757214140002212
1.679737550770752,-1.679737550770752
2.8234932418260623,-2.8234932418260623
-1.930874852980545,1.930874852980545
2.171667650751555,-2.171667650751555
24.99999999999534,-1.9696695847888819
1.8286867384639653,-1.8286867384639653
1.8771840978950882,-1.8771840978950882
-1.9002904404231775,1.9002904404231775
-1.9375366325789054,1.9375366325789054
-2.0,2.0
25.0,-2.0
25.0,-2.0
2.0,-2.0
-2.0,2.0
-2.0,2.0
-18.57725360715416,2.0
-25.0,2.0
-25.0,2.0
-1.9999999999999996,0.0
23.0,2.0
25.0,0.0
-25.0,2.0
-22.125000000000004,2.0
-2.0,2.0
-1.9999999999999996,0.0
0.0,2.0000000000000004
-1.8050000000000002,2.0
23.0,2.0
-1.4941689750692537,2.0
-25.0,2.0
-2.0,2.0
4.484764542936291,-2.0
25.0,-2.0
-25.0,0.0
2.0,-2.0
4.700831024930746,-2.0
25.0,0.0
-25.0,2.0
-2.0,2.0
-2.0,0.0
2.0,-2.0
2.0,-2.0
6.700831024930749,-2.0
25.0,-2.0
-23.0,-2.0
0.0,0.0
25.0,-1.9795110278389565
25.0,-2.1461943333633826e-11
25.0,-1.81887106767336
-23.380127718465076,-1.6198722815349242
20.020345379280286,-1.7718744865616607
25.0,-2.005173514514013
-22.654186182964008,-2.3458138169961593
24.999999999966768,-1.7800953380833988
25.0,0.0
-24.3277693721087,1.7652693721579524
-1.819505754094303,1.819505754094303
22.490106816326296,2.5098931836191305
-1.9022788305819862,1.9022788305819862
-1.8650638604948337,1.8650638604948337
-24.110970226418715,2.0425380665140374
-2.1919180122474895,2.1919180122474895
-24.999999999981732,1.9434321598941544
22.916446825435052,2.0835531745649476
-1.8968484391121088,1.8968484391121088
22.859113403631532,2.1408865963598878
-1.9899906347837302,1.9899906347837302
-1.8549364707312765,1.8549364707312765
-24.495956245445285,1.9334562454854058
22.893064079786697,2.1069359201688513
-1.8964760621982037,1.8964760621982037
-24.999999999999996,1.9855568249190299
-24.999999999956902,1.051172161695014
-25.0,2.106022018861509
-25.000000000000004,1.9829773258561083
-2.1257283313747575,2.1257283313747575
-2.125728331374759,2.125728331374759
-2.0676085000294364,2.0676085000294364
-2.0081683085080364,2.0081683085080364
-2.1257283313747593,2.1477793561509753
-2.034918461044491,2.0991671279091233
-2.203613803080625,2.203613803080625
-2.007571243151169,2.007571243151169
-2.060948002449054,2.060948002449054
-2.203613803080625,2.203613803080625
-2.065229074664323,2.065229074664323
-2.203613803080625,2.203613803080625
-2.203613803080625,2.203613803080625
-2.203613803080625,2.203613803080625
-2.203613803080625,2.203613803080625
-2.00397370347447,2.00397370347447
-2.203613803080625,2.203613803080625
-2.107674993670855,2.107674993670855
-1.8985468565278971,1.8985468565278971
1.6271793895361428,-1.6271793895361428
-2.150941404182597,2.150941404182597
-2.203613803080625,2.203613803080625
-1.8222947940647103,1.6186809909840856
-1.2500171167150942,1.2500171167150942
-1.7763870320534974,1.7763870320534974
1.7597370503971632,-1.7597370503971632
1.698051710101215,-1.698051710101215
1.798538645932518,-1.798538645932518
2.0530098260295455,-2.0530098260295455
2.038919186168866,-2.038919186168866
-2.0,2.0
-2.0,2.0
-2.0,2.0
-2.0,2.0
-2.0,2.0
-2.0,2.0
-2.0,2.0
2.0,-2.0
-2.0,0.0
0.0,0.0
2.0,-2.0
2.0,-2.0
0.0,0.0
2.0,-2.0
0.0,0.0
0.0,0.0
0.0,0.0
0.0,0.0
25.0,-2.0
25.0,0.0
-25.0,2.0
-18.320000000000004,-2.0
25.0,-2.0
25.0,-2.0000000000000036
-9.834999999999901,-2.0
-25.0,-5.684341886080802e-14
25.0,0.0
25.0,-2.0000000000000036
-25.0,2.0000000000000036
-25.0,2.0000000000000036
25.0,-2.0
25.0,-2.0000000000000036
-16.514999999999993,-2.0
-23.0,-2.0
6.700831024930707,-2.0
25.0,-2.0
-23.027934880796952,-1.9720651192029628
24.999999999999925,-1.9754764778189653
-18.828772572981354,-1.9508599057869986
24.999999999962522,-1.8005299354242865
24.999999999957925,4.207478809803433e-11
22.70349693351769,2.296503066467089
-17.849741115144916,2.095288412105065
-24.999999999826755,2.0044309697017972
23.415780283337497,1.5842197166178877
25.0,-1.6765255850259564e-11
23.048801572435366,1.9511984275646341
-2.2236407384282177,2.2236407384282177
0.0,0.0
-1.867849744728682,1.867849744728682
-1.9340331141282991,1.9340331141282991
-24.7047303089865,2.1422303089864982
22.898115782914005,2.1018842170859955
-2.146491184487795,2.146491184487795
-1.8141681412792465,1.8141681412792465
-24.71094142968095,2.1484414296809504
22.60651057737255,2.39348942262745
-1.9711988547251362,1.9711988547251362
0.0,0.0
0.0,-2.0163303055429544
-0.012166956322936073,2.246327959694631
0.0,0.0
0.0,-1.9274975837156312
-23.152997682084234,-1.84700231787588
-2.1845272772274704,2.1845272772274704
1.9001234625125285,-1.9001234625125285
-1.990022823296627,1.990022823296627
2.026624318196804,-2.026624318196804
1.7648711182041978,-1.7648711182041978
1.9113320076210307,-1.9113320076210307
-2.1128226311450913,2.1128226311450913
5.800587123815867,-1.5268263358283356
1.6354897061893148,-1.6354897061893148
1.815744116116562,-1.815744116116562
24.999999999986027,-1.7573907602659133
-2.0670366805650335,2.0670366805650335
2.3201923918776552,-2.3201923918776552
2.3201923918776552,-1.602190374023956
1.5526049166274607,-1.5526049166274607
1.4041054213938367,-1.4041054213938367
1.6021903740239682,-1.6813425583844086
1.4653166122718666,-1.4653166122718666
1.5343641281719815,-1.5343641281719815
-2.3716132256565707,2.3716132256565707
1.689893625392882,-1.7974894424202308
-2.2869284039617437,2.2869284039617437
-2.056885938350943,2.056885938350943
-2.113570540709455,2.113570540709455
-22.68292337409224,1.7531481880366577
-1.8185716560729865,1.8185716560729865
-2.0280841619287635,2.0280841619287635
-2.253094805597035,2.253094805597035
-2.087050046245415,2.087050046245415
-1.9221370918105258,1.9221370918105258
-1.817287862994278,1.817287862994278
1.9678927867663252,-1.9678927867663252
25.0,-2.0
2.000000000000006,-2.0000000000000004
2.0,-2.0
2.000000000000006,-2.0000000000000004
2.0,-2.0
2.0,-2.0
-25.0,2.0
-25.0,2.0
-25.0,0.0
-22.194999999999997,0.0
0.0,0.0
0.0,0.0
0.0,0.0
2.0,-2.0
0.0,0.0
0.0,0.0
2.0,-2.0
11.401662049861498,-2.0
25.0,-2.0
25.0,-2.0
-25.0,0.0
-23.0,-2.0
25.0,-2.0
25.0,-2.0
-23.0,-2.0
-0.10749999999999105,-2.0
25.0,-2.0
25.0,-2.0
25.0,-2.0
-23.0,-2.0
25.0,-2.0
25.0,-2.0
2.0,-2.0
2.0,-2.0
2.0,-2.0
-22.757499999999997,2.0
1.9329718004769658,-1.9329718004769658
25.0,-1.9441145780632532
1.9441145780632532,2.220446049250313e-16
0.0,0.0
0.0,0.0
0.0,0.0
-2.12121278793319,2.12121278793319
0.0,0.0
-24.999999999996092,2.000066270467727
25.0,-2.0483345234247032
2.533025636475518,-2.2028513771280913
-22.889919703924257,-2.1100802960757434
25.0,-1.8273124151927362
1.9783996144043368,-1.9783996144043368
6.730994817251586,-1.9274357312790844
1.927435731279079,-1.866369704282743
1.8663697042827518,-1.8109246752444106
1.8109246752444008,-1.7450758139199998
1.7450758139200016,-1.7450758139200016
1.7382430131235225,-1.7382430131235225
1.74507581392,-1.9984014443252818e-15
0.0,0.0
0.0,0.0
-20.76510207393531,-1.7973979260600323
24.99999999999484,-1.6518957494096753
1.6518957494096753,-1.6330471660930268
1.5566000791105292,-1.5566000791105292
-22.14824119584837,-1.4497569375964936
-24.999999999949594,2.5042879643439164
-24.999999999999996,2.5675352364494977
-25.000000000000004,2.705314694593877
-2.68826235652633,2.68826235652633
-2.609463614660431,2.609463614660431
-2.7053146945938766,2.8486936916876675
-2.834714239471023,2.834714239471023
-2.834714239471023,2.834714239471023
-2.834714239471023,0.0
0.0,0.0
0.0,0.0
0.0,0.0
0.0,0.0
0.9515159956459929,-0.9515159956459929
0.9106182809950614,-0.9106182809950614
0.9347211656816228,-0.9347211656816228
0.9534883309950573,-0.9534883309950573
1.0286693364702852,-1.0286693364702852
0.9619166721955157,-0.9619166721955157
1.179198601458344,-1.179198601458344
0.0,0.0
1.5159415692907352,-1.5159415692907352
1.2551193115828863,-1.2551193115828863
25.0,-1.8754689550755401
1.5925256152398743,-1.5925256152398743
-2.3783197969907084,2.3783197969907084
-2.8548865091100817,2.8548865091100817
-2.266077190225073,2.266077190225073
-2.0908175223357985,2.0908175223357985
-1.9494951187571832,1.9494951187571832
22.94801669562623,2.0519833043737705
-2.07997214333512,2.07997214333512
-2.0,2.0
-2.0,2.0
-2.0,2.0
2.0,-2.0
-2.0,2.0
2.0,-2.0
-2.0,2.0
-2.0,2.0
-25.0,2.0
-20.432389268044325,0.0
0.0,0.0
0.0,2.0
-1.805,0.0
0.0,0.0
2.0,-2.0
2.0,-2.0
2.0,-2.0
2.0,-2.0
0.0,0.0
25.0,-2.0
2.0,-2.0
2.0,-2.0
2.0,-2.0
25.0,-2.0
2.0,-2.0
2.0,-2.0
2.0,-2.0
2.0,-2.0
2.0,-2.0
25.0,-2.0
25.0,-2.0
2.0,-2.0
-2.0,2.0
-2.0,2.0
2.0,-2.0
2.0,-2.0
-23.082140603396816,-1.917859396603184
1.9177659652286367,-1.9177659652286367
25.0,-1.9280357921202658
17.892024711787858,-1.7982153801688092
1.6265031151916554,-1.6265031151916554
1.7659821192234897,-1.8063403367458708
1.8429336267309977,-1.8429336267309977
1.8429336267309977,-1.8429336267309977
-1.923086495154152,1.923086495154152
-1.9593408590328947,1.9593408590328947
1.8429336267309981,-1.8429336267309981
1.8429336267310024,-1.9728506627008844
1.9868860211574724,-1.9868860211574724
1.9431178485329248,-1.9431178485329248
-2.0884174268962266,2.0884174268962266
-23.036856621179638,2.2675212552742465
22.884507615726413,2.115492384273587
-2.046377966758431,2.046377966758431
0.0,0.0
-24.76535390169231,2.20285390171734
24.99999999997226,7.105427357601002e-15
0.0,0.0
0.0,0.0
-25.0,2.319991055885218
22.482163827428895,2.5178361725368923
-2.2195912972763416,2.2195912972763416
-25.0,2.116508531445426
-25.0,1.8652550981302767
-25.0,2.323536210335039
-1.9765844347358836,1.9765844347358836
-25.0,2.4088875235910194
-2.282139258160555,2.282139258160555
-3.596678419356108,2.562300500646243
-2.562300500646243,2.327158995904208
-2.327158995904208,2.327158995904208
-2.327158995904208,2.327158995904208
-2.327158995904208,2.327158995904208
-2.327158995904208,2.327158995904208
-2.327158995904208,2.327158995904208
-2.327158995904208,2.327158995904208
-2.327158995904208,0.0
0.0,0.0
0.8992904490446492,-0.8992904490446492
1.2716376990247316,-1.2716376990247316
1.845883293692232,-1.845883293692232
1.394604760910795,-1.394604760910795
1.0922700510704217,-1.0922700510704217
1.276118844937809,-1.276118844937809
2.030825865850801,-2.030825865850801
1.3682259590182415,-1.3682259590182415
1.3465062865806683,-1.3465062865806683
1.6480842507943105,-1.6480842507943105
2.035746290292823,-2.035746290292823
25.0,-1.9496275019058125
24.999999999960004,-1.670385209905966
24.999999999995875,-1.4670986567064546
1.6769223181869086,-1.6769223181869086
12.388945891666836,-2.0386766283676394
2.129865344216131,-2.129865344216131
2.018591331617067,-2.018591331617067
23.0,2.0
0.0,0.0
-2.0,2.0
-2.0,2.0
-2.0,2.0
-2.0,2.0
-22.000000000000007,2.0
-25.0,0.0
-25.0,0.0
-25.0,2.0
-1.9999999999999982,0.0
0.0,2.0
-1.805,0.0
2.0,-2.0
2.0,-2.0
2.0,-2.0
2.0,-2.0
25.0,-2.0
2.0,-2.0
2.0,-2.0
-2.0,2.0
-2.0,2.0
2.0,-2.0
-14.3975,2.0
2.0,-2.0
-2.0,2.0
-2.0,2.0
23.0,2.0
25.0,-2.0
25.0,-2.0
25.0,-2.0
2.0,-2.0
2.0,-2.0
2.000000000000006,-2.000000000000006
2.0,-2.0
-2.0,2.0
1.9650471259788842,-1.9650471259788842
1.965721837247608,-1.965721837247608
-23.05555614548106,-1.9444438545189406
1.8127646225140117,-1.8127646225140117
-24.999999999963993,2.3478612588753194
-20.45547430617903,2.2251130473195886
-2.0688584872802616,2.0688584872802616
-2.0398257109420044,2.0398257109420044
-2.0316299475259063,2.0316299475259063
-2.006000317492343,2.006000317492343
-1.927490009947892,1.927490009947892
-1.9691476259621083,1.9691476259621083
22.988401405852866,2.0115985941471344
24.999999999966924,3.3075764349632664e-11
25.0,-5.7482907322992105e-11
-2.224616492172105,2.224616492172105
-2.2197680185236184,2.2197680185236184
-1.8452830725988036,1.8452830725988036
0.0,0.0
-24.943163878087326,2.380663878106372
24.999999999978897,2.1103119252074976e-11
-2.480457104167746,2.480457104148697
-2.3812672549363505,2.3812672549363505
-23.30075936615037,-1.6992406338496302
22.663709564790096,2.3362904352099036
-2.314715295506703,2.314715295506703
-2.161567400322399,2.161567400322399
-24.999999999966263,-2.687627898012579e-11
-25.0,2.2103247924459453
-2.2999199402258057,2.2999199402258057
-21.841597128152618,2.372662192488626
-2.4171214714194775,2.4171214714194775
-24.999999999972424,2.638555718845989
-2.6096554834431913,2.6096554834431913
-2.7186546241739897,2.7186546241739897
-2.9424455756623953,2.9424455756623953
1.1057033904526694,-1.1057033904526694
24.999999999974,-1.1392911569394748
24.999999999950653,-1.0949398041989156
1.5593216817613929,2.887068710533721
1.0348482686518388,-1.0348482686518388
25.0,-1.095833508792289
24.999999999951534,-1.113495535162933
-2.624159248666082,2.624159248666082
1.5505341222977655,-1.5505341222977655
1.3230459098574219,-1.3230459098574219
1.086750667829591,-1.086750667829591
1.078089433271117,-1.078089433271117
1.2952766904371895,-1.2952766904371895
1.340204911820642,-1.340204911820642
1.1403085664059365,-1.1403085664059365
1.5875079941118493,-1.5875079941118493
-1.7440672405159017,1.7440672405159017
2.000000000000006,-2.000000000000006
1.9760293406752432,-1.9760293406752432
1.7546616792901175,-1.7546616792901175
1.8249612336698204,-1.8249612336698204
2.000000000000006,-2.000000000000006
-1.8745506357370147,1.8745506357370147
-1.9735477877857546,1.9735477877857546
2.0,-2.0
2.0,-2.0
-2.0,2.0
-2.0,2.0
-2.0,2.0
-2.0,2.0
-22.19500000000001,2.000000000000014
-25.0,2.0
-23.0,-2.0
-25.0,0.0
0.0,0.0
0.0,0.0
0.0,0.0
0.0,0.0
2.0,-2.0
2.0,-2.0
0.0,2.0000000000000004
-1.8050000000000002,2.0
-1.9809875,1.9809875
-1.9809875,1.9809875
2.0,-2.0
-1.9809875,2.0
-1.99814628125,1.99814628125
25.0,0.0
25.0,-2.0
25.0,0.0
-2.0,2.0
-2.0,2.0
25.0,0.0
2.0,-2.0
5.049145394736845,0.0
0.0,0.0
0.0,0.0
-2.0,2.0
-2.0,2.0
-3.8050000000000055,2.0
2.0,-2.0
1.9961389934745362,-2.0
1.9870684855987442,-1.9870684855987442
2.0042781235739224,-1.7950413501999372
1.7950413501999438,-1.6260409970193688
-2.179987276827573,2.179987276827573
1.626040997019366,8.881784197001252e-15
-24.500405202885585,1.9379052028855845
25.0,-2.049921227766319
2.0499212277663155,-2.0499212277663155
1.8720121612493532,-1.8720121612493532
-22.759344124084176,2.0468980321432717
-2.1578524672457284,2.1578524672457284
22.84437926964845,2.1556207303515507
-2.1089808374587644,2.1089808374587644
-25.0,2.3057927659611828
22.70551865615912,2.2944813438408787
-24.589536413211036,2.1587436472498496
25.0,-1.7267813779430305
1.726781377943027,-1.726781377943027
-0.6326696390170561,2.3594510169600884
-2.346242366020805,2.346242366020805
-2.486810232988283,2.486810232988283
-25.0,0.0
25.0,0.0
2.6955205514500946,-1.5819507420323193
1.5872612155129744,-1.5872612155129744
-3.504816049264308,2.425236763553332
-24.99999999996468,2.29510681082677
-24.999999999992376,2.491430231309934
-2.5922560143542075,2.5922560143542075
-2.56852361313962,2.56852361313962
-24.999999999991378,2.725545490523146
-25.0,2.2870697809595697
-2.287069780959568,2.287069780959568
-2.2776721513414184,2.488985166624403
-2.4777797772524615,2.4777797772524615
1.4018086763265547,-1.4018086763265547
1.2156334734682304,-1.2156334734682304
-2.4777797772524615,2.8835071445054687
-2.8439487261983007,2.8439487261983007
-2.8439487261983007,2.8439487261983007
-2.8439487261983007,2.8439487261983007
1.179626519335681,-1.179626519335681
1.0472307477601088,-1.0472307477601088
1.2503617231472823,-1.2503617231472823
1.219922119451244,-1.219922119451244
1.4103020257001155,-1.4103020257001155
-2.2835511346968307,2.2835511346968307
-2.579292879719178,2.579292879719178
-2.591561121164025,2.591561121164025
1.8244848752363136,-1.8244848752363136
-2.2961671383104303,2.2961671383104303
1.9489677304422024,2.1546039520324003
22.878986654575524,2.1210133453826927
-2.224346045549043,2.224346045549043
24.99999999994639,5.361044941309956e-11
2.117177863169484,-2.117177863169484
-1.9213088293040383,1.9213088293040383
25.0,-1.991603512015427
23.0,2.0
0.0,0.0
-2.0,2.0
-2.0,2.0
-2.0,2.0
-24.000000000000007,2.0
-25.0,2.0
-25.0,0.0
-25.0,0.0
0.0,0.0
0.0,0.0
0.21606648199446,2.0
-2.0,2.0
-2.0,2.0
25.0,-2.0
-22.7575,0.0
3.2631578947368416,2.000000000000001
25.0,0.0
23.0,2.0
23.0,2.0
25.0,0.0
-2.0,2.0
-2.0,2.0
-2.0,2.0
-23.0,-2.0
-23.0,-2.0
2.0,-2.0
-15.7575,-2.0
2.0,-2.0
25.0,-2.0
2.0,-2.0
-25.0,2.0
-2.0,2.0
-25.0,2.0
-2.0,2.0
23.0,2.0
-24.5625,2.069519933361054
-2.0695199333610534,2.060980363541293
0.8822917093561555,2.097231433620003
22.77188267170723,2.2281173282466398
22.601700485347553,2.3982995146300468
24.999999999971443,1.1461054327810416e-11
25.0,-1.8920444613490943
-0.07123317904053739,1.9632776403896322
-1.9092593198494008,1.9092593198494008
-1.7234817397974522,1.7234817397974522
0.0,0.0
-1.8057581033508274,1.8057581033508274
-2.234095693646548,2.234095693646548
-2.310321879069953,2.310321879069953
-24.483280238654814,2.1883861118912122
-25.0,2.169894126805673
25.0,0.0
22.883726255307906,2.1162737446454756
-2.183744654560959,2.183744654560959
-1.916217087813596,1.916217087813596
-1.9899685446278212,1.9899685446278212
0.0,0.0
-2.2213439933609376,2.2213439933609376
-0.06886949688773925,-1.7932954685339704
1.4791785006787599,-1.4791785006787599
2.0633406819077127,-2.0633406819077127
1.8232446707688226,-1.8232446707688226
-23.094738998370225,-1.9052610016297749
-25.0,2.232240751697457
-25.0,2.18613165369381
-22.433103419116865,2.341913957757157
-2.3197606871164442,2.3197606871164442
-2.465017978609861,2.465017978609861
-2.465017978609861,2.324346603483269
-2.324346603483269,2.2843154540913044
-2.095276104732486,2.095276104732486
1.913305605264716,-1.913305605264716
-2.2843154540913044,2.2843154540913044
-2.2843154540913044,2.2843154540913044
-2.2843154540913044,2.2843154540913044
-2.2843154540913044,0.0
0.0,0.0
1.53486462799016,-1.53486462799016
0.9867378025227911,-0.9867378025227911
0.0,0.0
0.0,2.3502413153877466
24.9999999999839,-1.5866433222948224
25.0,-1.6006396450791058
-13.204735517452036,-2.403187001071739
-25.0,0.0
-2.2826902497636734,2.2826902497636734
25.0,-1.4671993247026727
-25.0,2.1112977792400187
-1.9807904004210606,1.9807904004210606
-2.0579885527044866,2.0579885527044866
-2.021951303500969,2.021951303500969
-2.0917266900383034,2.0917266900383034
-2.0849325470146676,1.9736347677746477
2.014108193645286,-2.014108193645286
1.9982944624536016,-1.9982944624536016
2.0,-2.0
-2.0,2.0
-2.0,2.0
-2.0,2.0
25.0,-2.0
-2.0,2.0
-2.0,2.0
-22.7575,0.0
2.0,-2.0
2.0,-2.0
2.0,-2.0
2.0,-2.0
0.0,0.0
2.0,-2.0
2.0,-2.0
0.0,0.0
0.0,2.0000000000000004
-1.805000000000001,1.805000000000001
-1.8049999999999988,1.999999999999995
23.0,2.0
-2.0,2.0
-2.0,2.0
1.0681578947368475,2.0
23.0,2.0
22.999999999999996,2.0
25.0,0.0
0.0,0.0
0.0,0.0
-16.000000000000007,-2.0
-23.0,-2.0
-25.0,0.0
-25.0,0.0
-2.0,2.0
2.0,-2.0
0.0,-2.0
2.0,-2.0
24.9999999999706,-1.9279552148249977
1.9255513127782034,-1.9255513127782034
16.599357225896302,-1.9004452786097534
1.792903082277954,-1.7929030822779537
25.0,-1.6340580274061338
25.0,-1.813292582171087
-23.152960128859075,-1.8470398711409253
-25.0,0.0
2.227559532086577,-2.227559532086577
2.4801541534390816,-2.4801541534390816
-25.0,1.3266137856104692
-2.4286683114870513,2.4286683114870513
0.4243701292003461,2.420619920968239
22.78373737364557,2.2162626263544283
24.99999999999831,1.6910917111090384e-12
-25.0,2.191228168235803
22.99648640291576,2.0035135970842397
22.802473612740734,2.1975263872592663
22.60459125839767,2.3954087416023313
0.0,0.0
-1.858149641695146,1.858149641695146
0.0,0.0
0.0,0.0
-20.58076414090401,-1.981735859093991
24.999999999997783,3.552713678800501e-15
-2.0188580505263225,2.0188580505263225
-25.0,0.0
-25.0,0.0
-22.989655495561216,-2.010344504438784
-17.99250323223162,-2.0074967677683873
1.2858782758186464,-1.2858782758186464
1.7405037827940362,-1.7405037827940362
1.8740835867263552,-1.8740835867263552
2.018372698243624,-2.018372698243624
2.755959217179406,-2.755959217179406
0.0,0.0
1.717388012502978,-1.717388012502978
1.4715883231082412,-1.4715883231082412
1.7502026235329478,-1.7502026235329478
1.6179223519154213,-1.6179223519154213
1.7867094463363706,-1.7867094463363706
0.0,0.0
1.8075821190816441,-1.8075821190816441
1.5962834663337429,-1.5962834663337429
1.9834039814388156,-1.9834039814388156
1.7276359514030695,-1.7276359514030695
1.6437615228564706,-1.6437615228564706
1.7574961618669676,-1.7574961618669676
0.0,0.0
0.0,0.0
1.821300737048781,-1.821300737048781
1.8770095856634033,-1.8770095856634033
2.6384294893836486,-2.6384294893836486
1.8067187095592363,-1.8067187095592363
2.123874967293945,-2.123874967293945
1.8739251687511191,-1.8739251687511191
2.0046588138813224,-2.0046588138813224
2.027179806724516,-2.027179806724516
0.0,0.0
2.033512719126773,-2.033512719126773
0.0,0.0
0.0,0.0
2.0,-2.0
2.0,-2.0
2.0,-2.0
2.0,-2.0
2.0,-2.0
2.0,-2.0
2.0,-2.0
2.0,-2.0
2.0,-2.0
2.0,-2.0
2.0,-2.0
2.0,-2.0
0.0,2.0
-1.805,0.0
25.0,0.0
25.0,-2.0
25.0,-2.0
25.0,-2.0
-25.0,0.0
-23.0,-2.0
-23.0,-2.0
-7.834999999999987,-2.0
0.0,0.0
2.0,-2.0
2.0,-2.0
25.0,-2.0
25.0,-2.0
-23.0,-2.0
-4.349999999999995,-2.0
25.0,-2.0
25.0,-2.0
25.0,-2.0
25.0,-2.0
2.000000000000006,-1.9194142532761083
1.9194142532761067,-1.9194142532761067
-25.0,2.061084574344882
-22.54751066567854,2.093697454915347
22.791748556058025,2.2082514439419754
22.71736730298181,2.2826326970181903
-2.1090729849662724,2.1090729849662724
-2.158003942600535,2.158003942600535
-2.1509148959955064,2.1509148959955064
-1.899297290681508,1.899297290681508
-1.9346169253916212,1.9346169253916212
-2.323856833169387,2.323856833169387
-1.7658809539029203,1.7658809539029203
0.0,0.0
-2.2016604021509103,2.2016604021509103
0.0,0.0
-2.2748381460588014,2.2748381460588014
0.0,0.0
-2.0941791707047503,2.0941791707047503
0.0,0.0
-25.0,2.4567821373394736
24.97863475087039,-1.9929791173046425
1.9929791173046372,-1.8364293381102594
1.418666621022096,-1.418666621022096
-23.127275904580554,-1.8727240954169524
1.701621321509366,-1.701621321509366
1.927010337990998,-1.927010337990998
1.978385729163481,-1.978385729163481
-24.99999999997926,-2.0740742456837324e-11
-21.09622377318089,2.7536012508228893
-1.9738225340998792,1.9738225340998792
-2.258098857057858,2.258098857057858
-2.2177407733584324,2.2177407733584324
1.2234742165214954,-1.2234742165214954
-2.1547446978829115,2.1547446978829115
1.4911450537086157,-1.4911450537086157
1.6408872779989832,-1.6408872779989832
-2.1564961316728812,2.1564961316728812
-2.331435650088295,2.331435650088295
-2.803598216266616,2.803598216266616
1.41141663185258,-1.41141663185258
1.8508018246923186,-1.8508018246923186
1.8327888804163663,-1.8327888804163663
1.4419767846851546,-1.4419767846851546
1.5803495213025354,-1.5803495213025354
-22.99895860693569,-2.001041393064309
2.0049444080398677,-2.0049444080398677
1.5766680390333807,-1.5766680390333807
2.242252641502975,-2.242252641502975
1.1167320585773375,-1.1167320585773375
1.9146587851010057,-1.9146587851010057
2.2106725546146917,-2.2106725546146917
0.6207298144289748,1.532963927860974
-1.9437086024166785,1.9437086024166785
-1.9437086024166785,1.9437086024166785
-1.9437086024166788,1.9437086024166788
1.951508952041994,-1.951508952041994
1.759364200122776,-1.759364200122776
1.9813652967286068,-1.9813652967286068
-1.9437086024166785,1.9437086024166785
22.92408848094673,2.0759115190418136
-2.0,2.0
-2.0,2.0
-2.0,2.0
-2.0,2.0
-2.0,2.0
-2.0,2.0
-2.0,2.0
-2.0,2.0
-24.50620860240634,2.0
-1.9999999999999996,0.0
0.0,0.0
2.0,-2.0
0.0,0.0
2.0,-2.0
2.0,-2.0
0.0,0.0
0.0,2.0000000000000004
3.2631578947368425,2.0
25.0,0.0
25.0,-2.0
25.0,0.0
25.0,-2.0
2.0,-2.0
-2.0,2.0
-2.0,2.0
2.0,-2.0
2.000000000000006,-2.000000000000006
2.0,-2.0
-2.0,2.0
-2.0,2.0
2.000000000000006,-2.000000000000006
-2.0,2.0
2.0,-2.0
-2.0,2.0
2.000000000000006,-2.000000000000006
-2.0,2.0
1.9585954888502906,-1.9585954888502906
1.9516122678984162,-1.9516122678984162
1.9727487294022392,-1.9727487294022392
-2.1575880263838005,2.1575880263838005
1.7184079071119798,-1.7184079071119798
1.8319982106216337,-1.8319982106216337
-2.092907092509073,2.0923491590744687
2.0006182087918116,-2.0006182087918116
2.00061820879181,-2.00061820879181
2.0006182087918063,-2.0006182087918063
1.9754792957930958,-1.9754792957930958
2.0006182087918063,-2.0006182087918063
1.9592127361286202,-1.9592127361286202
1.9011427654209214,-1.9011427654209214
1.8951468659597612,-1.8951468659597612
2.0006182087918116,-2.04290539424945
2.0474738159470878,-1.8947776447824138
1.89477764478241,-1.7951365252422082
1.7951365252422118,-1.7951365252422118
-19.414577697615492,-1.6526588065095211
24.99999999998432,-1.8216668024895668
1.9600016702682428,-1.9600016702682428
1.8881543848934221,-1.8881543848934221
-23.17616457534743,-1.8238354246525716
1.7929508621017831,-1.7929508621017831
-2.374237536178626,2.374237536178626
-25.0,2.234716111453949
-22.23826706376395,2.3930734965490394
-2.8048428387652926,2.8048428387652926
-2.2863073550070325,2.2863073550070325
-2.458409866256348,2.458409866256348
-2.176642985009696,2.176642985009696
-2.268520361468669,2.268520361468669
-24.99999999998527,2.3078723963532397
-2.552327110826745,2.552327110826745
-2.8457841025807227,2.8457841025807227
-2.928493433189928,2.928493433189928
-2.928493433189928,0.0
0.0,0.0
0.0,0.0
0.0,0.0
1.0740488281816063,-1.0740488281816063
1.068381125322528,-1.068381125322528
1.052267934454795,-1.052267934454795
0.9934569968031663,-0.9934569968031663
1.1446590648254915,-1.1446590648254915
1.076892146820823,-1.076892146820823
0.9832343037955393,-0.9832343037955393
1.1474121293991377,-1.1474121293991377
0.0,0.0
0.0,2.369966562320343
1.6444931248331027,-1.1128770107974688
-2.5365837722836657,2.5365837722836657
-2.6186783654112693,2.6186783654112693
-2.5837913821833265,2.5837913821833265
1.4961169166565433,-1.4961169166565433
-2.1712908558064687,2.1712908558064687
1.9084850598847716,-1.9084850598847716
-1.8977010402368024,1.8977010402368024
1.9488071287407218,-1.9488071287407218
-2.0,2.0
-2.0,2.0
-2.0,2.0
-2.0,2.0
-2.0,2.0
2.0,-2.0
-2.0,2.0
2.0,-2.0
-2.0,2.0
-2.6186783654112693,2.0
-2.0,2.0
-2.0,2.0
-2.0,0.0
0.0,0.0
0.0,0.0
0.0,0.0
0.0,2.0
2.0,-2.0
-1.8050000000000004,2.0
-1.9809875,2.0
-1.99814628125,1.99814628125
-1.99794601800554,2.0
-2.0,2.0
-2.0,2.0
-2.0,2.0
-2.0,2.0
-2.0,2.0
-2.0,2.0
-2.0,2.0
-2.0,2.0
-2.0,2.0
-2.0,2.0
-2.0,2.0
-2.0,2.0
-2.0,2.0
-2.0,2.0
1.0038023943988694,2.043289018405682
-2.0368629353469543,2.0368629353469543
-2.0641697234866627,2.0641697234866627
-2.1873260654653386,2.1873260654653386
22.60738061393258,2.392619386058268
22.77406125415687,2.2259387457901205
22.98720790628644,2.0127920937135606
22.953642861102857,2.046357138897143
-2.065738410544865,2.065738410544865
-2.0768901523953156,2.0768901523953156
-1.9739557061826485,1.9739557061826485
-1.9714266989046614,1.9714266989046614
-1.6019871445895895,1.6019871445895895
-2.070982613557792,2.070982613557792
-2.1550886731677856,2.1550886731677856
-25.0,2.257810422736412
22.764963265711707,2.2350367342882933
-2.0247936972733385,2.223895721942144
-2.232958997338171,2.232958997338171
-2.2452688945055943,2.2452688945055943
-2.225131508378457,2.225131508378457
0.0,0.0
-2.234145554284172,2.234145554284172
-2.227085540455482,2.227085540455482
-2.193354503528921,2.193354503528921
-2.2983218752325776,2.2983218752325776
0.0,-1.6039336028988735
-23.48836411761159,-1.5116358823303067
-2.7075047757654787,2.7075047757654787
-2.4488164271184907,2.4488164271184907
-2.3707737997320084,2.3707737997320084
-2.322778833561001,2.322778833561001
-2.467364584314769,2.467364584314769
-2.490549149662799,2.490549149662799
1.29350632222787,-1.29350632222787
25.000000000000032,-1.2287152637978629
1.270841822264675,-1.270841822264675
0.8721012540038746,-0.8721012540038746
0.7722240853690892,-0.7722240853690892
5.115333874831216,-0.579010958837987
0.8158294219872122,-0.8158294219872122
1.0111632034856335,-1.0111632034856335
1.1704351210353732,-1.1704351210353732
1.170435121035376,-1.170435121035376
-23.438168340822777,-1.5618316591772228
1.494458577095049,-1.494458577095049
-25.0,2.7890452215534083
-2.743268738183028,2.743268738183028
-2.7880801973138176,2.7880801973138176
-2.6517239763573226,2.6517239763573226
-2.5882633764603877,2.5882633764603877
1.5913699845121494,-1.5913699845121494
-2.252158498560126,2.252158498560126
-2.257395127805311,2.257395127805311
1.708758650883742,-1.708758650883742
1.7034295585573935,-1.7034295585573935
1.8671857777567755,-1.8671857777567755
-1.9625202636155907,1.9625202636155907
-1.932134070760803,1.932134070760803
-2.0073917803577563,2.0073917803577563
-2.0,2.0
2.0,-2.0
2.0,-2.0
2.0,-2.0
-2.0,2.0
2.0,-2.0
-2.0,2.0
-2.0,2.0
-25.0,2.0
-23.732727524818987,2.0000000000000036
-2.0,2.0
-2.0,2.0
-2.0,0.0
0.0,0.0
0.0,0.0
0.0,0.0
0.0,2.0000000000000004
-1.8050000000000002,2.0
-1.9809875,1.9809875
25.0,-2.0
11.068157894736855,-2.0
25.0,-2.0
25.0,-2.0
25.0,-2.0000000000000036
2.000000000000006,-2.000000000000006
2.0,-2.0
2.0,-2.0
2.0,-2.0
2.0,-2.0
2.0,-2.0
2.0,-2.0
2.0,-2.0
2.0,-2.0
2.0,-2.0
2.0,-2.0
2.0,-2.0
1.9964716202623227,-1.9527252234527355
1.9562536031904174,-1.9562536031904174
1.91466031612632,-1.91466031612632
1.9562536031904152,-1.8232832496482492
1.6686231649518142,-1.6686231649518142
-2.1879881735111817,2.1879881735111817
-2.0296970588838223,2.0296970588838223
-2.090670622799,2.090670622799
1.8232832496482545,-1.8232832496482545
-1.9934815105647505,1.9934815105647505
-2.0208228121076477,2.0208228121076477
-22.822296467165227,1.9053095999727745
25.0,0.0
-2.0125749790383374,2.0125749790383374
-2.200832968025269,2.200832968025269
-25.0,2.2969926789941404
-2.1394200285014318,2.2951068108267734
24.999999999952607,3.552713678800501e-15
0.0,0.0
-25.0,2.1948187652920694
22.82138909767242,2.1786109023275806
0.26889887502263043,4.9404924595819466e-15
-2.3139162630100945,2.3139162630100945
-25.0,2.3206493425313184
-2.3101117070151584,2.3101117070151584
-2.358947361405347,2.358947361405347
-25.0,0.0
-25.0,2.5239721867012506
-24.84462152923257,2.570174694507031
-2.5200148930568886,2.501466735860608
-2.4866688559904624,2.4866688559904624
-2.510357076893232,2.510357076893232
-2.551626537310751,2.551626537310751
-2.551626537310751,2.551626537310751
-2.551626537310751,2.551626537310751
1.2177699071183419,-1.2177699071183419
1.0319342615137188,-1.0319342615137188
1.0599376365865876,-1.0599376365865876
3.7934312237980112,-1.2393753418924973
24.99999999995025,-8.167688747562352e-12
-2.8915025203984257,2.8915025203984257
1.1668426305371682,-1.1668426305371682
1.225059658568492,-1.225059658568492
1.2253121174931714,-1.2253121174931714
-25.0,0.0
1.2167341943798409,-1.2167341943798409
-2.419161970678209,2.419161970678209
1.3592396835942395,-1.3592396835942395
1.2423707670338349,-1.2423707670338349
-2.419161970678209,2.419161970678209
1.2992150496622035,-1.2992150496622035
1.612978575022865,-1.612978575022865
1.7034863618154468,-1.7034863618154468
-2.419161970678209,2.419161970678209
-2.419161970678209,2.419161970678209
-2.343538846511133,2.343538846511133
-2.189656295856008,2.189656295856008
-2.0328938200175894,2.0328938200175894
-1.9713962460468721,1.9713962460468721
-2.046411614799486,2.046411614799486
-2.0,2.0
2.0,-2.0
-2.0,2.0
2.0,-2.0
-2.0,2.0
2.0,-2.0
-2.0,2.0
2.0,-2.0
-2.419161970678209,1.9999999999999996
-1.9999999999999996,1.9999999999999996
-2.0,2.0
25.0,-2.0
-22.7575,2.0
-2.0,2.0
-1.9999999999999996,0.0
0.0,0.0
0.0,0.0
25.0,-2.0
25.0,-2.0
25.0,0.0
2.0,-2.0
2.0,-2.0
11.263157894736855,-2.0
25.0,-2.0
2.0,-2.0
2.0,-2.0
2.0,-2.0
2.0,-2.0
2.000000000000006,-2.0000000000000004
2.0,-2.0
2.0,-2.0
2.0,-2.0
2.0,-2.0
2.0,-2.0
2.0,-2.0
2.000000000000002,-2.000000000000002
1.9646812688660233,-1.8934931281031777
1.928811859237159,-1.928811859237159
1.904377459494291,-1.904377459494291
1.8048862029247417,-1.8048862029247417
1.8436023568927817,-1.6880844345212938
1.773293936865678,-1.773293936865678
1.7450306868872123,-1.7450306868872123
-22.887217446709204,-2.1127825532907956
2.0585704705258747,-2.0585704705258747
1.5220801080443414,-1.5220801080443414
-25.0,1.8268333743831562
-25.0,0.0
24.999999999991616,-2.4014147394204812
22.873481472190996,2.1265185278090044
-2.169002315654243,2.169002315654243
1.7160727015053912,-1.7160727015053912
25.0,-1.687621842988527
11.940631489495628,0.0
-2.2490608275542954,2.2490608275542954
-24.99999999996158,2.265052838138182
22.88449877962826,2.1155012203359504
-1.9603388393092462,2.151416026960999
-2.443411281541085,2.443411281541085
-2.28170250422086,2.28170250422086
-2.278352374290348,2.278352374290348
-2.2999843172516012,2.2999843172516012
-24.999999999967788,2.3124721979609184
-24.99999999999026,2.4470113458070273
-5.031962360280641,3.02698270888628
-25.0,2.4776989903965614
-24.999999999953346,2.402419525940708
-2.2755084245038244,2.2755084245038244
-2.3345573046919745,2.3345573046919745
-2.483710037393207,2.483710037393207
-2.6346224087994656,2.6346224087994656
-2.6346224087994656,2.9156091919688585
-2.8882129806098424,2.8882129806098424
-2.8882129806098424,2.8882129806098424
-2.8882129806098424,2.8882129806098424
-2.8882129806098424,3.0743759119363534
-3.0562250261320187,3.0562250261320187
1.0602424807381414,-1.0602424807381414
-2.8797284672986407,2.8797284672986407
-2.830024354207543,2.830024354207543
-2.8692665694598816,2.8692665694598816
-2.88760013657018,2.88760013657018
-3.0562250261320187,3.0562250261320187
-2.9702728606353013,2.9702728606353013
-2.776234193420498,2.776234193420498
-2.64345657772135,2.64345657772135
-2.4203365358252853,2.4203365358252853
22.612724222610417,2.3872757773437527
-1.9781099177882657,1.9781099177882657
-2.3588059844075318,2.3588059844075318
22.49751112106809,2.50248887893191
22.514575766508212,2.4854242334917878
-2.2922650700558362,2.2922650700558362
23.04730733117491,1.9526926688250903
-1.9278324862579035,1.9278324862579035
-0.1796136444922345,2.056372618352997
-2.0,2.0
-2.0,2.0
-2.0,2.0
-2.0,2.0
-3.0000000000000018,2.0
-25.0,2.0
-25.0,2.0
-25.0,2.0
-25.0,0.0
2.0,-2.0
2.0,-2.0
0.21606648199446,2.0
-2.0,2.0
25.0,-2.0
4.484764542936289,-2.0
-25.0,0.0
0.0,0.0
0.0,0.0
0.0,2.0
23.0,2.0
2.0,-2.0
-2.0,2.0
-2.0,2.0
-2.0,2.0
-2.0,2.0
-2.0,2.0
-2.0,2.0
-2.0,2.0
25.0,-2.0
2.0,-2.0
2.0,-2.0
25.0,-2.0
2.0,-2.0
25.0,-2.0
-2.0,2.0
-2.0,2.0
1.9355980198498244,-1.9355980198498244
1.9498222552290176,-1.9498222552290176
1.938248073662667,-1.938248073662667
1.8621366140556783,-1.8621366140556783
1.786328233360104,-1.786328233360104
1.627922565495671,-1.627922565495671
2.0534995174500117,-2.0534995174500117
1.8783611876314108,-1.8783611876314108
8.933540580053581,-1.8506869558815922
-1.802990522389016,1.802990522389016
-1.9092839345945567,1.9092839345945567
2.180304270564873,-2.180304270564873
2.1803042705648616,4.440892098500626e-15
0.0,0.0
0.0,0.0
-2.284636076925649,2.284636076925649
-2.3582152305237756,2.3582152305237756
-2.28908187858927,2.28908187858927
-2.3404446468155182,2.3404446468155182
-2.368982603661399,2.368982603661399
-2.229901719760294,2.229901719760294
-2.32908147061565,2.32908147061565
-2.452331917644667,2.452331917644667
-2.4381841195055713,2.4381841195055713
-2.5620808613817694,2.5620808613817694
-2.479384153718808,2.479384153718808
-25.0,2.5652100897531867
-25.0,2.6044472558270293
-25.0,2.742635697429396
-5.523786427424486,2.617873021441536
-25.0,2.7379475351980744
-2.74432717222475,2.74432717222475
-2.74432717222475,2.727955210959223
-2.727955210959223,2.727955210959223
-2.727955210959223,2.727955210959223
-2.727955210959223,2.727955210959223
-2.727955210959223,2.727955210959223
-2.727955210959223,2.727955210959223
-2.727955210959223,2.727955210959223
1.1618301495008225,-0.9243495219084361
-2.9422814773613517,2.9422814773613517
0.6215218860176233,-0.6215218860176233
-2.9422814773613517,2.9422814773613517
-2.9422814773613517,2.65930594901279
-2.6593059490127904,2.6593059490127904
-2.6593059490127904,2.6593059490127904
-2.5452746707657905,2.5452746707657905
-2.6593059490127904,2.6593059490127904
-2.6368307932431083,2.6368307932431083
-2.6593059490127904,2.6593059490127904
-2.5003584411812607,2.5003584411812607
-2.408131409111606,2.408131409111606
-2.0250287777928246,2.0250287777928246
-2.061295133470489,2.061295133470489
-2.1717563269488487,2.1717563269488487
-2.6593059490127904,2.6593059490127904
-2.3573696509129265,2.3573696509129265
-2.0849350716039146,2.0849350716039146
2.060370265978605,-2.060370265978605
-2.0430931211279746,2.0430931211279746
2.0,-2.0
-2.0,2.0
-2.0,2.0
-2.0,2.0
-2.0,2.0
-2.0,2.0
-2.6593059490127904,2.0
-2.0,2.0
0.0,-2.0
2.0,-2.0
2.0,-2.0
0.21606648199446,2.0
-2.0,2.0
-2.0,2.0
-2.0,0.0
0.0,0.0
0.0,0.0
25.0,-2.0
2.0,-2.0
2.0,-2.0
2.0,-2.0
-2.0,2.0
2.0,-2.0
2.0,-2.0
-2.0,2.0
2.0,-2.0
2.0,-2.0
2.0,-2.0
2.0,-2.0
2.0,-2.0
2.0,-2.0
2.0,-2.0
2.0,-2.0
2.0,-2.0
9.26315789479318,-2.0
2.0,-2.0
1.9589552693212164,-1.9589552693212164
1.966376398645322,-1.966376398645322
-2.0490335486574436,2.0490335486574436
1.8151847667424068,-1.8151847667424068
22.540293007677985,2.4597069923220154
22.86745401536425,2.132545984635751
1.8941521777965198,-1.8941521777965198
24.999999999943665,-2.060705326307705
2.043307119513341,-2.010698578080648
2.0280967848750038,-2.0280967848750038
-1.6825436317185751,1.6825436317185751
-1.8999170773415983,1.8999170773415983
1.623419645000344,-1.5384785774969623
1.9232095688799333,-1.9232095688799333
1.7348285061672186,-1.7348285061672186
1.9431557173716385,-1.9431557173716385
1.9431557173716278,-1.9431557173716278
1.9431557173716243,6.8833827526759706e-15
0.0,0.0
-2.151215953263188,2.151215953263188
-2.2393468392799,2.2393468392799
-2.1508833386299226,2.1508833386299226
-2.245839451675373,2.245839451675373
-2.38169201707713,2.38169201707713
0.0,0.0
-2.060092797841696,2.060092797841696
-25.0,1.8854518121047263
-25.0,1.8105188475229852
-3.312370583243748,2.5722921937377876
-25.0,2.295857244980386
-25.0,2.2677074437311973
-2.5194569588333415,2.5194569588333415
-2.222589878154233,1.9410388492881816
-2.2379059299672903,2.2379059299672903
-2.2379059299672903,2.2379059299672903
-2.2379059299672903,2.2379059299672903
-2.2379059299672903,2.2379059299672903
1.539980076951501,-1.539980076951501
-2.2379059299672903,2.2379059299672903
-2.1985273868956217,2.1985273868956217
2.085966050737577,-2.085966050737577
-2.2379059299672903,2.2379059299672903
-2.1477377004284044,2.1477377004284044
-2.2379059299672903,2.2379059299672903
1.3858778870318993,-1.3858778870318993
1.4978194365298574,-1.4978194365298574
-2.2379059299672903,2.2379059299672903
-2.2379059299672903,2.2379059299672903
-2.2379059299672903,2.2379059299672903
-1.9849868988965635,1.780451620740852
-2.0333706518115786,2.0333706518115786
-2.0333706518115786,1.8166958862626075
-1.8166958862626075,1.8166958862626075
-1.761411799788763,1.761411799788763
1.858758698850938,-1.858758698850938
1.9230859234500794,-1.7199788722175116
-2.0,2.0
-2.0,2.0
-1.8531896127593144,1.8531896127593144
-1.9215786645031443,1.9215786645031443
-2.0,2.0
-2.0,2.0
-2.0,2.0
2.0,-2.0
2.0,-2.0
2.0,-2.0
2.0,-2.0
2.0,-2.0
2.0,-2.0
-2.0,2.0
-2.0,2.0
-2.0,2.0
-2.0,0.0
0.0,0.0
0.0,0.0
0.0,0.0
0.0,2.0000000000000004
-1.8050000000000002,2.0
25.0,-2.0
25.0,0.0
2.0,-2.0
25.0,-2.0
9.068157894736853,-2.000000000000001
25.0,0.0
0.0,-1.8050000000000055
2.000000000000006,-2.000000000000006
2.0,-2.0
2.0,-2.0
-3.563148764060151,-2.0
-23.0,-2.0
-23.0,-2.0
-25.0,0.0
2.0,-2.0
25.0,-2.0
25.0,-2.0
-23.0,-2.0
-25.0,0.0
1.939327372546964,-1.939327372546964
25.0,-1.8940179899610463
-25.0,0.0
25.0,-1.5858603446079442
25.0,-1.8560911547380314
25.0,-1.7987542616328795
13.31559103021166,-1.9685480360159922
-25.0,1.9794479500890745
-25.0,2.1345826970106145
-1.9611377354293076,1.9611377354293076
25.0,-2.9100277743054903e-11
25.0,-5.717026851925766e-11
25.0,-2.8599345114344032e-12
0.0,-1.518307086564872
1.6823347219584015,-1.6823347219584015
1.6823347219583997,1.7763568394002505e-15
-2.383863794976694,2.383863794976694
-2.3351859274144235,2.3351859274144235
-2.3502703481640843,2.3502703481640843
-2.355784051079109,2.355784051079109
-2.3680384072830947,2.3680384072830947
0.0,0.0
0.0,-1.5983921295021375
1.7710716116367191,-1.6058989956275145
1.580937119449727,-1.580937119449727
1.5252345823082223,-1.5252345823082223
-23.545687441107646,-1.4543125588923544
-25.0,2.899179165150649
1.3704873598360674,-1.3704873598360674
-24.052819381241356,2.602964059644531
1.4059755108784042,-1.4059755108784042
1.328936407717526,-1.328936407717526
1.1969205868236052,-1.1969205868236052
1.0491538536188614,-1.0491538536188614
0.92338639111078,-0.92338639111078
-3.3007781995861496,3.3007781995861496
0.5671163566016659,-0.5671163566016659
0.5103743198377888,-0.5103743198377888
-3.494440071855868,3.494440071855868
-3.423071196143317,3.423071196143317
-3.427841407525154,3.427841407525154
0.7757111742662364,-0.7757111742662364
0.7812905165016755,-0.7812905165016755
0.9292510119311093,-0.9292510119311093
0.9023294233504888,-0.9023294233504888
0.9170875409400008,-0.9170875409400008
0.9551671828441819,-0.9551671828441819
1.1552345691803598,-1.1552345691803598
1.1176693123352113,-1.1176693123352113
1.217188620444265,-1.217188620444265
-2.694275296964907,2.694275296964907
-2.170172462770136,2.170172462770136
-2.646001363682129,2.646001363682129
-2.475923888582404,2.475923888582404
-2.4393328076128693,2.4393328076128693
-2.2839214603819746,2.2839214603819746
1.997350601372306,-1.997350601372306
2.0245213353542164,-2.0245213353542164
1.9966831039201218,-1.9966831039201218
2.0,-2.0
2.0,-2.0
-2.0,2.0
-2.0,2.0
-2.0,2.0
-2.0,2.0
-25.0,2.0
-2.0,2.0
-1.9999999999999996,0.0
2.0,-2.0
2.0,-2.0
2.0,-2.0
0.0,0.0
0.0,0.0
0.0,0.0
0.0,0.0
2.0,-2.0
0.0,0.0
0.0,0.0
0.21606648199445955,2.0000000000000004
-2.0,2.0
-2.0,2.0
-2.0,2.0
-2.0,2.0
-1.9999999999999847,1.9999999999999847
-2.0,2.0
-2.0,2.0
-2.0,2.0
-2.0,2.0
-2.0,2.0
-2.0,2.0
-2.0,2.0
-2.0,2.0
-2.0,2.0
-2.0,2.0
-2.0000000000000004,2.0000000000000004
-2.0000000000000004,2.0000000000000004
-2.0000000000000004,2.0000000000000004
10.254973909105415,-1.9567765420213217
25.0,-1.780905366349586
25.0,-1.6220338032906731
24.999999999989008,-1.8481667846659668
-2.05331332899306,2.05331332899306
23.167414348993518,1.832585650981997
0.0,0.0
0.0,0.0
0.0,0.0
0.0,0.0
-1.7176890697706604,1.7176890697706604
-2.0025750810317398,2.0025750810317398
-2.138902269211899,2.138902269211899
-2.270704762314468,2.270704762314468
0.0,0.0
-2.3330311904922745,2.3330311904922745
-2.352064068823939,2.352064068823939
-24.903916613675534,2.341416613675534
22.736232177788445,2.2637678222115554
-2.289097026124752,2.289097026124752
-2.390161382852849,2.390161382852849
-20.95888701993547,-1.6036129800645291
25.0,-1.524864729983566
1.5248647299835596,-1.5248647299835596
-2.3930280539425937,2.3930280539425937
-25.0,2.4362818415081087
-2.7119101840011535,2.7119101840011535
-2.6009974046212694,2.6009974046212694
-24.999999999999996,2.539100787762731
-3.3465627750544193,2.585170754633052
-24.999999999968036,2.7040334655511202
-25.0,2.771948703174047
1.0691574365159227,-1.0691574365159227
0.9127111654806654,-0.9127111654806654
0.7345685744583665,-0.7345685744583665
0.6335850045861697,-0.6335850045861697
0.5710288387868996,-0.5710288387868996
0.6275846870938242,-0.6275846870938242
0.5858677432323081,-0.5858677432323081
-3.3137823587964395,3.3137823587964395
-3.3137823587964395,3.3137823587964395
-3.1828590538990724,3.1828590538990724
-3.3137823587964395,0.0
0.9263616195381417,-0.9263616195381417
0.8849185936099051,-0.8849185936099051
0.8229676980825538,-0.8229676980825538
0.9966569136734904,-0.9966569136734904
0.0,0.0
1.338999420455293,-1.338999420455293
1.5338156611581137,-1.5338156611581137
1.81664034529918,-1.81664034529918
1.5007372305518523,-1.5007372305518523
3.746154740108583,-1.4611747080388273
1.3550501277391662,-1.3550501277391662
1.5411710519286803,-1.5411710519286803
-2.061344678534458,2.061344678534458
-1.9397607759819873,1.9397607759819873
-2.0621944789429563,2.0621944789429563
25.0,-2.0
25.0,-2.0
2.0,-2.0
2.0,-2.0
-2.0,2.0
-2.0,2.0
-25.0,2.0
2.0,-2.0
2.0,-2.0
-20.57719447894295,0.0
0.0,0.0
23.0,2.0
-22.5625,0.0
2.0,-2.0
0.0,0.0
2.0,-2.0
25.0,0.0
25.0,0.0
25.0,0.0
25.0,0.0
2.0,-2.0
2.0,-2.0
2.0,-2.0
5.2631578947368425,-2.000000000000001
2.0,-2.0
2.0,-2.0
2.0,-2.0
2.0,-2.0
2.0,-2.0
2.0,-2.0
2.0,-2.0
2.0,-2.0
2.0,-2.0
2.000000000000006,-2.000000000000006
2.0,-2.0
2.0,-2.0
1.9297482550291585,-1.9297482550291585
1.9141584233463007,-1.9141584233463007
1.9031185277026585,-1.9031185277026585
1.765586237693384,-1.765586237693384
1.59458276100895,-1.59458276100895
1.8499683946672194,-1.8499683946672194
1.9176824367280045,-1.9193633571624265
1.884891668865584,-1.884891668865584
2.00186251571683,-2.00186251571683
1.9862794885909265,-1.9862794885909265
2.001862515716832,-2.001862515716832
-18.712267390468956,-2.043551689096631
25.0,-2.2441795342455997
2.244179534245612,-1.975771516998412
-2.3003655302278663,2.3003655302278663
-2.271343483393908,2.271343483393908
-0.30053341541277456,2.2763049324111932
0.0,0.0
-2.3160091474956843,2.3160091474956843
-2.3341659933587167,2.3341659933587167
-2.3515376919659765,2.3515376919659765
-2.2966543840350635,2.2966543840350635
-2.321226211174217,2.321226211174217
-2.3227927188018587,2.3227927188018587
-2.3402679255682397,2.3402679255682397
0.0,0.0
-5.572402442550191,2.4384492013764887
-25.0,2.5553073884325954
-25.0,2.920239288647494
-25.0,2.6584065640936174
-25.0,2.602594207319875
-2.581810526345551,2.581810526345551
-2.6025942073198807,0.0
1.2018170276677846,-1.2018170276677846
0.9792353544286012,-0.9792353544286012
4.68968962445523,-0.7846589497042267
0.526260928820621,-0.526260928820621
-3.52429018396278,3.52429018396278
0.3621424310643242,-0.3621424310643242
-3.52429018396278,3.52429018396278
-3.52429018396278,3.52429018396278
0.5261523714830094,-0.5261523714830094
0.42670880105136,-0.42670880105136
24.33150387393072,-0.5357035237509784
-25.0,3.4103207581523236
0.7256409957343521,-0.7256409957343521
0.8207233382421464,-0.8207233382421464
0.9245016284105549,-0.9245016284105549
-2.9791802426453415,2.9791802426453415
-2.8835570068914222,2.8835570068914222
-2.7513152352599075,2.7513152352599075
-2.6608819238501056,2.6608819238501056
-2.335279968363868,2.335279968363868
1.392039778236045,-1.392039778236045
1.4827725690452436,-1.4827725690452436
2.7500745972414298,-1.34322779187004
1.4820751512658141,-1.4820751512658141
-2.1521211762949957,2.1521211762949957
-1.9340944932043607,1.9340944932043607
-2.022625763296936,2.022625763296936
23.0,2.0
25.0,-2.0
-2.0,2.0
-2.0,2.0
-2.0,2.0
-2.0,2.0
-25.0,2.0
-25.0,0.0
0.0,0.0
0.0,0.0
0.0,0.0
0.0,0.0
0.0,0.0
2.0,-2.0
0.0,0.0
0.0,0.0
23.0,2.0
25.0,0.0
25.0,0.0
25.0,0.0
2.0,-2.0
2.0,-2.0
2.0,-2.0
5.2631578947368425,-2.000000000000001
-2.0,2.0
-2.0,2.0
2.0,-2.0
2.0,-2.0
2.0,-2.0
2.0,-2.0
2.0,-2.0
2.0,-2.0
2.0,-2.0
2.0,-2.0
2.0,-2.0
2.0,-2.0
1.931000811246775,-1.931000811246775
1.944283074672124,-1.944283074672124
1.9202574118453197,-1.9202574118453197
1.885716272690019,-1.8029924256926286
1.6540438987317576,-1.6540438987317576
1.8775678354606025,-1.8775678354606025
1.9172761530026303,-1.9172761530026303
-23.02681082222741,-1.9731891777725892
24.99999999996294,-2.0163208383332822
6.600971528457737,-1.9187353655872847
1.9521918534332539,-1.9521918534332539
-18.664537409897612,-2.1361094423576183
24.999999999976446,-3.552713678800501e-15
0.0,0.0
0.0,0.0
0.0,0.0
-2.157661229610282,2.157661229610282
0.0,0.0
-2.361746499732746,2.361746499732746
-25.0,2.347233267300176
22.518355076552552,2.481644923389318
-2.0201418093451746,2.1201603497909276
-1.999118918352865,1.999118918352865
-24.755532618351957,2.193032618399961
22.67629337983759,2.323706620109199
-2.287490125069162,2.287490125069162
-25.0,2.437592103327198
-25.0,2.6528852874108537
-5.0197357744728475,2.4851225450767935
-25.0,2.5279118082208925
-2.3258537832636126,2.3258537832636126
-2.230540440839734,2.230540440839734
-24.999999999996906,2.231368506112684
-2.315144475678661,2.315144475678661
-2.315144475678661,2.315144475678661
-2.315144475678661,2.315144475678661
-2.315144475678661,2.315144475678661
-2.315144475678661,2.315144475678661
-2.315144475678661,2.315144475678661
-2.315144475678661,2.5385027887973735
-2.516725353268299,2.516725353268299
-2.516725353268299,2.516725353268299
-2.516725353268299,2.685733980395657
-2.66925563925074,2.66925563925074
-2.426032640313389,2.426032640313389
-2.4630424875242376,2.4630424875242376
-2.66925563925074,2.66925563925074
1.3222702298113393,-1.3222702298113393
-2.4888968060007652,2.4888968060007652
-2.450354533117107,2.450354533117107
1.6526297737331834,-1.6526297737331834
1.8940442516062195,-1.8940442516062195
-2.0622140839563263,2.0622140839563263
-2.0733405799143076,2.0733405799143076
-2.122004877809375,2.122004877809375
23.037619219887045,1.9623807800597035
-2.0932984046312684,2.0932984046312684
-1.9196202341182884,1.9196202341182884
-1.9288652799400885,1.9288652799400885
-2.0293586850313368,2.0293586850313368
-2.0,2.0
-2.0,2.0
2.0,-2.0
-2.0,2.0
-2.0,2.0
-2.0,2.0
-25.0,2.0
-2.23175563920268,2.0
-2.0,0.0
0.0,0.0
0.0,0.0
23.0,2.0
-22.5625,0.0
0.0,0.0
2.0,-2.0
0.0,0.0
0.0,2.0000000000000004
-1.8050000000000002,2.0
23.0,2.0
25.0,0.0
23.0,2.0
1.0681578947368364,2.0
-2.0,2.0
25.0,0.0
0.0,-2.0
-18.5625,-2.0
2.0,-2.0
25.0,-2.0
2.0,-2.0
2.0,-2.0
-2.0,2.0
2.000000000000006,-2.000000000000006
2.000000000000006,-2.000000000000006
2.0,-2.0
2.000000000000006,-2.0000000000000004
2.0,-2.0
2.0,-2.0
2.000000000000006,-2.000000000000006
1.9932441843830349,-1.9932441843830349
2.000000000000006,-1.8167983065555127
1.8167983065555107,-1.653465925581067
-24.9999999999859,-1.4100720591159188e-11
1.9813275067833183,-1.9813275067833183
6.320807958631812,-1.9665110080674761
24.999999999947477,-1.9864233901779933
-18.84245348690258,-1.927299403459756
1.9218431349501,-1.9218431349501
1.9715560841035593,-1.9715560841035593
24.999999999997755,-2.071319646222239
2.07131964622225,-1.9498181083939468
1.9498181083939308,-1.8090154546265131
1.8090154546265165,-1.8090154546265165
1.809015454626513,3.552713678800501e-15
0.0,0.0
0.0,0.0
-2.330880240453995,2.330880240453995
0.0,0.0
-2.390643579398988,2.390643579398988
-2.415360570419832,2.415360570419832
-2.4103972279606136,2.4103972279606136
-2.3396771716844924,2.3396771716844924
-2.4620856681996948,2.4620856681996948
-25.0,2.4433166094443237
-24.999999999969425,2.5025131781034062
-2.52971184035386,2.52971184035386
-4.707374658472871,2.6187440047316826
-24.999999999999996,2.4914390673723013
-24.999999999993406,2.337990746067618
-2.6866289472836478,2.6866289472836478
-2.6866289472836478,0.0
1.388374074649679,-1.388374074649679
0.0,0.0
1.1186797791812495,-1.1186797791812495
1.0447433962046961,-1.0447433962046961
0.0,0.0
0.9153884923769038,-0.9153884923769038
0.0,0.0
0.7692160372815167,-0.7692160372815167
0.9042758816597782,-0.9042758816597782
0.9575163131383366,-0.9575163131383366
1.003923943820416,-1.003923943820416
8.180795510369833,-1.160466780394363
1.1306621108938941,-1.1306621108938941
24.99999999999646,-1.2658576519441738
1.3073316040906828,-1.3073316040906828
1.3448697216014285,-1.3448697216014285
1.4506253962973972,-1.4506253962973972
24.999999999949285,-1.5993464242374316
1.7885416669822414,-1.7885416669822414
1.737350570824777,-1.737350570824777
1.7764829664448767,-1.7764829664448767
1.5480391969746132,-1.5480391969746132
1.6909424667822113,-1.6909424667822113
-2.030219175497428,2.030219175497428
-1.85431818304605,1.85431818304605
-1.956913722875687,1.956913722875687
25.0,0.0
25.0,0.0
1.1080332409972315,-1.1080332409972315
1.1080332409972315,-1.1080332409972315
-2.0,2.0
-25.0,2.0
-25.0,2.0
-25.0,2.0
-25.0,0.0
2.0,-2.0
0.0,0.0
0.0,0.0
0.0,0.0
0.0,0.0
0.0,0.0
0.0,0.0
2.0,-2.0
23.0,2.0
23.0,2.0
-2.0,2.0
-2.0,2.0
9.162249431394754,-2.0
25.0,-2.0
25.0,-2.0
2.0,-2.0
2.0,-2.0
2.0,-2.0
-2.0,2.0
-2.0,2.0
-2.0,2.0
-2.0,2.0
-2.0,2.0
-2.0,2.0
2.0,-2.0
2.0,-2.0
2.0,-2.0
2.0,-2.0
2.0,-2.0
1.9957334377011744,-1.9957334377011744
1.8002499229747821,-1.8002499229747821
1.5763143993052937,-1.5763143993052937
-2.127387459870392,2.127387459870392
1.9955450467003568,-1.9955450467003568
1.882972034317044,-1.882972034317044
2.1009084633421056,-2.1009084633421056
2.100908463342096,-2.1226123570968873
2.1246124629276704,-2.1246124629276704
-22.76738624024133,-2.232613759758671
6.591346561638873,-1.765558437626641
25.0,-1.897552799511967
1.8975527995119554,-1.850548103473014
1.8505481034730114,-1.7961299511108235
-0.6358020231250308,2.4319319742358627
-2.1148650238457556,2.1148650238457556
-2.2685740089901625,2.2685740089901625
-2.2676190831075598,2.2676190831075598
-2.3920838575642875,2.3920838575642875
-2.161824908425574,2.161824908425574
-2.2027017952152175,2.2027017952152175
-25.0,2.2081637440506796
-2.349405676347052,2.349405676347052
-4.44340613137903,2.3334452231287526
-25.0,2.4074699667289394
-25.0,2.4943271974706462
-2.5576842892084617,2.5576842892084617
1.441733792970151,-1.441733792970151
-25.0,0.0
1.5055756058433545,-1.5055756058433545
1.4741747647915968,-1.4741747647915968
0.0,0.0
1.4643023585419623,-1.4643023585419623
1.4684578324422048,-1.4684578324422048
0.0,0.0
1.426639273863504,-1.426639273863504
1.3132713314411042,-1.3132713314411042
1.1306337092648668,-1.1306337092648668
1.2134112037837337,-1.2134112037837337
1.053716417535151,-1.053716417535151
0.0,0.0
0.0,0.0
0.0,0.0
1.241643685330752,-1.241643685330752
1.4617544168446255,-1.4617544168446255
1.025451747475234,-1.025451747475234
1.1223915565213627,-1.1223915565213627
1.2102649344349015,-1.2102649344349015
1.40381824936701,-1.40381824936701
1.7896127239701975,-1.7896127239701975
2.31656077024612,-2.31656077024612
1.9804483185781203,-1.9804483185781203
2.1846894820865748,-2.1846894820865748
1.3616266827270942,-1.3616266827270942
1.9006299582301662,-1.9006299582301662
2.086980304467483,-2.086980304467483
2.0590947961550707,-2.0590947961550707
1.9581549529575613,-1.9581549529575613
2.0,-2.0
2.0,-2.0
2.0,-2.0
0.0,0.0
0.0,0.0
2.0,-2.0
2.0,-2.0
2.0,-2.0
2.0,-2.0
2.0,-2.0
0.0,0.0
2.0,-2.0
0.0,0.0
0.0,0.0
0.0,0.0
0.0,0.0
0.0,2.0000000000000004
-1.8050000000000002,2.0
23.0,2.0
23.0,2.0
3.068157894736842,2.0
2.0,-2.0
25.0,-2.0
25.0,0.0
0.0,-2.0
2.0,-2.0
2.0,-2.0
-2.0,2.0
-20.31999999998503,2.0
2.0,-2.0
2.0,-2.0
2.0,-2.0
-25.0,2.0
-2.0,2.0
-2.0,2.0
2.0,-2.0
2.0,-2.0
25.0,-2.0
24.999999999983423,0.0
-2.225180658975354,2.225180658975354
-2.4327999990229836,2.4327999990229836
-2.1262736426520665,2.1262736426520665
-2.0329111765686614,2.0329111765686614
-1.970384674693043,1.970384674693043
-23.397198145296223,1.8609102800365278
-22.485700145823266,-2.5142998541494315
-25.0,2.1377378024218068
-24.999999999945665,1.9781717702248116
-2.579621707468572,2.579621707468572
24.9999999999663,3.370104195710155e-11
2.1473406659081693,1.9722831658066404
24.99999999998216,1.7841728094936116e-11
25.0,-1.8776792329611176
24.99999999999212,-1.7800483176086743
1.9429550125265056,-1.9429550125265056
-25.0,0.0
22.54215501058762,2.4578449894123793
2.556473118356509,2.087312919100751
-2.1741751990209437,2.1741751990209437
-24.65790801450164,2.0954080145206326
22.754142876178854,2.2458571238001
-2.215468643036308,2.215468643036308
0.0,-1.7753645734085417
-24.99999999995555,-5.353939513952355e-12
-24.99999999999359,2.253956006103852
-24.999999999994994,2.2770206534626602
-22.755612086208494,2.3328039774600597
-2.3299562407896666,2.3299562407896666
-2.3328039774600575,2.3328039774600575
1.857753281183399,-1.857753281183399
1.6118898459101807,-1.6118898459101807
1.6231103828176057,-1.6231103828176057
1.5769003012440876,-1.5769003012440876
1.2078836156278534,-1.2078836156278534
1.4114450334816073,-1.4114450334816073
1.5447155752311907,-1.5447155752311907
1.5889615263706975,-1.5889615263706975
1.7685331048399142,-1.5173616507420638
1.2499609446043518,-1.2499609446043518
1.1340292818018192,-1.1340292818018192
1.1931286537749024,-1.1931286537749024
0.9908838092133561,-0.9908838092133561
1.1544759301116958,-1.1544759301116958
1.2639111936348844,-1.2639111936348844
-2.5594862147833677,2.5594862147833677
-2.5594862147833677,2.5594862147833677
-2.5594862147833677,2.4396553238891467
-2.32106842434629,2.32106842434629
-0.5901953183815039,-1.849460005507643
1.8247146128577736,-1.8247146128577736
0.0,0.0
0.0,0.0
1.8221628842765654,-1.8221628842765654
2.0249773392869206,-2.0249773392869206
2.21063310790771,-2.21063310790771
2.0936499931305925,-2.0936499931305925
2.0,-2.0
2.0,-2.0
2.0,-2.0
2.0,-2.0
2.0,-2.0
2.0,-2.0
2.0,-2.0
25.0,-2.0
-18.7575,-2.0
2.0,-2.0
0.0,0.0
0.0,0.0
0.0,0.0
0.0,2.0
-1.805,0.0
0.0,0.0
0.0,2.0000000000000004
-1.8050000000000002,2.0
23.0,2.0
23.0,2.0
1.06815789473684,2.0
23.0,2.0
-2.0,2.0
25.0,0.0
-2.0,2.0
-25.0,2.0
-24.124999999999996,2.0
23.0,2.0
23.0,2.0
-2.0,2.0
-2.0,2.0
-2.0,2.0
-2.0,2.0
-2.0,2.0
0.0,-2.0
2.216066481994463,-2.0000000000000093
2.0,-2.0
2.000000000000006,-2.000000000000006
-2.00610684887174,2.00610684887174
1.8144621375863776,-1.8144621375863776
-2.359259779324644,2.359259779324644
1.8402633245043485,-1.8412703957778371
2.001115868447088,-2.001115868447088
-22.747674222897373,1.9911812941872569
-2.0328316520073866,2.0328316520073866
24.999999999981842,0.0
0.0,0.0
0.0,0.0
-2.1649642351539757,2.1649642351539757
0.0,0.0
-2.1398641377149303,2.1398641377149303
-24.72415134291486,2.1616513429148583
25.0,0.0
-2.1486105771604844,2.1486105771604844
0.0,0.0
0.0,0.0
-2.4479321897347948,2.4479321897347948
-2.3134403779370682,2.3134403779370682
-2.2103841202932433,2.2103841202932433
-24.999999999951985,2.198846747435347
-2.315943508175275,2.315943508175275
-2.236219504350421,2.236219504350421
-24.999999999955875,2.2394434048185943
-25.0,1.9113599591946695e-11
-2.5080761105087443,2.5080761105087443
-2.058350831261402,2.058350831261402
-2.1242628073169865,2.1242628073169865
-2.416086389828285,2.416086389828285
-24.438290152365198,2.4764644662548783
-2.4764644662548774,2.4764644662548774
-2.4764644662548774,2.4764644662548774
1.5713379999860653,-1.5713379999860653
1.4887530053972675,-1.4887530053972675
1.6207177033589488,-1.6207177033589488
1.4936172577285518,-1.4936172577285518
7.038598790345223,-1.3917336717898667
1.563882256792935,-1.563882256792935
24.999999999985995,-1.036604120473001
1.297766566581851,-1.297766566581851
24.99999999997594,-1.608649535611903
1.9151169980493012,-1.9151169980493012
25.0,-1.4866064733901752
1.5531394984004692,-1.5531394984004692
25.0,-1.259922973772241
1.335708618372081,-1.335708618372081
1.5221261817980931,-1.5221261817980931
-2.3529672406269846,2.3529672406269846
1.8356258875824647,-1.8356258875824647
-1.4472897827550568,1.4472897827550568
2.246498369468789,-2.246498369468789
1.44777387274313,-1.44777387274313
1.626524889773909,-1.626524889773909
1.932630862588526,-1.932630862588526
2.264070930708003,-2.264070930708003
2.0451279795076065,-2.0451279795076065
-1.9174282200580433,1.9174282200580433
-2.0,2.0
-2.0,2.0
-2.0,2.0
-1.9999999999999847,1.9999999999999847
-21.956675985036036,2.0
-25.0,2.0
-25.0,0.0
-2.0,2.0
-25.0,0.0
2.0,-2.0
0.0,0.0
0.0,2.0
-1.805,2.0
-1.9809875,0.0
0.0,0.0
0.0,0.0
0.21606648199445955,2.0000000000000004
-2.0,2.0
-2.0,2.0
23.0,2.0
1.047091412742383,2.0
25.0,0.0
23.0,2.0
23.0,2.0
0.0,-2.0
2.0,-2.0
-25.0,0.0
-22.000000000000004,2.0
-25.0,2.0
-25.0,2.0
-1.9999999999999996,0.0
0.0,0.0
0.0,2.0
-1.805,2.0
-1.9809875,2.0
-1.99814628125,2.0
-1.515035193819254,2.0
23.0,2.0
-25.0,2.0071422867160003
22.813472025212832,2.186527974758853
22.6692338394143,2.330766160577408
-2.1784728388531454,2.1784728388531454
-21.897741086135305,2.078098799497223
22.97340597682903,2.026594023125842
23.088590361255044,1.9114096387403698
25.0,-2.36218577826169
0.3397914093479084,2.0223943689137838
-24.73745719054014,2.174957190540141
25.0,-3.518607627484016e-11
-2.232486899113839,2.232486899149026
-1.994448428246276,1.994448428246276
-2.242352362778224,2.242352362778224
-2.160547466266692,2.160547466266692
-2.1545149602614497,2.1545149602614497
-1.9959442473750073,1.9959442473750073
-24.743744048883592,2.1812440489119957
22.618803433531074,2.3811965664374455
-2.1633863668747217,2.1633863668747217
-2.079995397168883,2.079995397168883
-25.0,2.271777081597051
0.3706141324720882,2.6523475499012847
1.5018972793107572,-1.5018972793107572
1.6570446491785322,-1.6570446491785322
-25.0,0.0
-24.9999999999698,6.689759857181343e-12
-24.99999999997592,0.0
1.8931088912902805,-1.8931088912902805
0.0,0.0
1.7730873939079235,-1.7730873939079235
1.762914561537924,-1.762914561537924
1.4053759209322862,-1.4053759209322862
1.2348317123955628,-1.2348317123955628
1.1656156801632243,-1.1656156801632243
0.0,0.0
0.0,0.0
22.32127617277911,2.678723827204589
2.515921764673373,2.7472361301843815
22.372433186949987,2.627566813001959
25.0,-5.6555649052825174e-11
24.999999999945736,5.426414872999885e-11
0.0,0.0
0.0,0.0
-2.783869813597457,2.783869813597457
0.0,0.0
-2.1874545384591375,2.1874545384591375
-2.822088939057526,2.822088939057526
-2.0418229766098825,2.0418229766098825
-2.864412415485588,2.864412415485588
-1.4843905151787897,1.4843905151787897
-2.175311264182005,2.175311264182005
-2.072305182749462,2.072305182749462
0.0,0.0
-2.024553523867113,2.024553523867113
-2.0917598252721685,2.0917598252721685
-1.9284093549007983,1.9284093549007983
-1.9604024290878226,1.9604024290878226
-2.0,2.0
-2.0,2.0
-2.0,2.0
-2.0,2.0
-2.0,2.0
-2.0,2.0
-25.0,2.0
-25.0,2.0
-25.0,1.0
-2.0,2.0
-25.0,2.0
-1.9999999999999996,0.0
0.0,0.0
0.0,0.0
2.0,-2.0
2.0,-2.0
25.0,-1.9999999999999964
-2.0,2.0
-20.757500000000004,1.9999999999999964
1.6703601108033164,2.0
-2.0,2.0
23.0,2.0
23.0,2.0
23.0,2.0
-25.0,2.0
-25.0,0.0
-25.0,2.0
25.0,0.0
-24.562499999999996,0.0
0.0,0.0
0.0,0.0
2.0,-2.0
4.21606648199446,-2.0
-2.0,2.0
-2.0,2.0
-2.0,2.0
-2.0,2.0
-2.0,2.0
-2.0,2.0038848953772503
2.904376968171868,2.1709530539312345
-2.3548234843174027,2.3548234843174027
-2.14468357858708,2.14468357858708
22.967801073172595,2.032198926827405
24.999999999981032,4.657607632907457e-12
25.0,-2.032123504723657
25.0,-1.983585751864588
1.9835857518645907,-1.9288072143874118
1.9288072143874055,0.0
-24.125153999991216,1.9078827875625812
-24.999999999952834,2.092271212381476
-2.0305746692207425,2.0305746692207425
-2.2322369648135876,2.2322369648135876
22.624381513503373,2.375618486496627
24.999999999971536,2.8464341994549613e-11
-2.1028063233083927,2.1028063233083927
-2.17257839632234,2.17257839632234
0.0,0.0
-2.316729917725654,2.316729917725654
-2.267971263307487,2.267971263307487
-25.0,2.298833104555058
-2.4398844303632963,2.4398844303632963
-2.3793561408765243,2.3793561408765243
-24.999999999999996,2.469555927780995
-24.999999999948983,2.488371691437429
-5.1865770417836305,2.929816317955251
-24.999999999996128,2.4919704934087505
-2.491970493408751,2.434315186484844
-2.3764705353674263,2.3764705353674263
-2.434315186484844,2.434315186484844
-2.434315186484844,2.434315186484844
-2.434315186484844,2.434315186484844
0.9525289870812728,-0.9525289870812728
0.7042823395590734,-0.7042823395590734
0.6368139542328315,-0.6368139542328315
0.591217347846289,-0.591217347846289
1.568947740216819,-0.4421857954288979
-3.451217841655943,3.451217841655943
-3.3811453425216254,3.3811453425216254
-3.2613573696445997,3.2613573696445997
-3.219190417749841,3.219190417749841
-3.114404816471957,3.114404816471957
-3.147341870080396,3.147341870080396
0.9076657738709262,-0.9076657738709262
-3.0322224938680264,3.0322224938680264
1.0318067697567574,-1.0318067697567574
1.1842900668218412,-1.1842900668218412
1.1251951128799398,-1.1251951128799398
1.4113648777730212,-1.4113648777730212
1.7760815567546349,-1.7760815567546349
1.5023952545396915,-1.5023952545396915
-2.565128671749978,2.565128671749978
-2.5848753776911746,2.5848753776911746
-2.3247675787401714,2.3247675787401714
-2.082328275419761,2.082328275419761
-1.9124020389946035,1.9124020389946035
-1.9504204004394907,1.9504204004394907
21.87676693445325,2.0
-2.0,2.0
-2.0,2.0
-2.0,2.0
-2.0,2.0
-2.0,2.0
-25.0,2.0
-2.0,2.0
-2.0,2.0
-1.9999999999999996,1.9999999999999996
-2.0,2.0
-2.0,2.0
-2.0,2.0
-2.0,2.0
-2.0,0.0
0.0,0.0
0.0,0.0
0.0,0.0
0.0,2.0
-1.7839335180055402,2.0
-2.0,2.0
-2.0,2.0
-2.0,2.0
23.0,2.0
-2.0,2.0
-2.0,2.0
-2.0,2.0
-2.0,2.0
2.0,-2.0
2.0,-2.0
-2.0,2.0
-2.0,2.0
2.0,-2.0
2.0,-2.0
10.421026526606997,-2.0
2.0,-2.0
25.0,-2.0
25.0,-2.0
1.9946051136481797,-1.9946051136481797
1.7987287790601683,-1.7987287790601683
1.6019839099596156,-1.6019839099596156
-24.99999999998972,2.202135340502963
-2.0527594972270418,2.0527594972270418
-24.99999999994732,2.0366822817560752
22.993965600552826,2.0060343994471737
24.9999999999959,4.099831585335778e-12
-2.002139589386667,2.002139589386667
-25.0,1.833705937460273
25.0,0.0
24.99999999995005,3.552713678800501e-15
-2.3315890188850386,2.3315890188850386
-24.83555452375593,2.273054523755931
22.71671584061602,2.2832841593839817
-2.370296652364365,2.370296652364365
-2.3162868523128424,2.3162868523128424
-2.3255129637152905,2.3255129637152905
-2.5340276256712766,2.5340276256712766
-2.393156807994181,2.393156807994181
0.0,0.0
0.0,-1.55152944160832
-2.5005452607855254,2.5005452607855254
1.4105475420043678,-1.4105475420043678
1.3452894345637052,-1.3452894345637052
-24.999999999962448,1.1965539670200087e-11
-3.0500082251117693,3.0500082251117693
-2.9220948617439007,2.9220948617439007
-2.9180618304221273,2.9180618304221273
-2.862387063762341,2.862387063762341
-3.066898989467516,3.066898989467516
-3.114873758924549,3.114873758924549
-3.147437173324459,3.147437173324459
0.6990057555920757,3.389518773905963
-3.565178431404032,3.565178431404032
0.3299457132525081,-0.3299457132525081
0.33724556305964803,-0.33724556305964803
25.0,-0.25362738032159626
0.3135289405278492,-0.3135289405278492
0.4277811203339379,-0.4277811203339379
-3.49460038327304,3.49460038327304
0.5850800713873081,-0.5850800713873081
-25.000000000000004,3.446486130260123
-24.999999999965624,3.365732094022569
-3.314176194718943,3.314176194718943
-24.999999999969592,3.2409978196637432
-24.999999999979828,3.169522280055517
-7.69470355965986,3.0262026108090208
-3.0262026108090208,2.871937584883005
-2.6826299979167096,2.6826299979167096
-2.4655468800570723,2.3627077370884684
-2.5509032424915423,2.5509032424915423
-2.6769947991441843,2.6769947991441843
-2.769098441914401,2.769098441914401
-2.5345694656383704,2.5345694656383704
-2.2190215290407034,2.2190215290407034
-1.8924259110056034,1.8924259110056034
-1.9526569695552716,1.9526569695552716
-2.0,2.0
2.0,-2.0
-2.0,2.0
-2.769098441914401,2.0
-2.0,2.0
-2.0,2.0
-2.0,2.0
-2.0,2.0
-2.0,2.0
-2.0,2.0
-2.0,2.0
-2.0,2.0
-2.0,2.0
-2.0,0.0
2.0,-2.0
2.0,-2.0
2.0,-2.0
2.0,-2.0
9.26315789473685,-2.000000000000001
2.0,-2.0
2.0,-2.0
-2.0,2.0
-2.0,2.0
25.0,0.0
25.0,0.0
25.0,-2.0
25.0,-2.0
2.000000000000006,-2.000000000000006
2.0,-2.0
2.0,-2.0
2.0,-2.0
2.0,-2.0
2.0,-2.0
2.0,-2.0
2.0,-2.0
2.0,-2.0
2.0,-2.0
2.0,-2.0
1.9987404775093396,-1.9987404775093396
-25.0,2.1897774169697932
-22.46600067964326,2.3928800498980003
22.83682254288545,2.16317745711455
1.968948498985267,-1.968948498985267
-25.0,2.0008432128084337
22.991057273740505,2.0089427262594945
24.999999999963478,-7.105427357601002e-15
-2.0337253566007565,2.0337253566007565
-25.0,2.007505603830751
23.009879979961177,1.9901200199826334
-1.6499095007902778,2.1263575852445245
-2.1609539251354253,2.1609539251354253
-24.76864659724248,2.20614659724248
25.0,-3.9669600937486393e-11
-2.332495977571952,2.332495977571952
-2.404719426708745,2.404719426708745
-25.0,2.464476454216417
22.424185701801743,2.5459234902022203
-2.5402305414506774,2.5402305414506774
-2.5860038690844984,2.5860038690844984
-2.5862096231081093,2.5862096231081093
-2.6319160491268914,2.6319160491268914
-2.6101856471850162,2.6101856471850162
-25.0,2.6113924008449914
-25.0,2.620859610520508
-5.531411949244449,2.818781095996898
-25.0,2.7243071794975897
-25.0,2.7404342556061785
-2.729332374393355,2.729332374393355
-2.9296130885208864,2.9296130885208864
-2.984362593221718,2.984362593221718
-2.984362593221718,3.0387245734731714
-3.0334242803986546,3.0334242803986546
-3.0334242803986546,3.0334242803986546
0.542333726260404,-0.542333726260404
0.5990082302619282,-0.5990082302619282
-3.0334242803986546,3.0334242803986546
-3.0334242803986546,3.0334242803986546
-3.0334242803986546,3.0334242803986546
0.5856474728205256,-0.5856474728205256
21.606251907958324,3.393748092041676
-25.0,3.3381963991076695
-3.2495479722953604,3.2495479722953604
-3.231460552636623,3.231460552636623
21.882436291232978,3.1175637087670225
-3.0081757812922074,3.0081757812922074
-2.879399639549245,2.879399639549245
-2.7403143376169563,2.7403143376169563
-2.5745037339179877,2.5745037339179877
-2.237642741538309,2.237642741538309
21.934653669162167,2.4568086455265608
22.57370732699419,2.426292673005811
22.498595116575938,2.501404883424062
1.512559093060501,-1.512559093060501
-2.126680732668114,2.126680732668114
-1.9175589858916864,1.9175589858916864
-1.9723279180957103,1.9723279180957103
-0.4874409069395016,2.0
-2.0,2.0
-2.0,2.0
-2.0,2.0
-2.0,2.0
-2.0,2.0
-25.0,2.0
-25.0,2.0
-25.0,0.0
-24.000000000000007,0.0
0.0,2.0
-1.805,2.0
-1.9809875,1.9809875
-1.9809875,0.0
2.0,-2.0
2.0,-2.0
0.0,0.0
0.0,0.0
0.21606648199446,2.0
-2.0,2.0
-2.0,2.0
-2.0,2.0
2.0,-2.0
2.0,-2.0
2.0,-2.0
2.0,-2.0
-2.0,2.0
-2.0,2.0
-2.0,2.0
-2.0,2.0
-2.0,2.0
-2.0,2.0
25.0,-2.0
25.0,0.0
5.047091412742372,-2.0
25.0,0.0
23.0,2.0
2.0,-2.0
2.000000000000006,-2.0
1.8747979172814042,-1.8747979172814042
1.6992914412082194,-1.6764350724622754
1.8333362429224402,-1.8333362429224402
1.9629914150837746,-1.9629914150837746
1.9771436312540622,-1.9771436312540622
1.7500820743964143,-1.7500820743964143
1.9771436312540516,-1.9771436312540516
1.8677992529437457,-1.8677992529437457
-25.0,0.0
1.835266764762105,-1.835266764762105
-2.082669568328564,2.082669568328564
-2.0643006569688094,2.0643006569688094
-19.121070348923432,2.147225208811303
24.999999999951836,-1.6374992792297682
25.0,-1.629702085341009
1.7527606635872761,-1.7527606635872761
1.5499439995613304,-1.5499439995613304
-0.5995975198839183,2.352358183471189
-2.487927363729993,2.487927363729993
-2.3649003428493156,2.3649003428493156
-3.9108241068432292,2.521315056518991
1.3570881024086479,-1.3570881024086479
1.539622216425764,-1.539622216425764
-23.523583399957015,-1.4764166000427572
-24.999999999985715,-9.745093620949774e-12
-24.999999999956618,2.5795787894513786
-21.058895868795183,2.6029501744036807
-2.6115274663696955,2.6115274663696955
-2.6700512319945027,2.6700512319945027
-2.7341240447837905,2.7341240447837905
-2.7341240447837905,2.7341240447837905
-1.5091931402668841,-1.2249309045169063
24.99999999995515,-1.054829130245679
1.2094109921221694,-1.2094109921221694
1.1395896896179103,-1.1395896896179103
0.9075919296354549,-0.9075919296354549
0.8755567855354371,-0.8755567855354371
-20.671800381748106,-0.9387163281646913
0.8689676076012738,-0.8689676076012738
0.7268067248190668,-0.7268067248190668
25.0,-0.896122089539908
-21.753749814190233,0.0
1.0557240971336714,-1.0557240971336714
0.0,0.0
1.319811911032259,-1.319811911032259
0.0,0.0
1.5185172814697872,-1.5185172814697872
1.459029122752698,-1.459029122752698
3.9713205113940786,-1.6008946285930334
-2.1393093592279433,2.1393093592279433
1.848442596041182,-1.848442596041182
1.8950329438699995,-1.8950329438699995
1.7647568805407796,-1.7647568805407796
1.692301169157477,-1.692301169157477
-2.094619238167831,2.094619238167831
2.037987494396674,-2.037987494396674
24.99999999995266,-2.0102210362459303
-2.0,2.0
0.34062617842297227,2.0
-2.0,2.0
-2.0,2.0
-2.0,2.0
-25.0,2.0
-1.9999999999999996,1.9999999999999996
-2.0,2.0
-1.9999999999999996,0.0
2.0,-2.0
2.0,-2.0
0.0,0.0
0.0,0.0
0.0,0.0
0.0,0.0
0.0,0.0
0.0,0.0
0.0,2.0
25.0,0.0
25.0,0.0
2.0,-2.0
2.0,-2.0
-2.0,2.0
25.0,-2.0
25.0,-2.0
7.2631578947368425,-2.0
2.000000000000006,-2.000000000000006
2.0,-2.0
-2.0,2.0
-2.0,2.0
-2.0,2.0
2.000000000000006,-2.000000000000006
2.000000000000006,-2.000000000000006
2.000000000000006,-2.000000000000006
2.000000000000006,-2.000000000000006
2.0,-2.0
2.0,-2.0
2.0,-2.0
2.0,-2.0
1.9406395154808949,-1.9406395154808949
-2.333966274681268,2.333966274681268
1.7398272717693057,-1.7398272717693057
1.9472157302409743,-1.9472157302409743
2.0000000000000124,-2.0250609663057215
2.015094519106647,-2.015094519106647
2.0277683837182425,-2.0277683837182425
-2.1919584056754378,2.1919584056754378
-22.779930047640992,1.9206433239105571
24.99999999996639,-1.7456059776618318
1.8861574347992,-1.8861574347992
1.7900968139582716,-1.7900968139582716
1.8043392841941213,-1.8043392841941213
1.8861574347991983,-1.7870698314513547
1.78706983145136,3.3306690738754696e-15
0.0,0.0
-24.893901568133465,2.331401568133465
25.0,-1.9895196601282805e-11
-2.2732135728784773,2.2732135728784773
-25.0,2.455110228110776
-25.0,2.2931363689196402
22.373824866767507,2.6261751331796575
-2.493584670943175,2.634031654915713
1.4426035139656772,-1.4426035139656772
25.0,-1.388756549920572
-25.0,2.463156094040343
-25.0,2.540004590713089
-25.0,2.177828279661071
-25.0,2.563752139463155
-3.4212059988077996,2.235465914460252
-2.3056482332268047,2.3056482332268047
-2.3056482332268047,2.3056482332268047
-2.3056482332268047,0.0
1.5660521412505695,-1.5660521412505695
1.1366270841367854,-1.1366270841367854
0.0,0.0
0.9720844553870247,-0.9720844553870247
1.427876322594436,-1.427876322594436
1.1546962005234782,-1.1546962005234782
25.0,-1.5337904152656456
1.5762836703205547,-1.5762836703205547
1.6609129510519498,-1.6609129510519498
-3.0278215036635316,3.0278215036635316
1.0085527782044323,-1.0085527782044323
1.4650054566471962,-1.4650054566471962
1.993162781172341,-1.993162781172341
1.7007591742815853,-1.7007591742815853
1.573890359714584,-1.573890359714584
1.8745664144198075,-1.8745664144198075
2.0730477275616774,-2.0730477275616774
1.9873057341197526,-1.9873057341197526
-1.9464370522451633,1.9464370522451633
24.999999999997918,-2.1172936787011807
1.7382729926208276,-1.7382729926208276
1.7987179706624554,-1.7987179706624554
2.0334949089385708,-2.0334949089385708
25.0,-2.021602180420828
2.0,-2.0
2.0,-2.0
2.0,-2.0
15.775179349181988,-2.0
-2.0,2.0
2.0,-2.0
2.0,-2.0
-2.0,2.0
-23.0,-2.0
-23.0,-2.0
2.0,-2.0
-2.0,2.0
-25.0,0.0
0.0,0.0
0.0,0.0
0.0,0.0
0.0,2.0000000000000013
-1.805000000000001,2.0
1.0681578947368418,2.0
23.0,2.0
23.0,2.0
25.0,0.0
25.0,0.0
-2.0,2.0
-2.0,2.0
0.0,0.0
0.0,0.0
0.0,0.0
0.0,0.0
0.0,0.0
-2.0,2.0
-2.0,2.0
-2.0,2.0
0.0,0.0
0.0,0.0
0.0,0.0
-2.0,2.0
0.0,0.0
-2.0,2.0
0.0,0.0
0.0,6.8833827526759706e-15
0.0,0.0
-1.9723948788808112,1.9723948788808112
-25.0,1.8607367145258102
-1.2083617612922377,1.8474346537843953
25.000000000000018,-1.9803214579684685
1.815781353807954,-1.815781353807954
1.5579214096755851,-1.6198864823494352
1.6106004119523742,-1.6106004119523742
2.048980818271886,-2.048980818271886
1.715113357591589,-1.7151133575916027
-22.849318628509824,-2.150681371490176
24.999999999999154,-1.6153176069600264
6.365129450163531,-1.9004036919189211
-0.2799049966771445,2.1803086885960568
-24.999999999947335,2.2643131334888658
22.747245698377647,2.2527543016223746
0.1918968049401159,-0.1918968049401159
-2.3934812177123987,2.3934812177123987
-25.0,2.5923418503885998
25.0,-1.485001308485156
1.5053281960971656,-1.5053281960971656
-18.97137671595069,-1.6725279550291887
-25.0,0.0
-2.580810789003813,2.580810789003813
-25.0,2.3437165144793752
-25.0,1.896166168868156
-2.237419315389964,2.237419315389964
-2.237419315389964,2.304508351460259
-2.297967170443405,2.297967170443405
-2.297967170443405,2.297967170443405
-2.2275841468317292,2.2275841468317292
-2.297967170443405,2.297967170443405
1.5947642947544782,-1.5947642947544782
-2.214817299010635,2.214817299010635
-2.297967170443405,2.297967170443405
-2.297967170443405,2.297967170443405
-2.297967170443405,2.297967170443405
-2.2979671704434037,2.703585350959813
22.685783942016847,2.3142160579831526
-25.0,2.433779973564519
1.294279477684702,-1.294279477684702
-2.6603175519239826,2.6603175519239826
-2.609859324793233,2.643707143204095
-2.4374040214283124,2.4374040214283124
-2.690865208039785,2.690865208039785
-2.236794479551383,2.236794479551383
22.977694622857165,2.0223053771428354
23.011220536907423,1.9887794630925768
-1.8165317879615666,1.8165317879615666
25.0,-2.0101482176248453
24.99999999998108,-1.9674072372500895
6.179196086451384,-1.954226672366179
2.0341758379944825,-2.0341758379944825
2.0341758379944817,-4.440892098500626e-16
-1.9495282934377545,1.9495282934377545
-2.0,2.0
-2.0,2.0
-2.0,2.0
-2.0,2.0
-3.0000000000000018,2.0
-25.0,2.0
-25.0,2.0
-25.0,2.0
-25.0,0.0
2.0,-2.0
0.0,0.0
0.0,0.0
0.0,0.0
0.0,0.0
2.0,-2.0
0.0,0.0
0.0,2.0000000000000004
-1.8050000000000002,2.0
-1.9809874999999988,2.0
-1.9981462812500024,2.0
3.047291675986842,2.0
23.0,2.0
25.0,0.0
25.0,-2.0
25.0,-2.0
2.0,-2.0
2.0,-2.0
2.000000000000006,-2.000000000000006
2.000000000000006,-2.000000000000006
2.0,-2.0
2.0,-2.0
2.0,-2.0
2.0,-2.0
2.0,-2.0
2.000000000000006,-2.000000000000006
1.9999999999999938,-2.0
2.0,-2.0
2.000000000000006,-2.0
2.0,-2.0
-2.0934342985368186,2.0934342985368186
-2.2841310999062263,2.2841310999062263
-2.191476603596368,2.191476603596368
-2.1290136109189906,2.1290136109189906
-24.999999999994902,1.726344939576986
-1.8708000428372307,1.8708000428372307
-2.4829201565326118,2.4829201565326118
-25.0,1.9107185324340534
-25.0,2.7637393700907467
23.02730532614613,1.9726946738538693
22.83718292800043,2.1628170719995694
-1.8161890749713105,1.8161890749713105
-25.000000000000004,2.0102422585742836
22.914637957199126,2.0853620427602806
1.2231793037523015,2.122628766926992
-2.261835249143129,2.261835249143129
-24.999999999942865,2.561863115559234
22.612134731067123,2.3878652689328774
22.6266031519863,2.373396847959441
-2.3882174491328083,2.3882174491328083
-25.0,2.2463077629806563
20.367271724542093,2.2378049463974214
-2.4183055037762333,2.4183055037762333
-25.0,2.3650682280342323
-24.999999999955463,2.5585110921867873
-24.999999999960398,2.45224608161028
-25.0,2.568526137728867
-2.591740998147861,2.591740998147861
-2.591740998147864,2.591740998147864
-2.591740998147864,2.55866382983622
1.7321574907440969,-1.7321574907440969
-2.55866382983622,0.0
0.0,0.0
1.6876111134842233,-1.6876111134842233
1.601950538045509,-1.601950538045509
1.6141581893484354,-1.6141581893484354
1.3876987470261604,-1.3876987470261604
1.1517910294477165,-1.1517910294477165
1.0680314697118458,-1.0680314697118458
25.0,-1.254573369158262
1.3063691044403392,-1.3063691044403392
1.408291190365036,-1.408291190365036
1.2976800994001483,-1.2976800994001483
-2.4085403925695896,2.4085403925695896
25.0,0.0
-2.606519312451347,2.606519312451347
-2.5935593335528715,2.5935593335528715
1.6137795009614155,-1.6137795009614155
1.6395101145648496,-1.6395101145648496
-2.1304934935781024,2.1304934935781024
1.8358347973426374,-1.8358347973426374
1.959730908071526,-1.959730908071526
1.793725279853243,-1.793725279853243
-2.1113653120023717,2.1113653120023717
-1.9731721367951716,1.9731721367951716
-1.94484585097895,1.94484585097895
25.0,0.0
4.517731263895114,2.0
25.0,-2.0
2.0,-2.0
2.0,-2.0
-24.19499999999999,2.0
-25.0,2.0
-25.0,2.0
-25.0,0.0
2.0,-2.0
2.0,-2.0
2.0,-2.0
0.0,0.0
0.0,0.0
2.0,-2.0
0.0,0.0
0.0,0.0
0.0,2.0000000000000004
-1.8050000000000002,2.0
23.0,2.0
23.0,2.0
-2.0,2.0
25.0,-2.0
5.06815789473684,-2.0000000000000004
25.0,0.0
-2.0,2.0
-2.0,2.0
-2.0,2.0
-2.0,2.0
-2.0,2.0
2.0,-2.0
2.0,-2.0
2.0,-2.0
2.0,-2.0
2.0,-2.0
2.0,-2.0
2.0,-2.0
2.000000000000006,-1.9995957257623185
-2.0,2.0
1.9995957257623187,-1.9995957257623187
1.9083405172887153,-1.9083405172887153
1.6490964532954524,-1.6490964532954524
-2.3521469858020128,2.3521469858020128
-2.03761620060624,2.0347837906424786
2.0027341301542902,-2.0027341301542902
-2.065613443377149,2.065613443377149
-1.8841712142092772,1.8841712142092772
-25.0,2.0756152348256762
-25.0,1.975799287480129
22.744724896014695,2.255275103985305
22.942029750567556,2.0579702494324437
-2.0504229898791237,2.0504229898791237
-2.112986098298821,2.112986098298821
0.6604445055448309,2.254849710697215
-2.155813861428932,2.155813861428932
-2.312224788214733,2.312224788214733
-24.962269969514402,2.3997699695261865
22.527355237262476,2.4726447627244603
-2.466463305953658,2.466463305953658
-2.4970259833754813,2.4970259833754813
-2.509651454198748,2.509651454198748
-2.542392852140564,2.542392852140564
-5.000936420717821,2.5017368669100155
-24.99999999997212,2.5161686813393764
-24.999999999953502,2.559919812986511
-25.0,2.5783821341483915
-25.0,2.4938096566750545
-2.6490807314159177,2.6490807314159177
-2.5136356231796175,2.6634759393011986
-2.7843116167156463,2.7843116167156463
-2.7298764233760426,2.7298764233760426
-2.7843116167156445,2.8442958572197354
-2.838447393770588,2.853679755450109
-2.852194600186356,3.0223862554294234
-3.0057925690432246,3.0057925690432246
-3.0057925690432246,3.0057925690432246
-3.0057925690432246,3.0057925690432246
-3.0057925690432246,0.0
0.0,0.0
0.0,0.0
0.7330146897769598,-0.7330146897769598
0.0,0.0
0.8052368766549307,-0.8052368766549307
24.99999999998893,1.1070255823142361e-11
2.8601644920444818,2.876154911219789
-2.7874320090247,2.7874320090247
-2.7078601117019687,2.7078601117019687
1.3799564629535208,-1.3799564629535208
25.0,-5.019984428145108e-11
-2.2510104416001395,2.2510104416001395
-2.509037979011775,2.509037979011775
-2.4213902362621695,2.4213902362621695
1.4333461607712956,-1.4333461607712956
-2.2767557293785745,2.2767557293785745
1.894303022004017,-1.894303022004017
-1.945407256512708,1.945407256512708
24.99999999996986,-2.065959292380608
-2.0,2.0
2.0,-2.0
2.0,-2.0
-2.0,2.0
-25.0,2.0
-2.0,2.0
-25.0,2.0
-25.0,0.0
2.0,-2.0
4.21606648199446,-2.0
-2.0,2.0
-2.0,2.0
-2.0,2.0
-2.0,2.0
-2.0,0.0
0.0,0.0
2.0,-2.0
0.0,2.0
-1.8050000000000002,2.0
23.0,2.0
-0.5404058048406777,2.0
23.0,2.0
23.0,2.0
23.0,2.0
-2.0,2.0
-2.0,2.0
-2.0,2.0
-2.0,2.0
-2.0,2.0
-2.0,2.0
-2.0,2.0
-2.0,2.0
-2.0,2.0
-2.0,2.0
-2.0,2.0
-2.0,2.0
-2.0,2.0
-2.0,2.0
-2.0017731476612663,2.0017731476612663
1.6085636995775214,-1.6085636995775214
1.608563699577515,-1.608563699577515
1.6085636995775214,-1.6085636995775214
1.6085636995775214,-1.6085636995775214
1.6085636995775223,-1.8931499158655383
1.9238946871542784,-1.9238946871542784
-0.3760675399413973,2.2999622270956754
-2.120576907016652,2.120576907016652
-24.48242570941715,1.91992570941715
24.99999999998813,1.1869616400872474e-11
-1.931216303676175,1.931216303676175
-24.999999999947242,1.9303263859666728
-25.0,2.182622474640752
22.533207235149632,2.466792764850368
23.05808827394452,1.9419117260202654
-24.229491398319574,2.4857196104336623
-24.99999999994659,2.3808229272289196
22.678853313359546,2.3211466866129413
22.575971252401263,2.4240287475987365
-2.4963342459218545,2.4963342459218545
-24.999999999999716,2.4364939070048344
-2.4085896220598997,2.4085896220598997
-4.659984331435634,2.426318550045588
-24.99999999998777,2.3854164173634764
-24.999999999966178,2.411755456975392
-25.000000000000004,2.8184718338141685
-2.688266143410205,2.4890482813555765
-2.535476739898945,2.535476739898945
-2.619253971759541,2.619253971759541
-2.619253971759541,2.6150997601539228
-2.6150997601539228,2.6150997601539228
-2.6150997601539228,2.6150997601539228
-2.6150997601539228,2.6150997601539228
0.6156263389790251,-0.6156263389790251
0.4502278744745958,-0.4502278744745958
0.42763153842107293,-0.42763153842107293
1.257156485517001,-0.45839113380413965
-3.33598549007478,3.33598549007478
-3.33598549007478,3.33598549007478
-3.33598549007478,3.33598549007478
0.5849197599701341,-0.5849197599701341
-3.33598549007478,3.33598549007478
0.6883887879558106,-0.6883887879558106
-3.2246952846024985,3.2246952846024985
0.8452478293329193,-0.8452478293329193
-2.992126336302956,2.992126336302956
1.0581963011536057,-1.0581963011536057
22.188182352263592,2.811817647706903
22.341535370353707,2.658464629646293
1.5844980525823473,-1.5844980525823473
1.4652497106568267,-1.4652497106568267
-2.5491379234607097,2.5491379234607097
-2.6701743057202845,2.6701743057202845
22.43760167152044,2.56239832847956
24.999999999990393,-0.49590305472859697
-1.9525897129198606,1.9525897129198606
2.0626781350172543,-2.0626781350172543
-2.0,2.0
-2.0,2.0
-2.0,2.0
-2.0,2.0
-25.0,2.0
-25.0,2.0
-25.0,2.0
-2.0,2.0
-24.138432983146924,2.0
-1.9999999999999996,1.9999999999999996
-2.0,2.0
-2.0,2.0
-2.0,0.0
2.0,-2.0
0.0,0.0
0.0,0.0
0.0,2.0000000000000004
-1.8050000000000002,1.8050000000000002
-1.8050000000000002,1.8050000000000002
-1.7839335180055407,2.0000000000000004
-2.0,2.0
-2.0,2.0
-2.0,2.0
23.0,2.0
-2.0,2.0
-2.0,2.0
-2.0,2.0
-2.0,2.0
-2.0,2.0
-2.0,2.0
25.0,-2.0
-2.0000000000000018,2.0000000000000018
-2.0,2.0
25.0,0.0
1.2161636476847453,2.0
23.0,2.0
-2.000933543764267,2.000933543764267
1.8309277650576399,-1.8309277650576399
1.8309277650576399,-1.8309277650576399
1.830927765057635,-1.830927765057635
-2.4133509973793754,2.4133509973793754
-2.224888358876622,2.224888358876622
-2.134127324225221,2.134127324225221
-2.071879158314064,2.071879158314064
-0.22133817497165076,2.0522659400292906
-2.0424616976893235,2.0424616976893235
-2.025291966221804,2.025291966221804
-1.9451602412335927,1.9451602412335927
-1.8236031624418683,1.8236031624418683
-2.1142521798060923,2.1142521798060923
-2.075487743068715,2.075487743068715
-24.813273761358253,2.2507737613582535
22.645331817367982,2.354668182632018
-2.374628847511879,2.374628847511879
-2.3605555247555667,2.3605555247555667
-2.4519039997673353,2.4519039997673353
-2.406301081907671,2.406301081907671
-2.439201528972035,2.439201528972035
-2.435505530314714,2.435505530314714
-2.4349261370825737,2.4349261370825737
-2.4489237221614815,2.4489237221614815
-24.99999999996463,2.464120487132618
-24.999999999984844,2.4729805330942867
-24.999999999999996,2.541047246072015
-5.435632820176238,2.9574845538056103
-24.999999999978826,2.673335722604598
-2.6634203983377702,2.6634203983377702
-2.6199535662104534,2.805915789195184
-2.841166628848317,2.841166628848317
-2.841166628848317,2.841166628848317
-2.841166628848317,2.841166628848317
0.6602421424431828,-0.6602421424431828
0.3933678131634295,-0.3933678131634295
0.30387364895344504,-0.30387364895344504
-2.841166628848317,2.841166628848317
0.5773307869993367,-0.2005655635322497
0.24707985811000377,-0.24707985811000377
0.2400968442533422,-0.2400968442533422
-3.1811972430273627,3.1811972430273627
0.3382301528658953,-0.3382301528658953
0.4743566362009375,-0.4743566362009375
0.49149039227168423,-0.49149039227168423
0.6069821453979607,-0.6069821453979607
0.7023251517454856,-0.7023251517454856
-3.1811972430273627,3.1811972430273627
-3.023521497028911,3.023521497028911
-2.8524944607987344,2.8524944607987344
1.4948860229231364,-1.349398203562881
-2.339894286359714,2.339894286359714
-2.5436646139736423,2.5436646139736423
-2.6158811205258106,2.6158811205258106
24.999999999955513,4.448708068593987e-11
-2.7102360657568654,2.7102360657568654
-2.371044877502385,2.371044877502385
2.0188788783876075,-2.0188788783876075
25.0,0.0
23.0,2.0
2.0,-2.0
-2.0,2.0
-2.0,2.0
-2.0,2.0
-25.0,2.0
-25.0,2.0
-25.0,2.0
-2.0,2.0
-2.0,0.0
2.0,-2.0
0.0,0.0
0.0,0.0
0.0,0.0
0.0,0.0
0.0,0.0
0.21606648199445688,2.0
-2.0,2.0
-2.0,2.0
1.0470914127571795,2.0
-2.0,2.0
-2.0,2.0
-2.0,2.0
23.0,2.0
23.0,2.0
-2.0,2.0
-2.0,2.0
-2.0,2.0
-2.0,2.0
-2.0,2.0
-2.0,2.0
-2.0,2.0
23.0,2.0
-2.0,2.0
2.0,-2.0
2.0,-2.0
-2.012079015591459,2.012079015591459
-2.0120712125397344,2.0120712125397344
-2.0288285311511842,2.0288285311511842
24.999999999985217,-1.0658141036401503e-14
-2.3954664521346465,2.3954664521346465
-2.20125047197196,2.20125047197196
-2.1828455852154405,2.1828455852154405
0.0,-2.145085619424634
2.37682617110763,-2.0129751264339544
-2.1264150196498885,2.1264150196498885
-2.1748966003982186,2.1748966003982186
2.012975126433946,-2.012975126433946
2.0129751264339517,0.0
-2.0844620266937977,2.0844620266937977
-2.17624788679257,2.17624788679257
-2.14473091463546,2.14473091463546
-2.203204188475331,2.203204188475331
-2.377212764605984,2.377212764605984
-2.111883483945281,2.111883483945281
-25.0,2.4770615316117457
22.423789225900176,2.532375282009241
-2.687775110801697,2.687775110801697
-2.7495593834387577,2.7495593834387577
-25.0,2.6735023454948887
22.15403389971052,2.5844676565278135
-2.434691350282618,2.434691350282618
-25.0,2.313845574511177
-25.0,2.3197253428669953
-25.0,2.317525163338395
-25.0,2.5906175559330364
-4.376461598321487,2.8067489036466284
-2.82274975029288,2.82274975029288
-2.9720009419747395,2.9720009419747395
-2.9720009419747395,3.022757808781755
-3.017809014268069,3.2393360087920335
-3.0338878432732574,3.420342746314832
-3.5665126768209685,3.5665126768209685
-3.5665126768209685,3.6622690846576553
-3.6529328348935786,3.6529328348935786
-3.6529328348935786,3.6529328348935786
-3.6529328348935786,3.6529328348935786
-3.6529328348935786,3.6529328348935786
-3.622703090834417,3.622703090834417
0.4422104101740558,-0.4422104101740558
-3.6529328348935786,3.4911082451973994
0.6369559623779644,-0.6369559623779644
-3.3152466205595896,3.3152466205595896
0.7618095235787017,-0.7618095235787017
0.9111269857282949,-0.9111269857282949
-2.999168678006921,2.999168678006921
1.1738300624250133,-1.1738300624250133
1.34528690997446,-1.34528690997446
-2.4147332099920025,2.4147332099920025
-2.489934412181203,2.489934412181203
-2.5170535498703828,2.5170535498703828
24.999999999963006,-1.3409679689204914
-2.6318081229365906,2.6318081229365906
-2.301478085151568,2.301478085151568
-2.0417436887288503,2.0417436887288503
-1.959914256365575,1.959914256365575
-2.0,2.0
-2.0,2.0
-2.0,2.0
-2.0,2.0
-2.0,2.0
-2.0,2.0
-2.0,2.0
-2.0,2.0
-24.843384653213267,1.9999999999999964
-2.0,2.0
-2.0,2.0
-2.0,2.0
-2.0,2.0
-2.0,2.0
-2.0,2.0
-2.0,0.0
0.0,2.0000000000000004
-1.8050000000000002,2.0
23.0,2.0
23.0,2.0
25.0,0.0
23.0,2.0
2.0,-2.0
-2.0,2.0
-2.0,2.0
-2.0,2.0
-2.0,2.0
2.0,-2.0
-2.0,2.0
-2.0,2.0
-2.0,2.0
-19.550987499973584,2.0
-2.0,2.0
-2.0,2.0
-25.0,2.0
25.0,-2.0
1.9137457121745083,-1.9137457121745083
-2.0853839554060087,2.0853839554060087
-2.090701238374456,2.090701238374456
24.999999999970726,-1.7940361199042556
1.6018152752872703,-1.6018152752872703
1.7940361199042554,-1.7940361199042554
-2.1157997530143846,2.1157997530143846
1.794036119904256,6.661338147750939e-16
-1.7514712296294679,1.7514712296294679
-1.9666407088400302,1.9666407088400302
-2.2171948309338125,2.2171948309338125
-2.4780524328911167,2.4780524328911167
-2.6390322350663187,2.6390322350663187
-1.7640645119398428,1.7640645119398428
-1.8785281260953592,1.8785281260953592
-1.9516755749322812,1.9516755749322812
-2.4094530315823093,2.4094530315823093
-2.18338616288791,2.18338616288791
-2.2440040752929455,2.2440040752929455
-2.423795223093407,2.423795223093407
-2.7307246853629685,2.7307246853629685
-2.574265791381478,2.574265791381478
-2.4822558739870466,2.4822558739870466
-25.0,0.0
22.353431234884653,2.6465687651153473
-24.74594665204627,2.6168480382073334
-25.0,2.1572680248350906
-25.0,2.4093305890038366
-2.578364462023666,2.578364462023666
-2.4793816291295574,2.4793816291295574
-25.0,2.458175079456396
-2.4581750794563972,2.4581750794563972
-2.4581750794563972,2.4581750794563972
-2.4581750794563972,2.4581750794563972
-2.4581750794563972,2.4581750794563972
1.253518090853099,-1.253518090853099
-2.4581750794563972,2.4581750794563972
1.2869234557668214,-1.2869234557668214
1.289959274336109,-1.289959274336109
0.7198565306226126,-0.7198565306226126
-2.4581750794563972,2.4581750794563972
0.6057861212422875,-0.6057861212422875
0.593897830479083,-0.593897830479083
0.5336756474384856,-0.5336756474384856
0.5978134684008776,-0.5978134684008776
0.8434118218031799,-0.8434118218031799
1.1402763778930414,-1.1402763778930414
1.283216727605204,-1.283216727605204
1.3907112131449093,-1.3907112131449093
1.3163525926168305,-1.3163525926168305
1.370197032072685,-1.370197032072685
1.5218390097712717,-1.5218390097712717
-2.2735045317891727,2.2735045317891727
1.7591989973139377,-1.7591989973139377
1.752185688386314,-1.752185688386314
25.0,-1.6414714048359649
1.6413704212660898,-1.6413704212660898
1.8763405695129995,-1.8763405695129995
2.0368281556784926,-2.0368281556784926
1.9955052449730126,-1.9955052449730126
-2.0,2.0
-23.53924713659194,2.0
-2.0,2.0
-2.0,2.0
-2.0,2.0
-2.0,2.0
-2.0,2.0
-2.0,2.0
-2.0,0.0
0.0,0.0
0.0,0.0
0.21606648199446,2.0
-2.0,2.0
-2.0,2.0
-2.0,2.0
-2.0,0.0
