Bid_Action,Ope_Action
0.0,0.0
10.0,-10.0
0.0,0.0
10.0,-10.0
10.0,-10.0
10.0,-10.0
25.0,-10.0
25.0,-10.0
10.0,-10.0
10.0,-10.0
10.0,-10.0
25.0,-10.0
10.0,-10.0
10.0,-10.0
10.0,-10.0
10.0,-10.0
10.0,-10.0
25.0,-10.0
10.0,-10.0
15.263157894736842,-10.0
10.0,-10.0
10.0,-10.0
10.0,-10.0
25.0,-10.0
25.0,-10.0
10.0,-10.0
10.0,-10.0
10.0,-9.99784568389409
9.964288791851741,-9.91822554401916
9.951782436061512,-9.951782436061498
9.951782436061507,-9.823991949185874
-9.888130559082407,9.888130559082407
0.1260221304483693,9.697969818737507
0.0,0.0
-9.83057481564692,9.83057481564692
-15.152257977474807,-9.847742022525193
-9.96136905091905,9.96136905091905
-9.634803333487838,9.634803333487838
-9.340856255846317,9.340856255846317
-25.0,10.149386888353877
-10.116850928862021,10.116850928862021
-10.120238612057577,10.120238612057577
-25.0,9.544226120490972
-10.032122558002708,9.953986520814077
-25.0,10.407910507552511
-9.844159945957635,9.844159945957635
-9.921602036677031,9.921602036677031
-9.589241124738365,9.589241124738365
-25.0,9.96403091470615
-9.764159499610251,9.764159499610251
9.971857456944898,-9.971857456944898
-9.848891972927111,9.848891972927111
9.714861214240582,-9.714861214240582
10.446087977290006,-10.446087977290006
10.098833250981231,-10.098833250981231
-9.987418393914892,9.987418393914892
-9.987418393914892,0.0
0.0,4.440892098500626e-16
10.090622497816483,-10.090622497816483
10.149126066727318,-10.149126066727318
0.0,0.0
10.101335750072128,-10.101335750072128
25.0,-9.700428374196841
25.0,0.0
10.074581809996182,-10.074581809996182
14.935918752985726,-9.972332484052044
14.989659282445086,10.010340717554914
25.0,0.0
-10.0,10.0
-10.0,10.0
10.0,-10.0
-10.0,10.0
10.0,-10.0
10.0,-10.0
-10.0,10.0
-10.0,10.0
-10.0,10.0
-10.0,10.0
-10.0,10.0
-10.0,10.0
-10.0,10.0
-10.0,10.0
-10.0,10.0
-10.0,10.0
-10.0,10.0
-10.0,10.0
10.0,-10.0
10.0,-10.0
10.0,-10.0
-10.0,10.0
-25.0,10.0
-25.0,0.0
10.0,-10.0
10.0,-10.0
-10.975000000000009,-9.999999999999996
-15.0,-10.0
10.000000000000002,-10.000000000000002
10.0,-10.0
10.0,-10.0
25.0,-10.0
-3.5375000000000023,-10.0
9.999999999958366,-9.999999999958366
21.080332409972296,-10.0
10.0,-10.0
9.999999999999996,-9.999999999999996
10.0,-10.0
10.0,-10.0
10.0,-10.0
9.999999999999996,-9.999999999999996
10.0,-10.0
-10.0,10.0
10.0,-10.0
10.0,-10.0
-10.0,10.0
-10.0,10.0
-10.0,10.0
-10.000000000000002,10.000000000000002
15.0,10.0
25.0,-10.0
25.0,-10.0
25.0,-10.0
9.999999999999996,-9.999999999999996
23.990666532030815,-9.999999999999998
9.993321620117904,-9.993321620117904
9.862985492397401,-9.862985492397401
9.859149300143468,-9.859149300143468
10.003083391297901,-10.003083391297901
9.918135302280684,-9.918135302280684
10.062338893337216,-10.062338893337216
10.192158952733731,-10.192158952733731
10.033731668073873,-10.033731668073873
-25.0,10.326076262690986
-10.151950924307666,10.151950924307666
-10.580573793188274,10.580573793188274
-10.59514561605141,9.604780602591177
-10.131934087317061,10.131934087317061
-25.0,10.238047938112423
-25.0,9.933546815124632
-25.0,9.86541856528401
-25.0,9.966779561248606
-9.644803547068088,9.644803547068088
-9.737936906677346,9.737936906677346
-10.141080674158236,10.141080674158236
-9.896275357353082,9.896275357353082
-10.05936035138647,10.05936035138647
9.826259977050475,-9.826259977050475
10.102278999729466,-10.102278999729466
-10.031623004905478,10.031623004905478
-9.907354201689031,9.907354201689031
9.64469467415682,-9.64469467415682
-10.103953749121063,10.103953749121063
10.209303911669267,-10.209303911669267
-10.105190482278344,9.995478460658973
9.896509513005725,-9.896509513005725
-10.031368652538864,10.031368652538864
-9.72838906793276,9.72838906793276
-10.031368652538864,9.911270470758136
-9.911270470758138,9.911270470758138
9.946665054211515,-9.946665054211515
10.279133024621512,-10.279133024621512
-9.911270470758136,9.911270470758136
-9.911270470758136,9.911270470758136
10.016854502970356,-10.016854502970356
10.0,-10.0
-9.911270470758136,9.911270470758136
9.999999999999996,-9.999999999999996
10.0,-10.0
9.999999999999996,-9.999999999999996
-9.911270470758136,9.911270470758136
-9.911270470758136,9.911270470758136
10.0,-10.0
-9.911270470758136,9.911270470758136
-9.911270470758138,9.911270470758138
-9.911270470758136,9.911270470758136
-9.911270470758136,9.911270470758136
-9.911270470758136,9.911270470758136
-9.911270470758136,9.911270470758136
9.999999999979183,-9.999999999979183
-9.90168473214198,10.0
-10.0,10.0
-10.0,10.0
-10.0,10.0
9.999999999999996,-9.999999999999996
-10.0,10.0
-10.0,10.0
10.0,-10.0
-10.0,10.0
-10.0,10.0
-10.0,10.0
-10.0,10.0
-10.0,10.0
-10.0,0.0
10.0,-10.0
9.999999999999996,-9.999999999999996
10.0,-10.0
10.0,-10.0
10.0,-10.0
9.999999999958366,-9.999999999958366
10.0,-10.0
25.0,-10.0
9.999999999999996,-9.999999999999996
10.0,-10.0
15.0,10.0
25.0,0.0
-10.0,10.0
-10.0,10.0
-10.0,10.0
5.263157894673922,10.0
25.0,-10.0
10.0,-10.0
9.999999999958366,-9.999999999958366
9.999999999999996,-9.999999999999996
10.0,-10.0
9.999999999999996,-9.999999999999996
10.0,-10.0
9.999999999999996,-9.999999999999996
-25.0,10.0
-25.0,0.0
10.0,-10.0
-10.01594193915292,10.01594193915292
9.798657861277274,-9.798657861277274
9.82870117595872,-9.82870117595872
-10.093743915739914,10.093743915739914
-10.061567946895972,10.061567946895972
25.0,-3.6353397472025932
9.755910088672664,-9.755910088672664
-10.0371502774877,10.0371502774877
9.561858798511622,-9.561858798511622
-9.961045903495455,9.961045903495455
-9.729823192411772,9.729823192411772
-25.0,9.871177468929627
-25.0,-8.597567102697212e-13
-9.755839400173752,9.755839400173752
-9.832893335296454,9.832893335296454
-9.932342901627564,9.932342901627564
-25.0,9.984719608010058
-10.111174389940581,10.111174389940581
-9.956501958424862,9.956501958424862
-10.112502955031712,10.112502955031712
-10.112502955031712,10.112502955031712
-10.051864184255825,9.967028233289415
-9.931867647701852,9.931867647701852
9.764577003556944,-9.764577003556944
10.131729280014412,-10.131729280014412
9.590389812737078,-9.590389812737078
-9.96138546074915,9.96138546074915
9.707141651471165,-9.707141651471165
-9.974845939465803,9.974845939465803
-10.027667004065302,10.027667004065302
-10.0276670040653,10.0276670040653
-10.027667004065302,10.027667004065302
9.912455134262201,-9.912455134262201
-9.707807038524525,9.707807038524525
-10.027667004065302,10.027667004065302
-10.027667004065302,10.027667004065302
-9.92765442382259,9.92765442382259
-9.911383741977234,9.911383741977234
-10.027667004065298,10.027667004065298
-10.0,10.0
-10.0,10.0
-10.0,10.0
9.999999999999996,-9.999999999999996
-10.0,10.0
-10.0,10.0
10.0,-10.0
-10.0,10.0
-10.0,10.0
9.999999999999996,-9.999999999999996
-10.0,10.0
9.999999999999996,-9.999999999999996
-10.0,10.0
9.999999999979183,-9.999999999979183
-10.0,10.0
9.999999999979183,-9.999999999979183
9.999999999999996,-9.999999999999996
10.0,-10.0
9.999999999999996,-9.999999999999996
10.0,-10.0
9.999999999999996,-9.999999999999996
10.0,-10.0
-10.0,10.0
-10.0,10.0
-10.0,10.0
-10.027667004065304,10.0
-10.0,10.0
-10.0,10.0
9.999999999958366,-9.999999999958366
0.0,-10.0
10.0,-10.0
10.0,-10.0
10.0,-10.0
9.999999999999998,-9.999999999999998
0.0,0.0
0.0,10.0
2.374639829257992,10.0
15.0,10.0
-10.0,10.0
15.0,10.0
-10.0,10.0
-10.0,10.0
-10.0,10.0
9.999999999979183,-9.999999999979183
10.0,-10.0
10.0,-10.0
10.0,-10.0
10.0,-10.0
9.999999999958366,-9.999999999958366
9.999999999979183,-9.999999999979183
10.0,-10.0
10.0,-10.0
10.0,-10.0
9.999999999979183,-9.999999999979183
10.0,-10.0
9.999999999958366,-9.999999999958366
9.999999999979183,-9.999999999979183
-10.04351718802054,10.04351718802054
9.863291549514376,-9.863291549514376
-10.168702362894354,10.168702362894354
9.902766628560515,-9.902766628560515
-24.99999999999341,10.040034936275834
-9.974440585104864,9.974440585104864
9.947604359198154,-9.947604359198154
10.088462553929011,-10.088462553929011
-25.0,0.0
9.95960846547224,-9.95960846547224
-10.279696718064274,10.279696718064274
-10.303646549527743,10.303646549527743
-25.0,9.778077875701545
-10.079096643397023,10.079096643397023
-10.136225257889317,10.136225257889317
-10.10562187146589,10.10562187146589
-9.813820063536845,9.813820063536845
-10.136225257889317,10.136225257889317
-10.085428628801665,10.085428628801665
-9.814750059100634,9.814750059100634
-10.110794123685283,10.110794123685283
-10.112509582078484,10.112509582078484
-10.114938868081225,10.114938868081225
-10.1269038432428,10.1269038432428
-9.927171911702795,9.927171911702795
-10.136225257889317,10.136225257889317
-10.136225257889317,10.136225257889317
-9.972778616446323,9.972778616446323
-10.136225257889317,10.136225257889317
-9.90584544404041,9.90584544404041
-10.136225257889317,10.136225257889317
-10.136225257889318,10.136225257889318
10.17740714661734,-10.17740714661734
-9.924599828620781,9.924599828620781
-10.136225257889317,10.136225257889317
-10.136225257889317,10.136225257889317
10.159979433686159,-10.159979433686159
10.080850404542705,-10.080850404542705
9.926537820680585,-9.926537820680585
-10.0,10.0
-10.0,10.0
-10.0,10.0
-10.0,10.0
10.0,-10.0
-10.0,10.0
10.0,-10.0
9.999999999979183,-9.999999999979183
-10.0,10.0
-10.0,10.0
-10.0,10.0
-10.0,10.0
-10.0,10.0
-10.0,10.0
-10.0,10.0
-10.0,10.0
-10.0,10.0
-10.0,10.0
-10.0,10.0
10.0,-10.0
-10.0,10.0
-10.0,10.0
-10.0,10.0
-10.0,10.0
-10.0,10.0
9.863774742110683,-10.0
9.999999999979183,-9.999999999979183
-10.0,10.0
-10.0,10.0
-9.999999999999998,-1.7763568394002505e-15
0.0,0.0
0.0,0.0
10.0,-10.0
0.0,0.0
10.0,-10.0
0.0,0.0
0.0,0.0
10.0,-10.0
10.0,-10.0
10.0,-10.0
10.0,-10.0
0.0,10.0
-9.025,9.025
-9.025,9.025
10.0,-10.0
10.0,-10.0
9.999999999958366,-9.999999999958366
10.0,-10.0
9.999999999958366,-9.999999999958366
9.999999999999996,-9.999999999999996
25.0,-10.0
20.263157894778473,-10.0
25.0,-10.0
9.999999999999996,-9.999999999999996
25.0,-10.0
25.0,-10.0
25.0,-10.0
9.999999999958366,-9.999999999958366
-10.002369747824364,10.002369747824364
9.939473665590642,-9.939473665590642
-9.980432105981551,9.980432105981551
-9.886910709115716,9.886910709115716
-9.98035932680717,9.98035932680717
9.983524688362177,-9.983524688362177
9.99999999995837,-10.672779602929575
-15.294308803939286,-9.70569119605546
-10.490359963256115,10.490359963256115
-9.733922020840788,9.733922020840788
-14.08643967377985,9.629979474584506
-25.0,9.79638667027986
-10.04330775066066,10.04330775066066
-25.0,9.749759873693792
-25.0,9.72844224209377
-9.87102441570654,9.87102441570654
-9.853565303196604,9.853565303196604
-10.086945906938995,10.086945906938995
-10.085908616332215,10.085908616332215
-9.65950738598879,9.65950738598879
-9.432708386412822,9.432708386412822
-10.12034898394371,10.12034898394371
-10.120348983943712,10.120348983943712
-9.7931809152969,9.7931809152969
10.22237812823116,-10.222378128231158
-10.120348983943714,10.120348983943714
-10.005810342151522,10.005810342151522
-9.919168648216765,9.919168648216765
9.893331212930825,-9.893331212930825
9.871542745436276,-9.871542745436276
-10.120348983943712,10.120348983943712
-10.106597940783436,10.106597940783436
-10.120348983943712,10.120348983943712
-9.924427683191517,9.924427683191517
-10.067425940669526,10.067425940669526
-10.120348983943714,10.120348983943714
-10.021351397981196,10.021351397981196
9.933076215910347,-9.933076215910347
-9.894449127675838,9.894449127675838
-10.0,10.0
-10.0,10.0
-10.0,10.0
-10.0,10.0
-10.0,10.0
-10.0,10.0
9.999999999999996,-9.999999999999996
10.0,-10.0
9.999999999999996,-9.999999999999996
10.0,-10.0
9.999999999999996,-9.999999999999996
10.0,-10.0
9.999999999999998,-9.999999999999998
10.0,-10.0
-10.0,10.0
-10.0,10.0
-10.0,10.0
9.999999999999996,-9.999999999999996
10.0,-10.0
9.999999999999996,-9.999999999999996
10.0,-10.0
-10.0,10.0
10.0,-10.0
-10.0,10.0
-10.120348983943712,10.0
-10.0,10.0
-10.000000000000002,10.000000000000002
-10.0,10.0
-9.999999999999996,-5.329070518200751e-15
0.0,0.0
0.0,0.0
0.0,0.0
0.0,0.0
10.0,-10.0
10.0,-10.0
10.0,-10.0
10.0,-10.0
10.0,-10.0
10.0,-10.0
0.0,0.0
10.0,-10.0
10.0,-10.0
10.0,-10.0
10.0,-10.0
10.0,-10.0
10.0,-10.0
10.0,-10.0
10.0,-10.0
10.0,-10.0
10.0,-10.0
10.0,-10.0
25.0,-10.0
10.0,-10.0
10.0,-10.0
10.0,-10.0
10.0,-10.0
23.04947028090568,-9.982550037893374
9.780259732234743,-9.780259732234743
9.70224580232759,-9.70224580232759
9.767065854087225,-9.767065854087225
-10.202997487730748,10.202997487730748
-10.279537984515382,10.279537984515382
-10.168167623334515,10.168167623334515
9.687369068490188,-9.687369068490188
9.68685563015212,-9.68685563015212
-10.526752390609296,10.526752390609296
-10.244424419402542,10.244424419402542
-10.344624735460915,10.344624735460915
-24.999999999999996,10.319867982159433
-10.349366545213726,10.349366545213726
-10.41373094806102,10.41373094806102
-10.38289119696936,10.38289119696936
-10.437590841032575,10.437590841032575
-10.489305158311442,10.489305158311442
-10.445985731425509,10.445985731425509
-10.355145961146976,10.355145961146976
9.656190706865802,-9.656190706865802
9.520232108715678,-9.520232108715678
9.478109968280052,-9.478109968280052
-10.459646914987285,10.459646914987285
-10.494857992359785,10.494857992359785
-10.65026350147805,10.65026350147805
-10.650263501478047,10.650263501478047
-10.40298061590081,10.40298061590081
-10.54144486887839,10.54144486887839
-10.650263501478047,10.58874746644846
9.447775766185066,-9.447775766185066
9.572361089778331,-9.572361089778331
9.514610479610358,-9.514610479610358
8.963527991282291,-9.552275457730753
-10.0,10.0
-10.0,10.0
-10.0,10.0
-10.0,10.0
9.946519180289098,-9.946519180289098
-10.0,10.0
10.013524458809957,-10.013524458809957
-10.0,10.0
-10.0,10.0
-10.0,10.0
-10.0,10.0
-9.999999999999998,9.999999999999998
-10.0,10.0
-10.0,10.0
-10.0,10.0
-10.0,10.0
-10.0,10.0
-10.0,10.0
10.0,-10.0
-10.0,10.0
-10.0,10.0
-10.0,10.0
-10.0,10.0
-10.0,10.0
-10.0,10.0
-9.999999999999998,9.999999999999998
-10.0,10.0
-10.0,10.0
-10.0,10.0
-10.0,10.0
-10.0,10.0
-10.000000000000004,10.000000000000004
-10.0,10.0
-10.0,10.0
0.0,-10.0
10.000000000000002,-10.000000000000002
10.0,-10.0
10.0,-10.0
10.0,-10.0
0.0,0.0
0.0,0.0
10.0,-10.0
25.0,-10.0
9.999999999999996,-9.999999999999996
10.0,-10.0
10.0,-10.0
25.0,-10.0
9.999999999999996,-9.999999999999996
-10.0,10.0
9.999999999979183,-9.999999999979183
25.0,-10.000000000000007
9.999999999958366,-9.999999999958366
-10.0,10.0
9.999999999958366,-9.999999999958366
25.0,-10.0
-10.0,10.0
-10.0,10.0
10.0,-10.0
-10.0,10.0
-10.0,10.0
-10.0,10.0
-10.0,10.0
14.978672270042992,10.021327729957008
20.263157894736842,7.105427357601002e-15
-10.297417125561253,10.297417125561253
-10.132995203734858,10.132995203734858
-10.06321997498435,10.06321997498435
-10.217658093060601,10.217658093060601
-10.25782935715576,10.25782935715576
-25.0,10.099256750827383
-25.0,10.199210288286885
-10.296889170835016,10.296889170835016
-10.194869888224314,10.194869888224314
-25.0,10.11960494015663
-25.0,10.11936321073625
-20.60944404909377,10.07464389911297
-10.031127554265794,10.031127554265794
-25.0,10.311608788438509
-10.087932705760839,10.087932705760839
-9.902720002552865,9.902720002552865
-10.314243828464864,10.314243828464864
-10.196287445086396,10.196287445086396
-10.053064972525906,10.053064972525906
-10.314243828464864,10.175415403488437
-10.17541540348844,10.053903136155842
-10.053903136155842,10.053903136155842
-10.053903136155839,10.053903136155839
9.772749730096164,-9.772749730096164
9.892665194730153,-9.892665194730153
9.955553975141871,-9.955553975141871
9.727942688996558,-9.727942688996558
9.78812700319845,-9.78812700319845
10.003636670810023,-10.003636670810023
9.689279866976364,-9.689279866976364
10.058623486900059,-10.058623486900059
9.620353531310833,-9.67425666751594
10.109955328908033,-10.109955328908033
9.826429440103666,-9.826429440103666
9.681092466262147,-9.681092466262147
10.09637382769436,-10.09637382769436
10.000681875776879,-10.000681875776879
-9.999999999950735,9.999999999950735
10.0,-10.0
-9.999999999950735,9.999999999950735
9.999999999999996,-9.999999999999996
-10.0,10.0
9.999999999999996,-9.999999999999996
10.0,-10.0
9.999999999999996,-9.999999999999996
10.0,-10.0
-10.0,10.0
10.0,-10.0
9.999999999999996,-9.999999999999996
-9.999999999950735,9.999999999950735
9.999999999979183,-9.999999999979183
10.0,-10.0
9.999999999979183,-9.999999999979183
9.999999999999996,-9.999999999999996
10.0,-10.0
-9.999999999950735,9.999999999950735
-9.999999999950735,9.999999999950735
9.999999999999996,-9.999999999999996
-9.999999999950735,9.999999999950735
-9.999999999950735,9.999999999950735
-9.999999999950735,9.999999999950735
-9.999999999950735,9.999999999950735
-9.999999999950735,9.999999999950735
-9.999999999950735,9.999999999950735
10.0,-10.0
4.9265480583926546e-11,-10.0
10.0,-10.0
10.0,-10.0
10.0,-10.0
10.0,-10.0
1.0803324099722982,10.0
-10.0,10.0
-10.0,10.0
-10.0,10.0
-10.0,10.0
-10.0,10.0
-10.0,10.0
-10.0,10.0
-10.0,10.0
-10.0,10.0
10.0,-10.0
10.0,-10.0
10.0,-10.0
10.0,-10.0
10.0,-10.0
10.0,-10.0
10.0,-10.0
-9.999999999999998,9.999999999999998
-9.999999999999998,9.999999999999998
-10.0,10.0
-10.0,10.0
25.0,-5.8171745152354575
15.0,10.0
-9.999999999999998,9.999999999999998
25.0,0.0
25.0,0.0
-10.236626239346108,10.236626239346108
0.0,0.0
0.0,0.0
0.0,0.0
0.0,0.0
0.0,0.0
-12.858346515476086,-9.704153484523914
25.0,-10.12118470187782
9.980837105322127,-9.980837105322127
9.736066186045464,-9.736066186045464
-14.943349479596318,-10.056650520403682
-10.096058727398994,10.096058727398994
-25.0,10.022326205004118
-25.0,10.222149337330668
-25.000000000000004,10.176353288393624
-10.013694634369292,10.013694634369292
-9.783366890173598,9.783366890173598
-10.272621556700106,10.272621556700106
-9.888122827527837,9.888122827527837
-10.197674706877516,10.197674706877516
-10.328924314935039,10.328924314935039
-10.150093773342983,10.150093773342983
-9.93104084472352,9.93104084472352
-10.114110171660961,10.114110171660961
-10.161471465931024,10.161471465931024
-10.345751333412302,10.345751333412302
-10.05102762900373,10.05102762900373
10.153874976887385,-10.153874976887385
9.77918175234971,-9.77918175234971
9.45620915656402,-9.456209156564018
10.230170588515078,-10.230170588515078
9.861985123908354,-9.861985123908354
-16.286459637283695,10.0
9.990097298679407,-9.990097298679407
9.80349449351741,-9.80349449351741
10.045871076573722,-10.045871076573722
9.891553132890289,-9.891553132890289
9.97901205904609,-9.97901205904609
10.023282720773922,-10.023282720773922
10.0,-10.0
10.0,-10.0
10.0,-10.0
10.0,-10.0
10.0,-10.0
10.0,-10.0
10.0,-10.0
10.0,-10.0
10.0,-10.0
10.0,-10.0
10.0,-10.0
-9.999999999999998,9.999999999999998
-9.999999999999998,9.999999999999998
-9.999999999999998,9.999999999999998
-9.999999999999998,9.999999999999998
10.0,-10.0
-9.999999999999998,9.999999999999998
-10.0,10.0
-9.999999999999998,9.999999999999998
-9.999999999999998,9.999999999999998
-9.999999999999998,9.999999999999998
-9.999999999886311,9.999999999886311
-9.999999999999998,9.999999999999998
-9.999999999999998,9.999999999999998
-9.999999999999998,9.999999999999998
-9.999999999999998,9.999999999999998
-9.999999999999998,9.999999999999998
0.0,-9.999999999999998
10.0,-10.0
9.999999999999996,-9.999999999999996
10.0,-10.0
10.0,-10.0
10.0,-10.0
0.0,0.0
0.0,10.0
-9.025,10.0
-9.9049375,10.000000000000002
-9.990731406250001,10.0
-9.999096312109367,10.0
-9.999911890430663,10.0
-9.999991409316987,9.999991409316987
-9.999991409316989,9.999991409316989
-9.999991409316989,9.999991409316989
-9.999991409316989,9.999991409316989
-9.999991409316989,9.999991409316989
-9.999991409316989,9.999991409316989
25.0,-10.0
25.0,-10.0
10.0,-10.0
9.999999999999996,-9.999999999999996
24.18283500352688,-10.0
-10.0,10.0
-10.0,10.0
-10.0,10.0
15.0,10.0
-10.041362870219652,10.041362870219652
14.721800269673153,10.278199730326847
-10.219711057478737,10.219711057478737
-9.971175975635088,9.971175975635088
-9.94084871616053,9.94084871616053
-10.08154581054008,10.08154581054008
-10.033007742107348,10.033007742107348
-9.901114363791898,9.901114363791898
-25.0,10.125463249503841
-10.074961681784409,10.074961681784409
10.398823248558635,-10.398823248558635
10.662242677454135,-10.662242677454135
-25.0,8.874678769643651e-12
-10.08585181307416,10.08585181307416
-25.0,10.141707087865097
-10.25031617955727,10.25031617955727
-9.741032684241244,9.741032684241244
-24.61062060867523,9.639448893275611
-25.0,9.892584407874255
-10.141993628744611,10.141993628744611
-10.18858302985246,10.18858302985246
9.905942640726412,-9.905942640726412
9.860666026026898,-9.860666026026898
9.974536361709413,-9.974536361709413
9.97760310649697,-9.97760310649697
-9.572060032510652,9.572060032510652
9.915429415968593,-9.915429415968593
10.011290594259023,-10.011290594259023
9.938505423979013,-9.938505423979013
-9.508430285134178,9.508430285134178
-9.934179540193062,9.934179540193062
9.328670379125647,-9.328670379125647
10.279247972325653,-10.279247972325653
10.06729197965262,-10.06729197965262
-9.219676918720648,9.219676918720648
-9.92759730499088,9.92759730499088
9.978243405444692,-9.978243405444692
-9.869307773912128,9.869307773912128
10.027256254442644,-10.027256254442644
-9.955186223375177,9.955186223375177
10.0,-10.0
9.999999999999998,-9.999999999999998
9.999999999999996,-9.999999999999996
-10.0,10.0
9.999999999999996,-9.999999999999996
10.0,-10.0
-10.0,10.0
-10.0,10.0
-10.0,10.0
-10.0,10.0
-10.0,10.0
10.0,-10.0
-10.0,10.0
-10.0,10.0
-10.0,10.0
-10.0,10.0
-10.0,10.0
9.999999999999996,-9.999999999999996
10.0,-10.0
-10.0,10.0
-10.0,10.0
-10.0,10.0
-10.0,10.0
-10.0,10.0
10.0,-10.0
-10.0,10.0
10.0,-10.0
-10.0,10.0
-10.188583029852456,0.0
0.0,0.0
10.0,-10.0
10.0,-10.0
10.0,-10.0
0.0,0.0
10.0,-10.0
10.0,-10.0
25.0,-10.0
10.0,-10.0
-10.0,10.0
10.0,-10.0
10.0,-10.0
10.0,-10.0
10.0,-10.0
10.0,-10.0
-10.0,10.0
10.0,-10.0
10.0,-10.0
20.214863949646528,-10.0
10.0,-10.0
10.0,-10.0
-9.999999999999998,9.999999999999998
-10.0,10.0
-9.999999999999998,9.999999999999998
-10.0,10.0
10.0,-10.0
25.0,-10.0
25.0,-9.979103134096253
25.0,0.0
25.0,-9.878834469221774
9.906231548408341,-9.906231548408341
9.906231548408336,0.0
-9.967933614108055,9.967933614108055
-10.10476256440101,10.10476256440101
0.0,0.0
-14.662226999754912,-10.337773000245088
-10.002168622163005,10.002168622163005
-10.060675662384055,10.060675662384055
-24.999999999999996,9.51383069710675
-25.0,10.246405275240313
-10.019107038140788,10.019107038140788
-25.0,10.295721863882026
-10.358066595331891,10.302108759102786
-10.06698303304354,10.06698303304354
-9.95459336895428,9.95459336895428
-10.032104570304305,10.032104570304305
-9.83553437122227,9.83553437122227
-9.878956675120001,9.878956675120001
-9.799328605686526,9.799328605686526
-10.136619409385471,10.136619409385471
-9.850230005227921,9.850230005227921
-9.724068075650022,9.724068075650022
-10.292883909994961,10.292883909994961
-9.873511767261956,9.873511767261956
-10.208231907960345,10.208231907960345
-9.938162079841447,9.938162079841447
-9.32320969258481,9.32320969258481
-10.057203089875074,10.057203089875074
-9.648438955583488,9.648438955583488
-10.082162757037267,10.082162757037267
-10.038888772757785,10.038888772757785
-9.668333823356107,9.668333823356107
-10.052624589489165,10.052624589489165
-10.142070076462737,10.142070076462737
-9.965166585400143,9.965166585400143
10.142131968345995,-10.142131968345995
-9.973036139342016,9.973036139342016
-10.0,10.0
-10.0,10.0
-10.0,10.0
-10.0,10.0
-10.0,10.0
-10.0,10.0
-10.0,10.0
-10.0,10.0
10.0,-10.0
10.0,-10.0
-10.0,10.0
-10.0,10.0
10.0,-10.0
10.0,-10.0
10.0,-10.0
10.0,-10.0
10.0,-10.0
10.0,-10.0
10.0,-10.0
10.0,-10.0
10.0,-10.0
10.0,-10.0
10.0,-10.0
10.0,-10.0
-24.999999999999996,0.0
0.0,0.0
0.0,0.0
0.0,0.0
10.0,-10.0
0.0,0.0
10.0,-10.0
10.0,-10.0
10.0,-10.0
10.0,-10.0
10.0,-10.0
10.0,-10.0
10.0,-10.0
10.0,-10.0
10.0,-10.0
10.0,-10.0
21.0803324099723,-10.000000000000002
10.0,-10.0
10.0,-10.0
10.0,-10.0
-10.0,10.0
-10.0,10.0
-10.0,10.0
-10.0,10.0
15.0,10.0
-10.0,10.0
25.0,-10.0
-10.0,10.0
25.0,0.0
10.0,-10.0
-5.8171745152352745,9.999999999999817
-10.0,10.0
-10.019388845415461,10.019388845415461
25.0,-9.697858736810668
9.697858736810662,-9.697858736810662
9.69785873681067,-9.69785873681067
9.660564399949063,-9.660564399949063
-10.594150087436624,10.594150087436624
-10.070256163002025,10.070256163002025
-9.794583640197155,9.794583640197155
-25.0,9.765731371990046
-9.990719609928744,9.990719609928744
-10.0269152771075,10.0269152771075
-10.1154229580693,10.1154229580693
-10.144744799876314,10.144744799876314
-10.034907495515572,10.034907495515572
-9.96819396237413,9.96819396237413
-24.99999999995753,10.043299230171952
-9.998741492260468,9.998741492260468
-9.97816672104632,9.97816672104632
-9.932915352239274,9.932915352239274
-9.996983115850067,9.996983115850067
-9.871851218684869,9.871851218684869
9.891991129401255,-9.891991129401255
-10.043325738359043,10.043325738359043
-10.051919440155167,10.051919440155167
-9.972250346146431,9.972250346146431
-10.203223122894682,10.203223122894682
9.996480722589954,-9.996480722589954
-9.993179822149756,9.993179822149756
-10.096488538718264,10.096488538718264
-10.118904366640642,10.118904366640642
-10.363871572731245,10.363871572731245
-10.0047140392711,10.0047140392711
-10.008410669075731,10.008410669075731
-25.0,0.0
10.17075690518077,-10.17075690518077
-10.250442093445955,10.250442093445955
9.400706061973011,-9.400706061973011
-10.176936152935982,10.176936152935982
-9.949432398493084,9.949432398493084
-9.996528867295824,9.996528867295824
-10.014649349458557,10.014649349458557
-10.0,10.0
10.0,-10.0
-10.0,10.0
-10.0,10.0
-10.000000000000004,10.000000000000004
-10.0,10.0
-10.0,10.0
10.0,-10.0
-10.0,10.0
-10.0,10.0
-10.0,10.0
25.0,-10.0
-10.0,10.0
-4.148712567571028,10.0
15.0,10.0
25.0,-10.0
-10.0,10.0
10.0,-10.0
10.0,-10.0
-10.0,10.0
10.0,-10.0
10.0,-10.0
-10.0,10.0
-20.975,10.0
-10.0,10.0
-25.0,0.0
-25.0,0.0
-25.0,0.0
10.0,-10.0
9.999999999999996,-9.999999999999996
10.0,-10.0
0.0,0.0
0.0,10.0
-9.024999999999999,10.0
-9.9049375,10.0
-9.990731406250003,10.0
-9.999096312109375,10.0
-9.999911890430663,10.0
-9.999991409316989,9.999991409316989
-9.999990481237663,10.0
-10.0,10.0
-10.0,10.0
-10.0,10.0
-10.0,10.0
-10.0,10.0
-10.0,10.0
-10.0,10.0
9.182825484764543,10.0
-10.0,10.0
-10.0,10.0
15.0,10.0
15.0,10.0
-10.0,10.0
-10.0,10.0
-10.0,10.0
-10.01874255056828,10.01874255056828
-10.154772372213278,10.154772372213278
-10.062263273999932,10.062263273999932
14.958603521186,10.041396478814
-10.065997969876804,10.065997969876804
-9.915330483627482,9.915330483627482
-9.86383154536873,9.86383154536873
-9.914638272813372,9.914638272813372
-10.088233447454865,10.088233447454865
-9.970743481939746,9.970743481939746
-9.739348783213622,9.739348783213622
-9.747304395077617,9.747304395077617
-10.161207015207417,10.161207015207417
-9.894845177544767,9.894845177544767
-25.0,9.756602457273598
-25.0,9.877588978895545
-25.0,9.549858794674249
-25.0,9.84766754714241
-18.795088027882777,9.99051511819975
-25.0,9.886522869092676
-9.823930727896641,9.823930727896641
-10.113667737395458,10.113667737395458
-10.111519943093736,10.111519943093736
-10.013323519750013,10.013323519750013
-10.113667737395458,10.113667737395458
10.41610090621646,-10.41610090621646
10.207902449063635,-10.207902449063635
9.874064652307005,-9.874064652307005
10.443689617505543,-10.443689617505543
10.064033050508646,-10.064033050508646
-9.882191305092471,9.768523567697013
9.811053744869657,-9.811053744869657
10.304091192808839,-10.304091192808839
-10.0,10.0
-9.707435134971103,9.707435134971103
-9.899360720986333,9.899360720986333
-10.0,10.0
-9.957530255182451,9.957530255182451
-9.938164801664232,9.938164801664232
-9.974050447311141,9.974050447311141
-10.0,10.0
-10.0,10.0
10.05969950770137,-10.05969950770137
-10.0,10.0
-10.0,10.0
-10.0,10.0
-10.0,10.0
-10.0,10.0
-10.0,10.0
-10.0,10.0
-10.0,10.0
-10.0,10.0
-10.0,10.0
-10.0,10.0
-10.0,10.0
-10.0,10.0
-10.0,10.0
-10.0,10.0
-10.0,10.0
-10.0,10.0
-10.0,10.0
-10.0,10.0
-10.000000000000004,10.000000000000004
-10.0,10.0
-10.0,10.0
-10.0,10.0
-10.0,10.0
-10.0,10.0
-10.0,0.0
0.0,0.0
0.0,0.0
10.0,-10.0
10.0,-10.0
10.0,-10.0
1.0803324099722982,10.0
-10.0,10.0
-10.0,10.0
-10.0,10.0
-10.0,10.0
-10.0,10.0
-10.0,10.0
-10.0,10.0
-10.0,10.0
-10.0,10.0
-10.0,10.0
-10.0,10.0
-10.0,10.0
-10.0,10.0
15.0,10.0
-10.0,10.0
9.182825484764574,10.0
15.0,10.0
15.0,10.0
-10.00000000000003,10.00000000000003
-10.0,10.0
-10.000000000000002,10.000000000000002
-10.006678379882096,10.006678379882096
0.0,0.0
-10.201222583150123,10.201222583150123
0.0,0.0
-9.822097560529805,9.822097560529805
-10.079668305074595,10.079668305074595
-10.099580844971943,10.099580844971943
-10.132156882318089,10.132156882318089
-25.0,10.057415155371807
-9.954191328116725,9.954191328116725
-10.155843209778926,10.155843209778926
-10.077467336611868,10.077467336611868
-25.0,9.852196975824839
-10.117440104877495,10.117440104877495
-25.0,10.177403833093953
-19.586937121368436,10.178359705697524
-9.955012450769246,9.955012450769246
-25.0,10.200574828774783
-10.352306429391632,10.352306429391632
-10.2392982409369,10.2392982409369
-25.0,9.522243575198072
-10.401256952592554,10.401256952592554
-9.776936130214679,9.776936130214679
-10.078621389471309,10.078621389471309
-9.922397282289774,9.922397282289774
-10.21678647862314,10.21678647862314
-10.115100441793018,10.115100441793018
-10.386151703981612,10.386151703981612
-9.787362052656668,9.787362052656668
-9.991488347354398,9.991488347354398
9.380452544740518,-9.380452544740518
-10.111074353091675,10.111074353091675
-9.984096981187063,9.984096981187063
-10.21464562694185,10.21464562694185
-10.40125695259255,10.027847797260538
-9.957180126211284,9.957180126211284
-9.999128701136199,9.999128701136199
-10.02784779726054,9.999999999999998
9.978452788565347,-9.978452788565347
9.991101414605618,-9.991101414605618
9.956497037448166,-9.956497037448166
-9.983674950730746,9.983674950730746
-9.995457396117445,9.995457396117445
9.99984534918528,-9.99984534918528
-9.964162523713151,9.964162523713151
-10.0,10.0
-10.0,10.0
-10.0,10.0
-10.0,10.0
-10.0,10.0
-10.0,10.0
10.0,-10.0
9.999999999999998,-9.999999999999998
-9.999999999983947,9.999999999983947
-10.0,10.0
-10.0,10.0
-10.0,10.0
-10.0,10.0
-10.0,10.0
-10.0,10.0
-10.0,10.0
-10.0,10.0
-10.0,10.0
-10.0,10.0
-10.0,0.0
0.0,0.0
10.0,-10.0
10.0,-10.0
10.0,-10.0
10.000000000000002,-10.000000000000002
9.999999999999996,-9.999999999999996
10.0,-10.0
10.0,-10.0
10.0,-10.0
9.999999999958366,-9.999999999958366
10.0,-10.0
10.0,-10.0
9.999999999999996,-9.999999999999996
10.0,-10.0
9.999999999999996,-9.999999999999996
10.0,-10.0
9.999999999999996,-9.999999999999996
10.0,-10.0
10.0,-10.0
1.0803324099722982,10.0
-10.0,10.0
-10.0,10.0
-10.0,10.0
-10.0,10.0
-10.0,10.0
-10.000000000000004,10.000000000000004
25.0,-5.8171745152354575
25.0,0.0
25.0,0.0
-10.0,10.0
15.0,10.0
-10.020250572289275,10.020250572289275
-10.23918340787475,10.23918340787475
-10.233553774786039,10.233553774786039
-9.954412545249474,9.954412545249474
-9.975978059956166,9.975978059956166
0.0,0.0
-9.786882065126122,9.786882065126122
-9.779177018744871,9.779177018744871
-10.110803590894959,10.110803590894959
-10.320961444876957,10.320961444876957
-9.700893924232634,9.700893924232634
-9.905561427750143,9.905561427750143
-25.0,10.075591882375146
-25.0,9.84213490980804
-25.0,9.771632914928109
-25.0,9.562014376323958
-25.0,10.013691478632737
-18.873091839709595,9.788252601513479
-9.686678593331186,9.686678593331186
-10.055852750201687,10.055852750201687
-10.180226323871882,10.180226323871882
-9.620029752789144,9.503550254120105
-9.963008456061191,9.963008456061191
-9.704110882080432,9.704110882080432
-10.063746825202793,10.063746825202793
-9.522604591460416,9.522604591460416
-10.063746825202845,10.063746825202845
-9.817137058233486,9.817137058233486
9.705196455456502,-9.705196455456502
10.460415652412935,-10.460415652412935
10.65922232199399,-10.65922232199399
9.728181578254034,-9.728181578254034
-9.745915239844564,9.745915239844564
-9.173403406842302,9.173403406842302
-10.063746825202845,10.063746825202845
-9.910217401468564,9.910217401468564
-9.824113918403862,9.824113918403862
-9.939227535397015,9.939227535397015
-9.965808659449674,9.965808659449674
-10.016362553225914,10.016362553225914
-10.042794521883222,10.042794521883222
10.036638301143212,-10.036638301143212
9.999999999999996,-9.999999999999996
10.0,-10.0
-10.0,10.0
-10.0,10.0
-10.0,10.0
10.0,-10.0
9.999999999999996,-9.999999999999996
10.0,-10.0
9.999999999999996,-9.999999999999996
10.0,-10.0
9.999999999979183,-9.999999999979183
-10.0,10.0
-10.0,10.0
-10.0,10.0
-10.0,10.0
9.999999999999996,-9.999999999999996
-10.0,10.0
-10.0,10.0
-10.0,10.0
-10.0,10.0
-10.0,10.0
-10.0,10.0
-10.063746825202845,10.0
-10.0,10.0
-10.0,10.0
-10.0,10.0
-10.0,0.0
0.0,0.0
0.0,0.0
0.0,0.0
0.0,9.999999999999977
-9.024999999999979,9.024999999999979
25.0,-10.0
25.0,0.0
25.0,-10.0
25.0,-10.0
10.0,-10.0
25.0,-10.0
-10.0,10.0
-10.0,10.0
10.0,-10.0
10.0,-10.0
10.0,-10.0
-10.0,10.0
10.0,-10.0
9.999999999958366,-9.999999999958366
10.263157894778496,-10.0
10.0,-10.0
-10.0,10.0
-10.0,10.0
9.999999999999996,-9.999999999999996
10.0,-10.0
9.999999999999996,-9.999999999999996
10.0,-10.0
9.999999999958366,-9.999999999958366
9.932569902633725,-9.932569902633725
9.894772201136853,-9.894772201136853
9.893576492554836,-9.893576492554836
9.729032443723623,-9.729032443723623
-9.993106451274771,9.993106451274771
-9.645734173779193,9.645734173779193
-25.0,10.01057297976562
-25.0,10.062155071682682
-10.117409494232879,10.117409494232879
-10.663113660744283,10.663113660744283
-25.0,10.095099699058864
-25.0,10.017436075633057
-10.402477591493387,10.402477591493387
-10.241568477817092,10.241568477817092
-10.973663861178705,10.177973443542761
-9.9283319604617,9.9283319604617
-9.982745063645403,9.982745063645403
-25.0,10.07433589922486
-10.336215328679806,10.336215328679806
-10.123075619223675,10.123075619223675
-10.179777893706916,10.179777893706916
-10.438909307766718,10.438909307766718
-10.040525337737026,10.040525337737026
-10.39817506026952,10.39817506026952
-10.148649077146498,10.148649077146498
-10.259084709158731,10.259084709158731
-10.194284183519057,10.194284183519057
-10.346521964279889,10.346521964279889
-10.12517292174046,10.12517292174046
-10.438909307766718,10.438909307766718
-10.356196821420959,10.356196821420959
-10.4360495792974,10.4360495792974
-9.886251475748642,9.886251475748642
-9.967724073200566,9.967724073200566
-10.122271853122227,10.122271853122227
-10.340897337224837,10.340897337224837
-10.046539540470226,10.046539540470226
-10.154194968574418,10.154194968574418
-10.010727393900098,10.010727393900098
-10.00031857160558,10.00031857160558
9.999999999979183,-9.999999999979183
9.999999999999996,-9.999999999999996
10.0,-10.0
-10.0,10.0
10.0,-10.0
9.999999999999996,-9.999999999999996
-10.0,10.0
-10.0,10.0
-10.0,10.0
-10.0,10.0
-10.0,10.0
-10.0,10.0
-10.0,10.0
-10.0,10.0
-10.0,10.0
-10.0,10.0
-10.0,10.0
-10.0,10.0
-10.0,10.0
-10.0,10.0
-10.0,10.0
-10.0,10.0
-10.0,10.0
-10.0,10.0
-10.0,10.0
-10.438909307766718,10.0
-10.0,10.0
-10.0,0.0
0.0,0.0
10.0,-10.0
10.0,-10.0
10.0,-10.0
0.0,0.0
0.0,0.0
10.0,-10.0
10.0,-10.0
10.0,-10.0
10.0,-10.0
0.0,0.0
1.0803324099722982,10.0
-10.0,10.0
-10.0,10.0
-10.0,10.0
-10.0,10.0
-10.0,10.0
-10.0,10.0
-10.0,10.0
-10.0,10.0
-9.999999999999998,9.999999999999998
-9.999999999999998,9.999999999999998
9.182825484764546,10.0
15.0,10.0
-10.0,10.0
-9.999999999999998,9.999999999999998
-10.0,10.0
-10.016588235232815,10.016588235232815
14.725324709670975,10.274675290329025
14.634092622168158,10.365907377831842
-10.200686857422614,10.200686857422614
-10.153854780173411,10.153854780173411
-10.081099273817054,10.081099273817054
-10.217302757124111,10.217302757124111
-10.257455086799922,10.257455086799922
-25.0,10.118165924285952
-3.726823906362256,10.34408510450941
9.872305644749293,-9.872305644749293
-10.195884773101533,10.195884773101533
-25.0,9.978717712649436
-9.740905192484277,9.740905192484277
-9.948570330158713,9.948570330158713
-11.437115775504344,10.166160890456963
-25.0,10.211289816685536
-10.094237236257426,10.094237236257426
-10.224623434792537,10.224623434792537
-25.0,9.99070320009864
-10.029128710729635,10.029128710729635
-9.867120769583671,9.867120769583671
-9.896882521066939,9.896882521066939
-9.956616827235592,9.956616827235592
-9.814888911509208,9.814888911509208
-9.98859958610874,9.98859958610874
-10.139207113363447,10.139207113363447
-9.894925964400667,9.894925964400667
9.95097310797436,-9.95097310797436
9.948013027082482,-9.948013027082482
-10.109245288182368,10.109245288182368
9.96609097953154,-9.96609097953154
-10.1810553358658,10.1810553358658
9.930147771277465,-9.930147771277465
10.457821005814534,-10.457821005814534
10.209344305097217,-10.209344305097217
9.880269619315168,-9.880269619315168
-9.950856976869007,9.950856976869007
-10.083452624908851,10.083452624908851
-10.032020884115447,10.032020884115447
-9.958608797183057,9.958608797183057
10.0,-10.0
10.0,-10.0
10.0,-10.0
10.0,-10.0
10.0,-10.0
10.0,-10.0
10.0,-10.0
10.0,-10.0
10.0,-10.0
10.0,-10.0
10.0,-10.0
10.0,-10.0
10.0,-10.0
-10.0,10.0
-10.0,10.0
-10.0,10.0
-10.0,10.0
-10.0,10.0
-10.0,10.0
-9.999999999999998,9.999999999999998
-10.0,10.0
10.0,-10.0
-10.0,10.0
10.0,-10.0
-9.999999999999998,9.999999999999998
-10.0,10.0
-25.0,10.0
-25.0,0.0
0.0,0.0
0.0,0.0
0.0,0.0
0.0,9.999999999999998
-9.024999999999999,9.024999999999999
-9.024999999999999,9.024999999999999
-9.025,10.0
-9.894667590027694,9.999999999999995
-10.0,10.0
-10.0,10.0
-10.0,10.0
-10.0,10.0
-10.0,10.0
-10.0,10.0
10.0,-10.0
10.0,-10.0
-10.0,10.0
-10.0,10.0
15.0,10.0
15.0,10.0
-10.0,10.0
-5.834478385230073,10.0
25.0,-10.0
25.0,-10.0
10.0,-10.0
10.0,-10.0
10.0,-10.0
9.992244461833815,-9.992244461833815
9.917058821370517,-9.917058821370517
10.01730386999461,-10.01730386999461
10.017303869994617,-9.789809720824861
9.789809720824858,-9.789809720824858
-0.2505015001866724,10.04031122101153
-9.704966717835042,9.704966717835042
-9.999055803621694,9.999055803621694
-25.0,10.2499321264181
16.34356551089408,-9.652663855688015
9.652663855688015,-9.652663855688015
9.652663855688015,-9.652663855688015
9.458036643605048,-9.458036643605048
9.652663855688015,-9.652663855688015
-9.853441282749856,9.853441282749856
-10.072255637685494,10.072255637685494
-25.0,10.058571101673186
-9.755726424804958,9.755726424804958
-9.902740514840495,9.902740514840495
-16.123742368608525,10.0246822779187
-9.85531105666077,9.85531105666077
-25.0,10.006174514150372
-10.185307059731077,10.185307059731077
10.12971465779546,-10.12971465779546
9.843349552809409,-9.843349552809409
9.905384706502868,-9.905384706502868
9.976773147782083,-9.976773147782083
9.798756786222125,-9.798756786222125
10.138854933163518,-10.138854933163518
10.051531915705782,-10.051531915705782
9.26774320453788,-9.26774320453788
9.541402051844763,-9.541402051844763
9.911882368076832,-9.911882368076832
-25.0,0.0
-25.0,10.020234267239488
-9.972780194314605,9.972780194314605
-10.2743906626148,10.2743906626148
-10.070070566245676,9.840937307784086
-10.045257404153212,10.045257404153212
-9.997037621337439,9.997037621337439
-10.00495492736718,10.00495492736718
-10.045257404153208,9.999999999999995
-10.0,10.0
-10.0,10.0
-10.0,10.0
-10.0,10.0
-9.999999999999998,9.999999999999998
-10.0,10.0
-10.0,10.0
-10.0,10.0
-10.0,10.0
-10.0,10.0
10.0,-10.0
10.0,-10.0
-10.0,10.0
-10.0,10.0
-10.0,10.0
15.0,10.0
25.0,0.0
-10.0,10.0
-10.0,10.0
-10.0,10.0
-10.0,10.0
-25.0,10.0
-25.0,10.0
-10.0,10.0
-10.0,10.0
-25.0,10.0
-10.125000000000004,0.0
0.0,0.0
0.0,0.0
10.0,-10.0
10.0,-10.0
10.0,-10.0
10.0,-10.0
10.0,-10.0
0.0,10.0
-9.025,9.025
-9.025,10.0
15.0,10.0
25.0,-9.10577740896941
-25.0,10.0
10.0,-10.0
10.0,-10.0
-10.0,10.0
-10.0,10.0
-10.0,10.0
-10.0,10.0
-10.0,10.0
10.0,-10.0
-10.0,10.0
25.0,-10.0
10.0,-10.0
25.0,-10.0
25.0,-10.0
10.0,-10.0
10.0,-9.985566081335364
25.0,-9.768841863175645
9.768841863175718,-9.575244289038327
9.575244289038318,-9.575244289038318
-10.020937049771065,10.020937049771065
-0.6844239158100773,10.259668204848403
-10.389501518338463,10.389501518338463
-10.173685428707062,10.173685428707062
-10.08280147811671,10.08280147811671
-10.069046884752801,10.069046884752805
-10.022386163998728,10.022386163998728
-10.195630420734924,10.195630420734918
-10.017985173794234,10.017985173794234
-10.060195674853505,10.060195674853505
-10.082904355128518,10.082904355128518
-25.0,10.258988143620044
-25.0,10.100038111199272
-10.139489867359092,10.139489867359092
-10.251791170824713,10.251791170824713
-9.965350012587603,9.965350012587603
-10.143129062758362,10.143129062758362
-10.112851663921427,10.112851663921427
-25.0,10.043616697269737
-20.57162507102932,10.108502427796497
-10.157375319878081,10.157375319878081
-25.0,10.112108172388243
-25.0,10.190958037186391
-10.242586518430866,10.242586518430866
-10.107102543059142,10.107102543059142
-10.103472814869548,10.103472814869548
-10.154241042328174,9.962927669205293
-10.051273145307984,10.051273145307984
-9.902518666560432,9.902518666560432
-9.712178522592197,9.712178522592197
-9.903820092317158,9.903820092317158
-10.051273145307986,10.051273145307986
-10.051273145307986,10.21356194700766
-10.140086774929129,10.140086774929129
-9.98145673419539,9.98145673419539
-9.689097780976937,9.977560701286965
15.035034042975843,9.964965956983013
-10.0,10.0
10.0,-10.0
-10.0,10.0
10.0,-10.0
-10.0,10.0
-10.0,10.0
-10.0,10.0
15.0,10.0
-10.0,10.0
-10.0,10.0
-10.0,10.0
-10.0,10.0
15.0,10.0
-10.0,10.0
-10.0,10.0
-10.0,10.0
18.67526141342426,-9.999999999999998
10.0,-10.0
-10.0,10.0
10.0,-10.0
-10.0,10.0
-10.0,10.0
-15.975000000000009,10.0
-25.0,10.0
-10.0,10.0
-25.0,10.0
-25.0,0.0
-15.0,-10.0
0.0,0.0
10.0,-10.0
10.0,-10.0
21.0803324099723,-10.000000000000002
-10.0,10.0
-10.0,10.0
-10.0,10.0
15.0,10.0
-10.0,10.0
10.0,-10.0
25.00000000000001,-10.00000000000001
25.0,-10.0
10.0,-10.0
10.0,-10.0
10.0,-10.0
10.0,-10.0
10.0,-10.0
-10.0,10.0
-9.999999999999998,9.999999999999998
-10.0,10.0
-10.000000001332255,10.000000001332255
-10.0,10.0
-9.999999999999998,9.999999999999998
4.1828254847645425,10.0
-10.0,10.0
15.0,10.0
-10.000646294847183,10.000646294847183
-10.051488159446063,10.051488159446063
-10.13247154869968,10.13247154869968
-10.018998796376831,10.018998796376831
-9.902827376489267,9.902827376489267
-9.922805555707031,9.922805555707031
-9.860201028245005,9.860201028245005
-10.275090604983479,10.275090604983479
-9.56991223820893,9.56991223820893
-25.0,10.087479226417383
-9.247220818550602,9.247220818550602
-10.12149270176593,10.12149270176593
-10.245187792076042,10.245187792076042
-25.0,10.022306639437456
-9.997411664874715,9.997411664874715
-12.888681664292044,10.243253641139335
-24.999999999999996,9.4086667230155
-25.0,10.416099643921836
-9.271928026788112,9.271928026788112
-9.60200481671432,9.60200481671432
10.097619554700831,-10.097619554700831
-9.74554033834141,9.74554033834141
-9.840736918512622,9.840736918512622
-10.08605125562466,10.08605125562466
-10.096771292713903,10.096771292713903
-10.065544648320172,10.065544648320172
-10.239968519381927,10.239968519381927
-10.074574472908683,10.074574472908683
-10.291290894180223,10.291290894180223
-25.0,10.148375790360532
-10.051448604260642,10.051448604260642
-9.2594136378917,9.2594136378917
-10.115625556356353,10.115625556356353
-9.802754473294438,9.802754473294438
-9.706637680342773,9.706637680342773
-9.506173933494846,9.506173933494846
-9.816210849553567,9.816210849553567
9.77831329364881,-9.77831329364881
-10.080309235169631,10.080309235169631
10.106066199173329,-10.106066199173329
-10.0571509610518,10.0571509610518
15.014966655071387,9.985033344928613
-9.967927812052176,9.967927812052176
-9.942145903014195,9.942145903014195
-9.961964383702584,9.961964383702584
-9.954534166227004,9.954534166227004
-9.948212375874276,9.948212375874276
-9.963629727712597,9.963629727712597
-9.979635920196607,9.979635920196607
-10.0,10.0
-10.0,10.0
-10.00258517938873,10.00258517938873
-10.00366233736464,10.00366233736464
-10.006247517061546,10.006247517061546
10.0,-10.0
-10.0,10.0
-10.0,10.0
-10.0,10.0
-10.0,10.0
-10.0,10.0
-10.0,10.0
-10.0,10.0
-10.0,10.0
-10.0,10.0
-10.0,10.0
-10.0,10.0
10.0,-10.0
-10.0,10.0
-25.0,10.0
-25.0,0.0
0.0,0.0
0.0,0.0
10.0,-10.0
25.0,-10.0
10.0,-10.0
10.0,-10.0
10.0,-10.0
25.0,-10.0
-25.0,7.925000000000001
10.0,-10.0
10.0,-10.0
-10.0,10.0
-10.0,10.0
-10.0,10.0
-10.0,10.0
10.0,-10.0
10.0,-10.0
10.0,-10.0
10.0,-10.0
10.0,-10.0
-10.0,10.0
-10.0,10.0
-10.0,10.0
-10.0,10.0
-10.0,10.0
-10.0,10.0
-10.0,10.0
-10.000000000000002,10.032314742359105
14.732238861904342,10.267761138095658
14.646088168527642,10.353911831472358
25.0,-2.3014479211269645e-11
19.150510742428462,0.0
-10.142840628436915,10.142840628436915
-10.278459038186028,10.278459038186028
-10.382799049461855,10.382799049461855
-25.0,10.019915222273422
6.560044876032668,10.03838701064498
-10.31955493309283,10.31955493309283
-10.048405211923617,10.048405211923617
-19.08487484058482,10.044776746028646
10.016729190643954,-10.016729190643954
-10.042580984531238,10.042580984531238
9.533509321976375,-10.034451807156524
9.930283467949481,-9.930283467949481
10.00263440887904,-10.00263440887904
9.767521305766032,-9.767521305766032
-9.994778518290296,9.994778518290296
-10.10341411816956,10.10341411816956
-10.064441402819318,10.064441402819318
-10.085209305110848,10.085209305110848
-9.931588680590078,9.931588680590078
9.699288601045321,-9.699288601045321
10.059973510999788,-10.059973510999788
10.158481721115493,-10.158481721115493
10.118685358523482,-10.118685358523482
9.99339030977821,-9.99339030977821
9.946576851374704,-9.946576851374704
10.16547956693398,-10.16547956693398
10.571790116051329,-10.571790116051329
-9.839926840938054,9.839926840938054
-9.948294203209844,9.948294203209844
-9.890987762962478,9.890987762962478
-9.688611955333755,9.688611955333755
10.033584847430488,-10.033584847430488
-10.047750120460774,10.047750120460774
-9.97236612223142,9.97236612223142
10.06330020958635,-10.06330020958635
-10.011417457334096,10.011417457334096
-10.035977078182857,10.035977078182857
10.000585374339087,-10.000585374339087
-9.972568508492428,9.972568508492428
-10.020250572289275,10.020250572289275
9.991167303549727,-9.991167303549727
-10.003016042517457,10.003016042517457
9.998276547176907,-9.998276547176907
-10.003446905646186,10.003446905646186
-10.000430863205773,10.000430863205773
10.0,-10.0
-10.0,10.0
-10.000000000000004,10.000000000000004
10.0,-10.0
10.0,-10.0
-10.0,10.0
-10.0,10.0
-10.0,10.0
10.0,-10.0
10.0,-10.0
10.0,-10.0
-10.0,10.0
-20.45895942026368,10.000000000000002
-10.0,10.0
10.0,-10.0
10.0,-10.0
-15.0,-10.0
-15.0,-10.0
-15.0,-10.0
10.0,-10.0
0.0,0.0
10.0,-10.0
10.0,-10.0
0.0,0.0
10.0,-10.0
0.0,0.0
10.0,-10.0
10.0,-10.0
10.0,-10.0
0.0,0.0
25.0,-10.0
10.0,-10.0
10.0,-10.0
10.0,-10.0
10.0,-10.0
10.0,-10.0
10.0,-10.0
10.0,-10.0
25.0,-10.0
15.263157894736842,-10.0
10.0,-10.0
25.0,-10.0
25.0,-10.0
10.0,-10.0
25.0,-10.0
10.0,-10.0
25.0,-10.0
10.0,-9.973717342059457
9.812298416676715,-9.812298416676715
9.887298549138757,-9.887298549138757
9.957568940352257,-10.040961144955753
10.066118676800167,-10.066118676800167
9.914896412063861,-9.914896412063861
10.066118676800171,-10.283216311047976
-25.0,0.0
-10.382480951216756,10.382480951216756
9.86696172046112,-9.86696172046112
-24.999999999999996,10.065842549851297
-24.99999999997236,9.885449918662783
-25.0,9.765757880177139
-10.120619193886535,10.120619193886535
-15.043132801229333,9.815547198155311
-9.696664290523266,9.696664290523266
-10.008112136397296,10.008112136397296
10.038351666395526,-10.038351666395526
-10.047996228465653,10.047996228465653
9.656530264119496,-9.656530264119496
9.944238135011195,-9.944238135011195
10.043544746476202,-10.043544746476202
10.079954372593624,-10.079954372593624
-9.886370131443243,9.886370131443243
9.868648146077984,-9.868648146077984
9.94978276414449,-9.94978276414449
9.953002246581478,-9.953002246581478
10.126081142721999,-10.126081142721999
10.111817213477549,-10.111817213477549
9.903067764721612,-9.903067764721612
-9.78484693061954,9.78484693061954
-10.187695005584896,10.187695005584896
-9.862457222097508,9.674762216512612
9.877006429926844,-9.877006429926844
10.024887400795004,-10.024887400795004
9.681417664914502,-9.681417664914502
9.88388435775611,-9.88388435775611
10.017584158571067,-10.017584158571067
10.03704244991417,-10.03704244991417
10.01216594134113,-10.01216594134113
10.0,-10.0
10.0,-10.0
10.0,-10.0
10.0,-10.0
10.0,-10.0
10.0,-10.0
10.0,-10.0
10.0,-10.0
10.0,-10.0
10.0,-10.0
10.0,-10.0
-10.0,10.0
10.0,-10.0
10.0,-10.0
10.0,-10.0
10.0,-10.0
-10.0,10.0
10.0,-10.0
-10.0,10.0
-10.0,10.0
10.0,-10.0
10.0,-10.0
10.0,-10.0
10.0,-10.0
10.0,-10.0
10.0,-10.0
10.0,-10.0
-10.0,0.0
10.0,-10.0
10.0,-10.0
10.0,-10.0
25.0,-10.0
-3.5375000000000014,-10.0
10.0,-10.0
0.0,0.0
0.0,0.0
10.0,-10.0
10.0,-10.0
0.0,10.0
-8.919667590027698,9.999999999999996
-10.0,10.0
-10.0,10.0
-10.0,10.0
10.0,-10.0
10.0,-10.0
10.0,-10.0
10.0,-10.0
10.0,-10.0
0.0,-10.0
0.0,0.0
0.0,0.0
10.0,-10.0
10.0,-10.0
25.0,-10.0
25.0,0.0
14.973501911265535,10.026498088734465
14.715229228595236,10.284770771404764
-10.417427341185412,10.417427341185412
-10.379228964693215,10.379228964693215
-10.205484523712508,10.205484523712508
5.087105032463586,10.176052862273256
-10.16856934859841,10.16856934859841
-9.916000604285681,9.916000604285681
-19.120922084006008,10.082593199503846
-10.240001970189448,10.240001970189448
10.014768847093809,-10.014768847093809
9.835430863063149,-9.835430863063149
10.014768847093809,-10.100483701201332
9.987519061911108,-9.987519061911108
-9.904689182165372,9.904689182165372
-9.950129895165926,9.950129895165926
-24.999999999971024,9.906089066902725
-9.993624781004508,9.993624781004508
-9.956724753425892,9.956724753425892
-9.967684626493586,9.967684626493586
-9.917014226868277,9.917014226868277
9.987047594869267,-9.987047594869267
9.983144579893706,-9.983144579893706
9.888927540350258,-9.888927540350258
10.162501498343719,-10.162501498343719
10.001771630503946,-10.001771630503946
10.03551907726061,-10.03551907726061
10.036148331130375,-10.036148331130375
10.17267496186103,-10.17267496186103
10.033782791006121,-10.033782791006121
10.025247785909984,-10.025247785909984
10.149351544104421,-10.149351544104421
10.040775903219771,-10.040775903219771
-9.747631960532388,9.747631960532388
10.04575439321447,-10.04575439321447
10.10916134558991,-10.10916134558991
9.831608319369831,-9.831608319369831
9.893718421806554,-9.893718421806554
9.91843801631006,-9.91843801631006
11.7931506433898,-9.958851838206447
25.0,-10.02611788904548
10.011236862913275,-10.011236862913275
10.026117889045482,-10.026117889045482
9.985068586145118,-9.99004394762457
10.011201746715097,-10.011201746715097
10.031630754950692,-10.031630754950692
10.03163075495069,-10.018122168509455
10.013683912261252,-9.995561743751795
9.981903744278902,-9.981903744278902
10.0,-10.0
10.0,-10.0
10.0,-10.0
10.0,-10.0
10.0,-10.0
10.0,-10.0
10.0,-10.0
10.0,-10.0
10.0,0.0
-10.000000000000004,10.000000000000004
-10.0,10.0
-10.0,10.0
0.0,0.0
-10.0,10.0
-10.0,10.0
-25.0,4.9999999999999964
10.0,-10.0
-15.0,-10.0
-25.0,0.0
-25.0,0.0
15.0,10.0
-22.5625,0.0
0.0,0.0
1.0803324099722982,10.0
-10.0,10.0
-10.0,10.0
-10.0,10.0
-10.0,10.0
-10.0,10.0
-10.0,10.0
-10.0,10.0
-10.0,10.0
-10.0,10.0
-10.0,10.0
10.0,-10.0
-10.0,10.0
-10.0,10.0
10.0,-10.0
10.0,-10.0
-10.000000000000004,10.000000000000004
10.0,-10.0
25.0,-10.0
25.0,-10.0
25.0,-10.0
-10.0,10.0
-10.000000000000004,10.000000000000004
-10.0,10.0
9.972209321571171,-9.972209321571171
14.7368866035881,10.2631133964119
-10.298751292084775,10.298751292084775
-10.879883993356895,10.142383993356896
-10.084610346312045,10.084610346312045
15.05953360132353,9.94046639867647
-10.07777880781019,10.07777880781019
-9.956222360165778,9.956222360165778
-25.0,9.548370549313255
7.228337175647674,9.892581883285008
-9.975635820326396,9.975635820326396
-9.887642524423633,9.887642524423633
-25.0,0.0
-10.006782940158853,10.006782940158853
-24.51704923282277,9.935346531683948
-25.0,9.780121530696835
-25.0,9.801581170441985
-10.160991162826818,10.160991162826818
-9.871908653090234,9.871908653090234
-9.812984740069806,9.812984740069806
-9.551267515473967,9.551267515473967
-9.946308929340887,9.946308929340887
-9.768428895600255,9.768428895600255
-9.958577170785734,9.958577170785734
-25.0,10.144328242650595
-10.144328242650595,9.592864541346259
-9.592864541346259,9.592864541346259
-9.592864541346259,9.592864541346259
-9.592864541346259,9.592864541346259
9.813597584109466,-9.813597584109466
10.352919904578606,-10.352919904578606
9.878554003135136,-9.878554003135136
-9.592864541346259,9.592864541346259
-9.592864541346259,9.592864541346259
-9.592864541346259,9.592864541346259
-9.592864541346259,9.592864541346259
-9.592864541346259,9.889112466512588
-9.86022829380887,10.012842743285324
-9.997962834461369,9.997962834461369
-9.997962834461369,9.997962834461369
-9.926163584840614,9.926163584840614
10.0,-10.0
10.0,-10.0
-9.997962834461369,10.0
-9.999779918404416,10.0
-9.999999999999998,9.999999999999998
-10.0,10.0
-10.0,10.0
-10.0,10.0
-10.0,10.0
-10.000000000000004,10.000000000000004
-10.0,10.0
25.0,-10.0
-10.000000000000004,10.000000000000004
-10.0,10.0
2.022160664819941,10.000000000000002
-10.0,10.0
25.0,-10.0
25.0,-10.0
25.0,-10.0
-10.0,10.0
-10.0,10.0
-10.000000000000004,10.000000000000004
10.0,-10.0
-25.0,0.0
-10.0,10.0
10.0,-10.0
-15.0,-10.0
-15.0,-10.0
10.0,-10.0
0.0,0.0
0.0,0.0
0.0,0.0
0.0,0.0
0.0,0.0
0.0,10.0
-9.025,10.0
-9.9049375,0.0
0.0,0.0
25.0,0.0
-22.5625,9.999999999999998
10.0,-10.0
10.0,-10.0
-10.0,10.0
-10.0,10.0
-10.0,10.0
-10.0,0.0
0.0,10.0
-8.919667590027696,10.0
-10.0,10.0
-10.0,10.0
-10.0,10.0
-10.0,10.0
-10.0,10.0
9.129114873192957,10.0
15.0,10.0
25.0,0.0
25.0,-9.768141117080313
9.729413301679529,-9.729413301679529
9.821851728651897,-9.821851728651897
9.821851728651902,0.0
-9.980667011121623,9.980667011121623
-9.904444928155744,9.904444928155744
-9.914206252478515,9.914206252478515
-9.97780822937327,9.97780822937327
-9.978322614432312,9.978322614432312
-9.86095887837953,9.86095887837953
0.0,0.0
-15.017452485463163,-9.982547514536837
10.148661700092735,-10.148661700092735
-9.896532234308946,9.896532234308946
-25.0,10.057494364359428
-9.903031158177534,9.903031158177534
-9.913618654331323,9.913618654331323
-9.998603270999205,9.998603270999205
-9.760254906766413,9.760254906766413
-9.72201116656119,9.72201116656119
-9.925610453253643,9.925610453253643
-10.151823748124356,10.151823748124356
-9.964316824438345,9.964316824438345
-9.977408713124966,9.977408713124966
9.925253223875224,-9.925253223875224
9.95187880436665,-9.95187880436665
9.882598395108518,-9.882598395108518
10.220356878965436,-10.220356878965436
10.138629613573242,-10.138629613573242
9.56827946011356,-9.56827946011356
-9.9293083453529,9.9293083453529
-9.97281332954847,9.97281332954847
-9.972274960891589,9.972274960891589
9.910923339736701,-9.910923339736701
10.429788913538978,-10.429788913538978
10.051118514216618,-10.051118514216618
10.011794723174246,-10.011794723174246
-10.067711850401729,10.067711850401729
9.922445920079483,-9.922445920079483
25.0,-10.01405945723881
10.014487171719061,-10.014487171719061
10.019497292425566,-10.019497292425566
10.031868266655199,-10.031868266655199
10.0,-10.0
10.0,-10.0
-10.0,10.0
-10.0,10.0
-10.0,10.0
10.0,-10.0
-10.0,10.0
-10.0,10.0
-10.0,10.0
-5.72831656975226,10.0
-10.0,10.0
-10.0,10.0
25.0,-10.0
10.0,-10.0
10.0,-10.0
10.0,-10.0
-10.0,10.0
10.0,-10.0
-10.0,10.0
-20.975,10.0
-25.0,0.0
-10.000000000000004,10.000000000000004
-10.0,10.0
-15.0,-10.0
-15.0,-10.0
10.0,-10.0
10.0,-10.0
10.0,-10.0
10.0,-10.0
10.0,-10.0
0.0,0.0
10.0,-10.0
0.0,0.0
0.0,0.0
10.0,-10.0
0.0,0.0
10.0,-10.0
10.0,-10.0
10.0,-10.0
10.0,-10.0
21.0803324099723,-10.000000000000002
10.0,-10.0
10.0,-10.0
10.0,-10.0
-10.0,10.0
10.0,-10.0
10.0,-10.0
-10.0,10.0
25.0,0.0
10.0,-10.0
10.0,-10.0
9.999353705152817,-9.999353705152817
18.8689227297862,-9.973286480471613
-3.30221960886945e-14,10.114194518582163
0.0,10.140091429640556
-10.24605191163917,10.24605191163917
25.0,-9.967096712772733
14.891348621437944,10.108651378562056
-9.809462938070514,9.809462938070514
-9.562597872013622,9.562597872013622
-25.0,9.957194958173112
16.66792802418492,0.0
0.0,0.0
-24.999999999999996,10.285999355118921
-14.973233673658061,-10.026766326341939
-9.936507211590168,9.936507211590168
-9.999987377053767,9.999987377053767
-10.127591478238907,10.030758964235762
-25.0,9.816752058373353
-9.902753453360386,9.902753453360386
-9.769099174045282,9.769099174045282
-24.999999999999996,9.994081100510865
-10.036348404828185,10.036348404828185
-10.004513965573286,10.004513965573286
-10.208128399801225,10.208128399801225
-9.994325354520495,9.994325354520495
-25.000000000000004,9.994035657904423
-9.994035657904423,9.95141427994524
-9.95141427994524,9.937650219371658
-9.937650219371656,9.660396672550979
-9.660396672550979,9.660396672550979
10.335759009173449,-10.335759009173449
9.996436542278136,-9.996436542278136
10.034385536688795,-10.034385536688795
9.606338274156457,-9.606338274156457
10.302115701723215,-10.302115701723215
9.73964542245012,-9.73964542245012
10.183824810269545,-10.183824810269545
10.439440102655858,-10.439440102655858
9.984835265754924,-9.984835265754924
-9.66039667255098,9.66039667255098
-9.66039667255098,10.058073633460099
-10.01930012977146,10.01930012977146
10.0,-10.0
10.0,-10.0
10.0,-10.0
-10.0,10.0
10.0,-10.0
10.0,-10.0
10.0,-10.0
10.0,-10.0
10.0,-10.0
10.0,-10.0
-10.000000000000004,10.000000000000004
-10.0,10.0
15.0,10.0
25.0,0.0
15.0,10.0
10.0,-10.0
10.0,-10.0
10.0,-10.0
10.0,-10.0
-10.0,10.0
-9.999999999999998,9.999999999999998
-10.000000000000004,10.000000000000004
10.0,-10.0
-24.999999999999996,-3.552713678800501e-15
-10.0,10.0
-12.706800129771468,10.0
-24.999999999999996,0.0
-25.0,0.0
0.0,0.0
10.0,-10.0
10.0,-10.0
10.0,-10.0
10.0,-10.0
0.0,0.0
0.0,0.0
10.0,-10.0
10.0,-10.0
10.0,-10.0
10.0,-10.0
25.0,-10.0
10.0,-10.0
10.0,-10.0
25.0,-10.0
25.0,-10.0
25.0,-10.0
15.263157894736842,-10.0
25.0,-10.0
25.0,-10.0
-15.0,-10.0
10.0,-10.0
10.0,-10.0
10.0,-10.0
-10.950871659860347,-10.0
-25.0,10.0
-25.0,10.0
-10.024128340139658,10.024128340139658
-10.02412834013966,10.261496890083158
14.664249905782329,10.335750094217671
8.704447892981111,10.214274038962092
14.79688101639752,10.20311898358825
15.165340083345331,9.834659916621906
-9.935022121965734,9.935022121965734
-9.910925548752292,9.910925548752292
-25.0,2.4375000000000036
25.0,0.0
0.0,0.0
-9.697063806771574,9.697063806771574
-15.114968532004877,-9.885031467995123
9.959859030975801,-9.959859030975801
-25.0,9.771469763348035
-25.0,9.977594901581918
-25.0,10.097031325406327
-9.792594895017984,9.792594895017984
-10.173088994497506,10.173088994497506
-24.75153497550796,9.898789848242897
-9.894852120165194,9.894852120165194
-9.905915501392007,9.905915501392007
-9.875061233912179,9.875061233912179
-9.719238536420885,9.719238536420885
-9.993350863071225,9.993350863071225
-9.918450718149707,9.918450718149707
-9.979574810698722,9.979574810698722
-9.892518137406526,9.892518137406526
-9.993350863071225,9.993350863071225
-9.993350863071225,9.993350863071225
9.90478448540944,-9.90478448540944
9.90495173944704,-9.90495173944704
10.080432151108582,-10.080432151108582
9.958650383873893,-9.958650383873893
10.197785157657064,-10.197785157657064
10.19859081720045,-10.19859081720045
25.0,-9.926469444744871
-13.749583615393064,-9.847628573795916
10.13023645883541,-10.13023645883541
9.982979968785472,-9.982979968785472
25.0,-9.985621325215783
-9.999999999999998,9.999999999999998
10.0,-10.0
-10.0,10.0
25.0,0.0
-10.0,10.0
10.0,-10.0
10.0,-10.0
10.0,-10.0
25.0,-10.0
20.248779219952628,-10.0
25.0,-10.0
25.0,-10.0
10.0,-10.0
10.0,-10.0
10.0,-10.0
10.0,-10.0
10.0,-10.0
10.0,-10.0
10.0,-10.0
10.0,-10.0
10.0,-10.0
-10.0,10.0
-15.975000000000009,10.0
-25.0,0.0
-10.0,10.0
-25.0,10.0
-25.0,10.0
-25.0,0.0
0.0,0.0
0.0,0.0
0.0,0.0
0.0,10.0
-9.025,9.025
-9.025,9.025
-9.025,9.025
-9.025,10.0
-9.904937499999999,9.904937499999999
-9.9049375,9.9049375
-9.9049375,9.9049375
10.0,-10.0
-9.9049375,9.9049375
10.0,-10.0
24.999999999933706,-10.0
25.0,-10.0
-10.0,10.0
10.0,-10.0
-10.0,10.0
25.0,0.0
-10.0,10.0
9.999999999999996,-9.999999999999996
-10.0,10.0
4.288157894803144,10.0
-10.012064170069827,10.012064170069827
9.995475936069726,-9.995475936069726
25.0,-10.0
9.976948816295366,-9.976948816295366
9.733783646723536,-9.733783646723536
-15.324973687784148,-9.675026312215852
-1.2319536528837158,-9.868046347116277
-9.96850701144073,9.96850701144073
14.9504924892965,10.0495075107035
-9.720161904937903,9.720161904937903
25.0,-10.10059730771743
10.100597307717436,-10.100597307717436
-9.966119381160565,9.97910523709882
10.087611451779186,-10.087611451779186
-9.935810211945832,9.734586776746836
10.310573706847324,-10.310573706847324
9.812416707489275,-9.812416707489275
-25.0,5.954941186663991
-25.0,10.030965349406685
-25.0,9.889240589416861
-10.021577033145132,10.021577033145132
10.03747437163226,-10.03747437163226
10.007860308619929,-10.007860308619929
10.326003365176483,-10.326003365176483
9.781335858124548,-9.781335858124548
10.008007365943552,-10.008007365943552
10.171184191910793,-10.171184191910793
-9.88228408374729,9.88228408374729
-9.949778977260621,9.949778977260623
25.0,-10.257456349094548
14.70074749805632,10.29925250194368
14.822499916941016,10.177500083058984
-10.088313918737107,10.088313918737107
-25.0,9.977012352613219
-17.484833851984952,9.94532149937173
25.0,0.0
-10.008035136425269,10.008035136425269
-10.050556161961893,10.050556161961893
-9.939399128572383,9.939399128572383
-9.257690763517584,9.257690763517584
-10.42191203730212,10.42191203730212
-10.161785067251522,10.161785067251525
0.0,0.0
0.0,0.0
0.0,-10.0
9.999999999999996,-9.999999999999996
10.0,-10.0
11.080332409972304,-10.0
10.0,-10.0
9.999999999999996,-9.999999999999996
10.0,-10.0
10.0,-10.0
-10.0,10.0
9.999999999999996,-9.999999999999996
10.0,-10.0
9.999999999999998,-9.999999999999998
10.0,-10.0
10.0,-10.0
9.999999999999996,-9.999999999999996
10.0,-10.0
9.999999999999996,-9.999999999999996
10.0,-10.0
10.000000000000004,-10.000000000000004
10.0,-10.0
10.0,-5.540166204986157
-10.0,10.0
-10.0,10.0
-25.0,10.0
9.999999999979183,-9.999999999979183
-15.0,-10.0
-25.0,0.0
-25.0,0.0
0.0,0.0
0.0,0.0
0.0,0.0
1.0803324099722982,10.0
-10.0,10.0
-10.0,10.0
-10.0,10.0
-10.0,10.0
9.999999999999996,-9.999999999999996
-10.0,10.0
0.0,-10.0
0.0,0.0
0.0,0.0
1.0803324099722982,10.0
-10.0,10.0
25.0,-10.0
9.999999999958366,-9.999999999958366
-10.0,10.0
-10.0,10.0
11.854357810801659,-10.0
10.0,-10.0
9.999999999999996,-9.999999999999996
-25.0,0.0
9.999999999999996,-9.999999999999996
15.0,10.0
25.0,0.0
25.0,-10.0
25.0,-9.970701301082887
24.99999999997651,-8.650728331721055
-25.0,10.244782319374979
-10.053214081078295,10.053214081078295
9.87278657900081,-9.87278657900081
25.000000000003634,-9.978086880911388
9.978086880911391,-9.978086880911391
-24.99999999999996,9.9825077522562
11.748965899257147,-10.130998411427463
25.0,-9.640911261596827
9.640911261596845,-10.027938998047079
10.069750858771602,-10.07321561274659
10.073589921347773,-10.073589921348205
10.073589921348244,-9.670366906633925
9.56468084275285,-9.99667511596196
10.149030921270079,-10.149030921270079
9.884828238560743,-9.875787684467952
9.83828049317548,-9.83828049317548
10.139990367177269,-10.139990367177269
-9.824772577426874,9.695712520377226
10.282993200473289,-10.282993200473289
-0.03605239673899874,10.319045597212288
-9.814031182312608,9.814031182312608
-9.665561351002628,9.665561351002628
0.0,-9.370327048418893
-25.0,10.363617851511941
-24.999999999999996,9.344197549714465
-20.00717626769222,9.963799914790066
25.0,-10.05155779274556
25.0,-9.872666029864277
25.0,-9.824125752415958
-10.74167004204249,10.74167004204249
9.679016149393476,-9.679016149393476
-25.0,0.0
-15.033906495822457,-9.966093504120785
-20.775737149821747,9.808724495715822
-25.0,9.848322993625612
9.919855020918243,-9.919855020918243
9.883291552643593,-9.883291552643593
-10.01503684802104,10.01503684802104
-10.001708811623077,10.001708811623077
9.989505217167421,-10.004542065188463
9.999999999999996,-9.999999999999996
-10.0,10.0
-10.0,10.0
10.0,-10.0
-10.0,10.0
10.0,-10.0
9.999999999999996,-9.999999999999996
-10.0,10.0
-10.0,10.0
10.0,-10.0
9.999999999999998,-9.999999999999998
10.0,-10.0
10.0,-10.0
9.999999999999996,-9.999999999999996
-10.0,10.0
-10.0,10.0
-10.0,10.0
9.999999999999996,-9.999999999999996
10.0,-10.0
-10.0,10.0
10.0,-10.0
9.999999999979183,-9.999999999979183
10.0,-10.0
-10.0,10.0
-10.0,10.0
-10.0,10.0
-10.0,0.0
0.0,0.0
10.0,-10.0
0.0,0.0
0.0,0.0
10.0,-10.0
10.0,-10.0
10.0,-10.0
10.0,-10.0
10.0,-10.0
25.0,-10.0
-13.537500000000001,0.0
10.0,-10.0
10.0,-10.0
10.0,-10.0
10.0,-10.0
25.0,-10.0
10.0,-10.0
-3.5375000000000014,-10.0
0.0,0.0
0.0,10.0
10.0,-10.0
0.9749999999999996,-10.0
25.0,0.0
25.0,-10.0
25.0,-10.0
25.0,0.0
-25.0,10.0
14.967469826806337,10.032530173153024
-10.259621268197934,10.259621268197934
-3.2669264027736222,10.195287392171007
-10.213623957231034,10.213623957231034
9.955295520338545,-9.955295520338545
-0.05621124187473736,10.01150676221328
0.0,0.0
0.0,-10.412931915564407
9.783966480119716,-9.783966480119716
11.53787469868632,-10.089889262427112
10.089889262427116,-10.094600145961651
10.095109077977849,-10.280409914526496
10.300428564458343,-10.217975560158385
10.180977073599148,-10.180977073599148
10.217975560158386,-10.217975560158386
10.217975560158393,-9.834221900387586
-25.0,10.050236801422171
-10.024837540157378,10.024837540157378
25.0,-10.101954905584908
-10.059667404553611,10.059667404553611
-10.103308716568506,10.103308716568506
10.425498487056178,-9.78075457145047
10.856267459428082,-10.856267459428082
9.990464626414816,-9.990464626414816
9.677711567900193,-9.677711567900193
10.208603022579622,-10.208603022579622
9.83139846288869,-9.83139846288869
10.087448615772765,-10.087448615772765
9.75619410496293,-9.75619410496293
10.161894334629862,-10.161894334629862
9.064047352306734,-9.064047352306734
-9.807892643559,9.807892643559
-9.720020212366427,9.720020212366427
-10.177608009249287,10.177608009249287
-10.189688484368904,10.189688484368904
10.197948309237137,-10.197948309237137
-9.77740065463609,9.77740065463609
-9.94147039626256,9.94147039626256
-10.050947473295148,10.050947473295148
-9.222009441951167,10.078276901379244
-9.938845060126123,9.938845060126123
-9.972394407985746,9.972394407985746
-10.000000000000004,10.000000000000004
10.0,-10.0
10.0,-10.0
-10.0,10.0
10.0,-10.0
-10.0,10.0
-10.0,10.0
-10.0,10.0
10.0,-10.0
-10.0,10.0
-10.0,10.0
-10.0,10.0
-10.0,10.0
10.0,-10.0
0.0,10.0
-10.0,10.0
-25.000000000000007,9.999999999999998
-10.0,10.0
-10.0,10.0
-10.0,10.0
-10.0,10.0
10.0,-10.0
-25.0,10.0
-10.0,10.0
-25.0,10.0
-25.0,0.0
-25.0,0.0
10.0,-10.0
0.0,0.0
0.0,0.0
0.0,0.0
10.0,-10.0
10.0,-10.0
10.0,-10.0
25.0,-10.0
-3.5375000000000014,-10.0
10.0,-10.0
10.0,-10.0
10.0,-10.0
25.0,-10.0
10.0,-10.0
10.0,-10.0
10.0,-10.0
10.0,-10.0
10.0,-10.0
25.0,-10.0
25.0,-10.0
-10.0,10.0
10.0,-10.0
10.0,-10.0
14.980456437177548,-9.999999999999998
25.0,-10.0
10.0,-10.0
10.0,-10.0
9.975225362547741,-9.975225362547741
25.0,-9.717298542440705
25.0,-9.685264586672735
-10.075514093468978,10.075514093468978
-9.942280000476641,9.942280000476641
0.001052517035672551,9.68421206963706
-10.319662859283131,10.319662859283131
-9.607395445903556,9.607395445903556
-25.0,9.939859234962615
6.421948678095988,10.265187903662888
-9.990212798637447,9.990212798637447
-9.986246037783406,9.986246037783406
-14.950284526257292,-10.049715473742708
-10.013255355840348,10.013255355840348
-10.148656019766927,10.148656019766927
9.825084465182432,-9.825084465182432
-25.0,9.885478951439122
-10.122494332549602,10.122494332549602
-9.86331179555755,9.86331179555755
-10.063837394842022,10.063837394842022
-10.157657442726412,10.157657442726412
-9.906761238789688,9.906761238789688
-10.129245084195556,10.129245084195556
-10.313358959933861,10.313358959933861
-10.12441302037717,10.12441302037717
9.907153181270255,-9.907153181270255
10.035983601682023,-10.035983601682023
9.963050742931074,-9.963050742931074
9.66976037406738,-9.66976037406738
9.537803881020753,-9.537803881020753
-8.650676925787142,-9.988832479466758
9.803906948285608,-9.803906948285608
9.716061972001093,-9.716061972001093
9.819079729658904,-9.819079729658904
9.91148095838659,-9.91148095838659
10.413694657090597,-10.413694657090597
25.0,-9.903805260355334
9.804598212378746,-9.804598212378746
9.94719711139528,-9.94719711139528
25.0,-9.994775954254344
25.0,0.0
-10.020559845566394,10.020559845566394
10.0,-10.0
-10.0,10.0
10.0,-10.0
-10.0,10.0
10.0,-10.0
10.0,-10.0
10.0,-10.0
10.0,-10.0
-10.0,10.0
10.0,-10.0
-10.0,10.0
10.0,-10.0
10.0,-10.0
10.0,-10.0
10.0,-10.0
10.0,-10.0
10.0,0.0
-10.0,10.0
-10.0,10.0
-10.0,10.0
-10.0,10.0
-10.0,10.0
-25.0,10.0
-25.000000000000007,9.999999999999998
-25.0,10.0
-25.0,0.0
-25.0,0.0
1.0803324099722982,10.0
-10.0,10.0
-10.0,10.0
-10.0,10.0
-10.0,0.0
10.0,-10.0
22.700831024930746,-10.0
25.0,-10.0
-15.0,-10.0
10.0,-10.0
25.0,-10.0
10.0,-10.0
-3.5375000000000014,-10.0
10.0,-10.0
10.0,-10.0
10.0,-10.0
10.0,-10.0
10.0,-10.0
10.0,-10.0
10.0,-10.0
25.0,-10.0
10.0,-10.0
10.0,-10.0
25.0,-10.0
10.0,-10.0
25.0,-10.0
25.0,-10.0
9.98470435446155,-9.98470435446155
25.0,-9.87130508888839
9.90303786411772,-9.90303786411772
10.185982545141423,-10.185982545141423
-9.916239966903644,9.916239966903644
15.103664368078649,9.896335631921351
-4.891060613659965,10.025523597285199
-10.525623268068664,10.525623268068664
-25.0,9.699569461599026
7.314106523468655,9.639279114648769
0.0,0.0
-9.915289301265396,9.915289301265396
-25.0,9.891759813911518
-19.60082236222585,10.048583195465516
-25.0,9.370311269736101
-25.0,10.192583872661334
-25.0,10.310932829667681
-25.0,9.879359347104863
-10.074595300769971,10.074595300769971
-9.719551585487489,9.719551585487489
-9.7263484108872,9.7263484108872
-10.092707966321171,10.092707966321171
-9.916174800943713,9.70772451601352
-9.863294123432823,9.863294123432823
-9.884257681390979,9.884257681390979
-9.884257681390979,9.884257681390979
-9.884257681390979,9.884257681390979
9.384612752245598,-9.384612752245598
9.479729492281876,-9.479729492281876
10.245369246928156,-10.245369246928156
-9.884257681390979,9.884257681390979
-9.884257681390979,9.884257681390979
-9.884257681390979,9.884257681390979
-9.884257681390979,9.884257681390979
-9.884257681390979,0.0
10.107775346093415,-10.107775346093415
9.893732780407895,-9.893732780407895
10.06576696996072,-10.06576696996072
0.0,0.0
0.0,0.0
0.0,-7.216449660063518e-16
0.0,0.0
0.0,0.0
0.0,0.0
1.0803324099722982,10.0
-10.0,10.0
-10.0,10.0
-10.0,10.0
-10.0,10.0
-10.0,10.0
-10.0,10.0
-10.0,10.0
-10.0,10.0
-10.0,10.0
-10.0,10.0
0.0,10.0
15.0,10.0
15.0,10.0
15.0,10.0
9.182825484764543,0.0
-10.0,10.0
-10.0,10.0
-10.0,10.0
-25.0,10.0
-25.0,10.0
-10.0,10.0
-25.0,10.0
-25.0,-1.7763568394002505e-14
-25.0,0.0
0.0,0.0
10.0,-10.0
10.0,-10.0
10.0,-10.0
10.0,-10.0
10.0,-10.0
10.0,-10.0
10.0,-10.0
10.0,-10.0
0.0,0.0
10.0,-10.0
10.0,-10.0
10.0,-10.0
10.0,-10.0
21.0803324099723,-10.000000000000002
-10.0,10.0
-10.0,10.0
-10.0,10.0
-10.0,10.0
15.0,10.0
10.0,-10.0
10.0,-10.0
25.0,-10.0
10.0,-10.0
10.0,-10.0
24.182825484764543,-10.0
25.0,-10.0
9.966608101205873,-9.966608101205873
-10.26545420345088,10.26545420345088
-10.295358480817315,10.295358480817315
-10.19120465799844,10.19120465799844
9.822092511351311,-9.822092511351311
25.0,0.0
-9.900441245183966,9.900441245183966
-10.04651492572507,10.04651492572507
-25.0,10.152382944642525
-10.166427865769812,10.166427865769812
-10.072941694813313,10.072941694813313
-10.011153635292382,10.011153635292382
-25.0,0.0
-10.104013708115676,10.104013708115676
-10.453503327055184,10.453503327055184
-25.0,10.204467745393359
-25.0,9.93864806327144
-25.0,9.924983723973128
-9.966845200569022,9.966845200569022
-9.891453391891684,9.891453391891684
-9.979781827016964,9.979781827016964
-10.220482477280465,10.220482477280465
-9.897278250431377,9.897278250431377
-10.161648818325608,10.161648818325608
-10.097860021826591,10.097860021826591
-10.158099876991912,10.158099876991912
-10.220482477280465,10.220482477280465
-9.876389167856,9.876389167856
-10.220482477280465,10.220482477280465
-10.010705520701077,10.010705520701077
-10.123673000154202,10.123673000154202
9.62110585895564,-9.62110585895564
10.006993427787306,-10.006993427787306
10.253155395738958,-10.253155395738958
9.951015394844244,-9.951015394844244
10.0531186200474,-10.0531186200474
10.07778496149648,-10.07778496149648
10.018424925683664,-10.018424925683664
10.012653556878643,-10.012653556878643
9.979300399681609,-9.979300399681609
10.020237945644913,-10.020237945644913
10.0,-10.0
10.0,-10.0
10.0,-10.0
10.0,-10.0
-10.000000000000004,10.000000000000004
-10.0,10.0
-10.0,10.0
-6.0614764291196295,10.0
15.0,10.0
-10.0,10.0
25.0,0.0
25.0,-10.0
25.0,-10.0
10.0,-10.0
10.0,-10.0
10.0,-10.0
-10.0,10.0
-10.0,10.0
-10.0,10.0
-10.0,10.0
-10.0,10.0
-10.0,10.0
-25.0,10.0
-25.0,0.0
-10.0,10.0
-15.975000000000009,10.0
-25.0,10.0
-25.0,0.0
0.0,0.0
0.0,0.0
0.0,0.0
1.0803324099722982,10.0
-10.0,10.0
-10.0,10.0
-10.0,10.0
10.0,-10.0
9.999999999999996,-9.999999999999996
10.0,-10.0
-10.0,10.0
10.0,-10.0
9.999999999999996,-9.999999999999996
10.0,-10.0
25.0,-9.999999999999984
25.0,0.0
9.999999999958366,-9.999999999958366
10.0,-10.0
-10.0,10.0
25.0,-10.0
24.18282548476453,-10.0
9.999999999999996,-9.999999999999996
10.0,-10.0
9.999999999999996,-9.999999999999996
25.0,-10.0
9.999999999999996,-9.999999999999996
10.0,-10.0
9.996768525455913,-9.996768525455913
10.0,-9.881943471294184
9.881943471294175,-9.881943471294175
9.881943471294177,-9.881943471294177
-9.957885906692596,9.957885906692596
9.881943471294175,5.329070518200751e-15
-9.56533989150931,9.56533989150931
-9.77757706030971,9.77757706030971
-25.0,9.923233868051437
6.6461430953113005,10.059414945628932
-10.224063291553401,10.224063291553401
-25.0,9.176327512337414
-25.0,3.588951358324266e-11
9.896398431078865,-9.896398431078865
-9.619547556243052,9.619547556243052
-9.96411107041473,9.96411107041473
-21.60949344902975,9.945399130491072
-25.0,9.800266806165368
-9.751218770704789,9.751218770704789
-9.728351988028198,9.728351988028198
-10.039895768293604,10.039895768293604
-9.995120284559583,9.995120284559583
-9.747204673802365,9.747204673802365
9.663855359819102,-9.663855359819102
-9.917351575106377,9.917351575106377
10.037541273247303,-10.037541273247303
-9.604182274939683,9.604182274939683
-9.405467437292485,9.405467437292485
-10.3340681655254,10.3340681655254
10.087828566454409,-10.087828566454409
9.97020321984093,-9.97020321984093
10.294526470873663,-10.294526470873663
10.506541949180825,-10.506541949180825
9.871013055054929,-9.871013055054929
9.850833382057907,-9.850833382057907
9.79279307527386,-9.79279307527386
10.361013106556548,-10.361013106556548
-9.877598919465703,9.877598919465703
9.8326308569082,-9.8326308569082
25.0,0.0
25.0,0.0
-10.0,10.0
9.999999999999996,-9.999999999999996
10.0,-10.0
9.999999999999996,-9.999999999999996
-10.0,10.0
-10.0,10.0
-10.0,10.0
9.999999999999996,-9.999999999999996
10.0,-10.0
25.0,-10.0
10.0,-10.0
9.999999999999998,-9.999999999999998
-10.0,10.0
10.0,-10.0
9.999999999999996,-9.999999999999996
10.0,-10.0
9.999999999999996,-9.999999999999996
-10.0,10.0
9.999999999999996,-9.999999999999996
10.0,-10.0
-10.0,10.0
10.0,-10.0
0.0,-10.0
-25.0,0.0
-10.0,10.0
9.024999999999984,-10.0
-15.0,-10.0
-14.999999999999993,-10.0
0.0,0.0
10.0,-10.0
10.0,-10.0
25.0,-10.0
-13.537500000000001,0.0
0.0,0.0
10.0,-10.0
10.0,-10.0
10.0,-10.0
10.0,-10.0
10.0,-10.0
10.0,-10.0
10.0,-10.0
10.0,-10.0
10.0,-10.0
25.0,-10.0
25.0,-10.0
25.0,-10.0
10.0,-10.0
15.26315789473682,-10.0
10.000000000000023,-10.0
25.0,-10.0
25.0,-10.0
25.0,-10.0
-10.0,10.0
10.0,-10.0
10.0,-10.0
10.0,-10.0
9.938386561189201,-9.938386561189201
9.883581791651885,-9.883581791651885
9.969144628012378,-9.969144628012378
10.0,-10.041747604208977
10.046257733195553,-10.046257733195553
10.046257733195544,-9.93914603850039
9.939146038500395,-9.939146038500395
-9.991984744715051,9.991984744715051
-10.142386833519799,10.142386833519799
-9.83198400980712,9.83198400980712
-9.819946294917871,9.819946294917871
-25.0,10.200957146258848
-25.0,10.051772382831542
-10.964098189329244,10.109620189685517
-9.632087506605588,9.632087506605588
-25.0,9.746126989767639
-25.0,9.930690557965528
-10.118692301143911,10.118692301143911
-9.51270283686074,9.51270283686074
-9.859886874670604,9.859886874670604
-10.012885187942036,10.012885187942036
-25.0,9.865299909589409
-9.970289687022632,9.970289687022632
-9.824489608841155,9.727793422657342
9.910283356362637,-9.910283356362637
9.952084873963921,-9.952084873963921
10.032262672705889,-10.032262672705889
-9.873593500838819,9.873593500838819
10.122478553866808,-10.122478553866808
10.203810247681393,-10.203810247681393
10.056257631202145,-10.056257631202145
10.141139213071394,-10.141139213071394
-9.873593500838819,9.873593500838819
-9.858760276719217,9.858760276719217
10.061482978689133,-10.061482978689133
10.155084778543063,-10.111313794603054
-9.883721285069448,9.883721285069448
-9.913096813844666,9.913096813844666
-9.913096813844678,10.000618129898399
-9.992084801583161,9.992084801583161
-9.992084801583161,9.992084801583161
-9.992084801583161,9.992084801583161
10.0,-10.0
10.008770302954947,-10.0
-10.0,10.0
-10.0,10.0
-10.0,10.0
-10.0,10.0
-10.0,10.0
-10.0,10.0
-10.0,10.0
25.0,0.0
25.0,-10.0
14.321329639889193,-10.0
10.0,-10.0
-10.0,10.0
-10.0,10.0
-10.0,10.0
-10.0,10.0
-10.0,10.0
10.0,-10.0
10.0,-10.0
10.0,-10.0
-25.0,0.0
-10.0,10.0
-10.0,10.0
-25.0,10.0
0.0,-10.0
10.000000000000002,-10.000000000000002
10.0,-10.0
9.999999999999996,-9.999999999999996
25.0,-10.0
9.999999999999996,-9.999999999999996
15.263157894736842,-10.0
25.0,-10.0
25.0,-10.0
9.999999999999996,-9.999999999999996
9.999999999999996,-9.999999999999996
25.0,-10.0
10.0,-10.0
10.0,-10.0
9.999999999999996,-9.999999999999996
25.0,-10.0
25.0,-10.0
9.999999999999996,-9.999999999999996
9.999999999999996,-9.999999999999996
10.0,-10.0
9.999999999999996,-9.999999999999996
10.0,-10.0
10.0,-10.0
10.0,-10.0
9.999999999999996,-9.999999999999996
9.999999999999996,-9.999999999999996
10.0,-10.0
9.999999999999996,-9.999999999999996
10.0,-10.0
10.0,-9.965961803893272
9.93323091603345,-9.93323091603345
9.961707227537996,-9.961707227537996
9.908026165476132,-10.088263111378515
10.165670331208942,-10.165670331208942
9.825194284814666,-9.825194284814666
10.165670331208936,-10.165670331208936
-25.0,9.818062162405614
-10.185847795190377,10.185847795190377
-10.492978593452367,10.492978593452367
-25.0,9.850573980512797
-25.0,10.020192611516915
-10.613895281227764,10.223401849170738
-10.118849456824524,10.118849456824524
-25.0,9.965125639718291
-25.0,10.113150827747177
-9.964040066342166,9.964040066342166
-9.923504945821811,9.923504945821811
-10.202094315927704,10.202094315927704
-10.202094315927704,10.284792917032606
-9.986856988381135,9.986856988381135
-10.167277074477706,10.167277074477706
-10.276729803424876,10.195775900190263
-10.195775900190265,10.195775900190265
-0.5878875282362701,-9.607888371953994
9.972018083935726,-9.972018083935726
9.696919274037196,-9.696919274037196
9.63751063988138,-9.63751063988138
9.547358189025287,-9.547358189025287
9.992824801786924,-9.992824801786924
9.70220986637753,-9.70220986637753
9.104679353939435,-9.104679353939435
10.05803841334211,-10.05803841334211
9.98942323335051,-9.98942323335051
9.812983477775184,-9.812983477775184
9.823446480121738,-9.823446480121738
9.956898950083923,-9.956898950083923
9.917820754239214,-9.917820754239214
9.988308232730976,-9.988308232730976
21.178495352923473,-10.098162942951175
-10.0,10.0
10.0,-10.0
9.999999999999996,-9.999999999999996
-10.0,10.0
-10.0,10.0
9.999999999999996,-9.999999999999996
9.999999999999996,-9.999999999999996
10.0,-10.0
9.999999999999996,-9.999999999999996
9.999999999999996,-9.999999999999996
-10.0,10.0
-10.0,10.0
-10.0,10.0
-10.0,10.0
-10.0,10.0
-10.0,10.0
10.0,-10.0
-10.0,10.0
-10.0,10.0
9.999999999999996,-9.999999999999996
-10.0,10.0
-10.0,10.0
-10.0,10.0
-10.0,10.0
-10.0,10.0
-10.0,10.0
-10.0,10.0
-10.0,0.0
0.0,0.0
9.999999999999996,-9.999999999999996
10.0,-10.0
10.0,-10.0
9.999999999999996,-9.999999999999996
9.999999999958366,-9.999999999958366
10.0,-10.0
10.0,-10.0
10.0,-10.0
10.0,-10.0
10.0,-10.0
0.0,0.0
0.0,0.0
0.0,0.0
0.0,10.0
-8.9196675900277,10.0
-10.0,10.0
-10.0,10.0
25.0,0.0
-10.0,10.0
-10.0,10.0
-10.0,10.0
10.0,-10.0
25.0,-10.0
10.0,-10.0
-10.0,10.0
24.15891257541881,-10.000000000000002
-10.0,10.0
25.0,-9.976087090654264
-10.07356115850349,10.07356115850349
10.024245247852054,-10.024245247852054
-9.918811517455111,9.918811517455111
15.050878875471708,9.949121124528292
-9.855833764974982,9.855833764974982
-9.820748167577387,9.820748167577387
-9.887136265386236,9.887136265386236
-9.798990626301109,9.798990626301109
-9.851722353046437,9.851722353046437
-9.822254795103833,9.822254795103833
-25.0,9.722540856942533
-9.83804775760429,9.83804775760429
-9.824618362892737,9.824618362892737
-17.82909907962565,9.673559407523333
10.052584984995356,-10.052584984995356
-9.809749478950025,9.809749478950025
-25.0,9.535872728033777
-25.0,9.543204450780152
-9.871515921675526,9.871515921675526
-25.000000000000004,9.689040504358402
-25.0,9.662366956671281
-9.330565556715857,9.330565556715857
-9.79237162665647,9.79237162665647
-9.97997069784999,9.97997069784999
-9.498044756120134,9.498044756120134
-9.819176768558076,9.819176768558076
-9.997485824683839,9.997485824683839
10.443196060307793,-10.443196060307793
10.40326289653597,-10.40326289653597
-9.764278470878509,9.764278470878509
-9.997485824683839,9.997485824683839
-9.48594424207337,9.48594424207337
10.013807925311744,-10.013807925311744
-9.997485824683793,10.044947629163286
14.999158996207157,10.000841003792843
10.085974729013115,-10.085974729013115
-0.8655545756764468,10.003704045785549
14.940178260205323,10.059821739794677
14.895187160770941,10.104812839229059
-9.935813420442361,9.935813420442361
-10.0,10.0
10.0,-10.0
-10.0,10.0
-10.0,10.0
-10.0,10.0
10.0,-10.0
-10.0,10.0
-10.0,10.0
-10.0,10.0
-10.0,10.0
-10.0,10.0
-10.0,10.0
-10.0,10.0
-10.0,10.0
10.0,-10.0
10.0,-10.0
10.0,0.0
-10.0,10.0
-10.0,10.0
-10.0,10.0
-10.0,10.0
-25.0,10.0
-25.0,10.0
-10.0,10.0
-25.0,9.999999999999984
-25.0,0.0
-25.0,0.0
0.0,10.0
-7.299168975069254,10.0
-10.0,10.0
25.0,-10.0
10.0,-10.0
10.0,-10.0
10.0,-10.0
10.0,-10.0
10.0,-10.0
10.0,-10.0
10.0,-10.0
10.0,-10.0
-25.0,10.0
-10.0,10.0
-10.0,10.0
-10.0,10.0
-10.0,10.0
-10.0,10.0
-10.0,10.0
-0.8171745152354397,10.0
-10.0,10.0
25.0,-10.0
25.0,-10.0
25.0,-10.0
25.0,-10.0
-10.0,10.0
10.0,-10.0
-10.0,10.0
25.0,-9.917489687889198
-10.288621190360118,10.299378672235964
9.90673220601335,-9.90673220601335
9.890691912660118,-9.709374335086308
9.630866552131103,-9.630866552131103
9.725414628439538,-9.725414628439538
-10.296664797965708,10.296664797965708
-25.0,10.681184354999257
2.3085813399665316,10.605206841616662
-10.71288309758214,10.71288309758214
-10.79971697587331,10.79971697587331
-25.0,10.30401293054219
-10.671199288954487,10.671199288954487
-25.0,10.608724856732085
-25.0,10.30341554961166
-25.0,10.400922760091012
-25.0,10.549883308435835
-10.562838869303125,10.562838869303125
-10.244916083158355,10.244916083158355
-10.559579624585501,10.559579624585501
-10.257231660651579,10.257231660651579
-10.7256508921242,10.7256508921242
-10.7256508921242,10.588432839513576
-10.567365142248992,10.567365142248992
-10.588432839513578,10.538279033962894
9.524161316304676,-9.524161316304676
-10.538279033962894,10.538279033962894
9.688561305761992,-9.688561305761992
-1.417252333503086,-9.121026700459808
9.506001945852407,-9.506001945852407
9.13941075935504,-9.13941075935504
9.28256822374243,-9.28256822374243
9.279679462496773,-9.279679462496773
0.0,0.0
0.0,0.0
9.95283783270678,-9.95283783270678
9.763498846161731,-9.763498846161731
9.78304768742071,-9.78304768742071
10.06634076176047,-10.06634076176047
9.927437072467123,-9.927437072467123
10.000002147380112,-10.000002147380112
10.0,-10.0
10.0,-10.0
10.0,-10.0
10.0,-10.0
10.0,-10.0
25.0,-10.0
25.0,0.0
10.0,-10.0
25.0,-10.0
25.0,-10.0
25.0,-10.0
20.263157894736842,-10.0
10.0,-10.0
10.0,-10.0
10.0,-10.0
10.0,-10.0
10.0,-10.0
-10.0,10.0
10.0,-10.0
-10.0,10.0
10.0,-10.0
10.0,-10.0
-15.0,-10.0
10.0,-10.0
-20.97500000000001,10.0
-25.0,0.0
-25.0,0.0
10.0,-10.0
10.0,-10.0
10.0,-10.0
21.0803324099723,-10.000000000000002
-10.0,10.0
-10.0,10.0
-10.0,10.0
-10.0,10.0
-10.0,10.0
10.0,-10.0
-10.0,10.0
-10.0,10.0
10.0,-10.0
-10.0,10.0
-10.0,10.0
-10.0,10.0
-10.0,10.0
10.0,-10.0
-10.0,10.0
-10.0,10.0
-10.0,10.0
25.0,-10.0
25.0,-10.0
-0.8171745152354575,10.0
25.0,-10.0
25.0,-10.0
25.0,-10.0
10.0,-9.966392667946533
9.771392813917101,-9.74073522771828
9.833393164520615,-9.833393164520615
9.935735081747715,-9.935735081747715
9.935735081747714,-9.935735081747714
9.935735081747714,0.0
-10.138462043961987,10.138462043961987
-10.026533906344403,10.026533906344403
-25.0,10.131898585280776
6.201029887892197,10.273320710134644
-9.935281523510843,9.935281523510843
-9.903418682626919,9.903418682626919
-19.432696536779826,10.020194820532504
-9.970894641720896,9.970894641720896
-9.864096311665996,9.864096311665996
-9.924400543857114,9.924400543857114
-9.79859836824689,9.79859836824689
-9.686118765665707,9.686118765665707
-9.924045523494284,9.924045523494284
-9.967856298562367,9.967856298562367
10.016836801260599,-10.016836801260599
9.950143149259473,-9.950143149259473
10.081813732573895,-10.081813732573895
9.906625226544016,-9.906625226544016
10.1226723160915,-10.1226723160915
9.94430251203699,-9.94430251203699
10.429364782545514,-10.429364782545514
9.746699697571877,-9.847017780985016
10.540520553640402,-10.540520553640402
-15.087591255065208,-9.912408744934792
-0.47328296768319333,-10.01389723265635
9.97878650770641,-9.97878650770641
10.344806663673515,-10.344806663673515
-15.00148398511664,-9.99851601488336
-14.6813651219008,-10.3186348780992
10.25157784303336,-10.25157784303336
10.166068111802142,-10.166068111802142
10.102595993466768,-10.102595993466768
10.050151399301557,-10.050151399301557
0.0,0.0
21.114476851469796,-10.043623432794952
10.0,-9.990521008702546
-10.0,10.0
-10.0,10.0
-10.0,10.0
14.182825484764543,-10.0
25.0,-10.0
25.0,-10.0
25.0,0.0
-10.0,10.0
-10.0,10.0
-10.0,10.0
15.0,10.0
-10.0,10.0
10.0,-10.0
-10.0,10.0
10.0,-10.0
10.0,-10.0
10.0,-10.0
10.0,-10.0
-15.0,-10.0
-10.0,10.0
-15.975000000000005,10.0
-25.0,10.0
-25.0,10.0
-10.0,10.0
-10.0,10.0
-10.0,10.0
-25.0,0.0
0.0,0.0
0.0,0.0
10.0,-10.0
25.0,-10.0
10.0,-10.0
10.0,-10.0
22.700831024930746,-10.0
10.0,-10.0
10.0,-10.0
-15.0,-10.0
10.0,-10.0
10.0,-10.0
10.0,-10.0
20.217825078341562,-10.000000000000002
25.0,-10.0
25.0,-10.0
10.0,-10.0
10.0,-10.0
25.0,-10.0
10.0,-10.0
-10.0,10.0
-10.0,10.0
-10.0,10.0
15.0,10.0
-10.0,10.0
-10.0,10.0
10.0,-10.0
9.996768525455913,-9.996768525455913
25.0,-9.86513980526745
9.7276745302825,-9.7276745302825
9.910472621662734,-9.910472621662734
-3.93951204717736,-9.678786411772018
25.0,-9.846062066168273
9.625483496709602,-9.625483496709602
9.615709549440595,-9.615709549440595
-4.292554990965886,-9.38387399431725
25.0,-9.077882101379224
-10.8353105285167,10.8353105285167
-25.0,0.0
-15.496565245837937,-9.503434754162063
-11.121983002243553,11.121983002243553
-21.979094275490098,10.254717169761761
-25.0,10.504464054443876
-10.191411832103505,10.191411832103505
-10.367614276289634,10.367614276289634
-10.387927121369426,10.387927121369426
-10.253763506173783,10.253763506173783
-10.46253125820176,10.46253125820176
-10.587298352220794,10.587298352220794
-10.587298352220794,10.587298352220794
-10.49759780283988,10.49759780283988
9.570447451129255,-9.570447451129255
9.311291422324295,-9.311291422324295
-10.483009463877218,10.483009463877218
-10.529266250351803,10.529266250351803
-10.539921910415254,10.539921910415254
-10.06930817973985,10.06930817973985
9.16088081303084,-9.16088081303084
-10.587298352220794,10.587298352220794
5.5541194496061665,10.680658293714956
-25.0,10.3620513438843
-10.601236609452407,10.601236609452407
-10.601236609452407,10.601236609452407
-10.165138431812007,10.165138431812007
-10.372225122975266,10.372225122975266
-10.455252867403221,10.455252867403221
-10.2120727549257,10.2120727549257
-9.977481807873001,9.977481807873001
-10.001415870515357,10.001415870515357
-10.015916995274305,10.015916995274305
-9.964749707669922,9.964749707669922
25.0,-10.02289317991982
10.005662735039417,-10.005662735039417
10.041804637589266,-10.041804637589266
-10.0,10.0
10.0,-10.0
10.0,-10.0
10.0,-10.0
-10.000000000000004,10.000000000000004
10.0,-10.0
10.0,-10.0
10.0,-10.0
10.0,-10.0
10.0,-10.0
-10.0,10.0
-10.0,10.0
10.0,-10.0
-10.0,10.0
25.0,-7.402299739141025
10.0,-10.0
10.0,-10.0
-10.0,10.0
-10.000000000000004,10.000000000000004
-10.0,10.0
-25.0,10.0
-15.0,-10.0
10.0,-10.0
10.0,-10.0
10.0,-10.0
10.0,-10.0
10.0,-10.0
10.0,-10.0
10.0,-10.0
21.0803324099723,-10.000000000000002
-9.999999999999998,9.999999999999998
-10.0,10.0
-10.0,10.0
-10.0,10.0
-10.0,10.0
-10.0,10.0
-10.0,10.0
-10.0,10.0
-10.0,10.0
-10.0,10.0
-10.0,10.0
-10.0,10.0
25.0,0.0
15.0,10.0
25.0,-10.0
10.0,-10.0
25.0,-10.0
4.182825484764544,10.0
-10.0,10.0
-25.0,10.066352940931251
-25.0,10.378842850463604
25.0,0.0
-2.3571034594290867,10.104808953728421
-10.29012011591702,10.29012011591702
-10.386457179280473,10.386457179280473
-10.50849077429253,10.50849077429253
-10.200140599424332,10.200140599424332
-25.0,10.156531475922336
6.481392843572625,9.965663692801517
-10.397650576853493,10.397650576853493
-10.11720090004636,10.11720090004636
-25.0,0.0
-9.993234731965874,9.993234731965874
-24.999999999999996,9.942282209492234
-25.0,10.138663064380758
-25.0,9.877459593696651
10.116304039716434,-10.116304039716434
-9.736611497322775,9.736611497322775
-22.040489220164485,9.97123230553266
-10.179569615094055,10.179569615094055
-9.807237512649454,9.807237512649454
-10.208017317874365,10.208017317874365
-9.660484402027308,9.660484402027308
-10.18472103945216,10.18472103945216
-10.222648574854224,10.222648574854224
-9.536575037204873,9.536575037204873
10.095119580199182,-10.095119580199182
9.955192958900394,-9.955192958900394
10.083319018912304,-10.083319018912304
9.937871120930753,-9.937871120930753
9.455343222452363,-9.455343222452363
10.288871706534476,-10.288871706534476
10.249613712599347,-10.249613712599347
-10.38524600758932,10.38524600758932
-10.137696146699236,10.137696146699236
-9.512149636242036,9.512149636242036
-9.898429463127918,9.898429463127918
-9.895097163108964,9.895097163108964
9.743140834602444,-9.743140834602444
25.0,-9.960274740097322
10.136275954304045,-10.136275954304045
10.0,-10.0
10.0,-10.0
10.0,-10.0
10.0,-10.0
10.0,-10.0
10.0,-10.0
10.0,-10.0
9.998707410305636,-9.998707410305636
9.997630252175636,-9.997630252175636
9.999138273588454,-9.999138273588454
9.99202903042354,-9.99202903042354
10.0,-10.0
25.0,-10.0
10.0,-10.0
-10.0,10.0
-10.0,10.0
10.0,-10.0
10.0,-10.0
-10.0,10.0
-10.0,10.0
-10.0,10.0
10.0,-10.0
-25.0,10.0
-10.000000000000004,10.000000000000004
-10.0,10.0
10.0,-10.0
-15.0,-10.0
0.0,0.0
0.0,0.0
0.0,0.0
1.0803324099722982,10.0
-10.0,10.0
-10.0,10.0
-10.0,10.0
-10.0,10.0
-10.0,10.0
-10.0,10.0
-10.0,10.0
-10.0,10.0
-10.0,10.0
-10.0,10.0
-10.0,10.0
-10.0,10.0
-10.0,10.0
-10.0,10.0
-10.0,10.0
-10.0,10.0
-10.0,10.0
-10.0,10.0
-10.0,10.0
-10.0,10.0
-10.000000000000004,10.000000000000004
-9.999999999999998,9.999999999999998
-9.999999999999998,9.999999999999998
14.914042785324785,10.085957214675215
14.648818531521416,10.351181468478584
8.860929310718957,10.321896174045586
14.927262954702506,10.072737045297494
-25.0,10.083475543445605
6.227956243733014,10.300048694277397
-10.037409363459156,10.037409363459156
-9.934413695957254,9.934413695957254
-25.0,9.924282519309827
6.369121812449687,10.335274288038036
-10.216706954061866,10.216706954061866
-25.0,9.638449787081193
-25.0,9.982432645726105
-10.193481995285882,10.193481995285882
-10.069716532050515,10.069716532050515
-25.0,9.87556047143574
-25.0,9.895428357660776
-25.0,10.087526878039416
-19.196913013055873,9.759068349820415
-9.91166714684354,9.91166714684354
-9.972196698624938,9.972196698624938
-10.041553476707787,10.041553476707787
-10.030630841331483,10.030630841331483
-9.953574066045878,9.953574066045878
-10.041553476707787,10.041553476707787
-10.016228059678461,10.016228059678461
-10.036693011260374,10.036693011260374
-10.041553476707787,10.041553476707787
9.67093367691983,-9.67093367691983
9.835888444864132,-9.835888444864132
9.777228982567308,-9.777228982567308
9.713402317229583,-9.713402317229583
9.784643701185173,-9.784643701185173
-10.041553476707787,10.041553476707787
-9.93745898173621,9.93745898173621
-10.041553476707787,10.041553476707787
-10.041553476707787,10.041553476707787
-10.041553476707787,10.041553476707787
-10.041553476707787,10.041553476707787
-10.041553476707785,10.041553476707785
9.904430609001109,-9.904430609001109
-9.930431328999761,9.888877852291975
-10.0,10.0
-10.0,10.0
-10.0,10.0
-10.0,10.0
-9.999999999983945,9.999999999983945
-10.0,10.0
-10.0,10.0
-10.000000000000004,10.000000000000004
-10.0,10.0
-10.0,10.0
-10.000000000000004,10.000000000000004
10.0,-10.0
-10.0,10.0
-10.0,10.0
-10.0,10.0
-10.0,10.0
10.0,-10.0
10.0,-10.0
-10.0,10.0
-10.0,10.0
-10.0,10.0
-10.0,10.0
-9.999999999999998,9.999999999999998
-10.0,10.0
-9.999999999999998,9.999999999999998
-10.0,10.0
-10.0,0.0
0.0,0.0
0.0,0.0
0.0,10.0
-8.9196675900277,9.999999999999998
-10.0,10.0
-10.0,10.0
-10.0,10.0
-10.0,10.0
-10.0,10.0
-10.0,10.0
-10.0,10.0
-10.0,10.0
-10.0,10.0
-10.0,10.0
-10.0,10.0
-10.0,10.0
-10.0,10.0
-10.0,10.0
-10.0,10.0
-10.0,10.0
-10.0,10.0
-10.0,10.0
-10.0,10.0
-10.0,10.0
-5.8837428795643705,10.0
15.0,10.0
25.0,0.0
25.0,-9.933431635671086
25.0,-9.722315280948662
9.722315280948663,-9.810195724408427
9.819689733535663,-9.819689733535663
9.819689733535657,-9.819689733535657
9.819689733535657,0.0
0.0,0.0
0.0,0.0
0.0,-9.119459639947118
10.104664420994041,-10.104664420994041
10.104664420994036,-10.104664420994036
10.104664420994036,-10.203807565305317
-25.0,0.0
-10.18381534305987,10.18381534305987
-25.0,9.822099138398084
-25.0,9.950957960438876
-25.0,4.445545685421433
-9.939072825412234,9.939072825412234
-9.72847411503301,9.72847411503301
-10.0,10.0
-9.941333595082746,9.941333595082746
10.100838405990508,-10.100838405990508
-10.0,10.0
10.102387241493421,-10.102387241493421
10.111250443191643,-10.111250443191643
9.989076102329076,-9.989076102329076
9.836493715136054,-9.836493715136054
9.958928088691042,-9.958928088691042
9.989622675901007,-9.989622675901007
10.250406433622842,-10.250406433622842
9.479113492505656,-9.479113492505656
-9.845216802131077,9.845216802131077
-10.0,10.0
9.939830833333586,-9.939830833333586
9.769744206597842,-9.769744206597842
-9.884612386180155,9.884612386180155
10.228176794157413,-10.228176794157413
10.119470821352895,-10.119470821352895
9.823887967666273,-9.823887967666273
-10.0,10.0
-10.0,10.0
-9.96031505463186,9.96031505463186
9.903304481944788,-9.903304481944788
10.083480813279117,-10.083480813279117
10.0,-10.0
-10.000000000000004,10.000000000000004
-10.0,10.0
10.0,-10.0
10.0,-10.0
-10.000000000000004,10.000000000000004
-10.0,10.0
-10.0,10.0
-10.0,10.0
10.0,-10.0
-10.0,10.0
-10.0,10.0
-10.0,10.0
-10.0,10.0
-10.0,10.0
-10.0,10.0
-10.0,10.0
-10.0,10.0
10.0,-10.0
10.0,-10.0
-10.000000000000004,10.000000000000004
-10.000000000000004,10.000000000000004
-10.0,10.0
10.0,-10.0
-10.0,0.0
0.0,0.0
0.0,0.0
0.0,0.0
0.0,0.0
0.0,0.0
0.0,10.000000000000005
-9.025000000000006,10.0
-9.894667590027566,9.999999999999863
-9.999999999999998,9.999999999999998
-9.999999999999998,9.999999999999998
-10.0,10.0
-10.0,10.0
-10.0,10.0
-10.0,10.0
-10.0,10.0
25.0,-8.37950138504155
-25.0,10.0
-10.0,10.0
-10.0,10.0
-10.0,10.0
9.182825484764543,10.0
25.0,0.0
25.0,0.0
-10.0,10.0
25.0,0.0
-10.0,10.0
-10.0,10.0
-25.0,10.050410998080201
6.2937632058252,10.270878347548539
-10.43584532424865,10.43584532424865
-10.144640344996228,10.144640344996228
-9.979703564750313,9.979703564750313
-9.936641330393904,9.936641330393904
-9.905669985087759,9.905669985087759
-9.915847866636252,9.915847866636252
-25.0,9.842118499977936
16.7954365651214,3.552713678800501e-15
-10.00963509486043,10.00963509486043
-9.923960003033544,9.923960003033544
-24.99999999998721,3.559819106158102e-11
-10.134141525039736,10.134141525039736
-24.843944409228843,9.96817250336553
-24.999999999972808,10.034144438415723
-24.99999999999743,9.955694721013197
-9.944537929984254,9.944537929984254
-9.8664429173709,9.8664429173709
-24.999999999999996,9.935285941542025
-9.975001517278137,9.975001517278137
-10.04935319518579,10.04935319518579
-9.918438726350782,9.918438726350782
-9.962998357704203,9.962998357704203
10.12743558485291,-10.12743558485291
9.899237331686896,-9.899237331686896
9.987626988101411,-9.987626988101411
10.134640131415981,-10.134640131415981
10.109002296467363,-10.109002296467363
10.030333570947674,-10.030333570947674
9.949429321649939,-9.949429321649939
-9.910543073481401,9.910543073481401
-10.03347100423414,10.03347100423414
9.733730309844859,-9.733730309844859
10.028406047057738,-10.028406047057738
10.18063309831427,-10.18063309831427
10.11545325314026,-10.11545325314026
-9.781555497389018,9.781555497389018
-10.04935319518579,10.04935319518579
-10.035771220611634,10.035771220611634
-9.956720256501297,9.956720256501297
-9.861549336412978,9.861549336412978
10.0,-10.0
10.0,-10.0
10.0,-10.0
-10.0,10.0
10.0,-10.0
-10.0,10.0
-9.999999999999998,9.999999999999998
10.0,-10.0
10.0,-10.0
-10.0,10.0
-10.000000000000004,10.000000000000004
10.0,-10.0
-10.0,10.0
-10.0,10.0
10.0,-10.0
10.0,-10.0
10.0,-10.0
10.0,-10.0
10.0,-10.0
10.0,-10.0
10.0,-10.0
10.0,-10.0
10.0,-10.0
10.0,-10.0
10.0,-10.0
10.0,-10.0
-0.04935319518578929,-9.999999999999998
10.000000000000004,-10.000000000000004
10.0,-10.0
0.0,0.0
0.0,10.000000000000005
-9.025000000000006,9.025000000000006
-9.025000000000006,9.025000000000006
-9.025000000000006,9.025000000000006
-9.025000000000006,10.0
-9.90493749998473,10.0
-9.990731406263782,9.990731406263782
-9.990731406263745,10.0
9.183826800985358,10.0
-10.0,10.0
25.0,0.0
25.0,0.0
15.0,10.0
-10.0,10.0
-10.0,10.0
-10.0,10.0
-10.0,10.0
-10.0,10.0
-9.999999999999996,9.999999999999996
-10.0,10.0
-10.0,10.0
-10.0,10.0
-10.0,10.0
-10.0,10.0
-10.105561488419179,10.105561488419179
-10.369865342070229,10.369865342070229
-10.276630998891099,10.276630998891099
-10.04918736122964,10.04918736122964
-10.071655416592064,10.071655416592064
-9.941432685210682,9.941432685210682
-9.832578077214258,9.832578077214258
-17.2742209407912,9.822979588897905
-25.0,9.888741351893305
15.01054016010541,9.98945983989459
-10.108503058943807,10.108503058943807
-25.0,9.99114058518565
-25.0,0.0
-9.891007170742315,9.891007170742315
-24.387432402860636,9.947197584755763
-25.0,9.616466295067328
-25.0,9.941548816316036
-9.95895775261469,9.95895775261469
-9.912057195882173,9.912057195882173
-10.108920878464154,10.108920878464154
-9.882890616313835,9.882890616313835
-9.896195832791808,9.896195832791808
10.123648069835388,-10.123648069835388
-10.108920878464152,10.108920878464152
-9.720332314712063,9.720332314712063
-10.108920878464152,9.927121419917858
-9.927121419917858,9.774269532822741
-9.77426953282274,0.0
0.0,0.0
10.253531875110388,-10.253531875110388
9.992666699385344,-9.992666699385344
10.005299743976355,-10.005299743976355
9.802265334127872,-9.802265334127872
10.031149644421703,-10.031149644421703
10.211393324844655,-10.211393324844655
10.18236875342145,-10.18236875342145
9.843389630663701,-9.843389630663701
10.313075574790906,-10.313075574790906
9.899462809064003,-9.899462809064003
0.0,0.0
9.96155050577116,-9.96155050577116
0.0,0.0
10.000307743484516,-10.000307743484516
10.0,-10.0
10.028298390445617,-10.028298390445617
0.0,0.0
9.999999999999996,-9.999999999999996
0.0,0.0
0.0,0.0
25.0,-10.0
25.0,-10.0
10.0,-10.0
-10.0,10.0
9.999999999999996,-9.999999999999996
-10.0,10.0
9.999999999999996,-9.999999999999996
10.0,-10.0
9.999999999999996,-9.999999999999996
10.0,-10.0
9.999999999999996,-9.999999999999996
10.0,-10.0
9.999999999999996,-9.999999999999996
10.0,-10.0
-10.0,10.0
-10.0,10.0
9.999999999979183,-9.999999999979183
10.0,-10.0
7.925000000000006,-10.0
-15.000000000000009,-9.999999999999998
10.000000000000002,-10.000000000000002
9.999999999999996,-9.999999999999996
0.0,0.0
1.0803324099722982,10.0
-10.0,10.0
-10.0,10.0
-10.0,10.0
-10.0,10.0
9.999999999999996,-9.999999999999996
-10.0,10.0
-10.0,10.0
-10.0,10.0
-10.0,10.0
-10.0,10.0
25.0,0.0
25.0,-10.0
25.0,-10.0
25.0,-10.0
-15.0,-10.0
-15.862499999999997,10.0
25.0,0.0
-25.0,10.0
25.0,0.0
-10.0,10.0
25.0,-10.0
-10.0,10.0
-10.0,10.0
-10.101468291007585,10.101468291007585
9.709466305083634,-9.709466305083634
9.912691341143605,-9.912691341143605
9.989530370606673,-9.989530370606673
10.0,-10.0
-0.13054177634744724,10.130541776347448
-9.890705482327329,9.890705482327329
-9.727892828358932,9.727892828358932
-25.0,10.182711466411703
6.909155951696585,9.508892284966345
0.0,0.0
-24.76370349571651,9.761310816218888
-25.0,3.8962610915405094e-11
-9.386365132756534,9.386365132756534
-25.0,9.661450057414209
-25.0,10.340942622044448
-25.0,9.946348060474213
-9.946348060474213,9.946348060474213
-9.542255363010185,9.542255363010185
-9.946348060474213,9.946348060474213
-9.622626923976842,9.622626923976842
9.970434535330668,-9.970434535330668
9.852293856937184,-9.852293856937184
10.412667464840801,-10.412667464840801
10.242904616675961,-10.242904616675961
10.205018421422817,-10.205018421422817
10.652893492325905,-10.652893492325905
-9.946348060474213,9.946348060474213
-9.946348060474213,9.946348060474213
-9.545596341304673,9.545596341304673
10.26349548214656,-10.26349548214656
-9.806968012747356,9.806968012747356
-9.925120840726592,9.925120840726592
-9.674758271841911,9.674758271841911
10.179492615122028,-10.179492615122028
10.230167196098277,-10.230167196098277
10.140050062173977,-10.080601929735433
10.04960999324824,-10.04960999324824
10.159085295179015,-10.159085295179015
-9.926343057495702,9.926343057495702
-9.980420380447898,9.980420380447898
-10.0,10.0
9.999999999999996,-9.999999999999996
10.0,-10.0
-9.999999999999998,9.999999999999998
-9.999999999999998,9.999999999999998
-9.999999999999998,9.999999999999998
10.0,-10.0
9.999999999999996,-9.999999999999996
10.0,-10.0
9.999999999999996,-9.999999999999996
-10.0,10.0
-10.0,10.0
-10.0,10.0
-10.0,10.0
-10.0,10.0
-10.0,10.0
-9.999999999999998,9.999999999999998
-10.0,10.0
-9.999999999999998,9.999999999999998
10.0,-10.0
-9.999999999999998,9.999999999999998
-10.0,10.0
9.999999999979183,-9.999999999979183
-9.999999999999998,9.999999999999998
-9.999999999999998,9.999999999999998
10.0,-10.0
9.999999999958366,-9.999999999958366
0.0,-9.999999999999998
10.0,-10.0
9.999999999999996,-9.999999999999996
10.0,-10.0
10.0,-10.0
10.0,-10.0
0.0,0.0
0.0,0.0
0.0,0.0
0.0,0.0
10.0,-10.0
10.0,-10.0
25.0,-10.0
9.999999999999996,-9.999999999999996
10.0,-10.0
10.0,-10.0
-10.0,10.0
-10.0,10.0
-10.0,10.0
-10.0,10.0
15.0,10.0
25.0,-10.0
-10.0,10.0
-10.0,10.0
-10.0,10.0
25.0,-10.0
25.0,-10.0
20.263157894736842,-10.0
9.962945762916702,-9.962945762916702
9.916534160444312,-9.916534160444312
9.903207507836834,-10.063826546997602
10.177971234527172,-10.177971234527172
10.128807856895376,-10.128807856895376
10.177971234527167,-10.177971234527167
10.177971234527167,-10.177971234527167
9.813648391468059,-9.813648391468059
10.17797123452717,-10.17797123452717
10.177971234527167,-10.177971234527167
9.996503601680002,-9.996503601680002
-10.348020781358354,10.348020781358354
-24.278919469459346,9.734804838143027
-9.835325145888438,9.835325145888438
-25.0,9.890629113502603
-25.0,9.997980644176211
-25.0,9.556553689783119
-25.0,9.52922153987624
-10.014039871948794,10.014039871948794
-10.244651316861093,10.244651316861093
-9.688289596844303,9.59267425043178
-10.049484473826626,10.049484473826626
-9.966463987592755,9.966463987592755
-9.966006090218116,9.966006090218116
-9.598520252406413,9.598520252406413
-9.925129519002128,9.925129519002128
-10.149035970448573,10.149035970448573
-9.510563247474073,9.510563247474073
-10.045792577626829,10.045792577626829
10.269666524986718,-10.269666524986718
10.166726398448247,-10.166726398448247
9.15200530396004,-9.15200530396004
10.312336185715248,-10.312336185715248
-9.57087820916949,9.57087820916949
-10.149035970448573,10.149035970448573
-9.925999555571309,9.925999555571309
6.484555287819649,9.9708065177775
10.13946635712173,-10.13946635712173
10.044966721369468,-10.044966721369468
9.912484837632558,-9.912484837632558
-9.913081607139125,9.913081607139125
-10.04430237965384,10.04430237965384
9.994398778401992,-9.994398778401992
-10.0,10.0
9.999999999999996,-9.999999999999996
9.99849197874127,-9.99849197874127
9.999999999999996,-9.999999999999996
10.0,-10.0
-10.0,10.0
-10.0,10.0
-10.0,10.0
10.0,-10.0
-10.0,10.0
10.0,-10.0
-10.0,10.0
9.999999999999996,-9.999999999999996
10.0,-10.0
-10.0,10.0
-10.0,10.0
-10.0,10.0
10.0,-10.0
9.999999999999996,-9.999999999999996
10.0,-10.0
-10.0,10.0
-25.0,10.000000000000004
9.999999999979183,-9.999999999979183
10.0,-10.0
9.999999999958366,-9.999999999958366
-10.0,-3.552713678800501e-15
10.000000000000004,-10.000000000000004
9.999999999999996,-9.999999999999996
10.0,-10.0
21.0803324099723,-10.000000000000002
10.0,-10.0
9.999999999958366,-9.999999999958366
9.999999999999996,-9.999999999999996
10.0,-10.0
9.999999999999996,-9.999999999999996
10.0,-10.0
9.999999999999996,-9.999999999999996
10.0,-10.0
9.999999999999996,-9.999999999999996
-10.0,10.0
-10.0,10.0
-10.0,10.0
10.0,-10.0
10.0,-10.0
-10.0,10.0
15.0,10.0
10.0,-10.0
-10.0,10.0
15.0,10.0
15.0,10.0
19.182825484764543,-9.724121542372293
-10.0,10.0
-10.0,10.0
9.724121542372293,-9.724121542372293
9.639311539841907,-9.639311539841907
9.724121542372293,-9.724121542372293
-10.093200103437473,10.093200103437473
-10.167296955618026,10.167296955618026
-10.325654656286769,10.325654656286769
-10.01784758368029,10.01784758368029
-10.136479925829587,10.136479925829587
-9.88555216452728,9.88555216452728
-9.978623040552678,9.978623040552678
-10.279975054028736,10.279975054028736
-10.370270144177272,10.370270144177272
-25.0,10.033113774855716
-10.333767108257717,10.333767108257717
-9.944720331557333,9.944720331557333
-24.999999999999996,9.707109778531922
-9.791367944644042,9.791367944644042
-10.34152517101315,10.34152517101315
-10.16219791648679,10.16219791648679
-10.075641743012767,10.075641743012767
-9.964311144112543,9.964311144112543
-10.183092679387968,10.183092679387968
-9.923035372221904,9.923035372221904
-10.2651778053059,10.2651778053059
-10.227193466645783,10.227193466645783
10.320783776908712,-10.320783776908712
9.968619986809525,-9.968619986809525
10.109834779771496,-10.109834779771496
9.529734031493343,-9.529734031493343
9.957560392466586,-9.957560392466586
9.316233936922227,-9.316233936922227
9.435895049189602,-9.435895049189602
10.278809956091333,-10.278809956091333
9.555286661554877,-9.555286661554877
-10.811774098542394,10.811774098542394
-10.345822653058525,10.345822653058525
-9.632391719609828,9.632391719609828
9.822333609624382,-9.822333609624382
-10.531880935877352,10.531880935877352
11.471391676540335,-9.828079259176453
25.0,0.0
-25.0,10.014488164050283
9.981446065710216,-9.981446065710216
-25.0,0.0
-25.0,9.975718517882164
10.03671769380456,-10.03671769380456
-9.997515933615652,9.997515933615652
10.005240453110343,-10.005240453110343
-10.032341516811467,10.032341516811467
-9.964919525743477,9.964919525743477
-10.033476820158,10.033476820158
-10.050195564820863,10.050195564820863
-10.044138242522445,10.044138242522445
-10.0,10.0
-10.0,10.0
-10.0,10.0
-10.0,10.0
-10.0,10.0
10.0,-10.0
-10.0,10.0
10.0,-10.0
9.999999999999996,-9.999999999999996
10.0,-10.0
-10.0,10.0
-10.0,10.0
9.999999999979183,-9.999999999979183
10.0,-10.0
9.999999999958366,-9.999999999958366
-15.0,-10.0
10.0,-10.0
9.999999999999996,-9.999999999999996
10.0,-10.0
10.0,-10.0
0.0,0.0
0.0,0.0
0.0,0.0
1.0803324099722982,10.0
-10.0,10.0
-10.0,10.0
-10.0,10.0
-10.0,10.0
-10.0,10.0
-10.0,10.0
10.0,-10.0
-10.0,10.0
-10.0,10.0
25.0,-10.0
25.0,-10.0
15.0,10.0
10.0,-10.0
-10.0,10.0
-10.0,10.0
25.0,-10.0
-10.000000000000002,10.000000000000002
-10.0,10.0
-10.0,10.0
24.182825484764543,-9.83864172639466
9.695196143259498,-9.601625970540468
9.745071553675645,-9.745071553675645
-0.2808547155944243,10.025926269270062
-10.166221480598885,10.166221480598885
-9.935866597068792,9.935866597068792
-10.041791419244298,10.041791419244298
-9.937530301382434,9.937530301382434
-9.874315217789754,9.874315217789754
-9.982859301308817,9.982859301308817
-9.91308407255831,9.91308407255831
-9.80650538176788,9.80650538176788
-9.693397472037901,9.693397472037901
-10.517840590568074,10.517840590568074
0.0,0.0
-10.240769445320476,10.240769445320476
-25.0,9.857504609142588
-25.0,9.672272971515259
-9.915353047143876,9.915353047143876
-10.171754749080572,10.171754749080572
9.927739313136014,-9.927739313136014
-9.858820551287483,9.858820551287483
-9.772025172982328,9.772025172982328
-9.719571151054152,9.719571151054152
-10.162801924464087,10.162801924464087
-9.808513692513712,9.808513692513712
-10.065003123926736,10.065003123926736
-10.683203079675735,10.683203079675735
-10.012070061188973,10.012070061188973
-10.371821504269434,10.371821504269434
-10.046627901093863,10.046627901093863
-7.478132821616818,10.699985917841182
14.840820861104692,10.15917913889492
-9.64740513628692,9.64740513628692
-9.972288214985134,9.972288214985134
5.540166204986158,-5.540166204986158
5.5401662049861615,-5.5401662049861615
5.540166204986158,-5.540166204986158
5.540166204986158,-5.540166204986158
5.540166204986158,-5.540166204986158
-9.880652745456723,9.880652745456723
-25.0,0.0
-25.0,0.0
-25.0,10.0
-25.0,0.0
1.083571501776411,9.99683072952287
-9.986111764274616,9.986111764274616
-9.996114465462826,9.996114465462826
-9.9980128123494,9.9980128123494
9.994614209195914,-9.994614209195914
10.0,-9.999353705152817
-10.000646294847183,10.000646294847183
9.999353705152817,-9.999353705152817
10.0,-10.0
-10.0,10.0
-10.0,10.0
-10.0,10.0
9.999999999999996,-9.999999999999996
10.0,-10.0
-10.0,10.0
25.0,-8.380217501215718
9.999999999999996,-9.999999999999996
10.0,-10.0
9.999999999979183,-9.999999999979183
-25.0,0.0
9.999999999979183,-9.999999999979183
10.0,-10.0
0.0,0.0
10.0,-10.0
0.0,0.0
0.0,0.0
0.0,0.0
0.0,0.0
0.0,0.0
0.0,0.0
10.0,-10.0
21.0803324099723,-10.000000000000002
-10.0,10.0
-10.0,10.0
-10.0,10.0
-10.0,10.0
-10.0,10.0
25.0,-10.0
-8.379501385041548,10.0
-10.0,10.0
-25.0,10.0
25.0,-10.0
25.0,-10.0
24.321329639889193,-10.0
-25.0,0.0
-25.0,10.0
-10.0,10.0
-10.0,10.0
15.0,10.0
15.0,10.0
25.0,-5.8171745152354575
14.897023681107873,10.102976318892127
-10.132045977901411,10.132045977901411
-9.98329337287244,9.98329337287244
-9.905609394945833,9.905609394945833
-10.088646375583547,10.088646375583547
-9.965656276820605,9.965656276820605
-10.15837316377788,10.15837316377788
-9.710579195304344,9.710579195304344
-25.0,2.4375
25.0,-10.093605457798411
10.093605457798411,-9.946598941530617
-25.0,9.981107236371537
-25.0,10.360429295293226
-9.942389504535223,9.942389504535223
-9.386801886696233,9.386801886696233
-25.0,10.329433335241923
-9.854654347882946,9.854654347882946
-9.695550631091772,9.695550631091772
-10.191045135515406,10.191045135515406
-10.117648383490359,10.117648383490359
-10.06032001087391,10.06032001087391
-10.196341092607891,10.196341092607891
-10.047145441889459,10.047145441889459
-10.101759249918278,10.101759249918278
-9.858082740080105,9.858082740080105
-10.215823347825484,10.215823347825484
-9.869538063787484,9.869538063787484
-10.051908079503555,10.051908079503555
-10.159266237223939,10.159266237223939
-10.18316115887129,10.18316115887129
-10.02903624764847,10.02903624764847
-10.13622872919953,10.13622872919953
-10.221114255739478,10.221114255739478
-10.246418844907515,10.246418844907515
-10.00420501896421,10.00420501896421
-10.044277192931434,10.044277192931434
-10.132005406963282,10.132005406963282
-10.135521528636769,10.135521528636769
-10.055174582415265,10.055174582415265
-10.10098001966857,10.10098001966857
-9.989060363092992,9.989060363092992
-10.035928356568899,10.035928356568899
10.085126052835765,-10.013818186386398
25.0,-10.018052945702253
9.99298546822446,-9.99298546822446
-0.9777720561859614,9.989155005604715
15.00332452408684,9.99667547591316
-10.004686078952105,10.004686078952105
-10.005432814976938,10.005432814976938
9.98772039790354,-9.98772039790354
9.98750496587691,-9.98750496587691
9.990951872139451,-9.990951872139451
-10.0,10.0
-10.000000000000004,10.000000000000004
-10.0,10.0
10.0,-10.0
10.0,-10.0
10.0,-10.0
10.0,-10.0
-25.0,4.024999999999995
-25.0,10.0
-25.0,0.0
-25.0,0.0
0.0,0.0
10.0,-10.0
10.0,-10.0
0.0,0.0
0.0,0.0
10.0,-10.0
10.0,-10.0
10.0,-10.0
10.0,-10.0
10.0,-10.0
10.0,-10.0
10.0,-10.0
10.0,-10.0
10.0,-10.0
10.0,-10.0
25.0,-10.0
10.0,-10.0
10.0,-10.0
-13.537500000000001,0.0
5.084471096944988,10.0
15.0,10.0
25.0,0.0
25.0,-10.0
10.0,-10.0
10.0,-10.0
-10.0,10.0
-9.999999999999998,9.999999999999998
-10.0,10.0
-10.0,10.0
25.0,-10.0
10.0,-10.0
-10.0,10.0
9.99569136778818,-9.99569136778818
9.958852560574268,-9.958852560574268
9.970334735162004,-9.970334735162004
9.91127573689352,-9.91127573689352
9.926531770541903,-9.926531770541903
10.178686797791851,-10.178686797791851
10.178686797791805,-9.905144554950766
-14.813830004107002,-10.186169995892998
-24.999999999999996,10.057312436146825
9.948542559676998,-9.948542559676998
25.0,0.0
25.0,-6.029461971266116
10.19243208173287,-10.19243208173287
-9.88447511163986,9.88447511163986
10.192432081732871,-9.789004929109028
9.78900492910903,-9.78900492910903
-10.179982547167407,9.953390086604518
10.040076907572061,-10.040076907572061
-25.0,9.749172591120251
-24.999999999999996,9.9855255831271
-25.0,9.874492570184337
-13.669864296101345,9.614333963874742
9.982240461369694,-9.982240461369694
-9.793457357819428,9.793457357819428
-9.826879132563253,9.826879132563253
-9.837921685928775,9.837921685928775
10.373126401336377,-10.373126401336377
9.88821623732997,-9.88821623732997
10.351163106036482,-10.351163106036482
-10.042952572511002,10.042952572511002
10.220648311236612,-10.220648311236612
-9.834367222056104,9.834367222056104
25.0,-10.17173518351391
14.993818858802854,10.006181141197146
10.147706300849647,-10.147706300849647
10.324218875046062,-10.324218875046062
25.0,-10.24977859983453
-14.88775037172052,-10.11224962827948
-25.0,0.0
-25.0,0.0
25.0,0.0
-25.0,9.93430002040941
-10.011848738043199,10.011848738043199
25.0,-10.0
25.0,-10.0
15.0,10.0
1.9539925233402755e-14,10.0
10.0,-10.0
20.04556805090441,0.0
-10.0,10.0
-10.0,10.0
-10.0,10.0
-25.0,10.0
-25.0,10.0
-25.0,10.0
-25.0,10.0
-25.0,10.0
-20.00000000000001,10.000000000000002
25.0,0.0
-1.7590027700831072,10.0
-25.0,10.0
-25.0,0.0
25.0,-10.0
-13.537500000000001,0.0
1.0803324099722982,10.0
-10.0,10.0
-10.0,10.0
-10.0,10.0
-10.0,10.0
-10.0,0.0
0.0,0.0
10.0,-10.0
21.0803324099723,-10.000000000000002
-10.0,10.0
10.0,-10.0
-10.0,10.0
10.0,-10.0
10.0,-10.0
10.0,-10.0
-10.0,10.0
-10.0,10.0
-10.0,10.0
25.0,0.0
25.0,-10.0
10.0,-10.0
25.0,-10.0
24.182825484764543,-10.0
10.0,-10.0
10.0,-10.0
25.0,-10.0
10.0,-10.0
10.0,-10.0
10.0,-10.0
10.0,-10.0
10.0,-10.0
10.0,-10.0
10.0,-10.0
10.0,-9.989874713855363
9.951380439601486,-9.951380439601486
9.986921917660824,-9.986921917660824
9.98987471385541,-10.16616664967618
10.185212038864567,-10.185212038864567
10.185212038864567,-10.185212038864567
-9.907867008879789,9.907867008879789
-9.884556766323312,9.884556766323312
10.138662117659795,-10.138662117659795
10.185212038864567,0.0
-9.954827682393747,9.954827682393747
-10.087748410745823,10.087748410745823
-25.0,9.98271382185347
-10.05308580038719,10.05308580038719
-19.66650491623363,10.07234936306128
-25.0,9.982636821881442
-25.0,9.91757910371225
-25.0,9.711225805725183
-10.187011473046322,10.187011473046322
-25.0,9.987043176838085
-9.744312756820154,9.666983957043206
-9.909714377061137,9.909714377061137
-9.627748999984954,9.627748999984954
10.00976605792761,-10.00976605792761
9.484116912819168,-9.484116912819168
-9.842455217068729,9.842455217068729
-9.909714377061137,9.909714377061137
-9.909714377061137,9.909714377061137
9.93673442462238,-9.93673442462238
10.01860022684949,-10.01860022684949
-9.83578730350743,9.83578730350743
-9.872735771642217,9.872735771642217
-9.909714377061137,10.42297141806481
-10.316814649252251,10.316814649252251
-9.58970533347754,9.58970533347754
8.769910137909775,10.138201932376148
14.800097895366076,10.199902104633924
-25.0,0.0
-15.196610119149504,-9.803389880850496
25.0,-9.988090960268924
15.948598473424413,-10.036506408612999
-10.107649636834523,10.107649636834523
9.896785958610023,-9.896785958610023
25.0,1.908162516883749e-11
25.0,-9.98217284971393
-10.047076449598949,10.047076449598949
9.977940607591064,-9.977940607591064
9.988919597519127,-9.988919597519127
9.967038962793714,-9.967038962793714
-10.038777690830923,10.038777690830923
-10.03425362690065,10.03425362690065
-10.031668445046503,10.031668445046503
9.96531550904609,-9.96531550904609
10.0,-10.0
10.0,-10.0
10.0,-10.0
-10.0,10.0
10.0,-10.0
10.0,-10.0
10.0,-10.0
-10.0,10.0
-10.0,10.0
-10.0,10.0
-10.0,10.0
-25.0,10.0
-10.0,10.0
-9.999999999999998,9.999999999999998
-25.0,10.0
-25.0,0.0
0.0,0.0
0.0,0.0
0.0,0.0
0.0,0.0
10.0,-10.0
10.0,-10.0
10.0,-10.0
10.0,-10.0
10.0,-10.0
10.0,-10.0
10.0,-10.0
21.0803324099723,-10.000000000000002
10.0,-10.0
10.0,-10.0
10.0,-10.0
-9.999999999999998,9.999999999999998
-10.0,10.0
-10.0,10.0
-10.0,10.0
15.0,10.0
-10.039639418937446,10.039639418937446
14.957990834933165,10.042009165066835
25.0,-9.948080983896933
25.0,-9.955570173583096
-5.922571485615973,10.061398010482296
9.947650117378252,-9.947650117378252
-10.084449196652349,10.084449196652349
9.947650117378243,-9.828096295223029
9.785454069679211,-9.742403989839385
9.785046215383211,-9.785046215383211
9.372416461594282,-9.372416461594282
9.555665034368243,-9.555665034368243
9.785046215383204,-9.702962193973079
9.70296219397308,-9.687836117500847
-10.260206889078939,10.260206889078939
-10.535469166131204,10.535469166131204
-10.612168080891072,10.612168080891072
-0.8360350856305363,10.52387120313138
-10.721615336213183,10.721615336213183
-25.0,10.142012563163963
-10.182335302613932,10.182335302613932
-10.525307694412813,10.525307694412813
-25.0,10.474023819600525
-25.0,9.989344339936551
-10.285328445526584,10.285328445526584
-25.0,10.036000011512126
-20.554621331304787,9.956470401059276
-25.0,10.183672072620116
-10.201756336542289,10.201756336542289
-10.226901876587778,10.226901876587778
-10.226901876587778,10.226901876587778
-9.643303309908175,9.643303309908175
9.662278122687162,-9.662278122687162
9.806196750732457,-9.806196750732457
9.667923104243016,-9.667923104243016
-10.226901876587778,10.226901876587778
9.492136586135299,-9.492136586135299
9.613542189572215,-9.613542189572215
9.332981115264566,-9.332981115264566
8.959248181361644,-8.959248181361644
-10.15764166404362,10.15764166404362
9.555024104273212,-9.555024104273212
9.533665763671586,-9.533665763671586
10.13429557218871,-9.94596558520332
-10.396869689842093,10.396869689842093
-10.346368753269976,10.346368753269976
25.0,-4.507377866234485
25.0,0.0
-10.012608489015916,10.012608489015916
9.925506032889427,-9.925506032889427
9.96921610544543,-9.96921610544543
-9.93549827330403,9.93549827330403
-10.012362785339807,10.012362785339807
-10.01805016224399,10.01805016224399
25.0,-9.990538687607176
-10.004239544694496,10.004239544694496
-10.029080206072564,10.029080206072564
-10.034280618309902,10.034280618309902
-10.035651088130944,10.035651088130944
9.95270347028881,-9.95270347028881
-10.0,10.0
-10.0,10.0
-10.0,10.0
-10.0,10.0
-10.0,10.0
-10.0,10.0
10.0,-10.0
-10.0,10.0
-10.0,10.0
-10.0,10.0
-10.0,10.0
-25.0,10.0
10.0,-10.0
10.0,-10.0
-25.0,0.0
-15.0,-10.0
10.0,-10.0
10.0,-10.0
10.0,-10.0
0.0,0.0
0.0,0.0
0.0,0.0
10.0,-10.0
0.0,0.0
21.0803324099723,-10.000000000000002
-10.0,10.0
10.0,-10.0
10.0,-10.0
10.0,-10.0
-9.999999999999998,9.999999999999998
9.182825484764546,10.0
-10.0,10.0
-10.0,10.0
25.0,0.0
15.0,10.0
25.0,0.0
0.0,-9.025
10.0,-10.0
10.0,-10.0
10.0,-10.0
10.0,-10.0
10.0,-10.0
9.995260504351272,-9.995260504351272
9.999999999999995,-9.848551577430895
9.848551577430904,-9.642140144859416
9.64214014485941,0.0
0.0,0.0
0.0,0.0
-25.0,0.0
-15.517836803684201,-9.482163196315799
-10.424587944116904,10.424587944116904
-10.147711192241312,10.147711192241312
9.83100147122963,-9.83100147122963
-10.390363349992594,10.390363349992594
-25.0,10.126762781818636
-25.0,9.969528207791068
14.648251504831913,10.351748495168087
-9.91195179428112,9.91195179428112
-9.86432415584552,9.86432415584552
-9.895306546229623,9.895306546229623
-10.521731534535743,10.179992483792892
-10.095701498020572,10.095701498020572
-9.843249515960505,9.843249515960505
-10.242375084081447,10.242375084081447
-10.036662716189415,10.036662716189415
-10.6391496284663,10.6391496284663
-10.00077504889877,10.00077504889877
-10.056079963233902,10.056079963233902
9.954337123145727,-9.954337123145727
9.822385679277595,-9.822385679277595
25.0,-9.725401689919648
25.0,-9.859042715141202
-25.0,0.0
-25.0,10.232909136700549
-25.0,10.736920658521937
5.955002295486615,10.452997146911201
9.43393533678677,-9.43393533678677
25.0,-9.628061733477901
-10.369453439555931,10.369453439555931
-25.0,10.581685559177838
-25.0,0.0
25.0,-9.694041242295837
-10.126531781902553,10.126531781902553
25.0,0.0
-9.971747203398884,9.971747203398884
25.0,-9.995320131438826
-10.0,10.0
15.0,10.0
10.0,-10.0
-9.999999999999998,9.999999999999998
-10.000000000000004,10.000000000000004
-10.0,10.0
-23.59995563641385,10.019604276209384
-10.006921287156494,10.006921287156494
-10.021543163216348,10.021543163216348
-10.023482045292475,10.023482045292475
25.0,-10.0
25.0,-5.540166204986157
-10.0,10.0
-10.0,10.0
-15.0,-10.0
-25.0,0.0
-25.0,10.0
-25.0,0.0
15.0,10.0
-10.0,10.0
-10.0,10.0
-10.0,10.0
-10.0,10.0
-10.0,10.0
-22.5625,9.999999999999998
0.0,-10.0
10.0,-10.0
10.0,-10.0
10.0,-10.0
0.0,0.0
10.0,-10.0
25.0,-10.0
25.0,-10.0
25.0,-10.0
-25.0,10.0
-25.0,9.387499999999998
-10.0,10.0
-10.0,10.0
-10.0,10.0
-0.8171745152354575,10.0
25.0,-10.0
25.0,-10.0
25.0,-10.0
25.0,-10.0
25.0,-10.0
10.0,-10.0
10.0,-10.0
-10.0,10.0
10.0,-10.0
10.0,-10.0
-10.0,10.0
-10.0,10.0
9.98772039790354,-9.98772039790354
9.750314770520896,-9.750314770520896
-10.219850541034623,10.219850541034623
-10.30838504575717,10.30838504575717
-23.820823132730485,10.283323132730484
9.537955671949218,-9.537955671949218
25.0,-10.027755965326687
10.027755965326685,1.7763568394002505e-15
-9.874061496570445,9.874061496570445
-10.215356298814825,10.215356298814825
-10.410609293457345,10.410609293457345
-10.296302203835133,10.296302203835133
-10.143185866016415,10.143185866016415
-10.167604955506134,10.167604955506134
-10.066128459583497,10.066128459583497
-9.962039644937729,9.962039644937729
-9.953356951370653,9.953356951370653
-9.951110066940998,9.951110066940998
-25.0,10.030531120056239
-9.997323935398388,9.997323935398388
-25.0,10.046128663570306
-24.98443464499882,9.907774861372275
-10.033139020748186,10.033139020748186
-9.8850137958704,9.8850137958704
-9.638482606741402,9.638482606741402
-10.069272835490395,10.069272835490395
10.27119579492297,-10.27119579492297
9.85664056847287,-9.85664056847287
9.71925494625099,-9.71925494625099
9.90770101713681,-9.90770101713681
-15.044969245958713,-9.955030754041287
-15.25837466843307,-9.74162533156693
9.888596819158927,-9.888596819158927
9.65949476304256,-9.65949476304256
0.0,0.0
0.0,0.0
0.0,0.0
0.0,10.119432025513957
9.94000692343355,-9.94000692343355
9.831571239465267,-9.831571239465267
-9.132787403026347,9.132787403026347
25.0,-9.874815559821101
9.977485141119741,-9.977485141119741
9.956195531474194,-9.956195531474194
9.960417174759975,-9.960417174759975
25.0,-10.011106284451492
-9.982772977121428,9.982772977121428
25.0,-9.96886716727173
25.0,-10.001485119209464
25.0,-2.332356530132529e-11
9.963272571487783,-9.963272571487783
-10.036402515848488,10.036402515848488
-10.033942066947235,10.033942066947235
9.952569141462178,-9.952569141462178
10.0,-10.0
10.0,-10.0
10.0,-10.0
10.0,-10.0
10.0,-10.0
10.0,-10.0
10.0,-10.0
-10.0,10.0
10.0,-10.0
10.0,-10.0
10.0,-10.0
-15.0,-10.0
-10.0,10.0
-0.9750000000000085,-10.0
-25.0,0.0
-15.0,-10.0
10.0,-10.0
10.0,-10.0
0.0,0.0
0.0,0.0
0.0,0.0
10.0,-10.0
10.0,-10.0
1.0803324099722982,10.0
-10.0,10.0
-10.0,10.0
-10.0,10.0
-10.0,10.0
-10.0,10.0
-10.0,10.0
25.0,0.0
-0.7773196679695165,10.0
-10.0,10.0
-10.0,10.0
-10.0,10.0
-10.0,10.0
-10.032961037206286,10.032961037206286
-10.029944996229716,10.029944996229716
14.9691932805946,10.0308067194054
14.966823529534373,10.033176470465627
-10.036407944701535,10.036407944701535
9.960145152734052,-9.960145152734052
9.939894579212067,-9.939894579212067
9.896968465579775,-9.896968465579775
-10.318866094972169,10.318866094972169
9.786134944495897,-9.786134944495897
9.888351934001985,-9.888351934001985
9.96014515273406,-9.96014515273406
9.960145152734057,3.552713678800501e-15
0.0,0.0
-9.710249105260326,9.710249105260326
-25.0,9.734360826009254
6.632760768716476,10.282074881134765
-10.200127345330788,10.200127345330788
-10.038810510491134,10.038810510491134
-9.971333289102528,9.971333289102528
-10.099574849072482,10.099574849072482
-10.251746990512897,10.251746990512897
-9.969695461828664,9.969695461828664
-24.99999999999664,9.89430049741477
-9.65986524651453,9.65986524651453
-9.567169271992277,9.567169271992277
-9.751988770425065,9.751988770425065
-9.97274705908074,9.97274705908074
-10.112968426174092,10.112968426174092
-10.314225525192825,10.314225525192825
-10.167842898042649,10.167842898042649
-9.795277271092713,9.795277271092713
-9.761760824252134,9.761760824252134
9.907698492547565,-9.907698492547565
10.244401698099319,-10.244401698099319
9.710026310259295,-9.710026310259295
10.391570103652565,-10.391570103652565
9.67068816061558,-9.67068816061558
9.752074606459454,-9.752074606459454
9.878664453914684,-9.878664453914684
-9.27656001690869,9.27656001690869
-25.0,10.448338648603531
9.242624488253137,-9.242624488253137
9.709770695598056,-9.709770695598056
-24.999999999991807,9.743438617793446
-10.062224182313312,10.062224182313312
-10.247335270804104,10.247335270804104
9.794295363662537,-9.794295363662537
-10.027865982192456,10.027865982192456
-9.983204607920056,9.983204607920056
-10.0,10.0
-10.0,10.0
-9.995680406380387,9.995680406380387
9.994614209195912,-9.994614209195912
10.018379195470667,-10.018379195470667
25.0,-10.0
19.766118821248412,-10.0
25.0,-10.0
10.0,-10.0
10.0,-10.0
10.0,-10.0
10.0,-10.0
10.0,-10.0
10.0,-10.0
10.0,-10.0
10.0,-10.0
0.0,10.0
-10.0,10.0
-10.0,10.0
-10.0,10.0
-10.0,10.0
-25.0,9.999999999999991
-25.0,10.0
-25.0,0.0
-25.0,10.0
-25.0,0.0
10.0,-10.0
10.0,-10.0
10.0,-10.0
10.0,-10.0
0.0,0.0
10.0,-10.0
10.0,-10.0
10.0,-10.0
10.0,-10.0
10.0,-10.0
10.0,-10.0
10.0,-10.0
10.0,-10.0
10.0,-10.0
0.0,0.0
0.0,0.0
0.0,0.0
0.0,0.0
10.0,-10.0
1.0803324099722982,10.0
-10.0,10.0
25.0,-10.0
11.620498614958446,-10.0
-25.0,10.0
-10.0,10.0
-10.0,10.0
-10.0,10.0
9.63414699945373,-9.63414699945373
8.714975942673792,10.467849542130391
14.702648987080012,10.297351012880354
14.815886439835353,10.184113560164647
-10.00280797438976,10.00280797438976
14.881839756039852,10.118160243960148
-9.6422959987987,9.6422959987987
-9.449950068673877,9.449950068673877
-9.608049314518478,9.608049314518478
-10.37686563358455,10.37686563358455
0.0,0.0
-10.122304357208776,10.122304357208776
-24.999999999964285,10.038148436961157
-10.350272241606019,10.350272241606019
-9.971643182432576,9.971643182432576
-9.977649811398036,9.977649811398036
-14.964420332684119,9.926271895636308
-9.972359534631355,9.972359534631355
-9.905323485213634,9.905323485213634
-9.823387310061266,9.823387310061266
-9.832816650898085,9.832816650898085
-10.022791360572842,10.022791360572842
-9.810963175230427,9.810963175230427
10.052387120313139,-10.052387120313139
-9.987040021101524,9.987040021101524
10.132234829011086,-10.132234829011086
9.991064847508246,-9.991064847508246
-10.072767498155283,10.072767498155283
9.98240739983364,-9.98240739983364
10.29164496782209,-10.29164496782209
9.840285648184754,-9.840285648184754
9.586662887861483,-9.586662887861483
9.923970732537846,-9.923970732537846
-14.545606124037073,-10.454393875911995
-15.08806272210705,-9.91193727789295
9.70355452572511,-9.70355452572511
-10.247510729756756,10.247510729756756
-9.618709392613113,9.618709392613113
10.184014785610366,-10.184014785610366
9.816754898536253,-9.816754898536253
-10.191982547060112,10.191982547060112
-25.0,10.025909701653132
9.870588983231526,-9.870588983231526
-10.025909701653132,10.025909701653132
-10.009695882235889,10.009695882235889
-9.986358007261174,9.986358007261174
9.965535150775981,-9.965535150775981
-10.0,10.0
10.0,-10.0
-10.0,10.0
-10.0,10.0
-10.0,10.0
15.0,10.0
25.0,0.0
25.0,-5.845883325931446
10.0,-10.0
25.0,0.0
-10.0,10.0
-10.0,10.0
-10.000000000000004,10.000000000000004
-20.0,9.999999999999998
-10.000000000000004,10.000000000000004
-10.0,10.0
-25.0,10.0
-25.0,10.0
-25.0,10.0
-25.0,10.0
-25.0,10.0
-10.000000000000002,0.0
0.0,0.0
0.0,0.0
0.0,0.0
0.0,0.0
0.0,0.0
0.0,0.0
0.0,0.0
0.0,0.0
10.0,-10.0
0.0,0.0
0.0,0.0
0.0,0.0
0.0,0.0
0.0,0.0
0.0,0.0
0.0,0.0
0.0,0.0
0.0,0.0
0.0,0.0
0.0,0.0
10.0,-10.0
10.0,-10.0
25.0,0.0
25.0,0.0
-10.0,10.0
-10.0,10.0
14.943341481732205,10.056658518223522
14.651001867306126,10.348998132693874
-10.406446324682777,10.406446324682777
-4.918654660071891,10.181812554853014
-10.034320844089347,10.034320844089347
-10.000150844207496,10.000150844207496
-9.835917477640468,9.835917477640468
-9.841798508290902,9.841798508290902
-9.597275629907738,9.597275629907738
0.0,0.0
-10.188620267543854,10.188620267543854
-10.090380295035617,10.090380295035617
-19.506796244744177,9.935902572465556
-25.0,10.0546990129159
-10.148876921326021,10.148876921326021
-9.972771042678584,9.972771042678584
-25.0,9.89388457133636
-25.0,9.903238805643086
-9.930312500725819,9.930312500725819
-25.0,9.847519227524163
-10.013842322840231,10.013842322840231
-10.022557836067516,10.022557836067516
-25.0,9.994234469307608
-9.972777354151702,9.972777354151702
-9.892301022731301,9.892301022731301
-10.070929597183607,10.070929597183607
-10.12268241444849,10.12268241444849
10.256425685534536,-10.256425685534536
10.036124347532532,-10.036124347532532
10.294967327270886,-10.294967327270886
10.02837748764188,-10.06428172254946
9.48483231829698,-9.48483231829698
9.957317400751581,-9.957317400751581
9.51125025132286,-9.51125025132286
10.234888414670044,-10.234888414670044
9.694435709365651,-9.694435709365651
9.547824606867819,-9.547824606867819
10.334789566902675,-10.334789566902675
-9.743885470090133,9.743885470090133
-9.853310950829988,9.853310950829988
-10.08677817954091,10.08677817954091
-10.08677817954091,10.08677817954091
-9.930313368553374,9.930313368553374
9.972281055407816,-9.972281055407816
10.031458605823296,-10.031458605823296
9.99507620286453,-9.99507620286453
-9.965190887037059,9.989750091229977
9.992136942437682,-9.992136942437682
-9.996075969791296,9.996075969791296
-9.993941700779233,9.993941700779233
9.99126303022954,-9.99126303022954
-10.023352883214013,10.023352883214013
-10.029083268123193,10.029083268123193
-10.029083268123193,10.029083268123193
-10.0,10.0
-10.0,10.0
-10.0,10.0
10.0,-10.0
-10.0,10.0
10.0,-10.0
10.0,-10.0
10.0,-10.0
-10.0,10.0
10.0,-10.0
-10.0,10.0
-10.108942861325021,10.0
-10.0,10.0
-10.0,10.0
-10.0,0.0
0.0,0.0
0.0,0.0
0.0,0.0
0.0,0.0
0.0,10.0
-9.025,0.0
0.0,0.0
0.0,0.0
0.0,0.0
0.0,0.0
0.0,0.0
0.0,0.0
10.0,-10.0
0.0,0.0
10.0,-10.0
21.0803324099723,-10.000000000000002
10.0,-10.0
-10.0,10.0
-10.0,10.0
25.0,0.0
25.0,-10.0
24.182825484764543,-10.0
25.0,-10.0
-10.0,10.0
25.0,0.0
0.0,0.0
-25.0,10.0
-10.084449196652349,10.084449196652349
-10.346772125433889,10.346772125433889
-10.396015826422776,10.396015826422776
6.5484144915549045,10.072084123403538
-10.047747240851166,10.047747240851166
-9.865235532563617,9.865235532563617
-9.983813596044111,9.983813596044111
-9.790091764779778,9.790091764779778
-9.690284653496594,9.690284653496594
-25.0,9.707968138875838
6.041258108227827,10.90282151628648
-9.909898672076155,9.909898672076155
-9.755595777311434,9.755595777311434
-25.0,9.975192754913584
-10.30278282443168,10.30278282443168
-10.062967673846497,10.062967673846497
-25.000000000000004,9.8051471527531
-24.999999999999996,9.890672662667107
-19.202269560290265,9.692620529697196
-25.0,9.838636460259277
-9.792134157480442,9.792134157480442
-9.869869416126125,9.869869416126125
-25.0,10.16376316181981
-10.163763161819809,10.136511483195171
-9.956888851726934,9.833830904627986
-10.013453536096224,10.013453536096224
-10.013453536096224,9.368048606623654
10.032251627627932,-10.032251627627932
10.259770766286554,-10.259770766286554
9.998406984185266,-9.998406984185266
10.095837825839897,-10.095837825839897
-9.368048606623654,9.368048606623654
10.014970183086241,-10.014970183086241
10.141877497639257,-10.141877497639257
-9.368048606623654,9.368048606623654
-9.368048606623654,9.368048606623654
9.709390744916412,-9.709390744916412
-9.368048606623654,9.61620419060326
-9.592009021165246,9.592009021165246
-9.592009021165246,9.592009021165246
-9.592009021165246,9.958032490655738
-9.922345202380415,10.16266559664476
-9.987690970660134,9.987690970660134
9.911461974658854,-9.911461974658854
9.924735589393698,-9.924735589393698
24.99999999998743,-10.048955010263843
10.062778067085842,-10.062778067085842
25.0,-9.99569136778818
-9.998245488442352,9.998245488442352
15.0,10.0
10.0,-10.0
25.0,-10.0
-10.0,10.0
-10.0,10.0
17.45269695069175,-10.0
-10.0,10.0
-10.0,10.0
10.0,-10.0
10.0,-10.0
10.0,-10.0
-10.0,10.0
-10.0,10.0
-10.0,10.0
-10.0,10.0
-10.0,10.0
-25.0,0.0
-10.0,10.0
-25.0,10.0
-25.0,10.0
-25.0,0.0
0.0,10.0
-9.025,10.0
-9.904937499999999,9.904937499999999
6.7258310249307485,10.0
-25.0,10.0
-10.0,10.0
-10.0,10.0
-10.0,10.0
10.0,-10.0
-10.0,10.0
-10.0,10.0
-10.0,10.0
-10.0,10.0
-10.0,10.0
-10.0,10.0
-10.0,10.0
-10.0,10.0
10.0,-10.0
-10.0,10.0
15.0,10.0
15.0,10.0
25.0,-10.0
-10.0,10.0
-25.0,10.0
-10.0,10.0
-10.0,10.0
-10.077555381661849,10.077555381661849
-10.336101130463097,10.336101130463097
-10.277095838886169,10.277095838886169
10.711248385221316,10.092075714501677
-9.95944468276567,9.95944468276567
-9.933992720700349,9.933992720700349
15.005225268593575,9.994774731406425
-9.900182790359828,9.900182790359828
-9.782682095340407,9.782682095340407
-10.106362207262514,10.106362207262514
-10.133705402247351,10.133705402247351
-9.762402701068133,9.762402701068133
-9.806837996401148,9.806837996401148
-25.0,0.0
-10.209248686279492,10.209248686279492
-10.026491146114038,10.026491146114038
-25.0,9.499601796538103
-25.0,10.097282522036384
-9.93834069453066,9.93834069453066
-10.038564363039567,10.038564363039567
-9.644885596218609,9.644885596218609
-10.111984467515153,10.111984467515153
-9.76193060287898,9.76193060287898
-24.393592400622836,10.009932365244245
-25.0,9.849364702263575
-10.04059728853056,10.04059728853056
-10.062588985459477,10.062588985459477
-9.875681651719583,9.875681651719583
-10.062588985459477,10.062588985459477
-9.899631167609401,9.899631167609401
-10.062588985459477,10.062588985459477
-10.062588985459477,10.062588985459477
-10.062588985459477,0.0
9.88518736138112,-9.88518736138112
10.522666342913341,-10.522666342913341
9.375260095807153,-9.375260095807153
9.866234007610728,-9.866234007610728
24.233705524602506,-10.452542089699463
-9.593571110761708,9.593571110761708
-9.939447726915382,9.939447726915382
-10.20932805305394,10.20932805305394
14.995489269056684,10.004510730943316
-9.970482896993426,9.970482896993426
-10.023012617152302,10.023012617152302
-10.062565968305954,10.062565968305954
-9.987378690804315,9.987378690804315
-9.997346262234537,9.997346262234537
-9.999228205454557,9.999228205454557
9.998186625018393,-9.998186625018393
9.980994971043467,-9.980994971043467
9.979889625005466,-9.979889625005466
9.962548630728747,-9.962548630728747
9.93581521033669,-9.93581521033669
9.94152998544429,-9.94152998544429
9.999999999999996,-9.999999999999996
10.0,-10.0
-10.0,10.0
-10.0,10.0
-10.0,10.0
-10.0,10.0
-10.0,10.0
-10.0,10.0
-10.0,10.0
9.999999999999996,-9.999999999999996
9.999999999999998,-9.999999999999998
-15.0,-10.0
9.999999999999996,-9.999999999999996
-10.0,10.0
0.0,-10.0
9.999999999999998,-9.999999999999998
0.0,0.0
0.0,0.0
0.0,0.0
0.0,0.0
0.0,0.0
0.0,0.0
0.0,0.0
1.0803324099722982,10.0
-10.0,10.0
-10.0,10.0
-10.0,10.0
10.0,-10.0
10.0,-10.0
-10.0,10.0
-10.0,10.0
10.0,-10.0
-10.0,10.0
-10.0,10.0
-10.0,10.0
15.0,10.0
-10.078323372065487,10.078323372065487
-10.076441990961042,10.076441990961042
8.992945279543783,10.080225509534063
24.999999999967486,2.6759039428725373e-11
-10.079356429547525,10.079356429547525
-9.974625558110155,10.084280253802605
-10.133903355684657,10.133903355684657
-10.116508531445424,10.116508531445424
25.0,-9.710457936127083
9.710457936127082,0.0
0.0,0.0
-9.681804558216573,9.681804558216573
-9.499895911185355,9.499895911185355
-9.918614816450749,9.918614816450749
-9.642767465840539,9.642767465840539
-10.026308113393643,10.026308113393643
0.0,0.0
0.0,0.0
0.0,0.0
-4.554993178063336,-9.725784165190541
10.113545294816987,-10.113545294816987
-10.20905113717093,10.20905113717093
-25.0,9.914233391812921
-24.999999999996618,-3.3857361358968774e-12
-24.999999999991612,10.118239768521422
-10.246957213564395,10.246957213564395
-25.0,9.831284225225275
-9.99151169980493,9.99151169980493
-9.79609839374524,9.79609839374524
-9.870776374813042,9.870776374813042
-9.434930024950013,9.434930024950013
-10.277516735249657,10.277516735249657
-10.01423868335198,10.01423868335198
9.941158767277404,-9.941158767277404
10.076150447746002,-10.076150447746002
-9.966823110413113,9.966823110413113
10.122666004618385,-10.122666004618385
-10.15806895077364,10.15806895077364
-10.224588090543081,10.224588090543081
-9.899417208670732,9.899417208670732
-9.496457420631206,9.496457420631206
-10.582980042314137,10.582980042314137
-9.758438464803337,9.758438464803337
-9.764821888713882,9.764821888713882
-9.655827481587918,9.655827481587918
-9.540252417016498,9.540252417016498
-10.582980042314137,10.582980042314137
-9.96000151248142,9.96000151248142
-9.891564000458061,9.891564000458061
-10.023785989566024,10.023785989566024
-10.061613438810799,10.061613438810799
10.011169291936927,-10.011169291936927
-9.966778171984897,9.966778171984897
-9.977192905121909,9.977192905121909
-9.988463549208877,9.988463549208877
-9.98903884984517,9.98903884984517
-9.997876172038191,9.997876172038191
-10.016541620319547,10.016541620319547
-10.022994234370493,10.022994234370493
-10.022835750445294,10.022835750445294
-10.0,10.0
-10.0,10.0
-10.0,10.0
-10.0,10.0
15.0,10.0
25.0,0.0
-10.0,10.0
-10.0,10.0
-10.0,10.0
-10.0,10.0
-10.0,10.0
-25.0,10.0
-10.0,10.0
-10.707980042314137,10.0
-25.0,10.0
-25.0,0.0
10.000000000000002,-10.000000000000002
10.0,-10.0
0.0,0.0
0.0,10.0
-9.025,9.025
-9.025,0.0
10.0,-10.0
25.0,-10.0
6.462499999999999,-10.0
-10.0,10.0
-10.0,10.0
-10.0,10.0
-10.0,10.0
-10.0,10.0
-10.0,10.0
25.0,0.0
-10.0,10.0
10.0,-10.0
25.0,-10.0
-5.817820808798428,10.0
14.98233460704796,10.017665392900547
25.0,-9.981903744278902
-10.017449962106625,10.017449962106625
9.982550037893375,-9.982550037893375
-10.017665392900547,10.017665392900547
-10.027359816840987,10.027359816840987
-10.164589757702926,10.164589757702926
-23.87823217970884,10.324983588907601
-10.238935567912915,10.238935567912915
-10.056704641285659,10.056704641285659
-9.997574185307476,9.997574185307476
-9.816025292243928,9.816025292243928
15.206180363623659,9.793819636376341
-9.99819681213047,9.99819681213047
-10.436219357924244,10.436219357924244
-10.467478821978187,10.467478821978187
-9.74620682990257,9.74620682990257
0.0,0.0
-10.233495472553123,10.233495472553123
-25.0,0.0
-9.607353159033673,9.607353159033673
-9.901939273328292,9.901939273328292
-25.0,0.0
-25.0,0.0
-16.417397274684586,9.979795712257818
-10.095255908018508,10.095255908018508
-9.980091720347009,9.980091720347009
-9.932195844303937,9.932195844303937
-9.422742570361057,9.422742570361057
9.862660451531877,-9.862660451531877
10.189010316582483,-10.189010316582483
-10.063815935833425,10.063815935833425
-9.9190111769625,9.9190111769625
-10.124065258208423,10.124065258208423
-9.71276990762326,9.71276990762326
-9.352876456397667,9.352876456397667
-10.356492829510145,10.356492829510145
-10.32134297342688,10.32134297342688
-10.085620182010768,10.085620182010768
10.350960192175773,-10.350960192175773
10.139700670561199,-10.139700670561199
-10.20960654680523,10.20960654680523
-10.389758710867984,10.389758710867984
-9.339693682498165,9.339693682498165
-9.851865623486193,9.851865623486193
10.277869231023242,-10.277869231023242
24.9999999999763,-9.625926246548762
25.0,-4.60893545550789e-11
10.100058268466539,-10.100058268466539
9.995904988039884,-9.995904988039884
9.973501911265535,-9.973501911265535
9.99626499717844,-9.99626499717844
-9.951975784095763,9.951975784095763
-9.98581697595157,9.98581697595157
9.989364928652174,-9.989364928652174
9.987218866307433,-9.987218866307433
9.983149828771154,-9.983149828771154
9.979900964701013,-9.979900964701013
-10.030591291076897,10.030591291076897
-10.032745606412364,10.032745606412364
10.0,-10.0
10.0,-10.0
-10.0,10.0
-10.0,10.0
10.0,-10.0
-10.0,10.0
10.0,-10.0
-10.0,10.0
10.0,-10.0
10.0,-10.0
10.0,-10.0
10.0,-10.0
10.0,-10.0
10.0,-10.0
-15.0,-10.0
-15.0,-10.0
10.000000000000004,-10.000000000000004
0.0,0.0
0.0,0.0
15.0,10.0
10.0,-10.0
10.0,-10.0
10.0,-10.0
-22.5625,10.0
-10.000000000000002,10.000000000000002
10.0,-10.0
10.0,-10.0
-10.0,10.0
-10.0,10.0
-10.0,10.0
10.0,-10.0
25.0,-10.0
10.0,-10.0
-10.0,10.0
-10.0,10.0
-10.0,10.0
-10.0,10.02843697327601
-10.02800610922275,10.02800610922275
25.0,-9.969624142182443
14.969624142162502,10.030375857817557
4.09083618322529,10.033176470465625
14.952389614567867,10.047610385432133
-10.161070443311592,10.161070443311592
0.0,0.0
0.0,0.0
-10.259564065541973,10.259564065541973
-9.777244761250099,9.777244761250099
-10.18557750635414,10.18557750635414
-9.663411032111664,9.663411032111664
-9.855661027845109,9.855661027845109
-17.618227151861145,9.897922020689311
-25.0,10.157805131197348
24.99999999997172,0.0
-10.145700988053544,10.145700988053544
-9.928493534173496,9.928493534173496
-25.0,10.106984518511855
-9.938859497620877,9.938859497620877
-9.88795304890099,9.88795304890099
-19.011047072380286,9.850430710073041
-25.0,9.603735422643004
-9.907928861316336,9.907928861316336
-10.07176460507699,10.07176460507699
-25.0,9.794824107322912
-25.0,9.655072313829468
-10.07598256256109,10.07598256256109
-9.747979091553823,9.747979091553823
-10.337523697056962,10.337523697056962
-9.879134027514592,9.879134027514592
-9.647789504999746,9.647789504999746
-10.263825256616926,10.263825256616926
-25.0,10.108864706353412
-9.923059355819749,9.923059355819749
-10.108864706353412,10.108864706353412
-9.724480845991875,9.724480845991875
10.360995434431823,-10.360995434431823
-10.108864706353412,10.108864706353412
10.245666517311967,-10.245666517311967
9.728204615130913,-9.728204615130913
12.86481890159331,-10.795574440492956
25.0,-10.569371559552888
9.34776542546751,-9.34776542546751
-10.397571999013188,10.397571999013188
9.94856449204608,-9.94856449204608
-9.811790609356068,9.811790609356068
-25.0,0.0
9.876773122378404,-9.876773122378404
9.964035184812177,-9.964035184812177
10.104893162586148,-10.104893162586148
10.044041210403176,-10.044041210403176
9.995681097160025,-9.995681097160025
0.0,0.0
25.0,-10.006248777507103
-9.99833579767168,9.99833579767168
9.983337210490992,-9.983337210490992
-10.035596424856744,10.035596424856744
-10.021629720077675,10.021629720077675
-10.0,10.0
-10.0,10.0
-10.0,10.0
-10.0,10.0
-10.0,10.0
10.0,-10.0
10.0,-10.0
10.0,-10.0
-10.0,10.0
-10.000000000000004,10.000000000000004
-10.0,10.0
-10.0,10.0
-10.0,10.0
-10.0,10.0
-13.53186047829984,10.0
-10.0,0.0
0.0,0.0
0.0,0.0
0.0,10.0
-8.919667590027704,10.000000000000004
-10.000000000000002,10.000000000000002
-10.0,10.0
25.0,0.0
25.0,-10.0
10.0,-10.0
10.0,-10.0
10.0,-10.0
10.0,-10.0
10.0,-10.0
10.0,-10.0
10.0,-10.0
25.0,-10.0
10.0,-10.0
10.0,-10.0
24.182825484764543,-10.0
25.0,-10.0
9.976948816295366,-9.976948816295366
9.997414820611278,-9.975656226601002
9.97500993175382,-9.97500993175382
9.977164249554706,-9.977164249554706
9.978241405989731,-9.978241405989731
9.96553094230543,-9.96553094230543
9.828591540000215,-9.828591540000215
-10.332751237212829,10.332751237212829
9.645487710753972,-9.645487710753972
-10.058538597586633,10.058538597586633
9.96999620352269,-9.96999620352269
9.978241405989724,-9.978241405989724
-10.614208580149802,10.614208580149802
-10.080607610061236,10.080607610061236
-9.531172416216707,9.531172416216707
-25.0,9.742868691770978
25.0,-8.056075373965495
9.939725431732532,-9.939725431732532
9.939725431732532,-9.939725431732532
9.939725431732532,-9.939725431732532
-10.137790187648678,10.137790187648678
-9.941898471926718,9.941898471926718
-9.706914122865298,9.706914122865298
-10.025139859719683,10.025139859719683
-9.941084923041936,9.941084923041936
-10.930773456640333,9.839634935306393
-25.0,9.66813958777093
-25.0,9.991847470174756
-10.064288665169887,10.064288665169887
-9.845474941381562,9.845474941381562
-9.917267316940265,9.917267316940265
-9.982190916305726,9.982190916305726
-9.904253059372987,9.904253059372987
-10.045707688313403,10.045707688313403
-25.0,10.07137581833298
-25.0,10.330377847193883
-10.035750077176694,10.035750077176694
-25.0,9.99933603302809
-9.99933603302809,9.99933603302809
9.963892062297571,-9.963892062297571
10.693334256323162,-10.693334256323162
9.27323481729699,-9.27323481729699
11.390389343016619,-9.688390580414177
25.0,-10.080764450168195
9.78971591655566,-9.78971591655566
10.007350341592074,-10.007350341592074
9.833134275782696,-9.833134275782696
10.007852734852188,-10.007852734852188
-14.988187131340544,-10.011812868659456
9.859386917244647,-9.859386917244647
9.985561903682553,-9.985561903682553
10.042476874809836,-10.042476874809836
9.996573856265137,-9.996573856265137
9.985890677192728,-9.985890677192728
9.996550193171787,-9.996550193171787
9.992446207085834,-9.992446207085834
9.978509616477593,-9.978509616477593
9.975926542556849,-9.975926542556849
9.994905743781986,-9.994905743781986
25.0,-9.964669214198906
22.665500239129656,-10.000000000000002
10.0,-10.0
-10.0,10.0
-10.000000000000004,10.000000000000004
-10.0,10.0
-10.0,10.0
-10.0,10.0
-10.0,10.0
-10.0,10.0
-10.0,10.0
-10.0,10.0
-25.0,10.0
-10.0,10.0
-10.0,10.0
-10.0,10.0
-10.0,0.0
0.0,0.0
0.0,10.0
-9.025000000000002,10.0
-9.904937499999999,10.0
-9.99073140625,0.0
10.0,-10.0
0.0,10.0
-9.025,10.0
-9.9049375,10.0
-9.99073140625,0.0
0.0,0.0
0.0,10.0
-9.025,9.025
-9.025,9.025
10.0,-10.0
10.0,-10.0
11.109215761419614,-10.0
10.0,-10.0
-10.0,10.0
-10.0,10.0
-10.025636363093362,10.025636363093362
-10.026067224681203,10.026067224681203
-10.022620319651372,10.022620319651372
-10.023266614498555,10.023266614498555
9.131106382871938,10.022835750445292
14.958421701451845,10.041578298548155
14.801847169448838,10.198152830551162
14.752397517202803,10.247602482797197
-10.011808450628275,10.011808450628275
-9.953260228045137,9.953260228045137
-9.993388100762619,9.993388100762619
-10.188229587357906,10.188229587357906
-10.092882162979201,10.092882162979201
-9.652810913011642,9.652810913011642
0.0,0.0
0.0,0.0
0.0,0.0
-9.537659348286372,9.537659348286372
-25.0,0.0
-25.0,0.0
-9.786186856362283,9.786186856362283
-10.083164387820938,10.083164387820938
-25.0,9.936279998557959
-25.0,10.371084324209367
-14.971012035120891,9.83441092900744
-10.034734561152165,10.034734561152165
-9.916087071467384,9.916087071467384
-9.86830795767698,9.86830795767698
-9.823875818080523,9.823875818080523
-9.779278317888402,9.779278317888402
-10.170763216653887,10.170763216653887
-9.85594693757731,9.85594693757731
-10.101118635396901,10.04786116294093
-9.884060132282418,9.884060132282418
-10.088933705397197,10.088933705397197
-9.841489246108168,9.841489246108168
9.765922609625491,-9.765922609625491
-9.87117273532479,9.87117273532479
6.53449596222245,-6.53449596222245
-10.117505744197915,10.117505744197915
-9.994170723429127,9.994170723429127
-10.117505744197915,10.117505744197915
-9.797112647475146,9.797112647475146
10.119270116507774,-10.119270116507774
-10.098104591409871,10.098104591409871
9.963456886226155,-9.963456886226155
-10.033775690598864,10.033775690598864
-10.074557905291751,10.074557905291751
-10.117505744197915,10.117505744197915
-9.95588939051215,9.95588939051215
-9.98387016262192,9.98387016262192
-10.078841985318428,10.078841985318428
-9.9727625123282,9.9727625123282
10.037467961542376,-10.037467961542376
-9.995447347068842,9.995447347068842
-10.009873007811912,10.009873007811912
-10.008917407637162,10.008917407637162
-10.01523525509548,10.01523525509548
-10.019791557463389,10.019791557463389
-10.026067224681203,10.026067224681203
-10.0,10.0
-10.000000000000004,10.000000000000004
-10.0,10.0
-10.0,10.0
-10.0,10.0
-10.0,10.0
-10.0,10.0
-10.0,10.0
-10.0,10.0
-10.0,10.0
10.0,-10.0
-10.0,10.0
-10.0,10.0
-10.0,10.0
10.0,-10.0
-10.117505744197915,0.0
0.0,0.0
0.0,0.0
10.0,-10.0
10.0,-10.0
10.0,-10.0
0.0,0.0
0.0,0.0
0.0,10.0
-9.025,9.025
-9.025,9.025
10.0,-10.0
10.0,-10.0
9.999999999999996,-9.999999999999996
10.0,-10.0
10.0,-10.0
10.0,-10.0
-9.024999999999999,9.024999999999999
-9.024999999999999,10.0
-9.9049375,10.0
-9.9897300900277,10.0
-10.0,10.016372803206183
-10.01292589817635,10.01292589817635
25.0,-9.988151261956801
14.988797556803984,10.011202443196016
9.986212377415256,-9.986212377415256
9.960791447581235,-9.960791447581235
-10.185502439270754,10.185502439270754
25.0,-9.83491561017656
-10.078974200818553,10.078974200818553
-10.084229291122604,10.084229291122604
-9.9658839632133,9.9658839632133
3.7575735477888292,10.231946005902895
15.038934846511538,9.961065153488462
-9.952766828634214,9.952766828634214
-10.176489616212953,10.176489616212953
-9.701053920076149,9.701053920076149
0.0,0.0
-9.98476347274822,9.98476347274822
0.0,0.0
-9.81529032119945,9.81529032119945
-9.831264028511299,9.831264028511299
-9.948392977764124,9.948392977764124
-19.066272462154142,9.853058807478968
-25.0,9.704917172771072
-25.0,9.806890381628019
-25.0,9.830288905914719
-25.0,9.87111719436136
-25.0,10.064684394534325
-10.064684394534325,9.959520104869416
-9.959520104869416,9.926596936501834
-9.873470742686694,9.85858892022409
-9.893929382795491,9.893929382795491
10.281136365082265,-10.281136365082265
10.113826155370694,-10.113826155370694
-9.81831951272196,9.81831951272196
-9.911715114039229,9.911715114039229
-9.911715114039229,9.911715114039229
-9.911715114039229,9.83395618736936
10.151847416148545,-10.151847416148545
10.205332101636731,-10.205332101636731
10.151446006458304,-10.151446006458304
-9.83395618736936,9.83395618736936
-9.83395618736936,9.83395618736936
-9.83395618736936,9.83395618736936
-9.83395618736936,9.83395618736936
-9.83395618736936,9.83395618736936
-9.83395618736936,9.83395618736936
25.0,-8.195519321184886
10.107203368842185,-10.107203368842185
-10.066740258285424,10.066740258285424
9.96563665948014,-9.96563665948014
9.987695536616465,-9.987695536616465
-10.005490846013744,10.005490846013744
-10.010276890317595,10.010276890317595
-10.017201409638647,10.017201409638647
-10.007967347259322,10.007967347259322
9.989288199876256,-9.989288199876256
9.96662983510871,-9.96662983510871
-10.04782581869147,10.04782581869147
-10.047825818691473,10.047825818691473
10.0,-10.0
9.999999999979183,-9.999999999979183
9.999999999999996,-9.999999999999996
-10.0,10.0
-10.0,10.0
-10.0,10.0
-10.0,10.0
10.0,-10.0
-10.0,10.0
-10.0,10.0
9.999999999979183,-9.999999999979183
-25.0,10.0
-10.0,10.0
-10.0,10.0
-10.000000000000002,10.000000000000002
-10.0,0.0
0.0,0.0
0.0,0.0
10.0,-10.0
10.0,-10.0
0.0,0.0
10.0,-10.0
10.0,-10.0
25.0,-10.0
25.0,-10.0
10.0,-10.0
25.0,0.0
15.0,10.0
-10.0,10.0
-10.0,10.0
10.263157894736842,-10.0
-10.0,10.0
-10.0,10.0
-10.0,10.0
25.0,-10.0
10.0,-10.0
9.998707410305634,-9.993752482938454
9.994183346375362,-9.994183346375362
9.99504507263282,-9.99504507263282
9.99504507263282,-9.99504507263282
9.99504507263282,-9.992890756680998
9.969839575441783,-9.969839575441783
9.980615247180394,-9.92608711739913
9.80177086965586,-9.80177086965586
9.720926303225788,-9.720926303225788
9.93836262689974,-9.93836262689974
9.938362626899735,-9.938362626899735
9.387261677512807,-9.387261677512807
9.427121470409643,-9.427121470409643
9.938362626899735,-9.938362626899735
9.938362626899735,-9.938362626899735
-22.595877739043644,9.002750009820653
25.0,-9.251181583505183
9.251181583505181,-9.251181583505181
-9.734357039125378,9.734357039125378
-25.0,10.009840217736732
-10.002328933580175,10.002328933580175
-9.702888665311264,9.702888665311264
-25.0,10.006878874550232
-25.0,10.129769567611575
-10.440088290944974,10.440088290944974
-11.741020399589964,10.110739213869161
-25.0,9.83298390493568
-9.993940985807667,9.993940985807667
-9.664169040033016,9.664169040033016
-10.640155046133842,10.640155046133842
-9.667581653547384,9.667581653547384
-9.651217897196908,9.651217897196908
-25.0,10.103407175549131
-10.103407175549131,9.775492065165505
-9.775492065165505,9.775492065165505
-9.775492065165505,9.775492065165505
-9.775492065165505,9.775492065165505
-9.775492065165505,9.775492065165505
9.759300612031122,-9.759300612031122
9.513219430935367,-9.513219430935367
-9.775492065165505,9.775492065165505
-9.775492065165505,9.775492065165505
-9.775492065165505,10.005154858079212
-9.982762735770127,9.982762735770127
-9.982762735770127,9.982762735770127
9.501445693409236,-9.501445693409236
-9.982762735770127,10.243684714753226
14.982104291337194,10.017895708662806
-10.030535143620348,10.030535143620348
-10.074406804680658,10.074406804680658
-10.028509210058171,10.028509210058171
10.002594059828636,-10.002594059828636
-9.970767386644177,9.970767386644177
10.018116225616508,-10.018116225616508
9.998730348565745,-9.998730348565745
25.0,-9.999925356968715
9.995502636559515,-9.995502636559515
23.875214232850695,-9.984123464719962
25.0,-9.970464850124982
25.0,-9.979697593505042
10.0,-10.0
10.0,-10.0
10.0,-10.0
10.0,-10.0
-10.0,10.0
-10.0,10.0
-10.0,10.0
-10.0,10.0
-10.0,10.0
10.0,-10.0
-10.975000000000014,10.0
-25.0,10.0
-25.0,10.0
-25.0,10.0
-25.0,10.0
-25.0,0.0
0.0,0.0
0.0,0.0
0.0,0.0
1.0803324099722982,10.0
-10.0,10.0
-10.0,10.0
-10.0,10.0
-10.0,10.0
-10.0,10.0
-10.0,10.0
-10.0,10.0
-10.0,10.0
-10.0,10.0
-10.0,10.0
-10.0,10.0
-10.0,10.0
-10.0,10.0
-10.0,10.0
15.0,10.0
25.0,-10.0
25.0,-9.975225362547741
25.0,-9.977164249554706
24.135215096866983,3.552713678800501e-15
-10.022189455598111,10.022189455598111
0.0,-8.965505327842658
9.93407792558743,-9.93407792558743
9.934077925587433,-9.712773280316709
9.712773280316707,0.0
-10.310593903561298,10.310593903561298
-10.159818491121676,10.159818491121676
-24.999999999997215,10.326062693023783
1.8401171965842424,-9.919537553820454
24.999999999953594,-10.051111571596191
10.26258820788599,-10.26258820788599
10.262588207885983,-10.262588207885983
10.262588207885983,-10.262588207885983
10.262588207885983,0.0
-10.099352685218763,10.099352685218763
-9.722232068120285,9.722232068120285
-25.0,9.964974479937139
9.678279600480721,-9.678279600480721
-9.984000415648374,9.984000415648374
10.038990387474968,-10.038990387474968
-24.99999999994558,9.990465257562128
-10.252072662525736,10.252072662525736
-9.750155287484569,9.750155287484569
-25.0,9.858824969318665
-9.859683329662579,9.859683329662579
-24.999999999968438,9.859997641023806
-25.0,9.826447112228395
-19.328385416200394,9.908426836545267
-10.01688382173532,10.01688382173532
-10.068344417794881,10.068344417794881
-9.923368618002481,9.923368618002481
-10.080750880500995,10.080750880500995
-9.848444489483118,9.848444489483118
-9.794733222110029,9.794733222110029
-10.080750880500995,10.080750880500995
-10.080750880500995,10.080750880500995
-10.080750880500995,10.080750880500995
-9.736694177620606,9.736694177620606
9.562047511557822,-9.562047511557822
9.283524727493312,-9.283524727493312
10.150346625642023,-9.926557174221196
-9.787651118125432,9.787651118125432
9.823467150196198,-9.823467150196198
-10.28272086040829,10.28272086040829
14.80007951316977,10.199920486799378
-10.19175975205908,10.19175975205908
9.893936798776403,-9.893936798776403
-9.989884355493444,9.989884355493444
-9.969034172301992,9.969034172301992
-9.994606930045764,9.994606930045764
-10.0323171449101,10.0323171449101
-10.014403809732823,10.014403809732823
25.0,-10.007082932365446
15.638744411697033,-10.00309733570882
9.98596514024841,-9.98596514024841
9.972423827832896,-9.972423827832896
9.96279250506382,-9.96279250506382
25.0,-10.0
10.0,-10.0
10.0,-10.0
10.0,-10.0
10.0,-10.0
10.0,-10.0
-10.0,10.0
10.0,-10.0
-10.0,10.0
-10.0,10.0
-10.0,10.0
-25.0,0.0
-10.0,10.0
-25.0,10.0
-25.0,0.0
10.0,-10.0
0.0,0.0
0.0,0.0
0.0,0.0
0.0,0.0
0.0,0.0
0.0,0.0
0.0,0.0
10.0,-10.0
0.0,0.0
10.0,-10.0
10.0,-10.0
0.0,0.0
0.0,0.0
10.0,-10.0
0.0,0.0
15.0,10.0
-22.5625,0.0
0.0,0.0
10.0,-10.0
21.103248127545516,-10.0
9.980180290531276,-9.980180290531276
-10.020681435109829,10.020681435109829
-10.0,10.024559204192919
-10.027359816840987,10.027359816840987
9.965961803893272,-9.965961803893272
-10.042846116893939,10.054288767163294
14.85303263951972,10.14696736048028
25.0,-2.6258106800014502e-11
14.974770675148882,10.025229324851118
9.04998478387231,10.073923128883008
-9.50366228276793,9.50366228276793
-10.220923333677687,10.220923333677687
-9.810884281816463,9.810884281816463
-10.168906381262863,10.168906381262863
-10.430267007627592,10.430267007627592
-9.983588907601144,9.983588907601144
-9.984489554814939,9.984489554814939
-9.729964253835936,9.729964253835936
-9.735755661568106,9.735755661568106
-25.0,9.838561353729187
-3.6274454664868463,10.0101135045227
10.416709963372249,-10.416709963372249
-10.347601857330211,10.347601857330211
-25.0,10.018547526048964
-25.0,10.15324193613375
-25.0,9.777547080812408
-25.0,10.503203653262409
-9.296066255724128,9.296066255724128
-25.0,10.314747484019607
-11.091854144557582,9.796032754424822
-10.070385548200923,10.070385548200923
10.008973021330455,-10.008973021330455
-9.93980306285187,9.93980306285187
-9.932573901543645,9.932573901543645
-9.474367895868973,9.474367895868973
-10.070385548200925,10.070385548200925
-10.070385548200925,10.070385548200925
-9.495167986673401,9.495167986673401
-10.070385548200925,10.070385548200925
-10.070385548200925,10.070385548200925
10.056889725234814,-10.056889725234814
-10.059223707993485,10.059223707993485
10.021038664488248,-10.021038664488248
-10.070385548200925,10.070385548200925
-10.070385548200925,10.070385548200925
-10.070385548200925,10.070385548200925
18.309475850435373,-10.146468147610916
15.072249799572859,9.927750200427141
-9.971894457956047,9.971894457956047
-10.165716681089645,10.165716681089645
-10.052801636171774,10.052801636171774
-9.961230376020653,9.961230376020653
-9.985866511153862,9.985866511153862
-10.036160224312532,10.036160224312532
-10.025564183015844,10.025564183015844
-10.004250555256581,10.004250555256581
-10.011756085124755,10.011756085124755
-10.02971915397057,10.02971915397057
-10.043772329321294,10.043772329321294
-10.010427236510418,10.010427236510418
-10.0,10.0
-10.0,10.0
-10.0,10.0
-10.0,10.0
-10.0,10.0
-10.0,10.0
-10.0,10.0
-10.0,10.0
10.0,-10.0
-10.0,10.0
-10.0,10.0
-25.0,10.0
-10.0,10.0
-10.0,10.0
-25.0,10.0
0.0,-10.0
0.0,0.0
0.0,0.0
0.0,0.0
10.0,-10.0
10.0,-10.0
10.0,-10.0
10.0,-10.0
1.0803324099722982,10.0
-10.0,10.0
-9.999999999999998,9.999999999999998
-10.0,10.0
-10.0,10.0
10.0,-10.0
-10.0,10.0
-10.0,10.0
-10.0,10.0
-10.0,10.0
-10.0,10.0
-10.0,10.0
-10.0,10.0
14.993537050911824,10.006462949088176
-10.006247517061546,10.006247517061546
25.0,0.0
14.994183346375362,10.005816653624638
9.174208220340901,10.008617264423641
-10.03425362690065,10.03425362690065
-10.152830800364816,10.152830800364816
-10.101635584491893,10.101635584491893
-10.01568330065505,10.01568330065505
-10.121400869832076,10.121400869832076
-9.983244301168956,9.983244301168956
-10.373119458715948,10.373119458715948
-9.602749570542123,9.602749570542123
-10.259636963056472,10.259636963056472
-18.162041347756784,10.083105375547294
-25.0,10.516435972225882
15.770212416901394,9.229787583080444
-10.442207052470355,10.442207052470355
-9.934651638493763,9.934651638493763
-25.0,9.56586153476243
-10.385199933835565,10.385199933835565
-9.973839575077296,9.973839575077296
-25.0,9.668171145136515
-25.0,9.82645405484882
-25.0,10.330554568441158
-25.0,9.638749582054249
-18.764244489907256,9.811863822444224
-10.077410217780159,10.077410217780159
-9.924281888162513,9.924281888162513
-9.498940354155438,9.498940354155438
-10.077410217780159,10.077410217780159
-9.980083515431954,9.980083515431954
10.111456828362568,-10.111456828362568
-10.077410217780159,10.077410217780159
-9.792978632583498,9.792978632583498
-10.077410217780159,10.077410217780159
9.430128256202588,-9.430128256202588
11.044766546688088,-11.044766546688088
9.429637223594085,-9.429637223594085
-9.9374690800932,9.9374690800932
-9.681757222168194,9.681757222168194
9.966690569477656,-9.966690569477656
9.97886035194188,-9.97886035194188
9.938664788675219,-9.938664788675219
9.695993380930929,-9.695993380930929
10.274209207762688,-10.274209207762688
9.762089020854217,-9.762089020854217
-9.91363159285121,9.91363159285121
-9.99886180471676,9.99886180471676
-10.059981752896134,10.010113662309529
9.970029738154462,-9.970029738154462
9.988787907153288,-9.988787907153288
-9.943417377240712,9.943417377240712
-9.950345636602666,9.950345636602666
-9.982362021328095,9.982362021328095
-9.986010723383748,9.986010723383748
-9.97991661148388,9.97991661148388
-9.990176993354602,9.990176993354602
-10.009277633732605,10.009277633732605
-10.027542127193556,10.027542127193556
-10.0,10.0
-10.0,10.0
-10.0,10.0
-10.0,10.0
-10.0,10.0
-10.0,10.0
-10.0,10.0
-10.0,10.0
-10.0,10.0
-10.0,10.0
-10.0,10.0
-10.0,10.0
-10.0,10.0
-10.027542127193556,10.0
-10.0,10.0
-10.0,0.0
0.0,0.0
0.0,0.0
10.0,-10.0
10.0,-10.0
10.0,-10.0
10.0,-10.0
10.0,-10.0
25.0,-10.0
-13.537500000000001,10.0
-10.0,10.0
-10.0,10.0
-10.0,10.0
-10.0,10.0
-10.0,10.0
-10.0,10.0
-10.0,10.0
-10.0,10.0
-10.0,10.0
-10.0,10.0
-10.0,10.0
-10.0,10.045025206043405
-10.040635248454166,10.046102367409267
-10.04373261634904,10.04373261634904
9.086877087203959,10.045456072562086
14.959067993833608,10.040932006166392
9.943987781554501,-9.943987781554501
14.842617288795198,10.157382711204802
25.0,0.0
-10.054113387104053,10.054113387104053
-10.334902384484641,10.334902384484641
-10.034589081696819,10.034589081696819
-9.647085460173544,9.647085460173544
-10.235939274944027,10.235939274944027
-9.97683563136594,9.97683563136594
-9.482851146885551,9.482851146885551
-10.159736441971155,10.159736441971155
-9.989327930106443,9.989327930106443
-9.729754081781142,9.729754081781142
0.0,0.0
-10.058328109958182,10.058328109958182
0.0,0.0
-9.872535382370753,9.872535382370753
-4.512528955776364,-9.970378994367236
-25.0,0.0
-25.0,9.98274127676153
-25.0,9.94919769058654
-25.0,9.686673228579036
-10.018668075185497,10.018668075185497
-10.135704245783508,10.135704245783508
-9.889166745181392,9.889166745181392
-10.135704245783508,10.135704245783508
-10.11742685078395,10.11742685078395
-9.903186420416214,9.903186420416214
9.846722088469484,-9.846722088469484
9.839400148506437,-9.839400148506437
-10.135704245783508,10.135704245783508
10.46807778077699,-10.46807778077699
9.824347285122364,-9.824347285122364
-10.092436572977139,10.092436572977139
-10.018001583624343,10.018001583624343
-10.077354676816729,10.077354676816729
-10.003975596916407,10.003975596916407
-10.135704245783504,10.135704245783504
15.168710725596235,9.831289274403765
-9.954614196815562,9.954614196815562
9.28507706542673,9.747383604065234
15.05153065341116,9.94846934658884
14.976490235999611,10.023509764000389
-10.012100356259937,10.012100356259937
-9.980341339108785,9.980341339108785
-10.009047467128207,10.009047467128207
-10.041813849628054,10.041813849628054
-9.976076987366438,9.976076987366438
-25.0,9.957268802408578
-9.995932773314115,9.995932773314115
-10.00389807427551,10.00389807427551
-9.996868922564198,9.996868922564198
-25.0,10.009347173346173
-20.010756074121492,10.014807968365457
-25.0,10.029332130001281
-10.0,10.0
-10.0,10.0
-25.0,10.0
-10.0,10.0
-10.0,10.0
-10.0,10.0
-10.0,10.0
-25.0,10.0
-10.0,10.0
-10.0,10.0
-10.0,10.0
-10.0,10.0
-10.0,10.0
-10.0,10.0
-10.0,10.0
-10.0,0.0
0.0,0.0
0.0,0.0
0.0,0.0
1.0803324099722982,10.0
-10.0,10.0
-10.0,10.0
-10.0,10.0
-10.0,10.0
-10.0,10.0
-10.0,10.0
-10.0,10.0
-10.0,10.0
-10.0,10.0
-10.0,10.0
-10.0,10.0
-10.0,10.0
-10.0,10.0
-10.0,10.0
-10.0,10.0
-10.0,10.0
-10.000000000000005,10.042009165066835
14.95325133774355,10.04674866225645
14.949373573591297,10.050626426408703
9.044949253986275,10.050626426408702
-10.0,10.045240639302746
-10.045886934149927,10.045886934149927
25.0,-9.8900305405419
-0.2372856785756816,10.127316219117583
-25.0,10.063661699209128
6.540769042263862,10.00919029379251
-9.947181963859798,9.947181963859798
-9.598826674426244,9.598826674426244
-10.094777813929896,10.094777813929896
-10.544901031557265,10.544901031557265
-9.548718942629314,9.548718942629314
-9.778805904125594,9.778805904125594
-10.251112687464637,10.251112687464637
-9.970437691067225,9.970437691067225
-9.685633097809353,9.685633097809353
-9.552837178838166,9.552837178838166
-10.104410068627423,10.104410068627423
-10.279039693712793,10.279039693712793
-25.0,9.874632684887537
-25.0,9.775243393124695
-25.0,9.809040069371676
-25.0,10.217439084943441
-25.0,10.3273148892902
-19.229702062619715,9.435260746141338
-9.64399946539298,9.64399946539298
-10.003949719876626,10.003949719876626
-9.857154953531904,9.857154953531904
-9.915326538956784,9.915326538956784
10.536409575625637,-10.536409575625637
-9.608269584930264,9.608269584930264
-10.010008102921645,10.010008102921645
-9.756731526898843,9.756731526898843
-9.812002359279143,9.812002359279143
-9.838273550555051,9.838273550555051
-10.062693440339563,10.062693440339563
9.993450584346476,-9.993450584346476
-9.794096078898866,9.794096078898866
-10.209228805139174,10.209228805139174
-9.565091061681674,9.565091061681674
-9.781539876493053,9.781539876493053
10.091071874702415,-10.091071874702415
25.0,-10.231711534676595
25.0,0.0
25.0,0.0
-9.938057467174529,9.938057467174529
9.952721819941548,-9.952721819941548
-10.047418754562328,10.047418754562328
-10.023519502406177,10.023519502406177
-9.989512067334633,9.989512067334633
-10.011483242114243,10.011483242114243
-10.030967062873021,10.030967062873021
-9.995380514485538,9.995380514485538
-10.006807328085445,10.006807328085445
9.971516935712302,-9.971516935712302
9.943141420270939,-9.943141420270939
9.935801376869636,-9.935801376869636
-9.999999999999998,9.999999999999998
10.0,-10.0
-10.0,10.0
-10.0,10.0
-10.000000000000005,10.000000000000005
-10.0,10.0
10.0,-10.0
10.0,-10.0
-10.0,10.0
-10.000000000000005,10.000000000000005
-10.0,10.0
-25.0,10.0
-10.0,10.0
-13.66260914509354,10.0
-25.0,0.0
-25.0,0.0
10.0,-10.0
10.0,-10.0
10.0,-10.0
0.0,0.0
10.0,-10.0
10.0,-10.0
10.0,-10.0
25.0,-10.0
10.0,-10.0
25.0,-10.0
25.0,-10.0
10.0,-10.0
10.0,-10.0
10.0,-10.0
10.0,-10.0
10.0,-10.0
10.0,-10.0
10.0,-10.0
10.0,-10.0
-10.0,10.0
-10.05299617746893,10.05299617746893
-10.05665851822352,10.05665851822352
-10.053857900644614,10.053857900644614
25.0,-9.948080983896933
25.0,-9.937093966564
24.999999999958167,-9.909943694328625
9.739167298776477,-9.739167298776477
9.58136310443842,-9.58136310443842
14.73313263924347,-9.53536749461076
9.860511394935532,-9.860511394935532
9.677259035277702,-9.677259035277702
9.705834860962288,-9.705834860962288
9.656539731329172,-9.656539731329172
9.860511394935529,-9.860511394935529
-9.957437949888114,9.957437949888114
-10.482907218012723,10.482907218012723
9.860511394935529,-9.860511394935529
9.860511394935529,-9.860511394935529
-25.0,9.715969824493584
-24.999999999975174,-2.48263631874579e-11
-10.3128647715888,10.3128647715888
-9.670080365754414,9.670080365754414
-24.99999999999625,9.9935597728314
-25.0,4.4811789372269715
-10.2915970006264,10.2915970006264
-10.204913966542728,10.095284309647536
-9.934336064837924,9.934336064837924
-10.042285607589358,10.042285607589358
-10.035041298745654,10.035041298745654
9.977192229597053,-9.977192229597053
-10.029197505786613,10.029197505786613
-10.09764543174061,10.09764543174061
-10.016117608898915,10.016117608898915
-10.181967343731207,10.181967343731207
-10.181967343731207,10.181967343731207
-10.181967343731207,10.181967343731207
-10.181967343731207,10.109318501270526
9.815826796414397,-9.815826796414397
9.72293453507821,-9.72293453507821
-10.09976040638212,10.09976040638212
-9.992371953590778,9.992371953590778
-10.109318501270526,10.109318501270526
9.854668233123803,-9.854668233123803
9.45700377102945,-9.45700377102945
-9.754868695608355,9.754868695608355
-10.109318501270526,10.109318501270526
-10.06386200958718,10.06386200958718
-10.109318501270526,10.246146820416172
-10.011266926234835,10.011266926234835
-10.022278119468309,10.022278119468309
-10.012666860280572,10.012666860280572
-9.954244383937615,9.954244383937615
-10.0,10.0
-10.000000000000004,10.000000000000004
-10.0,10.0
13.924868632355157,10.0
-10.0,10.0
0.0,10.0
25.0,0.0
15.0,10.0
-10.0,10.0
-10.0,10.0
10.0,-10.0
10.0,-10.0
10.0,-10.0
10.0,-10.0
-10.0,10.0
-10.0,10.0
10.0,-10.0
10.0,-10.0
10.0,-10.0
-20.975,10.0
-10.0,10.0
-25.0,0.0
-25.0,0.0
-15.0,-10.0
10.0,-10.0
10.0,-10.0
10.0,-10.0
10.0,-10.0
0.0,0.0
0.0,0.0
0.0,0.0
10.0,-10.0
10.0,-10.0
10.0,-10.0
10.0,-10.0
10.0,-10.0
10.0,-10.0
0.0,0.0
9.999999999999996,-9.999999999999996
10.0,-10.0
25.0,-10.0
25.0,-10.0
15.263157894736842,-10.0
25.0,-10.0
10.0,-10.0
25.0,-10.0
25.0,-10.0
25.0,-10.0
10.0,-10.0
10.0,0.0
-10.32362457095868,10.32362457095868
-10.384824716758759,10.384824716758759
-10.27676677445653,10.27676677445653
-10.07451609178235,10.07451609178235
-10.110843353175595,10.110843353175595
-10.090083655799116,10.090083655799116
-9.98201735079501,9.98201735079501
-9.713169423871564,9.713169423871564
-9.387061919388655,9.387061919388655
-25.0,9.724949788444471
6.719254385176763,10.20600900712853
-10.104911199592916,10.104911199592916
-10.16430153047669,10.16430153047669
-25.0,2.4375000000037375
24.999999999995858,0.0
-10.058030839574371,10.058030839574371
-24.864061598563858,9.892083276908767
-25.0,0.0
-25.0,10.138912998716197
-25.0,9.871621481063407
-25.0,9.854056651378764
-9.87500443065413,9.87500443065413
-9.750347787414638,9.750347787414638
-9.892612809503282,9.892612809503282
-9.84601141659651,9.84601141659651
-9.892612809503282,9.892612809503282
10.029685382658556,-10.029685382658556
9.840705361147036,-9.840705361147036
-9.892612809503282,9.892612809503282
-9.892612809503282,9.892612809503282
10.11208040190653,-10.11208040190653
9.946319658845187,-9.946319658845187
9.985667906845888,-9.985667906845888
9.940589472402252,-9.940589472402252
10.057005225192857,-10.057005225192857
9.783862340813288,-9.783862340813288
-9.892612809503282,9.892612809503282
9.802211055459065,-9.802211055459065
-9.620487965737489,9.620487965737489
10.096872907431088,-10.096872907431088
10.145234885763852,-10.145234885763852
9.753973097573052,-9.753973097573052
9.731962939585266,-9.731962939585266
24.999999999953125,-9.883063313996999
10.018662434306401,-10.018662434306401
10.026556134563787,-10.026556134563787
9.985510869505395,-9.985510869505395
9.949689931250449,-9.949689931250449
24.316211904335784,-10.002896290635853
24.99999999995924,-9.989934082998435
9.995729573464777,-9.995729573464777
9.996896042175244,-9.996896042175244
9.97736991728865,-9.97736991728865
9.954880508930653,-9.954880508930653
10.0,-10.0
9.999999999999998,-9.999999999999998
10.0,-10.0
10.0,-10.0
10.0,-10.0
10.0,-10.0
-10.0,10.0
-10.0,10.0
-10.0,10.0
9.999999999999996,-9.999999999999996
10.0,-10.0
10.0,-10.0
10.0,-10.0
-15.0,-10.0
-15.0,-10.0
0.0,0.0
0.0,0.0
0.0,0.0
0.0,0.0
0.0,0.0
0.0,0.0
0.0,0.0
0.0,0.0
0.0,10.0
10.0,-10.0
-9.025,10.0
-9.904937500000017,10.0
-9.990731406249985,10.0
10.0,-10.0
10.0,-10.0
15.0,10.0
25.0,0.0
10.0,-10.0
10.0,-10.0
-19.877351220279767,10.0
10.0,-10.0
25.0,-9.93367569799437
-10.067645530625615,10.067645530625615
-10.065106224521239,10.065106224521239
25.0,-9.93806401594425
9.928588263591248,-9.928588263591248
-10.061833193949973,10.061833193949973
25.0,-9.534664120378576
-10.404566057947806,10.404566057947806
-10.342924424603192,10.342924424603192
-10.016447383369279,10.016447383369279
-0.442904904163564,9.977569024542138
-9.697131339533929,9.697131339533929
-10.136133425955466,10.136133425955466
-9.523566459963398,9.523566459963398
-10.038280346749307,10.038280346749307
-9.936441572269752,9.936441572269752
-10.191348717372335,10.191348717372335
-9.97088454336391,9.97088454336391
-9.764380085595691,9.764380085595691
-25.0,10.210444079287853
-10.43662076761449,10.43662076761449
-9.936538768955753,9.936538768955753
-10.026493039555973,10.026493039555973
-25.0,0.11527022041987678
-9.932370040961963,9.932370040961963
-25.0,9.752817466845325
-25.0,9.940687931382877
-9.803994046614623,9.803994046614623
-25.0,10.064803050228923
-9.90118189655425,9.90118189655425
-10.025936998774364,10.025936998774364
-9.90150883086171,9.90150883086171
-10.084022748164852,10.084022748164852
-9.882974558906291,9.882974558906291
-10.084022748164852,10.084022748164852
-10.084022748164852,10.084022748164852
-9.871601915496745,9.871601915496745
9.726653886186064,-9.726653886186064
-10.084022748164852,10.084022748164852
9.409645001348636,-9.409645001348636
-9.789675207554055,9.789675207554055
9.698354503024003,-9.698354503024003
9.64930047166396,-9.64930047166396
10.198415042674142,-10.198415042674142
-10.084022748164852,10.084022748164852
9.66615462947563,-9.66615462947563
10.03212729160753,-10.03212729160753
10.049182469837977,-10.049182469837977
-10.061395801466706,10.061395801466706
-10.084022748164852,10.084022748164852
9.894163745543342,-9.894163745543342
10.01575917146509,-10.01575917146509
10.047290939835449,-10.047290939835449
10.006174627559657,-10.006174627559657
10.0,-10.0
10.0,-10.0
-9.984921817531326,9.984921817531326
-9.993713351805129,9.993713351805129
-10.00308183746746,10.00308183746746
9.99202903042354,-9.99202903042354
-10.0,10.0
-10.0,10.0
-10.0,10.0
-10.0,10.0
-10.0,10.0
-10.0,10.0
-10.0,10.0
10.0,-10.0
10.0,-10.0
10.0,-10.0
-10.0,10.0
-10.0,10.0
-10.0,10.0
-10.0,10.0
-10.084022748164852,0.0
0.0,0.0
0.0,0.0
0.0,0.0
0.0,0.0
1.0803324099722982,10.0
-10.0,10.0
-10.0,10.0
-10.0,10.0
-10.000000000000004,10.000000000000004
-10.0,10.0
-10.0,10.0
-10.0,10.0
-10.0,10.0
-10.0,10.0
-10.0,10.0
-10.0,10.0
-10.0,10.0
-10.0,10.0
-10.0,10.0
-10.0,10.0
-10.0,10.0
-10.0,10.006032085034914
-10.005443956744013,10.007755538166178
-10.00363997692523,10.00818640160309
-10.00366233736464,10.00366233736464
-10.011633307249284,10.011633307249284
-10.011633307249275,10.14994040454624
-10.136455462559784,10.369801458128274
-10.309972539032927,10.309972539032927
14.9194428817237,10.0805571182763
8.920892448845459,9.877389851918705
15.257208623774703,9.742791376225297
15.35130858549183,9.64869141450817
-10.03072235769168,10.03072235769168
-9.875985864723823,9.875985864723823
-9.907636640111015,9.907636640111015
-9.998360910431513,9.998360910431513
-9.969929617481306,9.969929617481306
-9.851198185204069,9.851198185204069
-10.28361677401725,10.28361677401725
0.0,0.0
0.0,0.0
-9.85215247993936,9.85215247993936
-9.582479643479523,9.582479643479523
-25.0,9.940401390503364
-19.69569106136863,9.988737807370004
-25.0,9.758634751617276
-25.0,9.758016858399124
-25.0,10.249900253478861
-25.0,9.877619905113818
-9.863130025131781,9.863130025131781
-9.659857041599476,9.659857041599476
-9.877619905113818,9.877619905113818
9.582198782925818,-9.582198782925818
10.18974812778986,-10.18974812778986
-9.556725677425556,9.556725677425556
-9.877619905113818,9.877619905113818
9.996483878326512,-9.996483878326512
9.743789535698753,-9.743789535698753
9.996860673271598,-9.996860673271598
9.933917614170257,-9.933917614170257
10.071686342810338,-10.071686342810338
9.684529221161188,-9.684529221161188
10.252700022953565,-10.252700022953565
9.928601460363797,-9.928601460363797
-9.877619905113818,9.877619905113818
-9.877619905113818,9.877619905113818
-9.626645754484098,9.626645754484098
25.0,-1.7479351299698465e-11
9.908294611183466,-9.908294611183466
9.978041162177997,-9.978041162177997
9.923146020234986,-9.923146020234986
-10.006003147793571,10.006003147793571
-9.973560519210434,9.973560519210434
-9.981423810987575,9.981423810987575
-9.997351661502556,9.997351661502556
-9.987112132147308,9.987112132147308
-9.994583225040289,9.994583225040289
-9.977631865611778,10.000683049316413
-10.021620791870268,10.021620791870268
-10.020931596263825,10.020931596263825
-10.0,10.0
10.0,-10.0
-10.0,10.0
10.0,-10.0
-10.0,10.0
-10.0,10.0
-10.0,10.0
-10.0,10.0
-10.0,10.0
-10.0,10.0
-10.0,10.0
-17.460923598391478,10.0
-10.0,10.0
-10.0,10.0
-25.0,0.0
0.0,0.0
0.0,0.0
0.0,0.0
0.0,0.0
0.0,10.0
-9.025,9.025
-9.025,9.025
-9.025,10.0
15.0,10.0
-10.0,10.0
-10.0,10.0
10.0,-10.0
18.3463296398892,-10.000000000000002
10.0,-10.0
-25.0,10.0
-25.0,10.0
-10.0,10.0
-10.0,10.0
-10.0,10.0
-10.0,10.0
6.62049861495845,10.0
-25.0,10.009263559270824
-10.009263559270824,10.000215431602886
-10.0,10.0
25.0,-8.075170572222596
-25.0,10.006032085034914
-10.220817399546089,10.220817399546089
-10.280906075206907,10.280906075206907
14.887862952622246,10.112137047377754
14.988917053206528,10.011082946793472
15.169475360564359,9.830524639435641
9.093184762379284,9.778387453457935
-9.646668902947821,9.646668902947821
-10.570059825696301,10.570059825696301
-9.958009138205206,9.958009138205206
-9.84447962207101,9.84447962207101
0.0,0.0
0.0,0.0
-10.14476499659029,10.14476499659029
0.0,0.0
0.0,-9.099233912130764
10.082253642250151,-10.082253642250151
10.082253642250153,-10.082253642250153
9.838448378360393,-9.838448378360393
-14.885952943070212,-10.114047056929788
10.039732616713529,-10.039732616713529
-25.0,4.696049334664686
-25.0,9.876205503988297
-25.0,9.720400478621727
-9.900744511467238,9.900744511467238
-10.193421405143962,10.193421405143962
-9.807495651899938,9.783344800017693
-10.169270553261715,10.169270553261715
-9.891933694995892,9.891933694995892
9.891228703448721,-9.891228703448721
-10.00856971819828,10.00856971819828
10.13547892619323,-10.13547892619323
9.955896057005628,-9.955896057005628
9.976417811845597,-9.976417811845597
10.354811453071774,-10.354811453071774
10.06529092710087,-10.06529092710087
10.218912813916262,-10.218912813916262
9.881043879279797,-9.881043879279797
-9.916903776088727,9.916903776088727
10.164188555107895,-10.164188555107895
9.857985858967758,-9.857985858967758
10.370192513057932,-10.370192513057932
10.20712724237804,-10.20712724237804
9.86330280170836,-9.86330280170836
10.1155969969405,-10.1155969969405
10.029827943057587,-10.029827943057587
9.967518940462586,-9.967518940462586
-9.934610352584071,10.009580554857191
-9.984591845056983,9.984591845056983
-9.993180216616826,9.993180216616826
25.0,-10.001164476651764
25.0,-10.018219482302872
24.9999999999854,-9.952958953820568
25.0,-9.992626710286139
17.74447560019657,-9.955671391984147
25.0,-9.983869112353348
10.0,-10.0
10.0,-10.0
10.0,-10.0
10.0,-10.0
10.0,-10.0
10.0,-10.0
10.0,-10.0
-10.0,10.0
-10.0,10.0
-10.0,10.0
-25.0,10.0
-25.0,10.0
-25.0,10.0
-25.0,10.0
-25.0,0.0
0.0,0.0
0.0,0.0
0.0,0.0
10.0,-10.0
25.0,0.0
10.0,-10.0
10.0,-10.0
10.0,-10.0
25.0,-10.0
10.0,-10.0
10.0,-10.0
-10.0,10.0
-10.0,10.0
10.0,-10.0
10.0,-10.0
-10.0,10.0
15.0,10.0
-10.000000000000004,10.000000000000004
10.0,-10.0
-10.0,10.0
-10.0,10.0
-10.0,10.0
10.0,-10.0
9.999784568397114,-9.999784568397114
9.99784568389409,-9.99784568389409
-10.01551107633237,10.01551107633237
-10.16954468815188,10.16954468815188
-10.315080138099576,10.315080138099576
25.0,0.0
15.160930017939624,-10.00365434293475
-9.829829115098144,9.829829115098144
-9.2951450962227,9.2951450962227
10.105882219731967,-10.105882219731967
9.715018054347539,-9.715018054347539
10.105882219731969,-9.841993532810218
-23.253994352089915,9.573893515451143
9.972469985410903,-9.972469985410903
25.0,0.0
0.0,0.0
-9.77013299334185,9.77013299334185
0.0,0.0
0.0,0.0
-10.128569756572038,10.128569756572038
0.0,0.0
-9.776367466486835,9.776367466486835
-25.0,10.31607478681611
-25.0,9.907912451486233
-25.0,9.774930344058093
-25.0,9.983404612586128
-9.972325452676525,9.972325452676525
-9.798272065086737,9.798272065086737
-9.953423221838385,9.953423221838385
-10.08780773859312,10.08780773859312
-9.909253008376286,9.909253008376286
-9.448259619973697,10.207809039261504
25.0,0.0
25.0,-9.789743371463722
9.80092540838513,-9.80092540838513
10.148899642629246,-10.148899642629246
9.750620443053295,-9.750620443053295
9.990293585493347,-9.990293585493347
9.950456829473389,-9.950456829473389
9.972705403358168,-9.972705403358168
9.905506517934025,-9.905506517934025
25.0,-9.690760222995959
10.222536230632741,-10.222536230632741
9.626580430737338,-9.626580430737338
9.639368737567029,-9.639368737567029
10.22253623063274,-10.22253623063274
-25.0,9.944040901476288
9.83827433948919,-9.83827433948919
9.933127851649784,-9.933127851649784
-10.698687770934187,-10.01951418239606
10.057643753969602,-10.057643753969602
-14.966444163157078,-10.033555836842922
-14.99489785937143,-10.00510214062857
10.0,-10.0
10.0,-10.0
10.017356154601561,-10.017356154601561
10.009684713694366,-10.009684713694366
0.0,0.0
25.0,-10.0
10.0,-10.0
-10.0,10.0
-10.0,10.0
-10.0,10.0
-10.0,10.0
-10.0,10.0
-10.0,10.0
-10.0,10.0
10.0,-10.0
-10.0,10.0
-10.0,10.0
-13.537500000000001,10.0
-10.0,10.0
-10.0,0.0
0.0,0.0
0.0,0.0
0.0,0.0
0.0,0.0
15.0,10.0
-22.5625,9.999999999999998
-10.0,10.0
-10.0,10.0
-10.0,10.0
-10.0,10.0
-10.0,10.0
-10.0,10.0
2.7008310249307446,10.0
-10.0,10.0
10.0,-10.0
10.0,-10.0
25.0,-10.0
-25.0,0.0
10.0,-10.0
-10.0,10.0
-10.0,10.0
-10.0,10.0
-10.0,10.0
-10.0,10.0
15.0,10.0
9.18002487396554,10.002800610799003
-10.203152000481994,10.203152000481994
14.59594386963334,10.40405613036666
25.0,0.0
-9.834738494462211,9.834738494462211
-25.0,9.769496481278
-10.024453171444554,10.024453171444554
6.9996677456626735,9.876236430206578
-10.61957711918313,10.61957711918313
-9.77699293347273,9.77699293347273
-9.833007257386214,9.833007257386214
-9.974577386284672,9.974577386284672
-10.24988573709069,10.24988573709069
0.0,0.0
0.0,0.0
-12.377570050787668,-10.184929949212332
25.0,-9.472235880250048
-9.791639969135382,9.791639969135382
-9.803290948509385,9.803290948509385
9.472235880250043,-9.472235880250043
-10.023045081792144,10.023045081792144
-25.0,9.815574968637026
-25.0,10.013786781876803
-10.089232869222943,10.089232869222943
-25.0,9.950377936059425
-11.193259383948728,10.036054290180935
-25.0,9.926158289120199
-10.243333165700605,10.243333165700605
-25.0,10.493812181264296
-9.469187438734533,9.469187438734533
9.847033244094153,-9.847033244094153
9.851198816351381,-9.851198816351381
-10.113328180141764,10.113328180141764
-10.208698956971,10.208698956971
-9.91414440004197,9.91414440004197
-10.462685889293127,10.462685889293127
10.111347008730332,-10.111347008730332
9.880146387802558,-9.880146387802558
9.834898174732071,-9.834898174732071
-10.252312182930524,10.252312182930524
-9.930734422703694,9.930734422703694
-10.152024452969476,10.152024452969476
-10.021454906140315,10.021454906140315
-10.013420716436015,10.013420716436015
-9.96223577396484,9.96223577396484
9.898330491340104,-9.898330491340104
-9.89644713790031,9.89644713790031
10.0,-10.0
10.0,-10.0
10.0,-10.0
10.0,-10.0
23.635665173114354,-10.0
-10.0,10.0
-10.0,10.0
-10.000000000000004,10.000000000000004
10.0,-10.0
25.0,0.0
25.0,-10.0
10.0,-10.0
10.0,-10.0
25.0,-10.0
25.0,-10.0
10.0,-10.0
10.0,-10.0
10.0,-10.0
10.0,-10.0
9.999999999999861,-10.0
-25.0,0.0
-25.0,10.0
-25.0,0.0
-10.975000000000001,-9.999999999999996
0.0,0.0
0.0,0.0
0.0,0.0
0.0,0.0
0.0,10.0
0.9749999999999996,-10.0
0.0,0.0
0.0,10.0
-9.025,10.0
-9.9049375,9.999999999999993
-9.990731406249994,9.99999999999999
-9.999096312109343,10.0
6.620596243290127,10.0
-25.0,10.0
-10.0,10.0
-10.0,10.0
-10.000000000000004,10.000000000000004
-10.0,10.0
-10.0,0.0
0.0,0.0
10.0,-10.0
0.0,0.0
0.0,0.0
10.0,-10.0
0.0,0.0
25.0,-9.978456836783652
24.99999999997529,-9.837899820126013
24.99999999998357,1.6431300764452317e-11
25.0,-9.615743315821774
25.0,-9.701701477217956
19.396959344710947,-10.193493671511154
10.193493671511153,0.0
-9.835745174424375,9.835745174424375
-10.001076737313763,10.001076737313763
-10.055630586347972,10.055630586347972
-9.830806446710312,9.830806446710312
-25.0,10.252396441096636
16.340834968313974,3.552713678800501e-15
-9.918413480458318,9.918413480458318
-10.212376652356282,10.212376652356282
-12.621425175315053,-9.941074824684947
25.0,-9.714373021794984
9.714373021794993,-9.714373021794993
9.714373021794993,-9.714373021794993
-10.300106792965297,9.865345352195853
10.119640915553399,-10.119640915553399
-9.832196864237993,9.832196864237993
-9.918475332894863,9.918475332894863
10.196103150071385,-10.196103150071385
10.072140137727452,-10.072140137727452
9.914956055484817,-9.914956055484817
10.0651792140267,-10.0651792140267
-10.06487626331708,10.06487626331708
9.969351486543788,-9.969351486543788
10.19610315007138,-10.19610315007138
10.194127658985753,-10.194127658985753
9.913121941397012,-9.913121941397012
-15.206515187272519,-9.793484812727481
-15.050304965331833,-9.949695034668167
9.828656758966659,-9.828656758966659
9.793007034212525,-9.793007034212525
-14.894251267924457,-10.105748732075543
9.802899637176132,-9.802899637176132
9.2347528189816,-9.2347528189816
9.841791565670475,-9.841791565670475
9.948785551392003,-9.948785551392003
9.629841884470554,-9.629841884470554
9.558204140003216,-9.558204140003216
25.0,-10.035272298661736
10.10096274201091,-10.10096274201091
24.999999999984233,-9.854355736311097
24.99999999998275,-9.769800644973857
25.0,-9.992237055714579
10.047261601038956,-10.047261601038956
10.0,-10.0
10.0,-10.0
25.0,-10.0
10.0,-10.0
10.0,-10.0
10.0,-10.0
10.0,-10.0
10.0,-10.0
10.0,-10.0
10.0,-10.0
10.0,-10.0
10.0,-10.0
10.0,-10.0
10.0,-10.0
-16.36238858059649,10.0
15.0,10.0
0.0,0.0
-10.0,10.0
-25.0,10.0
-25.0,0.0
-25.0,0.0
-15.0,-10.0
4.999999999999993,-10.0
0.0,0.0
0.0,0.0
0.0,0.0
0.0,0.0
0.0,0.0
10.0,-10.0
0.0,0.0
0.0,0.0
0.0,0.0
10.0,-10.0
25.0,-10.0
22.700831024930743,-9.999999999999996
-25.0,10.0
10.0,-10.0
-10.0,10.0
-10.0,10.0
-10.0,10.0
-10.0,10.0
-10.0,10.0
-10.0,10.0
-10.0,10.0
-10.0,10.0
-10.0,10.0
-10.0,10.0
-10.0,10.0
-10.0,10.082079445592123
-10.07407669964689,10.201487546680918
14.904600190394422,10.095399809605578
14.864801934360475,10.135198065639525
-9.730494733151424,9.730494733151424
8.723807315573438,10.249527876564954
-9.931795696908317,9.931795696908317
15.295266491096632,9.704733508903368
-9.802756366736372,9.802756366736372
-10.071466703545864,10.071466703545864
-10.156382525156776,10.156382525156776
-10.013399888574728,10.013399888574728
-9.849092677772234,9.849092677772234
-9.734086908075968,9.734086908075968
-25.0,2.4375
25.0,0.0
0.0,0.0
0.0,0.0
-25.0,0.0
-25.0,10.274894318169542
-25.0,9.676677748603629
-25.000000000000004,9.968458413097732
-9.828916791659077,9.828916791659077
-23.730533649694667,9.25097456718694
-10.44047139736318,10.44047139736318
-9.66012969723813,9.66012969723813
-10.032399947246184,10.032399947246184
-10.145827217515883,10.145827217515883
-10.44047139736318,10.114457933829708
-9.724398796841358,9.721872314152613
-10.111931451140965,10.111931451140965
10.088647795664997,-10.088647795664997
-10.040529755768205,9.830920053226421
-9.902321748599181,9.902321748599181
-9.902321748599181,9.902321748599181
10.485855938252989,-10.485855938252989
9.910802790600165,-9.910802790600165
-9.902321748599181,9.902321748599181
9.841102510592924,-9.841102510592924
10.35700295432483,-10.35700295432483
10.21149036374383,-10.21149036374383
-9.810474114957273,9.810474114957273
11.926219934082368,-10.197490569649329
-9.925376928748324,9.925376928748324
10.04083786413476,-10.04083786413476
10.049205245380419,-10.049205245380419
10.0,-10.0
10.0,-10.0
10.0,-10.0
10.0,-10.0
10.0,-10.0
10.0,-10.0
10.0,-10.0
10.0,-10.0
10.0,-10.0
10.0,-10.0
10.0,-10.0
10.0,-10.0
10.0,-10.0
10.0,-10.0
10.0,-10.0
10.0,-10.0
10.0,-10.0
25.0,-10.0
10.0,-10.0
10.0,-10.0
10.0,-10.0
10.0,-10.0
10.0,-10.0
-25.0,0.0
10.0,-10.0
0.0,0.0
0.0,0.0
0.0,0.0
0.0,10.0
-9.025,9.025
-9.025,9.025
-9.025,9.025
-9.025,10.0
-9.9049375,9.9049375
25.0,-10.0
-10.0,10.0
15.0,10.0
10.0,-10.0
25.0,-10.0
15.0,10.0
-5.711842105263154,10.0
-10.0,10.0
-10.0,10.0
10.0,-10.0
10.0,-10.0
10.0,-9.99569136778818
9.995691367788138,-9.997199389200995
9.997362305641728,-9.999138273588454
9.999330137161646,-9.999784568397114
9.980395723790616,-9.980395723790616
9.999833662076297,-9.879126779798536
9.879126779798534,-9.86546659164976
-10.458958922850558,10.427028038517355
-10.04355878950389,10.04355878950389
9.90084707290539,-9.90084707290539
9.900847072905387,-10.15570435737035
9.916763594326131,-9.92275514281551
10.156480352990089,-10.156480352990089
10.189876250694137,-10.189876250694137
10.189876250694134,-10.189876250694134
-23.855201769401294,9.783744947413313
25.0,-9.377437554032522
10.15895571274658,-10.15895571274658
-15.060391330520135,-9.939608669479865
-25.0,0.0
-10.316596114495578,10.316596114495578
-9.647680316514823,9.647680316514823
-20.242842969993447,9.91443094092148
-25.0,9.957105966402162
-10.113204475268669,10.113204475268669
-9.496365273123699,9.496365273123699
-10.460236406576415,10.460236406576415
-10.022078164110624,9.93925396469069
-10.187449489280644,10.187449489280644
-10.003762269125051,10.003762269125051
-9.818174033266612,9.818174033266612
-10.185130022910142,10.185130022910142
-10.377412207156482,10.377412207156482
-10.377412207156482,9.038703947579023
-9.038703947579025,9.038703947579025
-9.038703947579025,9.038703947579025
0.7667688771869132,-9.805472824765939
9.479090771202435,-9.479090771202435
9.894153440091143,-9.894153440091143
9.68975701434401,-9.68975701434401
10.222492681468232,-10.222492681468232
9.312137159721976,-9.312137159721976
25.0,-4.7368421052631575
-10.601869019058729,10.601869019058729
-9.967923831324722,9.967923831324722
25.0,0.0
25.0,0.0
25.0,0.0
-10.052203298658606,10.052203298658606
9.851065565375198,-9.851065565375198
9.923655573072418,-9.923655573072418
9.98061257096786,-9.98061257096786
10.0,-10.0
10.0,-10.0
10.0,-10.0
10.0,-10.0
10.0,-10.0
-10.000000000000004,10.000000000000004
10.0,-10.0
10.0,-10.0
10.0,-10.0
10.0,-10.0
10.0,-10.0
-10.0,10.0
10.0,0.0
-10.0,10.0
-10.0,10.0
-10.0,10.0
-10.0,10.0
-10.0,10.0
-10.0,10.0
-25.0,4.9999999999999964
-10.0,10.0
-15.0,-10.0
-15.0,-10.0
-15.0,-10.0
10.0,-10.0
0.0,0.0
0.0,0.0
15.0,10.0
-22.5625,10.0
-10.000000000000002,10.000000000000002
-10.0,10.0
-10.0,10.0
-10.000000000000002,10.000000000000002
-10.0,10.0
-10.0,10.0
-10.0,10.0
-10.0,10.0
-10.0,10.0
25.0,-5.8171745152354575
-10.0,10.0
15.0,10.0
-10.0,10.0
25.0,0.0
-10.0,10.0
25.0,-10.0
-9.525978152734817,10.0
-10.0,10.0
-10.0,10.0
-10.030375857817557,10.030375857817557
-10.33297563473633,10.33297563473633
9.525978152734822,-9.525978152734822
-4.196890653518395,-9.768414063638433
25.0,-10.115509425251002
10.115509425251004,-9.896425254839613
9.811842994582939,-9.811842994582939
-9.629462249362566,9.629462249362566
-9.880784477734688,9.880784477734688
-10.160529162994653,10.160529162994653
0.3350764233558441,9.561348831483771
-25.0,9.926501002110454
16.701937947800047,3.552713678800501e-15
-9.968117593549412,9.968117593549412
-9.744889625463047,9.744889625463047
-10.016288649820387,10.016288649820387
-10.220412419928866,10.220412419928866
-9.925806108920273,9.925806108920273
-19.63523346040835,9.964236037582449
-24.99999999997242,9.88433594365763
-25.0,10.032092578505384
-24.999999999999996,9.903984190618202
-25.0,10.0072222186878
-25.0,9.85934251011426
-9.937382612911495,9.937382612911495
-9.953640967660922,9.953640967660922
-10.015980018784964,10.015980018784964
-9.922952691924069,9.922952691924069
-9.962628505379545,9.962628505379545
9.985083464435254,-9.985083464435254
9.865544163599038,-9.865544163599038
9.894732833323285,-9.894732833323285
10.057168692346586,-10.057168692346586
9.930169861433376,-9.930169861433376
9.911773179591908,-9.911773179591908
23.752883337658478,-9.942943020727585
9.81808377920104,-9.81808377920104
9.73474708816401,-9.73474708816401
25.0,-9.81904501655676
24.999999999951804,-9.773016074261703
10.259794118737087,-10.259794118737087
9.621720596437239,-9.621720596437239
25.0,-10.091303032405325
25.0,0.0
-9.929142195823099,9.929142195823099
9.902244748627155,-9.902244748627155
9.890060449774762,-9.890060449774762
10.038542899100133,-10.038542899100133
10.03854289910014,-10.03854289910014
10.0,-10.0
10.0,-10.0
10.038542899100138,-10.0
10.0,-10.0
10.0,-10.0
10.0,-10.0
10.0,-10.0
10.0,-10.0
10.0,-10.0
10.0,-10.0
10.0,-10.0
-5.540166204986157,10.0
-10.0,10.0
-10.000000000000004,10.000000000000004
-10.0,10.0
-10.0,10.0
-10.0,10.0
-10.0,10.0
-25.0,10.0
-25.0,0.0
-25.0,0.0
-25.0,-3.552713678800501e-15
0.0,0.0
0.0,0.0
0.0,0.0
0.0,0.0
1.0803324099722982,10.0
-10.0,10.0
-10.0,0.0
0.0,0.0
10.0,-10.0
0.0,0.0
0.0,0.0
0.0,0.0
25.0,0.0
-22.562500000000007,10.000000000000005
-10.0,10.0
-10.000000000000004,10.000000000000004
-10.0,10.0
-10.0,10.0
-10.0,10.0
-10.0,10.0
10.0,-10.0
-10.0,10.0
-10.0,10.0
-6.144495558190692,10.0
-10.0,10.0
-10.073462179319415,10.073462179319415
14.689996899630838,10.310003100369162
24.99999999997875,-9.672678957023514
9.86298628133154,-9.86298628133154
14.781165763924044,10.218834236075956
-9.94189373832188,9.94189373832188
-10.020591812191565,10.020591812191565
-9.634209739441184,9.634209739441184
14.930139566362413,10.069860433637587
-9.777620293900561,9.777620293900561
-9.802334760332158,9.802334760332158
-25.0,10.06831033584005
6.380649600959741,10.164158891184249
-10.003518015115425,10.003518015115425
-9.798971376308106,9.798971376308106
-25.0,9.90506850169971
6.306059375593218,10.419626495099621
0.0,0.0
-25.0,9.642650072440567
-25.0,9.809502700351153
-10.195049765208152,10.195049765208152
-9.728016533232026,9.728016533232026
-25.0,9.943696610617755
-9.886980450893661,9.886980450893661
-10.074296768091532,10.074296768091532
-9.802178866946168,9.802178866946168
-9.976028393954275,9.976028393954275
-10.031855898263498,10.031855898263498
-9.890614597114437,9.890614597114437
10.043895664381509,-10.043895664381509
-10.04937402304708,10.04937402304708
-9.939568276051919,9.939568276051919
-10.2701619756264,10.2701619756264
-10.084053043235812,10.084053043235812
10.079030372929294,-10.079030372929294
9.732308966098906,-9.732308966098906
-14.748154550506495,-9.647694832902992
9.935797170864504,-9.935797170864504
-25.0,9.93596852735963
9.626422012762102,-9.626422012762102
10.504299956142836,-10.504299956142836
9.774925294879598,-9.774925294879598
-9.93596852735963,9.93596852735963
9.817547146199265,-9.817547146199265
-9.93596852735963,9.93596852735963
10.01721233391106,-10.01721233391106
-9.93596852735963,9.93596852735963
10.019310178942993,-9.94836117878746
9.97970253790322,-9.97970253790322
10.020862261280048,-10.020862261280048
-9.974656804832923,9.974656804832923
10.001195274668241,-10.001195274668241
9.999588154190342,-9.999588154190342
-10.0,10.0
-10.0,10.0
-10.0,10.0
-10.0,10.0
-10.0,10.0
10.0,-10.0
-10.0,10.0
10.0,-10.0
10.0,-10.0
10.0,-10.0
-10.0,10.0
-10.0,10.0
-10.0,10.0
-10.0,10.0
0.0,-10.0
10.0,-10.0
0.0,0.0
10.0,-10.0
0.0,0.0
0.0,0.0
0.0,0.0
0.0,0.0
15.0,10.0
-22.5625,10.0
-10.000000000000002,0.0
0.0,0.0
1.0803324099722982,10.0
-10.0,10.0
-10.0,10.0
-10.0,10.0
-10.0,10.0
10.0,-10.0
-10.0,10.0
-10.0,10.0
-10.0,10.0
10.0,-10.0
-10.0,10.0
-10.0,10.0
-10.0,10.0
10.0,-10.0
-10.0,10.0
-10.0,10.0
-10.0,10.0
15.0,10.0
-10.0,10.0
15.0,10.0
15.0,10.0
-9.767715127160782,9.767715127160782
-9.969404818491626,9.969404818491626
-10.111728616173671,10.111728616173671
-25.0,10.00413653948089
0.8010983272583285,9.99764234921714
15.239692708006714,9.760307291993286
-9.900145868242092,9.900145868242092
-9.958544982272837,9.958544982272837
-10.130898690152215,10.130898690152215
-10.034665766095188,10.034665766095188
0.0,0.0
-25.0,10.039341936527585
6.6554363146317925,9.921470126888885
-9.985974644439377,9.985974644439377
-25.0,9.88686621323024
-25.0,0.0
-9.930045525412968,9.930045525412968
-24.357793093955824,9.62215608808231
-25.0,10.207557211484136
-10.05525568484482,10.05525568484482
-25.0,9.64121358115913
-9.999999999999998,9.999999999999998
-9.880064338652016,9.880064338652016
-9.890666351193993,9.890666351193993
9.81811344312469,-9.81811344312469
10.387441137939415,-10.387441137939415
-9.897890463323726,9.897890463323726
9.817411607314078,-9.817411607314078
9.775290729173072,-9.775290729173072
9.84003129581814,-9.84003129581814
10.05845686400977,-10.05845686400977
9.791054895577435,-9.791054895577435
10.068456762016364,-10.068456762016364
9.817188181165736,-9.817188181165736
9.489050275781079,-9.489050275781079
10.245631173062513,-10.245631173062513
10.457480817413526,-10.457480817413526
9.546793312181315,-9.546793312181315
-10.0,10.0
10.306178396968635,-10.306178396968635
9.692050288101075,-9.692050288101075
9.546827709709802,-9.546827709709802
9.43421824856924,-9.43421824856924
9.532846692247825,-9.532846692247825
9.834995923671972,-9.834995923671972
10.047254551480968,-10.047254551480968
9.947146343483395,-9.947146343483395
10.02495873523374,-10.02495873523374
10.0,-10.0
-10.0,10.0
10.0,-10.0
-10.0,10.0
10.0,-10.0
10.0,-10.0
-10.0,10.0
-10.0,10.0
-10.0,10.0
-10.0,10.0
-10.0,10.0
-10.0,10.0
-10.0,10.0
-10.0,10.0
-10.0,10.0
-10.0,10.0
0.0,-10.0
10.0,-10.0
0.0,0.0
0.0,0.0
0.0,0.0
10.0,-10.0
10.0,-10.0
25.0,0.0
-12.5625,-10.0
10.0,-10.0
10.0,-10.0
10.0,-10.0
0.0,0.0
0.0,0.0
0.0,10.0
-8.919667590027702,10.0
-10.0,10.0
-10.0,10.0
-10.0,10.0
6.620498614958446,10.000000000000004
-10.0,10.0
-25.0,10.0
-10.0,10.0
25.0,-10.0
-10.0,10.0
-10.0,10.0
4.182825484764541,10.000000000000002
25.0,-10.0
-10.000000000000004,10.000000000000004
15.0,10.0
-10.000000000000004,10.000000000000004
15.0,10.0
-25.0,9.903708167216939
-10.578191643830806,10.186989540677242
-25.0,10.347359812336173
-25.0,10.015134123600458
25.0,0.0
25.0,0.0
0.0,0.0
-25.0,10.009265242535772
16.610232418242912,0.0
0.0,0.0
0.0,0.0
0.0,0.0
-10.100667365069036,10.100667365069036
-9.868348982252236,9.868348982252236
-10.119156194418013,10.119156194418013
-25.0,9.81919522961695
-10.14147861253826,10.14147861253826
-25.0,9.51280918518276
-25.0,9.863755492117676
-25.0,9.813429067777243
-19.465665636735242,10.456476662040611
-9.626899791277058,9.626899791277058
-9.986938406384343,9.986938406384343
-10.044205557711555,10.044205557711555
-9.756820834243445,9.756820834243445
10.116257334815367,-10.116257334815367
9.753485851848417,-9.753485851848417
10.28339019213235,-10.28339019213235
-25.0,0.0
10.192453856315124,-10.192453856315124
10.078455397728334,-10.078455397728334
9.738734045732025,-9.738734045732025
9.808437954836311,-9.808437954836311
9.962319874344125,-9.962319874344125
10.002469048283375,-10.002469048283375
9.972014297051855,-9.972014297051855
10.4377378983562,-10.4377378983562
9.096937069866797,-9.096937069866797
9.760549652560979,-9.760549652560979
9.577194415891341,-9.577194415891341
9.461048794150145,-9.461048794150145
9.431004919818541,-9.431004919818541
0.0,10.349614586107226
-9.340527163961774,9.967391142993645
-9.906271905038036,9.906271905038036
-9.906271905038038,10.412919134831343
-10.091866114424128,10.091866114424128
8.798745161493834,9.981286938310607
15.01212858122627,9.98787141877373
15.0,10.0
25.0,-10.0
10.0,-10.0
10.0,0.0
0.0,0.0
0.0,0.0
0.0,0.0
-10.0,10.0
-10.0,10.0
-10.0,10.0
-10.0,10.0
-10.0,10.0
-10.0,10.0
-10.0,10.0
-25.0,10.0
-25.0,0.0
-25.0,0.0
-25.0,0.0
-5.000000000000011,0.0
0.0,0.0
0.0,0.0
0.0,0.0
0.0,0.0
10.0,-10.0
10.0,-10.0
0.0,0.0
1.0803324099722982,10.0
-10.0,10.0
-10.0,10.0
-10.0,10.0
6.620498614958446,10.000000000000004
-25.0,10.0
-10.0,10.0
-10.0,10.0
-10.0,10.0
-10.0,10.0
-10.0,10.0
-10.0,10.0
-10.0,10.0
-10.0,10.0
-10.0,10.0
-10.0,10.0
-10.0,10.0
-10.0,10.0
-10.0,10.0
-10.0,10.0
9.286723672890647,9.896101811873896
15.10122163074883,9.89877836925117
-9.998590253585903,9.998590253585903
-9.8181321408638,9.8181321408638
-9.714325054599291,9.714325054599291
15.302985422718738,9.697014577281262
14.835682375266861,10.164317624733139
-9.782934554265088,9.782934554265088
-10.09447170748372,10.09447170748372
-9.980502912820581,9.980502912820581
-9.62582652527351,9.62582652527351
-10.072751088325179,10.072751088325179
-25.0,10.199014001472946
-9.582851389246116,9.582851389246116
-10.037835387894555,10.037835387894555
-24.999999999988013,-1.198685595227289e-11
-25.0,0.0
-9.961273432101326,9.961273432101326
-25.0,9.744981141823246
-9.948819633346833,9.948819633346833
-9.831772102097219,9.831772102097219
-14.9439951432962,10.23205266979857
-9.854337511932469,9.854337511932469
-10.125581274051132,10.125581274051132
-9.842736393196091,9.842736393196091
10.079066979473373,-10.079066979473373
-9.54578284533528,9.54578284533528
9.634356165617497,-9.634356165617497
-9.67163109469926,9.67163109469926
-9.95763928588055,9.95763928588055
-10.002897597308019,10.002897597308019
9.89403730898579,-9.89403730898579
10.102310241521394,-10.102310241521394
10.050527129185555,-10.050527129185555
10.229483900239947,-10.229483900239947
-10.210090636793304,10.210090636793304
-9.981952342621902,9.981952342621902
-9.974702984599702,9.974702984599702
-9.922662995308,9.922662995308
-10.232052669798572,10.542366975100784
-9.754838333926013,10.408163597624503
10.143766521543178,-10.143766521543178
-10.196904707157241,10.196904707157241
25.0,-9.738767180965887
14.846626785225418,10.153373214774582
-10.032183779291925,10.032183779291925
-10.078169961356618,10.078169961356618
-10.13182158530875,10.13182158530875
14.934527041138926,10.065472958861074
-9.972593542358846,9.972593542358846
-9.932410705586024,9.932410705586024
-10.0,10.0
9.999569136794227,-9.999569136794227
-10.0,10.0
10.0,-10.0
-10.0,10.0
10.0,-10.0
-10.0,10.0
10.0,-10.0
-10.0,10.0
-25.0,10.0
-10.0,10.0
-10.0,10.0
-10.0,10.0
-25.0,10.0
-25.0,10.0
-25.0,10.0
-9.999999999999998,9.999999999999998
-9.999999999999998,0.0
10.0,-10.0
10.0,-10.0
0.0,0.0
0.0,0.0
0.0,0.0
10.0,-10.0
0.0,0.0
10.0,-10.0
10.0,-10.0
10.0,-10.0
0.0,0.0
0.0,10.0
-9.025,10.0
-9.904937499999999,9.904937499999999
-9.904937499999999,10.0
-9.99073140625,9.99073140625
10.0,-10.0
10.0,-10.0
-9.99073140625,9.99073140625
-9.99073140625,9.99073140625
10.0,-10.0
25.0,-5.806904605215095
-10.0,10.0
-10.0,10.0
-9.999999999999998,9.999999999999998
-10.0,10.0
-10.0,10.0
-10.0,10.0
14.875480522822363,10.124519477177637
14.602956152898527,10.397043847053416
-10.330212092131148,10.330212092131148
25.0,-6.366462912410498e-12
-10.060353461675058,10.06035346168143
-10.007568087414608,10.007568087414608
-10.284781240807341,10.284781240807341
-10.562293558025814,10.562293558025814
-10.123199324096774,10.123199324096774
-9.963979791773896,9.963979791773896
-9.954313139547883,9.954313139547883
-9.512442488594665,9.512442488594665
-9.975458467931807,9.975458467931807
-10.367589661544475,10.367589661544475
-9.916061194427604,9.916061194427604
-10.111819324701798,9.899047987493386
-10.264850239851125,10.264850239851125
-24.999999999963517,9.881666190529135
-25.0,10.128791920425753
-25.0,9.951469189761355
-10.064870582991277,10.064870582991277
-9.715486996800134,9.715486996800134
-9.800303097135792,9.800303097135792
-9.978987843698844,9.978987843698844
10.12771833884855,-10.12771833884855
9.757263899656262,-9.757263899656262
10.098790332964036,-10.098790332964036
-9.969918887977009,9.969918887977009
-9.79638872150862,9.79638872150862
-10.001701573152348,10.001701573152348
-9.907216927148738,9.907216927148738
-10.079755561190439,10.079755561190439
9.803701825409304,-9.803701825409304
9.553455703203634,-9.553455703203634
25.0,-10.017956141017901
24.999999999950365,4.96349628065218e-11
10.157395516592054,-10.157395516592054
9.706850376986814,-9.706850376986814
9.786748577469698,-9.786748577469698
9.652466937726764,-9.652466937726764
-10.088146033552196,10.088146033552196
-10.382574361018888,10.382574361018888
-9.52741835200671,9.52741835200671
-9.918855599150163,9.918855599150163
9.819204381252966,-9.819204381252966
-10.29372664944291,10.29372664944291
-10.13700728885522,10.13700728885522
10.157395516592059,-10.13848678690894
9.989874713855363,-9.989874713855363
10.101024143275746,-9.973286480471614
10.006681633619069,-10.006681633619069
10.010749124104805,-10.010749124104805
10.0,-10.0
10.010749124104809,0.0
0.0,0.0
0.0,0.0
-10.0,10.0
0.0,0.0
-10.0,10.0
-10.0,10.0
-10.0,10.0
-9.999999999999995,9.999999999999995
-25.0,10.0
-25.0,10.0
-25.0,0.0
-15.0,-10.0
-15.000000000000016,10.000000000000002
-10.000000000000002,0.0
0.0,0.0
0.0,0.0
10.0,-10.0
0.0,0.0
10.0,-10.0
10.0,-10.0
0.0,0.0
0.0,0.0
0.0,0.0
10.0,-10.0
25.0,-10.0
25.0,-10.0
10.0,-10.0
10.0,-10.0
20.401662049861493,-10.0
25.0,-10.0
-25.0,0.0
-10.0,10.0
-10.0,10.0
-25.0,10.0
25.0,-9.951097024873503
25.0,-9.95346677100289
-10.038777690830925,10.038777690830925
25.0,-1.9689139207912376e-11
-10.045886934149927,10.045886934149927
4.041933208123881,10.045456072562086
-10.046317800668612,10.046317800668612
-10.054073333903956,10.054073333903956
-10.090120041071824,10.090120041071824
24.999999999974662,0.0
-10.238951425489121,10.238951425489121
-10.210490784188924,10.210490784188924
-9.889070495216359,9.889070495216359
-9.918117472369127,9.918117472369127
-9.956946917279613,9.956946917279613
-9.806396193282959,9.806396193282959
-9.798453204365195,9.798453204365195
-9.232552639453006,9.232552639453006
-10.182540425490231,10.182540425490231
-10.208818243812914,10.208818243812914
-9.709782687396977,9.709782687396977
-9.899304233301939,9.899304233301939
-24.999999999959407,10.156311205510551
-24.99999999998967,10.17141266723763
-9.825558456813518,9.825558456813518
-9.935278998921595,9.935278998921595
-10.19248162679684,10.19248162679684
-9.653334134133043,9.653334134133043
-9.810128167337048,9.810128167337048
-9.864008582189669,9.864008582189669
-10.046474532297122,10.046474532297122
-9.806831053780718,9.806831053780718
-10.255133726987484,10.255133726987484
-9.603824414413948,9.603824414413948
-10.078897831993835,10.078897831993835
-10.029042243547933,10.029042243547933
10.056716790871407,-10.056716790871407
9.968357429527858,-9.968357429527858
10.077690447186551,-10.077690447186551
9.349287752783333,-9.349287752783333
10.047423777853918,-10.047423777853918
10.413789644761007,-10.413789644761007
9.861641148623477,-9.861641148623477
9.761221193300628,-9.761221193300628
9.807060160254867,-9.807060160254867
10.36562426881584,-10.36562426881584
9.972586747663568,-9.972586747663568
9.601947382308952,-9.601947382308952
-10.25457957964781,10.25457957964781
-9.842108401620948,9.842108401620948
-9.61838940092608,9.61838940092608
-1.9513157975584465,9.829184082545586
-10.187441599939248,10.187441599939248
-10.064856855537247,10.064856855537247
-10.017282391262656,10.017282391262656
-10.013677287679899,10.013677287679899
-10.027040045808976,10.027040045808976
10.015687997278599,-10.015687997278599
10.030580327357777,-10.030580327357777
-9.9945511524021,9.9945511524021
-10.000000000000004,10.000000000000004
-10.0,10.0
-10.0,10.0
-10.000000000000004,10.000000000000004
15.0,10.0
-10.000000000000004,10.000000000000004
-10.0,10.0
-10.0,10.0
-10.0,10.0
-10.000000000000014,10.0
-25.0,10.0
-25.0,10.0
-25.0,10.0
-15.0,-10.0
-15.0,-10.0
0.0,0.0
0.0,0.0
0.0,0.0
0.0,2.7008310249307463
15.0,10.0
-25.0,10.0
-10.0,0.0
10.0,-10.0
10.0,-10.0
10.0,-10.0
10.0,-10.0
10.0,-10.0
10.0,-10.0
10.0,-10.0
10.0,-10.0
10.0,-10.0
10.0,-10.0
10.0,-10.0
0.0,0.0
21.131415365550435,-10.0
-10.0,10.0
-10.04351718802054,10.04351718802054
-10.042440026654676,10.042440026654676
-10.046102367409267,10.046102367409267
14.952605047827207,10.047394952172793
9.079823513119337,10.051919016103067
14.94894270703662,10.051057292927384
25.0,3.552713678800501e-15
0.0,0.0
0.0,0.0
0.0,0.0
-10.30426144479617,10.30426144479617
-10.199614380353202,10.199614380353202
-10.0057039938295,10.0057039938295
-9.707208553086204,9.707208553086204
-9.69003061670363,9.69003061670363
-10.210494255499135,10.210494255499135
0.0,0.0
-9.728279721661007,9.728279721661007
-9.942249389832025,9.942249389832025
-9.727026263099969,9.727026263099969
-9.816336763442251,9.816336763442251
-9.562115044320173,9.562115044320173
-25.0,9.938372251896247
-25.0,9.956840253383936
-10.244014804797244,10.244014804797244
-9.836219166055464,9.836219166055464
-25.0,10.202393164179796
-19.13813110818058,9.79082263336673
-25.0,9.806908053752746
-25.0,9.993220215577704
-10.230431883502124,10.230431883502124
-10.550425463976588,10.550425463976588
10.250939753101232,-10.250939753101232
9.874797414335891,-9.874797414335891
9.729826663721981,-10.363567359727003
10.351147011780036,-10.351147011780036
9.71635040632254,-9.71635040632254
10.103283470676038,-10.103283470676038
-9.870271456963682,9.870271456963682
-9.916684767971566,9.916684767971566
10.02499785157455,-10.02499785157455
10.03400915260138,-9.790660428507621
-10.136306991466181,10.136306991466181
-10.0904225819055,10.0904225819055
-9.957155195892476,9.957155195892476
10.522290810262879,-10.522290810262879
25.0,-10.084405539009396
25.0,0.0
-10.133280008959265,10.133280008959265
-9.78540139353287,9.78540139353287
-9.692882455831553,9.692882455831553
-9.975315986426192,9.975315986426192
-9.830353282940512,9.830353282940512
25.0,-9.983141660837392
10.000322871296643,-10.000322871296643
25.0,-10.028833397888658
-10.0,10.0
-10.0,10.0
-10.0,10.0
-10.0,10.0
14.12817340497514,10.0
-10.0,10.0
-10.0,10.0
-10.0,10.0
-10.0,10.0
-10.0,10.0
-10.0,10.0
-10.0,10.0
-10.0,10.0
-25.000000000000014,9.999999999999998
-25.0,10.0
-25.0,10.0
-25.0,0.0
-25.0,0.0
10.0,-10.0
10.0,-10.0
0.0,0.0
0.0,0.0
0.0,0.0
10.0,-10.0
10.0,-10.0
10.0,-10.0
10.0,-10.0
10.0,-10.0
10.0,-10.0
10.0,-10.0
21.0803324099723,-10.000000000000002
10.0,-10.0
10.0,-10.0
10.0,-10.0
10.0,-10.0
-10.0,10.0
10.0,-10.0
10.0,-10.0
10.0,-10.0
-10.0,10.0
-10.0,10.0
-10.0,10.0
10.0,-10.0
10.0,-10.0
25.0,0.0
25.0,0.0
25.0,-10.0
14.180671168658623,-9.997845683894088
25.0,-9.873757066609318
9.873757066609326,-9.827452924363005
9.806331421790093,-9.806331421790093
9.747443720846675,-9.747443720846675
9.827452924363014,-9.797374258035843
0.03313207812775065,9.764242179908091
0.0,0.0
0.0,0.0
0.0,0.0
0.0,0.0
-10.254784071376804,10.254784071376804
-9.928897468452984,9.928897468452984
-10.215787372428716,10.215787372428716
-9.864163213281037,9.864163213281037
-9.750571213562983,9.750571213562983
-10.177911591106216,10.177911591106216
-10.168585127281206,10.168585127281206
-25.0,9.76846802673358
-25.0,9.738369242585861
-25.0,10.016258985896737
-25.0,9.861455591313835
-9.89977254460722,9.89977254460722
-10.003466261035864,10.003466261035864
-19.211217966875573,9.826666120345552
10.256206046270066,-10.256206046270066
9.911848917269312,-9.911848917269312
10.018921165257492,-10.018921165257492
10.037106412749539,-10.037106412749539
-14.84688366218128,-10.15311633781872
10.052914128318408,-10.052914128318408
0.0,0.0
9.860524017881765,-9.860524017881765
9.625751734317074,-9.625751734317074
10.017290911751367,-10.017290911751367
9.886165008566941,-9.886165008566941
10.108262907391705,-10.108262907391705
9.589033792737887,-9.589033792737887
9.801229621389371,-9.801229621389371
10.003989166583608,-10.003989166583608
9.75290014714316,-9.75290014714316
9.940251493016834,-9.940251493016834
9.776435945970153,-9.776435945970153
9.581628541329698,-9.581628541329698
9.921088282765306,-9.921088282765306
10.221564579346376,-10.221564579346376
10.016410619038371,-10.016410619038371
9.823837357541215,-9.823837357541215
10.004881599020678,-10.004881599020678
9.962980066759261,-9.962980066759261
10.015048366459478,-10.015048366459478
14.740768555347032,9.982223134403654
14.99484465069455,10.00515534930545
15.0,10.0
25.0,0.0
-10.0,10.0
5.540166204986158,-5.540166204986158
-10.0,10.0
-10.000000000000005,10.000000000000005
-10.0,10.0
-10.0,10.0
-10.0,10.0
-25.0,10.0
-25.0,0.0
-25.0,0.0
-25.0,0.0
10.0,-10.0
10.0,-10.0
10.0,-10.0
10.000000000000004,-10.000000000000004
0.0,0.0
0.0,10.000000000000005
-9.025000000000006,10.0
10.0,-10.0
-9.9049375,9.9049375
-9.894667590027694,9.999999999999993
-10.0,10.0
-10.0,10.0
-10.0,10.0
-10.0,10.0
10.0,-10.0
-10.0,10.0
-10.0,10.0
25.0,-10.0
25.0,-10.0
10.0,-10.0
25.0,-10.0
4.192519907472224,10.00000000000005
25.0,0.0
9.977595113607968,-9.977595113607968
9.983627196793817,-9.983627196793817
9.986212377415256,-9.986212377415256
9.98513521851481,-9.98513521851481
9.985781513361994,-9.985781513361994
9.98728953508299,-9.98728953508299
9.990305577292268,-9.990305577292268
9.990305577292263,-9.965961803893272
9.965961803893284,-9.751055097688555
9.584006033806167,-9.584006033806167
9.557929906496284,-9.557929906496284
-23.808449126377337,10.046276352041247
25.0,-9.87261932496321
9.872619324963209,-9.59986648962227
9.599866489622272,-9.599866489622272
-9.3947884247785,9.3947884247785
9.599866489622272,-9.599866489622272
9.599866489622272,0.0
0.0,0.0
-25.0,9.910599876739456
-3.3263382157845953,10.227919286054242
9.81797585301074,-9.81797585301074
-25.0,9.923191265607894
-25.0,9.40821608383494
-9.962844711833796,9.916409587743665
-25.0,9.897709955192576
-25.0,9.833099404893725
-25.0,9.953913623299577
-10.022699844212646,10.022699844212646
-9.898894618696644,9.898894618696644
-9.938485227265039,9.938485227265039
-9.977727442517375,9.977727442517375
9.905837239125358,-9.905837239125358
10.26994927898236,-10.26994927898236
9.925020330517205,-9.925020330517205
10.29488401582574,-10.29488401582574
9.914586203160159,-9.914586203160159
9.871263620537675,-9.871263620537675
9.628148200659606,-9.628148200659606
9.777365941533947,-9.777365941533947
10.311962862080374,-10.311962862080374
-10.1089720013964,10.1089720013964
-10.049557055767469,10.049557055767469
-10.1089720013964,10.1089720013964
9.489735070614277,-9.489735070614277
25.0,-9.733539703356724
9.244805733362377,-9.244805733362377
9.837529427874554,-9.837529427874554
25.0,-10.271051893335905
13.24198264318682,-10.117138416462502
-9.841127598698563,9.841127598698563
9.98915404902207,-9.98915404902207
9.85875854106411,-9.85875854106411
9.840347816194958,-9.840347816194958
-10.074698296121893,10.074698296121893
-10.078281191208628,10.078281191208628
-10.037882763389637,10.037882763389637
-9.957409079829445,9.957409079829445
-9.988075082969363,9.988075082969363
-9.983829054222408,9.983829054222408
-10.0,10.0
-10.0,10.0
-10.0,10.0
-10.0,10.0
-10.0,10.0
-10.0,10.0
-10.0,10.0
-25.0,10.0
-10.0,10.0
-10.0,10.0
-25.0,10.0
-10.0,10.0
-10.0,10.0
-10.0,0.0
0.0,0.0
0.0,0.0
0.0,0.0
0.0,0.0
10.0,-10.0
0.0,10.0
-9.025,0.0
0.0,0.0
0.0,0.0
25.0,-10.0
6.462499999999999,-10.0
-10.0,10.0
-10.0,10.0
-10.0,10.0
-10.0,10.0
-10.0,10.0
10.0,-10.0
-10.0,10.0
10.0,-10.0
25.0,-10.0
25.0,0.0
25.0,-10.0
-10.0,10.0
-10.0,10.0
-10.0,10.0
-10.0,10.0
-10.0,10.0
-10.0,10.0
15.0,10.0
-10.014649349458557,10.014649349458557
-9.99883472917508,10.261230456854353
-6.370317719259583,10.42645077540739
-10.221516454363858,10.221516454363858
9.86429670093746,-9.86429670093746
9.864296700937462,0.0
0.0,0.0
-9.790882592361342,9.790882592361342
-25.0,9.665277334712368
6.8047263175024995,10.186656137109836
-10.249830827274574,10.249830827274574
-10.072220924583347,10.072220924583347
-25.0,9.727357615438612
6.374061524473796,10.548533915483421
-9.899864060967415,9.899864060967415
-25.0,10.029453120447846
-24.999999999998053,1.2029488516418496e-11
-10.024717622168154,10.024717622168154
-9.781659636695451,9.781659636695451
-15.372558696966411,10.218105576504595
-9.841426131377,9.841426131377
-9.985003308726666,9.985003308726666
-10.047236327102341,10.047236327102341
-9.793805435561831,9.793805435561831
-9.930900098873012,9.930900098873012
-9.6026296525529,9.6026296525529
-10.210293235080359,10.210293235080359
-9.453364575630177,9.453364575630177
-10.321375161939777,10.321375161939777
9.604406963382651,-9.604406963382651
-10.193742659125618,10.193742659125618
-10.510439757191063,10.510439757191063
-10.091746728965449,10.091746728965449
-9.215431506328489,9.215431506328489
-10.222778591200433,10.222778591200433
9.373514973490298,-9.373514973490298
9.601036005590855,-9.601036005590855
-9.46199677741232,9.46199677741232
9.72548437021748,-9.72548437021748
-10.700186622686301,10.700186622686301
-10.917532297827611,10.917532297827611
-9.752222294930393,9.752222294930393
-10.17359896152536,10.17359896152536
-9.889778326926432,9.889778326926432
-10.41182425203237,10.41182425203237
10.119409915637316,-10.119409915637316
9.917129884613143,-9.917129884613143
9.808562014729768,-9.808562014729768
9.96925651859673,-9.96925651859673
-9.978182466445952,9.978182466445952
-10.0,10.0
-10.0,10.0
10.0,-10.0
25.0,0.0
25.0,-10.0
10.0,-10.0
10.0,-10.0
10.0,-10.0
10.0,-10.0
-10.0,10.0
-25.0,10.0
-10.0,10.0
-10.0,10.0
-25.0,10.0
-25.0,10.0
-25.0,9.024999999999993
-25.0,0.0
0.0,0.0
0.0,0.0
0.0,0.0
0.0,0.0
0.0,0.0
0.0,0.0
0.0,0.0
25.0,-10.0
25.0,-10.0
25.0,0.0
10.0,-10.0
-10.0,10.0
-10.0,10.0
-9.999999999999996,9.999999999999996
-10.0,10.0
-10.0,10.0
25.0,-10.0
15.0,10.0
10.0,-10.0
10.0,-10.0
9.999999999999996,-9.999999999999996
9.999999999999998,-9.999999999999998
10.263157894736842,-9.946435930787613
9.938386561189201,-9.938386561189201
9.94054087405925,-9.94054087405925
9.945926666096046,-9.945926666096046
9.944368221819866,-9.949158140331956
9.951743319720684,-9.951743319720684
-10.04653322899711,10.04653322899711
-10.329515438002993,10.095436209054444
-10.277983162974682,10.277983162974682
9.558309620497685,-9.558309620497685
9.539495986963425,-9.539495986963425
10.211110886422668,-10.211110886422668
0.12609849927307337,10.085012387149598
0.0,0.0
-9.71887562671666,9.71887562671666
-9.81404380525884,9.81404380525884
-10.65160847639928,10.65160847639928
-9.979439745174018,9.979439745174018
-25.0,9.737963414864439
-25.0,9.97766685237545
15.060325691185248,9.939674308800285
-1.435879672748225,9.99196801931129
-25.0,9.880465117194968
-25.0,0.0
-10.271553655448704,10.271553655448704
-24.48497432644212,9.977555770448596
-25.0,9.91375624444527
-25.0,9.821813859813194
-9.972309042846424,9.972309042846424
-10.077294717822115,10.077294717822115
-9.771032378261024,9.771032378261024
-9.885525025192875,9.885525025192875
-9.925098592783856,9.925098592783856
-9.976761155983157,9.976761155983157
-9.764213462705404,9.764213462705404
-10.04540978678228,10.04540978678228
-9.937007080261033,9.937007080261033
-10.108616665459913,10.108616665459913
-10.08347680574023,10.08347680574023
14.485705826151031,10.514294173823624
9.897241643887297,-9.897241643887297
24.999999999984354,-10.346854578913154
25.0,-9.897152020969035
25.0,-9.768515362781962
9.423086545645937,-9.423086545645937
9.56228040491584,-9.56228040491584
9.531638834080056,-9.531638834080056
9.70721707357491,-9.70721707357491
10.413261374461115,-10.413261374461115
-10.14183836650593,10.14183836650593
10.368185464606722,-10.368185464606722
-10.025256937546004,10.025256937546004
9.751402434572492,-9.751402434572492
9.505023983092926,-9.505023983092926
9.93661277097805,-9.93661277097805
-9.998058393635672,9.998058393635672
10.029597840554088,-10.029597840554088
-10.03442824761078,10.03442824761078
-10.012337825435964,10.012337825435964
9.966443808136715,-9.966443808136715
24.074996571613834,-10.0
10.0,-10.0
10.0,-10.0
-10.0,10.0
0.0,10.0
0.0,0.0
-10.0,10.0
-25.0,10.0
-20.000000000000014,10.0
-25.0,10.0
-25.0,10.0
-25.0,10.0
-25.0,0.0
0.0,0.0
9.999999999999996,-9.999999999999996
0.0,0.0
0.0,0.0
0.0,0.0
0.0,0.0
15.0,10.0
-22.5625,0.0
10.0,-10.0
0.0,0.0
0.0,0.0
0.0,0.0
0.0,10.0
-9.025,10.000000000000002
15.0,10.0
10.0,-10.0
-10.0,10.0
10.0,-10.0
-10.0,10.0
-25.0,10.0
-17.41175462950735,10.0
10.0,-10.0
10.0,-10.0
-10.055682870492655,10.055682870492655
-10.053420516173956,10.053420516173956
14.95001986350764,10.04998013649236
25.0,-9.96553094230543
25.0,-9.973501911265535
24.045725948210865,-9.985566081335362
25.0,-9.993537050911824
9.993537050911826,-9.935801376869634
-0.33937114906256627,10.275172525932202
-10.410773707332043,10.410773707332043
-10.21063847265986,10.21063847265986
-12.636053592132006,-9.926446407867994
25.0,-10.137978269547567
0.2916897792812225,9.846288490266346
-9.524111140093394,9.524111140093394
-9.330702357895667,9.330702357895667
-10.70498271110792,10.70498271110792
-10.241240281215003,10.241240281215003
-9.46058426972873,9.46058426972873
-10.002970179248868,10.002970179248868
-10.079797216913011,10.079797216913011
-24.999999999953364,10.121001038010114
-25.0,10.039805198654376
-25.0,6.458833468059311e-12
-25.0,10.29728363790483
-24.920525930563684,9.706570147580416
-9.960771669988521,9.960771669988521
-9.855793568780562,9.855793568780562
-10.244134091639156,10.244134091639156
-9.629318978922809,9.629318978922809
-9.965935086145548,9.965935086145548
-9.88716979508717,9.88716979508717
10.037261043840905,-10.037261043840905
-10.018954616065015,10.018954616065015
10.075112210418252,-10.075112210418252
-9.91808780844548,9.91808780844548
-9.86012450163346,9.86012450163346
-10.10710948567957,10.10710948567957
-10.146006463352405,10.146006463352405
9.680541632445859,-9.680541632445859
9.770553968598755,-9.770553968598755
-9.924045207920628,9.924045207920628
-10.06862275375934,10.06862275375934
9.789651855103523,-9.789651855103523
-10.112111959272113,10.112111959272113
-10.216924699884402,10.216924699884402
-10.244134091639156,10.244134091639156
18.747623323010437,-9.835306527042741
-10.24544940263674,10.24544940263674
-10.03313018468582,10.03313018468582
-9.51533819246075,9.51533819246075
-9.464909206682165,9.464909206682165
-10.016487776797227,10.016487776797227
-10.402026478952347,10.402026478952347
-10.205732367372471,10.205732367372471
-10.155420301633379,10.155420301633379
-9.906096187033336,9.906096187033336
-9.996396720827438,9.996396720827438
14.943413504067172,10.056586495932828
14.948247441604137,10.051752558395863
15.0,10.0
-10.0,10.0
10.0,-10.0
10.0,0.0
-10.0,10.0
-10.000000000000004,10.000000000000004
-10.0,10.0
-25.0,10.0
-10.0,10.0
-25.0,10.0
-25.0,10.0
-25.0,10.0
-25.0,10.0
-20.00000000000001,0.0
10.0,-10.0
0.0,0.0
0.0,0.0
0.0,0.0
0.0,0.0
0.0,10.0
0.9749999999999996,-10.0
10.0,-10.0
10.0,-10.0
25.0,0.0
-22.5625,10.0
-10.0,10.0
-10.0,10.0
-10.0,10.0
-10.0,10.0
-10.0,10.0
-10.000000000000004,10.000000000000004
-10.0,10.0
-9.974935933904296,10.0
-10.0,10.0
-10.0,10.0
-10.0,10.0
-10.022620319651372,10.022620319651372
-10.022620319651372,10.022189455598111
9.977164249554706,-9.977164249554706
9.973932775318797,-9.973932775318797
14.97156302672399,10.02843697327601
25.0,-5.841761169637792
25.0,0.0
-10.105561488419179,10.105561488419179
-10.34532319857808,10.34532319857808
9.596073767639432,-9.596073767639432
-10.189413461927831,10.189413461927831
-10.11358631939225,10.11358631939225
-10.009209701572345,10.009209701572345
15.111875910177538,9.888124089822462
-9.897016324297022,9.897016324297022
-9.474660748221604,9.474660748221604
-9.40696514986315,9.40696514986315
-9.6330402234726,9.6330402234726
0.0,0.0
0.0,0.0
-10.332167149822556,10.332167149822556
-10.02037406636903,10.02037406636903
-24.999999999951157,10.001000368489045
-25.0,0.0
-9.875758020544302,9.875758020544302
-10.010726979709673,10.010726979709673
-25.000000000000004,10.030387218469167
-9.759905251155734,9.759905251155734
-9.991179716318975,9.991179716318975
-9.76939391983985,9.76939391983985
-10.086661575075075,10.086661575075075
-9.758501579534506,9.758501579534506
9.731066237042167,-9.731066237042167
10.275006662391023,-10.275006662391023
9.910755770125446,-9.910755770125446
10.029615956454268,-10.029615956454268
-10.218244428913172,10.218244428913172
-10.048312433268798,10.048312433268798
-10.064073443936596,10.064073443936596
-10.490410297254225,10.490410297254225
-10.183211966229882,10.183211966229882
9.850659185399877,-9.850659185399877
10.116088187335833,-10.116088187335833
9.800020974287463,-9.800020974287463
-10.018526067040368,10.018526067040368
9.861523755223502,-9.861523755223502
-10.30297090633057,10.30297090633057
-10.188332464369715,10.188332464369715
9.834923420624541,-9.834923420624541
10.060622330436216,-10.060622330436216
10.308394986327329,-10.308394986327329
10.502762165717876,-10.502762165717876
-9.95392403723022,9.95392403723022
9.643075781302308,-9.643075781302308
-10.219039674525915,10.219039674525915
15.021261538382694,9.978738461617306
-9.936235660459307,9.936235660459307
-9.99936548246027,9.99936548246027
20.907049765089134,-10.000000000000002
25.0,0.0
-10.0,10.0
0.0,0.0
-10.0,10.0
-10.0,10.0
-10.0,10.0
-10.0,10.0
-10.0,10.0
-25.0,10.0
-10.0,10.0
-20.000000000000007,9.999999999999998
-25.0,10.0
-25.0,10.0
-25.0,10.0
-25.0,3.552713678800501e-15
0.0,0.0
0.0,0.0
0.0,0.0
0.0,0.0
10.0,-10.0
0.0,0.0
0.0,0.0
0.0,0.0
10.0,-10.0
0.0,0.0
0.0,0.0
0.0,0.0
0.0,0.0
0.0,0.0
0.0,0.0
0.0,0.0
10.0,-10.0
15.263157894736842,-10.0
10.0,-10.0
10.0,-10.0
10.0,-10.0
25.0,-10.0
10.0,-10.0
-10.0,10.0
25.0,-10.0
25.0,-10.0
25.0,-10.0
25.0,-10.0
15.0,10.0
-10.046317800668607,10.046317800668607
0.0,0.0
-10.295458675453045,10.295458675453045
-10.094823729896824,10.094823729896824
-9.915158022624562,9.915158022624562
-9.787223831395409,9.787223831395409
-9.605693241603898,9.605693241603898
-10.339313630832951,10.339313630832951
-25.0,10.12868336308814
16.477913171093473,3.552713678800501e-15
0.0,0.0
-10.218291133814235,10.218291133814235
-9.97666774618103,9.97666774618103
-9.970003461716775,9.970003461716775
-9.513474414449295,9.513474414449295
-9.866269351860183,9.866269351860183
-25.0,5.341149744708673e-11
-10.299314669953883,10.299314669953883
-9.767001871528503,9.767001871528503
-9.756425104879009,9.756425104879009
-10.211834496815536,10.211834496815536
-10.219622223494614,10.219622223494614
-9.808706823591095,9.808706823591095
-9.949026018517761,9.949026018517761
9.768411854622842,-9.768411854622842
10.283191380729164,-10.283191380729164
-9.979415130428867,9.979415130428867
-10.100296250449757,10.100296250449757
10.02053879581738,-10.02053879581738
-10.080038315186082,10.080038315186082
-9.611746575470423,9.611746575470423
-10.373565364291661,10.373565364291661
-9.623276374560582,9.623276374560582
9.837044706739167,-9.837044706739167
10.094901834376646,-10.094901834376646
-10.20213944296049,10.20213944296049
9.635227780054958,-9.635227780054958
9.987698307747632,-9.987698307747632
9.603611086622596,-9.603611086622596
9.60757153600352,-9.60757153600352
10.28066742262967,-10.28066742262967
9.750582574214594,-9.750582574214594
10.32388018561992,-10.32388018561992
10.159907482892626,-10.159907482892626
10.565078179965042,-10.565078179965042
-9.900131036280266,9.900131036280266
9.802398821784298,-9.802398821784298
10.004809105834921,-10.004809105834921
-9.90458841555239,9.90458841555239
-9.989534488473067,9.989534488473067
-10.0,10.0
-10.003151210723018,10.003151210723018
-10.022189455598111,10.022189455598111
-7.299168975128435,10.0
-10.0,10.0
-10.0,10.0
10.0,-10.0
25.0,0.0
0.0,0.0
-10.0,10.0
-25.0,10.0
-10.0,10.0
-20.000000000000018,10.000000000000002
-25.0,10.0
-25.0,10.0
-25.0,10.0
-25.0,10.0
-9.999999999999998,9.999999999999998
-9.999999999999998,0.0
0.0,0.0
0.0,0.0
0.0,0.0
10.0,-10.0
10.0,-10.0
0.0,0.0
0.0,9.999999999999996
-9.024999999999997,10.0
-9.9049375,10.0
-9.99073140625,10.0
-9.999096312109375,9.999096312109375
-9.998998683777701,10.0
-10.0,10.0
-10.0,10.0
-10.0,10.0
15.0,10.0
25.0,-10.0
25.0,-10.0
25.0,-10.0
24.182825484764543,-10.0
10.0,-10.0
-10.000000000000004,10.000000000000004
-10.000000000000004,10.000000000000004
-10.0,10.0
-10.0,10.0
-10.0,10.0
-10.0,10.0
-10.0,10.0
-10.07864160590864,10.07864160590864
-10.118870205792398,10.118870205792398
10.0,-10.0
10.0,0.0
-9.992627883825675,9.992627883825675
-9.69146426782216,9.69146426782216
-9.535674389991074,9.535674389991074
-9.946018286003849,9.946018286003849
0.0,0.0
0.0,0.0
-10.208802149556465,10.208802149556465
-10.191216176436878,10.191216176436878
0.0,0.0
-10.108410280288986,10.108410280288986
-9.489791242725017,9.489791242725017
-9.226636264553118,9.226636264553118
-10.634760630060729,10.634760630060729
-25.0,9.864844852377672
-25.0,9.908344787394748
-9.586679928838898,9.586679928838898
-20.006212382989084,10.233022743216658
-9.840562090707278,9.840562090707278
-9.77672911389644,9.77672911389644
-9.80884252026311,9.80884252026311
-10.157242147795312,10.157242147795312
-9.679926263816952,9.679926263816952
-9.938465661698377,9.938465661698377
10.358359763258157,-10.358359763258157
10.03983296913609,-10.03983296913609
-9.965098815957544,9.965098815957544
-9.561539437971902,9.561539437971902
-10.064310124178485,10.064310124178485
9.59766883468293,-9.59766883468293
10.356284550897284,-10.356284550897284
9.913467810123825,-9.913467810123825
-9.83514621562557,9.83514621562557
10.20935913705904,-10.20935913705904
-10.060107314229867,10.060107314229867
-10.070554064533148,10.070554064533148
-9.929063144622308,9.929063144622308
-9.930812684970343,9.930812684970343
-10.532306486952267,10.532306486952267
-9.32970893202705,9.32970893202705
-10.140698514461,10.140698514461
-9.613076087282524,9.613076087282524
-10.098146641599515,10.098146641599515
-10.07365429957493,10.07365429957493
-10.091296316603461,10.091296316603461
-9.97490057562039,9.97490057562039
-10.0,10.0
10.0,-10.0
10.0,-10.0
-10.0,10.0
-10.0,10.0
-10.0,10.0
-10.0,10.0
-10.0,10.0
-10.0,10.0
-10.0,10.0
-10.0,10.0
-10.0,10.0
-10.0,10.0
-25.0,10.0
-25.0,10.0
-25.0,10.0
-10.0,10.0
-10.0,0.0
10.0,-10.0
0.0,0.0
0.0,0.0
0.0,10.0
-8.919667590027702,10.0
-10.000000000000004,10.000000000000004
-10.0,10.0
-10.0,10.0
-10.0,10.0
-10.0,10.0
-10.0,10.0
-10.0,10.0
-10.0,10.0
-10.0,10.0
-10.0,10.0
-10.0,10.0
-10.0,10.0
-10.0,10.0
-10.0,10.0
-9.989735668397978,10.0
-10.0,10.0
-10.002585179388728,10.002585179388728
-10.007109243319002,10.007109243319002
-10.009263559270824,10.009263559270824
-10.009263559270824,10.011633307249268
-10.011402256821368,10.011402256821368
9.970055003770284,-9.970055003770284
10.193964617490753,-9.9569136735673
9.848336139240716,-9.848336139240716
9.57921637519779,-9.57921637519779
-10.113124950707395,10.113124950707395
-9.857542162407633,9.857542162407633
-10.225340733712285,10.225340733712285
24.99999999999934,6.608047442568932e-13
25.0,-9.956919777945208
25.0,-9.968124536169839
24.108809585968366,-10.25062481059269
25.0,-9.972730018103324
9.972730018103324,0.0
-10.478869137512458,10.478869137512458
-12.603056418586396,-10.09524896539808
25.0,-10.112662319727917
10.263139199489107,-10.263139199489107
9.876557684188224,-9.876557684188224
10.065715058094334,-10.065715058094334
9.788547978455357,-9.788547978455357
10.180390737746578,-10.180390737746578
10.263139199489103,-10.263139199489103
10.2592014714114,-10.2592014714114
-14.90176949470144,-10.09823050529856
-25.0,0.0
-25.0,0.0
-0.7557254724036646,-9.98179140005742
9.77791314625319,-9.77791314625319
9.801902424423643,-9.801902424423643
10.011310159825687,-10.011310159825687
10.10233801200311,-10.10233801200311
9.919981881527892,-9.919981881527892
10.061817092297266,-10.061817092297266
10.293186229557264,-10.293186229557264
9.775558966780546,-9.775558966780546
10.413966997155596,-10.413966997155596
9.803951128597426,-9.803951128597426
9.606966896878912,-9.606966896878912
9.726693017319388,-9.726693017319388
9.882652042630012,-9.882652042630012
10.032644516829468,-10.032644516829468
9.249517879191538,-9.249517879191538
10.05796551582761,-10.05796551582761
9.50097611980933,-9.50097611980933
0.0,0.0
10.520350979000366,-10.520350979000366
9.543671973151296,-9.543671973151296
0.0,0.0
9.861289126210377,-9.861289126210377
9.956000906352784,-9.956000906352784
21.07544186116582,-9.939139786197332
-9.981908734287334,9.981908734287334
-10.050512622659062,10.050512622659062
-10.005742424783776,10.005742424783776
-10.00062684762064,10.00062684762064
-10.0,10.0
-10.0,10.0
-10.0,10.0
10.0,-10.0
10.0,-10.0
10.0,-10.0
10.0,-10.0
-10.0,10.0
-10.0,10.0
-10.0,10.0
-10.0,10.0
10.0,-10.0
-10.050512622659062,0.0
10.0,-10.0
10.0,-10.0
10.0,-10.0
0.0,0.0
10.0,-10.0
10.0,-10.0
10.0,-10.0
10.0,-10.0
10.0,-10.0
10.0,-10.0
0.0,0.0
0.0,0.0
0.0,0.0
10.0,-10.0
0.0,0.0
0.0,10.0
-9.025,10.0
-9.9049375,10.0
25.0,0.0
25.0,-10.0
25.0,-10.0
25.0,-10.0
24.193095394736844,-10.0
10.0,-9.94980443517914
9.949730108726166,-9.961006875909735
9.962299468069519,-9.962299468069519
9.957948288010867,-9.96553094230543
9.96553094230543,-9.96553094230543
9.970701301082887,-9.970701301082887
9.970701301082887,-9.968546983282002
9.792323935587731,-9.792323935587731
9.968546983282009,-9.56740918686414
9.567409186864136,-9.68606306691545
9.698881630134284,-9.882772907340204
9.896560570677721,-9.90120682687306
9.907787484318515,-9.907787484318515
9.907787484318511,-10.056514823731664
10.07258232023337,-10.07258232023337
-10.248514253982364,10.248514253982364
0.0021854113808377207,10.070396908852532
0.0,0.0
0.0,0.0
-18.90603052420267,10.038142756635349
9.82591442389731,-9.82591442389731
9.825914423897316,-9.825914423897316
9.82591442389731,-9.82591442389731
9.82591442389731,-9.82591442389731
9.82591442389731,-9.82591442389731
-9.910381499769606,9.910381499769606
9.82591442389731,-10.096406489567741
-10.335902226596833,-10.002939253030593
-25.0,0.0
-25.0,9.704643254837794
-25.0,9.757448194671277
-9.984870136643899,9.984870136643899
9.795185754732518,-9.795185754732518
10.051483317362782,-10.051483317362782
0.04317552529885926,-10.028045661942759
9.839865304075161,-9.839865304075161
10.119122743610491,-10.119122743610491
9.820887966706929,-9.820887966706929
10.023467950490987,-10.023467950490987
9.987988635511014,-9.987988635511014
9.858066961397315,-9.858066961397315
9.99963645914846,-9.99963645914846
9.84933251375068,-9.84933251375068
21.222588454383803,-9.582225922260221
9.981032760988754,-9.981032760988754
10.329255667273678,-10.329255667273678
9.862730508883475,-9.862730508883475
9.449861076902927,-9.449861076902927
10.127819953565734,-10.127819953565734
10.040718468814406,-10.040718468814406
-9.931415430653015,9.931415430653015
-9.831416135013416,9.831416135013416
-10.505427185241533,10.505427185241533
-9.926069612922907,9.926069612922907
-9.961680758797613,9.961680758797613
14.91414576095336,10.08585423904664
15.03924411855595,9.96075588144405
13.61921488980088,-9.99641952718762
-9.966350485856964,9.966350485856964
-9.971134721775844,9.971134721775844
25.0,-10.0
25.0,-10.0
-10.0,10.0
-10.0,10.0
-10.0,10.0
-10.0,10.0
10.0,-10.0
-25.0,10.0
-10.0,10.0
-10.0,10.0
10.0,-10.0
-25.0,4.0249999999999915
-25.0,0.0
-25.0,0.0
0.0,0.0
10.0,-10.0
10.0,-10.0
10.0,-10.0
0.0,10.0
-9.025000000000002,10.0
-9.904937499999999,9.904937499999999
-9.904937499999999,0.0
0.0,0.0
0.0,0.0
0.0,0.0
0.0,0.0
0.0,0.0
0.0,0.0
0.0,0.0
10.0,-10.0
10.0,-10.0
25.0,-10.0
-10.000000000000004,10.000000000000004
-10.0,10.0
-10.0,10.0
15.0,10.0
-10.020896865903747,10.020896865903747
14.978456836775878,10.021543163216348
14.983842628775166,10.01615737117955
15.263157894789902,-9.995260504351275
9.995260504351267,-9.990951872139451
9.990951872139446,-9.985566081335364
9.985566081335369,-9.978456836783652
9.86557067178613,-9.86557067178613
9.629959337040592,-9.629959337040592
9.554934796928606,-9.554934796928606
9.873514607424857,-9.873514607424857
9.97845683678366,-9.988645344288837
9.98974604177555,-9.959931612916648
9.959931612916634,-9.959931612916634
9.959931612916634,-9.959931612916634
-9.559705323884097,9.559705323884097
9.959931612916634,0.0
0.0,0.0
0.0,0.0
0.0,-10.187128235299042
1.0786943728987701,10.208982342113956
-10.143490710167965,10.143490710167965
0.0,0.0
-24.99999999996562,-1.446309738639684e-11
10.030768431445436,-10.030768431445436
-9.786968847881479,9.786968847881479
-10.024092155182261,10.024092155182261
-25.000000000000004,9.62647692257822
-24.99999999995307,10.11879580930303
-24.562770806443886,9.817498074495784
-9.988374897665777,9.988374897665777
-9.775930081399824,9.775930081399824
-25.0,10.274649433012598
-9.73011825377999,9.73011825377999
-9.82772202979803,9.82772202979803
-10.040544272156376,10.040544272156376
-9.985693783885669,9.985693783885669
9.649973274698233,-9.649973274698233
9.996128542390025,-9.996128542390025
10.059762076650369,-10.059762076650369
10.02045295978299,-10.02045295978299
9.256955319112627,-9.256955319112627
-10.056946528492869,10.056946528492869
24.99999999997445,-9.77426132790769
-9.538845905232371,9.538845905232371
9.529782629836344,-9.529782629836344
-10.683270612438086,10.683270612438086
-9.924656158518353,9.924656158518353
-9.999276074033478,9.999276074033478
-10.130208846140523,10.130208846140523
14.1329323477194,10.867067652225916
15.529442971580846,9.470557028400922
-9.858191297417719,9.858191297417719
-10.25226453130849,10.25226453130849
-10.37891907136317,10.37891907136317
12.971679129454058,10.140920776931486
5.540166204986158,-5.540166204986158
5.540166204986158,-5.540166204986158
-10.0,10.0
5.540166204986158,-5.540166204986158
-10.0,10.0
5.540166204986158,-5.540166204986158
-10.0,10.0
-10.0,10.0
-10.0,10.0
-10.0,10.0
-10.0,10.0
5.540166204986158,-5.540166204986158
5.540166204986158,-5.540166204986158
5.540166204986158,-5.540166204986158
-25.0,10.0
-25.0,0.0
-15.0,-10.0
-15.0,-10.0
0.0,0.0
0.0,0.0
0.0,0.0
0.0,0.0
0.0,0.0
0.0,0.0
10.0,-10.0
10.0,-10.0
0.0,0.0
10.0,-10.0
0.0,0.0
0.0,0.0
10.0,-10.0
0.0,0.0
0.0,10.0
-9.025,9.999999999999998
-9.904937499999999,10.0
15.0,10.0
10.0,-10.0
10.0,-10.0
-10.0,10.0
25.0,-10.0
10.0,-10.0
10.0,-10.0
14.193095394769244,-10.0
10.0,-10.0
-10.0,10.0
10.0,-10.0
-10.007540106139555,10.007540106139555
-10.230727260443999,10.230727260443999
-10.44173029956978,10.44173029956978
14.738287508980191,10.261712490991004
-10.267741210112373,10.267741210112373
-9.889530286032931,9.889530286032931
14.82134933538819,10.178650664608218
-9.546414623794295,9.546414623794295
-25.0,9.38293989629593
-9.693090103297104,9.693090103297104
7.406355872977182,9.897865848578574
-10.221238591759882,10.221238591759882
0.0,0.0
-10.200712418888736,10.200712418888736
-9.968082249299956,9.968082249299956
-10.186074219288448,10.186074219288448
0.0,0.0
-15.137460728751975,-9.862539271248025
-10.33302929705034,10.33302929705034
-9.858946149602513,9.858946149602513
10.254509522296212,-10.254509522296212
-9.778544924712202,9.778544924712202
-10.062967042699185,10.062967042699185
-9.674307159300874,9.674307159300874
-9.89256736689684,9.89256736689684
-9.90421014135579,9.90421014135579
-10.316559507951494,10.316559507951494
10.214381176218248,-10.214381176218248
-9.75567593302002,9.75567593302002
9.957327499108569,-9.957327499108569
-10.1511301172288,10.1511301172288
-9.828047701810867,9.828047701810867
-10.240835084640894,10.240835084640894
-10.317617310845907,10.317617310845907
-10.130935927843604,10.130935927843604
-10.199795992992144,10.199795992992144
-10.236115996191304,10.236115996191304
-10.185861522644405,10.185861522644405
9.902826666448544,-9.902826666448544
9.957098392634421,-9.957098392634421
-10.192364233396862,10.192364233396862
-7.637270803063741,10.338101827994484
-9.738663988380425,9.738663988380425
-10.733754508032789,10.733754508032789
11.022357030238823,-11.022357030238823
10.006947354033551,-10.006947354033551
9.90075965900272,-9.90075965900272
9.879928484193194,-9.879928484193194
9.928982121086166,-9.928982121086166
10.007701614517742,-10.007701614517742
9.980079306961404,-9.980079306961404
9.993752482938454,-9.993752482938454
10.035780821801435,-10.035780821801435
10.0,-10.0
-10.0,10.0
-10.0,10.0
-10.0,10.0
-10.0,10.0
15.0,10.0
-10.0,10.0
-10.0,10.0
-25.0,10.0
-20.000000000000014,10.0
-25.0,10.0
-25.0,10.0
-25.0,10.0
-25.0,10.0
-10.0,0.0
0.0,0.0
0.0,0.0
0.0,0.0
0.0,0.0
0.0,0.0
15.0,10.0
-22.5625,10.0
-10.0,10.0
-10.0,10.0
-10.0,10.0
-10.0,10.0
-10.000000000000002,10.000000000000002
-10.000000000000004,10.000000000000004
15.0,10.0
-17.562500000000004,10.0
-25.0,10.0
-10.0,10.0
6.620498614958446,10.000000000000004
-10.0,10.0
-25.0,10.0
-10.0,10.0
6.62049861495845,10.0
-25.0,10.0
-10.0,10.0
10.0,-10.0
6.620498614958448,10.000000000000002
-25.0,10.0
-10.0,10.0
14.993752482938454,10.006247517061546
25.0,-5.729461349801568e-11
25.0,-3.438671569711005e-11
9.15635311537471,10.026472369481514
-10.067653153701738,10.067653153701738
-9.626765041326014,9.626765041326014
-10.131554136635415,10.131554136635415
-9.890672031519799,9.890672031519799
-25.0,9.658450845389005
2.6669580232001655,-9.887908868589172
25.0,-10.292202902045634
10.292202902045634,-3.552713678800501e-15
0.0,0.0
0.0,-9.932507631075918
11.005548621690764,0.0
0.0,0.0
-9.938403178114518,9.938403178114518
-14.774577532710854,-10.225422467289146
-10.108693034284627,10.108693034284627
10.17249256028795,-10.17249256028795
-9.903560059624738,9.903560059624738
-9.829718979892252,9.829718979892252
10.009213488456215,-10.009213488456215
9.973679894807434,-9.973679894807434
-10.011495085988017,10.011495085988017
-10.031777004849534,10.031777004849534
10.160734917018267,-10.160734917018267
10.110556812296082,-10.110556812296082
10.15650370544062,-10.15650370544062
9.98684120969834,-9.98684120969834
-10.31172996872236,10.31172996872236
-9.60395443076016,9.60395443076016
9.623081350041266,-9.623081350041266
9.694558783091432,-9.694558783091432
-9.868196875750119,9.868196875750119
-10.129252026815983,10.129252026815983
-10.018700894845708,10.018700894845708
-10.39005408780986,10.39005408780986
-25.0,4.874999999999993
-10.19473040466843,10.19473040466843
-11.155046916461643,11.155046916461643
-9.169788826188192,9.169788826188192
10.372237430347845,-10.372237430347845
-9.911462339540893,9.911462339540893
-9.780481284664504,9.780481284664504
-10.207418832436044,10.207418832436044
-10.078809629157027,10.078809629157027
-9.987260922660623,9.987260922660623
-9.92818040621348,9.92818040621348
-10.04658409552576,10.04658409552576
-10.025114804088236,10.025114804088236
-9.974962040986126,9.974962040986126
-9.935076305099548,9.935076305099548
-9.986164176004744,9.986164176004744
-10.0,10.0
15.0,10.0
-10.0,10.0
-10.0,10.0
15.0,10.0
0.0,0.0
-10.0,10.0
-25.0,10.0
-10.000000000000004,10.000000000000004
-15.00000000000001,10.0
-25.0,0.0
-25.0,0.0
-15.0,-10.0
10.0,-10.0
0.0,0.0
0.0,0.0
9.999999999999993,-9.999999999999993
9.999999999999991,-9.999999999999991
0.0,0.0
0.0,10.000000000000009
0.9750000000000014,-10.0
10.0,-10.0
10.0,-10.0
0.0,0.0
0.0,10.0
-9.025,10.0
-9.9049375,9.9049375
-9.9049375,9.9049375
-9.9049375,9.9049375
-9.9049375,9.9049375
10.0,-10.0
25.0,-10.0
-10.0,10.0
-10.0,10.0
25.0,-10.0
15.0,10.0
-10.0,10.0
-10.000000000000004,10.000000000000004
-10.0,10.0
24.288157894736848,-10.000000000000002
-10.0,10.0
-10.0,10.0
-10.016372803206183,10.016372803206183
9.703996979713967,-9.703996979713967
25.0,0.0
-10.19004318915808,10.19004318915808
-10.044542905949658,10.044542905949658
0.0,-10.0271904573354
11.110460340537834,-10.20117063183703
10.20117063183703,-10.20117063183703
9.692429923209076,-9.491332504460193
9.77793460526179,-9.77793460526179
10.000073213088157,-10.000073213088157
10.00007321308815,-9.937547342359851
9.937547342359855,-10.112650327928996
-3.850138770359436,-9.755076343073906
25.0,-9.896197726233744
10.102795593804093,-10.102795593804093
10.102795593804098,-10.102795593804098
9.551573327647716,-9.697534011518792
-9.937500006311474,9.937500006311474
10.264524883411939,-10.264524883411939
10.134984737848168,-10.134984737848168
10.16134460532137,-10.16134460532137
-10.07916670074862,10.07916670074862
-10.0695536960441,10.0695536960441
-9.850426923189168,9.850426923189168
-9.550743032057941,9.550743032057941
-10.379316378595888,10.379316378595888
10.052679972665768,-10.052679972665768
-9.982058375370269,9.982058375370269
-10.140415760465356,10.140415760465356
-10.099980045646593,10.099980045646593
-9.778007187202636,9.778007187202636
-10.11783204735806,10.11783204735806
-10.196504559761621,10.196504559761621
-10.235685553724725,10.235685553724725
9.91608896490932,-9.91608896490932
-9.489508488729376,9.489508488729376
-10.081123257414895,10.081123257414895
9.445428529332847,-9.445428529332847
9.76020883301266,-9.76020883301266
9.970807543391881,-9.970807543391881
10.264524883411944,-10.264524883411944
9.675880925122602,-9.675880925122602
9.754715326811613,-9.754715326811613
10.264524883411939,-10.264524883411939
-9.612787559275157,9.83198795447782
-10.02302583179914,10.02302583179914
10.042008218345867,-10.042008218345867
9.983970120577412,-9.983970120577412
9.951905253383682,-9.951905253383682
9.971774707615328,-9.971774707615328
10.006681828387183,-10.006681828387183
10.045324488209273,-10.045324488209273
9.988520665575166,-9.988520665575166
0.04532448820927648,10.0
-10.000000000000004,10.000000000000004
-10.0,10.0
-10.0,10.0
-10.0,10.0
-10.0,10.0
-25.0,10.0
-25.0,0.0
-10.0,10.0
-10.0,10.0
-25.000000000000007,9.999999999999998
-25.0,10.0
-25.0,10.0
-10.0,0.0
0.0,0.0
10.0,-10.0
10.000000000000004,-10.000000000000004
10.0,-10.0
0.0,2.7008310249307463
15.0,10.0
-25.0,10.0
-10.0,10.0
-10.0,10.0
-10.0,10.0
-10.0,10.0
-10.0,10.0
-10.0,10.0
-10.0,10.0
-10.0,10.0
-10.0,10.0
-10.0,10.0
15.0,10.0
-10.0,10.0
-10.0,10.0
-10.0,10.0
15.0,10.0
-10.0,10.0
-10.0,10.0
-10.0,10.0
-10.0,10.0
-10.0,10.0
-10.0,10.0
-0.8692030921017402,10.026282657940543
14.752280279124236,10.247719720875764
9.848252384020117,-9.848252384020117
10.025745918925745,-10.025745918925745
-10.063141554930871,10.063141554930871
-9.914605738352858,9.794582693476189
10.158735442334796,-10.158735442334796
10.158735442334796,-9.837264030429985
9.837264030429981,0.0
-25.0,9.90404919879131
16.63719426737836,-9.995766263833108
10.085387288652747,-10.085387288652747
10.085387288652747,-10.085387288652747
-25.0,9.877905183698706
25.0,4.525091412688198e-11
1.8411710185812293,-1.8411710185812293
-9.45570234527272,9.45570234527272
-17.471497508940264,10.017539583792178
-10.549286243078967,10.549286243078967
-9.681661918924128,9.681661918924128
-9.645278169846488,9.645278169846488
-10.18430448222644,10.18430448222644
10.10040417664005,-10.10040417664005
-10.14811638881542,10.14811638881542
-10.276649538843381,10.276649538843381
-9.36105738785194,9.36105738785194
-10.306379101813757,10.306379101813757
-9.690737817266392,9.690737817266392
-10.252277154254724,10.252277154254724
9.961141522313179,-9.961141522313179
10.10040417664005,-10.10040417664005
9.901574470182126,-9.901574470182126
9.787986257347942,-9.787986257347942
-9.753263056847388,9.753263056847388
-10.133505012975885,10.133505012975885
-9.578476591655061,9.578476591655061
-10.732357779031993,10.732357779031993
9.92961192720983,-9.92961192720983
10.100404176640057,-10.100404176640057
-9.894007645062143,9.894007645062143
-23.63975501297589,10.192869782393533
25.0,-10.397338790081513
10.10760241173001,-10.10760241173001
10.29470694880342,-9.917158128455343
9.953667318061184,-9.953667318061184
10.019789969733436,-10.019789969733436
10.019789969733436,-10.019789969733436
10.005794090108244,-10.005794090108244
9.991235040325517,-9.991235040325517
10.004001000595702,-10.004001000595702
10.019789969733434,-10.019789969733434
10.0,-10.0
10.0,-10.0
10.0,-10.0
10.0,-10.0
10.0,-10.0
10.0,-10.0
10.0,-10.0
10.0,-10.0
10.0,-10.0
-10.957139552315589,10.0
-25.0,10.0
-10.0,10.0
-25.0,10.0
-25.0,10.0
-25.0,10.0
-25.0,0.0
0.0,0.0
0.0,0.0
10.0,-10.0
10.000000000000007,-10.000000000000007
25.0,-10.0
25.0,-10.0
25.0,-10.0
10.0,-10.0
10.0,-10.0
10.0,-10.0
10.0,-10.0
-15.0,-10.0
-15.612500000000004,10.000000000000002
-10.0,10.0
-10.0,10.0
-10.0,10.0
-10.0,10.0
-10.0,10.0
-10.0,10.0
10.0,-10.0
25.0,-10.0
-10.0,10.0
-10.0,10.0
-10.0,10.0
9.182825484764543,10.0
15.0,10.0
15.0,10.0
-10.0,10.0
10.0,-10.0
10.0,-9.987935829930171
9.804286473990613,-9.758294716380437
9.72578716314027,-9.72578716314027
9.872191722659531,-9.872191722659531
9.941944072319991,-9.941944072319991
9.847061014575868,-9.847061014575868
9.684984909520235,-9.684984909520235
9.941944072319998,-9.975411131883432
9.979026686794711,-10.06642854362442
9.845519121693382,-9.845519121693382
10.075870849486916,-10.075870849486916
10.07587084948691,-10.07587084948691
9.880616592549774,-9.880616592549774
9.759550546366556,-9.759550546366556
-9.430339690552021,9.930607246520385
9.575603293518544,-9.575603293518544
-9.91902695564529,9.91902695564529
9.575603293518544,-9.575603293518544
9.575603293518542,-9.575603293518542
9.575603293518544,-9.575603293518544
-9.58813156765581,9.58813156765581
-10.696300238442408,10.088332222009148
10.249252065189742,-10.249252065189742
9.842249778618768,-9.842249778618768
-9.631761519019093,9.631761519019093
-10.220904714831992,10.220904714831992
9.866694114000957,-9.866694114000957
10.249252065189745,-10.249252065189745
-9.730707745369122,9.730707745369122
-10.267333804522673,10.267333804522673
9.876059077811982,-9.876059077811982
9.556311644789082,-9.556311644789082
10.113043532704186,-10.113043532704186
9.935829990524713,-9.935829990524713
-11.209949069504574,10.53360728156168
10.074456448361396,-10.074456448361396
-15.39377154547578,-9.60622845452422
10.084733420037827,-10.084733420037827
9.783648066300964,-9.783648066300964
-25.0,0.0
-25.0,0.0
-10.073708223223374,10.073708223223374
-10.073708223223374,9.949320133165013
-9.949320133165015,9.949320133165015
-9.949320133165015,9.949320133165015
-9.949320133165015,9.949320133165015
25.0,-9.865496038616522
25.0,0.0
14.871630159338945,10.128369840661055
9.063307732716432,10.041168767767111
9.988346576779227,-9.988346576779227
10.0,-10.0
10.0,-10.0
10.0,-10.0
10.0,-10.0
-10.0,10.0
-10.000000000000004,10.000000000000004
-10.0,10.0
-10.0,10.0
-10.0,10.0
-10.0,10.0
-10.975000000000014,10.0
-25.0,10.0
-25.0,10.0
-25.0,10.0
-25.0,10.0
-25.0,0.0
0.0,0.0
0.0,0.0
0.0,0.0
0.0,0.0
1.0803324099722982,10.0
-10.0,10.0
-10.0,10.0
-10.0,0.0
0.0,0.0
0.0,0.0
0.0,0.0
10.0,-10.0
0.0,0.0
1.0803324099722982,10.0
-10.000000000000004,10.000000000000004
-10.0,10.0
-10.0,10.0
-10.0,10.0
15.0,10.0
-10.0,10.0
15.0,10.0
15.0,10.0
19.182825484764543,-10.0
10.0,-10.0
10.0,-10.0
10.0,-10.0
10.0,-10.0
10.0,-10.0
-10.0,10.0
-25.0,10.005170358777457
-10.148432376661697,10.148432376661697
-10.19623060238164,10.19623060238164
-10.322134037688684,10.322134037688684
-9.807578016624117,9.807578016624117
-9.815471460477909,9.815471460477909
-8.267212709767145,9.881982395332297
25.0,-9.92819058346388
9.928190583463875,0.0
-10.077865906139206,10.077865906139206
-10.197951780547353,10.197951780547353
-10.255741521848655,10.255741521848655
-9.4630690966949,9.4630690966949
-25.0,9.992760109187474
6.644594714374321,9.983925940265593
0.0,0.0
-9.52083043636717,9.52083043636717
0.0,-8.8602145452114
9.489405611717567,-9.489405611717567
9.817412238461385,-9.817412238461385
9.81741223846139,-9.81741223846139
9.817412238461385,-9.817412238461385
9.527420245448646,-9.527420245448646
9.541804269403558,-9.956143466751818
10.276513842171363,-10.276513842171363
10.276513842171369,-10.276513842171369
10.068520507894846,-10.068520507894846
-10.027469424447172,10.027469424447172
10.276513842171369,-10.276513842171369
9.705641098737594,-9.705641098737594
10.211053136443647,-10.211053136443647
9.699074642106654,-9.699074642106654
-10.104395552239255,10.104395552239255
9.783812480175662,-9.783812480175662
9.6933596031992,-9.6933596031992
9.95892682639642,-9.95892682639642
10.211539119873656,-10.211539119873656
-10.194644568634038,10.194644568634038
10.276513842171369,-10.276513842171369
-10.72068376278111,10.72068376278111
9.230494468069551,-9.230494468069551
10.168259139694708,-9.8448728268462
9.497087936795594,-9.497087936795594
9.75925138254081,-9.75925138254081
9.300240348470062,-9.300240348470062
9.892231280953357,-9.892231280953357
9.953127529322852,-9.953127529322852
9.678713987618,-9.678713987618
9.869789733778024,-9.869789733778024
-10.087308658856395,10.087308658856395
9.95312752932286,-9.95312752932286
-10.0163749000452,10.0163749000452
-9.996198170758685,9.996198170758685
-9.99079892246397,9.99079892246397
9.95312752932286,-9.95312752932286
-10.0,10.0
-10.000000000000004,10.000000000000004
-25.0,10.0
-8.426373855718698,10.0
15.0,10.0
-20.000000000000014,10.0
-25.0,10.0
-10.0,10.0
-25.0,10.0
-25.0,10.0
-25.0,10.0
10.0,-10.0
-25.0,0.0
0.0,0.0
0.0,0.0
0.0,0.0
0.0,10.0
-9.024999999999999,10.0
-9.894667590027714,10.0
-9.999999999999988,10.0
-10.0,10.0
-10.0,10.0
-10.0,10.0
-10.0,10.0
15.0,10.0
-25.0,0.0
10.0,-10.0
10.0,-10.0
25.0,-5.678670360110807
-25.0,10.0
-10.0,10.0
10.0,-10.0
10.0,-10.0
25.0,-10.0
-10.0,10.0
-23.5375,10.0
-10.0,10.0
-10.0,10.0
-10.0,10.0
15.0,10.0
15.0,10.0
25.0,-5.8171745152354575
25.0,0.0
-10.541658827817056,10.541658827817056
0.0,0.0
-10.072913608757943,10.072913608757943
-9.927349895244694,9.927349895244694
-9.951950124012875,9.951950124012875
-9.556455546376148,9.556455546376148
-10.188970554301847,10.188970554301847
-10.087330591225477,10.087330591225477
-10.174523592337003,10.174523592337003
-9.98315720283994,9.98315720283994
-9.91973636522364,9.91973636522364
-9.748223345563453,9.748223345563453
-10.044670082132967,10.044670082132967
-9.867607384160989,9.867607384160989
-9.90505146072229,9.90505146072229
-25.0,0.0
-10.135097713216961,10.135097713216961
-9.888315958605219,9.888315958605219
-9.955574803023973,9.955574803023973
-9.948764723530719,9.948764723530719
-25.0,10.111413279198063
-9.934016073150882,9.934016073150882
-9.768562698830335,9.768562698830335
-9.887290975371018,9.887290975371018
-10.017448067431983,10.017448067431983
-9.797284950691239,9.797284950691239
-9.974911263212563,9.974911263212563
-10.018888976744593,10.018888976744593
-10.06724243458865,10.06724243458865
9.877158536428965,-9.877158536428965
9.8369115346564,-9.8369115346564
9.770252280183762,-9.770252280183762
10.215028733360054,-10.215028733360054
13.134539442125106,-9.785965954803189
25.0,-9.612448411281038
25.0,-9.942115586601943
10.077319332567273,-10.077319332567273
9.486439219352572,-9.486439219352572
9.443319866164455,-9.443319866164455
9.566947108138558,-9.566947108138558
9.704717730220576,-9.704717730220576
9.768511575898088,-9.768511575898088
9.350807555509911,-9.350807555509911
9.93073600057197,-9.93073600057197
10.40387053361031,-10.40387053361031
9.781637862113197,-9.781637862113197
9.675420818732372,-9.675420818732372
9.662824065111783,-9.662824065111783
9.820034551993903,-9.820034551993903
10.10394342887635,-10.10394342887635
-10.0,10.0
-10.0,10.0
10.403870533610302,-10.0
10.0,-10.0
10.0,-10.0
-10.0,10.0
10.0,0.0
-10.0,10.0
-10.0,10.0
-15.000000000000007,10.0
-10.0,10.0
-25.0,10.0
-25.0,0.0
-15.0,-10.0
-25.0,0.0
0.0,0.0
0.0,0.0
0.0,0.0
0.0,0.0
0.0,0.0
10.0,-10.0
0.0,0.0
0.0,0.0
0.0,0.0
0.0,10.0
-9.025,10.0
-9.9049375,0.0
0.0,0.0
21.0803324099723,-10.000000000000002
-10.0,10.0
-10.0,10.0
25.0,0.0
-10.0,10.0
25.0,-10.0
-10.0,10.0
-15.0,-10.0
25.0,-10.0
-19.63750000000001,10.000000000000002
-25.0,10.038131398449162
-10.038131398449162,10.038131398449162
25.0,-9.954759360697254
-10.049118408385837,10.049118408385837
-23.61646107541989,10.046317800668607
9.945926666096046,-9.945926666096046
8.965836902964778,10.165666919068787
-10.389794212904267,10.389794212904267
14.489333345350179,10.510666654649622
14.906837607570479,10.093162392385596
15.267967160834367,9.732032839150037
-10.070695441530969,10.070695441530969
-10.200493410771575,10.200493410771575
-9.542538748153136,9.542538748153136
-9.488580071033862,9.488580071033862
-9.873193037869543,9.873193037869543
-10.000285909732202,10.000285909732202
-10.118540194641794,10.118540194641794
-10.07369717814542,10.07369717814542
-9.906990976411148,9.906990976411148
-10.232602399107064,10.232602399107064
-9.885233435134873,9.885233435134873
-24.999999999999996,9.825587489589857
-25.0,0.0
-10.290679943582498,10.290679943582498
-9.920100537222494,9.920100537222494
-24.99999999996884,9.945492855866856
-25.0,9.849349554728096
-10.01731741993846,10.01731741993846
-9.932233081995326,9.932233081995326
-24.581907192898985,9.95182326340322
-9.964238562171696,9.964238562171696
9.9824484244089,-9.9824484244089
-9.972993837679615,9.972993837679615
-9.990345970720218,9.990345970720218
-9.990345970720218,9.990345970720218
-9.990345970720218,9.990345970720218
9.881752657710837,-9.881752657710837
9.848381374751947,-9.848381374751947
9.879565732275793,-9.879565732275793
9.90722197632723,-9.90722197632723
9.795072148216413,-9.795072148216413
9.845128441507438,-9.845128441507438
9.750080180954479,-9.750080180954479
9.671961815890592,-9.671961815890592
9.759256431719303,-9.759256431719303
9.978030393226991,-9.978030393226991
9.847982489650951,-9.847982489650951
-9.990345970720218,9.990345970720218
10.475082792128047,-9.789547715797093
-10.609041377108904,10.609041377108904
-9.514652766480243,9.514652766480243
-9.496054117499028,9.496054117499028
-10.172794564276598,10.172794564276598
-10.268821024269279,10.268821024269279
0.04136324429681615,10.225626919571432
-10.034424332525111,10.034424332525111
-9.979591082465353,9.979591082465353
-10.018517073191175,10.018517073191175
-10.050152222751567,10.050152222751567
15.0,10.0
10.0,-10.0
10.0,-10.0
10.0,-10.0
15.0,10.0
10.0,-10.0
10.0,-10.0
-10.0,10.0
-10.0,10.0
10.0,-10.0
-25.0,0.0
-25.0,10.0
-25.0,0.0
0.0,0.0
10.0,-10.0
10.0,-10.0
0.0,0.0
0.0,0.0
0.0,0.0
10.0,-10.0
10.0,-10.0
10.0,-10.0
10.0,-10.0
25.0,-10.0
-13.537500000000001,0.0
0.0,0.0
15.0,10.0
15.0,10.0
-10.0,10.0
-10.0,10.0
25.0,0.0
10.263157894736805,10.000000000000037
10.0,-10.0
10.0,-10.0
-10.0,10.0
10.0,-10.0
-10.01831168651502,10.01831168651502
-10.015726508359,10.015726508359
-10.009048127860549,10.009048127860549
-10.0,10.0
-10.0,10.0
-10.009263559270824,10.009263559270824
10.0,-9.837564555167122
9.837564555167127,0.0
0.0,0.0
-10.187635519950769,10.187635519950769
-9.897821037119439,9.897821037119439
-9.52263993570982,9.52263993570982
-10.73894348565594,10.73894348565594
-9.370769482684398,9.370769482684398
-9.874706529123003,9.874706529123003
-9.757532768411046,9.757532768411046
-10.33560690267133,10.33560690267133
-9.768308346463721,9.768308346463721
-10.196503928614309,10.196503928614309
-9.835509756477112,9.835509756477112
0.0,0.0
-9.587651264551607,9.587651264551607
-25.0,10.284261806569809
-25.0,0.0
-9.676143166830611,9.676143166830611
-9.400762865231064,9.400762865231064
-10.329102298476936,10.329102298476936
-25.000000000000004,9.908671090554897
-10.196851059635746,10.196851059635746
-9.905729312935057,9.905729312935057
-9.956895163200052,9.956895163200052
10.496254090213268,-10.496254090213268
10.238304815068282,-10.238304815068282
9.993343920450798,-9.993343920450798
9.897442979879731,-9.897442979879731
9.568200566699598,-9.568200566699598
10.193099520014993,-10.193099520014993
9.74180773314001,-9.74180773314001
9.980287376013635,-9.980287376013635
10.221179263912582,-10.221179263912582
9.946481232556982,-9.946481232556982
-10.021781524874122,10.021781524874122
-10.240108002937813,10.240108002937813
-9.97487970584698,9.97487970584698
9.90455159205142,-9.90455159205142
10.207987653950713,-10.207987653950713
-10.59850752847661,10.59850752847661
-9.82491342426096,9.82491342426096
-9.991247880228638,9.991247880228638
-10.43579396463616,10.43579396463616
-9.656097928210983,9.656097928210983
-9.483574126131106,9.483574126131106
-9.86229123035453,9.86229123035453
-10.108643015860176,10.108643015860176
15.655688450165597,-9.99904460075691
25.0,-9.913656049809541
25.0,-10.014935608047573
25.0,-9.981149232321957
9.98114923232197,-9.98114923232197
9.981149232321963,-9.981149232321963
-10.0,10.0
9.981149232321963,0.0
-10.0,10.0
-10.0,10.0
-10.0,10.0
-10.0,10.0
-25.0,10.0
-25.0,10.0
-10.0,10.0
-25.0,9.999999999999982
-25.0,0.0
-25.0,10.0
-10.0,0.0
10.0,-10.0
0.0,0.0
0.0,0.0
0.0,0.0
0.0,0.0
1.0803324099722982,10.0
-10.0,10.0
-10.0,10.0
-10.0,10.0
-10.0,10.0
-10.0,10.0
-10.0,0.0
10.0,-10.0
10.0,-10.0
25.0,-10.0
-10.0,10.0
10.0,-10.0
25.0,-10.0
25.0,0.0
25.0,-10.0
25.0,-10.0
10.0,-10.0
20.263157894736842,-10.0
10.0,-10.0
-10.0,10.0
10.0,-10.0
10.0,-10.0
10.0,-10.0
10.0,-10.0
10.0,-9.899608870358277
9.713873567314538,-9.713873567314538
-25.0,10.318950846222117
-25.0,10.267118109928898
-25.0,9.912917449668022
-25.0,9.185262033681857
-10.436267325119935,10.436267325119935
-9.445603357138191,9.445603357138191
-8.297462081910009,10.028928637031827
14.885762967729388,10.114237032270612
-10.065869058038388,10.065869058038388
15.028654719098547,9.971345280901453
25.0,0.0
0.0,0.0
0.0,0.0
-10.005371063622576,10.005371063622576
-25.0,9.343246410715729
-25.0,0.0
-1.2327504843193768,9.991437855569464
-9.876242741679686,9.876242741679686
-10.10439365879732,10.10439365879732
-9.868674023117766,9.868674023117766
-25.0,10.3047633646958
-25.0,10.046932745245414
-25.0,9.975844730086571
-9.767670256531591,9.767670256531591
9.735298079767123,-9.735298079767123
10.005058645703286,-10.005058645703286
10.261288044423885,-10.261288044423885
25.0,-9.791860870694478
10.233908874042285,-10.233908874042285
25.0,-9.941279316413942
-9.68963835864941,9.68963835864941
25.0,-9.517319995019491
24.999999999975252,-10.054887094814788
9.071437140605788,-9.071437140605788
9.96591299598964,-9.96591299598964
10.470149206253993,-10.470149206253993
9.400195463797845,-9.400195463797845
10.082914453485504,-10.082914453485504
9.584632171386083,-9.584632171386083
25.0,-10.3728903522418
10.467154412259973,-10.467154412259973
-9.95101634156521,9.95101634156521
-10.597481282947783,10.597481282947783
0.06592144326526883,10.40123296899471
0.0,0.0
-9.633311932390288,9.633311932390288
-10.009811106066982,10.009811106066982
-10.08314235683509,10.08314235683509
-10.078417104837538,10.078417104837538
-10.0,10.0
-10.0,10.0
-10.0,10.0
-10.0,10.0
-10.0,10.0
-10.0,10.0
-25.0,10.0
6.62049861495845,10.0
-10.0,10.0
-25.0,10.0
-25.0,10.0
-10.0,10.0
-10.0,10.0
-25.0,9.999999999999984
-25.0,0.0
-15.0,-10.0
10.0,-10.0
0.0,0.0
0.0,0.0
10.000000000000007,-10.000000000000007
0.0,0.0
0.0,10.0
25.0,0.0
-15.0,-10.0
3.412499999999998,-10.0
21.0803324099723,-10.000000000000002
-10.0,10.0
-10.0,0.0
10.0,-10.0
10.0,-10.0
21.0803324099723,-10.000000000000002
10.0,-10.0
-10.0,10.0
-10.0,10.0
-10.0,10.0
-10.0,10.0
-10.0,10.0
14.18282548476454,10.000000000000002
-10.0,10.0
25.0,-10.0
25.0,-10.0
25.0,-10.0
25.0,-10.0
3.019527577063477,-10.0
-25.0,10.002800610799005
-25.0,10.19625819535317
-15.440819514552288,-9.559180485447712
25.0,-9.679489352090428
25.0,-9.894192571224469
25.0,0.0
-25.0,9.434704074212423
24.999999999966548,-9.723592821724313
15.020829754728075,9.979170245271925
-9.826295005726273,9.826295005726273
-9.961264596038959,9.961264596038959
-9.862891451447958,9.862891451447958
-9.943654954895184,9.943654954895184
0.0,0.0
-9.858419141597242,9.858419141597242
-10.040552477071426,10.040552477071426
-9.921766766125387,9.921766766125387
-18.905011659941668,9.679979280191134
10.107058362747322,-10.107058362747322
9.606077610316724,-9.606077610316724
10.196347404081008,-10.196347404081008
-9.672042602746492,9.672042602746492
-10.030587292166977,10.030587292166977
-10.267785074850536,10.267785074850536
10.221642526039371,-10.221642526039371
10.128989469534318,-10.128989469534318
-9.961354218957222,9.961354218957222
9.90396462505154,-9.90396462505154
10.204722097759973,-10.204722097759973
10.030674390495992,-10.030674390495992
9.905225026233007,-9.905225026233007
9.591501894300297,-9.591501894300297
10.10868987854807,-10.10868987854807
10.06563995156423,-9.874712840596121
9.955121639254173,-9.955121639254173
9.768947067543163,-9.768947067543163
10.030715415071253,-10.030715415071253
9.926923870809297,-9.926923870809297
9.718214815481307,-9.718214815481307
9.706085426445032,-9.706085426445032
10.009507603103465,-10.009507603103465
9.584016487183519,-9.584016487183519
9.860700107981732,-9.860700107981732
10.030715415071256,-10.030715415071256
9.216895136944323,-9.216895136944323
9.88659261087063,-9.783070250937103
9.927193055137735,-9.927193055137735
9.927193055137728,-9.927193055137728
-9.590072976786605,9.590072976786605
9.927193055137728,-9.927193055137728
-10.209610807049582,10.209610807049582
-10.177936052995381,10.177936052995381
-9.969756411921791,9.969756411921791
-9.935008867872188,9.935008867872188
-10.0,10.0
-0.0728069448622719,10.0
-10.0,10.0
-10.0,10.0
-10.0,10.0
-10.0,10.0
-10.0,10.0
-9.999999999999986,9.999999999999986
-25.0,10.0
-25.0,10.0
-25.0,9.999999999999984
-25.0,0.0
-25.0,0.0
0.0,0.0
0.0,0.0
0.0,0.0
0.0,0.0
0.0,0.0
0.0,0.0
0.0,0.0
10.0,-10.0
0.0,0.0
0.0,0.0
10.0,-10.0
25.0,-9.736842105263158
25.0,-10.0
25.0,0.0
25.0,0.0
25.0,0.0
0.0,-10.0
-5.004739495648736,-10.0
10.0,-10.0
10.0,-10.0
10.0,-10.0
10.0,-10.0
10.0,-10.0
10.0,-10.0
-25.0,10.004739495648728
9.999569136794227,-9.999569136794227
-25.0,10.0
-25.0,10.0
-25.0,10.0
-10.0,10.02111229916309
-10.019053849994688,10.239973198747544
14.694359261607884,10.305640738352478
-10.20966887260226,10.20966887260226
-10.164770472929284,10.164770472929284
-9.377576722014751,9.377576722014751
-9.636420964047728,9.636420964047728
14.05813823559822,10.94186176439907
15.033149119105172,9.966850880894828
-9.501831639990343,9.501831639990343
-9.83465518301707,9.83465518301707
8.697943498883786,10.242850338007157
-9.368890557137462,9.368890557137462
-10.046275720893934,10.046275720893934
-10.089492270768053,10.089492270768053
0.0,0.0
0.0,0.0
-9.901332109614435,9.901332109614435
-14.813468198910568,-10.186531801089432
9.775887794529943,-9.775887794529943
-9.961366210756143,9.961366210756143
-9.917066612095148,9.917066612095148
-9.81543422278652,9.81543422278652
-10.022745286819088,10.022745286819088
-25.0,9.946878855363355
-9.727254107279492,9.727254107279492
-10.280587266921085,10.280587266921085
-25.0,0.0
-25.0,10.065449345076107
-14.77764806438229,10.106679043212992
-10.171332511529041,10.171332511529041
10.026152220007653,-10.026152220007653
9.960136104645638,-9.960136104645638
-9.875184938785274,9.875184938785274
-10.084499264385183,10.084499264385183
10.171879085100976,-10.171879085100976
9.582795532709032,-9.582795532709032
-10.341359179270174,10.341359179270174
-10.341359179270174,10.341359179270174
-10.132390091249764,9.79103091197959
9.901482638248275,-9.901482638248275
9.611825784458043,-9.611825784458043
9.228990444025765,-9.228990444025765
10.478741014608183,-10.478741014608183
9.836402198775858,-9.836402198775858
9.791099391462911,-9.791099391462911
9.871930427672487,-9.871930427672487
10.44854345590618,-10.44854345590618
-9.787570962416844,9.787570962416844
-10.0,10.0
-10.0,10.0
-10.0,10.0
10.001234570984654,-10.001234570984654
10.022618514964527,-10.022618514964527
-9.959594526012976,9.959594526012976
10.0,-10.0
10.0,-10.0
10.0,-10.0
10.0,-10.0
-10.0,10.0
10.0,-10.0
-10.0,10.0
-10.0,0.0
0.0,0.0
10.0,-10.0
0.0,0.0
10.0,-10.0
0.0,0.0
10.0,-10.0
0.0,0.0
10.0,-10.0
10.0,-10.0
10.0,-10.0
0.0,10.0
-8.919667590027702,10.0
-10.0,10.0
-10.0,10.0
-10.0,10.0
-10.0,10.0
-10.0,10.0
-10.0,10.0
-10.0,10.0
15.0,10.0
25.0,-10.0
-10.000000000000004,10.000000000000004
-10.0,10.0
-5.8171745152354575,10.0
-10.0,10.0
10.0,-10.0
25.0,0.0
25.0,-10.0
-25.0,10.0
-25.0,10.001292589694364
-25.0,10.0
-10.0,10.0
-23.663792589645332,10.0
-10.011848738043199,10.011848738043199
-10.194319310811624,10.194319310811624
14.65874456551486,10.341255434430812
14.775695767960357,10.224304232039643
14.87258966103956,10.12741033896044
-19.00617225085612,10.050685231587137
-10.275469293370497,10.275469293370497
9.922977306669228,-9.922977306669228
9.922977306669233,-10.148810650858294
10.173208158956285,-10.816700203310221
10.886218734417708,-10.886218734417708
1.4475737763907048,9.438644958027004
-10.624606100962769,10.624606100962769
-10.079416635084055,10.079416635084055
-10.308701092773507,10.308701092773507
-9.901261421115525,9.901261421115525
-9.983226629044228,9.983226629044228
0.0,0.0
0.0,-10.567424154522634
-9.26449248030896,9.26449248030896
9.797737483313728,-9.797737483313728
-10.915103011824874,10.915103011824874
-10.76960588435301,10.76960588435301
-10.647360854991533,10.647360854991533
-9.486812858561102,9.486812858561102
-9.394587719933382,9.394587719933382
-9.956436950251755,9.956436950251755
-9.917545021757416,9.917545021757416
-9.790291207330274,9.790291207330274
-9.92802332942628,9.92802332942628
-10.175882452499096,10.175882452499096
9.225509666601734,-9.225509666601734
9.77621031080622,-9.77621031080622
9.634744321214193,-9.634744321214193
-10.39979647771328,10.39979647771328
-9.979139950200963,9.979139950200963
11.526104779338155,-9.843115712730423
10.026068168320391,-10.026068168320391
9.752287934250809,-9.752287934250809
9.424286987832794,-9.424286987832794
9.855648404898874,-9.855648404898874
9.92260303631339,-9.92260303631339
9.906569370006931,-9.906569370006931
10.026068168320391,-10.026068168320391
9.788806748853155,-9.788806748853155
-10.954104759951452,10.954104759951452
-9.495148421106737,9.495148421106737
-9.655097559721934,9.655097559721934
-10.018048919672719,10.018048919672719
-10.388387858906967,10.388387858906967
-10.144594665709544,10.144594665709544
10.001594495066247,-10.001594495066247
10.026068168320391,-10.026068168320391
10.026068168320396,-10.026068168320396
10.0,-10.0
10.026068168320391,-10.0
10.0,-10.0
10.0,-10.0
10.0,-10.0
10.0,0.0
-10.0,10.0
0.0,0.0
-15.000000000000007,10.0
-10.0,10.0
-25.0,10.0
-15.0,-10.0
10.0,-10.0
-25.0,0.0
-25.0,0.0
0.0,0.0
10.0,-10.0
0.0,0.0
0.0,10.0
-9.024999999999995,10.0
-9.9049375,10.0
-9.99073140625,10.0
9.183826800986843,10.0
15.0,10.0
15.0,10.0
15.0,10.0
-10.0,10.0
-10.0,10.0
-25.0,0.0
-15.0,-10.0
-15.0,-10.0
-10.00000000000001,-10.0
10.0,-10.0
0.0,0.0
0.0,10.0
-9.025,10.0
-9.9049375,10.0
-9.99073140625,9.99073140625
-0.7961330236549795,10.0
15.0,10.0
15.0,10.0
15.0,10.0
9.989228418391825,-9.989228418391825
9.727263574489168,-9.727263574489168
9.528634888450014,-9.528634888450014
-0.29186818440980566,10.281096602801627
-10.049981817908245,10.049981817908245
-9.793915886341377,9.793915886341377
-9.018074266548759,9.018074266548759
-10.133238353236692,10.133238353236692
-10.031090316574403,10.031090316574403
-10.003189187366026,10.003189187366026
-24.999999999951342,9.795737377482945
6.501562409417092,10.345265981129609
-9.797550032562153,9.797550032562153
-9.925517043451512,9.925517043451512
-10.016719723434278,10.016719723434278
-10.640368373925195,10.640368373925195
-9.572669720813753,9.572669720813753
-9.925206518974157,9.925206518974157
-25.0,2.7462476737127872e-11
-10.109966058412331,10.109966058412331
-9.71375323513489,9.71375323513489
10.024874146701459,-10.024874146701459
-9.795799229919492,9.795799229919492
-10.299786136995724,10.299786136995724
-9.90262533045611,9.90262533045611
-9.950592526145403,9.950592526145403
-9.96248902182366,9.96248902182366
-10.096402071536561,10.096402071536561
10.307866084880125,-10.307866084880125
9.949142780770426,-9.949142780770426
-10.031824972045223,10.031824972045223
10.034667659537124,-10.034667659537124
10.065299132015923,-10.065299132015923
-10.144443111461324,10.144443111461324
-10.067374975524107,10.067374975524107
-10.289295837527938,10.289295837527938
-10.2303119655129,10.2303119655129
-10.310374895444134,10.310374895444134
9.918658365615256,-9.918658365615256
10.180345926287448,-10.180345926287448
9.555684915508563,-9.555684915508563
9.739516668398535,-9.739516668398535
-9.676660707626207,9.676660707626207
-9.84079561521261,9.84079561521261
-10.053150808560297,10.053150808560297
9.58874314940085,-9.58874314940085
10.697653828524444,-10.697653828524444
10.533160429265,-10.533160429265
9.89092985519663,-9.89092985519663
9.585035001157777,-9.585035001157777
9.88202965248726,-9.88202965248726
10.076959815279844,-10.076959815279844
10.109930576099401,-10.109930576099401
-9.988748031463368,9.988748031463368
-10.0,10.0
10.0,-10.0
10.0,-10.0
10.0,-10.0
10.0,-10.0
-10.0,10.0
10.0,-10.0
10.0,-10.0
10.0,-10.0
10.0,-10.0
-25.0,0.0
-15.0,-10.0
10.0,-10.0
-20.00000000002747,0.0
0.0,0.0
0.0,0.0
10.0,-10.0
0.0,10.0
-9.025,9.025
-9.025,10.0
15.0,10.0
-25.0,10.0
-10.0,10.0
-17.4674375,10.0
-10.0,10.0
-10.0,10.0
-10.0,10.0
-10.0,10.0
25.0,0.0
-10.0,10.0
-10.0,10.0
-10.0,10.0
-10.0,10.0
-10.0,10.0
-10.0,10.0
-10.0,10.0
25.0,-10.0
-10.0,10.0
-10.0,10.0
-10.0,10.0
25.0,0.0
15.0,10.0
-5.835701633777107,10.018527118541648
-10.296484692930596,10.296484692930596
-10.415590623614948,10.415590623614948
-10.313694256943199,10.313694256943199
-10.00577626019669,10.00577626019669
-9.863591393816634,9.863591393816634
-9.399689914801172,9.399689914801172
-9.932823835879079,9.932823835879079
-9.646410448123678,9.646410448123678
-17.642463208655986,9.924496478248493
-25.0,10.155466730407491
14.618319974721794,10.381680025278206
-10.05501774230831,10.05501774230831
-10.107346797068773,10.107346797068773
-25.0,9.921448036732972
6.421717954416129,10.285818846987775
-9.99215042088437,9.99215042088437
-25.0,10.007787095531768
-25.0,0.0
-9.880217076301467,9.880217076301467
-9.674112134781561,9.674112134781561
-9.73630980890778,9.73630980890778
-9.901147814599417,9.901147814599417
-10.306253503498725,10.306253503498725
-10.311424493423496,10.311424493423496
-9.92572090403319,9.92572090403319
-9.91382630179687,9.91382630179687
-10.26350842066645,10.26350842066645
-10.007993480702696,10.007993480702696
-9.617298147224146,9.617298147224146
-9.97345899324834,9.97345899324834
10.017545895265297,-10.017545895265297
19.070877817858157,-9.777651220118836
-10.352098150778769,10.352098150778769
14.883505353795432,10.116494646204568
10.019474681449852,-10.019474681449852
10.019474681449863,-9.912420736733711
9.912420736733692,-9.78546861072157
9.785468610721573,-8.908479758789342
-25.0,10.477402982307376
9.668450112248289,-9.668450112248289
9.54176054351781,-9.54176054351781
9.656273387163637,-9.656273387163637
9.737093693868912,-9.737093693868912
10.412691448438649,-10.412691448438649
10.301518005219034,-10.301518005219034
10.188487726608393,-10.188487726608393
10.071223396257206,-10.071223396257206
9.883368394828793,-9.883368394828793
10.13666769215482,-10.13666769215482
-9.713934216626521,9.713934216626521
10.125364119929198,-10.125364119929198
10.05417348909298,-10.05417348909298
9.999999999999996,-9.999999999999996
9.999999999999998,-9.999999999999998
9.999999999999996,-9.999999999999996
10.0,-10.0
10.0,-10.0
10.0,-10.0
25.0,0.0
0.0,0.0
-10.0,10.0
-15.000000000000007,10.0
-25.0,10.0
-15.0,-10.0
-15.0,-10.0
10.0,-10.0
9.999999999999998,-9.999999999999998
-25.0,0.0
0.0,0.0
0.0,0.0
0.0,0.0
0.0,0.0
0.0,0.0
0.0,10.0
-9.025,10.0
-9.9049375,9.9049375
-9.9049375,9.9049375
25.0,-10.0
-10.0,10.0
25.0,-10.0
25.0,-0.7118421052631554
25.0,-10.0
10.0,-10.0
-10.0,10.0
10.0,-10.0
25.0,0.0
-10.0,10.0
0.0,0.0
-10.0,10.0
-10.0,10.0
-10.0,10.0
-10.0,10.0
-10.000000000000004,10.000000000000004
0.0,0.0
-10.0,10.0
0.0,0.0
-10.31706102845322,10.31706102845322
-10.431098938677827,10.431098938677827
-10.23090429726493,10.23090429726493
-10.065206984508414,10.065206984508414
-9.913935490281798,9.913935490281798
-24.999999999990308,9.488366743242507
7.122729712162727,10.064675558471961
-9.840613844786837,9.840613844786837
-9.87619161874744,9.87619161874744
-25.000000000000004,10.028800514127552
6.081355052541624,10.507231635405692
-10.1826357287343,10.1826357287343
-10.052154226955118,10.052154226955118
-25.0,10.012385634844827
6.064038092414076,10.542736827425443
-9.79156864948916,9.79156864948916
-10.310038493926998,10.310038493926998
-24.999999999971138,-2.886224592657527e-11
9.952194378022503,-9.952194378022503
-25.0,10.082150134091034
-25.0,9.53938490502872
-25.0,10.378464960872401
-10.418896257659984,10.418896257659984
-24.999999999992163,10.346812923190583
9.582153971466688,-9.582153971466688
9.761365726035008,-9.761365726035008
9.75708528496705,-9.75708528496705
-0.543291605912426,-9.803521317278157
9.89827420088924,-9.89827420088924
0.0,0.0
0.0,0.0
9.505175458447734,-9.505175458447734
9.425506995586312,-9.425506995586312
9.37514775158567,-9.37514775158567
10.335150583164966,-10.335150583164966
8.830853883742261,-8.830853883742261
8.445921556366857,-8.445921556366857
9.429573477715604,-9.429573477715604
9.4492501263052,-9.4492501263052
9.701375805205119,-9.701375805205119
10.490691157807934,-10.490691157807934
8.59289115051692,-8.59289115051692
10.054149283607408,-10.054149283607408
9.886684442804471,-9.886684442804471
10.012163470991107,-10.012163470991107
24.999999999980915,-10.259794118737085
9.878961408724837,-9.878961408724837
9.43523257881698,-9.366558783394376
24.99999999995206,-9.545721781832874
24.999999999952028,-8.029132914089132e-13
25.0,0.0
10.070088632837473,-10.070088632837473
-10.06204430532948,10.06204430532948
9.951958748049186,-9.951958748049186
25.0,-10.0
10.0,-10.0
-10.0,10.0
10.0,-10.0
10.0,-10.0
-10.0,10.0
-10.0,10.0
-25.0,0.0
-20.97500000000001,10.0
-25.0,0.0
-25.0,0.0
10.0,-10.0
0.0,0.0
10.0,-10.0
0.0,0.0
10.0,-10.0
0.0,0.0
0.0,10.0
25.0,-10.0
25.0,0.0
10.0,-10.0
25.0,-10.0
25.0,-10.0
10.0,-10.0
10.0,-10.0
25.0,-10.0
10.0,-10.0
10.263157894736842,-10.0
10.0,-10.0
10.0,-10.0
10.0,-10.0
10.0,-10.0
10.0,-10.0
-10.0,10.0
10.0,-10.0
10.0,-9.955836517132274
9.95583651713228,-9.95583651713228
9.955836517132278,-9.939862659506908
-10.042427639155974,10.042427639155974
9.939862659506899,-9.939862659506899
9.939862659506899,-9.935801376869636
9.93580137686963,-9.89242789320263
9.89242789320264,-9.686090295004945
-10.571102300364664,10.369809880000215
9.767925555619176,-9.767925555619176
9.909128987929535,-9.909128987929535
-9.991134273712532,9.991134273712532
-9.8277258166819,9.8277258166819
-0.19854158771013175,10.107670575639673
-9.829224791547192,9.829224791547192
-9.547798098701545,9.547798098701545
-24.99999999995483,10.074236177949613
6.699949977081241,9.838292484974405
0.0,0.0
-10.019207706137005,10.019207706137005
-10.452784450267155,10.452784450267155
-10.602324707417779,10.602324707417779
-10.216126298535105,10.216126298535105
-9.878734511266277,9.878734511266277
-24.99999999999921,10.733013856662508
-9.976627352753082,9.976627352753082
-20.641093562214277,10.017123026566455
-24.99999999997285,9.602311554307802
-10.044109623320178,10.044109623320178
-25.0,10.183819129943739
-25.000000000000004,10.104825994705834
-25.0,10.213582774868943
-10.169921897287391,10.169921897287391
-10.21358277486894,10.21358277486894
-10.16652506245581,10.16652506245581
9.5626180687276,-9.5626180687276
9.871483259802146,-9.871483259802146
-0.735754929437217,-9.477827845431722
9.66945300532658,-9.66945300532658
9.705814664248313,-9.705814664248313
9.672791143458168,-9.672791143458168
9.620228564192377,-9.620228564192377
9.676116027496212,-9.676116027496212
9.52629427864457,-9.52629427864457
9.691384112113573,-9.691384112113573
9.599314866871845,-9.599314866871845
9.550324581390283,-9.550324581390283
25.0,-3.750955102077569e-11
25.0,0.0
9.666485350666962,-9.666485350666962
9.603638225956999,-9.603638225956999
10.184613744409171,-10.184613744409171
25.0,-4.0394354527961696e-11
10.386523765321858,-10.386523765321858
9.751482905854735,-9.751482905854735
9.699476682944209,-9.699476682944209
-9.835485536199025,9.835485536199025
10.1819079764372,-10.1819079764372
-9.959370562403251,9.959370562403251
9.95325133774355,-9.95325133774355
9.941402602165772,-9.941402602165772
25.0,-10.0
15.263157894814748,-10.000000000000002
10.0,-10.0
-10.0,10.0
10.0,-10.0
-10.0,10.0
-15.975000000000009,10.0
-25.0,0.0
-25.0,10.0
-25.0,10.0
-25.0,10.0
10.0,-10.0
-10.0,0.0
0.0,0.0
0.0,0.0
0.0,0.0
10.0,-10.0
10.0,-10.0
22.700831024930746,-10.0
25.0,-10.0
-15.0,-10.0
10.0,-10.0
25.0,-10.0
22.700831024930746,-10.0
-25.0,2.4375
-2.4374999999999987,2.4374999999999987
10.0,-10.0
25.0,0.0
-10.0,10.0
-25.0,10.0
-10.0,10.0
-10.0,10.0
-10.0,10.0
-10.0,10.0
-10.0,10.0
10.020289957357363,-10.0
9.977810544401889,-9.977810544401889
-10.006462949088176,10.006462949088176
-10.01831168651502,10.01831168651502
9.129789921030643,10.032745606412366
-10.055365923598318,10.055365923598318
14.879483813792488,10.120516186207512
14.691077453413502,10.308922546586498
14.598640328146638,10.401359671817536
0.0,0.0
0.0,0.0
0.0,0.0
-9.750166648136183,9.750166648136183
-10.157410664127536,10.157410664127536
0.0,0.0
-9.85529748699357,9.85529748699357
-9.90268844518728,9.90268844518728
-10.106975051302179,10.106975051302179
0.0,0.0
0.0,0.0
-25.0,9.780541874806428
16.863665512679862,0.0
0.0,0.0
0.0,0.0
-25.0,0.0
-10.191602438591639,10.191602438591639
-9.942245602948157,9.942245602948157
-9.893197883061227,9.893197883061227
-9.713301964807027,9.713301964807027
-9.846128809996484,9.846128809996484
-10.13587339326304,10.13587339326304
-9.842412614625186,9.842412614625186
10.015014994545373,-10.015014994545373
9.60707356077459,-9.60707356077459
10.056559004043484,-10.056559004043484
-9.266269159991408,-10.211478529731737
-15.397126093437475,-9.602873906562525
-25.0,9.783479234395086
-9.998680270971233,9.998680270971233
-10.30573154467195,10.30573154467195
-10.145807020801907,10.145807020801907
-10.287637182392789,10.087073083122306
-10.080536290415015,10.080536290415015
-10.105167445401467,10.105167445401467
-10.105167445401467,10.105167445401467
10.214980766164365,-10.214980766164365
9.908276623485083,-9.908276623485083
9.71306654685976,-9.71306654685976
-9.854848110107637,9.854848110107637
-10.050593084079626,9.951020759596393
-10.005595120918233,10.005595120918233
-9.507954084487501,9.507954084487501
-9.592876217571526,9.592876217571526
10.18811676977594,-10.18811676977594
10.004956557625619,-10.004956557625619
10.050133608836708,-10.050133608836708
10.133734158896738,-10.133734158896738
9.890723834907742,-9.890723834907742
-10.005595120918233,10.005595120918233
-9.940169981327697,9.940169981327697
10.023677005710892,-10.023677005710892
10.0,-10.0
10.0,-10.0
10.0,-10.0
10.0,-10.0
-10.0,10.0
10.0,-10.0
10.0,-10.0
-10.005595120918233,0.0
0.0,0.0
0.0,0.0
0.0,0.0
0.0,0.0
0.0,0.0
0.0,0.0
10.0,-10.0
10.0,-10.0
10.0,-10.0
10.0,-10.0
10.0,-10.0
25.0,-10.0
10.0,-10.0
10.0,-10.0
-13.537500000000001,0.0
25.0,-10.0
10.0,-10.0
25.0,-10.0
15.263157894736842,-10.0
25.0,-10.0
10.0,-10.0
10.0,-10.0
10.0,-10.0
25.0,-10.0
10.0,-10.0
10.0,-10.0
25.0,-10.0
25.0,-10.0
9.986643240235807,-9.986643240235807
9.990736440729176,-9.990736440729176
9.991167303549727,-9.991167303549727
10.0,-10.0
10.0,-10.0
9.921582895162468,-9.921582895162468
9.619919972603663,-9.619919972603663
9.609872710935994,-9.804874576007858
10.216068548556082,-10.216068548556082
10.216068548556082,-9.895914656664447
9.895914656664445,-9.900346573087212
-3.7800646357646306,-10.522200556197305
25.0,-9.691185931857701
10.43939655349135,-10.43939655349135
10.293155303338992,-10.293155303338992
-23.315889178067966,10.174944567593908
25.0,0.0
-10.105760723874464,10.105760723874464
0.0,0.0
-10.280615668550112,10.280615668550112
-10.399427887683245,10.399427887683245
-10.166992111466474,10.166992111466474
-25.000000000000004,10.022054180512777
-25.000000000000004,2.7359448040442658e-11
-9.893647259947162,9.893647259947162
-9.842837376765964,9.842837376765964
-25.0,10.290708345211524
-25.0,9.793216575120013
-10.069536023919373,10.069536023919373
-10.135126114845987,10.135126114845987
-22.83338813018603,9.760026431439575
-10.2176580930606,10.2176580930606
9.944988569164808,-9.944988569164808
9.980343548124377,-9.980343548124377
10.231529448677172,-10.231529448677172
-10.11651042488736,10.11651042488736
-9.972056583921738,9.972056583921738
-10.00247094172531,10.00247094172531
-10.641229890005665,10.641229890005665
-9.905420050752321,9.905420050752321
-9.843072163565916,9.843072163565916
-10.395456708798022,10.395456708798022
9.519787781008242,-9.519787781008242
24.99999999998293,-10.631709032808654
10.113632393146002,-10.113632393146002
10.19636255161649,-10.19636255161649
9.470627085752522,-9.470627085752522
10.062710165743322,-10.062710165743322
9.727078017179526,-9.727078017179526
10.153404772140167,-10.153404772140167
10.090702180164584,-10.090702180164584
-9.67540251546033,9.67540251546033
9.643320350885592,-9.643320350885592
9.774655794977502,-9.774655794977502
10.116866076397503,-10.116866076397503
-9.941764432016397,9.941764432016397
-10.028664462435174,10.028664462435174
-10.021327729957008,10.021327729957008
-10.0,10.0
-10.0,10.0
10.0,-10.0
-10.0,10.0
-10.0,10.0
-10.0,10.0
-10.0,10.0
-10.0,10.0
-10.0,10.0
-10.0,10.0
-10.000000000000004,10.000000000000004
-10.0,10.0
-25.0,0.0
0.0,0.0
0.0,0.0
0.0,0.0
10.0,-10.0
10.0,-10.0
10.0,-10.0
10.0,-10.0
10.0,-10.0
25.0,-10.0
-10.0,10.0
-10.0,10.0
10.0,-10.0
25.0,-10.0
-10.0,10.0
-10.0,10.0
-9.736842105217983,10.0
25.0,0.0
-10.0,10.0
-10.0,10.0
10.0,-10.0
-10.0,10.0
-10.0,10.0
-10.0,10.0
-10.0,10.0
-10.0,10.0
-10.0,10.0
-10.000000000000004,10.000000000000004
-10.0,10.0
-10.0,10.0
-10.0,10.0
9.905640952311417,-9.905640952311417
9.6000915330856,-9.6000915330856
9.653010513348969,-9.653010513348969
-10.142934669386356,10.142934669386356
-10.088530402265022,10.088530402265022
-9.71342251394356,9.71342251394356
-9.236802785450005,9.236802785450005
14.51442492230072,10.48557507769928
-9.717937110664158,9.717937110664158
9.72270921548793,-9.72270921548793
9.946219937569937,-9.946219937569937
24.99999999995483,-10.073494579858364
10.07349457985836,0.0
0.0,0.0
0.0,0.0
0.0,0.0
0.0,0.0
-9.579166751240406,9.579166751240406
-25.0,0.0
-10.284424642576225,10.284424642576225
10.317816753396405,-10.317816753396405
-25.0,9.955601311211062
-24.74818105874867,9.96056844055415
-25.0,10.005271973494638
-24.9999999999449,9.807680578062268
-9.980941244628557,9.980941244628557
10.148293110062701,-10.148293110062701
-0.0490578182439112,-9.931883426384646
0.0,0.0
0.0,0.0
0.0,0.0
10.302344808197361,-10.302344808197361
9.730664827351927,-9.730664827351927
0.0,0.0
9.909272573942946,-9.909272573942946
9.685085261942795,-9.685085261942795
10.066355041468398,-10.066355041468398
10.065911976055585,-10.065911976055585
9.737669931364497,-9.737669931364497
0.0,0.0
9.808369790926646,-9.808369790926646
9.362027461270024,-9.362027461270024
24.999999999945743,-10.033623110736261
10.394313701016532,-10.394313701016532
9.787731273834016,-9.787731273834016
9.667182768446391,-9.667182768446391
-9.711774588312707,9.711774588312707
10.722687024348453,-10.722687024348453
19.57292395245389,-9.81668389446369
24.999999999992635,-9.47488906576161
25.0,0.0
24.99999999995661,-9.984569986650476
25.0,-10.0581636467751
10.058163646775105,-10.007943479536177
9.99255341337373,-9.99255341337373
10.007943479536182,-10.0
10.0,-10.0
10.0,-10.0
10.0,-10.0
10.0,-10.0
10.0,-10.0
-25.0,10.0
-25.0,0.0
-25.0,10.0
-25.0,10.0
-5.975000000000003,-10.0
10.0,-10.0
0.0,0.0
0.0,0.0
0.0,0.0
0.0,0.0
0.0,0.0
0.0,0.0
25.0,-10.0
25.0,-10.0
-15.0,-10.0
7.924999999999999,-10.0
22.700831024930746,-10.0
25.0,-10.0
-10.0,10.0
-25.0,10.0
10.0,-10.0
10.0,-10.0
10.0,-10.0
-10.0,10.0
10.0,-10.0
-10.000000000000004,10.000000000000004
10.0,-10.0
-10.0,10.0
10.0,-10.0
10.0,-10.0
10.0,-10.0
-10.0,10.0
10.0,-10.0
-10.0,10.0
-9.874202255096352,10.0
-10.113532464775542,10.113532464775542
14.655656835133518,10.344343164866482
14.732316539857846,10.267683460133354
-10.15245615773068,10.15245615773068
9.024009268258023,10.033018471611673
-9.797691409559972,9.797691409559972
-9.335891019945166,9.335891019945166
14.862173205807242,10.137826794192758
-9.968426855732147,9.968426855732147
-10.082503576585585,10.082503576585585
-24.9999999999905,10.220290608497704
16.37640929805296,0.0
0.0,0.0
0.0,0.0
-9.916165333734034,9.916165333734034
-10.636572022845309,10.636572022845309
-9.780154350357043,9.780154350357043
-9.686982490761771,9.686982490761771
-25.0,9.959222834485608
10.1626731704125,-10.1626731704125
-9.859081215127215,9.859081215127215
10.096369251876352,-10.096369251876352
-10.149125593366836,10.149125593366836
9.991273126121106,-9.991273126121106
-10.060848912321118,10.060848912321118
-9.871315374617234,9.871315374617234
9.923650740850812,-9.923650740850812
10.07435167790765,-10.07435167790765
10.161766211725588,-10.161766211725588
10.214046036995732,-10.214046036995732
9.796749737770917,-9.796749737770917
9.942485438926601,-9.942485438926601
10.003405039746628,-10.003405039746628
9.923355363908938,-9.923355363908938
9.388514189352877,-9.388514189352877
9.733328900154616,-9.733328900154616
9.841833221393047,-9.841833221393047
9.932856655539288,-9.932856655539288
-9.916828038411323,9.916828038411323
-17.572951168311647,10.051228333848858
-10.405557590374489,10.405557590374489
-10.019544738801452,10.019544738801452
-9.93673442462238,9.93673442462238
-10.336529640041034,10.336529640041034
-10.261340429650758,10.261340429650758
-10.372970823524044,10.372970823524044
24.999999999974726,-10.509857208222366
10.417847921975246,-10.417847921975246
9.69042476819979,-9.69042476819979
9.580750457632293,-9.580750457632293
9.973295526094608,-9.973295526094608
10.034622118313916,-10.034622118313916
10.089956548647548,-10.089956548647548
10.0,-10.0
10.0,-10.0
-10.0,10.0
-10.0,10.0
-23.077353869579326,10.0
10.0,-10.0
15.0,10.0
-10.0,10.0
-10.0,10.0
-25.0,10.0
-25.0,10.0
-25.0,-1.7763568394002505e-14
-25.0,10.0
10.0,-10.0
-25.0,0.0
0.0,0.0
0.0,0.0
0.0,0.0
10.0,-10.0
0.0,0.0
12.700831024930746,-10.0
25.0,0.0
-25.0,10.0
-10.0,10.0
-10.0,10.0
25.0,-8.37950138504155
-25.0,10.0
-10.0,10.0
-10.0,10.0
-10.0,10.0
-10.0,10.0
-10.0,10.0
10.0,-10.0
-10.0,10.0
-10.0,10.0
-10.0,10.0
10.0,-10.0
10.0,-10.0
25.0,-10.0
10.0,-10.0
25.0,0.0
10.0,-10.0
-10.0,10.0
14.863631787244232,10.136368212755416
-6.228144982741565,10.410970467506466
25.0,0.0
-10.000986325461362,10.000986325461362
0.0,0.0
-10.00216672872107,10.00216672872107
-9.602942070472192,9.602942070472192
-9.907436566413207,9.907436566413207
-10.207834916301282,10.207834916301282
-9.902020060184187,9.902020060184187
-9.83923289446884,9.83923289446884
-10.278783447904242,10.278783447904242
-10.226284614516933,10.226284614516933
-9.559029996260579,9.559029996260579
-25.0,9.881654198730212
6.259538654152536,10.49209104254529
-9.892881678258064,9.892881678258064
-10.227331056759734,10.227331056759734
-24.999999999999996,9.715690226234502
9.642379941391155,-9.642379941391155
10.070973777495427,-10.070973777495427
-9.98746793897886,9.98746793897886
-9.985287956164244,9.985287956164244
-18.143773692954497,10.143378365946479
-9.821238884612233,9.821238884612233
-10.007635620176961,10.007635620176961
10.144826849026835,-10.144826849026835
10.203032516406546,-10.203032516406546
10.124169397514853,-10.124169397514853
9.647671480452459,-9.647671480452459
9.693489619545412,-9.693489619545412
-10.356476419680043,10.356476419680043
-10.029205079554353,10.029205079554353
-9.950653116287327,9.950653116287327
-10.006936940102909,10.006936940102909
-9.660221844745642,9.660221844745642
10.06367014080442,-10.06367014080442
-10.622092872367574,10.622092872367574
25.0,-9.345657393446428
10.11435126993403,-10.11435126993403
9.649722709215489,-9.649722709215489
-9.94465216764767,9.94465216764767
9.559596766546486,-9.559596766546486
-9.187169992005133,9.187169992005133
-10.092597515541625,10.092597515541625
9.471137052780378,-9.471137052780378
10.145884651921246,-10.145884651921246
-9.492188971362168,9.492188971362168
-10.060724260727055,10.060724260727055
-10.19498822834526,10.19498822834526
-10.195830099965656,10.195830099965656
-9.746329400682832,9.83699567448239
10.055218378121694,-10.055218378121694
9.996768525455913,-9.996768525455913
-10.0,10.0
-10.0,10.0
-10.000000000000004,10.000000000000004
-10.0,10.0
10.0,-10.0
10.055218378121687,0.0
-10.0,10.0
-10.0,10.0
-25.0,10.0
-10.0,10.0
-15.0,-10.0
-15.0,-10.0
4.999999999999989,-10.0
10.0,-10.0
-15.0,-10.0
10.0,-10.0
10.0,-10.0
10.0,-10.0
10.0,-10.0
1.0803324099722982,10.0
-10.0,10.0
-10.0,10.0
10.0,-10.0
-10.0,10.0
-10.0,10.0
-10.0,0.0
10.0,-10.0
25.0,-10.0
-10.0,10.0
-10.0,10.0
25.0,-10.0
15.0,10.0
-10.0,10.0
-10.0,10.0
-10.0,10.0
-10.0,10.0
-10.0,10.0
-10.0,10.0
-10.000646294847183,10.000646294847183
-10.000646294847183,10.000646294847183
-19.66572154309845,10.003446905646186
-25.0,10.024774637452259
-25.0,10.17158243723551
-10.171582437235509,10.171582437235509
10.065500546901768,-10.065500546901768
-9.968765150691217,9.968765150691217
-10.171582437235509,10.313589644276284
-10.079017749983059,10.079017749983059
-9.558638684927322,9.558638684927322
14.770978099592217,10.229021900407783
15.112717860691346,9.887282139308654
-9.83124951212313,9.83124951212313
-15.650404995185728,10.100661053595921
14.988458209110917,10.011541790889083
25.0,0.0
0.0,0.0
0.0,-9.744343683038426
0.8075842496671299,9.989472462840824
0.0,0.0
0.0,0.0
0.0,-10.377446289111315
9.900969199910206,-9.900969199910206
-10.507503028749719,10.507503028749719
-20.285266773598167,10.003240941445586
-10.347461111479701,10.347461111479701
-25.0,9.328458629202567
-10.012769372410338,10.012769372410338
-9.878103363954583,9.878103363954583
-9.699404732150674,9.699404732150674
-9.800395244643301,9.800395244643301
-10.46327727432419,10.46327727432419
-10.240703806000058,10.240703806000058
-9.985784669098555,9.985784669098555
10.061159436798475,-10.061159436798475
10.268355000873001,-10.268355000873001
25.0,-9.7440293716772
25.0,-9.765732003137357
-15.361471950652154,-9.638528049347846
10.31259464053939,-10.31259464053939
9.837653132747647,-9.837653132747647
10.098672939564059,-10.098672939564059
10.39317826700278,-10.39317826700278
9.880224018921897,-9.880224018921897
9.678949247778437,-9.678949247778437
19.723139026807182,-9.95740702366984
-10.035041298745652,10.035041298745652
-10.365640047498633,10.365640047498633
-9.764001397208673,9.764001397208673
10.251116474348507,-10.251116474348507
10.412005706884484,-10.412005706884484
10.055959729671024,-10.055959729671024
9.600529509873214,-9.600529509873214
9.955568254870615,-9.955568254870615
10.128910536673647,-10.128910536673647
10.03391002635949,-10.03391002635949
-10.02499006824618,10.02499006824618
9.979679174666478,-9.979679174666478
-25.0,10.0
-25.0,10.0
-25.0,10.0
-25.0,10.0
-10.0,10.0
-10.0,10.0
-10.0,10.0
-10.0,10.0
-10.0,10.0
-10.0,10.0
-10.0,10.0
10.0,-10.0
-10.0,0.0
0.0,0.0
0.0,0.0
0.0,0.0
10.0,-10.0
25.0,-10.0
25.0,-10.0
10.0,-10.0
7.924999999999998,-10.0
-15.0,-10.0
10.0,-10.0
25.0,-10.0
10.0,-10.0
10.0,-10.0
-10.0,10.0
-10.0,10.0
-13.5375,10.0
-10.0,10.0
-10.0,10.0
-10.0,10.0
-10.0,10.0
-10.0,10.0
-10.000000000000002,10.000000000000002
-9.931384363649748,10.0
-10.061925611806105,10.061925611806105
9.942695191860135,-9.942695191860135
-10.058381964574888,10.058381964574888
-10.061613438810799,10.061613438810799
-9.936026219531062,10.079936229573834
-10.191804395869706,10.191804395869706
-10.191804395869706,10.321861224263202
-10.309180683494835,10.333132016275325
8.605238540753884,10.211053136443649
-10.021740184725203,10.021740184725203
-10.039246633283518,10.039246633283518
-9.221229225533776,9.221229225533776
14.1403281319726,10.8596718680274
15.095212990001315,9.904787009998685
-9.995646976991196,9.995646976991196
-9.635853247040854,9.635853247040854
25.0,0.0
0.0,0.0
-9.557651570531823,9.557651570531823
-10.094201892007968,10.094201892007968
-10.289236509680636,10.289236509680636
0.0,0.0
-10.075187316948348,10.075187316948348
-25.0,10.050339678433978
-10.418760560987964,10.418760560987964
-10.080001708642005,10.080001708642005
-25.0,10.016350502256932
-23.050674345558313,9.953923090509255
-25.0,10.316140426136526
-10.005869669998821,10.005869669998821
-9.976926516578827,9.976926516578827
-10.027756596473996,10.027756596473996
-10.007512546451181,10.007512546451181
-10.258153135726666,10.258153135726666
-10.18821128408587,10.18821128408587
-10.341980859372201,10.341980859372201
-10.316767155417043,10.316767155417043
-10.028130235682525,10.028130235682525
-10.087396861693206,10.087396861693206
-10.222849910846653,10.222849910846653
9.689129022768867,-9.689129022768867
9.61706525386613,-9.61706525386613
25.0,-9.625225357459117
25.0,-9.666829325951838
9.598536662236517,-9.598536662236517
9.751205516611245,-9.751205516611245
9.480038123317298,-9.480038123317298
10.217064814587602,-10.217064814587602
9.992837109159503,-9.992837109159503
-10.183757908654503,10.183757908654503
-9.830283856736223,9.830283856736223
-9.906311230756444,9.906311230756444
9.982535838311572,-9.982535838311572
9.867162740879898,-9.867162740879898
10.104911830740228,-10.104911830740228
10.03564830467268,-10.03564830467268
-9.949734796948801,9.949734796948801
-10.042354294167891,10.042354294167891
-10.064447179296474,10.064447179296474
-10.028562704723676,10.028562704723676
-10.0,10.0
-10.0,10.0
10.0,-10.0
10.0,-10.0
10.0,-10.0
-10.0,10.0
10.0,-10.0
-10.0,10.0
-10.0,10.0
10.0,-10.0
-25.0,10.0
-25.0,0.0
-15.0,-10.0
0.0,0.0
0.0,0.0
10.0,-10.0
0.0,0.0
0.0,0.0
0.0,10.0
12.700831024930746,-10.0
25.0,-10.0
-25.0,10.0
-10.0,10.0
-10.0,10.0
12.767898630293539,-10.0
-10.0,10.0
-10.0,10.0
15.0,10.0
-25.0,0.0
10.0,-10.0
-10.0,10.0
10.0,-10.0
10.0,-10.0
10.0,-10.0
10.0,-10.0
10.0,-10.0
9.948693659055381,-9.948693659055381
-10.060528513839918,10.060528513839918
9.931923607786544,-9.931923607786544
9.929122995138474,-9.929122995138474
9.922222313955539,-9.922222313955539
9.788598075773224,-9.788598075773224
9.575378526182162,-9.575378526182162
9.670933361346176,-9.670933361346176
14.857627998424945,10.142372001557973
14.998398779215215,10.001601220729786
15.48048739921966,9.51951260078034
-9.57572889183357,9.57572889183357
8.955420585261946,10.160337294211894
-10.034285184266233,10.034285184266233
-10.222617017488638,10.222617017488638
-25.0,10.039975608428533
16.576204311990544,0.0
-10.244188370307958,10.244188370307958
-10.254792276291854,10.254792276291854
-10.16437979274334,10.16437979274334
0.0,0.0
-9.764794118232173,9.764794118232173
-9.957192433583867,9.957192433583867
-25.0,1.0452083643031074e-11
-10.980678586496811,10.359231377695616
-24.99999999994383,10.242433149634122
-24.999999999959783,10.257327595042959
-10.126048323061791,10.126048323061791
-10.199544165214775,10.199544165214775
-24.99999999997335,10.144047382096886
-25.0,10.134578278979435
-9.946194691677468,9.946194691677468
-9.996364591484598,9.996364591484598
-10.09098745874947,10.09098745874947
-10.064496312635438,10.064496312635438
-10.156939197085695,10.156939197085695
-10.156939197085695,10.156939197085695
9.756881424385368,-9.756881424385368
9.712883514139369,-9.712883514139369
9.52671840963803,-9.52671840963803
9.563044093162995,-9.563044093162995
-10.156939197085695,10.156939197085695
9.709422933429307,-9.709422933429307
-10.156939197085695,10.156939197085695
9.855775265508525,-9.855775265508525
10.067103582180074,-10.067103582180074
9.398668087303527,-9.398668087303527
10.056691544978937,-10.056691544978937
10.139710768918187,-10.139710768918187
9.782050316881392,-9.782050316881392
9.891286137854085,-9.891286137854085
25.0,-10.02354684390495
9.949398395431665,-9.949398395431665
9.548179942825122,-9.548179942825122
9.732152283778778,-9.732152283778778
10.084436623014499,-10.084436623014499
10.19494404803344,-10.19494404803344
10.074195311161178,-10.074195311161178
9.981948245095214,-9.981948245095214
9.94011000754057,-9.94011000754057
10.0,-10.0
10.0,-10.0
10.0,-10.0
10.0,-10.0
10.0,-10.0
-10.0,10.0
10.0,-10.0
10.0,-10.0
-23.673188170461476,0.0
0.0,0.0
10.0,-10.0
10.0,-10.0
0.0,0.0
0.0,0.0
10.0,-10.0
0.0,0.0
15.0,10.0
25.0,0.0
25.0,0.0
25.0,0.0
-10.0,10.0
-10.0,10.0
5.263157894736842,8.881784197001252e-16
-10.0,10.0
-10.0,10.0
-10.000000000000004,10.000000000000004
-10.0,10.0
-10.0,10.0
-10.0,10.0
-10.0,10.0
-10.0,10.0
-10.0,10.0
-10.0,10.0
-10.0,10.0
-10.000000000000004,10.000000000000004
-10.0,10.0
-10.04351718802054,10.04351718802054
-10.038346826777664,10.038346826777664
-10.031883878305843,10.031883878305843
-10.029514132176454,10.029514132176454
-10.057089374880524,10.057089374880524
-10.213747760720896,10.213747760720896
-10.405185607927654,10.405185607927654
-10.326686424354572,10.326686424354572
-10.157889704937118,10.157889704937118
0.0,0.0
-9.565859010173185,9.565859010173185
-24.999999999985725,9.500389468383101
7.143028719201514,10.031054972324949
-10.177138435649367,10.17713843564938
0.0,0.0
-25.0,10.271230508025115
6.089548197832789,10.230417998261268
-10.126858085062697,10.126858085062697
-24.99999999998105,10.034862684056442
-24.99999999996612,9.8873332622409
14.7259268044821,10.274073195517019
-9.984031973013957,9.984031973013957
8.327206707646125,-8.327206707646125
-24.999999999971752,9.556799795973347e-13
-17.60042248631135,10.168460791260799
-25.0,10.203664926012875
-25.0,10.088796746430559
-24.999999999993456,10.079230446627104
-10.151212797526632,10.151212797526632
-10.110452672989654,10.110452672989654
-10.072675350647776,10.072675350647776
9.858041715504847,-9.858041715504847
-10.098571955994187,10.098571955994187
-10.078259742061705,10.078259742061705
-10.26337209284712,10.26337209284712
10.056262995954294,-10.056262995954294
-9.800114384089595,9.800114384089595
-10.42442637040511,10.42442637040511
-10.42442637040511,10.42442637040511
9.79723130316974,-9.79723130316974
-10.412526718990293,10.412526718990293
-10.42442637040511,10.42442637040511
-10.42442637040511,10.42442637040511
-10.42442637040511,10.42442637040511
10.443442207759354,-10.443442207759354
9.481858983311556,-9.481858983311556
9.947303617504128,-9.947303617504128
9.730563212634742,-9.730563212634742
9.879879412489709,-9.879879412489709
9.886143549558343,-9.886143549558343
-9.963427537876157,9.963427537876157
-9.880160904190728,9.880160904190728
-9.891462227954051,9.891462227954051
-10.075571685661172,10.075571685661172
-10.023415723050944,10.023415723050944
-9.88679473579719,9.88679473579719
-9.808571679172976,9.808571679172976
-9.905865778817859,9.905865778817859
-10.024128340139658,10.024128340139658
-10.0,10.0
-10.000000000000004,10.000000000000004
-10.0,10.0
-10.0,10.0
10.0,-10.0
-10.000000000000004,10.000000000000004
10.0,-10.0
-10.0,10.0
-10.42442637040511,10.0
-10.0,10.0
-10.0,10.0
-10.0,0.0
10.0,-10.0
10.0,-10.0
0.0,0.0
10.0,-10.0
0.0,0.0
0.0,10.0
-9.025,9.025
-8.919667590027702,10.0
-10.0,10.0
10.0,-10.0
-10.0,10.0
-10.0,10.0
-10.000000000000004,10.000000000000004
-10.0,10.0
-10.0,10.0
-10.0,10.0
-10.000000000000004,10.000000000000004
-10.0,10.0
15.0,10.0
15.0,10.0
15.0,10.0
9.182825484764543,10.0
-10.000000000000004,10.000000000000004
-10.0,10.0
-10.0,10.0
-10.0,10.0
-10.0,10.0
0.0,0.0
-10.0,10.0
-10.021112299163088,10.021112299163088
-10.253953368105323,10.253953368105323
0.0,0.0
-10.237212456858558,10.237212456858558
-10.006743493451872,10.006743493451872
0.0,0.0
-25.0,9.782719964179108
2.6868479996073136,-10.032067963760227
14.998080680996088,10.001919318974883
-10.05128324366497,10.05128324366497
-9.996631566797452,9.996631566797452
0.0,0.0
-10.234829717970056,10.234829717970056
-10.030125923482123,10.030125923482123
-10.290264648651402,10.290264648651402
-24.999999999986912,2.4374999999910294
24.99999999998151,1.3926637620897964e-11
0.0,0.0
0.0,0.0
-15.084871641252919,-9.91512835870091
25.0,-9.617784761801472
9.762058725783257,-9.762058725783257
-10.181438442284003,10.181438442284003
-25.0,10.18506249014779
-10.291472664605992,10.291472664605992
-10.496733131022852,10.496733131022852
-10.388531760494036,10.388531760494036
-10.487483036022555,10.487483036022555
-10.47935259635322,10.47935259635322
-10.511960191064952,10.511960191064952
-10.604059731377646,10.604059731377646
-10.648006518691401,10.648006518691401
9.384269092534378,-9.384269092534378
9.372822604889361,-9.372822604889361
-10.511852896021969,10.511852896021969
-10.74844414613898,10.74844414613898
-10.612503851260891,10.612503851260891
-10.65869815415162,10.65869815415162
-10.950025654875926,10.950025654875926
-10.794360113065242,10.794360113065242
9.402420258071592,-9.402420258071592
9.343137222230805,-9.343137222230805
9.349990219741258,-9.349990219741258
9.459145885005364,-9.459145885005364
9.55421876030348,-9.55421876030348
9.784462561906714,-9.784462561906714
9.862485623726533,-9.862485623726533
10.004534793434575,-10.004534793434575
9.830148160064208,-9.830148160064208
9.248566109045493,-9.248566109045493
9.292756045861083,-9.292756045861083
9.738035839018455,-9.738035839018455
-9.851649889445714,9.851649889445714
-9.892275382371762,9.892275382371762
-10.026272473293885,10.026272473293885
-10.052565315881088,10.052565315881088
-10.0,10.0
-10.0,10.0
-10.0,10.0
-10.0,10.0
-8.966772014036726,10.0
-10.0,10.0
-25.0,10.0
-25.0,10.0
-25.0,10.0
-25.0,10.0
10.0,-10.0
-10.0,10.0
-10.0,10.0
-10.0,10.0
-10.0,0.0
10.0,-10.0
10.263157894736842,-10.0
15.0,10.0
25.0,-10.0
25.0,-10.0
25.0,-10.0
25.0,0.0
10.0,-10.0
10.0,-10.0
10.0,-10.0
10.0,-10.0
10.0,-10.0
10.0,-10.0
10.0,-10.0
-10.000000000000004,10.000000000000004
10.0,-10.0
10.0,-10.0
10.0,-10.0
10.0,-10.0
10.0,-10.0
10.0,-10.0
-10.058946316284574,10.058946316284574
-10.058679875967687,10.058679875967687
-10.062906033436,10.062906033436
-10.06247516691732,10.06247516691732
9.906393383454573,-9.906393383454573
9.74063775367262,-9.74063775367262
-10.387077202620807,10.387077202620807
9.999999999999996,-9.80983121252689
-10.109922193674167,10.109922193674167
-9.962446419380122,9.962446419380122
-9.887451286788188,9.887451286788188
9.809831212526895,-9.809831212526895
-24.999999999956902,10.108691771990006
14.968409183607418,10.031590816392582
-9.939140358174583,9.939140358174583
1.3098957310497745,-10.0462952864606
10.99011684507839,0.0
-10.106805272675334,10.106805272675334
-10.198864419560076,10.198864419560076
-25.0,10.224911869113981
6.02874242032185,10.342546367363488
-10.372077750077983,10.372077750077983
-10.537967247190915,10.537967247190915
-25.0,0.0
-10.306376577224508,10.306376577224508
-10.923942861175197,10.294930089579491
-24.999999999975206,10.186929423895801
-25.0,10.222802574798282
-24.999999999960714,10.255591939935782
-24.999999999961453,10.217499675085365
-10.253810842222162,10.253810842222162
9.578372136774975,-9.578372136774975
9.452371149761563,-9.452371149761563
9.288080979936483,-9.288080979936483
9.326452211898673,-9.326452211898673
9.451758936869213,-9.451758936869213
-10.253810842222162,10.253810842222162
-10.253810842222162,10.253810842222162
-10.253810842222162,10.253810842222162
-10.253810842222162,10.253810842222162
9.255159073863522,-9.255159073863522
9.327431752526433,-9.327431752526433
-10.253810842222162,10.253810842222162
9.636237970664768,-9.310769463497518
-10.547546169940604,10.547546169940604
9.208981180802901,-9.208981180802901
-10.39492591390888,10.39492591390888
-10.547546169940604,10.590130605676253
-10.585978623192027,10.585978623192027
-10.556923125550549,10.556923125550549
-10.20585374488985,10.20585374488985
-9.792840411322238,9.792840411322238
-9.833852363636582,9.833852363636582
-10.396928859902564,10.396928859902564
-10.533747080691224,10.533747080691224
-10.144284062338773,10.144284062338773
-9.84246444759816,9.84246444759816
-9.848775644588224,9.848775644588224
-9.979352538366562,9.979352538366562
25.0,-9.978456836783652
15.0,10.0
-0.8093311113515629,10.0
-10.0,10.0
10.0,-10.0
-10.0,10.0
10.0,-10.0
-25.0,10.0
-25.0,10.0
-10.000000000000004,10.000000000000004
-25.0,10.0
-10.0,0.0
0.0,0.0
10.0,-10.0
0.0,0.0
0.0,0.0
10.0,-10.0
0.0,0.0
0.0,0.0
0.0,0.0
10.0,-10.0
10.0,-10.0
10.0,-10.0
25.0,-10.0
25.0,-10.0
10.0,-10.0
10.0,-10.0
10.0,-10.0
7.925000000000002,-10.0
-25.0,10.0
-10.0,10.0
25.0,-10.0
10.0,-10.0
10.0,-10.0
-10.0,10.0
25.0,-10.0
25.0,-10.0
10.0,-10.0
25.0,-10.0
25.0,-10.0
-10.0,10.0
-10.025636363093362,10.025636363093362
9.718184559857052,-9.718184559857052
-10.329987640368424,10.329987640368424
9.936454668576468,-9.936454668576468
10.078703438621833,-10.078703438621833
19.182825484764543,-9.94959341995098
9.949593419950986,-5.329070518200751e-15
0.0,0.0
0.0,0.0
-24.999999999956415,9.633444157752088
17.026654672802575,-10.338141590275123
10.33814159027513,-9.977166983704583
-10.710753290978806,10.710753290978806
-16.07723246047388,9.968667322857904
-25.0,9.73688478410874
-25.0,10.25107355633131
14.591840189252249,10.408159810740631
14.855268454190352,10.144731545782768
-10.082028322659875,10.082028322659875
-24.9999999999862,3.4713565355559695e-11
-10.267209468502264,10.267209468502264
-25.0,9.910451557121208
-25.0,10.066644738084465
-24.99999999999989,10.08568455903656
-24.699282920768148,10.132960017272236
-10.496457950794948,10.496457950794948
-10.404939697156335,10.161905064134162
-9.904840657520182,9.904840657520182
9.772549025251042,-9.772549025251042
9.931424582289038,-9.931424582289038
9.854114716931441,-9.854114716931441
9.931744573976067,-9.931744573976067
9.344193131683282,-9.344193131683282
10.085813313088149,-10.085813313088149
-10.10677939563555,10.10677939563555
-10.253423317772773,10.253423317772773
-10.065196255004114,10.065196255004114
-10.253423317772773,10.253423317772773
-10.077656996379032,10.077656996379032
-10.212061078700438,10.212061078700438
9.927936862244575,-9.927936862244575
9.501647344975323,-9.501647344975323
-10.120073251461916,10.120073251461916
9.767032065196293,-9.749121468188003
-10.269587631572756,10.269587631572756
-10.13464391829985,10.13464391829985
-10.269587631572756,10.269587631572756
-9.319681894686052,9.319681894686052
-9.449726326951883,9.449726326951883
-10.094615924644446,10.094615924644446
-10.036933320599307,10.036933320599307
15.000143743809573,9.99985625619976
10.094506144458915,-10.094506144458915
10.01974333324775,-10.01974333324775
10.003143350292513,-10.003143350292513
10.0,-10.0
15.0,10.0
25.0,-6.115886572389115
10.0,-10.0
10.0,-10.0
25.0,0.0
0.0,0.0
-10.0,10.0
-25.0,10.0
-25.0,10.0
-25.0,-1.0658141036401503e-14
-25.0,10.0
-25.0,10.0
-10.0,10.0
0.0,-10.0
10.0,-10.0
10.0,-10.0
10.0,-10.0
10.0,-10.0
10.0,-10.0
10.0,-10.0
10.0,-10.0
10.0,-10.0
0.0,0.0
10.0,-10.0
0.0,10.0
-9.025,10.0
-9.9049375,10.0
10.0102699099723,-10.0
-10.0,10.0
10.0,-10.0
-10.0,10.0
-10.0,10.0
-10.0,10.0
-10.0,10.0
10.0,-10.0
-10.0,10.0
9.989012987597906,-9.989012987597906
25.0,-9.973286480471614
25.0,-1.3163065435041403
-10.022189455598113,10.022189455598113
25.0,-9.967038962793714
25.0,-9.736883746167262
25.0,-9.72825928826679
9.90460050596808,-9.90460050596808
-10.05054196114738,10.05054196114738
-9.959333285265155,9.959333285265155
-9.694536377361867,9.694536377361867
9.90460050596807,-9.874657930780003
-10.35430274833854,10.35430274833854
9.874657930780005,-9.874657930780005
9.874657930780003,0.0
-14.998855098776573,-10.001144901223427
25.0,-2.8994365028103317
-10.192929741388147,10.192929741388147
-24.999999999958796,9.929241443737862
-25.0,7.254641332110623e-12
24.999999999990784,9.2157392828085e-12
25.0,0.0
-10.04256015666995,10.04256015666995
-25.0,0.0
9.572136401335364,-9.572136401335364
-9.80665307023882,9.80665307023882
-9.95559941776913,9.95559941776913
-25.0,10.06030423219112
-25.0,9.855267191922605
-25.0,10.032199873548377
-24.535019890228845,10.151392674510465
-10.244373927617605,10.244373927617605
-10.349050340410564,10.349050340410564
-10.564144081943725,10.564144081943725
-10.11705131813349,10.11705131813349
-9.935773818413969,9.935773818413969
-10.28369566743121,10.28369566743121
-9.952141361648318,9.952141361648318
-9.880542748314307,9.880542748314307
-9.987553775013254,9.987553775013254
-10.126480658970305,10.126480658970305
-10.564144081943729,10.564144081943729
-10.108637493321199,10.108637493321199
-9.857197871549102,9.857197871549102
-9.918799111465765,9.918799111465765
-10.205144966458812,10.205144966458812
-10.256228136425973,10.256228136425973
-10.488373584879369,10.488373584879369
-10.261402913234615,10.261402913234615
-10.441965323049976,10.441965323049976
14.933608351936023,10.066391648012477
24.99999999996596,3.40385497565876e-11
10.195116351249535,-10.195116351249535
-9.933029274329039,9.933029274329039
-10.270378932514799,10.270378932514799
-9.894825138617621,9.894825138617621
-10.020702657438184,10.020702657438184
-9.998876557785172,9.998876557785172
-10.006423018542678,10.006423018542678
-10.03306416569085,10.03306416569085
15.0,10.0
18.557735089310533,-9.999999999999998
10.0,-10.0
10.0,-10.0
10.0,-10.0
10.0,-10.0
10.0,-10.0
-25.0,4.024999999999995
-25.0,10.0
-15.0,-10.0
10.0,-10.0
10.0,-10.0
10.0,-10.0
10.0,-10.0
10.0,-10.0
-15.0,-10.0
10.0,-10.0
25.0,-10.0
10.0,-10.0
10.0,-10.0
6.4624999999999995,-10.0
-10.000000000000004,10.000000000000004
-10.0,10.0
-10.0,10.0
-10.0,10.0
-10.0,10.0
-9.999999999999998,9.999999999999998
6.620498614958446,10.000000000000004
-25.0,10.0
-10.0,0.0
10.0,-10.0
20.254540630929558,-10.0
15.0,10.0
25.0,-10.0
25.0,-10.0
25.0,-10.0
25.0,-9.954113065850073
9.962084034810179,-9.962084034810179
9.962730329657361,-9.962730329657361
9.962730329657356,-9.95648281197946
9.908257101063256,-9.908257101063256
9.77219713103974,-9.77219713103974
9.956482811979464,0.0
0.0,0.0
-10.111084451448665,10.111084451448665
-9.736941902940451,9.736941902940451
0.0,0.0
-18.90757883269759,9.817596533476404
10.0720025476135,-10.0720025476135
9.895187890535022,-9.895187890535022
-25.0,9.80240923571494
-14.658336607725586,-10.341663392274414
24.99999999994995,-9.822136376089475
9.81234096981187,-9.81234096981187
10.286223412414577,-10.286223412414577
-19.490403873372433,9.954955016363883
24.999999999961737,3.505107315504574e-11
24.99999999997204,9.805489753489383e-12
0.0,0.0
-18.986421450346732,10.043804779168623
9.908716533161337,-9.908716533161337
-9.92934432074967,9.92934432074967
-11.222881514711423,10.307366847356569
-24.999999999983693,10.051285137106907
-25.000000000000004,10.151462731862065
-24.99999999995609,9.898757028582695
-25.0,10.029921431753131
-24.999999999950365,9.934365097614254
-9.763990036557061,9.763990036557061
-10.207660088495942,10.207660088495942
-10.02800589966212,10.02800589966212
-10.207660088495942,10.207660088495942
9.910767761924365,-9.910767761924365
-10.00078262266651,10.00078262266651
-10.207660088495942,10.207660088495942
-10.12632602787894,10.12632602787894
-10.195422773269364,10.195422773269364
10.20933262887195,-10.20933262887195
9.802683784795532,-9.802683784795532
10.184377695314595,-10.184377695314595
-10.207660088495942,10.207660088495942
-10.14090679307386,10.14090679307386
-9.997207173145721,9.997207173145721
-9.934509111094474,9.9636831525374
-10.233989660898182,10.233989660898182
-9.855268454217232,9.855268454217232
-9.604995192677157,9.604995192677157
25.0,-0.39777247744951083
10.371078959457218,-10.371078959457218
-10.085637854135495,10.085637854135495
-9.81826933651068,9.81826933651068
-9.941430318408264,9.941430318408264
15.005421594854221,9.994578405145779
-10.017950164841793,10.017950164841793
-9.950745727293642,9.950745727293642
9.999165353598707,-9.999165353598707
10.0,-10.0
-10.0,10.0
-10.0,10.0
-10.0,10.0
10.0,-10.0
10.0,-10.0
-10.000000000000004,10.000000000000004
-25.0,10.0
-10.0,10.0
-25.0,10.0
-10.0,10.0
-10.0,10.0
-10.0,10.0
-25.0,0.0
0.0,0.0
10.0,-10.0
0.0,10.0
-9.025,9.999999999999996
10.0,-10.0
25.0,-10.0
10.0,-10.0
10.0,-10.0
11.72583102493075,-10.0
10.0,-10.0
-25.0,10.0
-10.0,10.0
0.0,-10.0
10.0,-10.0
10.0,-10.0
10.0,-10.0
21.0803324099723,-10.000000000000002
-10.0,10.0
-10.0,10.0
-10.0,10.0
-10.0,10.0
10.0,-10.0
10.00088977434639,-9.98513521851481
9.989443850418457,-9.989443850418457
9.990090145265638,-9.990090145265638
-10.014218486638002,10.014218486638002
14.909949587890878,10.09005041208681
14.63972403404273,10.36027596594319
24.999999999962892,-6.083326984127655
25.0,-9.8001064947482
-9.975234410636153,9.975234410636153
10.050504407882327,-10.050504407882327
10.050504407882332,-10.050504407882332
-10.013921216254197,10.013921216254197
-10.252819309795477,10.252819309795477
-10.122878701262424,10.122878701262424
-9.865624950454936,9.865624950454936
10.050504407882327,-10.050504407882327
10.050504407882327,-8.29748230583439
8.29748230583439,-8.29748230583439
8.297482305834384,-8.297482305834384
-24.999999999973525,9.925977780989054
14.545599181467578,10.454400818532422
-9.87772467556756,9.87772467556756
-10.010985750107471,10.010985750107471
-9.846101670662081,9.846101670662081
-9.820264393162969,9.820264393162969
-9.960596211035867,9.960596211035867
-25.0,9.986761685137067
-24.999999999976602,9.977901008028091
-25.0,10.22459566431082
-25.0,9.727682656304134
-24.999999999944833,10.151553617074947
-9.989938880704168,9.989938880704168
-9.910418106313687,9.910418106313687
-10.062725313278802,10.062725313278802
-10.623615212384895,10.430120581451277
-9.84034686947399,9.84034686947399
9.60206161997237,-9.60206161997237
10.401828772056959,-10.401828772056959
9.547583508615565,-9.547583508615565
10.061653625143537,-10.061653625143537
9.173235521657391,-9.173235521657391
10.011911643213738,-10.011911643213738
9.737332898700048,-9.737332898700048
10.009739234166862,-10.009739234166862
10.310744116621482,-10.310744116621482
9.477358902979127,-9.477358902979127
-10.30316025052408,10.30316025052408
-10.310522583915072,10.310522583915072
-9.631755838693286,9.631755838693286
-10.211207767535013,10.211207767535013
-10.004498818037808,10.004498818037808
-9.662762212675233,9.662762212675233
10.505626627792031,-10.505626627792031
-9.99225108888059,9.99225108888059
-10.371310274946955,10.371310274946955
-10.291047586891564,10.291047586891564
-9.95258237583237,9.95258237583237
-9.921044181346906,9.921044181346906
-9.977338473332354,9.977338473332354
-10.009151283464725,10.009151283464725
15.0,10.0
15.0,10.0
-10.0,10.0
-10.0,10.0
-10.0,10.0
-10.000000000000004,10.000000000000004
-10.000000000000004,10.000000000000004
-25.0,10.0
-25.0,0.0
-25.0,10.0
-10.0,10.0
-10.000000000000004,10.000000000000004
-10.000000000000004,10.000000000000004
-10.0,0.0
10.0,-10.0
0.0,0.0
10.0,-10.0
0.0,0.0
10.0,-10.0
25.0,-10.0
-13.537500000000001,0.0
0.0,0.0
0.0,9.999999999999998
-9.024999999999999,10.0
-9.9049375,9.9049375
-9.9049375,10.0
-9.990731406250005,10.0
-9.9989986837777,10.0
-10.0,10.0
-10.0,10.0
10.0,-10.0
-10.000000000000002,10.000000000000002
10.0,-10.0
10.0,-10.0
24.019959175884814,-9.999999999999998
-10.0,10.0
-10.031883878305843,10.031883878305843
25.0,-9.97177845751791
-10.026067224681203,10.026067224681203
14.964238352607936,10.035761647388934
25.0,-9.86535523359595
25.0,-3.275602011854062e-12
-10.385545092521651,10.385545092521651
-10.183504503008855,10.183504503008855
0.0,0.0
-9.398392907075625,9.398392907075625
-9.964718865275902,9.964718865275902
-9.82797007069153,9.82797007069153
-10.526836964349062,10.526836964349062
-9.951431952069967,9.951431952069967
-9.798823687837164,9.798823687837164
-9.867143490886889,9.867143490886889
-10.09092308172368,10.09092308172368
-9.850916693503049,9.850916693503049
-9.856289650567561,9.856289650567561
-9.965091873337117,9.965091873337117
0.0,0.0
-9.956321450293716,9.956321450293716
-9.759637013548257,9.759637013548257
0.0,0.0
0.0,0.0
-9.884006484760924,9.884006484760924
-9.977888385081858,9.977888385081858
-19.17958239835171,10.035454069087503
-10.062575731365929,10.062575731365929
-9.888781114173941,9.888781114173941
-9.957029597577444,9.957029597577444
-9.897586881466795,9.897586881466795
-10.03623416716477,10.03623416716477
-9.924740101110807,9.924740101110807
-10.216104208379193,10.216104208379193
-10.217733199590693,10.217733199590693
-10.368300333417453,10.368300333417453
10.131998148769203,-10.131998148769203
-10.148632036169083,10.148632036169083
-10.33311450193742,10.33311450193742
9.297187173349709,-9.297187173349709
10.131998148769197,-10.131998148769197
-10.364580311715576,10.304785454851713
-9.899467700455666,9.899467700455666
10.198252837815033,-10.198252837815033
9.80370371885124,-9.80370371885124
9.61867909754215,-9.61867909754215
10.045570098199454,-10.045570098199454
9.981959916389643,-9.981959916389643
9.623222727039087,-9.623222727039087
-10.11669219531313,10.11669219531313
10.198252837815035,-10.198252837815035
-9.14818907173984,9.14818907173984
-9.77407703289267,9.77407703289267
-10.347385689375951,10.347385689375951
9.61755739098243,-9.61755739098243
10.083868195966899,-10.083868195966899
-9.900703585508747,9.900703585508747
-9.976653357994657,9.976653357994657
-10.021244845029383,10.021244845029383
-10.0,10.0
-10.0,10.0
-25.0,10.0
-25.0,10.0
-10.0,10.0
-10.79607681387194,10.0
-25.0,10.0
-25.0,10.0
-25.0,10.0
-10.0,10.0
-10.0,10.0
-10.0,10.0
-10.0,10.0
-10.0,10.0
-10.0,10.0
-10.0,0.0
0.0,0.0
0.0,0.0
0.0,0.0
0.0,0.0
0.0,0.0
0.0,10.0
15.0,10.0
-10.0,10.0
-10.0,10.0
-10.0,10.0
10.0,-10.0
25.0,-10.0
-10.0,10.0
10.0,-10.0
10.0,-10.0
10.0,-10.0
-10.0,10.0
10.69922956419016,-10.0
-10.0,10.0
25.0,-10.0
9.964022921817143,-9.964022921817143
9.966392667946533,-9.966392667946533
-10.033391898794127,10.033391898794127
-10.040285711319209,10.040285711319209
-10.148867084881303,10.148867084881303
9.606015856496944,-9.606015856496944
9.621817240869344,-9.621817240869344
-10.146687786875386,10.146687786875386
-10.10025869718471,10.10025869718471
9.956611778057098,-9.956611778057098
10.129957018363156,-10.129957018363156
25.0,-10.436071669453309
25.0,-1.4210854715202004e-14
-9.8625323286276,9.8625323286276
-9.811283798064773,9.811283798064773
-24.999999999974655,10.00969884073891
6.151258799291018,10.458493177701499
-10.220504567436372,10.220504567436372
-10.232315858227548,10.232315858227548
0.0,0.0
0.0,0.0
-10.044223229836279,10.044223229836279
-10.139327031352673,10.139327031352673
-10.075793218367581,10.075793218367581
-10.082113527546953,10.082113527546953
-9.921303503998594,9.921303503998594
-25.000000000000004,9.986759791695132
-25.0,9.88984838427803
-10.134587115041798,10.134587115041798
-10.284277585252601,10.284277585252601
-10.325422078502404,10.325422078502404
-10.169998266112104,10.169998266112104
-10.419905462211391,10.419905462211391
-10.329677273677895,10.329677273677895
-10.244830878271273,10.244830878271273
-10.198264829613958,10.198264829613958
9.7464188953993,-9.7464188953993
9.749616287680377,-9.749616287680377
9.602731898417396,-9.602731898417396
9.5461236648836,-9.5461236648836
9.357466790795673,-9.357466790795673
-10.413272735112724,10.413272735112724
9.48261699123291,-9.48261699123291
9.600907251539269,-9.600907251539269
9.886586614971158,-9.886586614971158
9.283240080055736,-9.283240080055736
-10.37948047689693,10.37948047689693
9.549402475167888,-9.549402475167888
9.998583705432543,-9.998583705432543
9.689654137332202,-9.689654137332202
-10.47929326850592,10.47929326850592
10.275537457280164,-10.275537457280164
-9.80895360218997,9.80895360218997
-10.137968486764235,10.137968486764235
9.381841384399916,-9.381841384399916
9.758212356278921,-9.758212356278921
10.182632178530671,-10.182632178530671
10.2084472278104,-10.2084472278104
10.045764235167862,-10.045764235167862
9.963376626969962,-9.963376626969962
25.0,-10.0
11.75722085764746,-10.0
10.0,-10.0
-10.0,10.0
-10.0,10.0
-10.0,10.0
-25.0,10.0
-25.0,0.0
-25.0,10.0
-25.0,0.0
0.0,0.0
0.0,0.0
0.0,0.0
0.0,0.0
0.0,0.0
0.0,0.0
0.0,0.0
0.0,0.0
10.0,-10.0
1.0803324099722982,10.0
10.0,-10.0
-10.0,10.0
-10.0,10.0
15.0,10.0
-10.0,10.0
-10.0,10.0
-10.0,10.0
-10.0,10.0
25.0,-10.0
25.0,0.0
-10.0,10.0
-10.0,10.0
-10.000000000000004,10.000000000000004
-10.0,10.0
14.182825484764543,-10.0
15.0,10.0
-10.023697476086395,10.023697476086395
-10.024343773398998,10.024343773398998
-10.022404886392032,10.022404886392032
-10.032961037206286,10.032961037206286
-10.14649349212015,10.14649349212015
-10.344381664852497,10.344381664852497
-10.321666594210955,10.321666594210955
-10.14246351791817,10.14246351791817
-10.04730449101201,10.04730449101201
-9.946189011351665,9.946189011351665
-9.780945809085916,9.780945809085916
-9.535617586733023,9.535617586733023
-10.394693651698176,10.394693651698176
-9.856980125726563,9.856980125726563
-10.047101892724953,10.047101892724953
-9.856246732550368,9.856246732550368
-10.531748552728724,10.531748552728724
-10.055996651788758,10.055996651788758
-10.039663190509241,10.039663190509241
-10.005222112857016,10.005222112857016
-10.795421071696214,10.795421071696214
-10.19901463262026,10.19901463262026
0.0,0.0
-25.0,0.0
9.863086475967272,-9.863086475967272
10.002664703950005,-10.002664703950005
-24.99999999997378,10.384314434157249
-24.99999999997534,10.118739006044978
-25.0,10.333156157659994
-25.0,10.35799811584855
-10.681774793360242,10.325079996659467
-10.532967298187623,10.532967298187623
-10.516606697573696,10.516606697573696
9.494293216499385,-9.494293216499385
-10.72808775189468,10.72808775189468
-10.517312320268182,10.517312320268182
-10.544812670933629,10.544812670933629
9.235351777780403,-9.235351777780403
-10.837512917060884,10.837512917060884
-10.837512917060884,10.895523559921276
-10.820753431345967,10.820753431345967
9.364778001254418,-9.364778001254418
-10.819483562954822,10.819483562954822
25.0,-9.23608201522004
-10.200227697753348,10.200227697753348
9.356344610875468,-9.356344610875468
9.102481383426433,-9.102481383426433
15.028025047402313,-9.270685297731376
9.531257621103789,-9.531257621103789
9.234992023812733,-9.234992023812733
9.359341298311422,-9.359341298311422
24.999999999975472,-9.94493365934869
10.268793017107324,-10.268793017107324
9.893736882865422,-9.893736882865422
9.516727347693802,-9.516727347693802
9.633993571486926,-9.633993571486926
10.004146716731292,-10.004146716731292
10.16461116740314,-10.16461116740314
10.083374500705673,-10.083374500705673
9.963376626969962,-9.963376626969962
25.0,-10.0
10.0,-10.0
10.0,-10.0
10.0,-10.0
15.0,10.0
10.0,-10.0
-10.0,10.0
-10.0,10.0
-25.0,10.0
-25.0,0.0
-25.0,10.0
-10.0,10.0
-25.0,10.0
-10.0,10.0
-10.0,10.0
-10.0,0.0
0.0,0.0
0.0,0.0
25.0,-10.0
25.0,0.0
-15.0,-10.0
-11.100000000000001,9.999999999999998
10.0,-10.0
10.0,-10.0
10.0,-10.0
-10.0,10.0
10.0,-10.0
-10.0,10.0
-10.0,10.0
-10.0,10.0
-10.0,10.0
-10.0,10.0
-10.0,10.0
-10.0,10.0
-10.0,10.0
-9.987271868466186,10.0
-10.011487138709267,10.011487138709267
-10.009425624217393,10.009425624217393
25.0,0.0
9.136094410188278,10.034002943077784
-10.161535049091835,10.161535049091835
-10.387895642897254,10.387895642897254
14.666395096566058,10.33360490339861
-10.11410038887763,10.11410038887763
-10.085205833800632,10.085205833800632
-9.99818608262617,9.99818608262617
-9.931672623182536,9.931672623182536
-9.540346142392288,9.540346142392288
25.0,0.0
-9.887783901421454,9.887783901421454
0.0,0.0
-9.771821943547964,9.771821943547964
-10.467479453125495,10.467479453125495
-10.374205978813043,10.374205978813043
-10.338778417912627,10.338778417912627
-10.07503205470967,10.07503205470967
-10.634462728529607,10.634462728529607
-10.15283105923383,10.15283105923383
0.0,0.0
-15.03887741210617,-9.96112258789383
-10.225171901806403,10.225171901806403
-24.999999999967578,10.166928365587989
-24.99999999994327,10.111579270941037
-25.0,9.97395507503534
-25.0,10.266317657350834
-10.35727734561859,10.35727734561859
-10.393385283321019,10.393385283321019
-10.306533101757811,10.306533101757811
9.695609012218101,-9.695609012218101
9.717490889514785,-9.717490889514785
9.594840663579197,-9.594840663579197
9.552985498456415,-9.552985498456415
9.492016668146077,-9.492016668146077
9.679039727279857,-9.567003911396613
9.529462638149306,-9.529462638149306
-10.619892692838986,10.619892692838986
9.79590589381517,-9.79590589381517
9.51780976533337,-9.51780976533337
9.384220494191373,-9.384220494191373
9.355014152342397,-9.355014152342397
-1.1796225304846715,-9.440270162354315
9.533602964514072,-9.533602964514072
9.33556029875383,-9.33556029875383
9.831916003684283,-9.831916003684283
9.541078904421173,-9.541078904421173
9.668786513765424,-9.668786513765424
9.833777257106492,-9.833777257106492
21.758872123988247,-10.407439040510672
-9.604420848623509,9.604420848623509
-9.932175332016305,9.932175332016305
-10.244668357838512,10.244668357838512
25.0,-5.072919861959235e-11
-9.960550926216253,9.960550926216253
24.118118517093574,-10.140122493922306
24.999999999961695,-10.067900469761998
25.0,-9.998370742060962
25.0,-10.0
10.0,-10.0
10.0,-10.0
10.0,-10.0
-10.0,10.0
-15.975000000000009,10.0
-25.0,10.0
-25.0,10.0
-25.0,0.0
-25.0,10.0
-10.0,10.0
-10.0,0.0
0.0,0.0
0.0,0.0
25.0,-10.0
-13.537500000000001,0.0
0.0,10.0
-9.025,10.0
-9.9049375,9.9049375
-9.9049375,10.0
-9.99073140625,9.99073140625
10.0,-10.0
10.0,-10.0
25.0,0.0
10.0,-10.0
-10.0,10.0
10.0,-10.0
10.0,-10.0
10.0,-10.0
-10.0,10.0
10.0,-10.0
-10.0,10.0
-10.0,10.0
-10.0,10.0
-10.0,10.0
-10.0,10.0
-10.0,10.0
-10.0,10.0
-10.0,10.0
-10.006199604721433,10.006199604721433
-10.162049912442196,10.162049912442196
-10.327306526588318,10.327306526588318
14.747958421479039,10.252041578520634
24.99999999994328,-9.883157276053028
14.92430965864423,10.07569034135577
-5.905418180073961,9.981670850920885
-9.97490305829751,9.97490305829751
-9.971131953110097,9.971131953110097
-9.81139109310776,9.81139109310776
-10.063895460394699,10.063895460394699
-10.075405693918196,10.075405693918196
-10.132145837240135,10.132145837240135
-10.459125587307815,10.459125587307815
-10.432467187156183,10.432467187156183
-10.352957773417309,10.352957773417309
-10.393988660151004,10.393988660151004
-10.456184440835294,10.456184440835294
0.0,0.0
-10.357916066698031,10.357916066698031
-25.0,10.495552885549968
-10.55659997812696,10.55659997812696
-10.496829065414227,10.496829065414227
-10.475981007414116,10.475981007414116
-25.0,10.440034643423482
-25.0,10.344467579780304
-11.885123426158437,10.480068317404688
-10.521987859553263,10.521987859553263
-10.646683633926074,10.646683633926074
9.089676035619327,-9.089676035619327
-10.667794249207859,10.667794249207859
-10.617746791979199,10.617746791979199
9.312618725120805,-9.312618725120805
9.320444951785895,-9.320444951785895
9.194218645182211,-9.194218645182211
8.981530837201257,-8.981530837201257
8.887920961371663,-8.887920961371663
8.671550408826935,-8.671550408826935
8.777150190136915,-8.777150190136915
9.064076700656729,-9.064076700656729
8.961315819954779,-8.961315819954779
9.664550253009285,-9.664550253009285
9.312705823449816,-9.312705823449816
-10.608062467628452,10.608062467628452
-10.907592989962936,10.907592989962936
-10.319657810104637,10.319657810104637
-10.462109651797542,10.462109651797542
-10.010987643549406,10.010987643549406
-9.879122666862978,9.879122666862978
-10.01283374943613,10.01283374943613
-10.451516475317948,10.451516475317948
-10.547150756149824,10.547150756149824
25.0,0.0
-10.007920977655266,10.007920977655266
10.095129954683118,-10.095129954683118
-9.997566976421776,9.997566976421776
-10.059594497177434,10.059594497177434
25.0,0.0
-10.0,10.0
-10.0,10.0
0.0,0.0
-10.0,10.0
-10.0,10.0
-25.0,10.0
-25.0,0.0
-25.0,0.0
-25.0,0.0
-5.000000000000004,0.0
10.0,-10.0
0.0,0.0
10.0,-10.0
10.0,-10.0
10.0,-10.0
10.0,-10.0
10.0,-10.0
10.0,-10.0
10.0,-10.0
25.0,-10.0
25.0,-10.0
10.0,-10.0
10.0,-10.0
10.0,-10.0
10.0,-10.0
19.123356471665133,-10.0
10.0,-10.0
10.0,-10.0
10.0,-10.0
10.0,-10.0
10.0,-10.0
-10.0,10.0
-10.0,10.0
10.0,-10.0
-10.0,10.0
-15.017958334008267,-9.982041665991733
-10.015086504028872,10.015086504028872
9.982482071217246,-9.982482071217246
-10.03609108163145,10.03609108163145
-10.156920072829067,10.156920072829067
-10.30882921567778,10.30882921567778
-10.30882921567778,10.30882921567778
-10.119392559086243,10.119392559086243
-10.172421871789037,10.172421871789037
-9.890976244524042,9.890976244524042
9.005301306271505,9.835331141787904
-9.675897650526364,9.675897650526364
14.703122820945792,10.296877179036093
15.014533429146544,9.985466570853456
-10.22559729509449,10.22559729509449
-10.195956092747751,10.195956092747751
25.0,-3.8824055081931874e-11
-10.31984652315084,10.31984652315084
-10.311791821158904,10.311791821158904
-10.535301280946287,10.535301280946287
-10.501518489940164,10.501518489940164
0.0,0.0
-10.366550161922108,10.366550161922108
-25.0,2.8762769943568856e-11
4.131366643604635,10.242254534944912
-10.510973076669455,10.510973076669455
-25.0,10.48895360925882
-25.0,10.525592972997696
-24.999999999999996,10.531205134893348
-24.999999999961517,10.59180032599516
-25.0,10.43895285693122
-10.54869801378446,10.54869801378446
-10.54869801378446,10.54869801378446
-10.54869801378446,10.54869801378446
9.54305313321217,-9.54305313321217
9.322850885338104,-9.322850885338104
9.604461242051459,-9.604461242051459
-10.54869801378446,10.54869801378446
8.959689984479837,-8.959689984479837
-10.54869801378446,10.54869801378446
8.903255947604068,-8.903255947604068
-10.54869801378446,10.54869801378446
9.138340649088054,-9.138340649088054
-10.503734448151551,10.503734448151551
-10.429384663685832,10.429384663685832
-10.171453691812886,10.171453691812886
-10.342594965706487,10.342594965706487
9.951727690916256,-9.818231467671978
-10.133714238309711,10.133714238309711
-10.66917835526242,10.66917835526242
-10.651287853564938,10.651287853564938
-10.17651864898929,10.17651864898929
-9.546974451459775,9.546974451459775
-10.192839171748918,10.192839171748918
9.589020854217997,-9.589020854217997
9.574108578897606,-9.574108578897606
9.878282294217449,-9.878282294217449
24.999999999944603,-10.064984662867866
10.0258131952845,-10.0258131952845
-10.065904348048623,10.065904348048623
10.0,-10.0
10.0,-10.0
10.0,-10.0
-9.999999999999998,9.999999999999998
-10.0,10.0
-10.0,10.0
-10.0,10.0
-10.0,10.0
-24.148029696974174,10.0
-10.0,0.0
0.0,0.0
0.0,0.0
0.0,0.0
0.0,0.0
0.0,0.0
0.0,0.0
0.0,0.0
10.0,-10.0
10.0,-10.0
0.0,0.0
10.0,-10.0
10.0,-10.0
10.0,-10.0
10.0,-10.0
10.0,-10.0
10.0,-10.0
10.0,-10.0
10.0,-10.0
10.0,-10.0
10.0,-10.0
10.0,-10.0
10.0,-10.0
0.0,0.0
0.0,0.0
0.0,0.0
0.0,0.0
9.99499940813865,-9.99499940813865
0.0,0.0
0.0,0.0
21.280149294510032,-9.978783916550842
-10.199482253608169,10.199482253608169
-10.199482253608169,10.351777646284546
-10.177205179477594,10.177205179477594
-10.003013097266061,10.003013097266061
14.879309486467243,10.120690513532757
15.157292008432936,9.842707991567064
-10.178264402453458,10.178264402453458
-9.692887505010047,9.692887505010047
-10.284198060691327,10.284198060691327
-9.967907421494619,9.967907421494619
-9.997941828616542,9.997941828616542
8.843308316736426,9.966188807364851
14.651221052933467,10.348778947066533
-10.164306579655184,10.164306579655184
-10.270382877185497,10.270382877185497
-10.061888411943489,10.061888411943489
-10.34314721960422,10.34314721960422
0.0,0.0
0.0,0.0
-15.281444364970373,-9.718555635029627
9.7474546081378,-9.7474546081378
-9.93873326815854,9.93873326815854
-25.0,10.032360816112856
-24.99999999998136,10.102500216862214
-25.0,10.240534027373213
-25.0,10.0665115660017
-9.830292692817235,9.687863572408903
-10.064287402875266,10.064287402875266
-10.299477505960304,10.299477505960304
-10.299477505960304,10.172395363601947
-9.844068745171095,9.844068745171095
-10.15400751782284,10.15400751782284
-9.990096036384784,9.990096036384784
-10.055722102708167,10.055722102708167
9.899081438300907,-9.899081438300907
9.592613975863513,-9.592613975863513
-9.918184373984166,9.918184373984166
10.194146593405108,-10.194146593405108
9.653836527393157,-9.653836527393157
9.996687738908193,-9.996687738908193
-10.172395363601947,10.172395363601947
10.124110700814867,-10.124110700814867
-10.172395363601947,10.172395363601947
10.520239265926193,-10.520239265926193
9.79891141731349,-9.79891141731349
10.064997759174585,-10.064997759174585
10.310870030510166,-10.310870030510166
10.112270692821006,-10.112270692821006
10.73901117620512,-10.73901117620512
9.978884966687035,-9.978884966687035
-10.160930572684894,10.160930572684894
-9.920050992158526,9.920050992158526
-9.871163780922306,9.871163780922306
-10.031795830790442,10.031795830790442
-10.112678873630955,10.112678873630955
-9.963364832404574,9.963364832404574
-10.0,10.0
-10.0,10.0
-10.0,10.0
-10.0,10.0
-10.0,10.0
-10.0,10.0
-10.0,10.0
-10.0,10.0
-10.172395363601947,10.0
-10.0,0.0
0.0,0.0
10.0,-10.0
10.0,-10.0
10.0,-10.0
10.0,-10.0
0.0,0.0
0.0,5.2631578947368425
9.999999999999996,-9.999999999999996
25.0,-10.0
25.0,-10.0
25.0,-10.0
25.0,-10.0
25.0,-10.0
25.0,-10.0
10.0,-10.0
9.999999999999996,-9.999999999999996
10.0,-10.0
10.0,-10.0
10.0,-10.0
10.0,-10.0
9.999999999999996,-9.999999999999996
10.0,-10.0
-15.0,-10.0
-15.0,-10.0
9.999999999999998,-9.999999999999998
-14.289475340421623,10.0
-15.021669981913874,-9.978330018086126
25.0,-9.975735430657782
25.0,-9.973091544707389
25.0,-9.96063907974468
24.999999999943586,-9.810507693966589
-25.0,10.228948450639383
-25.0,10.137083933806888
25.0,-9.755852812054124
25.0,-9.977422913939481
-25.0,0.0
-25.0,9.391328475215753
10.408433728673911,-10.408433728673911
25.0,-9.021222429339524
25.0,-10.556052773407714
25.0,-10.000292852352631
10.155266656709687,-10.155266656709687
25.0,-10.463100553076911
24.999999999985633,-9.795023549873413
9.975495074475887,-9.975495074475887
9.911309917465118,-9.911309917465118
9.757294194727228,-9.757294194727228
9.7669425436812,-9.7669425436812
-14.873706160633958,-10.126293839366042
-25.0,0.0
-10.05016169489208,10.05016169489208
-9.723994862561867,9.723994862561867
-10.193985019693312,10.193985019693312
-25.0,9.653483084898603
-10.40582077880347,10.40582077880347
-9.805897586906713,9.805897586906713
-10.255253644976708,10.255253644976708
-10.257549127749368,10.257549127749368
-10.289451730913926,10.289451730913926
-10.066235123479176,10.066235123479176
10.115121900801618,-10.115121900801618
10.11065590242402,-10.11065590242402
9.90591676368663,-9.90591676368663
10.087812787771616,-10.087812787771616
10.19815500998172,-10.19815500998172
9.249498944772188,-9.249498944772188
10.338425606565387,-10.338425606565387
9.394827555911824,-9.394827555911824
9.780570276435453,-9.780570276435453
9.656891911529103,-9.656891911529103
-9.897258053717401,9.897258053717401
-10.03933941193834,10.03933941193834
-10.660447694499656,10.660447694499656
-10.175373747765864,10.175373747765864
-9.875055553586375,9.875055553586375
-9.662108344060314,9.662108344060314
-10.633832212365217,10.633832212365217
-10.112464770619358,10.112464770619358
-9.493480929909223,9.493480929909223
-9.973794448044508,9.973794448044508
-10.384350725127671,10.384350725127671
-10.319194232404193,10.319194232404193
-10.149000231732046,10.149000231732046
-10.049778982940946,10.049778982940946
-10.00803746378098,10.00803746378098
-10.015711941429739,10.015711941429739
-10.0,10.0
-10.0,10.0
-10.0,10.0
-10.0,10.0
10.0,-10.0
-10.0,10.0
-10.0,10.0
-20.65059878018412,9.999999999999998
0.0,-10.0
9.999999999999996,-9.999999999999996
10.0,-10.0
0.0,0.0
0.0,0.0
10.0,-10.0
0.0,0.0
0.0,0.0
0.0,0.0
10.0,-10.0
10.0,-10.0
10.0,-10.0
0.0,0.0
10.0,-10.0
10.0,-10.0
10.0,-10.0
10.0,-10.0
10.0,-10.0
10.0,-10.0
10.0,-10.0
10.0,-10.0
0.0,0.0
10.0,-10.0
0.0,0.0
10.0,-10.0
0.0,0.0
10.0,-10.0
10.0,-10.0
9.973695621716425,-9.973695621716425
9.973909797611979,-9.973909797611979
21.34294510493434,-9.971588691737718
-10.064254671970147,10.064254671970147
-10.262649162909952,10.262649162909952
9.5301733889157,-9.5301733889157
9.66519781015109,-9.66519781015109
9.871428034412373,-9.871428034412373
9.959520104869418,-9.959520104869418
10.11298609829882,-10.11298609829882
9.050123522434884,9.84167795915437
10.704848907877839,-10.704848907877839
14.236369187210675,10.763630812753137
15.070946007000861,9.929053992986288
-9.87634814328074,9.87634814328074
10.032320422684908,-10.032320422684908
25.0,0.0
-9.923536503187396,9.923536503187396
-9.925046207556983,9.925046207556983
-25.0,2.437500000041336
24.9999999999542,0.0
0.0,0.0
0.0,0.0
0.0,-9.762156553646088
9.986047857527533,-9.986047857527533
10.197547215120553,-10.197547215120553
-15.104049052365133,-9.895950947634867
-15.289133632639327,-9.710866367331167
-14.781203317189092,-10.218796682810908
10.113793335710488,-10.113793335710488
-9.954674155810176,9.954674155810176
9.884667295996271,-9.884667295996271
9.727811410355724,-9.727811410355724
9.789835518971227,-9.789835518971227
-10.052693857906624,10.052693857906624
-10.237843446383428,10.237843446383428
-10.237843446383428,0.0
0.0,0.0
0.0,0.0
0.0,0.0
9.842500344101515,-9.842500344101515
9.71835366788988,-9.71835366788988
9.55412598164866,-9.55412598164866
9.71521118542492,-9.71521118542492
9.873699849160841,-9.873699849160841
9.276720328325862,-9.276720328325862
10.174041395790864,-10.174041395790864
21.589184772231192,-10.154025189947562
-9.67434692158151,9.67434692158151
-10.320231523010976,10.320231523010976
9.509795456769387,-9.509795456769387
25.0,-10.4640977658294
24.999999999964967,-5.759677783765397
14.977941401456041,10.022058598543959
14.425323331718607,10.574676668281393
-10.490730762301743,10.490730762301743
-10.160052015627006,10.160052015627006
10.046271066182511,-10.046271066182511
10.051773862083053,-10.051773862083053
9.997696120009588,-9.94592225792654
10.0,-10.0
10.0,-10.0
10.0,-10.0
-10.0,10.0
-10.0,10.0
-10.0,10.0
-20.975000000000005,10.0
-25.0,0.0
-25.0,0.0
-25.0,0.0
0.0,0.0
0.0,0.0
0.0,0.0
0.0,0.0
0.0,0.0
0.0,0.0
0.0,0.0
0.0,0.0
0.0,0.0
21.080332409972296,-9.999999999999998
10.0,-10.0
-10.0,10.0
-10.0,10.0
-10.0,10.0
-10.0,10.0
-10.0,10.0
-10.0,10.0
-8.379501385041552,10.0
-10.0,10.0
-9.999999999999998,9.999999999999998
-10.000000000000004,10.000000000000004
25.0,-10.0
-10.000000000000004,10.000000000000004
-25.0,10.0
-10.0,10.0
10.277322162236699,-10.0
-10.064969786528497,10.064969786528497
-10.0514242360574,10.0514242360574
-10.049313640000365,10.049313640000365
-10.084885017084185,10.084885017084185
-10.250283251418617,10.250283251418617
8.523726573924124,10.381776748603725
-10.218264310053492,10.218264310053492
-10.078633381270233,10.078633381270233
15.004862358889348,9.995137641110652
15.222142394710238,9.777857605289762
15.39551098746683,9.60448901253317
-9.783593472058502,9.783593472058502
-10.21339911100124,10.21339911100124
-9.759157341591367,9.759157341591367
-10.170364331552896,10.170364331552896
-9.90091176550484,9.90091176550484
-10.123225201136547,10.123225201136547
-9.953872598724319,9.953872598724319
-9.970356273064013,9.970356273064013
-9.933429737298315,9.933429737298315
-9.968886330975062,9.968886330975062
-9.986652496652143,9.986652496652143
-9.928675935746579,9.928675935746579
-25.000000000000004,0.5576779776898526
-10.322643768036297,10.322643768036297
-9.918315652625001,9.918315652625001
-24.999999999971486,9.823269285513975
-24.99999999998302,9.52936607261062
-25.0,10.089686664140062
-25.000000000000004,10.068743302895877
-10.0439385823987,9.901405322702592
-9.673898806990204,9.673898806990204
9.839344607543008,-9.839344607543008
-9.926210043199763,9.926210043199763
-9.926210043199763,9.926210043199763
-9.926210043199763,9.926210043199763
9.810770044153045,-9.810770044153045
9.69099658766419,-9.69099658766419
9.777902416748892,-9.777902416748892
-9.926210043199763,9.926210043199763
-9.926210043199763,9.926210043199763
10.194393886013149,-9.628667003749824
9.779609039079732,-9.779609039079732
-10.436778554442414,10.436778554442414
-10.141895800911296,10.141895800911296
-10.04209184536467,10.04209184536467
10.255674620233615,-10.255674620233615
10.18607485043576,-10.18607485043576
10.239368298288499,-10.239368298288499
9.765570429425562,-9.765570429425562
12.885065295345411,-9.310563078326593
24.999999999955108,-9.875641889438945
10.36398517924735,-10.36398517924735
-10.155446218119867,10.155446218119867
14.793958488784916,10.206041511215084
14.725772173388744,10.274227826608385
24.999999999955538,-9.951983259246736
-9.987373740242589,9.987373740242589
-0.024382818242667137,9.97636607748939
-10.005032413643143,10.005032413643143
-10.000000000000004,10.000000000000004
-10.0,10.0
-10.0,10.0
0.0,0.0
0.0,0.0
0.0,0.0
-25.0,4.999999999999993
-25.0,0.0
-25.0,0.0
-25.0,0.0
0.0,0.0
0.0,0.0
0.0,0.0
0.0,0.0
10.0,-10.0
10.0,-10.0
0.0,0.0
0.0,0.0
0.0,10.0
-9.025000000000002,10.0
-9.904937499999999,9.904937499999999
-9.904937499999999,9.904937499999999
-9.904937499999999,9.904937499999999
25.0,-10.0
-10.000000000000005,10.000000000000005
-10.0,10.0
10.0,-10.0
24.288157894763813,-9.999999999999998
-10.0,10.0
-10.0,10.0
10.0,-10.0
10.0,-10.0
-10.0,10.0
10.0,-10.0
25.0,-10.0
-10.0,10.0
9.936935366147742,-9.936935366147742
9.926914154592282,-9.926914154592282
-10.076541490348566,10.076541490348566
-10.112940490509292,10.112940490509292
-10.25183385216167,10.25183385216167
-10.349303746056213,10.349303746056213
-10.249325909425211,10.249325909425211
-10.110064832966613,10.110064832966613
14.925667572085354,10.074332427914646
15.055037307848,9.944962692125028
-9.815492288339195,9.815492288339195
-9.8836113865438,9.8836113865438
0.0,0.0
0.0,0.0
-9.926471338186808,9.926471338186808
-9.740530922128437,9.740530922128437
-10.091049311186019,10.091049311186019
-10.13025555104159,10.13025555104159
-9.952236664892386,9.952236664892386
-10.110215992747765,10.110215992747765
-10.532606281925325,10.532606281925325
-10.103029118309422,10.103029118309422
-9.997405984548909,9.997405984548909
-9.942549184805085,9.942549184805085
-9.922530454372545,9.922530454372545
-9.702670288341418,9.702670288341418
0.0,0.0
-24.999999999999996,9.907002968210069
-10.126447208162782,10.126447208162782
-10.00625466985896,10.00625466985896
-10.087069927385745,10.087069927385745
-10.210175841680384,10.210175841680384
-10.008550152631617,10.008550152631617
-9.986725078592986,9.986725078592986
-10.004636408151756,10.004636408151756
-9.969290896401864,9.969290896401864
9.84115978721146,-9.84115978721146
-10.287367051343379,10.287367051343379
-10.213146652076558,10.213146652076558
-10.23310226777793,10.23310226777793
-10.33302614131378,10.33302614131378
9.818432803664413,-9.818432803664413
-10.34006280269194,10.34006280269194
-10.085351944403296,10.085351944403296
9.758829776136592,-9.758829776136592
9.680948722461906,-9.680948722461906
-10.091858442039621,10.091858442039621
-9.87728729048055,9.87728729048055
-9.48521542471518,9.48521542471518
-9.511741283931363,9.511741283931363
9.856351503004108,-9.856351503004108
10.015680223811906,-10.015680223811906
-9.723228649725462,9.723228649725462
-10.375943211788496,10.375943211788496
-10.369608386220953,10.369608386220953
-10.11165374632382,10.11165374632382
-9.854877142883975,9.854877142883975
-9.872572067808246,9.872572067808246
-9.996664702031314,9.996664702031314
-10.079194293720155,10.079194293720155
6.723542417495757,10.000000000000004
-10.0,10.0
0.0,0.0
0.0,0.0
0.0,0.0
-10.0,10.0
-25.0,4.999999999999993
-25.0,0.0
-25.0,0.0
-15.0,-10.0
0.0,0.0
10.0,-10.0
0.0,0.0
0.0,0.0
0.0,0.0
0.0,0.0
0.0,0.0
0.0,0.0
0.0,0.0
0.0,0.0
0.0,0.0
10.0,-10.0
0.0,2.7008310249307463
15.0,10.0
-25.0,0.0
10.0,-10.0
0.0,2.7008310249307463
15.0,10.0
-25.0,10.0
-10.0,10.0
-10.0,10.0
-10.0,10.0
-10.0,10.0
-10.0,10.0
-10.0,10.0
14.119143924138452,-10.0
25.0,-9.936318439373908
-10.063065038181005,10.063065038181005
14.926186364081186,10.073813635918814
-10.113918574074313,10.113918574074313
-10.276169571036187,10.276169571036187
-10.39046741040561,10.39046741040561
14.756792274827594,10.243207725172406
14.882792472906868,10.117207527093132
-9.96189511220335,9.96189511220335
-10.003217588995053,10.003217588995053
-9.633445420046712,9.633445420046712
-9.801760416278507,9.801760416278507
-10.389451973274499,10.389451973274499
-10.063354567148574,10.063354567148574
0.0,0.0
0.0,0.0
0.0,0.0
-10.136385884880145,10.136385884880145
-18.24265590045484,10.297597318118743
-25.0,10.382558582336095
14.363965083516948,10.636034916483052
-10.385574204191405,10.385574204191405
-10.407924392793369,10.407924392793369
-25.0,10.250294089401365
6.479455656659999,9.863708787216611
-10.469762944099232,10.469762944099232
-10.683962981039022,10.683962981039022
-10.585216197239495,10.585216197239495
-25.0,10.725939326445644
-25.0,10.59049385105994
-10.44319921604435,10.44319921604435
-22.50991885869178,10.44286597026377
-25.0,10.360149065886835
-25.0,10.620704348281825
-25.0,10.657129121934734
-10.887362825180977,10.887362825180977
-10.887362825180977,10.86285158818375
-10.558276305386835,10.558276305386835
-10.861724359085054,10.861724359085054
8.821924411576312,-8.821924411576312
-10.86285158818375,10.86285158818375
8.939712909769867,-8.939712909769867
-8.48402227474492,11.05240406030698
-10.838063908663996,10.838063908663996
9.11017001997758,-9.11017001997758
25.0,-9.185940517041939
9.092264370744616,-9.092264370744616
9.261323489656908,-9.261323489656908
-10.749074662303371,10.749074662303371
-10.555706904680903,10.555706904680903
9.627623086096268,-9.627623086096268
25.0,-9.934316499271251
-10.100466660223915,10.100466660223915
-10.310242354508679,10.310242354508679
9.39247716332305,-9.39247716332305
25.0,-9.542697166128374
-9.99066438453897,9.99066438453897
10.22265228284468,-10.22265228284468
10.103004345777439,-10.103004345777439
9.96581848414513,-9.96581848414513
-10.0,10.0
-10.0,10.0
-10.0,10.0
10.0,-10.0
-10.0,10.0
-10.0,10.0
-10.0,10.0
-25.0,10.0
-25.0,10.0
-25.0,10.0
-10.0,10.0
-10.0,10.0
-10.0,10.0
-10.0,10.0
-10.0,0.0
0.0,0.0
10.0,-10.0
10.0,-10.0
10.0,-10.0
0.0,0.0
10.0,-10.0
10.0,-10.0
10.0,-10.0
25.0,-10.0
6.462499999999999,-10.0
-10.0,10.0
10.0,-10.0
10.0,-10.0
-10.0,10.0
-10.0,10.0
-10.0,10.0
-10.0,10.0
10.0,-10.0
10.0,-10.0
10.0,-10.0
25.0,-10.0
25.0,-9.99354762324565
25.0,-0.8238204552282014
25.0,-9.999806436761602
25.0,-9.702109592848384
9.702109592848384,-9.702109592848384
-0.6912359281919963,10.39334552104038
-10.148446478859443,10.148446478859443
-10.019991591098137,10.019991591098137
0.0,0.0
-9.982810702965818,9.982810702965818
-9.946115167116194,9.946115167116194
-9.763126627034657,9.763126627034657
0.0,0.0
-10.071228129862044,10.071228129862044
-10.086453296462212,10.086453296462212
-10.159182925778792,10.159182925778792
-10.32352737427268,10.32352737427268
-10.324814914788547,10.324814914788547
-10.43174641692622,10.43174641692622
-24.999999999999996,10.329727765462831
16.255149290345887,0.0
-10.41757084830541,10.41757084830541
-10.342691531245173,10.342691531245173
-15.341012679379412,-9.65898732060395
9.666574973585224,-9.666574973585224
9.863346508659694,-9.863346508659694
9.74969076306316,-9.74969076306316
-10.567584465939811,10.567584465939811
-10.714848805884435,10.714848805884435
-10.731466914601526,10.731466914601526
-24.999999999949814,10.644287798730863
-25.0,10.496173934504686
-25.000000000000004,10.470406714357166
-24.99999999997312,10.439201528972035
-10.417546864707564,10.417546864707564
-10.487505126178466,10.487505126178466
8.932800584412114,-8.932800584412114
9.36909315542452,-9.36909315542452
-11.284911787317291,11.284911787317291
-10.833484934917607,10.833484934917607
-10.58835804855714,10.58835804855714
-10.570230235470458,10.570230235470458
-10.840974760065562,10.840974760065562
25.0,-9.03054845059108
-10.419860019604952,10.419860019604952
-10.3025032261726,10.3025032261726
9.445277053978039,-9.445277053978039
9.369006688242816,-9.369006688242816
9.764434364264499,-9.764434364264499
-9.999743123044135,9.999743123044135
-10.175087206886353,10.175087206886353
-9.667811391168845,9.667811391168845
-10.377731252122548,10.377731252122548
-10.051605759941253,10.051605759941253
-10.052760443948012,10.052760443948012
9.789856977979825,-9.789856977979825
-10.133687809016033,10.133687809016033
-10.081996213040393,10.081996213040393
-10.06733888178722,10.06733888178722
9.980300373703587,-9.980300373703587
25.0,-10.0
10.0,-10.0
10.0,-10.0
10.0,-10.0
-10.0,10.0
10.0,-10.0
-25.0,10.0
-25.0,10.0
-10.000000000000004,10.000000000000004
-10.000000000000002,10.000000000000002
-10.000000000000005,10.000000000000005
-10.000000000000004,10.000000000000004
-10.000000000000005,0.0
0.0,0.0
0.0,0.0
0.0,0.0
0.0,0.0
10.0,-10.0
10.0,-10.0
0.0,0.0
10.0,-10.0
10.0,-10.0
10.0,-10.0
21.0803324099723,-10.000000000000002
-10.0,10.0
-10.0,10.0
-10.0,10.0
-10.0,10.0
15.0,10.0
25.0,0.0
25.0,-10.0
9.182825484764543,10.0
10.0,-10.0
10.0,-10.0
10.0,-10.0
0.0,10.0
-10.059306534983762,10.059306534983762
-10.069822143212203,10.069822143212203
0.0,-8.756253553773561
9.702220004181232,-9.702220004181232
9.702220004181225,-9.702220004181225
9.596972915878364,-9.596972915878364
9.549351214270782,-9.795998199109507
9.975513062174272,-9.975513062174272
9.949825682161688,-9.949825682161688
9.975513062174278,-9.975513062174278
-9.720149913138982,9.720149913138982
-23.016143126026936,9.45654366463922
9.57257189298044,-9.57257189298044
9.9975025500876,-9.9975025500876
25.0,-9.902772387779736
-3.768606089261292,-9.856641830767494
9.73326262968689,-9.73326262968689
-10.44877477139592,10.44877477139592
-10.05590450428125,10.05590450428125
-10.288845829494692,10.288845829494692
25.0,0.0
0.0,0.0
-10.106578059643116,10.106578059643116
-25.0,10.07020756465902
-10.479226366890883,10.479226366890883
9.787722437771652,-9.787722437771652
-5.168450061756502,-9.845607482317021
-25.0,0.0
-25.0,10.250047941949799
-10.0668082052382,10.0668082052382
-25.0,10.083484379507968
-10.354161371340723,10.354161371340723
-10.34245295756135,10.34245295756135
-10.389682342043269,10.389682342043269
9.691064120426542,-9.691064120426542
9.50091079606257,-9.50091079606257
9.671486561964882,-9.671486561964882
9.609965477756804,-9.609965477756804
9.509485563439341,-9.509485563439341
9.434924344624203,-9.434924344624203
10.05900596217095,-10.05900596217095
9.594069401564294,-9.594069401564294
9.650204274614316,-9.650204274614316
9.580118521386455,-9.580118521386455
-10.389682342043269,10.389682342043269
-10.238402011754285,10.238402011754285
-10.389682342043269,10.389682342043269
9.816571550242204,-9.816571550242204
10.079459868674906,-10.232081071427597
9.572739778165351,-9.572739778165351
9.181196182699878,-9.181196182699878
9.91443788354191,-9.91443788354191
-9.67785610063457,9.67785610063457
-9.962961751160126,9.962961751160126
-10.092132044399245,10.092132044399245
-10.237061139290578,10.237061139290578
-10.055078174663405,10.055078174663405
-9.842980726099132,9.842980726099132
-10.095026559933284,9.907040975112245
-10.049075554469539,10.049075554469539
10.0,-10.0
-10.0,10.0
-10.0,10.0
10.0,-10.0
-10.0,10.0
-10.0,10.0
-10.0,10.0
-10.049075554469539,10.0
-10.0,10.0
-10.0,10.0
-10.0,10.0
-10.0,10.0
-10.0,10.0
-10.0,0.0
0.0,0.0
0.0,0.0
0.0,10.0
-9.025,9.025
-9.025,9.025
15.0,10.0
-25.0,2.503932026770176
10.0,-10.0
10.0,-10.0
25.0,-10.0
-10.0,10.0
-10.0,10.0
-10.0,10.0
15.0,10.0
-10.0,10.0
10.0,-10.0
10.0,-10.0
10.0,-10.0
10.0,-10.0
-10.0,10.0
10.0,-10.0
10.0,-10.0
9.93641657785004,-9.93641657785004
-10.060282472401381,10.060282472401381
-10.066849084353729,10.066849084353729
9.88189860559583,-9.88189860559583
-10.317825530288708,10.317825530288708
-10.387022608378343,10.387022608378343
24.999999999995993,-9.861377644620845
24.99999999999966,-9.949073354566139
25.0,0.0
-9.985199595540607,9.985199595540607
-9.707533909525388,9.707533909525388
-9.621218834324434,9.621218834324434
-10.218060133898154,10.218060133898154
-9.946939445505278,9.946939445505278
-24.999999999957673,-4.232703076922917e-11
-25.0,10.179776000264981
14.638278115004082,10.36172188498759
8.910362367027965,10.211769488642432
-10.230926071847184,10.230926071847184
-10.137781351586314,10.137781351586314
0.0,0.0
0.0,0.0
0.0,0.0
-14.99966107389362,-10.00033892610638
25.0,-4.721556479125866e-11
-10.237329692471707,10.237329692471707
-24.999999999943093,10.184272924860851
-24.999999999960988,10.238894306657413
-10.350452118589853,10.350452118589853
-10.124811905478168,10.124811905478168
-10.242536026645928,10.242536026645928
-10.079073290946493,10.079073290946493
9.913022220121764,-9.913022220121764
-10.06765836066706,10.06765836066706
9.7506961807307,-9.7506961807307
16.283612452854452,-9.54962716361085
9.695929003905135,-9.695929003905135
9.592332484162496,-9.592332484162496
-10.384487999667966,10.384487999667966
-25.0,10.372352299158573
-25.0,10.217438453796127
-25.0,10.347120291931384
-25.0,10.843290439552193
-10.843290439552193,0.0
0.0,0.0
9.907449189359443,-9.907449189359443
9.713561997499445,-9.713561997499445
9.83679161666718,-9.83679161666718
9.893666825513824,-9.893666825513824
10.0269045476032,-10.0269045476032
9.558702430805806,-9.558702430805806
10.226781958598554,-10.226781958598554
10.18034718858207,-10.18034718858207
9.986267496792005,-9.986267496792005
9.731218343544286,-9.731218343544286
9.724047090001909,-9.724047090001909
10.078397805536142,-10.078397805536142
10.201016316319318,-10.201016316319318
10.105582385312204,-10.105582385312204
9.933647271094802,-9.933647271094802
0.0,10.0
-9.025,9.025
-9.025,9.025
-9.025,9.025
-9.024999999999988,10.0
-9.904937499999999,9.904937499999999
-9.904937499999999,9.904937499999999
-9.904937499999999,9.904937499999999
-9.904937499999999,0.0
0.0,0.0
0.0,0.0
15.0,10.0
-22.5625,0.0
10.0,-10.0
10.0,-10.0
10.0,-10.0
0.0,10.0
-9.025,9.025
-9.024999999999999,10.0
-9.894667590027705,10.000000000000004
-10.0,10.0
-10.0,10.0
25.0,-10.0
-8.379501385041554,10.0
-25.0,10.0
-10.0,10.0
-10.0,10.0
6.620498614958448,10.000000000000002
-25.0,10.0
-10.0,10.0
-10.0,10.0
-10.0,10.0
-10.000000000000004,10.000000000000004
10.0,-10.0
10.0,-10.0
-10.0,10.0
-10.0,10.0
-10.0,10.0
9.926414204562581,-9.926414204562581
23.57437764747951,-9.876280161812096
24.999999999984905,1.509548042122333e-11
24.99999999998356,-9.63995546788667
25.0,-9.875316532999765
25.0,-9.939785706300801
-0.022397840223995047,9.962183546524797
0.0,0.0
0.0,0.0
-9.936748941010547,9.936748941010547
-9.99799610728535,9.99799610728535
-10.049364555837398,10.049364555837398
-24.999999999951704,10.09373926102849
-17.881514670995845,10.22527540996552
25.0,-5.147882120581926e-11
-10.32373943976941,10.32373943976941
-10.34963793855776,10.34963793855776
-10.370396373639613,10.370396373639613
0.0,0.0
0.0,0.0
-10.449355426922688,10.449355426922688
-24.999999999969834,-3.0169644560373854e-11
9.50632035967116,-9.50632035967116
9.539099626451677,-9.539099626451677
-10.54466245787344,10.54466245787344
-25.0,10.56978969464689
-25.0,10.386181367905259
-25.0,10.571977251229248
-12.273782665786486,10.745834352005096
-10.69624510772473,10.69624510772473
-10.884431777065439,10.884431777065439
-11.01775912207308,11.01775912207308
-10.968176189265833,10.968176189265833
9.116877222459031,-9.116877222459031
-10.706076489399102,10.706076489399102
-10.68544302148496,10.68544302148496
-10.921119108000015,10.921119108000015
-10.960333552770633,10.960333552770633
-10.96965307397521,10.96965307397521
9.065492364076873,-9.065492364076873
9.106773185146002,-9.106773185146002
9.58106398005938,-9.58106398005938
9.518615740450416,-9.518615740450416
-10.647701674539851,10.647701674539851
-10.988692894927302,10.988692894927302
9.511679431494816,-9.511679431494816
9.683306688818423,-9.683306688818423
9.85173655386095,-9.85173655386095
9.678557305297872,-9.678557305297872
9.957663900625704,-9.957663900625704
9.839582234505864,-9.839582234505864
-10.232522243398478,10.232522243398478
-10.23742657358405,10.23742657358405
9.982780250108027,-9.982780250108027
-9.977611311412023,9.977611311412023
-10.016038242124468,10.016038242124468
-10.05453554576217,10.05453554576217
-10.030651592764777,10.030651592764777
-10.0,10.0
10.0,-10.0
-10.0,10.0
-10.0,10.0
-10.0,10.0
-10.0,10.0
-10.0,10.0
10.0,-10.0
-25.0,0.0
0.0,0.0
10.0,-10.0
0.0,0.0
0.0,0.0
10.0,-10.0
10.0,-10.0
10.0,-10.0
0.0,0.0
25.0,-10.0
25.0,-10.0
25.0,-10.0
15.263157894736842,-10.0
25.0,-10.0
25.0,-10.0
25.0,0.0
0.0,-9.025
10.0,-10.0
10.0,-10.0
10.0,-10.0
-4.497029396352142,-10.0
-15.0,-10.0
-25.0,10.0
10.0,-10.0
10.0,-10.0
-10.0,10.0
-10.0,10.0
25.0,-10.0
24.999999999971568,-9.942222095176215
-10.06255222112857,10.06255222112857
-10.063275047518134,10.063275047518134
-10.087921862847258,10.087921862847258
-10.254334753660931,10.254334753660931
25.0,-9.673257798001755
24.99999999996778,0.0
0.0,0.0
-10.024262880530074,10.024262880530074
-10.041608386523903,10.041608386523903
-10.220443346147139,10.220443346147139
-9.546068123920172,9.546068123920172
-10.332400674327888,10.332400674327888
-10.104709232453173,10.104709232453173
-17.558333165448154,10.067203934602638
-24.999999999999996,9.92862923084551
14.661652655701264,10.338347344298736
-10.070086384375179,10.070086384375179
-9.920231184716018,9.920231184716018
-25.0,10.327821069434185
16.25726197292612,0.0
0.0,0.0
0.0,0.0
-24.99999999994317,10.251936334706409
-10.421581158323962,10.421581158323962
-10.436794333125208,10.436794333125208
-10.28453004417728,10.28453004417728
-10.148501388675562,10.148501388675562
-21.56215460472328,10.454495490629181
-10.322225948515948,10.322225948515948
-24.999999999967223,10.257456349094547
-25.0,10.282478815414253
-25.0,10.519291598237674
-25.0,10.687296701139426
-10.519924007844002,10.519924007844002
-10.770620769230227,10.770620769230227
-10.793417810128874,10.793417810128874
-10.89080068458782,10.89080068458782
-10.721080123292856,10.721080123292856
-10.89080068458782,10.89080068458782
-10.832245361597426,10.819398989215058
-10.877954312205452,10.877954312205452
-10.648013461311834,10.648013461311834
-10.869909077423197,10.869909077423197
-10.596008185122269,10.596008185122269
-10.600475445794492,10.600475445794492
-10.206531597102618,10.206531597102618
9.943124160006043,-9.943124160006043
9.685348450371777,-9.685348450371777
9.795986049523757,-9.795986049523757
9.47362440433579,-9.47362440433579
-10.63029021365195,10.63029021365195
-10.186125342220695,10.186125342220695
-9.813715924230412,9.813715924230412
9.941423218001008,-9.941423218001008
9.86076101369731,-9.86076101369731
-10.03356914764111,10.03356914764111
-10.003280940406464,10.003280940406464
-10.086096747539484,10.086096747539484
-10.120184932485635,10.120184932485635
-10.0,10.0
-10.0,10.0
-10.0,10.0
-10.877954312205452,10.0
-10.0,10.0
-10.0,10.0
-10.0,10.0
-10.0,10.0
0.0,-10.0
10.0,-10.0
10.0,-10.0
10.0,-10.0
0.0,0.0
10.0,-10.0
10.0,-10.0
0.0,0.0
0.0,10.0
-9.025,9.025
25.0,0.0
-10.0,10.0
-10.0,10.0
-10.0,10.0
-10.0,10.0
-10.0,10.0
-25.0,10.0
-10.0,10.0
-10.0,10.0
11.947522343147632,-10.0
15.0,10.0
25.0,0.0
15.0,10.0
-10.0,10.0
-10.0,10.0
-10.0,10.0
9.93613416654766,-9.93613416654766
9.93613416654766,-9.93613416654766
9.936029874385245,-9.936029874385245
9.93613416654766,-9.93613416654766
9.931048687221955,-9.931048687221955
9.887077568686246,-9.887077568686246
9.74498127988672,-9.74498127988672
-10.215123563243637,10.215123563243637
9.93613416654766,-9.93613416654766
-9.990019983133724,9.990019983133724
9.81821000866338,-9.81821000866338
9.93613416654766,-9.93613416654766
9.825365956883449,-9.825365956883449
-24.999999999983096,9.91166967143279
-8.730424712205398,10.254903989366026
-10.348604119261193,10.348604119261193
-10.254065194588774,10.254065194588774
9.875698692696998,-9.875698692696998
25.0,-9.95090620635932
10.080932650926755,-10.080932650926755
10.080932650926744,-10.080932650926744
-25.0,0.0
24.999999999974996,-9.37890114406211
9.40454911795396,-9.40454911795396
-25.0,0.0
-25.0,0.0
-10.243938435972527,10.243938435972527
-10.230681817837556,10.230681817837556
-10.28646892871883,10.28646892871883
-10.487397199988164,10.487397199988164
-10.412942013921395,10.412942013921395
-10.339987696161849,10.339987696161849
-10.108174862341725,10.108174862341725
-10.73438723321277,10.73438723321277
-10.771886850737499,10.771886850737499
-10.409215720193108,10.409215720193108
-10.370819242338452,10.370819242338452
-10.378823452545447,10.378823452545447
-10.204566204373982,10.204566204373982
9.722134871434282,-9.722134871434282
9.617843458501456,-9.617843458501456
9.899316225100861,-9.899316225100861
9.722610756507304,-9.722610756507304
9.493961233013428,-9.493961233013428
-10.825618945971874,10.825618945971874
-10.758957166909987,10.758957166909987
-10.775214259364786,10.775214259364786
9.646824480760156,-9.646824480760156
9.538566938120601,-9.538566938120601
10.174945829888532,-10.174945829888532
-10.89088462718027,10.89088462718027
-10.594728218374144,10.594728218374144
-9.720933798100113,9.720933798100113
-9.587049150016243,9.587049150016243
-9.488595849716667,9.488595849716667
-10.384719315157705,10.384719315157705
-10.335286279836986,10.335286279836986
-10.33265960251251,10.33265960251251
-10.27775286323765,10.27775286323765
-10.131575990111081,10.131575990111083
-10.050143076046384,10.050143076046384
-10.151142266814547,10.151142266814547
-10.0,10.0
-10.0,10.0
-10.0,10.0
-10.0,10.0
-10.0,10.0
10.0,-10.0
-10.0,10.0
-10.0,10.0
-10.0,10.0
-25.0,10.0
-10.0,10.0
10.0,-10.0
0.0,-10.0
10.0,-10.0
10.0,-10.0
10.0,-10.0
10.0,-10.0
9.999999999999996,-9.999999999999996
10.0,-10.0
9.999999999999996,-9.999999999999996
15.077837896485876,-10.0
10.0,-10.0
25.0,-10.0
25.0,-10.0
25.0,-10.0
25.0,-10.0
25.0,-10.0
25.0,-10.0
10.0,-10.0
10.0,-10.0
10.0,-10.0
10.0,-10.0
9.999999999999996,-9.999999999999996
10.0,-10.0
9.999999999999996,-9.999999999999996
10.0,-10.0
9.926922569067965,-9.926922569067965
9.94535643929244,-9.94535643929244
9.928372699048335,-9.928372699048335
9.844876776447736,-9.844876776447736
9.691460047024513,-9.691460047024513
9.640742429690947,-9.640742429690947
9.939031327476489,-9.939031327476489
9.863831545368738,-9.863831545368738
9.931389869186894,-9.931389869186894
10.164793825379817,-10.164793825379817
9.687501924999301,-9.687501924999301
10.185319998250964,-10.185319998250964
9.98601756245657,-9.98601756245657
10.185319998250966,-10.115819318581046
9.880041617348818,-9.880041617348818
-3.490201085132828,-9.942771979806116
24.999999999953843,-9.49616519942589
9.49616519942588,7.105427357601002e-15
-10.352272347436797,10.352272347436797
-19.003540123574616,10.302164300066218
-10.563769811587882,10.563769811587882
9.641413654856944,-9.641413654856944
-25.0,10.414678931323195
-25.0,10.254204678144664
-10.615378727265698,10.615378727265698
-10.455305883777404,10.455305883777404
-25.0,10.572217087207695
-10.54780304689647,10.54780304689647
-10.6704879859342,10.6704879859342
-10.665132069847104,10.665132069847104
-10.552806782783637,10.552806782783637
-10.668581921052864,10.668581921052864
-10.921424583298874,10.921424583298874
-10.635745851014292,10.635745851014292
-10.833114451445635,10.833114451445635
-10.916427790032131,10.916427790032131
-11.074619814531552,11.074619814531552
9.148647915835443,-9.148647915835443
-10.98972797651849,10.98972797651849
9.262174907380397,-9.262174907380397
9.07419841009448,-9.07419841009448
9.14712117048844,-9.14712117048844
9.327195072284546,-9.327195072284546
9.287896684921467,-9.287896684921467
-25.0,10.36940547236024
-10.860656457833656,10.860656457833656
-10.74899955577328,10.74899955577328
25.0,-2.417621658423741e-11
-10.039651198710322,10.039651198710322
-10.30815010117039,10.30815010117039
-10.749385817928038,10.749385817928038
13.959923669209587,10.378990075435738
-9.842968655406796,9.842968655406796
9.709511925200257,-9.709511925200257
-10.549766861756826,10.549766861756826
14.380538065148098,10.619461934798746
-10.276805905589853,10.276805905589853
-9.949622610514147,9.949622610514147
-9.888495796142346,9.888495796142346
-10.019741794826176,10.019741794826176
-10.0,10.0
-10.0,10.0
-10.0,10.0
-25.0,10.0
-25.0,10.0
-25.0,9.999999999999991
-25.0,0.0
-25.0,10.0
-10.0,0.0
10.0,-10.0
10.0,-10.0
10.0,-10.0
10.0,-10.0
0.0,0.0
10.0,-10.0
10.0,-10.0
0.0,10.0
-9.025,10.0
-9.9049375,10.0
15.0,10.0
-10.0,10.0
-10.0,10.0
10.0,-10.0
10.0,-10.0
10.0,-10.0
-10.0,10.0
10.0,-10.0
10.0,-10.0
10.0,-10.0
9.999999999999996,-9.999999999999996
10.0,-10.0
-10.0,10.0
-25.0,10.0
9.999999999999996,-9.999999999999996
-17.194880400160784,10.0
-10.0,10.0
-10.055314332236424,10.055314332236424
-10.05244487029216,10.05244487029216
-10.05906052436296,10.05906052436296
-10.12452143472047,10.12452143472047
-10.322336083721842,10.322336083721842
-10.358351006089208,10.358351006089208
-10.104966267195861,10.104966267195861
-10.085204255932355,10.085204255932355
14.945528831258937,10.054471168736377
-9.89635929994554,9.89635929994554
-9.617536089760659,9.617536089760659
-9.736644948130294,9.736644948130294
14.586404117463685,10.413595882536315
14.883229542411208,10.116770457579783
-10.021527803654818,10.021527803654818
-10.179520385603741,10.179520385603741
-10.387021424977135,10.387021424977135
18.785760658086588,0.0
-10.240963207545166,10.240963207545166
-10.171627888470917,10.171627888470917
-10.467522371142692,10.467522371142692
-10.253235235873888,10.253235235873888
-10.149628617774262,10.149628617774262
-10.294436532381745,10.294436532381745
0.0,0.0
0.0,0.0
-10.477302629884816,10.477302629884816
-24.809683418969932,10.259467184429626
-10.284853191600874,10.284853191600874
-10.38330964763702,10.38330964763702
9.507113080694655,-9.507113080694655
-10.62685866571823,10.62685866571823
-10.682133916129711,10.682133916129711
-10.41032212143052,10.41032212143052
-10.557638846602021,10.557638846602021
-10.59144435891136,10.59144435891136
-25.0,10.496522958968052
9.723121985829787,-9.723121985829787
9.746001707026265,-9.746001707026265
-25.0,10.376144232207281
-25.0,10.595525988576128
-10.458905948043348,10.458905948043348
9.193069957074915,-9.193069957074915
25.0,-9.611549657509174
9.814279854353416,-9.814279854353416
-25.0,0.0
-10.762441731217889,10.762441731217889
-10.72583897402309,10.72583897402309
-25.0,9.828120283751714
9.487912948325395,-9.487912948325395
-10.634173663060846,10.634173663060846
10.338198393533174,-10.338198393533174
-9.719880413236886,9.719880413236886
-9.744400486296477,9.744400486296477
-10.347386004949609,10.347386004949609
14.390012059653959,10.609987940289628
0.5335212433546166,10.363194982813102
24.999999999980016,-10.022010552454853
25.0,-10.095396713039078
-10.007152072581109,10.007152072581109
-10.0,10.0
-10.0,10.0
-10.0,10.0
-25.0,10.0
-10.0,10.0
-10.0,10.0
-25.0,10.0
-25.0,10.0
-25.0,10.0
-10.0,10.0
-10.0,10.0
-10.0,10.0
-10.0,0.0
0.0,0.0
0.0,0.0
0.0,0.0
10.0,-10.0
10.0,-10.0
25.0,-10.0
25.0,-10.0
25.0,-10.0
-9.736842105263158,10.0
15.0,10.0
15.0,10.0
10.0,-10.0
10.0,-10.0
10.0,-10.0
10.0,-10.0
10.0,-10.0
-25.0,0.0
10.0,-10.0
10.0,-10.0
-25.0,10.0
-25.0,10.0
-25.0,10.0
-15.893410346910532,10.0
-10.056594984371088,10.056594984371088
-10.063251359770591,10.063251359770591
-10.08158965308947,10.08158965308947
-10.08158965308947,10.139727750725541
-10.134059286206025,10.134059286206025
-10.134059286206025,10.134059286206025
10.677774451335704,-10.133293420839635
9.947728379644904,-9.947728379644904
-10.375066863746202,10.375066863746202
-10.625453416228726,10.625453416228726
-9.75010227111039,9.75010227111039
-10.021561254462338,10.021561254462338
15.23106113733783,9.768938862628113
15.41081062939864,9.589189370550223
-9.576505203026962,9.576505203026962
24.99999999999097,-6.510197691017932
24.99999999994955,5.044853423896711e-11
-10.24236687916639,10.24236687916639
0.0,0.0
0.0,0.0
-10.348426766866604,10.348426766866604
-9.852009209499608,9.852009209499608
-10.339301639034026,10.339301639034026
-24.999999999993832,10.253214408012607
15.832751908184637,-9.402246061413564
9.909422787003132,-9.909422787003132
-14.970424436963727,-10.029575563026318
-25.0,10.094815998342252
-15.58288179542459,9.834725871515978
-25.0,10.220553796926687
-24.999999999984368,9.994765895344065
-10.31871298257902,10.31871298257902
-10.618725701459649,10.618725701459649
-10.618725701459649,10.344220801181425
-9.881166953005577,9.831335979304832
-10.29438982748068,10.29438982748068
-10.29438982748068,10.152047174272697
-10.104137412988766,10.104137412988766
-10.152047174272697,10.152047174272697
9.644565604531575,-9.644565604531575
10.345499505634933,-10.345499505634933
9.460139942021293,-9.460139942021293
-10.152047174272697,10.152047174272697
9.62517928370536,-9.62517928370536
-10.152047174272697,10.152047174272697
9.400864479948249,-9.400864479948249
9.853828176051929,-9.853828176051929
9.62619858661376,-9.62619858661376
10.24773036902123,-10.24773036902123
9.847257301389806,-9.847257301389806
-10.130567337813572,10.130567337813572
-9.93799987498234,9.93799987498234
-9.540914806120128,9.540914806120128
10.138222523557195,-10.138222523557195
9.762560487896058,-9.762560487896058
-10.152047174272697,10.152047174272697
-10.046083378750694,10.046083378750694
-9.86872648723805,9.86872648723805
-9.840256003984457,9.840256003984457
-10.033426064573211,10.033426064573211
-10.0,10.0
-10.0,10.0
-10.0,10.0
-10.0,10.0
-10.0,10.0
-10.0,10.0
-10.0,10.0
-10.0,10.0
-10.152047174272697,10.0
-10.0,10.0
-10.0,10.0
10.0,-10.0
-10.0,0.0
10.0,-10.0
0.0,0.0
0.0,0.0
0.0,10.0
-9.025,9.025
-9.025,9.025
11.080332409972296,-9.999999999999998
-10.0,10.0
-10.0,10.0
-10.0,10.0
-10.0,10.0
-10.0,10.0
-10.0,10.0
-10.000000000000004,10.000000000000004
25.0,0.0
25.0,-10.0
-25.0,0.0
-21.10000000000001,10.000000000000004
-10.0,10.0
-10.0,10.0
-10.0,10.0
-10.0,10.0
-10.0,10.0
24.99999999994697,-9.962588277134683
25.0,-9.94180861787541
24.010707741592174,-9.923485361764502
-10.13686560614542,10.13686560614542
-10.34536077156648,10.34536077156648
14.712521551156104,10.287478448843896
25.0,-10.10162670898282
0.094072191235405,10.007554517747408
-10.511761379661767,10.511761379661767
-9.891140342825082,9.891140342825082
-9.810294159080023,9.810294159080023
-9.85326519264989,9.85326519264989
-10.392525029535168,10.392525029535168
-9.809585380648983,9.809585380648983
-10.0278916619987,10.0278916619987
-9.903354305601125,9.903354305601125
-9.920971520512643,9.920971520512643
-9.841681746038237,9.841681746038237
-9.69186820210165,9.69186820210165
-9.984685841628881,9.984685841628881
0.0,0.0
0.0,0.0
0.0,0.0
-14.724830501586588,-10.275169498397442
9.335608265949523,-9.335608265949523
10.148623831254032,-10.148623831254032
-25.0,5.1311843662915635e-11
-24.99999999994896,-5.1038284709647996e-11
9.956400974854992,-9.956400974854992
9.816743853458298,-9.816743853458298
10.203479999850543,-10.203479999850543
9.97066616639406,-9.97066616639406
-20.00000000006729,10.60915056559383
-10.484581020683356,9.977236409908873
-10.101805954819344,10.101805954819344
-9.949669788775697,9.949669788775697
-10.101805954819344,10.101805954819344
-10.077299135853297,10.077299135853297
-10.096913932006348,10.096913932006348
-10.101805954819344,10.101805954819344
-10.101805954819344,10.101805954819344
-10.101805954819344,10.101805954819344
-10.083512781136998,10.083512781136998
-9.931424582289036,9.931424582289036
-10.101805954819344,10.101805954819344
9.674440331383643,-9.674440331383643
-10.101805954819344,10.101805954819344
-9.845042605473044,9.845042605473044
-9.563741510942426,9.563741510942426
-9.997481722226313,9.997481722226313
-10.101805954819344,10.101805954819344
-10.094326859175686,10.094326859175686
-9.121723802665581,9.121723802665581
-9.487086776494378,9.487086776494378
-9.875133500279372,9.875133500279372
-10.101805954819344,10.101805954819344
-10.101805954819344,10.101805954819344
-9.941869202470139,9.941869202470139
-9.898057125660722,9.898057125660722
-10.008435481054422,10.008435481054422
-10.0,10.0
-10.0,10.0
-10.0,10.0
-10.0,10.0
-10.0,10.0
-10.0,10.0
-10.0,10.0
-10.0,10.0
-10.101805954819344,10.0
-10.0,2.4374999999999973
-2.4374999999999987,2.4374999999999987
15.0,10.0
-25.0,0.0
10.0,-10.0
10.0,-10.0
0.0,0.0
0.0,0.0
0.0,0.0
10.0,-10.0
1.0803324099722982,10.0
-10.0,10.0
-10.0,10.0
10.0,-10.0
10.0,-10.0
10.0,-10.0
10.0,-10.0
10.0,-10.0
25.0,-10.0
10.0,-10.0
10.0,-10.0
-10.0,10.0
-10.0,10.0
24.182825484764543,-10.0
15.0,10.0
25.0,-10.0
25.0,-10.0
9.989129106376161,-9.95012482379866
9.960995717422499,-9.960995717422499
9.949978276816813,-9.937910434505097
9.882254964681282,-9.882254964681282
9.749893814987345,-9.749893814987345
9.854308005795648,-9.854308005795648
9.94892787511079,-9.94892787511079
9.948927875110785,-9.807378574073622
9.807378574073617,0.0
0.0,0.0
-10.250222138607826,10.250222138607826
-25.0,2.4375
15.017914485295329,9.982085514704671
-10.078993135237905,10.078993135237905
-18.8823120602986,10.108208944296551
9.721997912467645,-9.721997912467645
9.721997912467643,-9.721997912467643
9.721997912467643,-9.721997912467643
-10.096622867378493,10.06104898601893
9.761414955525328,-9.761414955525328
9.761414955525328,-9.761414955525328
9.761414955525328,-9.761414955525328
9.761414955525321,-9.761414955525321
9.413641157888726,-9.508293326167541
9.86629270431072,-9.86629270431072
9.630475240797844,-9.630475240797844
9.866292704310716,-9.866292704310716
-25.0,0.0
-25.0,9.739861274830725
10.121605677134724,-10.121605677134724
9.960481342225139,-9.960481342225139
-20.161409977035344,9.982820170175495
9.796519369002144,-9.796519369002144
-10.288142731389462,10.288142731389462
-10.419668781969504,10.419668781969504
-10.242937436336174,10.242937436336174
-15.109610091328532,-9.890389908671468
-10.656942302330467,10.656942302330467
-10.455170818252702,10.455170818252702
-10.656942302330467,10.656942302330467
-9.872182571023513,9.872182571023513
-10.542609966815787,10.542609966815787
-9.919790012745137,9.919790012745137
-10.656942302330467,10.1791783037608
9.981854514788589,-9.981854514788589
9.709030990948742,-9.709030990948742
-10.179178303760798,10.179178303760798
9.390667032833093,-9.390667032833093
9.710079957780788,-9.710079957780788
-10.179178303760798,10.179178303760798
-10.179178303760798,10.179178303760798
-9.733065080578326,9.733065080578326
-9.788074617971581,9.788074617971581
-9.978377524248426,9.978377524248426
-10.047976347325314,10.047976347325314
-10.179178303760798,10.390493208551973
14.816934617733262,10.183065382266738
15.096147876956772,9.903852123043228
13.790662927304624,-10.01768786396372
9.978250870733987,-9.978250870733987
25.0,-10.0
25.0,-10.0
10.0,-10.0
10.0,-10.0
10.0,0.0
-10.0,10.0
-25.0,10.0
-25.0,10.0
-25.0,9.999999999999984
-25.0,0.0
-10.0,10.0
-10.0,10.0
-10.0,10.0
-25.0,0.0
0.0,0.0
10.0,-10.0
10.0,-10.0
10.0,-10.0
9.999999999999996,-9.999999999999996
9.999999999999996,-9.999999999999996
10.0,-10.0
10.0,-10.0
10.0,-10.0
10.0,-10.0
10.0,-10.0
21.0803324099723,-10.000000000000002
10.0,-10.0
10.0,-10.0
10.0,-10.0
10.0,-10.0
-10.0,10.0
-10.0,10.0
25.0,0.0
25.0,0.0
9.999999999999998,-9.999999999999998
9.999999999999996,-9.999999999999996
-10.048368448825418,10.048368448825418
-10.043046700982824,10.043046700982824
9.932480269853787,-9.932480269853787
9.827860458154504,-9.827860458154504
-10.358004348428256,10.358004348428256
9.696373804973057,-9.696373804973057
9.80482684549241,-9.80482684549241
25.0,-9.853624631043903
25.0,-6.16723122003453
10.203681335842976,-10.203681335842976
-23.114014550318657,9.760336955916939
9.952263804226787,-9.952263804226787
25.0,-9.691536849763006
-0.45169635230178073,10.14323320206479
0.0,0.0
-9.815026501623159,9.815026501623159
0.0,0.0
-10.068569737385157,10.068569737385157
-10.05478169321373,10.05478169321373
-25.0,10.064611181446168
6.072039508788944,10.476867769387052
-9.944085397361764,9.944085397361764
-10.046037778357423,10.046037778357423
-9.901951265127215,9.901951265127215
0.0,0.0
0.0,0.0
-10.0039591870863,10.0039591870863
-20.41424722656201,10.01448672424548
-25.0,10.001709778067402
-25.0,10.02890717802323
-25.0,10.138461097241022
-25.0,10.230682448984869
-25.0,10.25564369401534
-10.213813774785029,9.931978729628712
-9.973808648859022,9.973808648859022
-9.973808648859022,9.973808648859022
-9.973808648859022,9.973808648859022
9.85688545362981,-9.85688545362981
-9.973808648859022,9.973808648859022
9.688338195187303,-9.688338195187303
-9.973808648859022,9.973808648859022
-9.973808648859022,9.973808648859022
-9.973808648859022,9.973808648859022
10.024103515833868,-10.024103515833868
-9.973808648859022,9.973808648859022
9.984036391045143,-9.984036391045143
-9.973808648859022,9.973808648859022
-9.960697825753055,9.960697825753055
-9.844599540060232,9.844599540060232
-9.973808648859022,9.973808648859022
-9.973808648859022,10.395584831702298
-9.994978591988104,9.994978591988104
-9.811864453591536,9.811864453591536
-10.021112508723718,10.021112508723718
-10.14801540524555,10.14801540524555
-10.212406947427247,10.212406947427247
15.079801319370537,9.920198680629463
24.999999999962714,-1.4910739309925702e-11
15.005279192242018,9.994720807757982
8.730822636136436,10.059247553527856
-10.0,10.0
-10.0,10.0
-10.0,10.0
-10.0,10.0
-10.0,10.0
-25.0,10.0
-25.0,10.0
-25.0,10.0
-25.0,0.0
-25.0,0.0
0.0,0.0
0.0,0.0
0.0,0.0
0.0,0.0
0.0,0.0
0.0,0.0
0.0,0.0
10.0,-10.0
0.0,0.0
0.0,0.0
21.0803324099723,-10.000000000000002
-10.0,10.0
-10.0,10.0
-10.0,10.0
-10.0,10.0
10.0,-10.0
10.0,-10.0
-10.0,10.0
-10.0,10.0
25.0,0.0
-10.0,10.0
-10.0,10.0
-10.0,10.0
-10.0,10.0
-10.0,10.0
-10.0,10.0
14.922263502481176,10.077736497518824
9.133337648106147,10.049487836658395
14.922579380616297,10.077420619383703
-10.159304505460549,10.159304505460549
-10.305976390382183,10.305976390382183
-10.214783217055802,10.214783217055802
-10.130616725090713,10.130616725090713
-10.057528446314254,10.057528446314254
-9.983590169895768,9.983590169895768
-9.83940456653762,9.83940456653762
-9.880958043245407,9.880958043245407
0.0,0.0
0.0,0.0
-10.090471180248503,10.090471180248503
0.0,0.0
-25.0,9.981271965819888
6.584935780482006,10.056314118886544
-10.094472023057376,10.094472023057376
0.0,0.0
-10.048448129940812,10.048448129940812
-10.547644628921233,10.547644628921233
-10.02357966356516,10.02357966356516
-9.976627352753075,9.976627352753075
-25.0,9.850464792027868
6.73348400868008,10.052704587410922
-10.163524588135983,10.163524588135983
-25.0,10.247412901923443
-25.0,10.209601497626732
-10.201825762746578,10.201825762746578
-25.0,10.041479001325005
-25.0,10.258244652086866
-20.729926915160984,9.973188862198935
-25.0,10.335696525589594
-9.930527090811797,9.930527090811797
-10.335696525589594,10.244378976796094
-10.20334051629466,10.20334051629466
-10.102252807116027,10.05896935562687
-10.201095525306936,10.201095525306936
-10.201095525306936,10.201095525306936
-10.201095525306936,10.201095525306936
-10.201095525306936,10.201095525306936
-10.201095525306936,10.201095525306936
9.43835778599986,-9.43835778599986
-10.201095525306936,10.201095525306936
-10.058143814943167,10.058143814943167
-10.201095525306936,10.201095525306936
-10.201095525306936,10.201095525306936
9.636020501078455,-9.636020501078455
10.473818065576912,-10.473818065576912
9.86179388627291,-9.86179388627291
-10.201095525306936,10.201095525306936
-10.1536547064756,10.1536547064756
-9.75666620315208,9.75666620315208
10.32602103730121,-10.32602103730121
-10.066557639755455,10.066557639755455
-10.201095525306936,10.201095525306936
-10.172425658672907,10.172425658672907
-10.056658173064834,10.056658173064834
-10.062517902493497,10.062517902493497
-9.901483880819544,9.901483880819544
-10.0,10.0
10.0,-10.0
-10.0,10.0
-10.0,10.0
15.0,10.0
18.018176703261013,-10.0
-10.0,10.0
10.0,-10.0
-25.0,10.0
10.0,-10.0
10.0,-10.0
10.0,-10.0
-25.0,0.0
0.0,0.0
0.0,0.0
10.0,-10.0
10.0,-10.0
10.0,-10.0
10.0,-10.0
25.0,-10.0
10.0,-10.0
10.0,-10.0
25.0,-10.0
25.0,-10.0
10.0,-10.0
10.0,-10.0
25.0,-10.0
25.0,-10.0
25.0,-10.0
10.0,-10.0
-25.0,10.0
16.883656509695285,-10.0
10.0,-10.0
10.0,-10.0
25.0,-10.0
-9.951182141005475,9.999999999999991
9.926804328796498,-9.926804328796498
9.951182141005491,-9.951182141005491
-10.066433542880711,10.066433542880711
-23.754590841472883,10.173032723769996
-10.349221026311673,10.349221026311673
-10.266436313045432,10.266436313045432
24.999999999956053,-9.863674389688125
-10.110496222154161,10.110496222154161
-9.934229400942238,9.934229400942238
-9.870054342288455,9.870054342288455
-9.860553050658105,9.860553050658105
-24.99999999996271,9.81894087725033
-10.247527770734171,10.247527770734171
-10.10611101063246,10.10611101063246
-10.00932141464651,10.00932141464651
-25.0,10.03308852896325
-9.906993501000397,9.906993501000397
-10.157886549200558,10.157886549200558
14.899425413585783,10.100574586414217
-10.09789725951798,10.09789725951798
8.016013138102673,10.252614818066489
-10.094789490155163,10.094789490155163
-9.963781611518025,9.963781611518025
-10.19922985392384,10.02991322683808
-10.053210767554907,10.053210767554907
-10.005407039019344,10.005407039019344
-25.000000000000004,3.552713678800501e-15
-24.99999999994803,9.971375575972413
-25.0,10.12707204400137
-25.0,10.070869007041685
-24.999999999981675,0.0
0.0,0.0
10.069689392716116,-10.069689392716116
9.83709014934561,-9.83709014934561
9.659471410592028,-9.659471410592028
9.768265428446526,-9.768265428446526
0.0,0.0
0.0,0.0
0.0,0.0
9.841825647625306,-9.841825647625306
9.755311761021169,-9.755311761021169
0.0,10.352645986645328
-9.34326300294741,9.34326300294741
-9.108703425242211,10.065241066463246
-10.049282506686877,10.049282506686877
-10.055628692906039,10.055628692906039
-10.206538224149392,10.206538224149392
-10.206538224149392,10.206538224149392
-10.120614144708044,10.120614144708044
-10.206538224149392,10.206538224149392
-10.206538224149392,10.206538224149392
9.892142604756064,-9.892142604756064
-9.299553344621279,9.299553344621279
-9.760959267166273,9.760959267166273
-10.206538224149392,10.206538224149392
-10.206538224149392,10.206538224149392
-10.023103778492136,10.023103778492136
-9.8464147986221,9.8464147986221
10.089019344198055,-10.089019344198055
-10.066062909018171,10.066062909018171
10.0,-10.0
10.0,-10.0
-10.000000000000004,10.000000000000004
-10.0,10.0
-10.0,10.0
-10.0,10.0
-10.0,10.0
10.0,-10.0
10.0,-10.0
10.0,-10.0
10.0,-10.0
10.0,-10.0
10.0,-10.0
-0.2065382241493925,-10.0
10.0,-10.0
10.0,-10.0
10.0,-10.0
0.0,0.0
0.0,0.0
10.0,-10.0
0.0,0.0
10.0,-10.0
21.0803324099723,-10.000000000000002
-10.0,10.0
10.0,-10.0
10.0,-10.0
10.0,-10.0
10.0,-10.0
10.0,-10.0
10.0,-10.0
-10.0,10.0
25.0,-10.0
25.0,-10.0
25.0,-10.0
25.0,-10.0
25.0,-10.0
19.172309102394475,-9.957506191458481
9.968022573828552,-9.968022573828552
9.968022573828543,-9.961924329886127
9.961924329886134,-9.824660604152369
-10.241955371119163,10.241955371119163
-10.156335268001811,10.156335268001811
-10.149285431423522,10.149285431423522
-10.161709092893876,10.161709092893876
-9.708697745168163,9.708697745168163
9.824660604152365,-9.824660604152365
9.824660604152365,-9.824660604152365
-24.999999999973063,9.81809198411609
25.0,-9.630396978531197
-10.292069098815553,10.292069098815553
11.099544292162863,-10.060448764925496
10.23802079877802,-10.23802079877802
-10.647651813902227,10.647651813902227
-24.999999999957083,10.047401687698008
24.999999999988695,-10.131394140791897
-24.999999999946127,10.357952673242108
14.692510078917655,10.307489921082345
-6.845713163886767,10.006979226972794
-9.968966486683652,9.968966486683652
-10.192142700690454,10.192142700690454
-10.298415285034713,10.298415285034713
-10.098543554365163,10.098543554365163
0.0,0.0
-25.0,10.328245831574957
-10.418497372558983,10.418497372558983
-21.60303338491837,10.511706469845647
-10.286153355062977,10.286153355062977
-24.999999999960245,10.391837710112725
-24.999999999986642,10.388134137687665
-10.161217744711717,10.161217744711717
-25.0,9.98310923564425
-10.088878164433769,10.088878164433769
-25.0,10.32004470340671
-10.148045700316514,10.148045700316514
-10.32004470340671,10.641731020971152
-10.610366605008618,10.660834587801752
-10.597741946787512,10.597741946787512
-10.655913959479422,10.655913959479422
-10.655913959479422,10.655913959479422
9.476777616305048,-9.476777616305048
9.576895883212906,-9.576895883212906
9.523722353349388,-9.523722353349388
25.0,-9.226399584311233
24.99999999997633,-8.985845360224044
9.76804326459281,-9.76804326459281
-10.126025601758567,10.126025601758567
-10.179012943165134,10.179012943165134
24.999999999972037,-9.652970593281504
9.98979371682248,-9.98979371682248
10.000370483471968,-10.000370483471968
9.704909283429677,-9.704909283429677
24.99999999997265,-9.478311619846137
9.771353790029508,-9.771353790029508
10.048739483318574,-10.048739483318574
-9.982155808736513,9.982155808736513
10.096486881956569,-10.096486881956569
15.0,10.0
-10.0,10.0
-10.0,10.0
-10.0,10.0
-10.0,10.0
-10.0,10.0
-25.0,10.0
-25.0,10.0
-25.0,0.0
-25.0,0.23411930038264828
10.0,-10.0
-10.0,10.0
-10.0,10.0
-10.0,10.0
0.0,-10.0
10.0,-10.0
10.0,-10.0
10.0,-10.0
0.0,0.0
0.0,0.0
0.0,0.0
0.0,0.0
0.0,0.0
0.0,0.0
0.0,0.0
0.0,0.0
10.0,-10.0
10.0,-10.0
21.0803324099723,-10.000000000000002
-10.0,10.0
-10.0,10.0
-10.0,10.0
10.0,-10.0
10.0,-10.0
10.0,-10.0
10.206560096856698,-10.0
9.952822098401533,-9.952822098401533
-10.048675569791587,10.048675569791587
-10.068064243128495,10.068064243128495
-10.18642048741317,10.18642048741317
-10.18642048741317,10.18642048741317
8.718197457213018,10.258067930839585
-10.102993458486312,10.102993458486312
15.067881155633339,9.932118844331908
14.960283793061485,10.039716206883423
15.126842937472311,9.873157062472778
-9.93603069536983,9.93603069536983
-9.644511957010083,9.644511957010083
-10.418177380871953,10.418177380871953
-10.17717567334077,10.17717567334077
-9.795339754676576,9.795339754676576
-9.97279818201299,9.97279818201299
0.0,0.0
-10.093673621708074,10.093673621708074
-9.884048771630809,9.884048771630809
-10.099639857245586,10.099639857245586
-10.305373684146215,10.305373684146215
0.0,0.0
-10.080178429889276,10.080178429889276
0.0,0.0
0.0,0.0
0.0,0.0
-9.816738173132494,9.816738173132494
-10.10874920639537,10.10874920639537
-24.999999999991854,10.220649100170752
-19.590219002935704,10.235891307748341
-24.9999999999615,9.969940346985606
-24.999999999996803,10.21312834880452
-24.999999999985945,10.135729491675972
-24.99999999994372,10.277380407430332
-10.151287272909412,10.151287272909412
9.75918448092577,-9.75918448092577
9.945866495075384,-9.945866495075384
9.934248335361588,-9.934248335361588
9.868498564165112,-9.868498564165112
9.85872524804342,-9.85872524804342
9.736223972873388,-9.736223972873388
9.649444373251026,-9.649444373251026
9.774073877156113,-9.774073877156113
9.651132061162516,-9.651132061162516
9.82245763007113,-9.82245763007113
9.810155937818761,-9.810155937818761
9.805491128037977,-9.805491128037977
9.84445058929467,-9.84445058929467
10.129823846280386,-10.129823846280386
-10.494835271056562,10.494835271056562
9.875721414000221,-9.875721414000221
9.679737550770753,-9.679737550770753
10.823493241826062,-10.823493241826062
-9.930874852980544,9.930874852980544
10.171667650751555,-10.171667650751555
9.969669584788885,-9.969669584788885
9.828686738463965,-9.828686738463965
9.877184097895089,-9.877184097895089
-9.900290440423177,9.900290440423177
-9.937536632578905,9.937536632578905
-10.0,10.0
10.0,-10.0
25.0,-10.0
10.0,-10.0
-10.0,10.0
-10.0,10.0
-10.000000000000004,10.000000000000004
-10.000000000000004,10.000000000000004
-25.0,10.0
-10.0,-1.7763568394002505e-15
0.0,10.0
25.0,0.0
-25.0,10.0
-16.5875,10.0
-10.000000000000002,10.000000000000002
-10.000000000000002,0.0
0.0,10.0
-9.025,10.0
8.346329639889195,10.0
-10.0,10.0
-25.0,10.0
-10.0,10.0
10.0,-10.0
25.0,-10.0
-25.0,10.0
10.0,-10.0
10.0,-10.0
25.0,-8.37950138504155
-25.0,10.0
-10.0,10.0
-10.0,0.0
10.0,-10.0
10.0,-10.0
10.0,-10.0
10.0,-10.0
10.0,-10.0
0.0,0.0
25.0,-9.979511027838955
25.0,-2.1461943333633826e-11
25.0,-9.81887106767336
9.619872281534922,-9.619872281534922
9.77187448656166,-9.77187448656166
19.846808842901257,-10.005173514514015
10.345813816996161,-10.345813816996161
24.999999999966768,-9.780095338083399
25.0,0.0
-24.99999999997316,9.765269372157881
-17.14727512627902,9.819505754094305
14.49010681638087,10.50989318361913
-9.902278830581986,9.902278830581986
-9.865063860494836,9.865063860494836
-24.999999999983437,10.042538066514037
-10.199736677776594,10.19191801224749
-25.0,9.943432159894154
14.916446825435056,10.083553174564944
-25.000000000000004,9.896848439112109
14.859113403631534,10.140886596359886
-9.989990634783728,9.989990634783728
-9.854936470731277,9.854936470731277
-24.860233059027266,9.933456245485406
-10.106935920168851,10.106935920168851
-9.896476062198204,9.896476062198204
-24.999999999999996,9.98555682491903
-24.999999999956902,1.3091749906379846e-11
-25.0,10.10602201886151
-25.000000000000004,9.982977325856107
-10.125728331374757,10.125728331374757
-10.147779356150975,10.147779356150975
-10.067608500029436,10.067608500029436
-10.008168308508036,10.008168308508036
-10.147779356150975,10.147779356150975
-10.099167127909123,10.099167127909123
-10.147779356150975,10.147779356150975
-10.00757124315117,10.00757124315117
-10.060948002449054,10.060948002449054
-10.147779356150975,10.147779356150975
-10.065229074664325,10.065229074664325
-10.147779356150975,10.147779356150975
-10.147779356150975,10.147779356150975
-10.147779356150975,10.147779356150975
-10.147779356150975,10.147779356150975
-10.00397370347447,10.00397370347447
-10.147779356150975,10.147779356150975
-10.107674993670855,10.107674993670855
-9.898546856527897,9.898546856527897
9.627179389536142,-9.627179389536142
-10.147779356150975,10.147779356150975
-10.147779356150975,10.147779356150975
-9.766460347135062,9.618680990984087
-9.250017116715094,9.250017116715094
-9.7763870320535,9.7763870320535
9.759737050397163,-9.759737050397163
9.698051710101215,-9.698051710101215
9.798538645932519,-9.798538645932519
10.053009826029546,-10.053009826029546
10.038919186168867,-10.038919186168867
-10.0,10.0
-10.0,10.0
-10.0,10.0
-10.0,10.0
-10.0,10.0
-10.0,10.0
-10.0,10.0
10.0,-10.0
-10.0,0.0
0.0,0.0
10.0,-10.0
10.0,-10.0
0.0,0.0
10.0,-10.0
0.0,0.0
0.0,0.0
0.0,0.0
0.0,0.0
10.0,-10.0
21.080332409972293,-9.999999999999998
-9.999999999999996,9.999999999999996
10.0,-10.0
10.0,-10.0
10.0,-10.0
10.0,-10.0
-9.999999999999996,9.999999999999996
10.0,-10.0
10.0,-10.0
-9.999999999999996,9.999999999999996
-9.999999999999996,9.999999999999996
10.0,-10.0
10.0,-10.0
10.0,-10.0
10.0,-10.0
10.0,-10.0
10.0,-10.0
9.972065119202963,-9.972065119202963
9.975476477818965,-9.975476477818965
9.950859905787,-9.950859905787
24.999999999962522,-9.800529935424288
24.999999999957925,-9.667234088612174
-10.296503066467082,10.296503066467082
-10.095288412105063,10.095288412105063
-10.004430969701797,10.004430969701797
15.415780283337499,9.584219716617886
25.0,-1.6765255850259564e-11
3.699391081377305,9.951198427564636
-10.223640738428218,10.223640738428218
0.0,0.0
-9.867849744728682,9.867849744728682
-9.9340331141283,9.9340331141283
-10.142230308986498,10.142230308986498
-10.101884217085997,10.101884217085997
-10.146491184487795,10.146491184487795
-9.814168141279247,9.814168141279247
-10.14844142968095,10.14844142968095
-10.39348942262745,10.39348942262745
-9.971198854725136,9.971198854725136
0.0,0.0
0.0,0.0
-10.24632795969463,10.24632795969463
0.0,0.0
0.0,0.0
-15.15299768212412,-9.84700231787588
-10.18452727722747,10.18452727722747
9.900123462512529,-9.900123462512529
-9.990022823296627,9.990022823296627
10.026624318196804,-10.026624318196804
9.764871118204198,-9.764871118204198
9.911332007621029,-9.911332007621029
-10.112822631145091,10.112822631145091
9.526826335828336,-9.526826335828336
9.635489706189315,-9.635489706189315
9.815744116116562,-9.815744116116562
20.8377231702382,-9.757390760265913
-10.067036680565034,10.067036680565034
10.320192391877653,-10.320192391877653
9.602190374023955,-9.602190374023955
9.55260491662746,-9.55260491662746
9.404105421393837,-9.404105421393837
9.681342558384408,-9.681342558384408
9.465316612271867,-9.465316612271867
9.534364128171982,-9.534364128171982
-10.37161322565657,10.37161322565657
9.79748944242023,-9.79748944242023
-10.286928403961744,10.286928403961744
-10.056885938350943,10.056885938350943
-10.11357054070945,10.11357054070945
-9.75314818803666,9.75314818803666
-9.818571656072987,9.818571656072987
-10.02808416192877,10.02808416192877
-10.253094805597033,10.253094805597033
-10.087050046245425,10.087050046245425
-9.922137091810525,9.922137091810525
-9.817287862994279,9.817287862994279
9.967892786766322,-9.967892786766322
10.0,-10.0
10.0,-10.0
10.0,-10.0
10.0,-10.0
10.0,-10.0
10.0,-10.0
-25.0,10.0
-25.0,10.0
-25.0,0.0
-25.0,0.0
0.0,0.0
0.0,0.0
0.0,0.0
10.0,-10.0
0.0,0.0
0.0,0.0
10.0,-10.0
10.0,-10.0
25.0,-10.0
25.0,-10.0
-10.0,10.0
10.0,-10.0
25.0,-10.0
25.0,-10.0
10.0,-10.0
10.0,-10.0
25.0,-10.0
25.0,-10.0
15.263157894736842,-10.000000000000002
10.0,-10.0
10.0,-10.0
10.0,-10.0
10.0,-10.0
10.0,-10.0
10.0,-10.0
-10.0,10.0
9.932971800476965,-9.932971800476965
10.0,-9.944114578063253
9.944114578063258,-9.633418872412927
9.633418872412921,-9.633418872412921
9.633418872412914,-9.633418872412914
9.633418872412921,-9.633418872412921
-10.12121278793319,10.12121278793319
9.633418872412921,-9.633418872412921
-10.513979105973172,10.000066270467729
10.048334523424703,-10.048334523424703
10.202851377128091,-10.202851377128091
10.110080296075745,-10.110080296075745
10.05176417791649,-9.827312415192736
9.978399614404337,-9.978399614404337
9.978399614404342,-9.927435731279084
9.927435731279086,-9.866369704282743
9.866369704282748,-9.810924675244411
9.810924675244404,-9.74507581392
9.745075813919996,-9.745075813919996
9.738243013123522,-9.738243013123522
9.745075813919994,0.0
0.0,0.0
0.0,0.0
-12.765102073935308,-9.797397926060034
24.99999999999484,-9.651895749409675
9.65189574940967,-9.633047166093029
2.3219809427594527,-9.55660007911053
-15.550243062403505,-9.449756937596495
-24.999999999949594,10.504287964343915
-24.999999999999996,10.567535236449496
-25.000000000000004,10.705314694593875
-10.68826235652633,10.68826235652633
-10.609463614660429,10.609463614660429
-10.848693691687668,10.848693691687668
-10.848693691687668,10.848693691687668
-10.848693691687668,10.848693691687668
-10.848693691687668,0.0
0.0,0.0
0.0,0.0
0.0,0.0
0.0,0.0
8.951515995645993,-8.951515995645993
8.910618280995061,-8.910618280995061
8.934721165681623,-8.934721165681623
8.953488330995057,-8.953488330995057
9.028669336470285,-9.028669336470285
8.961916672195516,-8.961916672195516
9.179198601458344,-9.179198601458344
0.0,0.0
9.515941569290735,-9.515941569290735
9.255119311582886,-9.255119311582886
21.25062373648836,-9.87546895507554
9.592525615239875,-9.592525615239875
-10.266077190225072,10.266077190225072
-10.266077190225072,10.266077190225072
-10.266077190225072,10.266077190225072
-10.090817522335799,10.090817522335799
-9.949495118757184,9.949495118757184
-10.05198330437377,10.05198330437377
-10.07997214333512,10.07997214333512
-10.0,10.0
-10.0,10.0
-10.0,10.0
10.0,-10.0
-10.0,10.0
10.0,-10.0
-10.0,10.0
-10.0,10.0
-10.266077190225072,10.0
-10.0,0.0
0.0,0.0
0.0,0.0
0.0,0.0
0.0,0.0
10.0,-10.0
10.0,-10.0
10.0,-10.0
9.999999999999996,-9.999999999999996
0.0,0.0
25.0,-10.0
10.0,-10.0
10.0,-10.0
10.0,-10.0
25.0,-10.0
10.0,-10.0
10.0,-10.0
10.0,-10.0
10.0,-10.0
10.0,-10.0
25.0,-10.0
25.0,-10.0
10.0,-10.0
-10.0,10.0
-10.0,10.0
9.999999999999996,-9.999999999999996
10.0,-10.0
9.917859396603186,-9.917859396603186
14.947537218411505,-9.917765965228636
25.0,-9.928035792120266
25.0,-9.798215380168806
9.626503115191657,-9.626503115191657
9.806340336745869,-9.806340336745869
9.842933626730998,-9.842933626730998
9.959637813843049,-9.959637813843049
-9.923086495154154,9.923086495154154
-9.959340859032896,9.959340859032896
9.959637813843052,-9.959637813843052
9.959637813843052,-9.959637813843052
9.959637813843052,-9.959637813843052
9.943117848532925,-9.943117848532925
-10.088417426896227,10.088417426896227
-10.267521255274248,10.267521255274248
-0.15585457043053452,10.115492384273587
-10.04637796675843,10.04637796675843
0.0,0.0
-25.0,10.202853901717335
16.39572974878966,0.0
0.0,0.0
0.0,0.0
-25.0,10.319991055885218
5.748101715678935,10.517836172536892
-10.21959129727634,10.21959129727634
-25.0,10.116508531445426
-25.0,9.865255098130278
-25.0,10.323536210335039
-20.69077179823765,9.976584434735887
-25.0,10.408887523591021
-10.282139258160555,10.282139258160555
-25.0,10.56230050064624
-10.56230050064624,10.32715899590421
-10.32715899590421,10.32715899590421
-10.32715899590421,10.32715899590421
-10.32715899590421,10.32715899590421
-10.32715899590421,10.32715899590421
-10.32715899590421,10.32715899590421
-10.32715899590421,10.32715899590421
-10.32715899590421,0.0
0.0,0.0
8.89929044904465,-8.89929044904465
9.271637699024732,-9.271637699024732
9.845883293692232,-9.845883293692232
9.394604760910795,-9.394604760910795
9.092270051070422,-9.092270051070422
9.276118844937809,-9.276118844937809
10.030825865850801,-10.030825865850801
9.368225959018242,-9.368225959018242
9.346506286580668,-9.346506286580668
9.64808425079431,-9.64808425079431
10.035746290292824,-10.035746290292824
25.0,-9.949627501905812
24.999999999960004,-9.670385209905966
24.999999999995875,-9.467098656706455
9.676922318186909,-9.676922318186909
22.228281071722233,-10.038676628367638
10.12986534421613,-10.12986534421613
10.018591331617067,-10.018591331617067
15.0,10.0
10.0,-10.0
-10.0,10.0
-10.0,10.0
-10.0,10.0
-10.0,10.0
-10.0,10.0
-25.0,0.0
-25.0,0.0
-25.0,10.0
-10.0,10.0
-10.0,10.0
-10.0,0.0
10.0,-10.0
10.0,-10.0
10.0,-10.0
10.0,-10.0
21.0803324099723,-10.0
10.0,-10.0
10.0,-10.0
-10.0,10.0
-10.000000000000002,10.000000000000002
10.0,-10.0
-10.0,10.0
10.0,-10.0
-10.0,10.0
-10.0,10.0
15.0,10.0
24.182825484797632,-10.0
25.0,-10.0
25.0,-10.0
10.0,-10.0
10.0,-10.0
10.0,-10.0
10.0,-10.0
-10.0,10.0
9.965047125978884,-9.965047125978884
9.965721837247608,-9.965721837247608
9.944443854518942,-9.944443854518942
9.812764622514013,-9.812764622514013
-10.34786125887532,10.34786125887532
-10.225113047319589,10.225113047319589
-10.068858487280261,10.068858487280261
-10.039825710942004,10.039825710942004
-10.031629947525907,10.031629947525907
-10.006000317492344,10.006000317492344
-9.927490009947892,9.927490009947892
-9.969147625962108,9.969147625962108
-10.011598594147134,10.011598594147134
24.999999999966924,-9.8227094578485
9.82270945784849,1.7763568394002505e-15
-10.224616492172105,10.224616492172105
-10.21976801852362,10.21976801852362
-9.845283072598804,9.845283072598804
0.0,0.0
-10.380663878106368,10.380663878106368
0.0,0.0
-10.480457104148694,10.480457104148694
-10.38126725493635,10.38126725493635
-15.30075936615037,-9.69924063384963
-10.336290435209904,10.336290435209904
-10.314715295506701,10.314715295506701
-10.161567400322397,10.161567400322397
-25.0,10.27339660559887
-10.210324792445945,10.210324792445945
-10.299919940225807,10.299919940225807
-10.372662192488622,10.372662192488622
-10.41712147141948,10.41712147141948
-10.638555718845991,10.638555718845991
-10.609655483443188,10.609655483443188
-10.718654624173992,10.718654624173992
-10.942445575662397,10.942445575662397
9.10570339045267,-9.10570339045267
9.139291156939475,-9.139291156939475
9.094939804198917,-9.094939804198917
-10.887068710533729,10.887068710533729
9.034848268651839,-9.034848268651839
9.095833508792289,-9.095833508792289
9.113495535162931,-9.113495535162931
-10.62415924866608,10.62415924866608
9.550534122297766,-9.550534122297766
9.323045909857422,-9.323045909857422
9.086750667829591,-9.086750667829591
9.078089433271117,-9.078089433271117
9.29527669043719,-9.29527669043719
9.340204911820642,-9.340204911820642
9.140308566405936,-9.140308566405936
9.58750799411185,-9.58750799411185
-9.744067240515902,9.744067240515902
10.139161039609695,-10.139161039609695
9.976029340675243,-9.976029340675243
9.754661679290118,-9.754661679290118
9.824961233669821,-9.824961233669821
10.131719497231082,-10.131719497231082
-9.874550635737014,9.874550635737014
-9.973547787785753,9.973547787785753
10.0,-10.0
10.0,-10.0
-10.0,10.0
-10.0,10.0
-10.0,10.0
-10.0,10.0
-10.0,10.0
-15.273396605598878,10.0
-15.0,-10.0
-25.0,0.0
0.0,0.0
0.0,0.0
0.0,0.0
0.0,0.0
10.0,-10.0
10.0,-10.0
0.0,10.0
-9.025,9.025
-9.025,9.025
-9.025,9.025
10.0,-10.0
-9.025000000000002,10.0
-9.904937499999999,10.0
25.0,0.0
25.0,-10.0
25.0,0.0
-10.0,10.0
-10.0,10.0
25.0,-5.806904605263156
10.0,-10.0
10.0,-10.0
10.0,-10.0
10.0,-10.0
-10.0,10.0
-10.0,10.0
-10.0,10.0
10.0,-10.0
10.0,-10.0
10.0,-9.987068485598742
9.987068485598748,-9.795041350199936
9.795041350199932,-9.62604099701937
-10.179987276827573,10.179987276827573
9.626040997019375,-9.626040997019375
-10.320457111134704,9.937905202885585
10.04992122776632,-10.04992122776632
10.049921227766323,-10.049921227766323
9.872012161249353,-9.872012161249353
-10.046898032143272,10.046898032143272
-10.15785246724573,10.15785246724573
-9.832480880528255,10.15562073035155
-10.108980837458763,10.108980837458763
-10.305792765961185,10.305792765961185
-10.294481343840875,10.294481343840875
-10.15874364724985,10.15874364724985
9.726781377943027,-9.726781377943027
9.726781377943027,-9.726781377943027
-0.6326696390170614,10.359451016960088
-10.346242366020805,10.346242366020805
-10.486810232988283,10.486810232988283
-25.0,0.0
25.0,-6.886430190582232
9.58195074203232,-9.58195074203232
9.587261215512974,-9.587261215512974
-24.999999999999996,10.425236763553333
-24.99999999996468,7.567169706801202
-24.999999999992376,10.491430231309936
-10.592256014354207,10.592256014354207
-10.56852361313962,10.56852361313962
-24.999999999991378,10.725545490523146
-25.0,10.287069780959566
-10.334740337412365,10.334740337412365
-10.488985166624403,10.488985166624403
-10.47777977725246,10.47777977725246
9.401808676326555,-9.401808676326555
9.21563347346823,-9.21563347346823
-10.8439487261983,10.8439487261983
-10.8439487261983,10.8439487261983
-10.8439487261983,10.8439487261983
-10.8439487261983,10.8439487261983
9.179626519335681,-9.179626519335681
9.047230747760109,-9.047230747760109
9.250361723147282,-9.250361723147282
9.219922119451244,-9.219922119451244
9.410302025700116,-9.410302025700116
-10.28355113469683,10.28355113469683
-10.579292879719178,10.579292879719178
-10.591561121164023,10.591561121164023
9.824484875236314,-9.824484875236314
-10.29616713831043,10.29616713831043
-10.1546039520324,10.1546039520324
-10.121013345382693,10.121013345382693
-10.224346045549042,10.224346045549042
24.99999999994639,-9.927452141109187
10.117177863169484,-10.117177863169484
-9.921308829304039,9.921308829304039
9.99160351201543,-9.99160351201543
-9.38717248620374,10.0
10.0,-10.0
-10.0,10.0
-10.0,10.0
-10.0,10.0
-10.0,10.0
-25.0,10.0
-10.0,10.0
-10.0,0.0
0.0,0.0
0.0,0.0
0.0,10.0
-9.025,10.0
-9.9049375,9.9049375
10.0,-10.0
-9.9049375,0.0
0.0,10.0
25.0,0.0
13.102493074792243,10.0
15.0,10.0
10.0,-10.0
-9.999999999999998,9.999999999999998
-10.0,10.0
-10.0,10.0
-15.0,-10.0
-15.0,-10.0
10.0,-10.0
10.0,-10.0
10.0,-10.0
10.0,-10.0
10.0,-10.0
-25.0,10.0
-10.0,10.0
-10.0,10.0
-10.0,10.0
-9.922969602924042,10.0
-10.069519933361052,10.069519933361052
-10.060980363541292,10.060980363541292
-10.069519933361052,10.097231433620003
8.849966259222494,10.22811732824664
14.601700485347555,10.398299514630045
24.999999999971443,1.1461054327810416e-11
25.0,-9.892044461349094
-0.07123317904053561,9.96327764038963
-9.9092593198494,9.9092593198494
-9.723481739797453,9.723481739797453
0.0,0.0
-9.805758103350826,9.805758103350826
-10.23409569364655,10.23409569364655
-10.310321879069955,10.310321879069955
-24.999999999986002,10.18838611189121
-25.0,10.169894126805671
25.0,0.0
-2.2722629288126655,10.116273744645476
-10.18374465456096,10.18374465456096
-9.916217087813594,9.916217087813594
-9.98996854462782,9.98996854462782
0.0,0.0
-10.221343993360938,10.221343993360938
0.0,-9.082164965421704
9.47917850067876,-9.47917850067876
10.063340681907713,-10.063340681907713
9.823244670768823,-9.823244670768823
-15.094738998370223,-9.905261001629773
-25.0,10.232240751697457
-24.999999999988738,10.18613165369381
-24.999999999999996,10.341913957757155
-10.319760687116442,10.319760687116442
-10.465017978609861,10.465017978609861
-16.67812139773799,10.324346603483267
-10.324346603483267,10.284315454091303
-10.095276104732486,10.095276104732486
9.913305605264716,-9.913305605264716
-10.284315454091303,10.284315454091303
-10.284315454091303,10.284315454091303
-10.284315454091303,10.284315454091303
-10.263651059958894,10.263651059958894
-10.284315454091303,10.284315454091303
9.53486462799016,-9.53486462799016
8.986737802522791,-8.986737802522791
-9.768327912030383,9.768327912030383
-10.284315454091303,10.284315454091303
9.58664332229482,-9.58664332229482
9.600639645079106,-9.600639645079106
10.403187001071737,-10.403187001071737
-10.284315454091303,10.282690249763672
-10.282690249763672,10.282690249763672
9.467199324702673,-9.467199324702673
-10.282690249763672,10.11129777924002
-9.980790400421062,9.980790400421062
-10.057988552704487,10.057988552704487
-10.02195130350097,10.02195130350097
-10.091726690038303,10.091726690038303
-10.084932547014668,9.973634767774648
10.014108193645287,-10.014108193645287
9.998294462453602,-9.998294462453602
10.0,-10.0
-10.0,10.0
-10.0,10.0
-10.0,10.0
10.0,-10.0
-10.0,10.0
-10.000000000000004,10.000000000000004
-10.0,0.0
10.0,-10.0
10.0,-10.0
10.0,-10.0
10.0,-10.0
0.0,0.0
10.0,-10.0
10.0,-10.0
0.0,0.0
0.0,10.0
-9.025,9.025
-9.025,10.0
9.288157894736845,10.0
-10.0,10.0
-10.0,10.0
-10.0,10.0
15.0,10.0
15.0,10.0
25.0,-10.0
10.0,-10.0
10.0,-10.0
9.024999999999993,-10.0
-15.0,-10.0
-25.0,0.0
-25.0,0.0
-10.0,10.0
9.999999999999996,-9.999999999999996
0.0,-10.0
10.0,-10.0
9.927955214825,-9.927955214825
9.925551312778204,-9.925551312778204
9.900445278609757,-9.900445278609757
9.792903082277954,-9.792903082277954
25.0,-9.634058027406134
25.0,-9.813292582171087
9.847039871140922,-9.847039871140922
-25.0,7.85490223663049
10.22755953208657,-10.22755953208657
10.48015415343908,-10.48015415343908
-9.32661378561047,9.32661378561047
-10.428668311487051,10.428668311487051
-10.420619920968239,10.420619920968239
14.78373737364557,10.21626262635443
24.99999999999831,-6.292153253723576
-10.191228168235803,10.191228168235803
14.996486402915759,10.003513597084241
14.802473612740732,10.197526387259268
-10.395408741602331,10.395408741602331
0.0,0.0
-9.858149641695148,9.858149641695148
0.0,0.0
0.0,0.0
0.0,-9.98173585909399
9.815227837615595,-9.815227837615595
-10.018858050526323,10.018858050526323
-25.0,0.0
-25.0,0.0
-14.98965549556122,-10.01034450443878
-0.010767373137623437,-10.007496767768389
9.285878275818646,-9.285878275818646
9.740503782794036,-9.740503782794036
9.874083586726355,-9.874083586726355
10.018372698243624,-10.018372698243624
10.755959217179406,-10.755959217179406
0.0,0.0
9.717388012502978,-9.717388012502978
9.471588323108241,-9.471588323108241
9.750202623532948,-9.750202623532948
9.617922351915421,-9.617922351915421
9.78670944633637,-9.78670944633637
0.0,0.0
9.807582119081644,-9.807582119081644
9.596283466333745,-9.596283466333745
9.983403981438816,-9.983403981438816
9.72763595140307,-9.72763595140307
9.64376152285647,-9.64376152285647
9.757496161866968,-9.757496161866968
0.0,0.0
0.0,0.0
9.82130073704878,-9.82130073704878
9.877009585663403,-9.877009585663403
10.638429489383647,-10.638429489383647
9.806718709559236,-9.806718709559236
10.123874967293947,-10.123874967293947
9.873925168751118,-9.873925168751118
10.004658813881322,-10.004658813881322
10.027179806724517,-10.027179806724517
0.0,0.0
10.033512719126772,-10.033512719126772
0.0,0.0
0.0,0.0
10.0,-10.0
9.999999999999996,-9.999999999999996
9.999999999999996,-9.999999999999996
10.0,-10.0
10.0,-10.0
10.0,-10.0
10.0,-10.0
10.0,-10.0
10.0,-10.0
10.0,-10.0
10.0,-10.0
10.0,-10.0
0.0,10.0
-9.025,0.0
25.0,-10.0
25.0,-10.0
10.0,-10.0
25.0,-10.0
-25.0,10.0
10.0,-10.0
-5.612500000000001,-10.0
10.0,-10.0
-10.000000000000002,10.000000000000002
10.0,-10.0
10.0,-10.0
25.0,-10.0
19.182825484764543,-10.0
10.0,-10.0
10.0,-10.0
25.0,-10.0
25.0,-10.0
25.0,-10.0
25.0,-10.0
10.0,-10.0
9.91941425327611,-9.91941425327611
-10.06108457434488,10.06108457434488
-10.093697454915349,10.093697454915349
-0.20825144394197598,10.208251443941975
-10.282632697018187,10.282632697018187
-10.109072984966273,10.109072984966273
-10.158003942600535,10.158003942600535
-10.150914895995506,10.150914895995506
-9.899297290681506,9.899297290681506
-9.934616925391621,9.934616925391621
-10.323856833169385,10.323856833169385
-9.765880953902922,9.765880953902922
0.0,0.0
-10.201660402150909,10.201660402150909
0.0,0.0
-10.274838146058803,10.274838146058803
0.0,0.0
-10.09417917070475,10.09417917070475
0.0,0.0
-25.0,10.456782137339472
16.11436882289255,-9.992979117304637
9.99297911730464,-9.836429338110262
9.418666621022096,-9.418666621022096
-15.127275904580554,-9.872724095416952
9.701621321509366,-9.701621321509366
9.927010337990998,-9.927010337990998
9.978385729163481,-9.978385729163481
-24.99999999997926,-2.0740742456837324e-11
-11.876223773180895,10.75360125082289
-9.973822534099881,9.973822534099881
-10.258098857057856,10.258098857057856
-10.217740773358432,10.217740773358432
9.223474216521495,-9.223474216521495
-10.154744697882911,10.154744697882911
9.491145053708616,-9.491145053708616
9.640887277998983,-9.640887277998983
-10.15649613167288,10.15649613167288
-10.331435650088297,10.331435650088297
-10.803598216266616,10.803598216266616
9.41141663185258,-9.41141663185258
9.850801824692319,-9.850801824692319
9.832788880416366,-9.832788880416366
9.441976784685155,-9.441976784685155
9.580349521302535,-9.580349521302535
-14.998958606935691,-10.001041393064309
10.004944408039869,-10.004944408039869
9.57666803903338,-9.57666803903338
10.242252641502976,-10.242252641502976
9.116732058577337,-9.116732058577337
9.914658785101006,-9.914658785101006
10.210672554614693,-10.210672554614693
-9.532963927860973,9.532963927860973
-10.0,10.0
-10.0,10.0
-9.943708602416677,9.943708602416677
9.951508952041994,-9.951508952041994
9.759364200122777,-9.759364200122777
9.981365296728606,-9.981365296728606
-10.0,10.0
-10.0,10.0
-10.0,10.0
-10.0,10.0
-10.0,10.0
-10.0,10.0
-10.0,10.0
-10.0,10.0
-10.0,10.0
-10.0,10.0
-10.0,10.0
-10.0,0.0
0.0,0.0
10.0,-10.0
0.0,0.0
10.0,-10.0
10.0,-10.0
0.0,0.0
0.0,10.0
-4.765850898003565,10.0
25.0,0.0
25.0,-10.0
25.0,0.0
25.0,-10.0
10.0,-10.0
-10.0,10.0
-10.0,10.0
10.0,-10.0
10.0,-10.0
10.0,-10.0
-10.0,10.0
-10.0,10.0
10.0,-10.0
-10.0,10.0
10.0,-10.0
-10.0,10.0
10.0,-10.0
-10.0,10.0
9.95859548885029,-9.95859548885029
9.951612267898417,-9.951612267898417
9.97274872940224,-9.97274872940224
-10.1575880263838,10.1575880263838
9.718407907111981,-9.718407907111981
9.831998210621633,-9.831998210621633
-10.09234915907447,10.09234915907447
10.000618208791812,-10.000618208791812
10.029008792740408,-10.029008792740408
10.029008792740413,-10.029008792740413
9.975479295793097,-9.975479295793097
10.029008792740408,-10.029008792740408
9.95921273612862,-9.95921273612862
9.901142765420921,-9.901142765420921
9.895146865959761,-9.895146865959761
10.029008792740408,-10.029008792740408
9.985559980655578,-9.894777644782414
9.795136525242208,-9.795136525242208
9.938226456867241,-9.938226456867241
9.633006676415114,-9.652658806509523
9.821666802489569,-9.821666802489569
9.960001670268243,-9.960001670268243
9.888154384893422,-9.888154384893422
-15.17616457534743,-9.82383542465257
9.792950862101783,-9.792950862101783
-10.374237536178626,10.374237536178626
-25.0,10.23471611145395
-24.999999999960117,10.393073496549038
-10.804842838765293,10.804842838765293
-10.286307355007033,10.286307355007033
-10.458409866256348,10.458409866256348
-10.176642985009694,10.176642985009694
-10.26852036146867,10.26852036146867
-24.99999999998527,10.307872396353241
-10.552327110826745,10.552327110826745
-10.845784102580723,10.845784102580723
-16.946760496993754,10.928493433189928
-10.92849343318993,0.0
0.0,0.0
0.0,0.0
0.0,0.0
9.074048828181606,-9.074048828181606
9.068381125322528,-9.068381125322528
9.052267934454795,-9.052267934454795
8.993456996803166,-8.993456996803166
9.144659064825492,-9.144659064825492
9.076892146820823,-9.076892146820823
8.98323430379554,-8.98323430379554
9.147412129399138,-9.147412129399138
0.0,0.0
0.0,10.369966562320343
9.823242858449422,-9.112877010797467
-10.0,10.0
-10.0,10.0
-10.0,10.0
9.496116916656543,-9.496116916656543
-10.0,10.0
9.908485059884772,-9.908485059884772
-9.897701040236802,9.897701040236802
9.948807128740722,-9.948807128740722
-10.0,10.0
-10.0,10.0
-10.0,10.0
-10.0,10.0
-10.0,10.0
10.0,-10.0
-10.0,10.0
10.0,-10.0
-10.0,10.0
-10.0,10.0
-10.0,10.0
-10.0,10.0
-10.0,0.0
0.0,0.0
0.0,0.0
0.0,0.0
0.0,10.0
10.0,-10.0
-9.024999999999995,10.0
-9.9049375,10.0
-9.99073140625,9.99073140625
-9.9897300900277,10.0
-10.0,10.0
-10.0,10.0
-10.0,10.0
-10.0,10.0
-10.0,10.0
-10.0,10.0
-10.0,10.0
-10.0,10.0
-10.0,10.0
-10.0,10.0
-10.0,10.0
-10.0,10.0
-10.0,10.0
-10.0,10.0
-9.835725510964863,10.043289018405682
-10.036862935346955,10.036862935346955
-10.064169723486662,10.064169723486662
-10.187326065465339,10.187326065465339
14.607380613932579,10.39261938605827
8.749323231542764,10.225938745790117
14.987207906286441,10.012792093713559
14.953642861102857,10.046357138897143
-10.065738410544867,10.065738410544867
-10.076890152395318,10.076890152395318
-9.973955706182648,9.973955706182648
-9.971426698904661,9.971426698904661
-9.601987144589588,9.601987144589588
-10.070982613557794,10.070982613557794
-10.155088673167786,10.155088673167786
-10.25781042273641,10.25781042273641
-10.235036734288292,10.235036734288292
-10.223895721942142,10.223895721942142
-10.232958997338171,10.232958997338171
-10.245268894505596,10.245268894505596
-10.225131508378457,10.225131508378457
0.0,0.0
-10.234145554284172,10.234145554284172
-10.227085540455484,10.227085540455484
-10.193354503528921,10.193354503528921
-10.29832187523258,10.29832187523258
0.0,-8.366934744593873
9.27084182226468,-9.27084182226468
-10.70750477576548,10.70750477576548
-10.448816427118492,10.448816427118492
-10.370773799732014,10.370773799732014
-10.322778833561001,10.322778833561001
-10.467364584314769,10.467364584314769
-10.490549149662801,10.490549149662801
9.27084182226468,-9.27084182226468
9.228715263797865,-9.228715263797865
9.270841822264675,-9.270841822264675
8.872101254003875,-8.872101254003875
8.77222408536909,-8.77222408536909
8.579010958837987,-8.579010958837987
8.815829421987212,-8.815829421987212
9.011163203485633,-9.011163203485633
9.170435121035373,-9.170435121035373
9.27084182226468,-9.27084182226468
-15.438168340822775,-9.561831659177225
9.494458577095049,-9.494458577095049
-25.0,10.789045221553408
-10.743268738183028,10.743268738183028
-18.210190674273356,10.788080197313816
-10.651723976357324,10.651723976357324
-10.588263376460386,10.588263376460386
9.591369984512149,-9.591369984512149
-10.252158498560128,10.252158498560128
-10.25739512780531,10.25739512780531
9.708758650883741,-9.708758650883741
9.703429558557392,-9.703429558557392
9.867185777756774,-9.867185777756774
-9.96252026361559,9.96252026361559
-9.932134070760803,9.932134070760803
-10.007391780357755,10.007391780357755
-10.0,10.0
10.0,-10.0
10.0,-10.0
10.0,-10.0
-10.0,10.0
10.0,-10.0
-10.0,10.0
-10.0,10.0
-25.0,10.0
-25.0,10.0
-10.0,10.0
-10.0,10.0
-10.0,0.0
0.0,0.0
0.0,0.0
0.0,0.0
0.0,10.0
-9.025,10.0
-9.9049375,10.0
25.0,-0.8069046052631563
25.0,-10.0
25.0,-10.0
25.0,-10.0
25.0,-10.0
10.0,-10.0
10.0,-10.0
10.0,-10.0
10.0,-10.0
10.0,-10.0
10.0,-10.0
10.0,-10.0
10.0,-10.0
10.0,-10.0
10.0,-10.0
10.0,-10.0
10.0,-10.0
9.952725223452733,-9.952725223452733
9.956253603190417,-9.956253603190417
9.91466031612632,-9.91466031612632
9.823283249648249,-9.823283249648249
9.668623164951814,-9.668623164951814
-10.187988173511181,10.187988173511181
-10.029697058883823,10.029697058883823
-10.090670622799001,10.090670622799001
9.92336798685517,-9.92336798685517
-9.99348151056475,9.99348151056475
-10.020822812107651,10.020822812107651
-23.44280959997278,9.905309599972778
25.0,0.0
-10.012574979038337,10.012574979038337
-10.200832968025269,10.200832968025269
-10.296992678994137,10.296992678994137
-10.295106810826775,10.295106810826775
0.0,0.0
0.0,0.0
-25.0,10.194818765292071
6.226022044717219,10.17861090232758
0.0,0.0
-10.313916263010094,10.313916263010094
-24.99999999998945,8.97507988043025
-10.310111707015158,10.310111707015158
-10.358947361405347,10.358947361405347
-24.99999999998978,-1.0224709967587842e-11
-24.999999999965517,10.523972186701252
-24.999999999946937,10.570174694507031
-25.0,10.501466735860607
-10.486668855990464,10.486668855990464
-10.510357076893232,10.510357076893232
-10.551626537310751,10.551626537310751
-10.570693497597249,10.570693497597249
-10.570693497597249,10.570693497597249
9.217769907118342,-9.217769907118342
9.031934261513719,-9.031934261513719
9.059937636586588,-9.059937636586588
9.239375341892497,-9.239375341892497
9.163585279261477,-9.163585279261477
-10.570693497597249,10.570693497597249
9.166842630537168,-9.166842630537168
9.225059658568492,-9.225059658568492
9.225312117493171,-9.225312117493171
-10.570693497597249,10.343538846511136
9.21673419437984,-9.21673419437984
-10.343538846511134,10.343538846511134
9.35923968359424,-9.35923968359424
9.242370767033835,-9.242370767033835
-10.343538846511134,10.343538846511134
9.299215049662203,-9.299215049662203
9.612978575022865,-9.612978575022865
9.703486361815447,-9.703486361815447
-10.343538846511134,10.343538846511134
-10.343538846511134,10.343538846511134
-10.343538846511134,10.343538846511134
-10.189656295856011,10.189656295856011
-10.03289382001759,10.03289382001759
-9.971396246046867,9.971396246046867
-10.046411614799485,10.046411614799485
-10.0,10.0
10.0,-10.0
-10.0,10.0
10.0,-10.0
-10.0,10.0
10.0,-10.0
-10.0,10.0
10.0,-10.0
-10.343538846511134,10.0
-10.0,10.0
-10.0,10.0
10.0,-10.0
-10.0,10.0
-10.0,10.0
-10.0,0.0
0.0,0.0
0.0,0.0
25.0,-10.0
25.0,-10.0
25.0,0.0
20.263157894736842,-10.0
10.0,-10.0
25.0,-10.0
25.0,-10.0
10.0,-10.0
10.0,-10.0
10.0,-10.0
10.0,-10.0
10.0,-10.0
10.0,-10.0
10.0,-10.0
10.0,-10.0
10.0,-10.0
10.0,-10.0
10.0,-10.0
10.0,-10.0
9.964681268866023,-9.893493128103177
9.92881185923716,-9.92881185923716
9.904377459494292,-9.904377459494292
9.804886202924742,-9.804886202924742
9.688084434521295,-9.688084434521295
9.773293936865679,-9.773293936865679
9.745030686887212,-9.745030686887212
9.928811859237161,-10.112782553290797
10.058570470525876,-10.058570470525876
9.522080108044342,-9.522080108044342
-9.826833374383156,9.826833374383156
-25.0,0.0
24.999999999991616,-10.401414739420481
-10.126518527809004,10.126518527809004
-10.169002315654241,10.169002315654241
9.716072701505391,-9.716072701505391
23.23490326797753,-9.687621842988525
9.687621842988527,-8.673188740326085
-10.249060827554297,10.249060827554297
-24.99999999996158,10.265052838138182
14.884498779628258,10.115501220335952
-10.151416026961,10.151416026961
-10.443411281541085,10.443411281541085
-22.313664864501494,10.281702504220862
-10.278352374290346,10.278352374290346
-10.2999843172516,10.2999843172516
-24.999999999967788,10.312472197960918
-24.99999999999026,10.447011345807026
-25.000000000000004,11.02698270888628
-25.0,10.477698990396561
-24.999999999953346,10.402419525940708
-10.275508424503819,10.275508424503819
-10.334557304691968,10.334557304691968
-10.483710037393207,10.483710037393207
-10.634622408799466,10.634622408799466
-10.634622408799466,10.915609191968858
-10.888212980609842,10.888212980609842
-10.888212980609842,10.888212980609842
-10.888212980609842,10.888212980609842
-10.888212980609842,11.074375911936354
-11.056225026132019,11.056225026132019
9.060242480738141,-9.060242480738141
-10.87972846729864,10.87972846729864
-10.830024354207545,10.830024354207545
-10.86926656945988,10.86926656945988
-10.887600136570178,10.887600136570178
-11.056225026132019,11.056225026132019
-10.970272860635301,10.970272860635301
-10.776234193420498,10.776234193420498
-10.643456577721347,10.643456577721347
-10.420336535825284,10.420336535825284
14.612724222610419,10.387275777343751
-9.978109917788263,9.978109917788263
-10.358805984407532,10.358805984407532
4.809173142020256,10.502488878931912
14.514575766508212,10.485424233491788
-10.292265070055837,10.292265070055837
-9.952692668825089,9.952692668825089
-9.927832486257904,9.927832486257904
-10.056372618352997,10.056372618352997
-10.0,10.0
-10.0,10.0
-10.0,10.0
-10.0,10.0
-10.0,10.0
-25.0,10.0
-25.0,10.0
-25.0,10.0
-25.0,0.0
10.0,-10.0
10.0,-10.0
1.0803324099722982,10.0
-10.0,10.0
25.0,-10.0
11.620498614958448,-10.0
-25.0,0.0
0.0,0.0
0.0,0.0
0.0,10.0
15.0,10.0
10.0,-10.0
-10.0,10.0
-10.0,10.0
-10.0,10.0
-10.0,10.0
-10.0,10.0
-10.0,10.0
-10.0,10.0
25.0,-10.0
9.999999999999996,-9.999999999999996
10.0,-10.0
25.0,-10.0
10.0,-10.0
25.0,-10.0
-10.0,10.0
-10.0,10.0
9.935598019849824,-9.935598019849824
9.949822255229018,-9.949822255229018
9.938248073662667,-9.938248073662667
9.862136614055679,-9.862136614055679
9.786328233360104,-9.786328233360104
9.627922565495671,-9.627922565495671
10.05349951745001,-10.05349951745001
9.87836118763141,-9.87836118763141
24.93354058005356,-9.850686955881592
-9.802990522389017,9.802990522389017
-9.909283934594557,9.909283934594557
10.180304270564873,-10.180304270564873
10.180304270564875,0.0
0.0,0.0
0.0,0.0
-10.284636076925649,10.284636076925649
-10.358215230523774,10.358215230523774
-10.289081878589268,10.289081878589268
-10.340444646815518,10.340444646815518
-10.3689826036614,10.3689826036614
-10.229901719760294,10.229901719760294
-10.329081470615648,10.329081470615648
-10.452331917644667,10.452331917644667
-10.438184119505571,10.438184119505571
-10.56208086138177,10.56208086138177
-10.479384153718806,10.479384153718806
-25.0,10.565210089753188
-25.0,10.60444725582703
-25.0,10.742635697429396
-25.0,10.617873021441541
-25.0,10.737947535198076
-23.26811359964925,10.74432717222475
-10.744327172224745,10.727955210959227
-10.727955210959223,10.727955210959223
-10.727955210959223,10.727955210959223
-10.727955210959223,10.727955210959223
-10.727955210959223,10.727955210959223
-10.727955210959223,10.727955210959223
-10.727955210959223,10.727955210959223
8.924349521908436,-8.924349521908436
-10.727955210959223,10.727955210959223
8.621521886017623,-8.621521886017623
-10.727955210959223,10.727955210959223
-10.727955210959223,10.65930594901279
-10.65930594901279,10.65930594901279
-10.65930594901279,10.65930594901279
-10.545274670765792,10.545274670765792
-10.65930594901279,10.65930594901279
-10.636830793243108,10.636830793243108
-10.65930594901279,10.65930594901279
-10.500358441181259,10.500358441181259
-10.408131409111606,10.408131409111606
-10.025028777792823,10.025028777792823
-10.061295133470487,10.061295133470487
-10.171756326948849,10.171756326948849
-10.65930594901279,10.65930594901279
-10.357369650912926,10.357369650912926
-10.084935071603915,10.084935071603915
10.060370265978605,-10.060370265978605
-10.043093121127974,10.043093121127974
10.0,-10.0
-10.0,10.0
-10.0,10.0
-10.0,10.0
-10.0,10.0
-10.0,10.0
-10.65930594901279,10.0
-10.0,10.0
0.0,-10.0
10.0,-10.0
9.999999999999996,-9.999999999999996
0.0,0.0
0.0,0.0
0.0,0.0
0.0,0.0
0.0,0.0
0.0,0.0
25.0,-10.0
10.0,-10.0
10.0,-10.0
10.0,-10.0
-10.0,10.0
10.0,-10.0
10.0,-10.0
-10.0,10.0
10.0,-10.0
10.0,-10.0
10.0,-10.0
10.0,-10.0
10.0,-10.0
10.0,-10.0
10.0,-10.0
10.0,-10.0
10.0,-10.0
25.0,-10.0
10.0,-10.0
9.958955269321217,-9.958955269321217
9.966376398645322,-9.966376398645322
-10.049033548657444,10.049033548657444
9.815184766742407,-9.815184766742407
14.540293007677983,10.459706992322017
14.867454015364245,10.132545984635755
10.157310072589697,-9.89415217779652
24.999999999943665,-10.060705326307705
10.043307119513345,-10.010698578080648
10.028096784875004,-10.028096784875004
-9.682543631718573,9.682543631718573
-9.899917077341598,9.899917077341598
9.623419645000343,-9.538478577496962
9.923209568879933,-9.923209568879933
9.734828506167219,-9.734828506167219
9.943155717371626,-9.943155717371626
9.943155717371628,-9.943155717371628
9.943155717371619,7.105427357601002e-15
0.0,0.0
-10.151215953263188,10.151215953263188
-10.2393468392799,10.2393468392799
-10.15088333862992,10.15088333862992
-10.245839451675373,10.245839451675373
-20.6940626004291,10.381692017077132
9.346185663746324,-9.346185663746324
-10.060092797841694,10.060092797841694
-24.999999999997836,9.885451812104721
-24.999999999984343,9.810518847522987
-25.0,10.572292193737788
-24.999999999950617,10.295857244980386
-24.999999999958987,10.267707443731197
-10.519456958833342,10.519456958833342
-10.22258987815423,9.94103884928818
-10.23790592996729,10.23790592996729
-10.23790592996729,10.23790592996729
-10.23790592996729,10.23790592996729
-10.23790592996729,10.23790592996729
9.539980076951501,-9.539980076951501
-10.23790592996729,10.23790592996729
-10.198527386895622,10.198527386895622
10.085966050737577,-10.085966050737577
-10.23790592996729,10.23790592996729
-10.147737700428403,10.147737700428403
-10.23790592996729,10.23790592996729
9.3858778870319,-9.3858778870319
9.497819436529857,-9.497819436529857
-10.23790592996729,10.23790592996729
-10.23790592996729,10.23790592996729
-10.23790592996729,10.23790592996729
-9.984986898896564,9.780451620740852
-10.033370651811579,10.033370651811579
-9.850066538074186,9.816695886262607
-9.97644873806387,9.97644873806387
-9.76141179978876,9.76141179978876
9.858758698850938,-9.858758698850938
9.719978872217512,-9.719978872217512
-10.0,10.0
-10.0,10.0
-9.853189612759314,9.853189612759314
-9.921578664503143,9.921578664503143
-10.0,10.0
-10.0,10.0
-10.0,10.0
10.0,-10.0
10.0,-10.0
10.0,-10.0
10.0,-10.0
10.0,-10.0
10.0,-10.0
-10.0,10.0
-10.0,10.0
-10.0,10.0
-10.0,0.0
0.0,0.0
0.0,0.0
0.0,0.0
0.0,10.0
-9.025,10.0
25.0,-10.0
25.0,0.0
10.0,-10.0
25.0,-10.0
24.288157894736848,-10.000000000000002
25.0,-10.0
10.0,-10.0
10.0,-10.0
10.0,-10.0
10.0,-10.0
10.0,-10.0
10.0,-10.0
10.0,-10.0
-25.0,0.0
10.0,-10.0
10.0,-10.0
25.0,-10.0
-15.0,-10.0
-25.0,10.056854684231919
9.939327372546963,-9.939327372546963
9.894017989961046,-9.894017989961046
-24.999999999948482,10.227076921350006
9.585860344607948,-9.585860344607948
9.856091154738033,-9.856091154738033
18.126807884285967,-9.798754261632878
9.968548036015992,-9.968548036015992
-9.979447950089074,9.979447950089074
-10.134582697010611,10.134582697010611
-9.961137735429308,9.961137735429308
25.0,-2.9100277743054903e-11
25.0,-5.717026851925766e-11
25.0,-9.6823347219584
9.682334721958402,-9.682334721958402
9.682334721958402,-9.682334721958402
9.682334721958407,0.0
-10.383863794976694,10.383863794976694
-10.335185927414424,10.335185927414424
-10.350270348164084,10.350270348164084
-10.355784051079107,10.355784051079107
-10.368038407283093,10.368038407283093
0.0,0.0
0.0,-9.59839212950214
9.605898995627514,-9.605898995627514
9.580937119449727,-9.580937119449727
9.525234582308224,-9.525234582308224
-15.545687441064244,-9.454312558892356
-25.0,10.899179165150649
9.370487359836067,-9.370487359836067
-24.999999999973113,10.602964059644531
9.405975510878404,-9.405975510878404
9.328936407717526,-9.328936407717526
9.196920586823605,-9.196920586823605
9.049153853618861,-9.049153853618861
8.92338639111078,-8.92338639111078
-11.300778199586148,11.300778199586148
8.567116356601666,-8.567116356601666
8.510374319837789,-8.510374319837789
-11.494440071855868,11.494440071855868
-11.423071196143315,11.423071196143315
-11.427841407525154,11.427841407525154
8.775711174266236,-8.775711174266236
8.781290516501675,-8.781290516501675
8.92925101193111,-8.92925101193111
8.902329423350489,-8.902329423350489
8.91708754094,-8.91708754094
8.955167182844182,-8.955167182844182
9.15523456918036,-9.15523456918036
9.117669312335211,-9.117669312335211
9.217188620444265,-9.217188620444265
-10.694275296964907,10.694275296964907
-10.170172462770136,10.170172462770136
-10.646001363682128,10.646001363682128
-10.475923888582404,10.475923888582404
-10.439332807612868,10.439332807612868
-10.283921460381976,10.283921460381976
9.997350601372306,-9.997350601372306
10.024521335354216,-10.024521335354216
9.996683103920121,-9.996683103920121
10.0,-10.0
10.0,-10.0
-10.0,10.0
-10.0,10.0
-10.0,10.0
-16.903751095363333,9.999999999999998
-25.0,10.0
-10.0,10.0
-10.0,0.0
10.0,-10.0
10.0,-10.0
10.0,-10.0
0.0,0.0
0.0,0.0
0.0,0.0
0.0,0.0
10.0,-10.0
0.0,0.0
0.0,0.0
1.0803324099722982,10.0
-10.0,10.0
-10.0,10.0
-10.0,10.0
-10.0,10.0
-10.0,10.0
-10.0,10.0
-10.0,10.0
-10.0,10.0
-10.0,10.0
-10.0,10.0
-10.0,10.0
-10.0,10.0
-10.0,10.0
-10.0,10.0
-10.0,10.0
-10.0,10.0
-10.0,10.0
-9.999999999999998,9.999999999999998
25.0,-9.956776542021322
25.0,-1.3901973852464984
25.0,-9.622033803290673
24.999999999989008,-9.848166784665967
-10.05331332899306,10.05331332899306
15.167414349018001,9.832585650981999
0.0,0.0
0.0,0.0
0.0,0.0
0.0,0.0
-9.717689069770662,9.717689069770662
-10.00257508103174,10.00257508103174
-10.138902269211897,10.138902269211897
-10.27070476231447,10.27070476231447
0.0,0.0
-10.333031190492274,10.333031190492274
-10.352064068823939,10.352064068823939
-10.341416613675536,10.341416613675536
-10.263767822211557,10.263767822211557
-10.289097026124754,10.289097026124754
-10.390161382852849,10.390161382852849
0.0,-8.59619041881017
9.524864729983566,-9.524864729983566
9.524864729983562,-9.524864729983562
-10.393028053942592,10.393028053942592
-25.0,10.436281841508109
-13.786915797425346,10.711910184001153
-10.600997404621268,10.600997404621268
-25.0,10.539100787762735
-25.0,10.585170754633051
-25.0,10.704033465551124
-25.0,10.771948703174045
9.069157436515923,-9.069157436515923
8.912711165480665,-8.912711165480665
8.734568574458367,-8.734568574458367
8.63358500458617,-8.63358500458617
8.5710288387869,-8.5710288387869
8.627584687093824,-8.627584687093824
8.585867743232308,-8.585867743232308
-11.365339520394695,11.365339520394695
-11.313782358796438,11.313782358796438
-11.182859053899072,11.182859053899072
-11.365339520394695,9.999999999999998
8.926361619538142,-8.926361619538142
8.884918593609905,-8.884918593609905
8.822967698082554,-8.822967698082554
8.99665691367349,-8.99665691367349
-10.0,10.0
9.338999420455293,-9.338999420455293
9.533815661158114,-9.533815661158114
9.81664034529918,-9.81664034529918
9.500737230551852,-9.500737230551852
9.461174708038827,-9.461174708038827
9.355050127739165,-9.355050127739165
9.54117105192868,-9.54117105192868
-10.0,10.0
-9.939760775981988,9.939760775981988
-10.0,10.0
10.0,-10.0
9.999999999999996,-9.999999999999996
9.999999999999996,-9.999999999999996
9.999999999999996,-9.999999999999996
-10.0,10.0
-10.0,10.0
-10.0,10.0
9.999999999999996,-9.999999999999996
9.999999999999996,-9.999999999999996
-10.0,0.0
0.0,0.0
0.0,10.0
-9.025,0.0
10.0,-10.0
0.0,0.0
10.0,-10.0
25.0,0.0
25.0,-4.736842105263143
25.0,0.0
25.0,0.0
10.0,-10.0
10.0,-10.0
10.0,-10.0
9.999999999999986,-9.999999999999986
10.0,-10.0
10.0,-10.0
10.0,-10.0
10.0,-10.0
10.0,-10.0
9.999999999999998,-9.999999999999998
10.0,-10.0
9.999999999999996,-9.999999999999996
10.0,-10.0
10.0,-10.0
10.0,-10.0
10.0,-10.0
9.929748255029159,-9.929748255029159
9.9141584233463,-9.9141584233463
9.903118527702658,-9.903118527702658
9.765586237693384,-9.765586237693384
9.594582761008951,-9.594582761008951
9.84996839466722,-9.84996839466722
9.91768243672799,-9.919363357162425
9.884891668865585,-9.884891668865585
10.00186251571683,-10.00186251571683
9.986279488590927,-9.986279488590927
10.001862515716827,-10.001862515716827
9.824860579874416,-10.043551689096631
10.2441795342456,-10.2441795342456
10.244179534245598,-9.975771516998412
-10.300365530227866,10.300365530227866
-10.271343483393908,10.271343483393908
-0.30053341541277945,10.276304932411193
0.0,0.0
-10.316009147495693,10.316009147495693
-10.334165993358717,10.334165993358717
-10.35153769196598,10.35153769196598
-10.296654384035065,10.296654384035065
-10.321226211174217,10.321226211174217
-10.322792718801859,10.322792718801859
-10.34026792556824,10.34026792556824
0.0,0.0
-25.0,10.43844920137649
-25.0,10.555307388432594
-25.0,10.920239288647497
-25.0,10.658406564093617
-25.0,10.602594207319877
-10.581810526345551,10.581810526345551
-23.174996649870074,10.664721824094496
9.201817027667783,-9.201817027667783
8.979235354428601,-8.979235354428601
9.610807353092405,-8.784658949704225
8.526260928820621,-8.526260928820621
-11.410320758152325,11.410320758152325
8.362142431064324,-8.362142431064324
-11.410320758152325,11.410320758152325
-11.410320758152325,11.410320758152325
8.52615237148301,-8.52615237148301
8.42670880105136,-8.42670880105136
8.53570352375098,-8.53570352375098
-11.410320758152325,11.410320758152325
8.725640995734352,-8.725640995734352
8.820723338242146,-8.820723338242146
8.924501628410555,-8.924501628410555
-10.979180242645342,10.979180242645342
-10.883557006891422,10.883557006891422
-10.751315235259908,10.751315235259908
-10.660881923850107,10.660881923850107
-10.335279968363867,10.335279968363867
9.392039778236041,-9.392039778236041
9.482772569045244,-9.482772569045244
9.343227791870035,-9.343227791870035
9.482075151265814,-9.482075151265814
-10.152121176294996,10.152121176294996
-9.93409449320436,9.93409449320436
-10.022625763296936,10.022625763296936
-10.0,10.0
10.0,-10.0
-10.0,10.0
-10.0,10.0
-10.0,10.0
-10.0,10.0
-10.0,10.0
-11.410320758152325,0.0
0.0,0.0
0.0,0.0
0.0,0.0
0.0,0.0
0.0,0.0
10.0,-10.0
0.0,0.0
0.0,0.0
15.0,10.0
25.0,0.0
25.0,-4.7368421052631575
25.0,0.0
10.0,-10.0
10.0,-10.0
10.0,-10.0
10.0,-10.0
-10.0,10.0
-10.0,10.0
10.0,-10.0
10.0,-10.0
10.0,-10.0
10.0,-10.0
10.0,-10.0
10.0,-10.0
10.0,-10.0
10.0,-10.0
10.0,-10.0
10.0,-10.0
9.931000811246776,-9.931000811246776
9.944283074672125,-9.944283074672125
9.92025741184532,-9.92025741184532
9.885716272690004,-9.80299242569263
9.654043898731757,-9.654043898731757
9.877567835460603,-9.877567835460603
9.91727615300263,-9.91727615300263
9.883801349261667,-9.97318917777259
10.016320838333282,-10.016320838333282
9.918735365587285,-9.918735365587285
9.952191853433254,-9.952191853433254
10.016320838333286,-10.016320838333286
10.016320838333286,0.0
0.0,0.0
0.0,0.0
0.0,0.0
-10.15766122961028,10.15766122961028
0.0,0.0
-10.361746499732746,10.361746499732746
-25.0,10.347233267300178
5.754107689020451,10.481644923389322
-10.120160349790929,10.120160349790929
-9.999118918352865,9.999118918352865
-22.21276839287283,10.19303261839996
-10.323706620109203,10.323706620109203
-10.28749012506916,10.28749012506916
-25.0,10.4375921033272
-25.0,10.652885287410855
-25.0,10.485122545076791
-25.0,10.52791180822089
-10.325853783263613,10.325853783263613
-10.230540440839734,10.230540440839734
-24.999999999996906,10.231368506112686
-10.315144475678661,10.315144475678661
-10.315144475678661,10.315144475678661
-10.315144475678661,10.315144475678661
-10.315144475678661,10.315144475678661
-10.315144475678661,10.315144475678661
-10.315144475678661,10.315144475678661
-10.315144475678661,10.438012248127112
-10.426032640313387,10.426032640313387
-10.426032640313387,10.426032640313387
-10.426032640313387,10.426032640313387
-10.426032640313387,10.426032640313387
-10.426032640313387,10.426032640313387
-10.426032640313387,10.426032640313387
-10.426032640313387,10.426032640313387
9.32227022981134,-9.32227022981134
-10.426032640313387,10.426032640313387
-10.426032640313387,10.426032640313387
9.652629773733183,-9.652629773733183
9.89404425160622,-9.89404425160622
-10.062214083956327,10.062214083956327
-10.073340579914309,10.073340579914309
-10.122004877809374,10.122004877809374
-9.962380780059704,9.962380780059704
-10.09329840463127,10.09329840463127
-9.91962023411829,9.91962023411829
-9.928865279940087,9.928865279940087
-10.029358685031337,10.029358685031337
-10.0,10.0
-10.0,10.0
10.0,-10.0
-10.0,10.0
-10.0,10.0
-10.0,10.0
-10.426032640313387,10.0
-10.0,10.0
-10.0,0.0
0.0,0.0
0.0,0.0
0.0,0.0
0.0,0.0
0.0,0.0
10.0,-10.0
0.0,0.0
0.0,10.0
-9.025,9.999999999999993
15.0,10.0
25.0,0.0
9.288157894736852,10.0
-10.0,10.0
-10.0,10.0
25.0,-10.0
10.0,-10.0
10.0,-10.0
10.0,-10.0
10.0,-10.0
10.0,-10.0
10.0,-10.0
-10.0,10.0
10.0,-10.0
10.0,-10.0
10.0,-10.0
10.0,-10.0
10.0,-10.0
10.0,-10.0
10.0,-10.0
9.993244184383036,-9.993244184383036
9.816798306555512,-9.816798306555512
9.653465925581067,-9.653465925581067
-10.225974090039582,10.161608109324005
9.981327506783318,-9.981327506783318
9.966511008067476,-9.966511008067476
9.986423390177993,-9.986423390177993
9.927299403459758,-9.927299403459758
9.9218431349501,-9.9218431349501
9.97155608410356,-9.97155608410356
10.07131964622224,-10.07131964622224
10.071319646222246,-9.949818108393947
9.94981810839394,-9.809015454626504
9.809015454626516,-9.809015454626516
9.809015454626506,1.7763568394002505e-15
0.0,0.0
0.0,0.0
-10.330880240453993,10.330880240453993
0.0,0.0
-10.39064357939899,10.39064357939899
-10.415360570419834,10.415360570419834
-10.410397227960612,10.410397227960612
-10.339677171684494,10.339677171684494
-10.462085668199691,10.462085668199691
-25.0,10.443316609444325
-24.999999999969425,10.502513178103408
-10.529711840353858,10.529711840353858
-24.99999999998323,10.618744004731683
-24.999999999999996,10.4914390673723
-24.999999999993406,10.33799074606762
-22.394003605773282,10.68662894728365
-10.68662894728365,0.0
9.388374074649679,-9.388374074649679
0.0,0.0
9.11867977918125,-9.11867977918125
9.044743396204696,-9.044743396204696
0.0,0.0
8.915388492376904,-8.915388492376904
0.0,0.0
8.769216037281517,-8.769216037281517
8.904275881659778,-8.904275881659778
8.957516313138337,-8.957516313138337
9.003923943820416,-9.003923943820416
9.160466780394362,-9.160466780394362
9.130662110893894,-9.130662110893894
20.298449034631915,-9.26585765194417
9.307331604090683,-9.307331604090683
9.344869721601428,-9.344869721601428
9.450625396297397,-9.450625396297397
9.599346424237432,-9.599346424237432
9.78854166698224,-9.78854166698224
9.737350570824777,-9.737350570824777
9.776482966444878,-9.776482966444878
9.548039196974614,-9.548039196974614
9.69094246678221,-9.69094246678221
-9.95691372287569,9.95691372287569
-9.85431818304605,9.85431818304605
-9.956913722875687,9.956913722875687
25.0,-6.711261742798548
25.0,-10.0
10.0,-10.0
10.0,-10.0
-10.0,10.0
-10.000000000000004,10.000000000000004
-25.0,10.0
-25.0,10.0
-10.0,0.0
10.0,-10.0
0.0,0.0
0.0,0.0
0.0,0.0
0.0,0.0
0.0,0.0
0.0,0.0
10.0,-10.0
15.0,10.0
15.0,10.0
-10.0,10.0
-10.0,10.0
25.0,-9.861454568190819
25.0,-10.0
25.0,-10.0
9.999999999999996,-9.999999999999996
10.0,-10.0
9.999999999999996,-9.999999999999996
-10.0,10.0
-10.0,10.0
-10.0,10.0
-10.0,10.0
-10.0,10.0
-10.0,10.0
10.0,-10.0
10.0,-10.0
9.999999999999996,-9.999999999999996
10.0,-10.0
10.0,-10.0
9.995733437701174,-9.995733437701174
9.800249922974782,-9.800249922974782
9.576314399305295,-9.576314399305295
-10.127387459870391,10.127387459870391
9.995545046700357,-9.995545046700357
9.882972034317044,-9.882972034317044
10.100908463342105,-10.100908463342105
10.122612357096887,-10.122612357096887
10.12461246292767,-10.12461246292767
10.124612462927661,-10.232613759758673
9.765558437626641,-9.765558437626641
10.244281489887221,-9.897552799511967
9.897552799511965,-9.850548103473015
9.850548103473022,-9.796129951110824
-0.6358020231250361,10.43193197423586
-10.114865023845756,10.114865023845756
-10.26857400899016,10.26857400899016
-10.26761908310756,10.26761908310756
-10.392083857564286,10.392083857564286
-10.161824908425576,10.161824908425576
-10.202701795215216,10.202701795215216
-25.0,0.0
-10.34940567634705,10.34940567634705
-25.0,10.333445223128756
-25.0,10.407469966728941
-25.0,10.494327197470646
-11.79292667653681,10.55768428920846
9.441733792970151,-9.441733792970151
-25.0,0.0
9.505575605843354,-9.505575605843354
9.474174764791597,-9.474174764791597
0.0,0.0
9.464302358541962,-9.464302358541962
9.468457832442205,-9.468457832442205
0.0,0.0
9.426639273863504,-9.426639273863504
9.313271331441104,-9.313271331441104
9.130633709264867,-9.130633709264867
9.213411203783734,-9.213411203783734
9.053716417535151,-9.053716417535151
0.0,0.0
0.0,0.0
0.0,0.0
9.241643685330752,-9.241643685330752
9.461754416844625,-9.461754416844625
9.025451747475234,-9.025451747475234
9.122391556521363,-9.122391556521363
9.210264934434901,-9.210264934434901
9.40381824936701,-9.40381824936701
9.789612723970198,-9.789612723970198
10.31656077024612,-10.31656077024612
9.98044831857812,-9.98044831857812
10.184689482086576,-10.184689482086576
9.361626682727094,-9.361626682727094
9.900629958230166,-9.900629958230166
10.086980304467483,-10.086980304467483
10.05909479615507,-10.05909479615507
9.958154952957562,-9.958154952957562
9.999999999999998,-9.999999999999998
10.0,-10.0
9.999999999999996,-9.999999999999996
0.0,0.0
0.0,0.0
9.999999999999996,-9.999999999999996
10.0,-10.0
9.999999999999996,-9.999999999999996
10.0,-10.0
10.0,-10.0
0.0,0.0
10.0,-10.0
0.0,0.0
0.0,0.0
0.0,0.0
0.0,0.0
0.0,10.0
-9.025,10.0
15.0,10.0
15.0,10.0
-5.711842105263157,10.0
10.0,-10.0
25.0,-10.0
25.0,-10.0
10.0,-10.0
10.0,-10.0
10.0,-10.0
-10.0,10.0
-9.999999999999998,9.999999999999998
10.0,-10.0
10.0,-10.0
10.0,-10.0
-10.000000000000004,10.000000000000004
-10.0,10.0
-10.0,10.0
10.0,-10.0
10.0,-10.0
10.0,-10.0
10.0,-9.993461005057021
-10.225180658975354,10.225180658975354
-10.432799999022984,10.432799999022984
-10.126273642652066,10.126273642652066
-10.03291117656866,10.03291117656866
-9.970384674693042,9.970384674693042
-25.0,9.860910280036528
-14.485700145823266,-10.514299854176734
-25.0,10.137737802421807
-24.999999999945665,9.978171770224812
-10.579621707468574,10.579621707468574
24.9999999999663,-2.7037552133202176
-9.972283165806639,9.972283165806639
24.99999999998216,-1.5873524716880638e-11
25.0,-9.877679232961118
24.99999999999212,-9.780048317608676
9.942955012526506,-9.942955012526506
-24.999999999987782,3.9396041984218755e-11
14.542155010587622,10.457844989412378
2.556473118299314,10.087312919100752
-10.174175199020944,10.174175199020944
-10.095408014520629,10.095408014520629
-10.2458571238001,10.2458571238001
-10.21546864303631,10.21546864303631
0.0,-9.775364573408543
-24.99999999995555,-5.353939513952355e-12
-24.99999999999359,4.498343919874326
-24.999999999994994,10.27702065346266
-24.999999999978968,10.33280397746006
-10.329956240789665,10.329956240789665
-10.332803977460053,10.332803977460053
9.857753281183399,-9.857753281183399
9.61188984591018,-9.61188984591018
9.623110382817606,-9.623110382817606
9.576900301244088,-9.576900301244088
9.207883615627853,-9.207883615627853
9.411445033481607,-9.411445033481607
9.54471557523119,-9.54471557523119
9.588961526370698,-9.588961526370698
9.517361650742064,-9.517361650742064
9.249960944604352,-9.249960944604352
9.13402928180182,-9.13402928180182
9.193128653774902,-9.193128653774902
8.990883809213356,-8.990883809213356
9.154475930111696,-9.154475930111696
9.263911193634884,-9.263911193634884
-10.332803977460053,10.332803977460053
-10.332803977460053,10.332803977460053
-10.332803977460053,10.332803977460053
-10.32106842434629,10.32106842434629
-0.48334397195240797,-9.849460005507645
9.824714612857774,-9.824714612857774
0.0,0.0
0.0,0.0
9.822162884276565,-9.822162884276565
10.024977339286922,-10.024977339286922
10.21063310790771,-10.21063310790771
10.093649993130592,-10.093649993130592
10.0,-10.0
10.0,-10.0
10.0,-10.0
10.0,-10.0
10.0,-10.0
10.0,-10.0
10.0,-10.0
10.0,-10.0
10.0,-10.0
10.0,-10.0
0.0,0.0
0.0,0.0
0.0,0.0
0.0,0.0
0.0,0.0
0.0,0.0
0.0,10.0
-9.025,10.0
9.288157894736845,10.0
15.0,10.0
-10.0,10.0
15.0,10.0
-10.0,10.0
25.0,0.0
-10.0,10.0
-10.000000000000004,10.000000000000004
-10.0,10.0
-10.0,10.0
-9.999999999999998,9.999999999999998
-10.0,10.0
-10.0,10.0
-10.0,10.0
-10.0,10.0
-10.0,10.0
0.0,0.0
0.0,0.0
0.0,0.0
0.0,0.0
-10.00610684887174,10.00610684887174
0.0,0.0
-10.359259779324644,10.359259779324644
0.0,0.0
0.0,0.0
-9.991181294187257,9.991181294187257
-10.032831652007387,10.032831652007387
0.0,0.0
0.0,0.0
0.0,0.0
-10.164964235153976,10.164964235153976
0.0,0.0
-17.86401548062979,10.139864137714934
-25.0,10.161651342914856
25.0,0.0
-10.148610577160484,10.148610577160484
0.0,0.0
0.0,0.0
-10.447932189734795,10.447932189734795
-10.313440377937068,10.313440377937068
-10.210384120293243,10.210384120293243
-24.999999999951985,-4.801137265530997e-11
-10.315943508175273,10.315943508175273
-10.236219504350421,10.236219504350421
-24.999999999955875,10.239443404818592
-25.0,1.9113599591946695e-11
-10.508076110508746,10.508076110508746
-10.058350831261404,10.058350831261404
-10.124262807316986,10.124262807316986
-15.618807119526105,10.416086389828287
-25.0,10.476464466254878
-10.5131871414389,10.5131871414389
-10.50274733375605,10.50274733375605
9.571337999986065,-9.571337999986065
9.488753005397268,-9.488753005397268
9.620717703358949,-9.620717703358949
9.493617257728552,-9.493617257728552
9.391733671789867,-9.391733671789867
9.563882256792935,-9.563882256792935
24.999999999985995,-9.036604120473
9.297766566581851,-9.297766566581851
24.99999999997594,-9.608649535611903
9.915116998049301,-9.915116998049301
11.684650536594082,-9.486606473390173
9.55313949840047,-9.55313949840047
25.0,-9.259922973772243
9.335708618372081,-9.335708618372081
9.522126181798093,-9.522126181798093
-10.352967240626983,10.352967240626983
9.835625887582465,-9.835625887582465
-9.447289782755057,9.447289782755057
10.246498369468789,-10.246498369468789
9.44777387274313,-9.44777387274313
9.62652488977391,-9.62652488977391
9.932630862588526,-9.932630862588526
10.264070930708002,-10.264070930708002
10.045127979507606,-10.045127979507606
-9.917428220058044,9.917428220058044
-10.0,10.0
-10.0,10.0
-10.0,10.0
-10.0,10.0
-10.0,10.0
-25.0,10.0
-25.0,10.0
-10.0,10.0
-25.0,0.0
10.0,-10.0
0.0,0.0
0.0,0.0
0.0,0.0
0.0,0.0
0.0,0.0
0.0,0.0
1.0803324099722982,10.0
-10.0,10.0
-10.0,10.0
-1.7590027700831055,10.0
-10.0,10.0
10.0,-10.0
-9.999999999999998,9.999999999999998
15.0,10.0
10.0,-10.0
10.0,-10.0
-25.0,10.0
-9.999999999999998,9.999999999999998
-10.000000000000004,10.000000000000004
-25.0,10.0
-10.0,10.0
-10.0,10.0
-10.0,10.0
-10.0,10.0
-10.0,10.0
-10.0,10.0
-10.0,10.0
-9.992086108901937,10.0
-10.007142286716002,10.007142286716002
-10.000000000000002,10.186527974758855
8.65761745837993,10.330766160577413
-10.178472838853146,10.178472838853146
-10.078098799497223,10.078098799497223
14.973405976829032,10.026594023125842
15.088590361255045,9.911409638740368
25.0,-10.362185778261692
-8.233568358571603,10.022394368913776
-24.999999999992784,10.174957190540143
25.0,-3.518607627484016e-11
-10.23248689911384,10.232486899149025
-9.994448428246274,9.994448428246274
-10.242352362778226,10.242352362778226
-10.16054746626669,10.16054746626669
-10.15451496026145,10.15451496026145
-9.995944247375007,9.995944247375007
-10.181244048911996,10.181244048911996
-10.381196566437445,10.381196566437445
-10.16338636687472,10.16338636687472
-10.079995397168881,10.079995397168881
-25.0,10.27177708159705
-10.652347549901286,10.652347549901286
9.501897279310757,-9.501897279310757
5.134160459398112,-9.65704464917853
-25.0,0.0
-24.9999999999698,6.689759857181343e-12
-24.99999999997592,10.254874956589688
9.89310889129028,-9.89310889129028
-10.06887836842058,10.06887836842058
9.773087393907923,-9.773087393907923
9.762914561537924,-9.762914561537924
9.405375920932286,-9.405375920932286
9.234831712395563,-9.234831712395563
9.165615680163224,-9.165615680163224
-11.003767848467284,11.003767848467284
-10.852061493742905,10.852061493742905
-2.0414106742130826,10.678723827204589
-10.747236130184382,10.747236130184382
14.372433186949989,10.627566813001957
25.0,0.0
24.999999999945736,5.426414872999885e-11
9.433304189475079,-9.433304189475079
9.433304189475066,-9.433304189475066
-10.783869813597455,10.783869813597455
8.948805849089547,-8.948805849089547
-10.187454538459138,10.187454538459138
-10.822088939057528,10.822088939057528
-10.041822976609883,10.041822976609883
-10.864412415485589,10.864412415485589
-9.484390515178792,9.484390515178792
-10.175311264182005,10.175311264182005
-10.072305182749462,10.072305182749462
9.433304189475065,-9.433304189475065
-10.024553523867112,10.024553523867112
-10.091759825272167,10.091759825272167
-9.928409354900799,9.928409354900799
-9.960402429087821,9.960402429087821
-10.0,10.0
-10.0,10.0
-10.0,10.0
-10.0,10.0
-10.0,10.0
-16.486442968998762,10.0
-25.0,10.0
-25.0,10.0
-25.0,0.0
-10.0,10.0
-25.0,10.0
-10.0,0.0
0.0,0.0
0.0,0.0
10.0,-10.0
10.0,-10.0
21.080332409972307,-9.999999999999998
-10.0,10.0
-10.0,10.0
-10.0,10.0
-10.000000000000009,10.000000000000009
-10.0,10.0
-10.0,10.0
6.624803208174232,10.0
-25.0,10.0
-10.0,10.0
-10.0,10.0
10.0,-10.0
-10.0,10.0
-10.0,10.0
-10.0,10.0
10.0,-10.0
10.0,-10.0
-10.0,10.0
-10.0,10.0
-10.0,10.0
-10.0,10.0
-10.0,10.0
-10.00388489537725,10.00388489537725
-5.9603086576445135,10.170953053931235
-10.354823484317407,10.354823484317407
-10.144683578587081,10.144683578587081
14.967801073172595,10.032198926827405
24.999999999981032,4.657607632907457e-12
25.0,-10.032123504723657
25.0,-9.983585751864588
9.983585751864585,-9.928807214387412
9.928807214387405,-9.928807214387405
-25.0,3.7434772986288536
-25.0,10.092271212381476
-10.030574669220742,10.030574669220742
-10.23223696481359,10.23223696481359
14.624381513503371,10.375618486496629
24.999999999971536,0.0
-10.102806323308393,10.102806323308393
-10.17257839632234,10.17257839632234
0.0,0.0
-10.316729917725656,10.316729917725656
-10.267971263307487,10.267971263307487
-25.0,10.298833104555056
-10.439884430363296,10.439884430363296
-10.379356140876524,10.379356140876524
-25.0,10.469555927780995
-25.0,10.48837169143743
-25.0,10.929816317955252
-25.0,10.491970493408754
-22.516923331557038,10.434315186484849
-10.376470535367426,10.376470535367426
-10.471927779378365,10.471927779378365
-10.595939390065299,10.595939390065299
-10.595939390065299,10.595939390065299
8.952528987081273,-8.952528987081273
8.704282339559073,-8.704282339559073
8.636813954232831,-8.636813954232831
8.591217347846289,-8.591217347846289
9.179491035959984,-8.442185795428898
-11.261357369644605,11.261357369644605
-11.261357369644605,11.261357369644605
-11.2613573696446,11.2613573696446
-11.219190417749841,11.219190417749841
-11.114404816471957,11.114404816471957
-11.147341870080396,11.147341870080396
8.907665773870926,-8.907665773870926
-11.032222493868026,11.032222493868026
9.031806769756757,-9.031806769756757
9.184290066821841,-9.184290066821841
9.125195112879936,-9.125195112879936
9.411364877773021,-9.411364877773021
9.776081556754633,-9.776081556754633
9.502395254539692,-9.502395254539692
-10.565128671749978,10.565128671749978
-10.584875377691173,10.584875377691173
-10.32476757874017,10.32476757874017
-10.08232827541976,10.08232827541976
-9.912402038994603,9.912402038994603
-9.95042040043949,9.95042040043949
-10.0,10.0
-10.0,10.0
-10.0,10.0
-10.0,10.0
-10.0,10.0
-10.0,10.0
-11.261357369644605,10.0
-10.0,10.0
-10.0,10.0
-10.0,10.0
-10.0,10.0
-10.0,10.0
-10.0,10.0
-10.0,10.0
-10.0,0.0
0.0,0.0
0.0,0.0
0.0,0.0
0.0,10.0
-8.919667590027702,10.0
-9.999999999999998,9.999999999999998
-10.0,10.0
-10.0,10.0
15.0,10.0
-10.0,10.0
-10.0,10.0
-10.0,10.0
-10.0,10.0
10.0,-10.0
10.0,-10.0
-10.0,10.0
-10.0,10.0
10.0,-10.0
10.0,-10.0
10.0,-10.0
10.0,-10.0
10.0,-10.0
16.1369160585366,-10.0
9.99460511364818,-9.99460511364818
9.798728779060168,-9.798728779060168
9.601983909959616,-9.601983909959616
-10.202135340502965,10.202135340502965
-10.052759497227042,10.052759497227042
-10.036682281756075,10.036682281756075
14.993965600552825,10.006034399447175
24.9999999999959,-9.97459442726209
-10.002139589386667,10.002139589386667
-25.0,9.833705937460273
25.0,-10.174738182422985
24.99999999995005,3.552713678800501e-15
-10.331589018885039,10.331589018885039
-10.27305452375593,10.27305452375593
-10.283284159383983,10.283284159383983
-10.370296652364365,10.370296652364365
-10.316286852312842,10.316286852312842
-10.32551296371529,10.32551296371529
-10.534027625671277,10.534027625671277
-10.393156807994181,10.393156807994181
0.0,0.0
0.0,-9.55152944160832
-10.500545260785525,10.500545260785525
9.410547542004368,-9.410547542004368
9.345289434563705,-9.345289434563705
-25.0,0.0
-11.05000822511177,11.05000822511177
-10.9220948617439,10.9220948617439
-10.918061830422124,10.918061830422124
-10.862387063762341,10.862387063762341
-11.066898989467516,11.066898989467516
-11.11487375892455,11.11487375892455
-11.147437173324459,11.147437173324459
-11.389518773905964,11.389518773905964
-11.565178431404032,11.565178431404032
8.329945713252508,-8.329945713252508
8.337245563059648,-8.337245563059648
8.253627380321596,-8.253627380321596
8.31352894052785,-8.31352894052785
8.427781120333938,-8.427781120333938
-11.49460038327304,11.49460038327304
8.585080071387308,-8.585080071387308
-25.0,11.446486130260121
-25.0,11.365732094022569
-11.314176194718943,11.314176194718943
-19.501686602338122,11.240997819663741
-25.0,11.169522280055517
-11.169522280055517,11.02620261080902
-11.02620261080902,10.871937584883005
-10.68262999791671,10.68262999791671
-10.46554688005708,10.362707737088469
-10.550903242491543,10.550903242491543
-10.676994799144184,10.676994799144184
-10.769098441914402,10.769098441914402
-10.534569465638368,10.534569465638368
-10.219021529040702,10.219021529040702
-9.892425911005601,9.892425911005605
-9.952656969555271,9.952656969555271
-10.0,10.0
10.0,-10.0
-10.0,10.0
-10.769098441914396,10.0
-10.0,10.0
-10.0,10.0
-10.0,10.0
-10.0,10.0
-10.0,10.0
-10.0,10.0
-10.0,10.0
-10.0,10.0
-10.0,10.0
-10.0,0.0
10.0,-10.0
10.0,-10.0
10.0,-10.0
10.0,-10.0
25.0,-10.0
10.0,-10.0
10.0,-10.0
-10.0,10.0
-10.0,10.0
25.0,0.0
25.0,0.0
25.0,-10.0
25.0,-10.0
10.263157894736842,-10.0
10.0,-10.0
10.0,-10.0
10.0,-10.0
10.0,-10.0
10.0,-10.0
10.0,-10.0
10.0,-10.0
10.0,-10.0
10.0,-10.0
10.0,-10.0
9.99874047750934,-9.99874047750934
-10.189777416969793,10.189777416969793
-10.392880049898002,10.392880049898002
-10.16317745711455,10.16317745711455
9.968948498985267,-9.968948498985267
-10.000843212808434,10.000843212808434
-0.008942726259499878,10.0089427262595
0.0,0.0
-10.033725356600756,10.033725356600756
-10.00750560383075,10.00750560383075
-9.990120019982632,9.990120019982632
-10.126357585244525,10.126357585244525
-10.160953925135424,10.160953925135424
-10.20614659724248,10.20614659724248
0.0,0.0
-10.33249597757195,10.33249597757195
-10.404719426744549,10.404719426744549
-10.464476454216419,10.464476454216419
-10.54592349020222,10.54592349020222
-10.540230541450677,10.540230541450677
-10.586003869084497,10.586003869084497
-10.586209623108111,10.586209623108111
-10.631916049126893,10.631916049126893
-10.610185647185018,10.610185647185018
-24.999999999969788,10.61139240084499
-24.999999999962903,10.620859610520508
-24.99999999996914,10.818781095996897
-25.0,10.72430717949759
-24.999999999951044,10.740434255606178
-10.729332374393355,10.729332374393355
-23.189851333145395,10.929613088520886
-10.98436259322172,10.98436259322172
-11.03872457347317,11.03872457347317
-11.255536297988781,11.255536297988781
-11.255536297988781,11.255536297988781
8.542333726260404,-8.542333726260404
8.599008230261928,-8.599008230261928
-11.255536297988781,11.255536297988781
-11.255536297988781,11.255536297988781
-11.255536297988781,11.255536297988781
8.585647472820526,-8.585647472820526
13.606251907958322,11.393748092041678
-11.338196399107668,11.338196399107668
-11.249547972295359,11.249547972295359
-11.231460552636623,11.231460552636623
-1.5669114073695474,11.117563708767022
-11.008175781292206,11.008175781292206
-10.879399639549245,10.879399639549245
-10.740314337616955,10.740314337616955
-10.574503733917988,10.574503733917988
-10.23764274153831,10.23764274153831
-10.456808645526563,10.456808645526563
-10.426292673005811,10.426292673005811
14.498595116575936,10.501404883424064
9.512559093060501,-9.512559093060501
-10.126680732668115,10.126680732668115
-9.917558985891686,9.917558985891686
-9.97232791809571,9.97232791809571
-10.0,10.0
-10.0,10.0
-10.0,10.0
-10.0,10.0
-10.0,10.0
-10.0,10.0
-25.0,10.0
-25.0,10.0
-25.0,0.0
-10.0,10.0
-10.0,10.0
-10.0,10.0
-10.0,10.0
-10.0,0.0
10.0,-10.0
10.0,-10.0
0.0,0.0
0.0,0.0
1.0803324099722982,10.0
-10.0,10.0
-10.0,10.0
-10.0,10.0
10.0,-10.0
10.0,-10.0
10.0,-10.0
10.0,-10.0
-10.000000000000004,10.000000000000004
-10.0,10.0
-10.0,10.0
-10.0,10.0
-10.0,10.0
-10.0,10.0
25.0,-10.0
25.0,0.0
10.0,-10.0
25.0,0.0
9.182825484764543,10.0
10.0,-10.0
10.0,-10.0
9.874797917281404,-9.874797917281404
9.699291441208219,-9.676435072462276
9.833336242922439,-9.833336242922439
9.962991415083774,-9.962991415083774
9.977143631254057,-9.977143631254057
9.750082074396413,-9.750082074396413
9.977143631254052,-9.977143631254052
9.867799252943746,-9.867799252943746
-23.350333349876408,9.792205477126664
9.835266764762105,-9.835266764762105
-10.082669568328564,10.082669568328564
-10.06430065696881,10.06430065696881
-10.147225208811298,10.147225208811298
24.999999999951836,-9.63749927922977
9.637499279229774,-9.629702085341014
9.629702085341007,-9.629702085341007
9.54994399956133,-9.54994399956133
-0.7226560981301837,10.352358183471189
-10.487927363729993,10.487927363729993
-10.364900342849317,10.364900342849317
-19.130824106843235,10.521315056518988
9.357088102408648,-9.357088102408648
9.539622216425764,-9.539622216425764
-15.523583399957015,-9.476416600042757
-24.999999999985715,-9.745093620949774e-12
-24.999999999956618,10.579578789451379
-21.83889586879517,10.602950174403675
-10.611527466369697,10.611527466369697
-10.670051231994504,10.670051231994504
-10.734124044783792,10.734124044783792
-10.734124044783792,10.734124044783792
-1.5091931402668877,-9.224930904516905
9.054829130245679,-9.054829130245679
9.20941099212217,-9.20941099212217
9.13958968961791,-9.13958968961791
8.907591929635455,-8.907591929635455
8.875556785535437,-8.875556785535437
8.938716328164693,-8.938716328164693
8.868967607601274,-8.868967607601274
8.726806724819067,-8.726806724819067
8.89612208953991,-8.89612208953991
0.0,0.0
9.055724097133671,-9.055724097133671
0.0,0.0
9.319811911032259,-9.319811911032259
0.0,0.0
9.518517281469787,-9.518517281469787
9.459029122752698,-9.459029122752698
20.681227038565332,-9.600894628593034
-10.0,10.0
9.848442596041181,-9.848442596041181
9.89503294387,-9.89503294387
9.76475688054078,-9.76475688054078
9.692301169157478,-9.692301169157478
-10.0,10.0
10.037987494396674,-10.037987494396674
10.010221036245932,-10.010221036245932
-10.000000000000004,10.000000000000004
-10.0,10.0
-10.0,10.0
-10.0,10.0
-10.0,10.0
-10.0,10.0
-10.0,10.0
-10.000000000000004,10.000000000000004
-10.0,0.0
10.0,-10.0
10.0,-10.0
0.0,0.0
0.0,0.0
0.0,0.0
0.0,0.0
0.0,0.0
0.0,0.0
0.0,10.0
25.0,0.0
25.0,0.0
10.0,-10.0
10.0,-10.0
-10.0,10.0
25.0,-10.0
25.0,-10.0
15.263157894736842,-10.0
10.0,-10.0
10.0,-10.0
-10.0,10.0
-10.0,10.0
-10.0,10.0
10.0,-10.0
10.0,-10.0
10.0,-10.0
10.0,-10.0
10.0,-10.0
10.0,-10.0
10.0,-10.0
10.0,-10.0
9.940639515480894,-9.940639515480894
-10.333966274681268,10.333966274681268
9.739827271769306,-9.739827271769306
9.947215730240973,-9.947215730240973
10.0,-10.0
10.0,-10.0
10.0,-10.0
-10.191958405675438,10.191958405675438
-9.920643323910557,9.920643323910557
9.859448542862632,-9.74560597766183
9.8861574347992,-9.8861574347992
9.790096813958272,-9.790096813958272
9.804339284194121,-9.804339284194121
9.8861574347992,-9.787069831451356
9.787069831451358,-9.685851474779204
9.685851474779199,-9.685851474779199
-24.152420612145228,10.331401568133458
25.0,0.0
-10.273213572878477,10.273213572878477
-25.0,10.455110228110774
-25.0,10.293136368919638
12.343136480798805,10.626175133179657
-10.634031654915713,10.634031654915713
9.442603513965677,-9.442603513965677
9.44260351396568,-9.38875654992057
-25.0,7.558834216889064
-25.0,10.540004590713089
-25.0,10.177828279661071
-25.0,10.563752139463153
-25.0,10.235465914460255
-10.305648233226805,10.305648233226805
-10.60253235488333,10.60253235488333
-10.60253235488333,0.0
9.56605214125057,-9.56605214125057
9.136627084136785,-9.136627084136785
0.0,0.0
8.972084455387025,-8.972084455387025
9.427876322594436,-9.427876322594436
9.154696200523478,-9.154696200523478
20.614122825237942,-9.533790415265644
9.576283670320555,-9.576283670320555
9.66091295105195,-9.66091295105195
-10.0,10.0
9.008552778204432,-9.008552778204432
9.465005456647196,-9.465005456647196
9.993162781172341,-9.993162781172341
9.700759174281586,-9.700759174281586
9.573890359714584,-9.573890359714584
9.874566414419807,-9.874566414419807
10.073047727561677,-10.073047727561677
9.987305734119753,-9.987305734119753
-9.946437052245162,9.946437052245162
10.117293678701182,-10.117293678701182
9.738272992620828,-9.738272992620828
9.798717970662455,-9.798717970662455
10.033494908938572,-10.033494908938572
10.021602180420832,-10.021602180420832
10.0,-10.0
10.0,-10.0
10.0,-10.0
10.0,-10.0
-10.0,10.0
10.0,-10.0
10.0,-10.0
-10.0,10.0
10.0,-10.0
10.0,-10.0
10.0,-10.0
-10.0,10.0
-10.0,0.0
0.0,0.0
0.0,0.0
0.0,0.0
0.0,10.0
-9.025,9.999999999999995
-9.904937499999992,10.0
15.0,10.0
15.0,10.0
25.0,-10.0
25.0,-5.514749354839552
-10.0,10.0
-10.0,10.0
9.707844749576395,-9.707844749576395
9.707844749576395,-9.707844749576395
9.707844749576395,-9.707844749576395
9.707844749576395,-9.707844749576395
9.707844749576395,-9.707844749576395
-10.0,10.0
-10.0,10.0
-10.0,10.0
9.707844749576395,-9.707844749576395
9.707844749576395,-9.707844749576395
9.707844749576395,-9.707844749576395
-10.0,10.0
9.707844749576395,-9.707844749576395
-10.0,10.0
9.707844749576395,-9.707844749576395
9.707844749576399,-9.707844749576399
9.707844749576395,-9.707844749576395
-9.972394878880813,9.972394878880813
-10.106646943849658,9.860736714525812
-9.847434653784394,9.847434653784394
9.980321457968468,-9.980321457968468
9.815781353807953,-9.815781353807953
9.557921409675595,-9.619886482349434
9.610600411952374,-9.610600411952374
10.048980818271886,-10.048980818271886
9.715113357591603,-9.715113357591603
-3.5999036316940902,-10.150681371490174
24.999999999999154,-9.615317606960028
9.900403691918921,-9.900403691918921
-9.31574084198965,10.180308688596055
-10.264313133488868,10.264313133488868
-10.252754301622375,10.252754301622375
9.035835845312523,-9.035835845312523
-10.3934812177124,10.3934812177124
-24.999999999994042,10.5923418503886
25.0,-9.606622290446719
9.505328196097166,-9.505328196097166
-11.659958795861002,-9.672527955029185
-24.999999999975778,-2.4222401862061815e-11
-10.580810789003815,10.580810789003815
-24.999999999996078,10.343716514479377
-24.999999999943153,9.896166168868158
-10.237419315389962,10.237419315389962
-10.237419315389962,10.237419315389962
-10.237419315389962,10.237419315389962
-10.237419315389962,10.237419315389962
-10.22758414683173,10.22758414683173
-10.237419315389962,10.237419315389962
9.594764294754478,-9.594764294754478
-10.214817299010635,10.214817299010635
-10.237419315389962,10.237419315389962
-10.237419315389962,10.237419315389962
-10.237419315389962,10.237419315389962
-10.237419315389962,10.237419315389962
-9.811782935933486,10.31421605798315
-10.433779973564523,10.433779973564523
9.294279477684702,-9.294279477684702
-10.669026248760302,10.669026248760302
-10.643707143204093,10.643707143204093
-10.437404021428312,10.437404021428312
-10.690865208039785,10.690865208039785
-10.236794479551381,10.236794479551381
14.977694622857166,10.022305377142834
-9.988779463092577,9.988779463092577
-9.816531787961566,9.816531787961566
10.010148217624845,-10.010148217624845
24.99999999998108,-9.96740723725009
9.954226672366179,-9.954226672366179
10.034175837994482,-10.034175837994482
9.976936772722642,-9.976936772722642
-9.949528293437755,9.949528293437755
-10.0,10.0
-10.0,10.0
-10.000000000000004,10.000000000000004
-10.0,10.0
-10.000000000000004,10.000000000000004
-10.0,10.0
-25.0,10.0
-25.0,10.0
-16.820280176404502,0.0
10.0,-10.0
0.0,0.0
0.0,0.0
0.0,0.0
0.0,0.0
10.0,-10.0
0.0,0.0
0.0,10.0
-9.025,10.0
-9.9049375,10.0
-9.99073140625,10.0
-5.816173199013154,10.000000000000004
15.0,10.0
25.0,0.0
25.0,-10.0
25.0,-10.0
10.0,-10.0
10.0,-10.0
10.0,-10.0
10.0,-10.0
10.0,-10.0
10.0,-10.0
10.0,-10.0
10.0,-10.0
10.0,-10.0
10.0,-10.0
10.0,-10.0
10.0,-10.0
10.0,-10.0
10.0,-10.0
-10.093434298536819,10.093434298536819
-10.284131099906226,10.284131099906226
-10.191476603596367,10.191476603596367
-10.12901361091899,10.12901361091899
-24.999999999994902,9.726344939576986
-9.870800042837232,9.870800042837232
-10.482920156532611,10.482920156532611
-25.0,9.910718532434055
-25.0,10.763739370090745
15.027305326098263,9.972694673853868
14.83718292800043,10.16281707199957
-9.816189074971312,9.816189074971312
-10.010242258574284,10.010242258574284
-10.085362042760282,10.085362042760282
-10.12262876692699,10.12262876692699
-10.261835249143129,10.261835249143129
-24.999999999942865,10.561863115559234
14.61213473106712,10.38786526893288
-9.958068269211562,10.37339684795944
-10.38821744913281,10.38821744913281
-25.0,10.246307762980654
-10.237804946397416,10.237804946397416
-22.017223808253334,10.418305503776232
-25.0,10.365068228034234
-24.999999999955463,10.558511092186787
-24.999999999960398,10.452246081610278
-25.0,10.568526137728869
-10.591740998147861,10.591740998147861
-10.591740998147863,10.591740998147863
-10.591740998147863,10.55866382983622
9.732157490744097,-9.732157490744097
-10.55866382983622,0.0
0.0,0.0
9.687611113484223,-9.687611113484223
9.601950538045509,-9.601950538045509
9.614158189348435,-9.614158189348435
9.38769874702616,-9.38769874702616
9.151791029447716,-9.151791029447716
9.068031469711846,-9.068031469711846
25.0,-9.254573369158258
9.30636910444034,-9.30636910444034
9.408291190365036,-9.408291190365036
9.297680099400148,-9.297680099400148
-10.408540392569591,10.408540392569591
9.256259794775133,-9.256259794775133
-10.606519312451343,10.606519312451343
-10.593559333552871,10.593559333552871
9.613779500961416,-9.613779500961416
9.63951011456485,-9.63951011456485
-10.130493493578102,10.130493493578102
9.835834797342638,-9.835834797342638
9.959730908071526,-9.959730908071526
9.793725279853243,-9.793725279853243
-10.11136531200237,10.11136531200237
-9.97317213679517,9.97317213679517
-9.94484585097895,9.94484585097895
21.97491816722548,-10.019513773136472
-10.000000000000004,10.000000000000004
10.0,-10.0
10.0,-10.0
10.0,-10.0
-10.0,10.0
-10.0,10.0
-10.000000000000004,10.000000000000004
-25.0,0.0
10.0,-10.0
10.0,-10.0
10.0,-10.0
0.0,0.0
0.0,0.0
10.0,-10.0
0.0,0.0
0.0,0.0
0.0,10.0
-9.025,10.0
15.0,10.0
15.0,10.0
-10.0,10.0
19.288157894736848,-10.000000000000002
10.0,-10.0
25.0,0.0
-10.0,10.0
-10.0,10.0
-9.999999999999998,9.999999999999998
-10.0,10.0
-10.0,10.0
10.0,-10.0
10.0,-10.0
10.0,-10.0
10.0,-10.0
10.0,-10.0
10.0,-10.0
10.0,-10.0
10.0,-10.0
-10.0,10.0
9.999595725762319,-9.999595725762319
9.908340517288716,-9.908340517288716
9.649096453295453,-9.649096453295453
-10.352146985802014,10.352146985802014
-10.037251343106725,10.034783790642477
10.002734130154291,-10.002734130154291
-10.06561344337715,10.06561344337715
-9.884171214209278,9.884171214209278
-10.075615234825676,10.075615234825676
-24.999999999983714,9.975799287480125
-8.605227164962761,10.255275103985303
14.942029750567553,10.057970249432447
-10.050422989879124,10.050422989879124
-10.11298609829882,10.11298609829882
-10.254849710697217,10.254849710697217
-10.155813861428932,10.155813861428932
-10.312224788214731,10.312224788214731
-10.399769969526188,10.399769969526188
-10.47264476272446,10.47264476272446
-10.46646330595366,10.46646330595366
-10.497025983375483,10.497025983375483
-22.315372749126304,10.509651454198748
-10.542392852140564,10.542392852140564
-24.999999999986436,10.501736866910017
-24.99999999997212,10.516168681339376
-24.999999999953502,10.55991981298651
-25.0,10.578382134148391
-25.0,10.493809656675053
-10.649080731415916,10.649080731415916
-10.6634759393012,10.6634759393012
-10.784311616715645,10.784311616715645
-10.729876423376043,10.729876423376043
-10.844295857219736,10.844295857219736
-10.844295857219736,10.853679755450111
-10.852764825372649,10.852764825372649
-10.852764825372649,10.852764825372649
-10.852764825372649,10.852764825372649
-10.852764825372649,10.852764825372649
-10.852764825372649,10.852764825372649
-10.852764825372649,10.852764825372649
-10.852764825372649,10.852764825372649
8.73301468977696,-8.73301468977696
-10.852764825372649,10.852764825372649
8.80523687665493,-8.80523687665493
8.974857716674636,-8.974857716674636
-10.852764825372649,10.852764825372649
-10.7874320090247,10.7874320090247
-10.707860111701967,10.707860111701967
9.37995646295352,-9.37995646295352
9.503846262209292,-9.503846262209292
-10.25101044160014,10.25101044160014
-10.509037979011776,10.509037979011776
-10.42139023626217,10.42139023626217
9.433346160771295,-9.433346160771295
-10.276755729378575,10.276755729378575
9.894303022004017,-9.894303022004017
-9.945407256512707,9.945407256512707
10.065959292380608,-10.065959292380608
-10.0,10.0
10.0,-10.0
10.0,-10.0
-10.0,10.0
-10.0,10.0
-10.0,10.0
-10.0,10.0
-10.852764825372649,10.000000000000004
10.0,-10.0
10.0,-10.0
-10.000000000000004,10.000000000000004
-10.0,10.0
-10.000000000000004,10.000000000000004
-10.000000000000004,10.000000000000004
-10.000000000000004,0.0
0.0,0.0
10.0,-10.0
0.0,10.0
-9.025000000000006,10.0
-0.3204058048406715,10.0
-10.0,10.0
15.0,10.0
15.0,10.0
15.0,10.0
-10.0,10.0
-10.0,10.0
-10.0,10.0
-10.0,10.0
-10.0,10.0
-10.0,10.0
-10.0,10.0
-10.0,10.0
-10.0,10.0
-10.0,10.0
-10.0,10.0
-10.0,10.0
-10.0,10.0
-10.0,10.0
-10.001773147661277,10.001773147661277
9.608563699577516,-9.608563699577516
9.608563699577516,-9.608563699577516
9.608563699577516,-9.608563699577516
9.608563699577516,-9.608563699577516
9.608563699577516,-9.608563699577516
9.608563699577516,-9.608563699577516
-10.299962227095689,10.299962227095689
-10.120576907016654,10.120576907016654
-9.919925709417148,9.919925709417148
9.608563699577523,-7.105427357601002e-15
-9.931216303676173,9.931216303676173
-24.999999999947242,9.930326385966675
-25.0,10.18262247464075
14.53320723511853,10.46679276485037
-1.826065588216526,9.941911726020265
-18.429042537691153,10.485719610433666
-24.99999999994659,10.380822927228918
14.678853313359546,10.321146686612941
-10.424028747598719,10.424028747598719
-10.496334245921854,10.496334245921854
-24.999999999999716,10.436493907004834
-10.4085896220599,10.4085896220599
-24.999999999955385,10.426318550045588
-24.99999999998777,10.385416417363476
-24.999999999966178,10.411755456975394
-25.000000000000004,10.818471833814169
-22.348250474890452,10.489048281355577
-10.535476739898945,10.535476739898945
-10.619253971759541,10.619253971759541
-10.615099760153921,10.615099760153921
-10.619253971759541,10.619253971759541
-10.619253971759541,10.619253971759541
-10.619253971759541,10.619253971759541
8.615626338979025,-8.615626338979025
8.450227874474596,-8.450227874474596
8.42763153842107,-8.42763153842107
8.45839113380414,-8.45839113380414
-10.619253971759541,10.619253971759541
-10.619253971759541,10.619253971759541
-10.619253971759541,10.619253971759541
8.584919759970134,-8.584919759970134
-10.619253971759541,10.619253971759541
8.68838878795581,-8.68838878795581
-10.619253971759541,10.619253971759541
8.84524782933292,-8.84524782933292
-10.619253971759541,10.619253971759541
9.058196301153606,-9.058196301153606
-10.619253971759541,10.619253971759541
-10.619253971759541,10.619253971759541
9.584498052582347,-9.584498052582347
9.465249710656828,-9.465249710656828
-10.549137923460716,10.549137923460716
-10.619253971759541,10.619253971759541
-10.562398328479558,10.562398328479558
9.756597408095105,-9.756597408095105
-9.952589712919869,9.952589712919869
10.062678135017256,-10.062678135017256
-10.000000000000004,10.000000000000004
-10.0,10.0
-10.000000000000004,10.000000000000004
-10.0,10.0
-10.0,10.0
-10.0,10.0
-10.619253971759541,10.0
-10.0,10.0
-10.0,10.0
-10.0,10.0
-10.000000000000004,10.000000000000004
-10.000000000000004,10.000000000000004
-10.000000000000004,0.0
10.0,-10.0
0.0,0.0
0.0,0.0
0.0,10.0
-9.025,9.025
-9.025,9.025
-8.919667590027702,10.0
-10.0,10.0
-10.0,10.0
-10.0,10.0
9.351897719706908,10.0
-10.0,10.0
-10.0,10.0
-10.0,10.0
-10.0,10.0
-10.0,10.0
-10.0,10.0
25.0,-10.0
-10.0,10.0
-10.0,10.0
25.0,0.0
-10.0,10.0
15.0,10.0
-10.000933543764267,10.000933543764267
9.830927765057634,-9.830927765057634
9.830927765057634,-9.830927765057634
9.830927765057634,-9.830927765057634
-10.413350997379375,10.413350997379375
-10.224888358876623,10.224888358876623
-10.13412732422522,10.13412732422522
-10.071879158314065,10.071879158314065
-0.22133817497165786,10.052265940029292
-10.042461697689323,10.042461697689323
-10.025291966221804,10.025291966221804
-9.945160241233593,9.945160241233593
-9.82360316244187,9.82360316244187
-10.114252179806092,10.114252179806092
-10.075487743068715,10.075487743068715
-10.250773761358252,10.250773761358252
-10.354668182632022,10.354668182632022
-10.374628847511879,10.374628847511879
-10.360555524755569,10.360555524755569
-10.451903999767337,10.451903999767337
-10.40630108190767,10.40630108190767
-10.439201528972033,10.439201528972033
-10.435505530314716,10.435505530314716
-10.434926137082574,10.434926137082574
-10.448923722161481,10.448923722161481
-24.99999999996463,10.46412048713262
-24.999999999984844,10.472980533094285
-24.999999999999996,-3.552713678800501e-15
-25.0,10.957484553805608
-24.999999999978826,10.673335722604596
-12.282917892047772,10.66342039833777
-10.805915789195184,10.805915789195184
-10.841166628848317,10.841166628848317
-10.948423802998827,10.948423802998827
-10.948423802998827,10.948423802998827
8.660242142443183,-8.660242142443183
8.39336781316343,-8.39336781316343
8.303873648953445,-8.303873648953445
-10.948423802998827,10.948423802998827
8.283776304839824,-8.20056556353225
8.247079858110004,-8.247079858110004
8.240096844253342,-8.240096844253342
-11.023521497028913,11.023521497028913
8.338230152865895,-8.338230152865895
8.474356636200937,-8.474356636200937
8.491490392271684,-8.491490392271684
8.60698214539796,-8.60698214539796
8.702325151745486,-8.702325151745486
-11.023521497028913,11.023521497028913
-11.023521497028913,11.023521497028913
-10.852494460798734,10.852494460798734
9.349398203562881,-9.349398203562881
-10.339894286359714,10.339894286359714
-10.543664613973643,10.543664613973643
-10.61588112052581,10.61588112052581
9.757547309669217,-9.205064280586484
-10.710236065756865,10.710236065756865
-10.371044877502387,10.371044877502387
10.018878878387607,-10.018878878387607
25.0,-10.066080255707567
-10.0,10.0
10.0,-10.0
-9.999999999999998,9.999999999999998
-10.0,10.0
-10.0,10.0
-10.0,10.0
-25.0,10.0
-10.0,10.0
-10.0,10.0
-10.0,0.0
10.0,-10.0
0.0,0.0
0.0,0.0
0.0,0.0
0.0,0.0
0.0,0.0
0.0,10.0
-9.025,10.0
-9.9049375,10.0
-9.9897300900277,10.0
-10.0,10.0
-9.999999999999977,9.999999999999977
-10.0,10.0
15.0,10.0
15.0,10.0
-10.0,10.0
-10.0,10.0
-10.0,10.0
-10.0,10.0
-10.0,10.0
-10.0,10.0
-10.0,10.0
15.0,10.0
-10.0,10.0
10.0,-10.0
10.0,-10.0
-10.012079015591459,10.012079015591459
-10.012071212539734,10.012071212539734
-10.028828531151184,10.028828531151184
18.983010646108145,-9.813160287777547
-10.395466452134645,10.395466452134645
-10.201250471971958,10.201250471971958
-10.182845585215441,10.182845585215441
10.012975126433947,-10.012975126433947
10.012975126433954,-10.012975126433954
-10.126415019649889,10.126415019649889
-10.174896600398217,10.174896600398217
10.012975126433947,-10.012975126433947
10.01297512643395,-5.329070518200751e-15
-10.084462026693798,10.084462026693798
-10.176247886792572,10.176247886792572
-10.144730914635458,10.144730914635458
-10.20320418847533,10.20320418847533
-10.377212764605986,10.377212764605986
-10.11188348394528,10.11188348394528
-10.477061531611744,10.477061531611744
-10.532375282009241,10.532375282009241
-10.687775110801695,10.687775110801695
-10.749559383438756,10.749559383438756
-24.999999999974122,10.673502345494889
-10.584467656527814,10.584467656527814
-10.434691350282616,10.434691350282616
-24.999999999977295,10.313845574511179
-24.999999999999996,10.31972534286699
-24.99999999995082,10.3175251633384
-24.999999999992582,10.590617555933035
-21.455452209075347,10.80674890364663
-10.82274975029288,10.82274975029288
-10.97200094197474,10.97200094197474
-11.022757808781757,11.022757808781757
-11.239336008792035,11.239336008792035
-11.42034274631483,11.42034274631483
-11.566512676820969,11.566512676820969
-11.566512676820969,11.566512676820969
-11.566512676820969,11.566512676820969
-11.566512676820969,11.566512676820969
-11.566512676820969,11.566512676820969
-11.566512676820969,11.566512676820969
-11.566512676820969,11.566512676820969
8.442210410174056,-8.442210410174056
-11.566512676820969,11.491108245197399
8.636955962377964,-8.636955962377964
-11.31524662055959,11.31524662055959
8.761809523578702,-8.761809523578702
8.911126985728295,-8.911126985728295
-10.999168678006923,10.999168678006923
9.173830062425013,-9.173830062425013
9.34528690997446,-9.34528690997446
-10.414733209992002,10.414733209992002
-10.489934412181203,10.489934412181203
-10.517053549870383,10.517053549870383
9.340967968920488,-9.340967968920488
-10.63180812293659,10.63180812293659
-10.301478085151569,10.301478085151569
-10.04174368872885,10.04174368872885
-9.959914256365575,9.959914256365575
-10.0,10.0
-10.0,10.0
-10.0,10.0
-10.0,10.0
-10.0,10.0
-10.0,10.0
-10.000000000000004,10.000000000000004
-10.0,10.0
-11.491108245197399,10.0
-10.0,10.0
-10.0,10.0
-10.0,10.0
-10.0,10.0
-10.0,10.0
-10.0,10.0
-10.0,0.0
0.0,10.0
-9.025,9.025
-4.736842105233883,10.0
15.0,10.0
25.0,0.0
-10.0,10.0
10.0,-10.0
-10.0,10.0
-10.0,10.0
-10.0,10.0
-10.0,10.0
10.0,-10.0
-10.0,10.0
-10.0,10.0
-10.0,10.0
-10.0,10.0
-10.0,10.0
-10.0,10.0
-10.0,10.0
25.0,-10.0
9.913745712174508,-9.913745712174508
-10.085383955406009,10.085383955406009
-10.090701238374457,10.090701238374457
24.999999999970726,-9.79403611990425
9.60181527528727,-9.60181527528727
9.794036119904256,-9.794036119904256
-10.115799753014384,10.115799753014384
9.794036119904252,0.0
-9.75147122962947,9.75147122962947
-9.96664070884003,9.96664070884003
-10.217194830933813,10.217194830933813
-10.478052432891117,10.478052432891117
-10.639032235066319,10.639032235066319
-9.764064511939843,9.764064511939843
-9.878528126095361,9.878528126095361
-9.95167557493228,9.95167557493228
-10.409453031582308,10.409453031582308
-10.183386162887912,10.183386162887912
-10.244004075292946,10.244004075292946
-10.423795223093407,10.423795223093407
-10.730724685362967,10.730724685362967
-10.574265791381478,10.574265791381478
-10.482255873987045,10.482255873987045
-25.0,0.0
-10.646568765115347,10.646568765115347
-24.999999999945324,10.616848038207332
-25.0,10.157268024835089
-25.0,9.225883936902894
-10.578364462023666,10.578364462023666
-10.479381629129556,10.479381629129556
-25.0,10.458175079456398
-10.458175079456398,10.458175079456398
-10.458175079456398,10.458175079456398
-10.458175079456398,10.458175079456398
-10.458175079456398,10.458175079456398
9.253518090853099,-9.253518090853099
-10.458175079456398,10.458175079456398
9.286923455766821,-9.286923455766821
9.289959274336109,-9.289959274336109
8.719856530622613,-8.719856530622613
-10.458175079456398,10.458175079456398
8.605786121242287,-8.605786121242287
8.593897830479083,-8.593897830479083
8.533675647438486,-8.533675647438486
8.597813468400878,-8.597813468400878
8.84341182180318,-8.84341182180318
9.140276377893041,-9.140276377893041
9.283216727605204,-9.283216727605204
9.39071121314491,-9.39071121314491
9.31635259261683,-9.31635259261683
9.370197032072685,-9.370197032072685
9.521839009771272,-9.521839009771272
-10.273504531789172,10.273504531789172
9.759198997313938,-9.759198997313938
9.752185688386314,-9.752185688386314
9.641471404835961,-9.641471404835961
9.641370421266089,-9.641370421266089
9.876340569513,-9.876340569513
10.036828155678492,-10.036828155678492
9.995505244973014,-9.995505244973014
-10.0,10.0
-10.458175079456398,10.0
-10.0,10.0
-10.0,10.0
-10.0,10.0
-10.0,10.0
-10.0,10.0
-10.0,10.0
-10.0,10.0
-10.0,10.0
-10.0,10.0
-10.0,10.0
-10.0,10.0
-10.0,10.0
-10.0,10.0
-10.0,0.0
