INTERVALSTARTTIME_GMT,Price
2023-06-01 16:00,28.79702
2023-06-01 16:15,25.24372
2023-06-01 16:30,27.12118
2023-06-01 16:45,26.33659
2023-06-01 17:00,26.40567
2023-06-01 17:15,26.90701
2023-06-01 17:30,25.12889
2023-06-01 17:45,25.99247
2023-06-01 18:00,28.42945
2023-06-01 18:15,28.34589
2023-06-01 18:30,26.95793
2023-06-01 18:45,26.52136
2023-06-01 19:00,27.18712
2023-06-01 19:15,27.06731
2023-06-01 19:30,26.57698
2023-06-01 19:45,27.01799
2023-06-01 20:00,27.40915
2023-06-01 20:15,28.62149
2023-06-01 20:30,29.57818
2023-06-01 20:45,29.73242
2023-06-01 21:00,30.08057
2023-06-01 21:15,33.10303
2023-06-01 21:30,41.7083
2023-06-01 21:45,36.36598
2023-06-01 22:00,35.44346
2023-06-01 22:15,32.26597
2023-06-01 22:30,26.56272
2023-06-01 22:45,24.1886
2023-06-01 23:00,26.67632
2023-06-01 23:15,20.07638
2023-06-01 23:30,14.43884
2023-06-01 23:45,6.63049
2023-06-02 0:00,13.63564
2023-06-02 0:15,6.56468
2023-06-02 0:30,6.30604
2023-06-02 0:45,5.7113
2023-06-02 1:00,5.24397
2023-06-02 1:15,5.47128
2023-06-02 1:30,4.49963
2023-06-02 1:45,4.49345
2023-06-02 2:00,-0.16279
2023-06-02 2:15,5.87421
2023-06-02 2:30,-0.70774
2023-06-02 2:45,0.48726
2023-06-02 3:00,1.4731
2023-06-02 3:15,1.34544
2023-06-02 3:30,0.5914
2023-06-02 3:45,1.51009
2023-06-02 4:00,-0.3886
2023-06-02 4:15,6.36319
2023-06-02 4:30,2.59852
2023-06-02 4:45,2.69134
2023-06-02 5:00,-0.08092
2023-06-02 5:15,0.3953
2023-06-02 5:30,0.55814
2023-06-02 5:45,0.3936
2023-06-02 6:00,0.14902
2023-06-02 6:15,0.35117
2023-06-02 6:30,11.24033
2023-06-02 6:45,8.32784
2023-06-02 7:00,10.72777
2023-06-02 7:15,10.72777
2023-06-02 7:30,10.88351
2023-06-02 7:45,9.73204
2023-06-02 8:00,6.79209
2023-06-02 8:15,10.77828
2023-06-02 8:30,13.55612
2023-06-02 8:45,12.41849
2023-06-02 9:00,7.27928
2023-06-02 9:15,8.40431
2023-06-02 9:30,9.74454
2023-06-02 9:45,11.91832
2023-06-02 10:00,15.13407
2023-06-02 10:15,19.48728
2023-06-02 10:30,26.61974
2023-06-02 10:45,35.54245
2023-06-02 11:00,26.07126
2023-06-02 11:15,28.5787
2023-06-02 11:30,31.11736
2023-06-02 11:45,33.54818
2023-06-02 12:00,33.46301
2023-06-02 12:15,33.64655
2023-06-02 12:30,34.21326
2023-06-02 12:45,40.25069
2023-06-02 13:00,42.15502
2023-06-02 13:15,41.32378
2023-06-02 13:30,36.78538
2023-06-02 13:45,30.1933
2023-06-02 14:00,34.338
2023-06-02 14:15,31.22382
2023-06-02 14:30,28.11178
2023-06-02 14:45,27.61215
2023-06-02 15:00,27.89489
2023-06-02 15:15,25.4045
2023-06-02 15:30,24.80947
2023-06-02 15:45,23.24978
2023-06-02 16:00,27.95469
2023-06-02 16:15,26.41642
2023-06-02 16:30,26.37776
2023-06-02 16:45,24.2034
2023-06-02 17:00,23.67126
2023-06-02 17:15,23.60331
2023-06-02 17:30,23.41464
2023-06-02 17:45,21.72004
2023-06-02 18:00,22.18342
2023-06-02 18:15,22.01807
2023-06-02 18:30,21.99788
2023-06-02 18:45,21.50214
2023-06-02 19:00,22.99818
2023-06-02 19:15,22.49556
2023-06-02 19:30,23.22599
2023-06-02 19:45,23.04243
2023-06-02 20:00,24.25691
2023-06-02 20:15,25.50201
2023-06-02 20:30,26.63897
2023-06-02 20:45,26.57615
2023-06-02 21:00,26.63936
2023-06-02 21:15,28.67159
2023-06-02 21:30,31.21579
2023-06-02 21:45,28.29685
2023-06-02 22:00,27.64897
2023-06-02 22:15,24.20736
2023-06-02 22:30,20.58233
2023-06-02 22:45,17.21175
2023-06-02 23:00,22.33518
2023-06-02 23:15,18.33791
2023-06-02 23:30,13.78741
2023-06-02 23:45,8.89647
2023-06-03 0:00,14.57859
2023-06-03 0:15,8.84147
2023-06-03 0:30,9.85219
2023-06-03 0:45,6.45224
2023-06-03 1:00,7.16805
2023-06-03 1:15,5.85652
2023-06-03 1:30,6.70854
2023-06-03 1:45,5.38379
2023-06-03 2:00,8.89343
2023-06-03 2:15,7.4296
2023-06-03 2:30,7.7705
2023-06-03 2:45,8.25708
2023-06-03 3:00,10.17845
2023-06-03 3:15,10.94304
2023-06-03 3:30,10.87733
2023-06-03 3:45,8.77766
2023-06-03 4:00,11.19974
2023-06-03 4:15,10.45442
2023-06-03 4:30,10.88493
2023-06-03 4:45,8.05633
2023-06-03 5:00,6.90776
2023-06-03 5:15,7.01373
2023-06-03 5:30,8.34063
2023-06-03 5:45,8.1419
2023-06-03 6:00,8.33059
2023-06-03 6:15,7.93352
2023-06-03 6:30,7.3823
2023-06-03 6:45,7.73343
2023-06-03 7:00,7.24123
2023-06-03 7:15,8.37049
2023-06-03 7:30,9.57625
2023-06-03 7:45,10.72322
2023-06-03 8:00,12.94139
2023-06-03 8:15,13.89519
2023-06-03 8:30,15.16026
2023-06-03 8:45,15.5009
2023-06-03 9:00,9.79369
2023-06-03 9:15,12.475
2023-06-03 9:30,16.16233
2023-06-03 9:45,23.21215
2023-06-03 10:00,15
2023-06-03 10:15,18.4952
2023-06-03 10:30,27.4788
2023-06-03 10:45,33.88668
2023-06-03 11:00,23.9976
2023-06-03 11:15,27.4788
2023-06-03 11:30,36.0048
2023-06-03 11:45,42.82409
2023-06-03 12:00,40.75
2023-06-03 12:15,36.91
2023-06-03 12:30,36.91
2023-06-03 12:45,36.65634
2023-06-03 13:00,41.27397
2023-06-03 13:15,36.98594
2023-06-03 13:30,35.90655
2023-06-03 13:45,32.15784
2023-06-03 14:00,37.87435
2023-06-03 14:15,33.87634
2023-06-03 14:30,33.95179
2023-06-03 14:45,32.75052
2023-06-03 15:00,36.9913
2023-06-03 15:15,36.60934
2023-06-03 15:30,34.18431
2023-06-03 15:45,30.05248
2023-06-03 16:00,30.6743
2023-06-03 16:15,26.55285
2023-06-03 16:30,28.60601
2023-06-03 16:45,27.25237
2023-06-03 17:00,27.39002
2023-06-03 17:15,25.44572
2023-06-03 17:30,24.1786
2023-06-03 17:45,23.22085
2023-06-03 18:00,24.02724
2023-06-03 18:15,24.01042
2023-06-03 18:30,23.7086
2023-06-03 18:45,23.20336
2023-06-03 19:00,25.40531
2023-06-03 19:15,26.2091
2023-06-03 19:30,24.92126
2023-06-03 19:45,24.3452
2023-06-03 20:00,23.31005
2023-06-03 20:15,24.27793
2023-06-03 20:30,24.32395
2023-06-03 20:45,24.34328
2023-06-03 21:00,25.43123
2023-06-03 21:15,27.39696
2023-06-03 21:30,27.46154
2023-06-03 21:45,25.40084
2023-06-03 22:00,31.63978
2023-06-03 22:15,29.03174
2023-06-03 22:30,24.18982
2023-06-03 22:45,15.62539
2023-06-03 23:00,15.58856
2023-06-03 23:15,11.9719
2023-06-03 23:30,6.98229
2023-06-03 23:45,6.05767
2023-06-04 0:00,7.27288
2023-06-04 0:15,6.12455
2023-06-04 0:30,4.18901
2023-06-04 0:45,5.5884
2023-06-04 1:00,3.34164
2023-06-04 1:15,3.07441
2023-06-04 1:30,4.37326
2023-06-04 1:45,5.83513
2023-06-04 2:00,3.60316
2023-06-04 2:15,3.78856
2023-06-04 2:30,5.13084
2023-06-04 2:45,5.31645
2023-06-04 3:00,5.33622
2023-06-04 3:15,4.47925
2023-06-04 3:30,3.89301
2023-06-04 3:45,4.03971
2023-06-04 4:00,3.93115
2023-06-04 4:15,5.96112
2023-06-04 4:30,5.58424
2023-06-04 4:45,6.23033
2023-06-04 5:00,6.15177
2023-06-04 5:15,6.37097
2023-06-04 5:30,9.11149
2023-06-04 5:45,6.75205
2023-06-04 6:00,5.49945
2023-06-04 6:15,7.59621
2023-06-04 6:30,11.3192
2023-06-04 6:45,15.14409
2023-06-04 7:00,7.42337
2023-06-04 7:15,11.25467
2023-06-04 7:30,14.08552
2023-06-04 7:45,17.09501
2023-06-04 8:00,15.17771
2023-06-04 8:15,17.57413
2023-06-04 8:30,24.26156
2023-06-04 8:45,28.78721
2023-06-04 9:00,13.65812
2023-06-04 9:15,15.44935
2023-06-04 9:30,22.79304
2023-06-04 9:45,34.2764
2023-06-04 10:00,20.77021
2023-06-04 10:15,24.79522
2023-06-04 10:30,31.69133
2023-06-04 10:45,52.66199
2023-06-04 11:00,45
2023-06-04 11:15,42.64
2023-06-04 11:30,49
2023-06-04 11:45,56.9154
2023-06-04 12:00,50.5488
2023-06-04 12:15,57.18
2023-06-04 12:30,52.8036
2023-06-04 12:45,42.05765
2023-06-04 13:00,41.36571
2023-06-04 13:15,41.14398
2023-06-04 13:30,39.36717
2023-06-04 13:45,37.49065
2023-06-04 14:00,37.22328
2023-06-04 14:15,34.66141
2023-06-04 14:30,31.95337
2023-06-04 14:45,28.5138
2023-06-04 15:00,28.78132
2023-06-04 15:15,27.84655
2023-06-04 15:30,26.92919
2023-06-04 15:45,25.63198
2023-06-04 16:00,32.17868
2023-06-04 16:15,32.21202
2023-06-04 16:30,27.61853
2023-06-04 16:45,27.56096
2023-06-04 17:00,28.47613
2023-06-04 17:15,27.18103
2023-06-04 17:30,25.14201
2023-06-04 17:45,23.97121
2023-06-04 18:00,26.19476
2023-06-04 18:15,23.90766
2023-06-04 18:30,23.7796
2023-06-04 18:45,22.1518
2023-06-04 19:00,24.01978
2023-06-04 19:15,24.08285
2023-06-04 19:30,26.32032
2023-06-04 19:45,24.01003
2023-06-04 20:00,23.96566
2023-06-04 20:15,23.78438
2023-06-04 20:30,23.78713
2023-06-04 20:45,22.90306
2023-06-04 21:00,26.2335
2023-06-04 21:15,26.24132
2023-06-04 21:30,24.14224
2023-06-04 21:45,22.22146
2023-06-04 22:00,27.57143
2023-06-04 22:15,23.8981
2023-06-04 22:30,15.49704
2023-06-04 22:45,11.99021
2023-06-04 23:00,14.97035
2023-06-04 23:15,14.12633
2023-06-04 23:30,9.5455
2023-06-04 23:45,4.19353
2023-06-05 0:00,7.21125
2023-06-05 0:15,5.89436
2023-06-05 0:30,7.43372
2023-06-05 0:45,6.73457
2023-06-05 1:00,6.62843
2023-06-05 1:15,3.51676
2023-06-05 1:30,4.05993
2023-06-05 1:45,5.91702
2023-06-05 2:00,9.14275
2023-06-05 2:15,11.23007
2023-06-05 2:30,10.84191
2023-06-05 2:45,10.55403
2023-06-05 3:00,9.22491
2023-06-05 3:15,9.20459
2023-06-05 3:30,8.95457
2023-06-05 3:45,8.02786
2023-06-05 4:00,1.20809
2023-06-05 4:15,0.24678
2023-06-05 4:30,-0.00682
2023-06-05 4:45,-0.78802
2023-06-05 5:00,-0.25182
2023-06-05 5:15,1.3831
2023-06-05 5:30,1.38117
2023-06-05 5:45,1.2659
2023-06-05 6:00,1.46362
2023-06-05 6:15,2.12213
2023-06-05 6:30,2.15066
2023-06-05 6:45,2.3677
2023-06-05 7:00,3.42175
2023-06-05 7:15,4.32471
2023-06-05 7:30,12.32477
2023-06-05 7:45,18.53043
2023-06-05 8:00,7.70046
2023-06-05 8:15,11.64943
2023-06-05 8:30,13.98715
2023-06-05 8:45,19.7305
2023-06-05 9:00,12.03213
2023-06-05 9:15,17.51257
2023-06-05 9:30,30.16388
2023-06-05 9:45,42.13605
2023-06-05 10:00,24.10206
2023-06-05 10:15,30.38426
2023-06-05 10:30,42.62852
2023-06-05 10:45,66.56556
2023-06-05 11:00,50.42649
2023-06-05 11:15,56.42732
2023-06-05 11:30,64.64652
2023-06-05 11:45,73.15366
2023-06-05 12:00,65.37868
2023-06-05 12:15,61.49114
2023-06-05 12:30,66.18321
2023-06-05 12:45,60.38281
2023-06-05 13:00,69.32116
2023-06-05 13:15,68.00425
2023-06-05 13:30,64.49504
2023-06-05 13:45,47.65315
2023-06-05 14:00,51.69985
2023-06-05 14:15,44.60061
2023-06-05 14:30,37.17417
2023-06-05 14:45,34.38521
2023-06-05 15:00,36.47287
2023-06-05 15:15,33.55897
2023-06-05 15:30,34.81886
2023-06-05 15:45,27.75427
2023-06-05 16:00,39.23003
2023-06-05 16:15,38.24727
2023-06-05 16:30,37.79266
2023-06-05 16:45,30.29232
2023-06-05 17:00,37.94907
2023-06-05 17:15,34.53545
2023-06-05 17:30,28.44717
2023-06-05 17:45,27.59317
2023-06-05 18:00,36.89396
2023-06-05 18:15,30.94049
2023-06-05 18:30,28.29809
2023-06-05 18:45,27.85234
2023-06-05 19:00,28.30188
2023-06-05 19:15,28.24077
2023-06-05 19:30,28.31521
2023-06-05 19:45,28.30404
2023-06-05 20:00,30.62593
2023-06-05 20:15,29.0153
2023-06-05 20:30,31.55452
2023-06-05 20:45,35.52603
2023-06-05 21:00,34.66119
2023-06-05 21:15,48.22117
2023-06-05 21:30,38.10672
2023-06-05 21:45,41.25741
2023-06-05 22:00,61.57601
2023-06-05 22:15,42.25245
2023-06-05 22:30,36.71272
2023-06-05 22:45,30.60333
2023-06-05 23:00,38.56233
2023-06-05 23:15,29.26182
2023-06-05 23:30,29.0917
2023-06-05 23:45,27.31824
2023-06-06 0:00,28.90957
2023-06-06 0:15,27.61478
2023-06-06 0:30,25.83509
2023-06-06 0:45,16.6077
2023-06-06 1:00,-0.12719
2023-06-06 1:15,6.7712
2023-06-06 1:30,6.69337
2023-06-06 1:45,9.34442
2023-06-06 2:00,26.81951
2023-06-06 2:15,19.11744
2023-06-06 2:30,25.63531
2023-06-06 2:45,16.67771
2023-06-06 3:00,20.67055
2023-06-06 3:15,28.39546
2023-06-06 3:30,27.5555
2023-06-06 3:45,30.19067
2023-06-06 4:00,25.24787
2023-06-06 4:15,28.05741
2023-06-06 4:30,31.74564
2023-06-06 4:45,31.82646
2023-06-06 5:00,24.30233
2023-06-06 5:15,22.074
2023-06-06 5:30,23.21113
2023-06-06 5:45,31.96249
2023-06-06 6:00,28.06514
2023-06-06 6:15,38.47221
2023-06-06 6:30,34.81409
2023-06-06 6:45,37.575
2023-06-06 7:00,31.86106
2023-06-06 7:15,31.71368
2023-06-06 7:30,41.09874
2023-06-06 7:45,45.14506
2023-06-06 8:00,33.76607
2023-06-06 8:15,35.38708
2023-06-06 8:30,44.89955
2023-06-06 8:45,46.06885
2023-06-06 9:00,28.95315
2023-06-06 9:15,28.52931
2023-06-06 9:30,49.76926
2023-06-06 9:45,53.10248
2023-06-06 10:00,31.36262
2023-06-06 10:15,33.04689
2023-06-06 10:30,45.70232
2023-06-06 10:45,56.21393
2023-06-06 11:00,53.8696
2023-06-06 11:15,53.7076
2023-06-06 11:30,59.45031
2023-06-06 11:45,52.7648
2023-06-06 12:00,57.1188
2023-06-06 12:15,58.9964
2023-06-06 12:30,60
2023-06-06 12:45,53.19908
2023-06-06 13:00,57.05766
2023-06-06 13:15,51.51026
2023-06-06 13:30,46.79448
2023-06-06 13:45,46.1305
2023-06-06 14:00,48.83535
2023-06-06 14:15,44.97592
2023-06-06 14:30,42.35951
2023-06-06 14:45,33.18395
2023-06-06 15:00,34.77986
2023-06-06 15:15,35.45961
2023-06-06 15:30,30.97204
2023-06-06 15:45,28.34117
2023-06-06 16:00,39.4894
2023-06-06 16:15,35.12705
2023-06-06 16:30,32.99342
2023-06-06 16:45,35.76606
2023-06-06 17:00,40.4527
2023-06-06 17:15,40.48159
2023-06-06 17:30,35.4873
2023-06-06 17:45,32.91885
2023-06-06 18:00,37.63996
2023-06-06 18:15,34.72266
2023-06-06 18:30,33.15121
2023-06-06 18:45,29.37674
2023-06-06 19:00,35.99305
2023-06-06 19:15,40.65951
2023-06-06 19:30,45.25796
2023-06-06 19:45,33.41
2023-06-06 20:00,35.28001
2023-06-06 20:15,39.37816
2023-06-06 20:30,35.12257
2023-06-06 20:45,34.39011
2023-06-06 21:00,45.99353
2023-06-06 21:15,50.71103
2023-06-06 21:30,50.47654
2023-06-06 21:45,38.13442
2023-06-06 22:00,39.77387
2023-06-06 22:15,37.66069
2023-06-06 22:30,27.28095
2023-06-06 22:45,26.00203
2023-06-06 23:00,29.1612
2023-06-06 23:15,29.14809
2023-06-06 23:30,28.03
2023-06-06 23:45,24.68645
2023-06-07 0:00,40.20027
2023-06-07 0:15,40.61297
2023-06-07 0:30,34.94458
2023-06-07 0:45,34.51683
2023-06-07 1:00,40.28139
2023-06-07 1:15,39.27623
2023-06-07 1:30,38.78096
2023-06-07 1:45,38.80431
2023-06-07 2:00,38.23844
2023-06-07 2:15,35.39822
2023-06-07 2:30,32.33719
2023-06-07 2:45,27.13128
2023-06-07 3:00,30.77369
2023-06-07 3:15,32.73609
2023-06-07 3:30,25.9816
2023-06-07 3:45,26.01855
2023-06-07 4:00,35.75553
2023-06-07 4:15,31.06531
2023-06-07 4:30,28.14212
2023-06-07 4:45,27.05472
2023-06-07 5:00,25.44352
2023-06-07 5:15,37.9041
2023-06-07 5:30,31.69817
2023-06-07 5:45,27.53562
2023-06-07 6:00,23.99071
2023-06-07 6:15,27.25981
2023-06-07 6:30,27.60928
2023-06-07 6:45,36.87054
2023-06-07 7:00,30.90767
2023-06-07 7:15,35.33828
2023-06-07 7:30,35.35117
2023-06-07 7:45,38.04149
2023-06-07 8:00,35.8086
2023-06-07 8:15,38.53648
2023-06-07 8:30,49.56493
2023-06-07 8:45,47.9205
2023-06-07 9:00,29.64832
2023-06-07 9:15,29.23959
2023-06-07 9:30,47.2039
2023-06-07 9:45,51.96896
2023-06-07 10:00,31.83918
2023-06-07 10:15,39.84863
2023-06-07 10:30,45.68673
2023-06-07 10:45,52.11084
2023-06-07 11:00,41.49366
2023-06-07 11:15,42.62139
2023-06-07 11:30,47.1258
2023-06-07 11:45,44.94125
2023-06-07 12:00,47.99096
2023-06-07 12:15,47.16176
2023-06-07 12:30,48.26004
2023-06-07 12:45,49.15694
2023-06-07 13:00,49.76988
2023-06-07 13:15,48.44947
2023-06-07 13:30,42.05912
2023-06-07 13:45,34.10477
2023-06-07 14:00,47.17313
2023-06-07 14:15,43.41722
2023-06-07 14:30,36.9623
2023-06-07 14:45,33.45909
2023-06-07 15:00,38.25863
2023-06-07 15:15,36.25626
2023-06-07 15:30,35.19368
2023-06-07 15:45,29.62844
2023-06-07 16:00,44.30261
2023-06-07 16:15,43.7446
2023-06-07 16:30,42.16157
2023-06-07 16:45,34.88567
2023-06-07 17:00,38.39243
2023-06-07 17:15,34.48595
2023-06-07 17:30,34.22963
2023-06-07 17:45,32.95903
2023-06-07 18:00,34.31338
2023-06-07 18:15,34.31338
2023-06-07 18:30,32.85985
2023-06-07 18:45,32.37639
2023-06-07 19:00,34.24662
2023-06-07 19:15,32.60341
2023-06-07 19:30,31.71465
2023-06-07 19:45,32.62665
2023-06-07 20:00,32.85888
2023-06-07 20:15,34.23318
2023-06-07 20:30,35.22359
2023-06-07 20:45,35.74366
2023-06-07 21:00,34.9732
2023-06-07 21:15,40.47527
2023-06-07 21:30,43.71762
2023-06-07 21:45,43.59088
2023-06-07 22:00,34.56952
2023-06-07 22:15,38.66634
2023-06-07 22:30,34.08748
2023-06-07 22:45,32.10543
2023-06-07 23:00,33.02103
2023-06-07 23:15,33.53817
2023-06-07 23:30,31.02681
2023-06-07 23:45,30.06894
2023-06-08 0:00,31.44189
2023-06-08 0:15,32.01839
2023-06-08 0:30,31.83874
2023-06-08 0:45,31.28561
2023-06-08 1:00,34.36
2023-06-08 1:15,32.34536
2023-06-08 1:30,30.14055
2023-06-08 1:45,30.68853
2023-06-08 2:00,25.56364
2023-06-08 2:15,23.76886
2023-06-08 2:30,22.49683
2023-06-08 2:45,27.19698
2023-06-08 3:00,25.04136
2023-06-08 3:15,22.35145
2023-06-08 3:30,36.98492
2023-06-08 3:45,34.03279
2023-06-08 4:00,41.74091
2023-06-08 4:15,33.15964
2023-06-08 4:30,35.33877
2023-06-08 4:45,37.30861
2023-06-08 5:00,31.10424
2023-06-08 5:15,30.10959
2023-06-08 5:30,24.95825
2023-06-08 5:45,26.2564
2023-06-08 6:00,22.31588
2023-06-08 6:15,28.06838
2023-06-08 6:30,20.01034
2023-06-08 6:45,20.04145
2023-06-08 7:00,23.02532
2023-06-08 7:15,23.11958
2023-06-08 7:30,31.214
2023-06-08 7:45,25.85221
2023-06-08 8:00,25.73024
2023-06-08 8:15,13.88893
2023-06-08 8:30,21.3454
2023-06-08 8:45,24.14063
2023-06-08 9:00,16.1888
2023-06-08 9:15,17
2023-06-08 9:30,24.47428
2023-06-08 9:45,29.8788
2023-06-08 10:00,26.83878
2023-06-08 10:15,28.66927
2023-06-08 10:30,33.50791
2023-06-08 10:45,46.63431
2023-06-08 11:00,42.10563
2023-06-08 11:15,48.74259
2023-06-08 11:30,50.09048
2023-06-08 11:45,49.80576
2023-06-08 12:00,49.70156
2023-06-08 12:15,48.21561
2023-06-08 12:30,46.97904
2023-06-08 12:45,47.73139
2023-06-08 13:00,58.32001
2023-06-08 13:15,53.76129
2023-06-08 13:30,50.65749
2023-06-08 13:45,44.49526
2023-06-08 14:00,43.79518
2023-06-08 14:15,39.33391
2023-06-08 14:30,37.71399
2023-06-08 14:45,33.49576
2023-06-08 15:00,45.62808
2023-06-08 15:15,40.87093
2023-06-08 15:30,33.43046
2023-06-08 15:45,29.78365
2023-06-08 16:00,35.13398
2023-06-08 16:15,33.76202
2023-06-08 16:30,33.31098
2023-06-08 16:45,32.96242
2023-06-08 17:00,33.51442
2023-06-08 17:15,33.77847
2023-06-08 17:30,33.74929
2023-06-08 17:45,33.0421
2023-06-08 18:00,33.22458
2023-06-08 18:15,33.0953
2023-06-08 18:30,33.23367
2023-06-08 18:45,33.1846
2023-06-08 19:00,33.15191
2023-06-08 19:15,33.28069
2023-06-08 19:30,33.27165
2023-06-08 19:45,33.25153
2023-06-08 20:00,33.42251
2023-06-08 20:15,34.0421
2023-06-08 20:30,34.80383
2023-06-08 20:45,34.60575
2023-06-08 21:00,36.11629
2023-06-08 21:15,40.32173
2023-06-08 21:30,41.23515
2023-06-08 21:45,39.72486
2023-06-08 22:00,39.3307
2023-06-08 22:15,36.0612
2023-06-08 22:30,33.80307
2023-06-08 22:45,32.25
2023-06-08 23:00,36.92246
2023-06-08 23:15,28.7812
2023-06-08 23:30,22.05022
2023-06-08 23:45,20.18539
2023-06-09 0:00,29.7439
2023-06-09 0:15,29.15222
2023-06-09 0:30,25.28514
2023-06-09 0:45,21.44571
2023-06-09 1:00,27.1856
2023-06-09 1:15,29.36627
2023-06-09 1:30,24.19629
2023-06-09 1:45,20.58112
2023-06-09 2:00,26.04891
2023-06-09 2:15,25.7559
2023-06-09 2:30,22.09353
2023-06-09 2:45,18.65645
2023-06-09 3:00,24.08691
2023-06-09 3:15,20.89716
2023-06-09 3:30,18.58251
2023-06-09 3:45,14.74834
2023-06-09 4:00,16.61303
2023-06-09 4:15,17.95244
2023-06-09 4:30,22.94944
2023-06-09 4:45,12.96772
2023-06-09 5:00,18.69368
2023-06-09 5:15,18.89757
2023-06-09 5:30,21.24819
2023-06-09 5:45,18.19546
2023-06-09 6:00,14.89975
2023-06-09 6:15,14.6288
2023-06-09 6:30,16.45058
2023-06-09 6:45,25.05472
2023-06-09 7:00,18.6176
2023-06-09 7:15,24.52146
2023-06-09 7:30,27.65427
2023-06-09 7:45,27.72347
2023-06-09 8:00,24.66989
2023-06-09 8:15,24.34676
2023-06-09 8:30,26.96677
2023-06-09 8:45,29.98228
2023-06-09 9:00,18.14716
2023-06-09 9:15,17.48695
2023-06-09 9:30,26.26204
2023-06-09 9:45,31.01157
2023-06-09 10:00,25.48873
2023-06-09 10:15,31.83137
2023-06-09 10:30,35.98015
2023-06-09 10:45,48.8342
2023-06-09 11:00,43.93948
2023-06-09 11:15,49.93482
2023-06-09 11:30,51.30867
2023-06-09 11:45,51.85863
2023-06-09 12:00,51.58662
2023-06-09 12:15,51.80621
2023-06-09 12:30,51.46949
2023-06-09 12:45,50.76038
2023-06-09 13:00,66.47496
2023-06-09 13:15,52.16141
2023-06-09 13:30,51.4123
2023-06-09 13:45,45.27944
2023-06-09 14:00,56.37507
2023-06-09 14:15,55.3322
2023-06-09 14:30,44.8216
2023-06-09 14:45,38.57249
2023-06-09 15:00,54.30768
2023-06-09 15:15,50.18339
2023-06-09 15:30,44.96766
2023-06-09 15:45,39.50674
2023-06-09 16:00,36.5
2023-06-09 16:15,35.93739
2023-06-09 16:30,36.5
2023-06-09 16:45,29.64659
2023-06-09 17:00,36.5
2023-06-09 17:15,35.61996
2023-06-09 17:30,35.6868
2023-06-09 17:45,29.04651
2023-06-09 18:00,35.53635
2023-06-09 18:15,35.47375
2023-06-09 18:30,30.98182
2023-06-09 18:45,29.54327
2023-06-09 19:00,30.48664
2023-06-09 19:15,30.53446
2023-06-09 19:30,30.34422
2023-06-09 19:45,29.96732
2023-06-09 20:00,30.32468
2023-06-09 20:15,30.38209
2023-06-09 20:30,29.71591
2023-06-09 20:45,29.63312
2023-06-09 21:00,31.73332
2023-06-09 21:15,31.12386
2023-06-09 21:30,33.04765
2023-06-09 21:45,34.62029
2023-06-09 22:00,38.83174
2023-06-09 22:15,37.50043
2023-06-09 22:30,29.21072
2023-06-09 22:45,27.16305
2023-06-09 23:00,28.81538
2023-06-09 23:15,25.76655
2023-06-09 23:30,18.60108
2023-06-09 23:45,11.21587
2023-06-10 0:00,19.55835
2023-06-10 0:15,18.85007
2023-06-10 0:30,16.58033
2023-06-10 0:45,12.33827
2023-06-10 1:00,17.85568
2023-06-10 1:15,18.0564
2023-06-10 1:30,15.42695
2023-06-10 1:45,9.70581
2023-06-10 2:00,12.01492
2023-06-10 2:15,10.90782
2023-06-10 2:30,14.89098
2023-06-10 2:45,13.14191
2023-06-10 3:00,14.95362
2023-06-10 3:15,14.10719
2023-06-10 3:30,14.73641
2023-06-10 3:45,16.74849
2023-06-10 4:00,22.45018
2023-06-10 4:15,24.41778
2023-06-10 4:30,-17.51898
2023-06-10 4:45,14.34022
2023-06-10 5:00,7.52817
2023-06-10 5:15,23.89732
2023-06-10 5:30,24.97489
2023-06-10 5:45,21.42215
2023-06-10 6:00,19.2953
2023-06-10 6:15,22.20346
2023-06-10 6:30,24.64789
2023-06-10 6:45,20.76068
2023-06-10 7:00,14.60988
2023-06-10 7:15,18.41551
2023-06-10 7:30,19.87341
2023-06-10 7:45,23.21566
2023-06-10 8:00,13.25485
2023-06-10 8:15,13.69886
2023-06-10 8:30,19.59375
2023-06-10 8:45,19.18716
2023-06-10 9:00,10.98995
2023-06-10 9:15,11.58598
2023-06-10 9:30,23.32918
2023-06-10 9:45,31.49396
2023-06-10 10:00,20.56449
2023-06-10 10:15,24.20496
2023-06-10 10:30,31.0565
2023-06-10 10:45,41.40333
2023-06-10 11:00,31.86734
2023-06-10 11:15,35.52542
2023-06-10 11:30,42.44463
2023-06-10 11:45,42.77023
2023-06-10 12:00,46.05681
2023-06-10 12:15,50.98477
2023-06-10 12:30,50.62622
2023-06-10 12:45,49.16826
2023-06-10 13:00,49.17549
2023-06-10 13:15,46.35233
2023-06-10 13:30,43.34077
2023-06-10 13:45,42.38886
2023-06-10 14:00,41.27341
2023-06-10 14:15,36.61515
2023-06-10 14:30,32.98218
2023-06-10 14:45,28.76987
2023-06-10 15:00,35.32616
2023-06-10 15:15,31.8491
2023-06-10 15:30,29.94487
2023-06-10 15:45,28.67163
2023-06-10 16:00,32.71245
2023-06-10 16:15,33.81977
2023-06-10 16:30,30.62753
2023-06-10 16:45,28.68008
2023-06-10 17:00,30.18656
2023-06-10 17:15,28.66264
2023-06-10 17:30,27.46756
2023-06-10 17:45,26.41875
2023-06-10 18:00,27.72208
2023-06-10 18:15,27.75088
2023-06-10 18:30,26.82489
2023-06-10 18:45,26.24202
2023-06-10 19:00,27.84526
2023-06-10 19:15,27.75215
2023-06-10 19:30,27.74672
2023-06-10 19:45,27.68076
2023-06-10 20:00,25.41613
2023-06-10 20:15,26.48956
2023-06-10 20:30,26.58429
2023-06-10 20:45,26.51055
2023-06-10 21:00,24.54394
2023-06-10 21:15,24.90743
2023-06-10 21:30,24.43239
2023-06-10 21:45,23.78651
2023-06-10 22:00,26.86052
2023-06-10 22:15,25.04032
2023-06-10 22:30,19.77583
2023-06-10 22:45,15.55639
2023-06-10 23:00,25.78092
2023-06-10 23:15,25.3719
2023-06-10 23:30,16.0269
2023-06-10 23:45,13.97671
2023-06-11 0:00,18.16355
2023-06-11 0:15,24.90185
2023-06-11 0:30,23.68677
2023-06-11 0:45,23.4588
2023-06-11 1:00,28.45923
2023-06-11 1:15,25.01105
2023-06-11 1:30,24.6775
2023-06-11 1:45,23.79772
2023-06-11 2:00,25.27467
2023-06-11 2:15,23.42306
2023-06-11 2:30,19.0741
2023-06-11 2:45,11.72596
2023-06-11 3:00,11.80882
2023-06-11 3:15,11.95615
2023-06-11 3:30,12.51895
2023-06-11 3:45,13.39201
2023-06-11 4:00,26.52779
2023-06-11 4:15,18.7501
2023-06-11 4:30,18.43185
2023-06-11 4:45,22.68593
2023-06-11 5:00,13.63721
2023-06-11 5:15,14.28763
2023-06-11 5:30,21.11161
2023-06-11 5:45,18.17232
2023-06-11 6:00,13.89128
2023-06-11 6:15,20.66252
2023-06-11 6:30,22.38743
2023-06-11 6:45,18.95742
2023-06-11 7:00,13.42115
2023-06-11 7:15,24.17919
2023-06-11 7:30,22.75718
2023-06-11 7:45,21.5188
2023-06-11 8:00,17.04181
2023-06-11 8:15,17.08653
2023-06-11 8:30,23.57
2023-06-11 8:45,24.9952
2023-06-11 9:00,20.48649
2023-06-11 9:15,21.3852
2023-06-11 9:30,26.83705
2023-06-11 9:45,34.59373
2023-06-11 10:00,20
2023-06-11 10:15,23.9021
2023-06-11 10:30,30.87656
2023-06-11 10:45,35.82855
2023-06-11 11:00,34.53486
2023-06-11 11:15,37.51303
2023-06-11 11:30,37
2023-06-11 11:45,37.78522
2023-06-11 12:00,38.82282
2023-06-11 12:15,39.9964
2023-06-11 12:30,38.55092
2023-06-11 12:45,40.37598
2023-06-11 13:00,42.56
2023-06-11 13:15,41.7548
2023-06-11 13:30,41.54
2023-06-11 13:45,36.3
2023-06-11 14:00,38.54
2023-06-11 14:15,33.34532
2023-06-11 14:30,31.01453
2023-06-11 14:45,28.51478
2023-06-11 15:00,34.02232
2023-06-11 15:15,28.9962
2023-06-11 15:30,29.9866
2023-06-11 15:45,27.4172
2023-06-11 16:00,33.39263
2023-06-11 16:15,28.42593
2023-06-11 16:30,28.14291
2023-06-11 16:45,26.43133
2023-06-11 17:00,28.16351
2023-06-11 17:15,27.82139
2023-06-11 17:30,26.65804
2023-06-11 17:45,25.46222
2023-06-11 18:00,26.50924
2023-06-11 18:15,25.70683
2023-06-11 18:30,25.44904
2023-06-11 18:45,24.8492
2023-06-11 19:00,25.3281
2023-06-11 19:15,25.2895
2023-06-11 19:30,24.46578
2023-06-11 19:45,23.90761
2023-06-11 20:00,24.56629
2023-06-11 20:15,23.99604
2023-06-11 20:30,23.98389
2023-06-11 20:45,23.94689
2023-06-11 21:00,24.12487
2023-06-11 21:15,23.50846
2023-06-11 21:30,22.91821
2023-06-11 21:45,21.05617
2023-06-11 22:00,19.43719
2023-06-11 22:15,17.63719
2023-06-11 22:30,14.85387
2023-06-11 22:45,10.22617
2023-06-11 23:00,13.41037
2023-06-11 23:15,13.55554
2023-06-11 23:30,9.91875
2023-06-11 23:45,0.00952
2023-06-12 0:00,5.94704
2023-06-12 0:15,0.01878
2023-06-12 0:30,0.99452
2023-06-12 0:45,-2.51779
2023-06-12 1:00,-3.84067
2023-06-12 1:15,-4.42157
2023-06-12 1:30,-7.5825
2023-06-12 1:45,-14.52141
2023-06-12 2:00,-7.58021
2023-06-12 2:15,-10.66422
2023-06-12 2:30,-10.6988
2023-06-12 2:45,-7.59954
2023-06-12 3:00,-5.14275
2023-06-12 3:15,-5.03371
2023-06-12 3:30,-6.18101
2023-06-12 3:45,-4.03846
2023-06-12 4:00,11.8308
2023-06-12 4:15,-1.07739
2023-06-12 4:30,-4.08117
2023-06-12 4:45,-4.13844
2023-06-12 5:00,-6.63005
2023-06-12 5:15,-6.03803
2023-06-12 5:30,-12.16094
2023-06-12 5:45,-6.62381
2023-06-12 6:00,-9.91728
2023-06-12 6:15,-1.87247
2023-06-12 6:30,-1.14495
2023-06-12 6:45,-4.53893
2023-06-12 7:00,0
2023-06-12 7:15,-2.30798
2023-06-12 7:30,4.55605
2023-06-12 7:45,1.02543
2023-06-12 8:00,0.39993
2023-06-12 8:15,2.07724
2023-06-12 8:30,5.53771
2023-06-12 8:45,16.35814
2023-06-12 9:00,8.90058
2023-06-12 9:15,10.96831
2023-06-12 9:30,14.24727
2023-06-12 9:45,18.25902
2023-06-12 10:00,14.11972
2023-06-12 10:15,18.84977
2023-06-12 10:30,26.41858
2023-06-12 10:45,30.70997
2023-06-12 11:00,27.64124
2023-06-12 11:15,30.56561
2023-06-12 11:30,32.62835
2023-06-12 11:45,32.63155
2023-06-12 12:00,30.60087
2023-06-12 12:15,31.01325
2023-06-12 12:30,31.4032
2023-06-12 12:45,31.09706
2023-06-12 13:00,35.78267
2023-06-12 13:15,35.57584
2023-06-12 13:30,35.28111
2023-06-12 13:45,32.47249
2023-06-12 14:00,35.33857
2023-06-12 14:15,31.80466
2023-06-12 14:30,29.73621
2023-06-12 14:45,28.38931
2023-06-12 15:00,30.11085
2023-06-12 15:15,27.6082
2023-06-12 15:30,23.58583
2023-06-12 15:45,23.30414
2023-06-12 16:00,30.87113
2023-06-12 16:15,27.9341
2023-06-12 16:30,26.31959
2023-06-12 16:45,25.86741
2023-06-12 17:00,27.28
2023-06-12 17:15,26.59464
2023-06-12 17:30,25.60639
2023-06-12 17:45,25.42767
2023-06-12 18:00,25.59613
2023-06-12 18:15,25.4399
2023-06-12 18:30,25.20226
2023-06-12 18:45,23.49691
2023-06-12 19:00,24.18006
2023-06-12 19:15,25.61412
2023-06-12 19:30,25.63461
2023-06-12 19:45,25.62682
2023-06-12 20:00,25.32807
2023-06-12 20:15,25.68192
2023-06-12 20:30,26.07105
2023-06-12 20:45,27.93891
2023-06-12 21:00,26.28317
2023-06-12 21:15,28.05548
2023-06-12 21:30,29.66801
2023-06-12 21:45,30.47822
2023-06-12 22:00,32.9864
2023-06-12 22:15,31.81354
2023-06-12 22:30,26.11205
2023-06-12 22:45,24.52649
2023-06-12 23:00,26.26393
2023-06-12 23:15,24.90001
2023-06-12 23:30,15.60743
2023-06-12 23:45,12.41898
2023-06-13 0:00,16.85377
2023-06-13 0:15,16.20749
2023-06-13 0:30,16.11979
2023-06-13 0:45,5.57068
2023-06-13 1:00,10.92332
2023-06-13 1:15,4.71542
2023-06-13 1:30,7.80447
2023-06-13 1:45,-0.64163
2023-06-13 2:00,-0.60403
2023-06-13 2:15,2.45014
2023-06-13 2:30,-2.44384
2023-06-13 2:45,-12.78841
2023-06-13 3:00,-9.19271
2023-06-13 3:15,-8.63386
2023-06-13 3:30,-7.78262
2023-06-13 3:45,-13.35076
2023-06-13 4:00,0.49029
2023-06-13 4:15,3.99017
2023-06-13 4:30,5.04428
2023-06-13 4:45,5.9646
2023-06-13 5:00,3.43748
2023-06-13 5:15,3.89214
2023-06-13 5:30,3.82752
2023-06-13 5:45,4.05593
2023-06-13 6:00,3.5777
2023-06-13 6:15,4.90605
2023-06-13 6:30,3.93829
2023-06-13 6:45,6.58528
2023-06-13 7:00,5.49101
2023-06-13 7:15,5.05614
2023-06-13 7:30,5.03246
2023-06-13 7:45,7.70056
2023-06-13 8:00,3.54464
2023-06-13 8:15,4.80998
2023-06-13 8:30,3.90024
2023-06-13 8:45,-3.55595
2023-06-13 9:00,-11.21863
2023-06-13 9:15,1.84591
2023-06-13 9:30,-0.16483
2023-06-13 9:45,9.02269
2023-06-13 10:00,20.8831
2023-06-13 10:15,28.51502
2023-06-13 10:30,36.10922
2023-06-13 10:45,44.65075
2023-06-13 11:00,36.59712
2023-06-13 11:15,45.99723
2023-06-13 11:30,46.84814
2023-06-13 11:45,49.75634
2023-06-13 12:00,46.96129
2023-06-13 12:15,47.6514
2023-06-13 12:30,47.09523
2023-06-13 12:45,47.43891
2023-06-13 13:00,43.73766
2023-06-13 13:15,39.81144
2023-06-13 13:30,34.64861
2023-06-13 13:45,31.0321
2023-06-13 14:00,37.63615
2023-06-13 14:15,32.3607
2023-06-13 14:30,31.2489
2023-06-13 14:45,27.11586
2023-06-13 15:00,31.21243
2023-06-13 15:15,29.09395
2023-06-13 15:30,25.8719
2023-06-13 15:45,25.04363
2023-06-13 16:00,30.94281
2023-06-13 16:15,30.5587
2023-06-13 16:30,29.78121
2023-06-13 16:45,27.33132
2023-06-13 17:00,30.272
2023-06-13 17:15,27.86816
2023-06-13 17:30,26.57296
2023-06-13 17:45,25.97059
2023-06-13 18:00,27.60828
2023-06-13 18:15,27.80143
2023-06-13 18:30,26.00606
2023-06-13 18:45,25.56491
2023-06-13 19:00,26.05765
2023-06-13 19:15,26.01528
2023-06-13 19:30,25.89693
2023-06-13 19:45,25.57103
2023-06-13 20:00,25.87584
2023-06-13 20:15,27.15959
2023-06-13 20:30,29.82702
2023-06-13 20:45,28.69669
2023-06-13 21:00,29.17219
2023-06-13 21:15,31.70616
2023-06-13 21:30,33.28555
2023-06-13 21:45,33.62563
2023-06-13 22:00,30.75758
2023-06-13 22:15,30.19334
2023-06-13 22:30,25.4285
2023-06-13 22:45,22.58246
2023-06-13 23:00,25.37258
2023-06-13 23:15,18.69719
2023-06-13 23:30,14.62528
2023-06-13 23:45,9.6349
2023-06-14 0:00,14.55118
2023-06-14 0:15,16.77862
2023-06-14 0:30,14.17985
2023-06-14 0:45,12.80921
2023-06-14 1:00,10.16631
2023-06-14 1:15,9.73873
2023-06-14 1:30,8.47364
2023-06-14 1:45,4.69067
2023-06-14 2:00,9.04451
2023-06-14 2:15,8.90578
2023-06-14 2:30,4.93105
2023-06-14 2:45,4.78493
2023-06-14 3:00,10.30373
2023-06-14 3:15,9.15496
2023-06-14 3:30,8.8444
2023-06-14 3:45,5.8458
2023-06-14 4:00,7.03141
2023-06-14 4:15,7.62348
2023-06-14 4:30,7.91828
2023-06-14 4:45,4.75176
2023-06-14 5:00,7.51515
2023-06-14 5:15,6.65407
2023-06-14 5:30,9.86262
2023-06-14 5:45,5.5031
2023-06-14 6:00,-0.00143
2023-06-14 6:15,0
2023-06-14 6:30,0.01005
2023-06-14 6:45,0.00989
2023-06-14 7:00,0
2023-06-14 7:15,12.45147
2023-06-14 7:30,13.79366
2023-06-14 7:45,14.00567
2023-06-14 8:00,0.00978
2023-06-14 8:15,12.756
2023-06-14 8:30,15.91242
2023-06-14 8:45,16.68276
2023-06-14 9:00,13.16144
2023-06-14 9:15,13.59859
2023-06-14 9:30,18.18694
2023-06-14 9:45,25.50878
2023-06-14 10:00,20.64233
2023-06-14 10:15,26.80279
2023-06-14 10:30,36.67297
2023-06-14 10:45,43.63408
2023-06-14 11:00,36.01943
2023-06-14 11:15,41.6899
2023-06-14 11:30,43.61393
2023-06-14 11:45,60.53246
2023-06-14 12:00,44.91668
2023-06-14 12:15,42.29559
2023-06-14 12:30,45.64323
2023-06-14 12:45,55.28127
2023-06-14 13:00,45.2712
2023-06-14 13:15,43.19318
2023-06-14 13:30,37.76328
2023-06-14 13:45,34.34897
2023-06-14 14:00,34.87259
2023-06-14 14:15,30.74688
2023-06-14 14:30,29.00203
2023-06-14 14:45,26.17558
2023-06-14 15:00,31.13529
2023-06-14 15:15,30.34307
2023-06-14 15:30,31.43728
2023-06-14 15:45,29.00206
2023-06-14 16:00,29.00206
2023-06-14 16:15,29.00206
2023-06-14 16:30,29.00206
2023-06-14 16:45,29.00206
2023-06-14 17:00,29.00206
2023-06-14 17:15,23.66012
2023-06-14 17:30,24.74928
2023-06-14 17:45,23.58777
2023-06-14 18:00,23.6153
2023-06-14 18:15,20.57237
2023-06-14 18:30,21.53252
2023-06-14 18:45,21.1371
2023-06-14 19:00,18.06431
2023-06-14 19:15,17.59888
2023-06-14 19:30,18.25046
2023-06-14 19:45,17.20448
2023-06-14 20:00,17.51448
2023-06-14 20:15,19.16546
2023-06-14 20:30,24.44402
2023-06-14 20:45,20.8563
2023-06-14 21:00,23.26679
2023-06-14 21:15,26.39085
2023-06-14 21:30,25.54159
2023-06-14 21:45,22.00843
2023-06-14 22:00,17.60733
2023-06-14 22:15,14.55119
2023-06-14 22:30,11.99722
2023-06-14 22:45,8.56193
2023-06-14 23:00,11.964
2023-06-14 23:15,6.67934
2023-06-14 23:30,3.44291
2023-06-14 23:45,0.02299
2023-06-15 0:00,3.74079
2023-06-15 0:15,1.98474
2023-06-15 0:30,0.0111
2023-06-15 0:45,-0.00115
2023-06-15 1:00,-0.00114
2023-06-15 1:15,-2.85818
2023-06-15 1:30,-2.57498
2023-06-15 1:45,-0.02959
2023-06-15 2:00,0.00761
2023-06-15 2:15,0.0076
2023-06-15 2:30,0.00647
2023-06-15 2:45,0
2023-06-15 3:00,0.00999
2023-06-15 3:15,1.94435
2023-06-15 3:30,0.00998
2023-06-15 3:45,0.02012
2023-06-15 4:00,0.00644
2023-06-15 4:15,0.02255
2023-06-15 4:30,0.67664
2023-06-15 4:45,0.02764
2023-06-15 5:00,0.03764
2023-06-15 5:15,0.48537
2023-06-15 5:30,0.48728
2023-06-15 5:45,0.06583
2023-06-15 6:00,0
2023-06-15 6:15,0
2023-06-15 6:30,0.0076
2023-06-15 6:45,0
2023-06-15 7:00,-0.00114
2023-06-15 7:15,0
2023-06-15 7:30,1.96169
2023-06-15 7:45,0.04465
2023-06-15 8:00,3.34832
2023-06-15 8:15,4.64257
2023-06-15 8:30,14.26986
2023-06-15 8:45,17.05262
2023-06-15 9:00,9.78299
2023-06-15 9:15,10.89751
2023-06-15 9:30,21.93084
2023-06-15 9:45,23.09116
2023-06-15 10:00,18.61826
2023-06-15 10:15,27.67918
2023-06-15 10:30,29.14364
2023-06-15 10:45,33.99007
2023-06-15 11:00,28.85697
2023-06-15 11:15,32.66718
2023-06-15 11:30,35.83068
2023-06-15 11:45,94.72259
2023-06-15 12:00,36.86806
2023-06-15 12:15,40.28756
2023-06-15 12:30,34.30631
2023-06-15 12:45,35.62981
2023-06-15 13:00,30.30659
2023-06-15 13:15,30.31914
2023-06-15 13:30,30.82471
2023-06-15 13:45,29.87709
2023-06-15 14:00,31.71694
2023-06-15 14:15,28.27397
2023-06-15 14:30,25.79053
2023-06-15 14:45,22.49892
2023-06-15 15:00,27.45519
2023-06-15 15:15,25.67007
2023-06-15 15:30,25.25049
2023-06-15 15:45,22.76684
2023-06-15 16:00,28.54181
2023-06-15 16:15,27.99816
2023-06-15 16:30,28.45042
2023-06-15 16:45,26.24646
2023-06-15 17:00,25.58762
2023-06-15 17:15,25.47752
2023-06-15 17:30,25.28664
2023-06-15 17:45,24.46016
2023-06-15 18:00,23.13532
2023-06-15 18:15,22.34835
2023-06-15 18:30,22.23601
2023-06-15 18:45,21.68693
2023-06-15 19:00,21.68687
2023-06-15 19:15,22.26755
2023-06-15 19:30,22.57982
2023-06-15 19:45,23.72421
2023-06-15 20:00,22.23377
2023-06-15 20:15,22.53845
2023-06-15 20:30,24.17052
2023-06-15 20:45,25.24895
2023-06-15 21:00,25.46812
2023-06-15 21:15,27.08471
2023-06-15 21:30,28.34598
2023-06-15 21:45,28.1039
2023-06-15 22:00,28.09236
2023-06-15 22:15,25.84655
2023-06-15 22:30,21.67634
2023-06-15 22:45,20.02292
2023-06-15 23:00,24.85062
2023-06-15 23:15,20.16175
2023-06-15 23:30,14.20033
2023-06-15 23:45,10.41894
2023-06-16 0:00,11.56124
2023-06-16 0:15,9.45603
2023-06-16 0:30,9.84767
2023-06-16 0:45,9.02329
2023-06-16 1:00,9.05343
2023-06-16 1:15,9.89314
2023-06-16 1:30,9.13852
2023-06-16 1:45,8.08768
2023-06-16 2:00,12.0623
2023-06-16 2:15,11.46541
2023-06-16 2:30,9.7798
2023-06-16 2:45,9.23713
2023-06-16 3:00,10.29691
2023-06-16 3:15,10.63647
2023-06-16 3:30,11.44695
2023-06-16 3:45,9.33311
2023-06-16 4:00,9.91971
2023-06-16 4:15,11.14628
2023-06-16 4:30,11.44255
2023-06-16 4:45,11.36737
2023-06-16 5:00,11.07194
2023-06-16 5:15,15.67042
2023-06-16 5:30,20.68893
2023-06-16 5:45,18.74567
2023-06-16 6:00,16.60784
2023-06-16 6:15,18.1078
2023-06-16 6:30,14.77623
2023-06-16 6:45,14.64693
2023-06-16 7:00,13.84704
2023-06-16 7:15,11.79818
2023-06-16 7:30,12.58888
2023-06-16 7:45,18.21684
2023-06-16 8:00,13.71388
2023-06-16 8:15,13.30576
2023-06-16 8:30,15.35952
2023-06-16 8:45,24.90637
2023-06-16 9:00,16.02316
2023-06-16 9:15,16.00218
2023-06-16 9:30,24.47988
2023-06-16 9:45,27.63453
2023-06-16 10:00,17.14435
2023-06-16 10:15,22.29022
2023-06-16 10:30,32.07095
2023-06-16 10:45,42.52197
2023-06-16 11:00,37.97877
2023-06-16 11:15,39.82902
2023-06-16 11:30,41.22015
2023-06-16 11:45,52.80353
2023-06-16 12:00,43.92722
2023-06-16 12:15,44.62601
2023-06-16 12:30,52.61255
2023-06-16 12:45,43.86024
2023-06-16 13:00,42.87163
2023-06-16 13:15,39.74985
2023-06-16 13:30,36.42323
2023-06-16 13:45,33.11015
2023-06-16 14:00,35.95381
2023-06-16 14:15,32.40063
2023-06-16 14:30,32.35021
2023-06-16 14:45,32.08502
2023-06-16 15:00,38.8505
2023-06-16 15:15,39.59464
2023-06-16 15:30,34.04769
2023-06-16 15:45,31.98858
2023-06-16 16:00,35.16124
2023-06-16 16:15,33.35675
2023-06-16 16:30,32.88345
2023-06-16 16:45,32.81118
2023-06-16 17:00,29.17844
2023-06-16 17:15,28.83672
2023-06-16 17:30,28.18947
2023-06-16 17:45,27.47329
2023-06-16 18:00,28.36544
2023-06-16 18:15,28.2833
2023-06-16 18:30,28.59408
2023-06-16 18:45,28.98495
2023-06-16 19:00,30.73346
2023-06-16 19:15,32.58414
2023-06-16 19:30,33.326
2023-06-16 19:45,33.32954
2023-06-16 20:00,36.94002
2023-06-16 20:15,35.33464
2023-06-16 20:30,35.1704
2023-06-16 20:45,35.47802
2023-06-16 21:00,35.17323
2023-06-16 21:15,35.35855
2023-06-16 21:30,35.66191
2023-06-16 21:45,37.14947
2023-06-16 22:00,33.00908
2023-06-16 22:15,30.19469
2023-06-16 22:30,28.14385
2023-06-16 22:45,28.16258
2023-06-16 23:00,35.67822
2023-06-16 23:15,29.02506
2023-06-16 23:30,27.76186
2023-06-16 23:45,21.59727
2023-06-17 0:00,24.96883
2023-06-17 0:15,24.74456
2023-06-17 0:30,21.90992
2023-06-17 0:45,18.39722
2023-06-17 1:00,27.988
2023-06-17 1:15,26.92925
2023-06-17 1:30,26.63047
2023-06-17 1:45,25.23496
2023-06-17 2:00,26.53146
2023-06-17 2:15,26.0876
2023-06-17 2:30,25.72312
2023-06-17 2:45,24.31365
2023-06-17 3:00,19.09293
2023-06-17 3:15,18.8178
2023-06-17 3:30,18.52917
2023-06-17 3:45,17.85416
2023-06-17 4:00,13.44194
2023-06-17 4:15,11.82602
2023-06-17 4:30,10.34412
2023-06-17 4:45,9.91076
2023-06-17 5:00,10.08731
2023-06-17 5:15,9.26841
2023-06-17 5:30,10.4629
2023-06-17 5:45,7.65084
2023-06-17 6:00,9.80295
2023-06-17 6:15,9.47871
2023-06-17 6:30,9.29453
2023-06-17 6:45,13.90393
2023-06-17 7:00,15.91697
2023-06-17 7:15,22.11603
2023-06-17 7:30,26.75675
2023-06-17 7:45,29.05957
2023-06-17 8:00,15.02679
2023-06-17 8:15,17.19797
2023-06-17 8:30,28.26991
2023-06-17 8:45,31.17474
2023-06-17 9:00,21.16239
2023-06-17 9:15,22.11391
2023-06-17 9:30,25.41279
2023-06-17 9:45,38.20635
2023-06-17 10:00,23.51921
2023-06-17 10:15,27.29443
2023-06-17 10:30,40.30911
2023-06-17 10:45,43.59862
2023-06-17 11:00,29.08228
2023-06-17 11:15,35.89664
2023-06-17 11:30,38.13839
2023-06-17 11:45,67.79129
2023-06-17 12:00,39.10001
2023-06-17 12:15,38.35657
2023-06-17 12:30,38.3941
2023-06-17 12:45,40.04765
2023-06-17 13:00,41.44679
2023-06-17 13:15,37.63159
2023-06-17 13:30,37.17088
2023-06-17 13:45,32.44341
2023-06-17 14:00,37.85918
2023-06-17 14:15,33.48041
2023-06-17 14:30,30.15327
2023-06-17 14:45,33.39575
2023-06-17 15:00,31.67623
2023-06-17 15:15,33.89238
2023-06-17 15:30,29.96872
2023-06-17 15:45,27.95875
2023-06-17 16:00,37.48538
2023-06-17 16:15,30.43448
2023-06-17 16:30,35.22534
2023-06-17 16:45,30.10538
2023-06-17 17:00,30.71073
2023-06-17 17:15,30.34202
2023-06-17 17:30,29.67183
2023-06-17 17:45,28.28543
2023-06-17 18:00,30.13428
2023-06-17 18:15,29.56624
2023-06-17 18:30,26.09597
2023-06-17 18:45,25.08947
2023-06-17 19:00,25.19197
2023-06-17 19:15,25.23856
2023-06-17 19:30,25.01688
2023-06-17 19:45,24.70505
2023-06-17 20:00,22.30851
2023-06-17 20:15,22.29145
2023-06-17 20:30,23.46013
2023-06-17 20:45,24.83716
2023-06-17 21:00,23.44679
2023-06-17 21:15,24.61091
2023-06-17 21:30,25.78828
2023-06-17 21:45,29.96793
2023-06-17 22:00,31.59242
2023-06-17 22:15,27.55724
2023-06-17 22:30,16.06872
2023-06-17 22:45,16.21814
2023-06-17 23:00,20.29569
2023-06-17 23:15,15.37284
2023-06-17 23:30,11.88022
2023-06-17 23:45,3.79179
2023-06-18 0:00,9.15785
2023-06-18 0:15,6.69191
2023-06-18 0:30,5.48556
2023-06-18 0:45,0.91196
2023-06-18 1:00,-3.04579
2023-06-18 1:15,-6.80782
2023-06-18 1:30,-7.25883
2023-06-18 1:45,-6.84211
2023-06-18 2:00,-7.28
2023-06-18 2:15,-6.84211
2023-06-18 2:30,-11.81001
2023-06-18 2:45,-8.88755
2023-06-18 3:00,-10.0753
2023-06-18 3:15,-9.17084
2023-06-18 3:30,-9.06251
2023-06-18 3:45,-6.39708
2023-06-18 4:00,-6.38978
2023-06-18 4:15,-6.38978
2023-06-18 4:30,-6.38978
2023-06-18 4:45,-5.4347
2023-06-18 5:00,-5.43256
2023-06-18 5:15,-3.95634
2023-06-18 5:30,-0.07414
2023-06-18 5:45,4.02819
2023-06-18 6:00,-5.67623
2023-06-18 6:15,-1.04739
2023-06-18 6:30,2.53795
2023-06-18 6:45,5.9855
2023-06-18 7:00,1.86958
2023-06-18 7:15,7.07811
2023-06-18 7:30,8.24054
2023-06-18 7:45,12.93837
2023-06-18 8:00,3.94952
2023-06-18 8:15,7.4528
2023-06-18 8:30,10.28497
2023-06-18 8:45,15.3824
2023-06-18 9:00,8.26187
2023-06-18 9:15,9.77491
2023-06-18 9:30,18.02114
2023-06-18 9:45,28.0942
2023-06-18 10:00,15.79317
2023-06-18 10:15,27.56643
2023-06-18 10:30,42.21166
2023-06-18 10:45,63.59429
2023-06-18 11:00,38.65432
2023-06-18 11:15,42.16798
2023-06-18 11:30,55.26481
2023-06-18 11:45,70.76849
2023-06-18 12:00,64.58458
2023-06-18 12:15,76.47408
2023-06-18 12:30,74.74732
2023-06-18 12:45,64.1077
2023-06-18 13:00,43.16474
2023-06-18 13:15,39.49237
2023-06-18 13:30,45.90058
2023-06-18 13:45,34.03071
2023-06-18 14:00,40.25765
2023-06-18 14:15,39.81807
2023-06-18 14:30,37.52286
2023-06-18 14:45,33.88617
2023-06-18 15:00,34.73192
2023-06-18 15:15,31.10456
2023-06-18 15:30,29.47066
2023-06-18 15:45,31.29185
2023-06-18 16:00,32.14884
2023-06-18 16:15,32.05295
2023-06-18 16:30,32.11436
2023-06-18 16:45,31.37953
2023-06-18 17:00,35.02232
2023-06-18 17:15,31.97896
2023-06-18 17:30,31.13797
2023-06-18 17:45,31.01519
2023-06-18 18:00,33.1272
2023-06-18 18:15,30.07396
2023-06-18 18:30,32.29565
2023-06-18 18:45,30.21882
2023-06-18 19:00,30.6226
2023-06-18 19:15,29.7937
2023-06-18 19:30,28.65391
2023-06-18 19:45,27.69096
2023-06-18 20:00,28.21658
2023-06-18 20:15,27.53289
2023-06-18 20:30,26.31457
2023-06-18 20:45,27.03297
2023-06-18 21:00,27.89786
2023-06-18 21:15,28.24912
2023-06-18 21:30,26.462
2023-06-18 21:45,24.08982
2023-06-18 22:00,32.43701
2023-06-18 22:15,16.55223
2023-06-18 22:30,10.87601
2023-06-18 22:45,2.029
2023-06-18 23:00,7.06121
2023-06-18 23:15,0.01898
2023-06-18 23:30,-0.00116
2023-06-18 23:45,-5.39337
2023-06-19 0:00,-8.70219
2023-06-19 0:15,-8.96141
2023-06-19 0:30,-12.09192
2023-06-19 0:45,-12.36333
2023-06-19 1:00,-11.63176
2023-06-19 1:15,-11.58606
2023-06-19 1:30,-13.54663
2023-06-19 1:45,-13.83958
2023-06-19 2:00,-15.20196
2023-06-19 2:15,-16.82619
2023-06-19 2:30,-14.96362
2023-06-19 2:45,-16.61523
2023-06-19 3:00,-16.9541
2023-06-19 3:15,-17.59334
2023-06-19 3:30,-17.92235
2023-06-19 3:45,-18.20281
2023-06-19 4:00,-20.20043
2023-06-19 4:15,-21.93347
2023-06-19 4:30,-22.82957
2023-06-19 4:45,-26.34618
2023-06-19 5:00,-26.9472
2023-06-19 5:15,-23.10856
2023-06-19 5:30,-27.23394
2023-06-19 5:45,-27.69203
2023-06-19 6:00,-27.68102
2023-06-19 6:15,-27.61518
2023-06-19 6:30,-28.35422
2023-06-19 6:45,-21.68497
2023-06-19 7:00,-19.6577
2023-06-19 7:15,-19.28025
2023-06-19 7:30,-18.66594
2023-06-19 7:45,-17.32867
2023-06-19 8:00,-17.98148
2023-06-19 8:15,-16.42854
2023-06-19 8:30,-13.90791
2023-06-19 8:45,-14.60236
2023-06-19 9:00,-16.22356
2023-06-19 9:15,-12.71847
2023-06-19 9:30,-6.00288
2023-06-19 9:45,0.00546
2023-06-19 10:00,-0.00345
2023-06-19 10:15,1.02837
2023-06-19 10:30,16.58473
2023-06-19 10:45,22.96569
2023-06-19 11:00,14.09744
2023-06-19 11:15,24.36578
2023-06-19 11:30,30.22725
2023-06-19 11:45,30.00953
2023-06-19 12:00,28.06525
2023-06-19 12:15,27.45841
2023-06-19 12:30,30.14465
2023-06-19 12:45,31.63571
2023-06-19 13:00,33.43559
2023-06-19 13:15,31.17176
2023-06-19 13:30,31.15105
2023-06-19 13:45,27.14511
2023-06-19 14:00,32.55588
2023-06-19 14:15,32.95388
2023-06-19 14:30,31.87998
2023-06-19 14:45,27.93679
2023-06-19 15:00,24.16254
2023-06-19 15:15,21.90719
2023-06-19 15:30,14.44449
2023-06-19 15:45,15.80578
2023-06-19 16:00,25.0181
2023-06-19 16:15,22.58511
2023-06-19 16:30,22.22273
2023-06-19 16:45,17.65705
2023-06-19 17:00,16.9407
2023-06-19 17:15,17.69023
2023-06-19 17:30,16.27479
2023-06-19 17:45,16.57473
2023-06-19 18:00,17.43978
2023-06-19 18:15,18.94019
2023-06-19 18:30,16.38872
2023-06-19 18:45,15.67347
2023-06-19 19:00,17.71811
2023-06-19 19:15,16.4743
2023-06-19 19:30,17.41097
2023-06-19 19:45,17.01114
2023-06-19 20:00,18.96034
2023-06-19 20:15,22.12323
2023-06-19 20:30,24.45406
2023-06-19 20:45,24.5779
2023-06-19 21:00,23.95071
2023-06-19 21:15,24.80694
2023-06-19 21:30,25.13651
2023-06-19 21:45,24.88248
2023-06-19 22:00,22.45925
2023-06-19 22:15,18.77296
2023-06-19 22:30,15.27293
2023-06-19 22:45,11.26376
2023-06-19 23:00,14.97167
2023-06-19 23:15,11.09298
2023-06-19 23:30,4.90512
2023-06-19 23:45,0.00876
2023-06-20 0:00,2.414
2023-06-20 0:15,-3.77122
2023-06-20 0:30,-8.29315
2023-06-20 0:45,-12.62915
2023-06-20 1:00,-12.62915
2023-06-20 1:15,-12.62915
2023-06-20 1:30,-13.81522
2023-06-20 1:45,-13.75
2023-06-20 2:00,-8.94319
2023-06-20 2:15,-13.88992
2023-06-20 2:30,-12.96668
2023-06-20 2:45,-13.04726
2023-06-20 3:00,-13.69998
2023-06-20 3:15,-13.81026
2023-06-20 3:30,-14.01179
2023-06-20 3:45,-14.86547
2023-06-20 4:00,-15.64831
2023-06-20 4:15,-17.57871
2023-06-20 4:30,-17.5323
2023-06-20 4:45,-17.79656
2023-06-20 5:00,-19.09021
2023-06-20 5:15,-17.51112
2023-06-20 5:30,-17.30882
2023-06-20 5:45,-16.6599
2023-06-20 6:00,-15.81153
2023-06-20 6:15,-14.91881
2023-06-20 6:30,-14.03396
2023-06-20 6:45,-13.42625
2023-06-20 7:00,-12.99061
2023-06-20 7:15,-8.48489
2023-06-20 7:30,-5.28111
2023-06-20 7:45,-4.93273
2023-06-20 8:00,-7.24456
2023-06-20 8:15,-5.26418
2023-06-20 8:30,8.37963
2023-06-20 8:45,13.35712
2023-06-20 9:00,0.00977
2023-06-20 9:15,2.4726
2023-06-20 9:30,13.75387
2023-06-20 9:45,23.08301
2023-06-20 10:00,13.27532
2023-06-20 10:15,16.01274
2023-06-20 10:30,25.80484
2023-06-20 10:45,39.70716
2023-06-20 11:00,8.74703
2023-06-20 11:15,8.80997
2023-06-20 11:30,31.28597
2023-06-20 11:45,30.48819
2023-06-20 12:00,39.12307
2023-06-20 12:15,27.72845
2023-06-20 12:30,29.93755
2023-06-20 12:45,33.82445
2023-06-20 13:00,38.77616
2023-06-20 13:15,29.02768
2023-06-20 13:30,29.55264
2023-06-20 13:45,28.18103
2023-06-20 14:00,38.87987
2023-06-20 14:15,37.71922
2023-06-20 14:30,32.67773
2023-06-20 14:45,31.55416
2023-06-20 15:00,29.06304
2023-06-20 15:15,28.3295
2023-06-20 15:30,27.70976
2023-06-20 15:45,24.41295
2023-06-20 16:00,25.8563
2023-06-20 16:15,25.0652
2023-06-20 16:30,25.91068
2023-06-20 16:45,25.85663
2023-06-20 17:00,26.95
2023-06-20 17:15,27.93927
2023-06-20 17:30,26.28999
2023-06-20 17:45,26.24744
2023-06-20 18:00,26.83125
2023-06-20 18:15,26.51678
2023-06-20 18:30,24.94359
2023-06-20 18:45,18.84717
2023-06-20 19:00,17.32856
2023-06-20 19:15,16.54404
2023-06-20 19:30,18.42683
2023-06-20 19:45,16.53936
2023-06-20 20:00,19.84043
2023-06-20 20:15,18.32161
2023-06-20 20:30,22.15877
2023-06-20 20:45,24.47922
2023-06-20 21:00,26.66375
2023-06-20 21:15,27.99963
2023-06-20 21:30,28.13778
2023-06-20 21:45,27.69172
2023-06-20 22:00,27.90258
2023-06-20 22:15,27.89868
2023-06-20 22:30,23.54583
2023-06-20 22:45,19.9976
2023-06-20 23:00,24.97314
2023-06-20 23:15,21.28
2023-06-20 23:30,15.88661
2023-06-20 23:45,3.61217
2023-06-21 0:00,4.48595
2023-06-21 0:15,0.71554
2023-06-21 0:30,-6.94905
2023-06-21 0:45,-15.25772
2023-06-21 1:00,-8.9965
2023-06-21 1:15,-10.71181
2023-06-21 1:30,-13.62909
2023-06-21 1:45,-19.35098
2023-06-21 2:00,-15.60203
2023-06-21 2:15,-19.13147
2023-06-21 2:30,-19.16574
2023-06-21 2:45,-19.82461
2023-06-21 3:00,-25.76406
2023-06-21 3:15,-18.33655
2023-06-21 3:30,-19.06951
2023-06-21 3:45,-21.8309
2023-06-21 4:00,-12.1907
2023-06-21 4:15,-5.12066
2023-06-21 4:30,-5.26617
2023-06-21 4:45,-4.93394
2023-06-21 5:00,-6.91404
2023-06-21 5:15,-6.45161
2023-06-21 5:30,-6
2023-06-21 5:45,-6.10466
2023-06-21 6:00,-3.35196
2023-06-21 6:15,-0.78772
2023-06-21 6:30,5.32422
2023-06-21 6:45,2.33567
2023-06-21 7:00,-1.57028
2023-06-21 7:15,3.31531
2023-06-21 7:30,5.30894
2023-06-21 7:45,6.04577
2023-06-21 8:00,8.72783
2023-06-21 8:15,10.62988
2023-06-21 8:30,14.01014
2023-06-21 8:45,12.41396
2023-06-21 9:00,8.8385
2023-06-21 9:15,11.85376
2023-06-21 9:30,18.35348
2023-06-21 9:45,36.12213
2023-06-21 10:00,18.42377
2023-06-21 10:15,24.9964
2023-06-21 10:30,37.66413
2023-06-21 10:45,43.54
2023-06-21 11:00,32.07529
2023-06-21 11:15,36.65884
2023-06-21 11:30,77.54561
2023-06-21 11:45,97.73277
2023-06-21 12:00,62.81825
2023-06-21 12:15,67.34651
2023-06-21 12:30,66.25927
2023-06-21 12:45,68.0012
2023-06-21 13:00,81.88529
2023-06-21 13:15,61.19398
2023-06-21 13:30,48.66758
2023-06-21 13:45,38.2215
2023-06-21 14:00,60.07222
2023-06-21 14:15,50.34369
2023-06-21 14:30,43.50573
2023-06-21 14:45,37.03665
2023-06-21 15:00,45.31377
2023-06-21 15:15,41.48107
2023-06-21 15:30,36.27445
2023-06-21 15:45,31.92255
2023-06-21 16:00,39.23464
2023-06-21 16:15,36.29469
2023-06-21 16:30,36.39869
2023-06-21 16:45,35.77455
2023-06-21 17:00,36.43296
2023-06-21 17:15,36.33857
2023-06-21 17:30,34.87552
2023-06-21 17:45,32.25621
2023-06-21 18:00,35.66
2023-06-21 18:15,35.66
2023-06-21 18:30,35.66
2023-06-21 18:45,32.22499
2023-06-21 19:00,35.64
2023-06-21 19:15,35.64
2023-06-21 19:30,38.1076
2023-06-21 19:45,34
2023-06-21 20:00,38.6688
2023-06-21 20:15,39.3688
2023-06-21 20:30,56.34662
2023-06-21 20:45,50.42104
2023-06-21 21:00,52.75589
2023-06-21 21:15,59.81802
2023-06-21 21:30,66.37848
2023-06-21 21:45,50.22754
2023-06-21 22:00,46.59146
2023-06-21 22:15,44.9988
2023-06-21 22:30,34.29299
2023-06-21 22:45,26.53735
2023-06-21 23:00,23.98864
2023-06-21 23:15,7.24545
2023-06-21 23:30,-1.98436
2023-06-21 23:45,-13.84722
2023-06-22 0:00,-11.75711
2023-06-22 0:15,-15.23541
2023-06-22 0:30,-16.75648
2023-06-22 0:45,-16.96075
2023-06-22 1:00,-16.10721
2023-06-22 1:15,-16.15601
2023-06-22 1:30,-16.17975
2023-06-22 1:45,-19.85543
2023-06-22 2:00,-19.11
2023-06-22 2:15,-19.81031
2023-06-22 2:30,-19.63484
2023-06-22 2:45,-18.4157
2023-06-22 3:00,-16.67489
2023-06-22 3:15,-16.71912
2023-06-22 3:30,-16.72464
2023-06-22 3:45,-17.18179
2023-06-22 4:00,-18.1303
2023-06-22 4:15,-17.13367
2023-06-22 4:30,-16.63027
2023-06-22 4:45,-17.4496
2023-06-22 5:00,-16.99342
2023-06-22 5:15,-18.31696
2023-06-22 5:30,-19.00854
2023-06-22 5:45,-19.30569
2023-06-22 6:00,-19.22093
2023-06-22 6:15,-19.21145
2023-06-22 6:30,-17.49358
2023-06-22 6:45,-16.84489
2023-06-22 7:00,-17.71674
2023-06-22 7:15,-17.18066
2023-06-22 7:30,-16.64874
2023-06-22 7:45,-14.33288
2023-06-22 8:00,1.62912
2023-06-22 8:15,2.16693
2023-06-22 8:30,11.01081
2023-06-22 8:45,26.38918
2023-06-22 9:00,13.65003
2023-06-22 9:15,19.82444
2023-06-22 9:30,27.56753
2023-06-22 9:45,31.31978
2023-06-22 10:00,23.08526
2023-06-22 10:15,33.27152
2023-06-22 10:30,47.70182
2023-06-22 10:45,59.24037
2023-06-22 11:00,47.85792
2023-06-22 11:15,61.12626
2023-06-22 11:30,84.05939
2023-06-22 11:45,86.46269
2023-06-22 12:00,73.94068
2023-06-22 12:15,74.48057
2023-06-22 12:30,74.4237
2023-06-22 12:45,70.66926
2023-06-22 13:00,74.21891
2023-06-22 13:15,66.07541
2023-06-22 13:30,61.36918
2023-06-22 13:45,47.38105
2023-06-22 14:00,54.65357
2023-06-22 14:15,48.31875
2023-06-22 14:30,47.27621
2023-06-22 14:45,41.37988
2023-06-22 15:00,52.85236
2023-06-22 15:15,45.78239
2023-06-22 15:30,42.30391
2023-06-22 15:45,36.48418
2023-06-22 16:00,39.12853
2023-06-22 16:15,37.33359
2023-06-22 16:30,36.03846
2023-06-22 16:45,31.13749
2023-06-22 17:00,40.20423
2023-06-22 17:15,40.31318
2023-06-22 17:30,37.95326
2023-06-22 17:45,33.2763
2023-06-22 18:00,39.11
2023-06-22 18:15,39.12
2023-06-22 18:30,38.6456
2023-06-22 18:45,37.1356
2023-06-22 19:00,39.11
2023-06-22 19:15,38.65
2023-06-22 19:30,38.09
2023-06-22 19:45,38.65
2023-06-22 20:00,37.7212
2023-06-22 20:15,39.11
2023-06-22 20:30,39.47
2023-06-22 20:45,39.47
2023-06-22 21:00,40.51501
2023-06-22 21:15,39.7212
2023-06-22 21:30,42.5812
2023-06-22 21:45,41.17879
2023-06-22 22:00,42.33501
2023-06-22 22:15,39.14
2023-06-22 22:30,30.46867
2023-06-22 22:45,27.04
2023-06-22 23:00,31.46797
2023-06-22 23:15,18.95693
2023-06-22 23:30,4.67897
2023-06-22 23:45,-0.96485
2023-06-23 0:00,8.74106
2023-06-23 0:15,8.21001
2023-06-23 0:30,8.14879
2023-06-23 0:45,6.74685
2023-06-23 1:00,7.61381
2023-06-23 1:15,9.1377
2023-06-23 1:30,6.54961
2023-06-23 1:45,-2.77901
2023-06-23 2:00,6.9439
2023-06-23 2:15,8.20752
2023-06-23 2:30,4.65005
2023-06-23 2:45,-5.65387
2023-06-23 3:00,-5.48446
2023-06-23 3:15,-1.56514
2023-06-23 3:30,-5.0288
2023-06-23 3:45,-13.26958
2023-06-23 4:00,-0.61556
2023-06-23 4:15,7.03783
2023-06-23 4:30,7.09272
2023-06-23 4:45,7.8042
2023-06-23 5:00,5.63513
2023-06-23 5:15,5.79204
2023-06-23 5:30,4.45861
2023-06-23 5:45,2.0994
2023-06-23 6:00,7.46931
2023-06-23 6:15,10.23776
2023-06-23 6:30,13.82069
2023-06-23 6:45,9.75894
2023-06-23 7:00,17.4086
2023-06-23 7:15,24.96809
2023-06-23 7:30,28.40862
2023-06-23 7:45,39.25429
2023-06-23 8:00,22.82522
2023-06-23 8:15,24.00843
2023-06-23 8:30,35.06332
2023-06-23 8:45,46.94488
2023-06-23 9:00,24.16736
2023-06-23 9:15,41.54486
2023-06-23 9:30,44.47811
2023-06-23 9:45,42.71444
2023-06-23 10:00,25.8213
2023-06-23 10:15,29.92265
2023-06-23 10:30,38.69959
2023-06-23 10:45,48.76758
2023-06-23 11:00,42.57058
2023-06-23 11:15,43.68078
2023-06-23 11:30,58
2023-06-23 11:45,65.15498
2023-06-23 12:00,74.03759
2023-06-23 12:15,65.62444
2023-06-23 12:30,60.25901
2023-06-23 12:45,75.98541
2023-06-23 13:00,64.20372
2023-06-23 13:15,56.06
2023-06-23 13:30,46.85
2023-06-23 13:45,44.33562
2023-06-23 14:00,41.2512
2023-06-23 14:15,34.1612
2023-06-23 14:30,31.24938
2023-06-23 14:45,30.12859
2023-06-23 15:00,32.24405
2023-06-23 15:15,30.46867
2023-06-23 15:30,27.7545
2023-06-23 15:45,26.8555
2023-06-23 16:00,32.2488
2023-06-23 16:15,31.1382
2023-06-23 16:30,31.0088
2023-06-23 16:45,29.61424
2023-06-23 17:00,31.36884
2023-06-23 17:15,31.1382
2023-06-23 17:30,30.0388
2023-06-23 17:45,29.63403
2023-06-23 18:00,30
2023-06-23 18:15,30
2023-06-23 18:30,30
2023-06-23 18:45,30
2023-06-23 19:00,29.87662
2023-06-23 19:15,29.62413
2023-06-23 19:30,29.74
2023-06-23 19:45,29.62413
2023-06-23 20:00,29.9988
2023-06-23 20:15,29.58457
2023-06-23 20:30,32.4952
2023-06-23 20:45,34.18
2023-06-23 21:00,33.1588
2023-06-23 21:15,36.5
2023-06-23 21:30,37.13
2023-06-23 21:45,36.5
2023-06-23 22:00,37.1
2023-06-23 22:15,34.0512
2023-06-23 22:30,27.7536
2023-06-23 22:45,23.6436
2023-06-23 23:00,32.75435
2023-06-23 23:15,20.4268
2023-06-23 23:30,13.43678
2023-06-23 23:45,7.19896
2023-06-24 0:00,-1.34647
2023-06-24 0:15,-3.10878
2023-06-24 0:30,-13.46794
2023-06-24 0:45,-17.44082
2023-06-24 1:00,-13.18804
2023-06-24 1:15,-18.35092
2023-06-24 1:30,-18.8644
2023-06-24 1:45,-19.56289
2023-06-24 2:00,-19.36572
2023-06-24 2:15,-19.291
2023-06-24 2:30,-19.06984
2023-06-24 2:45,-19.11022
2023-06-24 3:00,-18.86279
2023-06-24 3:15,-19.0187
2023-06-24 3:30,-19.23878
2023-06-24 3:45,-19.40711
2023-06-24 4:00,-19.46641
2023-06-24 4:15,-19.17594
2023-06-24 4:30,-6.76347
2023-06-24 4:45,3.45023
2023-06-24 5:00,-6.82267
2023-06-24 5:15,-7.4508
2023-06-24 5:30,0.1478
2023-06-24 5:45,1.80626
2023-06-24 6:00,3.02081
2023-06-24 6:15,8.56863
2023-06-24 6:30,14.8388
2023-06-24 6:45,15.39406
2023-06-24 7:00,14.24589
2023-06-24 7:15,14.77717
2023-06-24 7:30,16.79804
2023-06-24 7:45,18.02769
2023-06-24 8:00,12.10085
2023-06-24 8:15,13.50754
2023-06-24 8:30,16.5627
2023-06-24 8:45,19.9988
2023-06-24 9:00,11.85381
2023-06-24 9:15,15.34052
2023-06-24 9:30,12.68183
2023-06-24 9:45,16.06955
2023-06-24 10:00,18.48033
2023-06-24 10:15,27.77863
2023-06-24 10:30,32.75732
2023-06-24 10:45,48
2023-06-24 11:00,29.9587
2023-06-24 11:15,36.75649
2023-06-24 11:30,42.77263
2023-06-24 11:45,69.9988
2023-06-24 12:00,43.74574
2023-06-24 12:15,40.75017
2023-06-24 12:30,36.60891
2023-06-24 12:45,35.96648
2023-06-24 13:00,36.71727
2023-06-24 13:15,35.55947
2023-06-24 13:30,37.89215
2023-06-24 13:45,34.71107
2023-06-24 14:00,38.42949
2023-06-24 14:15,33.99716
2023-06-24 14:30,33.91031
2023-06-24 14:45,31.11273
2023-06-24 15:00,32.01465
2023-06-24 15:15,31.25434
2023-06-24 15:30,30.52514
2023-06-24 15:45,28.82893
2023-06-24 16:00,32.78597
2023-06-24 16:15,29.56225
2023-06-24 16:30,29.69909
2023-06-24 16:45,28.66595
2023-06-24 17:00,30.49732
2023-06-24 17:15,29.91275
2023-06-24 17:30,29.71877
2023-06-24 17:45,28.35767
2023-06-24 18:00,26.72819
2023-06-24 18:15,26.67051
2023-06-24 18:30,26.57681
2023-06-24 18:45,27.48651
2023-06-24 19:00,29.70096
2023-06-24 19:15,29.73325
2023-06-24 19:30,29.58916
2023-06-24 19:45,29.60094
2023-06-24 20:00,29.65856
2023-06-24 20:15,29.67285
2023-06-24 20:30,30.26244
2023-06-24 20:45,30.08524
2023-06-24 21:00,30.00441
2023-06-24 21:15,30.05872
2023-06-24 21:30,29.87263
2023-06-24 21:45,29.7288
2023-06-24 22:00,31.70263
2023-06-24 22:15,29.06454
2023-06-24 22:30,23.69908
2023-06-24 22:45,14.35558
2023-06-24 23:00,21.28542
2023-06-24 23:15,15.17085
2023-06-24 23:30,13.5794
2023-06-24 23:45,2.65498
2023-06-25 0:00,4.82638
2023-06-25 0:15,5.59775
2023-06-25 0:30,5.44699
2023-06-25 0:45,1.52053
2023-06-25 1:00,2.00393
2023-06-25 1:15,-0.35243
2023-06-25 1:30,-2.97276
2023-06-25 1:45,-1.03919
2023-06-25 2:00,6.67886
2023-06-25 2:15,6.54318
2023-06-25 2:30,6.23944
2023-06-25 2:45,5.57345
2023-06-25 3:00,6.52465
2023-06-25 3:15,7.93468
2023-06-25 3:30,7.27299
2023-06-25 3:45,7.50364
2023-06-25 4:00,7.1737
2023-06-25 4:15,4.59779
2023-06-25 4:30,-0.04252
2023-06-25 4:45,1.10275
2023-06-25 5:00,0.96874
2023-06-25 5:15,-1.05589
2023-06-25 5:30,-1.64052
2023-06-25 5:45,-2.8585
2023-06-25 6:00,-6.65757
2023-06-25 6:15,-6.34836
2023-06-25 6:30,-4.73733
2023-06-25 6:45,-5.06197
2023-06-25 7:00,-7.24107
2023-06-25 7:15,-1.9025
2023-06-25 7:30,7.59868
2023-06-25 7:45,10.76472
2023-06-25 8:00,-4.477
2023-06-25 8:15,6.58982
2023-06-25 8:30,8.1336
2023-06-25 8:45,15.06396
2023-06-25 9:00,8.49688
2023-06-25 9:15,11.57608
2023-06-25 9:30,18.67701
2023-06-25 9:45,21.75574
2023-06-25 10:00,18.4342
2023-06-25 10:15,27.43927
2023-06-25 10:30,34.35691
2023-06-25 10:45,42.39713
2023-06-25 11:00,36.0005
2023-06-25 11:15,49.35554
2023-06-25 11:30,51.04972
2023-06-25 11:45,59.2924
2023-06-25 12:00,55.40908
2023-06-25 12:15,58.75532
2023-06-25 12:30,58.55402
2023-06-25 12:45,54.92089
2023-06-25 13:00,55.28896
2023-06-25 13:15,48.08932
2023-06-25 13:30,47.03963
2023-06-25 13:45,41.97798
2023-06-25 14:00,49.21713
2023-06-25 14:15,45.98362
2023-06-25 14:30,44.97406
2023-06-25 14:45,43.94473
2023-06-25 15:00,46.52209
2023-06-25 15:15,44.63138
2023-06-25 15:30,42.47539
2023-06-25 15:45,39.40401
2023-06-25 16:00,36.97146
2023-06-25 16:15,39.61287
2023-06-25 16:30,36.10697
2023-06-25 16:45,32.29563
2023-06-25 17:00,31.78586
2023-06-25 17:15,32.60479
2023-06-25 17:30,29.77954
2023-06-25 17:45,28.3038
2023-06-25 18:00,29.59325
2023-06-25 18:15,28.5108
2023-06-25 18:30,26.77286
2023-06-25 18:45,26.24384
2023-06-25 19:00,29.81925
2023-06-25 19:15,24.4824
2023-06-25 19:30,26.42225
2023-06-25 19:45,24.37299
2023-06-25 20:00,26.48058
2023-06-25 20:15,26.12826
2023-06-25 20:30,26.41933
2023-06-25 20:45,25.64851
2023-06-25 21:00,25.03401
2023-06-25 21:15,26.33209
2023-06-25 21:30,25.8175
2023-06-25 21:45,22.37569
2023-06-25 22:00,27.06139
2023-06-25 22:15,21.25933
2023-06-25 22:30,16.55027
2023-06-25 22:45,11.79605
2023-06-25 23:00,18.15817
2023-06-25 23:15,7.74919
2023-06-25 23:30,-2.55204
2023-06-25 23:45,-13.2052
2023-06-26 0:00,-11.00765
2023-06-26 0:15,-30.0947
2023-06-26 0:30,-31.76078
2023-06-26 0:45,-37.13666
2023-06-26 1:00,-28.54653
2023-06-26 1:15,-31.70187
2023-06-26 1:30,-32.11303
2023-06-26 1:45,-32.00201
2023-06-26 2:00,-30.73526
2023-06-26 2:15,-29.91508
2023-06-26 2:30,-32.0528
2023-06-26 2:45,-30.81037
2023-06-26 3:00,-29.08269
2023-06-26 3:15,-28.48882
2023-06-26 3:30,-28.86928
2023-06-26 3:45,-33.18642
2023-06-26 4:00,-28.40888
2023-06-26 4:15,-28.25154
2023-06-26 4:30,-31.44008
2023-06-26 4:45,-30.53889
2023-06-26 5:00,-30.82348
2023-06-26 5:15,-29.96066
2023-06-26 5:30,-32.96737
2023-06-26 5:45,-32.60117
2023-06-26 6:00,-30.87332
2023-06-26 6:15,-30.37689
2023-06-26 6:30,-27.48404
2023-06-26 6:45,-19.70168
2023-06-26 7:00,-24.07149
2023-06-26 7:15,-22.15779
2023-06-26 7:30,-22.8814
2023-06-26 7:45,-4.98601
2023-06-26 8:00,-14.35132
2023-06-26 8:15,-7.49777
2023-06-26 8:30,-7.48265
2023-06-26 8:45,-15.74824
2023-06-26 9:00,-6.07248
2023-06-26 9:15,-1.4261
2023-06-26 9:30,-5.38429
2023-06-26 9:45,5.64245
2023-06-26 10:00,15.83905
2023-06-26 10:15,19.41639
2023-06-26 10:30,38.98613
2023-06-26 10:45,41.34709
2023-06-26 11:00,35.18998
2023-06-26 11:15,40.36653
2023-06-26 11:30,61.57197
2023-06-26 11:45,67.12672
2023-06-26 12:00,57.32181
2023-06-26 12:15,47.8791
2023-06-26 12:30,59.75715
2023-06-26 12:45,45.77598
2023-06-26 13:00,43.14109
2023-06-26 13:15,40.98873
2023-06-26 13:30,41.56642
2023-06-26 13:45,38.24479
2023-06-26 14:00,39.92373
2023-06-26 14:15,34.76814
2023-06-26 14:30,33.22742
2023-06-26 14:45,30.49743
2023-06-26 15:00,37.48577
2023-06-26 15:15,32.65848
2023-06-26 15:30,32.23581
2023-06-26 15:45,29.94358
2023-06-26 16:00,37.09814
2023-06-26 16:15,35.9949
2023-06-26 16:30,33.2145
2023-06-26 16:45,30.23051
2023-06-26 17:00,33.50979
2023-06-26 17:15,30.32003
2023-06-26 17:30,29.57157
2023-06-26 17:45,28.74836
2023-06-26 18:00,29.13188
2023-06-26 18:15,28.81488
2023-06-26 18:30,28.68665
2023-06-26 18:45,28.2795
2023-06-26 19:00,29.25086
2023-06-26 19:15,29.65442
2023-06-26 19:30,29.67523
2023-06-26 19:45,29.60922
2023-06-26 20:00,29.36491
2023-06-26 20:15,29.53051
2023-06-26 20:30,29.84691
2023-06-26 20:45,29.93947
2023-06-26 21:00,29.29641
2023-06-26 21:15,29.79088
2023-06-26 21:30,32.31107
2023-06-26 21:45,30.3618
2023-06-26 22:00,30.34369
2023-06-26 22:15,29.63627
2023-06-26 22:30,26.30231
2023-06-26 22:45,17.3824
2023-06-26 23:00,27.47242
2023-06-26 23:15,19.02416
2023-06-26 23:30,15.51982
2023-06-26 23:45,11.14894
2023-06-27 0:00,15.82114
2023-06-27 0:15,12.64805
2023-06-27 0:30,12.3904
2023-06-27 0:45,10.51069
2023-06-27 1:00,16.32092
2023-06-27 1:15,10.94581
2023-06-27 1:30,11.74442
2023-06-27 1:45,12.62335
2023-06-27 2:00,9.82283
2023-06-27 2:15,9.01597
2023-06-27 2:30,9.35394
2023-06-27 2:45,8.42059
2023-06-27 3:00,11.061
2023-06-27 3:15,11.19831
2023-06-27 3:30,11.47893
2023-06-27 3:45,11.98483
2023-06-27 4:00,12.6017
2023-06-27 4:15,10.27763
2023-06-27 4:30,12.31604
2023-06-27 4:45,14.72601
2023-06-27 5:00,12.76477
2023-06-27 5:15,14.30546
2023-06-27 5:30,16.52979
2023-06-27 5:45,18.37213
2023-06-27 6:00,19.23514
2023-06-27 6:15,23.06183
2023-06-27 6:30,23.9215
2023-06-27 6:45,28.2506
2023-06-27 7:00,28.2506
2023-06-27 7:15,22.61558
2023-06-27 7:30,25.6086
2023-06-27 7:45,27.97063
2023-06-27 8:00,20.3092
2023-06-27 8:15,22.53915
2023-06-27 8:30,26.3753
2023-06-27 8:45,27.71298
2023-06-27 9:00,23.60727
2023-06-27 9:15,28.02959
2023-06-27 9:30,30.587
2023-06-27 9:45,37.23765
2023-06-27 10:00,19.10527
2023-06-27 10:15,24.07596
2023-06-27 10:30,32.04682
2023-06-27 10:45,43.88265
2023-06-27 11:00,31.51199
2023-06-27 11:15,32.73201
2023-06-27 11:30,31.38977
2023-06-27 11:45,29.35544
2023-06-27 12:00,33.35403
2023-06-27 12:15,32.12945
2023-06-27 12:30,33.07617
2023-06-27 12:45,32.65597
2023-06-27 13:00,37.03644
2023-06-27 13:15,33.53989
2023-06-27 13:30,28.014
2023-06-27 13:45,28.85075
2023-06-27 14:00,44.25083
2023-06-27 14:15,34.24763
2023-06-27 14:30,36.59955
2023-06-27 14:45,32.87665
2023-06-27 15:00,37.79143
2023-06-27 15:15,35.24646
2023-06-27 15:30,31.46329
2023-06-27 15:45,31.74298
2023-06-27 16:00,40.37356
2023-06-27 16:15,35.49367
2023-06-27 16:30,35.14398
2023-06-27 16:45,34.4259
2023-06-27 17:00,36.45898
2023-06-27 17:15,35.61532
2023-06-27 17:30,34.50084
2023-06-27 17:45,33.32503
2023-06-27 18:00,32.73098
2023-06-27 18:15,29.57392
2023-06-27 18:30,30.2094
2023-06-27 18:45,29.44303
2023-06-27 19:00,32.2176
2023-06-27 19:15,32.70823
2023-06-27 19:30,33.48777
2023-06-27 19:45,32.65283
2023-06-27 20:00,30.25725
2023-06-27 20:15,31.53358
2023-06-27 20:30,33.52798
2023-06-27 20:45,33.74144
2023-06-27 21:00,34.65179
2023-06-27 21:15,35.1929
2023-06-27 21:30,37.23973
2023-06-27 21:45,37.11122
2023-06-27 22:00,35.07896
2023-06-27 22:15,31
2023-06-27 22:30,27.1004
2023-06-27 22:45,16.32626
2023-06-27 23:00,23.88115
2023-06-27 23:15,18.75966
2023-06-27 23:30,17.72611
2023-06-27 23:45,15.81652
2023-06-28 0:00,18.97373
2023-06-28 0:15,18.14983
2023-06-28 0:30,17.46882
2023-06-28 0:45,11.94927
2023-06-28 1:00,18.95145
2023-06-28 1:15,15.9276
2023-06-28 1:30,9.2734
2023-06-28 1:45,10.68555
2023-06-28 2:00,14.09306
2023-06-28 2:15,12.06
2023-06-28 2:30,7.18282
2023-06-28 2:45,15.52257
2023-06-28 3:00,18.6268
2023-06-28 3:15,18.92161
2023-06-28 3:30,20.1388
2023-06-28 3:45,21.2848
2023-06-28 4:00,21.8664
2023-06-28 4:15,18.4174
2023-06-28 4:30,19.82727
2023-06-28 4:45,22.1
2023-06-28 5:00,18.77613
2023-06-28 5:15,18.76516
2023-06-28 5:30,22.50985
2023-06-28 5:45,26.58327
2023-06-28 6:00,21.5488
2023-06-28 6:15,18.0301
2023-06-28 6:30,20.16092
2023-06-28 6:45,26.3784
2023-06-28 7:00,22.51559
2023-06-28 7:15,23.14644
2023-06-28 7:30,28.42169
2023-06-28 7:45,30.49345
2023-06-28 8:00,25.11752
2023-06-28 8:15,29.9188
2023-06-28 8:30,32.71019
2023-06-28 8:45,34.11612
2023-06-28 9:00,25.54
2023-06-28 9:15,27.4876
2023-06-28 9:30,32.5588
2023-06-28 9:45,38.9688
2023-06-28 10:00,26.0176
2023-06-28 10:15,28.85666
2023-06-28 10:30,34.9988
2023-06-28 10:45,39.57471
2023-06-28 11:00,35.07218
2023-06-28 11:15,35.97248
2023-06-28 11:30,33.24957
2023-06-28 11:45,45.34831
2023-06-28 12:00,26.15083
2023-06-28 12:15,27.68239
2023-06-28 12:30,27.37993
2023-06-28 12:45,48.64499
2023-06-28 13:00,31.11239
2023-06-28 13:15,41.7519
2023-06-28 13:30,32.20831
2023-06-28 13:45,34.52141
2023-06-28 14:00,37.57719
2023-06-28 14:15,36.04502
2023-06-28 14:30,34.79
2023-06-28 14:45,35.58656
2023-06-28 15:00,42.42
2023-06-28 15:15,39.95206
2023-06-28 15:30,35.95
2023-06-28 15:45,34.11757
2023-06-28 16:00,39.88
2023-06-28 16:15,40.07143
2023-06-28 16:30,36.37
2023-06-28 16:45,33.92693
2023-06-28 17:00,37.02234
2023-06-28 17:15,36.64724
2023-06-28 17:30,35.44358
2023-06-28 17:45,33.09878
2023-06-28 18:00,34.24605
2023-06-28 18:15,33.13034
2023-06-28 18:30,32.97579
2023-06-28 18:45,32.57861
2023-06-28 19:00,31.88427
2023-06-28 19:15,32.26509
2023-06-28 19:30,30.87721
2023-06-28 19:45,30.78764
2023-06-28 20:00,30.88778
2023-06-28 20:15,30.82706
2023-06-28 20:30,30.93115
2023-06-28 20:45,30.89063
2023-06-28 21:00,30
2023-06-28 21:15,31.2788
2023-06-28 21:30,33.1312
2023-06-28 21:45,32.91361
2023-06-28 22:00,38.95067
2023-06-28 22:15,32.4958
2023-06-28 22:30,29.77898
2023-06-28 22:45,24.21212
2023-06-28 23:00,30.27936
2023-06-28 23:15,22.59719
2023-06-28 23:30,21.40311
2023-06-28 23:45,14.2847
2023-06-29 0:00,17.05148
2023-06-29 0:15,21.95149
2023-06-29 0:30,20.38984
2023-06-29 0:45,19.17871
2023-06-29 1:00,17.84822
2023-06-29 1:15,15.62996
2023-06-29 1:30,17.55073
2023-06-29 1:45,13.9733
2023-06-29 2:00,15.74237
2023-06-29 2:15,12.72052
2023-06-29 2:30,13.38217
2023-06-29 2:45,13.83116
2023-06-29 3:00,15.04354
2023-06-29 3:15,16.97163
2023-06-29 3:30,16.61804
2023-06-29 3:45,16.63635
2023-06-29 4:00,15.81025
2023-06-29 4:15,14.16074
2023-06-29 4:30,16.14802
2023-06-29 4:45,17.55352
2023-06-29 5:00,16.11061
2023-06-29 5:15,15.38209
2023-06-29 5:30,13.46008
2023-06-29 5:45,15.94288
2023-06-29 6:00,16.73629
2023-06-29 6:15,13.83629
2023-06-29 6:30,15.67073
2023-06-29 6:45,19.2973
2023-06-29 7:00,14.76392
2023-06-29 7:15,12.60006
2023-06-29 7:30,15.92992
2023-06-29 7:45,21.11404
2023-06-29 8:00,15.98254
2023-06-29 8:15,12.93499
2023-06-29 8:30,19.25178
2023-06-29 8:45,23.73373
2023-06-29 9:00,17.36336
2023-06-29 9:15,20.50517
2023-06-29 9:30,24.06862
2023-06-29 9:45,25.93271
2023-06-29 10:00,18.3708
2023-06-29 10:15,24.68233
2023-06-29 10:30,32.80974
2023-06-29 10:45,45.78
2023-06-29 11:00,38.62929
2023-06-29 11:15,44.24113
2023-06-29 11:30,50.34982
2023-06-29 11:45,54.23974
2023-06-29 12:00,58.11829
2023-06-29 12:15,45.97551
2023-06-29 12:30,44.98546
2023-06-29 12:45,44.98609
2023-06-29 13:00,45.52997
2023-06-29 13:15,43.26192
2023-06-29 13:30,41.32753
2023-06-29 13:45,37.36568
2023-06-29 14:00,42.38479
2023-06-29 14:15,39.6989
2023-06-29 14:30,36.07952
2023-06-29 14:45,32.84902
2023-06-29 15:00,36.88045
2023-06-29 15:15,33.06467
2023-06-29 15:30,31.81944
2023-06-29 15:45,29.43452
2023-06-29 16:00,38.6673
2023-06-29 16:15,37.38167
2023-06-29 16:30,35.50516
2023-06-29 16:45,32.75524
2023-06-29 17:00,36.42641
2023-06-29 17:15,35.00755
2023-06-29 17:30,32.26587
2023-06-29 17:45,31.43289
2023-06-29 18:00,35.38539
2023-06-29 18:15,34.70554
2023-06-29 18:30,34.66025
2023-06-29 18:45,32.52924
2023-06-29 19:00,32.44418
2023-06-29 19:15,32.43744
2023-06-29 19:30,32.38034
2023-06-29 19:45,32.38329
2023-06-29 20:00,31.91048
2023-06-29 20:15,32.18123
2023-06-29 20:30,32.69566
2023-06-29 20:45,32.40298
2023-06-29 21:00,30.54
2023-06-29 21:15,31.3712
2023-06-29 21:30,31.61
2023-06-29 21:45,31.78696
2023-06-29 22:00,34.15766
2023-06-29 22:15,30.18025
2023-06-29 22:30,24.92642
2023-06-29 22:45,21.81371
2023-06-29 23:00,31.37444
2023-06-29 23:15,23.65982
2023-06-29 23:30,14.78943
2023-06-29 23:45,11.76771
2023-06-30 0:00,16.23689
2023-06-30 0:15,14.18339
2023-06-30 0:30,10.68546
2023-06-30 0:45,9.81119
2023-06-30 1:00,14.66511
2023-06-30 1:15,13.74805
2023-06-30 1:30,15.97088
2023-06-30 1:45,13.41188
2023-06-30 2:00,13.35813
2023-06-30 2:15,12.40331
2023-06-30 2:30,11.49665
2023-06-30 2:45,12.24317
2023-06-30 3:00,11.7428
2023-06-30 3:15,12.00385
2023-06-30 3:30,9.4657
2023-06-30 3:45,8.62304
2023-06-30 4:00,8.3741
2023-06-30 4:15,9.33517
2023-06-30 4:30,9.78579
2023-06-30 4:45,12.80846
2023-06-30 5:00,14.72175
2023-06-30 5:15,16.42366
2023-06-30 5:30,16.62784
2023-06-30 5:45,17.11561
2023-06-30 6:00,17.37471
2023-06-30 6:15,23.05945
2023-06-30 6:30,23.49108
2023-06-30 6:45,30.88615
2023-06-30 7:00,19.73981
2023-06-30 7:15,21.11001
2023-06-30 7:30,26.48176
2023-06-30 7:45,34.3461
2023-06-30 8:00,24.81544
2023-06-30 8:15,23.95894
2023-06-30 8:30,28.26031
2023-06-30 8:45,45.54108
2023-06-30 9:00,28.94045
2023-06-30 9:15,29.95894
2023-06-30 9:30,36.46338
2023-06-30 9:45,45.07586
2023-06-30 10:00,29.61501
2023-06-30 10:15,36.23935
2023-06-30 10:30,52.56
2023-06-30 10:45,65.7024
2023-06-30 11:00,39.57931
2023-06-30 11:15,45.4624
2023-06-30 11:30,52.35384
2023-06-30 11:45,74.02452
2023-06-30 12:00,65.37585
2023-06-30 12:15,64.36743
2023-06-30 12:30,54.51633
2023-06-30 12:45,54.66014
2023-06-30 13:00,56.54815
2023-06-30 13:15,54.2514
2023-06-30 13:30,49.01235
2023-06-30 13:45,43.85193
2023-06-30 14:00,54.84655
2023-06-30 14:15,44.2243
2023-06-30 14:30,43.50811
2023-06-30 14:45,39.26831
2023-06-30 15:00,39.26831
2023-06-30 15:15,39.26831
2023-06-30 15:30,36.33193
2023-06-30 15:45,32.30776
2023-06-30 16:00,40.98435
2023-06-30 16:15,43.77749
2023-06-30 16:30,41.63974
2023-06-30 16:45,37.40048
2023-06-30 17:00,38.80148
2023-06-30 17:15,38.55266
2023-06-30 17:30,38.43884
2023-06-30 17:45,35.2126
2023-06-30 18:00,37.61581
2023-06-30 18:15,36.5524
2023-06-30 18:30,35.27034
2023-06-30 18:45,33.84131
2023-06-30 19:00,37.10845
2023-06-30 19:15,35.91304
2023-06-30 19:30,35.88077
2023-06-30 19:45,36.02331
2023-06-30 20:00,35.38723
2023-06-30 20:15,36.57459
2023-06-30 20:30,37.59697
2023-06-30 20:45,37.26166
2023-06-30 21:00,34.81299
2023-06-30 21:15,38.90754
2023-06-30 21:30,38.46955
2023-06-30 21:45,38.07954
2023-06-30 22:00,39.12952
2023-06-30 22:15,36.65151
2023-06-30 22:30,32.41489
2023-06-30 22:45,27.70066
2023-06-30 23:00,34.26
2023-06-30 23:15,26.72891
2023-06-30 23:30,17.09116
2023-06-30 23:45,13.78105
2023-07-01 0:00,25.63663
2023-07-01 0:15,24.99934
2023-07-01 0:30,23.28167
2023-07-01 0:45,21.80352
2023-07-01 1:00,29.70926
2023-07-01 1:15,30.31312
2023-07-01 1:30,26.00455
2023-07-01 1:45,20.78583
2023-07-01 2:00,16.86232
2023-07-01 2:15,16.70085
2023-07-01 2:30,18.10137
2023-07-01 2:45,15.622
2023-07-01 3:00,11.62145
2023-07-01 3:15,11.89256
2023-07-01 3:30,14.10022
2023-07-01 3:45,12.78593
2023-07-01 4:00,8.29401
2023-07-01 4:15,9.41848
2023-07-01 4:30,8.9658
2023-07-01 4:45,11.65934
2023-07-01 5:00,15.83373
2023-07-01 5:15,18.17451
2023-07-01 5:30,22.26403
2023-07-01 5:45,20.78756
2023-07-01 6:00,14.21527
2023-07-01 6:15,24.9024
2023-07-01 6:30,36.71006
2023-07-01 6:45,41.21731
2023-07-01 7:00,29.66778
2023-07-01 7:15,36.73917
2023-07-01 7:30,43.47394
2023-07-01 7:45,50.53299
2023-07-01 8:00,35.42515
2023-07-01 8:15,38.98952
2023-07-01 8:30,56.29616
2023-07-01 8:45,63.0937
2023-07-01 9:00,43.44412
2023-07-01 9:15,44.06921
2023-07-01 9:30,56.3441
2023-07-01 9:45,77.81437
2023-07-01 10:00,39.66074
2023-07-01 10:15,53.021
2023-07-01 10:30,61.15735
2023-07-01 10:45,77.92052
2023-07-01 11:00,65.65561
2023-07-01 11:15,82.12848
2023-07-01 11:30,83.36046
2023-07-01 11:45,82.88157
2023-07-01 12:00,83.11797
2023-07-01 12:15,82.99036
2023-07-01 12:30,73.60477
2023-07-01 12:45,67.54726
2023-07-01 13:00,85.93283
2023-07-01 13:15,74.20424
2023-07-01 13:30,62.37958
2023-07-01 13:45,53.06084
2023-07-01 14:00,64.50927
2023-07-01 14:15,53.35124
2023-07-01 14:30,50.11479
2023-07-01 14:45,47.39392
2023-07-01 15:00,48.95154
2023-07-01 15:15,43.08692
2023-07-01 15:30,40.1508
2023-07-01 15:45,38.51071
2023-07-01 16:00,39.3223
2023-07-01 16:15,38.8291
2023-07-01 16:30,38.48464
2023-07-01 16:45,37.05726
2023-07-01 17:00,41.638
2023-07-01 17:15,39.43834
2023-07-01 17:30,38.97037
2023-07-01 17:45,37.25891
2023-07-01 18:00,39.44226
2023-07-01 18:15,39.36639
2023-07-01 18:30,38.1367
2023-07-01 18:45,36.78671
2023-07-01 19:00,38.68432
2023-07-01 19:15,38.27419
2023-07-01 19:30,36.79043
2023-07-01 19:45,36.58147
2023-07-01 20:00,38.65622
2023-07-01 20:15,36.43252
2023-07-01 20:30,36.52978
2023-07-01 20:45,36.22498
2023-07-01 21:00,36.31845
2023-07-01 21:15,36.30061
2023-07-01 21:30,36.0633
2023-07-01 21:45,33.57206
2023-07-01 22:00,35.01674
2023-07-01 22:15,31.31498
2023-07-01 22:30,25.17534
2023-07-01 22:45,17.72448
2023-07-01 23:00,17.32446
2023-07-01 23:15,14.93758
2023-07-01 23:30,10.07913
2023-07-01 23:45,13.6018
2023-07-02 0:00,14.84294
2023-07-02 0:15,14.79152
2023-07-02 0:30,14.28405
2023-07-02 0:45,15.55445
2023-07-02 1:00,16.42236
2023-07-02 1:15,16.82179
2023-07-02 1:30,17.67479
2023-07-02 1:45,18.31757
2023-07-02 2:00,17.69755
2023-07-02 2:15,14.7302
2023-07-02 2:30,18.04256
2023-07-02 2:45,22.06597
2023-07-02 3:00,13.80301
2023-07-02 3:15,14.16644
2023-07-02 3:30,14.95573
2023-07-02 3:45,16.44276
2023-07-02 4:00,10.22376
2023-07-02 4:15,10.08301
2023-07-02 4:30,9.14945
2023-07-02 4:45,18.56494
2023-07-02 5:00,15.58038
2023-07-02 5:15,17.78352
2023-07-02 5:30,20.43455
2023-07-02 5:45,25.35186
2023-07-02 6:00,16.15491
2023-07-02 6:15,17.02232
2023-07-02 6:30,23.91146
2023-07-02 6:45,29.98099
2023-07-02 7:00,18.57916
2023-07-02 7:15,21.37556
2023-07-02 7:30,30.27784
2023-07-02 7:45,35.52407
2023-07-02 8:00,27.87617
2023-07-02 8:15,30.34765
2023-07-02 8:30,35.47863
2023-07-02 8:45,39.58138
2023-07-02 9:00,34.13758
2023-07-02 9:15,37.58048
2023-07-02 9:30,38.29417
2023-07-02 9:45,39.57933
2023-07-02 10:00,32.14831
2023-07-02 10:15,37.81237
2023-07-02 10:30,40.26161
2023-07-02 10:45,56.60105
2023-07-02 11:00,47.93623
2023-07-02 11:15,56.09943
2023-07-02 11:30,63.62635
2023-07-02 11:45,63.65059
2023-07-02 12:00,55.73
2023-07-02 12:15,53.2388
2023-07-02 12:30,49.04
2023-07-02 12:45,48.31076
2023-07-02 13:00,50.1764
2023-07-02 13:15,48.77167
2023-07-02 13:30,40.63
2023-07-02 13:45,38.65126
2023-07-02 14:00,46.64
2023-07-02 14:15,42.2493
2023-07-02 14:30,42.18027
2023-07-02 14:45,39.45475
2023-07-02 15:00,42.7612
2023-07-02 15:15,38.99
2023-07-02 15:30,38.97751
2023-07-02 15:45,38.02538
2023-07-02 16:00,42.23455
2023-07-02 16:15,42.24017
2023-07-02 16:30,40.92219
2023-07-02 16:45,39.75162
2023-07-02 17:00,39.22
2023-07-02 17:15,38.90886
2023-07-02 17:30,36.79749
2023-07-02 17:45,36.05975
2023-07-02 18:00,38.12308
2023-07-02 18:15,37.70035
2023-07-02 18:30,37.53734
2023-07-02 18:45,35.81573
2023-07-02 19:00,36.19426
2023-07-02 19:15,36.22801
2023-07-02 19:30,36.21665
2023-07-02 19:45,35.66634
2023-07-02 20:00,36.096
2023-07-02 20:15,36.20523
2023-07-02 20:30,36.45864
2023-07-02 20:45,36.66923
2023-07-02 21:00,37.43258
2023-07-02 21:15,37.65819
2023-07-02 21:30,36.75618
2023-07-02 21:45,35.98617
2023-07-02 22:00,38.2419
2023-07-02 22:15,34.81915
2023-07-02 22:30,29.189
2023-07-02 22:45,20.42129
2023-07-02 23:00,27.50449
2023-07-02 23:15,19.29686
2023-07-02 23:30,16.4452
2023-07-02 23:45,15.48815
2023-07-03 0:00,17.58815
2023-07-03 0:15,13.67698
2023-07-03 0:30,11.1338
2023-07-03 0:45,10.06174
2023-07-03 1:00,12.05599
2023-07-03 1:15,12.54716
2023-07-03 1:30,10.8368
2023-07-03 1:45,14.61663
2023-07-03 2:00,10.50257
2023-07-03 2:15,12.95383
2023-07-03 2:30,14.45037
2023-07-03 2:45,14.03899
2023-07-03 3:00,10.82275
2023-07-03 3:15,12.20521
2023-07-03 3:30,16.95555
2023-07-03 3:45,21.35841
2023-07-03 4:00,11.96941
2023-07-03 4:15,13.82916
2023-07-03 4:30,21.06028
2023-07-03 4:45,25.24922
2023-07-03 5:00,22.07964
2023-07-03 5:15,23.7481
2023-07-03 5:30,27.13878
2023-07-03 5:45,28.65494
2023-07-03 6:00,28.12368
2023-07-03 6:15,31.02977
2023-07-03 6:30,37.65658
2023-07-03 6:45,38.55384
2023-07-03 7:00,28.00142
2023-07-03 7:15,36.34644
2023-07-03 7:30,41.2418
2023-07-03 7:45,43.04062
2023-07-03 8:00,30.11755
2023-07-03 8:15,32.68821
2023-07-03 8:30,37.82155
2023-07-03 8:45,43.31754
2023-07-03 9:00,29.68207
2023-07-03 9:15,33.90217
2023-07-03 9:30,38.04303
2023-07-03 9:45,46.53715
2023-07-03 10:00,35.87771
2023-07-03 10:15,38.43998
2023-07-03 10:30,46.33714
2023-07-03 10:45,59.73238
2023-07-03 11:00,60.18327
2023-07-03 11:15,64.33062
2023-07-03 11:30,66.16887
2023-07-03 11:45,70.59592
2023-07-03 12:00,69.95198
2023-07-03 12:15,66.81639
2023-07-03 12:30,68.2893
2023-07-03 12:45,62.16387
2023-07-03 13:00,70.9392
2023-07-03 13:15,68.52918
2023-07-03 13:30,61.27345
2023-07-03 13:45,50.89758
2023-07-03 14:00,69.97263
2023-07-03 14:15,65.16219
2023-07-03 14:30,57.732
2023-07-03 14:45,44.88358
2023-07-03 15:00,55.57832
2023-07-03 15:15,41.38545
2023-07-03 15:30,39.71805
2023-07-03 15:45,39.23979
2023-07-03 16:00,44.99455
2023-07-03 16:15,43.44305
2023-07-03 16:30,42.76114
2023-07-03 16:45,41.62852
2023-07-03 17:00,43.31146
2023-07-03 17:15,43.2562
2023-07-03 17:30,40.27058
2023-07-03 17:45,37.06465
2023-07-03 18:00,42.18216
2023-07-03 18:15,43.31943
2023-07-03 18:30,41.58621
2023-07-03 18:45,40.20057
2023-07-03 19:00,41.31258
2023-07-03 19:15,42.26922
2023-07-03 19:30,41.01205
2023-07-03 19:45,39.59183
2023-07-03 20:00,39.69123
2023-07-03 20:15,39.73818
2023-07-03 20:30,39.88367
2023-07-03 20:45,39.89556
2023-07-03 21:00,39.49709
2023-07-03 21:15,39.91911
2023-07-03 21:30,40.12817
2023-07-03 21:45,39.16024
2023-07-03 22:00,39.69403
2023-07-03 22:15,36.52937
2023-07-03 22:30,33.94481
2023-07-03 22:45,28.8063
2023-07-03 23:00,30.7643
2023-07-03 23:15,20.4564
2023-07-03 23:30,16.1848
2023-07-03 23:45,16.57534
2023-07-04 0:00,20.09889
2023-07-04 0:15,21.61539
2023-07-04 0:30,19.37704
2023-07-04 0:45,20.18729
2023-07-04 1:00,23.00246
2023-07-04 1:15,20.45101
2023-07-04 1:30,23.41131
2023-07-04 1:45,25.86448
2023-07-04 2:00,23.31078
2023-07-04 2:15,26.87218
2023-07-04 2:30,30.27469
2023-07-04 2:45,31.48308
2023-07-04 3:00,28.9044
2023-07-04 3:15,29.3259
2023-07-04 3:30,33.3018
2023-07-04 3:45,33.76582
2023-07-04 4:00,32.03018
2023-07-04 4:15,33.95047
2023-07-04 4:30,33.00627
2023-07-04 4:45,36.68107
2023-07-04 5:00,30.33997
2023-07-04 5:15,33.22218
2023-07-04 5:30,33.96835
2023-07-04 5:45,44.55206
2023-07-04 6:00,30.11698
2023-07-04 6:15,37.57472
2023-07-04 6:30,41.7789
2023-07-04 6:45,45.35426
2023-07-04 7:00,36.90394
2023-07-04 7:15,41.07046
2023-07-04 7:30,46.46
2023-07-04 7:45,47.72119
2023-07-04 8:00,39.85978
2023-07-04 8:15,46.0312
2023-07-04 8:30,45.03592
2023-07-04 8:45,45.80631
2023-07-04 9:00,38.44097
2023-07-04 9:15,40.0024
2023-07-04 9:30,44.09417
2023-07-04 9:45,50.86952
2023-07-04 10:00,33.35493
2023-07-04 10:15,36.36419
2023-07-04 10:30,41.89537
2023-07-04 10:45,46.03557
2023-07-04 11:00,43.11441
2023-07-04 11:15,46.53018
2023-07-04 11:30,50.74038
2023-07-04 11:45,43.46486
2023-07-04 12:00,47.39987
2023-07-04 12:15,43.3634
2023-07-04 12:30,40.49101
2023-07-04 12:45,40.04176
2023-07-04 13:00,50.62398
2023-07-04 13:15,46.06449
2023-07-04 13:30,43.98961
2023-07-04 13:45,42.2493
2023-07-04 14:00,44.98774
2023-07-04 14:15,41.27397
2023-07-04 14:30,37.99043
2023-07-04 14:45,37.87688
2023-07-04 15:00,39.85151
2023-07-04 15:15,36.9606
2023-07-04 15:30,34.55915
2023-07-04 15:45,32.02287
2023-07-04 16:00,43.36714
2023-07-04 16:15,41.43019
2023-07-04 16:30,40.66123
2023-07-04 16:45,38.85935
2023-07-04 17:00,42.38712
2023-07-04 17:15,39.14296
2023-07-04 17:30,38.63456
2023-07-04 17:45,38.26508
2023-07-04 18:00,36.62946
2023-07-04 18:15,35.14007
2023-07-04 18:30,34.71606
2023-07-04 18:45,34.35435
2023-07-04 19:00,34.90072
2023-07-04 19:15,34.70638
2023-07-04 19:30,33.9699
2023-07-04 19:45,34.22269
2023-07-04 20:00,34.59046
2023-07-04 20:15,34.63962
2023-07-04 20:30,34.73482
2023-07-04 20:45,34.60101
2023-07-04 21:00,35.5126
2023-07-04 21:15,35.38614
2023-07-04 21:30,34.87664
2023-07-04 21:45,34.84826
2023-07-04 22:00,39.1022
2023-07-04 22:15,34.51
2023-07-04 22:30,28.4388
2023-07-04 22:45,20.31769
2023-07-04 23:00,24.2064
2023-07-04 23:15,14.39684
2023-07-04 23:30,10.60889
2023-07-04 23:45,8.70985
2023-07-05 0:00,9.8846
2023-07-05 0:15,8.8395
2023-07-05 0:30,6.07528
2023-07-05 0:45,4.20086
2023-07-05 1:00,7.40043
2023-07-05 1:15,10.99463
2023-07-05 1:30,10.51122
2023-07-05 1:45,11.89911
2023-07-05 2:00,11.34918
2023-07-05 2:15,11.66643
2023-07-05 2:30,12.11257
2023-07-05 2:45,9.68058
2023-07-05 3:00,10.936
2023-07-05 3:15,10.97901
2023-07-05 3:30,11.57189
2023-07-05 3:45,12.79782
2023-07-05 4:00,9.75521
2023-07-05 4:15,10.76495
2023-07-05 4:30,11.3214
2023-07-05 4:45,11.20094
2023-07-05 5:00,3.83118
2023-07-05 5:15,-6.90554
2023-07-05 5:30,8.64709
2023-07-05 5:45,9.87527
2023-07-05 6:00,10.14194
2023-07-05 6:15,13.17013
2023-07-05 6:30,12.51859
2023-07-05 6:45,20.01215
2023-07-05 7:00,14.52782
2023-07-05 7:15,20.40517
2023-07-05 7:30,23.74268
2023-07-05 7:45,27.74456
2023-07-05 8:00,12.61237
2023-07-05 8:15,17.77754
2023-07-05 8:30,21.62444
2023-07-05 8:45,31.13509
2023-07-05 9:00,17.8926
2023-07-05 9:15,19.05026
2023-07-05 9:30,24.25688
2023-07-05 9:45,30.59251
2023-07-05 10:00,26.4701
2023-07-05 10:15,31.31635
2023-07-05 10:30,36.10332
2023-07-05 10:45,41.81963
2023-07-05 11:00,38.15225
2023-07-05 11:15,42.31964
2023-07-05 11:30,49.30612
2023-07-05 11:45,46.33294
2023-07-05 12:00,47.78352
2023-07-05 12:15,44.23267
2023-07-05 12:30,42.72546
2023-07-05 12:45,42.36002
2023-07-05 13:00,44.44831
2023-07-05 13:15,41.90255
2023-07-05 13:30,41.88963
2023-07-05 13:45,39.67704
2023-07-05 14:00,47.70448
2023-07-05 14:15,43.03841
2023-07-05 14:30,39.66669
2023-07-05 14:45,37.44111
2023-07-05 15:00,42.73124
2023-07-05 15:15,38.58985
2023-07-05 15:30,37.0012
2023-07-05 15:45,36.16654
2023-07-05 16:00,41.6439
2023-07-05 16:15,40.75696
2023-07-05 16:30,39.52515
2023-07-05 16:45,36.66154
2023-07-05 17:00,41.47221
2023-07-05 17:15,39.69004
2023-07-05 17:30,37.05375
2023-07-05 17:45,35.99541
2023-07-05 18:00,39.12419
2023-07-05 18:15,37.39063
2023-07-05 18:30,37.15133
2023-07-05 18:45,36.14613
2023-07-05 19:00,36.33786
2023-07-05 19:15,37.36312
2023-07-05 19:30,36.09747
2023-07-05 19:45,35.96172
2023-07-05 20:00,35.45256
2023-07-05 20:15,36.13771
2023-07-05 20:30,36.2417
2023-07-05 20:45,36.22657
2023-07-05 21:00,36.24216
2023-07-05 21:15,36.48745
2023-07-05 21:30,36.82048
2023-07-05 21:45,36.32654
2023-07-05 22:00,42.94673
2023-07-05 22:15,38.63997
2023-07-05 22:30,32.98157
2023-07-05 22:45,28.21997
2023-07-05 23:00,39.0012
2023-07-05 23:15,26.91677
2023-07-05 23:30,12.63443
2023-07-05 23:45,11.02772
2023-07-06 0:00,19.67799
2023-07-06 0:15,16.07524
2023-07-06 0:30,15.68155
2023-07-06 0:45,16.0295
2023-07-06 1:00,15.18008
2023-07-06 1:15,15.86672
2023-07-06 1:30,13.02565
2023-07-06 1:45,13.00319
2023-07-06 2:00,22.29161
2023-07-06 2:15,23.37443
2023-07-06 2:30,22.59895
2023-07-06 2:45,25.78866
2023-07-06 3:00,23.15531
2023-07-06 3:15,27.4962
2023-07-06 3:30,27.6651
2023-07-06 3:45,31.59344
2023-07-06 4:00,31.02815
2023-07-06 4:15,33.59225
2023-07-06 4:30,34.89592
2023-07-06 4:45,32.46056
2023-07-06 5:00,39.06449
2023-07-06 5:15,43.56604
2023-07-06 5:30,52.15112
2023-07-06 5:45,56.67638
2023-07-06 6:00,40.54124
2023-07-06 6:15,46.73298
2023-07-06 6:30,52.09418
2023-07-06 6:45,56.91935
2023-07-06 7:00,39.24397
2023-07-06 7:15,46.5701
2023-07-06 7:30,59.01479
2023-07-06 7:45,64.28157
2023-07-06 8:00,35.8063
2023-07-06 8:15,37.26816
2023-07-06 8:30,46.45959
2023-07-06 8:45,49.21819
2023-07-06 9:00,35.96491
2023-07-06 9:15,40.16579
2023-07-06 9:30,49.36689
2023-07-06 9:45,59.98831
2023-07-06 10:00,38.04334
2023-07-06 10:15,40.93165
2023-07-06 10:30,50.8139
2023-07-06 10:45,80.73429
2023-07-06 11:00,53.42454
2023-07-06 11:15,61.52511
2023-07-06 11:30,76.92468
2023-07-06 11:45,76.86561
2023-07-06 12:00,75.41651
2023-07-06 12:15,63.87894
2023-07-06 12:30,60.04899
2023-07-06 12:45,55.44401
2023-07-06 13:00,71.97766
2023-07-06 13:15,62.6082
2023-07-06 13:30,55.82272
2023-07-06 13:45,52.74206
2023-07-06 14:00,63.72844
2023-07-06 14:15,61.43203
2023-07-06 14:30,61.43203
2023-07-06 14:45,42.32027
2023-07-06 15:00,48.25554
2023-07-06 15:15,40.43022
2023-07-06 15:30,40.15251
2023-07-06 15:45,36.64757
2023-07-06 16:00,50.94488
2023-07-06 16:15,43.92231
2023-07-06 16:30,40.68532
2023-07-06 16:45,38.0611
2023-07-06 17:00,43.54135
2023-07-06 17:15,41.62012
2023-07-06 17:30,39.81997
2023-07-06 17:45,39.23746
2023-07-06 18:00,39.56022
2023-07-06 18:15,38.1
2023-07-06 18:30,38.1
2023-07-06 18:45,36.92476
2023-07-06 19:00,39.2573
2023-07-06 19:15,39.5992
2023-07-06 19:30,37.08829
2023-07-06 19:45,37.32248
2023-07-06 20:00,39.52617
2023-07-06 20:15,40.05646
2023-07-06 20:30,40.10532
2023-07-06 20:45,40.56544
2023-07-06 21:00,39.57444
2023-07-06 21:15,40.56557
2023-07-06 21:30,42.77
2023-07-06 21:45,43.7178
2023-07-06 22:00,45.34437
2023-07-06 22:15,40.81305
2023-07-06 22:30,37.29149
2023-07-06 22:45,31.1382
2023-07-06 23:00,32.19251
2023-07-06 23:15,25.14962
2023-07-06 23:30,16.60671
2023-07-06 23:45,15.69237
2023-07-07 0:00,28.31771
2023-07-07 0:15,27.2817
2023-07-07 0:30,22.48589
2023-07-07 0:45,22.56827
2023-07-07 1:00,28.39071
2023-07-07 1:15,25.93058
2023-07-07 1:30,19.4806
2023-07-07 1:45,16.21221
2023-07-07 2:00,24.46273
2023-07-07 2:15,26.23421
2023-07-07 2:30,25.20002
2023-07-07 2:45,22.58152
2023-07-07 3:00,23.08833
2023-07-07 3:15,24.49494
2023-07-07 3:30,22.51081
2023-07-07 3:45,27.98914
2023-07-07 4:00,22.2613
2023-07-07 4:15,29.19817
2023-07-07 4:30,30.30606
2023-07-07 4:45,26.27287
2023-07-07 5:00,24.97831
2023-07-07 5:15,28.60789
2023-07-07 5:30,36.58537
2023-07-07 5:45,36.21465
2023-07-07 6:00,26.13577
2023-07-07 6:15,27.43878
2023-07-07 6:30,36.25462
2023-07-07 6:45,38.59928
2023-07-07 7:00,28.2276
2023-07-07 7:15,32.10524
2023-07-07 7:30,35.5688
2023-07-07 7:45,38.46996
2023-07-07 8:00,28.6212
2023-07-07 8:15,30.06
2023-07-07 8:30,35.69145
2023-07-07 8:45,38.63908
2023-07-07 9:00,28.34966
2023-07-07 9:15,28.23303
2023-07-07 9:30,36.57356
2023-07-07 9:45,49.45
2023-07-07 10:00,30.38389
2023-07-07 10:15,37.44256
2023-07-07 10:30,52.66622
2023-07-07 10:45,70.93736
2023-07-07 11:00,68.9964
2023-07-07 11:15,80.0012
2023-07-07 11:30,86.63361
2023-07-07 11:45,82.76767
2023-07-07 12:00,65.94781
2023-07-07 12:15,60.82594
2023-07-07 12:30,55.04876
2023-07-07 12:45,54.01488
2023-07-07 13:00,64.50414
2023-07-07 13:15,60.83525
2023-07-07 13:30,58.00211
2023-07-07 13:45,56.1612
2023-07-07 14:00,61.81216
2023-07-07 14:15,58.1474
2023-07-07 14:30,49.32156
2023-07-07 14:45,41
2023-07-07 15:00,51.48
2023-07-07 15:15,50.0036
2023-07-07 15:30,37.57397
2023-07-07 15:45,32.7529
2023-07-07 16:00,43.78743
2023-07-07 16:15,38.32455
2023-07-07 16:30,42.42102
2023-07-07 16:45,37.58855
2023-07-07 17:00,40.76265
2023-07-07 17:15,38.3201
2023-07-07 17:30,36.77284
2023-07-07 17:45,35.83476
2023-07-07 18:00,38.37048
2023-07-07 18:15,37.48924
2023-07-07 18:30,35.98539
2023-07-07 18:45,34.30102
2023-07-07 19:00,35.46517
2023-07-07 19:15,35.09463
2023-07-07 19:30,34.95999
2023-07-07 19:45,34.62824
2023-07-07 20:00,34.5512
2023-07-07 20:15,36.23807
2023-07-07 20:30,37.47805
2023-07-07 20:45,37.16432
2023-07-07 21:00,35.9718
2023-07-07 21:15,36.95417
2023-07-07 21:30,39.43068
2023-07-07 21:45,42.87209
2023-07-07 22:00,44.73154
2023-07-07 22:15,39.56234
2023-07-07 22:30,34.429
2023-07-07 22:45,29.32978
2023-07-07 23:00,27.92089
2023-07-07 23:15,24.87283
2023-07-07 23:30,16.70268
2023-07-07 23:45,5.70096
2023-07-08 0:00,25.35992
2023-07-08 0:15,17.2546
2023-07-08 0:30,17.29918
2023-07-08 0:45,16.829
2023-07-08 1:00,16.83233
2023-07-08 1:15,16.78048
2023-07-08 1:30,16.57942
2023-07-08 1:45,17.17166
2023-07-08 2:00,17.77171
2023-07-08 2:15,19.88196
2023-07-08 2:30,18.01575
2023-07-08 2:45,17.90905
2023-07-08 3:00,16.79447
2023-07-08 3:15,12.60339
2023-07-08 3:30,14.71859
2023-07-08 3:45,16.41498
2023-07-08 4:00,11.59895
2023-07-08 4:15,9.51436
2023-07-08 4:30,8.90498
2023-07-08 4:45,10.72987
2023-07-08 5:00,12.82792
2023-07-08 5:15,11.95463
2023-07-08 5:30,11.38685
2023-07-08 5:45,19.33889
2023-07-08 6:00,20.65293
2023-07-08 6:15,23.51715
2023-07-08 6:30,27.44626
2023-07-08 6:45,25.07021
2023-07-08 7:00,26.88489
2023-07-08 7:15,28.38646
2023-07-08 7:30,48.21
2023-07-08 7:45,53.5564
2023-07-08 8:00,17.86406
2023-07-08 8:15,25.04884
2023-07-08 8:30,28.89567
2023-07-08 8:45,28.10719
2023-07-08 9:00,18.63629
2023-07-08 9:15,25.47509
2023-07-08 9:30,34.0783
2023-07-08 9:45,41.6312
2023-07-08 10:00,29.5776
2023-07-08 10:15,34.40592
2023-07-08 10:30,45.498
2023-07-08 10:45,53.5576
2023-07-08 11:00,51.38
2023-07-08 11:15,59
2023-07-08 11:30,69.7784
2023-07-08 11:45,70.0024
2023-07-08 12:00,68.63533
2023-07-08 12:15,72.1394
2023-07-08 12:30,73.2514
2023-07-08 12:45,70.0036
2023-07-08 13:00,67.0024
2023-07-08 13:15,62.0036
2023-07-08 13:30,52.9988
2023-07-08 13:45,45.99
2023-07-08 14:00,51.19
2023-07-08 14:15,47
2023-07-08 14:30,40.0024
2023-07-08 14:45,38.30146
2023-07-08 15:00,48.22805
2023-07-08 15:15,42.5912
2023-07-08 15:30,35.9788
2023-07-08 15:45,35.5
2023-07-08 16:00,42.84368
2023-07-08 16:15,35.80177
2023-07-08 16:30,33.10001
2023-07-08 16:45,29.72926
2023-07-08 17:00,35.64656
2023-07-08 17:15,32.56759
2023-07-08 17:30,29.6874
2023-07-08 17:45,28.58581
2023-07-08 18:00,30.00386
2023-07-08 18:15,29.81843
2023-07-08 18:30,28.80592
2023-07-08 18:45,28.59438
2023-07-08 19:00,29.76491
2023-07-08 19:15,29.52112
2023-07-08 19:30,29.15088
2023-07-08 19:45,28.6191
2023-07-08 20:00,29.90722
2023-07-08 20:15,29.58096
2023-07-08 20:30,29.26222
2023-07-08 20:45,28.8696
2023-07-08 21:00,30.54453
2023-07-08 21:15,31.54828
2023-07-08 21:30,31.75264
2023-07-08 21:45,31.06726
2023-07-08 22:00,38.02692
2023-07-08 22:15,36.12163
2023-07-08 22:30,27.81182
2023-07-08 22:45,24.77758
2023-07-08 23:00,29.77542
2023-07-08 23:15,20.67665
2023-07-08 23:30,9.50782
2023-07-08 23:45,6.04532
2023-07-09 0:00,9.78332
2023-07-09 0:15,8.18755
2023-07-09 0:30,8.88057
2023-07-09 0:45,7.8452
2023-07-09 1:00,11.57795
2023-07-09 1:15,11.179
2023-07-09 1:30,10.10651
2023-07-09 1:45,10.05588
2023-07-09 2:00,9.74388
2023-07-09 2:15,11.00859
2023-07-09 2:30,10.51942
2023-07-09 2:45,11.02405
2023-07-09 3:00,9.88653
2023-07-09 3:15,12.11879
2023-07-09 3:30,12.23935
2023-07-09 3:45,13.79272
2023-07-09 4:00,12.89257
2023-07-09 4:15,14.98946
2023-07-09 4:30,16.4648
2023-07-09 4:45,24.70862
2023-07-09 5:00,21.55441
2023-07-09 5:15,24.91086
2023-07-09 5:30,27.03646
2023-07-09 5:45,29.58567
2023-07-09 6:00,24.65922
2023-07-09 6:15,25.60003
2023-07-09 6:30,28.64594
2023-07-09 6:45,30.0276
2023-07-09 7:00,26.12905
2023-07-09 7:15,26.07931
2023-07-09 7:30,27.90601
2023-07-09 7:45,37
2023-07-09 8:00,25.40194
2023-07-09 8:15,27.46002
2023-07-09 8:30,31.8533
2023-07-09 8:45,43.88
2023-07-09 9:00,28.58403
2023-07-09 9:15,31.15776
2023-07-09 9:30,38.80032
2023-07-09 9:45,48
2023-07-09 10:00,30.06068
2023-07-09 10:15,41.83974
2023-07-09 10:30,44.32707
2023-07-09 10:45,49.33667
2023-07-09 11:00,45.04376
2023-07-09 11:15,51.55306
2023-07-09 11:30,65.88524
2023-07-09 11:45,58.61862
2023-07-09 12:00,52.38354
2023-07-09 12:15,47.95014
2023-07-09 12:30,48.92298
2023-07-09 12:45,48.01142
2023-07-09 13:00,61.26775
2023-07-09 13:15,50.88814
2023-07-09 13:30,45.52869
2023-07-09 13:45,45.09326
2023-07-09 14:00,49.43188
2023-07-09 14:15,44.82292
2023-07-09 14:30,43.51086
2023-07-09 14:45,38.50364
2023-07-09 15:00,44.32414
2023-07-09 15:15,41.20649
2023-07-09 15:30,33.96594
2023-07-09 15:45,31.15444
2023-07-09 16:00,37.2512
2023-07-09 16:15,32.45903
2023-07-09 16:30,30.84714
2023-07-09 16:45,29.09996
2023-07-09 17:00,30.9359
2023-07-09 17:15,30.93248
2023-07-09 17:30,29.4491
2023-07-09 17:45,28.36822
2023-07-09 18:00,29.82828
2023-07-09 18:15,29.78031
2023-07-09 18:30,28.46527
2023-07-09 18:45,27.89553
2023-07-09 19:00,30.08096
2023-07-09 19:15,30.51523
2023-07-09 19:30,29.82123
2023-07-09 19:45,28.55859
2023-07-09 20:00,30.42411
2023-07-09 20:15,30.42144
2023-07-09 20:30,30.47899
2023-07-09 20:45,31.0098
2023-07-09 21:00,30.29482
2023-07-09 21:15,30.37016
2023-07-09 21:30,30.51883
2023-07-09 21:45,30.12863
2023-07-09 22:00,32.46146
2023-07-09 22:15,30.00383
2023-07-09 22:30,24.65472
2023-07-09 22:45,17.18561
2023-07-09 23:00,30.38362
2023-07-09 23:15,25.351
2023-07-09 23:30,17.81409
2023-07-09 23:45,8.57255
2023-07-10 0:00,10.91887
2023-07-10 0:15,11.5266
2023-07-10 0:30,12.50928
2023-07-10 0:45,9.77143
2023-07-10 1:00,15.88787
2023-07-10 1:15,15.12204
2023-07-10 1:30,14.96766
2023-07-10 1:45,14.66793
2023-07-10 2:00,16.4989
2023-07-10 2:15,15.57702
2023-07-10 2:30,14.84492
2023-07-10 2:45,12.6103
2023-07-10 3:00,13.09004
2023-07-10 3:15,7.80273
2023-07-10 3:30,8.17226
2023-07-10 3:45,7.42654
2023-07-10 4:00,7.72262
2023-07-10 4:15,10.33178
2023-07-10 4:30,10.33444
2023-07-10 4:45,7.9843
2023-07-10 5:00,9.43116
2023-07-10 5:15,10.84108
2023-07-10 5:30,14.58404
2023-07-10 5:45,11.83932
2023-07-10 6:00,10.86739
2023-07-10 6:15,13.51635
2023-07-10 6:30,16.04157
2023-07-10 6:45,18.92695
2023-07-10 7:00,15.43424
2023-07-10 7:15,16.77349
2023-07-10 7:30,22.67078
2023-07-10 7:45,25.56809
2023-07-10 8:00,17.95198
2023-07-10 8:15,26.5697
2023-07-10 8:30,28.35661
2023-07-10 8:45,32.4419
2023-07-10 9:00,25.69266
2023-07-10 9:15,27.60765
2023-07-10 9:30,38.88191
2023-07-10 9:45,45.86465
2023-07-10 10:00,30.53349
2023-07-10 10:15,39.09882
2023-07-10 10:30,46.05364
2023-07-10 10:45,53.89878
2023-07-10 11:00,46.73614
2023-07-10 11:15,55.63713
2023-07-10 11:30,72.91963
2023-07-10 11:45,68.66295
2023-07-10 12:00,56.85284
2023-07-10 12:15,55.41483
2023-07-10 12:30,53.31959
2023-07-10 12:45,48.54185
2023-07-10 13:00,54.95428
2023-07-10 13:15,46.39157
2023-07-10 13:30,43.27812
2023-07-10 13:45,41.5973
2023-07-10 14:00,48.00829
2023-07-10 14:15,47.0072
2023-07-10 14:30,41.80035
2023-07-10 14:45,35.10986
2023-07-10 15:00,40.06308
2023-07-10 15:15,34.77146
2023-07-10 15:30,31.78737
2023-07-10 15:45,29.63335
2023-07-10 16:00,36.54642
2023-07-10 16:15,33.19663
2023-07-10 16:30,31.12421
2023-07-10 16:45,29.51908
2023-07-10 17:00,32.87392
2023-07-10 17:15,31.21396
2023-07-10 17:30,30.01511
2023-07-10 17:45,28.71882
2023-07-10 18:00,30.0198
2023-07-10 18:15,29.83019
2023-07-10 18:30,29.86664
2023-07-10 18:45,29.01005
2023-07-10 19:00,30.84005
2023-07-10 19:15,31.77051
2023-07-10 19:30,31.00277
2023-07-10 19:45,30.79052
2023-07-10 20:00,30.38206
2023-07-10 20:15,30.63194
2023-07-10 20:30,31.47478
2023-07-10 20:45,31.53558
2023-07-10 21:00,31.63494
2023-07-10 21:15,33.55016
2023-07-10 21:30,36.53735
2023-07-10 21:45,37.18222
2023-07-10 22:00,39.38393
2023-07-10 22:15,38.10443
2023-07-10 22:30,33.28089
2023-07-10 22:45,27.71514
2023-07-10 23:00,30.33353
2023-07-10 23:15,27.10349
2023-07-10 23:30,24.13869
2023-07-10 23:45,22.12541
2023-07-11 0:00,25.53476
2023-07-11 0:15,26.47732
2023-07-11 0:30,25.5076
2023-07-11 0:45,24.22387
2023-07-11 1:00,25.7988
2023-07-11 1:15,25.954
2023-07-11 1:30,25.3628
2023-07-11 1:45,24.369
2023-07-11 2:00,25.79906
2023-07-11 2:15,26.2164
2023-07-11 2:30,25.99303
2023-07-11 2:45,23
2023-07-11 3:00,21.84857
2023-07-11 3:15,24.8088
2023-07-11 3:30,26.8064
2023-07-11 3:45,29.2572
2023-07-11 4:00,26.2264
2023-07-11 4:15,26.1864
2023-07-11 4:30,27.85562
2023-07-11 4:45,28.63501
2023-07-11 5:00,22.4976
2023-07-11 5:15,24.8164
2023-07-11 5:30,26.5864
2023-07-11 5:45,27.6396
2023-07-11 6:00,26.1488
2023-07-11 6:15,27.34659
2023-07-11 6:30,28.63501
2023-07-11 6:45,28.89066
2023-07-11 7:00,24.62917
2023-07-11 7:15,27.94044
2023-07-11 7:30,30.72206
2023-07-11 7:45,32.44838
2023-07-11 8:00,27.29412
2023-07-11 8:15,29.40171
2023-07-11 8:30,33.69354
2023-07-11 8:45,36.73
2023-07-11 9:00,11.4375
2023-07-11 9:15,7.20234
2023-07-11 9:30,1.97939
2023-07-11 9:45,17.78426
2023-07-11 10:00,9.69987
2023-07-11 10:15,22.98875
2023-07-11 10:30,20.1197
2023-07-11 10:45,5.91556
2023-07-11 11:00,14.16848
2023-07-11 11:15,-34.2434
2023-07-11 11:30,-42.81201
2023-07-11 11:45,33.18081
2023-07-11 12:00,34.35412
2023-07-11 12:15,52.36014
2023-07-11 12:30,51.81141
2023-07-11 12:45,43.19226
2023-07-11 13:00,49.70884
2023-07-11 13:15,51.38826
2023-07-11 13:30,38.92351
2023-07-11 13:45,38.34175
2023-07-11 14:00,58.3757
2023-07-11 14:15,41.22887
2023-07-11 14:30,43.66258
2023-07-11 14:45,38.47695
2023-07-11 15:00,36.89645
2023-07-11 15:15,33.34954
2023-07-11 15:30,40.45639
2023-07-11 15:45,31.18619
2023-07-11 16:00,38.38087
2023-07-11 16:15,31.10105
2023-07-11 16:30,33.04756
2023-07-11 16:45,27.13514
2023-07-11 17:00,39.11385
2023-07-11 17:15,38.03155
2023-07-11 17:30,37.07695
2023-07-11 17:45,32.51457
2023-07-11 18:00,37.55244
2023-07-11 18:15,37.64927
2023-07-11 18:30,37.1556
2023-07-11 18:45,33.68842
2023-07-11 19:00,37.47647
2023-07-11 19:15,38.35897
2023-07-11 19:30,38.46243
2023-07-11 19:45,38.42781
2023-07-11 20:00,38.72172
2023-07-11 20:15,38.59524
2023-07-11 20:30,38.72563
2023-07-11 20:45,38.70305
2023-07-11 21:00,38.85102
2023-07-11 21:15,39.8278
2023-07-11 21:30,40.53529
2023-07-11 21:45,40.75005
2023-07-11 22:00,46.05628
2023-07-11 22:15,43.94929
2023-07-11 22:30,39.17989
2023-07-11 22:45,33.36041
2023-07-11 23:00,33.29431
2023-07-11 23:15,27.7128
2023-07-11 23:30,20.08019
2023-07-11 23:45,17.69034
2023-07-12 0:00,24.5524
2023-07-12 0:15,22.96632
2023-07-12 0:30,23.40968
2023-07-12 0:45,24.83708
2023-07-12 1:00,26.29035
2023-07-12 1:15,25.14348
2023-07-12 1:30,24.12402
2023-07-12 1:45,23.643
2023-07-12 2:00,22.35383
2023-07-12 2:15,25.25887
2023-07-12 2:30,25.82111
2023-07-12 2:45,27.11581
2023-07-12 3:00,24.91551
2023-07-12 3:15,23.09043
2023-07-12 3:30,25.46233
2023-07-12 3:45,22.72115
2023-07-12 4:00,18.02903
2023-07-12 4:15,19.45476
2023-07-12 4:30,22.47093
2023-07-12 4:45,26.38013
2023-07-12 5:00,23.18443
2023-07-12 5:15,25.81715
2023-07-12 5:30,29.49704
2023-07-12 5:45,32.77186
2023-07-12 6:00,28.42665
2023-07-12 6:15,33.3953
2023-07-12 6:30,36.48663
2023-07-12 6:45,43.04511
2023-07-12 7:00,28.64339
2023-07-12 7:15,32.12635
2023-07-12 7:30,37.7732
2023-07-12 7:45,38.26922
2023-07-12 8:00,33.54812
2023-07-12 8:15,38.77405
2023-07-12 8:30,45.69357
2023-07-12 8:45,56.73696
2023-07-12 9:00,40.13861
2023-07-12 9:15,41.45299
2023-07-12 9:30,50.81628
2023-07-12 9:45,61.3773
2023-07-12 10:00,39.82269
2023-07-12 10:15,44.09766
2023-07-12 10:30,64.98221
2023-07-12 10:45,82.62
2023-07-12 11:00,64.66885
2023-07-12 11:15,76.14217
2023-07-12 11:30,80.01474
2023-07-12 11:45,93.23903
2023-07-12 12:00,82.65593
2023-07-12 12:15,82.98412
2023-07-12 12:30,76.61254
2023-07-12 12:45,70.4392
2023-07-12 13:00,79.98073
2023-07-12 13:15,68.74349
2023-07-12 13:30,64.89913
2023-07-12 13:45,56.50154
2023-07-12 14:00,68.6
2023-07-12 14:15,61.85134
2023-07-12 14:30,43.20323
2023-07-12 14:45,42.87715
2023-07-12 15:00,60.07237
2023-07-12 15:15,49.09037
2023-07-12 15:30,40.92496
2023-07-12 15:45,38.22888
2023-07-12 16:00,53.38472
2023-07-12 16:15,48.71146
2023-07-12 16:30,42.19403
2023-07-12 16:45,38.71223
2023-07-12 17:00,46.89
2023-07-12 17:15,40.57899
2023-07-12 17:30,39.0012
2023-07-12 17:45,38.1502
2023-07-12 18:00,46.97385
2023-07-12 18:15,43.82671
2023-07-12 18:30,40.0065
2023-07-12 18:45,39.46622
2023-07-12 19:00,39.69375
2023-07-12 19:15,40.11483
2023-07-12 19:30,40.01364
2023-07-12 19:45,38.87589
2023-07-12 20:00,39.04688
2023-07-12 20:15,39.02271
2023-07-12 20:30,39.09282
2023-07-12 20:45,38.91545
2023-07-12 21:00,39.29257
2023-07-12 21:15,42.58788
2023-07-12 21:30,40.73659
2023-07-12 21:45,41.27043
2023-07-12 22:00,50.71513
2023-07-12 22:15,47.70215
2023-07-12 22:30,39.75921
2023-07-12 22:45,33.35528
2023-07-12 23:00,34.15188
2023-07-12 23:15,25.76423
2023-07-12 23:30,19.40473
2023-07-12 23:45,19.4756
2023-07-13 0:00,23.16591
2023-07-13 0:15,23.10517
2023-07-13 0:30,23.34612
2023-07-13 0:45,23.88801
2023-07-13 1:00,24.15409
2023-07-13 1:15,27.04516
2023-07-13 1:30,26.38811
2023-07-13 1:45,26.22298
2023-07-13 2:00,26.52292
2023-07-13 2:15,28.65817
2023-07-13 2:30,31.31898
2023-07-13 2:45,30.80591
2023-07-13 3:00,30.14966
2023-07-13 3:15,30.34738
2023-07-13 3:30,31.98403
2023-07-13 3:45,32.058
2023-07-13 4:00,31.29986
2023-07-13 4:15,30.04226
2023-07-13 4:30,37.22413
2023-07-13 4:45,39.92229
2023-07-13 5:00,30.24566
2023-07-13 5:15,33.06385
2023-07-13 5:30,33.55272
2023-07-13 5:45,42.44652
2023-07-13 6:00,33.0979
2023-07-13 6:15,32.66013
2023-07-13 6:30,37.85915
2023-07-13 6:45,42.77005
2023-07-13 7:00,31.77474
2023-07-13 7:15,33.94968
2023-07-13 7:30,46.45661
2023-07-13 7:45,49.08911
2023-07-13 8:00,38.4312
2023-07-13 8:15,38.66
2023-07-13 8:30,43.32594
2023-07-13 8:45,52.46329
2023-07-13 9:00,37.1758
2023-07-13 9:15,41.5885
2023-07-13 9:30,56.16652
2023-07-13 9:45,70.2
2023-07-13 10:00,42.85856
2023-07-13 10:15,57.34832
2023-07-13 10:30,62.47
2023-07-13 10:45,79
2023-07-13 11:00,70.9306
2023-07-13 11:15,77.99063
2023-07-13 11:30,82.59464
2023-07-13 11:45,88.59417
2023-07-13 12:00,79.9058
2023-07-13 12:15,80.79708
2023-07-13 12:30,71.33258
2023-07-13 12:45,75
2023-07-13 13:00,72.64527
2023-07-13 13:15,65.00032
2023-07-13 13:30,60.25475
2023-07-13 13:45,54.23265
2023-07-13 14:00,67.45
2023-07-13 14:15,60.7
2023-07-13 14:30,57.36
2023-07-13 14:45,57.36
2023-07-13 15:00,59.82131
2023-07-13 15:15,53.03585
2023-07-13 15:30,47.33425
2023-07-13 15:45,41.47053
2023-07-13 16:00,54.11189
2023-07-13 16:15,57.25939
2023-07-13 16:30,52.61372
2023-07-13 16:45,44.61394
2023-07-13 17:00,52.6955
2023-07-13 17:15,47.14585
2023-07-13 17:30,41.74607
2023-07-13 17:45,39.45935
2023-07-13 18:00,44.92363
2023-07-13 18:15,40.78342
2023-07-13 18:30,38.90499
2023-07-13 18:45,37.96618
2023-07-13 19:00,46.74837
2023-07-13 19:15,40.97505
2023-07-13 19:30,40.27893
2023-07-13 19:45,39.80497
2023-07-13 20:00,40.20713
2023-07-13 20:15,40.76837
2023-07-13 20:30,43.56893
2023-07-13 20:45,40.66479
2023-07-13 21:00,40.81518
2023-07-13 21:15,43.64659
2023-07-13 21:30,43.8129
2023-07-13 21:45,40.74882
2023-07-13 22:00,53.46943
2023-07-13 22:15,47.34612
2023-07-13 22:30,42.99572
2023-07-13 22:45,37.97622
2023-07-13 23:00,39.28513
2023-07-13 23:15,35.93303
2023-07-13 23:30,31.34597
2023-07-13 23:45,27.99013
2023-07-14 0:00,32.47136
2023-07-14 0:15,28.28105
2023-07-14 0:30,24.86537
2023-07-14 0:45,23.3822
2023-07-14 1:00,23.41013
2023-07-14 1:15,26.90333
2023-07-14 1:30,26.6038
2023-07-14 1:45,25.54047
2023-07-14 2:00,28.64941
2023-07-14 2:15,29.56212
2023-07-14 2:30,29.28656
2023-07-14 2:45,29.97029
2023-07-14 3:00,32.70311
2023-07-14 3:15,28.59441
2023-07-14 3:30,31.11197
2023-07-14 3:45,31.14647
2023-07-14 4:00,27.11087
2023-07-14 4:15,27.77294
2023-07-14 4:30,34.74657
2023-07-14 4:45,44.54687
2023-07-14 5:00,34.05514
2023-07-14 5:15,40.42
2023-07-14 5:30,45.21347
2023-07-14 5:45,46.15413
2023-07-14 6:00,42.17273
2023-07-14 6:15,52.92243
2023-07-14 6:30,60.73214
2023-07-14 6:45,56.78771
2023-07-14 7:00,42.22072
2023-07-14 7:15,46.42867
2023-07-14 7:30,50.51781
2023-07-14 7:45,52.69468
2023-07-14 8:00,45.63
2023-07-14 8:15,53.48007
2023-07-14 8:30,65.49
2023-07-14 8:45,64.09206
2023-07-14 9:00,47.9488
2023-07-14 9:15,65.09
2023-07-14 9:30,68.7012
2023-07-14 9:45,74.7
2023-07-14 10:00,58
2023-07-14 10:15,63.58
2023-07-14 10:30,75
2023-07-14 10:45,99.9984
2023-07-14 11:00,79.13
2023-07-14 11:15,83.46702
2023-07-14 11:30,97.41119
2023-07-14 11:45,93.93338
2023-07-14 12:00,107.42264
2023-07-14 12:15,82.18
2023-07-14 12:30,74.9988
2023-07-14 12:45,67.0946
2023-07-14 13:00,84.07813
2023-07-14 13:15,72.54564
2023-07-14 13:30,62.67164
2023-07-14 13:45,56.39112
2023-07-14 14:00,64.59377
2023-07-14 14:15,63.48357
2023-07-14 14:30,52.42822
2023-07-14 14:45,46.85568
2023-07-14 15:00,58.50889
2023-07-14 15:15,47.24249
2023-07-14 15:30,42.0769
2023-07-14 15:45,40.29116
2023-07-14 16:00,48.22053
2023-07-14 16:15,42.80204
2023-07-14 16:30,41.97029
2023-07-14 16:45,40.98226
2023-07-14 17:00,42.01951
2023-07-14 17:15,41.49331
2023-07-14 17:30,40.79329
2023-07-14 17:45,39.42602
2023-07-14 18:00,42.86855
2023-07-14 18:15,42.49854
2023-07-14 18:30,40.73127
2023-07-14 18:45,39.81359
2023-07-14 19:00,41.11243
2023-07-14 19:15,40.73489
2023-07-14 19:30,40.41239
2023-07-14 19:45,40.36706
2023-07-14 20:00,41.50134
2023-07-14 20:15,41.96185
2023-07-14 20:30,42.70785
2023-07-14 20:45,42.78523
2023-07-14 21:00,43.08988
2023-07-14 21:15,43.67087
2023-07-14 21:30,47.79852
2023-07-14 21:45,47.76399
2023-07-14 22:00,48.78412
2023-07-14 22:15,47.31165
2023-07-14 22:30,42.97915
2023-07-14 22:45,38.46161
2023-07-14 23:00,37.22072
2023-07-14 23:15,35.72241
2023-07-14 23:30,30.01011
2023-07-14 23:45,28.32975
2023-07-15 0:00,29.83912
2023-07-15 0:15,29.55492
2023-07-15 0:30,28.9196
2023-07-15 0:45,28.74399
2023-07-15 1:00,31.10853
2023-07-15 1:15,33.57254
2023-07-15 1:30,33.764
2023-07-15 1:45,33.99557
2023-07-15 2:00,32.86348
2023-07-15 2:15,37.85767
2023-07-15 2:30,39.7988
2023-07-15 2:45,43.23
2023-07-15 3:00,36.07544
2023-07-15 3:15,39.55316
2023-07-15 3:30,43.23
2023-07-15 3:45,47.95
2023-07-15 4:00,42.44376
2023-07-15 4:15,43.5464
2023-07-15 4:30,49.9964
2023-07-15 4:45,54.9976
2023-07-15 5:00,46.4076
2023-07-15 5:15,55.41
2023-07-15 5:30,64.9988
2023-07-15 5:45,71.5188
2023-07-15 6:00,49.9976
2023-07-15 6:15,59.9988
2023-07-15 6:30,66.61
2023-07-15 6:45,72.9988
2023-07-15 7:00,50.75
2023-07-15 7:15,58.9412
2023-07-15 7:30,67.51
2023-07-15 7:45,71.52
2023-07-15 8:00,64.5412
2023-07-15 8:15,70.0012
2023-07-15 8:30,80.0012
2023-07-15 8:45,152.52061
2023-07-15 9:00,87.0186
2023-07-15 9:15,85.5187
2023-07-15 9:30,87.50016
2023-07-15 9:45,102.74505
2023-07-15 10:00,63.97243
2023-07-15 10:15,85.63064
2023-07-15 10:30,90.78201
2023-07-15 10:45,115.9788
2023-07-15 11:00,108.08036
2023-07-15 11:15,107.03766
2023-07-15 11:30,133.00984
2023-07-15 11:45,177.8536
2023-07-15 12:00,106.62293
2023-07-15 12:15,98.8369
2023-07-15 12:30,90.68097
2023-07-15 12:45,89.97217
2023-07-15 13:00,100.20788
2023-07-15 13:15,92.90769
2023-07-15 13:30,77.40977
2023-07-15 13:45,70.66753
2023-07-15 14:00,84.33796
2023-07-15 14:15,74.37019
2023-07-15 14:30,65.81288
2023-07-15 14:45,56.53151
2023-07-15 15:00,69.80681
2023-07-15 15:15,61.81758
2023-07-15 15:30,59.11385
2023-07-15 15:45,47.92114
2023-07-15 16:00,62.3988
2023-07-15 16:15,55.73018
2023-07-15 16:30,53.7506
2023-07-15 16:45,49.1826
2023-07-15 17:00,56.98411
2023-07-15 17:15,53.22164
2023-07-15 17:30,52.84129
2023-07-15 17:45,48.80413
2023-07-15 18:00,52.78673
2023-07-15 18:15,49.35549
2023-07-15 18:30,49.26619
2023-07-15 18:45,48.7801
2023-07-15 19:00,52.74935
2023-07-15 19:15,52.71084
2023-07-15 19:30,52.70531
2023-07-15 19:45,50.58699
2023-07-15 20:00,52.92693
2023-07-15 20:15,52.91022
2023-07-15 20:30,52.86632
2023-07-15 20:45,50.85099
2023-07-15 21:00,50.22722
2023-07-15 21:15,52.17147
2023-07-15 21:30,52.25359
2023-07-15 21:45,49.29559
2023-07-15 22:00,52.59879
2023-07-15 22:15,49.39966
2023-07-15 22:30,44.85433
2023-07-15 22:45,39.28218
2023-07-15 23:00,42.21272
2023-07-15 23:15,39.92054
2023-07-15 23:30,34.06595
2023-07-15 23:45,26.55664
2023-07-16 0:00,36.00291
2023-07-16 0:15,32.3439
2023-07-16 0:30,31.30216
2023-07-16 0:45,33.78859
2023-07-16 1:00,39
2023-07-16 1:15,37.08331
2023-07-16 1:30,36.09365
2023-07-16 1:45,38.57724
2023-07-16 2:00,36.3188
2023-07-16 2:15,38.93965
2023-07-16 2:30,35.1184
2023-07-16 2:45,37.22148
2023-07-16 3:00,39.30975
2023-07-16 3:15,42.03
2023-07-16 3:30,43.305
2023-07-16 3:45,46.8
2023-07-16 4:00,39.18813
2023-07-16 4:15,42.98237
2023-07-16 4:30,49.66
2023-07-16 4:45,54.35117
2023-07-16 5:00,47.33909
2023-07-16 5:15,46.743
2023-07-16 5:30,53.19207
2023-07-16 5:45,67.43426
2023-07-16 6:00,48.03213
2023-07-16 6:15,55.05631
2023-07-16 6:30,68.91171
2023-07-16 6:45,78.85651
2023-07-16 7:00,50.50856
2023-07-16 7:15,58.79453
2023-07-16 7:30,76.34365
2023-07-16 7:45,92.42208
2023-07-16 8:00,54.9391
2023-07-16 8:15,73.908
2023-07-16 8:30,79.0036
2023-07-16 8:45,99.9988
2023-07-16 9:00,70.3221
2023-07-16 9:15,71.65192
2023-07-16 9:30,87.42947
2023-07-16 9:45,92.31724
2023-07-16 10:00,58.79323
2023-07-16 10:15,72.92484
2023-07-16 10:30,84.16381
2023-07-16 10:45,129.78778
2023-07-16 11:00,101.12768
2023-07-16 11:15,137.62688
2023-07-16 11:30,126.90022
2023-07-16 11:45,211.62492
2023-07-16 12:00,129.9484
2023-07-16 12:15,135.49963
2023-07-16 12:30,106.53219
2023-07-16 12:45,93.27167
2023-07-16 13:00,96.01276
2023-07-16 13:15,92.45357
2023-07-16 13:30,83.58348
2023-07-16 13:45,70.19995
2023-07-16 14:00,86.24163
2023-07-16 14:15,82.3684
2023-07-16 14:30,72.80564
2023-07-16 14:45,65.33389
2023-07-16 15:00,74.52508
2023-07-16 15:15,71.83067
2023-07-16 15:30,60.47643
2023-07-16 15:45,50.98415
2023-07-16 16:00,75.56946
2023-07-16 16:15,80.31669
2023-07-16 16:30,62.82361
2023-07-16 16:45,58.51693
2023-07-16 17:00,60.88062
2023-07-16 17:15,58.13383
2023-07-16 17:30,54.12099
2023-07-16 17:45,50.61771
2023-07-16 18:00,66.74616
2023-07-16 18:15,57.87137
2023-07-16 18:30,52.09815
2023-07-16 18:45,51.3079
2023-07-16 19:00,51.86779
2023-07-16 19:15,54.58461
2023-07-16 19:30,51.70112
2023-07-16 19:45,49.82328
2023-07-16 20:00,52.09447
2023-07-16 20:15,51.8268
2023-07-16 20:30,52.99641
2023-07-16 20:45,49.92478
2023-07-16 21:00,54.75394
2023-07-16 21:15,53.04963
2023-07-16 21:30,53.12537
2023-07-16 21:45,49.84819
2023-07-16 22:00,49.52717
2023-07-16 22:15,48.04413
2023-07-16 22:30,43.4974
2023-07-16 22:45,41.66908
2023-07-16 23:00,44.16277
2023-07-16 23:15,41.43356
2023-07-16 23:30,38.27199
2023-07-16 23:45,36.16882
2023-07-17 0:00,40.65609
2023-07-17 0:15,37.59397
2023-07-17 0:30,37.16355
2023-07-17 0:45,37.42233
2023-07-17 1:00,39.89957
2023-07-17 1:15,39.80588
2023-07-17 1:30,39.53411
2023-07-17 1:45,42.27318
2023-07-17 2:00,41.94387
2023-07-17 2:15,46.78626
2023-07-17 2:30,50.13256
2023-07-17 2:45,53.55575
2023-07-17 3:00,39.8702
2023-07-17 3:15,38.42487
2023-07-17 3:30,50.65535
2023-07-17 3:45,53.56638
2023-07-17 4:00,47.0281
2023-07-17 4:15,49.53096
2023-07-17 4:30,63.92489
2023-07-17 4:45,66.42756
2023-07-17 5:00,48.95072
2023-07-17 5:15,51.51823
2023-07-17 5:30,69.11648
2023-07-17 5:45,75.65811
2023-07-17 6:00,72.81417
2023-07-17 6:15,78.01101
2023-07-17 6:30,78.42765
2023-07-17 6:45,91.81031
2023-07-17 7:00,70.49084
2023-07-17 7:15,71.47117
2023-07-17 7:30,89.66877
2023-07-17 7:45,99.9988
2023-07-17 8:00,70.46302
2023-07-17 8:15,85.094
2023-07-17 8:30,96.6454
2023-07-17 8:45,109.71
2023-07-17 9:00,79.80687
2023-07-17 9:15,88.52218
2023-07-17 9:30,119.21397
2023-07-17 9:45,144.3536
2023-07-17 10:00,82.9785
2023-07-17 10:15,94.16624
2023-07-17 10:30,119.54872
2023-07-17 10:45,219.8433
2023-07-17 11:00,134.47984
2023-07-17 11:15,134.98595
2023-07-17 11:30,122.79132
2023-07-17 11:45,129.09605
2023-07-17 12:00,94.82425
2023-07-17 12:15,84.25664
2023-07-17 12:30,82.55562
2023-07-17 12:45,74.14707
2023-07-17 13:00,85.10027
2023-07-17 13:15,80.40354
2023-07-17 13:30,73.03045
2023-07-17 13:45,62.71615
2023-07-17 14:00,76.1137
2023-07-17 14:15,68.82187
2023-07-17 14:30,54.51326
2023-07-17 14:45,49.23374
2023-07-17 15:00,60.21044
2023-07-17 15:15,49.16911
2023-07-17 15:30,46.9153
2023-07-17 15:45,44.91356
2023-07-17 16:00,55.12754
2023-07-17 16:15,50.02037
2023-07-17 16:30,48.6582
2023-07-17 16:45,46.9142
2023-07-17 17:00,52.82524
2023-07-17 17:15,49.79506
2023-07-17 17:30,48.90035
2023-07-17 17:45,48.65807
2023-07-17 18:00,49.77941
2023-07-17 18:15,48.79442
2023-07-17 18:30,48.48047
2023-07-17 18:45,48.67447
2023-07-17 19:00,49.91191
2023-07-17 19:15,49.89651
2023-07-17 19:30,48.73037
2023-07-17 19:45,48.86358
2023-07-17 20:00,48.31651
2023-07-17 20:15,48.64477
2023-07-17 20:30,48.80193
2023-07-17 20:45,49.88271
2023-07-17 21:00,45.47732
2023-07-17 21:15,43.36444
2023-07-17 21:30,46.89654
2023-07-17 21:45,50.01902
2023-07-17 22:00,51.50242
2023-07-17 22:15,50.74389
2023-07-17 22:30,47.66038
2023-07-17 22:45,41.9287
2023-07-17 23:00,42.16372
2023-07-17 23:15,41.51301
2023-07-17 23:30,40.0471
2023-07-17 23:45,36.04011
2023-07-18 0:00,40.25045
2023-07-18 0:15,40.80139
2023-07-18 0:30,39.12588
2023-07-18 0:45,40.25184
2023-07-18 1:00,39.23956
2023-07-18 1:15,40.44662
2023-07-18 1:30,40.94875
2023-07-18 1:45,41.72135
2023-07-18 2:00,41.80734
2023-07-18 2:15,41.19077
2023-07-18 2:30,45.62977
2023-07-18 2:45,52.06068
2023-07-18 3:00,52.51248
2023-07-18 3:15,58.40599
2023-07-18 3:30,69.74313
2023-07-18 3:45,78.52588
2023-07-18 4:00,48.48511
2023-07-18 4:15,49.87207
2023-07-18 4:30,57.64581
2023-07-18 4:45,71.41642
2023-07-18 5:00,52.92413
2023-07-18 5:15,57.24841
2023-07-18 5:30,71.59461
2023-07-18 5:45,80.38791
2023-07-18 6:00,54.52957
2023-07-18 6:15,64.00909
2023-07-18 6:30,71.95052
2023-07-18 6:45,88.21157
2023-07-18 7:00,56.16134
2023-07-18 7:15,65.48746
2023-07-18 7:30,72.56256
2023-07-18 7:45,74.36902
2023-07-18 8:00,79.5007
2023-07-18 8:15,81.8982
2023-07-18 8:30,94.04
2023-07-18 8:45,95.47955
2023-07-18 9:00,47.72757
2023-07-18 9:15,49.02108
2023-07-18 9:30,54.87449
2023-07-18 9:45,64.19921
2023-07-18 10:00,41.37749
2023-07-18 10:15,45.80531
2023-07-18 10:30,65.35113
2023-07-18 10:45,90.72993
2023-07-18 11:00,91.74304
2023-07-18 11:15,89.50915
2023-07-18 11:30,111.75392
2023-07-18 11:45,125.14627
2023-07-18 12:00,91.14203
2023-07-18 12:15,80.50997
2023-07-18 12:30,65.2587
2023-07-18 12:45,64.05237
2023-07-18 13:00,90.92629
2023-07-18 13:15,80.98412
2023-07-18 13:30,74.04618
2023-07-18 13:45,52.04057
2023-07-18 14:00,79.70702
2023-07-18 14:15,69.96298
2023-07-18 14:30,57.19815
2023-07-18 14:45,53.10316
2023-07-18 15:00,70.39812
2023-07-18 15:15,63.91094
2023-07-18 15:30,55.90467
2023-07-18 15:45,53.48645
2023-07-18 16:00,72.52737
2023-07-18 16:15,57.76208
2023-07-18 16:30,57.6537
2023-07-18 16:45,56.71951
2023-07-18 17:00,64.84631
2023-07-18 17:15,61.18707
2023-07-18 17:30,56.66623
2023-07-18 17:45,54.99881
2023-07-18 18:00,57.06152
2023-07-18 18:15,55.07669
2023-07-18 18:30,54.39877
2023-07-18 18:45,54.0031
2023-07-18 19:00,53.98165
2023-07-18 19:15,54.03607
2023-07-18 19:30,52.39886
2023-07-18 19:45,52.2421
2023-07-18 20:00,56.58279
2023-07-18 20:15,56.59202
2023-07-18 20:30,56.33455
2023-07-18 20:45,56.73873
2023-07-18 21:00,56.89705
2023-07-18 21:15,64.60306
2023-07-18 21:30,63.67155
2023-07-18 21:45,63.70713
2023-07-18 22:00,63.28622
2023-07-18 22:15,56.46393
2023-07-18 22:30,54.23874
2023-07-18 22:45,48.0585
2023-07-18 23:00,50.64757
2023-07-18 23:15,47.29312
2023-07-18 23:30,42.92554
2023-07-18 23:45,41.12894
2023-07-19 0:00,46.82767
2023-07-19 0:15,44.57477
2023-07-19 0:30,46.3275
2023-07-19 0:45,48.03516
2023-07-19 1:00,48.4111
2023-07-19 1:15,48.07122
2023-07-19 1:30,51.25618
2023-07-19 1:45,51.19734
2023-07-19 2:00,53.72014
2023-07-19 2:15,56.08821
2023-07-19 2:30,61.60856
2023-07-19 2:45,61.6176
2023-07-19 3:00,61.50951
2023-07-19 3:15,64.419
2023-07-19 3:30,67.98254
2023-07-19 3:45,66.8266
2023-07-19 4:00,59.63341
2023-07-19 4:15,61.74207
2023-07-19 4:30,61.87899
2023-07-19 4:45,61.6721
2023-07-19 5:00,53.5878
2023-07-19 5:15,57.36995
2023-07-19 5:30,58.33226
2023-07-19 5:45,65.53893
2023-07-19 6:00,56.4556
2023-07-19 6:15,61.78684
2023-07-19 6:30,61.80259
2023-07-19 6:45,69.14031
2023-07-19 7:00,55.12266
2023-07-19 7:15,62.70509
2023-07-19 7:30,63.28416
2023-07-19 7:45,68.95745
2023-07-19 8:00,56.36393
2023-07-19 8:15,59.00909
2023-07-19 8:30,70.69126
2023-07-19 8:45,71.47373
2023-07-19 9:00,55.10304
2023-07-19 9:15,57.47387
2023-07-19 9:30,64.15911
2023-07-19 9:45,73.34516
2023-07-19 10:00,53.65798
2023-07-19 10:15,58.5368
2023-07-19 10:30,80.49101
2023-07-19 10:45,76.52122
2023-07-19 11:00,57.64057
2023-07-19 11:15,75.92142
2023-07-19 11:30,67.41829
2023-07-19 11:45,76.10716
2023-07-19 12:00,101.49244
2023-07-19 12:15,71.92652
2023-07-19 12:30,45.85301
2023-07-19 12:45,63.14071
2023-07-19 13:00,109.45806
2023-07-19 13:15,79.29767
2023-07-19 13:30,68.47682
2023-07-19 13:45,46.48458
2023-07-19 14:00,94.02757
2023-07-19 14:15,82.79256
2023-07-19 14:30,60.48735
2023-07-19 14:45,57.70859
2023-07-19 15:00,87.37263
2023-07-19 15:15,83.72877
2023-07-19 15:30,73.27711
2023-07-19 15:45,62.23753
2023-07-19 16:00,71.93346
2023-07-19 16:15,64.35006
2023-07-19 16:30,61.44237
2023-07-19 16:45,57.80928
2023-07-19 17:00,62.06414
2023-07-19 17:15,59.21816
2023-07-19 17:30,58.68272
2023-07-19 17:45,52.37548
2023-07-19 18:00,61.11299
2023-07-19 18:15,55.60685
2023-07-19 18:30,56.47222
2023-07-19 18:45,50.79705
2023-07-19 19:00,59.98242
2023-07-19 19:15,55.63912
2023-07-19 19:30,55.26374
2023-07-19 19:45,51.14868
2023-07-19 20:00,55.00555
2023-07-19 20:15,55.72826
2023-07-19 20:30,58.66809
2023-07-19 20:45,55.176
2023-07-19 21:00,55.7311
2023-07-19 21:15,60.391
2023-07-19 21:30,65.66472
2023-07-19 21:45,63.52037
2023-07-19 22:00,70.33676
2023-07-19 22:15,65.5396
2023-07-19 22:30,62.98395
2023-07-19 22:45,51.71472
2023-07-19 23:00,60.21513
2023-07-19 23:15,51.25213
2023-07-19 23:30,47.55343
2023-07-19 23:45,42.66798
2023-07-20 0:00,48.65372
2023-07-20 0:15,48.829
2023-07-20 0:30,47.93274
2023-07-20 0:45,48.34
2023-07-20 1:00,50.3188
2023-07-20 1:15,49.35357
2023-07-20 1:30,50.1109
2023-07-20 1:45,51.15088
2023-07-20 2:00,49.65668
2023-07-20 2:15,56.85547
2023-07-20 2:30,60.92917
2023-07-20 2:45,69.96385
2023-07-20 3:00,51.51
2023-07-20 3:15,53.82803
2023-07-20 3:30,60.5652
2023-07-20 3:45,64.62517
2023-07-20 4:00,54.90212
2023-07-20 4:15,59.9988
2023-07-20 4:30,67.22
2023-07-20 4:45,71.8164
2023-07-20 5:00,60.16076
2023-07-20 5:15,70
2023-07-20 5:30,80
2023-07-20 5:45,88.2188
2023-07-20 6:00,62.71791
2023-07-20 6:15,80.82854
2023-07-20 6:30,85.0012
2023-07-20 6:45,87.97
2023-07-20 7:00,74.0304
2023-07-20 7:15,78.06766
2023-07-20 7:30,82.14006
2023-07-20 7:45,89.5968
2023-07-20 8:00,64.64236
2023-07-20 8:15,67.91967
2023-07-20 8:30,90.39949
2023-07-20 8:45,90.5278
2023-07-20 9:00,61.47448
2023-07-20 9:15,66.36101
2023-07-20 9:30,83.50344
2023-07-20 9:45,96.87469
2023-07-20 10:00,79.47135
2023-07-20 10:15,90.6694
2023-07-20 10:30,92.15842
2023-07-20 10:45,130.29643
2023-07-20 11:00,98.79062
2023-07-20 11:15,133.53465
2023-07-20 11:30,127.0024
2023-07-20 11:45,130.6024
2023-07-20 12:00,123.09919
2023-07-20 12:15,135.5588
2023-07-20 12:30,117.9488
2023-07-20 12:45,104.0812
2023-07-20 13:00,124.9988
2023-07-20 13:15,113.12108
2023-07-20 13:30,104.99351
2023-07-20 13:45,75.39974
2023-07-20 14:00,96.70885
2023-07-20 14:15,95.45625
2023-07-20 14:30,70.67506
2023-07-20 14:45,61.37601
2023-07-20 15:00,84.7665
2023-07-20 15:15,82.08634
2023-07-20 15:30,78.58274
2023-07-20 15:45,63.16489
2023-07-20 16:00,75.93097
2023-07-20 16:15,79.78095
2023-07-20 16:30,63.49235
2023-07-20 16:45,55.63643
2023-07-20 17:00,67.47834
2023-07-20 17:15,59.705
2023-07-20 17:30,52.11593
2023-07-20 17:45,52.06812
2023-07-20 18:00,60.28856
2023-07-20 18:15,55.13033
2023-07-20 18:30,52.1158
2023-07-20 18:45,51.82907
2023-07-20 19:00,53.0204
2023-07-20 19:15,52.41715
2023-07-20 19:30,52.09521
2023-07-20 19:45,52.01601
2023-07-20 20:00,52.53968
2023-07-20 20:15,54.54163
2023-07-20 20:30,57.15114
2023-07-20 20:45,63.29449
2023-07-20 21:00,53.01473
2023-07-20 21:15,56.3399
2023-07-20 21:30,59.02266
2023-07-20 21:45,69.69944
2023-07-20 22:00,61.5305
2023-07-20 22:15,64.37592
2023-07-20 22:30,55.81271
2023-07-20 22:45,51.93626
2023-07-20 23:00,52.43378
2023-07-20 23:15,50.82165
2023-07-20 23:30,43.79463
2023-07-20 23:45,43.10896
2023-07-21 0:00,49.94057
2023-07-21 0:15,49.481
2023-07-21 0:30,45.68118
2023-07-21 0:45,44.79882
2023-07-21 1:00,46.87495
2023-07-21 1:15,47.67506
2023-07-21 1:30,45.91181
2023-07-21 1:45,49.46398
2023-07-21 2:00,47.94322
2023-07-21 2:15,49.4241
2023-07-21 2:30,51.4878
2023-07-21 2:45,51.95277
2023-07-21 3:00,49.9886
2023-07-21 3:15,51.12391
2023-07-21 3:30,53.31392
2023-07-21 3:45,55.72346
2023-07-21 4:00,55.32769
2023-07-21 4:15,58.27
2023-07-21 4:30,61.53618
2023-07-21 4:45,70.05334
2023-07-21 5:00,51.21136
2023-07-21 5:15,59.03758
2023-07-21 5:30,74.86668
2023-07-21 5:45,90.0004
2023-07-21 6:00,60.2112
2023-07-21 6:15,63.0812
2023-07-21 6:30,80.0012
2023-07-21 6:45,101.53
2023-07-21 7:00,73.33922
2023-07-21 7:15,100.16
2023-07-21 7:30,95.22398
2023-07-21 7:45,94.73974
2023-07-21 8:00,82.00138
2023-07-21 8:15,93.92
2023-07-21 8:30,99.9988
2023-07-21 8:45,99.9988
2023-07-21 9:00,70.85292
2023-07-21 9:15,75.30547
2023-07-21 9:30,91.91041
2023-07-21 9:45,96.72694
2023-07-21 10:00,86.14528
2023-07-21 10:15,90.58729
2023-07-21 10:30,105.12505
2023-07-21 10:45,227.02956
2023-07-21 11:00,136.32208
2023-07-21 11:15,115.69692
2023-07-21 11:30,141.59966
2023-07-21 11:45,97.87422
2023-07-21 12:00,116.90213
2023-07-21 12:15,58.47434
2023-07-21 12:30,86.25161
2023-07-21 12:45,133.6068
2023-07-21 13:00,137.13
2023-07-21 13:15,113.6588
2023-07-21 13:30,82.39567
2023-07-21 13:45,80.279
2023-07-21 14:00,85.21891
2023-07-21 14:15,74.18689
2023-07-21 14:30,58.95782
2023-07-21 14:45,51.90787
2023-07-21 15:00,77.72852
2023-07-21 15:15,69.85743
2023-07-21 15:30,50.32795
2023-07-21 15:45,50.17129
2023-07-21 16:00,77.01872
2023-07-21 16:15,58.73846
2023-07-21 16:30,56.46997
2023-07-21 16:45,56.21822
2023-07-21 17:00,57.5172
2023-07-21 17:15,56.40481
2023-07-21 17:30,56.04666
2023-07-21 17:45,55.67917
2023-07-21 18:00,55.92622
2023-07-21 18:15,56.01689
2023-07-21 18:30,52.70469
2023-07-21 18:45,49.56025
2023-07-21 19:00,56.27432
2023-07-21 19:15,56.9674
2023-07-21 19:30,56.79114
2023-07-21 19:45,54.8834
2023-07-21 20:00,51.0008
2023-07-21 20:15,51.3067
2023-07-21 20:30,51.24271
2023-07-21 20:45,55.22981
2023-07-21 21:00,51.3903
2023-07-21 21:15,51.40976
2023-07-21 21:30,50.41427
2023-07-21 21:45,49.35271
2023-07-21 22:00,56.13495
2023-07-21 22:15,55.82717
2023-07-21 22:30,54.55494
2023-07-21 22:45,48.90478
2023-07-21 23:00,49.63509
2023-07-21 23:15,47.44586
2023-07-21 23:30,44.4154
2023-07-21 23:45,43.31643
2023-07-22 0:00,44.0887
2023-07-22 0:15,44.19499
2023-07-22 0:30,43.79192
2023-07-22 0:45,43.23468
2023-07-22 1:00,43.34737
2023-07-22 1:15,43.2789
2023-07-22 1:30,43.25064
2023-07-22 1:45,43.33366
2023-07-22 2:00,43.78088
2023-07-22 2:15,44.44504
2023-07-22 2:30,44.44504
2023-07-22 2:45,45.29838
2023-07-22 3:00,43.22125
2023-07-22 3:15,48.51615
2023-07-22 3:30,51.02553
2023-07-22 3:45,54.9048
2023-07-22 4:00,48.18653
2023-07-22 4:15,50.65822
2023-07-22 4:30,54.84256
2023-07-22 4:45,61.05
2023-07-22 5:00,55.63391
2023-07-22 5:15,55.9584
2023-07-22 5:30,62.44144
2023-07-22 5:45,78.66567
2023-07-22 6:00,55.5338
2023-07-22 6:15,58.79893
2023-07-22 6:30,62.71116
2023-07-22 6:45,80.92252
2023-07-22 7:00,56.17563
2023-07-22 7:15,62.52562
2023-07-22 7:30,83.62958
2023-07-22 7:45,92.33101
2023-07-22 8:00,60.70196
2023-07-22 8:15,72.94174
2023-07-22 8:30,86.64825
2023-07-22 8:45,96.59114
2023-07-22 9:00,63.8337
2023-07-22 9:15,70.36464
2023-07-22 9:30,93.76239
2023-07-22 9:45,100.53954
2023-07-22 10:00,59.79081
2023-07-22 10:15,68.45297
2023-07-22 10:30,78.96288
2023-07-22 10:45,100.30603
2023-07-22 11:00,129.84377
2023-07-22 11:15,360.20844
2023-07-22 11:30,247.43686
2023-07-22 11:45,248.20076
2023-07-22 12:00,112.75479
2023-07-22 12:15,102.86544
2023-07-22 12:30,87.37674
2023-07-22 12:45,77.97339
2023-07-22 13:00,100.89239
2023-07-22 13:15,86.71271
2023-07-22 13:30,78.27039
2023-07-22 13:45,66.06991
2023-07-22 14:00,94.83611
2023-07-22 14:15,74.20985
2023-07-22 14:30,64.45655
2023-07-22 14:45,58.60363
2023-07-22 15:00,77.40553
2023-07-22 15:15,67.31406
2023-07-22 15:30,59.83157
2023-07-22 15:45,50.76029
2023-07-22 16:00,69.06661
2023-07-22 16:15,61.3488
2023-07-22 16:30,61.57557
2023-07-22 16:45,55.3639
2023-07-22 17:00,56.63795
2023-07-22 17:15,64.38348
2023-07-22 17:30,55.78934
2023-07-22 17:45,51.94389
2023-07-22 18:00,50.17506
2023-07-22 18:15,49.67008
2023-07-22 18:30,48.98959
2023-07-22 18:45,48.97492
2023-07-22 19:00,52.38784
2023-07-22 19:15,51.29921
2023-07-22 19:30,49.90851
2023-07-22 19:45,48.49977
2023-07-22 20:00,47.17242
2023-07-22 20:15,47.27594
2023-07-22 20:30,47.18018
2023-07-22 20:45,46.61737
2023-07-22 21:00,48.62406
2023-07-22 21:15,49.24515
2023-07-22 21:30,49.22419
2023-07-22 21:45,46.57686
2023-07-22 22:00,49.07653
2023-07-22 22:15,48.19375
2023-07-22 22:30,48.11248
2023-07-22 22:45,47.89528
2023-07-22 23:00,50.53685
2023-07-22 23:15,47.72424
2023-07-22 23:30,46.49059
2023-07-22 23:45,43.92107
2023-07-23 0:00,45.88862
2023-07-23 0:15,46.03941
2023-07-23 0:30,45.81727
2023-07-23 0:45,45.43488
2023-07-23 1:00,45.1329
2023-07-23 1:15,45.14868
2023-07-23 1:30,44.6237
2023-07-23 1:45,44.91377
2023-07-23 2:00,43.6344
2023-07-23 2:15,42.88388
2023-07-23 2:30,42.68011
2023-07-23 2:45,45.77
2023-07-23 3:00,41.69472
2023-07-23 3:15,42.25644
2023-07-23 3:30,43.72405
2023-07-23 3:45,51.2
2023-07-23 4:00,42.01026
2023-07-23 4:15,44.84255
2023-07-23 4:30,52.57056
2023-07-23 4:45,60.75953
2023-07-23 5:00,51.93427
2023-07-23 5:15,55.93077
2023-07-23 5:30,60.07253
2023-07-23 5:45,59.9886
2023-07-23 6:00,53.8032
2023-07-23 6:15,56.45179
2023-07-23 6:30,62.38748
2023-07-23 6:45,89.23499
2023-07-23 7:00,60.36272
2023-07-23 7:15,73.68186
2023-07-23 7:30,81.8885
2023-07-23 7:45,88.89182
2023-07-23 8:00,60.75547
2023-07-23 8:15,79.25027
2023-07-23 8:30,79.94047
2023-07-23 8:45,97.95753
2023-07-23 9:00,70.21685
2023-07-23 9:15,87.50767
2023-07-23 9:30,90.65098
2023-07-23 9:45,108.45858
2023-07-23 10:00,76.53799
2023-07-23 10:15,87.69134
2023-07-23 10:30,101.71129
2023-07-23 10:45,158.0082
2023-07-23 11:00,205.11288
2023-07-23 11:15,512.6964
2023-07-23 11:30,534.047
2023-07-23 11:45,191.74762
2023-07-23 12:00,125.30423
2023-07-23 12:15,110.69143
2023-07-23 12:30,104.62733
2023-07-23 12:45,84.21149
2023-07-23 13:00,117.85512
2023-07-23 13:15,99.83417
2023-07-23 13:30,86.21992
2023-07-23 13:45,75.47326
2023-07-23 14:00,96.42662
2023-07-23 14:15,89.28172
2023-07-23 14:30,76.55564
2023-07-23 14:45,66.08059
2023-07-23 15:00,89.72146
2023-07-23 15:15,81.18639
2023-07-23 15:30,70.04054
2023-07-23 15:45,55.94353
2023-07-23 16:00,62.41078
2023-07-23 16:15,55.99484
2023-07-23 16:30,58.8333
2023-07-23 16:45,54.9686
2023-07-23 17:00,62.42093
2023-07-23 17:15,59.20442
2023-07-23 17:30,59.18922
2023-07-23 17:45,51.24525
2023-07-23 18:00,54.81066
2023-07-23 18:15,52.39861
2023-07-23 18:30,55.89182
2023-07-23 18:45,63.23876
2023-07-23 19:00,64.27624
2023-07-23 19:15,64.00087
2023-07-23 19:30,62.84267
2023-07-23 19:45,61.62909
2023-07-23 20:00,62.10247
2023-07-23 20:15,62.36698
2023-07-23 20:30,59.15035
2023-07-23 20:45,59.26705
2023-07-23 21:00,54.97968
2023-07-23 21:15,54.18695
2023-07-23 21:30,53.96737
2023-07-23 21:45,53.68624
2023-07-23 22:00,53.01325
2023-07-23 22:15,51.82573
2023-07-23 22:30,50.02513
2023-07-23 22:45,49.27543
2023-07-23 23:00,48.84628
2023-07-23 23:15,46.95977
2023-07-23 23:30,45.83401
2023-07-23 23:45,42.87148
2023-07-24 0:00,50.52749
2023-07-24 0:15,51.19349
2023-07-24 0:30,51.68005
2023-07-24 0:45,51.69118
2023-07-24 1:00,50.7603
2023-07-24 1:15,51.82054
2023-07-24 1:30,58.20787
2023-07-24 1:45,63.53292
2023-07-24 2:00,63.32985
2023-07-24 2:15,64.06495
2023-07-24 2:30,65.06395
2023-07-24 2:45,66.05429
2023-07-24 3:00,63.60002
2023-07-24 3:15,65.35277
2023-07-24 3:30,68.86727
2023-07-24 3:45,71.48711
2023-07-24 4:00,55.78581
2023-07-24 4:15,65.14958
2023-07-24 4:30,70.41006
2023-07-24 4:45,82.93591
2023-07-24 5:00,64.62566
2023-07-24 5:15,67.48642
2023-07-24 5:30,71.87292
2023-07-24 5:45,79.85883
2023-07-24 6:00,62.14053
2023-07-24 6:15,64.98748
2023-07-24 6:30,73.72218
2023-07-24 6:45,87.06312
2023-07-24 7:00,67.73012
2023-07-24 7:15,69.34638
2023-07-24 7:30,75.93905
2023-07-24 7:45,70.95476
2023-07-24 8:00,69.02311
2023-07-24 8:15,80.23174
2023-07-24 8:30,91.56203
2023-07-24 8:45,97.04377
2023-07-24 9:00,83.93568
2023-07-24 9:15,91.949
2023-07-24 9:30,108.10838
2023-07-24 9:45,119.46
2023-07-24 10:00,79.24834
2023-07-24 10:15,95.67059
2023-07-24 10:30,104.75041
2023-07-24 10:45,88.69867
2023-07-24 11:00,81.1913
2023-07-24 11:15,107.7486
2023-07-24 11:30,106.88955
2023-07-24 11:45,81.15461
2023-07-24 12:00,82.97818
2023-07-24 12:15,75.08885
2023-07-24 12:30,71.27356
2023-07-24 12:45,63.51967
2023-07-24 13:00,82.40435
2023-07-24 13:15,73.29163
2023-07-24 13:30,63.06829
2023-07-24 13:45,52.02781
2023-07-24 14:00,75.29313
2023-07-24 14:15,61.64249
2023-07-24 14:30,56.13099
2023-07-24 14:45,54.38315
2023-07-24 15:00,60.83742
2023-07-24 15:15,55.95539
2023-07-24 15:30,55.01255
2023-07-24 15:45,51.25983
2023-07-24 16:00,62.51218
2023-07-24 16:15,59.68975
2023-07-24 16:30,55.19054
2023-07-24 16:45,54.32469
2023-07-24 17:00,54.61965
2023-07-24 17:15,54.52326
2023-07-24 17:30,49.42998
2023-07-24 17:45,48.10542
2023-07-24 18:00,48.96946
2023-07-24 18:15,48.93649
2023-07-24 18:30,47.61311
2023-07-24 18:45,47.85905
2023-07-24 19:00,48.79977
2023-07-24 19:15,47.06681
2023-07-24 19:30,48.86686
2023-07-24 19:45,47.83598
2023-07-24 20:00,49.47987
2023-07-24 20:15,48.97039
2023-07-24 20:30,49.51757
2023-07-24 20:45,49.63054
2023-07-24 21:00,53.42513
2023-07-24 21:15,53.64546
2023-07-24 21:30,50.23298
2023-07-24 21:45,53.67983
2023-07-24 22:00,51.60734
2023-07-24 22:15,53.40792
2023-07-24 22:30,50.68104
2023-07-24 22:45,48.28459
2023-07-24 23:00,53.1319
2023-07-24 23:15,47.65599
2023-07-24 23:30,39.94722
2023-07-24 23:45,35.09192
2023-07-25 0:00,46.71227
2023-07-25 0:15,46.53363
2023-07-25 0:30,48.20553
2023-07-25 0:45,47.39804
2023-07-25 1:00,49.93047
2023-07-25 1:15,50.56501
2023-07-25 1:30,48.37392
2023-07-25 1:45,43.61391
2023-07-25 2:00,43.87718
2023-07-25 2:15,44.41592
2023-07-25 2:30,45.74731
2023-07-25 2:45,48.77946
2023-07-25 3:00,46.01794
2023-07-25 3:15,50.26245
2023-07-25 3:30,52.52489
2023-07-25 3:45,56.85046
2023-07-25 4:00,47.51288
2023-07-25 4:15,49.38796
2023-07-25 4:30,52.92065
2023-07-25 4:45,54.37989
2023-07-25 5:00,49.75109
2023-07-25 5:15,49.60335
2023-07-25 5:30,60.89412
2023-07-25 5:45,68.06618
2023-07-25 6:00,52.95593
2023-07-25 6:15,53.91189
2023-07-25 6:30,44.20465
2023-07-25 6:45,44.81678
2023-07-25 7:00,23.68028
2023-07-25 7:15,25.75482
2023-07-25 7:30,31.22686
2023-07-25 7:45,38.6725
2023-07-25 8:00,26.62753
2023-07-25 8:15,37.71352
2023-07-25 8:30,39.59741
2023-07-25 8:45,39.57658
2023-07-25 9:00,37.45684
2023-07-25 9:15,43.86319
2023-07-25 9:30,43.06683
2023-07-25 9:45,43.26446
2023-07-25 10:00,15.94645
2023-07-25 10:15,16.85808
2023-07-25 10:30,16.90213
2023-07-25 10:45,10.65745
2023-07-25 11:00,33.00588
2023-07-25 11:15,-42.36602
2023-07-25 11:30,8.50584
2023-07-25 11:45,12.39665
2023-07-25 12:00,43.46822
2023-07-25 12:15,55.78236
2023-07-25 12:30,48.93074
2023-07-25 12:45,44.77454
2023-07-25 13:00,55.82186
2023-07-25 13:15,50.84799
2023-07-25 13:30,46.8197
2023-07-25 13:45,44.25536
2023-07-25 14:00,58.53108
2023-07-25 14:15,55.60549
2023-07-25 14:30,45.24427
2023-07-25 14:45,34.29186
2023-07-25 15:00,55.6944
2023-07-25 15:15,55.62492
2023-07-25 15:30,46.43224
2023-07-25 15:45,38.18989
2023-07-25 16:00,48.26074
2023-07-25 16:15,48.13394
2023-07-25 16:30,48.43511
2023-07-25 16:45,46.35286
2023-07-25 17:00,47.01391
2023-07-25 17:15,45.43663
2023-07-25 17:30,44.1542
2023-07-25 17:45,42.56001
2023-07-25 18:00,43.30208
2023-07-25 18:15,44.64299
2023-07-25 18:30,43.54487
2023-07-25 18:45,44.62712
2023-07-25 19:00,41.11832
2023-07-25 19:15,43.26853
2023-07-25 19:30,43.53204
2023-07-25 19:45,44.05816
2023-07-25 20:00,47.69318
2023-07-25 20:15,47.41337
2023-07-25 20:30,44.83971
2023-07-25 20:45,34.00052
2023-07-25 21:00,48.68115
2023-07-25 21:15,48.88747
2023-07-25 21:30,48.98005
2023-07-25 21:45,48.31719
2023-07-25 22:00,46.44314
2023-07-25 22:15,48.36587
2023-07-25 22:30,48.6708
2023-07-25 22:45,48.98947
2023-07-25 23:00,55.76538
2023-07-25 23:15,51.74033
2023-07-25 23:30,48.93503
2023-07-25 23:45,46.22325
2023-07-26 0:00,50.39464
2023-07-26 0:15,50.97424
2023-07-26 0:30,50.07992
2023-07-26 0:45,51.8242
2023-07-26 1:00,53.21739
2023-07-26 1:15,52.74941
2023-07-26 1:30,48.18593
2023-07-26 1:45,49.76008
2023-07-26 2:00,40.76298
2023-07-26 2:15,39.34019
2023-07-26 2:30,34.25726
2023-07-26 2:45,35.81986
2023-07-26 3:00,50.19087
2023-07-26 3:15,54.08138
2023-07-26 3:30,52.04857
2023-07-26 3:45,42.60128
2023-07-26 4:00,45.69767
2023-07-26 4:15,45.18115
2023-07-26 4:30,44.94354
2023-07-26 4:45,59.62217
2023-07-26 5:00,45.63757
2023-07-26 5:15,52.18755
2023-07-26 5:30,50.70113
2023-07-26 5:45,41.23297
2023-07-26 6:00,43.73414
2023-07-26 6:15,44.92367
2023-07-26 6:30,44.60814
2023-07-26 6:45,61.50198
2023-07-26 7:00,45.31093
2023-07-26 7:15,54.19365
2023-07-26 7:30,68.39459
2023-07-26 7:45,76.42438
2023-07-26 8:00,44.31565
2023-07-26 8:15,85.5665
2023-07-26 8:30,90.08261
2023-07-26 8:45,123.01327
2023-07-26 9:00,46.30158
2023-07-26 9:15,55.98644
2023-07-26 9:30,-31.08728
2023-07-26 9:45,-34.8774
2023-07-26 10:00,-60.63572
2023-07-26 10:15,-33.09068
2023-07-26 10:30,-19.43173
2023-07-26 10:45,87.30795
2023-07-26 11:00,164.92773
2023-07-26 11:15,1.15567
2023-07-26 11:30,122.47663
2023-07-26 11:45,268.4763
2023-07-26 12:00,202.12196
2023-07-26 12:15,189.98582
2023-07-26 12:30,56.89219
2023-07-26 12:45,78.05
2023-07-26 13:00,110.86652
2023-07-26 13:15,-4.23785
2023-07-26 13:30,-12.3037
2023-07-26 13:45,-10.73021
2023-07-26 14:00,27.69109
2023-07-26 14:15,90.95761
2023-07-26 14:30,64.07949
2023-07-26 14:45,54.43383
2023-07-26 15:00,75.68243
2023-07-26 15:15,67.86842
2023-07-26 15:30,59.80585
2023-07-26 15:45,45.93701
2023-07-26 16:00,83.14256
2023-07-26 16:15,58.10295
2023-07-26 16:30,58.73569
2023-07-26 16:45,52.98858
2023-07-26 17:00,52.84046
2023-07-26 17:15,52.66966
2023-07-26 17:30,56.85962
2023-07-26 17:45,53.46281
2023-07-26 18:00,66.36442
2023-07-26 18:15,65.41561
2023-07-26 18:30,59.45518
2023-07-26 18:45,56.39393
2023-07-26 19:00,58.66031
2023-07-26 19:15,58.10076
2023-07-26 19:30,58.18182
2023-07-26 19:45,57.86415
2023-07-26 20:00,58.12875
2023-07-26 20:15,59.08186
2023-07-26 20:30,59.16431
2023-07-26 20:45,58.20328
2023-07-26 21:00,59.61551
2023-07-26 21:15,63.41759
2023-07-26 21:30,61.83534
2023-07-26 21:45,70.64927
2023-07-26 22:00,66.24754
2023-07-26 22:15,67.07284
2023-07-26 22:30,59.74004
2023-07-26 22:45,59.74004
2023-07-26 23:00,60.95313
2023-07-26 23:15,60.40909
2023-07-26 23:30,56.76468
2023-07-26 23:45,50.66024
2023-07-27 0:00,58.2104
2023-07-27 0:15,59.98029
2023-07-27 0:30,58.33402
2023-07-27 0:45,56.62064
2023-07-27 1:00,57.77792
2023-07-27 1:15,57.59344
2023-07-27 1:30,58.12975
2023-07-27 1:45,61.85101
2023-07-27 2:00,66.13229
2023-07-27 2:15,64.35485
2023-07-27 2:30,62.76273
2023-07-27 2:45,65.52297
2023-07-27 3:00,59.41363
2023-07-27 3:15,67.87277
2023-07-27 3:30,81.73
2023-07-27 3:45,81.90908
2023-07-27 4:00,69.05508
2023-07-27 4:15,79.72127
2023-07-27 4:30,79.48753
2023-07-27 4:45,79.27139
2023-07-27 5:00,78.2545
2023-07-27 5:15,91.20281
2023-07-27 5:30,92.37821
2023-07-27 5:45,90.97794
2023-07-27 6:00,79.03467
2023-07-27 6:15,78.61076
2023-07-27 6:30,78.80278
2023-07-27 6:45,89.84526
2023-07-27 7:00,87.77283
2023-07-27 7:15,80.21954
2023-07-27 7:30,105.21059
2023-07-27 7:45,100.334
2023-07-27 8:00,93.31783
2023-07-27 8:15,111.33602
2023-07-27 8:30,119.15833
2023-07-27 8:45,125.1
2023-07-27 9:00,120.385
2023-07-27 9:15,105.22843
2023-07-27 9:30,122.88565
2023-07-27 9:45,242.46
2023-07-27 10:00,107.699
2023-07-27 10:15,397
2023-07-27 10:30,999.00714
2023-07-27 10:45,1000.0334
2023-07-27 11:00,957.04047
2023-07-27 11:15,889.70593
2023-07-27 11:30,900.2596
2023-07-27 11:45,770.48755
2023-07-27 12:00,933.9108
2023-07-27 12:15,800.9335
2023-07-27 12:30,897.03705
2023-07-27 12:45,155.34978
2023-07-27 13:00,164.7198
2023-07-27 13:15,133.9059
2023-07-27 13:30,280.17157
2023-07-27 13:45,86.29756
2023-07-27 14:00,109.78102
2023-07-27 14:15,104.0306
2023-07-27 14:30,92.80161
2023-07-27 14:45,83.11301
2023-07-27 15:00,85.86787
2023-07-27 15:15,80.70375
2023-07-27 15:30,75.95037
2023-07-27 15:45,74.26602
2023-07-27 16:00,74.26602
2023-07-27 16:15,74.18493
2023-07-27 16:30,74.18493
2023-07-27 16:45,74.18493
2023-07-27 17:00,74.18493
2023-07-27 17:15,74.18493
2023-07-27 17:30,63.48836
2023-07-27 17:45,58.67357
2023-07-27 18:00,58.63369
2023-07-27 18:15,52.20288
2023-07-27 18:30,50.55003
2023-07-27 18:45,50.09049
2023-07-27 19:00,47.20802
2023-07-27 19:15,46.30758
2023-07-27 19:30,46.23164
2023-07-27 19:45,47.14685
2023-07-27 20:00,52.49806
2023-07-27 20:15,56.09886
2023-07-27 20:30,58.54645
2023-07-27 20:45,55.24452
2023-07-27 21:00,72.51097
2023-07-27 21:15,78.28114
2023-07-27 21:30,79.26742
2023-07-27 21:45,79.32509
2023-07-27 22:00,63.96537
2023-07-27 22:15,63.97194
2023-07-27 22:30,61.97405
2023-07-27 22:45,58.46116
2023-07-27 23:00,54.89745
2023-07-27 23:15,49.99004
2023-07-27 23:30,45.20511
2023-07-27 23:45,37.92453
2023-07-28 0:00,46.78386
2023-07-28 0:15,46.78386
2023-07-28 0:30,44.83853
2023-07-28 0:45,42.39296
2023-07-28 1:00,44.62015
2023-07-28 1:15,45.82147
2023-07-28 1:30,43.65654
2023-07-28 1:45,42.14982
2023-07-28 2:00,41.8181
2023-07-28 2:15,38.56729
2023-07-28 2:30,40.771
2023-07-28 2:45,41.80401
2023-07-28 3:00,37.575
2023-07-28 3:15,39.5388
2023-07-28 3:30,37.88029
2023-07-28 3:45,49.6312
2023-07-28 4:00,53.6788
2023-07-28 4:15,58.40927
2023-07-28 4:30,60.55171
2023-07-28 4:45,73.16441
2023-07-28 5:00,60.29167
2023-07-28 5:15,65.42405
2023-07-28 5:30,71.88635
2023-07-28 5:45,68.96447
2023-07-28 6:00,56.17465
2023-07-28 6:15,61.79181
2023-07-28 6:30,67.78026
2023-07-28 6:45,66.38978
2023-07-28 7:00,41.92595
2023-07-28 7:15,47.85843
2023-07-28 7:30,52.42227
2023-07-28 7:45,68.17571
2023-07-28 8:00,73.46001
2023-07-28 8:15,79.19155
2023-07-28 8:30,71.07561
2023-07-28 8:45,76.04071
2023-07-28 9:00,39.71536
2023-07-28 9:15,42.06118
2023-07-28 9:30,36.00973
2023-07-28 9:45,49.95558
2023-07-28 10:00,37.55205
2023-07-28 10:15,37.2671
2023-07-28 10:30,35.9836
2023-07-28 10:45,110.62378
2023-07-28 11:00,26.79981
2023-07-28 11:15,302.3906
2023-07-28 11:30,655.0568
2023-07-28 11:45,491.41562
2023-07-28 12:00,59.45867
2023-07-28 12:15,70.82861
2023-07-28 12:30,98.40422
2023-07-28 12:45,82.34416
2023-07-28 13:00,84.95721
2023-07-28 13:15,87.39005
2023-07-28 13:30,91.34992
2023-07-28 13:45,38.18281
2023-07-28 14:00,78.8587
2023-07-28 14:15,74.1755
2023-07-28 14:30,60.43734
2023-07-28 14:45,47.37432
2023-07-28 15:00,74.06086
2023-07-28 15:15,74.2052
2023-07-28 15:30,58.97645
2023-07-28 15:45,45.68308
2023-07-28 16:00,70.3985
2023-07-28 16:15,55.71235
2023-07-28 16:30,49.12937
2023-07-28 16:45,49.99625
2023-07-28 17:00,73.08939
2023-07-28 17:15,64.01561
2023-07-28 17:30,59.97043
2023-07-28 17:45,52.54998
2023-07-28 18:00,54.97979
2023-07-28 18:15,49.21173
2023-07-28 18:30,49.06562
2023-07-28 18:45,49.19091
2023-07-28 19:00,48.49892
2023-07-28 19:15,48.34807
2023-07-28 19:30,48.41653
2023-07-28 19:45,48.32933
2023-07-28 20:00,54.18785
2023-07-28 20:15,53.53163
2023-07-28 20:30,50.46926
2023-07-28 20:45,49.99634
2023-07-28 21:00,50.66964
2023-07-28 21:15,57.09852
2023-07-28 21:30,50.50733
2023-07-28 21:45,53.51401
2023-07-28 22:00,50.46854
2023-07-28 22:15,50.8304
2023-07-28 22:30,49.72283
2023-07-28 22:45,49.65871
2023-07-28 23:00,60.88025
2023-07-28 23:15,53.07249
2023-07-28 23:30,51.11314
2023-07-28 23:45,45.41762
2023-07-29 0:00,45.26829
2023-07-29 0:15,44.07106
2023-07-29 0:30,44.2742
2023-07-29 0:45,42.18174
2023-07-29 1:00,41.20232
2023-07-29 1:15,40.28771
2023-07-29 1:30,40.13039
2023-07-29 1:45,40.3883
2023-07-29 2:00,42.15445
2023-07-29 2:15,41.24282
2023-07-29 2:30,43.25185
2023-07-29 2:45,48.93977
2023-07-29 3:00,41.62736
2023-07-29 3:15,42.78716
2023-07-29 3:30,46.82358
2023-07-29 3:45,48.07622
2023-07-29 4:00,43.60299
2023-07-29 4:15,46.62452
2023-07-29 4:30,49.1699
2023-07-29 4:45,52.11651
2023-07-29 5:00,50.98321
2023-07-29 5:15,60.15859
2023-07-29 5:30,76.19749
2023-07-29 5:45,86.09052
2023-07-29 6:00,57.33986
2023-07-29 6:15,47.9237
2023-07-29 6:30,58.74443
2023-07-29 6:45,63.79186
2023-07-29 7:00,60.53691
2023-07-29 7:15,72.19931
2023-07-29 7:30,65.52258
2023-07-29 7:45,73.46969
2023-07-29 8:00,58.79923
2023-07-29 8:15,75.41591
2023-07-29 8:30,92.03975
2023-07-29 8:45,75.29413
2023-07-29 9:00,56.26331
2023-07-29 9:15,65.9385
2023-07-29 9:30,100.05073
2023-07-29 9:45,88.76107
2023-07-29 10:00,44.16159
2023-07-29 10:15,66.46413
2023-07-29 10:30,78.24246
2023-07-29 10:45,110.50276
2023-07-29 11:00,65.05211
2023-07-29 11:15,86.20204
2023-07-29 11:30,125.91327
2023-07-29 11:45,107.12307
2023-07-29 12:00,78.46286
2023-07-29 12:15,72.69971
2023-07-29 12:30,102.2715
2023-07-29 12:45,61.4863
2023-07-29 13:00,103.39808
2023-07-29 13:15,85.32527
2023-07-29 13:30,79.4377
2023-07-29 13:45,49.94583
2023-07-29 14:00,98.34219
2023-07-29 14:15,78.23158
2023-07-29 14:30,57.58796
2023-07-29 14:45,48.34244
2023-07-29 15:00,74.19384
2023-07-29 15:15,65.34219
2023-07-29 15:30,56.70289
2023-07-29 15:45,54.46113
2023-07-29 16:00,62.91401
2023-07-29 16:15,57.40186
2023-07-29 16:30,55.58011
2023-07-29 16:45,52.00225
2023-07-29 17:00,60.05326
2023-07-29 17:15,55.31712
2023-07-29 17:30,60.12978
2023-07-29 17:45,54.48613
2023-07-29 18:00,55.29965
2023-07-29 18:15,55.00448
2023-07-29 18:30,51.8537
2023-07-29 18:45,51.09331
2023-07-29 19:00,54.1539
2023-07-29 19:15,53.86896
2023-07-29 19:30,53.49416
2023-07-29 19:45,51.1734
2023-07-29 20:00,50.0548
2023-07-29 20:15,47.84643
2023-07-29 20:30,47.47952
2023-07-29 20:45,47.85683
2023-07-29 21:00,46.75528
2023-07-29 21:15,47.59173
2023-07-29 21:30,47.68905
2023-07-29 21:45,47.6384
2023-07-29 22:00,47.88903
2023-07-29 22:15,48.5789
2023-07-29 22:30,46.02112
2023-07-29 22:45,44.90263
2023-07-29 23:00,43.964
2023-07-29 23:15,41.03576
2023-07-29 23:30,34.23985
2023-07-29 23:45,29.04186
2023-07-30 0:00,41.44918
2023-07-30 0:15,40.11967
2023-07-30 0:30,39.46966
2023-07-30 0:45,37.9126
2023-07-30 1:00,33.74469
2023-07-30 1:15,33.7476
2023-07-30 1:30,34.1216
2023-07-30 1:45,35.09184
2023-07-30 2:00,34.9012
2023-07-30 2:15,39.11
2023-07-30 2:30,36.91381
2023-07-30 2:45,39.34
2023-07-30 3:00,40.85
2023-07-30 3:15,42.24
2023-07-30 3:30,43.65523
2023-07-30 3:45,48.19517
2023-07-30 4:00,37.10766
2023-07-30 4:15,38.94722
2023-07-30 4:30,41.34276
2023-07-30 4:45,45.65973
2023-07-30 5:00,43.09992
2023-07-30 5:15,47.30978
2023-07-30 5:30,55.68239
2023-07-30 5:45,47.88324
2023-07-30 6:00,45.161
2023-07-30 6:15,48.13967
2023-07-30 6:30,49.48113
2023-07-30 6:45,46.89291
2023-07-30 7:00,43.75599
2023-07-30 7:15,44.49871
2023-07-30 7:30,46.48729
2023-07-30 7:45,50.17511
2023-07-30 8:00,33.04389
2023-07-30 8:15,44.23498
2023-07-30 8:30,46.12019
2023-07-30 8:45,41.22
2023-07-30 9:00,66.42298
2023-07-30 9:15,86.58305
2023-07-30 9:30,93.95896
2023-07-30 9:45,97.98454
2023-07-30 10:00,41.02858
2023-07-30 10:15,52.9359
2023-07-30 10:30,40.59048
2023-07-30 10:45,40.26832
2023-07-30 11:00,36.94548
2023-07-30 11:15,106.66073
2023-07-30 11:30,131.49013
2023-07-30 11:45,65.87416
2023-07-30 12:00,59.98952
2023-07-30 12:15,54.83588
2023-07-30 12:30,56.17658
2023-07-30 12:45,52.3638
2023-07-30 13:00,60.6285
2023-07-30 13:15,75.41886
2023-07-30 13:30,86.80234
2023-07-30 13:45,38.39651
2023-07-30 14:00,70.40963
2023-07-30 14:15,47.93591
2023-07-30 14:30,51.33139
2023-07-30 14:45,46.93682
2023-07-30 15:00,48.48874
2023-07-30 15:15,50.18801
2023-07-30 15:30,42.21701
2023-07-30 15:45,37.04398
2023-07-30 16:00,42.37893
2023-07-30 16:15,39.17558
2023-07-30 16:30,40.60608
2023-07-30 16:45,38.84463
2023-07-30 17:00,41.11064
2023-07-30 17:15,38.77333
2023-07-30 17:30,36.35973
2023-07-30 17:45,36.35609
2023-07-30 18:00,36.94283
2023-07-30 18:15,40.51022
2023-07-30 18:30,40.06256
2023-07-30 18:45,40.03932
2023-07-30 19:00,40.24397
2023-07-30 19:15,40.47451
2023-07-30 19:30,38.99153
2023-07-30 19:45,39.45987
2023-07-30 20:00,40.18181
2023-07-30 20:15,37.86969
2023-07-30 20:30,38.14057
2023-07-30 20:45,38.72893
2023-07-30 21:00,44.53146
2023-07-30 21:15,44.53368
2023-07-30 21:30,45.32374
2023-07-30 21:45,45.55167
2023-07-30 22:00,41.03591
2023-07-30 22:15,41.07897
2023-07-30 22:30,41.39183
2023-07-30 22:45,36.69843
2023-07-30 23:00,40.19101
2023-07-30 23:15,39.97
2023-07-30 23:30,28.9112
2023-07-30 23:45,27.5388
2023-07-31 0:00,28.71017
2023-07-31 0:15,28.9212
2023-07-31 0:30,28.5252
2023-07-31 0:45,27.34622
2023-07-31 1:00,26.94933
2023-07-31 1:15,20.84338
2023-07-31 1:30,20.66667
2023-07-31 1:45,22.06373
2023-07-31 2:00,22.71471
2023-07-31 2:15,29.8833
2023-07-31 2:30,32.28431
2023-07-31 2:45,33.25267
2023-07-31 3:00,34.18
2023-07-31 3:15,34.1212
2023-07-31 3:30,35.33441
2023-07-31 3:45,33.93746
2023-07-31 4:00,24.44017
2023-07-31 4:15,34.942
2023-07-31 4:30,37.68549
2023-07-31 4:45,42.39446
2023-07-31 5:00,30.20179
2023-07-31 5:15,28.9209
2023-07-31 5:30,47.48664
2023-07-31 5:45,51.58104
2023-07-31 6:00,34.06445
2023-07-31 6:15,34.81284
2023-07-31 6:30,41.64472
2023-07-31 6:45,40.42845
2023-07-31 7:00,28.7127
2023-07-31 7:15,43.45958
2023-07-31 7:30,46.94
2023-07-31 7:45,44.167
2023-07-31 8:00,41.41
2023-07-31 8:15,52.27087
2023-07-31 8:30,64.05
2023-07-31 8:45,64.43253
2023-07-31 9:00,49.14495
2023-07-31 9:15,53.8176
2023-07-31 9:30,71.15699
2023-07-31 9:45,63.55902
2023-07-31 10:00,105.86827
2023-07-31 10:15,96.59474
2023-07-31 10:30,90.83899
2023-07-31 10:45,143.48454
2023-07-31 11:00,90.01688
2023-07-31 11:15,72.61944
2023-07-31 11:30,91.08342
2023-07-31 11:45,63.05878
2023-07-31 12:00,52.62252
2023-07-31 12:15,53.18267
2023-07-31 12:30,52.5894
2023-07-31 12:45,67.26579
2023-07-31 13:00,55.41534
2023-07-31 13:15,51.85354
2023-07-31 13:30,47.13688
2023-07-31 13:45,44.56136
2023-07-31 14:00,41.83321
2023-07-31 14:15,42.1902
2023-07-31 14:30,35.5577
2023-07-31 14:45,33.75668
2023-07-31 15:00,41.84231
2023-07-31 15:15,43.43876
2023-07-31 15:30,41.6951
2023-07-31 15:45,37.72473
2023-07-31 16:00,41.75359
2023-07-31 16:15,42.72179
2023-07-31 16:30,42.99306
2023-07-31 16:45,43.87061
2023-07-31 17:00,38.08316
2023-07-31 17:15,40.64456
2023-07-31 17:30,41.44447
2023-07-31 17:45,39.5821
2023-07-31 18:00,41.63434
2023-07-31 18:15,42.42612
2023-07-31 18:30,40.73299
2023-07-31 18:45,38.64089
2023-07-31 19:00,45.19313
2023-07-31 19:15,46.48252
2023-07-31 19:30,46.41594
2023-07-31 19:45,45.29753
2023-07-31 20:00,43.96132
2023-07-31 20:15,44.50764
2023-07-31 20:30,43.7318
2023-07-31 20:45,45.3953
2023-07-31 21:00,44.24668
2023-07-31 21:15,40.73657
2023-07-31 21:30,42.80262
2023-07-31 21:45,42.5729
2023-07-31 22:00,49.86893
2023-07-31 22:15,53.21343
2023-07-31 22:30,54.50505
2023-07-31 22:45,50.42917
2023-07-31 23:00,54.67958
2023-07-31 23:15,51.99873
2023-07-31 23:30,50.70548
2023-07-31 23:45,47.04635
2023-08-01 0:00,53.10036
2023-08-01 0:15,47.13189
2023-08-01 0:30,46.48632
2023-08-01 0:45,41.87422
2023-08-01 1:00,43.85816
2023-08-01 1:15,40.50147
2023-08-01 1:30,42.91516
2023-08-01 1:45,42.01579
2023-08-01 2:00,42.62246
2023-08-01 2:15,43.16006
2023-08-01 2:30,42.31764
2023-08-01 2:45,43.11394
2023-08-01 3:00,47.89748
2023-08-01 3:15,46.52711
2023-08-01 3:30,42.56617
2023-08-01 3:45,66.66869
2023-08-01 4:00,58.21421
2023-08-01 4:15,65.67554
2023-08-01 4:30,67.69422
2023-08-01 4:45,74.37919
2023-08-01 5:00,60.83923
2023-08-01 5:15,74.76059
2023-08-01 5:30,82.63886
2023-08-01 5:45,77.88969
2023-08-01 6:00,51.86553
2023-08-01 6:15,71.1004
2023-08-01 6:30,69.58582
2023-08-01 6:45,88.51626
2023-08-01 7:00,61.02204
2023-08-01 7:15,58.52029
2023-08-01 7:30,59.39883
2023-08-01 7:45,87.09289
2023-08-01 8:00,78.9587
2023-08-01 8:15,90.97492
2023-08-01 8:30,92.21035
2023-08-01 8:45,132.8124
2023-08-01 9:00,86.67417
2023-08-01 9:15,118.7482
2023-08-01 9:30,300.38553
2023-08-01 9:45,494.4208
2023-08-01 10:00,60.34101
2023-08-01 10:15,69.33282
2023-08-01 10:30,133.39622
2023-08-01 10:45,184.84135
2023-08-01 11:00,64.4672
2023-08-01 11:15,101.27583
2023-08-01 11:30,136.27036
2023-08-01 11:45,131.65814
2023-08-01 12:00,107.15082
2023-08-01 12:15,104.67026
2023-08-01 12:30,89.52978
2023-08-01 12:45,95.84909
2023-08-01 13:00,94.20031
2023-08-01 13:15,78.11568
2023-08-01 13:30,71.05131
2023-08-01 13:45,49.88229
2023-08-01 14:00,74.13535
2023-08-01 14:15,63.35302
2023-08-01 14:30,49.49965
2023-08-01 14:45,46.94835
2023-08-01 15:00,70.28389
2023-08-01 15:15,68.79707
2023-08-01 15:30,62.43072
2023-08-01 15:45,74.9757
2023-08-01 16:00,55.27889
2023-08-01 16:15,55.27889
2023-08-01 16:30,52.06157
2023-08-01 16:45,62.43405
2023-08-01 17:00,58.50332
2023-08-01 17:15,59.99641
2023-08-01 17:30,58.56954
2023-08-01 17:45,55.03272
2023-08-01 18:00,57.22602
2023-08-01 18:15,55.87758
2023-08-01 18:30,55.25898
2023-08-01 18:45,54.25758
2023-08-01 19:00,55.02484
2023-08-01 19:15,56.18765
2023-08-01 19:30,53.67569
2023-08-01 19:45,52.38584
2023-08-01 20:00,53.38527
2023-08-01 20:15,53.38469
2023-08-01 20:30,55.69188
2023-08-01 20:45,57.65115
2023-08-01 21:00,56.92289
2023-08-01 21:15,57.76354
2023-08-01 21:30,58.1942
2023-08-01 21:45,59.48227
2023-08-01 22:00,59.80109
2023-08-01 22:15,60.86188
2023-08-01 22:30,59.18164
2023-08-01 22:45,51.94728
2023-08-01 23:00,55.52478
2023-08-01 23:15,53.72097
2023-08-01 23:30,49.84414
2023-08-01 23:45,46.46183
2023-08-02 0:00,50.49136
2023-08-02 0:15,50.38884
2023-08-02 0:30,46.01484
2023-08-02 0:45,45.55984
2023-08-02 1:00,50.00823
2023-08-02 1:15,51.11306
2023-08-02 1:30,50.97017
2023-08-02 1:45,56.92185
2023-08-02 2:00,51.16187
2023-08-02 2:15,56.83917
2023-08-02 2:30,56.60007
2023-08-02 2:45,56.89966
2023-08-02 3:00,57.71696
2023-08-02 3:15,56.90024
2023-08-02 3:30,61.64459
2023-08-02 3:45,67.8
2023-08-02 4:00,54.39874
2023-08-02 4:15,57.14645
2023-08-02 4:30,61.10279
2023-08-02 4:45,72.94
2023-08-02 5:00,64.30309
2023-08-02 5:15,68.4481
2023-08-02 5:30,64.93492
2023-08-02 5:45,66.0244
2023-08-02 6:00,63.77904
2023-08-02 6:15,63.80795
2023-08-02 6:30,72.1997
2023-08-02 6:45,74.16333
2023-08-02 7:00,69.11269
2023-08-02 7:15,65.51576
2023-08-02 7:30,73.15602
2023-08-02 7:45,72.99674
2023-08-02 8:00,70.78426
2023-08-02 8:15,71.21102
2023-08-02 8:30,69.5763
2023-08-02 8:45,72.0435
2023-08-02 9:00,56.1667
2023-08-02 9:15,70.12459
2023-08-02 9:30,78.28862
2023-08-02 9:45,96.51159
2023-08-02 10:00,53.90774
2023-08-02 10:15,77.13033
2023-08-02 10:30,77.61553
2023-08-02 10:45,144.5546
2023-08-02 11:00,72.57041
2023-08-02 11:15,74.53004
2023-08-02 11:30,108.68408
2023-08-02 11:45,138.03049
2023-08-02 12:00,108.80652
2023-08-02 12:15,110.89679
2023-08-02 12:30,106.04558
2023-08-02 12:45,86.56542
2023-08-02 13:00,116.74245
2023-08-02 13:15,112.16742
2023-08-02 13:30,110.74764
2023-08-02 13:45,57.86434
2023-08-02 14:00,89.29125
2023-08-02 14:15,80.63973
2023-08-02 14:30,69.15414
2023-08-02 14:45,62.04044
2023-08-02 15:00,66.13985
2023-08-02 15:15,60.29242
2023-08-02 15:30,53.79193
2023-08-02 15:45,50.54567
2023-08-02 16:00,61.71562
2023-08-02 16:15,56.46768
2023-08-02 16:30,54.89211
2023-08-02 16:45,50.88258
2023-08-02 17:00,55.86891
2023-08-02 17:15,56.22275
2023-08-02 17:30,55.26594
2023-08-02 17:45,53.97056
2023-08-02 18:00,55.73031
2023-08-02 18:15,55.97483
2023-08-02 18:30,55.26234
2023-08-02 18:45,50.99629
2023-08-02 19:00,55.69138
2023-08-02 19:15,55.32598
2023-08-02 19:30,55.77939
2023-08-02 19:45,55.52518
2023-08-02 20:00,55.74606
2023-08-02 20:15,56.46293
2023-08-02 20:30,56.67035
2023-08-02 20:45,56.90342
2023-08-02 21:00,58.61057
2023-08-02 21:15,61.63493
2023-08-02 21:30,65.23996
2023-08-02 21:45,65.14621
2023-08-02 22:00,74.28757
2023-08-02 22:15,73.1832
2023-08-02 22:30,64.82899
2023-08-02 22:45,58.10239
2023-08-02 23:00,56.38882
2023-08-02 23:15,54.32898
2023-08-02 23:30,48.58676
2023-08-02 23:45,45.91196
2023-08-03 0:00,48.43417
2023-08-03 0:15,49.3
2023-08-03 0:30,46.12018
2023-08-03 0:45,45.62
2023-08-03 1:00,49.1112
2023-08-03 1:15,49.9988
2023-08-03 1:30,46.12018
2023-08-03 1:45,46.15002
2023-08-03 2:00,45.48452
2023-08-03 2:15,45.1688
2023-08-03 2:30,45.48452
2023-08-03 2:45,48.7164
2023-08-03 3:00,45.8888
2023-08-03 3:15,48.6908
2023-08-03 3:30,50.16436
2023-08-03 3:45,50.01
2023-08-03 4:00,45.8888
2023-08-03 4:15,50.16436
2023-08-03 4:30,46.73528
2023-08-03 4:45,51.6288
2023-08-03 5:00,48.2889
2023-08-03 5:15,56.26804
2023-08-03 5:30,57.7958
2023-08-03 5:45,57.65717
2023-08-03 6:00,41.9688
2023-08-03 6:15,40.07854
2023-08-03 6:30,37.92822
2023-08-03 6:45,38.07766
2023-08-03 7:00,39.95126
2023-08-03 7:15,38.95695
2023-08-03 7:30,37.97203
2023-08-03 7:45,45.71683
2023-08-03 8:00,46.11797
2023-08-03 8:15,47.86176
2023-08-03 8:30,56.07494
2023-08-03 8:45,60.0224
2023-08-03 9:00,49.94313
2023-08-03 9:15,52.30862
2023-08-03 9:30,57.45501
2023-08-03 9:45,60.50819
2023-08-03 10:00,42.48258
2023-08-03 10:15,46.36459
2023-08-03 10:30,76.4907
2023-08-03 10:45,58.21433
2023-08-03 11:00,52.67709
2023-08-03 11:15,63.01988
2023-08-03 11:30,117.22763
2023-08-03 11:45,70.91752
2023-08-03 12:00,99.11072
2023-08-03 12:15,69.97604
2023-08-03 12:30,83.72609
2023-08-03 12:45,66.56155
2023-08-03 13:00,74.05507
2023-08-03 13:15,70.22809
2023-08-03 13:30,68.55662
2023-08-03 13:45,47.99794
2023-08-03 14:00,67.19425
2023-08-03 14:15,62.96471
2023-08-03 14:30,58.32985
2023-08-03 14:45,51.20764
2023-08-03 15:00,52.58574
2023-08-03 15:15,53.70775
2023-08-03 15:30,49.68075
2023-08-03 15:45,47.36444
2023-08-03 16:00,53.34341
2023-08-03 16:15,52.01573
2023-08-03 16:30,50.32245
2023-08-03 16:45,49.14258
2023-08-03 17:00,55.5938
2023-08-03 17:15,53.97527
2023-08-03 17:30,52.57937
2023-08-03 17:45,49.4036
2023-08-03 18:00,51.27386
2023-08-03 18:15,51.92641
2023-08-03 18:30,48.94101
2023-08-03 18:45,46.99289
2023-08-03 19:00,48.26336
2023-08-03 19:15,48.25452
2023-08-03 19:30,48.48672
2023-08-03 19:45,47.81674
2023-08-03 20:00,46.36667
2023-08-03 20:15,46.87331
2023-08-03 20:30,46.89959
2023-08-03 20:45,46.64873
2023-08-03 21:00,48.74641
2023-08-03 21:15,51.17855
2023-08-03 21:30,52.00764
2023-08-03 21:45,51.52532
2023-08-03 22:00,52.9384
2023-08-03 22:15,53.21
2023-08-03 22:30,51.52532
2023-08-03 22:45,48.5
2023-08-03 23:00,48.994
2023-08-03 23:15,45.771
2023-08-03 23:30,36.74598
2023-08-03 23:45,28.9012
2023-08-04 0:00,29.7412
2023-08-04 0:15,29.7412
2023-08-04 0:30,27.8476
2023-08-04 0:45,28.8088
2023-08-04 1:00,28.00018
2023-08-04 1:15,27.8488
2023-08-04 1:30,28.9076
2023-08-04 1:45,29.8988
2023-08-04 2:00,29.7004
2023-08-04 2:15,32.6552
2023-08-04 2:30,31.6688
2023-08-04 2:45,32.95
2023-08-04 3:00,33.23492
2023-08-04 3:15,34.54723
2023-08-04 3:30,34.1188
2023-08-04 3:45,33.45839
2023-08-04 4:00,32.4488
2023-08-04 4:15,32.8588
2023-08-04 4:30,33.92205
2023-08-04 4:45,38.88641
2023-08-04 5:00,29.88422
2023-08-04 5:15,33.77183
2023-08-04 5:30,40.0388
2023-08-04 5:45,40.16176
2023-08-04 6:00,34.98
2023-08-04 6:15,36.45967
2023-08-04 6:30,39.1688
2023-08-04 6:45,40.94418
2023-08-04 7:00,34.4176
2023-08-04 7:15,37.26
2023-08-04 7:30,41.9888
2023-08-04 7:45,43.24
2023-08-04 8:00,37.02323
2023-08-04 8:15,37.2832
2023-08-04 8:30,42.87113
2023-08-04 8:45,46.40877
2023-08-04 9:00,45.5512
2023-08-04 9:15,49.035
2023-08-04 9:30,72.60926
2023-08-04 9:45,82.11025
2023-08-04 10:00,49.19515
2023-08-04 10:15,48.73057
2023-08-04 10:30,58.50961
2023-08-04 10:45,75.19169
2023-08-04 11:00,68.3206
2023-08-04 11:15,72.25119
2023-08-04 11:30,86.10012
2023-08-04 11:45,68.45989
2023-08-04 12:00,59.62877
2023-08-04 12:15,61.27261
2023-08-04 12:30,63.49194
2023-08-04 12:45,56.81969
2023-08-04 13:00,73.20656
2023-08-04 13:15,59.63057
2023-08-04 13:30,56.179
2023-08-04 13:45,49.65717
2023-08-04 14:00,55.61
2023-08-04 14:15,53.61186
2023-08-04 14:30,50.28798
2023-08-04 14:45,45.4883
2023-08-04 15:00,48.86
2023-08-04 15:15,46.09
2023-08-04 15:30,44.5976
2023-08-04 15:45,42.62413
2023-08-04 16:00,45.67446
2023-08-04 16:15,37.61555
2023-08-04 16:30,40.8212
2023-08-04 16:45,39.53849
2023-08-04 17:00,44.88
2023-08-04 17:15,43.7412
2023-08-04 17:30,40.8212
2023-08-04 17:45,38.35152
2023-08-04 18:00,39.32
2023-08-04 18:15,39
2023-08-04 18:30,38.96324
2023-08-04 18:45,37.46586
2023-08-04 19:00,39.361
2023-08-04 19:15,40.02
2023-08-04 19:30,40.02
2023-08-04 19:45,39.90296
2023-08-04 20:00,41.0924
2023-08-04 20:15,42.3888
2023-08-04 20:30,44.0624
2023-08-04 20:45,44.21772
2023-08-04 21:00,45.4675
2023-08-04 21:15,46.98357
2023-08-04 21:30,49.66067
2023-08-04 21:45,50.3097
2023-08-04 22:00,47.81728
2023-08-04 22:15,47.94
2023-08-04 22:30,45.6624
2023-08-04 22:45,40.49479
2023-08-04 23:00,44.9224
2023-08-04 23:15,40.3112
2023-08-04 23:30,26.8512
2023-08-04 23:45,24.9642
2023-08-05 0:00,26.64
2023-08-05 0:15,25.31525
2023-08-05 0:30,22.36745
2023-08-05 0:45,21.90465
2023-08-05 1:00,12.99746
2023-08-05 1:15,15.15792
2023-08-05 1:30,16.58166
2023-08-05 1:45,18.55083
2023-08-05 2:00,17.78587
2023-08-05 2:15,18.99698
2023-08-05 2:30,20.01259
2023-08-05 2:45,17.54347
2023-08-05 3:00,17.48594
2023-08-05 3:15,20.72491
2023-08-05 3:30,20.14578
2023-08-05 3:45,25.38134
2023-08-05 4:00,21.69331
2023-08-05 4:15,24.2475
2023-08-05 4:30,35.59298
2023-08-05 4:45,36.60897
2023-08-05 5:00,31.77958
2023-08-05 5:15,34.81887
2023-08-05 5:30,37.1964
2023-08-05 5:45,38.56673
2023-08-05 6:00,32.40192
2023-08-05 6:15,34.68704
2023-08-05 6:30,37.20105
2023-08-05 6:45,42.9006
2023-08-05 7:00,38.86069
2023-08-05 7:15,42.1004
2023-08-05 7:30,39.27169
2023-08-05 7:45,38.07841
2023-08-05 8:00,47.74848
2023-08-05 8:15,45.32337
2023-08-05 8:30,42.45024
2023-08-05 8:45,44.70472
2023-08-05 9:00,45.04893
2023-08-05 9:15,47.34033
2023-08-05 9:30,85.24271
2023-08-05 9:45,85.27997
2023-08-05 10:00,52.85325
2023-08-05 10:15,58.37516
2023-08-05 10:30,96.37564
2023-08-05 10:45,81.80517
2023-08-05 11:00,62.17382
2023-08-05 11:15,76.48628
2023-08-05 11:30,105.69676
2023-08-05 11:45,66.03031
2023-08-05 12:00,71.04931
2023-08-05 12:15,86.3554
2023-08-05 12:30,76.55383
2023-08-05 12:45,61.1756
2023-08-05 13:00,85.05533
2023-08-05 13:15,79.05308
2023-08-05 13:30,72.67955
2023-08-05 13:45,46.52543
2023-08-05 14:00,67.25736
2023-08-05 14:15,56.71879
2023-08-05 14:30,52.73944
2023-08-05 14:45,51.36351
2023-08-05 15:00,58.36042
2023-08-05 15:15,54.46825
2023-08-05 15:30,50.1852
2023-08-05 15:45,47.29261
2023-08-05 16:00,57.46747
2023-08-05 16:15,55.08666
2023-08-05 16:30,54.84443
2023-08-05 16:45,53.94943
2023-08-05 17:00,60.84933
2023-08-05 17:15,56.15099
2023-08-05 17:30,56.80847
2023-08-05 17:45,52.98076
2023-08-05 18:00,58.69641
2023-08-05 18:15,56.77643
2023-08-05 18:30,56.11241
2023-08-05 18:45,53.84697
2023-08-05 19:00,58.11248
2023-08-05 19:15,57.87508
2023-08-05 19:30,56.71234
2023-08-05 19:45,55.85908
2023-08-05 20:00,54.97846
2023-08-05 20:15,54.05354
2023-08-05 20:30,53.76238
2023-08-05 20:45,52.2792
2023-08-05 21:00,54.22077
2023-08-05 21:15,53.86294
2023-08-05 21:30,53.83362
2023-08-05 21:45,52.13248
2023-08-05 22:00,55.10387
2023-08-05 22:15,47.88529
2023-08-05 22:30,42.654
2023-08-05 22:45,40.19985
2023-08-05 23:00,42.18216
2023-08-05 23:15,35.83072
2023-08-05 23:30,13.01033
2023-08-05 23:45,7.71296
2023-08-06 0:00,17.13792
2023-08-06 0:15,15.57988
2023-08-06 0:30,17.03026
2023-08-06 0:45,14.29654
2023-08-06 1:00,14.44777
2023-08-06 1:15,15.32069
2023-08-06 1:30,14.91352
2023-08-06 1:45,11.64318
2023-08-06 2:00,11.46034
2023-08-06 2:15,15.54597
2023-08-06 2:30,19.29374
2023-08-06 2:45,18.44248
2023-08-06 3:00,20.18702
2023-08-06 3:15,21.16547
2023-08-06 3:30,23.67584
2023-08-06 3:45,23.60259
2023-08-06 4:00,20.77875
2023-08-06 4:15,24.10043
2023-08-06 4:30,30.70813
2023-08-06 4:45,33.92764
2023-08-06 5:00,25.25865
2023-08-06 5:15,31.55671
2023-08-06 5:30,33.7558
2023-08-06 5:45,42.76754
2023-08-06 6:00,40
2023-08-06 6:15,46.62956
2023-08-06 6:30,49.14127
2023-08-06 6:45,52.42586
2023-08-06 7:00,40.05669
2023-08-06 7:15,41.73906
2023-08-06 7:30,58.62334
2023-08-06 7:45,60.33524
2023-08-06 8:00,41.05777
2023-08-06 8:15,44.42993
2023-08-06 8:30,45.77968
2023-08-06 8:45,62.81673
2023-08-06 9:00,51.25336
2023-08-06 9:15,55.01757
2023-08-06 9:30,71.98119
2023-08-06 9:45,100.4706
2023-08-06 10:00,94.59717
2023-08-06 10:15,100.94525
2023-08-06 10:30,95.62537
2023-08-06 10:45,107.4807
2023-08-06 11:00,108.05124
2023-08-06 11:15,121.75692
2023-08-06 11:30,247.66943
2023-08-06 11:45,202.59302
2023-08-06 12:00,120.49487
2023-08-06 12:15,107.47198
2023-08-06 12:30,94.52452
2023-08-06 12:45,80.26882
2023-08-06 13:00,105.04509
2023-08-06 13:15,88.90566
2023-08-06 13:30,79.82072
2023-08-06 13:45,58.32488
2023-08-06 14:00,61.58481
2023-08-06 14:15,60.79278
2023-08-06 14:30,58.15589
2023-08-06 14:45,54.95815
2023-08-06 15:00,62.37057
2023-08-06 15:15,57.65806
2023-08-06 15:30,54.6652
2023-08-06 15:45,49.71329
2023-08-06 16:00,58.92466
2023-08-06 16:15,55.11609
2023-08-06 16:30,54.19705
2023-08-06 16:45,48.89853
2023-08-06 17:00,55.58684
2023-08-06 17:15,53.90101
2023-08-06 17:30,51.03549
2023-08-06 17:45,47.31913
2023-08-06 18:00,52.9917
2023-08-06 18:15,53.88648
2023-08-06 18:30,50.21262
2023-08-06 18:45,50.12512
2023-08-06 19:00,50.18702
2023-08-06 19:15,49.56704
2023-08-06 19:30,48.23584
2023-08-06 19:45,46.96804
2023-08-06 20:00,53.43729
2023-08-06 20:15,51.33768
2023-08-06 20:30,50.49428
2023-08-06 20:45,51.14908
2023-08-06 21:00,53.9221
2023-08-06 21:15,53.53344
2023-08-06 21:30,53.84111
2023-08-06 21:45,53.55143
2023-08-06 22:00,57.12562
2023-08-06 22:15,53.81717
2023-08-06 22:30,47.06763
2023-08-06 22:45,38.50751
2023-08-06 23:00,41.33727
2023-08-06 23:15,35.70618
2023-08-06 23:30,8.89507
2023-08-06 23:45,9.64551
2023-08-07 0:00,8.89313
2023-08-07 0:15,2.31743
2023-08-07 0:30,2.06407
2023-08-07 0:45,-5.77991
2023-08-07 1:00,10.44274
2023-08-07 1:15,6.48281
2023-08-07 1:30,16.72601
2023-08-07 1:45,17.93988
2023-08-07 2:00,13.15083
2023-08-07 2:15,11.45784
2023-08-07 2:30,19.19872
2023-08-07 2:45,18.25705
2023-08-07 3:00,24.59193
2023-08-07 3:15,26.26241
2023-08-07 3:30,29.34383
2023-08-07 3:45,28.49472
2023-08-07 4:00,20.27031
2023-08-07 4:15,27.65627
2023-08-07 4:30,38.08087
2023-08-07 4:45,41.28136
2023-08-07 5:00,35.76926
2023-08-07 5:15,39.43589
2023-08-07 5:30,41.04783
2023-08-07 5:45,44.73814
2023-08-07 6:00,43.51409
2023-08-07 6:15,48.45904
2023-08-07 6:30,52.68228
2023-08-07 6:45,60.60203
2023-08-07 7:00,38.39498
2023-08-07 7:15,40.33613
2023-08-07 7:30,51.46423
2023-08-07 7:45,61.0664
2023-08-07 8:00,47.36257
2023-08-07 8:15,52.60948
2023-08-07 8:30,59.71247
2023-08-07 8:45,64.87518
2023-08-07 9:00,52.35605
2023-08-07 9:15,64.02967
2023-08-07 9:30,83.71932
2023-08-07 9:45,103.40546
2023-08-07 10:00,94.88922
2023-08-07 10:15,88.88248
2023-08-07 10:30,95.0787
2023-08-07 10:45,333.1377
2023-08-07 11:00,99.9932
2023-08-07 11:15,107.29633
2023-08-07 11:30,233.18561
2023-08-07 11:45,136.89166
2023-08-07 12:00,118.84801
2023-08-07 12:15,97.5948
2023-08-07 12:30,90.83515
2023-08-07 12:45,87.53937
2023-08-07 13:00,102.05981
2023-08-07 13:15,90.94976
2023-08-07 13:30,90.19675
2023-08-07 13:45,68.40185
2023-08-07 14:00,86.96437
2023-08-07 14:15,75.29936
2023-08-07 14:30,69.47962
2023-08-07 14:45,63.72647
2023-08-07 15:00,65.44753
2023-08-07 15:15,61.45729
2023-08-07 15:30,60.90904
2023-08-07 15:45,54.50541
2023-08-07 16:00,65.23839
2023-08-07 16:15,58.76276
2023-08-07 16:30,57.90606
2023-08-07 16:45,53.5594
2023-08-07 17:00,59.02569
2023-08-07 17:15,57.58163
2023-08-07 17:30,53.76377
2023-08-07 17:45,50.52513
2023-08-07 18:00,53.68288
2023-08-07 18:15,51.08357
2023-08-07 18:30,50.2483
2023-08-07 18:45,49.68074
2023-08-07 19:00,50.34355
2023-08-07 19:15,49.87115
2023-08-07 19:30,49.75092
2023-08-07 19:45,49.56958
2023-08-07 20:00,52.9919
2023-08-07 20:15,53.16777
2023-08-07 20:30,54.09157
2023-08-07 20:45,54.14347
2023-08-07 21:00,56.77741
2023-08-07 21:15,60.1435
2023-08-07 21:30,63.8583
2023-08-07 21:45,64.95223
2023-08-07 22:00,67.4145
2023-08-07 22:15,65.5604
2023-08-07 22:30,62.93576
2023-08-07 22:45,56.57009
2023-08-07 23:00,58.03577
2023-08-07 23:15,55.07824
2023-08-07 23:30,49.42078
2023-08-07 23:45,40.97103
2023-08-08 0:00,43.9322
2023-08-08 0:15,43.49061
2023-08-08 0:30,40.29989
2023-08-08 0:45,37.69438
2023-08-08 1:00,35.16001
2023-08-08 1:15,35.82813
2023-08-08 1:30,37.4458
2023-08-08 1:45,32.0975
2023-08-08 2:00,29.30765
2023-08-08 2:15,30.23484
2023-08-08 2:30,19.63947
2023-08-08 2:45,22.76849
2023-08-08 3:00,25.60586
2023-08-08 3:15,23.76902
2023-08-08 3:30,23.98879
2023-08-08 3:45,28.92446
2023-08-08 4:00,24.68997
2023-08-08 4:15,30.73229
2023-08-08 4:30,36.69461
2023-08-08 4:45,36.58181
2023-08-08 5:00,33.31456
2023-08-08 5:15,35.29985
2023-08-08 5:30,51.0172
2023-08-08 5:45,52.08535
2023-08-08 6:00,33.8547
2023-08-08 6:15,36.85532
2023-08-08 6:30,49.02916
2023-08-08 6:45,49.31151
2023-08-08 7:00,50.05545
2023-08-08 7:15,51.45961
2023-08-08 7:30,64.50748
2023-08-08 7:45,61.37
2023-08-08 8:00,53.59854
2023-08-08 8:15,55.16856
2023-08-08 8:30,63.59502
2023-08-08 8:45,68.49909
2023-08-08 9:00,58.36996
2023-08-08 9:15,63.23
2023-08-08 9:30,126
2023-08-08 9:45,126
2023-08-08 10:00,88.9888
2023-08-08 10:15,106.39
2023-08-08 10:30,121.44674
2023-08-08 10:45,367.13214
2023-08-08 11:00,191.14253
2023-08-08 11:15,120.78968
2023-08-08 11:30,134.67
2023-08-08 11:45,145.6324
2023-08-08 12:00,107.03
2023-08-08 12:15,106.66
2023-08-08 12:30,101.55262
2023-08-08 12:45,99.30173
2023-08-08 13:00,109.63471
2023-08-08 13:15,109.60236
2023-08-08 13:30,101.04251
2023-08-08 13:45,65.48
2023-08-08 14:00,91.98958
2023-08-08 14:15,90.29473
2023-08-08 14:30,67.32673
2023-08-08 14:45,63.23
2023-08-08 15:00,73.15373
2023-08-08 15:15,67.27456
2023-08-08 15:30,62.74357
2023-08-08 15:45,61.61718
2023-08-08 16:00,59.2863
2023-08-08 16:15,57.53931
2023-08-08 16:30,55.1496
2023-08-08 16:45,53.42343
2023-08-08 17:00,58.59552
2023-08-08 17:15,57.97839
2023-08-08 17:30,55.2375
2023-08-08 17:45,53.47086
2023-08-08 18:00,55.61541
2023-08-08 18:15,55.31721
2023-08-08 18:30,53.79372
2023-08-08 18:45,52.2312
2023-08-08 19:00,57.37401
2023-08-08 19:15,56.92
2023-08-08 19:30,54.26793
2023-08-08 19:45,54.51651
2023-08-08 20:00,53.38013
2023-08-08 20:15,55.62494
2023-08-08 20:30,57.41
2023-08-08 20:45,57.41
2023-08-08 21:00,53.59728
2023-08-08 21:15,57.72787
2023-08-08 21:30,59.14132
2023-08-08 21:45,58.77002
2023-08-08 22:00,64.02746
2023-08-08 22:15,62.26009
2023-08-08 22:30,58.69
2023-08-08 22:45,53.84
2023-08-08 23:00,53.9907
2023-08-08 23:15,48.03731
2023-08-08 23:30,39.58175
2023-08-08 23:45,30.61023
2023-08-09 0:00,29.8553
2023-08-09 0:15,23.62768
2023-08-09 0:30,25.48376
2023-08-09 0:45,28.97022
2023-08-09 1:00,27.60731
2023-08-09 1:15,28.65479
2023-08-09 1:30,28.17387
2023-08-09 1:45,32.67151
2023-08-09 2:00,30.27445
2023-08-09 2:15,33.15681
2023-08-09 2:30,30.0235
2023-08-09 2:45,32.87518
2023-08-09 3:00,31.33437
2023-08-09 3:15,35.11529
2023-08-09 3:30,35.12156
2023-08-09 3:45,35.75573
2023-08-09 4:00,32.87252
2023-08-09 4:15,32.3714
2023-08-09 4:30,36.80568
2023-08-09 4:45,40.92915
2023-08-09 5:00,38.16545
2023-08-09 5:15,39.95589
2023-08-09 5:30,41.13242
2023-08-09 5:45,47.0069
2023-08-09 6:00,37.75063
2023-08-09 6:15,39.61018
2023-08-09 6:30,47.44971
2023-08-09 6:45,52.94237
2023-08-09 7:00,52.94237
2023-08-09 7:15,52.94237
2023-08-09 7:30,68.3988
2023-08-09 7:45,66.44
2023-08-09 8:00,51.59469
2023-08-09 8:15,53.0112
2023-08-09 8:30,57.9412
2023-08-09 8:45,59.55
2023-08-09 9:00,51.31224
2023-08-09 9:15,57.1012
2023-08-09 9:30,99.9988
2023-08-09 9:45,99.9988
2023-08-09 10:00,60.16078
2023-08-09 10:15,76.21751
2023-08-09 10:30,90.49938
2023-08-09 10:45,106.27739
2023-08-09 11:00,117.42643
2023-08-09 11:15,107.44435
2023-08-09 11:30,111.00157
2023-08-09 11:45,108.5437
2023-08-09 12:00,105.7914
2023-08-09 12:15,105.40625
2023-08-09 12:30,102.25944
2023-08-09 12:45,105.05017
2023-08-09 13:00,100.67288
2023-08-09 13:15,88.00387
2023-08-09 13:30,86.36812
2023-08-09 13:45,60.29799
2023-08-09 14:00,74.82473
2023-08-09 14:15,67.86658
2023-08-09 14:30,58.04336
2023-08-09 14:45,55.43865
2023-08-09 15:00,57.89633
2023-08-09 15:15,56.86082
2023-08-09 15:30,53.45837
2023-08-09 15:45,50.86061
2023-08-09 16:00,50.82765
2023-08-09 16:15,50.38412
2023-08-09 16:30,48.28667
2023-08-09 16:45,47.8583
2023-08-09 17:00,48.42408
2023-08-09 17:15,48.12091
2023-08-09 17:30,47.13717
2023-08-09 17:45,46.84018
2023-08-09 18:00,48.33137
2023-08-09 18:15,48.29214
2023-08-09 18:30,48.11431
2023-08-09 18:45,46.78259
2023-08-09 19:00,49.77444
2023-08-09 19:15,49.34879
2023-08-09 19:30,48.81624
2023-08-09 19:45,48.72589
2023-08-09 20:00,48.29185
2023-08-09 20:15,48.41969
2023-08-09 20:30,48.52358
2023-08-09 20:45,48.5988
2023-08-09 21:00,48.87078
2023-08-09 21:15,49.72885
2023-08-09 21:30,51.63076
2023-08-09 21:45,54
2023-08-09 22:00,51.39232
2023-08-09 22:15,51.44747
2023-08-09 22:30,51.15403
2023-08-09 22:45,48.94
2023-08-09 23:00,48.85055
2023-08-09 23:15,46.74994
2023-08-09 23:30,42.98103
2023-08-09 23:45,41.7112
2023-08-10 0:00,42.99643
2023-08-10 0:15,45.11855
2023-08-10 0:30,43.7882
2023-08-10 0:45,43.41063
2023-08-10 1:00,41.6434
2023-08-10 1:15,40.73891
2023-08-10 1:30,42.31635
2023-08-10 1:45,43.74556
2023-08-10 2:00,43.56274
2023-08-10 2:15,42.41492
2023-08-10 2:30,43.59202
2023-08-10 2:45,45.60766
2023-08-10 3:00,45.10149
2023-08-10 3:15,47.2494
2023-08-10 3:30,45.85015
2023-08-10 3:45,47.09534
2023-08-10 4:00,46.43275
2023-08-10 4:15,45.622
2023-08-10 4:30,44.25554
2023-08-10 4:45,48.27227
2023-08-10 5:00,44.11424
2023-08-10 5:15,43.08359
2023-08-10 5:30,44.56327
2023-08-10 5:45,50.0024
2023-08-10 6:00,40.27358
2023-08-10 6:15,42.69403
2023-08-10 6:30,47.13616
2023-08-10 6:45,53.2588
2023-08-10 7:00,46.56837
2023-08-10 7:15,50.81645
2023-08-10 7:30,57.82462
2023-08-10 7:45,72.29248
2023-08-10 8:00,57.31465
2023-08-10 8:15,57.5463
2023-08-10 8:30,78.92233
2023-08-10 8:45,90.07751
2023-08-10 9:00,63.1274
2023-08-10 9:15,68.60868
2023-08-10 9:30,77.16609
2023-08-10 9:45,81.09
2023-08-10 10:00,64.04513
2023-08-10 10:15,75.26236
2023-08-10 10:30,80.72738
2023-08-10 10:45,90
2023-08-10 11:00,80.36686
2023-08-10 11:15,91.85351
2023-08-10 11:30,97.96995
2023-08-10 11:45,91.26763
2023-08-10 12:00,80.40276
2023-08-10 12:15,77.70159
2023-08-10 12:30,74.54665
2023-08-10 12:45,65.85081
2023-08-10 13:00,78.79695
2023-08-10 13:15,70.53336
2023-08-10 13:30,66.84867
2023-08-10 13:45,58.0344
2023-08-10 14:00,58.65116
2023-08-10 14:15,58.1692
2023-08-10 14:30,52.69712
2023-08-10 14:45,50.5862
2023-08-10 15:00,51.29262
2023-08-10 15:15,48.32255
2023-08-10 15:30,49.44979
2023-08-10 15:45,47.84587
2023-08-10 16:00,53.0144
2023-08-10 16:15,49.45601
2023-08-10 16:30,48.43701
2023-08-10 16:45,47.53765
2023-08-10 17:00,48.63833
2023-08-10 17:15,48.51592
2023-08-10 17:30,47.94225
2023-08-10 17:45,46.92492
2023-08-10 18:00,47.98918
2023-08-10 18:15,48.08614
2023-08-10 18:30,47.83033
2023-08-10 18:45,46.0583
2023-08-10 19:00,48.43004
2023-08-10 19:15,48.89059
2023-08-10 19:30,47.94771
2023-08-10 19:45,47.4712
2023-08-10 20:00,45.1434
2023-08-10 20:15,45.8
2023-08-10 20:30,45.8688
2023-08-10 20:45,46.52819
2023-08-10 21:00,47.59935
2023-08-10 21:15,48.1688
2023-08-10 21:30,48.4811
2023-08-10 21:45,48.86
2023-08-10 22:00,52
2023-08-10 22:15,51.89773
2023-08-10 22:30,49.9204
2023-08-10 22:45,48.86
2023-08-10 23:00,52.1424
2023-08-10 23:15,51.41946
2023-08-10 23:30,46.5207
2023-08-10 23:45,42.98
2023-08-11 0:00,45.71025
2023-08-11 0:15,43.18002
2023-08-11 0:30,42.5049
2023-08-11 0:45,40.3559
2023-08-11 1:00,48.69434
2023-08-11 1:15,48.68267
2023-08-11 1:30,46.48856
2023-08-11 1:45,46.44189
2023-08-11 2:00,46.49185
2023-08-11 2:15,46.2349
2023-08-11 2:30,43.94183
2023-08-11 2:45,42.20992
2023-08-11 3:00,40.45321
2023-08-11 3:15,39.34597
2023-08-11 3:30,39.69286
2023-08-11 3:45,42.43902
2023-08-11 4:00,40.23565
2023-08-11 4:15,40.21497
2023-08-11 4:30,44.78758
2023-08-11 4:45,46.93248
2023-08-11 5:00,44.50332
2023-08-11 5:15,46.75889
2023-08-11 5:30,48.93346
2023-08-11 5:45,50.50376
2023-08-11 6:00,45.13961
2023-08-11 6:15,48.86205
2023-08-11 6:30,54.49213
2023-08-11 6:45,51.13214
2023-08-11 7:00,39.61263
2023-08-11 7:15,42.12236
2023-08-11 7:30,45.74903
2023-08-11 7:45,47.42296
2023-08-11 8:00,47.02621
2023-08-11 8:15,49.48845
2023-08-11 8:30,64.83671
2023-08-11 8:45,78.96794
2023-08-11 9:00,47.7554
2023-08-11 9:15,52.11465
2023-08-11 9:30,70.22743
2023-08-11 9:45,82.09785
2023-08-11 10:00,57.27861
2023-08-11 10:15,65.29826
2023-08-11 10:30,72.42579
2023-08-11 10:45,84.12317
2023-08-11 11:00,67.00725
2023-08-11 11:15,67.61171
2023-08-11 11:30,68.63561
2023-08-11 11:45,65.98313
2023-08-11 12:00,74.5242
2023-08-11 12:15,73.86798
2023-08-11 12:30,66.47282
2023-08-11 12:45,63.45387
2023-08-11 13:00,65.60363
2023-08-11 13:15,61.97067
2023-08-11 13:30,63.15537
2023-08-11 13:45,52.65985
2023-08-11 14:00,58.40016
2023-08-11 14:15,55.46631
2023-08-11 14:30,49.01466
2023-08-11 14:45,47.961
2023-08-11 15:00,50.14479
2023-08-11 15:15,48.33646
2023-08-11 15:30,47.3898
2023-08-11 15:45,44.25075
2023-08-11 16:00,45.57638
2023-08-11 16:15,45.02566
2023-08-11 16:30,44.11084
2023-08-11 16:45,42.93267
2023-08-11 17:00,47.12576
2023-08-11 17:15,45.85668
2023-08-11 17:30,45.30865
2023-08-11 17:45,43.35707
2023-08-11 18:00,46.38028
2023-08-11 18:15,46.36226
2023-08-11 18:30,44.0831
2023-08-11 18:45,43.56769
2023-08-11 19:00,45.75345
2023-08-11 19:15,46.25431
2023-08-11 19:30,45.70451
2023-08-11 19:45,44.77449
2023-08-11 20:00,43.98859
2023-08-11 20:15,44.64695
2023-08-11 20:30,45.90305
2023-08-11 20:45,46.35511
2023-08-11 21:00,46.09485
2023-08-11 21:15,47.61227
2023-08-11 21:30,48.33768
2023-08-11 21:45,48.68915
2023-08-11 22:00,49.6381
2023-08-11 22:15,49.93023
2023-08-11 22:30,48.35269
2023-08-11 22:45,47.16567
2023-08-11 23:00,46.81366
2023-08-11 23:15,44.59506
2023-08-11 23:30,38.50831
2023-08-11 23:45,30.20001
2023-08-12 0:00,39.31435
2023-08-12 0:15,39.17086
2023-08-12 0:30,33.89864
2023-08-12 0:45,32.33076
2023-08-12 1:00,37.04199
2023-08-12 1:15,34.11894
2023-08-12 1:30,37.45571
2023-08-12 1:45,33.17516
2023-08-12 2:00,41.69866
2023-08-12 2:15,39.5242
2023-08-12 2:30,38.99907
2023-08-12 2:45,45.96594
2023-08-12 3:00,32.06601
2023-08-12 3:15,33.23294
2023-08-12 3:30,41.02224
2023-08-12 3:45,35.67291
2023-08-12 4:00,37.65196
2023-08-12 4:15,40.13863
2023-08-12 4:30,39.75368
2023-08-12 4:45,42.73766
2023-08-12 5:00,39.04645
2023-08-12 5:15,44.09863
2023-08-12 5:30,46.65145
2023-08-12 5:45,48.70481
2023-08-12 6:00,46.80407
2023-08-12 6:15,42.13587
2023-08-12 6:30,41.66513
2023-08-12 6:45,46.25184
2023-08-12 7:00,47.25505
2023-08-12 7:15,49.48104
2023-08-12 7:30,59.84268
2023-08-12 7:45,59.41581
2023-08-12 8:00,45.98594
2023-08-12 8:15,47.42384
2023-08-12 8:30,55.06978
2023-08-12 8:45,60.27624
2023-08-12 9:00,47.65739
2023-08-12 9:15,50.31957
2023-08-12 9:30,77.32277
2023-08-12 9:45,79.46672
2023-08-12 10:00,47.43861
2023-08-12 10:15,53.7788
2023-08-12 10:30,64.49659
2023-08-12 10:45,74.03555
2023-08-12 11:00,70.22999
2023-08-12 11:15,68.64303
2023-08-12 11:30,74.42435
2023-08-12 11:45,71.079
2023-08-12 12:00,70.98371
2023-08-12 12:15,65.62409
2023-08-12 12:30,65.49441
2023-08-12 12:45,59.46801
2023-08-12 13:00,58.09835
2023-08-12 13:15,55.63032
2023-08-12 13:30,55.33951
2023-08-12 13:45,48.7833
2023-08-12 14:00,55.75978
2023-08-12 14:15,50.67547
2023-08-12 14:30,48.83048
2023-08-12 14:45,47.71255
2023-08-12 15:00,50.10553
2023-08-12 15:15,48.27724
2023-08-12 15:30,47.50353
2023-08-12 15:45,47.18829
2023-08-12 16:00,53.3763
2023-08-12 16:15,49.57203
2023-08-12 16:30,47.85476
2023-08-12 16:45,46.52489
2023-08-12 17:00,49.20311
2023-08-12 17:15,48.6534
2023-08-12 17:30,46.58006
2023-08-12 17:45,45.66724
2023-08-12 18:00,46.63945
2023-08-12 18:15,46.18167
2023-08-12 18:30,45.75728
2023-08-12 18:45,45.64319
2023-08-12 19:00,45.81698
2023-08-12 19:15,45.78238
2023-08-12 19:30,45.52205
2023-08-12 19:45,44.34415
2023-08-12 20:00,44.26205
2023-08-12 20:15,44.4983
2023-08-12 20:30,45.21701
2023-08-12 20:45,44.62311
2023-08-12 21:00,44.67199
2023-08-12 21:15,43.31551
2023-08-12 21:30,45.18298
2023-08-12 21:45,46.48487
2023-08-12 22:00,47.7876
2023-08-12 22:15,46.35853
2023-08-12 22:30,44.41196
2023-08-12 22:45,42.85583
2023-08-12 23:00,42.85349
2023-08-12 23:15,38.4939
2023-08-12 23:30,31.02279
2023-08-12 23:45,25.1368
2023-08-13 0:00,23.12978
2023-08-13 0:15,23.22826
2023-08-13 0:30,22.21219
2023-08-13 0:45,23.13825
2023-08-13 1:00,26.88114
2023-08-13 1:15,27.41264
2023-08-13 1:30,27.15801
2023-08-13 1:45,27.60281
2023-08-13 2:00,24.48226
2023-08-13 2:15,24.72677
2023-08-13 2:30,24.46486
2023-08-13 2:45,22.83372
2023-08-13 3:00,19.68276
2023-08-13 3:15,18.23999
2023-08-13 3:30,20.55929
2023-08-13 3:45,20.46258
2023-08-13 4:00,19.03821
2023-08-13 4:15,20.46477
2023-08-13 4:30,21.31037
2023-08-13 4:45,20.90506
2023-08-13 5:00,20.55949
2023-08-13 5:15,25.90364
2023-08-13 5:30,30.54935
2023-08-13 5:45,34.98679
2023-08-13 6:00,35.26814
2023-08-13 6:15,38.53662
2023-08-13 6:30,40.0245
2023-08-13 6:45,41.6216
2023-08-13 7:00,34.13105
2023-08-13 7:15,35.85766
2023-08-13 7:30,37.96076
2023-08-13 7:45,41.16656
2023-08-13 8:00,38.63935
2023-08-13 8:15,41.04
2023-08-13 8:30,47.9988
2023-08-13 8:45,53.87645
2023-08-13 9:00,42.35
2023-08-13 9:15,44.5483
2023-08-13 9:30,73.72
2023-08-13 9:45,81.46
2023-08-13 10:00,53.94278
2023-08-13 10:15,61.95
2023-08-13 10:30,78.22817
2023-08-13 10:45,100.255
2023-08-13 11:00,103.41754
2023-08-13 11:15,103.8743
2023-08-13 11:30,103.97086
2023-08-13 11:45,93.00296
2023-08-13 12:00,84.5593
2023-08-13 12:15,75.9851
2023-08-13 12:30,71.59887
2023-08-13 12:45,63.72502
2023-08-13 13:00,64.23957
2023-08-13 13:15,62.38348
2023-08-13 13:30,60.6013
2023-08-13 13:45,50.08519
2023-08-13 14:00,62.015
2023-08-13 14:15,60.30179
2023-08-13 14:30,58.95788
2023-08-13 14:45,54.49028
2023-08-13 15:00,57.79343
2023-08-13 15:15,51.22558
2023-08-13 15:30,49.31877
2023-08-13 15:45,46.88592
2023-08-13 16:00,54.46017
2023-08-13 16:15,51.64542
2023-08-13 16:30,49.44394
2023-08-13 16:45,47.65465
2023-08-13 17:00,54.5668
2023-08-13 17:15,51.08102
2023-08-13 17:30,50.17331
2023-08-13 17:45,48.74378
2023-08-13 18:00,53.29654
2023-08-13 18:15,52.32995
2023-08-13 18:30,50.57601
2023-08-13 18:45,48.4505
2023-08-13 19:00,49.20767
2023-08-13 19:15,49.67494
2023-08-13 19:30,51.08749
2023-08-13 19:45,48.90323
2023-08-13 20:00,48.99626
2023-08-13 20:15,50.50186
2023-08-13 20:30,49.05756
2023-08-13 20:45,48.64778
2023-08-13 21:00,48.77475
2023-08-13 21:15,49.01304
2023-08-13 21:30,49.05437
2023-08-13 21:45,48.89681
2023-08-13 22:00,47.47399
2023-08-13 22:15,46.12567
2023-08-13 22:30,44.92039
2023-08-13 22:45,42.47502
2023-08-13 23:00,41.13739
2023-08-13 23:15,38.11932
2023-08-13 23:30,26.66443
2023-08-13 23:45,20.86456
2023-08-14 0:00,25.01606
2023-08-14 0:15,24.85822
2023-08-14 0:30,23.31102
2023-08-14 0:45,21.43448
2023-08-14 1:00,26.8621
2023-08-14 1:15,28.46498
2023-08-14 1:30,27.40124
2023-08-14 1:45,28.92274
2023-08-14 2:00,28.75126
2023-08-14 2:15,30.61205
2023-08-14 2:30,29.60782
2023-08-14 2:45,31.71179
2023-08-14 3:00,29.30499
2023-08-14 3:15,28.90096
2023-08-14 3:30,34.8139
2023-08-14 3:45,40.78303
2023-08-14 4:00,33.43704
2023-08-14 4:15,36.86453
2023-08-14 4:30,39.05962
2023-08-14 4:45,44.36208
2023-08-14 5:00,36.94468
2023-08-14 5:15,40.62394
2023-08-14 5:30,42.49849
2023-08-14 5:45,44.91556
2023-08-14 6:00,36.47194
2023-08-14 6:15,42.65697
2023-08-14 6:30,46.22831
2023-08-14 6:45,51.81102
2023-08-14 7:00,43.89218
2023-08-14 7:15,46.01641
2023-08-14 7:30,57.40473
2023-08-14 7:45,76.69881
2023-08-14 8:00,47.1883
2023-08-14 8:15,49.40187
2023-08-14 8:30,69.72875
2023-08-14 8:45,78.01448
2023-08-14 9:00,48.39746
2023-08-14 9:15,49.66629
2023-08-14 9:30,80.9673
2023-08-14 9:45,86.51765
2023-08-14 10:00,77.01058
2023-08-14 10:15,81.93314
2023-08-14 10:30,133.28517
2023-08-14 10:45,454.72885
2023-08-14 11:00,323.65198
2023-08-14 11:15,319.4481
2023-08-14 11:30,153.72772
2023-08-14 11:45,142.32584
2023-08-14 12:00,100.89113
2023-08-14 12:15,96.42987
2023-08-14 12:30,83.07826
2023-08-14 12:45,79.34583
2023-08-14 13:00,79.58355
2023-08-14 13:15,77.54665
2023-08-14 13:30,77.14708
2023-08-14 13:45,60.28883
2023-08-14 14:00,84.02603
2023-08-14 14:15,80.60728
2023-08-14 14:30,68.74054
2023-08-14 14:45,61.41518
2023-08-14 15:00,78.18945
2023-08-14 15:15,69.5042
2023-08-14 15:30,62.57831
2023-08-14 15:45,52.46749
2023-08-14 16:00,66.98217
2023-08-14 16:15,61.7046
2023-08-14 16:30,56.7751
2023-08-14 16:45,55.0759
2023-08-14 17:00,59.15937
2023-08-14 17:15,58.10589
2023-08-14 17:30,55.62391
2023-08-14 17:45,53.35595
2023-08-14 18:00,57.46852
2023-08-14 18:15,56.35148
2023-08-14 18:30,55.60402
2023-08-14 18:45,54.98229
2023-08-14 19:00,54.64976
2023-08-14 19:15,53.16335
2023-08-14 19:30,52.41125
2023-08-14 19:45,52.9525
2023-08-14 20:00,52.74439
2023-08-14 20:15,51.86022
2023-08-14 20:30,52.72697
2023-08-14 20:45,53.46864
2023-08-14 21:00,52.42564
2023-08-14 21:15,54.77148
2023-08-14 21:30,57.58365
2023-08-14 21:45,60.6536
2023-08-14 22:00,60.58535
2023-08-14 22:15,59.89292
2023-08-14 22:30,57.92177
2023-08-14 22:45,54.47849
2023-08-14 23:00,55.51633
2023-08-14 23:15,51.65357
2023-08-14 23:30,48.02468
2023-08-14 23:45,44.56454
2023-08-15 0:00,44.25833
2023-08-15 0:15,42.5502
2023-08-15 0:30,41.25822
2023-08-15 0:45,38.74587
2023-08-15 1:00,43.55909
2023-08-15 1:15,40.12219
2023-08-15 1:30,41.32708
2023-08-15 1:45,40.15932
2023-08-15 2:00,39.23993
2023-08-15 2:15,37.83943
2023-08-15 2:30,37.31062
2023-08-15 2:45,35.47539
2023-08-15 3:00,36.9415
2023-08-15 3:15,38.54135
2023-08-15 3:30,37.22379
2023-08-15 3:45,42.50331
2023-08-15 4:00,36.36064
2023-08-15 4:15,36.14702
2023-08-15 4:30,39.3614
2023-08-15 4:45,44.8955
2023-08-15 5:00,39.65159
2023-08-15 5:15,40.33474
2023-08-15 5:30,49.23139
2023-08-15 5:45,53.64452
2023-08-15 6:00,45.13862
2023-08-15 6:15,41.25401
2023-08-15 6:30,50.5738
2023-08-15 6:45,60.43245
2023-08-15 7:00,46.17513
2023-08-15 7:15,48.16073
2023-08-15 7:30,53.76149
2023-08-15 7:45,63.05999
2023-08-15 8:00,51.68191
2023-08-15 8:15,52.98993
2023-08-15 8:30,66.87682
2023-08-15 8:45,73.21418
2023-08-15 9:00,56.69677
2023-08-15 9:15,71.51018
2023-08-15 9:30,154.49689
2023-08-15 9:45,199.068
2023-08-15 10:00,211.00253
2023-08-15 10:15,317.94894
2023-08-15 10:30,962.1061
2023-08-15 10:45,965.2533
2023-08-15 11:00,974.2
2023-08-15 11:15,994.29504
2023-08-15 11:30,948.4316
2023-08-15 11:45,1000
2023-08-15 12:00,326.71753
2023-08-15 12:15,136.11848
2023-08-15 12:30,121.89625
2023-08-15 12:45,112.4288
2023-08-15 13:00,133.78874
2023-08-15 13:15,120.27436
2023-08-15 13:30,117.81146
2023-08-15 13:45,80.57751
2023-08-15 14:00,91.89663
2023-08-15 14:15,81.93477
2023-08-15 14:30,74.02457
2023-08-15 14:45,63.85753
2023-08-15 15:00,84.12202
2023-08-15 15:15,80.221
2023-08-15 15:30,70.58981
2023-08-15 15:45,65.59123
2023-08-15 16:00,96.2684
2023-08-15 16:15,88.63426
2023-08-15 16:30,84.41516
2023-08-15 16:45,70.50354
2023-08-15 17:00,85.78311
2023-08-15 17:15,80.1826
2023-08-15 17:30,77.03703
2023-08-15 17:45,69.8137
2023-08-15 18:00,85.5382
2023-08-15 18:15,81.19944
2023-08-15 18:30,70.81015
2023-08-15 18:45,69.85295
2023-08-15 19:00,70.41475
2023-08-15 19:15,70.15507
2023-08-15 19:30,69.7398
2023-08-15 19:45,69.98876
2023-08-15 20:00,69.79133
2023-08-15 20:15,70.75919
2023-08-15 20:30,70.90417
2023-08-15 20:45,71.28555
2023-08-15 21:00,69.89938
2023-08-15 21:15,73.97843
2023-08-15 21:30,78.2743
2023-08-15 21:45,87.68386
2023-08-15 22:00,67.0028
2023-08-15 22:15,67.8851
2023-08-15 22:30,67.06401
2023-08-15 22:45,65.43346
2023-08-15 23:00,62.48521
2023-08-15 23:15,61.57071
2023-08-15 23:30,56.38984
2023-08-15 23:45,51.94119
2023-08-16 0:00,55.61828
2023-08-16 0:15,55.25361
2023-08-16 0:30,54.96751
2023-08-16 0:45,55.13552
2023-08-16 1:00,59.33226
2023-08-16 1:15,59.32394
2023-08-16 1:30,62.0091
2023-08-16 1:45,66.65818
2023-08-16 2:00,66.13662
2023-08-16 2:15,69.47503
2023-08-16 2:30,68.39877
2023-08-16 2:45,65.95816
2023-08-16 3:00,59.49884
2023-08-16 3:15,58.57455
2023-08-16 3:30,63.50834
2023-08-16 3:45,65.86142
2023-08-16 4:00,59.04099
2023-08-16 4:15,65.04151
2023-08-16 4:30,65.36648
2023-08-16 4:45,61.00329
2023-08-16 5:00,65.61729
2023-08-16 5:15,68.60542
2023-08-16 5:30,88.09841
2023-08-16 5:45,88.13856
2023-08-16 6:00,69.68718
2023-08-16 6:15,65.01832
2023-08-16 6:30,80.82414
2023-08-16 6:45,99.87883
2023-08-16 7:00,75.13043
2023-08-16 7:15,79.95275
2023-08-16 7:30,105.56063
2023-08-16 7:45,138.21
2023-08-16 8:00,103.78239
2023-08-16 8:15,114.64202
2023-08-16 8:30,99.93539
2023-08-16 8:45,131.30981
2023-08-16 9:00,96.95299
2023-08-16 9:15,119.52235
2023-08-16 9:30,1189.3575
2023-08-16 9:45,997
2023-08-16 10:00,639.17206
2023-08-16 10:15,1012.2543
2023-08-16 10:30,1798.9897
2023-08-16 10:45,1797.3413
2023-08-16 11:00,1887.7452
2023-08-16 11:15,1416.0532
2023-08-16 11:30,1267.9285
2023-08-16 11:45,1172.9215
2023-08-16 12:00,227.33144
2023-08-16 12:15,204.17802
2023-08-16 12:30,146.46722
2023-08-16 12:45,123.21826
2023-08-16 13:00,131.35641
2023-08-16 13:15,120.08321
2023-08-16 13:30,118.45376
2023-08-16 13:45,73.67093
2023-08-16 14:00,98.99113
2023-08-16 14:15,84.32175
2023-08-16 14:30,74.33445
2023-08-16 14:45,68.95344
2023-08-16 15:00,85.29369
2023-08-16 15:15,78.80102
2023-08-16 15:30,71.27145
2023-08-16 15:45,67.24272
2023-08-16 16:00,95.52845
2023-08-16 16:15,72.30257
2023-08-16 16:30,70.53808
2023-08-16 16:45,67.85879
2023-08-16 17:00,70.67988
2023-08-16 17:15,67.98815
2023-08-16 17:30,65.12116
2023-08-16 17:45,64.45479
2023-08-16 18:00,64.95329
2023-08-16 18:15,65.05479
2023-08-16 18:30,62.9417
2023-08-16 18:45,61.83229
2023-08-16 19:00,61.02543
2023-08-16 19:15,60.80867
2023-08-16 19:30,60.1777
2023-08-16 19:45,59.88779
2023-08-16 20:00,61.75481
2023-08-16 20:15,62.30987
2023-08-16 20:30,62.18148
2023-08-16 20:45,64.69623
2023-08-16 21:00,66.51241
2023-08-16 21:15,67.37565
2023-08-16 21:30,66.59172
2023-08-16 21:45,74.39519
2023-08-16 22:00,76.09871
2023-08-16 22:15,75.58545
2023-08-16 22:30,90.17322
2023-08-16 22:45,68.13339
2023-08-16 23:00,65.45032
2023-08-16 23:15,58.16133
2023-08-16 23:30,56.24066
2023-08-16 23:45,53.95481
2023-08-17 0:00,59.44719
2023-08-17 0:15,60.35016
2023-08-17 0:30,58.4586
2023-08-17 0:45,54.57835
2023-08-17 1:00,55.84844
2023-08-17 1:15,57.93529
2023-08-17 1:30,58.64765
2023-08-17 1:45,59.52271
2023-08-17 2:00,58.44006
2023-08-17 2:15,58.81085
2023-08-17 2:30,58.56531
2023-08-17 2:45,64.58455
2023-08-17 3:00,58.77867
2023-08-17 3:15,62.7071
2023-08-17 3:30,67.87253
2023-08-17 3:45,69.96897
2023-08-17 4:00,55.16995
2023-08-17 4:15,60.1531
2023-08-17 4:30,64.88095
2023-08-17 4:45,99.02192
2023-08-17 5:00,60.7818
2023-08-17 5:15,64.47165
2023-08-17 5:30,83.69304
2023-08-17 5:45,117.96518
2023-08-17 6:00,68.03911
2023-08-17 6:15,69.67946
2023-08-17 6:30,82.79941
2023-08-17 6:45,118.40578
2023-08-17 7:00,118.9024
2023-08-17 7:15,135.8824
2023-08-17 7:30,210
2023-08-17 7:45,200
2023-08-17 8:00,118.46664
2023-08-17 8:15,203.71793
2023-08-17 8:30,289.9436
2023-08-17 8:45,725.0012
2023-08-17 9:00,274.9988
2023-08-17 9:15,286.8736
2023-08-17 9:30,1634.83
2023-08-17 9:45,1634.83
2023-08-17 10:00,1999
2023-08-17 10:15,1931.8529
2023-08-17 10:30,2000
2023-08-17 10:45,1999
2023-08-17 11:00,475.14743
2023-08-17 11:15,319.19034
2023-08-17 11:30,547.6161
2023-08-17 11:45,315.99536
2023-08-17 12:00,228.24129
2023-08-17 12:15,458.48578
2023-08-17 12:30,144.89502
2023-08-17 12:45,132.01859
2023-08-17 13:00,155.55844
2023-08-17 13:15,169.9885
2023-08-17 13:30,138.77953
2023-08-17 13:45,74.51449
2023-08-17 14:00,101.46874
2023-08-17 14:15,86.3845
2023-08-17 14:30,80.19421
2023-08-17 14:45,67.35438
2023-08-17 15:00,83.95244
2023-08-17 15:15,76.55924
2023-08-17 15:30,71.07418
2023-08-17 15:45,62.02869
2023-08-17 16:00,84.67077
2023-08-17 16:15,77.77238
2023-08-17 16:30,76.79275
2023-08-17 16:45,72.62835
2023-08-17 17:00,78.21516
2023-08-17 17:15,77.22655
2023-08-17 17:30,73.06065
2023-08-17 17:45,66.76484
2023-08-17 18:00,66.28778
2023-08-17 18:15,63.90569
2023-08-17 18:30,63.89748
2023-08-17 18:45,60.49991
2023-08-17 19:00,64.30462
2023-08-17 19:15,63.46413
2023-08-17 19:30,63.34949
2023-08-17 19:45,61.35942
2023-08-17 20:00,58.30063
2023-08-17 20:15,59.69847
2023-08-17 20:30,60.00329
2023-08-17 20:45,61.8366
2023-08-17 21:00,67.05221
2023-08-17 21:15,69.66531
2023-08-17 21:30,73.97503
2023-08-17 21:45,74.57601
2023-08-17 22:00,68.88314
2023-08-17 22:15,68.11488
2023-08-17 22:30,66.69368
2023-08-17 22:45,60.19973
2023-08-17 23:00,58.4
2023-08-17 23:15,54.95963
2023-08-17 23:30,48.6088
2023-08-17 23:45,42.93574
2023-08-18 0:00,46.34987
2023-08-18 0:15,39.73752
2023-08-18 0:30,37.91696
2023-08-18 0:45,36.17824
2023-08-18 1:00,41.78161
2023-08-18 1:15,45.36442
2023-08-18 1:30,43.83162
2023-08-18 1:45,43.83416
2023-08-18 2:00,45.29
2023-08-18 2:15,42.0767
2023-08-18 2:30,39.9988
2023-08-18 2:45,43.4688
2023-08-18 3:00,40.40028
2023-08-18 3:15,42.08314
2023-08-18 3:30,45.02568
2023-08-18 3:45,47.63069
2023-08-18 4:00,48.19093
2023-08-18 4:15,53.14796
2023-08-18 4:30,54.65058
2023-08-18 4:45,58.0954
2023-08-18 5:00,52.67433
2023-08-18 5:15,57.67813
2023-08-18 5:30,67.78
2023-08-18 5:45,67.78
2023-08-18 6:00,51.71
2023-08-18 6:15,52.27751
2023-08-18 6:30,60.79377
2023-08-18 6:45,63.68071
2023-08-18 7:00,52.47913
2023-08-18 7:15,55.74895
2023-08-18 7:30,58.08114
2023-08-18 7:45,60.92527
2023-08-18 8:00,59.86289
2023-08-18 8:15,69.73534
2023-08-18 8:30,71.60077
2023-08-18 8:45,91.84269
2023-08-18 9:00,52.53151
2023-08-18 9:15,56.64762
2023-08-18 9:30,110.43876
2023-08-18 9:45,104.92963
2023-08-18 10:00,65.58946
2023-08-18 10:15,67.99885
2023-08-18 10:30,108.33916
2023-08-18 10:45,114.36479
2023-08-18 11:00,99.51576
2023-08-18 11:15,117.43278
2023-08-18 11:30,119.14053
2023-08-18 11:45,116.09785
2023-08-18 12:00,125.30553
2023-08-18 12:15,116.90985
2023-08-18 12:30,114.94799
2023-08-18 12:45,71.00493
2023-08-18 13:00,79.41642
2023-08-18 13:15,67.07825
2023-08-18 13:30,63.05753
2023-08-18 13:45,46.42647
2023-08-18 14:00,75.54
2023-08-18 14:15,67
2023-08-18 14:30,60.24585
2023-08-18 14:45,53.7506
2023-08-18 15:00,63.86586
2023-08-18 15:15,58.78366
2023-08-18 15:30,60.67313
2023-08-18 15:45,52.38214
2023-08-18 16:00,57.72171
2023-08-18 16:15,49.93259
2023-08-18 16:30,49.78782
2023-08-18 16:45,46.22786
2023-08-18 17:00,48.27246
2023-08-18 17:15,46.37145
2023-08-18 17:30,46.05219
2023-08-18 17:45,44.30574
2023-08-18 18:00,44.87854
2023-08-18 18:15,44.47868
2023-08-18 18:30,44.50676
2023-08-18 18:45,40.87457
2023-08-18 19:00,41.4012
2023-08-18 19:15,41.2444
2023-08-18 19:30,41.4
2023-08-18 19:45,39.25413
2023-08-18 20:00,39.42
2023-08-18 20:15,40.38
2023-08-18 20:30,41.55
2023-08-18 20:45,41.8124
2023-08-18 21:00,43.21553
2023-08-18 21:15,44.8988
2023-08-18 21:30,45.2012
2023-08-18 21:45,45.51307
2023-08-18 22:00,49.84635
2023-08-18 22:15,49.79327
2023-08-18 22:30,49.52343
2023-08-18 22:45,47.45217
2023-08-18 23:00,47.27846
2023-08-18 23:15,44.29578
2023-08-18 23:30,37.62473
2023-08-18 23:45,29.29021
2023-08-19 0:00,37.46217
2023-08-19 0:15,34.53906
2023-08-19 0:30,26.70729
2023-08-19 0:45,28.15374
2023-08-19 1:00,28.96407
2023-08-19 1:15,31.50169
2023-08-19 1:30,30.34964
2023-08-19 1:45,30.53368
2023-08-19 2:00,28.66993
2023-08-19 2:15,30.32554
2023-08-19 2:30,31.40355
2023-08-19 2:45,28.53026
2023-08-19 3:00,23.66779
2023-08-19 3:15,24.34336
2023-08-19 3:30,31.35427
2023-08-19 3:45,29.57534
2023-08-19 4:00,28.7299
2023-08-19 4:15,31.43517
2023-08-19 4:30,36.06088
2023-08-19 4:45,37.53194
2023-08-19 5:00,25.93072
2023-08-19 5:15,31.06836
2023-08-19 5:30,35.94542
2023-08-19 5:45,35.76484
2023-08-19 6:00,31.52832
2023-08-19 6:15,36.03102
2023-08-19 6:30,35.4682
2023-08-19 6:45,38.27356
2023-08-19 7:00,31.52906
2023-08-19 7:15,27.42693
2023-08-19 7:30,42.83987
2023-08-19 7:45,44.11956
2023-08-19 8:00,44.67798
2023-08-19 8:15,43.22299
2023-08-19 8:30,45.56388
2023-08-19 8:45,46.63541
2023-08-19 9:00,43.03585
2023-08-19 9:15,45.61195
2023-08-19 9:30,52.32878
2023-08-19 9:45,65.13742
2023-08-19 10:00,47.19774
2023-08-19 10:15,47.13698
2023-08-19 10:30,54.06716
2023-08-19 10:45,76.41217
2023-08-19 11:00,56.98917
2023-08-19 11:15,75.24155
2023-08-19 11:30,68.3623
2023-08-19 11:45,73.11036
2023-08-19 12:00,85.33527
2023-08-19 12:15,74.15633
2023-08-19 12:30,68.31746
2023-08-19 12:45,65.16701
2023-08-19 13:00,64.76872
2023-08-19 13:15,59.84859
2023-08-19 13:30,53.9777
2023-08-19 13:45,45.76914
2023-08-19 14:00,57.78376
2023-08-19 14:15,53.77828
2023-08-19 14:30,52.28154
2023-08-19 14:45,49.53849
2023-08-19 15:00,49.10322
2023-08-19 15:15,47.03682
2023-08-19 15:30,46.22813
2023-08-19 15:45,45.62823
2023-08-19 16:00,52.23847
2023-08-19 16:15,46.79449
2023-08-19 16:30,46.88569
2023-08-19 16:45,44.52773
2023-08-19 17:00,46.64138
2023-08-19 17:15,46.3255
2023-08-19 17:30,45.83865
2023-08-19 17:45,43.67234
2023-08-19 18:00,46.17621
2023-08-19 18:15,44.25067
2023-08-19 18:30,43.5148
2023-08-19 18:45,42.61113
2023-08-19 19:00,44.1555
2023-08-19 19:15,43.49858
2023-08-19 19:30,42.77132
2023-08-19 19:45,42.48723
2023-08-19 20:00,42.86884
2023-08-19 20:15,42.93887
2023-08-19 20:30,43.28624
2023-08-19 20:45,43.21443
2023-08-19 21:00,43.35982
2023-08-19 21:15,43.38215
2023-08-19 21:30,43.82928
2023-08-19 21:45,43.8427
2023-08-19 22:00,42.47443
2023-08-19 22:15,41.77361
2023-08-19 22:30,40.47404
2023-08-19 22:45,38.43315
2023-08-19 23:00,38.37619
2023-08-19 23:15,34.17944
2023-08-19 23:30,32.38788
2023-08-19 23:45,27.31812
2023-08-20 0:00,33.36966
2023-08-20 0:15,31.93448
2023-08-20 0:30,27.87982
2023-08-20 0:45,23.75203
2023-08-20 1:00,23.6188
2023-08-20 1:15,30.33371
2023-08-20 1:30,29.72919
2023-08-20 1:45,26.26292
2023-08-20 2:00,28.7549
2023-08-20 2:15,27.23915
2023-08-20 2:30,24.61932
2023-08-20 2:45,24.12469
2023-08-20 3:00,24.8166
2023-08-20 3:15,25.09422
2023-08-20 3:30,25.32265
2023-08-20 3:45,25.26217
2023-08-20 4:00,22.29866
2023-08-20 4:15,24.50467
2023-08-20 4:30,28.35798
2023-08-20 4:45,27.46899
2023-08-20 5:00,24.7595
2023-08-20 5:15,27.27858
2023-08-20 5:30,33.18589
2023-08-20 5:45,36.82786
2023-08-20 6:00,34.49851
2023-08-20 6:15,36.16985
2023-08-20 6:30,40.47602
2023-08-20 6:45,40.9886
2023-08-20 7:00,34.01628
2023-08-20 7:15,41.08826
2023-08-20 7:30,44.42742
2023-08-20 7:45,43.86137
2023-08-20 8:00,38.80505
2023-08-20 8:15,41.77084
2023-08-20 8:30,45.32004
2023-08-20 8:45,45.68458
2023-08-20 9:00,39.39924
2023-08-20 9:15,41.53071
2023-08-20 9:30,53.90745
2023-08-20 9:45,50.1375
2023-08-20 10:00,45.37455
2023-08-20 10:15,46.48291
2023-08-20 10:30,49.40951
2023-08-20 10:45,56.30987
2023-08-20 11:00,51.0237
2023-08-20 11:15,48.54071
2023-08-20 11:30,49.62245
2023-08-20 11:45,50.60347
2023-08-20 12:00,56.05816
2023-08-20 12:15,55.72713
2023-08-20 12:30,57.42511
2023-08-20 12:45,49.57078
2023-08-20 13:00,62.24971
2023-08-20 13:15,58.93596
2023-08-20 13:30,58.70391
2023-08-20 13:45,42.72745
2023-08-20 14:00,52.22256
2023-08-20 14:15,46.80927
2023-08-20 14:30,45.51133
2023-08-20 14:45,42.37515
2023-08-20 15:00,45.92959
2023-08-20 15:15,45.21101
2023-08-20 15:30,43.1312
2023-08-20 15:45,42.68215
2023-08-20 16:00,46.4184
2023-08-20 16:15,45.4506
2023-08-20 16:30,45.19034
2023-08-20 16:45,43.88052
2023-08-20 17:00,45.68987
2023-08-20 17:15,45.21377
2023-08-20 17:30,44.959
2023-08-20 17:45,43.86236
2023-08-20 18:00,45.57097
2023-08-20 18:15,45.2849
2023-08-20 18:30,44.34607
2023-08-20 18:45,43.29503
2023-08-20 19:00,44.73443
2023-08-20 19:15,45.00903
2023-08-20 19:30,44.23438
2023-08-20 19:45,43.70788
2023-08-20 20:00,43.39114
2023-08-20 20:15,44.03592
2023-08-20 20:30,43.81205
2023-08-20 20:45,43.39872
2023-08-20 21:00,44.24357
2023-08-20 21:15,44.50735
2023-08-20 21:30,44.47496
2023-08-20 21:45,43.94861
2023-08-20 22:00,46.14421
2023-08-20 22:15,45.73633
2023-08-20 22:30,44.01724
2023-08-20 22:45,42.49373
2023-08-20 23:00,42.41984
2023-08-20 23:15,41.92506
2023-08-20 23:30,41.27433
2023-08-20 23:45,41.06017
2023-08-21 0:00,42.92104
2023-08-21 0:15,42.76193
2023-08-21 0:30,42.78891
2023-08-21 0:45,43.1557
2023-08-21 1:00,42.55386
2023-08-21 1:15,45.21155
2023-08-21 1:30,45.40219
2023-08-21 1:45,42.47975
2023-08-21 2:00,42.50625
2023-08-21 2:15,42.7492
2023-08-21 2:30,43.98755
2023-08-21 2:45,41.90279
2023-08-21 3:00,41.36275
2023-08-21 3:15,40.6732
2023-08-21 3:30,40.97314
2023-08-21 3:45,42.44953
2023-08-21 4:00,45.18002
2023-08-21 4:15,45.70314
2023-08-21 4:30,48.54944
2023-08-21 4:45,48.93948
2023-08-21 5:00,46.58577
2023-08-21 5:15,44.9988
2023-08-21 5:30,46.04794
2023-08-21 5:45,52.5412
2023-08-21 6:00,52.90387
2023-08-21 6:15,50.55792
2023-08-21 6:30,52.74309
2023-08-21 6:45,49.26991
2023-08-21 7:00,46.08027
2023-08-21 7:15,46.09041
2023-08-21 7:30,45.35416
2023-08-21 7:45,55.34
2023-08-21 8:00,45.89803
2023-08-21 8:15,47.20406
2023-08-21 8:30,49.29063
2023-08-21 8:45,49.50129
2023-08-21 9:00,40.54371
2023-08-21 9:15,41.98802
2023-08-21 9:30,48.92913
2023-08-21 9:45,54.71776
2023-08-21 10:00,41.53761
2023-08-21 10:15,43.73011
2023-08-21 10:30,45.05865
2023-08-21 10:45,45.3191
2023-08-21 11:00,44.84646
2023-08-21 11:15,45.0403
2023-08-21 11:30,45.0092
2023-08-21 11:45,44.66502
2023-08-21 12:00,46.03624
2023-08-21 12:15,45.95981
2023-08-21 12:30,44.055
2023-08-21 12:45,40.57733
2023-08-21 13:00,46.01313
2023-08-21 13:15,43.77831
2023-08-21 13:30,42.32027
2023-08-21 13:45,36.63363
2023-08-21 14:00,37.10638
2023-08-21 14:15,32.878
2023-08-21 14:30,31.48488
2023-08-21 14:45,29.85931
2023-08-21 15:00,35.90696
2023-08-21 15:15,36.37139
2023-08-21 15:30,35.75283
2023-08-21 15:45,31.9288
2023-08-21 16:00,41.70332
2023-08-21 16:15,37.80356
2023-08-21 16:30,39.67566
2023-08-21 16:45,35.03568
2023-08-21 17:00,38.3229
2023-08-21 17:15,38.25186
2023-08-21 17:30,37.05586
2023-08-21 17:45,35.29654
2023-08-21 18:00,36.81391
2023-08-21 18:15,36.58859
2023-08-21 18:30,35.77461
2023-08-21 18:45,35.41764
2023-08-21 19:00,36.83143
2023-08-21 19:15,36.85837
2023-08-21 19:30,36.77288
2023-08-21 19:45,35.16339
2023-08-21 20:00,38.03269
2023-08-21 20:15,41.04564
2023-08-21 20:30,41.36402
2023-08-21 20:45,40.84929
2023-08-21 21:00,41.61713
2023-08-21 21:15,43.20002
2023-08-21 21:30,44.14333
2023-08-21 21:45,46.66854
2023-08-21 22:00,47.20044
2023-08-21 22:15,49.41077
2023-08-21 22:30,49.20957
2023-08-21 22:45,46.98939
2023-08-21 23:00,50.11744
2023-08-21 23:15,49.82852
2023-08-21 23:30,42.55217
2023-08-21 23:45,41.96571
2023-08-22 0:00,42.43049
2023-08-22 0:15,41.27576
2023-08-22 0:30,37.90575
2023-08-22 0:45,28.84045
2023-08-22 1:00,36.49579
2023-08-22 1:15,30.1886
2023-08-22 1:30,32.77928
2023-08-22 1:45,20.42912
2023-08-22 2:00,12.30064
2023-08-22 2:15,13.96259
2023-08-22 2:30,9.13722
2023-08-22 2:45,4.3838
2023-08-22 3:00,6.68015
2023-08-22 3:15,5.89392
2023-08-22 3:30,5.73724
2023-08-22 3:45,2.92812
2023-08-22 4:00,4.11503
2023-08-22 4:15,3.7188
2023-08-22 4:30,3.93646
2023-08-22 4:45,3.52589
2023-08-22 5:00,4.7839
2023-08-22 5:15,8.99277
2023-08-22 5:30,6.64981
2023-08-22 5:45,10.88729
2023-08-22 6:00,10.81053
2023-08-22 6:15,10.20994
2023-08-22 6:30,12.99921
2023-08-22 6:45,17.97616
2023-08-22 7:00,16.07276
2023-08-22 7:15,19.94266
2023-08-22 7:30,19.98614
2023-08-22 7:45,23.22886
2023-08-22 8:00,20.30983
2023-08-22 8:15,22.8286
2023-08-22 8:30,27.97353
2023-08-22 8:45,30.38905
2023-08-22 9:00,19.84963
2023-08-22 9:15,24.9952
2023-08-22 9:30,32.572
2023-08-22 9:45,42.13471
2023-08-22 10:00,35.46013
2023-08-22 10:15,42.66546
2023-08-22 10:30,47.14739
2023-08-22 10:45,49.59446
2023-08-22 11:00,45.29963
2023-08-22 11:15,45.78738
2023-08-22 11:30,52.68249
2023-08-22 11:45,56.51034
2023-08-22 12:00,59.74517
2023-08-22 12:15,56.42227
2023-08-22 12:30,55.10926
2023-08-22 12:45,47.41662
2023-08-22 13:00,56.09616
2023-08-22 13:15,48.38646
2023-08-22 13:30,47.5212
2023-08-22 13:45,37.70856
2023-08-22 14:00,42.32812
2023-08-22 14:15,37.54914
2023-08-22 14:30,36.04318
2023-08-22 14:45,35.2617
2023-08-22 15:00,40.44587
2023-08-22 15:15,37.86593
2023-08-22 15:30,35.91357
2023-08-22 15:45,33.79538
2023-08-22 16:00,39.13082
2023-08-22 16:15,38.52778
2023-08-22 16:30,37.12879
2023-08-22 16:45,34.55519
2023-08-22 17:00,38.47334
2023-08-22 17:15,37.85042
2023-08-22 17:30,36.50964
2023-08-22 17:45,36.08603
2023-08-22 18:00,36.38242
2023-08-22 18:15,36.40749
2023-08-22 18:30,35.30877
2023-08-22 18:45,34.58308
2023-08-22 19:00,36.18458
2023-08-22 19:15,36.38204
2023-08-22 19:30,36.71485
2023-08-22 19:45,36.33332
2023-08-22 20:00,36.5827
2023-08-22 20:15,37.33875
2023-08-22 20:30,38.52425
2023-08-22 20:45,39.21124
2023-08-22 21:00,40.23547
2023-08-22 21:15,42.8357
2023-08-22 21:30,44.77555
2023-08-22 21:45,45.52769
2023-08-22 22:00,44.12915
2023-08-22 22:15,45.11626
2023-08-22 22:30,43.34629
2023-08-22 22:45,42.26016
2023-08-22 23:00,43.42212
2023-08-22 23:15,39.72524
2023-08-22 23:30,32.21503
2023-08-22 23:45,24.39695
2023-08-23 0:00,24.73021
2023-08-23 0:15,23.53096
2023-08-23 0:30,20.97216
2023-08-23 0:45,19.1698
2023-08-23 1:00,20.51365
2023-08-23 1:15,16.28439
2023-08-23 1:30,19.92489
2023-08-23 1:45,16.36213
2023-08-23 2:00,16.55482
2023-08-23 2:15,16.37235
2023-08-23 2:30,16.31942
2023-08-23 2:45,16.41073
2023-08-23 3:00,16.65012
2023-08-23 3:15,16.29379
2023-08-23 3:30,18.68204
2023-08-23 3:45,18.28023
2023-08-23 4:00,19.46874
2023-08-23 4:15,18.10202
2023-08-23 4:30,19.03658
2023-08-23 4:45,22.75288
2023-08-23 5:00,20.17893
2023-08-23 5:15,22.04665
2023-08-23 5:30,24.19773
2023-08-23 5:45,27.02229
2023-08-23 6:00,26.00037
2023-08-23 6:15,30.58411
2023-08-23 6:30,30.90653
2023-08-23 6:45,32.06407
2023-08-23 7:00,24.83931
2023-08-23 7:15,25.34542
2023-08-23 7:30,31.33649
2023-08-23 7:45,32.95851
2023-08-23 8:00,31.07515
2023-08-23 8:15,33.79909
2023-08-23 8:30,40.72214
2023-08-23 8:45,43.3612
2023-08-23 9:00,35.43132
2023-08-23 9:15,37.64987
2023-08-23 9:30,57.14946
2023-08-23 9:45,62.45
2023-08-23 10:00,42.91799
2023-08-23 10:15,49.37693
2023-08-23 10:30,54.1996
2023-08-23 10:45,78.62861
2023-08-23 11:00,80.204
2023-08-23 11:15,103.65526
2023-08-23 11:30,104.7574
2023-08-23 11:45,119.59106
2023-08-23 12:00,77.96797
2023-08-23 12:15,68.33571
2023-08-23 12:30,68.80425
2023-08-23 12:45,66.45037
2023-08-23 13:00,60.65189
2023-08-23 13:15,60.52512
2023-08-23 13:30,54.51087
2023-08-23 13:45,42.84809
2023-08-23 14:00,54.9624
2023-08-23 14:15,52.69192
2023-08-23 14:30,46.48212
2023-08-23 14:45,43.8993
2023-08-23 15:00,53.52075
2023-08-23 15:15,45.2974
2023-08-23 15:30,42.72408
2023-08-23 15:45,39.27613
2023-08-23 16:00,45.00578
2023-08-23 16:15,41.85964
2023-08-23 16:30,41.15968
2023-08-23 16:45,41.02362
2023-08-23 17:00,41.50074
2023-08-23 17:15,40.27927
2023-08-23 17:30,39.03968
2023-08-23 17:45,38.13222
2023-08-23 18:00,40.83259
2023-08-23 18:15,40.78317
2023-08-23 18:30,40.3921
2023-08-23 18:45,39.45439
2023-08-23 19:00,40.23084
2023-08-23 19:15,40.19
2023-08-23 19:30,40.08827
2023-08-23 19:45,39.20409
2023-08-23 20:00,39.4295
2023-08-23 20:15,39.65165
2023-08-23 20:30,40.14447
2023-08-23 20:45,40.73037
2023-08-23 21:00,41.43668
2023-08-23 21:15,42.53867
2023-08-23 21:30,45.44074
2023-08-23 21:45,51.26773
2023-08-23 22:00,48.27407
2023-08-23 22:15,50.56654
2023-08-23 22:30,47.98263
2023-08-23 22:45,42.59832
2023-08-23 23:00,42.45081
2023-08-23 23:15,37.18324
2023-08-23 23:30,30.35903
2023-08-23 23:45,20.24552
2023-08-24 0:00,22.56279
2023-08-24 0:15,12.63207
2023-08-24 0:30,14.84308
2023-08-24 0:45,5.17227
2023-08-24 1:00,15.78245
2023-08-24 1:15,15.84089
2023-08-24 1:30,14.31537
2023-08-24 1:45,19.33922
2023-08-24 2:00,22.13543
2023-08-24 2:15,19.72405
2023-08-24 2:30,22.93931
2023-08-24 2:45,17.06926
2023-08-24 3:00,23.89615
2023-08-24 3:15,14.87723
2023-08-24 3:30,21.0489
2023-08-24 3:45,22.47501
2023-08-24 4:00,13.0756
2023-08-24 4:15,18.70492
2023-08-24 4:30,20.94385
2023-08-24 4:45,20.2648
2023-08-24 5:00,13.87996
2023-08-24 5:15,21.71831
2023-08-24 5:30,25.01275
2023-08-24 5:45,26.40904
2023-08-24 6:00,20.89203
2023-08-24 6:15,20.42185
2023-08-24 6:30,26.81505
2023-08-24 6:45,39.11744
2023-08-24 7:00,43.83004
2023-08-24 7:15,47.05565
2023-08-24 7:30,59.01605
2023-08-24 7:45,61.68392
2023-08-24 8:00,45.89883
2023-08-24 8:15,44.41963
2023-08-24 8:30,44.41963
2023-08-24 8:45,44.41963
2023-08-24 9:00,44.85754
2023-08-24 9:15,42.7127
2023-08-24 9:30,42.7127
2023-08-24 9:45,59.90426
2023-08-24 10:00,51.49843
2023-08-24 10:15,64.33799
2023-08-24 10:30,95.37154
2023-08-24 10:45,137.91866
2023-08-24 11:00,85.54975
2023-08-24 11:15,101.91131
2023-08-24 11:30,102.02047
2023-08-24 11:45,169.45097
2023-08-24 12:00,77.92606
2023-08-24 12:15,76.76554
2023-08-24 12:30,71.52045
2023-08-24 12:45,64.56008
2023-08-24 13:00,75.14182
2023-08-24 13:15,74.79723
2023-08-24 13:30,70.83359
2023-08-24 13:45,58.91189
2023-08-24 14:00,57.80471
2023-08-24 14:15,57.38063
2023-08-24 14:30,53.72803
2023-08-24 14:45,49.54355
2023-08-24 15:00,56.60086
2023-08-24 15:15,48.24668
2023-08-24 15:30,45.48936
2023-08-24 15:45,41.98607
2023-08-24 16:00,52.27395
2023-08-24 16:15,48.75522
2023-08-24 16:30,44.79709
2023-08-24 16:45,42.01953
2023-08-24 17:00,46.10923
2023-08-24 17:15,43.59163
2023-08-24 17:30,41.82169
2023-08-24 17:45,40.67376
2023-08-24 18:00,41.85352
2023-08-24 18:15,41.9332
2023-08-24 18:30,40.96819
2023-08-24 18:45,40.99724
2023-08-24 19:00,42.50383
2023-08-24 19:15,43.79967
2023-08-24 19:30,43.1399
2023-08-24 19:45,41.74982
2023-08-24 20:00,42.11355
2023-08-24 20:15,43.64184
2023-08-24 20:30,44.45083
2023-08-24 20:45,46.73231
2023-08-24 21:00,41.81039
2023-08-24 21:15,44.26304
2023-08-24 21:30,50.71486
2023-08-24 21:45,58.42703
2023-08-24 22:00,52.33531
2023-08-24 22:15,54.52599
2023-08-24 22:30,57.18451
2023-08-24 22:45,44.89874
2023-08-24 23:00,49.69203
2023-08-24 23:15,43.63195
2023-08-24 23:30,36.47435
2023-08-24 23:45,26.84627
2023-08-25 0:00,30.48653
2023-08-25 0:15,27.69209
2023-08-25 0:30,23.03537
2023-08-25 0:45,21.99911
2023-08-25 1:00,26.07125
2023-08-25 1:15,23.21285
2023-08-25 1:30,25.09407
2023-08-25 1:45,22.51843
2023-08-25 2:00,27.60986
2023-08-25 2:15,25.77189
2023-08-25 2:30,25.12217
2023-08-25 2:45,20.19085
2023-08-25 3:00,19.9981
2023-08-25 3:15,18.30773
2023-08-25 3:30,18.34472
2023-08-25 3:45,16.27637
2023-08-25 4:00,23.52975
2023-08-25 4:15,24.30416
2023-08-25 4:30,24.3905
2023-08-25 4:45,25.94875
2023-08-25 5:00,27.02348
2023-08-25 5:15,24.56074
2023-08-25 5:30,23.57665
2023-08-25 5:45,29.32327
2023-08-25 6:00,18.95864
2023-08-25 6:15,19.44693
2023-08-25 6:30,29.51172
2023-08-25 6:45,31.44176
2023-08-25 7:00,32.05546
2023-08-25 7:15,35.60729
2023-08-25 7:30,37.12095
2023-08-25 7:45,37.90736
2023-08-25 8:00,26.7197
2023-08-25 8:15,30.87973
2023-08-25 8:30,39.30822
2023-08-25 8:45,43.40632
2023-08-25 9:00,35.99137
2023-08-25 9:15,36.0482
2023-08-25 9:30,37.89247
2023-08-25 9:45,40.10973
2023-08-25 10:00,50.7246
2023-08-25 10:15,36.45656
2023-08-25 10:30,36.82006
2023-08-25 10:45,49.37368
2023-08-25 11:00,68.61293
2023-08-25 11:15,88.03532
2023-08-25 11:30,68.22975
2023-08-25 11:45,66.83688
2023-08-25 12:00,63.42465
2023-08-25 12:15,68.514
2023-08-25 12:30,58.10614
2023-08-25 12:45,54.36821
2023-08-25 13:00,56.12549
2023-08-25 13:15,54.58381
2023-08-25 13:30,45.4182
2023-08-25 13:45,41.78817
2023-08-25 14:00,52.28208
2023-08-25 14:15,46.63352
2023-08-25 14:30,40.40854
2023-08-25 14:45,39.97163
2023-08-25 15:00,43.72722
2023-08-25 15:15,40.46848
2023-08-25 15:30,40.04423
2023-08-25 15:45,39.17296
2023-08-25 16:00,48.79463
2023-08-25 16:15,46.27843
2023-08-25 16:30,41.65537
2023-08-25 16:45,40.2614
2023-08-25 17:00,43.52058
2023-08-25 17:15,41.26115
2023-08-25 17:30,40.96218
2023-08-25 17:45,36.06821
2023-08-25 18:00,36.47724
2023-08-25 18:15,42.20267
2023-08-25 18:30,40.33762
2023-08-25 18:45,40.27203
2023-08-25 19:00,41.65213
2023-08-25 19:15,40.98519
2023-08-25 19:30,41.3323
2023-08-25 19:45,40.51785
2023-08-25 20:00,42.2623
2023-08-25 20:15,42.69552
2023-08-25 20:30,42.63902
2023-08-25 20:45,42.57113
2023-08-25 21:00,46.62353
2023-08-25 21:15,47.11962
2023-08-25 21:30,49.28375
2023-08-25 21:45,55.14017
2023-08-25 22:00,46.98623
2023-08-25 22:15,47.6295
2023-08-25 22:30,47.1932
2023-08-25 22:45,47.11253
2023-08-25 23:00,44.59793
2023-08-25 23:15,38.97635
2023-08-25 23:30,33.29357
2023-08-25 23:45,23.27474
2023-08-26 0:00,29.14043
2023-08-26 0:15,22.77363
2023-08-26 0:30,16.66863
2023-08-26 0:45,14.39994
2023-08-26 1:00,17.15774
2023-08-26 1:15,15.94311
2023-08-26 1:30,14.43716
2023-08-26 1:45,16.15178
2023-08-26 2:00,19.90174
2023-08-26 2:15,23.77015
2023-08-26 2:30,23.7588
2023-08-26 2:45,23.94622
2023-08-26 3:00,24.46665
2023-08-26 3:15,29.91882
2023-08-26 3:30,13.75749
2023-08-26 3:45,13.00843
2023-08-26 4:00,12.15101
2023-08-26 4:15,15.51346
2023-08-26 4:30,19.70634
2023-08-26 4:45,30.12799
2023-08-26 5:00,11.28407
2023-08-26 5:15,13.57458
2023-08-26 5:30,20.33629
2023-08-26 5:45,20.24493
2023-08-26 6:00,20.0189
2023-08-26 6:15,20.22712
2023-08-26 6:30,31.56957
2023-08-26 6:45,35.19259
2023-08-26 7:00,27.37164
2023-08-26 7:15,20.65145
2023-08-26 7:30,34.33418
2023-08-26 7:45,36.45533
2023-08-26 8:00,27.78705
2023-08-26 8:15,30.44658
2023-08-26 8:30,38.178
2023-08-26 8:45,44.63874
2023-08-26 9:00,35.55003
2023-08-26 9:15,36.73245
2023-08-26 9:30,40.00744
2023-08-26 9:45,56.59396
2023-08-26 10:00,37.12229
2023-08-26 10:15,41.69543
2023-08-26 10:30,50.94058
2023-08-26 10:45,53.05802
2023-08-26 11:00,46.35961
2023-08-26 11:15,37.55719
2023-08-26 11:30,45.06728
2023-08-26 11:45,49.00467
2023-08-26 12:00,50.30485
2023-08-26 12:15,50.83269
2023-08-26 12:30,48.90199
2023-08-26 12:45,42.46731
2023-08-26 13:00,54.28993
2023-08-26 13:15,46.57299
2023-08-26 13:30,43.83369
2023-08-26 13:45,34.07218
2023-08-26 14:00,35.62933
2023-08-26 14:15,34.98492
2023-08-26 14:30,32.24788
2023-08-26 14:45,22.65665
2023-08-26 15:00,32.19689
2023-08-26 15:15,34.65644
2023-08-26 15:30,28.06137
2023-08-26 15:45,36.61215
2023-08-26 16:00,47.30165
2023-08-26 16:15,40.31492
2023-08-26 16:30,39.15967
2023-08-26 16:45,33.99319
2023-08-26 17:00,39.74667
2023-08-26 17:15,44.35955
2023-08-26 17:30,41.38019
2023-08-26 17:45,35.93356
2023-08-26 18:00,43.44472
2023-08-26 18:15,40.94314
2023-08-26 18:30,47.05487
2023-08-26 18:45,44.96991
2023-08-26 19:00,45.81804
2023-08-26 19:15,44.72505
2023-08-26 19:30,44.0514
2023-08-26 19:45,43.62028
2023-08-26 20:00,44.93055
2023-08-26 20:15,44.25475
2023-08-26 20:30,44.54843
2023-08-26 20:45,44.73202
2023-08-26 21:00,45.2949
2023-08-26 21:15,45.22199
2023-08-26 21:30,47.31655
2023-08-26 21:45,46.79478
2023-08-26 22:00,47.25329
2023-08-26 22:15,46.90951
2023-08-26 22:30,43.61894
2023-08-26 22:45,40.72453
2023-08-26 23:00,39.87633
2023-08-26 23:15,31.80327
2023-08-26 23:30,20.85885
2023-08-26 23:45,19.12274
2023-08-27 0:00,17.71781
2023-08-27 0:15,17.05451
2023-08-27 0:30,15.01366
2023-08-27 0:45,13.24941
2023-08-27 1:00,13.67483
2023-08-27 1:15,5.37045
2023-08-27 1:30,5.57865
2023-08-27 1:45,5.57818
2023-08-27 2:00,7.44227
2023-08-27 2:15,9.84292
2023-08-27 2:30,14.79685
2023-08-27 2:45,11.27587
2023-08-27 3:00,15.50078
2023-08-27 3:15,15.84991
2023-08-27 3:30,13.90268
2023-08-27 3:45,20.89942
2023-08-27 4:00,8.1202
2023-08-27 4:15,8.33281
2023-08-27 4:30,17.17046
2023-08-27 4:45,18.95105
2023-08-27 5:00,16.80189
2023-08-27 5:15,12.99983
2023-08-27 5:30,23.96737
2023-08-27 5:45,27.62826
2023-08-27 6:00,20.20119
2023-08-27 6:15,23.16654
2023-08-27 6:30,31.30962
2023-08-27 6:45,36.49657
2023-08-27 7:00,28.16308
2023-08-27 7:15,19.8099
2023-08-27 7:30,26.79687
2023-08-27 7:45,25.49138
2023-08-27 8:00,30.3966
2023-08-27 8:15,36.04733
2023-08-27 8:30,44.59006
2023-08-27 8:45,56.64049
2023-08-27 9:00,40.55772
2023-08-27 9:15,42.32323
2023-08-27 9:30,49.92996
2023-08-27 9:45,75.83601
2023-08-27 10:00,43.61628
2023-08-27 10:15,47.48219
2023-08-27 10:30,74.16483
2023-08-27 10:45,91.65857
2023-08-27 11:00,44.20604
2023-08-27 11:15,73.5142
2023-08-27 11:30,49.7297
2023-08-27 11:45,64.80991
2023-08-27 12:00,54.98674
2023-08-27 12:15,56.39908
2023-08-27 12:30,51.68231
2023-08-27 12:45,46.63357
2023-08-27 13:00,46.87297
2023-08-27 13:15,45.27572
2023-08-27 13:30,46.8987
2023-08-27 13:45,37.62802
2023-08-27 14:00,45.21154
2023-08-27 14:15,38.89344
2023-08-27 14:30,36.26294
2023-08-27 14:45,33.50746
2023-08-27 15:00,42.64367
2023-08-27 15:15,46.16798
2023-08-27 15:30,38.58532
2023-08-27 15:45,31.41166
2023-08-27 16:00,41.46013
2023-08-27 16:15,39.55789
2023-08-27 16:30,39.83093
2023-08-27 16:45,37.82439
2023-08-27 17:00,42.55495
2023-08-27 17:15,42.8625
2023-08-27 17:30,39.29344
2023-08-27 17:45,32.43826
2023-08-27 18:00,39.47553
2023-08-27 18:15,34.64689
2023-08-27 18:30,31.96831
2023-08-27 18:45,32.33761
2023-08-27 19:00,43.07589
2023-08-27 19:15,41.28074
2023-08-27 19:30,41.29791
2023-08-27 19:45,40.55908
2023-08-27 20:00,42.71023
2023-08-27 20:15,42.69412
2023-08-27 20:30,42.50575
2023-08-27 20:45,42.26979
2023-08-27 21:00,44.16082
2023-08-27 21:15,43.58782
2023-08-27 21:30,43.96459
2023-08-27 21:45,44.56648
2023-08-27 22:00,47.61908
2023-08-27 22:15,46.46178
2023-08-27 22:30,44.14922
2023-08-27 22:45,42.10525
2023-08-27 23:00,42.37704
2023-08-27 23:15,35.38702
2023-08-27 23:30,22.82396
2023-08-27 23:45,16.45315
2023-08-28 0:00,23.92456
2023-08-28 0:15,19.94375
2023-08-28 0:30,15.44809
2023-08-28 0:45,16.91952
2023-08-28 1:00,22.24438
2023-08-28 1:15,22.89701
2023-08-28 1:30,20.11239
2023-08-28 1:45,19.07381
2023-08-28 2:00,21.46529
2023-08-28 2:15,24.42621
2023-08-28 2:30,20.38606
2023-08-28 2:45,23.89982
2023-08-28 3:00,21.37066
2023-08-28 3:15,24.51804
2023-08-28 3:30,27.07335
2023-08-28 3:45,29.07339
2023-08-28 4:00,16.74856
2023-08-28 4:15,23.80214
2023-08-28 4:30,25.85972
2023-08-28 4:45,25.12442
2023-08-28 5:00,17.52014
2023-08-28 5:15,19.21496
2023-08-28 5:30,23.16973
2023-08-28 5:45,34.15911
2023-08-28 6:00,26.13702
2023-08-28 6:15,30.72689
2023-08-28 6:30,35.51875
2023-08-28 6:45,33.75462
2023-08-28 7:00,11.2562
2023-08-28 7:15,21.75736
2023-08-28 7:30,17.13849
2023-08-28 7:45,32.6122
2023-08-28 8:00,32.69618
2023-08-28 8:15,35.62323
2023-08-28 8:30,42.99365
2023-08-28 8:45,53.32988
2023-08-28 9:00,42.5196
2023-08-28 9:15,46.12268
2023-08-28 9:30,76.89861
2023-08-28 9:45,88.5044
2023-08-28 10:00,73.49376
2023-08-28 10:15,87.54472
2023-08-28 10:30,156.80247
2023-08-28 10:45,159.94421
2023-08-28 11:00,122.30192
2023-08-28 11:15,223.41232
2023-08-28 11:30,114.28994
2023-08-28 11:45,125.09081
2023-08-28 12:00,82.25054
2023-08-28 12:15,85.08391
2023-08-28 12:30,65.77408
2023-08-28 12:45,55.24363
2023-08-28 13:00,84.43712
2023-08-28 13:15,58.93478
2023-08-28 13:30,54.93308
2023-08-28 13:45,48.095
2023-08-28 14:00,63.56494
2023-08-28 14:15,58.81425
2023-08-28 14:30,54.0201
2023-08-28 14:45,51.38648
2023-08-28 15:00,52.03631
2023-08-28 15:15,53.4513
2023-08-28 15:30,50.06991
2023-08-28 15:45,39.80048
2023-08-28 16:00,35.69567
2023-08-28 16:15,35.90543
2023-08-28 16:30,35.70295
2023-08-28 16:45,38.54762
2023-08-28 17:00,37.34459
2023-08-28 17:15,34.22302
2023-08-28 17:30,34.73076
2023-08-28 17:45,34.01122
2023-08-28 18:00,36.62629
2023-08-28 18:15,36.88492
2023-08-28 18:30,37.6223
2023-08-28 18:45,34.10477
2023-08-28 19:00,28.45441
2023-08-28 19:15,28.49114
2023-08-28 19:30,29.38294
2023-08-28 19:45,30.69632
2023-08-28 20:00,36.53094
2023-08-28 20:15,36.87662
2023-08-28 20:30,26.43057
2023-08-28 20:45,38.81711
2023-08-28 21:00,37.81351
2023-08-28 21:15,37.43432
2023-08-28 21:30,41.75547
2023-08-28 21:45,44.55969
2023-08-28 22:00,43.40117
2023-08-28 22:15,51.33746
2023-08-28 22:30,53.9212
2023-08-28 22:45,59.21487
2023-08-28 23:00,50.49636
2023-08-28 23:15,51.21023
2023-08-28 23:30,44.50058
2023-08-28 23:45,39.33003
2023-08-29 0:00,41.02271
2023-08-29 0:15,38.5005
2023-08-29 0:30,33.31584
2023-08-29 0:45,30.18101
2023-08-29 1:00,38.37422
2023-08-29 1:15,37.72222
2023-08-29 1:30,32.89383
2023-08-29 1:45,34.03003
2023-08-29 2:00,35.1751
2023-08-29 2:15,35.57926
2023-08-29 2:30,36.08136
2023-08-29 2:45,38.83622
2023-08-29 3:00,29.16542
2023-08-29 3:15,35.84576
2023-08-29 3:30,37.71488
2023-08-29 3:45,42.80456
2023-08-29 4:00,34.89078
2023-08-29 4:15,35.4387
2023-08-29 4:30,38.68414
2023-08-29 4:45,46.37944
2023-08-29 5:00,37.85712
2023-08-29 5:15,39.90398
2023-08-29 5:30,55.30301
2023-08-29 5:45,62.97793
2023-08-29 6:00,39.77993
2023-08-29 6:15,43.05542
2023-08-29 6:30,49.74501
2023-08-29 6:45,62.59171
2023-08-29 7:00,34.88684
2023-08-29 7:15,47.07237
2023-08-29 7:30,46.29215
2023-08-29 7:45,55.7555
2023-08-29 8:00,31.74472
2023-08-29 8:15,29.25045
2023-08-29 8:30,49.33479
2023-08-29 8:45,50.18032
2023-08-29 9:00,35.66764
2023-08-29 9:15,36.51294
2023-08-29 9:30,45.17551
2023-08-29 9:45,46.42545
2023-08-29 10:00,34.20978
2023-08-29 10:15,36.23307
2023-08-29 10:30,42.36266
2023-08-29 10:45,293.90976
2023-08-29 11:00,365.9537
2023-08-29 11:15,568.89636
2023-08-29 11:30,444.25513
2023-08-29 11:45,157.0307
2023-08-29 12:00,75.25935
2023-08-29 12:15,66.18715
2023-08-29 12:30,89.58364
2023-08-29 12:45,81.81303
2023-08-29 13:00,94.41325
2023-08-29 13:15,91.16172
2023-08-29 13:30,84.13486
2023-08-29 13:45,75.92665
2023-08-29 14:00,79.05227
2023-08-29 14:15,68.1496
2023-08-29 14:30,65.61174
2023-08-29 14:45,57.4732
2023-08-29 15:00,57.4732
2023-08-29 15:15,57.34437
2023-08-29 15:30,55.78403
2023-08-29 15:45,50.24348
2023-08-29 16:00,64.61564
2023-08-29 16:15,45.14181
2023-08-29 16:30,50.25251
2023-08-29 16:45,47.98586
2023-08-29 17:00,60.0118
2023-08-29 17:15,57.9442
2023-08-29 17:30,51.61528
2023-08-29 17:45,48.75864
2023-08-29 18:00,53.51027
2023-08-29 18:15,50.63833
2023-08-29 18:30,48.62038
2023-08-29 18:45,47.51058
2023-08-29 19:00,49.01338
2023-08-29 19:15,48.9
2023-08-29 19:30,48.36834
2023-08-29 19:45,47.19989
2023-08-29 20:00,46.25794
2023-08-29 20:15,47.03136
2023-08-29 20:30,46.90843
2023-08-29 20:45,48.5928
2023-08-29 21:00,48.59266
2023-08-29 21:15,48.92097
2023-08-29 21:30,52.50957
2023-08-29 21:45,54.10289
2023-08-29 22:00,51.50743
2023-08-29 22:15,52.51675
2023-08-29 22:30,51.74104
2023-08-29 22:45,48.81741
2023-08-29 23:00,47.60301
2023-08-29 23:15,42.28189
2023-08-29 23:30,29.91637
2023-08-29 23:45,21.00954
2023-08-30 0:00,25.70372
2023-08-30 0:15,24.15125
2023-08-30 0:30,23.49614
2023-08-30 0:45,23.23369
2023-08-30 1:00,23.99232
2023-08-30 1:15,24.13618
2023-08-30 1:30,23.98564
2023-08-30 1:45,24.20991
2023-08-30 2:00,23.6805
2023-08-30 2:15,24.52412
2023-08-30 2:30,26.13479
2023-08-30 2:45,26.39613
2023-08-30 3:00,24.76659
2023-08-30 3:15,26.21761
2023-08-30 3:30,30.75829
2023-08-30 3:45,34.03342
2023-08-30 4:00,25.03751
2023-08-30 4:15,27.39743
2023-08-30 4:30,33.15822
2023-08-30 4:45,33.0577
2023-08-30 5:00,27.49162
2023-08-30 5:15,17.37978
2023-08-30 5:30,18.05245
2023-08-30 5:45,16.73396
2023-08-30 6:00,10.59628
2023-08-30 6:15,11.38489
2023-08-30 6:30,11.42793
2023-08-30 6:45,7.91964
2023-08-30 7:00,4.95925
2023-08-30 7:15,2.59547
2023-08-30 7:30,3.90101
2023-08-30 7:45,10.28802
2023-08-30 8:00,4.35194
2023-08-30 8:15,5.61542
2023-08-30 8:30,13.59557
2023-08-30 8:45,20.5397
2023-08-30 9:00,5.29664
2023-08-30 9:15,10.95781
2023-08-30 9:30,38.13203
2023-08-30 9:45,39.39093
2023-08-30 10:00,16.0161
2023-08-30 10:15,13.30832
2023-08-30 10:30,35.07872
2023-08-30 10:45,357.86346
2023-08-30 11:00,69.37135
2023-08-30 11:15,180.59047
2023-08-30 11:30,180.63908
2023-08-30 11:45,119.52144
2023-08-30 12:00,41.35558
2023-08-30 12:15,41.88672
2023-08-30 12:30,38.95717
2023-08-30 12:45,37.20838
2023-08-30 13:00,46.82982
2023-08-30 13:15,45.53006
2023-08-30 13:30,42.17431
2023-08-30 13:45,12.70877
2023-08-30 14:00,31.41806
2023-08-30 14:15,23.3273
2023-08-30 14:30,27.20885
2023-08-30 14:45,23.65789
2023-08-30 15:00,34.67199
2023-08-30 15:15,31.35637
2023-08-30 15:30,25.77138
2023-08-30 15:45,15.88587
2023-08-30 16:00,37.54853
2023-08-30 16:15,34.74362
2023-08-30 16:30,32.53782
2023-08-30 16:45,29.1467
2023-08-30 17:00,39.33444
2023-08-30 17:15,38.10064
2023-08-30 17:30,32.59549
2023-08-30 17:45,33.91312
2023-08-30 18:00,33.84946
2023-08-30 18:15,38.5222
2023-08-30 18:30,38.05598
2023-08-30 18:45,34.49308
2023-08-30 19:00,37.79841
2023-08-30 19:15,34.73154
2023-08-30 19:30,31.95553
2023-08-30 19:45,33.07933
2023-08-30 20:00,36.04388
2023-08-30 20:15,37.02061
2023-08-30 20:30,38.19281
2023-08-30 20:45,37.48849
2023-08-30 21:00,28.54466
2023-08-30 21:15,33.33317
2023-08-30 21:30,39.62219
2023-08-30 21:45,38.96755
2023-08-30 22:00,31.67541
2023-08-30 22:15,34.77986
2023-08-30 22:30,38.65507
2023-08-30 22:45,41.05347
2023-08-30 23:00,50.52802
2023-08-30 23:15,43.59169
2023-08-30 23:30,39.41474
2023-08-30 23:45,23.25601
2023-08-31 0:00,35.19205
2023-08-31 0:15,26.35873
2023-08-31 0:30,23.34649
2023-08-31 0:45,23.09839
2023-08-31 1:00,23.58857
2023-08-31 1:15,24.13397
2023-08-31 1:30,21.2912
2023-08-31 1:45,19.61677
2023-08-31 2:00,11.68541
2023-08-31 2:15,10.17717
2023-08-31 2:30,-0.07887
2023-08-31 2:45,-4.17619
2023-08-31 3:00,-4.25766
2023-08-31 3:15,-3.70158
2023-08-31 3:30,6.58197
2023-08-31 3:45,6.05035
2023-08-31 4:00,10.59114
2023-08-31 4:15,10.02017
2023-08-31 4:30,10.36238
2023-08-31 4:45,5.55433
2023-08-31 5:00,3.26223
2023-08-31 5:15,11.82239
2023-08-31 5:30,9.8952
2023-08-31 5:45,10.26754
2023-08-31 6:00,12.47408
2023-08-31 6:15,11.24504
2023-08-31 6:30,9.48829
2023-08-31 6:45,6.45862
2023-08-31 7:00,19.18037
2023-08-31 7:15,36.58844
2023-08-31 7:30,37.49747
2023-08-31 7:45,41.01958
2023-08-31 8:00,11.45505
2023-08-31 8:15,33.95968
2023-08-31 8:30,37.4485
2023-08-31 8:45,33.19063
2023-08-31 9:00,8.48141
2023-08-31 9:15,30.36982
2023-08-31 9:30,37.45302
2023-08-31 9:45,49.57881
2023-08-31 10:00,37.54838
2023-08-31 10:15,40.99045
2023-08-31 10:30,59.97327
2023-08-31 10:45,77.56834
2023-08-31 11:00,89.90142
2023-08-31 11:15,80.25532
2023-08-31 11:30,76.45437
2023-08-31 11:45,58.37173
2023-08-31 12:00,75.8
2023-08-31 12:15,57.38304
2023-08-31 12:30,56.94809
2023-08-31 12:45,48.7348
2023-08-31 13:00,56.34323
2023-08-31 13:15,51.04327
2023-08-31 13:30,47.34222
2023-08-31 13:45,37.57653
2023-08-31 14:00,53.55764
2023-08-31 14:15,42.11518
2023-08-31 14:30,39.88075
2023-08-31 14:45,35.84275
2023-08-31 15:00,42.60451
2023-08-31 15:15,41.89157
2023-08-31 15:30,42.53685
2023-08-31 15:45,37.57837
2023-08-31 16:00,37.57837
2023-08-31 16:15,41.25338
2023-08-31 16:30,41.25338
2023-08-31 16:45,41.25338
2023-08-31 17:00,41.25338
2023-08-31 17:15,41.23226
2023-08-31 17:30,40.99291
2023-08-31 17:45,40.15369
2023-08-31 18:00,45.39373
2023-08-31 18:15,44.06269
2023-08-31 18:30,42.1021
2023-08-31 18:45,41.50923
2023-08-31 19:00,42.25083
2023-08-31 19:15,42.3211
2023-08-31 19:30,42.3356
2023-08-31 19:45,41.72872
2023-08-31 20:00,42.31142
2023-08-31 20:15,43.261
2023-08-31 20:30,44.19461
2023-08-31 20:45,44.52747
2023-08-31 21:00,44.18408
2023-08-31 21:15,47.33181
2023-08-31 21:30,50.60311
2023-08-31 21:45,51.99201
2023-08-31 22:00,44.65611
2023-08-31 22:15,46.60957
2023-08-31 22:30,45.85832
2023-08-31 22:45,42.83024
2023-08-31 23:00,42.21655
2023-08-31 23:15,40.98951
2023-08-31 23:30,34.85922
2023-08-31 23:45,26.63116
2023-09-01 0:00,33.66862
2023-09-01 0:15,31.56002
2023-09-01 0:30,30.95255
2023-09-01 0:45,25.01159
2023-09-01 1:00,28.72626
2023-09-01 1:15,23.59816
2023-09-01 1:30,22.86717
2023-09-01 1:45,22.31021
2023-09-01 2:00,23.86905
2023-09-01 2:15,26.6038
2023-09-01 2:30,24.87038
2023-09-01 2:45,18.51971
2023-09-01 3:00,18.7093
2023-09-01 3:15,20.79474
2023-09-01 3:30,19.70174
2023-09-01 3:45,21.0385
2023-09-01 4:00,20.02627
2023-09-01 4:15,19.0815
2023-09-01 4:30,24.07486
2023-09-01 4:45,22.55356
2023-09-01 5:00,20.71946
2023-09-01 5:15,24.91251
2023-09-01 5:30,34.51173
2023-09-01 5:45,32.56325
2023-09-01 6:00,20.75353
2023-09-01 6:15,22.858
2023-09-01 6:30,25.39055
2023-09-01 6:45,35.99687
2023-09-01 7:00,30.69846
2023-09-01 7:15,35.28083
2023-09-01 7:30,37.7469
2023-09-01 7:45,41.45744
2023-09-01 8:00,35.69888
2023-09-01 8:15,36.4033
2023-09-01 8:30,39.5919
2023-09-01 8:45,58.67376
2023-09-01 9:00,39.63462
2023-09-01 9:15,41.24748
2023-09-01 9:30,55.39266
2023-09-01 9:45,39.2713
2023-09-01 10:00,8.186
2023-09-01 10:15,23.13981
2023-09-01 10:30,35.81242
2023-09-01 10:45,38.40174
2023-09-01 11:00,36.46384
2023-09-01 11:15,34.63806
2023-09-01 11:30,35.23151
2023-09-01 11:45,38.48234
2023-09-01 12:00,36.2235
2023-09-01 12:15,36.12443
2023-09-01 12:30,30.25198
2023-09-01 12:45,27.73379
2023-09-01 13:00,36.87567
2023-09-01 13:15,37.91625
2023-09-01 13:30,37.86184
2023-09-01 13:45,30.13555
2023-09-01 14:00,41.82909
2023-09-01 14:15,42.84447
2023-09-01 14:30,40.71839
2023-09-01 14:45,40.91065
2023-09-01 15:00,43.4552
2023-09-01 15:15,42.62806
2023-09-01 15:30,41.31597
2023-09-01 15:45,40.75907
2023-09-01 16:00,43.32774
2023-09-01 16:15,39.63024
2023-09-01 16:30,39.65664
2023-09-01 16:45,39.00291
2023-09-01 17:00,39.64055
2023-09-01 17:15,39.11094
2023-09-01 17:30,37.15319
2023-09-01 17:45,35.30293
2023-09-01 18:00,40.06582
2023-09-01 18:15,39.5236
2023-09-01 18:30,37.37867
2023-09-01 18:45,35.5655
2023-09-01 19:00,36.05247
2023-09-01 19:15,35.78215
2023-09-01 19:30,36.04433
2023-09-01 19:45,36.22549
2023-09-01 20:00,39.11605
2023-09-01 20:15,40.0085
2023-09-01 20:30,40.04954
2023-09-01 20:45,40.0537
2023-09-01 21:00,40.1349
2023-09-01 21:15,40.49597
2023-09-01 21:30,45.80206
2023-09-01 21:45,46.13414
2023-09-01 22:00,44.11127
2023-09-01 22:15,46.19578
2023-09-01 22:30,46.38877
2023-09-01 22:45,45.31508
2023-09-01 23:00,42.82244
2023-09-01 23:15,39.94375
2023-09-01 23:30,34.68634
2023-09-01 23:45,31.85222
2023-09-02 0:00,35.70525
2023-09-02 0:15,31.46442
2023-09-02 0:30,29.57672
2023-09-02 0:45,25.15122
2023-09-02 1:00,29.93937
2023-09-02 1:15,25.72047
2023-09-02 1:30,27.24943
2023-09-02 1:45,24.89422
2023-09-02 2:00,25.54574
2023-09-02 2:15,28.0509
2023-09-02 2:30,24.8822
2023-09-02 2:45,25.6702
2023-09-02 3:00,24.57967
2023-09-02 3:15,22.10512
2023-09-02 3:30,24.70654
2023-09-02 3:45,24.72256
2023-09-02 4:00,19.56006
2023-09-02 4:15,24.12322
2023-09-02 4:30,21.39333
2023-09-02 4:45,21.7393
2023-09-02 5:00,16.6734
2023-09-02 5:15,18.51863
2023-09-02 5:30,22.67692
2023-09-02 5:45,24.79543
2023-09-02 6:00,24.0261
2023-09-02 6:15,27.57502
2023-09-02 6:30,35.92218
2023-09-02 6:45,37.50375
2023-09-02 7:00,32.85626
2023-09-02 7:15,33.35842
2023-09-02 7:30,35.64933
2023-09-02 7:45,37.51544
2023-09-02 8:00,29.54203
2023-09-02 8:15,28.07473
2023-09-02 8:30,31.68457
2023-09-02 8:45,38.24798
2023-09-02 9:00,19.11904
2023-09-02 9:15,18.62324
2023-09-02 9:30,30.68739
2023-09-02 9:45,39.47628
2023-09-02 10:00,17.92802
2023-09-02 10:15,23.88389
2023-09-02 10:30,34.79694
2023-09-02 10:45,39.70288
2023-09-02 11:00,33.98199
2023-09-02 11:15,33.46131
2023-09-02 11:30,38.83957
2023-09-02 11:45,42.37327
2023-09-02 12:00,40.60392
2023-09-02 12:15,40.30125
2023-09-02 12:30,34.34801
2023-09-02 12:45,33.96413
2023-09-02 13:00,40.96379
2023-09-02 13:15,34.80119
2023-09-02 13:30,34.40634
2023-09-02 13:45,32.39944
2023-09-02 14:00,40.73401
2023-09-02 14:15,38.94773
2023-09-02 14:30,38.36269
2023-09-02 14:45,39.30566
2023-09-02 15:00,46.37236
2023-09-02 15:15,42.25007
2023-09-02 15:30,39.49578
2023-09-02 15:45,39.13835
2023-09-02 16:00,39.91856
2023-09-02 16:15,38.32483
2023-09-02 16:30,38.29
2023-09-02 16:45,37.8886
2023-09-02 17:00,38.3713
2023-09-02 17:15,38.51297
2023-09-02 17:30,38.08651
2023-09-02 17:45,37.94876
2023-09-02 18:00,39.71325
2023-09-02 18:15,38.93706
2023-09-02 18:30,38.79197
2023-09-02 18:45,38.67602
2023-09-02 19:00,38.46795
2023-09-02 19:15,38.72626
2023-09-02 19:30,38.53021
2023-09-02 19:45,38.79269
2023-09-02 20:00,38.72184
2023-09-02 20:15,38.72971
2023-09-02 20:30,38.67469
2023-09-02 20:45,38.59616
2023-09-02 21:00,38.61268
2023-09-02 21:15,38.62833
2023-09-02 21:30,38.55391
2023-09-02 21:45,39.97793
2023-09-02 22:00,38.38668
2023-09-02 22:15,38.37507
2023-09-02 22:30,37.63312
2023-09-02 22:45,34.831
2023-09-02 23:00,33.78983
2023-09-02 23:15,30.15008
2023-09-02 23:30,26.04614
2023-09-02 23:45,24.79567
2023-09-03 0:00,30.58712
2023-09-03 0:15,29.24574
2023-09-03 0:30,27.3355
2023-09-03 0:45,26.72606
2023-09-03 1:00,31.71593
2023-09-03 1:15,30.50653
2023-09-03 1:30,30.48573
2023-09-03 1:45,32.03877
2023-09-03 2:00,31.15082
2023-09-03 2:15,31.10849
2023-09-03 2:30,27.1322
2023-09-03 2:45,29.46624
2023-09-03 3:00,29.73697
2023-09-03 3:15,29.18211
2023-09-03 3:30,27.35667
2023-09-03 3:45,26.01165
2023-09-03 4:00,21.92281
2023-09-03 4:15,20.30409
2023-09-03 4:30,20.59959
2023-09-03 4:45,24.80548
2023-09-03 5:00,21.90085
2023-09-03 5:15,21.24559
2023-09-03 5:30,21.53518
2023-09-03 5:45,23.02396
2023-09-03 6:00,16.1839
2023-09-03 6:15,17.287
2023-09-03 6:30,20.88109
2023-09-03 6:45,27.61876
2023-09-03 7:00,21.63535
2023-09-03 7:15,17.22415
2023-09-03 7:30,19.48427
2023-09-03 7:45,23.07786
2023-09-03 8:00,28.42148
2023-09-03 8:15,28.85094
2023-09-03 8:30,34.83447
2023-09-03 8:45,37.87075
2023-09-03 9:00,27.49336
2023-09-03 9:15,29.24418
2023-09-03 9:30,35.64837
2023-09-03 9:45,40.30601
2023-09-03 10:00,35.10554
2023-09-03 10:15,36.47247
2023-09-03 10:30,41.34068
2023-09-03 10:45,43.60446
2023-09-03 11:00,45.38936
2023-09-03 11:15,45.87361
2023-09-03 11:30,44.82265
2023-09-03 11:45,48.13866
2023-09-03 12:00,47.20326
2023-09-03 12:15,45.00115
2023-09-03 12:30,43.56261
2023-09-03 12:45,37.24775
2023-09-03 13:00,41.36811
2023-09-03 13:15,40.42052
2023-09-03 13:30,37.02487
2023-09-03 13:45,34.67246
2023-09-03 14:00,44.99726
2023-09-03 14:15,44.2698
2023-09-03 14:30,40.10161
2023-09-03 14:45,37.35812
2023-09-03 15:00,37.29688
2023-09-03 15:15,35.11726
2023-09-03 15:30,35.81715
2023-09-03 15:45,35.83198
2023-09-03 16:00,41.45379
2023-09-03 16:15,40.12613
2023-09-03 16:30,38.48499
2023-09-03 16:45,37.63789
2023-09-03 17:00,40.61962
2023-09-03 17:15,40.05995
2023-09-03 17:30,38.64442
2023-09-03 17:45,38.47342
2023-09-03 18:00,37.93493
2023-09-03 18:15,35.37014
2023-09-03 18:30,39.07135
2023-09-03 18:45,37.93861
2023-09-03 19:00,36.79205
2023-09-03 19:15,33.99074
2023-09-03 19:30,33.39043
2023-09-03 19:45,32.9873
2023-09-03 20:00,33.44473
2023-09-03 20:15,33.4481
2023-09-03 20:30,33.40036
2023-09-03 20:45,33.48199
2023-09-03 21:00,33.34467
2023-09-03 21:15,33.51279
2023-09-03 21:30,33.57434
2023-09-03 21:45,32.99
2023-09-03 22:00,37.44146
2023-09-03 22:15,37.62802
2023-09-03 22:30,35.27616
2023-09-03 22:45,33.85052
2023-09-03 23:00,31.96
2023-09-03 23:15,26.5777
2023-09-03 23:30,17.10968
2023-09-03 23:45,12.08769
2023-09-04 0:00,18.63516
2023-09-04 0:15,18.01155
2023-09-04 0:30,17.28655
2023-09-04 0:45,16.12232
2023-09-04 1:00,19.01375
2023-09-04 1:15,19.57845
2023-09-04 1:30,18.6566
2023-09-04 1:45,18.60281
2023-09-04 2:00,18.71666
2023-09-04 2:15,18.8889
2023-09-04 2:30,18.32325
2023-09-04 2:45,18.33437
2023-09-04 3:00,19.2998
2023-09-04 3:15,19.76296
2023-09-04 3:30,20.27738
2023-09-04 3:45,23.70767
2023-09-04 4:00,20.35294
2023-09-04 4:15,19.88876
2023-09-04 4:30,26.85282
2023-09-04 4:45,22.04542
2023-09-04 5:00,22.61916
2023-09-04 5:15,20.92724
2023-09-04 5:30,21.66163
2023-09-04 5:45,20.69489
2023-09-04 6:00,19.65253
2023-09-04 6:15,20.21131
2023-09-04 6:30,26.57297
2023-09-04 6:45,26.13161
2023-09-04 7:00,19.53733
2023-09-04 7:15,19.54677
2023-09-04 7:30,25.78769
2023-09-04 7:45,26.05046
2023-09-04 8:00,15.74682
2023-09-04 8:15,16.43638
2023-09-04 8:30,22.73538
2023-09-04 8:45,25.89383
2023-09-04 9:00,14.30146
2023-09-04 9:15,16.00065
2023-09-04 9:30,35.30233
2023-09-04 9:45,35.90247
2023-09-04 10:00,6.27572
2023-09-04 10:15,15.26354
2023-09-04 10:30,48.69376
2023-09-04 10:45,37.92605
2023-09-04 11:00,16.54674
2023-09-04 11:15,19.51679
2023-09-04 11:30,30.53803
2023-09-04 11:45,33.17236
2023-09-04 12:00,39.90798
2023-09-04 12:15,39.00469
2023-09-04 12:30,42.22948
2023-09-04 12:45,39.10997
2023-09-04 13:00,42.99995
2023-09-04 13:15,39.97115
2023-09-04 13:30,36.99581
2023-09-04 13:45,32.92749
2023-09-04 14:00,36.75535
2023-09-04 14:15,34.34946
2023-09-04 14:30,33.82307
2023-09-04 14:45,31.2922
2023-09-04 15:00,33.72877
2023-09-04 15:15,32.64719
2023-09-04 15:30,32.84896
2023-09-04 15:45,32.0432
2023-09-04 16:00,36.97276
2023-09-04 16:15,35.17183
2023-09-04 16:30,35.42079
2023-09-04 16:45,31.94992
2023-09-04 17:00,34.21296
2023-09-04 17:15,35.09279
2023-09-04 17:30,32.52402
2023-09-04 17:45,30.03653
2023-09-04 18:00,30.49356
2023-09-04 18:15,29.1363
2023-09-04 18:30,27.6313
2023-09-04 18:45,26.91563
2023-09-04 19:00,32.34214
2023-09-04 19:15,33.79778
2023-09-04 19:30,32.97592
2023-09-04 19:45,32.58769
2023-09-04 20:00,32.61288
2023-09-04 20:15,32.51864
2023-09-04 20:30,33.70699
2023-09-04 20:45,32.92903
2023-09-04 21:00,29.90191
2023-09-04 21:15,30.61427
2023-09-04 21:30,32.85252
2023-09-04 21:45,33.76939
2023-09-04 22:00,35.29067
2023-09-04 22:15,36.16918
2023-09-04 22:30,35.2611
2023-09-04 22:45,30.58342
2023-09-04 23:00,36.83123
2023-09-04 23:15,23.0709
2023-09-04 23:30,8.59453
2023-09-04 23:45,3.18677
2023-09-05 0:00,5.36918
2023-09-05 0:15,-0.48255
2023-09-05 0:30,-11.52702
2023-09-05 0:45,-14.08574
2023-09-05 1:00,-14.18322
2023-09-05 1:15,-14.54566
2023-09-05 1:30,-17.87526
2023-09-05 1:45,-26.95701
2023-09-05 2:00,-18.5488
2023-09-05 2:15,-15.11061
2023-09-05 2:30,-23.46761
2023-09-05 2:45,-25.75112
2023-09-05 3:00,-21.74806
2023-09-05 3:15,-17.68804
2023-09-05 3:30,-20.40428
2023-09-05 3:45,-25.6917
2023-09-05 4:00,-21.35662
2023-09-05 4:15,-25.68358
2023-09-05 4:30,-20.41678
2023-09-05 4:45,-27.44918
2023-09-05 5:00,-27.67173
2023-09-05 5:15,-28.29066
2023-09-05 5:30,-27.59392
2023-09-05 5:45,-27.67495
2023-09-05 6:00,-25.55195
2023-09-05 6:15,-22.64667
2023-09-05 6:30,-17.55483
2023-09-05 6:45,-16.80203
2023-09-05 7:00,-7.3935
2023-09-05 7:15,-4.84103
2023-09-05 7:30,8.5974
2023-09-05 7:45,13.16986
2023-09-05 8:00,-2.22655
2023-09-05 8:15,-1.79934
2023-09-05 8:30,16.54843
2023-09-05 8:45,14.20899
2023-09-05 9:00,13.41053
2023-09-05 9:15,17.78634
2023-09-05 9:30,36.31822
2023-09-05 9:45,47.07727
2023-09-05 10:00,39.59922
2023-09-05 10:15,41.99805
2023-09-05 10:30,51.9291
2023-09-05 10:45,74.87638
2023-09-05 11:00,68.84315
2023-09-05 11:15,68.1778
2023-09-05 11:30,110.27512
2023-09-05 11:45,96.9688
2023-09-05 12:00,60.99735
2023-09-05 12:15,61.4785
2023-09-05 12:30,61.22997
2023-09-05 12:45,40.80163
2023-09-05 13:00,46
2023-09-05 13:15,44.48963
2023-09-05 13:30,44.06661
2023-09-05 13:45,40.96518
2023-09-05 14:00,45.3526
2023-09-05 14:15,42.69518
2023-09-05 14:30,41.03478
2023-09-05 14:45,36.78141
2023-09-05 15:00,42.28393
2023-09-05 15:15,40.04442
2023-09-05 15:30,39.36637
2023-09-05 15:45,37.89119
2023-09-05 16:00,42.68142
2023-09-05 16:15,40.28578
2023-09-05 16:30,40.36508
2023-09-05 16:45,37.90527
2023-09-05 17:00,40.19337
2023-09-05 17:15,39.23968
2023-09-05 17:30,36.66256
2023-09-05 17:45,35.44558
2023-09-05 18:00,38.27004
2023-09-05 18:15,37.15819
2023-09-05 18:30,37.17242
2023-09-05 18:45,35.8643
2023-09-05 19:00,35.37766
2023-09-05 19:15,37.11765
2023-09-05 19:30,38.11386
2023-09-05 19:45,38.12526
2023-09-05 20:00,38.92078
2023-09-05 20:15,39.84551
2023-09-05 20:30,40.65396
2023-09-05 20:45,40.99205
2023-09-05 21:00,41.01819
2023-09-05 21:15,45.01388
2023-09-05 21:30,46.40285
2023-09-05 21:45,51.77081
2023-09-05 22:00,48.02985
2023-09-05 22:15,52.92628
2023-09-05 22:30,49.02737
2023-09-05 22:45,44.25647
2023-09-05 23:00,42.15643
2023-09-05 23:15,39.53884
2023-09-05 23:30,32.37694
2023-09-05 23:45,20.94756
2023-09-06 0:00,13.45049
2023-09-06 0:15,2.76684
2023-09-06 0:30,2.49707
2023-09-06 0:45,-0.00695
2023-09-06 1:00,3.80837
2023-09-06 1:15,4.19661
2023-09-06 1:30,2.71273
2023-09-06 1:45,1.03547
2023-09-06 2:00,1.24042
2023-09-06 2:15,1.05466
2023-09-06 2:30,-2.40036
2023-09-06 2:45,2.09037
2023-09-06 3:00,3.30995
2023-09-06 3:15,7.35988
2023-09-06 3:30,16.91275
2023-09-06 3:45,7.60209
2023-09-06 4:00,9.61461
2023-09-06 4:15,10.64725
2023-09-06 4:30,13.45553
2023-09-06 4:45,9.54676
2023-09-06 5:00,11.31454
2023-09-06 5:15,10.56256
2023-09-06 5:30,15.93329
2023-09-06 5:45,16.22555
2023-09-06 6:00,8.49978
2023-09-06 6:15,9.69438
2023-09-06 6:30,19.48017
2023-09-06 6:45,11.48537
2023-09-06 7:00,8.60729
2023-09-06 7:15,13.36438
2023-09-06 7:30,14.595
2023-09-06 7:45,17.86781
2023-09-06 8:00,9.24617
2023-09-06 8:15,10.79768
2023-09-06 8:30,16.13541
2023-09-06 8:45,12.30677
2023-09-06 9:00,19.61805
2023-09-06 9:15,24.27414
2023-09-06 9:30,48.78852
2023-09-06 9:45,73.09297
2023-09-06 10:00,51.61583
2023-09-06 10:15,64.67603
2023-09-06 10:30,85.81626
2023-09-06 10:45,92.25539
2023-09-06 11:00,111.23494
2023-09-06 11:15,119.86704
2023-09-06 11:30,108.7463
2023-09-06 11:45,92.48186
2023-09-06 12:00,84.17584
2023-09-06 12:15,85.90593
2023-09-06 12:30,73.83531
2023-09-06 12:45,53.86732
2023-09-06 13:00,57.85833
2023-09-06 13:15,53.04409
2023-09-06 13:30,46.0965
2023-09-06 13:45,38.08697
2023-09-06 14:00,52.48315
2023-09-06 14:15,47.60601
2023-09-06 14:30,44.41383
2023-09-06 14:45,41.12354
2023-09-06 15:00,50.67047
2023-09-06 15:15,45.73216
2023-09-06 15:30,44.71158
2023-09-06 15:45,40.56192
2023-09-06 16:00,46.75779
2023-09-06 16:15,42.12615
2023-09-06 16:30,41.64726
2023-09-06 16:45,39.54174
2023-09-06 17:00,42.38722
2023-09-06 17:15,41.23443
2023-09-06 17:30,40.98116
2023-09-06 17:45,38.7996
2023-09-06 18:00,38.36737
2023-09-06 18:15,38.51312
2023-09-06 18:30,37.45562
2023-09-06 18:45,36.15959
2023-09-06 19:00,37.79916
2023-09-06 19:15,37.63145
2023-09-06 19:30,37.92905
2023-09-06 19:45,37.93504
2023-09-06 20:00,37.5066
2023-09-06 20:15,37.4358
2023-09-06 20:30,39.36654
2023-09-06 20:45,41.55439
2023-09-06 21:00,41.30347
2023-09-06 21:15,44.24006
2023-09-06 21:30,49.63613
2023-09-06 21:45,53.05805
2023-09-06 22:00,54.75272
2023-09-06 22:15,53.81215
2023-09-06 22:30,52.57519
2023-09-06 22:45,52.13984
2023-09-06 23:00,58.35514
2023-09-06 23:15,44.53261
2023-09-06 23:30,31.34951
2023-09-06 23:45,19.38932
2023-09-07 0:00,31.56321
2023-09-07 0:15,24.47233
2023-09-07 0:30,23.46961
2023-09-07 0:45,16.18134
2023-09-07 1:00,20.4558
2023-09-07 1:15,15.63982
2023-09-07 1:30,21.3291
2023-09-07 1:45,24.35958
2023-09-07 2:00,20.52604
2023-09-07 2:15,20.07346
2023-09-07 2:30,11.45977
2023-09-07 2:45,10.83203
2023-09-07 3:00,6.0499
2023-09-07 3:15,8.98353
2023-09-07 3:30,9.82211
2023-09-07 3:45,13.878
2023-09-07 4:00,15.78402
2023-09-07 4:15,17.28883
2023-09-07 4:30,11.34508
2023-09-07 4:45,17.04732
2023-09-07 5:00,13.17463
2023-09-07 5:15,16.80535
2023-09-07 5:30,18.60608
2023-09-07 5:45,23.69922
2023-09-07 6:00,19.90478
2023-09-07 6:15,26.10614
2023-09-07 6:30,30.87607
2023-09-07 6:45,30.25036
2023-09-07 7:00,23.60717
2023-09-07 7:15,27.99229
2023-09-07 7:30,35.10398
2023-09-07 7:45,34.67291
2023-09-07 8:00,25.62257
2023-09-07 8:15,27.70565
2023-09-07 8:30,30.27581
2023-09-07 8:45,32.75694
2023-09-07 9:00,30.67085
2023-09-07 9:15,35.75434
2023-09-07 9:30,45.71704
2023-09-07 9:45,54.25726
2023-09-07 10:00,35.57524
2023-09-07 10:15,41.11019
2023-09-07 10:30,75.69301
2023-09-07 10:45,105.83872
2023-09-07 11:00,415.2332
2023-09-07 11:15,87.79147
2023-09-07 11:30,84.8522
2023-09-07 11:45,68.51609
2023-09-07 12:00,61.11574
2023-09-07 12:15,54.73552
2023-09-07 12:30,48.65127
2023-09-07 12:45,41.08817
2023-09-07 13:00,53.32438
2023-09-07 13:15,46.59673
2023-09-07 13:30,39.89382
2023-09-07 13:45,35.41442
2023-09-07 14:00,49.74779
2023-09-07 14:15,50.42053
2023-09-07 14:30,47.99457
2023-09-07 14:45,37.42435
2023-09-07 15:00,49.45656
2023-09-07 15:15,46.87593
2023-09-07 15:30,48.38661
2023-09-07 15:45,41.02573
2023-09-07 16:00,46.4341
2023-09-07 16:15,42.67171
2023-09-07 16:30,42.17043
2023-09-07 16:45,38.72215
2023-09-07 17:00,39.38397
2023-09-07 17:15,38.25709
2023-09-07 17:30,37.46033
2023-09-07 17:45,36.39934
2023-09-07 18:00,36.75696
2023-09-07 18:15,36.66638
2023-09-07 18:30,35.29639
2023-09-07 18:45,34.96738
2023-09-07 19:00,35.73522
2023-09-07 19:15,35.62744
2023-09-07 19:30,36.02673
2023-09-07 19:45,36.08106
2023-09-07 20:00,35.23205
2023-09-07 20:15,36.0843
2023-09-07 20:30,36.38478
2023-09-07 20:45,36.62951
2023-09-07 21:00,36.82596
2023-09-07 21:15,37.60665
2023-09-07 21:30,39.72584
2023-09-07 21:45,43.57548
2023-09-07 22:00,47.58907
2023-09-07 22:15,49.05947
2023-09-07 22:30,48.08758
2023-09-07 22:45,47.37713
2023-09-07 23:00,45.90115
2023-09-07 23:15,37.92681
2023-09-07 23:30,28.31238
2023-09-07 23:45,22.46617
2023-09-08 0:00,20.09259
2023-09-08 0:15,17.59296
2023-09-08 0:30,11.87027
2023-09-08 0:45,13.29203
2023-09-08 1:00,18.06084
2023-09-08 1:15,15.50892
2023-09-08 1:30,7.85694
2023-09-08 1:45,9.64954
2023-09-08 2:00,17.63434
2023-09-08 2:15,17.91762
2023-09-08 2:30,8.33901
2023-09-08 2:45,8.40226
2023-09-08 3:00,10.05993
2023-09-08 3:15,8.7833
2023-09-08 3:30,8.83569
2023-09-08 3:45,8.52834
2023-09-08 4:00,9.77647
2023-09-08 4:15,10.20393
2023-09-08 4:30,6.81304
2023-09-08 4:45,9.72431
2023-09-08 5:00,12.14297
2023-09-08 5:15,13.4139
2023-09-08 5:30,12.25387
2023-09-08 5:45,19.74806
2023-09-08 6:00,23.13899
2023-09-08 6:15,22.35078
2023-09-08 6:30,25.05154
2023-09-08 6:45,24.6691
2023-09-08 7:00,24.6691
2023-09-08 7:15,23.79543
2023-09-08 7:30,21.01151
2023-09-08 7:45,24.20786
2023-09-08 8:00,23.82016
2023-09-08 8:15,28.42911
2023-09-08 8:30,44.54544
2023-09-08 8:45,51.24724
2023-09-08 9:00,40.76485
2023-09-08 9:15,47.06259
2023-09-08 9:30,72.74754
2023-09-08 9:45,75.24522
2023-09-08 10:00,42.30436
2023-09-08 10:15,49.02577
2023-09-08 10:30,139.25816
2023-09-08 10:45,215.0848
2023-09-08 11:00,207.5901
2023-09-08 11:15,169.7471
2023-09-08 11:30,86.14785
2023-09-08 11:45,90.21837
2023-09-08 12:00,77.90008
2023-09-08 12:15,67.42763
2023-09-08 12:30,62.82151
2023-09-08 12:45,52.38252
2023-09-08 13:00,61.54869
2023-09-08 13:15,57.73374
2023-09-08 13:30,54.54548
2023-09-08 13:45,48.7093
2023-09-08 14:00,58.27217
2023-09-08 14:15,54.92371
2023-09-08 14:30,49.27396
2023-09-08 14:45,42.64501
2023-09-08 15:00,53.4342
2023-09-08 15:15,48.55024
2023-09-08 15:30,43.3302
2023-09-08 15:45,38.4751
2023-09-08 16:00,45.62531
2023-09-08 16:15,44.48451
2023-09-08 16:30,42.26799
2023-09-08 16:45,40.70015
2023-09-08 17:00,41.93944
2023-09-08 17:15,40.42235
2023-09-08 17:30,39.05771
2023-09-08 17:45,38.0296
2023-09-08 18:00,40.34532
2023-09-08 18:15,39.05123
2023-09-08 18:30,38.57817
2023-09-08 18:45,37.54689
2023-09-08 19:00,39.01181
2023-09-08 19:15,39.9072
2023-09-08 19:30,39.34786
2023-09-08 19:45,38.984
2023-09-08 20:00,40.87226
2023-09-08 20:15,41.77952
2023-09-08 20:30,41.59852
2023-09-08 20:45,43.38725
2023-09-08 21:00,41.58366
2023-09-08 21:15,43.72971
2023-09-08 21:30,45.75006
2023-09-08 21:45,46.49989
2023-09-08 22:00,50.37762
2023-09-08 22:15,53.72091
2023-09-08 22:30,54.20385
2023-09-08 22:45,51.85884
2023-09-08 23:00,52.19487
2023-09-08 23:15,45.07868
2023-09-08 23:30,30.17259
2023-09-08 23:45,26.40976
2023-09-09 0:00,29.36074
2023-09-09 0:15,26.65877
2023-09-09 0:30,15.36439
2023-09-09 0:45,13.00314
2023-09-09 1:00,16.13771
2023-09-09 1:15,15.2897
2023-09-09 1:30,13.13907
2023-09-09 1:45,11.03368
2023-09-09 2:00,13.38012
2023-09-09 2:15,13.94785
2023-09-09 2:30,14.56521
2023-09-09 2:45,14.12348
2023-09-09 3:00,14.44544
2023-09-09 3:15,13.75944
2023-09-09 3:30,20.08047
2023-09-09 3:45,20.72275
2023-09-09 4:00,22.56271
2023-09-09 4:15,25.16719
2023-09-09 4:30,27.71699
2023-09-09 4:45,28.25315
2023-09-09 5:00,26.55568
2023-09-09 5:15,28.59984
2023-09-09 5:30,38.98846
2023-09-09 5:45,44.18873
2023-09-09 6:00,27.38307
2023-09-09 6:15,40.53771
2023-09-09 6:30,45.21798
2023-09-09 6:45,59.12188
2023-09-09 7:00,44.21971
2023-09-09 7:15,48.05546
2023-09-09 7:30,63.07578
2023-09-09 7:45,65.06125
2023-09-09 8:00,49.30972
2023-09-09 8:15,64.73486
2023-09-09 8:30,81.45147
2023-09-09 8:45,88.64307
2023-09-09 9:00,66.92695
2023-09-09 9:15,73.08967
2023-09-09 9:30,83.88137
2023-09-09 9:45,91.48836
2023-09-09 10:00,89.88638
2023-09-09 10:15,91.05561
2023-09-09 10:30,239.90631
2023-09-09 10:45,770.57874
2023-09-09 11:00,618.8068
2023-09-09 11:15,587.45166
2023-09-09 11:30,606.50574
2023-09-09 11:45,577.64154
2023-09-09 12:00,108.72874
2023-09-09 12:15,90.97914
2023-09-09 12:30,90.7387
2023-09-09 12:45,71.22969
2023-09-09 13:00,82.42734
2023-09-09 13:15,77.73
2023-09-09 13:30,72.93132
2023-09-09 13:45,66.47892
2023-09-09 14:00,72.9388
2023-09-09 14:15,66.2576
2023-09-09 14:30,59.32237
2023-09-09 14:45,56.04362
2023-09-09 15:00,68.06783
2023-09-09 15:15,61.30047
2023-09-09 15:30,52.78789
2023-09-09 15:45,49.59914
2023-09-09 16:00,49.82
2023-09-09 16:15,45.90229
2023-09-09 16:30,48.82757
2023-09-09 16:45,45.12488
2023-09-09 17:00,49.26973
2023-09-09 17:15,47.56605
2023-09-09 17:30,45.67788
2023-09-09 17:45,44.69545
2023-09-09 18:00,49.19081
2023-09-09 18:15,49.06336
2023-09-09 18:30,45.30859
2023-09-09 18:45,43.42931
2023-09-09 19:00,47.77118
2023-09-09 19:15,43.6913
2023-09-09 19:30,43.35403
2023-09-09 19:45,43.12223
2023-09-09 20:00,43.03923
2023-09-09 20:15,43.38566
2023-09-09 20:30,43.23255
2023-09-09 20:45,43.72098
2023-09-09 21:00,47.0912
2023-09-09 21:15,48
2023-09-09 21:30,49.75957
2023-09-09 21:45,50.1182
2023-09-09 22:00,50.64747
2023-09-09 22:15,51.97283
2023-09-09 22:30,50.34972
2023-09-09 22:45,44.9738
2023-09-09 23:00,48.38987
2023-09-09 23:15,39.32446
2023-09-09 23:30,31.50576
2023-09-09 23:45,20.15359
2023-09-10 0:00,28.11345
2023-09-10 0:15,25.76242
2023-09-10 0:30,14.31417
2023-09-10 0:45,14.66214
2023-09-10 1:00,17.0783
2023-09-10 1:15,16.84125
2023-09-10 1:30,14.5882
2023-09-10 1:45,13.02984
2023-09-10 2:00,16.35504
2023-09-10 2:15,23.59727
2023-09-10 2:30,23.65541
2023-09-10 2:45,25.72101
2023-09-10 3:00,18.58584
2023-09-10 3:15,22.85975
2023-09-10 3:30,29.63593
2023-09-10 3:45,34.36378
2023-09-10 4:00,31.66474
2023-09-10 4:15,33.70249
2023-09-10 4:30,40.2254
2023-09-10 4:45,44.59957
2023-09-10 5:00,35.84035
2023-09-10 5:15,40.27001
2023-09-10 5:30,47.00452
2023-09-10 5:45,49.96773
2023-09-10 6:00,36.81816
2023-09-10 6:15,39.34996
2023-09-10 6:30,44.65446
2023-09-10 6:45,48.21548
2023-09-10 7:00,33.96894
2023-09-10 7:15,39.55365
2023-09-10 7:30,47.28025
2023-09-10 7:45,72.40645
2023-09-10 8:00,43.21823
2023-09-10 8:15,47.21392
2023-09-10 8:30,59.86834
2023-09-10 8:45,69.15758
2023-09-10 9:00,47.72343
2023-09-10 9:15,54.5306
2023-09-10 9:30,68.442
2023-09-10 9:45,79.4392
2023-09-10 10:00,66.82629
2023-09-10 10:15,90.8259
2023-09-10 10:30,80.53776
2023-09-10 10:45,115.26744
2023-09-10 11:00,80.4394
2023-09-10 11:15,82.24449
2023-09-10 11:30,97.46914
2023-09-10 11:45,81.56111
2023-09-10 12:00,80.72463
2023-09-10 12:15,82.38757
2023-09-10 12:30,83.69276
2023-09-10 12:45,77.64531
2023-09-10 13:00,76.87498
2023-09-10 13:15,79.19237
2023-09-10 13:30,71.27882
2023-09-10 13:45,80.81418
2023-09-10 14:00,71.64
2023-09-10 14:15,63.99762
2023-09-10 14:30,81.94788
2023-09-10 14:45,74.25937
2023-09-10 15:00,54.96372
2023-09-10 15:15,48.6751
2023-09-10 15:30,49.7776
2023-09-10 15:45,51.5676
2023-09-10 16:00,46.74025
2023-09-10 16:15,42.9968
2023-09-10 16:30,44.12481
2023-09-10 16:45,41.29154
2023-09-10 17:00,46.66557
2023-09-10 17:15,45.44917
2023-09-10 17:30,44.72376
2023-09-10 17:45,40.16663
2023-09-10 18:00,45.18278
2023-09-10 18:15,42.46738
2023-09-10 18:30,43.14442
2023-09-10 18:45,42.02584
2023-09-10 19:00,42.99306
2023-09-10 19:15,43.33399
2023-09-10 19:30,45.12539
2023-09-10 19:45,42.50661
2023-09-10 20:00,42.33448
2023-09-10 20:15,42.96154
2023-09-10 20:30,42.03835
2023-09-10 20:45,39.77786
2023-09-10 21:00,39.80086
2023-09-10 21:15,39.82153
2023-09-10 21:30,39.80501
2023-09-10 21:45,39.86268
2023-09-10 22:00,42.6212
2023-09-10 22:15,42.77382
2023-09-10 22:30,43.15161
2023-09-10 22:45,41.04
2023-09-10 23:00,45.01053
2023-09-10 23:15,40.23822
2023-09-10 23:30,37.80048
2023-09-10 23:45,37.05298
2023-09-11 0:00,47.00241
2023-09-11 0:15,47.35225
2023-09-11 0:30,48.4385
2023-09-11 0:45,59.12769
2023-09-11 1:00,50.56478
2023-09-11 1:15,48.93256
2023-09-11 1:30,48.87969
2023-09-11 1:45,47.1808
2023-09-11 2:00,46.42299
2023-09-11 2:15,43.53896
2023-09-11 2:30,40.62974
2023-09-11 2:45,43.69068
2023-09-11 3:00,43.60233
2023-09-11 3:15,39.46031
2023-09-11 3:30,39.2791
2023-09-11 3:45,38.35825
2023-09-11 4:00,25.66842
2023-09-11 4:15,27.008
2023-09-11 4:30,28.45181
2023-09-11 4:45,27.68538
2023-09-11 5:00,26.04311
2023-09-11 5:15,27.98011
2023-09-11 5:30,29.744
2023-09-11 5:45,33.24562
2023-09-11 6:00,34.17665
2023-09-11 6:15,30.35512
2023-09-11 6:30,31.71283
2023-09-11 6:45,42.63304
2023-09-11 7:00,29.27423
2023-09-11 7:15,33.18361
2023-09-11 7:30,37.43924
2023-09-11 7:45,35.99764
2023-09-11 8:00,28.59821
2023-09-11 8:15,29.87124
2023-09-11 8:30,36.09426
2023-09-11 8:45,64.85301
2023-09-11 9:00,46.52267
2023-09-11 9:15,62.16257
2023-09-11 9:30,83.68295
2023-09-11 9:45,94.18147
2023-09-11 10:00,68.21289
2023-09-11 10:15,82.21102
2023-09-11 10:30,92.53057
2023-09-11 10:45,978
2023-09-11 11:00,104.20188
2023-09-11 11:15,173.71715
2023-09-11 11:30,105.86624
2023-09-11 11:45,128.05603
2023-09-11 12:00,104.56297
2023-09-11 12:15,105.92627
2023-09-11 12:30,175.52998
2023-09-11 12:45,109.5126
2023-09-11 13:00,88.59891
2023-09-11 13:15,43.96074
2023-09-11 13:30,49.47895
2023-09-11 13:45,54.84298
2023-09-11 14:00,64.86173
2023-09-11 14:15,50.89869
2023-09-11 14:30,41.09029
2023-09-11 14:45,35.44519
2023-09-11 15:00,38.60062
2023-09-11 15:15,37.64641
2023-09-11 15:30,35.84866
2023-09-11 15:45,33.37813
2023-09-11 16:00,36.77965
2023-09-11 16:15,33.95016
2023-09-11 16:30,33.66062
2023-09-11 16:45,32.62792
2023-09-11 17:00,35.18519
2023-09-11 17:15,33.58513
2023-09-11 17:30,32.41666
2023-09-11 17:45,31.54238
2023-09-11 18:00,35.73142
2023-09-11 18:15,36.5623
2023-09-11 18:30,35.08231
2023-09-11 18:45,33.70215
2023-09-11 19:00,33.65989
2023-09-11 19:15,33.59688
2023-09-11 19:30,34.94457
2023-09-11 19:45,35.11184
2023-09-11 20:00,32.62993
2023-09-11 20:15,34.90155
2023-09-11 20:30,36.19566
2023-09-11 20:45,35.69365
2023-09-11 21:00,32.84629
2023-09-11 21:15,34.63434
2023-09-11 21:30,34.37596
2023-09-11 21:45,36.6173
2023-09-11 22:00,45.17862
2023-09-11 22:15,53.46321
2023-09-11 22:30,53.6096
2023-09-11 22:45,54.9676
2023-09-11 23:00,55.3013
2023-09-11 23:15,52.15587
2023-09-11 23:30,42.48017
2023-09-11 23:45,38.97385
2023-09-12 0:00,42.24183
2023-09-12 0:15,39.03173
2023-09-12 0:30,36.65859
2023-09-12 0:45,33.11109
2023-09-12 1:00,40.0717
2023-09-12 1:15,38.54051
2023-09-12 1:30,37.8912
2023-09-12 1:45,37.69705
2023-09-12 2:00,36.49577
2023-09-12 2:15,38.77993
2023-09-12 2:30,40.42365
2023-09-12 2:45,39.95684
2023-09-12 3:00,40.72492
2023-09-12 3:15,43.48739
2023-09-12 3:30,48.11044
2023-09-12 3:45,48.2943
2023-09-12 4:00,43.21565
2023-09-12 4:15,46.22431
2023-09-12 4:30,51.17203
2023-09-12 4:45,51.62611
2023-09-12 5:00,47.72566
2023-09-12 5:15,51.43525
2023-09-12 5:30,56.31399
2023-09-12 5:45,56.39053
2023-09-12 6:00,50.57786
2023-09-12 6:15,50.68331
2023-09-12 6:30,51.30426
2023-09-12 6:45,56.51982
2023-09-12 7:00,46.95128
2023-09-12 7:15,43.88105
2023-09-12 7:30,48.32071
2023-09-12 7:45,54.44999
2023-09-12 8:00,36.67101
2023-09-12 8:15,35.09206
2023-09-12 8:30,71.82243
2023-09-12 8:45,76.60538
2023-09-12 9:00,34.85017
2023-09-12 9:15,40.3363
2023-09-12 9:30,58.87448
2023-09-12 9:45,57.1758
2023-09-12 10:00,49.48243
2023-09-12 10:15,55.56318
2023-09-12 10:30,70.11215
2023-09-12 10:45,69.08969
2023-09-12 11:00,49.56884
2023-09-12 11:15,59.75884
2023-09-12 11:30,57.64913
2023-09-12 11:45,50.38655
2023-09-12 12:00,59.74164
2023-09-12 12:15,55.72426
2023-09-12 12:30,48.93505
2023-09-12 12:45,37.75294
2023-09-12 13:00,55.56974
2023-09-12 13:15,52.47859
2023-09-12 13:30,50.45262
2023-09-12 13:45,40.72689
2023-09-12 14:00,51.57627
2023-09-12 14:15,46.49112
2023-09-12 14:30,39.59374
2023-09-12 14:45,37.80478
2023-09-12 15:00,40.84907
2023-09-12 15:15,38.54627
2023-09-12 15:30,38.74938
2023-09-12 15:45,37.36702
2023-09-12 16:00,42.78707
2023-09-12 16:15,40.77936
2023-09-12 16:30,42.22011
2023-09-12 16:45,40.35449
2023-09-12 17:00,43.76048
2023-09-12 17:15,43.32011
2023-09-12 17:30,42.05528
2023-09-12 17:45,40.13977
2023-09-12 18:00,43.56337
2023-09-12 18:15,41.32868
2023-09-12 18:30,40.58521
2023-09-12 18:45,39.65355
2023-09-12 19:00,43.70585
2023-09-12 19:15,43.68242
2023-09-12 19:30,41.41347
2023-09-12 19:45,41.02272
2023-09-12 20:00,40.05097
2023-09-12 20:15,40.29046
2023-09-12 20:30,41.13552
2023-09-12 20:45,42.70797
2023-09-12 21:00,39.74995
2023-09-12 21:15,42.91996
2023-09-12 21:30,42.94329
2023-09-12 21:45,42.52524
2023-09-12 22:00,43.87573
2023-09-12 22:15,48.47986
2023-09-12 22:30,50.19806
2023-09-12 22:45,46.53249
2023-09-12 23:00,50.29335
2023-09-12 23:15,44.95593
2023-09-12 23:30,39.23858
2023-09-12 23:45,34.24554
2023-09-13 0:00,32.48902
2023-09-13 0:15,16.5478
2023-09-13 0:30,15.08677
2023-09-13 0:45,13.24849
2023-09-13 1:00,14.54383
2023-09-13 1:15,15.23559
2023-09-13 1:30,15.04553
2023-09-13 1:45,14.93301
2023-09-13 2:00,16.37787
2023-09-13 2:15,15.09859
2023-09-13 2:30,16.90098
2023-09-13 2:45,17.59215
2023-09-13 3:00,14.48947
2023-09-13 3:15,14.90895
2023-09-13 3:30,16.3835
2023-09-13 3:45,17.66805
2023-09-13 4:00,18.40277
2023-09-13 4:15,27.71636
2023-09-13 4:30,29.34636
2023-09-13 4:45,19.46787
2023-09-13 5:00,17.79962
2023-09-13 5:15,17.77272
2023-09-13 5:30,26.21481
2023-09-13 5:45,33.01383
2023-09-13 6:00,25.34322
2023-09-13 6:15,24.85509
2023-09-13 6:30,29.71708
2023-09-13 6:45,28.01411
2023-09-13 7:00,21.4676
2023-09-13 7:15,28.30462
2023-09-13 7:30,29.26792
2023-09-13 7:45,35.742
2023-09-13 8:00,29.12427
2023-09-13 8:15,29.95157
2023-09-13 8:30,33.31212
2023-09-13 8:45,36.05082
2023-09-13 9:00,30.51105
2023-09-13 9:15,38.69286
2023-09-13 9:30,45.59382
2023-09-13 9:45,57.89059
2023-09-13 10:00,43.14087
2023-09-13 10:15,52.2668
2023-09-13 10:30,54.24391
2023-09-13 10:45,61.4095
2023-09-13 11:00,60.21024
2023-09-13 11:15,60.18086
2023-09-13 11:30,59.69905
2023-09-13 11:45,58.99483
2023-09-13 12:00,63.70682
2023-09-13 12:15,56.94532
2023-09-13 12:30,52.46949
2023-09-13 12:45,44.48012
2023-09-13 13:00,49.06774
2023-09-13 13:15,44.6271
2023-09-13 13:30,44.06788
2023-09-13 13:45,42.89675
2023-09-13 14:00,46.94101
2023-09-13 14:15,44.25672
2023-09-13 14:30,40.83556
2023-09-13 14:45,40.82261
2023-09-13 15:00,45.29838
2023-09-13 15:15,42.41099
2023-09-13 15:30,41.59181
2023-09-13 15:45,39.03565
2023-09-13 16:00,44.58036
2023-09-13 16:15,41.07551
2023-09-13 16:30,40.89923
2023-09-13 16:45,39.9
2023-09-13 17:00,41.108
2023-09-13 17:15,42.25501
2023-09-13 17:30,40.35932
2023-09-13 17:45,39.368
2023-09-13 18:00,43.62714
2023-09-13 18:15,42.37269
2023-09-13 18:30,41.88041
2023-09-13 18:45,41.10013
2023-09-13 19:00,41.69128
2023-09-13 19:15,41.50065
2023-09-13 19:30,41.11683
2023-09-13 19:45,40.41642
2023-09-13 20:00,39.83566
2023-09-13 20:15,40.00825
2023-09-13 20:30,41.22667
2023-09-13 20:45,41.18113
2023-09-13 21:00,39.04211
2023-09-13 21:15,39.8325
2023-09-13 21:30,42.57875
2023-09-13 21:45,43.78223
2023-09-13 22:00,43.68108
2023-09-13 22:15,47.14444
2023-09-13 22:30,47.49667
2023-09-13 22:45,45.97797
2023-09-13 23:00,46.70838
2023-09-13 23:15,40.67033
2023-09-13 23:30,25.94457
2023-09-13 23:45,21.36526
2023-09-14 0:00,24.60815
2023-09-14 0:15,16.63023
2023-09-14 0:30,21.72875
2023-09-14 0:45,11.32285
2023-09-14 1:00,20.60824
2023-09-14 1:15,24.78113
2023-09-14 1:30,24.34089
2023-09-14 1:45,26.11534
2023-09-14 2:00,20.42905
2023-09-14 2:15,22.55017
2023-09-14 2:30,22.85188
2023-09-14 2:45,20.21079
2023-09-14 3:00,19.22392
2023-09-14 3:15,20.50421
2023-09-14 3:30,23.1258
2023-09-14 3:45,18.25254
2023-09-14 4:00,17.9871
2023-09-14 4:15,17.41414
2023-09-14 4:30,24.29566
2023-09-14 4:45,25.71144
2023-09-14 5:00,17.07707
2023-09-14 5:15,20.36531
2023-09-14 5:30,16.66709
2023-09-14 5:45,22.56563
2023-09-14 6:00,8.18497
2023-09-14 6:15,11.67967
2023-09-14 6:30,21.54542
2023-09-14 6:45,30.0716
2023-09-14 7:00,30.0716
2023-09-14 7:15,30.0716
2023-09-14 7:30,26.06774
2023-09-14 7:45,28.38743
2023-09-14 8:00,22.83123
2023-09-14 8:15,24.02791
2023-09-14 8:30,27.87353
2023-09-14 8:45,30.17223
2023-09-14 9:00,29.01452
2023-09-14 9:15,43.69418
2023-09-14 9:30,54.68848
2023-09-14 9:45,77.55341
2023-09-14 10:00,59.54788
2023-09-14 10:15,70.54913
2023-09-14 10:30,82.80464
2023-09-14 10:45,85.73715
2023-09-14 11:00,81.26876
2023-09-14 11:15,81.3574
2023-09-14 11:30,82.08779
2023-09-14 11:45,75.96486
2023-09-14 12:00,75
2023-09-14 12:15,74.9988
2023-09-14 12:30,79.12129
2023-09-14 12:45,55.0816
2023-09-14 13:00,56.78048
2023-09-14 13:15,54.23638
2023-09-14 13:30,52.51646
2023-09-14 13:45,51.2367
2023-09-14 14:00,53.3186
2023-09-14 14:15,52.54279
2023-09-14 14:30,49.24496
2023-09-14 14:45,46.88277
2023-09-14 15:00,49.3909
2023-09-14 15:15,47.02352
2023-09-14 15:30,43.92293
2023-09-14 15:45,40.49031
2023-09-14 16:00,53.58421
2023-09-14 16:15,49.73338
2023-09-14 16:30,49.40347
2023-09-14 16:45,49.19072
2023-09-14 17:00,49.38697
2023-09-14 17:15,49.1848
2023-09-14 17:30,45.45478
2023-09-14 17:45,44.37212
2023-09-14 18:00,46.27705
2023-09-14 18:15,45.77222
2023-09-14 18:30,45.4835
2023-09-14 18:45,44.53854
2023-09-14 19:00,43.57764
2023-09-14 19:15,44.20883
2023-09-14 19:30,43.38151
2023-09-14 19:45,43.33707
2023-09-14 20:00,44.18177
2023-09-14 20:15,45.44761
2023-09-14 20:30,46.47845
2023-09-14 20:45,46.63271
2023-09-14 21:00,47.44007
2023-09-14 21:15,47.8406
2023-09-14 21:30,48.82
2023-09-14 21:45,50.00194
2023-09-14 22:00,51.52
2023-09-14 22:15,54.57139
2023-09-14 22:30,54.1674
2023-09-14 22:45,54.24419
2023-09-14 23:00,53.31649
2023-09-14 23:15,49.11394
2023-09-14 23:30,35.94267
2023-09-14 23:45,28.85265
2023-09-15 0:00,30.7136
2023-09-15 0:15,25.32091
2023-09-15 0:30,22.85126
2023-09-15 0:45,21.87623
2023-09-15 1:00,27.00802
2023-09-15 1:15,24.14331
2023-09-15 1:30,22.93231
2023-09-15 1:45,23.02116
2023-09-15 2:00,22.49265
2023-09-15 2:15,20.50214
2023-09-15 2:30,20.61615
2023-09-15 2:45,19.33495
2023-09-15 3:00,19.34593
2023-09-15 3:15,19.41854
2023-09-15 3:30,21.56544
2023-09-15 3:45,18.81717
2023-09-15 4:00,18.39892
2023-09-15 4:15,19.65458
2023-09-15 4:30,20.58731
2023-09-15 4:45,23.20261
2023-09-15 5:00,22.18993
2023-09-15 5:15,23.01601
2023-09-15 5:30,24.29198
2023-09-15 5:45,27.43944
2023-09-15 6:00,20.22496
2023-09-15 6:15,21.77939
2023-09-15 6:30,25.84661
2023-09-15 6:45,28.93411
2023-09-15 7:00,25.8572
2023-09-15 7:15,25.94406
2023-09-15 7:30,36.92233
2023-09-15 7:45,39.21152
2023-09-15 8:00,26.05361
2023-09-15 8:15,22.83866
2023-09-15 8:30,45.43175
2023-09-15 8:45,39.54833
2023-09-15 9:00,46.26473
2023-09-15 9:15,48.80624
2023-09-15 9:30,82.41228
2023-09-15 9:45,91.24385
2023-09-15 10:00,79.66537
2023-09-15 10:15,92.07017
2023-09-15 10:30,92.94902
2023-09-15 10:45,196.64348
2023-09-15 11:00,102.97126
2023-09-15 11:15,102.52996
2023-09-15 11:30,95.14061
2023-09-15 11:45,86.83284
2023-09-15 12:00,85.22091
2023-09-15 12:15,83.88375
2023-09-15 12:30,78.58463
2023-09-15 12:45,58.9557
2023-09-15 13:00,68.50639
2023-09-15 13:15,67.00814
2023-09-15 13:30,55.30109
2023-09-15 13:45,60.36673
2023-09-15 14:00,66.58354
2023-09-15 14:15,62.5696
2023-09-15 14:30,52.70046
2023-09-15 14:45,49.30138
2023-09-15 15:00,52.42108
2023-09-15 15:15,50.02976
2023-09-15 15:30,52.33862
2023-09-15 15:45,49.05493
2023-09-15 16:00,55.08598
2023-09-15 16:15,49.58154
2023-09-15 16:30,48.91837
2023-09-15 16:45,48.07504
2023-09-15 17:00,49.84218
2023-09-15 17:15,48.77314
2023-09-15 17:30,47.27081
2023-09-15 17:45,47.8396
2023-09-15 18:00,49.54921
2023-09-15 18:15,46.68734
2023-09-15 18:30,46.70134
2023-09-15 18:45,44.90425
2023-09-15 19:00,46.10558
2023-09-15 19:15,44.99911
2023-09-15 19:30,44.42825
2023-09-15 19:45,45.81629
2023-09-15 20:00,45.17751
2023-09-15 20:15,45.36736
2023-09-15 20:30,46.41543
2023-09-15 20:45,49.84796
2023-09-15 21:00,50.22156
2023-09-15 21:15,56.92876
2023-09-15 21:30,54.91239
2023-09-15 21:45,57.86091
2023-09-15 22:00,66.20555
2023-09-15 22:15,68.73672
2023-09-15 22:30,72.03592
2023-09-15 22:45,69.47896
2023-09-15 23:00,62.87821
2023-09-15 23:15,51.31783
2023-09-15 23:30,41.03687
2023-09-15 23:45,27.32873
2023-09-16 0:00,28.07855
2023-09-16 0:15,24.66983
2023-09-16 0:30,19.03324
2023-09-16 0:45,17.30014
2023-09-16 1:00,24.98445
2023-09-16 1:15,31.93339
2023-09-16 1:30,28.02365
2023-09-16 1:45,31.34225
2023-09-16 2:00,35.44915
2023-09-16 2:15,36.81304
2023-09-16 2:30,36.66792
2023-09-16 2:45,36.73249
2023-09-16 3:00,34.47694
2023-09-16 3:15,36.24443
2023-09-16 3:30,35.90579
2023-09-16 3:45,36.71725
2023-09-16 4:00,34.52108
2023-09-16 4:15,36.12044
2023-09-16 4:30,38.1386
2023-09-16 4:45,34.16035
2023-09-16 5:00,30.24909
2023-09-16 5:15,30.57686
2023-09-16 5:30,33.2985
2023-09-16 5:45,25.33376
2023-09-16 6:00,30.11681
2023-09-16 6:15,30.36585
2023-09-16 6:30,32.95158
2023-09-16 6:45,38.03444
2023-09-16 7:00,26.99103
2023-09-16 7:15,30.57143
2023-09-16 7:30,45.46392
2023-09-16 7:45,50.59424
2023-09-16 8:00,32.78436
2023-09-16 8:15,31.51626
2023-09-16 8:30,53.06405
2023-09-16 8:45,63.83034
2023-09-16 9:00,55.84735
2023-09-16 9:15,69.1468
2023-09-16 9:30,87.854
2023-09-16 9:45,95.62855
2023-09-16 10:00,78.81246
2023-09-16 10:15,87.83809
2023-09-16 10:30,88.42913
2023-09-16 10:45,124.69116
2023-09-16 11:00,89.04716
2023-09-16 11:15,88.20446
2023-09-16 11:30,88.29416
2023-09-16 11:45,74.46645
2023-09-16 12:00,86.40666
2023-09-16 12:15,82.43003
2023-09-16 12:30,84.36727
2023-09-16 12:45,60.06229
2023-09-16 13:00,69.46052
2023-09-16 13:15,65.65902
2023-09-16 13:30,59.56629
2023-09-16 13:45,54.29359
2023-09-16 14:00,61.69959
2023-09-16 14:15,54.02235
2023-09-16 14:30,50.17305
2023-09-16 14:45,49.44076
2023-09-16 15:00,60.745
2023-09-16 15:15,50.15147
2023-09-16 15:30,49.73998
2023-09-16 15:45,47.70079
2023-09-16 16:00,53.28541
2023-09-16 16:15,49.80222
2023-09-16 16:30,47.56596
2023-09-16 16:45,47.50691
2023-09-16 17:00,47.74355
2023-09-16 17:15,45.06467
2023-09-16 17:30,44.76957
2023-09-16 17:45,44.55364
2023-09-16 18:00,51.07284
2023-09-16 18:15,46.49219
2023-09-16 18:30,46.18507
2023-09-16 18:45,44.39461
2023-09-16 19:00,45.02763
2023-09-16 19:15,45.69384
2023-09-16 19:30,44.28984
2023-09-16 19:45,44.08116
2023-09-16 20:00,44.16305
2023-09-16 20:15,44.0283
2023-09-16 20:30,44.01033
2023-09-16 20:45,44.07307
2023-09-16 21:00,44.03335
2023-09-16 21:15,44.02878
2023-09-16 21:30,44.20318
2023-09-16 21:45,44.9209
2023-09-16 22:00,44.0167
2023-09-16 22:15,45.54189
2023-09-16 22:30,45.34684
2023-09-16 22:45,43.41532
2023-09-16 23:00,41.0699
2023-09-16 23:15,35.60985
2023-09-16 23:30,27.87968
2023-09-16 23:45,20.20826
2023-09-17 0:00,21.38156
2023-09-17 0:15,19.08632
2023-09-17 0:30,11.56265
2023-09-17 0:45,5.51874
2023-09-17 1:00,18.6218
2023-09-17 1:15,19.4307
2023-09-17 1:30,11.02113
2023-09-17 1:45,7.89302
2023-09-17 2:00,1.2476
2023-09-17 2:15,1.45082
2023-09-17 2:30,5.52433
2023-09-17 2:45,0.37151
2023-09-17 3:00,9.02172
2023-09-17 3:15,10.72773
2023-09-17 3:30,9.69081
2023-09-17 3:45,9.58469
2023-09-17 4:00,9.69704
2023-09-17 4:15,10.59596
2023-09-17 4:30,11.24693
2023-09-17 4:45,12.15585
2023-09-17 5:00,11.94998
2023-09-17 5:15,11.3551
2023-09-17 5:30,12.24379
2023-09-17 5:45,12.43482
2023-09-17 6:00,14.45361
2023-09-17 6:15,15.8592
2023-09-17 6:30,21.16941
2023-09-17 6:45,21.96781
2023-09-17 7:00,15.23185
2023-09-17 7:15,15.38851
2023-09-17 7:30,26.68849
2023-09-17 7:45,29.27775
2023-09-17 8:00,17.58845
2023-09-17 8:15,22.18391
2023-09-17 8:30,28.13078
2023-09-17 8:45,32.59135
2023-09-17 9:00,31.28827
2023-09-17 9:15,40.1053
2023-09-17 9:30,49.51294
2023-09-17 9:45,63.72517
2023-09-17 10:00,47.3758
2023-09-17 10:15,52.59899
2023-09-17 10:30,55.39761
2023-09-17 10:45,56.25793
2023-09-17 11:00,55.86889
2023-09-17 11:15,53.04665
2023-09-17 11:30,55.22788
2023-09-17 11:45,54.44621
2023-09-17 12:00,57.15865
2023-09-17 12:15,56.18163
2023-09-17 12:30,55.15794
2023-09-17 12:45,42.46129
2023-09-17 13:00,43.78839
2023-09-17 13:15,43.25289
2023-09-17 13:30,43.10347
2023-09-17 13:45,41.04622
2023-09-17 14:00,43.82837
2023-09-17 14:15,40.33107
2023-09-17 14:30,38.59279
2023-09-17 14:45,37.38873
2023-09-17 15:00,43.47265
2023-09-17 15:15,39.28606
2023-09-17 15:30,37.58509
2023-09-17 15:45,35.56451
2023-09-17 16:00,42.95431
2023-09-17 16:15,41.99719
2023-09-17 16:30,41.15811
2023-09-17 16:45,38.72656
2023-09-17 17:00,42.31145
2023-09-17 17:15,40.67934
2023-09-17 17:30,38.49548
2023-09-17 17:45,38.05813
2023-09-17 18:00,39.11245
2023-09-17 18:15,38.55435
2023-09-17 18:30,38.37581
2023-09-17 18:45,38.47044
2023-09-17 19:00,38.41113
2023-09-17 19:15,38.27876
2023-09-17 19:30,38.42205
2023-09-17 19:45,37.75999
2023-09-17 20:00,36.97167
2023-09-17 20:15,36.90903
2023-09-17 20:30,36.87188
2023-09-17 20:45,37.20593
2023-09-17 21:00,37.45344
2023-09-17 21:15,38.25631
2023-09-17 21:30,38.60776
2023-09-17 21:45,38.70608
2023-09-17 22:00,40.312
2023-09-17 22:15,41.76497
2023-09-17 22:30,40.96559
2023-09-17 22:45,37.93002
2023-09-17 23:00,38.38613
2023-09-17 23:15,35.10279
2023-09-17 23:30,20.57909
2023-09-17 23:45,17.52728
2023-09-18 0:00,18.04856
2023-09-18 0:15,16.97395
2023-09-18 0:30,16.89848
2023-09-18 0:45,15.47406
2023-09-18 1:00,19.54121
2023-09-18 1:15,19.50897
2023-09-18 1:30,17.82271
2023-09-18 1:45,17.83429
2023-09-18 2:00,17.31564
2023-09-18 2:15,17.46691
2023-09-18 2:30,17.28176
2023-09-18 2:45,16.91806
2023-09-18 3:00,17.56976
2023-09-18 3:15,18.97906
2023-09-18 3:30,19.42825
2023-09-18 3:45,19.99324
2023-09-18 4:00,19.47224
2023-09-18 4:15,19.95178
2023-09-18 4:30,21.16603
2023-09-18 4:45,21.18719
2023-09-18 5:00,18.35017
2023-09-18 5:15,19.67635
2023-09-18 5:30,21.05081
2023-09-18 5:45,22.48799
2023-09-18 6:00,20.65156
2023-09-18 6:15,25.66794
2023-09-18 6:30,26.47297
2023-09-18 6:45,28.02482
2023-09-18 7:00,20.36967
2023-09-18 7:15,19.82198
2023-09-18 7:30,24.344
2023-09-18 7:45,27.10886
2023-09-18 8:00,18.83704
2023-09-18 8:15,19.99536
2023-09-18 8:30,29.4539
2023-09-18 8:45,31.37707
2023-09-18 9:00,23.3166
2023-09-18 9:15,29.88693
2023-09-18 9:30,37.60333
2023-09-18 9:45,61.30626
2023-09-18 10:00,41.62794
2023-09-18 10:15,51.25198
2023-09-18 10:30,51.09907
2023-09-18 10:45,54.57652
2023-09-18 11:00,52.9246
2023-09-18 11:15,61.55974
2023-09-18 11:30,52.67432
2023-09-18 11:45,52.67016
2023-09-18 12:00,61.13001
2023-09-18 12:15,52.5997
2023-09-18 12:30,51.87978
2023-09-18 12:45,39.86464
2023-09-18 13:00,47.67399
2023-09-18 13:15,46.56792
2023-09-18 13:30,44.53887
2023-09-18 13:45,38.91499
2023-09-18 14:00,41.22718
2023-09-18 14:15,39.27625
2023-09-18 14:30,37.86663
2023-09-18 14:45,34.58206
2023-09-18 15:00,38.38926
2023-09-18 15:15,36.89319
2023-09-18 15:30,35.56078
2023-09-18 15:45,32.10823
2023-09-18 16:00,32.06303
2023-09-18 16:15,31.52349
2023-09-18 16:30,31.62529
2023-09-18 16:45,31.50433
2023-09-18 17:00,35.35813
2023-09-18 17:15,34.337
2023-09-18 17:30,32.83454
2023-09-18 17:45,31.72606
2023-09-18 18:00,33.35764
2023-09-18 18:15,32.34734
2023-09-18 18:30,32.43144
2023-09-18 18:45,32.36986
2023-09-18 19:00,32.67626
2023-09-18 19:15,32.85048
2023-09-18 19:30,33.32423
2023-09-18 19:45,33.38408
2023-09-18 20:00,31.9453
2023-09-18 20:15,32.12996
2023-09-18 20:30,33.28824
2023-09-18 20:45,33.40604
2023-09-18 21:00,31.93017
2023-09-18 21:15,33.8506
2023-09-18 21:30,36.63442
2023-09-18 21:45,37.00801
2023-09-18 22:00,33.148
2023-09-18 22:15,34.6075
2023-09-18 22:30,36.98528
2023-09-18 22:45,36.56348
2023-09-18 23:00,37.33085
2023-09-18 23:15,33.93582
2023-09-18 23:30,26.6744
2023-09-18 23:45,17.97793
2023-09-19 0:00,22.88067
2023-09-19 0:15,18.64624
2023-09-19 0:30,17.77844
2023-09-19 0:45,16.59407
2023-09-19 1:00,19.02081
2023-09-19 1:15,18.58897
2023-09-19 1:30,17.99407
2023-09-19 1:45,16.90844
2023-09-19 2:00,16.96862
2023-09-19 2:15,16.07639
2023-09-19 2:30,13.00259
2023-09-19 2:45,12.89174
2023-09-19 3:00,12.90115
2023-09-19 3:15,15.67549
2023-09-19 3:30,15.86625
2023-09-19 3:45,15.45275
2023-09-19 4:00,15.65533
2023-09-19 4:15,15.69616
2023-09-19 4:30,15.93484
2023-09-19 4:45,9.83612
2023-09-19 5:00,10.0667
2023-09-19 5:15,10.48464
2023-09-19 5:30,12.25044
2023-09-19 5:45,13.39807
2023-09-19 6:00,16.32287
2023-09-19 6:15,17.50728
2023-09-19 6:30,18.48147
2023-09-19 6:45,18.74377
2023-09-19 7:00,17.14682
2023-09-19 7:15,17.91144
2023-09-19 7:30,20.80126
2023-09-19 7:45,24.82944
2023-09-19 8:00,16.95982
2023-09-19 8:15,18.79561
2023-09-19 8:30,23.71439
2023-09-19 8:45,25.72117
2023-09-19 9:00,18.52975
2023-09-19 9:15,27.1155
2023-09-19 9:30,50.03191
2023-09-19 9:45,66.57075
2023-09-19 10:00,50.99407
2023-09-19 10:15,56.5347
2023-09-19 10:30,63.69536
2023-09-19 10:45,76.20155
2023-09-19 11:00,55.59151
2023-09-19 11:15,66.16323
2023-09-19 11:30,66.12295
2023-09-19 11:45,67.60192
2023-09-19 12:00,65.66005
2023-09-19 12:15,60.51231
2023-09-19 12:30,54.4054
2023-09-19 12:45,46.59846
2023-09-19 13:00,50.83359
2023-09-19 13:15,45.71215
2023-09-19 13:30,44.64061
2023-09-19 13:45,43.40448
2023-09-19 14:00,49.03163
2023-09-19 14:15,48.63861
2023-09-19 14:30,45.14348
2023-09-19 14:45,39.78308
2023-09-19 15:00,45.80448
2023-09-19 15:15,42.06126
2023-09-19 15:30,39.28264
2023-09-19 15:45,37.64351
2023-09-19 16:00,39.3443
2023-09-19 16:15,37.26705
2023-09-19 16:30,37.27936
2023-09-19 16:45,36.87889
2023-09-19 17:00,37.39208
2023-09-19 17:15,37.124
2023-09-19 17:30,37.24458
2023-09-19 17:45,35.04496
2023-09-19 18:00,38.33397
2023-09-19 18:15,37.83241
2023-09-19 18:30,37.56691
2023-09-19 18:45,37.26132
2023-09-19 19:00,36.83651
2023-09-19 19:15,37.1213
2023-09-19 19:30,37.24521
2023-09-19 19:45,37.41563
2023-09-19 20:00,37.6993
2023-09-19 20:15,38.147
2023-09-19 20:30,38.55908
2023-09-19 20:45,40.20371
2023-09-19 21:00,39.65267
2023-09-19 21:15,43.18134
2023-09-19 21:30,48.11131
2023-09-19 21:45,48.29599
2023-09-19 22:00,46.75834
2023-09-19 22:15,48.24571
2023-09-19 22:30,48.91161
2023-09-19 22:45,48.85414
2023-09-19 23:00,50.52107
2023-09-19 23:15,41.89761
2023-09-19 23:30,24.50506
2023-09-19 23:45,17.9542
2023-09-20 0:00,17.87185
2023-09-20 0:15,13.52677
2023-09-20 0:30,9.81517
2023-09-20 0:45,-0.40044
2023-09-20 1:00,8.15296
2023-09-20 1:15,9.33499
2023-09-20 1:30,9.60961
2023-09-20 1:45,8.95981
2023-09-20 2:00,5.53074
2023-09-20 2:15,4.26157
2023-09-20 2:30,2.31958
2023-09-20 2:45,-0.24747
2023-09-20 3:00,0.1261
2023-09-20 3:15,0.02161
2023-09-20 3:30,-0.37202
2023-09-20 3:45,-0.95788
2023-09-20 4:00,-0.90324
2023-09-20 4:15,0.20614
2023-09-20 4:30,2.92811
2023-09-20 4:45,3.30944
2023-09-20 5:00,2.51653
2023-09-20 5:15,7.91585
2023-09-20 5:30,8.88895
2023-09-20 5:45,6.91763
2023-09-20 6:00,8.61474
2023-09-20 6:15,10.60811
2023-09-20 6:30,11.79814
2023-09-20 6:45,12.01077
2023-09-20 7:00,11.49838
2023-09-20 7:15,12.73628
2023-09-20 7:30,12.07568
2023-09-20 7:45,16.32276
2023-09-20 8:00,12.41843
2023-09-20 8:15,12.99438
2023-09-20 8:30,21.9072
2023-09-20 8:45,30.90363
2023-09-20 9:00,26.11731
2023-09-20 9:15,32.45541
2023-09-20 9:30,53.05896
2023-09-20 9:45,76.87936
2023-09-20 10:00,54.17935
2023-09-20 10:15,63.79988
2023-09-20 10:30,72.92159
2023-09-20 10:45,88.2761
2023-09-20 11:00,57.44394
2023-09-20 11:15,55
2023-09-20 11:30,53
2023-09-20 11:45,64.23403
2023-09-20 12:00,59.73745
2023-09-20 12:15,53.83551
2023-09-20 12:30,52.8374
2023-09-20 12:45,43.45027
2023-09-20 13:00,48.81537
2023-09-20 13:15,45.17979
2023-09-20 13:30,44.69539
2023-09-20 13:45,43.05565
2023-09-20 14:00,46.96729
2023-09-20 14:15,43.02097
2023-09-20 14:30,41.20381
2023-09-20 14:45,38.87101
2023-09-20 15:00,42.98655
2023-09-20 15:15,40.8734
2023-09-20 15:30,39.30089
2023-09-20 15:45,37.80017
2023-09-20 16:00,42.67942
2023-09-20 16:15,39.58747
2023-09-20 16:30,40.97894
2023-09-20 16:45,39.15529
2023-09-20 17:00,42.75236
2023-09-20 17:15,41.53949
2023-09-20 17:30,38.80225
2023-09-20 17:45,37.79569
2023-09-20 18:00,40.41449
2023-09-20 18:15,40.31199
2023-09-20 18:30,40.16913
2023-09-20 18:45,38.63819
2023-09-20 19:00,39.37316
2023-09-20 19:15,38.64319
2023-09-20 19:30,39.39145
2023-09-20 19:45,38.88706
2023-09-20 20:00,37.63497
2023-09-20 20:15,37.88877
2023-09-20 20:30,40.19338
2023-09-20 20:45,40.01134
2023-09-20 21:00,36.8381
2023-09-20 21:15,38.26593
2023-09-20 21:30,42.55582
2023-09-20 21:45,44.0573
2023-09-20 22:00,42.42996
2023-09-20 22:15,44.30175
2023-09-20 22:30,45.99483
2023-09-20 22:45,44.73994
2023-09-20 23:00,47.81703
2023-09-20 23:15,42.38208
2023-09-20 23:30,35.12656
2023-09-20 23:45,18.07793
2023-09-21 0:00,28.77949
2023-09-21 0:15,17.27969
2023-09-21 0:30,15.15221
2023-09-21 0:45,11.80482
2023-09-21 1:00,12.25101
2023-09-21 1:15,11.01802
2023-09-21 1:30,10.26721
2023-09-21 1:45,6.44613
2023-09-21 2:00,11.23853
2023-09-21 2:15,11.01796
2023-09-21 2:30,10.5398
2023-09-21 2:45,9.25882
2023-09-21 3:00,7.24497
2023-09-21 3:15,8.7973
2023-09-21 3:30,6.93987
2023-09-21 3:45,7.0025
2023-09-21 4:00,8.29214
2023-09-21 4:15,9.11183
2023-09-21 4:30,8.03925
2023-09-21 4:45,7.93214
2023-09-21 5:00,7.45487
2023-09-21 5:15,7.6475
2023-09-21 5:30,8.59017
2023-09-21 5:45,9.90566
2023-09-21 6:00,9.3267
2023-09-21 6:15,10.30946
2023-09-21 6:30,10.08065
2023-09-21 6:45,9.18727
2023-09-21 7:00,11.8025
2023-09-21 7:15,12.64792
2023-09-21 7:30,14.57709
2023-09-21 7:45,12.74091
2023-09-21 8:00,8.24105
2023-09-21 8:15,9.84603
2023-09-21 8:30,16.44151
2023-09-21 8:45,19.18622
2023-09-21 9:00,16.11049
2023-09-21 9:15,22.96162
2023-09-21 9:30,49.83842
2023-09-21 9:45,65.47136
2023-09-21 10:00,46.54464
2023-09-21 10:15,53.051
2023-09-21 10:30,54.61359
2023-09-21 10:45,70.77207
2023-09-21 11:00,52.35732
2023-09-21 11:15,61.84512
2023-09-21 11:30,51.85797
2023-09-21 11:45,51.98303
2023-09-21 12:00,47.60398
2023-09-21 12:15,46.61139
2023-09-21 12:30,49.08834
2023-09-21 12:45,42.13984
2023-09-21 13:00,49.49
2023-09-21 13:15,49.12134
2023-09-21 13:30,50
2023-09-21 13:45,49.405
2023-09-21 14:00,50.7152
2023-09-21 14:15,49.00875
2023-09-21 14:30,43.8088
2023-09-21 14:45,39.93
2023-09-21 15:00,44.29585
2023-09-21 15:15,42.12733
2023-09-21 15:30,43.34157
2023-09-21 15:45,40.27468
2023-09-21 16:00,45.09823
2023-09-21 16:15,43.4
2023-09-21 16:30,42.0404
2023-09-21 16:45,38.99514
2023-09-21 17:00,43.37
2023-09-21 17:15,42.86
2023-09-21 17:30,40.3988
2023-09-21 17:45,36.21712
2023-09-21 18:00,40
2023-09-21 18:15,39.27
2023-09-21 18:30,36
2023-09-21 18:45,35.82
2023-09-21 19:00,35.75
2023-09-21 19:15,35.75
2023-09-21 19:30,35.30048
2023-09-21 19:45,35.2188
2023-09-21 20:00,34.54
2023-09-21 20:15,35.30048
2023-09-21 20:30,35.75
2023-09-21 20:45,36.5312
2023-09-21 21:00,35.78692
2023-09-21 21:15,38.33652
2023-09-21 21:30,42.24584
2023-09-21 21:45,45.57638
2023-09-21 22:00,48.7029
2023-09-21 22:15,50.53047
2023-09-21 22:30,59.21579
2023-09-21 22:45,53.00816
2023-09-21 23:00,66.47392
2023-09-21 23:15,48.40261
2023-09-21 23:30,38.91174
2023-09-21 23:45,26.38995
2023-09-22 0:00,33.03339
2023-09-22 0:15,22.02769
2023-09-22 0:30,18.50727
2023-09-22 0:45,7.12162
2023-09-22 1:00,11.44383
2023-09-22 1:15,10.39426
2023-09-22 1:30,5.89006
2023-09-22 1:45,-0.3868
2023-09-22 2:00,6.48127
2023-09-22 2:15,6.34074
2023-09-22 2:30,6.76601
2023-09-22 2:45,7.32095
2023-09-22 3:00,7.67443
2023-09-22 3:15,6.61306
2023-09-22 3:30,2.98316
2023-09-22 3:45,-15.16251
2023-09-22 4:00,10.31297
2023-09-22 4:15,9.85788
2023-09-22 4:30,1.14154
2023-09-22 4:45,0.00507
2023-09-22 5:00,9.23379
2023-09-22 5:15,10.3802
2023-09-22 5:30,9.32765
2023-09-22 5:45,8.57065
2023-09-22 6:00,6.50797
2023-09-22 6:15,4.41078
2023-09-22 6:30,1.58318
2023-09-22 6:45,-0.04538
2023-09-22 7:00,-6.0735
2023-09-22 7:15,-4.55767
2023-09-22 7:30,4.2225
2023-09-22 7:45,9.72078
2023-09-22 8:00,-3.71252
2023-09-22 8:15,-9.91892
2023-09-22 8:30,7.69802
2023-09-22 8:45,10.89942
2023-09-22 9:00,21.14602
2023-09-22 9:15,28.88025
2023-09-22 9:30,36.41194
2023-09-22 9:45,53.26005
2023-09-22 10:00,42.69291
2023-09-22 10:15,50.55393
2023-09-22 10:30,61.98867
2023-09-22 10:45,77.07752
2023-09-22 11:00,75.39209
2023-09-22 11:15,76.94544
2023-09-22 11:30,77.19036
2023-09-22 11:45,82.17122
2023-09-22 12:00,74.91472
2023-09-22 12:15,58.46455
2023-09-22 12:30,62.47373
2023-09-22 12:45,45.52881
2023-09-22 13:00,51.47392
2023-09-22 13:15,46.40995
2023-09-22 13:30,45.84669
2023-09-22 13:45,41.62073
2023-09-22 14:00,40.95502
2023-09-22 14:15,38.21575
2023-09-22 14:30,36.31161
2023-09-22 14:45,35.26167
2023-09-22 15:00,42.12972
2023-09-22 15:15,38.33885
2023-09-22 15:30,35.96394
2023-09-22 15:45,34.92592
2023-09-22 16:00,37.7148
2023-09-22 16:15,34.62431
2023-09-22 16:30,34.1561
2023-09-22 16:45,33.261
2023-09-22 17:00,35.5557
2023-09-22 17:15,34.93975
2023-09-22 17:30,33.56462
2023-09-22 17:45,33.24466
2023-09-22 18:00,34.90744
2023-09-22 18:15,34.87076
2023-09-22 18:30,34.7225
2023-09-22 18:45,33.44142
2023-09-22 19:00,35.2397
2023-09-22 19:15,36.83254
2023-09-22 19:30,35.90243
2023-09-22 19:45,35.01753
2023-09-22 20:00,33.71188
2023-09-22 20:15,33.8579
2023-09-22 20:30,35.16521
2023-09-22 20:45,42.91678
2023-09-22 21:00,35.40125
2023-09-22 21:15,41.08142
2023-09-22 21:30,46.26776
2023-09-22 21:45,45.71728
2023-09-22 22:00,38.21676
2023-09-22 22:15,40.62386
2023-09-22 22:30,48.04838
2023-09-22 22:45,43.69568
2023-09-22 23:00,45.08466
2023-09-22 23:15,37.50406
2023-09-22 23:30,33.04184
2023-09-22 23:45,25.85
2023-09-23 0:00,32.30542
2023-09-23 0:15,19.5456
2023-09-23 0:30,13.57396
2023-09-23 0:45,12.6081
2023-09-23 1:00,14.82576
2023-09-23 1:15,15.5594
2023-09-23 1:30,13.35426
2023-09-23 1:45,8.55422
2023-09-23 2:00,15.40559
2023-09-23 2:15,5.93365
2023-09-23 2:30,5.24653
2023-09-23 2:45,10.10454
2023-09-23 3:00,10.89854
2023-09-23 3:15,19.11741
2023-09-23 3:30,15.84273
2023-09-23 3:45,9.00079
2023-09-23 4:00,6.99964
2023-09-23 4:15,3.34171
2023-09-23 4:30,2.44537
2023-09-23 4:45,0.19441
2023-09-23 5:00,4.0415
2023-09-23 5:15,3.09989
2023-09-23 5:30,6.96504
2023-09-23 5:45,7.43261
2023-09-23 6:00,12.12155
2023-09-23 6:15,12.74791
2023-09-23 6:30,13.33042
2023-09-23 6:45,17.06422
2023-09-23 7:00,17.3836
2023-09-23 7:15,27.14995
2023-09-23 7:30,34.58651
2023-09-23 7:45,37.25283
2023-09-23 8:00,31.32482
2023-09-23 8:15,31.89977
2023-09-23 8:30,44.82323
2023-09-23 8:45,52.78273
2023-09-23 9:00,41.46415
2023-09-23 9:15,49.91342
2023-09-23 9:30,60.79419
2023-09-23 9:45,74.85211
2023-09-23 10:00,48.62932
2023-09-23 10:15,55.33073
2023-09-23 10:30,74.32005
2023-09-23 10:45,81.62036
2023-09-23 11:00,81.58408
2023-09-23 11:15,86.15183
2023-09-23 11:30,86.54851
2023-09-23 11:45,90.73909
2023-09-23 12:00,85.63184
2023-09-23 12:15,75.23444
2023-09-23 12:30,67.27241
2023-09-23 12:45,47.08059
2023-09-23 13:00,49.04734
2023-09-23 13:15,49.14543
2023-09-23 13:30,45.74187
2023-09-23 13:45,42.17216
2023-09-23 14:00,45.95432
2023-09-23 14:15,41.81557
2023-09-23 14:30,41.00867
2023-09-23 14:45,41.00175
2023-09-23 15:00,49.13064
2023-09-23 15:15,44.94172
2023-09-23 15:30,41.0584
2023-09-23 15:45,38.03748
2023-09-23 16:00,42.4
2023-09-23 16:15,39.64008
2023-09-23 16:30,35.04589
2023-09-23 16:45,35.51704
2023-09-23 17:00,43.31641
2023-09-23 17:15,41.35866
2023-09-23 17:30,41.20771
2023-09-23 17:45,35.3813
2023-09-23 18:00,44.49653
2023-09-23 18:15,39.91327
2023-09-23 18:30,39.55076
2023-09-23 18:45,38.59641
2023-09-23 19:00,35.69232
2023-09-23 19:15,36.80012
2023-09-23 19:30,36.53166
2023-09-23 19:45,32.28112
2023-09-23 20:00,38.2893
2023-09-23 20:15,38.2921
2023-09-23 20:30,39.29372
2023-09-23 20:45,38.63015
2023-09-23 21:00,36.83786
2023-09-23 21:15,39.83623
2023-09-23 21:30,40.81402
2023-09-23 21:45,40.08256
2023-09-23 22:00,35.50981
2023-09-23 22:15,40.38382
2023-09-23 22:30,44.33357
2023-09-23 22:45,38.70687
2023-09-23 23:00,38.50521
2023-09-23 23:15,32.77683
2023-09-23 23:30,23.40235
2023-09-23 23:45,15.3142
2023-09-24 0:00,17.71654
2023-09-24 0:15,19.35328
2023-09-24 0:30,14.41483
2023-09-24 0:45,11.23823
2023-09-24 1:00,16.06473
2023-09-24 1:15,5.74726
2023-09-24 1:30,12.2132
2023-09-24 1:45,5.4024
2023-09-24 2:00,4.51627
2023-09-24 2:15,3.6914
2023-09-24 2:30,4.4069
2023-09-24 2:45,-10.97649
2023-09-24 3:00,3.45164
2023-09-24 3:15,1.83294
2023-09-24 3:30,-0.476
2023-09-24 3:45,-3.28873
2023-09-24 4:00,2.28637
2023-09-24 4:15,0.64612
2023-09-24 4:30,3.10279
2023-09-24 4:45,-5.3855
2023-09-24 5:00,-6.23784
2023-09-24 5:15,-5.30609
2023-09-24 5:30,-4.8085
2023-09-24 5:45,-7.80088
2023-09-24 6:00,-7.21884
2023-09-24 6:15,-4.98796
2023-09-24 6:30,-9.30379
2023-09-24 6:45,-3.03231
2023-09-24 7:00,1.70486
2023-09-24 7:15,7.92571
2023-09-24 7:30,8.63602
2023-09-24 7:45,4.47897
2023-09-24 8:00,3.23434
2023-09-24 8:15,11.35459
2023-09-24 8:30,9.56557
2023-09-24 8:45,8.89631
2023-09-24 9:00,13.68347
2023-09-24 9:15,18.77962
2023-09-24 9:30,36.02535
2023-09-24 9:45,51.49891
2023-09-24 10:00,39.90383
2023-09-24 10:15,46.43121
2023-09-24 10:30,55.36988
2023-09-24 10:45,61.40131
2023-09-24 11:00,67.55576
2023-09-24 11:15,61.69852
2023-09-24 11:30,55.13859
2023-09-24 11:45,46.37035
2023-09-24 12:00,54.39292
2023-09-24 12:15,46.42637
2023-09-24 12:30,41.03857
2023-09-24 12:45,34.06728
2023-09-24 13:00,40.75682
2023-09-24 13:15,41.17772
2023-09-24 13:30,41.13902
2023-09-24 13:45,38.33069
2023-09-24 14:00,46.79031
2023-09-24 14:15,45.41121
2023-09-24 14:30,42.09626
2023-09-24 14:45,39.31985
2023-09-24 15:00,40.63823
2023-09-24 15:15,38.13533
2023-09-24 15:30,36.65484
2023-09-24 15:45,34.61816
2023-09-24 16:00,42.3484
2023-09-24 16:15,42.7155
2023-09-24 16:30,40.95849
2023-09-24 16:45,40.01248
2023-09-24 17:00,38.30804
2023-09-24 17:15,35.89463
2023-09-24 17:30,34.93291
2023-09-24 17:45,34.16782
2023-09-24 18:00,34.37014
2023-09-24 18:15,36.567
2023-09-24 18:30,34.41626
2023-09-24 18:45,34.40971
2023-09-24 19:00,35.52557
2023-09-24 19:15,36.4949
2023-09-24 19:30,35.499
2023-09-24 19:45,34.84646
2023-09-24 20:00,34.88871
2023-09-24 20:15,34.96677
2023-09-24 20:30,34.98236
2023-09-24 20:45,34.44559
2023-09-24 21:00,34.52609
2023-09-24 21:15,34.63976
2023-09-24 21:30,34.61994
2023-09-24 21:45,35.67874
2023-09-24 22:00,33.97273
2023-09-24 22:15,34.42578
2023-09-24 22:30,35.11247
2023-09-24 22:45,33.83461
2023-09-24 23:00,35.61304
2023-09-24 23:15,31.59875
2023-09-24 23:30,18.91197
2023-09-24 23:45,4.97224
2023-09-25 0:00,13.63788
2023-09-25 0:15,5.50726
2023-09-25 0:30,-1.67132
2023-09-25 0:45,-4.88047
2023-09-25 1:00,0.11948
2023-09-25 1:15,-5.2728
2023-09-25 1:30,-17.11762
2023-09-25 1:45,-6.38259
2023-09-25 2:00,-1.20778
2023-09-25 2:15,-6.73603
2023-09-25 2:30,-6.60315
2023-09-25 2:45,-13.8234
2023-09-25 3:00,-6.34045
2023-09-25 3:15,-6.35676
2023-09-25 3:30,-0.5308
2023-09-25 3:45,-6.54718
2023-09-25 4:00,8.93527
2023-09-25 4:15,9.86357
2023-09-25 4:30,11.45274
2023-09-25 4:45,7.06532
2023-09-25 5:00,4.60327
2023-09-25 5:15,5.6571
2023-09-25 5:30,5.328
2023-09-25 5:45,4.67747
2023-09-25 6:00,6.06304
2023-09-25 6:15,9.48204
2023-09-25 6:30,9.99917
2023-09-25 6:45,13.54656
2023-09-25 7:00,8.78843
2023-09-25 7:15,12.4463
2023-09-25 7:30,24.70597
2023-09-25 7:45,28.82447
2023-09-25 8:00,17.90561
2023-09-25 8:15,13.65063
2023-09-25 8:30,29.40633
2023-09-25 8:45,32.72442
2023-09-25 9:00,22.06083
2023-09-25 9:15,30.46835
2023-09-25 9:30,46.74338
2023-09-25 9:45,64.36262
2023-09-25 10:00,46.50335
2023-09-25 10:15,48.77597
2023-09-25 10:30,71.09752
2023-09-25 10:45,53.52057
2023-09-25 11:00,60.91603
2023-09-25 11:15,77.71563
2023-09-25 11:30,58.62505
2023-09-25 11:45,53.85834
2023-09-25 12:00,71.29897
2023-09-25 12:15,69.44537
2023-09-25 12:30,70.67256
2023-09-25 12:45,47.04331
2023-09-25 13:00,50.82816
2023-09-25 13:15,52.63855
2023-09-25 13:30,51.01091
2023-09-25 13:45,47.4958
2023-09-25 14:00,48.80961
2023-09-25 14:15,42.29528
2023-09-25 14:30,41.00476
2023-09-25 14:45,37.43607
2023-09-25 15:00,43.64242
2023-09-25 15:15,40.56891
2023-09-25 15:30,42.17472
2023-09-25 15:45,39.00305
2023-09-25 16:00,43.36154
2023-09-25 16:15,42.43945
2023-09-25 16:30,41.49277
2023-09-25 16:45,39.35503
2023-09-25 17:00,38.39682
2023-09-25 17:15,37.89896
2023-09-25 17:30,36.8206
2023-09-25 17:45,36.04034
2023-09-25 18:00,38.94181
2023-09-25 18:15,37.72163
2023-09-25 18:30,37.84001
2023-09-25 18:45,38.60475
2023-09-25 19:00,38.62009
2023-09-25 19:15,38.37132
2023-09-25 19:30,38.17599
2023-09-25 19:45,37.08446
2023-09-25 20:00,34.11748
2023-09-25 20:15,34.83946
2023-09-25 20:30,37.97538
2023-09-25 20:45,39.85842
2023-09-25 21:00,40.5717
2023-09-25 21:15,41.76571
2023-09-25 21:30,39.33249
2023-09-25 21:45,46.2139
2023-09-25 22:00,43.57815
2023-09-25 22:15,46.93238
2023-09-25 22:30,50.20978
2023-09-25 22:45,49.83487
2023-09-25 23:00,51.38083
2023-09-25 23:15,44.11498
2023-09-25 23:30,35.92907
2023-09-25 23:45,21.61753
2023-09-26 0:00,21.25194
2023-09-26 0:15,17.58947
2023-09-26 0:30,16.65249
2023-09-26 0:45,3.2911
2023-09-26 1:00,12.8018
2023-09-26 1:15,12.3321
2023-09-26 1:30,11.82297
2023-09-26 1:45,11.91155
2023-09-26 2:00,12.57198
2023-09-26 2:15,6.27156
2023-09-26 2:30,13.31023
2023-09-26 2:45,12.68537
2023-09-26 3:00,6.96816
2023-09-26 3:15,8.39214
2023-09-26 3:30,3.13923
2023-09-26 3:45,2.91846
2023-09-26 4:00,6.7182
2023-09-26 4:15,12.12941
2023-09-26 4:30,2.43538
2023-09-26 4:45,1.74624
2023-09-26 5:00,8.62206
2023-09-26 5:15,9.39021
2023-09-26 5:30,15.28848
2023-09-26 5:45,18.80039
2023-09-26 6:00,14.02858
2023-09-26 6:15,17.48127
2023-09-26 6:30,22.37567
2023-09-26 6:45,21.89804
2023-09-26 7:00,19.48948
2023-09-26 7:15,31.18064
2023-09-26 7:30,35.82043
2023-09-26 7:45,39.47744
2023-09-26 8:00,24.68758
2023-09-26 8:15,26.60427
2023-09-26 8:30,41.71553
2023-09-26 8:45,46.20436
2023-09-26 9:00,36.09865
2023-09-26 9:15,45.99926
2023-09-26 9:30,55.97788
2023-09-26 9:45,79.82057
2023-09-26 10:00,63.4842
2023-09-26 10:15,66.35745
2023-09-26 10:30,85.6546
2023-09-26 10:45,86.01079
2023-09-26 11:00,69.10026
2023-09-26 11:15,68.46891
2023-09-26 11:30,65.34258
2023-09-26 11:45,64.22804
2023-09-26 12:00,82.53113
2023-09-26 12:15,78.81524
2023-09-26 12:30,59.3975
2023-09-26 12:45,41.19005
2023-09-26 13:00,49.79067
2023-09-26 13:15,50.24893
2023-09-26 13:30,43.89792
2023-09-26 13:45,39.93043
2023-09-26 14:00,44.17985
2023-09-26 14:15,54.31776
2023-09-26 14:30,40.28742
2023-09-26 14:45,38.96007
2023-09-26 15:00,46.61071
2023-09-26 15:15,37.04865
2023-09-26 15:30,36.18472
2023-09-26 15:45,33.45607
2023-09-26 16:00,41.60308
2023-09-26 16:15,39.90148
2023-09-26 16:30,39.78286
2023-09-26 16:45,34.6127
2023-09-26 17:00,44.58199
2023-09-26 17:15,42.33924
2023-09-26 17:30,40.26651
2023-09-26 17:45,37.66429
2023-09-26 18:00,40.24547
2023-09-26 18:15,40.05736
2023-09-26 18:30,39.7431
2023-09-26 18:45,38.3832
2023-09-26 19:00,39.54294
2023-09-26 19:15,39.80826
2023-09-26 19:30,41.033
2023-09-26 19:45,41.79514
2023-09-26 20:00,36.98151
2023-09-26 20:15,37.64887
2023-09-26 20:30,40.12183
2023-09-26 20:45,44.16993
2023-09-26 21:00,38.17868
2023-09-26 21:15,42.35939
2023-09-26 21:30,46.59494
2023-09-26 21:45,47.07604
2023-09-26 22:00,41.4
2023-09-26 22:15,45.59478
2023-09-26 22:30,47.51008
2023-09-26 22:45,48.00999
2023-09-26 23:00,48.36026
2023-09-26 23:15,45.89924
2023-09-26 23:30,30.71943
2023-09-26 23:45,19.04194
2023-09-27 0:00,27.36608
2023-09-27 0:15,19.74661
2023-09-27 0:30,17.10904
2023-09-27 0:45,16.61156
2023-09-27 1:00,13.33446
2023-09-27 1:15,12.73654
2023-09-27 1:30,13.04737
2023-09-27 1:45,13.35789
2023-09-27 2:00,12.8022
2023-09-27 2:15,10.88468
2023-09-27 2:30,13.87054
2023-09-27 2:45,15.54772
2023-09-27 3:00,17.664
2023-09-27 3:15,14.98004
2023-09-27 3:30,21.7935
2023-09-27 3:45,20.59793
2023-09-27 4:00,22.30425
2023-09-27 4:15,24.10737
2023-09-27 4:30,22.95895
2023-09-27 4:45,23.4364
2023-09-27 5:00,19.9988
2023-09-27 5:15,19.8888
2023-09-27 5:30,17.16913
2023-09-27 5:45,21.13841
2023-09-27 6:00,20.56851
2023-09-27 6:15,27.50405
2023-09-27 6:30,29.33124
2023-09-27 6:45,17.59256
2023-09-27 7:00,17.59256
2023-09-27 7:15,25.71866
2023-09-27 7:30,32.39973
2023-09-27 7:45,38.98929
2023-09-27 8:00,25.28182
2023-09-27 8:15,26.50712
2023-09-27 8:30,45.48835
2023-09-27 8:45,50.3488
2023-09-27 9:00,24.81697
2023-09-27 9:15,35.43737
2023-09-27 9:30,47.53011
2023-09-27 9:45,54.75983
2023-09-27 10:00,67.65412
2023-09-27 10:15,66.46905
2023-09-27 10:30,81.87821
2023-09-27 10:45,60.7837
2023-09-27 11:00,59.74664
2023-09-27 11:15,55.51753
2023-09-27 11:30,52.78927
2023-09-27 11:45,47.51578
2023-09-27 12:00,53.02757
2023-09-27 12:15,49.56527
2023-09-27 12:30,48.92944
2023-09-27 12:45,38.97432
2023-09-27 13:00,47.78
2023-09-27 13:15,47.56
2023-09-27 13:30,43.9112
2023-09-27 13:45,42.84099
2023-09-27 14:00,44.38019
2023-09-27 14:15,41.23154
2023-09-27 14:30,40.10829
2023-09-27 14:45,36.70972
2023-09-27 15:00,40.08873
2023-09-27 15:15,39.49245
2023-09-27 15:30,36.13338
2023-09-27 15:45,35.69229
2023-09-27 16:00,42.93
2023-09-27 16:15,39.9988
2023-09-27 16:30,38.71092
2023-09-27 16:45,37.9788
2023-09-27 17:00,42.93
2023-09-27 17:15,38.60866
2023-09-27 17:30,37.52
2023-09-27 17:45,36
2023-09-27 18:00,42.93
2023-09-27 18:15,39.9988
2023-09-27 18:30,38.5788
2023-09-27 18:45,36.50778
2023-09-27 19:00,39.45874
2023-09-27 19:15,39.45867
2023-09-27 19:30,39.77617
2023-09-27 19:45,39.47075
2023-09-27 20:00,38.4692
2023-09-27 20:15,39.53643
2023-09-27 20:30,39.71456
2023-09-27 20:45,39.64088
2023-09-27 21:00,37.11659
2023-09-27 21:15,39.25472
2023-09-27 21:30,44.10126
2023-09-27 21:45,44.62598
2023-09-27 22:00,39.54188
2023-09-27 22:15,41.42366
2023-09-27 22:30,43.81838
2023-09-27 22:45,44.55348
2023-09-27 23:00,44.94709
2023-09-27 23:15,39.64426
2023-09-27 23:30,30.43362
2023-09-27 23:45,18.46333
2023-09-28 0:00,19.87325
2023-09-28 0:15,15.68154
2023-09-28 0:30,7.67526
2023-09-28 0:45,4.24649
2023-09-28 1:00,13.14029
2023-09-28 1:15,13.91326
2023-09-28 1:30,11.90705
2023-09-28 1:45,10.92156
2023-09-28 2:00,12.75904
2023-09-28 2:15,14.85458
2023-09-28 2:30,14.37107
2023-09-28 2:45,16.08028
2023-09-28 3:00,16.82305
2023-09-28 3:15,17.14863
2023-09-28 3:30,11.74764
2023-09-28 3:45,15.17879
2023-09-28 4:00,11.18732
2023-09-28 4:15,17.46457
2023-09-28 4:30,18.73358
2023-09-28 4:45,19.31274
2023-09-28 5:00,16.73796
2023-09-28 5:15,25.34819
2023-09-28 5:30,27.06
2023-09-28 5:45,26.0976
2023-09-28 6:00,21.75
2023-09-28 6:15,20.1688
2023-09-28 6:30,25.6076
2023-09-28 6:45,28.3288
2023-09-28 7:00,14.45976
2023-09-28 7:15,19.26085
2023-09-28 7:30,26.54625
2023-09-28 7:45,34.1788
2023-09-28 8:00,11.4508
2023-09-28 8:15,21.9988
2023-09-28 8:30,30.0036
2023-09-28 8:45,37.49658
2023-09-28 9:00,26.3112
2023-09-28 9:15,32.37912
2023-09-28 9:30,45.61141
2023-09-28 9:45,62.40079
2023-09-28 10:00,45.84899
2023-09-28 10:15,50.96723
2023-09-28 10:30,54.14
2023-09-28 10:45,59.84469
2023-09-28 11:00,50.18487
2023-09-28 11:15,50.90992
2023-09-28 11:30,49.01207
2023-09-28 11:45,44.92077
2023-09-28 12:00,50.44491
2023-09-28 12:15,45.37681
2023-09-28 12:30,44.23288
2023-09-28 12:45,38.75545
2023-09-28 13:00,44.63475
2023-09-28 13:15,45.05036
2023-09-28 13:30,40.66491
2023-09-28 13:45,37.1197
2023-09-28 14:00,41.22324
2023-09-28 14:15,39.20912
2023-09-28 14:30,36.24412
2023-09-28 14:45,34.09846
2023-09-28 15:00,35.48726
2023-09-28 15:15,33.70809
2023-09-28 15:30,32.849
2023-09-28 15:45,32.22323
2023-09-28 16:00,32.7847
2023-09-28 16:15,30.3104
2023-09-28 16:30,30.20292
2023-09-28 16:45,29.54836
2023-09-28 17:00,32.32197
2023-09-28 17:15,32.30433
2023-09-28 17:30,30.67916
2023-09-28 17:45,27.69807
2023-09-28 18:00,31.64741
2023-09-28 18:15,31.77725
2023-09-28 18:30,30.39414
2023-09-28 18:45,26.5551
2023-09-28 19:00,26.85752
2023-09-28 19:15,26.62971
2023-09-28 19:30,26.8748
2023-09-28 19:45,26.67386
2023-09-28 20:00,26.72577
2023-09-28 20:15,28.37097
2023-09-28 20:30,29.72451
2023-09-28 20:45,30.87053
2023-09-28 21:00,31.12155
2023-09-28 21:15,32.72985
2023-09-28 21:30,35.74261
2023-09-28 21:45,37.09403
2023-09-28 22:00,37.03939
2023-09-28 22:15,39.35
2023-09-28 22:30,42.99
2023-09-28 22:45,42.99
2023-09-28 23:00,49.04921
2023-09-28 23:15,43.03739
2023-09-28 23:30,32.59965
2023-09-28 23:45,21.60959
2023-09-29 0:00,30.05207
2023-09-29 0:15,21.35505
2023-09-29 0:30,17.62461
2023-09-29 0:45,11.19302
2023-09-29 1:00,13.3602
2023-09-29 1:15,12.96452
2023-09-29 1:30,11.75911
2023-09-29 1:45,11.43253
2023-09-29 2:00,13.30747
2023-09-29 2:15,11.26464
2023-09-29 2:30,11.68894
2023-09-29 2:45,11.55453
2023-09-29 3:00,11.56107
2023-09-29 3:15,11.38007
2023-09-29 3:30,11.82694
2023-09-29 3:45,13.16841
2023-09-29 4:00,13.23385
2023-09-29 4:15,12.66116
2023-09-29 4:30,9.14309
2023-09-29 4:45,9.31567
2023-09-29 5:00,8.06079
2023-09-29 5:15,10.96284
2023-09-29 5:30,11.92734
2023-09-29 5:45,12.5228
2023-09-29 6:00,7.17886
2023-09-29 6:15,7.49916
2023-09-29 6:30,11.80731
2023-09-29 6:45,20.19333
2023-09-29 7:00,9.44883
2023-09-29 7:15,12.18081
2023-09-29 7:30,18.0994
2023-09-29 7:45,17.14846
2023-09-29 8:00,11.88651
2023-09-29 8:15,12.17407
2023-09-29 8:30,22.69976
2023-09-29 8:45,30.9682
2023-09-29 9:00,19.38418
2023-09-29 9:15,30.818
2023-09-29 9:30,45.52974
2023-09-29 9:45,56.12887
2023-09-29 10:00,45.98024
2023-09-29 10:15,45.86573
2023-09-29 10:30,45.87166
2023-09-29 10:45,40.37893
2023-09-29 11:00,38.11949
2023-09-29 11:15,36.7024
2023-09-29 11:30,36.7024
2023-09-29 11:45,37.2725
2023-09-29 12:00,38.01
2023-09-29 12:15,35.45563
2023-09-29 12:30,37.2588
2023-09-29 12:45,31.57
2023-09-29 13:00,34.1812
2023-09-29 13:15,33.36664
2023-09-29 13:30,32.62645
2023-09-29 13:45,32.26
2023-09-29 14:00,33.8988
2023-09-29 14:15,33.35665
2023-09-29 14:30,32.08317
2023-09-29 14:45,30.44295
2023-09-29 15:00,33.26671
2023-09-29 15:15,31.15097
2023-09-29 15:30,30.9402
2023-09-29 15:45,29.9387
2023-09-29 16:00,35.42579
2023-09-29 16:15,33.8424
2023-09-29 16:30,33.61411
2023-09-29 16:45,31.76705
2023-09-29 17:00,32.97988
2023-09-29 17:15,31.56425
2023-09-29 17:30,31.03551
2023-09-29 17:45,31.02143
2023-09-29 18:00,33.3788
2023-09-29 18:15,33.3788
2023-09-29 18:30,32.3288
2023-09-29 18:45,30.8476
2023-09-29 19:00,31.03551
2023-09-29 19:15,30.9
2023-09-29 19:30,31.03551
2023-09-29 19:45,30.99
2023-09-29 20:00,32.14
2023-09-29 20:15,31.6088
2023-09-29 20:30,32.31098
2023-09-29 20:45,33.39662
2023-09-29 21:00,32.97988
2023-09-29 21:15,33.3788
2023-09-29 21:30,35.57
2023-09-29 21:45,38.6152
2023-09-29 22:00,36.49769
2023-09-29 22:15,37.36216
2023-09-29 22:30,40.08075
2023-09-29 22:45,37.85297
2023-09-29 23:00,45.34176
2023-09-29 23:15,39.53783
2023-09-29 23:30,32.67586
2023-09-29 23:45,27.87152
2023-09-30 0:00,28.44301
2023-09-30 0:15,20.34707
2023-09-30 0:30,9.65874
2023-09-30 0:45,8.38702
2023-09-30 1:00,13.02021
2023-09-30 1:15,9.94664
2023-09-30 1:30,10.52497
2023-09-30 1:45,9.2903
2023-09-30 2:00,16.38852
2023-09-30 2:15,14.21325
2023-09-30 2:30,16.71539
2023-09-30 2:45,11.19265
2023-09-30 3:00,16.61503
2023-09-30 3:15,17.57672
2023-09-30 3:30,17.64583
2023-09-30 3:45,11.29477
2023-09-30 4:00,19.72942
2023-09-30 4:15,20.67908
2023-09-30 4:30,21.87171
2023-09-30 4:45,20.59772
2023-09-30 5:00,20.97102
2023-09-30 5:15,21.19009
2023-09-30 5:30,21.82272
2023-09-30 5:45,20.78268
2023-09-30 6:00,7.33069
2023-09-30 6:15,6.33017
2023-09-30 6:30,7.81078
2023-09-30 6:45,18.93394
2023-09-30 7:00,12.35584
2023-09-30 7:15,13.04606
2023-09-30 7:30,18.66277
2023-09-30 7:45,20.39265
2023-09-30 8:00,8.67255
2023-09-30 8:15,16.6527
2023-09-30 8:30,19.03457
2023-09-30 8:45,25.12124
2023-09-30 9:00,19.58629
2023-09-30 9:15,31.17526
2023-09-30 9:30,44.09177
2023-09-30 9:45,50.8329
2023-09-30 10:00,38.79862
2023-09-30 10:15,40.20009
2023-09-30 10:30,42.51683
2023-09-30 10:45,44.77249
2023-09-30 11:00,45.98009
2023-09-30 11:15,43.81451
2023-09-30 11:30,43.6798
2023-09-30 11:45,42.50949
2023-09-30 12:00,46.1884
2023-09-30 12:15,42.31453
2023-09-30 12:30,42.16786
2023-09-30 12:45,34.0655
2023-09-30 13:00,39.3553
2023-09-30 13:15,38.06982
2023-09-30 13:30,38.82162
2023-09-30 13:45,39.40784
2023-09-30 14:00,40.86184
2023-09-30 14:15,40.41993
2023-09-30 14:30,36.1616
2023-09-30 14:45,34.21158
2023-09-30 15:00,39.712
2023-09-30 15:15,35.35095
2023-09-30 15:30,34.59905
2023-09-30 15:45,33.16445
2023-09-30 16:00,38.44423
2023-09-30 16:15,34.51027
2023-09-30 16:30,33.4896
2023-09-30 16:45,32.98447
2023-09-30 17:00,32.41961
2023-09-30 17:15,33.67462
2023-09-30 17:30,33.43391
2023-09-30 17:45,30.85165
2023-09-30 18:00,33.41812
2023-09-30 18:15,33.24364
2023-09-30 18:30,32.46535
2023-09-30 18:45,31.87232
2023-09-30 19:00,34.92412
2023-09-30 19:15,34.07635
2023-09-30 19:30,33.19404
2023-09-30 19:45,33.18492
2023-09-30 20:00,35.20057
2023-09-30 20:15,35.10609
2023-09-30 20:30,36.06792
2023-09-30 20:45,35.81862
2023-09-30 21:00,32.58366
2023-09-30 21:15,33.21209
2023-09-30 21:30,34.92337
2023-09-30 21:45,35.1141
2023-09-30 22:00,34.76462
2023-09-30 22:15,35.83398
2023-09-30 22:30,37.01572
2023-09-30 22:45,37.51669
2023-09-30 23:00,39.46932
2023-09-30 23:15,37.39849
2023-09-30 23:30,32.68442
2023-09-30 23:45,21.65726
2023-10-01 0:00,28.4776
2023-10-01 0:15,24.21978
2023-10-01 0:30,20.49696
2023-10-01 0:45,18.78646
2023-10-01 1:00,21.09429
2023-10-01 1:15,21.38275
2023-10-01 1:30,26.86687
2023-10-01 1:45,27.4206
2023-10-01 2:00,26.80168
2023-10-01 2:15,27.32884
2023-10-01 2:30,27.03183
2023-10-01 2:45,26.32511
2023-10-01 3:00,32.72926
2023-10-01 3:15,29.06251
2023-10-01 3:30,28.65254
2023-10-01 3:45,36.9567
2023-10-01 4:00,37.9817
2023-10-01 4:15,39.10742
2023-10-01 4:30,36.81422
2023-10-01 4:45,23.58811
2023-10-01 5:00,23.66157
2023-10-01 5:15,22.93657
2023-10-01 5:30,21.5227
2023-10-01 5:45,21.96254
2023-10-01 6:00,25.04923
2023-10-01 6:15,24.77456
2023-10-01 6:30,23.11312
2023-10-01 6:45,19.17781
2023-10-01 7:00,13.11195
2023-10-01 7:15,11.91266
2023-10-01 7:30,15.34253
2023-10-01 7:45,14.33849
2023-10-01 8:00,13.43631
2023-10-01 8:15,14.05736
2023-10-01 8:30,24.71942
2023-10-01 8:45,26.5173
2023-10-01 9:00,21.85508
2023-10-01 9:15,25.55162
2023-10-01 9:30,33.33158
2023-10-01 9:45,47.85103
2023-10-01 10:00,35.12955
2023-10-01 10:15,40.7105
2023-10-01 10:30,44.98463
2023-10-01 10:45,47.82828
2023-10-01 11:00,45.49986
2023-10-01 11:15,46.00862
2023-10-01 11:30,48.18753
2023-10-01 11:45,48.09027
2023-10-01 12:00,47.94534
2023-10-01 12:15,44.62315
2023-10-01 12:30,45.40747
2023-10-01 12:45,34.25746
2023-10-01 13:00,37.76384
2023-10-01 13:15,35.30616
2023-10-01 13:30,36.85142
2023-10-01 13:45,39.03221
2023-10-01 14:00,50.2113
2023-10-01 14:15,47.94573
2023-10-01 14:30,41.92632
2023-10-01 14:45,36.59176
2023-10-01 15:00,45.98246
2023-10-01 15:15,41.70376
2023-10-01 15:30,39.43584
2023-10-01 15:45,37.50014
2023-10-01 16:00,42.42253
2023-10-01 16:15,37.07323
2023-10-01 16:30,37.40636
2023-10-01 16:45,35.04884
2023-10-01 17:00,36.51936
2023-10-01 17:15,35.08126
2023-10-01 17:30,33.94975
2023-10-01 17:45,34.57126
2023-10-01 18:00,34.46246
2023-10-01 18:15,33.14923
2023-10-01 18:30,32.07005
2023-10-01 18:45,31.82689
2023-10-01 19:00,32.24931
2023-10-01 19:15,31.96436
2023-10-01 19:30,32.08306
2023-10-01 19:45,31.92971
2023-10-01 20:00,31.93203
2023-10-01 20:15,31.75895
2023-10-01 20:30,32.44819
2023-10-01 20:45,33.13856
2023-10-01 21:00,32.10534
2023-10-01 21:15,32.33164
2023-10-01 21:30,35.36708
2023-10-01 21:45,35.7157
2023-10-01 22:00,31.98419
2023-10-01 22:15,32.34487
2023-10-01 22:30,33.50469
2023-10-01 22:45,33.76018
2023-10-01 23:00,35.58542
2023-10-01 23:15,32.01816
2023-10-01 23:30,25.9673
2023-10-01 23:45,15.24353
2023-10-02 0:00,6.67332
2023-10-02 0:15,-19.02623
2023-10-02 0:30,-31.71709
2023-10-02 0:45,-28.69127
2023-10-02 1:00,-24.39969
2023-10-02 1:15,-19.40716
2023-10-02 1:30,-28.60361
2023-10-02 1:45,-14.04407
2023-10-02 2:00,-8.8815
2023-10-02 2:15,-9.83453
2023-10-02 2:30,-9.64541
2023-10-02 2:45,-18.62436
2023-10-02 3:00,-25.024
2023-10-02 3:15,-19.32704
2023-10-02 3:30,-19.8452
2023-10-02 3:45,-17.06707
2023-10-02 4:00,-11.07001
2023-10-02 4:15,-7.22661
2023-10-02 4:30,-10.01958
2023-10-02 4:45,-8.31528
2023-10-02 5:00,-11.33238
2023-10-02 5:15,-7.96775
2023-10-02 5:30,-2.3771
2023-10-02 5:45,-3.94596
2023-10-02 6:00,-9.50576
2023-10-02 6:15,-3.93749
2023-10-02 6:30,-1.02657
2023-10-02 6:45,-0.98759
2023-10-02 7:00,1.48577
2023-10-02 7:15,2.44665
2023-10-02 7:30,6.73395
2023-10-02 7:45,2.20555
2023-10-02 8:00,-8.04985
2023-10-02 8:15,-6.5435
2023-10-02 8:30,4.09825
2023-10-02 8:45,29.25752
2023-10-02 9:00,26.2832
2023-10-02 9:15,31.66619
2023-10-02 9:30,40.7301
2023-10-02 9:45,45.21807
2023-10-02 10:00,40.18382
2023-10-02 10:15,40.80545
2023-10-02 10:30,42.10133
2023-10-02 10:45,47.17859
2023-10-02 11:00,46.68811
2023-10-02 11:15,46.92795
2023-10-02 11:30,47.89721
2023-10-02 11:45,50.07494
2023-10-02 12:00,51.11028
2023-10-02 12:15,50.53005
2023-10-02 12:30,47.98859
2023-10-02 12:45,42.8865
2023-10-02 13:00,43.91956
2023-10-02 13:15,41.26951
2023-10-02 13:30,41.25688
2023-10-02 13:45,41.0484
2023-10-02 14:00,41.94439
2023-10-02 14:15,36.12329
2023-10-02 14:30,32.78212
2023-10-02 14:45,31.7178
2023-10-02 15:00,39.11281
2023-10-02 15:15,34.49406
2023-10-02 15:30,34.42539
2023-10-02 15:45,32.9259
2023-10-02 16:00,35.11563
2023-10-02 16:15,33.29473
2023-10-02 16:30,32.05579
2023-10-02 16:45,32.16304
2023-10-02 17:00,32.29824
2023-10-02 17:15,31.80787
2023-10-02 17:30,31.53072
2023-10-02 17:45,30.0252
2023-10-02 18:00,29.97587
2023-10-02 18:15,28.84071
2023-10-02 18:30,28.81007
2023-10-02 18:45,30.00494
2023-10-02 19:00,30.46756
2023-10-02 19:15,30.47784
2023-10-02 19:30,30.47329
2023-10-02 19:45,30.83787
2023-10-02 20:00,30.7229
2023-10-02 20:15,30.9377
2023-10-02 20:30,31.40488
2023-10-02 20:45,34.21803
2023-10-02 21:00,31.20993
2023-10-02 21:15,32.19978
2023-10-02 21:30,37.87185
2023-10-02 21:45,41.92838
2023-10-02 22:00,43.15911
2023-10-02 22:15,51.68344
2023-10-02 22:30,60.96215
2023-10-02 22:45,60.0136
2023-10-02 23:00,71.09882
2023-10-02 23:15,60.88633
2023-10-02 23:30,45.28275
2023-10-02 23:45,33.78444
2023-10-03 0:00,31.3915
2023-10-03 0:15,26.30888
2023-10-03 0:30,18.64274
2023-10-03 0:45,33.85474
2023-10-03 1:00,23.25994
2023-10-03 1:15,16.497
2023-10-03 1:30,15.0342
2023-10-03 1:45,4.53937
2023-10-03 2:00,15.31584
2023-10-03 2:15,15.74779
2023-10-03 2:30,10.14644
2023-10-03 2:45,14.98513
2023-10-03 3:00,15.68952
2023-10-03 3:15,6.07235
2023-10-03 3:30,13.90979
2023-10-03 3:45,13.47632
2023-10-03 4:00,15.65659
2023-10-03 4:15,15.78785
2023-10-03 4:30,16.00234
2023-10-03 4:45,17.43116
2023-10-03 5:00,15.1266
2023-10-03 5:15,15.58049
2023-10-03 5:30,15.38929
2023-10-03 5:45,14.47393
2023-10-03 6:00,12.34138
2023-10-03 6:15,12.7851
2023-10-03 6:30,14.05858
2023-10-03 6:45,6.16348
2023-10-03 7:00,-4.32742
2023-10-03 7:15,5.58093
2023-10-03 7:30,15.1461
2023-10-03 7:45,15.55215
2023-10-03 8:00,14.49829
2023-10-03 8:15,15.94053
2023-10-03 8:30,20.6013
2023-10-03 8:45,24.5604
2023-10-03 9:00,20.19508
2023-10-03 9:15,35.63574
2023-10-03 9:30,41.33643
2023-10-03 9:45,54.90179
2023-10-03 10:00,39.10659
2023-10-03 10:15,43.82124
2023-10-03 10:30,50.4134
2023-10-03 10:45,56.51645
2023-10-03 11:00,50.6173
2023-10-03 11:15,49.83925
2023-10-03 11:30,49.69017
2023-10-03 11:45,45.32199
2023-10-03 12:00,50.05524
2023-10-03 12:15,44.50318
2023-10-03 12:30,45.53133
2023-10-03 12:45,39.00566
2023-10-03 13:00,44.64856
2023-10-03 13:15,45.42845
2023-10-03 13:30,43.53902
2023-10-03 13:45,42.91366
2023-10-03 14:00,44.20847
2023-10-03 14:15,41.14929
2023-10-03 14:30,37.21419
2023-10-03 14:45,35.3008
2023-10-03 15:00,40.60631
2023-10-03 15:15,37.59537
2023-10-03 15:30,39.28733
2023-10-03 15:45,35.66627
2023-10-03 16:00,53.25948
2023-10-03 16:15,51.21616
2023-10-03 16:30,52.96305
2023-10-03 16:45,52.72779
2023-10-03 17:00,47.72925
2023-10-03 17:15,45.71003
2023-10-03 17:30,45.89448
2023-10-03 17:45,43.26227
2023-10-03 18:00,45.3552
2023-10-03 18:15,45.33215
2023-10-03 18:30,44.7027
2023-10-03 18:45,42.50619
2023-10-03 19:00,42.37944
2023-10-03 19:15,43.23005
2023-10-03 19:30,43.20029
2023-10-03 19:45,42.64517
2023-10-03 20:00,43.02897
2023-10-03 20:15,44.04057
2023-10-03 20:30,44.53618
2023-10-03 20:45,46.09528
2023-10-03 21:00,43.00736
2023-10-03 21:15,45.82522
2023-10-03 21:30,52.05117
2023-10-03 21:45,54.51761
2023-10-03 22:00,46.31386
2023-10-03 22:15,55.34521
2023-10-03 22:30,64.12168
2023-10-03 22:45,63.21526
2023-10-03 23:00,63.35465
2023-10-03 23:15,59.03471
2023-10-03 23:30,43.12853
2023-10-03 23:45,27.06918
2023-10-04 0:00,33.92059
2023-10-04 0:15,25.29542
2023-10-04 0:30,17.92161
2023-10-04 0:45,14.06067
2023-10-04 1:00,20.30353
2023-10-04 1:15,7.30835
2023-10-04 1:30,2.63863
2023-10-04 1:45,-8.1344
2023-10-04 2:00,16.64623
2023-10-04 2:15,11.46806
2023-10-04 2:30,-7.02768
2023-10-04 2:45,-10.2851
2023-10-04 3:00,-6.3758
2023-10-04 3:15,1.37419
2023-10-04 3:30,12.98142
2023-10-04 3:45,18.63137
2023-10-04 4:00,19.65621
2023-10-04 4:15,19.84171
2023-10-04 4:30,24.44963
2023-10-04 4:45,15.31475
2023-10-04 5:00,26.5034
2023-10-04 5:15,27.63615
2023-10-04 5:30,-12.01263
2023-10-04 5:45,21.96817
2023-10-04 6:00,14.7673
2023-10-04 6:15,15.90943
2023-10-04 6:30,12.98379
2023-10-04 6:45,23.70791
2023-10-04 7:00,9.46431
2023-10-04 7:15,8.45153
2023-10-04 7:30,11.23212
2023-10-04 7:45,9.03347
2023-10-04 8:00,8.40484
2023-10-04 8:15,28.10321
2023-10-04 8:30,37.49707
2023-10-04 8:45,43.66969
2023-10-04 9:00,27.89454
2023-10-04 9:15,34.86624
2023-10-04 9:30,51.07598
2023-10-04 9:45,65
2023-10-04 10:00,56.25322
2023-10-04 10:15,63.47335
2023-10-04 10:30,68.77907
2023-10-04 10:45,70.08897
2023-10-04 11:00,69.06616
2023-10-04 11:15,69.26179
2023-10-04 11:30,61.72238
2023-10-04 11:45,55.89328
2023-10-04 12:00,59.7925
2023-10-04 12:15,53.96163
2023-10-04 12:30,57.0204
2023-10-04 12:45,50.98348
2023-10-04 13:00,57.56274
2023-10-04 13:15,56.86738
2023-10-04 13:30,55.7202
2023-10-04 13:45,48.59674
2023-10-04 14:00,57.91729
2023-10-04 14:15,57.18908
2023-10-04 14:30,48.05992
2023-10-04 14:45,41.95444
2023-10-04 15:00,48.71231
2023-10-04 15:15,43.43723
2023-10-04 15:30,43.24801
2023-10-04 15:45,39.6315
2023-10-04 16:00,39.6315
2023-10-04 16:15,42.61896
2023-10-04 16:30,42.61896
2023-10-04 16:45,42.61896
2023-10-04 17:00,42.61896
2023-10-04 17:15,42.57649
2023-10-04 17:30,42.23877
2023-10-04 17:45,40.66822
2023-10-04 18:00,43.1142
2023-10-04 18:15,42.56285
2023-10-04 18:30,43.35117
2023-10-04 18:45,43.09649
2023-10-04 19:00,45.19739
2023-10-04 19:15,42.4521
2023-10-04 19:30,42.42238
2023-10-04 19:45,42.42356
2023-10-04 20:00,42.27539
2023-10-04 20:15,42.14576
2023-10-04 20:30,42.38274
2023-10-04 20:45,43.4623
2023-10-04 21:00,42.49779
2023-10-04 21:15,43.56578
2023-10-04 21:30,50.09
2023-10-04 21:45,51.3203
2023-10-04 22:00,43.67883
2023-10-04 22:15,49.15402
2023-10-04 22:30,51.24925
2023-10-04 22:45,51.4635
2023-10-04 23:00,52.15326
2023-10-04 23:15,43.1516
2023-10-04 23:30,33.20949
2023-10-04 23:45,22.14896
2023-10-05 0:00,32.64289
2023-10-05 0:15,30.56439
2023-10-05 0:30,19.64948
2023-10-05 0:45,-25.94314
2023-10-05 1:00,18.86578
2023-10-05 1:15,12.8856
2023-10-05 1:30,12.8364
2023-10-05 1:45,4.75423
2023-10-05 2:00,13.4845
2023-10-05 2:15,7.34623
2023-10-05 2:30,2.3101
2023-10-05 2:45,-8.64629
2023-10-05 3:00,-7.44208
2023-10-05 3:15,-5.13944
2023-10-05 3:30,4.58608
2023-10-05 3:45,4.77348
2023-10-05 4:00,7.10387
2023-10-05 4:15,8.49609
2023-10-05 4:30,13.37003
2023-10-05 4:45,12.22223
2023-10-05 5:00,15.06542
2023-10-05 5:15,20.19084
2023-10-05 5:30,23.28131
2023-10-05 5:45,25.78962
2023-10-05 6:00,19.62449
2023-10-05 6:15,16.52598
2023-10-05 6:30,20.67556
2023-10-05 6:45,21.53179
2023-10-05 7:00,16.12361
2023-10-05 7:15,22.16452
2023-10-05 7:30,26.61717
2023-10-05 7:45,32.36635
2023-10-05 8:00,22.43428
2023-10-05 8:15,31.3245
2023-10-05 8:30,44.79345
2023-10-05 8:45,60.68616
2023-10-05 9:00,39.35638
2023-10-05 9:15,41.23093
2023-10-05 9:30,59.12348
2023-10-05 9:45,103.07538
2023-10-05 10:00,70.26585
2023-10-05 10:15,77.52814
2023-10-05 10:30,90.15993
2023-10-05 10:45,116.96211
2023-10-05 11:00,109.28865
2023-10-05 11:15,102.76272
2023-10-05 11:30,79.19189
2023-10-05 11:45,70.2576
2023-10-05 12:00,73.03061
2023-10-05 12:15,61.06775
2023-10-05 12:30,67.03658
2023-10-05 12:45,55.92275
2023-10-05 13:00,67.93878
2023-10-05 13:15,63.31774
2023-10-05 13:30,60.57807
2023-10-05 13:45,53.75862
2023-10-05 14:00,64.76129
2023-10-05 14:15,59.76269
2023-10-05 14:30,57.76815
2023-10-05 14:45,47.18914
2023-10-05 15:00,57.02506
2023-10-05 15:15,56.87955
2023-10-05 15:30,52.12511
2023-10-05 15:45,44.3837
2023-10-05 16:00,52.23911
2023-10-05 16:15,54.30779
2023-10-05 16:30,53.99924
2023-10-05 16:45,51.11642
2023-10-05 17:00,51.43396
2023-10-05 17:15,47.34904
2023-10-05 17:30,50.66276
2023-10-05 17:45,44.53909
2023-10-05 18:00,51.03279
2023-10-05 18:15,55.34997
2023-10-05 18:30,51.31569
2023-10-05 18:45,47.74855
2023-10-05 19:00,48.78407
2023-10-05 19:15,44.50491
2023-10-05 19:30,46.53749
2023-10-05 19:45,44.42382
2023-10-05 20:00,48.61926
2023-10-05 20:15,50.41925
2023-10-05 20:30,49.53464
2023-10-05 20:45,53.66517
2023-10-05 21:00,55.76633
2023-10-05 21:15,61.89346
2023-10-05 21:30,61.9579
2023-10-05 21:45,64.11618
2023-10-05 22:00,57.59312
2023-10-05 22:15,63.41836
2023-10-05 22:30,65.28216
2023-10-05 22:45,65.27065
2023-10-05 23:00,85.83122
2023-10-05 23:15,68.99016
2023-10-05 23:30,48.81656
2023-10-05 23:45,39.93455
2023-10-06 0:00,42.39393
2023-10-06 0:15,39.53805
2023-10-06 0:30,32.79807
2023-10-06 0:45,0.59614
2023-10-06 1:00,15.0595
2023-10-06 1:15,29.3876
2023-10-06 1:30,26.38678
2023-10-06 1:45,21.044
2023-10-06 2:00,28.46009
2023-10-06 2:15,30.75794
2023-10-06 2:30,28.59079
2023-10-06 2:45,33.01002
2023-10-06 3:00,30.27427
2023-10-06 3:15,33.28169
2023-10-06 3:30,35.66714
2023-10-06 3:45,35.19853
2023-10-06 4:00,31.67675
2023-10-06 4:15,34.69511
2023-10-06 4:30,41.95638
2023-10-06 4:45,39.94897
2023-10-06 5:00,40.08008
2023-10-06 5:15,39.28216
2023-10-06 5:30,42.19046
2023-10-06 5:45,52.56464
2023-10-06 6:00,43.08919
2023-10-06 6:15,45.8749
2023-10-06 6:30,61.71903
2023-10-06 6:45,69.64698
2023-10-06 7:00,55.57393
2023-10-06 7:15,58.79568
2023-10-06 7:30,70.12952
2023-10-06 7:45,80.82555
2023-10-06 8:00,63.93807
2023-10-06 8:15,64.49676
2023-10-06 8:30,92.34084
2023-10-06 8:45,105.52955
2023-10-06 9:00,60.10902
2023-10-06 9:15,75.3464
2023-10-06 9:30,119.97793
2023-10-06 9:45,293.31506
2023-10-06 10:00,141.1838
2023-10-06 10:15,377.99542
2023-10-06 10:30,978.1563
2023-10-06 10:45,668.45044
2023-10-06 11:00,139.1104
2023-10-06 11:15,122.08543
2023-10-06 11:30,104.11379
2023-10-06 11:45,83.98836
2023-10-06 12:00,93.3857
2023-10-06 12:15,91.59182
2023-10-06 12:30,91.12719
2023-10-06 12:45,74.73928
2023-10-06 13:00,80.49707
2023-10-06 13:15,78.20433
2023-10-06 13:30,74.95364
2023-10-06 13:45,69.88758
2023-10-06 14:00,81.85182
2023-10-06 14:15,72.96486
2023-10-06 14:30,68.01662
2023-10-06 14:45,60.3242
2023-10-06 15:00,65.00462
2023-10-06 15:15,60.48568
2023-10-06 15:30,54.38317
2023-10-06 15:45,45.67506
2023-10-06 16:00,70.35412
2023-10-06 16:15,68.72271
2023-10-06 16:30,63.68466
2023-10-06 16:45,58.33267
2023-10-06 17:00,60.71659
2023-10-06 17:15,59.96748
2023-10-06 17:30,57.51936
2023-10-06 17:45,56.63244
2023-10-06 18:00,59.68668
2023-10-06 18:15,56.74867
2023-10-06 18:30,57.90426
2023-10-06 18:45,56.20267
2023-10-06 19:00,56.74934
2023-10-06 19:15,56.81574
2023-10-06 19:30,55.53019
2023-10-06 19:45,55.36197
2023-10-06 20:00,59.98085
2023-10-06 20:15,62.90648
2023-10-06 20:30,62.81807
2023-10-06 20:45,64.01291
2023-10-06 21:00,55.77048
2023-10-06 21:15,57.88837
2023-10-06 21:30,64.60566
2023-10-06 21:45,66.02579
2023-10-06 22:00,57.28727
2023-10-06 22:15,68.03508
2023-10-06 22:30,68.8457
2023-10-06 22:45,66.90915
2023-10-06 23:00,68.67581
2023-10-06 23:15,60.285
2023-10-06 23:30,46.49448
2023-10-06 23:45,38.73327
2023-10-07 0:00,40.86178
2023-10-07 0:15,28.39825
2023-10-07 0:30,0.18986
2023-10-07 0:45,-17.05556
2023-10-07 1:00,33.68382
2023-10-07 1:15,32.66319
2023-10-07 1:30,16.48606
2023-10-07 1:45,15.70938
2023-10-07 2:00,20.32022
2023-10-07 2:15,20.12692
2023-10-07 2:30,16.82013
2023-10-07 2:45,16.8983
2023-10-07 3:00,27.31476
2023-10-07 3:15,30.46756
2023-10-07 3:30,35.35719
2023-10-07 3:45,34.3732
2023-10-07 4:00,30.67175
2023-10-07 4:15,38.89189
2023-10-07 4:30,42.10355
2023-10-07 4:45,41.07046
2023-10-07 5:00,27.40885
2023-10-07 5:15,40.21496
2023-10-07 5:30,43.13372
2023-10-07 5:45,45.5154
2023-10-07 6:00,41.1359
2023-10-07 6:15,41.5043
2023-10-07 6:30,44.2958
2023-10-07 6:45,59.8922
2023-10-07 7:00,41.32961
2023-10-07 7:15,41.78493
2023-10-07 7:30,43.63946
2023-10-07 7:45,68.7872
2023-10-07 8:00,47.90143
2023-10-07 8:15,48.23048
2023-10-07 8:30,104.47594
2023-10-07 8:45,130.21695
2023-10-07 9:00,64.63894
2023-10-07 9:15,87.37941
2023-10-07 9:30,116.18528
2023-10-07 9:45,426.30957
2023-10-07 10:00,101.17994
2023-10-07 10:15,118.69596
2023-10-07 10:30,143.35168
2023-10-07 10:45,144.44724
2023-10-07 11:00,144.41722
2023-10-07 11:15,106.97821
2023-10-07 11:30,97.94988
2023-10-07 11:45,80.53064
2023-10-07 12:00,84.10344
2023-10-07 12:15,80.58177
2023-10-07 12:30,74.88107
2023-10-07 12:45,67.80192
2023-10-07 13:00,80.04378
2023-10-07 13:15,70.10417
2023-10-07 13:30,68.18602
2023-10-07 13:45,66.16936
2023-10-07 14:00,81.17071
2023-10-07 14:15,69.54641
2023-10-07 14:30,68.52825
2023-10-07 14:45,63.79324
2023-10-07 15:00,68.70828
2023-10-07 15:15,64.45472
2023-10-07 15:30,60.62774
2023-10-07 15:45,55.64546
2023-10-07 16:00,64.37502
2023-10-07 16:15,64.52288
2023-10-07 16:30,64.12701
2023-10-07 16:45,59.64048
2023-10-07 17:00,65.73519
2023-10-07 17:15,64.91334
2023-10-07 17:30,59.40483
2023-10-07 17:45,57.22752
2023-10-07 18:00,62.88095
2023-10-07 18:15,62.27558
2023-10-07 18:30,60.13679
2023-10-07 18:45,55.43131
2023-10-07 19:00,58.28056
2023-10-07 19:15,55.34354
2023-10-07 19:30,53.12757
2023-10-07 19:45,53.00077
2023-10-07 20:00,54.16645
2023-10-07 20:15,55.45008
2023-10-07 20:30,54.66368
2023-10-07 20:45,54.75463
2023-10-07 21:00,50.47535
2023-10-07 21:15,51.03759
2023-10-07 21:30,54.33672
2023-10-07 21:45,54.09475
2023-10-07 22:00,54.47319
2023-10-07 22:15,58.88101
2023-10-07 22:30,60.69692
2023-10-07 22:45,57.14924
2023-10-07 23:00,56.89318
2023-10-07 23:15,49.8968
2023-10-07 23:30,38.91666
2023-10-07 23:45,24.4747
2023-10-08 0:00,28.44831
2023-10-08 0:15,15.73077
2023-10-08 0:30,-0.7079
2023-10-08 0:45,-7.37124
2023-10-08 1:00,13.1715
2023-10-08 1:15,13.4807
2023-10-08 1:30,12.73866
2023-10-08 1:45,-8.07581
2023-10-08 2:00,0.51789
2023-10-08 2:15,25.9295
2023-10-08 2:30,24.36128
2023-10-08 2:45,20.02481
2023-10-08 3:00,17.72362
2023-10-08 3:15,18.7394
2023-10-08 3:30,20.52289
2023-10-08 3:45,20.2822
2023-10-08 4:00,21.21944
2023-10-08 4:15,23.21494
2023-10-08 4:30,31.13882
2023-10-08 4:45,30.24371
2023-10-08 5:00,29.74989
2023-10-08 5:15,31.1527
2023-10-08 5:30,31.24567
2023-10-08 5:45,41.57123
2023-10-08 6:00,28.21642
2023-10-08 6:15,35.23186
2023-10-08 6:30,38.42739
2023-10-08 6:45,40.72889
2023-10-08 7:00,29.82746
2023-10-08 7:15,38.73842
2023-10-08 7:30,40.54814
2023-10-08 7:45,40.84425
2023-10-08 8:00,40.37178
2023-10-08 8:15,43.7532
2023-10-08 8:30,70.59196
2023-10-08 8:45,88.3965
2023-10-08 9:00,56.32532
2023-10-08 9:15,68.726
2023-10-08 9:30,96.89941
2023-10-08 9:45,100.55827
2023-10-08 10:00,98.6706
2023-10-08 10:15,119.74546
2023-10-08 10:30,123.10381
2023-10-08 10:45,138.34998
2023-10-08 11:00,106.56014
2023-10-08 11:15,94.63244
2023-10-08 11:30,93.8226
2023-10-08 11:45,81.3867
2023-10-08 12:00,91.21736
2023-10-08 12:15,83.19581
2023-10-08 12:30,76.15983
2023-10-08 12:45,66.66807
2023-10-08 13:00,85.11345
2023-10-08 13:15,80.2434
2023-10-08 13:30,72.35268
2023-10-08 13:45,67.38436
2023-10-08 14:00,73.42457
2023-10-08 14:15,75.92506
2023-10-08 14:30,67.78761
2023-10-08 14:45,66.92331
2023-10-08 15:00,68.13696
2023-10-08 15:15,67.64288
2023-10-08 15:30,57.84495
2023-10-08 15:45,56.55318
2023-10-08 16:00,61.87401
2023-10-08 16:15,57.10549
2023-10-08 16:30,57.25022
2023-10-08 16:45,53.38489
2023-10-08 17:00,55.08775
2023-10-08 17:15,53.08228
2023-10-08 17:30,51.31662
2023-10-08 17:45,51.03029
2023-10-08 18:00,51.48404
2023-10-08 18:15,49.62478
2023-10-08 18:30,47.87899
2023-10-08 18:45,44.83019
2023-10-08 19:00,50.82969
2023-10-08 19:15,49.22852
2023-10-08 19:30,50.8147
2023-10-08 19:45,48.26277
2023-10-08 20:00,47.17312
2023-10-08 20:15,46.71225
2023-10-08 20:30,48.33349
2023-10-08 20:45,49.14124
2023-10-08 21:00,47.85503
2023-10-08 21:15,48.38162
2023-10-08 21:30,48.44506
2023-10-08 21:45,48.36145
2023-10-08 22:00,50.08692
2023-10-08 22:15,51.24415
2023-10-08 22:30,51.5046
2023-10-08 22:45,51.0603
2023-10-08 23:00,52.60447
2023-10-08 23:15,48.36627
2023-10-08 23:30,41.37202
2023-10-08 23:45,29.62209
2023-10-09 0:00,42.26556
2023-10-09 0:15,34.31648
2023-10-09 0:30,28.09921
2023-10-09 0:45,25.315
2023-10-09 1:00,26.32156
2023-10-09 1:15,26.22796
2023-10-09 1:30,25.27949
2023-10-09 1:45,26.72885
2023-10-09 2:00,26.39033
2023-10-09 2:15,24.8262
2023-10-09 2:30,27.12178
2023-10-09 2:45,28.95279
2023-10-09 3:00,27.30774
2023-10-09 3:15,29.03717
2023-10-09 3:30,29.39226
2023-10-09 3:45,29.56308
2023-10-09 4:00,27.2284
2023-10-09 4:15,27.36942
2023-10-09 4:30,29.93156
2023-10-09 4:45,33.72215
2023-10-09 5:00,30.21595
2023-10-09 5:15,31.77613
2023-10-09 5:30,32.15472
2023-10-09 5:45,38.25843
2023-10-09 6:00,35.7157
2023-10-09 6:15,32.65555
2023-10-09 6:30,36.55053
2023-10-09 6:45,46.30167
2023-10-09 7:00,36.52017
2023-10-09 7:15,41.08992
2023-10-09 7:30,47.28504
2023-10-09 7:45,54.26869
2023-10-09 8:00,35.21677
2023-10-09 8:15,35.70074
2023-10-09 8:30,58.34928
2023-10-09 8:45,72.14959
2023-10-09 9:00,39.0662
2023-10-09 9:15,60.19789
2023-10-09 9:30,76.91747
2023-10-09 9:45,102.20251
2023-10-09 10:00,75.23518
2023-10-09 10:15,101.45848
2023-10-09 10:30,103.40134
2023-10-09 10:45,85.92285
2023-10-09 11:00,88.51377
2023-10-09 11:15,78.07486
2023-10-09 11:30,73.24354
2023-10-09 11:45,66.02594
2023-10-09 12:00,76.22354
2023-10-09 12:15,72.7965
2023-10-09 12:30,72.37875
2023-10-09 12:45,59.76329
2023-10-09 13:00,69.60073
2023-10-09 13:15,63.94303
2023-10-09 13:30,60.31695
2023-10-09 13:45,56.91359
2023-10-09 14:00,59.73788
2023-10-09 14:15,57.9478
2023-10-09 14:30,55.09288
2023-10-09 14:45,48.2396
2023-10-09 15:00,50.76738
2023-10-09 15:15,48.0069
2023-10-09 15:30,45.26292
2023-10-09 15:45,40.62186
2023-10-09 16:00,53.97663
2023-10-09 16:15,50.39132
2023-10-09 16:30,49.50469
2023-10-09 16:45,46.06703
2023-10-09 17:00,47.14696
2023-10-09 17:15,46.41605
2023-10-09 17:30,44.35743
2023-10-09 17:45,40.90181
2023-10-09 18:00,46.41645
2023-10-09 18:15,45.22444
2023-10-09 18:30,42.81394
2023-10-09 18:45,43.55097
2023-10-09 19:00,43.96168
2023-10-09 19:15,44.725
2023-10-09 19:30,42.59681
2023-10-09 19:45,42.89354
2023-10-09 20:00,45.04817
2023-10-09 20:15,46.62887
2023-10-09 20:30,46.97461
2023-10-09 20:45,47.79025
2023-10-09 21:00,44.26897
2023-10-09 21:15,47.35225
2023-10-09 21:30,48.65133
2023-10-09 21:45,51.16281
2023-10-09 22:00,51.05868
2023-10-09 22:15,52.99995
2023-10-09 22:30,57.30193
2023-10-09 22:45,57.57124
2023-10-09 23:00,54.71185
2023-10-09 23:15,53.32533
2023-10-09 23:30,45.67694
2023-10-09 23:45,32.94644
2023-10-10 0:00,41.3581
2023-10-10 0:15,31.80007
2023-10-10 0:30,20.35014
2023-10-10 0:45,10.61267
2023-10-10 1:00,16.65401
2023-10-10 1:15,42.14223
2023-10-10 1:30,42.06656
2023-10-10 1:45,42.36915
2023-10-10 2:00,55.4741
2023-10-10 2:15,50.0643
2023-10-10 2:30,51.2624
2023-10-10 2:45,42.15402
2023-10-10 3:00,53.37553
2023-10-10 3:15,54.13672
2023-10-10 3:30,58.58902
2023-10-10 3:45,59.7781
2023-10-10 4:00,60.96806
2023-10-10 4:15,61.98303
2023-10-10 4:30,64.78318
2023-10-10 4:45,61.0005
2023-10-10 5:00,67.67368
2023-10-10 5:15,75.4354
2023-10-10 5:30,74.27322
2023-10-10 5:45,66.51711
2023-10-10 6:00,56.31
2023-10-10 6:15,57.22966
2023-10-10 6:30,63.32235
2023-10-10 6:45,69.01942
2023-10-10 7:00,63.63369
2023-10-10 7:15,62.43088
2023-10-10 7:30,66.64285
2023-10-10 7:45,67.05488
2023-10-10 8:00,52.5192
2023-10-10 8:15,55.30858
2023-10-10 8:30,58.79508
2023-10-10 8:45,71.65312
2023-10-10 9:00,51.46449
2023-10-10 9:15,58.84595
2023-10-10 9:30,74.46379
2023-10-10 9:45,89.14328
2023-10-10 10:00,72.67389
2023-10-10 10:15,75.76239
2023-10-10 10:30,76.9435
2023-10-10 10:45,92.60984
2023-10-10 11:00,87.91734
2023-10-10 11:15,80.95664
2023-10-10 11:30,78.15896
2023-10-10 11:45,77.85525
2023-10-10 12:00,79.45464
2023-10-10 12:15,84.77997
2023-10-10 12:30,77.68516
2023-10-10 12:45,66.19338
2023-10-10 13:00,67.50867
2023-10-10 13:15,66.79949
2023-10-10 13:30,62.30573
2023-10-10 13:45,59.19677
2023-10-10 14:00,62.00845
2023-10-10 14:15,58.89798
2023-10-10 14:30,55.24048
2023-10-10 14:45,47.47658
2023-10-10 15:00,58.63003
2023-10-10 15:15,53.3877
2023-10-10 15:30,51.12815
2023-10-10 15:45,46.04674
2023-10-10 16:00,52.12867
2023-10-10 16:15,49.46442
2023-10-10 16:30,48.89864
2023-10-10 16:45,46.30735
2023-10-10 17:00,47.6862
2023-10-10 17:15,47.79127
2023-10-10 17:30,47.26585
2023-10-10 17:45,46.4651
2023-10-10 18:00,46.55789
2023-10-10 18:15,46.28242
2023-10-10 18:30,45.23197
2023-10-10 18:45,43.95487
2023-10-10 19:00,45.30051
2023-10-10 19:15,45.59172
2023-10-10 19:30,45.5879
2023-10-10 19:45,45.35114
2023-10-10 20:00,44.66537
2023-10-10 20:15,44.49235
2023-10-10 20:30,45.27803
2023-10-10 20:45,45.45822
2023-10-10 21:00,44.46109
2023-10-10 21:15,45.59695
2023-10-10 21:30,46.4641
2023-10-10 21:45,46.8374
2023-10-10 22:00,52.70741
2023-10-10 22:15,57.31871
2023-10-10 22:30,59.26686
2023-10-10 22:45,60.35912
2023-10-10 23:00,63.35662
2023-10-10 23:15,60.06229
2023-10-10 23:30,47.18642
2023-10-10 23:45,36.09034
2023-10-11 0:00,36.16507
2023-10-11 0:15,35.47151
2023-10-11 0:30,26.74401
2023-10-11 0:45,26.40672
2023-10-11 1:00,31.73699
2023-10-11 1:15,25.28283
2023-10-11 1:30,25.73486
2023-10-11 1:45,25.52048
2023-10-11 2:00,25.23265
2023-10-11 2:15,29.94463
2023-10-11 2:30,27.79935
2023-10-11 2:45,26.61096
2023-10-11 3:00,27.59234
2023-10-11 3:15,23.732
2023-10-11 3:30,22.28253
2023-10-11 3:45,17.37001
2023-10-11 4:00,20.52998
2023-10-11 4:15,22.67522
2023-10-11 4:30,22.64381
2023-10-11 4:45,18.79266
2023-10-11 5:00,25.66932
2023-10-11 5:15,18.76566
2023-10-11 5:30,24.78772
2023-10-11 5:45,24.50258
2023-10-11 6:00,21.35488
2023-10-11 6:15,23.85785
2023-10-11 6:30,27.84789
2023-10-11 6:45,29.11443
2023-10-11 7:00,29.11443
2023-10-11 7:15,29.11443
2023-10-11 7:30,24.99691
2023-10-11 7:45,28.35798
2023-10-11 8:00,22.76241
2023-10-11 8:15,21.94801
2023-10-11 8:30,34.10468
2023-10-11 8:45,56.60523
2023-10-11 9:00,31.31767
2023-10-11 9:15,42.01533
2023-10-11 9:30,59.78413
2023-10-11 9:45,69.32903
2023-10-11 10:00,60.22417
2023-10-11 10:15,65.1585
2023-10-11 10:30,69.29956
2023-10-11 10:45,86.46526
2023-10-11 11:00,68.88099
2023-10-11 11:15,66.95851
2023-10-11 11:30,66.80513
2023-10-11 11:45,62.05364
2023-10-11 12:00,65.37982
2023-10-11 12:15,57.44722
2023-10-11 12:30,58.38504
2023-10-11 12:45,50.38753
2023-10-11 13:00,57.13609
2023-10-11 13:15,56.1123
2023-10-11 13:30,53.79204
2023-10-11 13:45,48.21847
2023-10-11 14:00,55.33442
2023-10-11 14:15,52.22521
2023-10-11 14:30,47.74177
2023-10-11 14:45,42.14696
2023-10-11 15:00,42.99272
2023-10-11 15:15,41.14767
2023-10-11 15:30,40.59366
2023-10-11 15:45,36.21233
2023-10-11 16:00,41.12496
2023-10-11 16:15,39.81171
2023-10-11 16:30,39.63978
2023-10-11 16:45,38.12954
2023-10-11 17:00,39.80514
2023-10-11 17:15,39.4907
2023-10-11 17:30,36.94693
2023-10-11 17:45,34.64039
2023-10-11 18:00,37.1941
2023-10-11 18:15,36.02682
2023-10-11 18:30,36.268
2023-10-11 18:45,33.16717
2023-10-11 19:00,35.03565
2023-10-11 19:15,33.98167
2023-10-11 19:30,33.21572
2023-10-11 19:45,34.30423
2023-10-11 20:00,33.01876
2023-10-11 20:15,33.14659
2023-10-11 20:30,34.70204
2023-10-11 20:45,34.64719
2023-10-11 21:00,36.76052
2023-10-11 21:15,43.90413
2023-10-11 21:30,47.08933
2023-10-11 21:45,53.47685
2023-10-11 22:00,50.67174
2023-10-11 22:15,55.08792
2023-10-11 22:30,57.98293
2023-10-11 22:45,58.16554
2023-10-11 23:00,79.69882
2023-10-11 23:15,65.0024
2023-10-11 23:30,47.10928
2023-10-11 23:45,35.54492
2023-10-12 0:00,43.77956
2023-10-12 0:15,35.95212
2023-10-12 0:30,32.80626
2023-10-12 0:45,22.79757
2023-10-12 1:00,20.81495
2023-10-12 1:15,17.96868
2023-10-12 1:30,12.73851
2023-10-12 1:45,14.58566
2023-10-12 2:00,26.33184
2023-10-12 2:15,23.11605
2023-10-12 2:30,21.4998
2023-10-12 2:45,11.09554
2023-10-12 3:00,8.31951
2023-10-12 3:15,10.4533
2023-10-12 3:30,8.12824
2023-10-12 3:45,8.53375
2023-10-12 4:00,18.83465
2023-10-12 4:15,18.84527
2023-10-12 4:30,9.9799
2023-10-12 4:45,10.57809
2023-10-12 5:00,15.6341
2023-10-12 5:15,9.87127
2023-10-12 5:30,2.57173
2023-10-12 5:45,9.85528
2023-10-12 6:00,4.24565
2023-10-12 6:15,3.80141
2023-10-12 6:30,4.77396
2023-10-12 6:45,5.24521
2023-10-12 7:00,3.28739
2023-10-12 7:15,0.15888
2023-10-12 7:30,7.39156
2023-10-12 7:45,6.77222
2023-10-12 8:00,6.23167
2023-10-12 8:15,5.58589
2023-10-12 8:30,22.55867
2023-10-12 8:45,33.5324
2023-10-12 9:00,21.40618
2023-10-12 9:15,34.99418
2023-10-12 9:30,49.97327
2023-10-12 9:45,68.06347
2023-10-12 10:00,57.42779
2023-10-12 10:15,68.98798
2023-10-12 10:30,71.97732
2023-10-12 10:45,93.82926
2023-10-12 11:00,68.7925
2023-10-12 11:15,69.85499
2023-10-12 11:30,77.17101
2023-10-12 11:45,71.65044
2023-10-12 12:00,68.76328
2023-10-12 12:15,66.44548
2023-10-12 12:30,66.03313
2023-10-12 12:45,54.98619
2023-10-12 13:00,59.95377
2023-10-12 13:15,53.99557
2023-10-12 13:30,53.21019
2023-10-12 13:45,47.14737
2023-10-12 14:00,49.7123
2023-10-12 14:15,46.91628
2023-10-12 14:30,45.11329
2023-10-12 14:45,39.83159
2023-10-12 15:00,39.99453
2023-10-12 15:15,41.72808
2023-10-12 15:30,39.76905
2023-10-12 15:45,39.08925
2023-10-12 16:00,52.12423
2023-10-12 16:15,39.81874
2023-10-12 16:30,40.71122
2023-10-12 16:45,38.37169
2023-10-12 17:00,39.40014
2023-10-12 17:15,38.38324
2023-10-12 17:30,38.19275
2023-10-12 17:45,38.37977
2023-10-12 18:00,38.41135
2023-10-12 18:15,40.48286
2023-10-12 18:30,39.5785
2023-10-12 18:45,39.58972
2023-10-12 19:00,43.08079
2023-10-12 19:15,42.30446
2023-10-12 19:30,42.63726
2023-10-12 19:45,41.55941
2023-10-12 20:00,39.33418
2023-10-12 20:15,39.852
2023-10-12 20:30,42.48209
2023-10-12 20:45,47.04759
2023-10-12 21:00,44.98563
2023-10-12 21:15,48.71143
2023-10-12 21:30,50.11526
2023-10-12 21:45,54.93
2023-10-12 22:00,44.10154
2023-10-12 22:15,51.6576
2023-10-12 22:30,54.93
2023-10-12 22:45,54.78351
2023-10-12 23:00,62.20955
2023-10-12 23:15,53.03535
2023-10-12 23:30,40.50772
2023-10-12 23:45,31.52308
2023-10-13 0:00,35.31747
2023-10-13 0:15,29.32745
2023-10-13 0:30,9.83674
2023-10-13 0:45,1.46895
2023-10-13 1:00,8.26101
2023-10-13 1:15,4.83522
2023-10-13 1:30,-1.31334
2023-10-13 1:45,-14.80218
2023-10-13 2:00,1.60727
2023-10-13 2:15,-7.9263
2023-10-13 2:30,-13.30474
2023-10-13 2:45,-15.24646
2023-10-13 3:00,-17.32139
2023-10-13 3:15,-14.68435
2023-10-13 3:30,-14.43632
2023-10-13 3:45,-17.25946
2023-10-13 4:00,-17.33445
2023-10-13 4:15,-13.33058
2023-10-13 4:30,-13.71027
2023-10-13 4:45,-14.21845
2023-10-13 5:00,-13.18601
2023-10-13 5:15,-4.7635
2023-10-13 5:30,-1.88817
2023-10-13 5:45,6.69421
2023-10-13 6:00,0.09758
2023-10-13 6:15,5.30342
2023-10-13 6:30,0
2023-10-13 6:45,11.31188
2023-10-13 7:00,0.01512
2023-10-13 7:15,3.08284
2023-10-13 7:30,15.86841
2023-10-13 7:45,26.95394
2023-10-13 8:00,26.32676
2023-10-13 8:15,27.78197
2023-10-13 8:30,40.78677
2023-10-13 8:45,54.77592
2023-10-13 9:00,32.49576
2023-10-13 9:15,42.05854
2023-10-13 9:30,65.18
2023-10-13 9:45,80.82
2023-10-13 10:00,57.00129
2023-10-13 10:15,66.85245
2023-10-13 10:30,71.41224
2023-10-13 10:45,70.35778
2023-10-13 11:00,67.52511
2023-10-13 11:15,75.49523
2023-10-13 11:30,65.15
2023-10-13 11:45,61.3031
2023-10-13 12:00,64.20283
2023-10-13 12:15,59.64606
2023-10-13 12:30,63.34718
2023-10-13 12:45,63.23729
2023-10-13 13:00,80.27476
2023-10-13 13:15,73.69223
2023-10-13 13:30,73.62973
2023-10-13 13:45,66.02619
2023-10-13 14:00,79.08
2023-10-13 14:15,63.18895
2023-10-13 14:30,58.34535
2023-10-13 14:45,53.747
2023-10-13 15:00,60.13238
2023-10-13 15:15,57.00991
2023-10-13 15:30,52.08749
2023-10-13 15:45,47.68295
2023-10-13 16:00,62.46981
2023-10-13 16:15,54.35482
2023-10-13 16:30,52.43472
2023-10-13 16:45,47.73557
2023-10-13 17:00,54.99309
2023-10-13 17:15,56.52084
2023-10-13 17:30,50.95446
2023-10-13 17:45,44.32792
2023-10-13 18:00,51.39569
2023-10-13 18:15,50.73929
2023-10-13 18:30,49.30904
2023-10-13 18:45,49.15989
2023-10-13 19:00,48.4379
2023-10-13 19:15,48.23516
2023-10-13 19:30,48.96442
2023-10-13 19:45,47.52639
2023-10-13 20:00,46.80159
2023-10-13 20:15,49.31706
2023-10-13 20:30,51.28024
2023-10-13 20:45,54.86386
2023-10-13 21:00,45.69768
2023-10-13 21:15,47.42716
2023-10-13 21:30,57.87154
2023-10-13 21:45,61.01057
2023-10-13 22:00,49.56849
2023-10-13 22:15,59.75283
2023-10-13 22:30,62.14436
2023-10-13 22:45,64.66221
2023-10-13 23:00,70.32713
2023-10-13 23:15,64.19212
2023-10-13 23:30,55.62758
2023-10-13 23:45,41.99994
2023-10-14 0:00,42.65704
2023-10-14 0:15,35.24055
2023-10-14 0:30,34.60864
2023-10-14 0:45,27.63522
2023-10-14 1:00,35.22051
2023-10-14 1:15,24.77543
2023-10-14 1:30,24.29479
2023-10-14 1:45,22.5482
2023-10-14 2:00,30.39812
2023-10-14 2:15,30.43233
2023-10-14 2:30,27.32798
2023-10-14 2:45,26.46401
2023-10-14 3:00,31.54143
2023-10-14 3:15,28.55713
2023-10-14 3:30,27.88143
2023-10-14 3:45,28.17317
2023-10-14 4:00,27.48048
2023-10-14 4:15,25.25674
2023-10-14 4:30,24.58446
2023-10-14 4:45,15.07913
2023-10-14 5:00,21.08015
2023-10-14 5:15,22.90273
2023-10-14 5:30,25.46892
2023-10-14 5:45,26.4897
2023-10-14 6:00,35.44047
2023-10-14 6:15,35.6736
2023-10-14 6:30,37.20984
2023-10-14 6:45,46.53423
2023-10-14 7:00,35.63506
2023-10-14 7:15,37.26619
2023-10-14 7:30,45.07589
2023-10-14 7:45,41.65006
2023-10-14 8:00,40.90715
2023-10-14 8:15,59.93291
2023-10-14 8:30,103.11656
2023-10-14 8:45,93.25801
2023-10-14 9:00,57.57306
2023-10-14 9:15,71.86616
2023-10-14 9:30,91.33672
2023-10-14 9:45,119.41616
2023-10-14 10:00,72.46023
2023-10-14 10:15,73.3158
2023-10-14 10:30,74.43798
2023-10-14 10:45,80.71082
2023-10-14 11:00,83.2045
2023-10-14 11:15,81.50366
2023-10-14 11:30,75.27573
2023-10-14 11:45,72.09579
2023-10-14 12:00,94.08881
2023-10-14 12:15,80.58107
2023-10-14 12:30,74.47809
2023-10-14 12:45,71.3989
2023-10-14 13:00,72.31825
2023-10-14 13:15,72.65996
2023-10-14 13:30,71.60891
2023-10-14 13:45,65.14752
2023-10-14 14:00,78.08042
2023-10-14 14:15,70.98909
2023-10-14 14:30,70.9573
2023-10-14 14:45,61.12384
2023-10-14 15:00,68.91762
2023-10-14 15:15,61.28916
2023-10-14 15:30,58.30486
2023-10-14 15:45,53.25303
2023-10-14 16:00,63.35526
2023-10-14 16:15,56.96582
2023-10-14 16:30,53.98859
2023-10-14 16:45,48.11774
2023-10-14 17:00,59.73002
2023-10-14 17:15,59.37226
2023-10-14 17:30,56.33056
2023-10-14 17:45,51.35613
2023-10-14 18:00,55.39869
2023-10-14 18:15,63.42304
2023-10-14 18:30,54.75156
2023-10-14 18:45,55.13102
2023-10-14 19:00,55.72808
2023-10-14 19:15,56.39722
2023-10-14 19:30,55.30412
2023-10-14 19:45,57.52406
2023-10-14 20:00,61.64744
2023-10-14 20:15,62.32747
2023-10-14 20:30,68.06044
2023-10-14 20:45,66.14959
2023-10-14 21:00,58.82529
2023-10-14 21:15,60.67345
2023-10-14 21:30,63.52605
2023-10-14 21:45,73.84477
2023-10-14 22:00,50.27146
2023-10-14 22:15,50.21478
2023-10-14 22:30,54.32382
2023-10-14 22:45,58.58268
2023-10-14 23:00,50.02168
2023-10-14 23:15,44.15091
2023-10-14 23:30,59.66476
2023-10-14 23:45,26.60339
2023-10-15 0:00,23.31767
2023-10-15 0:15,13.05139
2023-10-15 0:30,12.77015
2023-10-15 0:45,23.47004
2023-10-15 1:00,38.4351
2023-10-15 1:15,52.15678
2023-10-15 1:30,41.98111
2023-10-15 1:45,27.587
2023-10-15 2:00,25.28067
2023-10-15 2:15,2.91705
2023-10-15 2:30,-15.26755
2023-10-15 2:45,-24.33159
2023-10-15 3:00,-18.40702
2023-10-15 3:15,-22.74796
2023-10-15 3:30,-25.39984
2023-10-15 3:45,-30.00173
2023-10-15 4:00,-24.97249
2023-10-15 4:15,-25.24583
2023-10-15 4:30,-29.04115
2023-10-15 4:45,-24.41396
2023-10-15 5:00,-22.32985
2023-10-15 5:15,-18.1402
2023-10-15 5:30,-24.64087
2023-10-15 5:45,-17.61282
2023-10-15 6:00,-15.31388
2023-10-15 6:15,-14.01416
2023-10-15 6:30,-9.8995
2023-10-15 6:45,-17.03292
2023-10-15 7:00,-13.06506
2023-10-15 7:15,-17.12222
2023-10-15 7:30,1.6442
2023-10-15 7:45,0.412
2023-10-15 8:00,14.19629
2023-10-15 8:15,23.75302
2023-10-15 8:30,33.94211
2023-10-15 8:45,57.71371
2023-10-15 9:00,37.46348
2023-10-15 9:15,52.12224
2023-10-15 9:30,67.53491
2023-10-15 9:45,98.92083
2023-10-15 10:00,71.22534
2023-10-15 10:15,98.34131
2023-10-15 10:30,119.159
2023-10-15 10:45,84.91284
2023-10-15 11:00,79.60844
2023-10-15 11:15,70.34465
2023-10-15 11:30,69.69505
2023-10-15 11:45,66.79177
2023-10-15 12:00,67.80745
2023-10-15 12:15,65.41161
2023-10-15 12:30,67.79543
2023-10-15 12:45,55.89891
2023-10-15 13:00,68.25352
2023-10-15 13:15,67.03289
2023-10-15 13:30,66.929
2023-10-15 13:45,64.34099
2023-10-15 14:00,70.27001
2023-10-15 14:15,65.59238
2023-10-15 14:30,59.95628
2023-10-15 14:45,51.92231
2023-10-15 15:00,53.30435
2023-10-15 15:15,50.72652
2023-10-15 15:30,49.89762
2023-10-15 15:45,48.52804
2023-10-15 16:00,61.11052
2023-10-15 16:15,59.02635
2023-10-15 16:30,57.75152
2023-10-15 16:45,55.86182
2023-10-15 17:00,56.05133
2023-10-15 17:15,53.08816
2023-10-15 17:30,51.3566
2023-10-15 17:45,49.6902
2023-10-15 18:00,57.2639
2023-10-15 18:15,55.29191
2023-10-15 18:30,53.07836
2023-10-15 18:45,49.25448
2023-10-15 19:00,53.87686
2023-10-15 19:15,51.93915
2023-10-15 19:30,54.26685
2023-10-15 19:45,54.36897
2023-10-15 20:00,54.93898
2023-10-15 20:15,54.53118
2023-10-15 20:30,54.91975
2023-10-15 20:45,55.44389
2023-10-15 21:00,58.07229
2023-10-15 21:15,58.19597
2023-10-15 21:30,58.79683
2023-10-15 21:45,58.76641
2023-10-15 22:00,59.90095
2023-10-15 22:15,59.08518
2023-10-15 22:30,60.50344
2023-10-15 22:45,59.59992
2023-10-15 23:00,53.8144
2023-10-15 23:15,46.96413
2023-10-15 23:30,38.59806
2023-10-15 23:45,24.75159
2023-10-16 0:00,34.05136
2023-10-16 0:15,12.87196
2023-10-16 0:30,4.44169
2023-10-16 0:45,-9.45414
2023-10-16 1:00,-19.38762
2023-10-16 1:15,-19.22602
2023-10-16 1:30,-26.43209
2023-10-16 1:45,-32.75073
2023-10-16 2:00,-31.38188
2023-10-16 2:15,-32.88545
2023-10-16 2:30,-32.81295
2023-10-16 2:45,-33.29094
2023-10-16 3:00,-32.79264
2023-10-16 3:15,-32.78863
2023-10-16 3:30,-28.42301
2023-10-16 3:45,-26.08835
2023-10-16 4:00,-12.29254
2023-10-16 4:15,-10.42722
2023-10-16 4:30,-9.84796
2023-10-16 4:45,-31.67121
2023-10-16 5:00,-33.39006
2023-10-16 5:15,-32.4807
2023-10-16 5:30,-26.15263
2023-10-16 5:45,-5.97343
2023-10-16 6:00,-8.73834
2023-10-16 6:15,-5.93058
2023-10-16 6:30,2.84725
2023-10-16 6:45,7.25583
2023-10-16 7:00,5.17743
2023-10-16 7:15,9.60221
2023-10-16 7:30,16.99644
2023-10-16 7:45,20.45769
2023-10-16 8:00,9.81551
2023-10-16 8:15,25.11028
2023-10-16 8:30,37.57271
2023-10-16 8:45,90.74655
2023-10-16 9:00,33.6839
2023-10-16 9:15,45.35518
2023-10-16 9:30,66.85226
2023-10-16 9:45,153.70131
2023-10-16 10:00,52.84219
2023-10-16 10:15,66.15782
2023-10-16 10:30,85.32022
2023-10-16 10:45,76.96307
2023-10-16 11:00,121.2058
2023-10-16 11:15,68.54952
2023-10-16 11:30,95.79175
2023-10-16 11:45,83.49433
2023-10-16 12:00,81.40132
2023-10-16 12:15,104.05628
2023-10-16 12:30,109.45807
2023-10-16 12:45,68.67817
2023-10-16 13:00,76.99207
2023-10-16 13:15,68.86231
2023-10-16 13:30,67.664
2023-10-16 13:45,67.45338
2023-10-16 14:00,88.79952
2023-10-16 14:15,78.70788
2023-10-16 14:30,71.12221
2023-10-16 14:45,60.20007
2023-10-16 15:00,66.23756
2023-10-16 15:15,62.51869
2023-10-16 15:30,60.41444
2023-10-16 15:45,54.09345
2023-10-16 16:00,64.84922
2023-10-16 16:15,60.48905
2023-10-16 16:30,59.40902
2023-10-16 16:45,53.43183
2023-10-16 17:00,60.52031
2023-10-16 17:15,53.18179
2023-10-16 17:30,51.95874
2023-10-16 17:45,47.51832
2023-10-16 18:00,52.95246
2023-10-16 18:15,52.68161
2023-10-16 18:30,52.07687
2023-10-16 18:45,48.872
2023-10-16 19:00,52.52657
2023-10-16 19:15,53.87849
2023-10-16 19:30,53.33575
2023-10-16 19:45,52.45995
2023-10-16 20:00,52.9787
2023-10-16 20:15,53.41113
2023-10-16 20:30,59.3881
2023-10-16 20:45,63.21959
2023-10-16 21:00,63.80733
2023-10-16 21:15,67.34332
2023-10-16 21:30,73.44092
2023-10-16 21:45,75.51818
2023-10-16 22:00,68.21088
2023-10-16 22:15,76.56007
2023-10-16 22:30,79.55464
2023-10-16 22:45,81.88091
2023-10-16 23:00,90.04375
2023-10-16 23:15,79.31555
2023-10-16 23:30,64.1699
2023-10-16 23:45,44.38129
2023-10-17 0:00,49.84495
2023-10-17 0:15,32.37235
2023-10-17 0:30,24.06847
2023-10-17 0:45,16.29432
2023-10-17 1:00,22.05825
2023-10-17 1:15,21.99727
2023-10-17 1:30,21.76994
2023-10-17 1:45,23.63561
2023-10-17 2:00,27.78762
2023-10-17 2:15,34.25127
2023-10-17 2:30,34.01647
2023-10-17 2:45,34.13607
2023-10-17 3:00,31.58471
2023-10-17 3:15,31.52135
2023-10-17 3:30,45.24314
2023-10-17 3:45,45.35383
2023-10-17 4:00,33.50767
2023-10-17 4:15,46.91014
2023-10-17 4:30,44.0542
2023-10-17 4:45,32.07113
2023-10-17 5:00,33.59608
2023-10-17 5:15,31.54343
2023-10-17 5:30,31.47906
2023-10-17 5:45,31.46508
2023-10-17 6:00,31.64
2023-10-17 6:15,45.18533
2023-10-17 6:30,33.79658
2023-10-17 6:45,47.04366
2023-10-17 7:00,56.5317
2023-10-17 7:15,66.24554
2023-10-17 7:30,80.05517
2023-10-17 7:45,85.21404
2023-10-17 8:00,55.2397
2023-10-17 8:15,69.20494
2023-10-17 8:30,109.73668
2023-10-17 8:45,128.5846
2023-10-17 9:00,85.97701
2023-10-17 9:15,118.08262
2023-10-17 9:30,221.20915
2023-10-17 9:45,371.89432
2023-10-17 10:00,135.65659
2023-10-17 10:15,134.91222
2023-10-17 10:30,147.29051
2023-10-17 10:45,131.42429
2023-10-17 11:00,116.40747
2023-10-17 11:15,98.99114
2023-10-17 11:30,97.4197
2023-10-17 11:45,90.88787
2023-10-17 12:00,94.9264
2023-10-17 12:15,90.10451
2023-10-17 12:30,90.972
2023-10-17 12:45,76.24375
2023-10-17 13:00,77.06916
2023-10-17 13:15,73.04779
2023-10-17 13:30,70.19539
2023-10-17 13:45,63.64684
2023-10-17 14:00,66.87892
2023-10-17 14:15,63.80361
2023-10-17 14:30,59.77156
2023-10-17 14:45,55.3078
2023-10-17 15:00,57.9204
2023-10-17 15:15,50.43579
2023-10-17 15:30,47.41538
2023-10-17 15:45,44.58555
2023-10-17 16:00,61.06224
2023-10-17 16:15,54.43652
2023-10-17 16:30,52.90873
2023-10-17 16:45,47.38766
2023-10-17 17:00,55.08342
2023-10-17 17:15,52.43201
2023-10-17 17:30,49.51147
2023-10-17 17:45,49.20506
2023-10-17 18:00,53.6724
2023-10-17 18:15,51.78276
2023-10-17 18:30,50.18133
2023-10-17 18:45,47.65433
2023-10-17 19:00,47.68367
2023-10-17 19:15,47.25252
2023-10-17 19:30,47.31111
2023-10-17 19:45,47.2477
2023-10-17 20:00,46.14164
2023-10-17 20:15,47.56127
2023-10-17 20:30,50.77432
2023-10-17 20:45,52.90745
2023-10-17 21:00,48.67209
2023-10-17 21:15,50.57623
2023-10-17 21:30,58.34206
2023-10-17 21:45,62.36896
2023-10-17 22:00,59.7383
2023-10-17 22:15,62.67434
2023-10-17 22:30,75.46581
2023-10-17 22:45,75.99499
2023-10-17 23:00,80.68
2023-10-17 23:15,71.77071
2023-10-17 23:30,63.80523
2023-10-17 23:45,44.96541
2023-10-18 0:00,49.83981
2023-10-18 0:15,35.11343
2023-10-18 0:30,27.68182
2023-10-18 0:45,25.65515
2023-10-18 1:00,28.55039
2023-10-18 1:15,25.17451
2023-10-18 1:30,21.10013
2023-10-18 1:45,20.93108
2023-10-18 2:00,29.66815
2023-10-18 2:15,29.70944
2023-10-18 2:30,24.93908
2023-10-18 2:45,27.52302
2023-10-18 3:00,27.68192
2023-10-18 3:15,24.8267
2023-10-18 3:30,28.62887
2023-10-18 3:45,26.79274
2023-10-18 4:00,24.15693
2023-10-18 4:15,28.41312
2023-10-18 4:30,32.27603
2023-10-18 4:45,29.70039
2023-10-18 5:00,34.38507
2023-10-18 5:15,34.38507
2023-10-18 5:30,35.7279
2023-10-18 5:45,42.61222
2023-10-18 6:00,27.49947
2023-10-18 6:15,34.5884
2023-10-18 6:30,43.02861
2023-10-18 6:45,47.09006
2023-10-18 7:00,37.12099
2023-10-18 7:15,49.42423
2023-10-18 7:30,51.50766
2023-10-18 7:45,53.39189
2023-10-18 8:00,35.15622
2023-10-18 8:15,49.40969
2023-10-18 8:30,111.77747
2023-10-18 8:45,124.9988
2023-10-18 9:00,72.46753
2023-10-18 9:15,90.89
2023-10-18 9:30,138.40016
2023-10-18 9:45,195
2023-10-18 10:00,127.57
2023-10-18 10:15,140.82668
2023-10-18 10:30,162.08163
2023-10-18 10:45,162.08163
2023-10-18 11:00,125.17
2023-10-18 11:15,118.1
2023-10-18 11:30,112.34
2023-10-18 11:45,100.17
2023-10-18 12:00,112.34
2023-10-18 12:15,112.34
2023-10-18 12:30,112.34
2023-10-18 12:45,89.84
2023-10-18 13:00,91.61135
2023-10-18 13:15,89.84
2023-10-18 13:30,87
2023-10-18 13:45,81
2023-10-18 14:00,89.4312
2023-10-18 14:15,85.30374
2023-10-18 14:30,78.30053
2023-10-18 14:45,76.9924
2023-10-18 15:00,75.1588
2023-10-18 15:15,70.2648
2023-10-18 15:30,67.28702
2023-10-18 15:45,63.95327
2023-10-18 16:00,70.92
2023-10-18 16:15,69.0012
2023-10-18 16:30,66.43
2023-10-18 16:45,64.56118
2023-10-18 17:00,62.26907
2023-10-18 17:15,61.41247
2023-10-18 17:30,59.1488
2023-10-18 17:45,58.21732
2023-10-18 18:00,60
2023-10-18 18:15,58.59437
2023-10-18 18:30,60.8836
2023-10-18 18:45,60
2023-10-18 19:00,59.07
2023-10-18 19:15,58.2088
2023-10-18 19:30,58.39
2023-10-18 19:45,59.49
2023-10-18 20:00,59.1488
2023-10-18 20:15,61.18
2023-10-18 20:30,64.1988
2023-10-18 20:45,68.0012
2023-10-18 21:00,58.69866
2023-10-18 21:15,64.2588
2023-10-18 21:30,74.61633
2023-10-18 21:45,79.36775
2023-10-18 22:00,76.74895
2023-10-18 22:15,83.21641
2023-10-18 22:30,94.46548
2023-10-18 22:45,97.0138
2023-10-18 23:00,113.25442
2023-10-18 23:15,95.3668
2023-10-18 23:30,71.92007
2023-10-18 23:45,49.48337
2023-10-19 0:00,50.89928
2023-10-19 0:15,39.38496
2023-10-19 0:30,28.11842
2023-10-19 0:45,29.6212
2023-10-19 1:00,34.41353
2023-10-19 1:15,30.38653
2023-10-19 1:30,30.95738
2023-10-19 1:45,28.8562
2023-10-19 2:00,32.51474
2023-10-19 2:15,32.11135
2023-10-19 2:30,32.88123
2023-10-19 2:45,32.46419
2023-10-19 3:00,32.88149
2023-10-19 3:15,32.04688
2023-10-19 3:30,32.18337
2023-10-19 3:45,30.8099
2023-10-19 4:00,40.53334
2023-10-19 4:15,37.60376
2023-10-19 4:30,42.77142
2023-10-19 4:45,39.53408
2023-10-19 5:00,33.83148
2023-10-19 5:15,39.75668
2023-10-19 5:30,44.20903
2023-10-19 5:45,52.26113
2023-10-19 6:00,39.22122
2023-10-19 6:15,39.29326
2023-10-19 6:30,44.20551
2023-10-19 6:45,47.58506
2023-10-19 7:00,35.67713
2023-10-19 7:15,45.3324
2023-10-19 7:30,62.0124
2023-10-19 7:45,76.31721
2023-10-19 8:00,36.69706
2023-10-19 8:15,54.33849
2023-10-19 8:30,122.57766
2023-10-19 8:45,137.05
2023-10-19 9:00,90.81471
2023-10-19 9:15,123.98962
2023-10-19 9:30,228.56354
2023-10-19 9:45,1029.2971
2023-10-19 10:00,251.31332
2023-10-19 10:15,250.765
2023-10-19 10:30,483.1576
2023-10-19 10:45,236.7922
2023-10-19 11:00,151.91457
2023-10-19 11:15,121.12103
2023-10-19 11:30,128.59006
2023-10-19 11:45,103.77025
2023-10-19 12:00,126.03671
2023-10-19 12:15,118.6595
2023-10-19 12:30,151.36942
2023-10-19 12:45,101.32243
2023-10-19 13:00,118.06358
2023-10-19 13:15,108.20745
2023-10-19 13:30,103.67872
2023-10-19 13:45,103.51459
2023-10-19 14:00,101.1324
2023-10-19 14:15,100.6312
2023-10-19 14:30,89.02
2023-10-19 14:45,79.36775
2023-10-19 15:00,86.96
2023-10-19 15:15,80.93351
2023-10-19 15:30,76.34961
2023-10-19 15:45,73.20704
2023-10-19 16:00,81.30301
2023-10-19 16:15,76.58447
2023-10-19 16:30,77.75756
2023-10-19 16:45,70.99347
2023-10-19 17:00,71.35119
2023-10-19 17:15,70.8408
2023-10-19 17:30,70.25327
2023-10-19 17:45,68.28098
2023-10-19 18:00,69.80464
2023-10-19 18:15,69.99043
2023-10-19 18:30,68.38704
2023-10-19 18:45,64.92625
2023-10-19 19:00,69.14973
2023-10-19 19:15,69.6446
2023-10-19 19:30,68.70345
2023-10-19 19:45,69.68578
2023-10-19 20:00,69.08844
2023-10-19 20:15,71.59
2023-10-19 20:30,80.0412
2023-10-19 20:45,81.44494
2023-10-19 21:00,70.2311
2023-10-19 21:15,81.13
2023-10-19 21:30,89.82
2023-10-19 21:45,90
2023-10-19 22:00,83.57
2023-10-19 22:15,90.12816
2023-10-19 22:30,105.62132
2023-10-19 22:45,129.3724
2023-10-19 23:00,137.33527
2023-10-19 23:15,111.9
2023-10-19 23:30,83.57
2023-10-19 23:45,63.46587
2023-10-20 0:00,74.37316
2023-10-20 0:15,49.56681
2023-10-20 0:30,42.86514
2023-10-20 0:45,37.63664
2023-10-20 1:00,47.36129
2023-10-20 1:15,44.23322
2023-10-20 1:30,43.18475
2023-10-20 1:45,37.08916
2023-10-20 2:00,39.69561
2023-10-20 2:15,40.26583
2023-10-20 2:30,40.31282
2023-10-20 2:45,39.13521
2023-10-20 3:00,37.77262
2023-10-20 3:15,39.37519
2023-10-20 3:30,47.51022
2023-10-20 3:45,47.66287
2023-10-20 4:00,36.21056
2023-10-20 4:15,38.85821
2023-10-20 4:30,45.64754
2023-10-20 4:45,46.38666
2023-10-20 5:00,35.36149
2023-10-20 5:15,38.14013
2023-10-20 5:30,45.74841
2023-10-20 5:45,49.57605
2023-10-20 6:00,32.49067
2023-10-20 6:15,29.33088
2023-10-20 6:30,46.93522
2023-10-20 6:45,62.19343
2023-10-20 7:00,46.12665
2023-10-20 7:15,52.32009
2023-10-20 7:30,66.80435
2023-10-20 7:45,86.63691
2023-10-20 8:00,55.48725
2023-10-20 8:15,81.07136
2023-10-20 8:30,140.85533
2023-10-20 8:45,141.93521
2023-10-20 9:00,94.18258
2023-10-20 9:15,133.21
2023-10-20 9:30,180.71577
2023-10-20 9:45,301.22
2023-10-20 10:00,175.91054
2023-10-20 10:15,191.78728
2023-10-20 10:30,222.26591
2023-10-20 10:45,262.05505
2023-10-20 11:00,172.81396
2023-10-20 11:15,151.56602
2023-10-20 11:30,145.7295
2023-10-20 11:45,131.91682
2023-10-20 12:00,133.58485
2023-10-20 12:15,131.0135
2023-10-20 12:30,137.02025
2023-10-20 12:45,107.74364
2023-10-20 13:00,106.16404
2023-10-20 13:15,109.77718
2023-10-20 13:30,93.38795
2023-10-20 13:45,86.86785
2023-10-20 14:00,106.47931
2023-10-20 14:15,90.68051
2023-10-20 14:30,87.42241
2023-10-20 14:45,85.131
2023-10-20 15:00,82.12006
2023-10-20 15:15,74.83912
2023-10-20 15:30,64.08221
2023-10-20 15:45,64.25915
2023-10-20 16:00,80.25512
2023-10-20 16:15,72.43327
2023-10-20 16:30,67.65261
2023-10-20 16:45,64.30037
2023-10-20 17:00,73.9939
2023-10-20 17:15,68.64637
2023-10-20 17:30,68.71421
2023-10-20 17:45,60.4512
2023-10-20 18:00,68.87791
2023-10-20 18:15,63.03351
2023-10-20 18:30,62.44423
2023-10-20 18:45,60.14552
2023-10-20 19:00,59.82326
2023-10-20 19:15,57.12247
2023-10-20 19:30,59.44767
2023-10-20 19:45,59.16025
2023-10-20 20:00,64.40938
2023-10-20 20:15,63.4027
2023-10-20 20:30,65.96045
2023-10-20 20:45,66.22543
2023-10-20 21:00,63.65487
2023-10-20 21:15,71.71857
2023-10-20 21:30,78.80139
2023-10-20 21:45,84.41767
2023-10-20 22:00,76.16211
2023-10-20 22:15,85.9567
2023-10-20 22:30,89.99216
2023-10-20 22:45,101.65825
2023-10-20 23:00,104.84746
2023-10-20 23:15,90.61694
2023-10-20 23:30,79.67747
2023-10-20 23:45,56.84489
2023-10-21 0:00,69.18502
2023-10-21 0:15,56.17949
2023-10-21 0:30,41.85465
2023-10-21 0:45,28.5687
2023-10-21 1:00,48.96303
2023-10-21 1:15,41.83856
2023-10-21 1:30,40.6608
2023-10-21 1:45,36.89065
2023-10-21 2:00,35.60608
2023-10-21 2:15,33.62451
2023-10-21 2:30,33.5751
2023-10-21 2:45,35.08547
2023-10-21 3:00,30.44369
2023-10-21 3:15,32.2541
2023-10-21 3:30,30.35053
2023-10-21 3:45,30.47555
2023-10-21 4:00,30.22771
2023-10-21 4:15,30.39063
2023-10-21 4:30,35.20741
2023-10-21 4:45,41.89
2023-10-21 5:00,41.76255
2023-10-21 5:15,42.02351
2023-10-21 5:30,42.12125
2023-10-21 5:45,49.55132
2023-10-21 6:00,51.84563
2023-10-21 6:15,42.23656
2023-10-21 6:30,51.55252
2023-10-21 6:45,73.47751
2023-10-21 7:00,42.18239
2023-10-21 7:15,48.66054
2023-10-21 7:30,72.93891
2023-10-21 7:45,84.0599
2023-10-21 8:00,48.16838
2023-10-21 8:15,73.13722
2023-10-21 8:30,95.8145
2023-10-21 8:45,116.75259
2023-10-21 9:00,112.69688
2023-10-21 9:15,108.94276
2023-10-21 9:30,136.30174
2023-10-21 9:45,206.80295
2023-10-21 10:00,125.34787
2023-10-21 10:15,121.21554
2023-10-21 10:30,141.92076
2023-10-21 10:45,156.92014
2023-10-21 11:00,109.89304
2023-10-21 11:15,105.36999
2023-10-21 11:30,107.32624
2023-10-21 11:45,88.03361
2023-10-21 12:00,108.27022
2023-10-21 12:15,103.49204
2023-10-21 12:30,103.39182
2023-10-21 12:45,99.77802
2023-10-21 13:00,107.47247
2023-10-21 13:15,85.6692
2023-10-21 13:30,77.43367
2023-10-21 13:45,64.82795
2023-10-21 14:00,85.97656
2023-10-21 14:15,83.96173
2023-10-21 14:30,79.62426
2023-10-21 14:45,70.33984
2023-10-21 15:00,79.70362
2023-10-21 15:15,73.41992
2023-10-21 15:30,66.23103
2023-10-21 15:45,63.72863
2023-10-21 16:00,61.16544
2023-10-21 16:15,56.5976
2023-10-21 16:30,56.95658
2023-10-21 16:45,52.24775
2023-10-21 17:00,57.17286
2023-10-21 17:15,57.19047
2023-10-21 17:30,57.33576
2023-10-21 17:45,56.78889
2023-10-21 18:00,57.70613
2023-10-21 18:15,57.54018
2023-10-21 18:30,57.53423
2023-10-21 18:45,57.00988
2023-10-21 19:00,56.18988
2023-10-21 19:15,53.23071
2023-10-21 19:30,52.62771
2023-10-21 19:45,48.90191
2023-10-21 20:00,48.43853
2023-10-21 20:15,47.45351
2023-10-21 20:30,48.8337
2023-10-21 20:45,48.55381
2023-10-21 21:00,48.81913
2023-10-21 21:15,48.86402
2023-10-21 21:30,50.89468
2023-10-21 21:45,53.65143
2023-10-21 22:00,54.32158
2023-10-21 22:15,56.51656
2023-10-21 22:30,58.03688
2023-10-21 22:45,58.20401
2023-10-21 23:00,62.31765
2023-10-21 23:15,58.70071
2023-10-21 23:30,39.95051
2023-10-21 23:45,20.76864
2023-10-22 0:00,17.57804
2023-10-22 0:15,-5.004
2023-10-22 0:30,-13.80131
2023-10-22 0:45,-25.83045
2023-10-22 1:00,16.33756
2023-10-22 1:15,7.64812
2023-10-22 1:30,7.10519
2023-10-22 1:45,9.58858
2023-10-22 2:00,5.65413
2023-10-22 2:15,15.05484
2023-10-22 2:30,17.80394
2023-10-22 2:45,10.6835
2023-10-22 3:00,16.36812
2023-10-22 3:15,23.32539
2023-10-22 3:30,22.9695
2023-10-22 3:45,24.0144
2023-10-22 4:00,22.08807
2023-10-22 4:15,20.05524
2023-10-22 4:30,24.29837
2023-10-22 4:45,24.87931
2023-10-22 5:00,25.23572
2023-10-22 5:15,26.09279
2023-10-22 5:30,28.3307
2023-10-22 5:45,29.01286
2023-10-22 6:00,25.93951
2023-10-22 6:15,28.87043
2023-10-22 6:30,29.29864
2023-10-22 6:45,29.91619
2023-10-22 7:00,29.54
2023-10-22 7:15,30.2388
2023-10-22 7:30,36.13386
2023-10-22 7:45,45.52314
2023-10-22 8:00,29.77533
2023-10-22 8:15,30.292
2023-10-22 8:30,55.91408
2023-10-22 8:45,66.40728
2023-10-22 9:00,58.03239
2023-10-22 9:15,65.82093
2023-10-22 9:30,99.57119
2023-10-22 9:45,143.13669
2023-10-22 10:00,79.87716
2023-10-22 10:15,84.96027
2023-10-22 10:30,142.67633
2023-10-22 10:45,94.03719
2023-10-22 11:00,83.68571
2023-10-22 11:15,79.46905
2023-10-22 11:30,77.76308
2023-10-22 11:45,75.81085
2023-10-22 12:00,77.46364
2023-10-22 12:15,72.02348
2023-10-22 12:30,73.5037
2023-10-22 12:45,64.02195
2023-10-22 13:00,72.59543
2023-10-22 13:15,65.46379
2023-10-22 13:30,62.40624
2023-10-22 13:45,56.91898
2023-10-22 14:00,64.44496
2023-10-22 14:15,60.25857
2023-10-22 14:30,57.68264
2023-10-22 14:45,53.10667
2023-10-22 15:00,57.84128
2023-10-22 15:15,52.67512
2023-10-22 15:30,50.63779
2023-10-22 15:45,49.89915
2023-10-22 16:00,52.62067
2023-10-22 16:15,50.04702
2023-10-22 16:30,49.54383
2023-10-22 16:45,49.69485
2023-10-22 17:00,49.04708
2023-10-22 17:15,41.79281
2023-10-22 17:30,42.7295
2023-10-22 17:45,39.15247
2023-10-22 18:00,40.7417
2023-10-22 18:15,39.94229
2023-10-22 18:30,38.55218
2023-10-22 18:45,35.17784
2023-10-22 19:00,39.65205
2023-10-22 19:15,35.85617
2023-10-22 19:30,35.49206
2023-10-22 19:45,39.51706
2023-10-22 20:00,39.7293
2023-10-22 20:15,39.45153
2023-10-22 20:30,39.55514
2023-10-22 20:45,39.56319
2023-10-22 21:00,39.34233
2023-10-22 21:15,38.07421
2023-10-22 21:30,38.10192
2023-10-22 21:45,38.60537
2023-10-22 22:00,35.855
2023-10-22 22:15,37.6285
2023-10-22 22:30,40.36383
2023-10-22 22:45,38.92268
2023-10-22 23:00,38.89498
2023-10-22 23:15,34.05963
2023-10-22 23:30,24.03891
2023-10-22 23:45,17.48605
2023-10-23 0:00,20.73217
2023-10-23 0:15,15.08495
2023-10-23 0:30,0.75461
2023-10-23 0:45,-24.84223
2023-10-23 1:00,-17.02545
2023-10-23 1:15,-22.51634
2023-10-23 1:30,0.27372
2023-10-23 1:45,-15.92132
2023-10-23 2:00,1.90448
2023-10-23 2:15,3.84708
2023-10-23 2:30,1.74652
2023-10-23 2:45,-17.3776
2023-10-23 3:00,2.23324
2023-10-23 3:15,-1.02933
2023-10-23 3:30,-1.24256
2023-10-23 3:45,-0.41757
2023-10-23 4:00,-2.18435
2023-10-23 4:15,-2.60645
2023-10-23 4:30,-5.36595
2023-10-23 4:45,-6.27635
2023-10-23 5:00,-4.57845
2023-10-23 5:15,-2.75588
2023-10-23 5:30,-3.54518
2023-10-23 5:45,-11.93161
2023-10-23 6:00,-11.18837
2023-10-23 6:15,-14.05484
2023-10-23 6:30,-6.94007
2023-10-23 6:45,-19.24939
2023-10-23 7:00,-7.76506
2023-10-23 7:15,-5.38067
2023-10-23 7:30,4.05276
2023-10-23 7:45,2.4929
2023-10-23 8:00,0.25982
2023-10-23 8:15,13.64207
2023-10-23 8:30,23.2867
2023-10-23 8:45,37.78369
2023-10-23 9:00,33.67873
2023-10-23 9:15,45.53131
2023-10-23 9:30,56.4265
2023-10-23 9:45,68.4564
2023-10-23 10:00,52.75436
2023-10-23 10:15,55.83145
2023-10-23 10:30,59.16772
2023-10-23 10:45,61.20609
2023-10-23 11:00,61.03797
2023-10-23 11:15,59.18346
2023-10-23 11:30,59.00826
2023-10-23 11:45,58.60217
2023-10-23 12:00,61.30122
2023-10-23 12:15,57.86302
2023-10-23 12:30,53.02047
2023-10-23 12:45,51.76557
2023-10-23 13:00,52.08013
2023-10-23 13:15,54.91717
2023-10-23 13:30,54.37501
2023-10-23 13:45,46.75087
2023-10-23 14:00,47.81388
2023-10-23 14:15,40.31323
2023-10-23 14:30,39.43495
2023-10-23 14:45,37.03257
2023-10-23 15:00,40.29272
2023-10-23 15:15,37.93843
2023-10-23 15:30,34.14668
2023-10-23 15:45,30.33
2023-10-23 16:00,49.15621
2023-10-23 16:15,46.70171
2023-10-23 16:30,44.98877
2023-10-23 16:45,36.28305
2023-10-23 17:00,42.25258
2023-10-23 17:15,41.1602
2023-10-23 17:30,39.22155
2023-10-23 17:45,37.00003
2023-10-23 18:00,42.953
2023-10-23 18:15,42.3061
2023-10-23 18:30,40.59121
2023-10-23 18:45,35.27925
2023-10-23 19:00,35.9118
2023-10-23 19:15,38.3138
2023-10-23 19:30,38.56019
2023-10-23 19:45,35.40253
2023-10-23 20:00,38.46494
2023-10-23 20:15,38.60865
2023-10-23 20:30,41.95241
2023-10-23 20:45,42.71374
2023-10-23 21:00,34.8166
2023-10-23 21:15,35.3959
2023-10-23 21:30,43.36268
2023-10-23 21:45,50.55594
2023-10-23 22:00,35.3769
2023-10-23 22:15,42.96838
2023-10-23 22:30,48.62106
2023-10-23 22:45,50.3879
2023-10-23 23:00,57.50283
2023-10-23 23:15,50.96805
2023-10-23 23:30,52.70059
2023-10-23 23:45,45.62588
2023-10-24 0:00,37.04443
2023-10-24 0:15,37.96555
2023-10-24 0:30,32.37713
2023-10-24 0:45,32.70343
2023-10-24 1:00,35.20109
2023-10-24 1:15,35.57257
2023-10-24 1:30,35.53141
2023-10-24 1:45,21.40678
2023-10-24 2:00,46.45185
2023-10-24 2:15,40.48481
2023-10-24 2:30,31.86125
2023-10-24 2:45,27.46086
2023-10-24 3:00,32.29569
2023-10-24 3:15,33.09518
2023-10-24 3:30,31.8919
2023-10-24 3:45,32.26197
2023-10-24 4:00,30.81973
2023-10-24 4:15,30.10769
2023-10-24 4:30,29.13078
2023-10-24 4:45,26.38446
2023-10-24 5:00,26.59001
2023-10-24 5:15,27.52182
2023-10-24 5:30,27.87404
2023-10-24 5:45,27.39567
2023-10-24 6:00,27.36843
2023-10-24 6:15,26.11193
2023-10-24 6:30,22.1004
2023-10-24 6:45,20.1882
2023-10-24 7:00,13.46431
2023-10-24 7:15,14.5525
2023-10-24 7:30,18.22219
2023-10-24 7:45,20.0741
2023-10-24 8:00,9.51367
2023-10-24 8:15,14.66314
2023-10-24 8:30,30.37896
2023-10-24 8:45,38.46708
2023-10-24 9:00,31.65875
2023-10-24 9:15,50.10161
2023-10-24 9:30,61.3071
2023-10-24 9:45,67.24224
2023-10-24 10:00,59.7119
2023-10-24 10:15,62.41971
2023-10-24 10:30,63.84683
2023-10-24 10:45,67.30102
2023-10-24 11:00,67.43583
2023-10-24 11:15,62.12294
2023-10-24 11:30,61.78222
2023-10-24 11:45,58.97326
2023-10-24 12:00,62.06955
2023-10-24 12:15,60.39168
2023-10-24 12:30,62.42394
2023-10-24 12:45,56.31034
2023-10-24 13:00,56.27489
2023-10-24 13:15,55.38197
2023-10-24 13:30,54.3224
2023-10-24 13:45,48.74482
2023-10-24 14:00,52.15645
2023-10-24 14:15,48.17501
2023-10-24 14:30,46.45616
2023-10-24 14:45,41.76144
2023-10-24 15:00,48.76778
2023-10-24 15:15,46.7957
2023-10-24 15:30,45.93904
2023-10-24 15:45,43.17339
2023-10-24 16:00,48.73484
2023-10-24 16:15,43.47326
2023-10-24 16:30,48.5477
2023-10-24 16:45,43.64403
2023-10-24 17:00,45.44939
2023-10-24 17:15,44.06964
2023-10-24 17:30,43.60662
2023-10-24 17:45,41.08019
2023-10-24 18:00,43.80804
2023-10-24 18:15,43.6617
2023-10-24 18:30,43.84975
2023-10-24 18:45,43.94736
2023-10-24 19:00,44.40455
2023-10-24 19:15,44.37989
2023-10-24 19:30,44.78896
2023-10-24 19:45,44.35227
2023-10-24 20:00,43.94933
2023-10-24 20:15,44.21215
2023-10-24 20:30,49.32582
2023-10-24 20:45,49.60928
2023-10-24 21:00,46.6139
2023-10-24 21:15,50.1133
2023-10-24 21:30,54.54565
2023-10-24 21:45,57.1112
2023-10-24 22:00,55.53008
2023-10-24 22:15,59.34
2023-10-24 22:30,62.5607
2023-10-24 22:45,65.48
2023-10-24 23:00,63.7
2023-10-24 23:15,62.9088
2023-10-24 23:30,55.51931
2023-10-24 23:45,38.72199
2023-10-25 0:00,46.55785
2023-10-25 0:15,45.37513
2023-10-25 0:30,35.78907
2023-10-25 0:45,33.72071
2023-10-25 1:00,38.16994
2023-10-25 1:15,31.40078
2023-10-25 1:30,29.39076
2023-10-25 1:45,27.77603
2023-10-25 2:00,27.95802
2023-10-25 2:15,27.25451
2023-10-25 2:30,27.88264
2023-10-25 2:45,26.80135
2023-10-25 3:00,28.62763
2023-10-25 3:15,27.77234
2023-10-25 3:30,28.39417
2023-10-25 3:45,28.83684
2023-10-25 4:00,30.40648
2023-10-25 4:15,30.83384
2023-10-25 4:30,29.82981
2023-10-25 4:45,27.48236
2023-10-25 5:00,28.21251
2023-10-25 5:15,24.67457
2023-10-25 5:30,24.50551
2023-10-25 5:45,27.13486
2023-10-25 6:00,24.58241
2023-10-25 6:15,25.11529
2023-10-25 6:30,28.53494
2023-10-25 6:45,32.44162
2023-10-25 7:00,31.81616
2023-10-25 7:15,34.35212
2023-10-25 7:30,36.17463
2023-10-25 7:45,38.01696
2023-10-25 8:00,33.86502
2023-10-25 8:15,37.05242
2023-10-25 8:30,50.96737
2023-10-25 8:45,75.60545
2023-10-25 9:00,61.37211
2023-10-25 9:15,73.45501
2023-10-25 9:30,91.34009
2023-10-25 9:45,107.98212
2023-10-25 10:00,100.38316
2023-10-25 10:15,106.94746
2023-10-25 10:30,101.63265
2023-10-25 10:45,100
2023-10-25 11:00,93.64633
2023-10-25 11:15,93.42139
2023-10-25 11:30,93.37488
2023-10-25 11:45,86.91597
2023-10-25 12:00,86.46009
2023-10-25 12:15,90.01885
2023-10-25 12:30,87.13539
2023-10-25 12:45,74.70935
2023-10-25 13:00,72.8417
2023-10-25 13:15,71.67664
2023-10-25 13:30,72.37155
2023-10-25 13:45,62.29041
2023-10-25 14:00,70.41037
2023-10-25 14:15,63.20064
2023-10-25 14:30,58.09934
2023-10-25 14:45,55.7612
2023-10-25 15:00,59.32246
2023-10-25 15:15,57.04638
2023-10-25 15:30,54.44008
2023-10-25 15:45,50.81437
2023-10-25 16:00,57.30105
2023-10-25 16:15,55.23553
2023-10-25 16:30,54.94652
2023-10-25 16:45,53.55104
2023-10-25 17:00,60.12571
2023-10-25 17:15,57.08461
2023-10-25 17:30,55.70056
2023-10-25 17:45,54.12808
2023-10-25 18:00,55.57356
2023-10-25 18:15,55.56602
2023-10-25 18:30,53.55003
2023-10-25 18:45,52.42227
2023-10-25 19:00,52.41135
2023-10-25 19:15,52.72389
2023-10-25 19:30,52.79208
2023-10-25 19:45,52.3555
2023-10-25 20:00,51.8411
2023-10-25 20:15,51.7807
2023-10-25 20:30,52.2687
2023-10-25 20:45,52.38985
2023-10-25 21:00,53.71487
2023-10-25 21:15,56.00775
2023-10-25 21:30,59.141
2023-10-25 21:45,67.17148
2023-10-25 22:00,58.7424
2023-10-25 22:15,63.07081
2023-10-25 22:30,68.17108
2023-10-25 22:45,75.5477
2023-10-25 23:00,75.14047
2023-10-25 23:15,70.00246
2023-10-25 23:30,59.04373
2023-10-25 23:45,49.9507
2023-10-26 0:00,57.62682
2023-10-26 0:15,47.28234
2023-10-26 0:30,40.35658
2023-10-26 0:45,32.65858
2023-10-26 1:00,35.77418
2023-10-26 1:15,30.53418
2023-10-26 1:30,28.48414
2023-10-26 1:45,22.78982
2023-10-26 2:00,32.38197
2023-10-26 2:15,25.30894
2023-10-26 2:30,24.83644
2023-10-26 2:45,20.22436
2023-10-26 3:00,24.15268
2023-10-26 3:15,23.49813
2023-10-26 3:30,24.69098
2023-10-26 3:45,24.27259
2023-10-26 4:00,25.39545
2023-10-26 4:15,24.56918
2023-10-26 4:30,26.4166
2023-10-26 4:45,22.66726
2023-10-26 5:00,25.39004
2023-10-26 5:15,25.37251
2023-10-26 5:30,24.78755
2023-10-26 5:45,22.39669
2023-10-26 6:00,23.45147
2023-10-26 6:15,25.10843
2023-10-26 6:30,24.88292
2023-10-26 6:45,23.18492
2023-10-26 7:00,0.26249
2023-10-26 7:15,-6.18512
2023-10-26 7:30,2.79854
2023-10-26 7:45,1.11444
2023-10-26 8:00,10.9167
2023-10-26 8:15,19.99741
2023-10-26 8:30,35.54975
2023-10-26 8:45,48.58314
2023-10-26 9:00,50.43188
2023-10-26 9:15,63.39348
2023-10-26 9:30,76.36895
2023-10-26 9:45,83.94752
2023-10-26 10:00,75.94
2023-10-26 10:15,75.94
2023-10-26 10:30,79.01339
2023-10-26 10:45,91.47
2023-10-26 11:00,92.43647
2023-10-26 11:15,82.89919
2023-10-26 11:30,82.51849
2023-10-26 11:45,80.05139
2023-10-26 12:00,79.16597
2023-10-26 12:15,76.94339
2023-10-26 12:30,78.54476
2023-10-26 12:45,71.00728
2023-10-26 13:00,73.73175
2023-10-26 13:15,72.14245
2023-10-26 13:30,70.69872
2023-10-26 13:45,60.49341
2023-10-26 14:00,74.73734
2023-10-26 14:15,71.78849
2023-10-26 14:30,60.07946
2023-10-26 14:45,56.32983
2023-10-26 15:00,57.84437
2023-10-26 15:15,57.87395
2023-10-26 15:30,56.71785
2023-10-26 15:45,56.3292
2023-10-26 16:00,55.10664
2023-10-26 16:15,54.53165
2023-10-26 16:30,54.30757
2023-10-26 16:45,51.57901
2023-10-26 17:00,53.05341
2023-10-26 17:15,54.23738
2023-10-26 17:30,50.13352
2023-10-26 17:45,49.35099
2023-10-26 18:00,51.05834
2023-10-26 18:15,50.99332
2023-10-26 18:30,50.62747
2023-10-26 18:45,50.20676
2023-10-26 19:00,54.0481
2023-10-26 19:15,52.68751
2023-10-26 19:30,51.7909
2023-10-26 19:45,51.39351
2023-10-26 20:00,51.40451
2023-10-26 20:15,52.79151
2023-10-26 20:30,53.68232
2023-10-26 20:45,54.23002
2023-10-26 21:00,54.40714
2023-10-26 21:15,54.81513
2023-10-26 21:30,55.23681
2023-10-26 21:45,56.22705
2023-10-26 22:00,60.42074
2023-10-26 22:15,61.65081
2023-10-26 22:30,67.54457
2023-10-26 22:45,70.46635
2023-10-26 23:00,65.94627
2023-10-26 23:15,58.51046
2023-10-26 23:30,51.41836
2023-10-26 23:45,48.02128
2023-10-27 0:00,45.3534
2023-10-27 0:15,47.61101
2023-10-27 0:30,36.67615
2023-10-27 0:45,29.21244
2023-10-27 1:00,38.8235
2023-10-27 1:15,34.86116
2023-10-27 1:30,29.48629
2023-10-27 1:45,25.23627
2023-10-27 2:00,29.03867
2023-10-27 2:15,24.53527
2023-10-27 2:30,22.76429
2023-10-27 2:45,21.27495
2023-10-27 3:00,23.84533
2023-10-27 3:15,26.61439
2023-10-27 3:30,24.60015
2023-10-27 3:45,21.13109
2023-10-27 4:00,25.68916
2023-10-27 4:15,25.31461
2023-10-27 4:30,23.53184
2023-10-27 4:45,22.09547
2023-10-27 5:00,26.60663
2023-10-27 5:15,26.42348
2023-10-27 5:30,22.78624
2023-10-27 5:45,26.72545
2023-10-27 6:00,25.36104
2023-10-27 6:15,23.57426
2023-10-27 6:30,24.00429
2023-10-27 6:45,26.01425
2023-10-27 7:00,20.28116
2023-10-27 7:15,20.28116
2023-10-27 7:30,20.28116
2023-10-27 7:45,18.59339
2023-10-27 8:00,18.33272
2023-10-27 8:15,15.99914
2023-10-27 8:30,36.49698
2023-10-27 8:45,49.62754
2023-10-27 9:00,43.89385
2023-10-27 9:15,75.49892
2023-10-27 9:30,82.90396
2023-10-27 9:45,128.90495
2023-10-27 10:00,84.83071
2023-10-27 10:15,93.78268
2023-10-27 10:30,86.06623
2023-10-27 10:45,109.4475
2023-10-27 11:00,86.6
2023-10-27 11:15,85.3037
2023-10-27 11:30,86.6
2023-10-27 11:45,83.90622
2023-10-27 12:00,80.19
2023-10-27 12:15,80.03192
2023-10-27 12:30,82.46194
2023-10-27 12:45,84.98
2023-10-27 13:00,86.15
2023-10-27 13:15,86.06623
2023-10-27 13:30,82.07326
2023-10-27 13:45,78.73024
2023-10-27 14:00,78.73024
2023-10-27 14:15,78.73024
2023-10-27 14:30,70.22435
2023-10-27 14:45,69.60556
2023-10-27 15:00,72.3472
2023-10-27 15:15,61.5705
2023-10-27 15:30,58.36097
2023-10-27 15:45,55.15181
2023-10-27 16:00,54.39704
2023-10-27 16:15,52.61689
2023-10-27 16:30,52.91543
2023-10-27 16:45,52.40271
2023-10-27 17:00,53.33013
2023-10-27 17:15,52.82124
2023-10-27 17:30,52.26745
2023-10-27 17:45,52.19965
2023-10-27 18:00,52.24523
2023-10-27 18:15,51.95536
2023-10-27 18:30,51.21225
2023-10-27 18:45,50.6342
2023-10-27 19:00,50.98588
2023-10-27 19:15,51.30609
2023-10-27 19:30,50.83567
2023-10-27 19:45,49.16184
2023-10-27 20:00,51.9073
2023-10-27 20:15,52.21383
2023-10-27 20:30,53.68648
2023-10-27 20:45,54.50871
2023-10-27 21:00,56.33787
2023-10-27 21:15,58.49451
2023-10-27 21:30,59.54002
2023-10-27 21:45,65.27978
2023-10-27 22:00,68.88833
2023-10-27 22:15,71.65905
2023-10-27 22:30,77.78805
2023-10-27 22:45,83.27517
2023-10-27 23:00,82.10366
2023-10-27 23:15,80.26942
2023-10-27 23:30,62.03388
2023-10-27 23:45,51.76522
2023-10-28 0:00,56.5887
2023-10-28 0:15,45.22887
2023-10-28 0:30,42.2142
2023-10-28 0:45,23.22078
2023-10-28 1:00,33.13181
2023-10-28 1:15,23.53895
2023-10-28 1:30,20.95487
2023-10-28 1:45,8.6628
2023-10-28 2:00,26.46171
2023-10-28 2:15,23.35641
2023-10-28 2:30,23.50223
2023-10-28 2:45,11.65765
2023-10-28 3:00,24.42262
2023-10-28 3:15,20.5897
2023-10-28 3:30,22.44001
2023-10-28 3:45,19.98873
2023-10-28 4:00,21.59722
2023-10-28 4:15,21.60348
2023-10-28 4:30,19.36438
2023-10-28 4:45,18.82474
2023-10-28 5:00,23.91626
2023-10-28 5:15,23.72775
2023-10-28 5:30,23.59286
2023-10-28 5:45,21.22296
2023-10-28 6:00,18.73278
2023-10-28 6:15,18.27406
2023-10-28 6:30,17.90902
2023-10-28 6:45,22.19555
2023-10-28 7:00,18.69511
2023-10-28 7:15,19.76425
2023-10-28 7:30,23.78946
2023-10-28 7:45,27.2136
2023-10-28 8:00,18.86011
2023-10-28 8:15,28.62639
2023-10-28 8:30,39.57086
2023-10-28 8:45,53.58844
2023-10-28 9:00,53.33505
2023-10-28 9:15,70.44
2023-10-28 9:30,77.56359
2023-10-28 9:45,80.65787
2023-10-28 10:00,74.77
2023-10-28 10:15,74.77
2023-10-28 10:30,80
2023-10-28 10:45,78.03
2023-10-28 11:00,74.99
2023-10-28 11:15,74.99
2023-10-28 11:30,74.77
2023-10-28 11:45,70.2
2023-10-28 12:00,71.37
2023-10-28 12:15,68.4
2023-10-28 12:30,70
2023-10-28 12:45,57.18642
2023-10-28 13:00,57.8493
2023-10-28 13:15,53.94552
2023-10-28 13:30,57.35146
2023-10-28 13:45,55.39677
2023-10-28 14:00,60.71909
2023-10-28 14:15,59.00935
2023-10-28 14:30,58.64443
2023-10-28 14:45,53.46964
2023-10-28 15:00,55.83261
2023-10-28 15:15,53.89567
2023-10-28 15:30,51.14982
2023-10-28 15:45,48.33227
2023-10-28 16:00,52.36802
2023-10-28 16:15,51.03756
2023-10-28 16:30,49.45055
2023-10-28 16:45,49.98062
2023-10-28 17:00,50.85883
2023-10-28 17:15,48.09375
2023-10-28 17:30,48.08162
2023-10-28 17:45,47.89292
2023-10-28 18:00,51.75261
2023-10-28 18:15,50.61488
2023-10-28 18:30,47.24436
2023-10-28 18:45,43.61245
2023-10-28 19:00,46.68001
2023-10-28 19:15,45.57489
2023-10-28 19:30,44.69919
2023-10-28 19:45,45.18012
2023-10-28 20:00,45.79509
2023-10-28 20:15,46.72186
2023-10-28 20:30,47.23136
2023-10-28 20:45,47.30366
2023-10-28 21:00,50.16939
2023-10-28 21:15,52.54508
2023-10-28 21:30,52.44024
2023-10-28 21:45,52.72966
2023-10-28 22:00,60.20553
2023-10-28 22:15,61.75749
2023-10-28 22:30,64.70599
2023-10-28 22:45,65.08824
2023-10-28 23:00,65.59495
2023-10-28 23:15,57.83643
2023-10-28 23:30,53.18666
2023-10-28 23:45,34.84132
2023-10-29 0:00,57.61249
2023-10-29 0:15,18.65897
2023-10-29 0:30,10.22515
2023-10-29 0:45,-24.5922
2023-10-29 1:00,-4.52982
2023-10-29 1:15,-15.76151
2023-10-29 1:30,-22.33388
2023-10-29 1:45,-21.04891
2023-10-29 2:00,-13.16132
2023-10-29 2:15,-19.19461
2023-10-29 2:30,-16.18628
2023-10-29 2:45,-15.95841
2023-10-29 3:00,-17.24398
2023-10-29 3:15,-17.73629
2023-10-29 3:30,-19.72045
2023-10-29 3:45,-24.33914
2023-10-29 4:00,-24.38815
2023-10-29 4:15,-22.41195
2023-10-29 4:30,-24.14265
2023-10-29 4:45,-23.82626
2023-10-29 5:00,-20.89392
2023-10-29 5:15,-21.63033
2023-10-29 5:30,-23.06692
2023-10-29 5:45,-24.11274
2023-10-29 6:00,-24.72795
2023-10-29 6:15,-21.35405
2023-10-29 6:30,-21.38898
2023-10-29 6:45,-24.99866
2023-10-29 7:00,-25.96358
2023-10-29 7:15,-24.05893
2023-10-29 7:30,-17.54825
2023-10-29 7:45,-16.10021
2023-10-29 8:00,-19.75565
2023-10-29 8:15,-2.54212
2023-10-29 8:30,15.88489
2023-10-29 8:45,44.55056
2023-10-29 9:00,36.92509
2023-10-29 9:15,50.45544
2023-10-29 9:30,65.41332
2023-10-29 9:45,75.52023
2023-10-29 10:00,65.47898
2023-10-29 10:15,72.56858
2023-10-29 10:30,73.67322
2023-10-29 10:45,72.75391
2023-10-29 11:00,76.212
2023-10-29 11:15,73.1285
2023-10-29 11:30,72.73727
2023-10-29 11:45,74.00144
2023-10-29 12:00,71.72888
2023-10-29 12:15,69.13826
2023-10-29 12:30,73.12278
2023-10-29 12:45,65.05119
2023-10-29 13:00,63.97583
2023-10-29 13:15,64.17393
2023-10-29 13:30,64.8988
2023-10-29 13:45,62.26551
2023-10-29 14:00,69
2023-10-29 14:15,65.1
2023-10-29 14:30,65.1
2023-10-29 14:45,63.89509
2023-10-29 15:00,69
2023-10-29 15:15,64.99401
2023-10-29 15:30,63.98574
2023-10-29 15:45,64.50617
2023-10-29 16:00,71.02
2023-10-29 16:15,67.47951
2023-10-29 16:30,67.47951
2023-10-29 16:45,66.10999
2023-10-29 17:00,67.7212
2023-10-29 17:15,65.4234
2023-10-29 17:30,62.81
2023-10-29 17:45,62.8086
2023-10-29 18:00,63.5103
2023-10-29 18:15,62.77734
2023-10-29 18:30,62.69
2023-10-29 18:45,60.96198
2023-10-29 19:00,61.64
2023-10-29 19:15,60.64755
2023-10-29 19:30,59.73627
2023-10-29 19:45,60.64755
2023-10-29 20:00,60.64755
2023-10-29 20:15,59.3588
2023-10-29 20:30,60.4
2023-10-29 20:45,60
2023-10-29 21:00,62.7
2023-10-29 21:15,62.7
2023-10-29 21:30,62.7
2023-10-29 21:45,62.69
2023-10-29 22:00,60.10446
2023-10-29 22:15,63.48795
2023-10-29 22:30,64.74946
2023-10-29 22:45,65.26664
2023-10-29 23:00,66.07521
2023-10-29 23:15,65.07905
2023-10-29 23:30,53.84276
2023-10-29 23:45,35.62159
2023-10-30 0:00,46.28705
2023-10-30 0:15,29.74051
2023-10-30 0:30,14.64782
2023-10-30 0:45,-13.2177
2023-10-30 1:00,-7.60511
2023-10-30 1:15,-17.20527
2023-10-30 1:30,-18.18164
2023-10-30 1:45,-22.62784
2023-10-30 2:00,-23.03898
2023-10-30 2:15,-22.9136
2023-10-30 2:30,-25.29569
2023-10-30 2:45,-29.84774
2023-10-30 3:00,-27.55346
2023-10-30 3:15,-24.74604
2023-10-30 3:30,-30.0672
2023-10-30 3:45,-30.84002
2023-10-30 4:00,-30.13442
2023-10-30 4:15,-30.35431
2023-10-30 4:30,-30.57133
2023-10-30 4:45,-33.34472
2023-10-30 5:00,-33.25319
2023-10-30 5:15,-33.09406
2023-10-30 5:30,-34.00635
2023-10-30 5:45,-34.82101
2023-10-30 6:00,-33.81891
2023-10-30 6:15,-33.85941
2023-10-30 6:30,-34.04416
2023-10-30 6:45,-33.81741
2023-10-30 7:00,-34.07311
2023-10-30 7:15,-33.62014
2023-10-30 7:30,-28.28782
2023-10-30 7:45,-13.97091
2023-10-30 8:00,-23.00376
2023-10-30 8:15,-18.07708
2023-10-30 8:30,24.62568
2023-10-30 8:45,33.50767
2023-10-30 9:00,43.16427
2023-10-30 9:15,67.82512
2023-10-30 9:30,80.19792
2023-10-30 9:45,82.98525
2023-10-30 10:00,81.49519
2023-10-30 10:15,84.07918
2023-10-30 10:30,85.35586
2023-10-30 10:45,91.8202
2023-10-30 11:00,87.23067
2023-10-30 11:15,83.35987
2023-10-30 11:30,83.84961
2023-10-30 11:45,77.20433
2023-10-30 12:00,87.83515
2023-10-30 12:15,79.53063
2023-10-30 12:30,78.66113
2023-10-30 12:45,72.21712
2023-10-30 13:00,72.41732
2023-10-30 13:15,81.33946
2023-10-30 13:30,80.57086
2023-10-30 13:45,75.91593
2023-10-30 14:00,81.02828
2023-10-30 14:15,76.26905
2023-10-30 14:30,75.40179
2023-10-30 14:45,72.22366
2023-10-30 15:00,75.63328
2023-10-30 15:15,72.5879
2023-10-30 15:30,70.37
2023-10-30 15:45,64.97027
2023-10-30 16:00,70.66165
2023-10-30 16:15,70.26546
2023-10-30 16:30,70.84984
2023-10-30 16:45,70.54279
2023-10-30 17:00,70.84984
2023-10-30 17:15,70.66165
2023-10-30 17:30,68.50438
2023-10-30 17:45,63.0209
2023-10-30 18:00,69.85234
2023-10-30 18:15,68.94313
2023-10-30 18:30,67.65103
2023-10-30 18:45,64.59849
2023-10-30 19:00,70.84984
2023-10-30 19:15,70.75079
2023-10-30 19:30,70.54279
2023-10-30 19:45,70.7607
2023-10-30 20:00,70.84984
2023-10-30 20:15,72.5812
2023-10-30 20:30,73.96051
2023-10-30 20:45,72.44225
2023-10-30 21:00,74.80897
2023-10-30 21:15,81.46946
2023-10-30 21:30,82.80488
2023-10-30 21:45,91.45284
2023-10-30 22:00,82.8333
2023-10-30 22:15,91.64573
2023-10-30 22:30,108.42433
2023-10-30 22:45,108.19198
2023-10-30 23:00,135.87592
2023-10-30 23:15,138.52441
2023-10-30 23:30,109.81766
2023-10-30 23:45,64.88535
2023-10-31 0:00,65.31287
2023-10-31 0:15,48.56182
2023-10-31 0:30,21.49967
2023-10-31 0:45,16.05645
2023-10-31 1:00,19.59056
2023-10-31 1:15,12.99575
2023-10-31 1:30,11.57297
2023-10-31 1:45,2.64231
2023-10-31 2:00,9.27633
2023-10-31 2:15,6.59659
2023-10-31 2:30,5.24036
2023-10-31 2:45,-1.18373
2023-10-31 3:00,10.79238
2023-10-31 3:15,8.59422
2023-10-31 3:30,11.53116
2023-10-31 3:45,5.70765
2023-10-31 4:00,12.34035
2023-10-31 4:15,11.7432
2023-10-31 4:30,12.7836
2023-10-31 4:45,10.78911
2023-10-31 5:00,11.67872
2023-10-31 5:15,7.4943
2023-10-31 5:30,2.68848
2023-10-31 5:45,-5.49443
2023-10-31 6:00,-2.34121
2023-10-31 6:15,-3.18135
2023-10-31 6:30,-2.62915
2023-10-31 6:45,-10.95624
2023-10-31 7:00,-19.50882
2023-10-31 7:15,-23.30495
2023-10-31 7:30,-17.39414
2023-10-31 7:45,-1.76586
2023-10-31 8:00,-1.54625
2023-10-31 8:15,4.56778
2023-10-31 8:30,43.68745
2023-10-31 8:45,68.27209
2023-10-31 9:00,80.46583
2023-10-31 9:15,88.21
2023-10-31 9:30,95.4
2023-10-31 9:45,124.47363
2023-10-31 10:00,96.50918
2023-10-31 10:15,107.02291
2023-10-31 10:30,124.78215
2023-10-31 10:45,145.41
2023-10-31 11:00,107.52058
2023-10-31 11:15,98.46004
2023-10-31 11:30,96.17071
2023-10-31 11:45,89.72174
2023-10-31 12:00,91.32069
2023-10-31 12:15,88.17454
2023-10-31 12:30,89.18653
2023-10-31 12:45,81.57718
2023-10-31 13:00,86.70831
2023-10-31 13:15,87.66194
2023-10-31 13:30,88.21709
2023-10-31 13:45,82.39844
2023-10-31 14:00,87.25584
2023-10-31 14:15,81.01962
2023-10-31 14:30,80.79935
2023-10-31 14:45,74.09446
2023-10-31 15:00,80.8761
2023-10-31 15:15,74.19669
2023-10-31 15:30,73.34811
2023-10-31 15:45,66.98609
2023-10-31 16:00,74.23326
2023-10-31 16:15,64.0331
2023-10-31 16:30,64.34631
2023-10-31 16:45,63.1227
2023-10-31 17:00,74.31977
2023-10-31 17:15,73.82573
2023-10-31 17:30,69.98916
2023-10-31 17:45,63.77829
2023-10-31 18:00,74.30914
2023-10-31 18:15,74.11989
2023-10-31 18:30,71.37603
2023-10-31 18:45,64.35938
2023-10-31 19:00,71.40542
2023-10-31 19:15,67.10116
2023-10-31 19:30,70.25686
2023-10-31 19:45,70.30369
2023-10-31 20:00,70.4903
2023-10-31 20:15,71.27494
2023-10-31 20:30,77.15805
2023-10-31 20:45,79.3363
2023-10-31 21:00,63.95679
2023-10-31 21:15,70.3056
2023-10-31 21:30,79.4148
2023-10-31 21:45,79.7021
2023-10-31 22:00,78.67536
2023-10-31 22:15,80.24146
2023-10-31 22:30,115.29153
2023-10-31 22:45,122.13558
2023-10-31 23:00,133.66145
2023-10-31 23:15,143.56584
2023-10-31 23:30,82.01382
2023-10-31 23:45,61.72795
2023-11-01 0:00,71.61367
2023-11-01 0:15,55.74051
2023-11-01 0:30,28.3798
2023-11-01 0:45,10.4684
2023-11-01 1:00,23.15963
2023-11-01 1:15,10.97229
2023-11-01 1:30,-2.00238
2023-11-01 1:45,-11.71618
2023-11-01 2:00,-5.78321
2023-11-01 2:15,5.06939
2023-11-01 2:30,6.93846
2023-11-01 2:45,-15.10869
2023-11-01 3:00,-11.38136
2023-11-01 3:15,-6.19561
2023-11-01 3:30,-5.05758
2023-11-01 3:45,-10.27079
2023-11-01 4:00,10.336
2023-11-01 4:15,3.58116
2023-11-01 4:30,4.76182
2023-11-01 4:45,-12.03006
2023-11-01 5:00,-3.12023
2023-11-01 5:15,-2.8208
2023-11-01 5:30,-6.11795
2023-11-01 5:45,-12.82638
2023-11-01 6:00,-13.70903
2023-11-01 6:15,-15.11162
2023-11-01 6:30,-14.57631
2023-11-01 6:45,-14.95531
2023-11-01 7:00,-22.37872
2023-11-01 7:15,-18.12771
2023-11-01 7:30,-5.28825
2023-11-01 7:45,8.66476
2023-11-01 8:00,5.97659
2023-11-01 8:15,26.71551
2023-11-01 8:30,63.81355
2023-11-01 8:45,90.01536
2023-11-01 9:00,80
2023-11-01 9:15,88.41904
2023-11-01 9:30,117.5112
2023-11-01 9:45,130.92882
2023-11-01 10:00,94.124
2023-11-01 10:15,101.59983
2023-11-01 10:30,115.03768
2023-11-01 10:45,106.02842
2023-11-01 11:00,110.17851
2023-11-01 11:15,101.74636
2023-11-01 11:30,98.70155
2023-11-01 11:45,89.35574
2023-11-01 12:00,90.45973
2023-11-01 12:15,85.90797
2023-11-01 12:30,82.13626
2023-11-01 12:45,70.25059
2023-11-01 13:00,83.02302
2023-11-01 13:15,74.28363
2023-11-01 13:30,73.84837
2023-11-01 13:45,71.72342
2023-11-01 14:00,83.1461
2023-11-01 14:15,85.80683
2023-11-01 14:30,76.02035
2023-11-01 14:45,66.61442
2023-11-01 15:00,82.7846
2023-11-01 15:15,75.94937
2023-11-01 15:30,67.37028
2023-11-01 15:45,73.3101
2023-11-01 16:00,85.45086
2023-11-01 16:15,83.45997
2023-11-01 16:30,82.85513
2023-11-01 16:45,75.35732
2023-11-01 17:00,84.62134
2023-11-01 17:15,72.16877
2023-11-01 17:30,73.77264
2023-11-01 17:45,68.76336
2023-11-01 18:00,76.61218
2023-11-01 18:15,75.53851
2023-11-01 18:30,74.31402
2023-11-01 18:45,73.25026
2023-11-01 19:00,74.49438
2023-11-01 19:15,73.93888
2023-11-01 19:30,73.89206
2023-11-01 19:45,70.95245
2023-11-01 20:00,65.96985
2023-11-01 20:15,65.18471
2023-11-01 20:30,72.30593
2023-11-01 20:45,73.6
2023-11-01 21:00,74.53635
2023-11-01 21:15,82.69278
2023-11-01 21:30,77.02628
2023-11-01 21:45,90.66616
2023-11-01 22:00,72.9348
2023-11-01 22:15,79.85208
2023-11-01 22:30,91.15037
2023-11-01 22:45,93.14068
2023-11-01 23:00,96.32629
2023-11-01 23:15,92.67028
2023-11-01 23:30,89.70532
2023-11-01 23:45,60.97438
2023-11-02 0:00,67.42617
2023-11-02 0:15,44.10515
2023-11-02 0:30,15.87664
2023-11-02 0:45,7.66296
2023-11-02 1:00,14.55369
2023-11-02 1:15,7.53714
2023-11-02 1:30,2.15214
2023-11-02 1:45,-8.75849
2023-11-02 2:00,13.29715
2023-11-02 2:15,10.35175
2023-11-02 2:30,8.45329
2023-11-02 2:45,6.03687
2023-11-02 3:00,6.63838
2023-11-02 3:15,7.68487
2023-11-02 3:30,4.59193
2023-11-02 3:45,3.70461
2023-11-02 4:00,1.90592
2023-11-02 4:15,-1.50422
2023-11-02 4:30,-4.34976
2023-11-02 4:45,-5.59651
2023-11-02 5:00,-0.3495
2023-11-02 5:15,3.47176
2023-11-02 5:30,-0.80414
2023-11-02 5:45,-5.22746
2023-11-02 6:00,-5.25752
2023-11-02 6:15,-7.51095
2023-11-02 6:30,6.34859
2023-11-02 6:45,12.29362
2023-11-02 7:00,8.13466
2023-11-02 7:15,8.66622
2023-11-02 7:30,8.4274
2023-11-02 7:45,11.58963
2023-11-02 8:00,11.46052
2023-11-02 8:15,37.43972
2023-11-02 8:30,61.1539
2023-11-02 8:45,96.87184
2023-11-02 9:00,71.69319
2023-11-02 9:15,85.71704
2023-11-02 9:30,103.42596
2023-11-02 9:45,107.7044
2023-11-02 10:00,107.46471
2023-11-02 10:15,107.7828
2023-11-02 10:30,112.43083
2023-11-02 10:45,108.59385
2023-11-02 11:00,107.98588
2023-11-02 11:15,105.00043
2023-11-02 11:30,105.74121
2023-11-02 11:45,98.6851
2023-11-02 12:00,103.25416
2023-11-02 12:15,97.70759
2023-11-02 12:30,96.14237
2023-11-02 12:45,91.0812
2023-11-02 13:00,98.51
2023-11-02 13:15,95
2023-11-02 13:30,95.4912
2023-11-02 13:45,85.4
2023-11-02 14:00,96.53
2023-11-02 14:15,82.12
2023-11-02 14:30,72.82
2023-11-02 14:45,68
2023-11-02 15:00,83.0188
2023-11-02 15:15,73.69653
2023-11-02 15:30,71.96
2023-11-02 15:45,66.11
2023-11-02 16:00,73.35
2023-11-02 16:15,70
2023-11-02 16:30,66.35
2023-11-02 16:45,64.64103
2023-11-02 17:00,69.96674
2023-11-02 17:15,74.41852
2023-11-02 17:30,65.06387
2023-11-02 17:45,63.08515
2023-11-02 18:00,62.77852
2023-11-02 18:15,64.84741
2023-11-02 18:30,64.73557
2023-11-02 18:45,58.73919
2023-11-02 19:00,73.16926
2023-11-02 19:15,81.2641
2023-11-02 19:30,84.97815
2023-11-02 19:45,78.32771
2023-11-02 20:00,76.51956
2023-11-02 20:15,76.16751
2023-11-02 20:30,79.62021
2023-11-02 20:45,76.18096
2023-11-02 21:00,66.55956
2023-11-02 21:15,69.39246
2023-11-02 21:30,84.03472
2023-11-02 21:45,84.90167
2023-11-02 22:00,74.89545
2023-11-02 22:15,81.91694
2023-11-02 22:30,90.91573
2023-11-02 22:45,98.28516
2023-11-02 23:00,89.46471
2023-11-02 23:15,85.2158
2023-11-02 23:30,81.9069
2023-11-02 23:45,67.53091
2023-11-03 0:00,66.62757
2023-11-03 0:15,53.04805
2023-11-03 0:30,33.70551
2023-11-03 0:45,27.9722
2023-11-03 1:00,41.32294
2023-11-03 1:15,36.48566
2023-11-03 1:30,25.61175
2023-11-03 1:45,22.97532
2023-11-03 2:00,15.35736
2023-11-03 2:15,15.84946
2023-11-03 2:30,15.88375
2023-11-03 2:45,16.47434
2023-11-03 3:00,24.12597
2023-11-03 3:15,21.73021
2023-11-03 3:30,23.64402
2023-11-03 3:45,22.60625
2023-11-03 4:00,25.79781
2023-11-03 4:15,27.73318
2023-11-03 4:30,28.01955
2023-11-03 4:45,28.02815
2023-11-03 5:00,29.95884
2023-11-03 5:15,33.16941
2023-11-03 5:30,32.71488
2023-11-03 5:45,33.36288
2023-11-03 6:00,32.52941
2023-11-03 6:15,32.42794
2023-11-03 6:30,30.56061
2023-11-03 6:45,30.40762
2023-11-03 7:00,27.86975
2023-11-03 7:15,30.42433
2023-11-03 7:30,37.39783
2023-11-03 7:45,41.63656
2023-11-03 8:00,27.0788
2023-11-03 8:15,35
2023-11-03 8:30,65.90614
2023-11-03 8:45,98.59
2023-11-03 9:00,52.59725
2023-11-03 9:15,64.4544
2023-11-03 9:30,92.19438
2023-11-03 9:45,99.99955
2023-11-03 10:00,73.9304
2023-11-03 10:15,119.25031
2023-11-03 10:30,97.5943
2023-11-03 10:45,70.79681
2023-11-03 11:00,97.55527
2023-11-03 11:15,82.36375
2023-11-03 11:30,83.91848
2023-11-03 11:45,76.02782
2023-11-03 12:00,87.11661
2023-11-03 12:15,83.87186
2023-11-03 12:30,81.59065
2023-11-03 12:45,78.05858
2023-11-03 13:00,79.81437
2023-11-03 13:15,76.92922
2023-11-03 13:30,69.70387
2023-11-03 13:45,61.52482
2023-11-03 14:00,69.15769
2023-11-03 14:15,62.48134
2023-11-03 14:30,61.53453
2023-11-03 14:45,55.58561
2023-11-03 15:00,62.05609
2023-11-03 15:15,57.74996
2023-11-03 15:30,54.50488
2023-11-03 15:45,54.89383
2023-11-03 16:00,58.16898
2023-11-03 16:15,53.3826
2023-11-03 16:30,53.31463
2023-11-03 16:45,51.81205
2023-11-03 17:00,54.66171
2023-11-03 17:15,52.52018
2023-11-03 17:30,52.02859
2023-11-03 17:45,50.40078
2023-11-03 18:00,55.97299
2023-11-03 18:15,55.10062
2023-11-03 18:30,53.64689
2023-11-03 18:45,53.64952
2023-11-03 19:00,52.45394
2023-11-03 19:15,52.28361
2023-11-03 19:30,52.66805
2023-11-03 19:45,52.08032
2023-11-03 20:00,52.19391
2023-11-03 20:15,52.79512
2023-11-03 20:30,56.69842
2023-11-03 20:45,61.0336
2023-11-03 21:00,53.00432
2023-11-03 21:15,57.39533
2023-11-03 21:30,62.71947
2023-11-03 21:45,64.76068
2023-11-03 22:00,57.95763
2023-11-03 22:15,64.26
2023-11-03 22:30,67.5303
2023-11-03 22:45,69.48135
2023-11-03 23:00,66.30915
2023-11-03 23:15,65.92871
2023-11-03 23:30,62.77948
2023-11-03 23:45,54.65461
2023-11-04 0:00,61.17909
2023-11-04 0:15,47.54861
2023-11-04 0:30,30.57505
2023-11-04 0:45,24.06887
2023-11-04 1:00,33.64357
2023-11-04 1:15,27.59972
2023-11-04 1:30,23.60579
2023-11-04 1:45,20.47488
2023-11-04 2:00,24.24321
2023-11-04 2:15,21.9504
2023-11-04 2:30,21.81648
2023-11-04 2:45,19.02507
2023-11-04 3:00,23.46451
2023-11-04 3:15,23.63046
2023-11-04 3:30,23.7503
2023-11-04 3:45,23.49069
2023-11-04 4:00,23.49084
2023-11-04 4:15,23.49553
2023-11-04 4:30,23.84569
2023-11-04 4:45,22.00185
2023-11-04 5:00,24.17266
2023-11-04 5:15,23.3515
2023-11-04 5:30,21.30105
2023-11-04 5:45,20
2023-11-04 6:00,21.33004
2023-11-04 6:15,23.352
2023-11-04 6:30,23.62586
2023-11-04 6:45,23.1364
2023-11-04 7:00,21.08351
2023-11-04 7:15,22.11244
2023-11-04 7:30,28.25742
2023-11-04 7:45,36.1772
2023-11-04 8:00,29.31391
2023-11-04 8:15,41.67674
2023-11-04 8:30,61.78311
2023-11-04 8:45,83
2023-11-04 9:00,62.06815
2023-11-04 9:15,79.10149
2023-11-04 9:30,89.14153
2023-11-04 9:45,113.65603
2023-11-04 10:00,85.14349
2023-11-04 10:15,85.66673
2023-11-04 10:30,90.52641
2023-11-04 10:45,85.76074
2023-11-04 11:00,84.56506
2023-11-04 11:15,79.31404
2023-11-04 11:30,77.61847
2023-11-04 11:45,64.79321
2023-11-04 12:00,68.68314
2023-11-04 12:15,64.24882
2023-11-04 12:30,62.5485
2023-11-04 12:45,58.5908
2023-11-04 13:00,63.60594
2023-11-04 13:15,61.45563
2023-11-04 13:30,60.51166
2023-11-04 13:45,59.27154
2023-11-04 14:00,60.9598
2023-11-04 14:15,60.42967
2023-11-04 14:30,59.41346
2023-11-04 14:45,53.92917
2023-11-04 15:00,60.35619
2023-11-04 15:15,56.91388
2023-11-04 15:30,54.48646
2023-11-04 15:45,51.58769
2023-11-04 16:00,53.20495
2023-11-04 16:15,51.56129
2023-11-04 16:30,50.62413
2023-11-04 16:45,49.66264
2023-11-04 17:00,50.72446
2023-11-04 17:15,50.60895
2023-11-04 17:30,49.87413
2023-11-04 17:45,48.79676
2023-11-04 18:00,49.74126
2023-11-04 18:15,48.77029
2023-11-04 18:30,48.72765
2023-11-04 18:45,48.5115
2023-11-04 19:00,49.47287
2023-11-04 19:15,49.47786
2023-11-04 19:30,49.48336
2023-11-04 19:45,49.46279
2023-11-04 20:00,49.72001
2023-11-04 20:15,49.65378
2023-11-04 20:30,50.10341
2023-11-04 20:45,49.52871
2023-11-04 21:00,50.75681
2023-11-04 21:15,50.75198
2023-11-04 21:30,52.69141
2023-11-04 21:45,54.41401
2023-11-04 22:00,50.81796
2023-11-04 22:15,52.17232
2023-11-04 22:30,54.05523
2023-11-04 22:45,55.07146
2023-11-04 23:00,56.19394
2023-11-04 23:15,55.12016
2023-11-04 23:30,50.83612
2023-11-04 23:45,46.34701
2023-11-05 0:00,47.50303
2023-11-05 0:15,41.78048
2023-11-05 0:30,24.70079
2023-11-05 0:45,14.45628
2023-11-05 1:00,20.25918
2023-11-05 1:15,20.45842
2023-11-05 1:30,12.75241
2023-11-05 1:45,7.5758
2023-11-05 2:00,17.1863
2023-11-05 2:15,16.11267
2023-11-05 2:30,14.39706
2023-11-05 2:45,8.46052
2023-11-05 3:00,8.4398
2023-11-05 3:15,8.31096
2023-11-05 3:30,1.17996
2023-11-05 3:45,8.36227
2023-11-05 4:00,5.0249
2023-11-05 4:15,3.86885
2023-11-05 4:30,-3.2523
2023-11-05 4:45,0.97539
2023-11-05 5:00,5.7977
2023-11-05 5:15,7.96821
2023-11-05 5:30,-7.43288
2023-11-05 5:45,-3.22771
2023-11-05 6:00,-12.76784
2023-11-05 6:15,-12.52331
2023-11-05 6:30,4.79605
2023-11-05 6:45,19.71259
2023-11-05 7:00,18.30362
2023-11-05 7:15,21.39949
2023-11-05 7:30,27.60182
2023-11-05 7:45,34.19725
2023-11-05 8:00,19.85566
2023-11-05 8:15,27.78573
2023-11-05 8:30,49.58626
2023-11-05 8:45,71.51798
2023-11-05 9:00,49.87766
2023-11-05 9:15,57.68496
2023-11-05 9:30,77.77841
2023-11-05 9:45,113.58385
2023-11-05 10:00,75.11265
2023-11-05 10:15,87.6208
2023-11-05 10:30,103.82556
2023-11-05 10:45,74.32033
2023-11-05 11:00,75.52936
2023-11-05 11:15,72.43647
2023-11-05 11:30,71.19873
2023-11-05 11:45,60.09963
2023-11-05 12:00,57.0217
2023-11-05 12:15,55.07452
2023-11-05 12:30,54.25875
2023-11-05 12:45,54.69766
2023-11-05 13:00,50.52394
2023-11-05 13:15,50.28377
2023-11-05 13:30,49.52217
2023-11-05 13:45,49.31827
2023-11-05 14:00,53.64516
2023-11-05 14:15,52.42862
2023-11-05 14:30,50.01659
2023-11-05 14:45,47.93662
2023-11-05 15:00,49.10337
2023-11-05 15:15,48.53152
2023-11-05 15:30,47.36255
2023-11-05 15:45,46.80956
2023-11-05 16:00,49.56289
2023-11-05 16:15,48.7275
2023-11-05 16:30,48.92113
2023-11-05 16:45,48.96035
2023-11-05 17:00,48.95818
2023-11-05 17:15,48.65875
2023-11-05 17:30,47.72051
2023-11-05 17:45,46.30991
2023-11-05 18:00,48.03062
2023-11-05 18:15,48.5493
2023-11-05 18:30,46.17007
2023-11-05 18:45,45.38382
2023-11-05 19:00,45.48477
2023-11-05 19:15,48.77729
2023-11-05 19:30,47.00704
2023-11-05 19:45,44.97917
2023-11-05 20:00,44.53577
2023-11-05 20:15,44.84092
2023-11-05 20:30,44.02822
2023-11-05 20:45,46.32597
2023-11-05 21:00,46.32597
2023-11-05 21:15,45.90894
2023-11-05 21:30,45.85256
2023-11-05 21:45,45.48471
2023-11-05 22:00,45.97477
2023-11-05 22:15,47.31459
2023-11-05 22:30,48.63585
2023-11-05 22:45,49.1076
2023-11-05 23:00,48.7932
2023-11-05 23:15,46.51615
2023-11-05 23:30,45.31897
2023-11-05 23:45,39.72836
2023-11-06 0:00,37.50127
2023-11-06 0:15,22.68289
2023-11-06 0:30,5.51472
2023-11-06 0:45,-4.07937
2023-11-06 1:00,9.06024
2023-11-06 1:15,4.95266
2023-11-06 1:30,2.65807
2023-11-06 1:45,-2.57765
2023-11-06 2:00,3.54482
2023-11-06 2:15,1.52732
2023-11-06 2:30,1.09821
2023-11-06 2:45,-0.93201
2023-11-06 3:00,-1.26799
2023-11-06 3:15,-0.84611
2023-11-06 3:30,-2.17124
2023-11-06 3:45,-2.79072
2023-11-06 4:00,-1.47257
2023-11-06 4:15,0.03074
2023-11-06 4:30,-6.01433
2023-11-06 4:45,-5.1577
2023-11-06 5:00,0.51372
2023-11-06 5:15,5.44477
2023-11-06 5:30,1.58427
2023-11-06 5:45,0.25787
2023-11-06 6:00,-1.51303
2023-11-06 6:15,-0.10717
2023-11-06 6:30,0.58529
2023-11-06 6:45,6.15059
2023-11-06 7:00,2.32739
2023-11-06 7:15,5.19123
2023-11-06 7:30,19.11675
2023-11-06 7:45,36.04272
2023-11-06 8:00,18.9172
2023-11-06 8:15,22.64667
2023-11-06 8:30,49.00022
2023-11-06 8:45,67.56202
2023-11-06 9:00,52.91134
2023-11-06 9:15,72.74296
2023-11-06 9:30,80.54099
2023-11-06 9:45,96.53021
2023-11-06 10:00,78.95878
2023-11-06 10:15,86.21631
2023-11-06 10:30,83.80191
2023-11-06 10:45,76.50244
2023-11-06 11:00,74.73242
2023-11-06 11:15,69.3624
2023-11-06 11:30,71.7632
2023-11-06 11:45,61.88348
2023-11-06 12:00,69.58946
2023-11-06 12:15,62.64302
2023-11-06 12:30,60.40574
2023-11-06 12:45,54.50817
2023-11-06 13:00,58.55491
2023-11-06 13:15,55.61211
2023-11-06 13:30,54.99216
2023-11-06 13:45,54.79428
2023-11-06 14:00,66.62393
2023-11-06 14:15,60.52791
2023-11-06 14:30,55.17549
2023-11-06 14:45,51.7088
2023-11-06 15:00,60.95981
2023-11-06 15:15,55.12949
2023-11-06 15:30,52.79098
2023-11-06 15:45,49.63774
2023-11-06 16:00,50.20996
2023-11-06 16:15,48.92494
2023-11-06 16:30,48.25536
2023-11-06 16:45,47.24777
2023-11-06 17:00,50.46021
2023-11-06 17:15,49.76957
2023-11-06 17:30,48.3815
2023-11-06 17:45,45.65545
2023-11-06 18:00,45.80017
2023-11-06 18:15,45.47794
2023-11-06 18:30,44.53764
2023-11-06 18:45,44.20087
2023-11-06 19:00,45.2876
2023-11-06 19:15,44.2537
2023-11-06 19:30,44.59113
2023-11-06 19:45,43.76489
2023-11-06 20:00,45.82806
2023-11-06 20:15,45.50996
2023-11-06 20:30,45.17817
2023-11-06 20:45,45.3812
2023-11-06 21:00,49.02309
2023-11-06 21:15,50.75895
2023-11-06 21:30,55.00576
2023-11-06 21:45,55.44685
2023-11-06 22:00,52.3674
2023-11-06 22:15,56.17362
2023-11-06 22:30,57.99675
2023-11-06 22:45,68.93096
2023-11-06 23:00,60.93771
2023-11-06 23:15,70.48986
2023-11-06 23:30,59.93756
2023-11-06 23:45,57.15443
2023-11-07 0:00,45.67252
2023-11-07 0:15,29.92415
2023-11-07 0:30,18.84458
2023-11-07 0:45,11.94469
2023-11-07 1:00,20.37628
2023-11-07 1:15,20.80725
2023-11-07 1:30,11.7036
2023-11-07 1:45,13.30934
2023-11-07 2:00,22.33584
2023-11-07 2:15,19.21464
2023-11-07 2:30,15.58676
2023-11-07 2:45,13.17569
2023-11-07 3:00,18.08635
2023-11-07 3:15,16.4054
2023-11-07 3:30,14.26937
2023-11-07 3:45,7.83195
2023-11-07 4:00,11.2979
2023-11-07 4:15,19.76543
2023-11-07 4:30,14.11147
2023-11-07 4:45,8.00923
2023-11-07 5:00,11.06451
2023-11-07 5:15,8.24061
2023-11-07 5:30,4.91016
2023-11-07 5:45,1.63689
2023-11-07 6:00,5.80561
2023-11-07 6:15,7.08784
2023-11-07 6:30,13.47929
2023-11-07 6:45,22.61997
2023-11-07 7:00,23.97217
2023-11-07 7:15,30.33097
2023-11-07 7:30,35.3032
2023-11-07 7:45,36.51892
2023-11-07 8:00,23.55133
2023-11-07 8:15,33.43601
2023-11-07 8:30,56.78178
2023-11-07 8:45,92.74465
2023-11-07 9:00,69.40195
2023-11-07 9:15,84.81704
2023-11-07 9:30,115.16178
2023-11-07 9:45,187.74026
2023-11-07 10:00,102.45477
2023-11-07 10:15,103.46307
2023-11-07 10:30,107.1876
2023-11-07 10:45,98.89056
2023-11-07 11:00,98.76963
2023-11-07 11:15,86.61446
2023-11-07 11:30,95.50369
2023-11-07 11:45,71.83473
2023-11-07 12:00,75.78579
2023-11-07 12:15,61.93391
2023-11-07 12:30,59.57819
2023-11-07 12:45,58.39945
2023-11-07 13:00,65.99833
2023-11-07 13:15,65.42667
2023-11-07 13:30,60.80063
2023-11-07 13:45,58.33876
2023-11-07 14:00,62.01898
2023-11-07 14:15,60.37908
2023-11-07 14:30,57.97725
2023-11-07 14:45,53.9755
2023-11-07 15:00,55.81206
2023-11-07 15:15,52.91965
2023-11-07 15:30,49.95248
2023-11-07 15:45,45.62904
2023-11-07 16:00,46.40999
2023-11-07 16:15,45.52761
2023-11-07 16:30,43.77538
2023-11-07 16:45,42.41711
2023-11-07 17:00,43.98542
2023-11-07 17:15,43.34964
2023-11-07 17:30,43.2808
2023-11-07 17:45,42.37625
2023-11-07 18:00,43.43326
2023-11-07 18:15,43.65075
2023-11-07 18:30,43.94767
2023-11-07 18:45,43.56679
2023-11-07 19:00,43.54671
2023-11-07 19:15,43.51398
2023-11-07 19:30,43.4205
2023-11-07 19:45,43.66768
2023-11-07 20:00,43.44929
2023-11-07 20:15,43.54219
2023-11-07 20:30,43.9831
2023-11-07 20:45,44.07453
2023-11-07 21:00,43.17319
2023-11-07 21:15,43.47317
2023-11-07 21:30,43.78214
2023-11-07 21:45,46.39656
2023-11-07 22:00,44.2391
2023-11-07 22:15,46.63083
2023-11-07 22:30,52.77986
2023-11-07 22:45,56.04902
2023-11-07 23:00,59.97352
2023-11-07 23:15,65.17793
2023-11-07 23:30,56.95207
2023-11-07 23:45,48.79861
2023-11-08 0:00,48.69694
2023-11-08 0:15,40.76368
2023-11-08 0:30,27.15739
2023-11-08 0:45,21.92883
2023-11-08 1:00,29.21432
2023-11-08 1:15,23.50209
2023-11-08 1:30,19.23644
2023-11-08 1:45,14.99592
2023-11-08 2:00,25.28132
2023-11-08 2:15,22.1402
2023-11-08 2:30,15.00316
2023-11-08 2:45,11.06957
2023-11-08 3:00,17.02325
2023-11-08 3:15,12.34338
2023-11-08 3:30,5.12232
2023-11-08 3:45,8.30036
2023-11-08 4:00,11.15518
2023-11-08 4:15,15.27777
2023-11-08 4:30,15.41244
2023-11-08 4:45,16.76749
2023-11-08 5:00,18.61118
2023-11-08 5:15,16.61147
2023-11-08 5:30,16.00613
2023-11-08 5:45,18.59457
2023-11-08 6:00,18.19969
2023-11-08 6:15,24.43486
2023-11-08 6:30,24.84398
2023-11-08 6:45,23.18627
2023-11-08 7:00,20.08433
2023-11-08 7:15,30.67985
2023-11-08 7:30,33.90043
2023-11-08 7:45,38.0948
2023-11-08 8:00,21.24724
2023-11-08 8:15,31.11666
2023-11-08 8:30,61.64567
2023-11-08 8:45,115.46227
2023-11-08 9:00,54.7282
2023-11-08 9:15,67.30978
2023-11-08 9:30,81.97835
2023-11-08 9:45,206.35555
2023-11-08 10:00,107.20142
2023-11-08 10:15,143.69147
2023-11-08 10:30,125.61691
2023-11-08 10:45,153.46156
2023-11-08 11:00,77.76846
2023-11-08 11:15,76.27
2023-11-08 11:30,73.80027
2023-11-08 11:45,72.22608
2023-11-08 12:00,66.72201
2023-11-08 12:15,62.01615
2023-11-08 12:30,60.05545
2023-11-08 12:45,58.63176
2023-11-08 13:00,60.94481
2023-11-08 13:15,60.26145
2023-11-08 13:30,59.17747
2023-11-08 13:45,58.96686
2023-11-08 14:00,62.1615
2023-11-08 14:15,60.82072
2023-11-08 14:30,56.38623
2023-11-08 14:45,52.67128
2023-11-08 15:00,45.08928
2023-11-08 15:15,44.15846
2023-11-08 15:30,43.75354
2023-11-08 15:45,42.68042
2023-11-08 16:00,43.66713
2023-11-08 16:15,41.88969
2023-11-08 16:30,41.7522
2023-11-08 16:45,40.15117
2023-11-08 17:00,39.16628
2023-11-08 17:15,38.04189
2023-11-08 17:30,38.17026
2023-11-08 17:45,39.05197
2023-11-08 18:00,41.08641
2023-11-08 18:15,40.63174
2023-11-08 18:30,40.93779
2023-11-08 18:45,42.51375
2023-11-08 19:00,42.02315
2023-11-08 19:15,42.92604
2023-11-08 19:30,43.28761
2023-11-08 19:45,42.11669
2023-11-08 20:00,45.48229
2023-11-08 20:15,46.63691
2023-11-08 20:30,46.98339
2023-11-08 20:45,46.77309
2023-11-08 21:00,45.55614
2023-11-08 21:15,46.36549
2023-11-08 21:30,51.25844
2023-11-08 21:45,52.51674
2023-11-08 22:00,42.41089
2023-11-08 22:15,45.96706
2023-11-08 22:30,55.38158
2023-11-08 22:45,56.91598
2023-11-08 23:00,59.57233
2023-11-08 23:15,65.0757
2023-11-08 23:30,63.85884
2023-11-08 23:45,57.03892
2023-11-09 0:00,67.42719
2023-11-09 0:15,51.58396
2023-11-09 0:30,37.60517
2023-11-09 0:45,25.41117
2023-11-09 1:00,30.29043
2023-11-09 1:15,21.32787
2023-11-09 1:30,10.47608
2023-11-09 1:45,-6.03803
2023-11-09 2:00,15.76223
2023-11-09 2:15,10.31615
2023-11-09 2:30,7.1271
2023-11-09 2:45,-0.92886
2023-11-09 3:00,-2.44624
2023-11-09 3:15,-3.08128
2023-11-09 3:30,-4.36822
2023-11-09 3:45,-5.38465
2023-11-09 4:00,3.02685
2023-11-09 4:15,10.77184
2023-11-09 4:30,9.88027
2023-11-09 4:45,10.07356
2023-11-09 5:00,9.14292
2023-11-09 5:15,13.13331
2023-11-09 5:30,10.80863
2023-11-09 5:45,15.0563
2023-11-09 6:00,14.06524
2023-11-09 6:15,15.86402
2023-11-09 6:30,13.51959
2023-11-09 6:45,15.89477
2023-11-09 7:00,20.01914
2023-11-09 7:15,23.80145
2023-11-09 7:30,32.83363
2023-11-09 7:45,29.05574
2023-11-09 8:00,20.92403
2023-11-09 8:15,30.92856
2023-11-09 8:30,48.74787
2023-11-09 8:45,78.58001
2023-11-09 9:00,42.27135
2023-11-09 9:15,54.69457
2023-11-09 9:30,74.44203
2023-11-09 9:45,97.27991
2023-11-09 10:00,71.91311
2023-11-09 10:15,83.58235
2023-11-09 10:30,81.28162
2023-11-09 10:45,85.90204
2023-11-09 11:00,81.74726
2023-11-09 11:15,78.02947
2023-11-09 11:30,77.78782
2023-11-09 11:45,63.36713
2023-11-09 12:00,75.95468
2023-11-09 12:15,70.82892
2023-11-09 12:30,65.38638
2023-11-09 12:45,66.78663
2023-11-09 13:00,64.7299
2023-11-09 13:15,64.25121
2023-11-09 13:30,62.19835
2023-11-09 13:45,63.05859
2023-11-09 14:00,69.90069
2023-11-09 14:15,69.0776
2023-11-09 14:30,70.78136
2023-11-09 14:45,58.44125
2023-11-09 15:00,71.56186
2023-11-09 15:15,59.85213
2023-11-09 15:30,57.02531
2023-11-09 15:45,50.05226
2023-11-09 16:00,62.27583
2023-11-09 16:15,55.68249
2023-11-09 16:30,46.83556
2023-11-09 16:45,45.39932
2023-11-09 17:00,62.65554
2023-11-09 17:15,60.24105
2023-11-09 17:30,60.21108
2023-11-09 17:45,49.96538
2023-11-09 18:00,52.90059
2023-11-09 18:15,50.26827
2023-11-09 18:30,49.15203
2023-11-09 18:45,49.63837
2023-11-09 19:00,52.17313
2023-11-09 19:15,51.59406
2023-11-09 19:30,51.70731
2023-11-09 19:45,49.9245
2023-11-09 20:00,54.0887
2023-11-09 20:15,54.05031
2023-11-09 20:30,54.0287
2023-11-09 20:45,54.88071
2023-11-09 21:00,53.27696
2023-11-09 21:15,59.32652
2023-11-09 21:30,64.36906
2023-11-09 21:45,65.05231
2023-11-09 22:00,55.14107
2023-11-09 22:15,59.89496
2023-11-09 22:30,68.68949
2023-11-09 22:45,77.09551
2023-11-09 23:00,70.67183
2023-11-09 23:15,79.17808
2023-11-09 23:30,68.13593
2023-11-09 23:45,60.93868
2023-11-10 0:00,60.37317
2023-11-10 0:15,44.3774
2023-11-10 0:30,36.15482
2023-11-10 0:45,28.38317
2023-11-10 1:00,35.6633
2023-11-10 1:15,28.01398
2023-11-10 1:30,21.07489
2023-11-10 1:45,8.80323
2023-11-10 2:00,20.1439
2023-11-10 2:15,18.19772
2023-11-10 2:30,19.27369
2023-11-10 2:45,18.84724
2023-11-10 3:00,21.48405
2023-11-10 3:15,21.49653
2023-11-10 3:30,20.8502
2023-11-10 3:45,20.82151
2023-11-10 4:00,24.4248
2023-11-10 4:15,24.51207
2023-11-10 4:30,24.43751
2023-11-10 4:45,22.57856
2023-11-10 5:00,27.44126
2023-11-10 5:15,28.96116
2023-11-10 5:30,28.32719
2023-11-10 5:45,28.07282
2023-11-10 6:00,28.20984
2023-11-10 6:15,24.61992
2023-11-10 6:30,26.87208
2023-11-10 6:45,27.413
2023-11-10 7:00,21.61891
2023-11-10 7:15,28.40312
2023-11-10 7:30,36.19505
2023-11-10 7:45,46.59114
2023-11-10 8:00,46.59114
2023-11-10 8:15,46.59114
2023-11-10 8:30,67.65982
2023-11-10 8:45,89.54623
2023-11-10 9:00,62.2281
2023-11-10 9:15,82.7525
2023-11-10 9:30,86.98409
2023-11-10 9:45,104.41729
2023-11-10 10:00,84.34413
2023-11-10 10:15,122.04192
2023-11-10 10:30,86.64133
2023-11-10 10:45,85.03823
2023-11-10 11:00,84.54402
2023-11-10 11:15,81.53718
2023-11-10 11:30,77.0103
2023-11-10 11:45,70.24642
2023-11-10 12:00,70.96088
2023-11-10 12:15,63.54147
2023-11-10 12:30,61.44779
2023-11-10 12:45,60.53142
2023-11-10 13:00,67.50652
2023-11-10 13:15,64.91949
2023-11-10 13:30,67.71043
2023-11-10 13:45,58.92969
2023-11-10 14:00,59.86684
2023-11-10 14:15,61.06988
2023-11-10 14:30,59.94771
2023-11-10 14:45,56.09551
2023-11-10 15:00,71.21755
2023-11-10 15:15,65.37627
2023-11-10 15:30,60.76743
2023-11-10 15:45,58.05785
2023-11-10 16:00,67.60121
2023-11-10 16:15,64.33702
2023-11-10 16:30,59.22042
2023-11-10 16:45,57.64134
2023-11-10 17:00,57.06279
2023-11-10 17:15,46.45295
2023-11-10 17:30,52.09524
2023-11-10 17:45,46.4084
2023-11-10 18:00,46.58765
2023-11-10 18:15,46.36465
2023-11-10 18:30,45.83019
2023-11-10 18:45,46.18041
2023-11-10 19:00,43.95847
2023-11-10 19:15,43.86627
2023-11-10 19:30,43.87944
2023-11-10 19:45,43.7394
2023-11-10 20:00,45.90933
2023-11-10 20:15,44.48118
2023-11-10 20:30,45.90369
2023-11-10 20:45,45.96916
2023-11-10 21:00,44.10544
2023-11-10 21:15,46.44066
2023-11-10 21:30,51.53858
2023-11-10 21:45,56.0831
2023-11-10 22:00,51.43161
2023-11-10 22:15,52.68238
2023-11-10 22:30,57.0268
2023-11-10 22:45,70.05989
2023-11-10 23:00,71.80789
2023-11-10 23:15,73.35135
2023-11-10 23:30,67.05757
2023-11-10 23:45,56.25374
2023-11-11 0:00,49.126
2023-11-11 0:15,41.91926
2023-11-11 0:30,35.50797
2023-11-11 0:45,26.31987
2023-11-11 1:00,33.74114
2023-11-11 1:15,33.60128
2023-11-11 1:30,28.47835
2023-11-11 1:45,28.1039
2023-11-11 2:00,38.03409
2023-11-11 2:15,35.58358
2023-11-11 2:30,35.22906
2023-11-11 2:45,33.77107
2023-11-11 3:00,34.12557
2023-11-11 3:15,34.30135
2023-11-11 3:30,38.07643
2023-11-11 3:45,35.00279
2023-11-11 4:00,30.20801
2023-11-11 4:15,30.60995
2023-11-11 4:30,30.6605
2023-11-11 4:45,29.408
2023-11-11 5:00,28.72881
2023-11-11 5:15,30.50583
2023-11-11 5:30,29.86222
2023-11-11 5:45,26.58745
2023-11-11 6:00,23.27098
2023-11-11 6:15,23.24584
2023-11-11 6:30,24.31796
2023-11-11 6:45,24.32682
2023-11-11 7:00,19.3968
2023-11-11 7:15,22.95924
2023-11-11 7:30,26.06747
2023-11-11 7:45,20.14569
2023-11-11 8:00,15.50634
2023-11-11 8:15,29.76897
2023-11-11 8:30,60.35964
2023-11-11 8:45,81.36675
2023-11-11 9:00,46.81569
2023-11-11 9:15,60.7484
2023-11-11 9:30,73.22244
2023-11-11 9:45,93.40293
2023-11-11 10:00,67.23854
2023-11-11 10:15,73.46724
2023-11-11 10:30,79.51728
2023-11-11 10:45,72.76294
2023-11-11 11:00,68.0595
2023-11-11 11:15,69.98959
2023-11-11 11:30,66.98088
2023-11-11 11:45,60.27215
2023-11-11 12:00,64.19443
2023-11-11 12:15,60.68878
2023-11-11 12:30,60.62539
2023-11-11 12:45,57.27009
2023-11-11 13:00,64.39536
2023-11-11 13:15,62.27796
2023-11-11 13:30,59.52365
2023-11-11 13:45,59.65286
2023-11-11 14:00,65.04986
2023-11-11 14:15,62.77222
2023-11-11 14:30,60.56783
2023-11-11 14:45,57.21889
2023-11-11 15:00,59.5489
2023-11-11 15:15,56.47442
2023-11-11 15:30,53.17025
2023-11-11 15:45,48.34241
2023-11-11 16:00,53.82137
2023-11-11 16:15,50.18538
2023-11-11 16:30,48.3849
2023-11-11 16:45,44.22965
2023-11-11 17:00,46.5628
2023-11-11 17:15,42.91966
2023-11-11 17:30,44.47309
2023-11-11 17:45,41.9015
2023-11-11 18:00,42.10866
2023-11-11 18:15,42.34541
2023-11-11 18:30,41.78656
2023-11-11 18:45,41.58311
2023-11-11 19:00,41.69488
2023-11-11 19:15,40.43151
2023-11-11 19:30,40.28067
2023-11-11 19:45,40.13861
2023-11-11 20:00,42.85255
2023-11-11 20:15,41.99569
2023-11-11 20:30,41.61408
2023-11-11 20:45,40.22467
2023-11-11 21:00,40.21454
2023-11-11 21:15,40.21838
2023-11-11 21:30,40.2559
2023-11-11 21:45,40.20686
2023-11-11 22:00,40.40076
2023-11-11 22:15,40.50231
2023-11-11 22:30,41.87892
2023-11-11 22:45,44.01663
2023-11-11 23:00,45.65761
2023-11-11 23:15,43.65936
2023-11-11 23:30,40.34701
2023-11-11 23:45,38.10228
2023-11-12 0:00,39.88004
2023-11-12 0:15,26.71181
2023-11-12 0:30,10.09979
2023-11-12 0:45,-2.90337
2023-11-12 1:00,17.56983
2023-11-12 1:15,10.89975
2023-11-12 1:30,0.99918
2023-11-12 1:45,-3.15729
2023-11-12 2:00,-4.93608
2023-11-12 2:15,-3.16886
2023-11-12 2:30,-15.09731
2023-11-12 2:45,-15.85307
2023-11-12 3:00,-15.55223
2023-11-12 3:15,-25.07268
2023-11-12 3:30,-29.93468
2023-11-12 3:45,-30.05926
2023-11-12 4:00,-25.13316
2023-11-12 4:15,-28.50016
2023-11-12 4:30,-30.05615
2023-11-12 4:45,-30.15923
2023-11-12 5:00,-30.09351
2023-11-12 5:15,-30.11553
2023-11-12 5:30,-30.07871
2023-11-12 5:45,-30.04047
2023-11-12 6:00,-29.69909
2023-11-12 6:15,-29.6319
2023-11-12 6:30,-26.44892
2023-11-12 6:45,-25.22977
2023-11-12 7:00,-21.69112
2023-11-12 7:15,-17.34226
2023-11-12 7:30,-3.16459
2023-11-12 7:45,17.91735
2023-11-12 8:00,0.00863
2023-11-12 8:15,15.68066
2023-11-12 8:30,41.73155
2023-11-12 8:45,64.77272
2023-11-12 9:00,41.64958
2023-11-12 9:15,52.95869
2023-11-12 9:30,74.90123
2023-11-12 9:45,78.09126
2023-11-12 10:00,67.28417
2023-11-12 10:15,62.9032
2023-11-12 10:30,73.08289
2023-11-12 10:45,62.6466
2023-11-12 11:00,62.01297
2023-11-12 11:15,61.36693
2023-11-12 11:30,60.115
2023-11-12 11:45,53.87489
2023-11-12 12:00,53.15449
2023-11-12 12:15,53.50549
2023-11-12 12:30,52.10809
2023-11-12 12:45,47.55259
2023-11-12 13:00,43.89502
2023-11-12 13:15,43.43427
2023-11-12 13:30,42.86359
2023-11-12 13:45,42.19527
2023-11-12 14:00,43.14126
2023-11-12 14:15,43.66692
2023-11-12 14:30,43.63019
2023-11-12 14:45,43.67132
2023-11-12 15:00,47.01523
2023-11-12 15:15,45.93296
2023-11-12 15:30,43.57464
2023-11-12 15:45,40.62113
2023-11-12 16:00,42.01075
2023-11-12 16:15,40.15846
2023-11-12 16:30,40.12414
2023-11-12 16:45,39.90405
2023-11-12 17:00,43.20926
2023-11-12 17:15,43.24651
2023-11-12 17:30,42.14946
2023-11-12 17:45,40.36881
2023-11-12 18:00,42.09491
2023-11-12 18:15,41.36299
2023-11-12 18:30,41.14594
2023-11-12 18:45,40.39618
2023-11-12 19:00,41.74514
2023-11-12 19:15,41.36605
2023-11-12 19:30,40.45578
2023-11-12 19:45,40.16555
2023-11-12 20:00,41.30584
2023-11-12 20:15,41.21229
2023-11-12 20:30,42.06449
2023-11-12 20:45,42.31056
2023-11-12 21:00,40.51745
2023-11-12 21:15,40.46504
2023-11-12 21:30,40.45087
2023-11-12 21:45,40.70921
2023-11-12 22:00,40.05459
2023-11-12 22:15,40.11721
2023-11-12 22:30,40.11499
2023-11-12 22:45,40.2386
2023-11-12 23:00,40.24194
2023-11-12 23:15,40.10584
2023-11-12 23:30,38.92052
2023-11-12 23:45,28.621
2023-11-13 0:00,38.78524
2023-11-13 0:15,27.5239
2023-11-13 0:30,7.17054
2023-11-13 0:45,-10.11942
2023-11-13 1:00,15.13765
2023-11-13 1:15,8.31713
2023-11-13 1:30,-0.90845
2023-11-13 1:45,-9.28547
2023-11-13 2:00,-0.10714
2023-11-13 2:15,-3.5183
2023-11-13 2:30,-11.0966
2023-11-13 2:45,-8.60616
2023-11-13 3:00,-3.68825
2023-11-13 3:15,-3.50777
2023-11-13 3:30,-4.52639
2023-11-13 3:45,-3.2998
2023-11-13 4:00,1.05336
2023-11-13 4:15,2.96444
2023-11-13 4:30,0
2023-11-13 4:45,0
2023-11-13 5:00,5.08681
2023-11-13 5:15,8.38095
2023-11-13 5:30,10.5024
2023-11-13 5:45,14.41333
2023-11-13 6:00,13.9663
2023-11-13 6:15,15.49582
2023-11-13 6:30,13.99121
2023-11-13 6:45,14.18993
2023-11-13 7:00,2.61479
2023-11-13 7:15,-5.20948
2023-11-13 7:30,13.98479
2023-11-13 7:45,32.11319
2023-11-13 8:00,18.20236
2023-11-13 8:15,27.55768
2023-11-13 8:30,50.50886
2023-11-13 8:45,73.51399
2023-11-13 9:00,51.15613
2023-11-13 9:15,64.50533
2023-11-13 9:30,77.23613
2023-11-13 9:45,110.89306
2023-11-13 10:00,66.46493
2023-11-13 10:15,69.23076
2023-11-13 10:30,72.76446
2023-11-13 10:45,72.25651
2023-11-13 11:00,69.81742
2023-11-13 11:15,68.85914
2023-11-13 11:30,64.91825
2023-11-13 11:45,54.81852
2023-11-13 12:00,54.6083
2023-11-13 12:15,52.26967
2023-11-13 12:30,50.47562
2023-11-13 12:45,49.77616
2023-11-13 13:00,50.31638
2023-11-13 13:15,48.66963
2023-11-13 13:30,48.61201
2023-11-13 13:45,47.7423
2023-11-13 14:00,51.27994
2023-11-13 14:15,50.19353
2023-11-13 14:30,47.27845
2023-11-13 14:45,45.8742
2023-11-13 15:00,52.10051
2023-11-13 15:15,50.48489
2023-11-13 15:30,47.39668
2023-11-13 15:45,43.14314
2023-11-13 16:00,46.99083
2023-11-13 16:15,43.23398
2023-11-13 16:30,42.85853
2023-11-13 16:45,41.8831
2023-11-13 17:00,46.78161
2023-11-13 17:15,45.99729
2023-11-13 17:30,45.49977
2023-11-13 17:45,46.63643
2023-11-13 18:00,46.09122
2023-11-13 18:15,44.6437
2023-11-13 18:30,44.48217
2023-11-13 18:45,42.19858
2023-11-13 19:00,43.12804
2023-11-13 19:15,42.94574
2023-11-13 19:30,42.07657
2023-11-13 19:45,42.04184
2023-11-13 20:00,43.99423
2023-11-13 20:15,44.17164
2023-11-13 20:30,44.9277
2023-11-13 20:45,46.1419
2023-11-13 21:00,46.8283
2023-11-13 21:15,49.48612
2023-11-13 21:30,53.2152
2023-11-13 21:45,56.80869
2023-11-13 22:00,48.01471
2023-11-13 22:15,52.84064
2023-11-13 22:30,60.34407
2023-11-13 22:45,59.58012
2023-11-13 23:00,63.59616
2023-11-13 23:15,63.33913
2023-11-13 23:30,64.88906
2023-11-13 23:45,58.06646
2023-11-14 0:00,58.92025
2023-11-14 0:15,49.82851
2023-11-14 0:30,43.63479
2023-11-14 0:45,40.08359
2023-11-14 1:00,48.25155
2023-11-14 1:15,44.96562
2023-11-14 1:30,40.56516
2023-11-14 1:45,38.23249
2023-11-14 2:00,43.33335
2023-11-14 2:15,40.25253
2023-11-14 2:30,41.26142
2023-11-14 2:45,38.45014
2023-11-14 3:00,43.63475
2023-11-14 3:15,42.84265
2023-11-14 3:30,40.59183
2023-11-14 3:45,37.46839
2023-11-14 4:00,38.5385
2023-11-14 4:15,39.01448
2023-11-14 4:30,37.45378
2023-11-14 4:45,37.53326
2023-11-14 5:00,19.66846
2023-11-14 5:15,31.84006
2023-11-14 5:30,21.64028
2023-11-14 5:45,23.12645
2023-11-14 6:00,36.6754
2023-11-14 6:15,19.47238
2023-11-14 6:30,16.83987
2023-11-14 6:45,19.25021
2023-11-14 7:00,11.86799
2023-11-14 7:15,34.96948
2023-11-14 7:30,47.25189
2023-11-14 7:45,39.26899
2023-11-14 8:00,43.42726
2023-11-14 8:15,59.86663
2023-11-14 8:30,80.45705
2023-11-14 8:45,91.88045
2023-11-14 9:00,71.82187
2023-11-14 9:15,80.5416
2023-11-14 9:30,97.13663
2023-11-14 9:45,91.64783
2023-11-14 10:00,79.629
2023-11-14 10:15,76.10933
2023-11-14 10:30,76.38196
2023-11-14 10:45,76.78213
2023-11-14 11:00,75.52645
2023-11-14 11:15,74.8837
2023-11-14 11:30,74.66992
2023-11-14 11:45,61.87358
2023-11-14 12:00,64.20889
2023-11-14 12:15,63.55795
2023-11-14 12:30,63.38131
2023-11-14 12:45,65.38161
2023-11-14 13:00,65.82085
2023-11-14 13:15,65.99871
2023-11-14 13:30,63.53504
2023-11-14 13:45,63.67774
2023-11-14 14:00,71.69679
2023-11-14 14:15,69.52618
2023-11-14 14:30,66.9935
2023-11-14 14:45,60.82427
2023-11-14 15:00,68.59842
2023-11-14 15:15,64.55204
2023-11-14 15:30,57.98042
2023-11-14 15:45,53.11125
2023-11-14 16:00,52.92
2023-11-14 16:15,50.35
2023-11-14 16:30,48.5288
2023-11-14 16:45,46.56332
2023-11-14 17:00,57.55173
2023-11-14 17:15,56.6888
2023-11-14 17:30,56.1988
2023-11-14 17:45,54.74046
2023-11-14 18:00,60.4724
2023-11-14 18:15,60
2023-11-14 18:30,59.7612
2023-11-14 18:45,59.4391
2023-11-14 19:00,57.33104
2023-11-14 19:15,57.33055
2023-11-14 19:30,59.21543
2023-11-14 19:45,59.43942
2023-11-14 20:00,59.43931
2023-11-14 20:15,62.48163
2023-11-14 20:30,65.77
2023-11-14 20:45,62.94095
2023-11-14 21:00,59.01049
2023-11-14 21:15,59.21495
2023-11-14 21:30,63.75709
2023-11-14 21:45,65.44833
2023-11-14 22:00,57.50207
2023-11-14 22:15,63.83957
2023-11-14 22:30,71.14084
2023-11-14 22:45,84.48842
2023-11-14 23:00,75.32314
2023-11-14 23:15,78.6493
2023-11-14 23:30,84.34974
2023-11-14 23:45,76.31879
2023-11-15 0:00,71.27138
2023-11-15 0:15,60.30514
2023-11-15 0:30,54.41329
2023-11-15 0:45,44.1962
2023-11-15 1:00,37.69611
2023-11-15 1:15,21.74795
2023-11-15 1:30,17.83118
2023-11-15 1:45,8.3443
2023-11-15 2:00,18.62025
2023-11-15 2:15,17.87642
2023-11-15 2:30,5.06314
2023-11-15 2:45,15.09299
2023-11-15 3:00,18.85989
2023-11-15 3:15,16.17692
2023-11-15 3:30,17.44586
2023-11-15 3:45,13.06391
2023-11-15 4:00,14.52324
2023-11-15 4:15,13.44567
2023-11-15 4:30,14.94981
2023-11-15 4:45,12.45979
2023-11-15 5:00,16.35425
2023-11-15 5:15,12.23407
2023-11-15 5:30,7.2915
2023-11-15 5:45,13.06102
2023-11-15 6:00,9.58637
2023-11-15 6:15,-7.62544
2023-11-15 6:30,35.8704
2023-11-15 6:45,37.33339
2023-11-15 7:00,17.26567
2023-11-15 7:15,20.52175
2023-11-15 7:30,44.91515
2023-11-15 7:45,66.18269
2023-11-15 8:00,48.94541
2023-11-15 8:15,76.25274
2023-11-15 8:30,89.70666
2023-11-15 8:45,107.93348
2023-11-15 9:00,84.07
2023-11-15 9:15,84.6
2023-11-15 9:30,101.35241
2023-11-15 9:45,107.45838
2023-11-15 10:00,89.59407
2023-11-15 10:15,114.2031
2023-11-15 10:30,111.96401
2023-11-15 10:45,108.42975
2023-11-15 11:00,100.39423
2023-11-15 11:15,92.89015
2023-11-15 11:30,93.94194
2023-11-15 11:45,88.13985
2023-11-15 12:00,86.35147
2023-11-15 12:15,84.13951
2023-11-15 12:30,82.58606
2023-11-15 12:45,82.1273
2023-11-15 13:00,88.03446
2023-11-15 13:15,83.64039
2023-11-15 13:30,84.03986
2023-11-15 13:45,82.81907
2023-11-15 14:00,83.90086
2023-11-15 14:15,83.33464
2023-11-15 14:30,81.79733
2023-11-15 14:45,66.62296
2023-11-15 15:00,76.93392
2023-11-15 15:15,66.37384
2023-11-15 15:30,60.75159
2023-11-15 15:45,59.51112
2023-11-15 16:00,63.66112
2023-11-15 16:15,60.37392
2023-11-15 16:30,59.86735
2023-11-15 16:45,58.14931
2023-11-15 17:00,58.14931
2023-11-15 17:15,65.56244
2023-11-15 17:30,64.91991
2023-11-15 17:45,63.66357
2023-11-15 18:00,62.9
2023-11-15 18:15,63.16608
2023-11-15 18:30,62.62
2023-11-15 18:45,62.74697
2023-11-15 19:00,62.4924
2023-11-15 19:15,63.08939
2023-11-15 19:30,63.27065
2023-11-15 19:45,62.92817
2023-11-15 20:00,62.2893
2023-11-15 20:15,62.79947
2023-11-15 20:30,63.09804
2023-11-15 20:45,63.85
2023-11-15 21:00,65.62042
2023-11-15 21:15,66.3041
2023-11-15 21:30,69.98138
2023-11-15 21:45,74.60158
2023-11-15 22:00,66.13165
2023-11-15 22:15,70.63253
2023-11-15 22:30,75.70275
2023-11-15 22:45,80.31408
2023-11-15 23:00,65.28056
2023-11-15 23:15,66.546
2023-11-15 23:30,69.05214
2023-11-15 23:45,66.92783
2023-11-16 0:00,68.50327
2023-11-16 0:15,66.25821
2023-11-16 0:30,66.19499
2023-11-16 0:45,67.09579
2023-11-16 1:00,72.44445
2023-11-16 1:15,74.50128
2023-11-16 1:30,68.1934
2023-11-16 1:45,65.58922
2023-11-16 2:00,69.77771
2023-11-16 2:15,67.63776
2023-11-16 2:30,68.70483
2023-11-16 2:45,65.69755
2023-11-16 3:00,70.17362
2023-11-16 3:15,69.28193
2023-11-16 3:30,69.49173
2023-11-16 3:45,70.03785
2023-11-16 4:00,75.49467
2023-11-16 4:15,80.35199
2023-11-16 4:30,83.26543
2023-11-16 4:45,86.43478
2023-11-16 5:00,86.13819
2023-11-16 5:15,86.57779
2023-11-16 5:30,88.8965
2023-11-16 5:45,89.13181
2023-11-16 6:00,96.28714
2023-11-16 6:15,94.3989
2023-11-16 6:30,98.87155
2023-11-16 6:45,95.15629
2023-11-16 7:00,93.16508
2023-11-16 7:15,95.77523
2023-11-16 7:30,113.2907
2023-11-16 7:45,119.9999
2023-11-16 8:00,93.13692
2023-11-16 8:15,110.45576
2023-11-16 8:30,144.28865
2023-11-16 8:45,193.3483
2023-11-16 9:00,90.61665
2023-11-16 9:15,99.89796
2023-11-16 9:30,106.95301
2023-11-16 9:45,100.75735
2023-11-16 10:00,97.23215
2023-11-16 10:15,98.75197
2023-11-16 10:30,103.14982
2023-11-16 10:45,97.78093
2023-11-16 11:00,96.8698
2023-11-16 11:15,94.27673
2023-11-16 11:30,97.25565
2023-11-16 11:45,106.34985
2023-11-16 12:00,89.19099
2023-11-16 12:15,85.80964
2023-11-16 12:30,82.78963
2023-11-16 12:45,79.72258
2023-11-16 13:00,85.83373
2023-11-16 13:15,87.60714
2023-11-16 13:30,73.79346
2023-11-16 13:45,71.12473
2023-11-16 14:00,81.52967
2023-11-16 14:15,78.48549
2023-11-16 14:30,69.63499
2023-11-16 14:45,67.95448
2023-11-16 15:00,88.70363
2023-11-16 15:15,79.53182
2023-11-16 15:30,76.99995
2023-11-16 15:45,66.8312
2023-11-16 16:00,66.2252
2023-11-16 16:15,63.02976
2023-11-16 16:30,63.09263
2023-11-16 16:45,62.09726
2023-11-16 17:00,66.92193
2023-11-16 17:15,64.85956
2023-11-16 17:30,63.18319
2023-11-16 17:45,62.22687
2023-11-16 18:00,61.952
2023-11-16 18:15,62.6812
2023-11-16 18:30,66.63353
2023-11-16 18:45,65.85326
2023-11-16 19:00,65.87537
2023-11-16 19:15,66.64021
2023-11-16 19:30,66.17777
2023-11-16 19:45,65.81798
2023-11-16 20:00,66.46116
2023-11-16 20:15,66.68037
2023-11-16 20:30,68.08394
2023-11-16 20:45,68.12568
2023-11-16 21:00,67.55817
2023-11-16 21:15,67.34958
2023-11-16 21:30,70.06432
2023-11-16 21:45,74.64035
2023-11-16 22:00,70.17419
2023-11-16 22:15,79.26097
2023-11-16 22:30,90.99233
2023-11-16 22:45,99.88625
2023-11-16 23:00,93.3201
2023-11-16 23:15,99.98273
2023-11-16 23:30,108.68777
2023-11-16 23:45,115.1172
2023-11-17 0:00,95.34887
2023-11-17 0:15,74.38029
2023-11-17 0:30,64.54898
2023-11-17 0:45,65.87537
2023-11-17 1:00,67.40116
2023-11-17 1:15,65.94964
2023-11-17 1:30,64.97332
2023-11-17 1:45,58.30626
2023-11-17 2:00,29.39237
2023-11-17 2:15,26.91769
2023-11-17 2:30,24.98048
2023-11-17 2:45,17.87569
2023-11-17 3:00,29.65611
2023-11-17 3:15,33.56489
2023-11-17 3:30,30.41117
2023-11-17 3:45,29.05944
2023-11-17 4:00,29.97501
2023-11-17 4:15,32.21983
2023-11-17 4:30,49.17514
2023-11-17 4:45,49.89555
2023-11-17 5:00,34.38091
2023-11-17 5:15,34.86562
2023-11-17 5:30,34.99783
2023-11-17 5:45,60.61394
2023-11-17 6:00,32.66416
2023-11-17 6:15,49.98293
2023-11-17 6:30,58.18777
2023-11-17 6:45,35.59287
2023-11-17 7:00,54.28347
2023-11-17 7:15,55.83236
2023-11-17 7:30,56.20955
2023-11-17 7:45,39.92125
2023-11-17 8:00,55.4415
2023-11-17 8:15,66.92149
2023-11-17 8:30,77.34369
2023-11-17 8:45,100
2023-11-17 9:00,68.46861
2023-11-17 9:15,78.98561
2023-11-17 9:30,94.66921
2023-11-17 9:45,103.13742
2023-11-17 10:00,98.69545
2023-11-17 10:15,103.96155
2023-11-17 10:30,102.67897
2023-11-17 10:45,98.43955
2023-11-17 11:00,94.18759
2023-11-17 11:15,93.88124
2023-11-17 11:30,93.54943
2023-11-17 11:45,89.95918
2023-11-17 12:00,89.07287
2023-11-17 12:15,84.47653
2023-11-17 12:30,81.27399
2023-11-17 12:45,81.43023
2023-11-17 13:00,81.96293
2023-11-17 13:15,81.22206
2023-11-17 13:30,79.73064
2023-11-17 13:45,83.40657
2023-11-17 14:00,81.86703
2023-11-17 14:15,80.32033
2023-11-17 14:30,76.32939
2023-11-17 14:45,70.97202
2023-11-17 15:00,85.97661
2023-11-17 15:15,82.24719
2023-11-17 15:30,74.9988
2023-11-17 15:45,68.45363
2023-11-17 16:00,69.9988
2023-11-17 16:15,67.80133
2023-11-17 16:30,67.42234
2023-11-17 16:45,66.95889
2023-11-17 17:00,69.20938
2023-11-17 17:15,67.64096
2023-11-17 17:30,67.83
2023-11-17 17:45,64.74184
2023-11-17 18:00,68.72556
2023-11-17 18:15,67.88129
2023-11-17 18:30,66.51762
2023-11-17 18:45,64.81039
2023-11-17 19:00,65.8036
2023-11-17 19:15,68.23295
2023-11-17 19:30,68.21947
2023-11-17 19:45,68.77502
2023-11-17 20:00,71.0566
2023-11-17 20:15,72.29059
2023-11-17 20:30,73.47255
2023-11-17 20:45,75.2851
2023-11-17 21:00,71.81347
2023-11-17 21:15,75.01669
2023-11-17 21:30,79.96786
2023-11-17 21:45,77.72053
2023-11-17 22:00,76.56722
2023-11-17 22:15,80.12881
2023-11-17 22:30,94.04618
2023-11-17 22:45,106.30163
2023-11-17 23:00,86.32813
2023-11-17 23:15,98.42621
2023-11-17 23:30,111.97503
2023-11-17 23:45,102.64738
2023-11-18 0:00,95.47245
2023-11-18 0:15,74.30305
2023-11-18 0:30,63.57752
2023-11-18 0:45,51.36771
2023-11-18 1:00,51.9329
2023-11-18 1:15,39.14244
2023-11-18 1:30,35.02606
2023-11-18 1:45,26.053
2023-11-18 2:00,38.70558
2023-11-18 2:15,40.19449
2023-11-18 2:30,44.12446
2023-11-18 2:45,41.16178
2023-11-18 3:00,43.77375
2023-11-18 3:15,41.15368
2023-11-18 3:30,37.43322
2023-11-18 3:45,36.38798
2023-11-18 4:00,38.21139
2023-11-18 4:15,38.33847
2023-11-18 4:30,34.18576
2023-11-18 4:45,37.03824
2023-11-18 5:00,41.03698
2023-11-18 5:15,38.58584
2023-11-18 5:30,34.28883
2023-11-18 5:45,40.0602
2023-11-18 6:00,37.34107
2023-11-18 6:15,39.96164
2023-11-18 6:30,37.89317
2023-11-18 6:45,39.58453
2023-11-18 7:00,38.201
2023-11-18 7:15,41.9401
2023-11-18 7:30,50.08464
2023-11-18 7:45,56.17806
2023-11-18 8:00,45.62829
2023-11-18 8:15,59.99377
2023-11-18 8:30,80.3083
2023-11-18 8:45,103.25785
2023-11-18 9:00,74.50218
2023-11-18 9:15,89.27695
2023-11-18 9:30,91.52372
2023-11-18 9:45,109.29331
2023-11-18 10:00,91.19617
2023-11-18 10:15,97.74609
2023-11-18 10:30,102.32145
2023-11-18 10:45,98.19375
2023-11-18 11:00,92.4949
2023-11-18 11:15,91.46428
2023-11-18 11:30,89.69733
2023-11-18 11:45,86.93688
2023-11-18 12:00,86.22462
2023-11-18 12:15,85.82379
2023-11-18 12:30,84.947
2023-11-18 12:45,84.4317
2023-11-18 13:00,86.60188
2023-11-18 13:15,87.79371
2023-11-18 13:30,86.59653
2023-11-18 13:45,84.88071
2023-11-18 14:00,88.18909
2023-11-18 14:15,85.77835
2023-11-18 14:30,84.27203
2023-11-18 14:45,70.02177
2023-11-18 15:00,89.48101
2023-11-18 15:15,85.71553
2023-11-18 15:30,75.80189
2023-11-18 15:45,69.07632
2023-11-18 16:00,82.14866
2023-11-18 16:15,78.40192
2023-11-18 16:30,73.28876
2023-11-18 16:45,75.30608
2023-11-18 17:00,66.34944
2023-11-18 17:15,65.01826
2023-11-18 17:30,63.55182
2023-11-18 17:45,60.01671
2023-11-18 18:00,67.03133
2023-11-18 18:15,67.01243
2023-11-18 18:30,66.68689
2023-11-18 18:45,64.57819
2023-11-18 19:00,66.90892
2023-11-18 19:15,64.76001
2023-11-18 19:30,61.98366
2023-11-18 19:45,67.1942
2023-11-18 20:00,66.87138
2023-11-18 20:15,66.67532
2023-11-18 20:30,66.73817
2023-11-18 20:45,67.77476
2023-11-18 21:00,68.198
2023-11-18 21:15,68.78134
2023-11-18 21:30,72.47834
2023-11-18 21:45,72.58761
2023-11-18 22:00,67.97743
2023-11-18 22:15,71.32762
2023-11-18 22:30,78.81142
2023-11-18 22:45,73.98386
2023-11-18 23:00,67.46716
2023-11-18 23:15,68.69339
2023-11-18 23:30,71.48104
2023-11-18 23:45,68.19028
2023-11-19 0:00,62.09371
2023-11-19 0:15,58.99258
2023-11-19 0:30,54.79702
2023-11-19 0:45,46.69535
2023-11-19 1:00,50.45487
2023-11-19 1:15,40.48228
2023-11-19 1:30,35.42448
2023-11-19 1:45,30.13949
2023-11-19 2:00,41.22713
2023-11-19 2:15,42.53792
2023-11-19 2:30,40.84137
2023-11-19 2:45,38.56841
2023-11-19 3:00,37.77035
2023-11-19 3:15,37.8644
2023-11-19 3:30,36.14484
2023-11-19 3:45,37.14532
2023-11-19 4:00,42.59004
2023-11-19 4:15,41.23855
2023-11-19 4:30,39.80691
2023-11-19 4:45,39.49616
2023-11-19 5:00,39.94669
2023-11-19 5:15,40.25383
2023-11-19 5:30,38.74658
2023-11-19 5:45,35.9172
2023-11-19 6:00,25.84731
2023-11-19 6:15,27.02027
2023-11-19 6:30,23.06915
2023-11-19 6:45,24.58311
2023-11-19 7:00,15.0608
2023-11-19 7:15,18.69072
2023-11-19 7:30,32.51694
2023-11-19 7:45,45.89081
2023-11-19 8:00,37.11307
2023-11-19 8:15,56.04909
2023-11-19 8:30,72.79094
2023-11-19 8:45,91.88943
2023-11-19 9:00,57.07211
2023-11-19 9:15,67.38068
2023-11-19 9:30,77.95908
2023-11-19 9:45,91.5451
2023-11-19 10:00,75.72242
2023-11-19 10:15,77.18082
2023-11-19 10:30,81.17094
2023-11-19 10:45,78.35327
2023-11-19 11:00,76.30178
2023-11-19 11:15,72.68944
2023-11-19 11:30,72.7424
2023-11-19 11:45,68.15548
2023-11-19 12:00,69.83045
2023-11-19 12:15,66.78388
2023-11-19 12:30,66.86697
2023-11-19 12:45,65.07594
2023-11-19 13:00,67.96814
2023-11-19 13:15,68.85544
2023-11-19 13:30,68.58317
2023-11-19 13:45,68.57792
2023-11-19 14:00,69.53861
2023-11-19 14:15,70.10378
2023-11-19 14:30,69.25185
2023-11-19 14:45,63.58443
2023-11-19 15:00,70.78285
2023-11-19 15:15,69.55145
2023-11-19 15:30,68.93225
2023-11-19 15:45,60.54352
2023-11-19 16:00,69.3644
2023-11-19 16:15,67.50243
2023-11-19 16:30,55.37557
2023-11-19 16:45,51.64769
2023-11-19 17:00,55.29923
2023-11-19 17:15,52.23969
2023-11-19 17:30,49.11804
2023-11-19 17:45,44.12091
2023-11-19 18:00,53.18189
2023-11-19 18:15,51.11655
2023-11-19 18:30,46.47437
2023-11-19 18:45,45.40351
2023-11-19 19:00,45.78915
2023-11-19 19:15,45.27956
2023-11-19 19:30,43.96398
2023-11-19 19:45,42.00577
2023-11-19 20:00,37.8684
2023-11-19 20:15,35.25352
2023-11-19 20:30,35.32325
2023-11-19 20:45,34.61882
2023-11-19 21:00,34.38402
2023-11-19 21:15,34.6483
2023-11-19 21:30,37.08645
2023-11-19 21:45,38.02899
2023-11-19 22:00,38.15843
2023-11-19 22:15,41.95833
2023-11-19 22:30,43.60756
2023-11-19 22:45,47.26755
2023-11-19 23:00,50.55985
2023-11-19 23:15,50.52526
2023-11-19 23:30,47.59847
2023-11-19 23:45,44.34211
2023-11-20 0:00,49.35086
2023-11-20 0:15,41.94647
2023-11-20 0:30,27.18926
2023-11-20 0:45,4.65051
2023-11-20 1:00,13.7959
2023-11-20 1:15,1.43396
2023-11-20 1:30,-13.38398
2023-11-20 1:45,-19.91803
2023-11-20 2:00,-10.04644
2023-11-20 2:15,-14.37907
2023-11-20 2:30,-19.57501
2023-11-20 2:45,-28.66246
2023-11-20 3:00,-15.73219
2023-11-20 3:15,-19.49959
2023-11-20 3:30,-25.43279
2023-11-20 3:45,-27.13275
2023-11-20 4:00,-29.87523
2023-11-20 4:15,-31.00695
2023-11-20 4:30,-33.77098
2023-11-20 4:45,-31.0867
2023-11-20 5:00,-30.98354
2023-11-20 5:15,-33.2157
2023-11-20 5:30,-31.49955
2023-11-20 5:45,-31.12647
2023-11-20 6:00,-31.05096
2023-11-20 6:15,-30.94261
2023-11-20 6:30,-31.44736
2023-11-20 6:45,-32.16182
2023-11-20 7:00,-32.74604
2023-11-20 7:15,-33.13296
2023-11-20 7:30,-29.85344
2023-11-20 7:45,-12.07673
2023-11-20 8:00,-12.33789
2023-11-20 8:15,11.89305
2023-11-20 8:30,41.4109
2023-11-20 8:45,66.24281
2023-11-20 9:00,40.35024
2023-11-20 9:15,48.63577
2023-11-20 9:30,56.01995
2023-11-20 9:45,67.87361
2023-11-20 10:00,61.38262
2023-11-20 10:15,62.01368
2023-11-20 10:30,62.20486
2023-11-20 10:45,68.13263
2023-11-20 11:00,67.69492
2023-11-20 11:15,61.81427
2023-11-20 11:30,60.68829
2023-11-20 11:45,53.89825
2023-11-20 12:00,53.89018
2023-11-20 12:15,53.92113
2023-11-20 12:30,51.47697
2023-11-20 12:45,50.76144
2023-11-20 13:00,51.42332
2023-11-20 13:15,50.32538
2023-11-20 13:30,50.55386
2023-11-20 13:45,49.9618
2023-11-20 14:00,50.37068
2023-11-20 14:15,51.27933
2023-11-20 14:30,50.14749
2023-11-20 14:45,49.82931
2023-11-20 15:00,49.91348
2023-11-20 15:15,47.5591
2023-11-20 15:30,46.26219
2023-11-20 15:45,45.49658
2023-11-20 16:00,49.32919
2023-11-20 16:15,46.91683
2023-11-20 16:30,47.07965
2023-11-20 16:45,46.43538
2023-11-20 17:00,54.35473
2023-11-20 17:15,55.5791
2023-11-20 17:30,57.18541
2023-11-20 17:45,55.2225
2023-11-20 18:00,55.7484
2023-11-20 18:15,54.90035
2023-11-20 18:30,54.91339
2023-11-20 18:45,53.25577
2023-11-20 19:00,54.88378
2023-11-20 19:15,55.03884
2023-11-20 19:30,55.02218
2023-11-20 19:45,55.27107
2023-11-20 20:00,52.35509
2023-11-20 20:15,54.74778
2023-11-20 20:30,53.06179
2023-11-20 20:45,56.40705
2023-11-20 21:00,52.0587
2023-11-20 21:15,53.59404
2023-11-20 21:30,58.82972
2023-11-20 21:45,65.1979
2023-11-20 22:00,54.03011
2023-11-20 22:15,55.71012
2023-11-20 22:30,67.85916
2023-11-20 22:45,71.16667
2023-11-20 23:00,66.77768
2023-11-20 23:15,72.38968
2023-11-20 23:30,80.38789
2023-11-20 23:45,72.93775
2023-11-21 0:00,75.73946
2023-11-21 0:15,60.31924
2023-11-21 0:30,43.81509
2023-11-21 0:45,26.85131
2023-11-21 1:00,31.2153
2023-11-21 1:15,13.68303
2023-11-21 1:30,11.6843
2023-11-21 1:45,-3.50885
2023-11-21 2:00,-1.29152
2023-11-21 2:15,-3.93832
2023-11-21 2:30,-10.5862
2023-11-21 2:45,-20.16131
2023-11-21 3:00,-12.03696
2023-11-21 3:15,-11.92395
2023-11-21 3:30,-20.75333
2023-11-21 3:45,-20.63259
2023-11-21 4:00,-22.40567
2023-11-21 4:15,-20.5708
2023-11-21 4:30,-26.67023
2023-11-21 4:45,-27.25863
2023-11-21 5:00,-27.80777
2023-11-21 5:15,-28.88667
2023-11-21 5:30,-27.9579
2023-11-21 5:45,-29.76515
2023-11-21 6:00,-29.36705
2023-11-21 6:15,-28.38205
2023-11-21 6:30,-30.11071
2023-11-21 6:45,-24.58598
2023-11-21 7:00,-27.39094
2023-11-21 7:15,-29.15275
2023-11-21 7:30,-14.65133
2023-11-21 7:45,-8.37047
2023-11-21 8:00,-19.29152
2023-11-21 8:15,22.74788
2023-11-21 8:30,58.49926
2023-11-21 8:45,86.52972
2023-11-21 9:00,59.1888
2023-11-21 9:15,68.0024
2023-11-21 9:30,79.53
2023-11-21 9:45,98.65415
2023-11-21 10:00,77.31435
2023-11-21 10:15,84.22086
2023-11-21 10:30,88.32143
2023-11-21 10:45,89.28571
2023-11-21 11:00,82.02232
2023-11-21 11:15,78.86863
2023-11-21 11:30,78.99912
2023-11-21 11:45,78.10271
2023-11-21 12:00,78.85522
2023-11-21 12:15,77.96023
2023-11-21 12:30,65.82848
2023-11-21 12:45,65.15275
2023-11-21 13:00,66.52009
2023-11-21 13:15,68.14846
2023-11-21 13:30,65.66665
2023-11-21 13:45,64.99519
2023-11-21 14:00,66.26998
2023-11-21 14:15,68.42718
2023-11-21 14:30,64.70899
2023-11-21 14:45,64.06151
2023-11-21 15:00,67.99215
2023-11-21 15:15,64.81509
2023-11-21 15:30,65.05152
2023-11-21 15:45,59.05225
2023-11-21 16:00,63.01744
2023-11-21 16:15,60.14248
2023-11-21 16:30,60.53723
2023-11-21 16:45,59.57058
2023-11-21 17:00,69.29188
2023-11-21 17:15,67.72712
2023-11-21 17:30,68.95823
2023-11-21 17:45,64.15339
2023-11-21 18:00,68.694
2023-11-21 18:15,68.20188
2023-11-21 18:30,67.63161
2023-11-21 18:45,64.65256
2023-11-21 19:00,62.58122
2023-11-21 19:15,62.66518
2023-11-21 19:30,63.87775
2023-11-21 19:45,62.1756
2023-11-21 20:00,60.88205
2023-11-21 20:15,62.31553
2023-11-21 20:30,67.49942
2023-11-21 20:45,68.41258
2023-11-21 21:00,62.25468
2023-11-21 21:15,67.73556
2023-11-21 21:30,74.38626
2023-11-21 21:45,77.24262
2023-11-21 22:00,67.85352
2023-11-21 22:15,76.11592
2023-11-21 22:30,98.03928
2023-11-21 22:45,107.03545
2023-11-21 23:00,86.291
2023-11-21 23:15,102.10908
2023-11-21 23:30,118.79365
2023-11-21 23:45,92.0501
2023-11-22 0:00,74.48521
2023-11-22 0:15,56.02001
2023-11-22 0:30,42.43605
2023-11-22 0:45,17.02545
2023-11-22 1:00,18.88802
2023-11-22 1:15,11.65014
2023-11-22 1:30,0.6125
2023-11-22 1:45,-15.02553
2023-11-22 2:00,10.02967
2023-11-22 2:15,3.9455
2023-11-22 2:30,-13.19699
2023-11-22 2:45,-13.68582
2023-11-22 3:00,4.04814
2023-11-22 3:15,9.70812
2023-11-22 3:30,10.60235
2023-11-22 3:45,10.42895
2023-11-22 4:00,13.12066
2023-11-22 4:15,13.72899
2023-11-22 4:30,12.67181
2023-11-22 4:45,8.94285
2023-11-22 5:00,13.97385
2023-11-22 5:15,14.76395
2023-11-22 5:30,12.60566
2023-11-22 5:45,9.19122
2023-11-22 6:00,4.33787
2023-11-22 6:15,1.20973
2023-11-22 6:30,11.15344
2023-11-22 6:45,8.73048
2023-11-22 7:00,3.04625
2023-11-22 7:15,1.42948
2023-11-22 7:30,16.37478
2023-11-22 7:45,44.37143
2023-11-22 8:00,41.09715
2023-11-22 8:15,54.59001
2023-11-22 8:30,68.62713
2023-11-22 8:45,96.88521
2023-11-22 9:00,62.2114
2023-11-22 9:15,78.42826
2023-11-22 9:30,82.71767
2023-11-22 9:45,91.52563
2023-11-22 10:00,76.98239
2023-11-22 10:15,78.16479
2023-11-22 10:30,76.88349
2023-11-22 10:45,75.58976
2023-11-22 11:00,74.97621
2023-11-22 11:15,66.54352
2023-11-22 11:30,68.44698
2023-11-22 11:45,64.70095
2023-11-22 12:00,61.74019
2023-11-22 12:15,62.18838
2023-11-22 12:30,64.52914
2023-11-22 12:45,65.1199
2023-11-22 13:00,65.51224
2023-11-22 13:15,65.0332
2023-11-22 13:30,65.58048
2023-11-22 13:45,61.08033
2023-11-22 14:00,62.27131
2023-11-22 14:15,61.45171
2023-11-22 14:30,61.14833
2023-11-22 14:45,58.7867
2023-11-22 15:00,66.91931
2023-11-22 15:15,59.43449
2023-11-22 15:30,57.44943
2023-11-22 15:45,55.89335
2023-11-22 16:00,57.49084
2023-11-22 16:15,56.16728
2023-11-22 16:30,55.21825
2023-11-22 16:45,53.21837
2023-11-22 17:00,57.98063
2023-11-22 17:15,56.94033
2023-11-22 17:30,57.61502
2023-11-22 17:45,57.25673
2023-11-22 18:00,57.8593
2023-11-22 18:15,56.28737
2023-11-22 18:30,55.46024
2023-11-22 18:45,55.28254
2023-11-22 19:00,55.71858
2023-11-22 19:15,54.33001
2023-11-22 19:30,54.04085
2023-11-22 19:45,53.82807
2023-11-22 20:00,53.58524
2023-11-22 20:15,55.51357
2023-11-22 20:30,55.46894
2023-11-22 20:45,56.40326
2023-11-22 21:00,54.62195
2023-11-22 21:15,56.79754
2023-11-22 21:30,59.21172
2023-11-22 21:45,63.47089
2023-11-22 22:00,53.36294
2023-11-22 22:15,56.44474
2023-11-22 22:30,66.44519
2023-11-22 22:45,72.82603
2023-11-22 23:00,63.14528
2023-11-22 23:15,63.88272
2023-11-22 23:30,64.3985
2023-11-22 23:45,62.56342
2023-11-23 0:00,58.66154
2023-11-23 0:15,54.02288
2023-11-23 0:30,36.58264
2023-11-23 0:45,25.35994
2023-11-23 1:00,26.61201
2023-11-23 1:15,21.19709
2023-11-23 1:30,7.16527
2023-11-23 1:45,-15.80512
2023-11-23 2:00,13.35659
2023-11-23 2:15,12.03638
2023-11-23 2:30,10.15519
2023-11-23 2:45,12.92779
2023-11-23 3:00,18.26568
2023-11-23 3:15,17.29258
2023-11-23 3:30,18.26001
2023-11-23 3:45,13.28386
2023-11-23 4:00,15.09595
2023-11-23 4:15,16.27428
2023-11-23 4:30,15.82781
2023-11-23 4:45,16.35892
2023-11-23 5:00,16.25079
2023-11-23 5:15,16.26638
2023-11-23 5:30,16.31775
2023-11-23 5:45,15.79261
2023-11-23 6:00,13.53058
2023-11-23 6:15,15.03045
2023-11-23 6:30,12.6861
2023-11-23 6:45,13.31958
2023-11-23 7:00,10.36487
2023-11-23 7:15,12.91976
2023-11-23 7:30,24.27504
2023-11-23 7:45,41.17072
2023-11-23 8:00,37.52333
2023-11-23 8:15,52.96909
2023-11-23 8:30,70.96912
2023-11-23 8:45,87.50286
2023-11-23 9:00,61.0582
2023-11-23 9:15,69.20452
2023-11-23 9:30,76.699
2023-11-23 9:45,78.24913
2023-11-23 10:00,72.24361
2023-11-23 10:15,70.92611
2023-11-23 10:30,72.23013
2023-11-23 10:45,69.93128
2023-11-23 11:00,61.78674
2023-11-23 11:15,57.29723
2023-11-23 11:30,57.3047
2023-11-23 11:45,53.7073
2023-11-23 12:00,56.66774
2023-11-23 12:15,55.65526
2023-11-23 12:30,56.09828
2023-11-23 12:45,56.37352
2023-11-23 13:00,57.32067
2023-11-23 13:15,56.52062
2023-11-23 13:30,56.04438
2023-11-23 13:45,55.14136
2023-11-23 14:00,58.71538
2023-11-23 14:15,56.77344
2023-11-23 14:30,55.83588
2023-11-23 14:45,57.8702
2023-11-23 15:00,74.34007
2023-11-23 15:15,72.14805
2023-11-23 15:30,70.9308
2023-11-23 15:45,68.28788
2023-11-23 16:00,78.29275
2023-11-23 16:15,73.07842
2023-11-23 16:30,72.15004
2023-11-23 16:45,60.36805
2023-11-23 17:00,55.50066
2023-11-23 17:15,56.82454
2023-11-23 17:30,50.38189
2023-11-23 17:45,49.86255
2023-11-23 18:00,51.10179
2023-11-23 18:15,48.98962
2023-11-23 18:30,47.91715
2023-11-23 18:45,47.55412
2023-11-23 19:00,50.03426
2023-11-23 19:15,49.39856
2023-11-23 19:30,48.9029
2023-11-23 19:45,48.46663
2023-11-23 20:00,48.56396
2023-11-23 20:15,48.4403
2023-11-23 20:30,47.7847
2023-11-23 20:45,47.83015
2023-11-23 21:00,47.29371
2023-11-23 21:15,46.3467
2023-11-23 21:30,47.83694
2023-11-23 21:45,49.99506
2023-11-23 22:00,50.21808
2023-11-23 22:15,48.92236
2023-11-23 22:30,50.4857
2023-11-23 22:45,51.0337
2023-11-23 23:00,47.80553
2023-11-23 23:15,49.04478
2023-11-23 23:30,47.96809
2023-11-23 23:45,48.02959
2023-11-24 0:00,44.1354
2023-11-24 0:15,38.30099
2023-11-24 0:30,30.46119
2023-11-24 0:45,28.46963
2023-11-24 1:00,43.73451
2023-11-24 1:15,36.11382
2023-11-24 1:30,37.93743
2023-11-24 1:45,41.65083
2023-11-24 2:00,50.47376
2023-11-24 2:15,45.56916
2023-11-24 2:30,38.66226
2023-11-24 2:45,19.84952
2023-11-24 3:00,26.03595
2023-11-24 3:15,19.43669
2023-11-24 3:30,18.43657
2023-11-24 3:45,18.92917
2023-11-24 4:00,14.90379
2023-11-24 4:15,15.30462
2023-11-24 4:30,15.0179
2023-11-24 4:45,15.48447
2023-11-24 5:00,13.77123
2023-11-24 5:15,12.93633
2023-11-24 5:30,12.30472
2023-11-24 5:45,3.67004
2023-11-24 6:00,11.09516
2023-11-24 6:15,12.71468
2023-11-24 6:30,7.55265
2023-11-24 6:45,9.18135
2023-11-24 7:00,9.67945
2023-11-24 7:15,8.11643
2023-11-24 7:30,6.90767
2023-11-24 7:45,14.96402
2023-11-24 8:00,11.0686
2023-11-24 8:15,30.21274
2023-11-24 8:30,45.31128
2023-11-24 8:45,58.66404
2023-11-24 9:00,38.64732
2023-11-24 9:15,45.65875
2023-11-24 9:30,50.82378
2023-11-24 9:45,53.18847
2023-11-24 10:00,49.96
2023-11-24 10:15,48.90122
2023-11-24 10:30,48.69379
2023-11-24 10:45,45.65281
2023-11-24 11:00,47.78859
2023-11-24 11:15,44.37609
2023-11-24 11:30,43.78708
2023-11-24 11:45,43.72635
2023-11-24 12:00,42.81325
2023-11-24 12:15,42.61478
2023-11-24 12:30,42.76678
2023-11-24 12:45,42.11717
2023-11-24 13:00,43.82047
2023-11-24 13:15,44.343
2023-11-24 13:30,45.75235
2023-11-24 13:45,44.37037
2023-11-24 14:00,49.32861
2023-11-24 14:15,49.36911
2023-11-24 14:30,49.51041
2023-11-24 14:45,49.5522
2023-11-24 15:00,50.96101
2023-11-24 15:15,49.67551
2023-11-24 15:30,47.76485
2023-11-24 15:45,47.40087
2023-11-24 16:00,44.53016
2023-11-24 16:15,43.57411
2023-11-24 16:30,42.68178
2023-11-24 16:45,41.26142
2023-11-24 17:00,44.05363
2023-11-24 17:15,43.2926
2023-11-24 17:30,43.40108
2023-11-24 17:45,41.75991
2023-11-24 18:00,42.08097
2023-11-24 18:15,41.90645
2023-11-24 18:30,41.50242
2023-11-24 18:45,40.47556
2023-11-24 19:00,41.29601
2023-11-24 19:15,41.70158
2023-11-24 19:30,41.33001
2023-11-24 19:45,42.07374
2023-11-24 20:00,41.5746
2023-11-24 20:15,42.24532
2023-11-24 20:30,43.05363
2023-11-24 20:45,43.82834
2023-11-24 21:00,43.81414
2023-11-24 21:15,44.3748
2023-11-24 21:30,48.69312
2023-11-24 21:45,51.02353
2023-11-24 22:00,44.20483
2023-11-24 22:15,46.26067
2023-11-24 22:30,52.46966
2023-11-24 22:45,52.8814
2023-11-24 23:00,52.18778
2023-11-24 23:15,53.16345
2023-11-24 23:30,53.88743
2023-11-24 23:45,53.30247
2023-11-25 0:00,56.79705
2023-11-25 0:15,44.21989
2023-11-25 0:30,31.0809
2023-11-25 0:45,24.41924
2023-11-25 1:00,31.54086
2023-11-25 1:15,13.37114
2023-11-25 1:30,9.2198
2023-11-25 1:45,13.2385
2023-11-25 2:00,25.07046
2023-11-25 2:15,20.35688
2023-11-25 2:30,20.79756
2023-11-25 2:45,16.13895
2023-11-25 3:00,20.97035
2023-11-25 3:15,20.3446
2023-11-25 3:30,15.80387
2023-11-25 3:45,16.07758
2023-11-25 4:00,16.25136
2023-11-25 4:15,16.95804
2023-11-25 4:30,16.90994
2023-11-25 4:45,17.60829
2023-11-25 5:00,21.77153
2023-11-25 5:15,21.94901
2023-11-25 5:30,22.20482
2023-11-25 5:45,23.3991
2023-11-25 6:00,25.78168
2023-11-25 6:15,26.88393
2023-11-25 6:30,27.51553
2023-11-25 6:45,17.60346
2023-11-25 7:00,17.96584
2023-11-25 7:15,28.2602
2023-11-25 7:30,33.77277
2023-11-25 7:45,43.33438
2023-11-25 8:00,29.27188
2023-11-25 8:15,40.26428
2023-11-25 8:30,57.09073
2023-11-25 8:45,75.91803
2023-11-25 9:00,46.73231
2023-11-25 9:15,55.94372
2023-11-25 9:30,65.88078
2023-11-25 9:45,74.04247
2023-11-25 10:00,62.33919
2023-11-25 10:15,64.15448
2023-11-25 10:30,64.17024
2023-11-25 10:45,64.78291
2023-11-25 11:00,63.16784
2023-11-25 11:15,62.09387
2023-11-25 11:30,57.76662
2023-11-25 11:45,53.19917
2023-11-25 12:00,53.60484
2023-11-25 12:15,53.57726
2023-11-25 12:30,56.50306
2023-11-25 12:45,56.72403
2023-11-25 13:00,61.47001
2023-11-25 13:15,64.05034
2023-11-25 13:30,62.73618
2023-11-25 13:45,62.14699
2023-11-25 14:00,60.67761
2023-11-25 14:15,62.18243
2023-11-25 14:30,58.14932
2023-11-25 14:45,58.00919
2023-11-25 15:00,64.40368
2023-11-25 15:15,63.39531
2023-11-25 15:30,67.85479
2023-11-25 15:45,62.37505
2023-11-25 16:00,63.0334
2023-11-25 16:15,57.65709
2023-11-25 16:30,54.52765
2023-11-25 16:45,52.27083
2023-11-25 17:00,60.3121
2023-11-25 17:15,60.2056
2023-11-25 17:30,64.26218
2023-11-25 17:45,59.95718
2023-11-25 18:00,60.19328
2023-11-25 18:15,59.02706
2023-11-25 18:30,58.46309
2023-11-25 18:45,56.71008
2023-11-25 19:00,55.97778
2023-11-25 19:15,53.43126
2023-11-25 19:30,51.87172
2023-11-25 19:45,53.41403
2023-11-25 20:00,54.87441
2023-11-25 20:15,54.45062
2023-11-25 20:30,55.8209
2023-11-25 20:45,54.68338
2023-11-25 21:00,65.79129
2023-11-25 21:15,66.12853
2023-11-25 21:30,68.95312
2023-11-25 21:45,70.17875
2023-11-25 22:00,60.28202
2023-11-25 22:15,62.42498
2023-11-25 22:30,73.03979
2023-11-25 22:45,71.95536
2023-11-25 23:00,69.38961
2023-11-25 23:15,71.92329
2023-11-25 23:30,72.5928
2023-11-25 23:45,61.42725
2023-11-26 0:00,56.06088
2023-11-26 0:15,44.6274
2023-11-26 0:30,40.99325
2023-11-26 0:45,15.51507
2023-11-26 1:00,14.82839
2023-11-26 1:15,3.00718
2023-11-26 1:30,-5.75625
2023-11-26 1:45,-6.01252
2023-11-26 2:00,8.34445
2023-11-26 2:15,6.41434
2023-11-26 2:30,-1.93017
2023-11-26 2:45,-4.65677
2023-11-26 3:00,-2.56003
2023-11-26 3:15,-4.58475
2023-11-26 3:30,-7.43269
2023-11-26 3:45,-8.2781
2023-11-26 4:00,-8.39687
2023-11-26 4:15,-5.46815
2023-11-26 4:30,-9.98216
2023-11-26 4:45,-9.28486
2023-11-26 5:00,-8.30776
2023-11-26 5:15,-8.91201
2023-11-26 5:30,-15.95305
2023-11-26 5:45,-13.27531
2023-11-26 6:00,-10.73939
2023-11-26 6:15,-7.90854
2023-11-26 6:30,-6.21436
2023-11-26 6:45,-4.90841
2023-11-26 7:00,-8.63614
2023-11-26 7:15,-5.95365
2023-11-26 7:30,-1.81424
2023-11-26 7:45,7.04098
2023-11-26 8:00,-10.02895
2023-11-26 8:15,33.55944
2023-11-26 8:30,51.90474
2023-11-26 8:45,68.2149
2023-11-26 9:00,54.48034
2023-11-26 9:15,57.84622
2023-11-26 9:30,65.39011
2023-11-26 9:45,77.25286
2023-11-26 10:00,63.7794
2023-11-26 10:15,66.59494
2023-11-26 10:30,67.82126
2023-11-26 10:45,71.31685
2023-11-26 11:00,66.29481
2023-11-26 11:15,62.89847
2023-11-26 11:30,63.73153
2023-11-26 11:45,61.65305
2023-11-26 12:00,62.83796
2023-11-26 12:15,63.78436
2023-11-26 12:30,64.22736
2023-11-26 12:45,64.01248
2023-11-26 13:00,63.7576
2023-11-26 13:15,64.19115
2023-11-26 13:30,71.87777
2023-11-26 13:45,69.43975
2023-11-26 14:00,75.16933
2023-11-26 14:15,81.40474
2023-11-26 14:30,88.5614
2023-11-26 14:45,81.40749
2023-11-26 15:00,88.61076
2023-11-26 15:15,89.65658
2023-11-26 15:30,85.08992
2023-11-26 15:45,86.83188
2023-11-26 16:00,82.78848
2023-11-26 16:15,77.76266
2023-11-26 16:30,73.84273
2023-11-26 16:45,70.45763
2023-11-26 17:00,76.94245
2023-11-26 17:15,74.31325
2023-11-26 17:30,74.75395
2023-11-26 17:45,72.08858
2023-11-26 18:00,74.48433
2023-11-26 18:15,73.66011
2023-11-26 18:30,72.76889
2023-11-26 18:45,72.26804
2023-11-26 19:00,73.91805
2023-11-26 19:15,71.22632
2023-11-26 19:30,72.15041
2023-11-26 19:45,70.92129
2023-11-26 20:00,71.26995
2023-11-26 20:15,74.22851
2023-11-26 20:30,74.45241
2023-11-26 20:45,74.96186
2023-11-26 21:00,72.69111
2023-11-26 21:15,74.40655
2023-11-26 21:30,77.34381
2023-11-26 21:45,85.59378
2023-11-26 22:00,69.98137
2023-11-26 22:15,74.59192
2023-11-26 22:30,90.86938
2023-11-26 22:45,89.81887
2023-11-26 23:00,71.58648
2023-11-26 23:15,75.26854
2023-11-26 23:30,78.13359
2023-11-26 23:45,73.81726
2023-11-27 0:00,68.45596
2023-11-27 0:15,53.14879
2023-11-27 0:30,40.81375
2023-11-27 0:45,21.87297
2023-11-27 1:00,24.97097
2023-11-27 1:15,15.35313
2023-11-27 1:30,10.77294
2023-11-27 1:45,13.59686
2023-11-27 2:00,21.17282
2023-11-27 2:15,24.6717
2023-11-27 2:30,21.59221
2023-11-27 2:45,14.03448
2023-11-27 3:00,22.31176
2023-11-27 3:15,24.43172
2023-11-27 3:30,22.66905
2023-11-27 3:45,24.25261
2023-11-27 4:00,21.99082
2023-11-27 4:15,25.27709
2023-11-27 4:30,24.94873
2023-11-27 4:45,23.35055
2023-11-27 5:00,17.2468
2023-11-27 5:15,17.8844
2023-11-27 5:30,12.59258
2023-11-27 5:45,14.4137
2023-11-27 6:00,11.71247
2023-11-27 6:15,15.65613
2023-11-27 6:30,19.99819
2023-11-27 6:45,17.03442
2023-11-27 7:00,9.05173
2023-11-27 7:15,13.89208
2023-11-27 7:30,30.87089
2023-11-27 7:45,47.83686
2023-11-27 8:00,41.95781
2023-11-27 8:15,54.98551
2023-11-27 8:30,69.86784
2023-11-27 8:45,86.52994
2023-11-27 9:00,64.37124
2023-11-27 9:15,69.07757
2023-11-27 9:30,75.78465
2023-11-27 9:45,126.06116
2023-11-27 10:00,71.60285
2023-11-27 10:15,71.91131
2023-11-27 10:30,72.08292
2023-11-27 10:45,70.97
2023-11-27 11:00,68.25752
2023-11-27 11:15,67.3363
2023-11-27 11:30,65.65049
2023-11-27 11:45,64.88967
2023-11-27 12:00,67.40314
2023-11-27 12:15,67.15679
2023-11-27 12:30,67.67085
2023-11-27 12:45,67.93838
2023-11-27 13:00,71.00146
2023-11-27 13:15,70.82344
2023-11-27 13:30,69.83745
2023-11-27 13:45,67.45168
2023-11-27 14:00,68.22295
2023-11-27 14:15,66.69532
2023-11-27 14:30,67.03334
2023-11-27 14:45,57.16912
2023-11-27 15:00,71.07823
2023-11-27 15:15,65.45408
2023-11-27 15:30,56.56251
2023-11-27 15:45,52.83003
2023-11-27 16:00,65.65019
2023-11-27 16:15,60.06599
2023-11-27 16:30,57.87259
2023-11-27 16:45,55.35024
2023-11-27 17:00,68.7144
2023-11-27 17:15,62
2023-11-27 17:30,62
2023-11-27 17:45,60.68
2023-11-27 18:00,60.57709
2023-11-27 18:15,58.96934
2023-11-27 18:30,58.25405
2023-11-27 18:45,57.76017
2023-11-27 19:00,60.69985
2023-11-27 19:15,59.8101
2023-11-27 19:30,59.42146
2023-11-27 19:45,58.00646
2023-11-27 20:00,58.07439
2023-11-27 20:15,59.71434
2023-11-27 20:30,61.74575
2023-11-27 20:45,68.08366
2023-11-27 21:00,58.04378
2023-11-27 21:15,61.19239
2023-11-27 21:30,68.25973
2023-11-27 21:45,69.21789
2023-11-27 22:00,56.94027
2023-11-27 22:15,62.68407
2023-11-27 22:30,68.2018
2023-11-27 22:45,78.33412
2023-11-27 23:00,68.60464
2023-11-27 23:15,78.80515
2023-11-27 23:30,83.93824
2023-11-27 23:45,84.44871
2023-11-28 0:00,95.66343
2023-11-28 0:15,93.86466
2023-11-28 0:30,59.47089
2023-11-28 0:45,53.5467
2023-11-28 1:00,73.36035
2023-11-28 1:15,54.36954
2023-11-28 1:30,51.17255
2023-11-28 1:45,41.22028
2023-11-28 2:00,41.96657
2023-11-28 2:15,40.03375
2023-11-28 2:30,39.32996
2023-11-28 2:45,32.70528
2023-11-28 3:00,37.19423
2023-11-28 3:15,36.68655
2023-11-28 3:30,34.28672
2023-11-28 3:45,42.16745
2023-11-28 4:00,52.46862
2023-11-28 4:15,51.71965
2023-11-28 4:30,39.77122
2023-11-28 4:45,49.73476
2023-11-28 5:00,41.15108
2023-11-28 5:15,49.79919
2023-11-28 5:30,40.96399
2023-11-28 5:45,37.68109
2023-11-28 6:00,29.25754
2023-11-28 6:15,31.17674
2023-11-28 6:30,37.56872
2023-11-28 6:45,34.03118
2023-11-28 7:00,28.20309
2023-11-28 7:15,27.8822
2023-11-28 7:30,26.32388
2023-11-28 7:45,35.97277
2023-11-28 8:00,33.58073
2023-11-28 8:15,46.78062
2023-11-28 8:30,77.03789
2023-11-28 8:45,92.32867
2023-11-28 9:00,73.52417
2023-11-28 9:15,80
2023-11-28 9:30,84.05597
2023-11-28 9:45,97.39148
2023-11-28 10:00,88.17015
2023-11-28 10:15,105.3888
2023-11-28 10:30,105.3188
2023-11-28 10:45,106.9805
2023-11-28 11:00,89.6324
2023-11-28 11:15,94.29913
2023-11-28 11:30,98.8583
2023-11-28 11:45,99.70367
2023-11-28 12:00,96.91
2023-11-28 12:15,100.54317
2023-11-28 12:30,106.83557
2023-11-28 12:45,105.48688
2023-11-28 13:00,99.42893
2023-11-28 13:15,96.27314
2023-11-28 13:30,99.22962
2023-11-28 13:45,97.1472
2023-11-28 14:00,98.92769
2023-11-28 14:15,105.8321
2023-11-28 14:30,105.28159
2023-11-28 14:45,102.23189
2023-11-28 15:00,97.5329
2023-11-28 15:15,91.60305
2023-11-28 15:30,90.99203
2023-11-28 15:45,81.09801
2023-11-28 16:00,87.62626
2023-11-28 16:15,81.98616
2023-11-28 16:30,75.50844
2023-11-28 16:45,72.53368
2023-11-28 17:00,84.9988
2023-11-28 17:15,83.76991
2023-11-28 17:30,80.3276
2023-11-28 17:45,73.65703
2023-11-28 18:00,80.98525
2023-11-28 18:15,81.10898
2023-11-28 18:30,79.9964
2023-11-28 18:45,79.4286
2023-11-28 19:00,81.5686
2023-11-28 19:15,87.16157
2023-11-28 19:30,84.38795
2023-11-28 19:45,75.65365
2023-11-28 20:00,74.9998
2023-11-28 20:15,74.18341
2023-11-28 20:30,73.84113
2023-11-28 20:45,75
2023-11-28 21:00,80.0024
2023-11-28 21:15,87.84162
2023-11-28 21:30,92.21356
2023-11-28 21:45,92.82157
2023-11-28 22:00,80.67017
2023-11-28 22:15,91.83026
2023-11-28 22:30,99.88391
2023-11-28 22:45,100
2023-11-28 23:00,89.9988
2023-11-28 23:15,99.95
2023-11-28 23:30,108.74628
2023-11-28 23:45,91.3778
2023-11-29 0:00,93.3788
2023-11-29 0:15,87.68684
2023-11-29 0:30,69.82112
2023-11-29 0:45,57.57825
2023-11-29 1:00,74.65722
2023-11-29 1:15,68.63621
2023-11-29 1:30,57.31339
2023-11-29 1:45,51.67272
2023-11-29 2:00,39.43941
2023-11-29 2:15,29.97222
2023-11-29 2:30,34.60579
2023-11-29 2:45,18.61147
2023-11-29 3:00,35.17278
2023-11-29 3:15,36.57061
2023-11-29 3:30,31.23991
2023-11-29 3:45,21.78977
2023-11-29 4:00,30.39679
2023-11-29 4:15,35.47215
2023-11-29 4:30,32.27806
2023-11-29 4:45,24.18332
2023-11-29 5:00,36.1216
2023-11-29 5:15,36.26272
2023-11-29 5:30,34.01988
2023-11-29 5:45,28.3666
2023-11-29 6:00,26.65121
2023-11-29 6:15,33.91271
2023-11-29 6:30,43.63297
2023-11-29 6:45,41.8401
2023-11-29 7:00,37.44115
2023-11-29 7:15,25.81711
2023-11-29 7:30,42.07733
2023-11-29 7:45,44.45513
2023-11-29 8:00,20.85547
2023-11-29 8:15,58.36535
2023-11-29 8:30,90.27047
2023-11-29 8:45,105.53676
2023-11-29 9:00,86.32
2023-11-29 9:15,92.53826
2023-11-29 9:30,102.66024
2023-11-29 9:45,376.9512
2023-11-29 10:00,107.28
2023-11-29 10:15,110.8556
2023-11-29 10:30,112.43421
2023-11-29 10:45,131.01857
2023-11-29 11:00,100
2023-11-29 11:15,100
2023-11-29 11:30,107.6588
2023-11-29 11:45,109.8224
2023-11-29 12:00,110.73
2023-11-29 12:15,101.39
2023-11-29 12:30,106.4888
2023-11-29 12:45,108.6888
2023-11-29 13:00,107.9412
2023-11-29 13:15,115
2023-11-29 13:30,110.8512
2023-11-29 13:45,107.6588
2023-11-29 14:00,106.68
2023-11-29 14:15,107.6088
2023-11-29 14:30,103.6888
2023-11-29 14:45,100
2023-11-29 15:00,109.20452
2023-11-29 15:15,103.49826
2023-11-29 15:30,102.63824
2023-11-29 15:45,97.20141
2023-11-29 16:00,98.4388
2023-11-29 16:15,99.18542
2023-11-29 16:30,99.61327
2023-11-29 16:45,94.37835
2023-11-29 17:00,89.73975
2023-11-29 17:15,76.62871
2023-11-29 17:30,78.07346
2023-11-29 17:45,76.12055
2023-11-29 18:00,82.08
2023-11-29 18:15,79.66775
2023-11-29 18:30,80.50038
2023-11-29 18:45,78.72089
2023-11-29 19:00,76.16175
2023-11-29 19:15,70.40331
2023-11-29 19:30,74.83648
2023-11-29 19:45,71.29252
2023-11-29 20:00,70.12233
2023-11-29 20:15,70.98504
2023-11-29 20:30,76.85482
2023-11-29 20:45,78.13797
2023-11-29 21:00,65.13603
2023-11-29 21:15,66.39857
2023-11-29 21:30,70.91323
2023-11-29 21:45,76.33539
2023-11-29 22:00,70.94034
2023-11-29 22:15,74.0976
2023-11-29 22:30,89.73061
2023-11-29 22:45,92.84565
2023-11-29 23:00,86.42009
2023-11-29 23:15,92.10658
2023-11-29 23:30,96.96951
2023-11-29 23:45,94.84306
2023-11-30 0:00,91.15494
2023-11-30 0:15,89.2501
2023-11-30 0:30,71.9986
2023-11-30 0:45,57.86481
2023-11-30 1:00,76.6945
2023-11-30 1:15,69.92111
2023-11-30 1:30,59.99854
2023-11-30 1:45,54.55898
2023-11-30 2:00,70.65715
2023-11-30 2:15,70.15629
2023-11-30 2:30,62.74936
2023-11-30 2:45,54.40103
2023-11-30 3:00,65.57805
2023-11-30 3:15,57.31537
2023-11-30 3:30,54.54063
2023-11-30 3:45,52.14414
2023-11-30 4:00,39.87114
2023-11-30 4:15,49.81602
2023-11-30 4:30,50.66791
2023-11-30 4:45,46.44831
2023-11-30 5:00,46.3823
2023-11-30 5:15,47.09118
2023-11-30 5:30,40.98184
2023-11-30 5:45,39.91992
2023-11-30 6:00,42.21183
2023-11-30 6:15,40.83397
2023-11-30 6:30,35.62679
2023-11-30 6:45,32.51156
2023-11-30 7:00,26.83483
2023-11-30 7:15,28.10519
2023-11-30 7:30,20.87735
2023-11-30 7:45,29.69287
2023-11-30 8:00,31.67526
2023-11-30 8:15,56.76909
2023-11-30 8:30,86.70257
2023-11-30 8:45,104.18553
2023-11-30 9:00,85
2023-11-30 9:15,88.37
2023-11-30 9:30,102.5304
2023-11-30 9:45,136.73605
2023-11-30 10:00,119.20534
2023-11-30 10:15,110.56369
2023-11-30 10:30,111.07449
2023-11-30 10:45,121.98
2023-11-30 11:00,95.59106
2023-11-30 11:15,98.36807
2023-11-30 11:30,105.03283
2023-11-30 11:45,99.66057
2023-11-30 12:00,91.70089
2023-11-30 12:15,107.37606
2023-11-30 12:30,104.80814
2023-11-30 12:45,97.79712
2023-11-30 13:00,91
2023-11-30 13:15,89.9952
2023-11-30 13:30,89.76
2023-11-30 13:45,89.994
2023-11-30 14:00,95.99672
2023-11-30 14:15,94.90326
2023-11-30 14:30,94.19355
2023-11-30 14:45,87.22085
2023-11-30 15:00,85.33472
2023-11-30 15:15,77.02867
2023-11-30 15:30,68.76025
2023-11-30 15:45,63.75353
2023-11-30 16:00,68.73139
2023-11-30 16:15,65.30143
2023-11-30 16:30,64.82048
2023-11-30 16:45,63.33263
2023-11-30 17:00,66.24867
2023-11-30 17:15,63.29792
2023-11-30 17:30,64.03873
2023-11-30 17:45,63.41114
2023-11-30 18:00,64.19879
2023-11-30 18:15,63.44392
2023-11-30 18:30,63.80065
2023-11-30 18:45,63.39821
2023-11-30 19:00,62.7981
2023-11-30 19:15,62.9432
2023-11-30 19:30,62.7524
2023-11-30 19:45,62.6593
2023-11-30 20:00,62.66664
2023-11-30 20:15,62.89977
2023-11-30 20:30,63.23856
2023-11-30 20:45,63.15769
2023-11-30 21:00,63.23213
2023-11-30 21:15,67.02799
2023-11-30 21:30,68.48604
2023-11-30 21:45,69.15397
2023-11-30 22:00,66.6286
2023-11-30 22:15,72.56447
2023-11-30 22:30,84.82287
2023-11-30 22:45,89.35754
2023-11-30 23:00,82.25962
2023-11-30 23:15,83.53563
2023-11-30 23:30,87.65371
2023-11-30 23:45,91.73593
2023-12-01 0:00,88.74623
2023-12-01 0:15,83.63024
2023-12-01 0:30,70.27244
2023-12-01 0:45,61.5485
2023-12-01 1:00,66.04182
2023-12-01 1:15,59.85716
2023-12-01 1:30,64.38083
2023-12-01 1:45,64.96785
2023-12-01 2:00,65.96261
2023-12-01 2:15,60.83897
2023-12-01 2:30,58.86056
2023-12-01 2:45,60.70868
2023-12-01 3:00,64.88299
2023-12-01 3:15,64.42054
2023-12-01 3:30,62.5559
2023-12-01 3:45,64.54258
2023-12-01 4:00,60.91748
2023-12-01 4:15,60.83963
2023-12-01 4:30,60.48813
2023-12-01 4:45,60.48762
2023-12-01 5:00,60.19568
2023-12-01 5:15,59.67848
2023-12-01 5:30,58.4339
2023-12-01 5:45,56.11283
2023-12-01 6:00,56.69875
2023-12-01 6:15,56.87229
2023-12-01 6:30,57.07944
2023-12-01 6:45,62.10427
2023-12-01 7:00,48.70814
2023-12-01 7:15,46.69326
2023-12-01 7:30,61.99915
2023-12-01 7:45,60.64872
2023-12-01 8:00,49.01278
2023-12-01 8:15,57.53358
2023-12-01 8:30,71.9702
2023-12-01 8:45,101.99259
2023-12-01 9:00,80.29971
2023-12-01 9:15,89.57517
2023-12-01 9:30,101.34794
2023-12-01 9:45,115.3603
2023-12-01 10:00,93.9806
2023-12-01 10:15,94.56935
2023-12-01 10:30,95.61088
2023-12-01 10:45,99.48359
2023-12-01 11:00,92.6102
2023-12-01 11:15,89.05074
2023-12-01 11:30,86.57839
2023-12-01 11:45,86.91015
2023-12-01 12:00,87.21788
2023-12-01 12:15,86.23272
2023-12-01 12:30,86.11109
2023-12-01 12:45,85.7064
2023-12-01 13:00,90.7955
2023-12-01 13:15,86.09152
2023-12-01 13:30,83.66015
2023-12-01 13:45,77.48039
2023-12-01 14:00,89.36301
2023-12-01 14:15,84.47955
2023-12-01 14:30,85.38958
2023-12-01 14:45,80.65192
2023-12-01 15:00,82.14664
2023-12-01 15:15,73.0916
2023-12-01 15:30,71.58359
2023-12-01 15:45,65.12649
2023-12-01 16:00,69.87501
2023-12-01 16:15,63.62691
2023-12-01 16:30,61.50184
2023-12-01 16:45,59.3261
2023-12-01 17:00,61.74195
2023-12-01 17:15,57.76339
2023-12-01 17:30,57.88283
2023-12-01 17:45,57.95781
2023-12-01 18:00,57.74436
2023-12-01 18:15,55.32602
2023-12-01 18:30,55.24664
2023-12-01 18:45,54.63086
2023-12-01 19:00,55.58165
2023-12-01 19:15,54.96593
2023-12-01 19:30,54.92092
2023-12-01 19:45,54.91007
2023-12-01 20:00,57.28983
2023-12-01 20:15,57.96633
2023-12-01 20:30,62.87573
2023-12-01 20:45,64.13822
2023-12-01 21:00,55.29427
2023-12-01 21:15,58.21347
2023-12-01 21:30,59.92336
2023-12-01 21:45,63.0772
2023-12-01 22:00,54.79422
2023-12-01 22:15,61.74406
2023-12-01 22:30,68.95889
2023-12-01 22:45,75.26714
2023-12-01 23:00,68.59065
2023-12-01 23:15,71.94036
2023-12-01 23:30,73.9907
2023-12-01 23:45,78.65384
2023-12-02 0:00,73.98701
2023-12-02 0:15,67.96123
2023-12-02 0:30,54.63785
2023-12-02 0:45,41.81323
2023-12-02 1:00,43.82664
2023-12-02 1:15,33.11562
2023-12-02 1:30,25.34187
2023-12-02 1:45,10.10817
2023-12-02 2:00,24.39734
2023-12-02 2:15,10.29239
2023-12-02 2:30,9.50005
2023-12-02 2:45,-3.04189
2023-12-02 3:00,30.57194
2023-12-02 3:15,31.23808
2023-12-02 3:30,29.56988
2023-12-02 3:45,24.31551
2023-12-02 4:00,28.89362
2023-12-02 4:15,24.79228
2023-12-02 4:30,18.72491
2023-12-02 4:45,26.14917
2023-12-02 5:00,13.91892
2023-12-02 5:15,13.3956
2023-12-02 5:30,12.88042
2023-12-02 5:45,13.23925
2023-12-02 6:00,12.01425
2023-12-02 6:15,-4.73371
2023-12-02 6:30,-3.26461
2023-12-02 6:45,-17.59788
2023-12-02 7:00,-7.15468
2023-12-02 7:15,-4.79907
2023-12-02 7:30,-5.02895
2023-12-02 7:45,19.32459
2023-12-02 8:00,3.79273
2023-12-02 8:15,39.43412
2023-12-02 8:30,55.31357
2023-12-02 8:45,73.52824
2023-12-02 9:00,52.09537
2023-12-02 9:15,59.42612
2023-12-02 9:30,71.09762
2023-12-02 9:45,85.36144
2023-12-02 10:00,77.49412
2023-12-02 10:15,77.78642
2023-12-02 10:30,76.87191
2023-12-02 10:45,77.62443
2023-12-02 11:00,73.89798
2023-12-02 11:15,73.56195
2023-12-02 11:30,73.03782
2023-12-02 11:45,68.9552
2023-12-02 12:00,67.47683
2023-12-02 12:15,66.98029
2023-12-02 12:30,64.5675
2023-12-02 12:45,61.1488
2023-12-02 13:00,55.80679
2023-12-02 13:15,55.35073
2023-12-02 13:30,54.93626
2023-12-02 13:45,53.78375
2023-12-02 14:00,58.30537
2023-12-02 14:15,59.14809
2023-12-02 14:30,57.68817
2023-12-02 14:45,55.40462
2023-12-02 15:00,58.98346
2023-12-02 15:15,55.89724
2023-12-02 15:30,52.71815
2023-12-02 15:45,52.2244
2023-12-02 16:00,53.91792
2023-12-02 16:15,52.88085
2023-12-02 16:30,51.43982
2023-12-02 16:45,48.81369
2023-12-02 17:00,51.2162
2023-12-02 17:15,50.95493
2023-12-02 17:30,51.35651
2023-12-02 17:45,50.65292
2023-12-02 18:00,50.69688
2023-12-02 18:15,50.69684
2023-12-02 18:30,50.45575
2023-12-02 18:45,50.39475
2023-12-02 19:00,50.6454
2023-12-02 19:15,50.50112
2023-12-02 19:30,49.61626
2023-12-02 19:45,48.64676
2023-12-02 20:00,50.36071
2023-12-02 20:15,49.79369
2023-12-02 20:30,49.58519
2023-12-02 20:45,49.59717
2023-12-02 21:00,48.59625
2023-12-02 21:15,49.34316
2023-12-02 21:30,49.27709
2023-12-02 21:45,49.04489
2023-12-02 22:00,48.03359
2023-12-02 22:15,50.2946
2023-12-02 22:30,51.90143
2023-12-02 22:45,55.75493
2023-12-02 23:00,54.75065
2023-12-02 23:15,56.57415
2023-12-02 23:30,57.67553
2023-12-02 23:45,52.12952
2023-12-03 0:00,53.02238
2023-12-03 0:15,43.76897
2023-12-03 0:30,36.41994
2023-12-03 0:45,21.31306
2023-12-03 1:00,26.10208
2023-12-03 1:15,21.81245
2023-12-03 1:30,8.48221
2023-12-03 1:45,5.18203
2023-12-03 2:00,13.75989
2023-12-03 2:15,11.50852
2023-12-03 2:30,4.91363
2023-12-03 2:45,1.32811
2023-12-03 3:00,4.87108
2023-12-03 3:15,4.22695
2023-12-03 3:30,-1.56847
2023-12-03 3:45,-5.47209
2023-12-03 4:00,-4.59803
2023-12-03 4:15,-3.90372
2023-12-03 4:30,-6.51766
2023-12-03 4:45,-8.20515
2023-12-03 5:00,-5.24209
2023-12-03 5:15,-5.93172
2023-12-03 5:30,-8.0459
2023-12-03 5:45,-5.31692
2023-12-03 6:00,-4.85646
2023-12-03 6:15,-4.38907
2023-12-03 6:30,-0.40824
2023-12-03 6:45,2.28932
2023-12-03 7:00,-2.69717
2023-12-03 7:15,-4.38255
2023-12-03 7:30,3.76442
2023-12-03 7:45,9.88635
2023-12-03 8:00,6.38017
2023-12-03 8:15,27.80144
2023-12-03 8:30,56.49341
2023-12-03 8:45,72.97544
2023-12-03 9:00,53.72443
2023-12-03 9:15,61.42358
2023-12-03 9:30,67.33356
2023-12-03 9:45,70.45315
2023-12-03 10:00,66.62865
2023-12-03 10:15,65.97668
2023-12-03 10:30,67.07188
2023-12-03 10:45,65.17563
2023-12-03 11:00,61.77823
2023-12-03 11:15,60.94046
2023-12-03 11:30,61.50698
2023-12-03 11:45,61.04811
2023-12-03 12:00,60.19315
2023-12-03 12:15,54.24556
2023-12-03 12:30,56.89412
2023-12-03 12:45,55.17125
2023-12-03 13:00,58.88442
2023-12-03 13:15,58.85266
2023-12-03 13:30,56.65425
2023-12-03 13:45,54.41613
2023-12-03 14:00,55.86849
2023-12-03 14:15,54.77555
2023-12-03 14:30,52.88222
2023-12-03 14:45,50.79859
2023-12-03 15:00,57.47182
2023-12-03 15:15,52.83944
2023-12-03 15:30,50.31522
2023-12-03 15:45,48.38708
2023-12-03 16:00,51.04486
2023-12-03 16:15,48.3339
2023-12-03 16:30,46.54698
2023-12-03 16:45,44.77618
2023-12-03 17:00,55.19308
2023-12-03 17:15,54.07216
2023-12-03 17:30,50.93109
2023-12-03 17:45,50.87334
2023-12-03 18:00,53.60175
2023-12-03 18:15,54.09413
2023-12-03 18:30,52.6912
2023-12-03 18:45,53.66595
2023-12-03 19:00,53.36479
2023-12-03 19:15,51.02498
2023-12-03 19:30,53.53505
2023-12-03 19:45,54.99276
2023-12-03 20:00,55.159
2023-12-03 20:15,55.2909
2023-12-03 20:30,55.41218
2023-12-03 20:45,55.92662
2023-12-03 21:00,61.72784
2023-12-03 21:15,62.00787
2023-12-03 21:30,62.79346
2023-12-03 21:45,65.03128
2023-12-03 22:00,63.89297
2023-12-03 22:15,64.58339
2023-12-03 22:30,67.13498
2023-12-03 22:45,65.75487
2023-12-03 23:00,58.60311
2023-12-03 23:15,62.39407
2023-12-03 23:30,62.3903
2023-12-03 23:45,57.89335
2023-12-04 0:00,52.54244
2023-12-04 0:15,43.34094
2023-12-04 0:30,34.4884
2023-12-04 0:45,14.51231
2023-12-04 1:00,30.67844
2023-12-04 1:15,21.96377
2023-12-04 1:30,13.41119
2023-12-04 1:45,11.45037
2023-12-04 2:00,26.53097
2023-12-04 2:15,24.0733
2023-12-04 2:30,25.14846
2023-12-04 2:45,25.72185
2023-12-04 3:00,26.4248
2023-12-04 3:15,24.18168
2023-12-04 3:30,23.24432
2023-12-04 3:45,26.10556
2023-12-04 4:00,29.20372
2023-12-04 4:15,27.95496
2023-12-04 4:30,23.78165
2023-12-04 4:45,23.14462
2023-12-04 5:00,25.37788
2023-12-04 5:15,26.88617
2023-12-04 5:30,26.60497
2023-12-04 5:45,30.03309
2023-12-04 6:00,32.74048
2023-12-04 6:15,34.81062
2023-12-04 6:30,35.47449
2023-12-04 6:45,26.7156
2023-12-04 7:00,18.54896
2023-12-04 7:15,35.37883
2023-12-04 7:30,37.42257
2023-12-04 7:45,45.26972
2023-12-04 8:00,40.3853
2023-12-04 8:15,51.84563
2023-12-04 8:30,68.02296
2023-12-04 8:45,81.79899
2023-12-04 9:00,65.54027
2023-12-04 9:15,69.43379
2023-12-04 9:30,75.96918
2023-12-04 9:45,81.29463
2023-12-04 10:00,77.99891
2023-12-04 10:15,76.72752
2023-12-04 10:30,79.24
2023-12-04 10:45,80.39985
2023-12-04 11:00,76.26151
2023-12-04 11:15,75.33821
2023-12-04 11:30,75.97519
2023-12-04 11:45,75.42895
2023-12-04 12:00,72.69101
2023-12-04 12:15,72.51724
2023-12-04 12:30,73.65616
2023-12-04 12:45,72.87209
2023-12-04 13:00,77.30668
2023-12-04 13:15,77.09325
2023-12-04 13:30,78.30225
2023-12-04 13:45,79.61749
2023-12-04 14:00,79.4113
2023-12-04 14:15,80.59235
2023-12-04 14:30,80.04901
2023-12-04 14:45,75.54309
2023-12-04 15:00,80.46672
2023-12-04 15:15,77.56679
2023-12-04 15:30,68.83342
2023-12-04 15:45,58.64768
2023-12-04 16:00,64.64416
2023-12-04 16:15,59.90116
2023-12-04 16:30,56.98521
2023-12-04 16:45,56.20764
2023-12-04 17:00,65.56553
2023-12-04 17:15,58.83552
2023-12-04 17:30,57.12321
2023-12-04 17:45,54.35919
2023-12-04 18:00,59.44297
2023-12-04 18:15,57.02158
2023-12-04 18:30,56.88867
2023-12-04 18:45,54.34139
2023-12-04 19:00,54.8846
2023-12-04 19:15,53.87167
2023-12-04 19:30,53.4247
2023-12-04 19:45,54.95032
2023-12-04 20:00,53.00896
2023-12-04 20:15,52.67706
2023-12-04 20:30,54.44314
2023-12-04 20:45,58.77288
2023-12-04 21:00,49.96333
2023-12-04 21:15,50.87197
2023-12-04 21:30,56.17303
2023-12-04 21:45,59.4804
2023-12-04 22:00,53.05854
2023-12-04 22:15,55.40664
2023-12-04 22:30,64.74734
2023-12-04 22:45,77.56509
2023-12-04 23:00,68.46159
2023-12-04 23:15,81.22906
2023-12-04 23:30,84.14074
2023-12-04 23:45,88.14637
2023-12-05 0:00,89.4184
2023-12-05 0:15,80.76254
2023-12-05 0:30,62.91924
2023-12-05 0:45,45.46341
2023-12-05 1:00,56.85753
2023-12-05 1:15,49.99431
2023-12-05 1:30,44.1328
2023-12-05 1:45,41.03706
2023-12-05 2:00,46.16158
2023-12-05 2:15,41.78577
2023-12-05 2:30,33.0274
2023-12-05 2:45,25.59205
2023-12-05 3:00,42.44282
2023-12-05 3:15,36.91574
2023-12-05 3:30,32.03948
2023-12-05 3:45,26.99634
2023-12-05 4:00,30.8864
2023-12-05 4:15,25.27079
2023-12-05 4:30,25.45645
2023-12-05 4:45,28.52279
2023-12-05 5:00,25.20244
2023-12-05 5:15,27.94138
2023-12-05 5:30,23.01672
2023-12-05 5:45,26.62612
2023-12-05 6:00,33.14035
2023-12-05 6:15,32.87502
2023-12-05 6:30,38.09452
2023-12-05 6:45,39.31326
2023-12-05 7:00,27.11695
2023-12-05 7:15,30.06223
2023-12-05 7:30,32.45806
2023-12-05 7:45,42.52185
2023-12-05 8:00,31.15095
2023-12-05 8:15,37.08732
2023-12-05 8:30,53.60657
2023-12-05 8:45,82.15188
2023-12-05 9:00,56.63647
2023-12-05 9:15,65.48916
2023-12-05 9:30,70.46612
2023-12-05 9:45,80.20838
2023-12-05 10:00,71.69627
2023-12-05 10:15,80.98223
2023-12-05 10:30,83.21199
2023-12-05 10:45,82.70185
2023-12-05 11:00,80.4013
2023-12-05 11:15,76.99305
2023-12-05 11:30,79.33341
2023-12-05 11:45,77.09539
2023-12-05 12:00,77.04718
2023-12-05 12:15,76.51295
2023-12-05 12:30,73.75838
2023-12-05 12:45,70.40393
2023-12-05 13:00,73.06978
2023-12-05 13:15,73.45913
2023-12-05 13:30,72.39613
2023-12-05 13:45,67.18225
2023-12-05 14:00,72.91
2023-12-05 14:15,71.93301
2023-12-05 14:30,64.12752
2023-12-05 14:45,59.57148
2023-12-05 15:00,67.02844
2023-12-05 15:15,64.06407
2023-12-05 15:30,56.87966
2023-12-05 15:45,56.27971
2023-12-05 16:00,57.61329
2023-12-05 16:15,57.18906
2023-12-05 16:30,56.14368
2023-12-05 16:45,53.51613
2023-12-05 17:00,51.26269
2023-12-05 17:15,49.79991
2023-12-05 17:30,51.02959
2023-12-05 17:45,48.2606
2023-12-05 18:00,53.6192
2023-12-05 18:15,50.89132
2023-12-05 18:30,49.93647
2023-12-05 18:45,49.93568
2023-12-05 19:00,55.62529
2023-12-05 19:15,53.16693
2023-12-05 19:30,53.30044
2023-12-05 19:45,51.21741
2023-12-05 20:00,50.99196
2023-12-05 20:15,51.16337
2023-12-05 20:30,49.7857
2023-12-05 20:45,49.93873
2023-12-05 21:00,51.78511
2023-12-05 21:15,51.82193
2023-12-05 21:30,56.54083
2023-12-05 21:45,57.60238
2023-12-05 22:00,57.92664
2023-12-05 22:15,61.4706
2023-12-05 22:30,65.89278
2023-12-05 22:45,71.37387
2023-12-05 23:00,60.61
2023-12-05 23:15,64.11734
2023-12-05 23:30,76.9588
2023-12-05 23:45,78.23737
2023-12-06 0:00,80
2023-12-06 0:15,64.96126
2023-12-06 0:30,53.84047
2023-12-06 0:45,47.09228
2023-12-06 1:00,41.4606
2023-12-06 1:15,28.23375
2023-12-06 1:30,18.78874
2023-12-06 1:45,5.91677
2023-12-06 2:00,22.25187
2023-12-06 2:15,13.80016
2023-12-06 2:30,8.91667
2023-12-06 2:45,1.46209
2023-12-06 3:00,13.27821
2023-12-06 3:15,9.07103
2023-12-06 3:30,8.86352
2023-12-06 3:45,9.7449
2023-12-06 4:00,7.57821
2023-12-06 4:15,8.69342
2023-12-06 4:30,8.47436
2023-12-06 4:45,8.88522
2023-12-06 5:00,10.38739
2023-12-06 5:15,12.15929
2023-12-06 5:30,12.20088
2023-12-06 5:45,13.89159
2023-12-06 6:00,22.05942
2023-12-06 6:15,18.12498
2023-12-06 6:30,17.88588
2023-12-06 6:45,13.77607
2023-12-06 7:00,2.73859
2023-12-06 7:15,2.34801
2023-12-06 7:30,19.93297
2023-12-06 7:45,35.83565
2023-12-06 8:00,5.04538
2023-12-06 8:15,31.04619
2023-12-06 8:30,50.41993
2023-12-06 8:45,77.35
2023-12-06 9:00,59.8265
2023-12-06 9:15,72.0412
2023-12-06 9:30,75.59
2023-12-06 9:45,85
2023-12-06 10:00,77.35
2023-12-06 10:15,74.83409
2023-12-06 10:30,77.16831
2023-12-06 10:45,75.77437
2023-12-06 11:00,77.39916
2023-12-06 11:15,77.02683
2023-12-06 11:30,76.19782
2023-12-06 11:45,72.25103
2023-12-06 12:00,74.10732
2023-12-06 12:15,71.7324
2023-12-06 12:30,65.00736
2023-12-06 12:45,64.77741
2023-12-06 13:00,68.96526
2023-12-06 13:15,67.06036
2023-12-06 13:30,66.8157
2023-12-06 13:45,67.04895
2023-12-06 14:00,72.79039
2023-12-06 14:15,69.69894
2023-12-06 14:30,62.36804
2023-12-06 14:45,59.6412
2023-12-06 15:00,64.42174
2023-12-06 15:15,58.2439
2023-12-06 15:30,54.4722
2023-12-06 15:45,50.75192
2023-12-06 16:00,54.11908
2023-12-06 16:15,51.41782
2023-12-06 16:30,50.8601
2023-12-06 16:45,50.49346
2023-12-06 17:00,55.41777
2023-12-06 17:15,52.81261
2023-12-06 17:30,52.61988
2023-12-06 17:45,50.15329
2023-12-06 18:00,52.025
2023-12-06 18:15,50.98123
2023-12-06 18:30,50.78799
2023-12-06 18:45,50.11674
2023-12-06 19:00,50.40203
2023-12-06 19:15,50.33412
2023-12-06 19:30,50.41789
2023-12-06 19:45,50.2978
2023-12-06 20:00,50.35557
2023-12-06 20:15,50.47025
2023-12-06 20:30,50.51745
2023-12-06 20:45,50.62217
2023-12-06 21:00,50.05778
2023-12-06 21:15,51.46455
2023-12-06 21:30,56.6961
2023-12-06 21:45,58.25298
2023-12-06 22:00,55.7768
2023-12-06 22:15,60.31331
2023-12-06 22:30,64.14992
2023-12-06 22:45,66.17432
2023-12-06 23:00,60.63207
2023-12-06 23:15,64.06866
2023-12-06 23:30,66.91793
2023-12-06 23:45,72.38564
2023-12-07 0:00,65.5378
2023-12-07 0:15,57.9089
2023-12-07 0:30,50.31234
2023-12-07 0:45,28.69719
2023-12-07 1:00,39.93828
2023-12-07 1:15,22.17275
2023-12-07 1:30,11.82408
2023-12-07 1:45,6.82899
2023-12-07 2:00,17.70959
2023-12-07 2:15,25.4966
2023-12-07 2:30,23.86648
2023-12-07 2:45,12.19719
2023-12-07 3:00,12.53104
2023-12-07 3:15,11.99838
2023-12-07 3:30,9.23816
2023-12-07 3:45,9.41864
2023-12-07 4:00,11.03598
2023-12-07 4:15,11.44315
2023-12-07 4:30,12.17426
2023-12-07 4:45,12.8163
2023-12-07 5:00,14.94331
2023-12-07 5:15,13.85531
2023-12-07 5:30,12.1041
2023-12-07 5:45,6.94532
2023-12-07 6:00,-4.00281
2023-12-07 6:15,-19.35554
2023-12-07 6:30,-20.70908
2023-12-07 6:45,-21.30956
2023-12-07 7:00,-20.47652
2023-12-07 7:15,-17.00125
2023-12-07 7:30,-17.12243
2023-12-07 7:45,13.87769
2023-12-07 8:00,7.59558
2023-12-07 8:15,36.51813
2023-12-07 8:30,52.4548
2023-12-07 8:45,71.55601
2023-12-07 9:00,52.67424
2023-12-07 9:15,64.61042
2023-12-07 9:30,71.19192
2023-12-07 9:45,74.24682
2023-12-07 10:00,76.40679
2023-12-07 10:15,73.83256
2023-12-07 10:30,72.85015
2023-12-07 10:45,72.2687
2023-12-07 11:00,65.44038
2023-12-07 11:15,64.99179
2023-12-07 11:30,64.75751
2023-12-07 11:45,64.59907
2023-12-07 12:00,63.88904
2023-12-07 12:15,63.47133
2023-12-07 12:30,60.94139
2023-12-07 12:45,52.76784
2023-12-07 13:00,50.79118
2023-12-07 13:15,49.82459
2023-12-07 13:30,49.63255
2023-12-07 13:45,48.97918
2023-12-07 14:00,51.84327
2023-12-07 14:15,50.23822
2023-12-07 14:30,49.68771
2023-12-07 14:45,49.22044
2023-12-07 15:00,50.70351
2023-12-07 15:15,49.67854
2023-12-07 15:30,48.33322
2023-12-07 15:45,44.96333
2023-12-07 16:00,46.31045
2023-12-07 16:15,45.78417
2023-12-07 16:30,44.64245
2023-12-07 16:45,44.34127
2023-12-07 17:00,47.02006
2023-12-07 17:15,46.81878
2023-12-07 17:30,46.8371
2023-12-07 17:45,44.6696
2023-12-07 18:00,45.24342
2023-12-07 18:15,44.76517
2023-12-07 18:30,44.41534
2023-12-07 18:45,41.88731
2023-12-07 19:00,41.09368
2023-12-07 19:15,40.32259
2023-12-07 19:30,40.85125
2023-12-07 19:45,40.51303
2023-12-07 20:00,36.96759
2023-12-07 20:15,36.94549
2023-12-07 20:30,38.18359
2023-12-07 20:45,39.11545
2023-12-07 21:00,41.84357
2023-12-07 21:15,46.24029
2023-12-07 21:30,46.40086
2023-12-07 21:45,46.77783
2023-12-07 22:00,44.00206
2023-12-07 22:15,45.59721
2023-12-07 22:30,49.68808
2023-12-07 22:45,51.26987
2023-12-07 23:00,44.0542
2023-12-07 23:15,46.15167
2023-12-07 23:30,47.39995
2023-12-07 23:45,49.73283
2023-12-08 0:00,52.5925
2023-12-08 0:15,40.4311
2023-12-08 0:30,25.33861
2023-12-08 0:45,8.62256
2023-12-08 1:00,18.0568
2023-12-08 1:15,6.44528
2023-12-08 1:30,-3.8912
2023-12-08 1:45,-10.7034
2023-12-08 2:00,-8.63445
2023-12-08 2:15,-11.42913
2023-12-08 2:30,-16.48856
2023-12-08 2:45,-17.09674
2023-12-08 3:00,-17.20174
2023-12-08 3:15,-16.51736
2023-12-08 3:30,-17.43606
2023-12-08 3:45,-17.51236
2023-12-08 4:00,-17.59116
2023-12-08 4:15,-19.33466
2023-12-08 4:30,-28.39373
2023-12-08 4:45,-32.51871
2023-12-08 5:00,-32.96788
2023-12-08 5:15,-31.96509
2023-12-08 5:30,-33.39247
2023-12-08 5:45,-32.56562
2023-12-08 6:00,-33.61031
2023-12-08 6:15,-33.58009
2023-12-08 6:30,-34.89488
2023-12-08 6:45,-34.86428
2023-12-08 7:00,-33.9401
2023-12-08 7:15,-33.56571
2023-12-08 7:30,-32.96496
2023-12-08 7:45,-24.55411
2023-12-08 8:00,-31.65871
2023-12-08 8:15,-26.24132
2023-12-08 8:30,14.83778
2023-12-08 8:45,57.20336
2023-12-08 9:00,40.01825
2023-12-08 9:15,53.58324
2023-12-08 9:30,61.79382
2023-12-08 9:45,67.89936
2023-12-08 10:00,60.34289
2023-12-08 10:15,60.38147
2023-12-08 10:30,61.17916
2023-12-08 10:45,61.23259
2023-12-08 11:00,60.46113
2023-12-08 11:15,60.00458
2023-12-08 11:30,57.56169
2023-12-08 11:45,55.31025
2023-12-08 12:00,55.85721
2023-12-08 12:15,56.48679
2023-12-08 12:30,57.71577
2023-12-08 12:45,57.3936
2023-12-08 13:00,57.59062
2023-12-08 13:15,54.55525
2023-12-08 13:30,54.40832
2023-12-08 13:45,49.90567
2023-12-08 14:00,57.31009
2023-12-08 14:15,54.95911
2023-12-08 14:30,54.27293
2023-12-08 14:45,50.04168
2023-12-08 15:00,52.04015
2023-12-08 15:15,49.72878
2023-12-08 15:30,48.13032
2023-12-08 15:45,46.65107
2023-12-08 16:00,46.90607
2023-12-08 16:15,44.64645
2023-12-08 16:30,45.54738
2023-12-08 16:45,43.85895
2023-12-08 17:00,45.31457
2023-12-08 17:15,44.96193
2023-12-08 17:30,44.87162
2023-12-08 17:45,44.74958
2023-12-08 18:00,41.07104
2023-12-08 18:15,40.56837
2023-12-08 18:30,38.64277
2023-12-08 18:45,39.17038
2023-12-08 19:00,39.60026
2023-12-08 19:15,38.52343
2023-12-08 19:30,38.71029
2023-12-08 19:45,37.35297
2023-12-08 20:00,39.87203
2023-12-08 20:15,40.10051
2023-12-08 20:30,40.29556
2023-12-08 20:45,39.96249
2023-12-08 21:00,41.03176
2023-12-08 21:15,40.22451
2023-12-08 21:30,40.55336
2023-12-08 21:45,44.77573
2023-12-08 22:00,44.97489
2023-12-08 22:15,47.05173
2023-12-08 22:30,52.75107
2023-12-08 22:45,54.07968
2023-12-08 23:00,44.63288
2023-12-08 23:15,49.67365
2023-12-08 23:30,51.60623
2023-12-08 23:45,52.46935
2023-12-09 0:00,51.1934
2023-12-09 0:15,45.18656
2023-12-09 0:30,26.58633
2023-12-09 0:45,9.2952
2023-12-09 1:00,16.87608
2023-12-09 1:15,5.64589
2023-12-09 1:30,-5.34104
2023-12-09 1:45,-9.50265
2023-12-09 2:00,-4.62547
2023-12-09 2:15,-9.35411
2023-12-09 2:30,-9.9991
2023-12-09 2:45,0.80246
2023-12-09 3:00,20.57931
2023-12-09 3:15,18.08027
2023-12-09 3:30,17.04919
2023-12-09 3:45,12.02239
2023-12-09 4:00,-0.01105
2023-12-09 4:15,12.1491
2023-12-09 4:30,9.3918
2023-12-09 4:45,0.15016
2023-12-09 5:00,9.88819
2023-12-09 5:15,4.33065
2023-12-09 5:30,15.9257
2023-12-09 5:45,9.35058
2023-12-09 6:00,9.64506
2023-12-09 6:15,26.63999
2023-12-09 6:30,33.6651
2023-12-09 6:45,42.18473
2023-12-09 7:00,39.39798
2023-12-09 7:15,42.43179
2023-12-09 7:30,50.57576
2023-12-09 7:45,49.58213
2023-12-09 8:00,19.3744
2023-12-09 8:15,29.47491
2023-12-09 8:30,45.94541
2023-12-09 8:45,71.02697
2023-12-09 9:00,54.06109
2023-12-09 9:15,59.33502
2023-12-09 9:30,66.95676
2023-12-09 9:45,72.8784
2023-12-09 10:00,65.77514
2023-12-09 10:15,70.41959
2023-12-09 10:30,70.72723
2023-12-09 10:45,70.71346
2023-12-09 11:00,63.60461
2023-12-09 11:15,61.28329
2023-12-09 11:30,60.30689
2023-12-09 11:45,60.96964
2023-12-09 12:00,61.49046
2023-12-09 12:15,61.28561
2023-12-09 12:30,64.46061
2023-12-09 12:45,64.93087
2023-12-09 13:00,65.83045
2023-12-09 13:15,66.48287
2023-12-09 13:30,67.02145
2023-12-09 13:45,69.84717
2023-12-09 14:00,70.15284
2023-12-09 14:15,69.12798
2023-12-09 14:30,65.80861
2023-12-09 14:45,64.03
2023-12-09 15:00,72.60262
2023-12-09 15:15,71.98513
2023-12-09 15:30,66.54574
2023-12-09 15:45,65.80805
2023-12-09 16:00,70.02728
2023-12-09 16:15,66.60006
2023-12-09 16:30,65.98134
2023-12-09 16:45,64.42002
2023-12-09 17:00,61.71815
2023-12-09 17:15,67.52764
2023-12-09 17:30,65.14492
2023-12-09 17:45,56.10055
2023-12-09 18:00,54.49476
2023-12-09 18:15,54.53747
2023-12-09 18:30,54.2732
2023-12-09 18:45,54.3942
2023-12-09 19:00,54.63283
2023-12-09 19:15,54.48708
2023-12-09 19:30,54.64912
2023-12-09 19:45,54.57124
2023-12-09 20:00,52.56939
2023-12-09 20:15,54.72585
2023-12-09 20:30,54.75168
2023-12-09 20:45,54.69918
2023-12-09 21:00,50.71665
2023-12-09 21:15,54.12703
2023-12-09 21:30,54.92246
2023-12-09 21:45,54.25636
2023-12-09 22:00,54.49618
2023-12-09 22:15,55.47098
2023-12-09 22:30,60.9279
2023-12-09 22:45,65.97641
2023-12-09 23:00,59.99778
2023-12-09 23:15,66.70466
2023-12-09 23:30,67.53149
2023-12-09 23:45,67.18585
2023-12-10 0:00,61.40104
2023-12-10 0:15,46.68182
2023-12-10 0:30,41.9319
2023-12-10 0:45,26.95049
2023-12-10 1:00,35.38279
2023-12-10 1:15,26.13642
2023-12-10 1:30,20.34812
2023-12-10 1:45,-8.83967
2023-12-10 2:00,11.63744
2023-12-10 2:15,1.6131
2023-12-10 2:30,-7.21859
2023-12-10 2:45,3.6668
2023-12-10 3:00,9.60914
2023-12-10 3:15,9.68343
2023-12-10 3:30,11.6313
2023-12-10 3:45,3.53899
2023-12-10 4:00,-3.46655
2023-12-10 4:15,-3.72674
2023-12-10 4:30,-6.87213
2023-12-10 4:45,-5.1239
2023-12-10 5:00,-2.02134
2023-12-10 5:15,-1.68616
2023-12-10 5:30,-2.7987
2023-12-10 5:45,10.06869
2023-12-10 6:00,9.41989
2023-12-10 6:15,0.9368
2023-12-10 6:30,-0.70875
2023-12-10 6:45,-0.33222
2023-12-10 7:00,-5.70053
2023-12-10 7:15,-6.05798
2023-12-10 7:30,5.14922
2023-12-10 7:45,15.8018
2023-12-10 8:00,17.14342
2023-12-10 8:15,31.60644
2023-12-10 8:30,45.5955
2023-12-10 8:45,64.67398
2023-12-10 9:00,58.49613
2023-12-10 9:15,62.61056
2023-12-10 9:30,67.83395
2023-12-10 9:45,72.21142
2023-12-10 10:00,71.68596
2023-12-10 10:15,70.96107
2023-12-10 10:30,72.68689
2023-12-10 10:45,68.17055
2023-12-10 11:00,68.13003
2023-12-10 11:15,65.86604
2023-12-10 11:30,65.32052
2023-12-10 11:45,64.85166
2023-12-10 12:00,65.27263
2023-12-10 12:15,64.8961
2023-12-10 12:30,64.82188
2023-12-10 12:45,64.68368
2023-12-10 13:00,64.8021
2023-12-10 13:15,64.59241
2023-12-10 13:30,64.02547
2023-12-10 13:45,63.41493
2023-12-10 14:00,65.34726
2023-12-10 14:15,66.05712
2023-12-10 14:30,64.66728
2023-12-10 14:45,62.94448
2023-12-10 15:00,65.16922
2023-12-10 15:15,64.89741
2023-12-10 15:30,62.13161
2023-12-10 15:45,57.06655
2023-12-10 16:00,64.97904
2023-12-10 16:15,62.00068
2023-12-10 16:30,61.98701
2023-12-10 16:45,49.88508
2023-12-10 17:00,63.72239
2023-12-10 17:15,56.79896
2023-12-10 17:30,61.15472
2023-12-10 17:45,57.21093
2023-12-10 18:00,58.06985
2023-12-10 18:15,53.53688
2023-12-10 18:30,52.76152
2023-12-10 18:45,50.20156
2023-12-10 19:00,52.52072
2023-12-10 19:15,50.61556
2023-12-10 19:30,50.67065
2023-12-10 19:45,49.96553
2023-12-10 20:00,50.04334
2023-12-10 20:15,50.24804
2023-12-10 20:30,50.1256
2023-12-10 20:45,49.54951
2023-12-10 21:00,50.40152
2023-12-10 21:15,50.67933
2023-12-10 21:30,51.73527
2023-12-10 21:45,51.14518
2023-12-10 22:00,50.93939
2023-12-10 22:15,51.83094
2023-12-10 22:30,59.11885
2023-12-10 22:45,59.70084
2023-12-10 23:00,57.89211
2023-12-10 23:15,61.06826
2023-12-10 23:30,57.94991
2023-12-10 23:45,57.67263
2023-12-11 0:00,56.10285
2023-12-11 0:15,43.31098
2023-12-11 0:30,35.73945
2023-12-11 0:45,26.99013
2023-12-11 1:00,38.42658
2023-12-11 1:15,29.52194
2023-12-11 1:30,20.18105
2023-12-11 1:45,15.67792
2023-12-11 2:00,25.57393
2023-12-11 2:15,21.82287
2023-12-11 2:30,20.48013
2023-12-11 2:45,18.01641
2023-12-11 3:00,24.06114
2023-12-11 3:15,24.01211
2023-12-11 3:30,23.0091
2023-12-11 3:45,20.41942
2023-12-11 4:00,22.46989
2023-12-11 4:15,22.32944
2023-12-11 4:30,20.98467
2023-12-11 4:45,22.35031
2023-12-11 5:00,23.14004
2023-12-11 5:15,25.07359
2023-12-11 5:30,25.08768
2023-12-11 5:45,23.74229
2023-12-11 6:00,26.5099
2023-12-11 6:15,26.66705
2023-12-11 6:30,26.77429
2023-12-11 6:45,27.22603
2023-12-11 7:00,24.81157
2023-12-11 7:15,26.08051
2023-12-11 7:30,33.01029
2023-12-11 7:45,40.30875
2023-12-11 8:00,28.68021
2023-12-11 8:15,38.83776
2023-12-11 8:30,64.74563
2023-12-11 8:45,72.82231
2023-12-11 9:00,53.61792
2023-12-11 9:15,58.16727
2023-12-11 9:30,70.52982
2023-12-11 9:45,78.08394
2023-12-11 10:00,67.83773
2023-12-11 10:15,69.03214
2023-12-11 10:30,69.45845
2023-12-11 10:45,70.2939
2023-12-11 11:00,70.2
2023-12-11 11:15,70.0024
2023-12-11 11:30,69
2023-12-11 11:45,68.62
2023-12-11 12:00,63.37
2023-12-11 12:15,63.48
2023-12-11 12:30,63.69
2023-12-11 12:45,64
2023-12-11 13:00,67.62778
2023-12-11 13:15,66.979
2023-12-11 13:30,67.18004
2023-12-11 13:45,66.89806
2023-12-11 14:00,66.82714
2023-12-11 14:15,66.77152
2023-12-11 14:30,66.6149
2023-12-11 14:45,62.97266
2023-12-11 15:00,66.48853
2023-12-11 15:15,61.24615
2023-12-11 15:30,55.59513
2023-12-11 15:45,51.75196
2023-12-11 16:00,52.55996
2023-12-11 16:15,50.63707
2023-12-11 16:30,47.41522
2023-12-11 16:45,44.57484
2023-12-11 17:00,54.78086
2023-12-11 17:15,52.00935
2023-12-11 17:30,52.14498
2023-12-11 17:45,50.72115
2023-12-11 18:00,52.60674
2023-12-11 18:15,52.248
2023-12-11 18:30,51.65353
2023-12-11 18:45,50.54245
2023-12-11 19:00,53.45237
2023-12-11 19:15,52.50377
2023-12-11 19:30,51.67141
2023-12-11 19:45,51.10098
2023-12-11 20:00,50.94997
2023-12-11 20:15,50.88955
2023-12-11 20:30,51.16335
2023-12-11 20:45,53.19843
2023-12-11 21:00,50.77788
2023-12-11 21:15,53.10933
2023-12-11 21:30,58.3884
2023-12-11 21:45,67.58268
2023-12-11 22:00,60.52011
2023-12-11 22:15,67.84744
2023-12-11 22:30,76.02298
2023-12-11 22:45,79.61395
2023-12-11 23:00,68.86509
2023-12-11 23:15,80.2117
2023-12-11 23:30,80.13681
2023-12-11 23:45,85.86302
2023-12-12 0:00,94.84906
2023-12-12 0:15,86.24964
2023-12-12 0:30,75.62935
2023-12-12 0:45,68.32064
2023-12-12 1:00,75.66352
2023-12-12 1:15,72.55863
2023-12-12 1:30,51.61301
2023-12-12 1:45,47.56275
2023-12-12 2:00,49.80558
2023-12-12 2:15,50.46421
2023-12-12 2:30,49.7417
2023-12-12 2:45,45.67325
2023-12-12 3:00,44.49596
2023-12-12 3:15,40.28474
2023-12-12 3:30,40.28323
2023-12-12 3:45,40.57053
2023-12-12 4:00,41.5081
2023-12-12 4:15,41.14263
2023-12-12 4:30,45.71605
2023-12-12 4:45,45.3263
2023-12-12 5:00,43.24727
2023-12-12 5:15,43.4974
2023-12-12 5:30,42.80141
2023-12-12 5:45,42.88175
2023-12-12 6:00,43.59173
2023-12-12 6:15,44.54179
2023-12-12 6:30,45.70029
2023-12-12 6:45,45.08946
2023-12-12 7:00,41.26974
2023-12-12 7:15,45.78619
2023-12-12 7:30,46.60556
2023-12-12 7:45,56.05533
2023-12-12 8:00,45.36247
2023-12-12 8:15,50.12
2023-12-12 8:30,71.14479
2023-12-12 8:45,79.24242
2023-12-12 9:00,60.40359
2023-12-12 9:15,67.25516
2023-12-12 9:30,79.79104
2023-12-12 9:45,84.02353
2023-12-12 10:00,82.53023
2023-12-12 10:15,83.7256
2023-12-12 10:30,85.14341
2023-12-12 10:45,83.84749
2023-12-12 11:00,80.98305
2023-12-12 11:15,78.4392
2023-12-12 11:30,77.53963
2023-12-12 11:45,75.28253
2023-12-12 12:00,74.92318
2023-12-12 12:15,72.90805
2023-12-12 12:30,73.26878
2023-12-12 12:45,73.19962
2023-12-12 13:00,73.19962
2023-12-12 13:15,73.19962
2023-12-12 13:30,74.34237
2023-12-12 13:45,72.99151
2023-12-12 14:00,74.5224
2023-12-12 14:15,72.07
2023-12-12 14:30,72.48884
2023-12-12 14:45,66.0824
2023-12-12 15:00,72.28
2023-12-12 15:15,73.87
2023-12-12 15:30,68.5
2023-12-12 15:45,65
2023-12-12 16:00,70.15
2023-12-12 16:15,66
2023-12-12 16:30,60.20368
2023-12-12 16:45,56.50198
2023-12-12 17:00,59.9988
2023-12-12 17:15,58.42
2023-12-12 17:30,58.42
2023-12-12 17:45,57.55
2023-12-12 18:00,57.9
2023-12-12 18:15,56.89018
2023-12-12 18:30,56.89018
2023-12-12 18:45,55.77
2023-12-12 19:00,58.43
2023-12-12 19:15,58.42
2023-12-12 19:30,59.76731
2023-12-12 19:45,58.31054
2023-12-12 20:00,57.86824
2023-12-12 20:15,58.29929
2023-12-12 20:30,59.30824
2023-12-12 20:45,62.30313
2023-12-12 21:00,57.30723
2023-12-12 21:15,58.51956
2023-12-12 21:30,63.06886
2023-12-12 21:45,64.46561
2023-12-12 22:00,63.04
2023-12-12 22:15,63.15
2023-12-12 22:30,70.65694
2023-12-12 22:45,78.82047
2023-12-12 23:00,75.6936
2023-12-12 23:15,76.71573
2023-12-12 23:30,83.64213
2023-12-12 23:45,83.5603
2023-12-13 0:00,82.00375
2023-12-13 0:15,84.17169
2023-12-13 0:30,59.34318
2023-12-13 0:45,51.54047
2023-12-13 1:00,68.70704
2023-12-13 1:15,51.4221
2023-12-13 1:30,42.35864
2023-12-13 1:45,36.80569
2023-12-13 2:00,40.67397
2023-12-13 2:15,36.86515
2023-12-13 2:30,34.41686
2023-12-13 2:45,33.14396
2023-12-13 3:00,45.40282
2023-12-13 3:15,43.35172
2023-12-13 3:30,41.57397
2023-12-13 3:45,40.45826
2023-12-13 4:00,43.4776
2023-12-13 4:15,41.48014
2023-12-13 4:30,39.91279
2023-12-13 4:45,37.07352
2023-12-13 5:00,42.21459
2023-12-13 5:15,41.30787
2023-12-13 5:30,41.28018
2023-12-13 5:45,40.62731
2023-12-13 6:00,44.41445
2023-12-13 6:15,42.17721
2023-12-13 6:30,42.53406
2023-12-13 6:45,38.4019
2023-12-13 7:00,34.48184
2023-12-13 7:15,35.33043
2023-12-13 7:30,42.13641
2023-12-13 7:45,51.94295
2023-12-13 8:00,34.52459
2023-12-13 8:15,43.53741
2023-12-13 8:30,63.11881
2023-12-13 8:45,89.49773
2023-12-13 9:00,57.28878
2023-12-13 9:15,66.84803
2023-12-13 9:30,75.92637
2023-12-13 9:45,82.51466
2023-12-13 10:00,75.06663
2023-12-13 10:15,76.21322
2023-12-13 10:30,77.1383
2023-12-13 10:45,77.16238
2023-12-13 11:00,76.05041
2023-12-13 11:15,75.48533
2023-12-13 11:30,76.01475
2023-12-13 11:45,74.68439
2023-12-13 12:00,76.21824
2023-12-13 12:15,75.41693
2023-12-13 12:30,71.81541
2023-12-13 12:45,73.35135
2023-12-13 13:00,75.37912
2023-12-13 13:15,74.95121
2023-12-13 13:30,71.59557
2023-12-13 13:45,72.92493
2023-12-13 14:00,75.65138
2023-12-13 14:15,74.91362
2023-12-13 14:30,74.80024
2023-12-13 14:45,68.29194
2023-12-13 15:00,75.75291
2023-12-13 15:15,74.59612
2023-12-13 15:30,72.61023
2023-12-13 15:45,63.4588
2023-12-13 16:00,75.7553
2023-12-13 16:15,74.10575
2023-12-13 16:30,64.02357
2023-12-13 16:45,53
2023-12-13 17:00,65.23097
2023-12-13 17:15,58.82699
2023-12-13 17:30,57.15663
2023-12-13 17:45,54.06668
2023-12-13 18:00,57.18604
2023-12-13 18:15,58.48603
2023-12-13 18:30,56.78884
2023-12-13 18:45,54.60647
2023-12-13 19:00,54.92345
2023-12-13 19:15,53.88903
2023-12-13 19:30,55.27776
2023-12-13 19:45,55.71616
2023-12-13 20:00,54.55979
2023-12-13 20:15,52.29632
2023-12-13 20:30,54.73412
2023-12-13 20:45,58.46487
2023-12-13 21:00,52.27227
2023-12-13 21:15,58.00901
2023-12-13 21:30,68.1509
2023-12-13 21:45,68.99467
2023-12-13 22:00,58.45152
2023-12-13 22:15,65.3803
2023-12-13 22:30,69.38101
2023-12-13 22:45,73.89129
2023-12-13 23:00,61.65107
2023-12-13 23:15,68.89739
2023-12-13 23:30,73.84928
2023-12-13 23:45,73.25357
2023-12-14 0:00,72.27594
2023-12-14 0:15,68.73313
2023-12-14 0:30,54.69466
2023-12-14 0:45,46.53842
2023-12-14 1:00,58.21163
2023-12-14 1:15,45.21067
2023-12-14 1:30,39.21087
2023-12-14 1:45,33.05274
2023-12-14 2:00,41.81532
2023-12-14 2:15,39.01231
2023-12-14 2:30,36.88384
2023-12-14 2:45,31.78785
2023-12-14 3:00,35.93469
2023-12-14 3:15,35.10551
2023-12-14 3:30,32.9714
2023-12-14 3:45,32.73328
2023-12-14 4:00,27.638
2023-12-14 4:15,29.80232
2023-12-14 4:30,26.20479
2023-12-14 4:45,26.37349
2023-12-14 5:00,33.66711
2023-12-14 5:15,31.91262
2023-12-14 5:30,31.88992
2023-12-14 5:45,29.9446
2023-12-14 6:00,30.38201
2023-12-14 6:15,33.09832
2023-12-14 6:30,32.81251
2023-12-14 6:45,33.80114
2023-12-14 7:00,30.34088
2023-12-14 7:15,33.42377
2023-12-14 7:30,36.24434
2023-12-14 7:45,42.12964
2023-12-14 8:00,30.46437
2023-12-14 8:15,40.96439
2023-12-14 8:30,63.34483
2023-12-14 8:45,80.90001
2023-12-14 9:00,55.51
2023-12-14 9:15,60.32
2023-12-14 9:30,74.99
2023-12-14 9:45,84.9988
2023-12-14 10:00,70
2023-12-14 10:15,73.15
2023-12-14 10:30,74.94
2023-12-14 10:45,73.15
2023-12-14 11:00,74
2023-12-14 11:15,73.74
2023-12-14 11:30,71.53
2023-12-14 11:45,71.53
2023-12-14 12:00,70.0036
2023-12-14 12:15,68.4
2023-12-14 12:30,68.04
2023-12-14 12:45,68.04
2023-12-14 13:00,70
2023-12-14 13:15,69.3212
2023-12-14 13:30,68.83
2023-12-14 13:45,64.9988
2023-12-14 14:00,72.66584
2023-12-14 14:15,70.39931
2023-12-14 14:30,65.77465
2023-12-14 14:45,61.73895
2023-12-14 15:00,76.17207
2023-12-14 15:15,73.78612
2023-12-14 15:30,67.90267
2023-12-14 15:45,63.3505
2023-12-14 16:00,72.31982
2023-12-14 16:15,66.59201
2023-12-14 16:30,62.10942
2023-12-14 16:45,54.54025
2023-12-14 17:00,69.05075
2023-12-14 17:15,57.90114
2023-12-14 17:30,57.43938
2023-12-14 17:45,54.85427
2023-12-14 18:00,57.50383
2023-12-14 18:15,57.3765
2023-12-14 18:30,55.3362
2023-12-14 18:45,55.07085
2023-12-14 19:00,57.17131
2023-12-14 19:15,57.07708
2023-12-14 19:30,54.2433
2023-12-14 19:45,54.10881
2023-12-14 20:00,56.58101
2023-12-14 20:15,55.90172
2023-12-14 20:30,56.21264
2023-12-14 20:45,57.40622
2023-12-14 21:00,53.68735
2023-12-14 21:15,56.84994
2023-12-14 21:30,67.82013
2023-12-14 21:45,70.28102
2023-12-14 22:00,61.27716
2023-12-14 22:15,59.91586
2023-12-14 22:30,69.80989
2023-12-14 22:45,71.29712
2023-12-14 23:00,63.72928
2023-12-14 23:15,69.79189
2023-12-14 23:30,71.43273
2023-12-14 23:45,74.36392
2023-12-15 0:00,76.74817
2023-12-15 0:15,72.37438
2023-12-15 0:30,63.1843
2023-12-15 0:45,54.53172
2023-12-15 1:00,53.60058
2023-12-15 1:15,45.84598
2023-12-15 1:30,38.30288
2023-12-15 1:45,30.71485
2023-12-15 2:00,39.72281
2023-12-15 2:15,37.40878
2023-12-15 2:30,35.57575
2023-12-15 2:45,31.90679
2023-12-15 3:00,36.3683
2023-12-15 3:15,34.83242
2023-12-15 3:30,34.59844
2023-12-15 3:45,34.40203
2023-12-15 4:00,35.26947
2023-12-15 4:15,35.36431
2023-12-15 4:30,34.83903
2023-12-15 4:45,33.93799
2023-12-15 5:00,35.2932
2023-12-15 5:15,36.13206
2023-12-15 5:30,34.50681
2023-12-15 5:45,33.4727
2023-12-15 6:00,34.21261
2023-12-15 6:15,32.9145
2023-12-15 6:30,30.99665
2023-12-15 6:45,32.6159
2023-12-15 7:00,31.91826
2023-12-15 7:15,32.00367
2023-12-15 7:30,36.20048
2023-12-15 7:45,38.74108
2023-12-15 8:00,35.79031
2023-12-15 8:15,43.03607
2023-12-15 8:30,57.52291
2023-12-15 8:45,76.69
2023-12-15 9:00,65.56259
2023-12-15 9:15,72.13
2023-12-15 9:30,75.6
2023-12-15 9:45,81.21
2023-12-15 10:00,71.9988
2023-12-15 10:15,72
2023-12-15 10:30,72.3936
2023-12-15 10:45,71.87967
2023-12-15 11:00,71.51493
2023-12-15 11:15,69.61073
2023-12-15 11:30,67.38856
2023-12-15 11:45,67.62318
2023-12-15 12:00,71.07642
2023-12-15 12:15,70.84538
2023-12-15 12:30,68.0644
2023-12-15 12:45,68.99959
2023-12-15 13:00,68.75
2023-12-15 13:15,65.6424
2023-12-15 13:30,63.22442
2023-12-15 13:45,61.60113
2023-12-15 14:00,64.80799
2023-12-15 14:15,62.93729
2023-12-15 14:30,61.05372
2023-12-15 14:45,59.65571
2023-12-15 15:00,65.68615
2023-12-15 15:15,63.92381
2023-12-15 15:30,62.28747
2023-12-15 15:45,56.51752
2023-12-15 16:00,59.04789
2023-12-15 16:15,57.52983
2023-12-15 16:30,55.03556
2023-12-15 16:45,51.64013
2023-12-15 17:00,60.13662
2023-12-15 17:15,57.08659
2023-12-15 17:30,52.99916
2023-12-15 17:45,51.85529
2023-12-15 18:00,52.04166
2023-12-15 18:15,51.37193
2023-12-15 18:30,50.11008
2023-12-15 18:45,46.11447
2023-12-15 19:00,45.91662
2023-12-15 19:15,45.84363
2023-12-15 19:30,44.96223
2023-12-15 19:45,44.22607
2023-12-15 20:00,50.21051
2023-12-15 20:15,50.7817
2023-12-15 20:30,50.82569
2023-12-15 20:45,51.32718
2023-12-15 21:00,48.15496
2023-12-15 21:15,51.22145
2023-12-15 21:30,55.70294
2023-12-15 21:45,59.46777
2023-12-15 22:00,52.65904
2023-12-15 22:15,55.33471
2023-12-15 22:30,62.17641
2023-12-15 22:45,65.79
2023-12-15 23:00,56.5
2023-12-15 23:15,65.2188
2023-12-15 23:30,65.41
2023-12-15 23:45,65.41
2023-12-16 0:00,81.15526
2023-12-16 0:15,72.62214
2023-12-16 0:30,64.64288
2023-12-16 0:45,58.78658
2023-12-16 1:00,54.7169
2023-12-16 1:15,50.28054
2023-12-16 1:30,42.98092
2023-12-16 1:45,38.33689
2023-12-16 2:00,37.12428
2023-12-16 2:15,35.21471
2023-12-16 2:30,33.77512
2023-12-16 2:45,33.14143
2023-12-16 3:00,40.14386
2023-12-16 3:15,36.85321
2023-12-16 3:30,34.41803
2023-12-16 3:45,34.3877
2023-12-16 4:00,28.41299
2023-12-16 4:15,32.91669
2023-12-16 4:30,32.19974
2023-12-16 4:45,31.6403
2023-12-16 5:00,34.18737
2023-12-16 5:15,35.99207
2023-12-16 5:30,35.07352
2023-12-16 5:45,36.39159
2023-12-16 6:00,33.48693
2023-12-16 6:15,19.41815
2023-12-16 6:30,22.90967
2023-12-16 6:45,24.25715
2023-12-16 7:00,18.99468
2023-12-16 7:15,24.65727
2023-12-16 7:30,29.04452
2023-12-16 7:45,39.03694
2023-12-16 8:00,33.81675
2023-12-16 8:15,41.57753
2023-12-16 8:30,57.39683
2023-12-16 8:45,71.27839
2023-12-16 9:00,56.26852
2023-12-16 9:15,64.17168
2023-12-16 9:30,69.20256
2023-12-16 9:45,75.93814
2023-12-16 10:00,67.09
2023-12-16 10:15,66.29503
2023-12-16 10:30,67.64
2023-12-16 10:45,70.96019
2023-12-16 11:00,66.98455
2023-12-16 11:15,63.93
2023-12-16 11:30,63.99158
2023-12-16 11:45,63.39088
2023-12-16 12:00,61.58
2023-12-16 12:15,60
2023-12-16 12:30,60
2023-12-16 12:45,60
2023-12-16 13:00,66.37862
2023-12-16 13:15,62.07135
2023-12-16 13:30,60.63941
2023-12-16 13:45,57.69359
2023-12-16 14:00,59.49313
2023-12-16 14:15,57.96116
2023-12-16 14:30,58.08825
2023-12-16 14:45,57.24607
2023-12-16 15:00,63.85097
2023-12-16 15:15,59.8265
2023-12-16 15:30,58.1212
2023-12-16 15:45,55.60721
2023-12-16 16:00,59.8265
2023-12-16 16:15,54
2023-12-16 16:30,56.70291
2023-12-16 16:45,56.76964
2023-12-16 17:00,64.8333
2023-12-16 17:15,64.24195
2023-12-16 17:30,62.69468
2023-12-16 17:45,59.74674
2023-12-16 18:00,62.47819
2023-12-16 18:15,59.78346
2023-12-16 18:30,59.61951
2023-12-16 18:45,55.51268
2023-12-16 19:00,55.52893
2023-12-16 19:15,50.54
2023-12-16 19:30,49.8012
2023-12-16 19:45,51.8644
2023-12-16 20:00,54.2392
2023-12-16 20:15,54.3362
2023-12-16 20:30,54.66626
2023-12-16 20:45,54.94657
2023-12-16 21:00,57.06033
2023-12-16 21:15,56.87822
2023-12-16 21:30,56.71101
2023-12-16 21:45,62.67405
2023-12-16 22:00,63.05158
2023-12-16 22:15,61.38856
2023-12-16 22:30,61.83
2023-12-16 22:45,68.82059
2023-12-16 23:00,63.42509
2023-12-16 23:15,63.44254
2023-12-16 23:30,63.19
2023-12-16 23:45,61.64
2023-12-17 0:00,65.94797
2023-12-17 0:15,62.62976
2023-12-17 0:30,50.70408
2023-12-17 0:45,40.63454
2023-12-17 1:00,57.35846
2023-12-17 1:15,43.6134
2023-12-17 1:30,37.0489
2023-12-17 1:45,36.02465
2023-12-17 2:00,39.68273
2023-12-17 2:15,38.24171
2023-12-17 2:30,35.56479
2023-12-17 2:45,29.30577
2023-12-17 3:00,33.67468
2023-12-17 3:15,32.4939
2023-12-17 3:30,31.0876
2023-12-17 3:45,26.10436
2023-12-17 4:00,29.44979
2023-12-17 4:15,28.69246
2023-12-17 4:30,25.52805
2023-12-17 4:45,23.74785
2023-12-17 5:00,25.60881
2023-12-17 5:15,24.64419
2023-12-17 5:30,22.87197
2023-12-17 5:45,24.3419
2023-12-17 6:00,23.955
2023-12-17 6:15,20.62174
2023-12-17 6:30,24.10505
2023-12-17 6:45,23.88623
2023-12-17 7:00,22.42911
2023-12-17 7:15,25.4445
2023-12-17 7:30,32.70443
2023-12-17 7:45,42.4068
2023-12-17 8:00,33.15589
2023-12-17 8:15,43.83512
2023-12-17 8:30,64.7335
2023-12-17 8:45,76.01226
2023-12-17 9:00,54.85
2023-12-17 9:15,59.07
2023-12-17 9:30,63.58
2023-12-17 9:45,64.16318
2023-12-17 10:00,63.58
2023-12-17 10:15,63.59
2023-12-17 10:30,64.1512
2023-12-17 10:45,64
2023-12-17 11:00,64.08
2023-12-17 11:15,62.15
2023-12-17 11:30,63.38
2023-12-17 11:45,60
2023-12-17 12:00,57.82
2023-12-17 12:15,56.41359
2023-12-17 12:30,59.03
2023-12-17 12:45,59.2
2023-12-17 13:00,61.48
2023-12-17 13:15,61.48
2023-12-17 13:30,63.32
2023-12-17 13:45,63.3
2023-12-17 14:00,63.8505
2023-12-17 14:15,64.90126
2023-12-17 14:30,65.87864
2023-12-17 14:45,64.45208
2023-12-17 15:00,63.58
2023-12-17 15:15,65.00687
2023-12-17 15:30,65.16766
2023-12-17 15:45,60.79552
2023-12-17 16:00,58.82808
2023-12-17 16:15,56.01697
2023-12-17 16:30,51.34288
2023-12-17 16:45,48.82624
2023-12-17 17:00,62.08051
2023-12-17 17:15,58.90411
2023-12-17 17:30,56.77399
2023-12-17 17:45,53.57404
2023-12-17 18:00,52.7283
2023-12-17 18:15,52.7283
2023-12-17 18:30,52.7283
2023-12-17 18:45,63.19184
2023-12-17 19:00,63.71189
2023-12-17 19:15,57.67359
2023-12-17 19:30,50.15841
2023-12-17 19:45,56.42897
2023-12-17 20:00,44.95921
2023-12-17 20:15,45.15036
2023-12-17 20:30,45.10102
2023-12-17 20:45,45.08965
2023-12-17 21:00,43.51758
2023-12-17 21:15,44.46759
2023-12-17 21:30,45.09357
2023-12-17 21:45,47.35012
2023-12-17 22:00,47.85086
2023-12-17 22:15,50.5361
2023-12-17 22:30,51.74582
2023-12-17 22:45,56.53369
2023-12-17 23:00,47.88157
2023-12-17 23:15,48
2023-12-17 23:30,50.91
2023-12-17 23:45,49.2981
2023-12-18 0:00,56.16087
2023-12-18 0:15,44.87875
2023-12-18 0:30,44.88499
2023-12-18 0:45,32.56259
2023-12-18 1:00,36.78729
2023-12-18 1:15,32.87458
2023-12-18 1:30,26.13404
2023-12-18 1:45,23.35354
2023-12-18 2:00,33.72576
2023-12-18 2:15,31.89777
2023-12-18 2:30,30.53204
2023-12-18 2:45,24.99952
2023-12-18 3:00,28.85589
2023-12-18 3:15,30.64463
2023-12-18 3:30,27.01812
2023-12-18 3:45,29.21792
2023-12-18 4:00,26.94896
2023-12-18 4:15,26.00511
2023-12-18 4:30,26.70487
2023-12-18 4:45,26.37604
2023-12-18 5:00,29.28928
2023-12-18 5:15,33.63619
2023-12-18 5:30,30.82054
2023-12-18 5:45,26.06502
2023-12-18 6:00,26.31954
2023-12-18 6:15,30.46235
2023-12-18 6:30,33.27598
2023-12-18 6:45,30.41546
2023-12-18 7:00,37.95385
2023-12-18 7:15,40.28242
2023-12-18 7:30,41.88411
2023-12-18 7:45,53.21932
2023-12-18 8:00,46.20266
2023-12-18 8:15,51.22986
2023-12-18 8:30,64.21355
2023-12-18 8:45,69.47435
2023-12-18 9:00,50.71887
2023-12-18 9:15,57.47043
2023-12-18 9:30,63.23783
2023-12-18 9:45,68.44488
2023-12-18 10:00,63.24081
2023-12-18 10:15,65.04835
2023-12-18 10:30,67.31281
2023-12-18 10:45,66.31116
2023-12-18 11:00,67.3774
2023-12-18 11:15,63.74316
2023-12-18 11:30,63.86202
2023-12-18 11:45,64.17705
2023-12-18 12:00,66.63793
2023-12-18 12:15,65.06682
2023-12-18 12:30,63.28832
2023-12-18 12:45,65.1388
2023-12-18 13:00,64.32819
2023-12-18 13:15,63.81413
2023-12-18 13:30,64.17599
2023-12-18 13:45,63.28263
2023-12-18 14:00,65.51676
2023-12-18 14:15,63.67172
2023-12-18 14:30,58.46762
2023-12-18 14:45,52.77192
2023-12-18 15:00,62.14082
2023-12-18 15:15,56.4864
2023-12-18 15:30,45.0389
2023-12-18 15:45,43.85087
2023-12-18 16:00,51.6934
2023-12-18 16:15,45.14935
2023-12-18 16:30,44.77454
2023-12-18 16:45,44.29787
2023-12-18 17:00,58.67653
2023-12-18 17:15,55.57885
2023-12-18 17:30,55.15528
2023-12-18 17:45,55.13852
2023-12-18 18:00,56.1657
2023-12-18 18:15,55.59615
2023-12-18 18:30,55.50517
2023-12-18 18:45,55.16098
2023-12-18 19:00,56.56148
2023-12-18 19:15,55.31262
2023-12-18 19:30,55.32954
2023-12-18 19:45,55.26779
2023-12-18 20:00,55.29024
2023-12-18 20:15,55.24522
2023-12-18 20:30,55.39769
2023-12-18 20:45,56.15215
2023-12-18 21:00,54.75309
2023-12-18 21:15,55.30228
2023-12-18 21:30,56.18303
2023-12-18 21:45,56.55912
2023-12-18 22:00,54.07007
2023-12-18 22:15,57.56255
2023-12-18 22:30,64.233
2023-12-18 22:45,66.45601
2023-12-18 23:00,55.55783
2023-12-18 23:15,57.66635
2023-12-18 23:30,62.84156
2023-12-18 23:45,64.56652
2023-12-19 0:00,65.01474
2023-12-19 0:15,58.18333
2023-12-19 0:30,55.69858
2023-12-19 0:45,55.08
2023-12-19 1:00,71.98847
2023-12-19 1:15,62.15
2023-12-19 1:30,55.06
2023-12-19 1:45,55.06
2023-12-19 2:00,58
2023-12-19 2:15,58.61207
2023-12-19 2:30,59.54226
2023-12-19 2:45,56.75902
2023-12-19 3:00,64.00143
2023-12-19 3:15,61.67055
2023-12-19 3:30,62.76615
2023-12-19 3:45,58.12055
2023-12-19 4:00,60.54154
2023-12-19 4:15,57.48074
2023-12-19 4:30,58.87245
2023-12-19 4:45,59.23647
2023-12-19 5:00,55.32725
2023-12-19 5:15,52.14893
2023-12-19 5:30,51.38986
2023-12-19 5:45,47.55153
2023-12-19 6:00,49.6537
2023-12-19 6:15,54.27717
2023-12-19 6:30,53.28085
2023-12-19 6:45,54.47976
2023-12-19 7:00,54.47976
2023-12-19 7:15,60.23724
2023-12-19 7:30,63.77856
2023-12-19 7:45,69.23711
2023-12-19 8:00,57.71026
2023-12-19 8:15,60.69185
2023-12-19 8:30,72.88454
2023-12-19 8:45,81.59129
2023-12-19 9:00,69.50617
2023-12-19 9:15,70.18564
2023-12-19 9:30,75.9141
2023-12-19 9:45,75.63066
2023-12-19 10:00,76.28641
2023-12-19 10:15,76.29704
2023-12-19 10:30,76.7761
2023-12-19 10:45,76.43277
2023-12-19 11:00,75.78875
2023-12-19 11:15,72.9231
2023-12-19 11:30,71.1408
2023-12-19 11:45,68.54937
2023-12-19 12:00,66.77414
2023-12-19 12:15,65.46994
2023-12-19 12:30,65.6331
2023-12-19 12:45,66.54468
2023-12-19 13:00,70
2023-12-19 13:15,69.5204
2023-12-19 13:30,69.11264
2023-12-19 13:45,65
2023-12-19 14:00,71.36383
2023-12-19 14:15,66.07254
2023-12-19 14:30,64.19417
2023-12-19 14:45,59.60756
2023-12-19 15:00,71.23219
2023-12-19 15:15,62.0665
2023-12-19 15:30,57.31529
2023-12-19 15:45,54.68464
2023-12-19 16:00,58.50345
2023-12-19 16:15,54.81576
2023-12-19 16:30,54.4752
2023-12-19 16:45,53.12619
2023-12-19 17:00,47.28627
2023-12-19 17:15,46.65954
2023-12-19 17:30,46.76925
2023-12-19 17:45,46.5528
2023-12-19 18:00,47.14971
2023-12-19 18:15,46.65
2023-12-19 18:30,46.65
2023-12-19 18:45,46.65866
2023-12-19 19:00,46.8084
2023-12-19 19:15,46.56405
2023-12-19 19:30,46.59924
2023-12-19 19:45,46.16
2023-12-19 20:00,43.63333
2023-12-19 20:15,43.39838
2023-12-19 20:30,42.92727
2023-12-19 20:45,44.69085
2023-12-19 21:00,42.46186
2023-12-19 21:15,43.016
2023-12-19 21:30,46.76444
2023-12-19 21:45,47.34332
2023-12-19 22:00,47.02896
2023-12-19 22:15,47.02425
2023-12-19 22:30,52.09901
2023-12-19 22:45,54.13425
2023-12-19 23:00,47.41265
2023-12-19 23:15,51.15947
2023-12-19 23:30,52.39335
2023-12-19 23:45,52.30598
2023-12-20 0:00,49.73159
2023-12-20 0:15,47.8698
2023-12-20 0:30,47.36635
2023-12-20 0:45,47.30113
2023-12-20 1:00,50.04648
2023-12-20 1:15,47.26987
2023-12-20 1:30,46.72005
2023-12-20 1:45,41.5351
2023-12-20 2:00,47.27955
2023-12-20 2:15,46.03319
2023-12-20 2:30,44.18269
2023-12-20 2:45,43.03306
2023-12-20 3:00,49.24127
2023-12-20 3:15,47.18278
2023-12-20 3:30,47.18272
2023-12-20 3:45,44.86942
2023-12-20 4:00,44.777
2023-12-20 4:15,45.00543
2023-12-20 4:30,47.82989
2023-12-20 4:45,46.17401
2023-12-20 5:00,51.3234
2023-12-20 5:15,50.10845
2023-12-20 5:30,50.04467
2023-12-20 5:45,59.40519
2023-12-20 6:00,61.17761
2023-12-20 6:15,60.64337
2023-12-20 6:30,58.30757
2023-12-20 6:45,51.71114
2023-12-20 7:00,45.34272
2023-12-20 7:15,50.87717
2023-12-20 7:30,56.56495
2023-12-20 7:45,59.10145
2023-12-20 8:00,43.2335
2023-12-20 8:15,47.57935
2023-12-20 8:30,54.92297
2023-12-20 8:45,54.92297
2023-12-20 9:00,54.92297
2023-12-20 9:15,53.03081
2023-12-20 9:30,60.37249
2023-12-20 9:45,62.72556
2023-12-20 10:00,54.65643
2023-12-20 10:15,56.87066
2023-12-20 10:30,60.03094
2023-12-20 10:45,60.32315
2023-12-20 11:00,58.52166
2023-12-20 11:15,56.16616
2023-12-20 11:30,55.35966
2023-12-20 11:45,54.62371
2023-12-20 12:00,56.86722
2023-12-20 12:15,55.38747
2023-12-20 12:30,51.89844
2023-12-20 12:45,50.18007
2023-12-20 13:00,53.70347
2023-12-20 13:15,52.93185
2023-12-20 13:30,50.89215
2023-12-20 13:45,49.6839
2023-12-20 14:00,52.22454
2023-12-20 14:15,51.49027
2023-12-20 14:30,49.28689
2023-12-20 14:45,46.64045
2023-12-20 15:00,51.52567
2023-12-20 15:15,48.85503
2023-12-20 15:30,46.52204
2023-12-20 15:45,45.40566
2023-12-20 16:00,46.06751
2023-12-20 16:15,43.75701
2023-12-20 16:30,41.80668
2023-12-20 16:45,41.26995
2023-12-20 17:00,44.05806
2023-12-20 17:15,43.90362
2023-12-20 17:30,42.84707
2023-12-20 17:45,41.65441
2023-12-20 18:00,44.42975
2023-12-20 18:15,44.93232
2023-12-20 18:30,44.76808
2023-12-20 18:45,44.47204
2023-12-20 19:00,44.6955
2023-12-20 19:15,41.50982
2023-12-20 19:30,41.80567
2023-12-20 19:45,41.34175
2023-12-20 20:00,42.78848
2023-12-20 20:15,41.42553
2023-12-20 20:30,41.66703
2023-12-20 20:45,41.58652
2023-12-20 21:00,41.35423
2023-12-20 21:15,41.58095
2023-12-20 21:30,44.60498
2023-12-20 21:45,45.04533
2023-12-20 22:00,44.09319
2023-12-20 22:15,45.42983
2023-12-20 22:30,48.57211
2023-12-20 22:45,49.49566
2023-12-20 23:00,43.71474
2023-12-20 23:15,44.05125
2023-12-20 23:30,47.19493
2023-12-20 23:45,48.63005
2023-12-21 0:00,48.66213
2023-12-21 0:15,47.20907
2023-12-21 0:30,45.04269
2023-12-21 0:45,44.31476
2023-12-21 1:00,46.07461
2023-12-21 1:15,43.92672
2023-12-21 1:30,43.83832
2023-12-21 1:45,41.93814
2023-12-21 2:00,44.56182
2023-12-21 2:15,42.68393
2023-12-21 2:30,46.84413
2023-12-21 2:45,44.99739
2023-12-21 3:00,49.97055
2023-12-21 3:15,49.5403
2023-12-21 3:30,49.69548
2023-12-21 3:45,49.10629
2023-12-21 4:00,49.89787
2023-12-21 4:15,50.74827
2023-12-21 4:30,51.00796
2023-12-21 4:45,52.38022
2023-12-21 5:00,51.58699
2023-12-21 5:15,51.16897
2023-12-21 5:30,51.76102
2023-12-21 5:45,53.1178
2023-12-21 6:00,55.49525
2023-12-21 6:15,53.39518
2023-12-21 6:30,55.66449
2023-12-21 6:45,56.56208
2023-12-21 7:00,52.2944
2023-12-21 7:15,53.42524
2023-12-21 7:30,52.90175
2023-12-21 7:45,60.23145
2023-12-21 8:00,43.94888
2023-12-21 8:15,44.82078
2023-12-21 8:30,53.57141
2023-12-21 8:45,61.31106
2023-12-21 9:00,46.88823
2023-12-21 9:15,53.31694
2023-12-21 9:30,57.37103
2023-12-21 9:45,61.00482
2023-12-21 10:00,56.1958
2023-12-21 10:15,56.41296
2023-12-21 10:30,55.20455
2023-12-21 10:45,52.57543
2023-12-21 11:00,51.45907
2023-12-21 11:15,50.55111
2023-12-21 11:30,50.42776
2023-12-21 11:45,43.27401
2023-12-21 12:00,48.67726
2023-12-21 12:15,45.87179
2023-12-21 12:30,44.42508
2023-12-21 12:45,43.21102
2023-12-21 13:00,43.73509
2023-12-21 13:15,43.22905
2023-12-21 13:30,42.77677
2023-12-21 13:45,42.26784
2023-12-21 14:00,46.33202
2023-12-21 14:15,46.40118
2023-12-21 14:30,44.69373
2023-12-21 14:45,41.56377
2023-12-21 15:00,45.41112
2023-12-21 15:15,42.60001
2023-12-21 15:30,41.75139
2023-12-21 15:45,41.21017
2023-12-21 16:00,42.59554
2023-12-21 16:15,41.78622
2023-12-21 16:30,41.87855
2023-12-21 16:45,41.80159
2023-12-21 17:00,44.45069
2023-12-21 17:15,43.74743
2023-12-21 17:30,42.22547
2023-12-21 17:45,41.55205
2023-12-21 18:00,43.86009
2023-12-21 18:15,42.35565
2023-12-21 18:30,42.19049
2023-12-21 18:45,41.75005
2023-12-21 19:00,41.70697
2023-12-21 19:15,41.53217
2023-12-21 19:30,39.87946
2023-12-21 19:45,40.05169
2023-12-21 20:00,41.50624
2023-12-21 20:15,41.41344
2023-12-21 20:30,41.77232
2023-12-21 20:45,41.02662
2023-12-21 21:00,39.78167
2023-12-21 21:15,41.00586
2023-12-21 21:30,42.96779
2023-12-21 21:45,44.53818
2023-12-21 22:00,41.0535
2023-12-21 22:15,43.26305
2023-12-21 22:30,47.33142
2023-12-21 22:45,48.27976
2023-12-21 23:00,42.84109
2023-12-21 23:15,45.16897
2023-12-21 23:30,47.75026
2023-12-21 23:45,47.41381
2023-12-22 0:00,44.05298
2023-12-22 0:15,41.48835
2023-12-22 0:30,40.11086
2023-12-22 0:45,40.10652
2023-12-22 1:00,39.53177
2023-12-22 1:15,38.31018
2023-12-22 1:30,36.43149
2023-12-22 1:45,33.58328
2023-12-22 2:00,37.02737
2023-12-22 2:15,36.57808
2023-12-22 2:30,34.63069
2023-12-22 2:45,33.34862
2023-12-22 3:00,33.47787
2023-12-22 3:15,29.80575
2023-12-22 3:30,29.95576
2023-12-22 3:45,29.49767
2023-12-22 4:00,29.57935
2023-12-22 4:15,29.5647
2023-12-22 4:30,29.52153
2023-12-22 4:45,30.53289
2023-12-22 5:00,21.72595
2023-12-22 5:15,27.24402
2023-12-22 5:30,26.94294
2023-12-22 5:45,28.08591
2023-12-22 6:00,17.55947
2023-12-22 6:15,15.37232
2023-12-22 6:30,18.32519
2023-12-22 6:45,32.8952
2023-12-22 7:00,36.36289
2023-12-22 7:15,36.9393
2023-12-22 7:30,39.85623
2023-12-22 7:45,41.41792
2023-12-22 8:00,36.89221
2023-12-22 8:15,42.41269
2023-12-22 8:30,46.06594
2023-12-22 8:45,55.74167
2023-12-22 9:00,44.21154
2023-12-22 9:15,48.44293
2023-12-22 9:30,52.66247
2023-12-22 9:45,55.40457
2023-12-22 10:00,51.88322
2023-12-22 10:15,53.19224
2023-12-22 10:30,52.92703
2023-12-22 10:45,52.55431
2023-12-22 11:00,50.6584
2023-12-22 11:15,47.95478
2023-12-22 11:30,46.07251
2023-12-22 11:45,44.20318
2023-12-22 12:00,45.4031
2023-12-22 12:15,44.19664
2023-12-22 12:30,44.16927
2023-12-22 12:45,44.00526
2023-12-22 13:00,44.00043
2023-12-22 13:15,43.29652
2023-12-22 13:30,41.81788
2023-12-22 13:45,41.34052
2023-12-22 14:00,45.06973
2023-12-22 14:15,43.3086
2023-12-22 14:30,41.18783
2023-12-22 14:45,40.47393
2023-12-22 15:00,44.24056
2023-12-22 15:15,41.4157
2023-12-22 15:30,39.93894
2023-12-22 15:45,39.26783
2023-12-22 16:00,41.66577
2023-12-22 16:15,39.71507
2023-12-22 16:30,39.69171
2023-12-22 16:45,39.43279
2023-12-22 17:00,44.2016
2023-12-22 17:15,43.14841
2023-12-22 17:30,41.05275
2023-12-22 17:45,37.68511
2023-12-22 18:00,38.47131
2023-12-22 18:15,37.60664
2023-12-22 18:30,36.88358
2023-12-22 18:45,36.92138
2023-12-22 19:00,37.74588
2023-12-22 19:15,37.60301
2023-12-22 19:30,37.66338
2023-12-22 19:45,37.67356
2023-12-22 20:00,41.49129
2023-12-22 20:15,42.63102
2023-12-22 20:30,42.6482
2023-12-22 20:45,42.02747
2023-12-22 21:00,41.04813
2023-12-22 21:15,41.11174
2023-12-22 21:30,42.6306
2023-12-22 21:45,44.32762
2023-12-22 22:00,44.01847
2023-12-22 22:15,44.23062
2023-12-22 22:30,46.14013
2023-12-22 22:45,47.1527
2023-12-22 23:00,44.82401
2023-12-22 23:15,45.48541
2023-12-22 23:30,45.88345
2023-12-22 23:45,45.748
2023-12-23 0:00,46.7362
2023-12-23 0:15,46.20263
2023-12-23 0:30,46.1738
2023-12-23 0:45,45.21985
2023-12-23 1:00,49.82274
2023-12-23 1:15,47.57462
2023-12-23 1:30,48.68728
2023-12-23 1:45,44.31328
2023-12-23 2:00,48.36882
2023-12-23 2:15,48.4602
2023-12-23 2:30,49.08678
2023-12-23 2:45,42.74916
2023-12-23 3:00,45.54143
2023-12-23 3:15,43.14452
2023-12-23 3:30,38.95403
2023-12-23 3:45,38.06985
2023-12-23 4:00,42.78763
2023-12-23 4:15,44.86203
2023-12-23 4:30,39.05143
2023-12-23 4:45,37.18566
2023-12-23 5:00,37.18501
2023-12-23 5:15,36.26866
2023-12-23 5:30,34.88843
2023-12-23 5:45,35.17934
2023-12-23 6:00,35.10132
2023-12-23 6:15,35.5232
2023-12-23 6:30,35.63243
2023-12-23 6:45,34.93526
2023-12-23 7:00,35.79411
2023-12-23 7:15,36.79986
2023-12-23 7:30,37.02984
2023-12-23 7:45,37.48602
2023-12-23 8:00,35.59438
2023-12-23 8:15,37.09174
2023-12-23 8:30,41.41383
2023-12-23 8:45,48.7396
2023-12-23 9:00,38.87088
2023-12-23 9:15,42.63968
2023-12-23 9:30,47.40031
2023-12-23 9:45,50.20456
2023-12-23 10:00,48.65593
2023-12-23 10:15,48.69136
2023-12-23 10:30,47.23949
2023-12-23 10:45,46.92967
2023-12-23 11:00,46.9217
2023-12-23 11:15,44.41853
2023-12-23 11:30,41.38157
2023-12-23 11:45,41.36885
2023-12-23 12:00,41.35206
2023-12-23 12:15,41.36478
2023-12-23 12:30,41.55631
2023-12-23 12:45,41.2305
2023-12-23 13:00,45.12899
2023-12-23 13:15,43.59135
2023-12-23 13:30,41.41172
2023-12-23 13:45,38.98808
2023-12-23 14:00,41.62336
2023-12-23 14:15,38.57994
2023-12-23 14:30,38.54052
2023-12-23 14:45,37.9742
2023-12-23 15:00,41.48739
2023-12-23 15:15,41.09914
2023-12-23 15:30,38.43554
2023-12-23 15:45,37.94144
2023-12-23 16:00,37.49777
2023-12-23 16:15,36.29417
2023-12-23 16:30,35.48402
2023-12-23 16:45,34.56988
2023-12-23 17:00,38.36548
2023-12-23 17:15,37.39929
2023-12-23 17:30,37.97426
2023-12-23 17:45,36.06834
2023-12-23 18:00,37.42063
2023-12-23 18:15,36.41838
2023-12-23 18:30,33.9647
2023-12-23 18:45,33.44246
2023-12-23 19:00,33.92906
2023-12-23 19:15,33.71836
2023-12-23 19:30,32.80274
2023-12-23 19:45,30.49049
2023-12-23 20:00,33.27417
2023-12-23 20:15,33.1112
2023-12-23 20:30,33.13762
2023-12-23 20:45,30.77681
2023-12-23 21:00,32.06711
2023-12-23 21:15,30.81923
2023-12-23 21:30,32.54322
2023-12-23 21:45,32.07069
2023-12-23 22:00,31.63998
2023-12-23 22:15,32.13275
2023-12-23 22:30,33.01143
2023-12-23 22:45,33.00464
2023-12-23 23:00,32.93932
2023-12-23 23:15,34.11736
2023-12-23 23:30,34.68015
2023-12-23 23:45,33.4378
2023-12-24 0:00,33.79778
2023-12-24 0:15,32.436
2023-12-24 0:30,29.65515
2023-12-24 0:45,27.36107
2023-12-24 1:00,32.51888
2023-12-24 1:15,30.2761
2023-12-24 1:30,21.24256
2023-12-24 1:45,18.68952
2023-12-24 2:00,26.05852
2023-12-24 2:15,25.06835
2023-12-24 2:30,24.47033
2023-12-24 2:45,17.39547
2023-12-24 3:00,26.95172
2023-12-24 3:15,26.46182
2023-12-24 3:30,24.38302
2023-12-24 3:45,15.01403
2023-12-24 4:00,27.93287
2023-12-24 4:15,26.61973
2023-12-24 4:30,20.75952
2023-12-24 4:45,16.25938
2023-12-24 5:00,28.13956
2023-12-24 5:15,27.07745
2023-12-24 5:30,25.40386
2023-12-24 5:45,24.67694
2023-12-24 6:00,25.7888
2023-12-24 6:15,25.54278
2023-12-24 6:30,24.21453
2023-12-24 6:45,18.31066
2023-12-24 7:00,20.06047
2023-12-24 7:15,27.85044
2023-12-24 7:30,29.42524
2023-12-24 7:45,30.55773
2023-12-24 8:00,20.28913
2023-12-24 8:15,31.90696
2023-12-24 8:30,47.99248
2023-12-24 8:45,51.25629
2023-12-24 9:00,41.04104
2023-12-24 9:15,43.13155
2023-12-24 9:30,47.13933
2023-12-24 9:45,48.84259
2023-12-24 10:00,46.69137
2023-12-24 10:15,46.62364
2023-12-24 10:30,46.85157
2023-12-24 10:45,46.62459
2023-12-24 11:00,46.29101
2023-12-24 11:15,45.93194
2023-12-24 11:30,45.97978
2023-12-24 11:45,45.67297
2023-12-24 12:00,46.68611
2023-12-24 12:15,46.52404
2023-12-24 12:30,46.45712
2023-12-24 12:45,45.35546
2023-12-24 13:00,42.90669
2023-12-24 13:15,43.29383
2023-12-24 13:30,42.38453
2023-12-24 13:45,42.4516
2023-12-24 14:00,43.78473
2023-12-24 14:15,44.61577
2023-12-24 14:30,44.62826
2023-12-24 14:45,41.7381
2023-12-24 15:00,45.48089
2023-12-24 15:15,44.98847
2023-12-24 15:30,42.10324
2023-12-24 15:45,41.197
2023-12-24 16:00,41.28153
2023-12-24 16:15,40.79859
2023-12-24 16:30,40.34818
2023-12-24 16:45,37.89361
2023-12-24 17:00,43.87622
2023-12-24 17:15,41.34347
2023-12-24 17:30,41.97556
2023-12-24 17:45,39.41655
2023-12-24 18:00,40.8972
2023-12-24 18:15,38.45534
2023-12-24 18:30,39.22184
2023-12-24 18:45,42.71329
2023-12-24 19:00,37.97982
2023-12-24 19:15,38.2765
2023-12-24 19:30,38.38113
2023-12-24 19:45,36.87476
2023-12-24 20:00,36.1966
2023-12-24 20:15,35.98386
2023-12-24 20:30,36.86298
2023-12-24 20:45,36.27432
2023-12-24 21:00,37.6246
2023-12-24 21:15,38.44757
2023-12-24 21:30,38.4515
2023-12-24 21:45,40.32062
2023-12-24 22:00,42.72963
2023-12-24 22:15,41.62253
2023-12-24 22:30,42.72263
2023-12-24 22:45,43.17497
2023-12-24 23:00,42.02425
2023-12-24 23:15,42.31327
2023-12-24 23:30,43.34374
2023-12-24 23:45,43.00261
2023-12-25 0:00,41.78
2023-12-25 0:15,38.48736
2023-12-25 0:30,34.78516
2023-12-25 0:45,34.40006
2023-12-25 1:00,40.82498
2023-12-25 1:15,38.42704
2023-12-25 1:30,28.3366
2023-12-25 1:45,20.70645
2023-12-25 2:00,27.81958
2023-12-25 2:15,22.63242
2023-12-25 2:30,19.13103
2023-12-25 2:45,18.25077
2023-12-25 3:00,21.81985
2023-12-25 3:15,18.75768
2023-12-25 3:30,17.35385
2023-12-25 3:45,15.98284
2023-12-25 4:00,11.45271
2023-12-25 4:15,17.92799
2023-12-25 4:30,18.24798
2023-12-25 4:45,18.17845
2023-12-25 5:00,18.6849
2023-12-25 5:15,18.18325
2023-12-25 5:30,17.11646
2023-12-25 5:45,12.28753
2023-12-25 6:00,6.37702
2023-12-25 6:15,5.23892
2023-12-25 6:30,13.34882
2023-12-25 6:45,3.66252
2023-12-25 7:00,-5.64085
2023-12-25 7:15,8.99896
2023-12-25 7:30,15.64047
2023-12-25 7:45,15.05431
2023-12-25 8:00,12.92287
2023-12-25 8:15,21.36336
2023-12-25 8:30,39.38362
2023-12-25 8:45,49.73286
2023-12-25 9:00,34.41393
2023-12-25 9:15,38.88333
2023-12-25 9:30,48.84461
2023-12-25 9:45,50.38588
2023-12-25 10:00,49.47284
2023-12-25 10:15,50.48433
2023-12-25 10:30,51.25002
2023-12-25 10:45,50.5117
2023-12-25 11:00,49.89963
2023-12-25 11:15,48.74519
2023-12-25 11:30,49.55068
2023-12-25 11:45,48.25366
2023-12-25 12:00,49.00617
2023-12-25 12:15,48.04137
2023-12-25 12:30,49.49285
2023-12-25 12:45,48.27892
2023-12-25 13:00,49.1025
2023-12-25 13:15,49.16812
2023-12-25 13:30,49.30348
2023-12-25 13:45,48.3634
2023-12-25 14:00,47.57858
2023-12-25 14:15,47.24515
2023-12-25 14:30,47.02999
2023-12-25 14:45,44.10314
2023-12-25 15:00,49.85588
2023-12-25 15:15,50.06177
2023-12-25 15:30,46.07603
2023-12-25 15:45,41.69578
2023-12-25 16:00,47.54308
2023-12-25 16:15,49.25362
2023-12-25 16:30,44.99695
2023-12-25 16:45,41.70453
2023-12-25 17:00,46.87949
2023-12-25 17:15,46.17808
2023-12-25 17:30,46.27695
2023-12-25 17:45,44.57938
2023-12-25 18:00,46.5952
2023-12-25 18:15,44.60772
2023-12-25 18:30,41.41998
2023-12-25 18:45,39.59946
2023-12-25 19:00,41.64099
2023-12-25 19:15,39.29865
2023-12-25 19:30,41.61574
2023-12-25 19:45,39.28405
2023-12-25 20:00,38.91343
2023-12-25 20:15,38.34611
2023-12-25 20:30,38.07374
2023-12-25 20:45,38.03181
2023-12-25 21:00,38.24402
2023-12-25 21:15,38.1979
2023-12-25 21:30,38.57753
2023-12-25 21:45,40.291
2023-12-25 22:00,38.10178
2023-12-25 22:15,42.48775
2023-12-25 22:30,42.97293
2023-12-25 22:45,42.98606
2023-12-25 23:00,41.50805
2023-12-25 23:15,40.42701
2023-12-25 23:30,42.04074
2023-12-25 23:45,40.58234
2023-12-26 0:00,43.11212
2023-12-26 0:15,38.36568
2023-12-26 0:30,34.50771
2023-12-26 0:45,31.83336
2023-12-26 1:00,34.90658
2023-12-26 1:15,36.27692
2023-12-26 1:30,20.31002
2023-12-26 1:45,20.28197
2023-12-26 2:00,20.09749
2023-12-26 2:15,18.04453
2023-12-26 2:30,16.5822
2023-12-26 2:45,8.71842
2023-12-26 3:00,16.30942
2023-12-26 3:15,14.28327
2023-12-26 3:30,10.08966
2023-12-26 3:45,6.52781
2023-12-26 4:00,3.08631
2023-12-26 4:15,-0.50513
2023-12-26 4:30,-7.78959
2023-12-26 4:45,-4.79689
2023-12-26 5:00,-3.50572
2023-12-26 5:15,-3.99243
2023-12-26 5:30,-4.43279
2023-12-26 5:45,-4.21621
2023-12-26 6:00,-2.28866
2023-12-26 6:15,-2.00294
2023-12-26 6:30,-8.04002
2023-12-26 6:45,-2.25662
2023-12-26 7:00,-5.52
2023-12-26 7:15,-2.12402
2023-12-26 7:30,-2.80657
2023-12-26 7:45,-1.73323
2023-12-26 8:00,-0.42546
2023-12-26 8:15,17.1236
2023-12-26 8:30,36.71954
2023-12-26 8:45,44.89687
2023-12-26 9:00,33.01024
2023-12-26 9:15,34.60262
2023-12-26 9:30,42.61635
2023-12-26 9:45,46.61195
2023-12-26 10:00,41.72571
2023-12-26 10:15,44.16448
2023-12-26 10:30,42.12681
2023-12-26 10:45,41.22893
2023-12-26 11:00,42.69808
2023-12-26 11:15,43.84638
2023-12-26 11:30,41.34564
2023-12-26 11:45,41.29119
2023-12-26 12:00,38.37747
2023-12-26 12:15,36.7969
2023-12-26 12:30,38.38153
2023-12-26 12:45,37.50733
2023-12-26 13:00,41.10737
2023-12-26 13:15,39.69337
2023-12-26 13:30,39.09831
2023-12-26 13:45,38.42473
2023-12-26 14:00,40.97275
2023-12-26 14:15,38.45182
2023-12-26 14:30,36.54925
2023-12-26 14:45,35.45229
2023-12-26 15:00,39.67117
2023-12-26 15:15,37.64039
2023-12-26 15:30,35.73366
2023-12-26 15:45,34.93132
2023-12-26 16:00,37.51677
2023-12-26 16:15,35.47767
2023-12-26 16:30,35.48797
2023-12-26 16:45,34.45026
2023-12-26 17:00,38.33049
2023-12-26 17:15,38.52137
2023-12-26 17:30,38.10018
2023-12-26 17:45,36.36962
2023-12-26 18:00,40.82519
2023-12-26 18:15,40.20146
2023-12-26 18:30,39.64095
2023-12-26 18:45,39.44938
2023-12-26 19:00,40.04262
2023-12-26 19:15,39.42842
2023-12-26 19:30,38.64916
2023-12-26 19:45,39.04742
2023-12-26 20:00,39.13859
2023-12-26 20:15,38.31409
2023-12-26 20:30,37.22711
2023-12-26 20:45,36.83494
2023-12-26 21:00,36.05369
2023-12-26 21:15,35.41557
2023-12-26 21:30,35.91894
2023-12-26 21:45,38.61202
2023-12-26 22:00,40.30958
2023-12-26 22:15,40.86809
2023-12-26 22:30,41.02397
2023-12-26 22:45,41.39272
2023-12-26 23:00,40.56414
2023-12-26 23:15,40.75165
2023-12-26 23:30,41.83198
2023-12-26 23:45,41.73508
2023-12-27 0:00,41.01359
2023-12-27 0:15,38.41287
2023-12-27 0:30,35.08224
2023-12-27 0:45,33.25878
2023-12-27 1:00,35.06477
2023-12-27 1:15,33.12787
2023-12-27 1:30,28.93204
2023-12-27 1:45,18.90088
2023-12-27 2:00,28.85731
2023-12-27 2:15,24.61712
2023-12-27 2:30,23.05583
2023-12-27 2:45,26.93186
2023-12-27 3:00,27.70681
2023-12-27 3:15,29.55374
2023-12-27 3:30,29.46128
2023-12-27 3:45,31.27383
2023-12-27 4:00,30.35962
2023-12-27 4:15,29.10774
2023-12-27 4:30,21.83819
2023-12-27 4:45,25.3243
2023-12-27 5:00,24.60299
2023-12-27 5:15,28.95288
2023-12-27 5:30,25.69256
2023-12-27 5:45,29.09184
2023-12-27 6:00,24.33817
2023-12-27 6:15,24.82921
2023-12-27 6:30,17.16296
2023-12-27 6:45,16.31749
2023-12-27 7:00,16.39163
2023-12-27 7:15,17.38603
2023-12-27 7:30,22.97903
2023-12-27 7:45,27.0652
2023-12-27 8:00,34.40091
2023-12-27 8:15,38.552
2023-12-27 8:30,43.82751
2023-12-27 8:45,52.30239
2023-12-27 9:00,44.88769
2023-12-27 9:15,45.4326
2023-12-27 9:30,51.66477
2023-12-27 9:45,53.49372
2023-12-27 10:00,48.12669
2023-12-27 10:15,51.41325
2023-12-27 10:30,50.97874
2023-12-27 10:45,48.98045
2023-12-27 11:00,42.34324
2023-12-27 11:15,41.13428
2023-12-27 11:30,42.25199
2023-12-27 11:45,41.09319
2023-12-27 12:00,41.63059
2023-12-27 12:15,41.45549
2023-12-27 12:30,41.79813
2023-12-27 12:45,41.52301
2023-12-27 13:00,45.14278
2023-12-27 13:15,44.6575
2023-12-27 13:30,44.95987
2023-12-27 13:45,44.10252
2023-12-27 14:00,46.26307
2023-12-27 14:15,45.36996
2023-12-27 14:30,44.779
2023-12-27 14:45,41.91694
2023-12-27 15:00,45.41053
2023-12-27 15:15,42.78121
2023-12-27 15:30,40.92053
2023-12-27 15:45,40.58472
2023-12-27 16:00,41.82534
2023-12-27 16:15,40.70242
2023-12-27 16:30,40.41942
2023-12-27 16:45,40.05586
2023-12-27 17:00,43.31862
2023-12-27 17:15,39.73443
2023-12-27 17:30,38.30617
2023-12-27 17:45,38.30208
2023-12-27 18:00,38.92315
2023-12-27 18:15,38.43195
2023-12-27 18:30,38.33696
2023-12-27 18:45,37.99329
2023-12-27 19:00,38.20331
2023-12-27 19:15,38.27389
2023-12-27 19:30,38.18652
2023-12-27 19:45,38.10584
2023-12-27 20:00,38.26732
2023-12-27 20:15,38.57966
2023-12-27 20:30,38.96261
2023-12-27 20:45,40.54447
2023-12-27 21:00,39.60714
2023-12-27 21:15,41.79535
2023-12-27 21:30,43.29602
2023-12-27 21:45,44.08482
2023-12-27 22:00,42.9181
2023-12-27 22:15,43.2457
2023-12-27 22:30,46.52279
2023-12-27 22:45,51.05977
2023-12-27 23:00,44.60601
2023-12-27 23:15,45.5035
2023-12-27 23:30,46.7658
2023-12-27 23:45,46.58417
2023-12-28 0:00,46.28532
2023-12-28 0:15,44.58161
2023-12-28 0:30,43.43575
2023-12-28 0:45,39.76326
2023-12-28 1:00,47.56321
2023-12-28 1:15,38.87602
2023-12-28 1:30,36.25697
2023-12-28 1:45,35.44851
2023-12-28 2:00,36.30173
2023-12-28 2:15,35.37882
2023-12-28 2:30,35.19774
2023-12-28 2:45,34.75904
2023-12-28 3:00,37.43845
2023-12-28 3:15,36.05648
2023-12-28 3:30,36.28293
2023-12-28 3:45,35.68672
2023-12-28 4:00,34.90134
2023-12-28 4:15,35.3944
2023-12-28 4:30,34.06843
2023-12-28 4:45,32.64008
2023-12-28 5:00,35.24103
2023-12-28 5:15,33.68252
2023-12-28 5:30,33.9502
2023-12-28 5:45,32.93271
2023-12-28 6:00,34.11183
2023-12-28 6:15,33.94832
2023-12-28 6:30,34.67444
2023-12-28 6:45,34.13861
2023-12-28 7:00,33.82317
2023-12-28 7:15,36.26897
2023-12-28 7:30,38.08448
2023-12-28 7:45,45.62445
2023-12-28 8:00,41.29742
2023-12-28 8:15,49.79916
2023-12-28 8:30,52.99307
2023-12-28 8:45,55.83506
2023-12-28 9:00,46.79235
2023-12-28 9:15,51.02979
2023-12-28 9:30,53.05255
2023-12-28 9:45,52.55945
2023-12-28 10:00,52.43219
2023-12-28 10:15,53.33707
2023-12-28 10:30,54.71117
2023-12-28 10:45,52.2994
2023-12-28 11:00,51.81885
2023-12-28 11:15,50.70806
2023-12-28 11:30,50.45236
2023-12-28 11:45,50.36713
2023-12-28 12:00,50.68585
2023-12-28 12:15,51.20023
2023-12-28 12:30,51.72061
2023-12-28 12:45,51.40872
2023-12-28 13:00,51.88319
2023-12-28 13:15,51.73741
2023-12-28 13:30,52.09678
2023-12-28 13:45,51.77002
2023-12-28 14:00,53.26928
2023-12-28 14:15,53.83111
2023-12-28 14:30,52.9849
2023-12-28 14:45,51.50393
2023-12-28 15:00,55.08791
2023-12-28 15:15,52.89812
2023-12-28 15:30,52.16181
2023-12-28 15:45,49.03878
2023-12-28 16:00,51.88493
2023-12-28 16:15,51.64884
2023-12-28 16:30,51.24943
2023-12-28 16:45,47.15778
2023-12-28 17:00,52.07322
2023-12-28 17:15,44.77796
2023-12-28 17:30,44.73776
2023-12-28 17:45,44.25547
2023-12-28 18:00,43.25757
2023-12-28 18:15,42.30715
2023-12-28 18:30,42.0255
2023-12-28 18:45,39.47184
2023-12-28 19:00,42.75793
2023-12-28 19:15,41.61262
2023-12-28 19:30,40.08455
2023-12-28 19:45,39.15846
2023-12-28 20:00,39.23413
2023-12-28 20:15,39.20624
2023-12-28 20:30,39.14654
2023-12-28 20:45,39.15446
2023-12-28 21:00,40.02811
2023-12-28 21:15,39.91954
2023-12-28 21:30,40.08466
2023-12-28 21:45,44.17997
2023-12-28 22:00,44.37381
2023-12-28 22:15,45.35507
2023-12-28 22:30,48.90538
2023-12-28 22:45,56.87573
2023-12-28 23:00,53.01415
2023-12-28 23:15,61.2869
2023-12-28 23:30,68.12491
2023-12-28 23:45,64.1991
2023-12-29 0:00,55.79173
2023-12-29 0:15,50.38973
2023-12-29 0:30,45.3276
2023-12-29 0:45,39
2023-12-29 1:00,38.35416
2023-12-29 1:15,35.3367
2023-12-29 1:30,33.46469
2023-12-29 1:45,29.9952
2023-12-29 2:00,30.22617
2023-12-29 2:15,27.07924
2023-12-29 2:30,25.27721
2023-12-29 2:45,23.7017
2023-12-29 3:00,27.04326
2023-12-29 3:15,24.92984
2023-12-29 3:30,22.96029
2023-12-29 3:45,21.06654
2023-12-29 4:00,21.3332
2023-12-29 4:15,20.36575
2023-12-29 4:30,20.88099
2023-12-29 4:45,20.01011
2023-12-29 5:00,20.59435
2023-12-29 5:15,20.28988
2023-12-29 5:30,19.9455
2023-12-29 5:45,19.74151
2023-12-29 6:00,20.97981
2023-12-29 6:15,21.44017
2023-12-29 6:30,21.30025
2023-12-29 6:45,20.26875
2023-12-29 7:00,21.09786
2023-12-29 7:15,21.27116
2023-12-29 7:30,17.09963
2023-12-29 7:45,30.32841
2023-12-29 8:00,22.44044
2023-12-29 8:15,33.59578
2023-12-29 8:30,39.5021
2023-12-29 8:45,48.69922
2023-12-29 9:00,42.73152
2023-12-29 9:15,47.95093
2023-12-29 9:30,54.14722
2023-12-29 9:45,54.32067
2023-12-29 10:00,51.24062
2023-12-29 10:15,54.81349
2023-12-29 10:30,54.9387
2023-12-29 10:45,54.95521
2023-12-29 11:00,55.09633
2023-12-29 11:15,54.3396
2023-12-29 11:30,54.39073
2023-12-29 11:45,49.61609
2023-12-29 12:00,49.73783
2023-12-29 12:15,48.67154
2023-12-29 12:30,48.3093
2023-12-29 12:45,48.20509
2023-12-29 13:00,48.17775
2023-12-29 13:15,47.92908
2023-12-29 13:30,48.3869
2023-12-29 13:45,47.84852
2023-12-29 14:00,50.30831
2023-12-29 14:15,51.289
2023-12-29 14:30,49.14826
2023-12-29 14:45,47.98639
2023-12-29 15:00,48.12696
2023-12-29 15:15,47.398
2023-12-29 15:30,42.23586
2023-12-29 15:45,39.26979
2023-12-29 16:00,46.15787
2023-12-29 16:15,39.36192
2023-12-29 16:30,39.26188
2023-12-29 16:45,38.95667
2023-12-29 17:00,43.94242
2023-12-29 17:15,39.68182
2023-12-29 17:30,39.56352
2023-12-29 17:45,39.29526
2023-12-29 18:00,39.40317
2023-12-29 18:15,39.22776
2023-12-29 18:30,39.25952
2023-12-29 18:45,39.2
2023-12-29 19:00,38.57527
2023-12-29 19:15,37.93494
2023-12-29 19:30,38.07402
2023-12-29 19:45,38.09904
2023-12-29 20:00,38.38319
2023-12-29 20:15,38.27914
2023-12-29 20:30,38.15781
2023-12-29 20:45,37.8054
2023-12-29 21:00,37.45608
2023-12-29 21:15,38.07471
2023-12-29 21:30,38.74933
2023-12-29 21:45,39.43873
2023-12-29 22:00,39.36916
2023-12-29 22:15,40.40999
2023-12-29 22:30,44.33538
2023-12-29 22:45,44.50888
2023-12-29 23:00,40.16649
2023-12-29 23:15,44.18659
2023-12-29 23:30,45.27406
2023-12-29 23:45,45.93509
2023-12-30 0:00,45.08446
2023-12-30 0:15,47.2224
2023-12-30 0:30,40.80292
2023-12-30 0:45,40.2107
2023-12-30 1:00,40.20436
2023-12-30 1:15,38.24721
2023-12-30 1:30,39.30977
2023-12-30 1:45,36.01364
2023-12-30 2:00,39.49918
2023-12-30 2:15,36.94888
2023-12-30 2:30,35.85712
2023-12-30 2:45,36.98089
2023-12-30 3:00,37.45954
2023-12-30 3:15,36.2142
2023-12-30 3:30,37.36091
2023-12-30 3:45,34.3174
2023-12-30 4:00,35.08592
2023-12-30 4:15,36.25056
2023-12-30 4:30,35.14151
2023-12-30 4:45,29.46881
2023-12-30 5:00,33.46372
2023-12-30 5:15,33.24902
2023-12-30 5:30,33.21923
2023-12-30 5:45,33.04555
2023-12-30 6:00,33.26731
2023-12-30 6:15,34.04246
2023-12-30 6:30,34.40732
2023-12-30 6:45,34.27001
2023-12-30 7:00,34.50318
2023-12-30 7:15,36.87391
2023-12-30 7:30,36.19543
2023-12-30 7:45,38.47809
2023-12-30 8:00,37.99788
2023-12-30 8:15,43.34208
2023-12-30 8:30,50.89155
2023-12-30 8:45,55.39322
2023-12-30 9:00,47.00367
2023-12-30 9:15,50.45387
2023-12-30 9:30,53.23118
2023-12-30 9:45,57.5288
2023-12-30 10:00,54.24391
2023-12-30 10:15,55.18546
2023-12-30 10:30,54.71127
2023-12-30 10:45,53.28696
2023-12-30 11:00,55.27976
2023-12-30 11:15,53.71311
2023-12-30 11:30,53.75695
2023-12-30 11:45,56.26836
2023-12-30 12:00,54.65512
2023-12-30 12:15,53.74999
2023-12-30 12:30,53.54643
2023-12-30 12:45,53.57139
2023-12-30 13:00,54.11812
2023-12-30 13:15,53.9878
2023-12-30 13:30,52.7476
2023-12-30 13:45,53.37153
2023-12-30 14:00,52.93293
2023-12-30 14:15,52.96828
2023-12-30 14:30,53.14283
2023-12-30 14:45,53.4033
2023-12-30 15:00,53.94095
2023-12-30 15:15,54.33214
2023-12-30 15:30,52.62928
2023-12-30 15:45,49.2662
2023-12-30 16:00,52.94533
2023-12-30 16:15,50.55065
2023-12-30 16:30,50.25371
2023-12-30 16:45,47.31663
2023-12-30 17:00,50.44104
2023-12-30 17:15,47.37952
2023-12-30 17:30,41.83592
2023-12-30 17:45,42.00038
2023-12-30 18:00,47.29005
2023-12-30 18:15,43.7697
2023-12-30 18:30,41.0554
2023-12-30 18:45,40.83635
2023-12-30 19:00,40.42033
2023-12-30 19:15,40.4429
2023-12-30 19:30,38.8849
2023-12-30 19:45,38.84746
2023-12-30 20:00,40.16413
2023-12-30 20:15,38.9294
2023-12-30 20:30,38.95258
2023-12-30 20:45,38.98013
2023-12-30 21:00,38.30346
2023-12-30 21:15,38.31987
2023-12-30 21:30,40.47688
2023-12-30 21:45,40.3926
2023-12-30 22:00,40.53392
2023-12-30 22:15,40.55887
2023-12-30 22:30,41.83957
2023-12-30 22:45,40.61576
2023-12-30 23:00,37.90145
2023-12-30 23:15,37.90586
2023-12-30 23:30,38.05239
2023-12-30 23:45,38.79769
2023-12-31 0:00,40.33442
2023-12-31 0:15,37.63345
2023-12-31 0:30,35.88995
2023-12-31 0:45,33.53065
2023-12-31 1:00,37.29943
2023-12-31 1:15,36.68998
2023-12-31 1:30,34.02388
2023-12-31 1:45,33.16128
2023-12-31 2:00,35.10766
2023-12-31 2:15,33.85285
2023-12-31 2:30,33.26666
2023-12-31 2:45,34.93676
2023-12-31 3:00,34.81182
2023-12-31 3:15,42.46632
2023-12-31 3:30,30.71447
2023-12-31 3:45,26.08663
2023-12-31 4:00,28.52269
2023-12-31 4:15,25.63377
2023-12-31 4:30,22.90086
2023-12-31 4:45,21.54139
2023-12-31 5:00,23.70341
2023-12-31 5:15,14.57781
2023-12-31 5:30,7.71474
2023-12-31 5:45,6.19938
2023-12-31 6:00,7.57464
2023-12-31 6:15,12.06884
2023-12-31 6:30,10.85396
2023-12-31 6:45,15.06371
2023-12-31 7:00,17.28365
2023-12-31 7:15,17.3303
2023-12-31 7:30,19.09752
2023-12-31 7:45,19.90859
2023-12-31 8:00,18.85189
2023-12-31 8:15,31.90286
2023-12-31 8:30,38.19747
2023-12-31 8:45,48.15622
2023-12-31 9:00,38.78864
2023-12-31 9:15,42.85881
2023-12-31 9:30,49.04289
2023-12-31 9:45,53.69514
2023-12-31 10:00,49.25005
2023-12-31 10:15,49.6533
2023-12-31 10:30,49.62755
2023-12-31 10:45,49.93993
2023-12-31 11:00,49.24539
2023-12-31 11:15,48.1986
2023-12-31 11:30,47.44965
2023-12-31 11:45,47.527
2023-12-31 12:00,46.23348
2023-12-31 12:15,42.55356
2023-12-31 12:30,40.84834
2023-12-31 12:45,40.83977
2023-12-31 13:00,38.60723
2023-12-31 13:15,37.54555
2023-12-31 13:30,37.40625
2023-12-31 13:45,36.75098
2023-12-31 14:00,38.68554
2023-12-31 14:15,38.17433
2023-12-31 14:30,38.47191
2023-12-31 14:45,38.00903
2023-12-31 15:00,41.04431
2023-12-31 15:15,40.19839
2023-12-31 15:30,37.66398
2023-12-31 15:45,36.74584
2023-12-31 16:00,37.60216
2023-12-31 16:15,37.28643
2023-12-31 16:30,36.49047
2023-12-31 16:45,36.06616
2023-12-31 17:00,37.7519
2023-12-31 17:15,36.04043
2023-12-31 17:30,37.24324
2023-12-31 17:45,37.21655
2023-12-31 18:00,37.64696
2023-12-31 18:15,37.08574
2023-12-31 18:30,36.99154
2023-12-31 18:45,37.10104
2023-12-31 19:00,37.17072
2023-12-31 19:15,37.19651
2023-12-31 19:30,37.22655
2023-12-31 19:45,37.32246
2023-12-31 20:00,39.01263
2023-12-31 20:15,39.21151
2023-12-31 20:30,39.04041
2023-12-31 20:45,38.77656
2023-12-31 21:00,39.5374
2023-12-31 21:15,39.91078
2023-12-31 21:30,40.55893
2023-12-31 21:45,41.85913
2023-12-31 22:00,40.82705
2023-12-31 22:15,40.92398
2023-12-31 22:30,41.69385
2023-12-31 22:45,42.52353
2023-12-31 23:00,41.44705
2023-12-31 23:15,41.31102
2023-12-31 23:30,41.7552
2023-12-31 23:45,41.44042
2024-01-01 0:00,41.22943
2024-01-01 0:15,39.58619
2024-01-01 0:30,36.89127
2024-01-01 0:45,35.51543
2024-01-01 1:00,36.06507
2024-01-01 1:15,33.47893
2024-01-01 1:30,31.36817
2024-01-01 1:45,32.06742
2024-01-01 2:00,33.33755
2024-01-01 2:15,35.13945
2024-01-01 2:30,33.77616
2024-01-01 2:45,35.14511
2024-01-01 3:00,36.09277
2024-01-01 3:15,35.48913
2024-01-01 3:30,35.47412
2024-01-01 3:45,34.95954
2024-01-01 4:00,35.06888
2024-01-01 4:15,35.1424
2024-01-01 4:30,34.92008
2024-01-01 4:45,34.57978
2024-01-01 5:00,35.71778
2024-01-01 5:15,35.80367
2024-01-01 5:30,35.82609
2024-01-01 5:45,35.50483
2024-01-01 6:00,34.88413
2024-01-01 6:15,35.85558
2024-01-01 6:30,35.89214
2024-01-01 6:45,35.90774
2024-01-01 7:00,38.12909
2024-01-01 7:15,43.34353
2024-01-01 7:30,45.16173
2024-01-01 7:45,47.96884
2024-01-01 8:00,42.50879
2024-01-01 8:15,47.25037
2024-01-01 8:30,53.32707
2024-01-01 8:45,59.5348
2024-01-01 9:00,45.31908
2024-01-01 9:15,46.85817
2024-01-01 9:30,52.0928
2024-01-01 9:45,52.06513
2024-01-01 10:00,50.08475
2024-01-01 10:15,51.41486
2024-01-01 10:30,52.05679
2024-01-01 10:45,51.98868
2024-01-01 11:00,51.88432
2024-01-01 11:15,53.85609
2024-01-01 11:30,51.89798
2024-01-01 11:45,50.9494
2024-01-01 12:00,51.68383
2024-01-01 12:15,50.94926
2024-01-01 12:30,48.66134
2024-01-01 12:45,45.72051
2024-01-01 13:00,44.32182
2024-01-01 13:15,43.22863
2024-01-01 13:30,44.6434
2024-01-01 13:45,41.70418
2024-01-01 14:00,44.34245
2024-01-01 14:15,44.20437
2024-01-01 14:30,42.17071
2024-01-01 14:45,39.54272
2024-01-01 15:00,43.61013
2024-01-01 15:15,40.9453
2024-01-01 15:30,40.92644
2024-01-01 15:45,39.25057
2024-01-01 16:00,42.06483
2024-01-01 16:15,40.18008
2024-01-01 16:30,42.17669
2024-01-01 16:45,39.15028
2024-01-01 17:00,45.37083
2024-01-01 17:15,44.33144
2024-01-01 17:30,45.07513
2024-01-01 17:45,45.37412
2024-01-01 18:00,45.09544
2024-01-01 18:15,44.89436
2024-01-01 18:30,44.86722
2024-01-01 18:45,45.31333
2024-01-01 19:00,46.33998
2024-01-01 19:15,45.92875
2024-01-01 19:30,46.00322
2024-01-01 19:45,46.03185
2024-01-01 20:00,46.25627
2024-01-01 20:15,45.99391
2024-01-01 20:30,46.13634
2024-01-01 20:45,45.74086
2024-01-01 21:00,45.6815
2024-01-01 21:15,46.05708
2024-01-01 21:30,45.94341
2024-01-01 21:45,46.55018
2024-01-01 22:00,40.49271
2024-01-01 22:15,41.54978
2024-01-01 22:30,45.94269
2024-01-01 22:45,46.46083
2024-01-01 23:00,46.78853
2024-01-01 23:15,46.98239
2024-01-01 23:30,47.64896
2024-01-01 23:45,46.47079
2024-01-02 0:00,46.72395
2024-01-02 0:15,44.56015
2024-01-02 0:30,40.27122
2024-01-02 0:45,37.47548
2024-01-02 1:00,39.2001
2024-01-02 1:15,37.71448
2024-01-02 1:30,31.28051
2024-01-02 1:45,29.58145
2024-01-02 2:00,35.15759
2024-01-02 2:15,32.88444
2024-01-02 2:30,28.6389
2024-01-02 2:45,27.57343
2024-01-02 3:00,28.36927
2024-01-02 3:15,26.87738
2024-01-02 3:30,26.43285
2024-01-02 3:45,23.76063
2024-01-02 4:00,24.38663
2024-01-02 4:15,20.92892
2024-01-02 4:30,18.87048
2024-01-02 4:45,15.18006
2024-01-02 5:00,18.5828
2024-01-02 5:15,18.51596
2024-01-02 5:30,6.21915
2024-01-02 5:45,4.68997
2024-01-02 6:00,6.68964
2024-01-02 6:15,8.89155
2024-01-02 6:30,11.64458
2024-01-02 6:45,13.08857
2024-01-02 7:00,5.43018
2024-01-02 7:15,3.92073
2024-01-02 7:30,10.36959
2024-01-02 7:45,20.97949
2024-01-02 8:00,14.04083
2024-01-02 8:15,36.02247
2024-01-02 8:30,43.30718
2024-01-02 8:45,51.28154
2024-01-02 9:00,36.50432
2024-01-02 9:15,40.29901
2024-01-02 9:30,46.9872
2024-01-02 9:45,52.93947
2024-01-02 10:00,50.95597
2024-01-02 10:15,51.34197
2024-01-02 10:30,51.82756
2024-01-02 10:45,51.87115
2024-01-02 11:00,51.51419
2024-01-02 11:15,50.95106
2024-01-02 11:30,51.89426
2024-01-02 11:45,51.64303
2024-01-02 12:00,51.11349
2024-01-02 12:15,50.95056
2024-01-02 12:30,50.81658
2024-01-02 12:45,50.59314
2024-01-02 13:00,48.31775
2024-01-02 13:15,47.93952
2024-01-02 13:30,47.5373
2024-01-02 13:45,45.23257
2024-01-02 14:00,47.24152
2024-01-02 14:15,47.28318
2024-01-02 14:30,45.0183
2024-01-02 14:45,44.81776
2024-01-02 15:00,47.76769
2024-01-02 15:15,45.82259
2024-01-02 15:30,41.98163
2024-01-02 15:45,40.06037
2024-01-02 16:00,42.77132
2024-01-02 16:15,40.20346
2024-01-02 16:30,39.08166
2024-01-02 16:45,38.10028
2024-01-02 17:00,47.45377
2024-01-02 17:15,44.10146
2024-01-02 17:30,44.22295
2024-01-02 17:45,43.79112
2024-01-02 18:00,47.62437
2024-01-02 18:15,44.0605
2024-01-02 18:30,43.78226
2024-01-02 18:45,42.68223
2024-01-02 19:00,43.24312
2024-01-02 19:15,42.82953
2024-01-02 19:30,42.42417
2024-01-02 19:45,42.69085
2024-01-02 20:00,42.61151
2024-01-02 20:15,44.01823
2024-01-02 20:30,44.03164
2024-01-02 20:45,45.53815
2024-01-02 21:00,43.66731
2024-01-02 21:15,44.94636
2024-01-02 21:30,48.72036
2024-01-02 21:45,49.76313
2024-01-02 22:00,42.75146
2024-01-02 22:15,45.43472
2024-01-02 22:30,49.42632
2024-01-02 22:45,51.76
2024-01-02 23:00,48.19143
2024-01-02 23:15,50.3295
2024-01-02 23:30,57.13277
2024-01-02 23:45,56.27501
2024-01-03 0:00,55.61764
2024-01-03 0:15,51.25618
2024-01-03 0:30,46.99561
2024-01-03 0:45,41.52929
2024-01-03 1:00,47.53528
2024-01-03 1:15,40.54048
2024-01-03 1:30,32.9176
2024-01-03 1:45,27.2495
2024-01-03 2:00,32.68946
2024-01-03 2:15,29.28133
2024-01-03 2:30,26.63561
2024-01-03 2:45,25.61732
2024-01-03 3:00,27.34183
2024-01-03 3:15,27.7922
2024-01-03 3:30,26.33845
2024-01-03 3:45,23.91732
2024-01-03 4:00,24.84851
2024-01-03 4:15,25.15472
2024-01-03 4:30,22.52877
2024-01-03 4:45,20.99932
2024-01-03 5:00,23.24533
2024-01-03 5:15,22.75408
2024-01-03 5:30,21.81407
2024-01-03 5:45,21.41546
2024-01-03 6:00,22.8106
2024-01-03 6:15,23.34998
2024-01-03 6:30,23.38822
2024-01-03 6:45,23.87011
2024-01-03 7:00,25.1636
2024-01-03 7:15,26.80758
2024-01-03 7:30,30.504
2024-01-03 7:45,36.02821
2024-01-03 8:00,36.22952
2024-01-03 8:15,44.51539
2024-01-03 8:30,54.38888
2024-01-03 8:45,61.30049
2024-01-03 9:00,45.57164
2024-01-03 9:15,46.76667
2024-01-03 9:30,56.8692
2024-01-03 9:45,59.14145
2024-01-03 10:00,58.52419
2024-01-03 10:15,59.76194
2024-01-03 10:30,68.5278
2024-01-03 10:45,70.5957
2024-01-03 11:00,67.98532
2024-01-03 11:15,67.87875
2024-01-03 11:30,70.11022
2024-01-03 11:45,69.09457
2024-01-03 12:00,70.36592
2024-01-03 12:15,69.99268
2024-01-03 12:30,63.94801
2024-01-03 12:45,62.49396
2024-01-03 13:00,64.01205
2024-01-03 13:15,61.98846
2024-01-03 13:30,64.73558
2024-01-03 13:45,64.96328
2024-01-03 14:00,67.19644
2024-01-03 14:15,68.03437
2024-01-03 14:30,64.79513
2024-01-03 14:45,65.04699
2024-01-03 15:00,79.6761
2024-01-03 15:15,78.72329
2024-01-03 15:30,63.33915
2024-01-03 15:45,60.06028
2024-01-03 16:00,68.2034
2024-01-03 16:15,63.92123
2024-01-03 16:30,59.05046
2024-01-03 16:45,54.44803
2024-01-03 17:00,66.73794
2024-01-03 17:15,64.25404
2024-01-03 17:30,64.14263
2024-01-03 17:45,60.938
2024-01-03 18:00,60.70489
2024-01-03 18:15,51.0488
2024-01-03 18:30,49.9988
2024-01-03 18:45,49.57055
2024-01-03 19:00,49.9988
2024-01-03 19:15,49.9988
2024-01-03 19:30,50.87865
2024-01-03 19:45,49.87027
2024-01-03 20:00,49.9988
2024-01-03 20:15,49.9988
2024-01-03 20:30,49.9988
2024-01-03 20:45,51.33869
2024-01-03 21:00,44.75993
2024-01-03 21:15,44.98283
2024-01-03 21:30,50.079
2024-01-03 21:45,52.3218
2024-01-03 22:00,49.9988
2024-01-03 22:15,49.9988
2024-01-03 22:30,65
2024-01-03 22:45,67.80289
2024-01-03 23:00,55.65104
2024-01-03 23:15,58.45728
2024-01-03 23:30,70.001
2024-01-03 23:45,63.12632
2024-01-04 0:00,59.12698
2024-01-04 0:15,56.42192
2024-01-04 0:30,47.87686
2024-01-04 0:45,44.83993
2024-01-04 1:00,46.71656
2024-01-04 1:15,46.12101
2024-01-04 1:30,45.05709
2024-01-04 1:45,42.47474
2024-01-04 2:00,43.22038
2024-01-04 2:15,39.43723
2024-01-04 2:30,38.33048
2024-01-04 2:45,36.16193
2024-01-04 3:00,56.77813
2024-01-04 3:15,48.77204
2024-01-04 3:30,50.56366
2024-01-04 3:45,47.05423
2024-01-04 4:00,49.86294
2024-01-04 4:15,45.78007
2024-01-04 4:30,42.29316
2024-01-04 4:45,44.77038
2024-01-04 5:00,40.11142
2024-01-04 5:15,42.30518
2024-01-04 5:30,34.15626
2024-01-04 5:45,43.92535
2024-01-04 6:00,36.53545
2024-01-04 6:15,37.99468
2024-01-04 6:30,38.56835
2024-01-04 6:45,42.85898
2024-01-04 7:00,36.41999
2024-01-04 7:15,46.21912
2024-01-04 7:30,47.53071
2024-01-04 7:45,56.0852
2024-01-04 8:00,54.93889
2024-01-04 8:15,64.0496
2024-01-04 8:30,66.76264
2024-01-04 8:45,70.45628
2024-01-04 9:00,58.41106
2024-01-04 9:15,60.22723
2024-01-04 9:30,72.58807
2024-01-04 9:45,73.71415
2024-01-04 10:00,72.26368
2024-01-04 10:15,74.03321
2024-01-04 10:30,76.84365
2024-01-04 10:45,76.4094
2024-01-04 11:00,74.42645
2024-01-04 11:15,74.40154
2024-01-04 11:30,76.32893
2024-01-04 11:45,75.45591
2024-01-04 12:00,73.75782
2024-01-04 12:15,77.62856
2024-01-04 12:30,76.35339
2024-01-04 12:45,75.86671
2024-01-04 13:00,78.61478
2024-01-04 13:15,78.01924
2024-01-04 13:30,75.99009
2024-01-04 13:45,72.06558
2024-01-04 14:00,72.65415
2024-01-04 14:15,74.61006
2024-01-04 14:30,67.9755
2024-01-04 14:45,64.45871
2024-01-04 15:00,70.50844
2024-01-04 15:15,64.33481
2024-01-04 15:30,60.63119
2024-01-04 15:45,48.44454
2024-01-04 16:00,56.22707
2024-01-04 16:15,52.68475
2024-01-04 16:30,47.53025
2024-01-04 16:45,43.81505
2024-01-04 17:00,55.6487
2024-01-04 17:15,52.02152
2024-01-04 17:30,52.02585
2024-01-04 17:45,50.19432
2024-01-04 18:00,51.75398
2024-01-04 18:15,50.80787
2024-01-04 18:30,49.29774
2024-01-04 18:45,45.96706
2024-01-04 19:00,47.63375
2024-01-04 19:15,46.97279
2024-01-04 19:30,46.95364
2024-01-04 19:45,46.91526
2024-01-04 20:00,46.08528
2024-01-04 20:15,46.2667
2024-01-04 20:30,46.69523
2024-01-04 20:45,46.96317
2024-01-04 21:00,46.26094
2024-01-04 21:15,47.88175
2024-01-04 21:30,52.29218
2024-01-04 21:45,54.5586
2024-01-04 22:00,50.96506
2024-01-04 22:15,56.29342
2024-01-04 22:30,63.46431
2024-01-04 22:45,69.18164
2024-01-04 23:00,60.99551
2024-01-04 23:15,67.07848
2024-01-04 23:30,71.61021
2024-01-04 23:45,72.12474
2024-01-05 0:00,71.53142
2024-01-05 0:15,66.98067
2024-01-05 0:30,56.67552
2024-01-05 0:45,47.19177
2024-01-05 1:00,58.43114
2024-01-05 1:15,49.68971
2024-01-05 1:30,40.40612
2024-01-05 1:45,29.68594
2024-01-05 2:00,41.36616
2024-01-05 2:15,40.23347
2024-01-05 2:30,30.71543
2024-01-05 2:45,33.71166
2024-01-05 3:00,42.15059
2024-01-05 3:15,42.40309
2024-01-05 3:30,42.89723
2024-01-05 3:45,43.34843
2024-01-05 4:00,42.85972
2024-01-05 4:15,43.38455
2024-01-05 4:30,43.2192
2024-01-05 4:45,43.05548
2024-01-05 5:00,42.56444
2024-01-05 5:15,39.62567
2024-01-05 5:30,37.00376
2024-01-05 5:45,35.16814
2024-01-05 6:00,35.64172
2024-01-05 6:15,34.29551
2024-01-05 6:30,36.3439
2024-01-05 6:45,36.92491
2024-01-05 7:00,36.77547
2024-01-05 7:15,40.25361
2024-01-05 7:30,41.67863
2024-01-05 7:45,45.01317
2024-01-05 8:00,37.21044
2024-01-05 8:15,45.15993
2024-01-05 8:30,56.58171
2024-01-05 8:45,66.70822
2024-01-05 9:00,54.2462
2024-01-05 9:15,56.71738
2024-01-05 9:30,64.42346
2024-01-05 9:45,72.01604
2024-01-05 10:00,63.66302
2024-01-05 10:15,65.85211
2024-01-05 10:30,67.3601
2024-01-05 10:45,68.31708
2024-01-05 11:00,64.28406
2024-01-05 11:15,63.70143
2024-01-05 11:30,63.1884
2024-01-05 11:45,64.08629
2024-01-05 12:00,64.23313
2024-01-05 12:15,64.66746
2024-01-05 12:30,63.97336
2024-01-05 12:45,64.9112
2024-01-05 13:00,65.58125
2024-01-05 13:15,64.69598
2024-01-05 13:30,65.45132
2024-01-05 13:45,66.88317
2024-01-05 14:00,64.29535
2024-01-05 14:15,62.88295
2024-01-05 14:30,58.40315
2024-01-05 14:45,53.66219
2024-01-05 15:00,62.03433
2024-01-05 15:15,57.95168
2024-01-05 15:30,54.19425
2024-01-05 15:45,51.65587
2024-01-05 16:00,54.40367
2024-01-05 16:15,51.40166
2024-01-05 16:30,50.20506
2024-01-05 16:45,47.71265
2024-01-05 17:00,55.76078
2024-01-05 17:15,54.04217
2024-01-05 17:30,52.63
2024-01-05 17:45,50.68987
2024-01-05 18:00,53.2003
2024-01-05 18:15,51.86864
2024-01-05 18:30,51.92828
2024-01-05 18:45,51.90991
2024-01-05 19:00,51.99444
2024-01-05 19:15,51.9215
2024-01-05 19:30,51.80243
2024-01-05 19:45,51.86349
2024-01-05 20:00,52.50993
2024-01-05 20:15,53.27146
2024-01-05 20:30,53.68516
2024-01-05 20:45,56.06651
2024-01-05 21:00,52.58569
2024-01-05 21:15,53.23039
2024-01-05 21:30,53.38583
2024-01-05 21:45,56.70585
2024-01-05 22:00,53.58119
2024-01-05 22:15,56.01152
2024-01-05 22:30,64.03839
2024-01-05 22:45,65.06665
2024-01-05 23:00,53.82021
2024-01-05 23:15,58.80693
2024-01-05 23:30,66.00346
2024-01-05 23:45,66.52376
2024-01-06 0:00,67.21426
2024-01-06 0:15,66.45512
2024-01-06 0:30,60.17289
2024-01-06 0:45,55.3763
2024-01-06 1:00,61.73562
2024-01-06 1:15,57.24241
2024-01-06 1:30,56.94715
2024-01-06 1:45,55.81009
2024-01-06 2:00,73.41156
2024-01-06 2:15,61.3153
2024-01-06 2:30,56.60906
2024-01-06 2:45,56.668
2024-01-06 3:00,62.17462
2024-01-06 3:15,57.37462
2024-01-06 3:30,56.41334
2024-01-06 3:45,55.91213
2024-01-06 4:00,55.92391
2024-01-06 4:15,52.81055
2024-01-06 4:30,51.72614
2024-01-06 4:45,50.32623
2024-01-06 5:00,51.23699
2024-01-06 5:15,50.39032
2024-01-06 5:30,47.32656
2024-01-06 5:45,44.86117
2024-01-06 6:00,44.93179
2024-01-06 6:15,43.57559
2024-01-06 6:30,42.72461
2024-01-06 6:45,37.39163
2024-01-06 7:00,33.99272
2024-01-06 7:15,35.46749
2024-01-06 7:30,33.58686
2024-01-06 7:45,36.79377
2024-01-06 8:00,39.19695
2024-01-06 8:15,48.20284
2024-01-06 8:30,54.4413
2024-01-06 8:45,65.17788
2024-01-06 9:00,49.30131
2024-01-06 9:15,52.96453
2024-01-06 9:30,60.55613
2024-01-06 9:45,67.17453
2024-01-06 10:00,62.81593
2024-01-06 10:15,67.54537
2024-01-06 10:30,70.05684
2024-01-06 10:45,69.75655
2024-01-06 11:00,66.4899
2024-01-06 11:15,62.6074
2024-01-06 11:30,62.06182
2024-01-06 11:45,62.48029
2024-01-06 12:00,66.0788
2024-01-06 12:15,65.59129
2024-01-06 12:30,64.00716
2024-01-06 12:45,61.1547
2024-01-06 13:00,60.18363
2024-01-06 13:15,60.86827
2024-01-06 13:30,59.17652
2024-01-06 13:45,58.99361
2024-01-06 14:00,67.23
2024-01-06 14:15,66.9988
2024-01-06 14:30,65.1
2024-01-06 14:45,65.2
2024-01-06 15:00,68.1
2024-01-06 15:15,66.9988
2024-01-06 15:30,65.1
2024-01-06 15:45,60.84
2024-01-06 16:00,65.15
2024-01-06 16:15,65
2024-01-06 16:30,61.9976
2024-01-06 16:45,60.67
2024-01-06 17:00,67.97
2024-01-06 17:15,63.9988
2024-01-06 17:30,64.2288
2024-01-06 17:45,63.93655
2024-01-06 18:00,60
2024-01-06 18:15,67.3
2024-01-06 18:30,64.05384
2024-01-06 18:45,65.48499
2024-01-06 19:00,60.9997
2024-01-06 19:15,59.11976
2024-01-06 19:30,64.83299
2024-01-06 19:45,61.12393
2024-01-06 20:00,58.21
2024-01-06 20:15,58.68949
2024-01-06 20:30,61.70973
2024-01-06 20:45,60.77729
2024-01-06 21:00,61.2897
2024-01-06 21:15,58.37623
2024-01-06 21:30,61.94774
2024-01-06 21:45,62.69014
2024-01-06 22:00,66.5735
2024-01-06 22:15,70.56291
2024-01-06 22:30,68.65731
2024-01-06 22:45,68.2232
2024-01-06 23:00,67.96387
2024-01-06 23:15,72.61586
2024-01-06 23:30,75.74746
2024-01-06 23:45,77.23852
2024-01-07 0:00,74.97111
2024-01-07 0:15,72.54413
2024-01-07 0:30,63.76172
2024-01-07 0:45,56.15834
2024-01-07 1:00,57.38745
2024-01-07 1:15,54.48825
2024-01-07 1:30,49.97364
2024-01-07 1:45,38.88027
2024-01-07 2:00,40.5484
2024-01-07 2:15,39.52743
2024-01-07 2:30,38.52647
2024-01-07 2:45,30.39995
2024-01-07 3:00,37.79216
2024-01-07 3:15,37.4612
2024-01-07 3:30,36.93449
2024-01-07 3:45,35.48855
2024-01-07 4:00,34.97328
2024-01-07 4:15,32.42871
2024-01-07 4:30,33.38959
2024-01-07 4:45,30.64087
2024-01-07 5:00,32.42604
2024-01-07 5:15,32.45179
2024-01-07 5:30,31.65211
2024-01-07 5:45,31.53791
2024-01-07 6:00,33.52945
2024-01-07 6:15,30.17753
2024-01-07 6:30,34.29848
2024-01-07 6:45,31.45242
2024-01-07 7:00,35.75163
2024-01-07 7:15,40.7433
2024-01-07 7:30,44.73265
2024-01-07 7:45,53.84203
2024-01-07 8:00,49.22125
2024-01-07 8:15,59.99665
2024-01-07 8:30,70
2024-01-07 8:45,77
2024-01-07 9:00,67.0912
2024-01-07 9:15,64.73
2024-01-07 9:30,70.51
2024-01-07 9:45,75.07
2024-01-07 10:00,72.64
2024-01-07 10:15,69.93
2024-01-07 10:30,70.0036
2024-01-07 10:45,69.6388
2024-01-07 11:00,69.2576
2024-01-07 11:15,68.33
2024-01-07 11:30,68.34
2024-01-07 11:45,67.3924
2024-01-07 12:00,67.59
2024-01-07 12:15,68.36
2024-01-07 12:30,68.57
2024-01-07 12:45,69.6012
2024-01-07 13:00,69.02952
2024-01-07 13:15,68.8412
2024-01-07 13:30,67.61
2024-01-07 13:45,66.83979
2024-01-07 14:00,69.02952
2024-01-07 14:15,69.2588
2024-01-07 14:30,69.2576
2024-01-07 14:45,68.3176
2024-01-07 15:00,68.9988
2024-01-07 15:15,60
2024-01-07 15:30,58.13056
2024-01-07 15:45,58
2024-01-07 16:00,58.21
2024-01-07 16:15,58.13056
2024-01-07 16:30,57.6088
2024-01-07 16:45,56.44
2024-01-07 17:00,58.12067
2024-01-07 17:15,58.5288
2024-01-07 17:30,59.27
2024-01-07 17:45,59.58738
2024-01-07 18:00,58.743
2024-01-07 18:15,57.11725
2024-01-07 18:30,57.6276
2024-01-07 18:45,57.23663
2024-01-07 19:00,58.36828
2024-01-07 19:15,57.95317
2024-01-07 19:30,57.11147
2024-01-07 19:45,57.6088
2024-01-07 20:00,56.71
2024-01-07 20:15,56.55
2024-01-07 20:30,56.71
2024-01-07 20:45,56.87634
2024-01-07 21:00,57.97941
2024-01-07 21:15,56.8339
2024-01-07 21:30,58.58043
2024-01-07 21:45,60.12813
2024-01-07 22:00,57.95983
2024-01-07 22:15,58.96495
2024-01-07 22:30,60.87109
2024-01-07 22:45,64.67824
2024-01-07 23:00,59.09775
2024-01-07 23:15,60.89016
2024-01-07 23:30,66.59454
2024-01-07 23:45,68.20437
2024-01-08 0:00,60.67408
2024-01-08 0:15,57.88264
2024-01-08 0:30,54.69752
2024-01-08 0:45,44.79097
2024-01-08 1:00,66.58303
2024-01-08 1:15,63.93004
2024-01-08 1:30,46.53081
2024-01-08 1:45,29.57847
2024-01-08 2:00,29.42824
2024-01-08 2:15,29.39261
2024-01-08 2:30,28.52325
2024-01-08 2:45,25.10543
2024-01-08 3:00,27.71089
2024-01-08 3:15,26.99794
2024-01-08 3:30,24.4516
2024-01-08 3:45,15.54142
2024-01-08 4:00,18.35779
2024-01-08 4:15,18.10756
2024-01-08 4:30,17.8303
2024-01-08 4:45,18.98782
2024-01-08 5:00,19.23034
2024-01-08 5:15,18.57039
2024-01-08 5:30,14.57478
2024-01-08 5:45,3.74533
2024-01-08 6:00,2.52916
2024-01-08 6:15,-5.5621
2024-01-08 6:30,-7.74948
2024-01-08 6:45,-6.05578
2024-01-08 7:00,-3.79059
2024-01-08 7:15,4.74268
2024-01-08 7:30,5.33139
2024-01-08 7:45,3.57344
2024-01-08 8:00,-2.88859
2024-01-08 8:15,30.69483
2024-01-08 8:30,56.9988
2024-01-08 8:45,70.5288
2024-01-08 9:00,54.9988
2024-01-08 9:15,59.57
2024-01-08 9:30,75.07
2024-01-08 9:45,80.15389
2024-01-08 10:00,75.54
2024-01-08 10:15,81
2024-01-08 10:30,85.5
2024-01-08 10:45,88.06702
2024-01-08 11:00,81.01
2024-01-08 11:15,78.3
2024-01-08 11:30,76.47
2024-01-08 11:45,78.37699
2024-01-08 12:00,76.49
2024-01-08 12:15,77.88
2024-01-08 12:30,79.66106
2024-01-08 12:45,81.88565
2024-01-08 13:00,82.02
2024-01-08 13:15,84
2024-01-08 13:30,85
2024-01-08 13:45,83
2024-01-08 14:00,84
2024-01-08 14:15,83.62
2024-01-08 14:30,81
2024-01-08 14:45,77.20658
2024-01-08 15:00,86.4
2024-01-08 15:15,82.02
2024-01-08 15:30,77.88
2024-01-08 15:45,70.90021
2024-01-08 16:00,74.99
2024-01-08 16:15,75.5588
2024-01-08 16:30,68.58
2024-01-08 16:45,68.16
2024-01-08 17:00,86.08
2024-01-08 17:15,86.4
2024-01-08 17:30,90
2024-01-08 17:45,81.31477
2024-01-08 18:00,78.1988
2024-01-08 18:15,80.77665
2024-01-08 18:30,81.12681
2024-01-08 18:45,85.09996
2024-01-08 19:00,94.23
2024-01-08 19:15,108
2024-01-08 19:30,103.5512
2024-01-08 19:45,105.11155
2024-01-08 20:00,98.64878
2024-01-08 20:15,104.44784
2024-01-08 20:30,105.31059
2024-01-08 20:45,110.04163
2024-01-08 21:00,97.73183
2024-01-08 21:15,101.73643
2024-01-08 21:30,115.10778
2024-01-08 21:45,120.50798
2024-01-08 22:00,111.20942
2024-01-08 22:15,128.60263
2024-01-08 22:30,138.24808
2024-01-08 22:45,145.78516
2024-01-08 23:00,133.9074
2024-01-08 23:15,154.57301
2024-01-08 23:30,222.38646
2024-01-08 23:45,428.76672
2024-01-09 0:00,353.1567
2024-01-09 0:15,443.60107
2024-01-09 0:30,176.8708
2024-01-09 0:45,112.94299
2024-01-09 1:00,122.65335
2024-01-09 1:15,83.11217
2024-01-09 1:30,59.23545
2024-01-09 1:45,62.57254
2024-01-09 2:00,55.90827
2024-01-09 2:15,56.43487
2024-01-09 2:30,49.50946
2024-01-09 2:45,44.47882
2024-01-09 3:00,45.88391
2024-01-09 3:15,46.52124
2024-01-09 3:30,42.86594
2024-01-09 3:45,43.00065
2024-01-09 4:00,46.4991
2024-01-09 4:15,45.50689
2024-01-09 4:30,43.53976
2024-01-09 4:45,45.7552
2024-01-09 5:00,45.72344
2024-01-09 5:15,37.42216
2024-01-09 5:30,39.68144
2024-01-09 5:45,37.50905
2024-01-09 6:00,47.47185
2024-01-09 6:15,46.01857
2024-01-09 6:30,46.03037
2024-01-09 6:45,41.08167
2024-01-09 7:00,38.11326
2024-01-09 7:15,46.67363
2024-01-09 7:30,54.80533
2024-01-09 7:45,53.98786
2024-01-09 8:00,34.78232
2024-01-09 8:15,43.7001
2024-01-09 8:30,60.5993
2024-01-09 8:45,99.48123
2024-01-09 9:00,78.53561
2024-01-09 9:15,96.07993
2024-01-09 9:30,113.83293
2024-01-09 9:45,132.86522
2024-01-09 10:00,109.73019
2024-01-09 10:15,122.58581
2024-01-09 10:30,125.9777
2024-01-09 10:45,124.75661
2024-01-09 11:00,111.73652
2024-01-09 11:15,111.31426
2024-01-09 11:30,119.52911
2024-01-09 11:45,110.40266
2024-01-09 12:00,120.33873
2024-01-09 12:15,121.60306
2024-01-09 12:30,114.27347
2024-01-09 12:45,125.33966
2024-01-09 13:00,115.75317
2024-01-09 13:15,105.67707
2024-01-09 13:30,101.11855
2024-01-09 13:45,96.39206
2024-01-09 14:00,103.17673
2024-01-09 14:15,102.3316
2024-01-09 14:30,92.83267
2024-01-09 14:45,88.32831
2024-01-09 15:00,97.84768
2024-01-09 15:15,87.96186
2024-01-09 15:30,80.08226
2024-01-09 15:45,75.36914
2024-01-09 16:00,75.4107
2024-01-09 16:15,81.66286
2024-01-09 16:30,74.79133
2024-01-09 16:45,70.53203
2024-01-09 17:00,61.54409
2024-01-09 17:15,61.96205
2024-01-09 17:30,61.42892
2024-01-09 17:45,58.5688
2024-01-09 18:00,63.8512
2024-01-09 18:15,62.49794
2024-01-09 18:30,62.50235
2024-01-09 18:45,64
2024-01-09 19:00,61.16811
2024-01-09 19:15,61.9
2024-01-09 19:30,61.2328
2024-01-09 19:45,56.18127
2024-01-09 20:00,59.65833
2024-01-09 20:15,59.79393
2024-01-09 20:30,56.29888
2024-01-09 20:45,56.68399
2024-01-09 21:00,55.39861
2024-01-09 21:15,56.01835
2024-01-09 21:30,56.20667
2024-01-09 21:45,62.96774
2024-01-09 22:00,58.33167
2024-01-09 22:15,60.95226
2024-01-09 22:30,66.67987
2024-01-09 22:45,77.83
2024-01-09 23:00,63.2488
2024-01-09 23:15,70.0012
2024-01-09 23:30,75.1524
2024-01-09 23:45,78
2024-01-10 0:00,77.84
2024-01-10 0:15,77.9164
2024-01-10 0:30,60
2024-01-10 0:45,53.51137
2024-01-10 1:00,58.903
2024-01-10 1:15,54.58124
2024-01-10 1:30,29.69393
2024-01-10 1:45,30.2438
2024-01-10 2:00,31.51029
2024-01-10 2:15,19.63167
2024-01-10 2:30,0.64868
2024-01-10 2:45,14.14606
2024-01-10 3:00,12.85251
2024-01-10 3:15,9.79879
2024-01-10 3:30,8.71803
2024-01-10 3:45,10.46251
2024-01-10 4:00,13.02509
2024-01-10 4:15,8.93774
2024-01-10 4:30,-8.09105
2024-01-10 4:45,-12.86082
2024-01-10 5:00,-4.43756
2024-01-10 5:15,-10.18303
2024-01-10 5:30,-9.97956
2024-01-10 5:45,-9.25037
2024-01-10 6:00,-11.60775
2024-01-10 6:15,-13.63969
2024-01-10 6:30,-20.75368
2024-01-10 6:45,-23.63284
2024-01-10 7:00,-14.64178
2024-01-10 7:15,-10.84823
2024-01-10 7:30,-10.52325
2024-01-10 7:45,27.6988
2024-01-10 8:00,41.37847
2024-01-10 8:15,44.40697
2024-01-10 8:30,54.62013
2024-01-10 8:45,62.86279
2024-01-10 9:00,49.19011
2024-01-10 9:15,54.9964
2024-01-10 9:30,63.05
2024-01-10 9:45,72
2024-01-10 10:00,62.99754
2024-01-10 10:15,67.323
2024-01-10 10:30,71.99343
2024-01-10 10:45,68.52806
2024-01-10 11:00,64.2888
2024-01-10 11:15,65.27862
2024-01-10 11:30,63.3574
2024-01-10 11:45,64.52541
2024-01-10 12:00,64.9988
2024-01-10 12:15,64.4648
2024-01-10 12:30,64.36064
2024-01-10 12:45,64.97863
2024-01-10 13:00,64.21532
2024-01-10 13:15,64.19456
2024-01-10 13:30,62.34153
2024-01-10 13:45,60.20614
2024-01-10 14:00,64.99569
2024-01-10 14:15,64.54577
2024-01-10 14:30,63.3769
2024-01-10 14:45,60.20164
2024-01-10 15:00,67.04351
2024-01-10 15:15,63.67789
2024-01-10 15:30,59.87784
2024-01-10 15:45,56.86612
2024-01-10 16:00,59.30718
2024-01-10 16:15,59.36235
2024-01-10 16:30,56.65104
2024-01-10 16:45,54.0024
2024-01-10 17:00,59.5658
2024-01-10 17:15,59.50949
2024-01-10 17:30,59.5216
2024-01-10 17:45,58.63957
2024-01-10 18:00,60.26066
2024-01-10 18:15,61.25477
2024-01-10 18:30,60.18559
2024-01-10 18:45,59.78922
2024-01-10 19:00,59.22023
2024-01-10 19:15,59.16951
2024-01-10 19:30,59.23839
2024-01-10 19:45,58.76385
2024-01-10 20:00,54.6504
2024-01-10 20:15,55.20172
2024-01-10 20:30,55.13829
2024-01-10 20:45,54.58922
2024-01-10 21:00,54.74524
2024-01-10 21:15,58.49321
2024-01-10 21:30,59.1321
2024-01-10 21:45,62.91904
2024-01-10 22:00,60.90736
2024-01-10 22:15,68.12951
2024-01-10 22:30,73.60027
2024-01-10 22:45,76.04688
2024-01-10 23:00,66.6
2024-01-10 23:15,72.50675
2024-01-10 23:30,74.59087
2024-01-10 23:45,75.58954
2024-01-11 0:00,75.64786
2024-01-11 0:15,75.67346
2024-01-11 0:30,65.43936
2024-01-11 0:45,57.51553
2024-01-11 1:00,67.67937
2024-01-11 1:15,64.3218
2024-01-11 1:30,55.13701
2024-01-11 1:45,50.42017
2024-01-11 2:00,59.2728
2024-01-11 2:15,50.07641
2024-01-11 2:30,50.24427
2024-01-11 2:45,44.37166
2024-01-11 3:00,47.58233
2024-01-11 3:15,38.97767
2024-01-11 3:30,35.92552
2024-01-11 3:45,31.61048
2024-01-11 4:00,39.89374
2024-01-11 4:15,37.05464
2024-01-11 4:30,33.79155
2024-01-11 4:45,33.1903
2024-01-11 5:00,29.52697
2024-01-11 5:15,29.3108
2024-01-11 5:30,29.45528
2024-01-11 5:45,13.34712
2024-01-11 6:00,32.99571
2024-01-11 6:15,33.29523
2024-01-11 6:30,33.20312
2024-01-11 6:45,29.30681
2024-01-11 7:00,29.30681
2024-01-11 7:15,29.30681
2024-01-11 7:30,32.66747
2024-01-11 7:45,16.72853
2024-01-11 8:00,19.00386
2024-01-11 8:15,48.13249
2024-01-11 8:30,64.92372
2024-01-11 8:45,84.35414
2024-01-11 9:00,58.57514
2024-01-11 9:15,69.9132
2024-01-11 9:30,89.79342
2024-01-11 9:45,92.20542
2024-01-11 10:00,84.00076
2024-01-11 10:15,87.10826
2024-01-11 10:30,88.36694
2024-01-11 10:45,89.17086
2024-01-11 11:00,87.3512
2024-01-11 11:15,87.81
2024-01-11 11:30,88.4
2024-01-11 11:45,86.23616
2024-01-11 12:00,84
2024-01-11 12:15,83.56546
2024-01-11 12:30,84.7688
2024-01-11 12:45,88.97
2024-01-11 13:00,85.89
2024-01-11 13:15,83.68
2024-01-11 13:30,81
2024-01-11 13:45,74
2024-01-11 14:00,77.07056
2024-01-11 14:15,75.6
2024-01-11 14:30,70.59927
2024-01-11 14:45,63.5764
2024-01-11 15:00,77.0976
2024-01-11 15:15,69.9988
2024-01-11 15:30,63.3
2024-01-11 15:45,60.92
2024-01-11 16:00,63.02496
2024-01-11 16:15,60.90736
2024-01-11 16:30,59.02
2024-01-11 16:45,58.29
2024-01-11 17:00,59.662
2024-01-11 17:15,59.53
2024-01-11 17:30,59.53
2024-01-11 17:45,59.40269
2024-01-11 18:00,59.13731
2024-01-11 18:15,58.60489
2024-01-11 18:30,58.59701
2024-01-11 18:45,58.54083
2024-01-11 19:00,61.91691
2024-01-11 19:15,62.41464
2024-01-11 19:30,62.27695
2024-01-11 19:45,57.67522
2024-01-11 20:00,57.40345
2024-01-11 20:15,56.83
2024-01-11 20:30,57.28716
2024-01-11 20:45,58.2441
2024-01-11 21:00,58.99848
2024-01-11 21:15,59.01373
2024-01-11 21:30,60.5843
2024-01-11 21:45,68.44105
2024-01-11 22:00,62.7849
2024-01-11 22:15,68.60165
2024-01-11 22:30,73.93102
2024-01-11 22:45,80.25812
2024-01-11 23:00,68.55836
2024-01-11 23:15,74.18636
2024-01-11 23:30,80.17221
2024-01-11 23:45,80.69185
2024-01-12 0:00,85.84205
2024-01-12 0:15,78.4838
2024-01-12 0:30,66.46583
2024-01-12 0:45,62.46978
2024-01-12 1:00,71.25639
2024-01-12 1:15,68.94313
2024-01-12 1:30,39.52466
2024-01-12 1:45,21.81969
2024-01-12 2:00,26.1806
2024-01-12 2:15,20.11847
2024-01-12 2:30,19.74669
2024-01-12 2:45,9.29271
2024-01-12 3:00,15.18505
2024-01-12 3:15,16.39283
2024-01-12 3:30,11.07059
2024-01-12 3:45,9.61584
2024-01-12 4:00,10.54302
2024-01-12 4:15,13.71484
2024-01-12 4:30,11.45603
2024-01-12 4:45,13.71336
2024-01-12 5:00,30.43484
2024-01-12 5:15,26.95366
2024-01-12 5:30,17.69129
2024-01-12 5:45,20.91622
2024-01-12 6:00,27.18397
2024-01-12 6:15,28.87156
2024-01-12 6:30,30.98844
2024-01-12 6:45,18.55809
2024-01-12 7:00,1.91536
2024-01-12 7:15,-3.95882
2024-01-12 7:30,-1.19047
2024-01-12 7:45,-16.64174
2024-01-12 8:00,-21.2369
2024-01-12 8:15,-0.49208
2024-01-12 8:30,37.61019
2024-01-12 8:45,76.13906
2024-01-12 9:00,49.71797
2024-01-12 9:15,66.9758
2024-01-12 9:30,89.46459
2024-01-12 9:45,102.17138
2024-01-12 10:00,80.004
2024-01-12 10:15,92.1
2024-01-12 10:30,95.4
2024-01-12 10:45,95.05231
2024-01-12 11:00,89.1
2024-01-12 11:15,90
2024-01-12 11:30,90.24149
2024-01-12 11:45,88.08477
2024-01-12 12:00,81.10675
2024-01-12 12:15,80.26
2024-01-12 12:30,80.5952
2024-01-12 12:45,78.43042
2024-01-12 13:00,77.64162
2024-01-12 13:15,75.07
2024-01-12 13:30,76.31004
2024-01-12 13:45,75.27395
2024-01-12 14:00,78.01757
2024-01-12 14:15,76.03395
2024-01-12 14:30,78.01426
2024-01-12 14:45,76.20814
2024-01-12 15:00,76.33
2024-01-12 15:15,71.99
2024-01-12 15:30,69.6124
2024-01-12 15:45,66.2307
2024-01-12 16:00,85.40014
2024-01-12 16:15,77.7145
2024-01-12 16:30,70.73817
2024-01-12 16:45,66.59119
2024-01-12 17:00,73.06
2024-01-12 17:15,69.13903
2024-01-12 17:30,68.89056
2024-01-12 17:45,64.08187
2024-01-12 18:00,70.59809
2024-01-12 18:15,69.26104
2024-01-12 18:30,69.1375
2024-01-12 18:45,68.4933
2024-01-12 19:00,64.82419
2024-01-12 19:15,66.9988
2024-01-12 19:30,66.45
2024-01-12 19:45,64.19238
2024-01-12 20:00,73.7512
2024-01-12 20:15,75.9094
2024-01-12 20:30,77.54714
2024-01-12 20:45,82.96433
2024-01-12 21:00,72.4736
2024-01-12 21:15,76.9988
2024-01-12 21:30,82.79316
2024-01-12 21:45,89.78878
2024-01-12 22:00,83.15189
2024-01-12 22:15,85.2836
2024-01-12 22:30,95.61976
2024-01-12 22:45,108.9
2024-01-12 23:00,82.221
2024-01-12 23:15,100.9434
2024-01-12 23:30,111.66618
2024-01-12 23:45,114.78618
2024-01-13 0:00,110.58231
2024-01-13 0:15,99.3381
2024-01-13 0:30,86.95671
2024-01-13 0:45,63.37906
2024-01-13 1:00,67.22712
2024-01-13 1:15,64.17231
2024-01-13 1:30,46.73939
2024-01-13 1:45,35.56281
2024-01-13 2:00,35.11715
2024-01-13 2:15,35.37103
2024-01-13 2:30,34.04704
2024-01-13 2:45,31.03541
2024-01-13 3:00,33.90893
2024-01-13 3:15,28.92012
2024-01-13 3:30,25.75804
2024-01-13 3:45,25.77849
2024-01-13 4:00,30.6663
2024-01-13 4:15,29.08355
2024-01-13 4:30,27.29454
2024-01-13 4:45,7.36116
2024-01-13 5:00,30.33096
2024-01-13 5:15,26.62728
2024-01-13 5:30,26.40606
2024-01-13 5:45,25.84435
2024-01-13 6:00,26.37602
2024-01-13 6:15,28.49542
2024-01-13 6:30,25.49509
2024-01-13 6:45,28.92275
2024-01-13 7:00,35.69338
2024-01-13 7:15,49.38381
2024-01-13 7:30,42.24245
2024-01-13 7:45,37.77797
2024-01-13 8:00,23.99693
2024-01-13 8:15,32.2175
2024-01-13 8:30,20.53927
2024-01-13 8:45,42.18668
2024-01-13 9:00,45.5732
2024-01-13 9:15,51.24981
2024-01-13 9:30,68.77928
2024-01-13 9:45,64.53386
2024-01-13 10:00,68.88279
2024-01-13 10:15,83.71321
2024-01-13 10:30,88.70101
2024-01-13 10:45,87.36477
2024-01-13 11:00,68.43774
2024-01-13 11:15,58.05857
2024-01-13 11:30,60.02829
2024-01-13 11:45,61.22065
2024-01-13 12:00,61.7387
2024-01-13 12:15,64.92938
2024-01-13 12:30,66.48343
2024-01-13 12:45,66.18127
2024-01-13 13:00,61.66868
2024-01-13 13:15,50.12134
2024-01-13 13:30,50.70053
2024-01-13 13:45,49.24256
2024-01-13 14:00,88.90275
2024-01-13 14:15,91.36142
2024-01-13 14:30,89.98382
2024-01-13 14:45,69.54457
2024-01-13 15:00,91.00342
2024-01-13 15:15,90.77032
2024-01-13 15:30,90.57896
2024-01-13 15:45,81.15646
2024-01-13 16:00,89.57143
2024-01-13 16:15,87.59405
2024-01-13 16:30,78.57136
2024-01-13 16:45,80.84924
2024-01-13 17:00,151.01944
2024-01-13 17:15,147.60088
2024-01-13 17:30,135.50316
2024-01-13 17:45,127.10959
2024-01-13 18:00,138.66776
2024-01-13 18:15,140.88847
2024-01-13 18:30,139.15475
2024-01-13 18:45,144.12514
2024-01-13 19:00,174.30765
2024-01-13 19:15,171.88
2024-01-13 19:30,175.91
2024-01-13 19:45,186.98499
2024-01-13 20:00,165.23792
2024-01-13 20:15,162.71066
2024-01-13 20:30,173.46548
2024-01-13 20:45,179.46219
2024-01-13 21:00,180
2024-01-13 21:15,199.23
2024-01-13 21:30,200
2024-01-13 21:45,206.17091
2024-01-13 22:00,181.584
2024-01-13 22:15,200
2024-01-13 22:30,210.4
2024-01-13 22:45,235.69434
2024-01-13 23:00,200
2024-01-13 23:15,224.5189
2024-01-13 23:30,246.12
2024-01-13 23:45,294.91635
2024-01-14 0:00,253.50883
2024-01-14 0:15,219.86465
2024-01-14 0:30,172.79759
2024-01-14 0:45,146.10481
2024-01-14 1:00,169.65318
2024-01-14 1:15,139.18114
2024-01-14 1:30,81.24127
2024-01-14 1:45,82.49383
2024-01-14 2:00,65.54254
2024-01-14 2:15,63.30339
2024-01-14 2:30,68.40213
2024-01-14 2:45,58.1637
2024-01-14 3:00,37.58234
2024-01-14 3:15,19.03756
2024-01-14 3:30,20.05381
2024-01-14 3:45,-17.30451
2024-01-14 4:00,17.47927
2024-01-14 4:15,19.70742
2024-01-14 4:30,13.15278
2024-01-14 4:45,11.17643
2024-01-14 5:00,15.68996
2024-01-14 5:15,18.06964
2024-01-14 5:30,29.76702
2024-01-14 5:45,17.73379
2024-01-14 6:00,3.29729
2024-01-14 6:15,-3.30104
2024-01-14 6:30,-0.32454
2024-01-14 6:45,-5.48673
2024-01-14 7:00,6.41081
2024-01-14 7:15,32.07962
2024-01-14 7:30,22.42846
2024-01-14 7:45,21.43701
2024-01-14 8:00,14.86954
2024-01-14 8:15,31.53446
2024-01-14 8:30,77.00682
2024-01-14 8:45,58.36227
2024-01-14 9:00,54.74522
2024-01-14 9:15,86.79774
2024-01-14 9:30,103.80064
2024-01-14 9:45,114.95132
2024-01-14 10:00,116.73887
2024-01-14 10:15,140.4327
2024-01-14 10:30,122.75661
2024-01-14 10:45,118.74726
2024-01-14 11:00,120.72345
2024-01-14 11:15,129.80353
2024-01-14 11:30,171.528
2024-01-14 11:45,156.74112
2024-01-14 12:00,147.87637
2024-01-14 12:15,168.4287
2024-01-14 12:30,179.58278
2024-01-14 12:45,181.36674
2024-01-14 13:00,188.14798
2024-01-14 13:15,185.43803
2024-01-14 13:30,184.05453
2024-01-14 13:45,153.53539
2024-01-14 14:00,156.3942
2024-01-14 14:15,150.95673
2024-01-14 14:30,166.65211
2024-01-14 14:45,160.34663
2024-01-14 15:00,187.50935
2024-01-14 15:15,185.93
2024-01-14 15:30,185.47957
2024-01-14 15:45,185.48
2024-01-14 16:00,173.28937
2024-01-14 16:15,162.4002
2024-01-14 16:30,167.98517
2024-01-14 16:45,157.63106
2024-01-14 17:00,183.06554
2024-01-14 17:15,164.99966
2024-01-14 17:30,165.39
2024-01-14 17:45,164.99985
2024-01-14 18:00,165.39
2024-01-14 18:15,163.82
2024-01-14 18:30,161.4
2024-01-14 18:45,157.86314
2024-01-14 19:00,164.3
2024-01-14 19:15,164.3
2024-01-14 19:30,160.05588
2024-01-14 19:45,158.83887
2024-01-14 20:00,164.3
2024-01-14 20:15,164.3
2024-01-14 20:30,164.3
2024-01-14 20:45,165.39
2024-01-14 21:00,166.61
2024-01-14 21:15,166.60983
2024-01-14 21:30,160.64261
2024-01-14 21:45,163.62285
2024-01-14 22:00,165.39
2024-01-14 22:15,165
2024-01-14 22:30,165
2024-01-14 22:45,175.27997
2024-01-14 23:00,168.55717
2024-01-14 23:15,169.02582
2024-01-14 23:30,181.24632
2024-01-14 23:45,175.05643
2024-01-15 0:00,171.6629
2024-01-15 0:15,156.24673
2024-01-15 0:30,148.23737
2024-01-15 0:45,111.75621
2024-01-15 1:00,95.4855
2024-01-15 1:15,76.3026
2024-01-15 1:30,45.69541
2024-01-15 1:45,41.61281
2024-01-15 2:00,51.21095
2024-01-15 2:15,23.44324
2024-01-15 2:30,54.4252
2024-01-15 2:45,21.94628
2024-01-15 3:00,-1.64435
2024-01-15 3:15,-21.11291
2024-01-15 3:30,-44.09203
2024-01-15 3:45,-50.91939
2024-01-15 4:00,-43.45189
2024-01-15 4:15,-42.00148
2024-01-15 4:30,-50.8426
2024-01-15 4:45,-61.74803
2024-01-15 5:00,-61.43508
2024-01-15 5:15,-59.39412
2024-01-15 5:30,-75.64067
2024-01-15 5:45,-76.97731
2024-01-15 6:00,-68.12747
2024-01-15 6:15,-68.00625
2024-01-15 6:30,-58.018
2024-01-15 6:45,-77.95732
2024-01-15 7:00,-62.34807
2024-01-15 7:15,-64.9836
2024-01-15 7:30,-62.62377
2024-01-15 7:45,-62.00308
2024-01-15 8:00,-52.94637
2024-01-15 8:15,-46.90484
2024-01-15 8:30,-6.12835
2024-01-15 8:45,18.44838
2024-01-15 9:00,8.41819
2024-01-15 9:15,64.18995
2024-01-15 9:30,125.50541
2024-01-15 9:45,105.06523
2024-01-15 10:00,121.1674
2024-01-15 10:15,130.0685
2024-01-15 10:30,123.01364
2024-01-15 10:45,169.24706
2024-01-15 11:00,140.71294
2024-01-15 11:15,130.56801
2024-01-15 11:30,158.00218
2024-01-15 11:45,158.1893
2024-01-15 12:00,135.53726
2024-01-15 12:15,136.33815
2024-01-15 12:30,154.25082
2024-01-15 12:45,159.24316
2024-01-15 13:00,152.59502
2024-01-15 13:15,159.15527
2024-01-15 13:30,156.71535
2024-01-15 13:45,158.48177
2024-01-15 14:00,152.02635
2024-01-15 14:15,155.10222
2024-01-15 14:30,155.50542
2024-01-15 14:45,147.65053
2024-01-15 15:00,168.35805
2024-01-15 15:15,162.86737
2024-01-15 15:30,153.59859
2024-01-15 15:45,154.50249
2024-01-15 16:00,154.5491
2024-01-15 16:15,150.32018
2024-01-15 16:30,143.39795
2024-01-15 16:45,143.4418
2024-01-15 17:00,161.85187
2024-01-15 17:15,156.7366
2024-01-15 17:30,149.2194
2024-01-15 17:45,151.07011
2024-01-15 18:00,162.31207
2024-01-15 18:15,154.72298
2024-01-15 18:30,152.30322
2024-01-15 18:45,149.22375
2024-01-15 19:00,153.14543
2024-01-15 19:15,148.66374
2024-01-15 19:30,156.57397
2024-01-15 19:45,156.09879
2024-01-15 20:00,159.9734
2024-01-15 20:15,159.71407
2024-01-15 20:30,155.25632
2024-01-15 20:45,154.67627
2024-01-15 21:00,178.64523
2024-01-15 21:15,186.72733
2024-01-15 21:30,178.08237
2024-01-15 21:45,179.8199
2024-01-15 22:00,171.7983
2024-01-15 22:15,173.39764
2024-01-15 22:30,175.33997
2024-01-15 22:45,193.42838
2024-01-15 23:00,183.062
2024-01-15 23:15,190.10011
2024-01-15 23:30,195.87665
2024-01-15 23:45,204.43068
2024-01-16 0:00,219.1679
2024-01-16 0:15,210.96754
2024-01-16 0:30,197.46617
2024-01-16 0:45,156.14148
2024-01-16 1:00,162.223
2024-01-16 1:15,174.68886
2024-01-16 1:30,149.9392
2024-01-16 1:45,118.74664
2024-01-16 2:00,148.71439
2024-01-16 2:15,143.5001
2024-01-16 2:30,139.41801
2024-01-16 2:45,135.79317
2024-01-16 3:00,115.26096
2024-01-16 3:15,129.74152
2024-01-16 3:30,127.93969
2024-01-16 3:45,133.10509
2024-01-16 4:00,126.29845
2024-01-16 4:15,130.185
2024-01-16 4:30,115.66028
2024-01-16 4:45,103.61339
2024-01-16 5:00,132.41377
2024-01-16 5:15,128.44434
2024-01-16 5:30,121.71356
2024-01-16 5:45,117.73381
2024-01-16 6:00,117.1054
2024-01-16 6:15,120.02015
2024-01-16 6:30,129.23029
2024-01-16 6:45,129.87988
2024-01-16 7:00,90.25555
2024-01-16 7:15,89.85985
2024-01-16 7:30,127.85069
2024-01-16 7:45,138.47798
2024-01-16 8:00,127.52144
2024-01-16 8:15,136.85326
2024-01-16 8:30,154.04146
2024-01-16 8:45,200.40488
2024-01-16 9:00,164.42
2024-01-16 9:15,199.66
2024-01-16 9:30,231.32
2024-01-16 9:45,251.83
2024-01-16 10:00,225
2024-01-16 10:15,228.20982
2024-01-16 10:30,228.21
2024-01-16 10:45,243.07504
2024-01-16 11:00,228.4324
2024-01-16 11:15,232.46378
2024-01-16 11:30,227.24
2024-01-16 11:45,225
2024-01-16 12:00,224.6088
2024-01-16 12:15,224.99982
2024-01-16 12:30,220.9112
2024-01-16 12:45,220.85837
2024-01-16 13:00,217.8234
2024-01-16 13:15,218.37122
2024-01-16 13:30,207.29141
2024-01-16 13:45,217.2588
2024-01-16 14:00,226.31067
2024-01-16 14:15,234.20721
2024-01-16 14:30,225.68118
2024-01-16 14:45,209.61462
2024-01-16 15:00,225.86964
2024-01-16 15:15,220.80882
2024-01-16 15:30,208.38538
2024-01-16 15:45,200.13635
2024-01-16 16:00,224.33943
2024-01-16 16:15,221.19106
2024-01-16 16:30,195.12006
2024-01-16 16:45,188.33691
2024-01-16 17:00,222.42934
2024-01-16 17:15,216.44534
2024-01-16 17:30,217.2178
2024-01-16 17:45,213.28885
2024-01-16 18:00,221.72623
2024-01-16 18:15,216.36887
2024-01-16 18:30,217.83263
2024-01-16 18:45,218.21109
2024-01-16 19:00,214.95015
2024-01-16 19:15,216.66647
2024-01-16 19:30,214.20358
2024-01-16 19:45,216.68398
2024-01-16 20:00,217.39339
2024-01-16 20:15,217.05939
2024-01-16 20:30,219.56311
2024-01-16 20:45,220.67287
2024-01-16 21:00,207.15
2024-01-16 21:15,210
2024-01-16 21:30,222.6924
2024-01-16 21:45,244.96579
2024-01-16 22:00,256.70697
2024-01-16 22:15,285
2024-01-16 22:30,298.55
2024-01-16 22:45,303.56
2024-01-16 23:00,300.73874
2024-01-16 23:15,312.52
2024-01-16 23:30,320.9424
2024-01-16 23:45,364.9177
2024-01-17 0:00,487.7406
2024-01-17 0:15,550.56
2024-01-17 0:30,252.51659
2024-01-17 0:45,199.22626
2024-01-17 1:00,201.27023
2024-01-17 1:15,168.38013
2024-01-17 1:30,134.02333
2024-01-17 1:45,127.2228
2024-01-17 2:00,168.23026
2024-01-17 2:15,156.4027
2024-01-17 2:30,130.00327
2024-01-17 2:45,140.1749
2024-01-17 3:00,158.2858
2024-01-17 3:15,147.0214
2024-01-17 3:30,134.44347
2024-01-17 3:45,133.48743
2024-01-17 4:00,129.93318
2024-01-17 4:15,129.1229
2024-01-17 4:30,125.76603
2024-01-17 4:45,116.06412
2024-01-17 5:00,112.30393
2024-01-17 5:15,119.15827
2024-01-17 5:30,124.03859
2024-01-17 5:45,113.18562
2024-01-17 6:00,115.73884
2024-01-17 6:15,110.41141
2024-01-17 6:30,114.72214
2024-01-17 6:45,124.60975
2024-01-17 7:00,114.59823
2024-01-17 7:15,121.12815
2024-01-17 7:30,115.9403
2024-01-17 7:45,135.05167
2024-01-17 8:00,92.89959
2024-01-17 8:15,115.16384
2024-01-17 8:30,156.31331
2024-01-17 8:45,188.63031
2024-01-17 9:00,156.48592
2024-01-17 9:15,187.41904
2024-01-17 9:30,219.22752
2024-01-17 9:45,230.8508
2024-01-17 10:00,226.40787
2024-01-17 10:15,229.4875
2024-01-17 10:30,229.56133
2024-01-17 10:45,228.17583
2024-01-17 11:00,229.3539
2024-01-17 11:15,224.65384
2024-01-17 11:30,222.2077
2024-01-17 11:45,203.32246
2024-01-17 12:00,210.39462
2024-01-17 12:15,205.4172
2024-01-17 12:30,198.06516
2024-01-17 12:45,184.77939
2024-01-17 13:00,181.11565
2024-01-17 13:15,179.5823
2024-01-17 13:30,175.52531
2024-01-17 13:45,178.02675
2024-01-17 14:00,188.2158
2024-01-17 14:15,186.96413
2024-01-17 14:30,187.28937
2024-01-17 14:45,172.16022
2024-01-17 15:00,169.53001
2024-01-17 15:15,170.03235
2024-01-17 15:30,163.31421
2024-01-17 15:45,153.98087
2024-01-17 16:00,152.84653
2024-01-17 16:15,150.29166
2024-01-17 16:30,141.51614
2024-01-17 16:45,137.89146
2024-01-17 17:00,92.10197
2024-01-17 17:15,80.82005
2024-01-17 17:30,80.66663
2024-01-17 17:45,79.17316
2024-01-17 18:00,80.07374
2024-01-17 18:15,79.40872
2024-01-17 18:30,76.0614
2024-01-17 18:45,74.49905
2024-01-17 19:00,74.92141
2024-01-17 19:15,74.97578
2024-01-17 19:30,71.17799
2024-01-17 19:45,66.15
2024-01-17 20:00,70
2024-01-17 20:15,68.26
2024-01-17 20:30,62.8
2024-01-17 20:45,61.1688
2024-01-17 21:00,62.32
2024-01-17 21:15,62.3388
2024-01-17 21:30,62.8
2024-01-17 21:45,73.07927
2024-01-17 22:00,77.3
2024-01-17 22:15,79.48
2024-01-17 22:30,90.9
2024-01-17 22:45,91
2024-01-17 23:00,77.71
2024-01-17 23:15,91
2024-01-17 23:30,94.18
2024-01-17 23:45,94.9988
2024-01-18 0:00,91
2024-01-18 0:15,81.44622
2024-01-18 0:30,75.55899
2024-01-18 0:45,69.18804
2024-01-18 1:00,66.99824
2024-01-18 1:15,80.88023
2024-01-18 1:30,73.35436
2024-01-18 1:45,56.08857
2024-01-18 2:00,59.84638
2024-01-18 2:15,70.82458
2024-01-18 2:30,53.32259
2024-01-18 2:45,55.24671
2024-01-18 3:00,63.95195
2024-01-18 3:15,61.30648
2024-01-18 3:30,51.39301
2024-01-18 3:45,52.55576
2024-01-18 4:00,53.71569
2024-01-18 4:15,52.12518
2024-01-18 4:30,49.10131
2024-01-18 4:45,43.83167
2024-01-18 5:00,49.26472
2024-01-18 5:15,46.42694
2024-01-18 5:30,41.24013
2024-01-18 5:45,45.89434
2024-01-18 6:00,44.31723
2024-01-18 6:15,44.25353
2024-01-18 6:30,44.13988
2024-01-18 6:45,44.48483
2024-01-18 7:00,49.86121
2024-01-18 7:15,50.46919
2024-01-18 7:30,49.44737
2024-01-18 7:45,48.8717
2024-01-18 8:00,43.24349
2024-01-18 8:15,51.52901
2024-01-18 8:30,62.61459
2024-01-18 8:45,83.5929
2024-01-18 9:00,55.66351
2024-01-18 9:15,61.15482
2024-01-18 9:30,70.93989
2024-01-18 9:45,81.35791
2024-01-18 10:00,67.26699
2024-01-18 10:15,71.24488
2024-01-18 10:30,73.85595
2024-01-18 10:45,73.43168
2024-01-18 11:00,72.52327
2024-01-18 11:15,69.26142
2024-01-18 11:30,70.93065
2024-01-18 11:45,71.29111
2024-01-18 12:00,70.88626
2024-01-18 12:15,69.56681
2024-01-18 12:30,64.54876
2024-01-18 12:45,59.8645
2024-01-18 13:00,57.96753
2024-01-18 13:15,58.23691
2024-01-18 13:30,57.20297
2024-01-18 13:45,54.85904
2024-01-18 14:00,55.93306
2024-01-18 14:15,55.61208
2024-01-18 14:30,53.68571
2024-01-18 14:45,53.1642
2024-01-18 15:00,52.94462
2024-01-18 15:15,52.613
2024-01-18 15:30,51.88433
2024-01-18 15:45,51.03819
2024-01-18 16:00,54.08
2024-01-18 16:15,54.71683
2024-01-18 16:30,53.8915
2024-01-18 16:45,53.51013
2024-01-18 17:00,50.7836
2024-01-18 17:15,50.86405
2024-01-18 17:30,49.03496
2024-01-18 17:45,50.34292
2024-01-18 18:00,51.10024
2024-01-18 18:15,52.17393
2024-01-18 18:30,50.46268
2024-01-18 18:45,48.70563
2024-01-18 19:00,48.5171
2024-01-18 19:15,49.04465
2024-01-18 19:30,46.08825
2024-01-18 19:45,45.3
2024-01-18 20:00,48.5165
2024-01-18 20:15,51.87328
2024-01-18 20:30,52.21631
2024-01-18 20:45,53.64207
2024-01-18 21:00,53.71611
2024-01-18 21:15,56.12026
2024-01-18 21:30,56.92887
2024-01-18 21:45,58.14377
2024-01-18 22:00,56.25512
2024-01-18 22:15,62.12986
2024-01-18 22:30,70.71936
2024-01-18 22:45,79.60162
2024-01-18 23:00,63.91161
2024-01-18 23:15,69.96644
2024-01-18 23:30,91.14828
2024-01-18 23:45,94.76989
2024-01-19 0:00,96.47733
2024-01-19 0:15,83.94193
2024-01-19 0:30,64.41933
2024-01-19 0:45,54.5723
2024-01-19 1:00,67.80544
2024-01-19 1:15,51.35118
2024-01-19 1:30,47.39177
2024-01-19 1:45,37.02351
2024-01-19 2:00,35.80277
2024-01-19 2:15,36.07041
2024-01-19 2:30,43.38668
2024-01-19 2:45,30.47482
2024-01-19 3:00,27.89985
2024-01-19 3:15,30.08699
2024-01-19 3:30,22.90361
2024-01-19 3:45,22.31219
2024-01-19 4:00,27.81951
2024-01-19 4:15,29.63098
2024-01-19 4:30,26.81183
2024-01-19 4:45,22.34584
2024-01-19 5:00,26.29882
2024-01-19 5:15,32.97026
2024-01-19 5:30,32.62392
2024-01-19 5:45,32.46407
2024-01-19 6:00,25.8979
2024-01-19 6:15,30.53412
2024-01-19 6:30,29.82453
2024-01-19 6:45,35.04057
2024-01-19 7:00,29.12826
2024-01-19 7:15,41.05224
2024-01-19 7:30,42.16709
2024-01-19 7:45,48.41195
2024-01-19 8:00,42.96406
2024-01-19 8:15,61.43449
2024-01-19 8:30,73.58605
2024-01-19 8:45,85.05995
2024-01-19 9:00,58.73848
2024-01-19 9:15,68.43384
2024-01-19 9:30,87.34415
2024-01-19 9:45,85.03817
2024-01-19 10:00,71.7395
2024-01-19 10:15,75.92977
2024-01-19 10:30,77.21744
2024-01-19 10:45,78.74766
2024-01-19 11:00,79.6774
2024-01-19 11:15,73.83
2024-01-19 11:30,72.08176
2024-01-19 11:45,75.42666
2024-01-19 12:00,73.99388
2024-01-19 12:15,73.18597
2024-01-19 12:30,69.22279
2024-01-19 12:45,69.19104
2024-01-19 13:00,68.22296
2024-01-19 13:15,68.00455
2024-01-19 13:30,67.44567
2024-01-19 13:45,64.1547
2024-01-19 14:00,75.76328
2024-01-19 14:15,74.97614
2024-01-19 14:30,73.85979
2024-01-19 14:45,67.48011
2024-01-19 15:00,72.09116
2024-01-19 15:15,71.77305
2024-01-19 15:30,67.92772
2024-01-19 15:45,61.77544
2024-01-19 16:00,70.49417
2024-01-19 16:15,63.42556
2024-01-19 16:30,53.78246
2024-01-19 16:45,51.68112
2024-01-19 17:00,68.34293
2024-01-19 17:15,66.3234
2024-01-19 17:30,66.48104
2024-01-19 17:45,66.8158
2024-01-19 18:00,67.78736
2024-01-19 18:15,69.0886
2024-01-19 18:30,67.05137
2024-01-19 18:45,62.79338
2024-01-19 19:00,62.63211
2024-01-19 19:15,61.54681
2024-01-19 19:30,63.26038
2024-01-19 19:45,65.33489
2024-01-19 20:00,68.19217
2024-01-19 20:15,68.83066
2024-01-19 20:30,68.07074
2024-01-19 20:45,68.67145
2024-01-19 21:00,69.19254
2024-01-19 21:15,73.44649
2024-01-19 21:30,70.51856
2024-01-19 21:45,72.84286
2024-01-19 22:00,72.09243
2024-01-19 22:15,77.35729
2024-01-19 22:30,83.80368
2024-01-19 22:45,89.80443
2024-01-19 23:00,76.61008
2024-01-19 23:15,81.95007
2024-01-19 23:30,88.59916
2024-01-19 23:45,91.25602
2024-01-20 0:00,118.24051
2024-01-20 0:15,100.38716
2024-01-20 0:30,82.80486
2024-01-20 0:45,67.10586
2024-01-20 1:00,101.91599
2024-01-20 1:15,70.15063
2024-01-20 1:30,63.52908
2024-01-20 1:45,54.68568
2024-01-20 2:00,60.27095
2024-01-20 2:15,52.97809
2024-01-20 2:30,50.30679
2024-01-20 2:45,44.8533
2024-01-20 3:00,51.68509
2024-01-20 3:15,47.83859
2024-01-20 3:30,42.95038
2024-01-20 3:45,40.3586
2024-01-20 4:00,42.27168
2024-01-20 4:15,41.76165
2024-01-20 4:30,46.02854
2024-01-20 4:45,42.30106
2024-01-20 5:00,42.41926
2024-01-20 5:15,36.29213
2024-01-20 5:30,40.62791
2024-01-20 5:45,41.28645
2024-01-20 6:00,48.99071
2024-01-20 6:15,49.29247
2024-01-20 6:30,48.25164
2024-01-20 6:45,46.62676
2024-01-20 7:00,53.72886
2024-01-20 7:15,54.54152
2024-01-20 7:30,58.77275
2024-01-20 7:45,63.13232
2024-01-20 8:00,64.44729
2024-01-20 8:15,70.79986
2024-01-20 8:30,80.5447
2024-01-20 8:45,91.58899
2024-01-20 9:00,84.232
2024-01-20 9:15,85.2049
2024-01-20 9:30,92.37068
2024-01-20 9:45,97.11347
2024-01-20 10:00,98.66319
2024-01-20 10:15,95.64588
2024-01-20 10:30,92.26164
2024-01-20 10:45,97.50555
2024-01-20 11:00,100.99997
2024-01-20 11:15,95.478
2024-01-20 11:30,89.06811
2024-01-20 11:45,88.99037
2024-01-20 12:00,95.46142
2024-01-20 12:15,96.98485
2024-01-20 12:30,88.6161
2024-01-20 12:45,88.40498
2024-01-20 13:00,84.70107
2024-01-20 13:15,82.65495
2024-01-20 13:30,81.39977
2024-01-20 13:45,78.64872
2024-01-20 14:00,82.52613
2024-01-20 14:15,75.91615
2024-01-20 14:30,74.08131
2024-01-20 14:45,72.02032
2024-01-20 15:00,81.11718
2024-01-20 15:15,73.7866
2024-01-20 15:30,74.60791
2024-01-20 15:45,69.82176
2024-01-20 16:00,76.19558
2024-01-20 16:15,76.03169
2024-01-20 16:30,68.1433
2024-01-20 16:45,68.28995
2024-01-20 17:00,76.93848
2024-01-20 17:15,61.50502
2024-01-20 17:30,64.3131
2024-01-20 17:45,57.63752
2024-01-20 18:00,59.48861
2024-01-20 18:15,55.01277
2024-01-20 18:30,55.04069
2024-01-20 18:45,54.79108
2024-01-20 19:00,60.03787
2024-01-20 19:15,56.01096
2024-01-20 19:30,54.75843
2024-01-20 19:45,49.94981
2024-01-20 20:00,52.65146
2024-01-20 20:15,54.45789
2024-01-20 20:30,54.61799
2024-01-20 20:45,55.88127
2024-01-20 21:00,56.27578
2024-01-20 21:15,58.26953
2024-01-20 21:30,61.49942
2024-01-20 21:45,61.32873
2024-01-20 22:00,55.78188
2024-01-20 22:15,58.05736
2024-01-20 22:30,62.78696
2024-01-20 22:45,75.0712
2024-01-20 23:00,58.82458
2024-01-20 23:15,61.68633
2024-01-20 23:30,71.17699
2024-01-20 23:45,66.21908
2024-01-21 0:00,60.70745
2024-01-21 0:15,60.75177
2024-01-21 0:30,56.29768
2024-01-21 0:45,47.2486
2024-01-21 1:00,52.38272
2024-01-21 1:15,50.33298
2024-01-21 1:30,43.5702
2024-01-21 1:45,44.36799
2024-01-21 2:00,51.43744
2024-01-21 2:15,54.32552
2024-01-21 2:30,50.07359
2024-01-21 2:45,53.37572
2024-01-21 3:00,55.23217
2024-01-21 3:15,54.54853
2024-01-21 3:30,49.42663
2024-01-21 3:45,48.93953
2024-01-21 4:00,55.90659
2024-01-21 4:15,50.66839
2024-01-21 4:30,51.82598
2024-01-21 4:45,51.70742
2024-01-21 5:00,54.54365
2024-01-21 5:15,51.8743
2024-01-21 5:30,50.43587
2024-01-21 5:45,51.93
2024-01-21 6:00,60.04107
2024-01-21 6:15,61.97583
2024-01-21 6:30,60.89769
2024-01-21 6:45,64.40083
2024-01-21 7:00,63.54771
2024-01-21 7:15,66.1776
2024-01-21 7:30,69.07711
2024-01-21 7:45,81.41599
2024-01-21 8:00,65.17111
2024-01-21 8:15,76.68582
2024-01-21 8:30,84.68186
2024-01-21 8:45,89.30694
2024-01-21 9:00,78.54051
2024-01-21 9:15,87.11941
2024-01-21 9:30,91.22366
2024-01-21 9:45,96.0712
2024-01-21 10:00,88.86
2024-01-21 10:15,87.8288
2024-01-21 10:30,89.1388
2024-01-21 10:45,89.05
2024-01-21 11:00,84.08
2024-01-21 11:15,79.59
2024-01-21 11:30,76.18312
2024-01-21 11:45,70
2024-01-21 12:00,69.61
2024-01-21 12:15,69.45215
2024-01-21 12:30,73.14
2024-01-21 12:45,70.5452
2024-01-21 13:00,64.5534
2024-01-21 13:15,60.70597
2024-01-21 13:30,59.89571
2024-01-21 13:45,61.57522
2024-01-21 14:00,62.84174
2024-01-21 14:15,61.73877
2024-01-21 14:30,56.96069
2024-01-21 14:45,54.53546
2024-01-21 15:00,63.76812
2024-01-21 15:15,61.84831
2024-01-21 15:30,56.85367
2024-01-21 15:45,52.39559
2024-01-21 16:00,53.86599
2024-01-21 16:15,49.69135
2024-01-21 16:30,49.31566
2024-01-21 16:45,46.10133
2024-01-21 17:00,56.15348
2024-01-21 17:15,51.314
2024-01-21 17:30,51.34737
2024-01-21 17:45,51.06482
2024-01-21 18:00,51.43658
2024-01-21 18:15,51.44741
2024-01-21 18:30,51.55967
2024-01-21 18:45,51.18871
2024-01-21 19:00,50.2812
2024-01-21 19:15,48.5212
2024-01-21 19:30,47.0471
2024-01-21 19:45,47.73988
2024-01-21 20:00,45.62
2024-01-21 20:15,43.19512
2024-01-21 20:30,42.912
2024-01-21 20:45,41.00245
2024-01-21 21:00,41.08381
2024-01-21 21:15,50.70992
2024-01-21 21:30,45.42724
2024-01-21 21:45,45.95678
2024-01-21 22:00,52.6705
2024-01-21 22:15,53.87684
2024-01-21 22:30,51.40209
2024-01-21 22:45,54.63028
2024-01-21 23:00,45.30292
2024-01-21 23:15,46.34648
2024-01-21 23:30,50.90116
2024-01-21 23:45,50.43056
2024-01-22 0:00,54.77099
2024-01-22 0:15,54.18765
2024-01-22 0:30,47.25761
2024-01-22 0:45,50.73938
2024-01-22 1:00,53.00095
2024-01-22 1:15,51.64183
2024-01-22 1:30,45.90153
2024-01-22 1:45,44.49255
2024-01-22 2:00,54.89923
2024-01-22 2:15,53.65329
2024-01-22 2:30,43.43171
2024-01-22 2:45,42.28084
2024-01-22 3:00,40.75122
2024-01-22 3:15,39.69509
2024-01-22 3:30,38.32484
2024-01-22 3:45,36.73755
2024-01-22 4:00,39.43821
2024-01-22 4:15,38.27762
2024-01-22 4:30,22.6988
2024-01-22 4:45,34.28597
2024-01-22 5:00,33.81289
2024-01-22 5:15,33.54914
2024-01-22 5:30,31.85863
2024-01-22 5:45,30.17561
2024-01-22 6:00,34.5007
2024-01-22 6:15,34.46065
2024-01-22 6:30,31.48821
2024-01-22 6:45,34.25964
2024-01-22 7:00,28.04315
2024-01-22 7:15,31.92404
2024-01-22 7:30,34.16048
2024-01-22 7:45,35.72363
2024-01-22 8:00,30.75742
2024-01-22 8:15,35.81937
2024-01-22 8:30,39.80977
2024-01-22 8:45,50.62863
2024-01-22 9:00,38.53771
2024-01-22 9:15,41.70412
2024-01-22 9:30,57.24239
2024-01-22 9:45,60.1231
2024-01-22 10:00,57.21845
2024-01-22 10:15,58.27434
2024-01-22 10:30,58.84324
2024-01-22 10:45,58.46007
2024-01-22 11:00,58.39603
2024-01-22 11:15,59.47197
2024-01-22 11:30,60.427
2024-01-22 11:45,58.30495
2024-01-22 12:00,59.11484
2024-01-22 12:15,59.09001
2024-01-22 12:30,58.40218
2024-01-22 12:45,58.36916
2024-01-22 13:00,58.71985
2024-01-22 13:15,58.14267
2024-01-22 13:30,54.94749
2024-01-22 13:45,47.97375
2024-01-22 14:00,52.42753
2024-01-22 14:15,47.37293
2024-01-22 14:30,47.07728
2024-01-22 14:45,45.17031
2024-01-22 15:00,44.24299
2024-01-22 15:15,42.05023
2024-01-22 15:30,40.82629
2024-01-22 15:45,40.40156
2024-01-22 16:00,40.76944
2024-01-22 16:15,40.71057
2024-01-22 16:30,40.23499
2024-01-22 16:45,39.87885
2024-01-22 17:00,49.9113
2024-01-22 17:15,48.70863
2024-01-22 17:30,45.79571
2024-01-22 17:45,46.51723
2024-01-22 18:00,46.89303
2024-01-22 18:15,46.37009
2024-01-22 18:30,43.02521
2024-01-22 18:45,45.54321
2024-01-22 19:00,46.4
2024-01-22 19:15,45.2388
2024-01-22 19:30,42.37919
2024-01-22 19:45,41.30521
2024-01-22 20:00,41.30521
2024-01-22 20:15,41.24102
2024-01-22 20:30,41.1412
2024-01-22 20:45,41.1412
2024-01-22 21:00,42.07
2024-01-22 21:15,42.07
2024-01-22 21:30,47.49481
2024-01-22 21:45,56.9453
2024-01-22 22:00,46.2703
2024-01-22 22:15,51.97891
2024-01-22 22:30,64.76489
2024-01-22 22:45,65.35557
2024-01-22 23:00,57.67736
2024-01-22 23:15,64.38324
2024-01-22 23:30,64.86311
2024-01-22 23:45,65.90009
2024-01-23 0:00,66.43467
2024-01-23 0:15,65.23793
2024-01-23 0:30,65.80325
2024-01-23 0:45,64.95917
2024-01-23 1:00,70.39207
2024-01-23 1:15,71.74046
2024-01-23 1:30,75.20822
2024-01-23 1:45,77.48411
2024-01-23 2:00,79.5597
2024-01-23 2:15,81.82749
2024-01-23 2:30,80.99786
2024-01-23 2:45,77.15226
2024-01-23 3:00,86.73
2024-01-23 3:15,80.39372
2024-01-23 3:30,79.9888
2024-01-23 3:45,79.18
2024-01-23 4:00,79.9876
2024-01-23 4:15,72.99
2024-01-23 4:30,49.73348
2024-01-23 4:45,49.65442
2024-01-23 5:00,49.67822
2024-01-23 5:15,45.25888
2024-01-23 5:30,45.35792
2024-01-23 5:45,45.3656
2024-01-23 6:00,45.39622
2024-01-23 6:15,49.8052
2024-01-23 6:30,55.70498
2024-01-23 6:45,49.7956
2024-01-23 7:00,45.53603
2024-01-23 7:15,49.73401
2024-01-23 7:30,49.7956
2024-01-23 7:45,50.44138
2024-01-23 8:00,50.44802
2024-01-23 8:15,50.60216
2024-01-23 8:30,73.44023
2024-01-23 8:45,81.00505
2024-01-23 9:00,58.9541
2024-01-23 9:15,64.76026
2024-01-23 9:30,74.64216
2024-01-23 9:45,79.38828
2024-01-23 10:00,73.2904
2024-01-23 10:15,79.69902
2024-01-23 10:30,84.63202
2024-01-23 10:45,80.10726
2024-01-23 11:00,76.05714
2024-01-23 11:15,72.57282
2024-01-23 11:30,71.02618
2024-01-23 11:45,70.32282
2024-01-23 12:00,70.28178
2024-01-23 12:15,70.22248
2024-01-23 12:30,68.55624
2024-01-23 12:45,64.0435
2024-01-23 13:00,68.05839
2024-01-23 13:15,60.79489
2024-01-23 13:30,59.47797
2024-01-23 13:45,53.51996
2024-01-23 14:00,61.46899
2024-01-23 14:15,57.19919
2024-01-23 14:30,52.86718
2024-01-23 14:45,48.51299
2024-01-23 15:00,53.19941
2024-01-23 15:15,48.4134
2024-01-23 15:30,46.87226
2024-01-23 15:45,45.431
2024-01-23 16:00,45.75326
2024-01-23 16:15,45.68969
2024-01-23 16:30,45.47061
2024-01-23 16:45,47.07412
2024-01-23 17:00,49.7053
2024-01-23 17:15,48.50457
2024-01-23 17:30,48.38209
2024-01-23 17:45,47.03724
2024-01-23 18:00,46.40526
2024-01-23 18:15,44.93311
2024-01-23 18:30,44.03984
2024-01-23 18:45,43.54572
2024-01-23 19:00,45.2462
2024-01-23 19:15,43.75631
2024-01-23 19:30,43.52788
2024-01-23 19:45,43.77446
2024-01-23 20:00,44.23858
2024-01-23 20:15,44.36269
2024-01-23 20:30,45.49681
2024-01-23 20:45,46.75411
2024-01-23 21:00,45.13261
2024-01-23 21:15,46.61538
2024-01-23 21:30,49.58304
2024-01-23 21:45,50.16305
2024-01-23 22:00,48.3612
2024-01-23 22:15,51.4112
2024-01-23 22:30,59.97494
2024-01-23 22:45,60.31164
2024-01-23 23:00,49.2383
2024-01-23 23:15,60.17363
2024-01-23 23:30,62.07421
2024-01-23 23:45,62.99058
2024-01-24 0:00,59.47726
2024-01-24 0:15,57.5941
2024-01-24 0:30,48.75815
2024-01-24 0:45,45.90643
2024-01-24 1:00,60.22436
2024-01-24 1:15,45.83121
2024-01-24 1:30,43.95223
2024-01-24 1:45,41.22802
2024-01-24 2:00,50.44075
2024-01-24 2:15,42.3945
2024-01-24 2:30,41.51949
2024-01-24 2:45,40.25439
2024-01-24 3:00,41.49837
2024-01-24 3:15,41.27557
2024-01-24 3:30,37.62264
2024-01-24 3:45,32.24231
2024-01-24 4:00,32.9982
2024-01-24 4:15,28.34969
2024-01-24 4:30,30.63662
2024-01-24 4:45,30.75502
2024-01-24 5:00,28.1703
2024-01-24 5:15,23.95461
2024-01-24 5:30,26.30017
2024-01-24 5:45,26.46721
2024-01-24 6:00,26.04985
2024-01-24 6:15,25.96403
2024-01-24 6:30,25.61733
2024-01-24 6:45,26.54348
2024-01-24 7:00,28.3103
2024-01-24 7:15,29.51337
2024-01-24 7:30,31.8566
2024-01-24 7:45,35.26003
2024-01-24 8:00,34.88459
2024-01-24 8:15,39.30087
2024-01-24 8:30,51.15317
2024-01-24 8:45,62.22847
2024-01-24 9:00,46.12038
2024-01-24 9:15,51.63742
2024-01-24 9:30,61.59324
2024-01-24 9:45,64.70305
2024-01-24 10:00,57.7647
2024-01-24 10:15,61.65583
2024-01-24 10:30,62.63513
2024-01-24 10:45,63.11251
2024-01-24 11:00,62.3092
2024-01-24 11:15,61.47278
2024-01-24 11:30,60.90852
2024-01-24 11:45,60.80825
2024-01-24 12:00,61.9087
2024-01-24 12:15,61.4441
2024-01-24 12:30,61.62655
2024-01-24 12:45,61.332
2024-01-24 13:00,64.34397
2024-01-24 13:15,63.95806
2024-01-24 13:30,65.13403
2024-01-24 13:45,65.38804
2024-01-24 14:00,71.25703
2024-01-24 14:15,71.02633
2024-01-24 14:30,67.95296
2024-01-24 14:45,65.98672
2024-01-24 15:00,73.09557
2024-01-24 15:15,74.13921
2024-01-24 15:30,64.88861
2024-01-24 15:45,59.96428
2024-01-24 16:00,64.92
2024-01-24 16:15,62.56314
2024-01-24 16:30,59.92123
2024-01-24 16:45,49.82924
2024-01-24 17:00,49.82924
2024-01-24 17:15,55.76212
2024-01-24 17:30,54.01783
2024-01-24 17:45,50.64745
2024-01-24 18:00,49.73663
2024-01-24 18:15,49.43134
2024-01-24 18:30,48.50523
2024-01-24 18:45,48.2614
2024-01-24 19:00,54.7584
2024-01-24 19:15,53.91623
2024-01-24 19:30,52.40393
2024-01-24 19:45,49.52726
2024-01-24 20:00,54.53767
2024-01-24 20:15,54.01568
2024-01-24 20:30,53.54254
2024-01-24 20:45,54.13327
2024-01-24 21:00,54.83714
2024-01-24 21:15,54.71199
2024-01-24 21:30,65.91179
2024-01-24 21:45,69.44469
2024-01-24 22:00,61.12272
2024-01-24 22:15,66.4875
2024-01-24 22:30,71.12435
2024-01-24 22:45,76.75618
2024-01-24 23:00,55.8574
2024-01-24 23:15,60.29774
2024-01-24 23:30,65.66197
2024-01-24 23:45,70.60404
2024-01-25 0:00,66.11555
2024-01-25 0:15,62.49727
2024-01-25 0:30,57.30515
2024-01-25 0:45,50.20811
2024-01-25 1:00,56.06002
2024-01-25 1:15,54.99368
2024-01-25 1:30,54.59541
2024-01-25 1:45,55.77978
2024-01-25 2:00,67.86337
2024-01-25 2:15,79.93557
2024-01-25 2:30,60.64252
2024-01-25 2:45,59.62282
2024-01-25 3:00,61.8579
2024-01-25 3:15,54.33079
2024-01-25 3:30,53.70537
2024-01-25 3:45,53.44788
2024-01-25 4:00,56.00568
2024-01-25 4:15,58.33894
2024-01-25 4:30,54.30599
2024-01-25 4:45,56.14339
2024-01-25 5:00,61.9031
2024-01-25 5:15,61.88259
2024-01-25 5:30,55.98078
2024-01-25 5:45,54.21981
2024-01-25 6:00,54.33713
2024-01-25 6:15,62.13189
2024-01-25 6:30,59.12706
2024-01-25 6:45,58.54369
2024-01-25 7:00,54.30996
2024-01-25 7:15,54.38867
2024-01-25 7:30,62.64622
2024-01-25 7:45,72.35781
2024-01-25 8:00,55.32874
2024-01-25 8:15,63.95405
2024-01-25 8:30,75.89986
2024-01-25 8:45,80.21255
2024-01-25 9:00,60.71294
2024-01-25 9:15,77.60481
2024-01-25 9:30,85.47193
2024-01-25 9:45,87.22983
2024-01-25 10:00,74.11031
2024-01-25 10:15,82.06077
2024-01-25 10:30,82.99478
2024-01-25 10:45,81.77151
2024-01-25 11:00,79.36887
2024-01-25 11:15,79.40275
2024-01-25 11:30,79.46944
2024-01-25 11:45,72.60125
2024-01-25 12:00,71.50989
2024-01-25 12:15,69.67141
2024-01-25 12:30,66.5583
2024-01-25 12:45,62.26532
2024-01-25 13:00,65.77182
2024-01-25 13:15,65.12133
2024-01-25 13:30,62.83876
2024-01-25 13:45,60.34202
2024-01-25 14:00,65.03979
2024-01-25 14:15,60.80441
2024-01-25 14:30,57.29319
2024-01-25 14:45,51.51913
2024-01-25 15:00,68
2024-01-25 15:15,62.8612
2024-01-25 15:30,54.90682
2024-01-25 15:45,48.39864
2024-01-25 16:00,48.20163
2024-01-25 16:15,46.15461
2024-01-25 16:30,44.28601
2024-01-25 16:45,43.97944
2024-01-25 17:00,47.35216
2024-01-25 17:15,44.14304
2024-01-25 17:30,43.33339
2024-01-25 17:45,41.42343
2024-01-25 18:00,45.30409
2024-01-25 18:15,44.45432
2024-01-25 18:30,50.49641
2024-01-25 18:45,45.48697
2024-01-25 19:00,45.48662
2024-01-25 19:15,44.85068
2024-01-25 19:30,48.69841
2024-01-25 19:45,45.49981
2024-01-25 20:00,43.32904
2024-01-25 20:15,43.32052
2024-01-25 20:30,43.03701
2024-01-25 20:45,43.34512
2024-01-25 21:00,43.1468
2024-01-25 21:15,44.16116
2024-01-25 21:30,45.51322
2024-01-25 21:45,52.6652
2024-01-25 22:00,38.7226
2024-01-25 22:15,42.0245
2024-01-25 22:30,45.29
2024-01-25 22:45,55.02139
2024-01-25 23:00,45.03264
2024-01-25 23:15,54.91956
2024-01-25 23:30,59.30824
2024-01-25 23:45,61.60601
2024-01-26 0:00,56.26415
2024-01-26 0:15,56.69587
2024-01-26 0:30,46.9911
2024-01-26 0:45,45.23097
2024-01-26 1:00,48.00083
2024-01-26 1:15,44.07491
2024-01-26 1:30,42.04217
2024-01-26 1:45,37.40771
2024-01-26 2:00,45.88963
2024-01-26 2:15,41.79542
2024-01-26 2:30,41.66117
2024-01-26 2:45,38.93496
2024-01-26 3:00,44.78101
2024-01-26 3:15,28.71744
2024-01-26 3:30,29.45985
2024-01-26 3:45,22.4491
2024-01-26 4:00,29.42114
2024-01-26 4:15,24.10557
2024-01-26 4:30,20.59153
2024-01-26 4:45,14.34395
2024-01-26 5:00,-60.85098
2024-01-26 5:15,-60.26717
2024-01-26 5:30,-60.19178
2024-01-26 5:45,-59.61116
2024-01-26 6:00,-59.79567
2024-01-26 6:15,-59.6736
2024-01-26 6:30,-53.5706
2024-01-26 6:45,-2.43422
2024-01-26 7:00,-2.43422
2024-01-26 7:15,-53.41
2024-01-26 7:30,-17.01911
2024-01-26 7:45,-2.29159
2024-01-26 8:00,2.2801
2024-01-26 8:15,9.5169
2024-01-26 8:30,29.14966
2024-01-26 8:45,50.52148
2024-01-26 9:00,24.51546
2024-01-26 9:15,40.109
2024-01-26 9:30,55.26168
2024-01-26 9:45,61.74684
2024-01-26 10:00,56.63325
2024-01-26 10:15,59.2791
2024-01-26 10:30,59.83133
2024-01-26 10:45,60.7232
2024-01-26 11:00,57.20339
2024-01-26 11:15,58.26662
2024-01-26 11:30,59.14777
2024-01-26 11:45,58.86722
2024-01-26 12:00,57.0693
2024-01-26 12:15,56.52331
2024-01-26 12:30,56.54587
2024-01-26 12:45,56.20316
2024-01-26 13:00,56.80258
2024-01-26 13:15,56.80441
2024-01-26 13:30,55.46557
2024-01-26 13:45,53.8869
2024-01-26 14:00,56.48419
2024-01-26 14:15,55.64378
2024-01-26 14:30,55.12531
2024-01-26 14:45,53.49442
2024-01-26 15:00,58.297
2024-01-26 15:15,55.24564
2024-01-26 15:30,50.67504
2024-01-26 15:45,47.02194
2024-01-26 16:00,52.37761
2024-01-26 16:15,45.75411
2024-01-26 16:30,44.62856
2024-01-26 16:45,41.72305
2024-01-26 17:00,45.60453
2024-01-26 17:15,44.75482
2024-01-26 17:30,45.0166
2024-01-26 17:45,44.70137
2024-01-26 18:00,46.03076
2024-01-26 18:15,45.95678
2024-01-26 18:30,45.51394
2024-01-26 18:45,44.77449
2024-01-26 19:00,44.7654
2024-01-26 19:15,44.26322
2024-01-26 19:30,44.77917
2024-01-26 19:45,44.70221
2024-01-26 20:00,44.55316
2024-01-26 20:15,43.83475
2024-01-26 20:30,44.63022
2024-01-26 20:45,46.62112
2024-01-26 21:00,47.4385
2024-01-26 21:15,47.99112
2024-01-26 21:30,52.39658
2024-01-26 21:45,56.83269
2024-01-26 22:00,48.37992
2024-01-26 22:15,53.26001
2024-01-26 22:30,56.84311
2024-01-26 22:45,61.42441
2024-01-26 23:00,51.81759
2024-01-26 23:15,58.10258
2024-01-26 23:30,57.84246
2024-01-26 23:45,59.7533
2024-01-27 0:00,60.54561
2024-01-27 0:15,58.65106
2024-01-27 0:30,53.7585
2024-01-27 0:45,46.55565
2024-01-27 1:00,55.1032
2024-01-27 1:15,45.55034
2024-01-27 1:30,42.74485
2024-01-27 1:45,39.12985
2024-01-27 2:00,43.88065
2024-01-27 2:15,39.5424
2024-01-27 2:30,32.46173
2024-01-27 2:45,31.58923
2024-01-27 3:00,25.58072
2024-01-27 3:15,26.53944
2024-01-27 3:30,24.69025
2024-01-27 3:45,16.1264
2024-01-27 4:00,20.2533
2024-01-27 4:15,18.36041
2024-01-27 4:30,17.07575
2024-01-27 4:45,15.45687
2024-01-27 5:00,16.28969
2024-01-27 5:15,14.59706
2024-01-27 5:30,8.23146
2024-01-27 5:45,1.24515
2024-01-27 6:00,-6.68446
2024-01-27 6:15,2.82546
2024-01-27 6:30,2.37898
2024-01-27 6:45,-12.11979
2024-01-27 7:00,-11.0285
2024-01-27 7:15,-6.79776
2024-01-27 7:30,-9.77737
2024-01-27 7:45,7.70154
2024-01-27 8:00,-3.50549
2024-01-27 8:15,15.8022
2024-01-27 8:30,43.34789
2024-01-27 8:45,62.16525
2024-01-27 9:00,44.33069
2024-01-27 9:15,51.1685
2024-01-27 9:30,65.53123
2024-01-27 9:45,71.05922
2024-01-27 10:00,58.92958
2024-01-27 10:15,63.11157
2024-01-27 10:30,64.81135
2024-01-27 10:45,64.65811
2024-01-27 11:00,63.3422
2024-01-27 11:15,63.25179
2024-01-27 11:30,59.86435
2024-01-27 11:45,59.14014
2024-01-27 12:00,58.49819
2024-01-27 12:15,57.36012
2024-01-27 12:30,54.28729
2024-01-27 12:45,52.34974
2024-01-27 13:00,54.59432
2024-01-27 13:15,54.89216
2024-01-27 13:30,49.91747
2024-01-27 13:45,49.4382
2024-01-27 14:00,49.9845
2024-01-27 14:15,49.83235
2024-01-27 14:30,48.32128
2024-01-27 14:45,46.09219
2024-01-27 15:00,49.93332
2024-01-27 15:15,48.48413
2024-01-27 15:30,47.32584
2024-01-27 15:45,44.50573
2024-01-27 16:00,49.75419
2024-01-27 16:15,47.61801
2024-01-27 16:30,48.90687
2024-01-27 16:45,46.68491
2024-01-27 17:00,48.05851
2024-01-27 17:15,47.82373
2024-01-27 17:30,47.3187
2024-01-27 17:45,43.96806
2024-01-27 18:00,46.14677
2024-01-27 18:15,44.06215
2024-01-27 18:30,46.06069
2024-01-27 18:45,42.19362
2024-01-27 19:00,42.25626
2024-01-27 19:15,41.93197
2024-01-27 19:30,41.74029
2024-01-27 19:45,40.4288
2024-01-27 20:00,40.34341
2024-01-27 20:15,40.33906
2024-01-27 20:30,40.13743
2024-01-27 20:45,40.32672
2024-01-27 21:00,40.53512
2024-01-27 21:15,40.34703
2024-01-27 21:30,40.46948
2024-01-27 21:45,41.62182
2024-01-27 22:00,39.87518
2024-01-27 22:15,41.45718
2024-01-27 22:30,41.76149
2024-01-27 22:45,45.81894
2024-01-27 23:00,43.181
2024-01-27 23:15,44.62591
2024-01-27 23:30,45.87604
2024-01-27 23:45,45.78248
2024-01-28 0:00,44.11637
2024-01-28 0:15,40.15259
2024-01-28 0:30,39.50401
2024-01-28 0:45,34.49919
2024-01-28 1:00,38.26818
2024-01-28 1:15,24.67193
2024-01-28 1:30,17.38416
2024-01-28 1:45,7.83461
2024-01-28 2:00,19.16534
2024-01-28 2:15,12.67261
2024-01-28 2:30,14.64206
2024-01-28 2:45,9.89442
2024-01-28 3:00,14.07177
2024-01-28 3:15,-1.65396
2024-01-28 3:30,8.42714
2024-01-28 3:45,8.53988
2024-01-28 4:00,-8.63408
2024-01-28 4:15,-20.08793
2024-01-28 4:30,-18.79644
2024-01-28 4:45,-27.68434
2024-01-28 5:00,-31.26866
2024-01-28 5:15,-31.40509
2024-01-28 5:30,-33.28444
2024-01-28 5:45,-45.1282
2024-01-28 6:00,-46.09686
2024-01-28 6:15,-48.56532
2024-01-28 6:30,-48.90672
2024-01-28 6:45,-48.61277
2024-01-28 7:00,-47.06479
2024-01-28 7:15,-38.25088
2024-01-28 7:30,-25.00068
2024-01-28 7:45,-15.11121
2024-01-28 8:00,-15.0605
2024-01-28 8:15,0.04013
2024-01-28 8:30,0.12508
2024-01-28 8:45,32.23241
2024-01-28 9:00,26.30379
2024-01-28 9:15,36.15284
2024-01-28 9:30,45.85909
2024-01-28 9:45,56.34414
2024-01-28 10:00,46.45997
2024-01-28 10:15,49.64139
2024-01-28 10:30,50.56362
2024-01-28 10:45,52.77536
2024-01-28 11:00,47.01823
2024-01-28 11:15,46.50209
2024-01-28 11:30,45.97902
2024-01-28 11:45,45.28279
2024-01-28 12:00,43.85064
2024-01-28 12:15,43.59543
2024-01-28 12:30,41.54343
2024-01-28 12:45,40.43154
2024-01-28 13:00,40.49523
2024-01-28 13:15,43.19184
2024-01-28 13:30,42.44377
2024-01-28 13:45,42.03687
2024-01-28 14:00,45
2024-01-28 14:15,43.34389
2024-01-28 14:30,43.3409
2024-01-28 14:45,42.98617
2024-01-28 15:00,42.94379
2024-01-28 15:15,42.20546
2024-01-28 15:30,42.22967
2024-01-28 15:45,39.67902
2024-01-28 16:00,41.43117
2024-01-28 16:15,39.96636
2024-01-28 16:30,40.08256
2024-01-28 16:45,39.7262
2024-01-28 17:00,43.13943
2024-01-28 17:15,41.67077
2024-01-28 17:30,42.5273
2024-01-28 17:45,41.35156
2024-01-28 18:00,43.32836
2024-01-28 18:15,43.00696
2024-01-28 18:30,41.49498
2024-01-28 18:45,40.42358
2024-01-28 19:00,39.80017
2024-01-28 19:15,39.43699
2024-01-28 19:30,38.49056
2024-01-28 19:45,37.49248
2024-01-28 20:00,39.65687
2024-01-28 20:15,40.68152
2024-01-28 20:30,40.25
2024-01-28 20:45,39.50216
2024-01-28 21:00,40.61332
2024-01-28 21:15,42.16427
2024-01-28 21:30,41.44365
2024-01-28 21:45,40.60614
2024-01-28 22:00,39.33382
2024-01-28 22:15,39.1597
2024-01-28 22:30,39.55321
2024-01-28 22:45,42.83769
2024-01-28 23:00,43.45383
2024-01-28 23:15,43.7708
2024-01-28 23:30,44.07146
2024-01-28 23:45,45.87592
2024-01-29 0:00,45.87892
2024-01-29 0:15,44.5249
2024-01-29 0:30,39.78346
2024-01-29 0:45,32.31726
2024-01-29 1:00,32.1606
2024-01-29 1:15,16.57361
2024-01-29 1:30,13.25116
2024-01-29 1:45,4.46537
2024-01-29 2:00,5.98772
2024-01-29 2:15,1.8464
2024-01-29 2:30,-6.32022
2024-01-29 2:45,-11.78909
2024-01-29 3:00,-8.63594
2024-01-29 3:15,-8.50985
2024-01-29 3:30,-12.43541
2024-01-29 3:45,-32.26008
2024-01-29 4:00,-8.82151
2024-01-29 4:15,-53.41
2024-01-29 4:30,-53.38826
2024-01-29 4:45,-53.41
2024-01-29 5:00,-53.56052
2024-01-29 5:15,-54.63121
2024-01-29 5:30,-54.5152
2024-01-29 5:45,-53.46151
2024-01-29 6:00,-54.52584
2024-01-29 6:15,-53.48325
2024-01-29 6:30,-53.49436
2024-01-29 6:45,-42.51976
2024-01-29 7:00,-53.00783
2024-01-29 7:15,-34.6351
2024-01-29 7:30,-22.69484
2024-01-29 7:45,-14.51593
2024-01-29 8:00,-14.44612
2024-01-29 8:15,9.69734
2024-01-29 8:30,22.57629
2024-01-29 8:45,36.9258
2024-01-29 9:00,19.6932
2024-01-29 9:15,32.88832
2024-01-29 9:30,48.81527
2024-01-29 9:45,54.78801
2024-01-29 10:00,46.84621
2024-01-29 10:15,48.82131
2024-01-29 10:30,52.30807
2024-01-29 10:45,53.28268
2024-01-29 11:00,47.05354
2024-01-29 11:15,47.69231
2024-01-29 11:30,51.65
2024-01-29 11:45,45.7
2024-01-29 12:00,45
2024-01-29 12:15,44.0488
2024-01-29 12:30,43
2024-01-29 12:45,40.72149
2024-01-29 13:00,41.4
2024-01-29 13:15,40.61157
2024-01-29 13:30,41.4
2024-01-29 13:45,40.61157
2024-01-29 14:00,42.83286
2024-01-29 14:15,42.10055
2024-01-29 14:30,41.63451
2024-01-29 14:45,40.87893
2024-01-29 15:00,41.02138
2024-01-29 15:15,39.83107
2024-01-29 15:30,39.51627
2024-01-29 15:45,38.57952
2024-01-29 16:00,40.16924
2024-01-29 16:15,39.39273
2024-01-29 16:30,38.65
2024-01-29 16:45,37.27439
2024-01-29 17:00,40.06595
2024-01-29 17:15,39.00907
2024-01-29 17:30,39.33551
2024-01-29 17:45,37.87718
2024-01-29 18:00,40.04988
2024-01-29 18:15,39.78716
2024-01-29 18:30,39.49822
2024-01-29 18:45,39.55772
2024-01-29 19:00,38.78392
2024-01-29 19:15,38.78345
2024-01-29 19:30,39.15793
2024-01-29 19:45,38.73314
2024-01-29 20:00,39.86909
2024-01-29 20:15,40.14834
2024-01-29 20:30,40.14118
2024-01-29 20:45,39.91507
2024-01-29 21:00,40.86596
2024-01-29 21:15,41.42068
2024-01-29 21:30,41.70599
2024-01-29 21:45,44.6117
2024-01-29 22:00,41.45881
2024-01-29 22:15,42.94742
2024-01-29 22:30,46.32829
2024-01-29 22:45,46.3512
2024-01-29 23:00,42.4447
2024-01-29 23:15,45.98067
2024-01-29 23:30,46.9975
2024-01-29 23:45,47.62351
2024-01-30 0:00,47.94394
2024-01-30 0:15,45.65964
2024-01-30 0:30,42.12414
2024-01-30 0:45,40.09291
2024-01-30 1:00,41.78829
2024-01-30 1:15,37.29145
2024-01-30 1:30,20.0692
2024-01-30 1:45,13.48979
2024-01-30 2:00,12.12779
2024-01-30 2:15,9.06094
2024-01-30 2:30,8.85562
2024-01-30 2:45,6.53531
2024-01-30 3:00,12.35337
2024-01-30 3:15,0.46571
2024-01-30 3:30,3.56624
2024-01-30 3:45,5.26503
2024-01-30 4:00,7.667
2024-01-30 4:15,7.71053
2024-01-30 4:30,7.1408
2024-01-30 4:45,8.23588
2024-01-30 5:00,9.35974
2024-01-30 5:15,8.71952
2024-01-30 5:30,8.91985
2024-01-30 5:45,9.80246
2024-01-30 6:00,8.33956
2024-01-30 6:15,9.27631
2024-01-30 6:30,8.85499
2024-01-30 6:45,8.67761
2024-01-30 7:00,10.21797
2024-01-30 7:15,12.72335
2024-01-30 7:30,12.98426
2024-01-30 7:45,10.52007
2024-01-30 8:00,12.98975
2024-01-30 8:15,23.01289
2024-01-30 8:30,42.66541
2024-01-30 8:45,54.82147
2024-01-30 9:00,25.1333
2024-01-30 9:15,38.90597
2024-01-30 9:30,58.8336
2024-01-30 9:45,62.16877
2024-01-30 10:00,53.18894
2024-01-30 10:15,55.81976
2024-01-30 10:30,59.83788
2024-01-30 10:45,59.99491
2024-01-30 11:00,53.06687
2024-01-30 11:15,51.56383
2024-01-30 11:30,50.96395
2024-01-30 11:45,49.76405
2024-01-30 12:00,50.02899
2024-01-30 12:15,48.29968
2024-01-30 12:30,49.18466
2024-01-30 12:45,48.9602
2024-01-30 13:00,51.23415
2024-01-30 13:15,49.74019
2024-01-30 13:30,49.70981
2024-01-30 13:45,47.41461
2024-01-30 14:00,46.64483
2024-01-30 14:15,45.78267
2024-01-30 14:30,44.85311
2024-01-30 14:45,43.6843
2024-01-30 15:00,43.96064
2024-01-30 15:15,40.88485
2024-01-30 15:30,39.8493
2024-01-30 15:45,38.50155
2024-01-30 16:00,40.87442
2024-01-30 16:15,40.44029
2024-01-30 16:30,40.74979
2024-01-30 16:45,39.73535
2024-01-30 17:00,37.28697
2024-01-30 17:15,35.98302
2024-01-30 17:30,35.64524
2024-01-30 17:45,33.01039
2024-01-30 18:00,34.85109
2024-01-30 18:15,32.5652
2024-01-30 18:30,32.38662
2024-01-30 18:45,31.90496
2024-01-30 19:00,29.35851
2024-01-30 19:15,29.72978
2024-01-30 19:30,31.20732
2024-01-30 19:45,31.2088
2024-01-30 20:00,33.47075
2024-01-30 20:15,33.71799
2024-01-30 20:30,33.76333
2024-01-30 20:45,33.98531
2024-01-30 21:00,33.77788
2024-01-30 21:15,34.25436
2024-01-30 21:30,37.58501
2024-01-30 21:45,38.9351
2024-01-30 22:00,36.58831
2024-01-30 22:15,38.31832
2024-01-30 22:30,42.72967
2024-01-30 22:45,43.459
2024-01-30 23:00,38.25168
2024-01-30 23:15,41.25747
2024-01-30 23:30,43.70608
2024-01-30 23:45,44.05289
2024-01-31 0:00,43.97586
2024-01-31 0:15,44.02798
2024-01-31 0:30,38.3852
2024-01-31 0:45,35.1531
2024-01-31 1:00,37.20664
2024-01-31 1:15,26.97807
2024-01-31 1:30,7.6222
2024-01-31 1:45,10.36916
2024-01-31 2:00,5.57081
2024-01-31 2:15,9.27616
2024-01-31 2:30,5.17075
2024-01-31 2:45,4.80935
2024-01-31 3:00,6.4671
2024-01-31 3:15,4.95197
2024-01-31 3:30,-51.30272
2024-01-31 3:45,-53.41636
2024-01-31 4:00,-53.23179
2024-01-31 4:15,-53.29885
2024-01-31 4:30,11.83263
2024-01-31 4:45,9.83413
2024-01-31 5:00,-51.93736
2024-01-31 5:15,10.84764
2024-01-31 5:30,-53.11852
2024-01-31 5:45,8.3519
2024-01-31 6:00,-53.37774
2024-01-31 6:15,19.42456
2024-01-31 6:30,18.89646
2024-01-31 6:45,19.05415
2024-01-31 7:00,13.94394
2024-01-31 7:15,15.14981
2024-01-31 7:30,16.44923
2024-01-31 7:45,24.02802
2024-01-31 8:00,15.05304
2024-01-31 8:15,27.34464
2024-01-31 8:30,38.31138
2024-01-31 8:45,47.8256
2024-01-31 9:00,31.21559
2024-01-31 9:15,35.39536
2024-01-31 9:30,51.83704
2024-01-31 9:45,54.25793
2024-01-31 10:00,49.79089
2024-01-31 10:15,52.00535
2024-01-31 10:30,52.19469
2024-01-31 10:45,52.11534
2024-01-31 11:00,50.57588
2024-01-31 11:15,50.58606
2024-01-31 11:30,50.02048
2024-01-31 11:45,48.14872
2024-01-31 12:00,44.94946
2024-01-31 12:15,40.88518
2024-01-31 12:30,41.60847
2024-01-31 12:45,40.62374
2024-01-31 13:00,40.62766
2024-01-31 13:15,40.14402
2024-01-31 13:30,40.53122
2024-01-31 13:45,40.25937
2024-01-31 14:00,41.32063
2024-01-31 14:15,40.78454
2024-01-31 14:30,40.56469
2024-01-31 14:45,39.13808
2024-01-31 15:00,40.16192
2024-01-31 15:15,36.51605
2024-01-31 15:30,35.51174
2024-01-31 15:45,33.39125
2024-01-31 16:00,37.44846
2024-01-31 16:15,36.40509
2024-01-31 16:30,36.5283
2024-01-31 16:45,35.31802
2024-01-31 17:00,38.55004
2024-01-31 17:15,38.83545
2024-01-31 17:30,38.7492
2024-01-31 17:45,39.18912
2024-01-31 18:00,42.30356
2024-01-31 18:15,40.27757
2024-01-31 18:30,39.0922
2024-01-31 18:45,36.61314
2024-01-31 19:00,38.53252
2024-01-31 19:15,38.52113
2024-01-31 19:30,38.89999
2024-01-31 19:45,38.63714
2024-01-31 20:00,39.11176
2024-01-31 20:15,39.01154
2024-01-31 20:30,38.6369
2024-01-31 20:45,39.06854
2024-01-31 21:00,38.56449
2024-01-31 21:15,38.71932
2024-01-31 21:30,39.24829
2024-01-31 21:45,39.52248
2024-01-31 22:00,39.78832
2024-01-31 22:15,41.5564
2024-01-31 22:30,40.38211
2024-01-31 22:45,43.85564
2024-01-31 23:00,40.60477
2024-01-31 23:15,42.66212
2024-01-31 23:30,44.17751
2024-01-31 23:45,44.64908
2024-02-01 0:00,45.72941
2024-02-01 0:15,44.84653
2024-02-01 0:30,40.83377
2024-02-01 0:45,37.23613
2024-02-01 1:00,40.08366
2024-02-01 1:15,38.1749
2024-02-01 1:30,34.07407
2024-02-01 1:45,31.85706
2024-02-01 2:00,33.82664
2024-02-01 2:15,31.17945
2024-02-01 2:30,30.4075
2024-02-01 2:45,21.58899
2024-02-01 3:00,31.31599
2024-02-01 3:15,31.98606
2024-02-01 3:30,31.97945
2024-02-01 3:45,30.03643
2024-02-01 4:00,30.916
2024-02-01 4:15,28.47064
2024-02-01 4:30,24.47112
2024-02-01 4:45,13.36745
2024-02-01 5:00,21.84175
2024-02-01 5:15,28.29234
2024-02-01 5:30,28.49064
2024-02-01 5:45,26.58694
2024-02-01 6:00,20.03084
2024-02-01 6:15,22.02604
2024-02-01 6:30,22.71595
2024-02-01 6:45,24.83681
2024-02-01 7:00,30.86609
2024-02-01 7:15,37.31434
2024-02-01 7:30,37.7566
2024-02-01 7:45,39.09627
2024-02-01 8:00,41.88809
2024-02-01 8:15,43.47275
2024-02-01 8:30,49.67379
2024-02-01 8:45,53.44815
2024-02-01 9:00,45.04794
2024-02-01 9:15,46.17252
2024-02-01 9:30,51.6992
2024-02-01 9:45,54.70973
2024-02-01 10:00,51.23657
2024-02-01 10:15,55
2024-02-01 10:30,55.66628
2024-02-01 10:45,56.28611
2024-02-01 11:00,55.79669
2024-02-01 11:15,52
2024-02-01 11:30,50.00917
2024-02-01 11:45,49.48682
2024-02-01 12:00,48.08471
2024-02-01 12:15,47.91399
2024-02-01 12:30,47.33721
2024-02-01 12:45,47.06951
2024-02-01 13:00,49.24509
2024-02-01 13:15,47.3
2024-02-01 13:30,44.9988
2024-02-01 13:45,39.9652
2024-02-01 14:00,44.57
2024-02-01 14:15,41.622
2024-02-01 14:30,39.89
2024-02-01 14:45,37.68
2024-02-01 15:00,39.66
2024-02-01 15:15,36.082
2024-02-01 15:30,35.33527
2024-02-01 15:45,34.4288
2024-02-01 16:00,35.81
2024-02-01 16:15,35.04
2024-02-01 16:30,34.6
2024-02-01 16:45,35
2024-02-01 17:00,38.38773
2024-02-01 17:15,37.08
2024-02-01 17:30,37.33
2024-02-01 17:45,36.2846
2024-02-01 18:00,37.34
2024-02-01 18:15,37.33
2024-02-01 18:30,36.97
2024-02-01 18:45,36.2846
2024-02-01 19:00,37.34
2024-02-01 19:15,37.05242
2024-02-01 19:30,36.2846
2024-02-01 19:45,36.2846
2024-02-01 20:00,36.30528
2024-02-01 20:15,36.93562
2024-02-01 20:30,35.62875
2024-02-01 20:45,35.63312
2024-02-01 21:00,35.41
2024-02-01 21:15,36.2746
2024-02-01 21:30,36.229
2024-02-01 21:45,35.66
2024-02-01 22:00,37.11
2024-02-01 22:15,40.51
2024-02-01 22:30,43.24
2024-02-01 22:45,49.5476
2024-02-01 23:00,40
2024-02-01 23:15,42.34
2024-02-01 23:30,44.23747
2024-02-01 23:45,46.40431
2024-02-02 0:00,40.51
2024-02-02 0:15,40.51
2024-02-02 0:30,37.62337
2024-02-02 0:45,36.78447
2024-02-02 1:00,40.51
2024-02-02 1:15,40.51
2024-02-02 1:30,41
2024-02-02 1:45,40.51
2024-02-02 2:00,47.0488
2024-02-02 2:15,48.9976
2024-02-02 2:30,45.20064
2024-02-02 2:45,44.9976
2024-02-02 3:00,47.05
2024-02-02 3:15,47.05
2024-02-02 3:30,40.51
2024-02-02 3:45,39.059
2024-02-02 4:00,39.0012
2024-02-02 4:15,38.1
2024-02-02 4:30,37.34
2024-02-02 4:45,35.94384
2024-02-02 5:00,36.54611
2024-02-02 5:15,36.391
2024-02-02 5:30,35.697
2024-02-02 5:45,36.19013
2024-02-02 6:00,36.26575
2024-02-02 6:15,38.68387
2024-02-02 6:30,37.69768
2024-02-02 6:45,38.1336
2024-02-02 7:00,38.02167
2024-02-02 7:15,42.45671
2024-02-02 7:30,45.3488
2024-02-02 7:45,46.40431
2024-02-02 8:00,41.99061
2024-02-02 8:15,49.72897
2024-02-02 8:30,49.9988
2024-02-02 8:45,52.28
2024-02-02 9:00,40.51
2024-02-02 9:15,49.7312
2024-02-02 9:30,52.28
2024-02-02 9:45,54.9988
2024-02-02 10:00,49.9988
2024-02-02 10:15,52.28
2024-02-02 10:30,54.59
2024-02-02 10:45,53
2024-02-02 11:00,52.28
2024-02-02 11:15,52.27
2024-02-02 11:30,52.27
2024-02-02 11:45,52.27
2024-02-02 12:00,52.09875
2024-02-02 12:15,52.27
2024-02-02 12:30,50.1
2024-02-02 12:45,50.1
2024-02-02 13:00,52.27
2024-02-02 13:15,51.18
2024-02-02 13:30,51.07
2024-02-02 13:45,50.45058
2024-02-02 14:00,52.28
2024-02-02 14:15,52.28
2024-02-02 14:30,52.55
2024-02-02 14:45,48.23304
2024-02-02 15:00,49.9988
2024-02-02 15:15,50.80761
2024-02-02 15:30,43.1139
2024-02-02 15:45,40.62935
2024-02-02 16:00,42.5589
2024-02-02 16:15,40.71206
2024-02-02 16:30,38.96158
2024-02-02 16:45,37.82377
2024-02-02 17:00,55.23511
2024-02-02 17:15,42.72425
2024-02-02 17:30,141.8925
2024-02-02 17:45,180.71379
2024-02-02 18:00,39.89871
2024-02-02 18:15,43.01994
2024-02-02 18:30,40.51773
2024-02-02 18:45,43.02158
2024-02-02 19:00,43.02926
2024-02-02 19:15,43.03298
2024-02-02 19:30,43.02832
2024-02-02 19:45,43.02325
2024-02-02 20:00,43.02828
2024-02-02 20:15,43.02299
2024-02-02 20:30,43.02856
2024-02-02 20:45,46.18314
2024-02-02 21:00,44.05055
2024-02-02 21:15,39.88925
2024-02-02 21:30,45.29628
2024-02-02 21:45,42.56465
2024-02-02 22:00,44.59105
2024-02-02 22:15,44.16445
2024-02-02 22:30,48.36148
2024-02-02 22:45,52.89297
2024-02-02 23:00,41.53532
2024-02-02 23:15,49.71582
2024-02-02 23:30,53.08974
2024-02-02 23:45,54.99682
2024-02-03 0:00,58.3812
2024-02-03 0:15,51.03
2024-02-03 0:30,43.09409
2024-02-03 0:45,38.62433
2024-02-03 1:00,45.13251
2024-02-03 1:15,38.6509
2024-02-03 1:30,29.81938
2024-02-03 1:45,21.98502
2024-02-03 2:00,24.65179
2024-02-03 2:15,18.24194
2024-02-03 2:30,10.71448
2024-02-03 2:45,10.69702
2024-02-03 3:00,11.35627
2024-02-03 3:15,10.43535
2024-02-03 3:30,8.12218
2024-02-03 3:45,12.0006
2024-02-03 4:00,7.7012
2024-02-03 4:15,2.87865
2024-02-03 4:30,-1.13428
2024-02-03 4:45,-0.16591
2024-02-03 5:00,10.19999
2024-02-03 5:15,10.20556
2024-02-03 5:30,4.60828
2024-02-03 5:45,-2.16738
2024-02-03 6:00,5.91771
2024-02-03 6:15,11.04217
2024-02-03 6:30,6.93472
2024-02-03 6:45,3.33725
2024-02-03 7:00,5.54202
2024-02-03 7:15,6.89422
2024-02-03 7:30,5.69568
2024-02-03 7:45,21.35816
2024-02-03 8:00,11.8507
2024-02-03 8:15,14.06046
2024-02-03 8:30,27.12188
2024-02-03 8:45,42.34489
2024-02-03 9:00,28.76981
2024-02-03 9:15,39.84537
2024-02-03 9:30,49.79421
2024-02-03 9:45,56.75447
2024-02-03 10:00,51.50612
2024-02-03 10:15,51.12202
2024-02-03 10:30,57.56076
2024-02-03 10:45,63.72344
2024-02-03 11:00,301.45847
2024-02-03 11:15,52.00877
2024-02-03 11:30,50
2024-02-03 11:45,49.96423
2024-02-03 12:00,50.416
2024-02-03 12:15,50.42339
2024-02-03 12:30,51.56136
2024-02-03 12:45,49.87073
2024-02-03 13:00,51.66385
2024-02-03 13:15,50.34827
2024-02-03 13:30,49.2418
2024-02-03 13:45,47.46217
2024-02-03 14:00,47.29388
2024-02-03 14:15,47.01228
2024-02-03 14:30,45.90862
2024-02-03 14:45,40.40823
2024-02-03 15:00,54.50728
2024-02-03 15:15,50.36187
2024-02-03 15:30,54.14995
2024-02-03 15:45,49.46
2024-02-03 16:00,55.14
2024-02-03 16:15,55.14
2024-02-03 16:30,55.14
2024-02-03 16:45,55.22857
2024-02-03 17:00,80.90822
2024-02-03 17:15,78.5362
2024-02-03 17:30,74.03726
2024-02-03 17:45,74.24496
2024-02-03 18:00,39.1259
2024-02-03 18:15,44.58283
2024-02-03 18:30,44.51
2024-02-03 18:45,39.37441
2024-02-03 19:00,44.86216
2024-02-03 19:15,41.1098
2024-02-03 19:30,43.56871
2024-02-03 19:45,39.35863
2024-02-03 20:00,39.38747
2024-02-03 20:15,39.3906
2024-02-03 20:30,39.38413
2024-02-03 20:45,39.34741
2024-02-03 21:00,39.40698
2024-02-03 21:15,39.39635
2024-02-03 21:30,39.40365
2024-02-03 21:45,35.88077
2024-02-03 22:00,46.35867
2024-02-03 22:15,46.31977
2024-02-03 22:30,48.44376
2024-02-03 22:45,75.74672
2024-02-03 23:00,46.40123
2024-02-03 23:15,50.04099
2024-02-03 23:30,46.51971
2024-02-03 23:45,46.04266
2024-02-04 0:00,50.05033
2024-02-04 0:15,46.04337
2024-02-04 0:30,37.29638
2024-02-04 0:45,22.73633
2024-02-04 1:00,25.3251
2024-02-04 1:15,16.60711
2024-02-04 1:30,11.91336
2024-02-04 1:45,6.83086
2024-02-04 2:00,12.65243
2024-02-04 2:15,13.33293
2024-02-04 2:30,12.11881
2024-02-04 2:45,5.68318
2024-02-04 3:00,0.91105
2024-02-04 3:15,-27.12633
2024-02-04 3:30,-18.24854
2024-02-04 3:45,-15.33042
2024-02-04 4:00,-0.60377
2024-02-04 4:15,-31.92317
2024-02-04 4:30,-40.77524
2024-02-04 4:45,-29.90566
2024-02-04 5:00,-6.23273
2024-02-04 5:15,-3.72989
2024-02-04 5:30,-25.87179
2024-02-04 5:45,-36.06203
2024-02-04 6:00,-41.1226
2024-02-04 6:15,-39.09946
2024-02-04 6:30,-42.88794
2024-02-04 6:45,-42.54914
2024-02-04 7:00,-29.32339
2024-02-04 7:15,-28.28522
2024-02-04 7:30,-30.65821
2024-02-04 7:45,-27.6727
2024-02-04 8:00,-26.58998
2024-02-04 8:15,-3.47454
2024-02-04 8:30,6.81111
2024-02-04 8:45,41.14525
2024-02-04 9:00,22.10654
2024-02-04 9:15,34.3425
2024-02-04 9:30,61.72087
2024-02-04 9:45,62.80445
2024-02-04 10:00,48.19965
2024-02-04 10:15,48.65827
2024-02-04 10:30,64.88834
2024-02-04 10:45,50.63362
2024-02-04 11:00,49.75255
2024-02-04 11:15,49.62872
2024-02-04 11:30,50.16746
2024-02-04 11:45,50.45197
2024-02-04 12:00,49.5995
2024-02-04 12:15,49.4825
2024-02-04 12:30,48.41718
2024-02-04 12:45,48.44556
2024-02-04 13:00,47.93622
2024-02-04 13:15,43.68688
2024-02-04 13:30,45.97741
2024-02-04 13:45,45.09842
2024-02-04 14:00,48.31776
2024-02-04 14:15,48.93
2024-02-04 14:30,45.00352
2024-02-04 14:45,48.23277
2024-02-04 15:00,55.81696
2024-02-04 15:15,55.77285
2024-02-04 15:30,49.8586
2024-02-04 15:45,49.57496
2024-02-04 16:00,47.56385
2024-02-04 16:15,47.8963
2024-02-04 16:30,47.95486
2024-02-04 16:45,45.30467
2024-02-04 17:00,55
2024-02-04 17:15,41.1051
2024-02-04 17:30,41.10207
2024-02-04 17:45,42.01245
2024-02-04 18:00,41.10505
2024-02-04 18:15,40
2024-02-04 18:30,42.49
2024-02-04 18:45,42.11133
2024-02-04 19:00,55
2024-02-04 19:15,55
2024-02-04 19:30,53.39316
2024-02-04 19:45,47.56097
2024-02-04 20:00,42.5
2024-02-04 20:15,42.5
2024-02-04 20:30,42.5
2024-02-04 20:45,42.93275
2024-02-04 21:00,43.2134
2024-02-04 21:15,55.74531
2024-02-04 21:30,61.97975
2024-02-04 21:45,57.86928
2024-02-04 22:00,62.96466
2024-02-04 22:15,62.7338
2024-02-04 22:30,54.28067
2024-02-04 22:45,43.04861
2024-02-04 23:00,41.59633
2024-02-04 23:15,42.60591
2024-02-04 23:30,42.62523
2024-02-04 23:45,42.49305
2024-02-05 0:00,42.49255
2024-02-05 0:15,39.45193
2024-02-05 0:30,39.56891
2024-02-05 0:45,34.73122
2024-02-05 1:00,42.50558
2024-02-05 1:15,34.75926
2024-02-05 1:30,40.57605
2024-02-05 1:45,34.09897
2024-02-05 2:00,30.24133
2024-02-05 2:15,26.577
2024-02-05 2:30,30.47887
2024-02-05 2:45,29.05815
2024-02-05 3:00,40.28713
2024-02-05 3:15,19.98099
2024-02-05 3:30,13.43394
2024-02-05 3:45,-6.23214
2024-02-05 4:00,8.32306
2024-02-05 4:15,20.91602
2024-02-05 4:30,26.4729
2024-02-05 4:45,27.94679
2024-02-05 5:00,32.38315
2024-02-05 5:15,27.96462
2024-02-05 5:30,23.7902
2024-02-05 5:45,9.67876
2024-02-05 6:00,22.56364
2024-02-05 6:15,23.4038
2024-02-05 6:30,21.96197
2024-02-05 6:45,22.74492
2024-02-05 7:00,25.15443
2024-02-05 7:15,30.12846
2024-02-05 7:30,31.67331
2024-02-05 7:45,34.34763
2024-02-05 8:00,42.68391
2024-02-05 8:15,59.83168
2024-02-05 8:30,63.64464
2024-02-05 8:45,50.30141
2024-02-05 9:00,32.93517
2024-02-05 9:15,38.4724
2024-02-05 9:30,48.52222
2024-02-05 9:45,53.11072
2024-02-05 10:00,45.34466
2024-02-05 10:15,51.04259
2024-02-05 10:30,64.93373
2024-02-05 10:45,54.47891
2024-02-05 11:00,65.28551
2024-02-05 11:15,65.13447
2024-02-05 11:30,65.05889
2024-02-05 11:45,64.98593
2024-02-05 12:00,53.25096
2024-02-05 12:15,53.74398
2024-02-05 12:30,52.87512
2024-02-05 12:45,52.26793
2024-02-05 13:00,52.41544
2024-02-05 13:15,51.89872
2024-02-05 13:30,51.91142
2024-02-05 13:45,51.89177
2024-02-05 14:00,51.22
2024-02-05 14:15,51.22
2024-02-05 14:30,48.28283
2024-02-05 14:45,45.34466
2024-02-05 15:00,50.0004
2024-02-05 15:15,49.9988
2024-02-05 15:30,48.3
2024-02-05 15:45,122.65765
2024-02-05 16:00,187.62524
2024-02-05 16:15,174.10815
2024-02-05 16:30,52.00659
2024-02-05 16:45,273.9424
2024-02-05 17:00,69.02
2024-02-05 17:15,60.47307
2024-02-05 17:30,49.76
2024-02-05 17:45,56.41901
2024-02-05 18:00,68.52
2024-02-05 18:15,68.901
2024-02-05 18:30,68.52
2024-02-05 18:45,108.42147
2024-02-05 19:00,134.36537
2024-02-05 19:15,130.28284
2024-02-05 19:30,172.58846
2024-02-05 19:45,211.40912
2024-02-05 20:00,174.7492
2024-02-05 20:15,187.34837
2024-02-05 20:30,236.9865
2024-02-05 20:45,160.51205
2024-02-05 21:00,96.1309
2024-02-05 21:15,130.4621
2024-02-05 21:30,231.14108
2024-02-05 21:45,378.92288
2024-02-05 22:00,68.55694
2024-02-05 22:15,87.8802
2024-02-05 22:30,58.40582
2024-02-05 22:45,70.30496
2024-02-05 23:00,46.27889
2024-02-05 23:15,50.13406
2024-02-05 23:30,54.86823
2024-02-05 23:45,55.01755
2024-02-06 0:00,49.71145
2024-02-06 0:15,47.16272
2024-02-06 0:30,46.14331
2024-02-06 0:45,46.26771
2024-02-06 1:00,48.17651
2024-02-06 1:15,54.3462
2024-02-06 1:30,43.03849
2024-02-06 1:45,42.30156
2024-02-06 2:00,42.71674
2024-02-06 2:15,41.36658
2024-02-06 2:30,40.5058
2024-02-06 2:45,37.6289
2024-02-06 3:00,24.6314
2024-02-06 3:15,-12.68498
2024-02-06 3:30,38.11449
2024-02-06 3:45,13.03926
2024-02-06 4:00,36.96666
2024-02-06 4:15,39.19317
2024-02-06 4:30,41.13828
2024-02-06 4:45,34.03748
2024-02-06 5:00,49.70889
2024-02-06 5:15,49.21172
2024-02-06 5:30,48.45446
2024-02-06 5:45,49.58343
2024-02-06 6:00,53.57017
2024-02-06 6:15,54.45697
2024-02-06 6:30,53.15557
2024-02-06 6:45,55.39741
2024-02-06 7:00,55.39741
2024-02-06 7:15,55.39741
2024-02-06 7:30,68.6138
2024-02-06 7:45,69.16573
2024-02-06 8:00,62.2195
2024-02-06 8:15,71.91613
2024-02-06 8:30,75.85232
2024-02-06 8:45,75.01351
2024-02-06 9:00,59.85761
2024-02-06 9:15,69.2588
2024-02-06 9:30,76.4224
2024-02-06 9:45,91.32176
2024-02-06 10:00,79.9548
2024-02-06 10:15,83.67715
2024-02-06 10:30,98.4824
2024-02-06 10:45,108.07682
2024-02-06 11:00,86.05
2024-02-06 11:15,80.90644
2024-02-06 11:30,84.59007
2024-02-06 11:45,78.68698
2024-02-06 12:00,76.14437
2024-02-06 12:15,69.16856
2024-02-06 12:30,68.21595
2024-02-06 12:45,65.03797
2024-02-06 13:00,63.04969
2024-02-06 13:15,64.5729
2024-02-06 13:30,62.87517
2024-02-06 13:45,54.38723
2024-02-06 14:00,54.38723
2024-02-06 14:15,58.99841
2024-02-06 14:30,54.51845
2024-02-06 14:45,53.6819
2024-02-06 15:00,60.74634
2024-02-06 15:15,60.01056
2024-02-06 15:30,52.51941
2024-02-06 15:45,51.29003
2024-02-06 16:00,76.99546
2024-02-06 16:15,69.46551
2024-02-06 16:30,46.46242
2024-02-06 16:45,46.98678
2024-02-06 17:00,59.24244
2024-02-06 17:15,47.56245
2024-02-06 17:30,46.05795
2024-02-06 17:45,44.83278
2024-02-06 18:00,49.43749
2024-02-06 18:15,48.68355
2024-02-06 18:30,48.74581
2024-02-06 18:45,48.36898
2024-02-06 19:00,50.82915
2024-02-06 19:15,50.42499
2024-02-06 19:30,49.91022
2024-02-06 19:45,49.82597
2024-02-06 20:00,49.71978
2024-02-06 20:15,49.74085
2024-02-06 20:30,53.38733
2024-02-06 20:45,55.15586
2024-02-06 21:00,53.38532
2024-02-06 21:15,52.82365
2024-02-06 21:30,54.99765
2024-02-06 21:45,56.52513
2024-02-06 22:00,60.95517
2024-02-06 22:15,61.51359
2024-02-06 22:30,62.33738
2024-02-06 22:45,65.78067
2024-02-06 23:00,58.88051
2024-02-06 23:15,61.56544
2024-02-06 23:30,70.39674
2024-02-06 23:45,69.80441
2024-02-07 0:00,70.04466
2024-02-07 0:15,70.1608
2024-02-07 0:30,67.83745
2024-02-07 0:45,67.57728
2024-02-07 1:00,69.76865
2024-02-07 1:15,55.46
2024-02-07 1:30,67.09675
2024-02-07 1:45,45.0036
2024-02-07 2:00,53.73452
2024-02-07 2:15,52.05112
2024-02-07 2:30,44.94592
2024-02-07 2:45,42.85986
2024-02-07 3:00,51.86755
2024-02-07 3:15,51.56657
2024-02-07 3:30,48.5794
2024-02-07 3:45,44.42704
2024-02-07 4:00,49.9988
2024-02-07 4:15,47.47
2024-02-07 4:30,42.64432
2024-02-07 4:45,40.32928
2024-02-07 5:00,42.74887
2024-02-07 5:15,40.76184
2024-02-07 5:30,41.05085
2024-02-07 5:45,40.56222
2024-02-07 6:00,41.4012
2024-02-07 6:15,41.45491
2024-02-07 6:30,42.49128
2024-02-07 6:45,41.5908
2024-02-07 7:00,43.23011
2024-02-07 7:15,45.43
2024-02-07 7:30,49.25166
2024-02-07 7:45,49.9988
2024-02-07 8:00,45.922
2024-02-07 8:15,49.9988
2024-02-07 8:30,62.51834
2024-02-07 8:45,66.51
2024-02-07 9:00,51.74
2024-02-07 9:15,51.74
2024-02-07 9:30,61.65917
2024-02-07 9:45,69.94
2024-02-07 10:00,58.92
2024-02-07 10:15,59.3324
2024-02-07 10:30,68.1536
2024-02-07 10:45,69.94
2024-02-07 11:00,66.7024
2024-02-07 11:15,68.1536
2024-02-07 11:30,67.97
2024-02-07 11:45,68.1536
2024-02-07 12:00,63.6
2024-02-07 12:15,61.0773
2024-02-07 12:30,55.51566
2024-02-07 12:45,50.5132
2024-02-07 13:00,52.59472
2024-02-07 13:15,49.36894
2024-02-07 13:30,48.6784
2024-02-07 13:45,45.82131
2024-02-07 14:00,51.96231
2024-02-07 14:15,45.70577
2024-02-07 14:30,45.051
2024-02-07 14:45,42.76534
2024-02-07 15:00,54.625
2024-02-07 15:15,45.0012
2024-02-07 15:30,42.58002
2024-02-07 15:45,41.87622
2024-02-07 16:00,44.06613
2024-02-07 16:15,42.27151
2024-02-07 16:30,40.25342
2024-02-07 16:45,40.00887
2024-02-07 17:00,44.08
2024-02-07 17:15,43.31505
2024-02-07 17:30,43.35095
2024-02-07 17:45,43.31505
2024-02-07 18:00,44.46872
2024-02-07 18:15,44.77068
2024-02-07 18:30,40.56621
2024-02-07 18:45,41.17625
2024-02-07 19:00,44.11058
2024-02-07 19:15,48.50212
2024-02-07 19:30,45.97599
2024-02-07 19:45,41.33646
2024-02-07 20:00,49.73031
2024-02-07 20:15,49.63419
2024-02-07 20:30,52.31676
2024-02-07 20:45,47.61251
2024-02-07 21:00,41.42298
2024-02-07 21:15,41.41085
2024-02-07 21:30,43.05511
2024-02-07 21:45,47.37986
2024-02-07 22:00,42.66302
2024-02-07 22:15,42.36893
2024-02-07 22:30,48.97637
2024-02-07 22:45,55.97511
2024-02-07 23:00,43.50141
2024-02-07 23:15,51.50212
2024-02-07 23:30,59.74835
2024-02-07 23:45,58.80086
2024-02-08 0:00,54.99995
2024-02-08 0:15,54.9997
2024-02-08 0:30,43.34246
2024-02-08 0:45,43.72817
2024-02-08 1:00,37.3644
2024-02-08 1:15,36.23014
2024-02-08 1:30,21.22117
2024-02-08 1:45,22.88928
2024-02-08 2:00,20.30988
2024-02-08 2:15,30.65435
2024-02-08 2:30,21.35766
2024-02-08 2:45,20.50009
2024-02-08 3:00,22.42979
2024-02-08 3:15,25.08533
2024-02-08 3:30,12.53429
2024-02-08 3:45,12.76134
2024-02-08 4:00,20.23252
2024-02-08 4:15,4.64281
2024-02-08 4:30,8.14754
2024-02-08 4:45,2.41997
2024-02-08 5:00,29.83834
2024-02-08 5:15,29.86414
2024-02-08 5:30,29.26376
2024-02-08 5:45,25.53773
2024-02-08 6:00,28.97234
2024-02-08 6:15,31.04112
2024-02-08 6:30,26.61509
2024-02-08 6:45,24.85129
2024-02-08 7:00,26.31803
2024-02-08 7:15,30.73088
2024-02-08 7:30,33.33241
2024-02-08 7:45,36.91937
2024-02-08 8:00,309.58
2024-02-08 8:15,75.66142
2024-02-08 8:30,56.88429
2024-02-08 8:45,55.38317
2024-02-08 9:00,64.08732
2024-02-08 9:15,63.116
2024-02-08 9:30,68.725
2024-02-08 9:45,70.17
2024-02-08 10:00,48.49
2024-02-08 10:15,54
2024-02-08 10:30,56.37628
2024-02-08 10:45,59.9988
2024-02-08 11:00,65.71
2024-02-08 11:15,62.58
2024-02-08 11:30,62.58
2024-02-08 11:45,62.48
2024-02-08 12:00,52.29
2024-02-08 12:15,52.29
2024-02-08 12:30,50.7036
2024-02-08 12:45,50
2024-02-08 13:00,50.21485
2024-02-08 13:15,52.28
2024-02-08 13:30,49.13
2024-02-08 13:45,49.03
2024-02-08 14:00,68.725
2024-02-08 14:15,68.725
2024-02-08 14:30,68.725
2024-02-08 14:45,47.86019
2024-02-08 15:00,48
2024-02-08 15:15,44.46
2024-02-08 15:30,54.969
2024-02-08 15:45,68.725
2024-02-08 16:00,68.725
2024-02-08 16:15,45.95762
2024-02-08 16:30,56.8228
2024-02-08 16:45,43.07884
2024-02-08 17:00,62.578
2024-02-08 17:15,40.66881
2024-02-08 17:30,62.79495
2024-02-08 17:45,43.19281
2024-02-08 18:00,62.76866
2024-02-08 18:15,62.82106
2024-02-08 18:30,62.79178
2024-02-08 18:45,62.77772
2024-02-08 19:00,62.86115
2024-02-08 19:15,62.80635
2024-02-08 19:30,62.80812
2024-02-08 19:45,62.75514
2024-02-08 20:00,42.7955
2024-02-08 20:15,40.54644
2024-02-08 20:30,62.9262
2024-02-08 20:45,63.41817
2024-02-08 21:00,81.18079
2024-02-08 21:15,134.34203
2024-02-08 21:30,138.36652
2024-02-08 21:45,86.21685
2024-02-08 22:00,44.54355
2024-02-08 22:15,54.28299
2024-02-08 22:30,55.14446
2024-02-08 22:45,57.0458
2024-02-08 23:00,46.92735
2024-02-08 23:15,58.27563
2024-02-08 23:30,61.46382
2024-02-08 23:45,61.07643
2024-02-09 0:00,61.77213
2024-02-09 0:15,62.578
2024-02-09 0:30,46.71374
2024-02-09 0:45,40.00992
2024-02-09 1:00,12.27804
2024-02-09 1:15,-3.00262
2024-02-09 1:30,4.84379
2024-02-09 1:45,1.28092
2024-02-09 2:00,24.85573
2024-02-09 2:15,19.42754
2024-02-09 2:30,10.73007
2024-02-09 2:45,5.8297
2024-02-09 3:00,2.23933
2024-02-09 3:15,0.25317
2024-02-09 3:30,-11.44452
2024-02-09 3:45,-8.32403
2024-02-09 4:00,-5.11537
2024-02-09 4:15,-4.13174
2024-02-09 4:30,-4.75485
2024-02-09 4:45,4.67266
2024-02-09 5:00,11.43229
2024-02-09 5:15,13.51184
2024-02-09 5:30,9.55033
2024-02-09 5:45,6.63937
2024-02-09 6:00,14.53583
2024-02-09 6:15,14.27189
2024-02-09 6:30,10.4883
2024-02-09 6:45,14.53411
2024-02-09 7:00,17.08544
2024-02-09 7:15,18.58451
2024-02-09 7:30,19.88023
2024-02-09 7:45,19.54095
2024-02-09 8:00,7.66788
2024-02-09 8:15,12.97844
2024-02-09 8:30,30.00761
2024-02-09 8:45,29.88093
2024-02-09 9:00,29.18226
2024-02-09 9:15,38.14339
2024-02-09 9:30,54.58058
2024-02-09 9:45,60.3036
2024-02-09 10:00,56.42826
2024-02-09 10:15,56.11
2024-02-09 10:30,62
2024-02-09 10:45,64.48398
2024-02-09 11:00,65.74064
2024-02-09 11:15,64.12347
2024-02-09 11:30,64.80076
2024-02-09 11:45,64.63586
2024-02-09 12:00,63.84
2024-02-09 12:15,63.84
2024-02-09 12:30,62.6414
2024-02-09 12:45,62.4512
2024-02-09 13:00,63
2024-02-09 13:15,63.12
2024-02-09 13:30,62.63756
2024-02-09 13:45,63
2024-02-09 14:00,64.8077
2024-02-09 14:15,65.04635
2024-02-09 14:30,57.42762
2024-02-09 14:45,51.76524
2024-02-09 15:00,58.97503
2024-02-09 15:15,53.90146
2024-02-09 15:30,43.25416
2024-02-09 15:45,40.78832
2024-02-09 16:00,43.74412
2024-02-09 16:15,41.63696
2024-02-09 16:30,40.92855
2024-02-09 16:45,39.55845
2024-02-09 17:00,43.58341
2024-02-09 17:15,40.31241
2024-02-09 17:30,40.53905
2024-02-09 17:45,39.61801
2024-02-09 18:00,40.46463
2024-02-09 18:15,39.74219
2024-02-09 18:30,39.26552
2024-02-09 18:45,39.78098
2024-02-09 19:00,40.72487
2024-02-09 19:15,40.72956
2024-02-09 19:30,40.60905
2024-02-09 19:45,40.63005
2024-02-09 20:00,43.45528
2024-02-09 20:15,41.12171
2024-02-09 20:30,44.07616
2024-02-09 20:45,51.86168
2024-02-09 21:00,40.6919
2024-02-09 21:15,43.81801
2024-02-09 21:30,54.01548
2024-02-09 21:45,57.13209
2024-02-09 22:00,43.79326
2024-02-09 22:15,49.45363
2024-02-09 22:30,57.47303
2024-02-09 22:45,61.45488
2024-02-09 23:00,49.32735
2024-02-09 23:15,58.0452
2024-02-09 23:30,63.75933
2024-02-09 23:45,73.79359
2024-02-10 0:00,76.52854
2024-02-10 0:15,63.88271
2024-02-10 0:30,47.44436
2024-02-10 0:45,38.29029
2024-02-10 1:00,41.61661
2024-02-10 1:15,37.48102
2024-02-10 1:30,28.2541
2024-02-10 1:45,23.69812
2024-02-10 2:00,30.10974
2024-02-10 2:15,25.41245
2024-02-10 2:30,28.82832
2024-02-10 2:45,17.45261
2024-02-10 3:00,21.81091
2024-02-10 3:15,19.71188
2024-02-10 3:30,13.16708
2024-02-10 3:45,17.34762
2024-02-10 4:00,21.47785
2024-02-10 4:15,22.04396
2024-02-10 4:30,20.95141
2024-02-10 4:45,20.34383
2024-02-10 5:00,21.53665
2024-02-10 5:15,21.13861
2024-02-10 5:30,13.36677
2024-02-10 5:45,15.69996
2024-02-10 6:00,23.03285
2024-02-10 6:15,22.86939
2024-02-10 6:30,24.79677
2024-02-10 6:45,26.26672
2024-02-10 7:00,32.52218
2024-02-10 7:15,32.73949
2024-02-10 7:30,32.90855
2024-02-10 7:45,34.6646
2024-02-10 8:00,24.03478
2024-02-10 8:15,33.63053
2024-02-10 8:30,38.02681
2024-02-10 8:45,50.24429
2024-02-10 9:00,33.86359
2024-02-10 9:15,37.94199
2024-02-10 9:30,51.95283
2024-02-10 9:45,61.45646
2024-02-10 10:00,52.37663
2024-02-10 10:15,58.7611
2024-02-10 10:30,61.05265
2024-02-10 10:45,61.87804
2024-02-10 11:00,59.70411
2024-02-10 11:15,60.35972
2024-02-10 11:30,60.71882
2024-02-10 11:45,60.22844
2024-02-10 12:00,59.89806
2024-02-10 12:15,60.05272
2024-02-10 12:30,59.74952
2024-02-10 12:45,59.09104
2024-02-10 13:00,59.77525
2024-02-10 13:15,59.1724
2024-02-10 13:30,59.49403
2024-02-10 13:45,59.18275
2024-02-10 14:00,59.99482
2024-02-10 14:15,59.83968
2024-02-10 14:30,59.44515
2024-02-10 14:45,59.65667
2024-02-10 15:00,60.15669
2024-02-10 15:15,63.93913
2024-02-10 15:30,56.72112
2024-02-10 15:45,54.28867
2024-02-10 16:00,61.98467
2024-02-10 16:15,56.58281
2024-02-10 16:30,53.54681
2024-02-10 16:45,46.64574
2024-02-10 17:00,57.59118
2024-02-10 17:15,54.69681
2024-02-10 17:30,53.30994
2024-02-10 17:45,49.90194
2024-02-10 18:00,49.9477
2024-02-10 18:15,47.35892
2024-02-10 18:30,46.34024
2024-02-10 18:45,43.42155
2024-02-10 19:00,46.08761
2024-02-10 19:15,45.86713
2024-02-10 19:30,52.03601
2024-02-10 19:45,53.17266
2024-02-10 20:00,56.17001
2024-02-10 20:15,56.24037
2024-02-10 20:30,60.43952
2024-02-10 20:45,60.66591
2024-02-10 21:00,56.43275
2024-02-10 21:15,60.70985
2024-02-10 21:30,62.6875
2024-02-10 21:45,69.0897
2024-02-10 22:00,75.21295
2024-02-10 22:15,76.13511
2024-02-10 22:30,80.35839
2024-02-10 22:45,83.5665
2024-02-10 23:00,81.64101
2024-02-10 23:15,84.37142
2024-02-10 23:30,87.24846
2024-02-10 23:45,93.10551
2024-02-11 0:00,84.05364
2024-02-11 0:15,76.94579
2024-02-11 0:30,66.66211
2024-02-11 0:45,50.9988
2024-02-11 1:00,54.9988
2024-02-11 1:15,43.78
2024-02-11 1:30,37.38872
2024-02-11 1:45,35.06841
2024-02-11 2:00,41.72132
2024-02-11 2:15,19.73794
2024-02-11 2:30,14.82357
2024-02-11 2:45,11.48588
2024-02-11 3:00,11.82406
2024-02-11 3:15,1.40883
2024-02-11 3:30,0.25633
2024-02-11 3:45,2.00482
2024-02-11 4:00,-13.14927
2024-02-11 4:15,-14.65809
2024-02-11 4:30,-15.98288
2024-02-11 4:45,-16.95394
2024-02-11 5:00,-11.40085
2024-02-11 5:15,-31.6228
2024-02-11 5:30,-30.51246
2024-02-11 5:45,-21.16842
2024-02-11 6:00,-26.08469
2024-02-11 6:15,-25.04663
2024-02-11 6:30,-41.67119
2024-02-11 6:45,-42.19592
2024-02-11 7:00,-46.18222
2024-02-11 7:15,-46.31102
2024-02-11 7:30,-46.32682
2024-02-11 7:45,-45.96109
2024-02-11 8:00,-46.27704
2024-02-11 8:15,-26.50629
2024-02-11 8:30,-18.59893
2024-02-11 8:45,22.9512
2024-02-11 9:00,23.78469
2024-02-11 9:15,38.0976
2024-02-11 9:30,60.79
2024-02-11 9:45,75.23506
2024-02-11 10:00,57.04
2024-02-11 10:15,58
2024-02-11 10:30,66.22579
2024-02-11 10:45,69.77675
2024-02-11 11:00,64.36
2024-02-11 11:15,64
2024-02-11 11:30,65.6
2024-02-11 11:45,64.36
2024-02-11 12:00,66
2024-02-11 12:15,58
2024-02-11 12:30,58.1
2024-02-11 12:45,58.1
2024-02-11 13:00,59
2024-02-11 13:15,59.9988
2024-02-11 13:30,65.95
2024-02-11 13:45,64.81
2024-02-11 14:00,67.0024
2024-02-11 14:15,68.8488
2024-02-11 14:30,69.0024
2024-02-11 14:45,65.0024
2024-02-11 15:00,74.06011
2024-02-11 15:15,73.5488
2024-02-11 15:30,66
2024-02-11 15:45,60.0004
2024-02-11 16:00,65.0012
2024-02-11 16:15,61.12164
2024-02-11 16:30,56.3512
2024-02-11 16:45,58.12787
2024-02-11 17:00,71.2088
2024-02-11 17:15,61.0688
2024-02-11 17:30,63.81494
2024-02-11 17:45,56.2588
2024-02-11 18:00,56.9988
2024-02-11 18:15,53.0024
2024-02-11 18:30,56.04
2024-02-11 18:45,50.69
2024-02-11 19:00,50
2024-02-11 19:15,50
2024-02-11 19:30,47.55
2024-02-11 19:45,42.28508
2024-02-11 20:00,42.35419
2024-02-11 20:15,42.35524
2024-02-11 20:30,47.55
2024-02-11 20:45,42.41206
2024-02-11 21:00,47.10913
2024-02-11 21:15,54.33732
2024-02-11 21:30,65.0218
2024-02-11 21:45,65.79346
2024-02-11 22:00,61.90145
2024-02-11 22:15,64.5314
2024-02-11 22:30,72.91473
2024-02-11 22:45,76.25964
2024-02-11 23:00,67.96867
2024-02-11 23:15,73.844
2024-02-11 23:30,76.10225
2024-02-11 23:45,65.77645
2024-02-12 0:00,79.39165
2024-02-12 0:15,53.52853
2024-02-12 0:30,31.82897
2024-02-12 0:45,23.2058
2024-02-12 1:00,28.33298
2024-02-12 1:15,-6.15403
2024-02-12 1:30,-13.37448
2024-02-12 1:45,-18.23108
2024-02-12 2:00,-21.47986
2024-02-12 2:15,-20.85647
2024-02-12 2:30,-24.30457
2024-02-12 2:45,-25.75999
2024-02-12 3:00,-24.46592
2024-02-12 3:15,-24.02402
2024-02-12 3:30,-27.81591
2024-02-12 3:45,-33.73898
2024-02-12 4:00,-33.6399
2024-02-12 4:15,-33.74604
2024-02-12 4:30,-39.13907
2024-02-12 4:45,-40.16982
2024-02-12 5:00,-40.20844
2024-02-12 5:15,-40.84701
2024-02-12 5:30,-43.12009
2024-02-12 5:45,-43.66982
2024-02-12 6:00,-41.01716
2024-02-12 6:15,-39.57825
2024-02-12 6:30,-42.56195
2024-02-12 6:45,-42.16474
2024-02-12 7:00,-40.27926
2024-02-12 7:15,-41.89106
2024-02-12 7:30,-36.05586
2024-02-12 7:45,-32.15854
2024-02-12 8:00,-30.87513
2024-02-12 8:15,-29.72539
2024-02-12 8:30,-21.09901
2024-02-12 8:45,6.34878
2024-02-12 9:00,16.91807
2024-02-12 9:15,30.56136
2024-02-12 9:30,54.87565
2024-02-12 9:45,71.59338
2024-02-12 10:00,53.41494
2024-02-12 10:15,54.12979
2024-02-12 10:30,61.08592
2024-02-12 10:45,61.88975
2024-02-12 11:00,53.88557
2024-02-12 11:15,57.47818
2024-02-12 11:30,54.72905
2024-02-12 11:45,51.78947
2024-02-12 12:00,58.79116
2024-02-12 12:15,53.75583
2024-02-12 12:30,51.04296
2024-02-12 12:45,50.83677
2024-02-12 13:00,50.13365
2024-02-12 13:15,46.70774
2024-02-12 13:30,46.62951
2024-02-12 13:45,46.75638
2024-02-12 14:00,53.95229
2024-02-12 14:15,53.83918
2024-02-12 14:30,53.16887
2024-02-12 14:45,52.84053
2024-02-12 15:00,51.57895
2024-02-12 15:15,49.40919
2024-02-12 15:30,46.93538
2024-02-12 15:45,44.1289
2024-02-12 16:00,45.29865
2024-02-12 16:15,44.14536
2024-02-12 16:30,41.45646
2024-02-12 16:45,38.60702
2024-02-12 17:00,42.8434
2024-02-12 17:15,41.36681
2024-02-12 17:30,41.45925
2024-02-12 17:45,38.77185
2024-02-12 18:00,41.65332
2024-02-12 18:15,39.84578
2024-02-12 18:30,40.99255
2024-02-12 18:45,38.62678
2024-02-12 19:00,38.30163
2024-02-12 19:15,41.21894
2024-02-12 19:30,39.32444
2024-02-12 19:45,39.84174
2024-02-12 20:00,41.1661
2024-02-12 20:15,41.43648
2024-02-12 20:30,41.41964
2024-02-12 20:45,41.47018
2024-02-12 21:00,40.98833
2024-02-12 21:15,41.69144
2024-02-12 21:30,41.62508
2024-02-12 21:45,43.37579
2024-02-12 22:00,42.00916
2024-02-12 22:15,42.60532
2024-02-12 22:30,48.57195
2024-02-12 22:45,51.42146
2024-02-12 23:00,47.71092
2024-02-12 23:15,49.00201
2024-02-12 23:30,50.82131
2024-02-12 23:45,49.2516
2024-02-13 0:00,53.27058
2024-02-13 0:15,45.98072
2024-02-13 0:30,38.0371
2024-02-13 0:45,24.00517
2024-02-13 1:00,33.40602
2024-02-13 1:15,23.50638
2024-02-13 1:30,7.3194
2024-02-13 1:45,-1.61403
2024-02-13 2:00,-5.69456
2024-02-13 2:15,-7.96214
2024-02-13 2:30,-11.03323
2024-02-13 2:45,-12.98662
2024-02-13 3:00,-12.75313
2024-02-13 3:15,-15.48735
2024-02-13 3:30,-25.35247
2024-02-13 3:45,-21.72188
2024-02-13 4:00,-19.50965
2024-02-13 4:15,-28.27518
2024-02-13 4:30,-35.62853
2024-02-13 4:45,-35.40561
2024-02-13 5:00,-30.96677
2024-02-13 5:15,-31.60659
2024-02-13 5:30,-28.59272
2024-02-13 5:45,-40.40143
2024-02-13 6:00,-21.00723
2024-02-13 6:15,-13.99301
2024-02-13 6:30,-14.50981
2024-02-13 6:45,-18.08199
2024-02-13 7:00,-21.17307
2024-02-13 7:15,-22.5703
2024-02-13 7:30,-17.34505
2024-02-13 7:45,-16.14868
2024-02-13 8:00,-15.13659
2024-02-13 8:15,-14.96813
2024-02-13 8:30,11.28592
2024-02-13 8:45,35.64684
2024-02-13 9:00,15.09202
2024-02-13 9:15,28.15602
2024-02-13 9:30,50.36985
2024-02-13 9:45,66.15532
2024-02-13 10:00,56.5357
2024-02-13 10:15,60.63479
2024-02-13 10:30,62.46837
2024-02-13 10:45,63.73754
2024-02-13 11:00,61.9451
2024-02-13 11:15,62.55318
2024-02-13 11:30,61.71233
2024-02-13 11:45,60.99354
2024-02-13 12:00,62.73871
2024-02-13 12:15,60.79111
2024-02-13 12:30,60.35025
2024-02-13 12:45,58.79013
2024-02-13 13:00,58.34401
2024-02-13 13:15,54.49878
2024-02-13 13:30,54.19437
2024-02-13 13:45,52.87431
2024-02-13 14:00,50.84208
2024-02-13 14:15,49.79143
2024-02-13 14:30,45.24468
2024-02-13 14:45,42.15954
2024-02-13 15:00,47.88858
2024-02-13 15:15,42.11143
2024-02-13 15:30,41.27278
2024-02-13 15:45,41.11432
2024-02-13 16:00,41.93228
2024-02-13 16:15,41.38579
2024-02-13 16:30,39.21375
2024-02-13 16:45,38.64978
2024-02-13 17:00,46.35985
2024-02-13 17:15,41.9131
2024-02-13 17:30,40.34916
2024-02-13 17:45,38.10651
2024-02-13 18:00,39.02003
2024-02-13 18:15,38.20915
2024-02-13 18:30,38.396
2024-02-13 18:45,38.11769
2024-02-13 19:00,38.25725
2024-02-13 19:15,38.22643
2024-02-13 19:30,38.26106
2024-02-13 19:45,38.2923
2024-02-13 20:00,38.23217
2024-02-13 20:15,39.92464
2024-02-13 20:30,41.23201
2024-02-13 20:45,42.0084
2024-02-13 21:00,40.4596
2024-02-13 21:15,45.13262
2024-02-13 21:30,48.05985
2024-02-13 21:45,50.75263
2024-02-13 22:00,45.30517
2024-02-13 22:15,49.14307
2024-02-13 22:30,52.15067
2024-02-13 22:45,57.78473
2024-02-13 23:00,50.80075
2024-02-13 23:15,56.20836
2024-02-13 23:30,59.37903
2024-02-13 23:45,59.48382
2024-02-14 0:00,55.16523
2024-02-14 0:15,50.17704
2024-02-14 0:30,41.5785
2024-02-14 0:45,30.32869
2024-02-14 1:00,48.07961
2024-02-14 1:15,32.52262
2024-02-14 1:30,26.61613
2024-02-14 1:45,20.74543
2024-02-14 2:00,27.89956
2024-02-14 2:15,24.79067
2024-02-14 2:30,20.66269
2024-02-14 2:45,8.24779
2024-02-14 3:00,-1.05132
2024-02-14 3:15,1.47414
2024-02-14 3:30,-9.65056
2024-02-14 3:45,-13.0343
2024-02-14 4:00,-9.22799
2024-02-14 4:15,-11.31777
2024-02-14 4:30,-13.22326
2024-02-14 4:45,-22.81492
2024-02-14 5:00,-25.97086
2024-02-14 5:15,-28.6821
2024-02-14 5:30,-20.03548
2024-02-14 5:45,-12.0211
2024-02-14 6:00,-15.70961
2024-02-14 6:15,-13.87358
2024-02-14 6:30,-15.58341
2024-02-14 6:45,-16.023
2024-02-14 7:00,-19.04157
2024-02-14 7:15,-20.91543
2024-02-14 7:30,-18.91409
2024-02-14 7:45,-14.73233
2024-02-14 8:00,-21.32138
2024-02-14 8:15,-7.86986
2024-02-14 8:30,-0.52972
2024-02-14 8:45,12.18489
2024-02-14 9:00,21.99444
2024-02-14 9:15,36.54078
2024-02-14 9:30,56.52221
2024-02-14 9:45,68.43331
2024-02-14 10:00,55.00957
2024-02-14 10:15,56.78826
2024-02-14 10:30,58.34139
2024-02-14 10:45,58.78619
2024-02-14 11:00,56.27119
2024-02-14 11:15,56.67672
2024-02-14 11:30,56.17617
2024-02-14 11:45,57.21108
2024-02-14 12:00,57.17379
2024-02-14 12:15,57.30058
2024-02-14 12:30,57.33599
2024-02-14 12:45,56.08075
2024-02-14 13:00,56.25183
2024-02-14 13:15,56.10133
2024-02-14 13:30,56.18631
2024-02-14 13:45,55.94063
2024-02-14 14:00,56.65836
2024-02-14 14:15,56.0076
2024-02-14 14:30,55.98559
2024-02-14 14:45,50.50719
2024-02-14 15:00,52.53
2024-02-14 15:15,45.84787
2024-02-14 15:30,43.0364
2024-02-14 15:45,37.9976
2024-02-14 16:00,45.84787
2024-02-14 16:15,41.5136
2024-02-14 16:30,38.63396
2024-02-14 16:45,36.74844
2024-02-14 17:00,43.28861
2024-02-14 17:15,42.78715
2024-02-14 17:30,41.68246
2024-02-14 17:45,40.28744
2024-02-14 18:00,43.61813
2024-02-14 18:15,42.03322
2024-02-14 18:30,41.13947
2024-02-14 18:45,40.50511
2024-02-14 19:00,39.23973
2024-02-14 19:15,38.20771
2024-02-14 19:30,39.27197
2024-02-14 19:45,40.21827
2024-02-14 20:00,42.80207
2024-02-14 20:15,43.45187
2024-02-14 20:30,45.511
2024-02-14 20:45,45.59464
2024-02-14 21:00,42.68367
2024-02-14 21:15,44.98025
2024-02-14 21:30,47.55936
2024-02-14 21:45,48.11757
2024-02-14 22:00,43.8011
2024-02-14 22:15,46.35139
2024-02-14 22:30,48.12759
2024-02-14 22:45,55.29626
2024-02-14 23:00,47.43767
2024-02-14 23:15,50.56663
2024-02-14 23:30,51.77079
2024-02-14 23:45,50.09297
2024-02-15 0:00,49.87038
2024-02-15 0:15,43.84478
2024-02-15 0:30,39.23715
2024-02-15 0:45,26.44067
2024-02-15 1:00,32.86254
2024-02-15 1:15,26.16326
2024-02-15 1:30,21.3446
2024-02-15 1:45,17.45483
2024-02-15 2:00,25.65639
2024-02-15 2:15,23.89644
2024-02-15 2:30,22.64007
2024-02-15 2:45,11.39584
2024-02-15 3:00,17.25157
2024-02-15 3:15,19.37208
2024-02-15 3:30,16.28042
2024-02-15 3:45,7.93596
2024-02-15 4:00,16.88694
2024-02-15 4:15,15.58778
2024-02-15 4:30,8.97998
2024-02-15 4:45,1.29271
2024-02-15 5:00,10.33827
2024-02-15 5:15,6.68476
2024-02-15 5:30,6.15257
2024-02-15 5:45,1.54528
2024-02-15 6:00,7.97442
2024-02-15 6:15,7.1299
2024-02-15 6:30,6.58691
2024-02-15 6:45,6.50672
2024-02-15 7:00,5.15388
2024-02-15 7:15,6.81551
2024-02-15 7:30,11.82089
2024-02-15 7:45,18.471
2024-02-15 8:00,14.1896
2024-02-15 8:15,14.9166
2024-02-15 8:30,24.53326
2024-02-15 8:45,30.6183
2024-02-15 9:00,19.39408
2024-02-15 9:15,35.03379
2024-02-15 9:30,49.89318
2024-02-15 9:45,59.39161
2024-02-15 10:00,55.37811
2024-02-15 10:15,57.24768
2024-02-15 10:30,59.73476
2024-02-15 10:45,64.78901
2024-02-15 11:00,62.14
2024-02-15 11:15,59.13
2024-02-15 11:30,60
2024-02-15 11:45,58.22
2024-02-15 12:00,58.92326
2024-02-15 12:15,56.24
2024-02-15 12:30,56.24
2024-02-15 12:45,56.93
2024-02-15 13:00,56.24
2024-02-15 13:15,56.04
2024-02-15 13:30,56.47797
2024-02-15 13:45,57.80366
2024-02-15 14:00,59.02
2024-02-15 14:15,59.38
2024-02-15 14:30,59.38
2024-02-15 14:45,58.67
2024-02-15 15:00,58.34
2024-02-15 15:15,55.99
2024-02-15 15:30,51.32181
2024-02-15 15:45,48.0112
2024-02-15 16:00,54.9988
2024-02-15 16:15,46.2
2024-02-15 16:30,46.2
2024-02-15 16:45,43.59665
2024-02-15 17:00,47.32
2024-02-15 17:15,46.7686
2024-02-15 17:30,46.28
2024-02-15 17:45,44.53
2024-02-15 18:00,46.28
2024-02-15 18:15,46.77
2024-02-15 18:30,46.28
2024-02-15 18:45,44.53
2024-02-15 19:00,46.1
2024-02-15 19:15,46.1
2024-02-15 19:30,46.28
2024-02-15 19:45,45.6473
2024-02-15 20:00,46.1
2024-02-15 20:15,46.1
2024-02-15 20:30,46.1
2024-02-15 20:45,46.1
2024-02-15 21:00,35.3907
2024-02-15 21:15,36.12
2024-02-15 21:30,43.54854
2024-02-15 21:45,50.13689
2024-02-15 22:00,45
2024-02-15 22:15,46.77
2024-02-15 22:30,49.55509
2024-02-15 22:45,55.33839
2024-02-15 23:00,50.0024
2024-02-15 23:15,53.3436
2024-02-15 23:30,54.9988
2024-02-15 23:45,54.88
2024-02-16 0:00,55.2428
2024-02-16 0:15,47.9964
2024-02-16 0:30,34.62503
2024-02-16 0:45,28.28582
2024-02-16 1:00,37.88992
2024-02-16 1:15,30.15884
2024-02-16 1:30,18.33614
2024-02-16 1:45,6.13351
2024-02-16 2:00,27.91345
2024-02-16 2:15,26.73275
2024-02-16 2:30,23.67744
2024-02-16 2:45,17.24444
2024-02-16 3:00,20.79986
2024-02-16 3:15,17.07988
2024-02-16 3:30,10.87639
2024-02-16 3:45,-10.60894
2024-02-16 4:00,-0.44496
2024-02-16 4:15,-4.07994
2024-02-16 4:30,-9.7493
2024-02-16 4:45,-5.48806
2024-02-16 5:00,-6.05188
2024-02-16 5:15,-8.35871
2024-02-16 5:30,2.09836
2024-02-16 5:45,2.32559
2024-02-16 6:00,1.05556
2024-02-16 6:15,1.95558
2024-02-16 6:30,2.14448
2024-02-16 6:45,6.49403
2024-02-16 7:00,-2.34171
2024-02-16 7:15,2.25305
2024-02-16 7:30,0.18903
2024-02-16 7:45,5.82151
2024-02-16 8:00,-5.8696
2024-02-16 8:15,-2.41803
2024-02-16 8:30,2.40828
2024-02-16 8:45,20.54184
2024-02-16 9:00,19.00626
2024-02-16 9:15,23.88886
2024-02-16 9:30,51.20498
2024-02-16 9:45,61.89367
2024-02-16 10:00,49.35084
2024-02-16 10:15,50.33282
2024-02-16 10:30,54.1256
2024-02-16 10:45,58.69714
2024-02-16 11:00,51.47496
2024-02-16 11:15,51.13572
2024-02-16 11:30,50.3911
2024-02-16 11:45,50.44943
2024-02-16 12:00,49.70667
2024-02-16 12:15,48.49962
2024-02-16 12:30,45.30625
2024-02-16 12:45,49.13108
2024-02-16 13:00,49.41774
2024-02-16 13:15,49.42089
2024-02-16 13:30,48.36295
2024-02-16 13:45,45.92563
2024-02-16 14:00,45.41824
2024-02-16 14:15,44.77796
2024-02-16 14:30,40.23819
2024-02-16 14:45,38.18373
2024-02-16 15:00,43.00232
2024-02-16 15:15,40.07849
2024-02-16 15:30,38.18735
2024-02-16 15:45,37.04962
2024-02-16 16:00,40.02455
2024-02-16 16:15,37.65848
2024-02-16 16:30,35.752
2024-02-16 16:45,34.8482
2024-02-16 17:00,44.00945
2024-02-16 17:15,39.45091
2024-02-16 17:30,39.52616
2024-02-16 17:45,38.19494
2024-02-16 18:00,44.0128
2024-02-16 18:15,43.04457
2024-02-16 18:30,43.05694
2024-02-16 18:45,40.89248
2024-02-16 19:00,43.34847
2024-02-16 19:15,42.27234
2024-02-16 19:30,42.7816
2024-02-16 19:45,42.92987
2024-02-16 20:00,43.03653
2024-02-16 20:15,44.19258
2024-02-16 20:30,45.19211
2024-02-16 20:45,45.07884
2024-02-16 21:00,42.63936
2024-02-16 21:15,44.57544
2024-02-16 21:30,45.0105
2024-02-16 21:45,45.72236
2024-02-16 22:00,40.68584
2024-02-16 22:15,44.67745
2024-02-16 22:30,45.6583
2024-02-16 22:45,50.32001
2024-02-16 23:00,49.77867
2024-02-16 23:15,50.92346
2024-02-16 23:30,52.6055
2024-02-16 23:45,53.30319
2024-02-17 0:00,51.36555
2024-02-17 0:15,44.67635
2024-02-17 0:30,38.86297
2024-02-17 0:45,27.87643
2024-02-17 1:00,39.15639
2024-02-17 1:15,41.21351
2024-02-17 1:30,41.50039
2024-02-17 1:45,44.49501
2024-02-17 2:00,41.42936
2024-02-17 2:15,38.16584
2024-02-17 2:30,28.03817
2024-02-17 2:45,26.43351
2024-02-17 3:00,35.71319
2024-02-17 3:15,29.47712
2024-02-17 3:30,27.60926
2024-02-17 3:45,22.86086
2024-02-17 4:00,29.11048
2024-02-17 4:15,29.60803
2024-02-17 4:30,28.56168
2024-02-17 4:45,27.83587
2024-02-17 5:00,30.08381
2024-02-17 5:15,28.12959
2024-02-17 5:30,22.83686
2024-02-17 5:45,24.71539
2024-02-17 6:00,25.47426
2024-02-17 6:15,23.87777
2024-02-17 6:30,29.84965
2024-02-17 6:45,32.30305
2024-02-17 7:00,29.91699
2024-02-17 7:15,40.37165
2024-02-17 7:30,40.16655
2024-02-17 7:45,46.11856
2024-02-17 8:00,39.83863
2024-02-17 8:15,45.05447
2024-02-17 8:30,53.07955
2024-02-17 8:45,57.87843
2024-02-17 9:00,37.01577
2024-02-17 9:15,50.12454
2024-02-17 9:30,56.05342
2024-02-17 9:45,70.23161
2024-02-17 10:00,55.13021
2024-02-17 10:15,58.26503
2024-02-17 10:30,65.38139
2024-02-17 10:45,70.394
2024-02-17 11:00,63.50764
2024-02-17 11:15,61.36086
2024-02-17 11:30,69.28575
2024-02-17 11:45,69.47761
2024-02-17 12:00,58.16993
2024-02-17 12:15,56.93903
2024-02-17 12:30,60.10536
2024-02-17 12:45,58.09445
2024-02-17 13:00,58.66146
2024-02-17 13:15,59.04223
2024-02-17 13:30,65.69295
2024-02-17 13:45,64.07924
2024-02-17 14:00,57.9614
2024-02-17 14:15,57.99877
2024-02-17 14:30,56.43989
2024-02-17 14:45,57.93442
2024-02-17 15:00,58.08238
2024-02-17 15:15,54.73494
2024-02-17 15:30,48.7406
2024-02-17 15:45,46.62234
2024-02-17 16:00,63.1773
2024-02-17 16:15,63.52756
2024-02-17 16:30,54.92879
2024-02-17 16:45,59.71956
2024-02-17 17:00,66.44162
2024-02-17 17:15,62.4404
2024-02-17 17:30,56.22618
2024-02-17 17:45,54.42042
2024-02-17 18:00,60.51582
2024-02-17 18:15,54.72087
2024-02-17 18:30,54.39111
2024-02-17 18:45,44.71633
2024-02-17 19:00,57.03779
2024-02-17 19:15,56.82253
2024-02-17 19:30,56.82613
2024-02-17 19:45,52.74408
2024-02-17 20:00,51.04717
2024-02-17 20:15,51.62758
2024-02-17 20:30,56.76567
2024-02-17 20:45,51.74258
2024-02-17 21:00,46.39224
2024-02-17 21:15,45.27576
2024-02-17 21:30,48.62069
2024-02-17 21:45,57.07702
2024-02-17 22:00,50.17902
2024-02-17 22:15,52.87476
2024-02-17 22:30,57.29
2024-02-17 22:45,57.26704
2024-02-17 23:00,55.35861
2024-02-17 23:15,59.48629
2024-02-17 23:30,60.35349
2024-02-17 23:45,50.46766
2024-02-18 0:00,52.05756
2024-02-18 0:15,36.43956
2024-02-18 0:30,23.1538
2024-02-18 0:45,19.69403
2024-02-18 1:00,21.64974
2024-02-18 1:15,21.21282
2024-02-18 1:30,8.12917
2024-02-18 1:45,8.98016
2024-02-18 2:00,20.26809
2024-02-18 2:15,20.4235
2024-02-18 2:30,21.33013
2024-02-18 2:45,19.28694
2024-02-18 3:00,22.52859
2024-02-18 3:15,22.33169
2024-02-18 3:30,20.81911
2024-02-18 3:45,14.65157
2024-02-18 4:00,22.58152
2024-02-18 4:15,17.36133
2024-02-18 4:30,15.77602
2024-02-18 4:45,13.85819
2024-02-18 5:00,20.95664
2024-02-18 5:15,16.78244
2024-02-18 5:30,16.93526
2024-02-18 5:45,18.85641
2024-02-18 6:00,21.93363
2024-02-18 6:15,22.4202
2024-02-18 6:30,20.79225
2024-02-18 6:45,20.81131
2024-02-18 7:00,18.83429
2024-02-18 7:15,27.75964
2024-02-18 7:30,28.66023
2024-02-18 7:45,30.7077
2024-02-18 8:00,35.67155
2024-02-18 8:15,38.19653
2024-02-18 8:30,46.54379
2024-02-18 8:45,51.23009
2024-02-18 9:00,29.32285
2024-02-18 9:15,35.5536
2024-02-18 9:30,50.36858
2024-02-18 9:45,58.66805
2024-02-18 10:00,56.73997
2024-02-18 10:15,56.61753
2024-02-18 10:30,59.57923
2024-02-18 10:45,63.01238
2024-02-18 11:00,62.97924
2024-02-18 11:15,63.18691
2024-02-18 11:30,63.54779
2024-02-18 11:45,64.29577
2024-02-18 12:00,62.01666
2024-02-18 12:15,62.72852
2024-02-18 12:30,61.20926
2024-02-18 12:45,63.07809
2024-02-18 13:00,62.60566
2024-02-18 13:15,62.42471
2024-02-18 13:30,63.74397
2024-02-18 13:45,63.37425
2024-02-18 14:00,62.79135
2024-02-18 14:15,63.40867
2024-02-18 14:30,62.46814
2024-02-18 14:45,56.89417
2024-02-18 15:00,57.091
2024-02-18 15:15,49.41426
2024-02-18 15:30,46.61428
2024-02-18 15:45,43.25613
2024-02-18 16:00,56.68399
2024-02-18 16:15,56.62996
2024-02-18 16:30,53.95768
2024-02-18 16:45,53.93653
2024-02-18 17:00,62.83452
2024-02-18 17:15,54.9988
2024-02-18 17:30,51.1588
2024-02-18 17:45,48
2024-02-18 18:00,54.9988
2024-02-18 18:15,54.9988
2024-02-18 18:30,54.9988
2024-02-18 18:45,50.0012
2024-02-18 19:00,50.0004
2024-02-18 19:15,49.83
2024-02-18 19:30,46.4
2024-02-18 19:45,44.1662
2024-02-18 20:00,45.9976
2024-02-18 20:15,46.0376
2024-02-18 20:30,50.0076
2024-02-18 20:45,54.9988
2024-02-18 21:00,57.08
2024-02-18 21:15,60.01
2024-02-18 21:30,59.9988
2024-02-18 21:45,57.277
2024-02-18 22:00,56.21244
2024-02-18 22:15,56.48672
2024-02-18 22:30,60.30535
2024-02-18 22:45,63.33115
2024-02-18 23:00,54.9988
2024-02-18 23:15,54.9988
2024-02-18 23:30,55
2024-02-18 23:45,49.9488
2024-02-19 0:00,53.0488
2024-02-19 0:15,34.0063
2024-02-19 0:30,21.61973
2024-02-19 0:45,15.32015
2024-02-19 1:00,17.63805
2024-02-19 1:15,-1.55834
2024-02-19 1:30,-9.32301
2024-02-19 1:45,-14.53217
2024-02-19 2:00,-20.2992
2024-02-19 2:15,-23.80247
2024-02-19 2:30,-37.84311
2024-02-19 2:45,-41.92617
2024-02-19 3:00,-42.73004
2024-02-19 3:15,-50.04237
2024-02-19 3:30,-52.1124
2024-02-19 3:45,-52.36987
2024-02-19 4:00,-52.49647
2024-02-19 4:15,-51.75031
2024-02-19 4:30,-52.09406
2024-02-19 4:45,-51.87004
2024-02-19 5:00,-51.81721
2024-02-19 5:15,-51.387
2024-02-19 5:30,-53.37269
2024-02-19 5:45,-53.04127
2024-02-19 6:00,-53.45279
2024-02-19 6:15,-54.15024
2024-02-19 6:30,-58.71531
2024-02-19 6:45,-58.72283
2024-02-19 7:00,-50.09587
2024-02-19 7:15,-45.69221
2024-02-19 7:30,-38.90405
2024-02-19 7:45,-44.46491
2024-02-19 8:00,-38.35686
2024-02-19 8:15,-8.44156
2024-02-19 8:30,-0.77058
2024-02-19 8:45,24.44616
2024-02-19 9:00,23.22978
2024-02-19 9:15,33.50981
2024-02-19 9:30,56.82613
2024-02-19 9:45,65.10304
2024-02-19 10:00,48.77949
2024-02-19 10:15,50.42867
2024-02-19 10:30,52.48505
2024-02-19 10:45,54.16905
2024-02-19 11:00,51.58
2024-02-19 11:15,51.57
2024-02-19 11:30,49.86101
2024-02-19 11:45,48.51164
2024-02-19 12:00,50.0976
2024-02-19 12:15,50
2024-02-19 12:30,48
2024-02-19 12:45,47.71
2024-02-19 13:00,47.97
2024-02-19 13:15,47.71
2024-02-19 13:30,43.96
2024-02-19 13:45,43.96
2024-02-19 14:00,47.43
2024-02-19 14:15,46.06
2024-02-19 14:30,45
2024-02-19 14:45,43.96
2024-02-19 15:00,44
2024-02-19 15:15,41.06153
2024-02-19 15:30,36
2024-02-19 15:45,34.17892
2024-02-19 16:00,37.39105
2024-02-19 16:15,34.73
2024-02-19 16:30,34.66573
2024-02-19 16:45,32.7888
2024-02-19 17:00,36.10752
2024-02-19 17:15,33.2112
2024-02-19 17:30,34.47486
2024-02-19 17:45,33.17
2024-02-19 18:00,34.59433
2024-02-19 18:15,33.66
2024-02-19 18:30,35.21
2024-02-19 18:45,33.17
2024-02-19 19:00,33.63863
2024-02-19 19:15,33.2512
2024-02-19 19:30,32.7912
2024-02-19 19:45,32.2788
2024-02-19 20:00,33.66
2024-02-19 20:15,32.58
2024-02-19 20:30,32.791
2024-02-19 20:45,33.2512
2024-02-19 21:00,32.58
2024-02-19 21:15,32.58
2024-02-19 21:30,32.73144
2024-02-19 21:45,34.24119
2024-02-19 22:00,35.36743
2024-02-19 22:15,36.51202
2024-02-19 22:30,36.57497
2024-02-19 22:45,42.40076
2024-02-19 23:00,40.92168
2024-02-19 23:15,42.52314
2024-02-19 23:30,42.41014
2024-02-19 23:45,42.5667
2024-02-20 0:00,43.6732
2024-02-20 0:15,36.82751
2024-02-20 0:30,32.04325
2024-02-20 0:45,28.57276
2024-02-20 1:00,32.73571
2024-02-20 1:15,30.64505
2024-02-20 1:30,27.16503
2024-02-20 1:45,20
2024-02-20 2:00,21.1512
2024-02-20 2:15,19.9988
2024-02-20 2:30,13.79
2024-02-20 2:45,14.02958
2024-02-20 3:00,16.3988
2024-02-20 3:15,12.82239
2024-02-20 3:30,15.07156
2024-02-20 3:45,12.82239
2024-02-20 4:00,12.0631
2024-02-20 4:15,10.16748
2024-02-20 4:30,7.82844
2024-02-20 4:45,6.6338
2024-02-20 5:00,7.9168
2024-02-20 5:15,6.57301
2024-02-20 5:30,4.80922
2024-02-20 5:45,4.43863
2024-02-20 6:00,12.33451
2024-02-20 6:15,10.4788
2024-02-20 6:30,9.38425
2024-02-20 6:45,3.96407
2024-02-20 7:00,5.25279
2024-02-20 7:15,8.34407
2024-02-20 7:30,10.72799
2024-02-20 7:45,5.23454
2024-02-20 8:00,4.65786
2024-02-20 8:15,18.98533
2024-02-20 8:30,36.75797
2024-02-20 8:45,39.68635
2024-02-20 9:00,28.5912
2024-02-20 9:15,34.52464
2024-02-20 9:30,45.36
2024-02-20 9:45,56
2024-02-20 10:00,48.5136
2024-02-20 10:15,51.98
2024-02-20 10:30,57.2
2024-02-20 10:45,66.73004
2024-02-20 11:00,60
2024-02-20 11:15,60.90084
2024-02-20 11:30,61.5
2024-02-20 11:45,57.7631
2024-02-20 12:00,57.2
2024-02-20 12:15,56
2024-02-20 12:30,53.03
2024-02-20 12:45,52.3218
2024-02-20 13:00,51.5724
2024-02-20 13:15,51.42
2024-02-20 13:30,52.55
2024-02-20 13:45,51.42
2024-02-20 14:00,52.17133
2024-02-20 14:15,51.42
2024-02-20 14:30,48.04
2024-02-20 14:45,43.18
2024-02-20 15:00,45.86
2024-02-20 15:15,41.39
2024-02-20 15:30,38.1012
2024-02-20 15:45,36.74
2024-02-20 16:00,36.74
2024-02-20 16:15,34
2024-02-20 16:30,32.7912
2024-02-20 16:45,31.698
2024-02-20 17:00,36.3
2024-02-20 17:15,37.48019
2024-02-20 17:30,35.54512
2024-02-20 17:45,34.9
2024-02-20 18:00,34.72
2024-02-20 18:15,34.91
2024-02-20 18:30,34.91
2024-02-20 18:45,34.11
2024-02-20 19:00,33.84432
2024-02-20 19:15,34.12
2024-02-20 19:30,34.66756
2024-02-20 19:45,34.51468
2024-02-20 20:00,34.11
2024-02-20 20:15,34.6088
2024-02-20 20:30,34.11
2024-02-20 20:45,35.54512
2024-02-20 21:00,34.72
2024-02-20 21:15,34.84
2024-02-20 21:30,36.31109
2024-02-20 21:45,36.51763
2024-02-20 22:00,39.09
2024-02-20 22:15,39.09
2024-02-20 22:30,42.44
2024-02-20 22:45,48.84
2024-02-20 23:00,39.2036
2024-02-20 23:15,41.69356
2024-02-20 23:30,43.1851
2024-02-20 23:45,42.71799
2024-02-21 0:00,40.13943
2024-02-21 0:15,38.9542
2024-02-21 0:30,34.83045
2024-02-21 0:45,31.33285
2024-02-21 1:00,35.74913
2024-02-21 1:15,32.4288
2024-02-21 1:30,30.04506
2024-02-21 1:45,24.85375
2024-02-21 2:00,26.16559
2024-02-21 2:15,28.40216
2024-02-21 2:30,21.76396
2024-02-21 2:45,23.12336
2024-02-21 3:00,29.75917
2024-02-21 3:15,29.40046
2024-02-21 3:30,28.28939
2024-02-21 3:45,29.66294
2024-02-21 4:00,36.46455
2024-02-21 4:15,36.05729
2024-02-21 4:30,23.87955
2024-02-21 4:45,28.64292
2024-02-21 5:00,33.3593
2024-02-21 5:15,37.14563
2024-02-21 5:30,37.05206
2024-02-21 5:45,36.86226
2024-02-21 6:00,36.82944
2024-02-21 6:15,38.28392
2024-02-21 6:30,37.985
2024-02-21 6:45,41.52613
2024-02-21 7:00,41.31913
2024-02-21 7:15,44.92713
2024-02-21 7:30,49.89988
2024-02-21 7:45,52.53183
2024-02-21 8:00,52.53441
2024-02-21 8:15,57.3829
2024-02-21 8:30,57.90087
2024-02-21 8:45,61.57731
2024-02-21 9:00,44.66106
2024-02-21 9:15,50.12114
2024-02-21 9:30,57.3294
2024-02-21 9:45,70.36443
2024-02-21 10:00,56.40042
2024-02-21 10:15,58.33109
2024-02-21 10:30,65.79904
2024-02-21 10:45,67.25003
2024-02-21 11:00,62.9595
2024-02-21 11:15,65.0328
2024-02-21 11:30,66.28638
2024-02-21 11:45,63.76215
2024-02-21 12:00,60.41318
2024-02-21 12:15,60.60199
2024-02-21 12:30,60.14229
2024-02-21 12:45,59.68136
2024-02-21 13:00,65.08957
2024-02-21 13:15,61.94893
2024-02-21 13:30,57.14438
2024-02-21 13:45,56.01855
2024-02-21 14:00,56.4717
2024-02-21 14:15,55.41974
2024-02-21 14:30,49.06473
2024-02-21 14:45,44.7586
2024-02-21 15:00,49.65308
2024-02-21 15:15,41.06027
2024-02-21 15:30,39.99049
2024-02-21 15:45,38.16982
2024-02-21 16:00,37.15087
2024-02-21 16:15,35.82113
2024-02-21 16:30,35.72977
2024-02-21 16:45,34.82532
2024-02-21 17:00,40.40138
2024-02-21 17:15,39.79342
2024-02-21 17:30,39.54377
2024-02-21 17:45,35.92329
2024-02-21 18:00,37.58741
2024-02-21 18:15,35.85264
2024-02-21 18:30,36.05681
2024-02-21 18:45,35.42817
2024-02-21 19:00,36.45918
2024-02-21 19:15,35.43454
2024-02-21 19:30,35.39084
2024-02-21 19:45,34.1864
2024-02-21 20:00,35.74736
2024-02-21 20:15,36.44706
2024-02-21 20:30,36.28747
2024-02-21 20:45,38.28014
2024-02-21 21:00,40.82539
2024-02-21 21:15,41.94206
2024-02-21 21:30,43.32638
2024-02-21 21:45,51.03685
2024-02-21 22:00,41.12913
2024-02-21 22:15,42.78452
2024-02-21 22:30,51.57532
2024-02-21 22:45,64.74404
2024-02-21 23:00,51.83366
2024-02-21 23:15,55.76109
2024-02-21 23:30,60.52589
2024-02-21 23:45,55.72678
2024-02-22 0:00,49.10852
2024-02-22 0:15,42.61819
2024-02-22 0:30,39.97285
2024-02-22 0:45,28.34767
2024-02-22 1:00,36.28004
2024-02-22 1:15,27.22385
2024-02-22 1:30,13.17082
2024-02-22 1:45,-5.47107
2024-02-22 2:00,-7.27909
2024-02-22 2:15,-12.1094
2024-02-22 2:30,-17.27263
2024-02-22 2:45,-18.28411
2024-02-22 3:00,-18.71827
2024-02-22 3:15,-21.78273
2024-02-22 3:30,-24.64219
2024-02-22 3:45,-26.52796
2024-02-22 4:00,-31.39433
2024-02-22 4:15,-29.96949
2024-02-22 4:30,-32.93533
2024-02-22 4:45,-33.3691
2024-02-22 5:00,-36.21172
2024-02-22 5:15,-33.33808
2024-02-22 5:30,-32.73578
2024-02-22 5:45,-24.3521
2024-02-22 6:00,-19.53235
2024-02-22 6:15,-19.97904
2024-02-22 6:30,-25.70568
2024-02-22 6:45,-23.47227
2024-02-22 7:00,-21.62801
2024-02-22 7:15,-13.85448
2024-02-22 7:30,-6.55445
2024-02-22 7:45,-6.57769
2024-02-22 8:00,-21.64818
2024-02-22 8:15,-9.66244
2024-02-22 8:30,-0.4609
2024-02-22 8:45,19.95943
2024-02-22 9:00,12.22576
2024-02-22 9:15,32.64649
2024-02-22 9:30,44.76937
2024-02-22 9:45,54.1151
2024-02-22 10:00,38.11513
2024-02-22 10:15,44.03889
2024-02-22 10:30,49.24079
2024-02-22 10:45,55.35782
2024-02-22 11:00,49.98129
2024-02-22 11:15,50.37239
2024-02-22 11:30,50.97113
2024-02-22 11:45,50.32435
2024-02-22 12:00,50.5092
2024-02-22 12:15,53.41111
2024-02-22 12:30,50.4071
2024-02-22 12:45,48.07298
2024-02-22 13:00,47.11678
2024-02-22 13:15,42.22193
2024-02-22 13:30,40.45535
2024-02-22 13:45,40.15327
2024-02-22 14:00,40.28277
2024-02-22 14:15,39.06513
2024-02-22 14:30,37.73185
2024-02-22 14:45,35.1164
2024-02-22 15:00,37.65213
2024-02-22 15:15,35.20945
2024-02-22 15:30,32.94666
2024-02-22 15:45,30.89079
2024-02-22 16:00,33.43772
2024-02-22 16:15,32.99868
2024-02-22 16:30,32.06997
2024-02-22 16:45,29.54065
2024-02-22 17:00,32.96013
2024-02-22 17:15,31.47152
2024-02-22 17:30,31.83158
2024-02-22 17:45,31.38863
2024-02-22 18:00,31.80876
2024-02-22 18:15,31.46373
2024-02-22 18:30,30.85109
2024-02-22 18:45,29.22232
2024-02-22 19:00,29.55244
2024-02-22 19:15,29.69794
2024-02-22 19:30,30.18418
2024-02-22 19:45,29.82038
2024-02-22 20:00,29.48916
2024-02-22 20:15,29.90151
2024-02-22 20:30,31.54768
2024-02-22 20:45,32.59588
2024-02-22 21:00,32.66857
2024-02-22 21:15,34.39141
2024-02-22 21:30,37.53952
2024-02-22 21:45,40.23683
2024-02-22 22:00,35.41959
2024-02-22 22:15,39.19625
2024-02-22 22:30,42.38522
2024-02-22 22:45,48.25242
2024-02-22 23:00,42.03712
2024-02-22 23:15,45.41212
2024-02-22 23:30,45.01377
2024-02-22 23:45,43.26614
2024-02-23 0:00,44.77455
2024-02-23 0:15,35.32858
2024-02-23 0:30,33.31275
2024-02-23 0:45,13.93819
2024-02-23 1:00,11.26824
2024-02-23 1:15,3.21564
2024-02-23 1:30,-7.14607
2024-02-23 1:45,-17.63342
2024-02-23 2:00,-13.00214
2024-02-23 2:15,-20.64451
2024-02-23 2:30,-23.44902
2024-02-23 2:45,-23.46645
2024-02-23 3:00,-18.06163
2024-02-23 3:15,-23.31235
2024-02-23 3:30,-25.50522
2024-02-23 3:45,-27.42909
2024-02-23 4:00,-19.13942
2024-02-23 4:15,-21.13464
2024-02-23 4:30,-28.14089
2024-02-23 4:45,-30.36344
2024-02-23 5:00,-28.12395
2024-02-23 5:15,-28.03239
2024-02-23 5:30,-33.83496
2024-02-23 5:45,-33.42348
2024-02-23 6:00,-32.72756
2024-02-23 6:15,-33.43318
2024-02-23 6:30,-36.79724
2024-02-23 6:45,-43.43302
2024-02-23 7:00,-37.91664
2024-02-23 7:15,-35.80945
2024-02-23 7:30,-29.14441
2024-02-23 7:45,-23.92193
2024-02-23 8:00,-29.16264
2024-02-23 8:15,-22.78022
2024-02-23 8:30,-11.81592
2024-02-23 8:45,10.46411
2024-02-23 9:00,3.76294
2024-02-23 9:15,18.98141
2024-02-23 9:30,34.37066
2024-02-23 9:45,50.5562
2024-02-23 10:00,35.53849
2024-02-23 10:15,37.34483
2024-02-23 10:30,54.6553
2024-02-23 10:45,60.20762
2024-02-23 11:00,57.79556
2024-02-23 11:15,57.21307
2024-02-23 11:30,56.35416
2024-02-23 11:45,50.90833
2024-02-23 12:00,56.45773
2024-02-23 12:15,55.01673
2024-02-23 12:30,52.23524
2024-02-23 12:45,46.49136
2024-02-23 13:00,43.92872
2024-02-23 13:15,44.30861
2024-02-23 13:30,40.54155
2024-02-23 13:45,40.22334
2024-02-23 14:00,41.45559
2024-02-23 14:15,40.02855
2024-02-23 14:30,37.98923
2024-02-23 14:45,36.61241
2024-02-23 15:00,39.47797
2024-02-23 15:15,39.48622
2024-02-23 15:30,35.69399
2024-02-23 15:45,33.61511
2024-02-23 16:00,33.34842
2024-02-23 16:15,31.55225
2024-02-23 16:30,29.72766
2024-02-23 16:45,29.63472
2024-02-23 17:00,36.02111
2024-02-23 17:15,35.99943
2024-02-23 17:30,35.52878
2024-02-23 17:45,34.5875
2024-02-23 18:00,35.89981
2024-02-23 18:15,34.4237
2024-02-23 18:30,33.9844
2024-02-23 18:45,33.6787
2024-02-23 19:00,34.19596
2024-02-23 19:15,34.26844
2024-02-23 19:30,33.64867
2024-02-23 19:45,33.65196
2024-02-23 20:00,34.16069
2024-02-23 20:15,34.83122
2024-02-23 20:30,34.6965
2024-02-23 20:45,34.83532
2024-02-23 21:00,31.49564
2024-02-23 21:15,33.35721
2024-02-23 21:30,35.24286
2024-02-23 21:45,38.25948
2024-02-23 22:00,33.44295
2024-02-23 22:15,36.34925
2024-02-23 22:30,40.65984
2024-02-23 22:45,43.70765
2024-02-23 23:00,41.36
2024-02-23 23:15,42.65307
2024-02-23 23:30,44.20117
2024-02-23 23:45,42.31798
2024-02-24 0:00,45
2024-02-24 0:15,37.9847
2024-02-24 0:30,32.42567
2024-02-24 0:45,28.25736
2024-02-24 1:00,33.25437
2024-02-24 1:15,31.25677
2024-02-24 1:30,29.24286
2024-02-24 1:45,22.4977
2024-02-24 2:00,31.38495
2024-02-24 2:15,29.03258
2024-02-24 2:30,13.31386
2024-02-24 2:45,7.92404
2024-02-24 3:00,8.87435
2024-02-24 3:15,10.18467
2024-02-24 3:30,10.12793
2024-02-24 3:45,6.41883
2024-02-24 4:00,10.11027
2024-02-24 4:15,9.69901
2024-02-24 4:30,9.01377
2024-02-24 4:45,4.4398
2024-02-24 5:00,-0.4721
2024-02-24 5:15,4.17875
2024-02-24 5:30,-3.19933
2024-02-24 5:45,-1.02365
2024-02-24 6:00,1.54639
2024-02-24 6:15,6.57393
2024-02-24 6:30,6.48237
2024-02-24 6:45,9.58764
2024-02-24 7:00,6.74454
2024-02-24 7:15,11.40933
2024-02-24 7:30,12.02116
2024-02-24 7:45,15.13967
2024-02-24 8:00,10.7366
2024-02-24 8:15,11.30824
2024-02-24 8:30,27.15106
2024-02-24 8:45,33.36986
2024-02-24 9:00,11.1763
2024-02-24 9:15,17.3624
2024-02-24 9:30,36.7012
2024-02-24 9:45,45.35405
2024-02-24 10:00,35.0012
2024-02-24 10:15,38.11
2024-02-24 10:30,44.40535
2024-02-24 10:45,49.65398
2024-02-24 11:00,46.83873
2024-02-24 11:15,44.61572
2024-02-24 11:30,42.35991
2024-02-24 11:45,38.43362
2024-02-24 12:00,36.54771
2024-02-24 12:15,34.7022
2024-02-24 12:30,33.01145
2024-02-24 12:45,33.0123
2024-02-24 13:00,32.88089
2024-02-24 13:15,33
2024-02-24 13:30,32.76
2024-02-24 13:45,32.82972
2024-02-24 14:00,33.07074
2024-02-24 14:15,33.35955
2024-02-24 14:30,33.28506
2024-02-24 14:45,34.10813
2024-02-24 15:00,34.90973
2024-02-24 15:15,32.45665
2024-02-24 15:30,30.70958
2024-02-24 15:45,30.41157
2024-02-24 16:00,33.31774
2024-02-24 16:15,33.145
2024-02-24 16:30,32.30628
2024-02-24 16:45,31.01125
2024-02-24 17:00,35.61184
2024-02-24 17:15,36.53319
2024-02-24 17:30,35.48044
2024-02-24 17:45,34.63075
2024-02-24 18:00,35.50779
2024-02-24 18:15,34.02138
2024-02-24 18:30,33.52812
2024-02-24 18:45,33.52742
2024-02-24 19:00,33.83241
2024-02-24 19:15,33.9363
2024-02-24 19:30,32.57463
2024-02-24 19:45,31.6306
2024-02-24 20:00,32.87208
2024-02-24 20:15,32.32329
2024-02-24 20:30,31.16613
2024-02-24 20:45,30.40999
2024-02-24 21:00,30.26457
2024-02-24 21:15,28.68955
2024-02-24 21:30,30.20498
2024-02-24 21:45,30.61833
2024-02-24 22:00,27.38914
2024-02-24 22:15,29.85882
2024-02-24 22:30,31.52245
2024-02-24 22:45,34.987
2024-02-24 23:00,35.06572
2024-02-24 23:15,36.06697
2024-02-24 23:30,35.6789
2024-02-24 23:45,34.65274
2024-02-25 0:00,35.40355
2024-02-25 0:15,29.88596
2024-02-25 0:30,20.61354
2024-02-25 0:45,14.79439
2024-02-25 1:00,7.77929
2024-02-25 1:15,7.32024
2024-02-25 1:30,1.38837
2024-02-25 1:45,-5.76275
2024-02-25 2:00,8.30178
2024-02-25 2:15,5.34717
2024-02-25 2:30,2.46967
2024-02-25 2:45,-3.51337
2024-02-25 3:00,1.07032
2024-02-25 3:15,-8.92766
2024-02-25 3:30,-13.48361
2024-02-25 3:45,-14.98685
2024-02-25 4:00,-15.15404
2024-02-25 4:15,-15.83741
2024-02-25 4:30,-23.59855
2024-02-25 4:45,-31.03747
2024-02-25 5:00,-31.52551
2024-02-25 5:15,-40.54021
2024-02-25 5:30,-40.46223
2024-02-25 5:45,-44.46171
2024-02-25 6:00,-45.31511
2024-02-25 6:15,-42.4561
2024-02-25 6:30,-44.47744
2024-02-25 6:45,-48.08264
2024-02-25 7:00,-33.01133
2024-02-25 7:15,-22.9209
2024-02-25 7:30,-20.36388
2024-02-25 7:45,-16.25994
2024-02-25 8:00,-16.44641
2024-02-25 8:15,-19.64375
2024-02-25 8:30,-14.22541
2024-02-25 8:45,-2.92987
2024-02-25 9:00,-8.74166
2024-02-25 9:15,-1.35016
2024-02-25 9:30,14.80563
2024-02-25 9:45,28.99365
2024-02-25 10:00,22.29857
2024-02-25 10:15,29.63541
2024-02-25 10:30,31.54186
2024-02-25 10:45,35.18727
2024-02-25 11:00,34.71217
2024-02-25 11:15,33.27459
2024-02-25 11:30,31.907
2024-02-25 11:45,29.55381
2024-02-25 12:00,27.21315
2024-02-25 12:15,26.38822
2024-02-25 12:30,24.48171
2024-02-25 12:45,24.67576
2024-02-25 13:00,23.83145
2024-02-25 13:15,22.95595
2024-02-25 13:30,24.14047
2024-02-25 13:45,25.04577
2024-02-25 14:00,25.30436
2024-02-25 14:15,26.07284
2024-02-25 14:30,25.24347
2024-02-25 14:45,25.04271
2024-02-25 15:00,25.20018
2024-02-25 15:15,22.27877
2024-02-25 15:30,20.0928
2024-02-25 15:45,16.59134
2024-02-25 16:00,19.01843
2024-02-25 16:15,16.73185
2024-02-25 16:30,15.73119
2024-02-25 16:45,14.72376
2024-02-25 17:00,26.97118
2024-02-25 17:15,28.61237
2024-02-25 17:30,28.8733
2024-02-25 17:45,26.36092
2024-02-25 18:00,29.4037
2024-02-25 18:15,29.7782
2024-02-25 18:30,28.651
2024-02-25 18:45,27.84354
2024-02-25 19:00,29.08813
2024-02-25 19:15,30.10345
2024-02-25 19:30,29.68783
2024-02-25 19:45,30.29768
2024-02-25 20:00,28.12702
2024-02-25 20:15,29.54261
2024-02-25 20:30,29.81418
2024-02-25 20:45,29.50395
2024-02-25 21:00,27.80764
2024-02-25 21:15,27.91181
2024-02-25 21:30,29.01372
2024-02-25 21:45,30.23016
2024-02-25 22:00,24.03278
2024-02-25 22:15,26.49027
2024-02-25 22:30,27.26072
2024-02-25 22:45,29.62586
2024-02-25 23:00,27.45555
2024-02-25 23:15,26.9608
2024-02-25 23:30,25.75319
2024-02-25 23:45,23.11288
2024-02-26 0:00,25.35747
2024-02-26 0:15,14.66549
2024-02-26 0:30,9.89239
2024-02-26 0:45,0.00986
2024-02-26 1:00,10.01558
2024-02-26 1:15,5.3896
2024-02-26 1:30,-2.34406
2024-02-26 1:45,-6.93832
2024-02-26 2:00,-7.89642
2024-02-26 2:15,-12.27907
2024-02-26 2:30,-15.07417
2024-02-26 2:45,-21.70336
2024-02-26 3:00,-18.84377
2024-02-26 3:15,-21.48349
2024-02-26 3:30,-25.45965
2024-02-26 3:45,-28.54443
2024-02-26 4:00,-30.48264
2024-02-26 4:15,-33.04672
2024-02-26 4:30,-35.86049
2024-02-26 4:45,-39.48016
2024-02-26 5:00,-39.36868
2024-02-26 5:15,-40.99062
2024-02-26 5:30,-41.0693
2024-02-26 5:45,-40.95934
2024-02-26 6:00,-40.94514
2024-02-26 6:15,-40.50862
2024-02-26 6:30,-41.16327
2024-02-26 6:45,-40.85586
2024-02-26 7:00,-33.74927
2024-02-26 7:15,-40.75646
2024-02-26 7:30,-28.07217
2024-02-26 7:45,-18.0508
2024-02-26 8:00,-20.39631
2024-02-26 8:15,-21.5302
2024-02-26 8:30,-14.53372
2024-02-26 8:45,-2.82205
2024-02-26 9:00,-6.39994
2024-02-26 9:15,0.00995
2024-02-26 9:30,14.99221
2024-02-26 9:45,30.92868
2024-02-26 10:00,20.01911
2024-02-26 10:15,28.53646
2024-02-26 10:30,34.44196
2024-02-26 10:45,36.08329
2024-02-26 11:00,35.79293
2024-02-26 11:15,37.43543
2024-02-26 11:30,35.80247
2024-02-26 11:45,34.0779
2024-02-26 12:00,32
2024-02-26 12:15,31.66172
2024-02-26 12:30,29.96
2024-02-26 12:45,29.78527
2024-02-26 13:00,29.96
2024-02-26 13:15,30.333
2024-02-26 13:30,31.46
2024-02-26 13:45,30.41338
2024-02-26 14:00,31.23953
2024-02-26 14:15,30.9496
2024-02-26 14:30,30.9488
2024-02-26 14:45,29.04205
2024-02-26 15:00,29.5188
2024-02-26 15:15,28.68
2024-02-26 15:30,27.32
2024-02-26 15:45,24
2024-02-26 16:00,22.75644
2024-02-26 16:15,19.13
2024-02-26 16:30,17.31
2024-02-26 16:45,15.07857
2024-02-26 17:00,28.6
2024-02-26 17:15,22.36
2024-02-26 17:30,23.85138
2024-02-26 17:45,20.02
2024-02-26 18:00,24.02
2024-02-26 18:15,22.16
2024-02-26 18:30,20.14
2024-02-26 18:45,20.32662
2024-02-26 19:00,23.85138
2024-02-26 19:15,22.16
2024-02-26 19:30,20.14
2024-02-26 19:45,20.14
2024-02-26 20:00,23.85138
2024-02-26 20:15,23.75
2024-02-26 20:30,23.85138
2024-02-26 20:45,23.85138
2024-02-26 21:00,23.69763
2024-02-26 21:15,23.85138
2024-02-26 21:30,24.0036
2024-02-26 21:45,27.18
2024-02-26 22:00,28.24523
2024-02-26 22:15,29.5188
2024-02-26 22:30,30.30726
2024-02-26 22:45,32.1393
2024-02-26 23:00,31.7
2024-02-26 23:15,31.83
2024-02-26 23:30,32.81718
2024-02-26 23:45,32.81718
2024-02-27 0:00,39.84528
2024-02-27 0:15,34.86
2024-02-27 0:30,31.87
2024-02-27 0:45,34.5988
2024-02-27 1:00,34.83
2024-02-27 1:15,23.85138
2024-02-27 1:30,23.85138
2024-02-27 1:45,19.40645
2024-02-27 2:00,24.17
2024-02-27 2:15,19.5002
2024-02-27 2:30,20.06
2024-02-27 2:45,22.10424
2024-02-27 3:00,23.85
2024-02-27 3:15,21.20151
2024-02-27 3:30,20.52272
2024-02-27 3:45,22.61759
2024-02-27 4:00,24.5388
2024-02-27 4:15,25.69916
2024-02-27 4:30,22.95236
2024-02-27 4:45,22.68747
2024-02-27 5:00,25.69916
2024-02-27 5:15,25.69916
2024-02-27 5:30,20.53697
2024-02-27 5:45,19.56657
2024-02-27 6:00,20.06
2024-02-27 6:15,20.15
2024-02-27 6:30,22.3
2024-02-27 6:45,23.64935
2024-02-27 7:00,20.4812
2024-02-27 7:15,24.64436
2024-02-27 7:30,28.60989
2024-02-27 7:45,32.81718
2024-02-27 8:00,27.5412
2024-02-27 8:15,29.29
2024-02-27 8:30,32.83
2024-02-27 8:45,36.78685
2024-02-27 9:00,28
2024-02-27 9:15,30.9712
2024-02-27 9:30,39.9988
2024-02-27 9:45,42.82
2024-02-27 10:00,35
2024-02-27 10:15,38.27
2024-02-27 10:30,42.63
2024-02-27 10:45,44.3
2024-02-27 11:00,38.74102
2024-02-27 11:15,38.89
2024-02-27 11:30,38.632
2024-02-27 11:45,36.87599
2024-02-27 12:00,36
2024-02-27 12:15,34.21814
2024-02-27 12:30,34.10907
2024-02-27 12:45,34.10907
2024-02-27 13:00,34.13639
2024-02-27 13:15,34.13639
2024-02-27 13:30,33.2684
2024-02-27 13:45,32.05
2024-02-27 14:00,34
2024-02-27 14:15,31.18837
2024-02-27 14:30,30.72841
2024-02-27 14:45,30.16
2024-02-27 15:00,32.81718
2024-02-27 15:15,30.16
2024-02-27 15:30,28.94
2024-02-27 15:45,26.67733
2024-02-27 16:00,25.0469
2024-02-27 16:15,22.16
2024-02-27 16:30,20.40604
2024-02-27 16:45,20.05
2024-02-27 17:00,27.77722
2024-02-27 17:15,27.77722
2024-02-27 17:30,25.2497
2024-02-27 17:45,21.73167
2024-02-27 18:00,22.45
2024-02-27 18:15,21.20644
2024-02-27 18:30,20.34965
2024-02-27 18:45,19
2024-02-27 19:00,19.39
2024-02-27 19:15,19
2024-02-27 19:30,17
2024-02-27 19:45,18
2024-02-27 20:00,21.20644
2024-02-27 20:15,24.52072
2024-02-27 20:30,25.2497
2024-02-27 20:45,25.84151
2024-02-27 21:00,23.18341
2024-02-27 21:15,26.55734
2024-02-27 21:30,31.1
2024-02-27 21:45,32.14491
2024-02-27 22:00,25.97038
2024-02-27 22:15,29.52701
2024-02-27 22:30,32.35643
2024-02-27 22:45,36.71328
2024-02-27 23:00,35.98546
2024-02-27 23:15,39.9964
2024-02-27 23:30,44.73
2024-02-27 23:45,41
2024-02-28 0:00,33.3092
2024-02-28 0:15,31.26669
2024-02-28 0:30,22.40686
2024-02-28 0:45,9.80837
2024-02-28 1:00,18.54727
2024-02-28 1:15,8.6565
2024-02-28 1:30,-1.05258
2024-02-28 1:45,-9.0476
2024-02-28 2:00,-7.92917
2024-02-28 2:15,-15.26539
2024-02-28 2:30,-16.16296
2024-02-28 2:45,-19.10437
2024-02-28 3:00,-19.10437
2024-02-28 3:15,-17.73655
2024-02-28 3:30,-21.1896
2024-02-28 3:45,-21.35821
2024-02-28 4:00,-22.17694
2024-02-28 4:15,-22.21766
2024-02-28 4:30,-21.44471
2024-02-28 4:45,-22.92367
2024-02-28 5:00,-21.29655
2024-02-28 5:15,-22.95106
2024-02-28 5:30,-24.00942
2024-02-28 5:45,-22.57763
2024-02-28 6:00,-20.99159
2024-02-28 6:15,-20.18588
2024-02-28 6:30,-18.09725
2024-02-28 6:45,-16.69477
2024-02-28 7:00,-16.78477
2024-02-28 7:15,-14.64407
2024-02-28 7:30,-12.65186
2024-02-28 7:45,-9.3277
2024-02-28 8:00,-7.85157
2024-02-28 8:15,-13.95184
2024-02-28 8:30,-3.63423
2024-02-28 8:45,0.05982
2024-02-28 9:00,-11.09109
2024-02-28 9:15,14.48804
2024-02-28 9:30,34.89066
2024-02-28 9:45,49.58038
2024-02-28 10:00,30.32527
2024-02-28 10:15,45.27576
2024-02-28 10:30,48.96167
2024-02-28 10:45,60.32238
2024-02-28 11:00,54.67258
2024-02-28 11:15,53.29546
2024-02-28 11:30,51.22376
2024-02-28 11:45,48.94825
2024-02-28 12:00,47.88464
2024-02-28 12:15,48.0552
2024-02-28 12:30,44.39888
2024-02-28 12:45,41.53587
2024-02-28 13:00,42.08361
2024-02-28 13:15,41.84984
2024-02-28 13:30,42.2658
2024-02-28 13:45,42.46441
2024-02-28 14:00,40.67921
2024-02-28 14:15,38.31834
2024-02-28 14:30,37.93001
2024-02-28 14:45,36.84471
2024-02-28 15:00,36.21102
2024-02-28 15:15,34.9855
2024-02-28 15:30,35.14639
2024-02-28 15:45,32.68533
2024-02-28 16:00,35.39047
2024-02-28 16:15,34.24713
2024-02-28 16:30,34.13829
2024-02-28 16:45,32.34648
2024-02-28 17:00,33.49142
2024-02-28 17:15,31.32128
2024-02-28 17:30,32.38698
2024-02-28 17:45,32.62242
2024-02-28 18:00,32.32848
2024-02-28 18:15,31.67478
2024-02-28 18:30,31.32356
2024-02-28 18:45,30.87699
2024-02-28 19:00,31.63629
2024-02-28 19:15,31.38844
2024-02-28 19:30,31.76944
2024-02-28 19:45,32.66049
2024-02-28 20:00,34.2961
2024-02-28 20:15,34.71225
2024-02-28 20:30,34.70891
2024-02-28 20:45,34.7994
2024-02-28 21:00,31.48081
2024-02-28 21:15,33.34596
2024-02-28 21:30,34.82766
2024-02-28 21:45,34.9442
2024-02-28 22:00,34.88578
2024-02-28 22:15,35.07953
2024-02-28 22:30,36.91267
2024-02-28 22:45,42.50369
2024-02-28 23:00,44.45048
2024-02-28 23:15,46.34244
2024-02-28 23:30,46.70654
2024-02-28 23:45,39.8612
2024-02-29 0:00,37.54241
2024-02-29 0:15,31.1209
2024-02-29 0:30,26.37205
2024-02-29 0:45,9.22886
2024-02-29 1:00,10.04178
2024-02-29 1:15,1.60836
2024-02-29 1:30,-5.71774
2024-02-29 1:45,-16.61297
2024-02-29 2:00,-18.94256
2024-02-29 2:15,-19.17414
2024-02-29 2:30,-20.41159
2024-02-29 2:45,-26.22463
2024-02-29 3:00,-24.98998
2024-02-29 3:15,-27.40315
2024-02-29 3:30,-31.10128
2024-02-29 3:45,-32.10064
2024-02-29 4:00,-24.27539
2024-02-29 4:15,-24.93254
2024-02-29 4:30,-23.04606
2024-02-29 4:45,-29.47391
2024-02-29 5:00,-31.04816
2024-02-29 5:15,-28.74704
2024-02-29 5:30,-29.2453
2024-02-29 5:45,-32.2927
2024-02-29 6:00,-30.18114
2024-02-29 6:15,-26.95309
2024-02-29 6:30,-30.53895
2024-02-29 6:45,-25.73579
2024-02-29 7:00,-25.35955
2024-02-29 7:15,-25.87883
2024-02-29 7:30,-26.74446
2024-02-29 7:45,-23.24109
2024-02-29 8:00,-21.87936
2024-02-29 8:15,-14.98504
2024-02-29 8:30,-2.67782
2024-02-29 8:45,9.76712
2024-02-29 9:00,4.73132
2024-02-29 9:15,13.51641
2024-02-29 9:30,33.74818
2024-02-29 9:45,46.3396
2024-02-29 10:00,31.95498
2024-02-29 10:15,37.50441
2024-02-29 10:30,44.56801
2024-02-29 10:45,48.20958
2024-02-29 11:00,44.4001
2024-02-29 11:15,45.08989
2024-02-29 11:30,45.20883
2024-02-29 11:45,43.9812
2024-02-29 12:00,44.97696
2024-02-29 12:15,44.76169
2024-02-29 12:30,44.51181
2024-02-29 12:45,40.86377
2024-02-29 13:00,40.90804
2024-02-29 13:15,34.56708
2024-02-29 13:30,34.08226
2024-02-29 13:45,33.02432
2024-02-29 14:00,33.33625
2024-02-29 14:15,32.31443
2024-02-29 14:30,32.68518
2024-02-29 14:45,32.00914
2024-02-29 15:00,34.77478
2024-02-29 15:15,32.85856
2024-02-29 15:30,32.32638
2024-02-29 15:45,31.61411
2024-02-29 16:00,35.37417
2024-02-29 16:15,32.36987
2024-02-29 16:30,30.91504
2024-02-29 16:45,29.20218
2024-02-29 17:00,29.57368
2024-02-29 17:15,29.47082
2024-02-29 17:30,28.6079
2024-02-29 17:45,27.56072
2024-02-29 18:00,29.98594
2024-02-29 18:15,29.18637
2024-02-29 18:30,28.53822
2024-02-29 18:45,28.23944
2024-02-29 19:00,32.49956
2024-02-29 19:15,32.38487
2024-02-29 19:30,31.32751
2024-02-29 19:45,28.6835
2024-02-29 20:00,29.19485
2024-02-29 20:15,29.34422
2024-02-29 20:30,29.62765
2024-02-29 20:45,28.01147
2024-02-29 21:00,26.99483
2024-02-29 21:15,27.02201
2024-02-29 21:30,27.11229
2024-02-29 21:45,27.90819
2024-02-29 22:00,26.95863
2024-02-29 22:15,28.2639
2024-02-29 22:30,32.57532
2024-02-29 22:45,35.99163
2024-02-29 23:00,34.70548
2024-02-29 23:15,37.30801
2024-02-29 23:30,38.77477
2024-02-29 23:45,33.48453
2024-03-01 0:00,33.77524
2024-03-01 0:15,29.39987
2024-03-01 0:30,29.1895
2024-03-01 0:45,-0.56085
2024-03-01 1:00,4.84052
2024-03-01 1:15,-3.9226
2024-03-01 1:30,-4.80099
2024-03-01 1:45,-14.72939
2024-03-01 2:00,-9.98572
2024-03-01 2:15,-10.36038
2024-03-01 2:30,-13.5286
2024-03-01 2:45,-16.07359
2024-03-01 3:00,-12.83722
2024-03-01 3:15,-12.51342
2024-03-01 3:30,-14.5022
2024-03-01 3:45,-15.54728
2024-03-01 4:00,-12.37133
2024-03-01 4:15,-13.7151
2024-03-01 4:30,-17.5442
2024-03-01 4:45,-16.90606
2024-03-01 5:00,-17.69947
2024-03-01 5:15,-17.75967
2024-03-01 5:30,-20.83016
2024-03-01 5:45,-23.61305
2024-03-01 6:00,-23.65436
2024-03-01 6:15,-33.23642
2024-03-01 6:30,-34.69431
2024-03-01 6:45,-43.69527
2024-03-01 7:00,-45.66089
2024-03-01 7:15,-44.87687
2024-03-01 7:30,-47.49164
2024-03-01 7:45,-45.62376
2024-03-01 8:00,-41.20845
2024-03-01 8:15,-35.72859
2024-03-01 8:30,-16.20212
2024-03-01 8:45,-15.16978
2024-03-01 9:00,-15.34584
2024-03-01 9:15,-0.5319
2024-03-01 9:30,25.40112
2024-03-01 9:45,35.47
2024-03-01 10:00,29.27
2024-03-01 10:15,35.13586
2024-03-01 10:30,41.9964
2024-03-01 10:45,44.5139
2024-03-01 11:00,44.39
2024-03-01 11:15,47.2424
2024-03-01 11:30,46.59
2024-03-01 11:45,45
2024-03-01 12:00,45
2024-03-01 12:15,42.97
2024-03-01 12:30,40.0004
2024-03-01 12:45,37
2024-03-01 13:00,37.9964
2024-03-01 13:15,36.5188
2024-03-01 13:30,35.10129
2024-03-01 13:45,35
2024-03-01 14:00,35.56732
2024-03-01 14:15,34.59443
2024-03-01 14:30,34.02338
2024-03-01 14:45,33.03288
2024-03-01 15:00,33.21048
2024-03-01 15:15,31.41444
2024-03-01 15:30,30.01495
2024-03-01 15:45,28
2024-03-01 16:00,30.24415
2024-03-01 16:15,29.9964
2024-03-01 16:30,28.51
2024-03-01 16:45,25.9988
2024-03-01 17:00,32.4068
2024-03-01 17:15,31.0888
2024-03-01 17:30,30.61
2024-03-01 17:45,30.59758
2024-03-01 18:00,31.78487
2024-03-01 18:15,31.08637
2024-03-01 18:30,30.61
2024-03-01 18:45,30.19
2024-03-01 19:00,30
2024-03-01 19:15,29.80218
2024-03-01 19:30,29.80218
2024-03-01 19:45,30.1188
2024-03-01 20:00,30.16
2024-03-01 20:15,30.1724
2024-03-01 20:30,30.64854
2024-03-01 20:45,31.6624
2024-03-01 21:00,31.78487
2024-03-01 21:15,33.6612
2024-03-01 21:30,34.33
2024-03-01 21:45,36.37632
2024-03-01 22:00,31.5788
2024-03-01 22:15,33.22
2024-03-01 22:30,38.04294
2024-03-01 22:45,40.50518
2024-03-01 23:00,35.5
2024-03-01 23:15,36.592
2024-03-01 23:30,45.5
2024-03-01 23:45,35.60598
2024-03-02 0:00,33.86894
2024-03-02 0:15,25.52663
2024-03-02 0:30,11.06339
2024-03-02 0:45,-12.42823
2024-03-02 1:00,-8.4289
2024-03-02 1:15,-13.60383
2024-03-02 1:30,-19.30929
2024-03-02 1:45,-29.64116
2024-03-02 2:00,-17.67925
2024-03-02 2:15,-19.94152
2024-03-02 2:30,-23.57807
2024-03-02 2:45,-24.16873
2024-03-02 3:00,-19.04669
2024-03-02 3:15,-6.69075
2024-03-02 3:30,-6.21727
2024-03-02 3:45,-18.13612
2024-03-02 4:00,-26.51812
2024-03-02 4:15,-32.784
2024-03-02 4:30,-38.73328
2024-03-02 4:45,-42.33269
2024-03-02 5:00,-36.05399
2024-03-02 5:15,-36.53409
2024-03-02 5:30,-39.90204
2024-03-02 5:45,-45.37273
2024-03-02 6:00,-36.16952
2024-03-02 6:15,-42.71281
2024-03-02 6:30,-42.737
2024-03-02 6:45,-49.68213
2024-03-02 7:00,-48.57348
2024-03-02 7:15,-53.48217
2024-03-02 7:30,-47.88459
2024-03-02 7:45,-45.44002
2024-03-02 8:00,-36.685
2024-03-02 8:15,-36.25391
2024-03-02 8:30,-13.06442
2024-03-02 8:45,-8.86223
2024-03-02 9:00,-10.22627
2024-03-02 9:15,2.83005
2024-03-02 9:30,24.18326
2024-03-02 9:45,41.37394
2024-03-02 10:00,33.58909
2024-03-02 10:15,40.22578
2024-03-02 10:30,42.53139
2024-03-02 10:45,58.34837
2024-03-02 11:00,49.86116
2024-03-02 11:15,52.9988
2024-03-02 11:30,53.14766
2024-03-02 11:45,56.64375
2024-03-02 12:00,49.85542
2024-03-02 12:15,47.87
2024-03-02 12:30,45.1488
2024-03-02 12:45,43.6976
2024-03-02 13:00,40.36
2024-03-02 13:15,39.93
2024-03-02 13:30,39
2024-03-02 13:45,35.58434
2024-03-02 14:00,35
2024-03-02 14:15,34.66719
2024-03-02 14:30,33.34128
2024-03-02 14:45,31.83
2024-03-02 15:00,35.5488
2024-03-02 15:15,33.80498
2024-03-02 15:30,33.2688
2024-03-02 15:45,32.93
2024-03-02 16:00,33.76585
2024-03-02 16:15,33.23619
2024-03-02 16:30,32.77567
2024-03-02 16:45,32.63023
2024-03-02 17:00,33.15082
2024-03-02 17:15,31.89
2024-03-02 17:30,31.04
2024-03-02 17:45,30.85266
2024-03-02 18:00,31.2488
2024-03-02 18:15,30.97
2024-03-02 18:30,30.37874
2024-03-02 18:45,30.2688
2024-03-02 19:00,30.7
2024-03-02 19:15,30.7
2024-03-02 19:30,30.72206
2024-03-02 19:45,30.7
2024-03-02 20:00,31.0424
2024-03-02 20:15,31.72
2024-03-02 20:30,32.91403
2024-03-02 20:45,33.18
2024-03-02 21:00,31.2488
2024-03-02 21:15,31.7388
2024-03-02 21:30,33.1724
2024-03-02 21:45,33.75
2024-03-02 22:00,35
2024-03-02 22:15,36.2124
2024-03-02 22:30,49.85542
2024-03-02 22:45,50
2024-03-02 23:00,47.35542
2024-03-02 23:15,48.667
2024-03-02 23:30,46.5707
2024-03-02 23:45,31.31314
2024-03-03 0:00,30.82624
2024-03-03 0:15,12.87201
2024-03-03 0:30,-0.16209
2024-03-03 0:45,-7.51857
2024-03-03 1:00,-0.66869
2024-03-03 1:15,4.29747
2024-03-03 1:30,-1.17651
2024-03-03 1:45,-5.0182
2024-03-03 2:00,3.88313
2024-03-03 2:15,1.87744
2024-03-03 2:30,0.76514
2024-03-03 2:45,-1.22628
2024-03-03 3:00,1.41917
2024-03-03 3:15,-1.5245
2024-03-03 3:30,-0.57097
2024-03-03 3:45,-4.88344
2024-03-03 4:00,1.06388
2024-03-03 4:15,1.97618
2024-03-03 4:30,-0.15133
2024-03-03 4:45,2.25684
2024-03-03 5:00,0.49598
2024-03-03 5:15,0.94826
2024-03-03 5:30,-2.7528
2024-03-03 5:45,-2.42155
2024-03-03 6:00,0.25764
2024-03-03 6:15,1.59064
2024-03-03 6:30,0.56588
2024-03-03 6:45,-9.32176
2024-03-03 7:00,-3.81564
2024-03-03 7:15,-3.36684
2024-03-03 7:30,-2.91211
2024-03-03 7:45,-2.36159
2024-03-03 8:00,-1.48878
2024-03-03 8:15,-2.75739
2024-03-03 8:30,9.48542
2024-03-03 8:45,8.34186
2024-03-03 9:00,-2.19208
2024-03-03 9:15,7.93814
2024-03-03 9:30,28.52415
2024-03-03 9:45,37.73341
2024-03-03 10:00,31.13664
2024-03-03 10:15,39.51144
2024-03-03 10:30,43.57024
2024-03-03 10:45,51.37757
2024-03-03 11:00,53.73945
2024-03-03 11:15,60.22191
2024-03-03 11:30,64.9988
2024-03-03 11:45,56.18899
2024-03-03 12:00,46.1112
2024-03-03 12:15,42.15049
2024-03-03 12:30,43.41741
2024-03-03 12:45,41.8212
2024-03-03 13:00,40.60803
2024-03-03 13:15,38.53457
2024-03-03 13:30,36.28352
2024-03-03 13:45,36.50029
2024-03-03 14:00,39.1
2024-03-03 14:15,40.12
2024-03-03 14:30,43.27875
2024-03-03 14:45,42.71497
2024-03-03 15:00,44.97405
2024-03-03 15:15,43.53576
2024-03-03 15:30,45.97941
2024-03-03 15:45,37.69091
2024-03-03 16:00,52.9976
2024-03-03 16:15,49.85542
2024-03-03 16:30,48.93
2024-03-03 16:45,53.7931
2024-03-03 17:00,63.38
2024-03-03 17:15,56.6412
2024-03-03 17:30,58.8836
2024-03-03 17:45,59.0812
2024-03-03 18:00,58.8988
2024-03-03 18:15,60.0012
2024-03-03 18:30,63.2288
2024-03-03 18:45,54.06
2024-03-03 19:00,54.7046
2024-03-03 19:15,49.85542
2024-03-03 19:30,45.0435
2024-03-03 19:45,45.0012
2024-03-03 20:00,37.05691
2024-03-03 20:15,45.0012
2024-03-03 20:30,47.06971
2024-03-03 20:45,45.7424
2024-03-03 21:00,45.0012
2024-03-03 21:15,48
2024-03-03 21:30,48.0024
2024-03-03 21:45,50.78528
2024-03-03 22:00,46.0012
2024-03-03 22:15,46.38124
2024-03-03 22:30,49.85542
2024-03-03 22:45,51.20589
2024-03-03 23:00,54.7046
2024-03-03 23:15,46.0036
2024-03-03 23:30,44.639
2024-03-03 23:45,17.78251
2024-03-04 0:00,15.83558
2024-03-04 0:15,4.95137
2024-03-04 0:30,-18.74882
2024-03-04 0:45,-46.48697
2024-03-04 1:00,-31.82217
2024-03-04 1:15,-40.94166
2024-03-04 1:30,-52.43697
2024-03-04 1:45,-57.59803
2024-03-04 2:00,-53.90321
2024-03-04 2:15,-53.9192
2024-03-04 2:30,-56.14255
2024-03-04 2:45,-60.8223
2024-03-04 3:00,-57.92687
2024-03-04 3:15,-60.25437
2024-03-04 3:30,-60.21168
2024-03-04 3:45,-61.76511
2024-03-04 4:00,-55.28172
2024-03-04 4:15,-57.6806
2024-03-04 4:30,-60.249
2024-03-04 4:45,-58.7144
2024-03-04 5:00,-58.55924
2024-03-04 5:15,-58.3255
2024-03-04 5:30,-60.8186
2024-03-04 5:45,-63.22241
2024-03-04 6:00,-62.78063
2024-03-04 6:15,-61.76778
2024-03-04 6:30,-65.8731
2024-03-04 6:45,-66.9444
2024-03-04 7:00,-60.55954
2024-03-04 7:15,-57.93532
2024-03-04 7:30,-60.15997
2024-03-04 7:45,-62.00887
2024-03-04 8:00,-57.39174
2024-03-04 8:15,-56.18143
2024-03-04 8:30,-52.98983
2024-03-04 8:45,-51.34807
2024-03-04 9:00,-51.27113
2024-03-04 9:15,-30.68074
2024-03-04 9:30,3.8045
2024-03-04 9:45,39.67051
2024-03-04 10:00,25.77304
2024-03-04 10:15,39.97936
2024-03-04 10:30,44.00497
2024-03-04 10:45,46.36502
2024-03-04 11:00,48.7261
2024-03-04 11:15,50.47702
2024-03-04 11:30,51.95891
2024-03-04 11:45,48.41019
2024-03-04 12:00,59.58
2024-03-04 12:15,49.8484
2024-03-04 12:30,53.05548
2024-03-04 12:45,49.84201
2024-03-04 13:00,49.99796
2024-03-04 13:15,42.42323
2024-03-04 13:30,40.51486
2024-03-04 13:45,40.50068
2024-03-04 14:00,43.47598
2024-03-04 14:15,43.2966
2024-03-04 14:30,41.46942
2024-03-04 14:45,40.89
2024-03-04 15:00,41.12
2024-03-04 15:15,40.0012
2024-03-04 15:30,36.9036
2024-03-04 15:45,33.1724
2024-03-04 16:00,40
2024-03-04 16:15,38.51432
2024-03-04 16:30,37.62641
2024-03-04 16:45,33.07685
2024-03-04 17:00,35.76649
2024-03-04 17:15,33.57
2024-03-04 17:30,34.46767
2024-03-04 17:45,33.57
2024-03-04 18:00,33.70642
2024-03-04 18:15,34.27
2024-03-04 18:30,33.70642
2024-03-04 18:45,32.5
2024-03-04 19:00,33.16003
2024-03-04 19:15,33.01285
2024-03-04 19:30,33.62718
2024-03-04 19:45,33.40294
2024-03-04 20:00,32
2024-03-04 20:15,32.25392
2024-03-04 20:30,33.32002
2024-03-04 20:45,36.9565
2024-03-04 21:00,30.97336
2024-03-04 21:15,32.25392
2024-03-04 21:30,36.7012
2024-03-04 21:45,46.47993
2024-03-04 22:00,36.65503
2024-03-04 22:15,40.02746
2024-03-04 22:30,55.84565
2024-03-04 22:45,60.15654
2024-03-04 23:00,61.94729
2024-03-04 23:15,67.14014
2024-03-04 23:30,56.70784
2024-03-04 23:45,44.68222
2024-03-05 0:00,45.07737
2024-03-05 0:15,35.04456
2024-03-05 0:30,30.07454
2024-03-05 0:45,-4.00622
2024-03-05 1:00,-0.0721
2024-03-05 1:15,-14.44171
2024-03-05 1:30,-27.77371
2024-03-05 1:45,-30.01656
2024-03-05 2:00,-31.41402
2024-03-05 2:15,-32.59505
2024-03-05 2:30,-35.62845
2024-03-05 2:45,-46.29238
2024-03-05 3:00,-39.96769
2024-03-05 3:15,-45.93542
2024-03-05 3:30,-50.36078
2024-03-05 3:45,-51.19709
2024-03-05 4:00,-49.79941
2024-03-05 4:15,-51.18846
2024-03-05 4:30,-53.43734
2024-03-05 4:45,-57.04749
2024-03-05 5:00,-61.15486
2024-03-05 5:15,-62.4775
2024-03-05 5:30,-67.36738
2024-03-05 5:45,-71.48715
2024-03-05 6:00,-81.60785
2024-03-05 6:15,-81.71799
2024-03-05 6:30,-81.75104
2024-03-05 6:45,-81.95677
2024-03-05 7:00,-79.812
2024-03-05 7:15,-79.38705
2024-03-05 7:30,-69.67173
2024-03-05 7:45,-53.84324
2024-03-05 8:00,-54.49377
2024-03-05 8:15,-53.45134
2024-03-05 8:30,-48.23207
2024-03-05 8:45,-27.96057
2024-03-05 9:00,-45.20957
2024-03-05 9:15,-21.63023
2024-03-05 9:30,1.90188
2024-03-05 9:45,34.34384
2024-03-05 10:00,19.90089
2024-03-05 10:15,40.0599
2024-03-05 10:30,48.05219
2024-03-05 10:45,52.50865
2024-03-05 11:00,48.31155
2024-03-05 11:15,51.44547
2024-03-05 11:30,50.27762
2024-03-05 11:45,47.75322
2024-03-05 12:00,49.65762
2024-03-05 12:15,48.3859
2024-03-05 12:30,50.52544
2024-03-05 12:45,52.22748
2024-03-05 13:00,53.13396
2024-03-05 13:15,54.08255
2024-03-05 13:30,51.98796
2024-03-05 13:45,55.19087
2024-03-05 14:00,61.0917
2024-03-05 14:15,59.92128
2024-03-05 14:30,56.3921
2024-03-05 14:45,54.39458
2024-03-05 15:00,57.23906
2024-03-05 15:15,52.93005
2024-03-05 15:30,51.00866
2024-03-05 15:45,45.02621
2024-03-05 16:00,49.33103
2024-03-05 16:15,49.66358
2024-03-05 16:30,46.9493
2024-03-05 16:45,40.45345
2024-03-05 17:00,44.55332
2024-03-05 17:15,41.64966
2024-03-05 17:30,40.60863
2024-03-05 17:45,37.86222
2024-03-05 18:00,44.38574
2024-03-05 18:15,46.65389
2024-03-05 18:30,44.21023
2024-03-05 18:45,41.3201
2024-03-05 19:00,43.84431
2024-03-05 19:15,44.25578
2024-03-05 19:30,44.85477
2024-03-05 19:45,46.61479
2024-03-05 20:00,47.0533
2024-03-05 20:15,45.76381
2024-03-05 20:30,48.66225
2024-03-05 20:45,52.74481
2024-03-05 21:00,45.13061
2024-03-05 21:15,48.96024
2024-03-05 21:30,54.74633
2024-03-05 21:45,57.16836
2024-03-05 22:00,42.00004
2024-03-05 22:15,50.52196
2024-03-05 22:30,60.28216
2024-03-05 22:45,66.20252
2024-03-05 23:00,67.20515
2024-03-05 23:15,69.67529
2024-03-05 23:30,71.40438
2024-03-05 23:45,64.6276
2024-03-06 0:00,50.32416
2024-03-06 0:15,10.89002
2024-03-06 0:30,5.04064
2024-03-06 0:45,-10.30785
2024-03-06 1:00,-17.69798
2024-03-06 1:15,-25.2347
2024-03-06 1:30,-31.42235
2024-03-06 1:45,-32.06795
2024-03-06 2:00,-28.08305
2024-03-06 2:15,-35.37899
2024-03-06 2:30,-39.53121
2024-03-06 2:45,-38.55137
2024-03-06 3:00,-31.87015
2024-03-06 3:15,-34.35098
2024-03-06 3:30,-34.69712
2024-03-06 3:45,-36.3052
2024-03-06 4:00,-34.96264
2024-03-06 4:15,-34.87263
2024-03-06 4:30,-37.67292
2024-03-06 4:45,-41.00899
2024-03-06 5:00,-41.974
2024-03-06 5:15,-42.86179
2024-03-06 5:30,-43.50672
2024-03-06 5:45,-45.11985
2024-03-06 6:00,-44.37012
2024-03-06 6:15,-45.99593
2024-03-06 6:30,-50.23708
2024-03-06 6:45,-52.13207
2024-03-06 7:00,-52.38355
2024-03-06 7:15,-51.25973
2024-03-06 7:30,-51.44745
2024-03-06 7:45,-50.15786
2024-03-06 8:00,-55.79885
2024-03-06 8:15,-50.52367
2024-03-06 8:30,-42.73384
2024-03-06 8:45,-39.16093
2024-03-06 9:00,-44.72173
2024-03-06 9:15,-24.30028
2024-03-06 9:30,1.04402
2024-03-06 9:45,53.8699
2024-03-06 10:00,23.60411
2024-03-06 10:15,43.06237
2024-03-06 10:30,55.51213
2024-03-06 10:45,61.73274
2024-03-06 11:00,56.01627
2024-03-06 11:15,58.08645
2024-03-06 11:30,56.04384
2024-03-06 11:45,55.43103
2024-03-06 12:00,55.99496
2024-03-06 12:15,55.40805
2024-03-06 12:30,55.18827
2024-03-06 12:45,54.50772
2024-03-06 13:00,55.15409
2024-03-06 13:15,55.46795
2024-03-06 13:30,54.40003
2024-03-06 13:45,52.43042
2024-03-06 14:00,53.31693
2024-03-06 14:15,53.49698
2024-03-06 14:30,52.89566
2024-03-06 14:45,46.15048
2024-03-06 15:00,43.55417
2024-03-06 15:15,39.85305
2024-03-06 15:30,38.10394
2024-03-06 15:45,36.33007
2024-03-06 16:00,37.45108
2024-03-06 16:15,36.51742
2024-03-06 16:30,36.38983
2024-03-06 16:45,35.09874
2024-03-06 17:00,44.72706
2024-03-06 17:15,44.4706
2024-03-06 17:30,44.60644
2024-03-06 17:45,43.5439
2024-03-06 18:00,40.03619
2024-03-06 18:15,37.83448
2024-03-06 18:30,37.54371
2024-03-06 18:45,36.68059
2024-03-06 19:00,37.60478
2024-03-06 19:15,37.71905
2024-03-06 19:30,38.88629
2024-03-06 19:45,38.87272
2024-03-06 20:00,38.85027
2024-03-06 20:15,38.87125
2024-03-06 20:30,39.6702
2024-03-06 20:45,40.28124
2024-03-06 21:00,36.34328
2024-03-06 21:15,36.51351
2024-03-06 21:30,39.41171
2024-03-06 21:45,44.5111
2024-03-06 22:00,34.29115
2024-03-06 22:15,41.37459
2024-03-06 22:30,45.79185
2024-03-06 22:45,47.80455
2024-03-06 23:00,46.2836
2024-03-06 23:15,45.51497
2024-03-06 23:30,51.69351
2024-03-06 23:45,39.66273
2024-03-07 0:00,48.97337
2024-03-07 0:15,32.13572
2024-03-07 0:30,34.55773
2024-03-07 0:45,13.51759
2024-03-07 1:00,14.85591
2024-03-07 1:15,-0.83594
2024-03-07 1:30,-5.54085
2024-03-07 1:45,-10.95296
2024-03-07 2:00,-10.03962
2024-03-07 2:15,-21.54304
2024-03-07 2:30,-13.83333
2024-03-07 2:45,-19.45239
2024-03-07 3:00,-19.05821
2024-03-07 3:15,-19.84263
2024-03-07 3:30,-20.93426
2024-03-07 3:45,-19.12565
2024-03-07 4:00,-13.72497
2024-03-07 4:15,-15.46579
2024-03-07 4:30,-13.17878
2024-03-07 4:45,-10.27574
2024-03-07 5:00,-10.67675
2024-03-07 5:15,-7.83062
2024-03-07 5:30,-0.90793
2024-03-07 5:45,11.12922
2024-03-07 6:00,23.5288
2024-03-07 6:15,17.77059
2024-03-07 6:30,21.13694
2024-03-07 6:45,35.42125
2024-03-07 7:00,34.29026
2024-03-07 7:15,31.51388
2024-03-07 7:30,39.24175
2024-03-07 7:45,47.527
2024-03-07 8:00,38.66156
2024-03-07 8:15,45.10682
2024-03-07 8:30,55.0538
2024-03-07 8:45,70.33273
2024-03-07 9:00,40.98601
2024-03-07 9:15,57.57184
2024-03-07 9:30,71.25918
2024-03-07 9:45,97.74491
2024-03-07 10:00,56.39638
2024-03-07 10:15,60.28969
2024-03-07 10:30,70.35188
2024-03-07 10:45,83.87594
2024-03-07 11:00,68.69378
2024-03-07 11:15,65.86285
2024-03-07 11:30,67.51697
2024-03-07 11:45,69.70528
2024-03-07 12:00,61.12269
2024-03-07 12:15,62.07914
2024-03-07 12:30,62.77927
2024-03-07 12:45,61.59425
2024-03-07 13:00,65.54329
2024-03-07 13:15,64.70297
2024-03-07 13:30,60.87294
2024-03-07 13:45,54.18704
2024-03-07 14:00,54.88812
2024-03-07 14:15,53.37607
2024-03-07 14:30,52.91516
2024-03-07 14:45,45.52254
2024-03-07 15:00,52.8513
2024-03-07 15:15,44.25163
2024-03-07 15:30,38.52457
2024-03-07 15:45,42.40812
2024-03-07 16:00,41.32572
2024-03-07 16:15,38.26169
2024-03-07 16:30,35.7066
2024-03-07 16:45,34.2222
2024-03-07 17:00,40.98959
2024-03-07 17:15,39.82323
2024-03-07 17:30,39.69901
2024-03-07 17:45,39.9617
2024-03-07 18:00,40.70461
2024-03-07 18:15,40.65126
2024-03-07 18:30,39.40476
2024-03-07 18:45,39.15039
2024-03-07 19:00,41.59807
2024-03-07 19:15,41.43432
2024-03-07 19:30,40.80221
2024-03-07 19:45,40.78312
2024-03-07 20:00,41.09014
2024-03-07 20:15,41.56733
2024-03-07 20:30,41.98191
2024-03-07 20:45,45.39545
2024-03-07 21:00,38.64784
2024-03-07 21:15,42.7123
2024-03-07 21:30,54.10017
2024-03-07 21:45,62.70378
2024-03-07 22:00,51.51069
2024-03-07 22:15,58.36276
2024-03-07 22:30,69.43133
2024-03-07 22:45,74.9988
2024-03-07 23:00,69.5888
2024-03-07 23:15,71.6724
2024-03-07 23:30,76.3988
2024-03-07 23:45,74.3976
2024-03-08 0:00,56.99878
2024-03-08 0:15,58.75379
2024-03-08 0:30,42.53779
2024-03-08 0:45,36.30672
2024-03-08 1:00,52.86885
2024-03-08 1:15,35.05465
2024-03-08 1:30,18.79216
2024-03-08 1:45,5.36465
2024-03-08 2:00,13.52162
2024-03-08 2:15,-6.94178
2024-03-08 2:30,-10.53544
2024-03-08 2:45,-18.42343
2024-03-08 3:00,-17.87085
2024-03-08 3:15,-22.79158
2024-03-08 3:30,-25.42932
2024-03-08 3:45,-20.87155
2024-03-08 4:00,-24.40277
2024-03-08 4:15,-23.89342
2024-03-08 4:30,-25.64996
2024-03-08 4:45,-22.49085
2024-03-08 5:00,-26.10233
2024-03-08 5:15,-24.12666
2024-03-08 5:30,-22.07167
2024-03-08 5:45,-23.03534
2024-03-08 6:00,-20.75096
2024-03-08 6:15,-21.48271
2024-03-08 6:30,-21.45076
2024-03-08 6:45,-14.72559
2024-03-08 7:00,-22.93096
2024-03-08 7:15,-19.76528
2024-03-08 7:30,-18.92892
2024-03-08 7:45,-14.09649
2024-03-08 8:00,-19.06475
2024-03-08 8:15,-19.1314
2024-03-08 8:30,-19.54107
2024-03-08 8:45,-1.91712
2024-03-08 9:00,-18.44025
2024-03-08 9:15,-7.52759
2024-03-08 9:30,19.46752
2024-03-08 9:45,45.44582
2024-03-08 10:00,34.78134
2024-03-08 10:15,46.5944
2024-03-08 10:30,53.64884
2024-03-08 10:45,61.96879
2024-03-08 11:00,56.55894
2024-03-08 11:15,58.76845
2024-03-08 11:30,59.30481
2024-03-08 11:45,58.47571
2024-03-08 12:00,53.11454
2024-03-08 12:15,49.04114
2024-03-08 12:30,48.17585
2024-03-08 12:45,45.03592
2024-03-08 13:00,46.3147
2024-03-08 13:15,45.78792
2024-03-08 13:30,39.87563
2024-03-08 13:45,40.9294
2024-03-08 14:00,41.95053
2024-03-08 14:15,44.35697
2024-03-08 14:30,39.43153
2024-03-08 14:45,36.53911
2024-03-08 15:00,39.1534
2024-03-08 15:15,37.46783
2024-03-08 15:30,36.00894
2024-03-08 15:45,34.45115
2024-03-08 16:00,40.68799
2024-03-08 16:15,37.40538
2024-03-08 16:30,36.19694
2024-03-08 16:45,34.95207
2024-03-08 17:00,42.4596
2024-03-08 17:15,41.12291
2024-03-08 17:30,41.69797
2024-03-08 17:45,41.77041
2024-03-08 18:00,42.565
2024-03-08 18:15,42.12127
2024-03-08 18:30,42.17338
2024-03-08 18:45,41.317
2024-03-08 19:00,43.06546
2024-03-08 19:15,43.43785
2024-03-08 19:30,43.1638
2024-03-08 19:45,43.59909
2024-03-08 20:00,43.65241
2024-03-08 20:15,45.86747
2024-03-08 20:30,46.56908
2024-03-08 20:45,47.38492
2024-03-08 21:00,45.34879
2024-03-08 21:15,46.72667
2024-03-08 21:30,52.19708
2024-03-08 21:45,54.28265
2024-03-08 22:00,46.09255
2024-03-08 22:15,53.21643
2024-03-08 22:30,55.84006
2024-03-08 22:45,61.2803
2024-03-08 23:00,64.8645
2024-03-08 23:15,71.77712
2024-03-08 23:30,61.0282
2024-03-08 23:45,54.18603
2024-03-09 0:00,56.8753
2024-03-09 0:15,36.51548
2024-03-09 0:30,23.85563
2024-03-09 0:45,6.80781
2024-03-09 1:00,11.43634
2024-03-09 1:15,-4.97142
2024-03-09 1:30,-19.18393
2024-03-09 1:45,-31.81047
2024-03-09 2:00,-29.06752
2024-03-09 2:15,-30.38574
2024-03-09 2:30,-35.09643
2024-03-09 2:45,-43.41503
2024-03-09 3:00,-34.9581
2024-03-09 3:15,-37.9343
2024-03-09 3:30,-44.27628
2024-03-09 3:45,-45.67977
2024-03-09 4:00,-43.70882
2024-03-09 4:15,-44.99889
2024-03-09 4:30,-45.2759
2024-03-09 4:45,-45.58625
2024-03-09 5:00,-44.57229
2024-03-09 5:15,-45.47842
2024-03-09 5:30,-45.91117
2024-03-09 5:45,-45.25395
2024-03-09 6:00,-45.64591
2024-03-09 6:15,-45.91784
2024-03-09 6:30,-46.45031
2024-03-09 6:45,-45.72385
2024-03-09 7:00,-46.56481
2024-03-09 7:15,-45.66298
2024-03-09 7:30,-44.0616
2024-03-09 7:45,-44.2693
2024-03-09 8:00,-46.24605
2024-03-09 8:15,-45.03456
2024-03-09 8:30,-33.62941
2024-03-09 8:45,-16.71451
2024-03-09 9:00,-36.7015
2024-03-09 9:15,-5.82311
2024-03-09 9:30,32.57495
2024-03-09 9:45,55.5965
2024-03-09 10:00,35.27878
2024-03-09 10:15,44.59228
2024-03-09 10:30,63.55911
2024-03-09 10:45,73.20862
2024-03-09 11:00,57.30386
2024-03-09 11:15,56.77627
2024-03-09 11:30,60.02496
2024-03-09 11:45,57.87841
2024-03-09 12:00,53.84932
2024-03-09 12:15,51.69239
2024-03-09 12:30,52.8132
2024-03-09 12:45,47.87914
2024-03-09 13:00,54.27066
2024-03-09 13:15,50.53781
2024-03-09 13:30,51.1629
2024-03-09 13:45,50.24424
2024-03-09 14:00,50.43579
2024-03-09 14:15,50.12063
2024-03-09 14:30,46.51175
2024-03-09 14:45,48.25659
2024-03-09 15:00,58.69358
2024-03-09 15:15,52.27797
2024-03-09 15:30,61.89423
2024-03-09 15:45,45.26405
2024-03-09 16:00,51.42849
2024-03-09 16:15,45.94563
2024-03-09 16:30,46.17967
2024-03-09 16:45,44.03304
2024-03-09 17:00,38.60495
2024-03-09 17:15,35.69423
2024-03-09 17:30,35.442
2024-03-09 17:45,34.92063
2024-03-09 18:00,38.30464
2024-03-09 18:15,36.42234
2024-03-09 18:30,35.74794
2024-03-09 18:45,35.30655
2024-03-09 19:00,35.83278
2024-03-09 19:15,37.0581
2024-03-09 19:30,36.74797
2024-03-09 19:45,35.33443
2024-03-09 20:00,35.89316
2024-03-09 20:15,35.99565
2024-03-09 20:30,36.23959
2024-03-09 20:45,36.90722
2024-03-09 21:00,34.79571
2024-03-09 21:15,35.48651
2024-03-09 21:30,36.36267
2024-03-09 21:45,41.10755
2024-03-09 22:00,39.90829
2024-03-09 22:15,41.39064
2024-03-09 22:30,45.20358
2024-03-09 22:45,45.45366
2024-03-09 23:00,42.02033
2024-03-09 23:15,42.02756
2024-03-09 23:30,34.86327
2024-03-09 23:45,30.76819
2024-03-10 0:00,29.75074
2024-03-10 0:15,25.26699
2024-03-10 0:30,12.6072
2024-03-10 0:45,-16.26065
2024-03-10 1:00,-3.51274
2024-03-10 1:15,-15.84618
2024-03-10 1:30,-30.58672
2024-03-10 1:45,-40.08253
2024-03-10 2:00,-36.31536
2024-03-10 2:15,-40.77257
2024-03-10 2:30,-42.09424
2024-03-10 2:45,-47.73648
2024-03-10 3:00,-47.66958
2024-03-10 3:15,-47.05984
2024-03-10 3:30,-47.37795
2024-03-10 3:45,-47.33115
2024-03-10 4:00,-47.60489
2024-03-10 4:15,-47.07974
2024-03-10 4:30,-48.40768
2024-03-10 4:45,-51.21841
2024-03-10 5:00,-48.02797
2024-03-10 5:15,-46.76168
2024-03-10 5:30,-47.63242
2024-03-10 5:45,-47.71392
2024-03-10 6:00,-52.36651
2024-03-10 6:15,-49.99362
2024-03-10 6:30,-52.4257
2024-03-10 6:45,-51.8017
2024-03-10 7:00,-47.77448
2024-03-10 7:15,-46.55201
2024-03-10 7:30,-46.38336
2024-03-10 7:45,-45.03309
2024-03-10 8:00,-51.33931
2024-03-10 8:15,-52.33602
2024-03-10 8:30,-35.93782
2024-03-10 8:45,-14.91341
2024-03-10 9:00,-18.70818
2024-03-10 9:15,2.24894
2024-03-10 9:30,19.64897
2024-03-10 9:45,45.57366
2024-03-10 10:00,31.20684
2024-03-10 10:15,39.85237
2024-03-10 10:30,47.93483
2024-03-10 10:45,52.44118
2024-03-10 11:00,45.81739
2024-03-10 11:15,45.91958
2024-03-10 11:30,46.03386
2024-03-10 11:45,45.90001
2024-03-10 12:00,46.11451
2024-03-10 12:15,41.55644
2024-03-10 12:30,42.11969
2024-03-10 12:45,35.28162
2024-03-10 13:00,35.27917
2024-03-10 13:15,35.16146
2024-03-10 13:30,37.45151
2024-03-10 13:45,35.2648
2024-03-10 14:00,37.25797
2024-03-10 14:15,37.8
2024-03-10 14:30,37.8536
2024-03-10 14:45,35.2012
2024-03-10 15:00,37.20358
2024-03-10 15:15,37.1655
2024-03-10 15:30,35.39851
2024-03-10 15:45,33.43451
2024-03-10 16:00,35.07365
2024-03-10 16:15,34.02097
2024-03-10 16:30,34.21931
2024-03-10 16:45,32.37474
2024-03-10 17:00,34.29049
2024-03-10 17:15,33.3234
2024-03-10 17:30,33.619
2024-03-10 17:45,32.97965
2024-03-10 18:00,33.08525
2024-03-10 18:15,32.78338
2024-03-10 18:30,34.8918
2024-03-10 18:45,32.6113
2024-03-10 19:00,36.23423
2024-03-10 19:15,37.69164
2024-03-10 19:30,38.98417
2024-03-10 19:45,38.77781
2024-03-10 20:00,35.49778
2024-03-10 20:15,33.64533
2024-03-10 20:30,38.37012
2024-03-10 20:45,38.06295
2024-03-10 21:00,31.71066
2024-03-10 21:15,33.05151
2024-03-10 21:30,38.87216
2024-03-10 21:45,39.20527
2024-03-10 22:00,32.58821
2024-03-10 22:15,35.24819
2024-03-10 22:30,37.01752
2024-03-10 22:45,38.45054
2024-03-10 23:00,39.39745
2024-03-10 23:15,37.87766
2024-03-10 23:30,35.01471
2024-03-10 23:45,26.76747
2024-03-11 0:00,32.54247
2024-03-11 0:15,27.04288
2024-03-11 0:30,6.71683
2024-03-11 0:45,-18.05476
2024-03-11 1:00,15.61328
2024-03-11 1:15,9.15176
2024-03-11 1:30,2.53109
2024-03-11 1:45,-9.53701
2024-03-11 2:00,-0.90408
2024-03-11 2:15,-9.82937
2024-03-11 2:30,-17.72432
2024-03-11 2:45,-20.60063
2024-03-11 3:00,-18.05559
2024-03-11 3:15,-21.57103
2024-03-11 3:30,-26.48848
2024-03-11 3:45,-32.01924
2024-03-11 4:00,-25.44569
2024-03-11 4:15,-24.60117
2024-03-11 4:30,-29.85992
2024-03-11 4:45,-42.5026
2024-03-11 5:00,-32.88096
2024-03-11 5:15,-33.56973
2024-03-11 5:30,-38.39326
2024-03-11 5:45,-39.16987
2024-03-11 6:00,-33.12399
2024-03-11 6:15,-41.08355
2024-03-11 6:30,-34.05136
2024-03-11 6:45,-41.9439
2024-03-11 7:00,-30.48638
2024-03-11 7:15,-31.66705
2024-03-11 7:30,-31.62918
2024-03-11 7:45,-20.12027
2024-03-11 8:00,-42.21011
2024-03-11 8:15,-42.31258
2024-03-11 8:30,-18.5032
2024-03-11 8:45,5.0614
2024-03-11 9:00,-13.91028
2024-03-11 9:15,8.60629
2024-03-11 9:30,25.15244
2024-03-11 9:45,39.2873
2024-03-11 10:00,33.32719
2024-03-11 10:15,42.11873
2024-03-11 10:30,43.00129
2024-03-11 10:45,44.4151
2024-03-11 11:00,43.2707
2024-03-11 11:15,43.55906
2024-03-11 11:30,43.76412
2024-03-11 11:45,43.80903
2024-03-11 12:00,43.29789
2024-03-11 12:15,42.15877
2024-03-11 12:30,39.23796
2024-03-11 12:45,36.29493
2024-03-11 13:00,38.5846
2024-03-11 13:15,35.18782
2024-03-11 13:30,35.23229
2024-03-11 13:45,36.04376
2024-03-11 14:00,43.86378
2024-03-11 14:15,41.66682
2024-03-11 14:30,35.8043
2024-03-11 14:45,35.14141
2024-03-11 15:00,35.76916
2024-03-11 15:15,32.35194
2024-03-11 15:30,31.46288
2024-03-11 15:45,29.94903
2024-03-11 16:00,31.86453
2024-03-11 16:15,31.17908
2024-03-11 16:30,30.1823
2024-03-11 16:45,29.09621
2024-03-11 17:00,30.11787
2024-03-11 17:15,29.22786
2024-03-11 17:30,29.06707
2024-03-11 17:45,29.03543
2024-03-11 18:00,29.06143
2024-03-11 18:15,28.99185
2024-03-11 18:30,27.42779
2024-03-11 18:45,25.04616
2024-03-11 19:00,20.1289
2024-03-11 19:15,23.27161
2024-03-11 19:30,20.29565
2024-03-11 19:45,25.19845
2024-03-11 20:00,25.18512
2024-03-11 20:15,27.72304
2024-03-11 20:30,29.87445
2024-03-11 20:45,32.06781
2024-03-11 21:00,31.46575
2024-03-11 21:15,33.55246
2024-03-11 21:30,38.5158
2024-03-11 21:45,39.98775
2024-03-11 22:00,36.39345
2024-03-11 22:15,39.22627
2024-03-11 22:30,45.84047
2024-03-11 22:45,52.47535
2024-03-11 23:00,60.38396
2024-03-11 23:15,63.54135
2024-03-11 23:30,60.34827
2024-03-11 23:45,52.46283
2024-03-12 0:00,73.01408
2024-03-12 0:15,48.56447
2024-03-12 0:30,34.61571
2024-03-12 0:45,31.86099
2024-03-12 1:00,30.81929
2024-03-12 1:15,26.2502
2024-03-12 1:30,13.62746
2024-03-12 1:45,1.55293
2024-03-12 2:00,10.04906
2024-03-12 2:15,-5.97905
2024-03-12 2:30,-5.94836
2024-03-12 2:45,-25.21986
2024-03-12 3:00,-14.40833
2024-03-12 3:15,-26.21383
2024-03-12 3:30,-30.5214
2024-03-12 3:45,-37.12753
2024-03-12 4:00,-37.28543
2024-03-12 4:15,-33.5545
2024-03-12 4:30,-36.58874
2024-03-12 4:45,-32.78131
2024-03-12 5:00,-37.02034
2024-03-12 5:15,-36.60706
2024-03-12 5:30,-39.6663
2024-03-12 5:45,-46.93264
2024-03-12 6:00,-46.45703
2024-03-12 6:15,-44.31949
2024-03-12 6:30,-50.45579
2024-03-12 6:45,-51.86026
2024-03-12 7:00,-52.04718
2024-03-12 7:15,-51.39313
2024-03-12 7:30,-50.51013
2024-03-12 7:45,-49.36541
2024-03-12 8:00,-52.7097
2024-03-12 8:15,-52.74882
2024-03-12 8:30,-42.33025
2024-03-12 8:45,-34.26669
2024-03-12 9:00,-31.46783
2024-03-12 9:15,-2.33266
2024-03-12 9:30,25.21051
2024-03-12 9:45,45.28803
2024-03-12 10:00,37.62659
2024-03-12 10:15,43.4246
2024-03-12 10:30,49.66654
2024-03-12 10:45,61.30178
2024-03-12 11:00,45.06398
2024-03-12 11:15,47.68532
2024-03-12 11:30,44.03145
2024-03-12 11:45,43.79028
2024-03-12 12:00,45.12027
2024-03-12 12:15,41.81042
2024-03-12 12:30,40.77045
2024-03-12 12:45,36.73462
2024-03-12 13:00,38.79618
2024-03-12 13:15,39.41195
2024-03-12 13:30,35.85423
2024-03-12 13:45,36.61853
2024-03-12 14:00,37.46967
2024-03-12 14:15,35.69885
2024-03-12 14:30,31.71214
2024-03-12 14:45,31.39809
2024-03-12 15:00,32.77999
2024-03-12 15:15,31.85963
2024-03-12 15:30,31.61023
2024-03-12 15:45,31.42696
2024-03-12 16:00,33.18338
2024-03-12 16:15,32.17249
2024-03-12 16:30,30.68341
2024-03-12 16:45,28.72157
2024-03-12 17:00,30.74747
2024-03-12 17:15,30.14307
2024-03-12 17:30,28.5192
2024-03-12 17:45,28.25257
2024-03-12 18:00,29.25951
2024-03-12 18:15,28.81879
2024-03-12 18:30,28.82177
2024-03-12 18:45,27.54084
2024-03-12 19:00,29.28941
2024-03-12 19:15,29.99776
2024-03-12 19:30,29.74943
2024-03-12 19:45,30.0524
2024-03-12 20:00,28.82853
2024-03-12 20:15,29.3567
2024-03-12 20:30,31.17236
2024-03-12 20:45,31.11091
2024-03-12 21:00,28.87776
2024-03-12 21:15,30.92947
2024-03-12 21:30,35.00664
2024-03-12 21:45,47.285
2024-03-12 22:00,32.97559
2024-03-12 22:15,37.88347
2024-03-12 22:30,41.65194
2024-03-12 22:45,45.47437
2024-03-12 23:00,51.79081
2024-03-12 23:15,50.29808
2024-03-12 23:30,40.69355
2024-03-12 23:45,34.55635
2024-03-13 0:00,32.66654
2024-03-13 0:15,31.07436
2024-03-13 0:30,36.50637
2024-03-13 0:45,30.76794
2024-03-13 1:00,37.78797
2024-03-13 1:15,29.48443
2024-03-13 1:30,28.21249
2024-03-13 1:45,23.83348
2024-03-13 2:00,29.48848
2024-03-13 2:15,28.16141
2024-03-13 2:30,17.07054
2024-03-13 2:45,8.84439
2024-03-13 3:00,7.63276
2024-03-13 3:15,10.23684
2024-03-13 3:30,-3.00237
2024-03-13 3:45,-4.34461
2024-03-13 4:00,-5.2492
2024-03-13 4:15,-5.49114
2024-03-13 4:30,-5.43296
2024-03-13 4:45,-9.06724
2024-03-13 5:00,-10.44204
2024-03-13 5:15,-10.68916
2024-03-13 5:30,-10.05368
2024-03-13 5:45,-9.16676
2024-03-13 6:00,-10.46873
2024-03-13 6:15,-9.19065
2024-03-13 6:30,-10.38984
2024-03-13 6:45,-10.37528
2024-03-13 7:00,-17.81342
2024-03-13 7:15,-13.64677
2024-03-13 7:30,-3.13289
2024-03-13 7:45,-12.63822
2024-03-13 8:00,-8.95609
2024-03-13 8:15,-5.53905
2024-03-13 8:30,0.44989
2024-03-13 8:45,6.74493
2024-03-13 9:00,3.56331
2024-03-13 9:15,11.35189
2024-03-13 9:30,23.72912
2024-03-13 9:45,34.28448
2024-03-13 10:00,28.00521
2024-03-13 10:15,34.49298
2024-03-13 10:30,40.77054
2024-03-13 10:45,41.94005
2024-03-13 11:00,41.32115
2024-03-13 11:15,42.07347
2024-03-13 11:30,43.97469
2024-03-13 11:45,45.56829
2024-03-13 12:00,40.95625
2024-03-13 12:15,35.35161
2024-03-13 12:30,32.32574
2024-03-13 12:45,31.21346
2024-03-13 13:00,32.28927
2024-03-13 13:15,31.52926
2024-03-13 13:30,31.81008
2024-03-13 13:45,31.13872
2024-03-13 14:00,31.51362
2024-03-13 14:15,29.92624
2024-03-13 14:30,28.97935
2024-03-13 14:45,28.85853
2024-03-13 15:00,28.8343
2024-03-13 15:15,28.72711
2024-03-13 15:30,27.84489
2024-03-13 15:45,26.8699
2024-03-13 16:00,32.06287
2024-03-13 16:15,30.83317
2024-03-13 16:30,30.6536
2024-03-13 16:45,29.25746
2024-03-13 17:00,31.50962
2024-03-13 17:15,30.73653
2024-03-13 17:30,30.20468
2024-03-13 17:45,29.28451
2024-03-13 18:00,30.03691
2024-03-13 18:15,29.511
2024-03-13 18:30,29.35883
2024-03-13 18:45,29.05943
2024-03-13 19:00,29.35648
2024-03-13 19:15,29.06813
2024-03-13 19:30,29.35726
2024-03-13 19:45,29.70716
2024-03-13 20:00,29.38994
2024-03-13 20:15,29.25372
2024-03-13 20:30,32.41245
2024-03-13 20:45,32.9706
2024-03-13 21:00,32.12116
2024-03-13 21:15,33.51497
2024-03-13 21:30,38.69637
2024-03-13 21:45,47.35526
2024-03-13 22:00,38.38866
2024-03-13 22:15,50.48953
2024-03-13 22:30,59.77675
2024-03-13 22:45,58.34761
2024-03-13 23:00,60.44286
2024-03-13 23:15,57.28079
2024-03-13 23:30,55.52642
2024-03-13 23:45,54.35334
2024-03-14 0:00,59.31342
2024-03-14 0:15,49.18411
2024-03-14 0:30,29.26985
2024-03-14 0:45,20.86371
2024-03-14 1:00,6.98413
2024-03-14 1:15,-1.12194
2024-03-14 1:30,-4.31282
2024-03-14 1:45,-15.61573
2024-03-14 2:00,-17.76825
2024-03-14 2:15,-31.78506
2024-03-14 2:30,-40.50014
2024-03-14 2:45,-42.16591
2024-03-14 3:00,-37.4665
2024-03-14 3:15,-39.40876
2024-03-14 3:30,-39.43588
2024-03-14 3:45,-40.39769
2024-03-14 4:00,-29.80766
2024-03-14 4:15,-33.95968
2024-03-14 4:30,-33.1751
2024-03-14 4:45,-33.08656
2024-03-14 5:00,-41.88064
2024-03-14 5:15,-41.27174
2024-03-14 5:30,-40.04928
2024-03-14 5:45,-41.67339
2024-03-14 6:00,-38.46102
2024-03-14 6:15,-40.93549
2024-03-14 6:30,-38.96119
2024-03-14 6:45,-38.75885
2024-03-14 7:00,-37.10112
2024-03-14 7:15,-41.75231
2024-03-14 7:30,-32.16186
2024-03-14 7:45,-32.26585
2024-03-14 8:00,-31.02175
2024-03-14 8:15,-24.48766
2024-03-14 8:30,1.06947
2024-03-14 8:45,3.96037
2024-03-14 9:00,3.12137
2024-03-14 9:15,16.80166
2024-03-14 9:30,31.93029
2024-03-14 9:45,46.47897
2024-03-14 10:00,32.8543
2024-03-14 10:15,40.83076
2024-03-14 10:30,48.73284
2024-03-14 10:45,51.81955
2024-03-14 11:00,39.73852
2024-03-14 11:15,39.98911
2024-03-14 11:30,40.15036
2024-03-14 11:45,39.66385
2024-03-14 12:00,39.43722
2024-03-14 12:15,38.85814
2024-03-14 12:30,38.751
2024-03-14 12:45,38.79075
2024-03-14 13:00,39.56995
2024-03-14 13:15,39.73745
2024-03-14 13:30,40.0148
2024-03-14 13:45,37.82579
2024-03-14 14:00,39.26578
2024-03-14 14:15,37.17863
2024-03-14 14:30,35.66394
2024-03-14 14:45,33.48168
2024-03-14 15:00,37.1772
2024-03-14 15:15,35.60665
2024-03-14 15:30,34.92868
2024-03-14 15:45,33.69894
2024-03-14 16:00,36.47603
2024-03-14 16:15,35.57855
2024-03-14 16:30,36.41528
2024-03-14 16:45,36.39223
2024-03-14 17:00,38.40532
2024-03-14 17:15,38.50805
2024-03-14 17:30,36.25401
2024-03-14 17:45,32.69267
2024-03-14 18:00,39.52755
2024-03-14 18:15,39.85453
2024-03-14 18:30,37.37003
2024-03-14 18:45,35.37681
2024-03-14 19:00,33.30958
2024-03-14 19:15,32.83648
2024-03-14 19:30,32.93429
2024-03-14 19:45,37.69608
2024-03-14 20:00,32.87372
2024-03-14 20:15,36.58356
2024-03-14 20:30,42.16177
2024-03-14 20:45,42.60193
2024-03-14 21:00,30.43279
2024-03-14 21:15,36.60664
2024-03-14 21:30,46.99149
2024-03-14 21:45,52.87053
2024-03-14 22:00,49.01581
2024-03-14 22:15,56.15383
2024-03-14 22:30,68.49423
2024-03-14 22:45,68.49892
2024-03-14 23:00,65.77697
2024-03-14 23:15,61.11576
2024-03-14 23:30,58.75679
2024-03-14 23:45,52.52737
2024-03-15 0:00,74.25134
2024-03-15 0:15,43.61553
2024-03-15 0:30,27.51133
2024-03-15 0:45,7.73788
2024-03-15 1:00,26.33949
2024-03-15 1:15,22.28296
2024-03-15 1:30,2.77989
2024-03-15 1:45,0.93721
2024-03-15 2:00,-7.20972
2024-03-15 2:15,-12.51728
2024-03-15 2:30,-18.82232
2024-03-15 2:45,-15.24485
2024-03-15 3:00,-16.35563
2024-03-15 3:15,-11.52535
2024-03-15 3:30,-19.58191
2024-03-15 3:45,-21.0537
2024-03-15 4:00,-20.63744
2024-03-15 4:15,-20.91054
2024-03-15 4:30,-23.73475
2024-03-15 4:45,-23.08288
2024-03-15 5:00,-21.92336
2024-03-15 5:15,-21.61167
2024-03-15 5:30,-23.19077
2024-03-15 5:45,-28.58188
2024-03-15 6:00,-26.91318
2024-03-15 6:15,-36.98729
2024-03-15 6:30,-29.63868
2024-03-15 6:45,-18.09315
2024-03-15 7:00,-18.28909
2024-03-15 7:15,-18.80615
2024-03-15 7:30,-6.91718
2024-03-15 7:45,-2.75123
2024-03-15 8:00,-7.47215
2024-03-15 8:15,-1.69645
2024-03-15 8:30,5.61011
2024-03-15 8:45,13.17677
2024-03-15 9:00,4.41573
2024-03-15 9:15,11.54451
2024-03-15 9:30,26.89194
2024-03-15 9:45,40.49637
2024-03-15 10:00,32.0302
2024-03-15 10:15,40.47314
2024-03-15 10:30,50.63724
2024-03-15 10:45,58.53072
2024-03-15 11:00,47.58673
2024-03-15 11:15,49.98788
2024-03-15 11:30,51.64987
2024-03-15 11:45,50.3865
2024-03-15 12:00,55.14313
2024-03-15 12:15,50.53623
2024-03-15 12:30,47.4981
2024-03-15 12:45,47.09671
2024-03-15 13:00,47.22416
2024-03-15 13:15,48.53729
2024-03-15 13:30,50.22363
2024-03-15 13:45,49.11928
2024-03-15 14:00,49.90175
2024-03-15 14:15,44.42627
2024-03-15 14:30,42.98179
2024-03-15 14:45,41.09403
2024-03-15 15:00,38.38796
2024-03-15 15:15,35.60218
2024-03-15 15:30,40.13132
2024-03-15 15:45,38.35923
2024-03-15 16:00,37.02516
2024-03-15 16:15,31.10096
2024-03-15 16:30,29.77519
2024-03-15 16:45,29.08524
2024-03-15 17:00,32.94223
2024-03-15 17:15,32.80386
2024-03-15 17:30,32.15242
2024-03-15 17:45,31.18
2024-03-15 18:00,31.11986
2024-03-15 18:15,30.79757
2024-03-15 18:30,30.85175
2024-03-15 18:45,30.81793
2024-03-15 19:00,31.28148
2024-03-15 19:15,31.3069
2024-03-15 19:30,31.68583
2024-03-15 19:45,33.5299
2024-03-15 20:00,30.83472
2024-03-15 20:15,31.35495
2024-03-15 20:30,31.40651
2024-03-15 20:45,35.93839
2024-03-15 21:00,31.22123
2024-03-15 21:15,41.78635
2024-03-15 21:30,49.14396
2024-03-15 21:45,51.96616
2024-03-15 22:00,44.54519
2024-03-15 22:15,52.23259
2024-03-15 22:30,53.71026
2024-03-15 22:45,62.99415
2024-03-15 23:00,65.25336
2024-03-15 23:15,66.15201
2024-03-15 23:30,50.95237
2024-03-15 23:45,47.3376
2024-03-16 0:00,52.61561
2024-03-16 0:15,39.66187
2024-03-16 0:30,30.38898
2024-03-16 0:45,23.60292
2024-03-16 1:00,29.41264
2024-03-16 1:15,25.64605
2024-03-16 1:30,23.40666
2024-03-16 1:45,17.07226
2024-03-16 2:00,23.3165
2024-03-16 2:15,18.03401
2024-03-16 2:30,12.34792
2024-03-16 2:45,14.34823
2024-03-16 3:00,17.42939
2024-03-16 3:15,15.87356
2024-03-16 3:30,18.19144
2024-03-16 3:45,18.70658
2024-03-16 4:00,17.64102
2024-03-16 4:15,18.13017
2024-03-16 4:30,16.38949
2024-03-16 4:45,17.25969
2024-03-16 5:00,17.45305
2024-03-16 5:15,17.98231
2024-03-16 5:30,15.11837
2024-03-16 5:45,15.40494
2024-03-16 6:00,11.99946
2024-03-16 6:15,11.0546
2024-03-16 6:30,11.05664
2024-03-16 6:45,12.24953
2024-03-16 7:00,10.72107
2024-03-16 7:15,12.45164
2024-03-16 7:30,17.83838
2024-03-16 7:45,18.7899
2024-03-16 8:00,13.84907
2024-03-16 8:15,16.15622
2024-03-16 8:30,18.66514
2024-03-16 8:45,22.81288
2024-03-16 9:00,21.15158
2024-03-16 9:15,25.24884
2024-03-16 9:30,42.4029
2024-03-16 9:45,51.429
2024-03-16 10:00,46.18929
2024-03-16 10:15,48.22071
2024-03-16 10:30,55.81207
2024-03-16 10:45,60.98463
2024-03-16 11:00,54.58219
2024-03-16 11:15,63.395
2024-03-16 11:30,62.69921
2024-03-16 11:45,66.49598
2024-03-16 12:00,62.85847
2024-03-16 12:15,60.99287
2024-03-16 12:30,61.41135
2024-03-16 12:45,62.38251
2024-03-16 13:00,61.07675
2024-03-16 13:15,60.66608
2024-03-16 13:30,60.9656
2024-03-16 13:45,60.49664
2024-03-16 14:00,64.75544
2024-03-16 14:15,60.49851
2024-03-16 14:30,58.3027
2024-03-16 14:45,50.43729
2024-03-16 15:00,55.48767
2024-03-16 15:15,51.16412
2024-03-16 15:30,54.70122
2024-03-16 15:45,51.34815
2024-03-16 16:00,49.73828
2024-03-16 16:15,41.27291
2024-03-16 16:30,43.66256
2024-03-16 16:45,40.63839
2024-03-16 17:00,48.83797
2024-03-16 17:15,43.50292
2024-03-16 17:30,43.49898
2024-03-16 17:45,40.7749
2024-03-16 18:00,43.52632
2024-03-16 18:15,41.5472
2024-03-16 18:30,40.77731
2024-03-16 18:45,40.02027
2024-03-16 19:00,40.07719
2024-03-16 19:15,39.94736
2024-03-16 19:30,39.91502
2024-03-16 19:45,39.64669
2024-03-16 20:00,37.31861
2024-03-16 20:15,37.47291
2024-03-16 20:30,40.56808
2024-03-16 20:45,43.83112
2024-03-16 21:00,45.70465
2024-03-16 21:15,46.24327
2024-03-16 21:30,45.90047
2024-03-16 21:45,50.51776
2024-03-16 22:00,49.68751
2024-03-16 22:15,56.07976
2024-03-16 22:30,62.50571
2024-03-16 22:45,64.07731
2024-03-16 23:00,63.28461
2024-03-16 23:15,54.57797
2024-03-16 23:30,46.38886
2024-03-16 23:45,28.68683
2024-03-17 0:00,31.81729
2024-03-17 0:15,31.8687
2024-03-17 0:30,27.72049
2024-03-17 0:45,23.61981
2024-03-17 1:00,21.86259
2024-03-17 1:15,21.16899
2024-03-17 1:30,13.53322
2024-03-17 1:45,14.48485
2024-03-17 2:00,14.41065
2024-03-17 2:15,8.70024
2024-03-17 2:30,2.30333
2024-03-17 2:45,-1.52073
2024-03-17 3:00,3.01318
2024-03-17 3:15,-1.32454
2024-03-17 3:30,-9.50046
2024-03-17 3:45,-10.48664
2024-03-17 4:00,-7.80613
2024-03-17 4:15,-10.28257
2024-03-17 4:30,-9.45199
2024-03-17 4:45,-11.41489
2024-03-17 5:00,-6.46533
2024-03-17 5:15,-4.87236
2024-03-17 5:30,-4.39277
2024-03-17 5:45,-2.96626
2024-03-17 6:00,-3.28929
2024-03-17 6:15,-2.23036
2024-03-17 6:30,-1.80937
2024-03-17 6:45,-1.43748
2024-03-17 7:00,0.1367
2024-03-17 7:15,11.70888
2024-03-17 7:30,14.66959
2024-03-17 7:45,17.18276
2024-03-17 8:00,4.5832
2024-03-17 8:15,9.11432
2024-03-17 8:30,13.20161
2024-03-17 8:45,23.78268
2024-03-17 9:00,15.43369
2024-03-17 9:15,16.7134
2024-03-17 9:30,32.83296
2024-03-17 9:45,48.2081
2024-03-17 10:00,33.57803
2024-03-17 10:15,39.93433
2024-03-17 10:30,50.75755
2024-03-17 10:45,59.97681
2024-03-17 11:00,50.66508
2024-03-17 11:15,50.97119
2024-03-17 11:30,51.46805
2024-03-17 11:45,52.14989
2024-03-17 12:00,47.80648
2024-03-17 12:15,47.05901
2024-03-17 12:30,46.24506
2024-03-17 12:45,46.088
2024-03-17 13:00,46.6424
2024-03-17 13:15,45.99156
2024-03-17 13:30,45.8726
2024-03-17 13:45,45.79202
2024-03-17 14:00,45.72071
2024-03-17 14:15,43.7602
2024-03-17 14:30,42.77174
2024-03-17 14:45,42.59473
2024-03-17 15:00,42.62148
2024-03-17 15:15,42.2248
2024-03-17 15:30,40.90919
2024-03-17 15:45,42.12864
2024-03-17 16:00,40.98662
2024-03-17 16:15,34.67499
2024-03-17 16:30,38.18777
2024-03-17 16:45,42.07273
2024-03-17 17:00,34.8201
2024-03-17 17:15,34.85601
2024-03-17 17:30,38.32775
2024-03-17 17:45,35.18113
2024-03-17 18:00,35.1255
2024-03-17 18:15,36.03453
2024-03-17 18:30,36.1879
2024-03-17 18:45,35.50815
2024-03-17 19:00,36.12612
2024-03-17 19:15,36.71513
2024-03-17 19:30,36.89057
2024-03-17 19:45,37.80598
2024-03-17 20:00,36.83755
2024-03-17 20:15,37.80789
2024-03-17 20:30,41.43697
2024-03-17 20:45,40.98916
2024-03-17 21:00,40.57015
2024-03-17 21:15,38.59977
2024-03-17 21:30,46.51506
2024-03-17 21:45,49.4511
2024-03-17 22:00,44.25394
2024-03-17 22:15,48.8616
2024-03-17 22:30,49.19355
2024-03-17 22:45,48.24601
2024-03-17 23:00,48.30043
2024-03-17 23:15,47.01165
2024-03-17 23:30,33.51377
2024-03-17 23:45,26.93263
2024-03-18 0:00,32.15698
2024-03-18 0:15,28.64555
2024-03-18 0:30,-12.3761
2024-03-18 0:45,-15.58313
2024-03-18 1:00,-9.22228
2024-03-18 1:15,-16.47394
2024-03-18 1:30,-19.96389
2024-03-18 1:45,-31.6144
2024-03-18 2:00,-20.8077
2024-03-18 2:15,-24.09233
2024-03-18 2:30,-25.82461
2024-03-18 2:45,-29.97214
2024-03-18 3:00,-43.64764
2024-03-18 3:15,-49.71291
2024-03-18 3:30,-51.17919
2024-03-18 3:45,-50.65733
2024-03-18 4:00,-52.8307
2024-03-18 4:15,-53.21976
2024-03-18 4:30,-53.22269
2024-03-18 4:45,-53.39117
2024-03-18 5:00,-49.12323
2024-03-18 5:15,-48.50045
2024-03-18 5:30,-50.47156
2024-03-18 5:45,-52.17917
2024-03-18 6:00,-52.65904
2024-03-18 6:15,-52.66712
2024-03-18 6:30,-52.9613
2024-03-18 6:45,-52.72072
2024-03-18 7:00,-52.89648
2024-03-18 7:15,-52.9164
2024-03-18 7:30,-52.64235
2024-03-18 7:45,-52.36606
2024-03-18 8:00,-52.68798
2024-03-18 8:15,-46.64269
2024-03-18 8:30,-24.40695
2024-03-18 8:45,-0.53486
2024-03-18 9:00,-14.79573
2024-03-18 9:15,-0.17494
2024-03-18 9:30,19.34144
2024-03-18 9:45,41.86935
2024-03-18 10:00,27.89562
2024-03-18 10:15,40.9421
2024-03-18 10:30,48.89431
2024-03-18 10:45,50.02053
2024-03-18 11:00,44.21397
2024-03-18 11:15,45.39344
2024-03-18 11:30,45.79934
2024-03-18 11:45,45.20396
2024-03-18 12:00,43.85916
2024-03-18 12:15,43.47136
2024-03-18 12:30,42.98495
2024-03-18 12:45,42.75184
2024-03-18 13:00,43.05974
2024-03-18 13:15,42.90058
2024-03-18 13:30,42.99156
2024-03-18 13:45,42.72622
2024-03-18 14:00,42.87023
2024-03-18 14:15,42.66767
2024-03-18 14:30,42.25012
2024-03-18 14:45,42.06844
2024-03-18 15:00,41.18209
2024-03-18 15:15,37.86357
2024-03-18 15:30,33.28999
2024-03-18 15:45,32.88308
2024-03-18 16:00,43.34727
2024-03-18 16:15,40.5243
2024-03-18 16:30,40.51171
2024-03-18 16:45,41.1581
2024-03-18 17:00,40.60135
2024-03-18 17:15,38.68113
2024-03-18 17:30,35.62203
2024-03-18 17:45,33.30464
2024-03-18 18:00,33.37189
2024-03-18 18:15,33.31462
2024-03-18 18:30,33.33147
2024-03-18 18:45,33.41245
2024-03-18 19:00,33.42261
2024-03-18 19:15,33.426
2024-03-18 19:30,35.94238
2024-03-18 19:45,33.4463
2024-03-18 20:00,27.97481
2024-03-18 20:15,29.37379
2024-03-18 20:30,31.95842
2024-03-18 20:45,36.44739
2024-03-18 21:00,38.00613
2024-03-18 21:15,37.80466
2024-03-18 21:30,45.74198
2024-03-18 21:45,55.89268
2024-03-18 22:00,40.67678
2024-03-18 22:15,42.32437
2024-03-18 22:30,49.53962
2024-03-18 22:45,54.498
2024-03-18 23:00,59.66089
2024-03-18 23:15,47.1823
2024-03-18 23:30,37.54257
2024-03-18 23:45,32.14169
2024-03-19 0:00,42.7077
2024-03-19 0:15,30.28378
2024-03-19 0:30,18.00255
2024-03-19 0:45,2.28903
2024-03-19 1:00,-1.0918
2024-03-19 1:15,-14.98951
2024-03-19 1:30,-21.09989
2024-03-19 1:45,-20.28039
2024-03-19 2:00,-9.27054
2024-03-19 2:15,-8.41976
2024-03-19 2:30,-13.86594
2024-03-19 2:45,-9.37555
2024-03-19 3:00,-7.36447
2024-03-19 3:15,-8.92981
2024-03-19 3:30,-18.11759
2024-03-19 3:45,-15.42777
2024-03-19 4:00,-14.90732
2024-03-19 4:15,-13.33661
2024-03-19 4:30,-13.01038
2024-03-19 4:45,-9.89582
2024-03-19 5:00,-14.88615
2024-03-19 5:15,-7.16844
2024-03-19 5:30,-6.74096
2024-03-19 5:45,-0.44204
2024-03-19 6:00,4.61085
2024-03-19 6:15,5.00846
2024-03-19 6:30,11.4724
2024-03-19 6:45,14.29165
2024-03-19 7:00,13.31772
2024-03-19 7:15,12.55848
2024-03-19 7:30,7.60944
2024-03-19 7:45,9.0466
2024-03-19 8:00,15.22043
2024-03-19 8:15,17.70006
2024-03-19 8:30,28.88535
2024-03-19 8:45,29.41898
2024-03-19 9:00,27.68093
2024-03-19 9:15,35.85796
2024-03-19 9:30,50.68198
2024-03-19 9:45,55.45488
2024-03-19 10:00,28.75653
2024-03-19 10:15,35.53953
2024-03-19 10:30,53.12466
2024-03-19 10:45,55.35799
2024-03-19 11:00,48.99528
2024-03-19 11:15,50.32895
2024-03-19 11:30,52.59218
2024-03-19 11:45,53.38758
2024-03-19 12:00,50.28736
2024-03-19 12:15,48.87934
2024-03-19 12:30,43.68902
2024-03-19 12:45,45.27862
2024-03-19 13:00,45.48923
2024-03-19 13:15,47.66762
2024-03-19 13:30,44.09292
2024-03-19 13:45,36.72809
2024-03-19 14:00,43.88803
2024-03-19 14:15,37.07428
2024-03-19 14:30,35.86958
2024-03-19 14:45,29.55438
2024-03-19 15:00,34.72587
2024-03-19 15:15,29.52669
2024-03-19 15:30,28.17918
2024-03-19 15:45,29.60352
2024-03-19 16:00,38.16868
2024-03-19 16:15,37.19488
2024-03-19 16:30,34.57756
2024-03-19 16:45,34.14591
2024-03-19 17:00,37.01605
2024-03-19 17:15,37.44358
2024-03-19 17:30,34.20571
2024-03-19 17:45,32.21745
2024-03-19 18:00,32.0421
2024-03-19 18:15,31.98061
2024-03-19 18:30,31.72127
2024-03-19 18:45,31.97417
2024-03-19 19:00,32.07133
2024-03-19 19:15,32.33353
2024-03-19 19:30,33.39825
2024-03-19 19:45,32.09086
2024-03-19 20:00,31.5119
2024-03-19 20:15,32.26141
2024-03-19 20:30,35.64729
2024-03-19 20:45,37.18123
2024-03-19 21:00,33.18385
2024-03-19 21:15,33.87649
2024-03-19 21:30,46.18007
2024-03-19 21:45,59.53682
2024-03-19 22:00,49.94099
2024-03-19 22:15,58.98747
2024-03-19 22:30,64.15067
2024-03-19 22:45,64.07948
2024-03-19 23:00,60.41337
2024-03-19 23:15,44.81119
2024-03-19 23:30,31.79563
2024-03-19 23:45,25.88616
2024-03-20 0:00,32.37113
2024-03-20 0:15,27.88286
2024-03-20 0:30,8.18993
2024-03-20 0:45,-21.86769
2024-03-20 1:00,0.16551
2024-03-20 1:15,-9.10004
2024-03-20 1:30,-14.60739
2024-03-20 1:45,-22.02499
2024-03-20 2:00,-23.15714
2024-03-20 2:15,-24.32211
2024-03-20 2:30,-25.92372
2024-03-20 2:45,-34.07321
2024-03-20 3:00,-24.97583
2024-03-20 3:15,-23.50056
2024-03-20 3:30,-24.31606
2024-03-20 3:45,-23.78118
2024-03-20 4:00,-22.13348
2024-03-20 4:15,-23.4745
2024-03-20 4:30,-28.28073
2024-03-20 4:45,-30.11651
2024-03-20 5:00,-24.61852
2024-03-20 5:15,-27.77102
2024-03-20 5:30,-34.38829
2024-03-20 5:45,-36.84535
2024-03-20 6:00,-35.61865
2024-03-20 6:15,-33.16708
2024-03-20 6:30,-36.11221
2024-03-20 6:45,-27.48149
2024-03-20 7:00,-22.46477
2024-03-20 7:15,-17.30588
2024-03-20 7:30,-12.29084
2024-03-20 7:45,-11.54518
2024-03-20 8:00,-28.63275
2024-03-20 8:15,-11.63246
2024-03-20 8:30,2.63088
2024-03-20 8:45,15.53976
2024-03-20 9:00,11.38615
2024-03-20 9:15,14.88959
2024-03-20 9:30,26.63031
2024-03-20 9:45,40.61467
2024-03-20 10:00,34.80798
2024-03-20 10:15,42.65944
2024-03-20 10:30,46.61398
2024-03-20 10:45,69.21833
2024-03-20 11:00,42.09454
2024-03-20 11:15,41.94245
2024-03-20 11:30,41.23264
2024-03-20 11:45,40.89565
2024-03-20 12:00,36.26354
2024-03-20 12:15,33.9729
2024-03-20 12:30,32.85822
2024-03-20 12:45,32.1345
2024-03-20 13:00,35.79368
2024-03-20 13:15,34.43182
2024-03-20 13:30,33.98417
2024-03-20 13:45,33.60324
2024-03-20 14:00,33.14645
2024-03-20 14:15,30.41282
2024-03-20 14:30,30.11932
2024-03-20 14:45,28.90588
2024-03-20 15:00,30.8087
2024-03-20 15:15,30.64215
2024-03-20 15:30,30.49394
2024-03-20 15:45,29.66749
2024-03-20 16:00,29.66749
2024-03-20 16:15,28.72127
2024-03-20 16:30,28.0876
2024-03-20 16:45,26.79867
2024-03-20 17:00,29.13401
2024-03-20 17:15,29.09856
2024-03-20 17:30,28.74743
2024-03-20 17:45,26.88266
2024-03-20 18:00,30.55284
2024-03-20 18:15,29.85767
2024-03-20 18:30,29.73402
2024-03-20 18:45,28.29944
2024-03-20 19:00,27.85435
2024-03-20 19:15,27.10252
2024-03-20 19:30,24.9046
2024-03-20 19:45,25.97227
2024-03-20 20:00,23.67658
2024-03-20 20:15,27.03726
2024-03-20 20:30,28.33095
2024-03-20 20:45,30.03
2024-03-20 21:00,37.04259
2024-03-20 21:15,36.02286
2024-03-20 21:30,46.35061
2024-03-20 21:45,48.42041
2024-03-20 22:00,35.73031
2024-03-20 22:15,47.62532
2024-03-20 22:30,67.40539
2024-03-20 22:45,67.68612
2024-03-20 23:00,94.96522
2024-03-20 23:15,47.21712
2024-03-20 23:30,31.2213
2024-03-20 23:45,25.76611
2024-03-21 0:00,26.01338
2024-03-21 0:15,13.74918
2024-03-21 0:30,-12.7831
2024-03-21 0:45,-19.64887
2024-03-21 1:00,-16.06235
2024-03-21 1:15,-19.12346
2024-03-21 1:30,-31.67846
2024-03-21 1:45,-40.24486
2024-03-21 2:00,-29.99764
2024-03-21 2:15,-38.14674
2024-03-21 2:30,-42.0454
2024-03-21 2:45,-42.80313
2024-03-21 3:00,-41.08293
2024-03-21 3:15,-41.62042
2024-03-21 3:30,-44.33838
2024-03-21 3:45,-44.8524
2024-03-21 4:00,-45.52378
2024-03-21 4:15,-44.97248
2024-03-21 4:30,-42.87276
2024-03-21 4:45,-43.01453
2024-03-21 5:00,-41.48443
2024-03-21 5:15,-44.23745
2024-03-21 5:30,-50.00289
2024-03-21 5:45,-50.77265
2024-03-21 6:00,-54.20128
2024-03-21 6:15,-54.41581
2024-03-21 6:30,-54.39889
2024-03-21 6:45,-53.35144
2024-03-21 7:00,-51.74122
2024-03-21 7:15,-53.7791
2024-03-21 7:30,-52.01638
2024-03-21 7:45,-51.0885
2024-03-21 8:00,-51.34502
2024-03-21 8:15,-53.96806
2024-03-21 8:30,-51.66677
2024-03-21 8:45,-45.52185
2024-03-21 9:00,-41.39322
2024-03-21 9:15,-2.43741
2024-03-21 9:30,9.62892
2024-03-21 9:45,29.33791
2024-03-21 10:00,27.16583
2024-03-21 10:15,34.53577
2024-03-21 10:30,41.08106
2024-03-21 10:45,54.22762
2024-03-21 11:00,35.66014
2024-03-21 11:15,35.6316
2024-03-21 11:30,37.13581
2024-03-21 11:45,35.82387
2024-03-21 12:00,35.16934
2024-03-21 12:15,34.82709
2024-03-21 12:30,34.5157
2024-03-21 12:45,33.45414
2024-03-21 13:00,32.53625
2024-03-21 13:15,31.86662
2024-03-21 13:30,32.43431
2024-03-21 13:45,30.72419
2024-03-21 14:00,30.33125
2024-03-21 14:15,28.26897
2024-03-21 14:30,28.40319
2024-03-21 14:45,26.98486
2024-03-21 15:00,27.34658
2024-03-21 15:15,27.85011
2024-03-21 15:30,26.64963
2024-03-21 15:45,25.56272
2024-03-21 16:00,29.6698
2024-03-21 16:15,29.38039
2024-03-21 16:30,29.44606
2024-03-21 16:45,28.06629
2024-03-21 17:00,28.50698
2024-03-21 17:15,28.34626
2024-03-21 17:30,26.42037
2024-03-21 17:45,25.98632
2024-03-21 18:00,26.09611
2024-03-21 18:15,25.26522
2024-03-21 18:30,24.38364
2024-03-21 18:45,22.2556
2024-03-21 19:00,25.18608
2024-03-21 19:15,24.38637
2024-03-21 19:30,23.47444
2024-03-21 19:45,23.39146
2024-03-21 20:00,28.02964
2024-03-21 20:15,28.18309
2024-03-21 20:30,31.2961
2024-03-21 20:45,31.77981
2024-03-21 21:00,31.95697
2024-03-21 21:15,32.65603
2024-03-21 21:30,40.45205
2024-03-21 21:45,52.97795
2024-03-21 22:00,32.40293
2024-03-21 22:15,42.15027
2024-03-21 22:30,55.1907
2024-03-21 22:45,56.574
2024-03-21 23:00,54.81227
2024-03-21 23:15,43.53371
2024-03-21 23:30,26.8971
2024-03-21 23:45,13.08528
2024-03-22 0:00,24.763
2024-03-22 0:15,11.78907
2024-03-22 0:30,-0.79663
2024-03-22 0:45,-4.1411
2024-03-22 1:00,-6.45297
2024-03-22 1:15,-11.33765
2024-03-22 1:30,-45.30598
2024-03-22 1:45,-42.76779
2024-03-22 2:00,-45.80721
2024-03-22 2:15,-48.7022
2024-03-22 2:30,-48.56712
2024-03-22 2:45,-53.078
2024-03-22 3:00,-52.9356
2024-03-22 3:15,-54.03878
2024-03-22 3:30,-55.7592
2024-03-22 3:45,-56.67098
2024-03-22 4:00,-55.48299
2024-03-22 4:15,-55.47531
2024-03-22 4:30,-56.51052
2024-03-22 4:45,-57.38794
2024-03-22 5:00,-55.37514
2024-03-22 5:15,-55.06703
2024-03-22 5:30,-57.52938
2024-03-22 5:45,-58.90972
2024-03-22 6:00,-57.54796
2024-03-22 6:15,-57.36982
2024-03-22 6:30,-56.84014
2024-03-22 6:45,-55.22561
2024-03-22 7:00,-54.6979
2024-03-22 7:15,-51.32025
2024-03-22 7:30,-52.10928
2024-03-22 7:45,-50.45649
2024-03-22 8:00,-51.65573
2024-03-22 8:15,-51.58468
2024-03-22 8:30,-46.845
2024-03-22 8:45,-35.09329
2024-03-22 9:00,-42.51691
2024-03-22 9:15,-15.28419
2024-03-22 9:30,18.53964
2024-03-22 9:45,33.98912
2024-03-22 10:00,25.11279
2024-03-22 10:15,31.58752
2024-03-22 10:30,38.66998
2024-03-22 10:45,44.0598
2024-03-22 11:00,36.99894
2024-03-22 11:15,39.23032
2024-03-22 11:30,40.56234
2024-03-22 11:45,40.51046
2024-03-22 12:00,39.66588
2024-03-22 12:15,38.87781
2024-03-22 12:30,36.69238
2024-03-22 12:45,36.15965
2024-03-22 13:00,36.79857
2024-03-22 13:15,36.54633
2024-03-22 13:30,36.975
2024-03-22 13:45,35.85909
2024-03-22 14:00,36.21178
2024-03-22 14:15,32.32497
2024-03-22 14:30,30.05112
2024-03-22 14:45,29.13372
2024-03-22 15:00,30.44637
2024-03-22 15:15,29.14722
2024-03-22 15:30,29.0178
2024-03-22 15:45,28.39645
2024-03-22 16:00,29.25583
2024-03-22 16:15,31.32929
2024-03-22 16:30,29.58809
2024-03-22 16:45,29.60904
2024-03-22 17:00,30.64099
2024-03-22 17:15,32.1684
2024-03-22 17:30,30.10414
2024-03-22 17:45,30.16487
2024-03-22 18:00,31.39117
2024-03-22 18:15,30.69679
2024-03-22 18:30,29.18301
2024-03-22 18:45,29.33318
2024-03-22 19:00,29.41942
2024-03-22 19:15,29.23316
2024-03-22 19:30,29.30394
2024-03-22 19:45,29.41054
2024-03-22 20:00,28.38113
2024-03-22 20:15,28.70207
2024-03-22 20:30,29.90825
2024-03-22 20:45,31.37854
2024-03-22 21:00,27.05457
2024-03-22 21:15,29.36878
2024-03-22 21:30,36.33158
2024-03-22 21:45,45.80166
2024-03-22 22:00,40.85671
2024-03-22 22:15,45.55529
2024-03-22 22:30,55.30095
2024-03-22 22:45,56.3656
2024-03-22 23:00,49.32661
2024-03-22 23:15,47.85462
2024-03-22 23:30,39.92627
2024-03-22 23:45,35.65596
2024-03-23 0:00,47.375
2024-03-23 0:15,27.71052
2024-03-23 0:30,20.05102
2024-03-23 0:45,7.48412
2024-03-23 1:00,16.73806
2024-03-23 1:15,13.90896
2024-03-23 1:30,3.88294
2024-03-23 1:45,-1.61335
2024-03-23 2:00,-2.68118
2024-03-23 2:15,-6.60329
2024-03-23 2:30,-19.27245
2024-03-23 2:45,-23.02532
2024-03-23 3:00,-19.77354
2024-03-23 3:15,-21.12705
2024-03-23 3:30,-22.67777
2024-03-23 3:45,-31.79807
2024-03-23 4:00,-28.28864
2024-03-23 4:15,-28.67393
2024-03-23 4:30,-28.22881
2024-03-23 4:45,-27.98784
2024-03-23 5:00,-23.73911
2024-03-23 5:15,-21.294
2024-03-23 5:30,-21.87848
2024-03-23 5:45,-22.19389
2024-03-23 6:00,-20.927
2024-03-23 6:15,-17.93197
2024-03-23 6:30,-17.81847
2024-03-23 6:45,-17.48603
2024-03-23 7:00,-21.22272
2024-03-23 7:15,-19.82651
2024-03-23 7:30,-22.79449
2024-03-23 7:45,-22.45963
2024-03-23 8:00,-21.02097
2024-03-23 8:15,-17.58057
2024-03-23 8:30,-7.97048
2024-03-23 8:45,-5.77238
2024-03-23 9:00,0.15082
2024-03-23 9:15,6.16199
2024-03-23 9:30,20.92727
2024-03-23 9:45,32.67461
2024-03-23 10:00,20.85948
2024-03-23 10:15,28.66095
2024-03-23 10:30,39.1321
2024-03-23 10:45,39.81176
2024-03-23 11:00,35.98093
2024-03-23 11:15,40.1906
2024-03-23 11:30,40.99916
2024-03-23 11:45,37.40815
2024-03-23 12:00,40.16793
2024-03-23 12:15,39.93125
2024-03-23 12:30,38.4812
2024-03-23 12:45,35.12914
2024-03-23 13:00,34.80421
2024-03-23 13:15,35.0535
2024-03-23 13:30,31.34091
2024-03-23 13:45,29.82922
2024-03-23 14:00,30.33266
2024-03-23 14:15,29.30733
2024-03-23 14:30,28.52474
2024-03-23 14:45,28.12828
2024-03-23 15:00,29.21616
2024-03-23 15:15,29.31927
2024-03-23 15:30,28.14131
2024-03-23 15:45,27.15521
2024-03-23 16:00,29.35687
2024-03-23 16:15,28.85123
2024-03-23 16:30,28.48693
2024-03-23 16:45,27.76431
2024-03-23 17:00,29.00706
2024-03-23 17:15,28.79586
2024-03-23 17:30,27.80381
2024-03-23 17:45,27.05969
2024-03-23 18:00,28.56271
2024-03-23 18:15,28.62001
2024-03-23 18:30,28.64016
2024-03-23 18:45,27.8713
2024-03-23 19:00,27.93556
2024-03-23 19:15,27.91386
2024-03-23 19:30,27.90427
2024-03-23 19:45,27.87152
2024-03-23 20:00,28.71197
2024-03-23 20:15,28.86292
2024-03-23 20:30,29.03351
2024-03-23 20:45,28.91473
2024-03-23 21:00,28.41802
2024-03-23 21:15,28.50102
2024-03-23 21:30,30.02002
2024-03-23 21:45,30.72093
2024-03-23 22:00,30.34816
2024-03-23 22:15,29.94996
2024-03-23 22:30,41.8068
2024-03-23 22:45,42.5014
2024-03-23 23:00,43.25622
2024-03-23 23:15,32.71378
2024-03-23 23:30,30.75014
2024-03-23 23:45,27.53412
2024-03-24 0:00,28.9714
2024-03-24 0:15,28.99209
2024-03-24 0:30,29.01132
2024-03-24 0:45,14.89737
2024-03-24 1:00,23.45737
2024-03-24 1:15,16.6869
2024-03-24 1:30,17.24459
2024-03-24 1:45,9.36544
2024-03-24 2:00,8.84351
2024-03-24 2:15,7.09846
2024-03-24 2:30,-3.82341
2024-03-24 2:45,-12.36998
2024-03-24 3:00,-3.98424
2024-03-24 3:15,-8.67459
2024-03-24 3:30,-15.37712
2024-03-24 3:45,-15.35501
2024-03-24 4:00,-12.29153
2024-03-24 4:15,-13.06407
2024-03-24 4:30,-14.85689
2024-03-24 4:45,-15.56424
2024-03-24 5:00,-13.35185
2024-03-24 5:15,-14.22242
2024-03-24 5:30,-15.66126
2024-03-24 5:45,-15.291
2024-03-24 6:00,-15.41145
2024-03-24 6:15,-20.69534
2024-03-24 6:30,-22.64502
2024-03-24 6:45,-19.45602
2024-03-24 7:00,-22.38418
2024-03-24 7:15,-20.74871
2024-03-24 7:30,-19.20964
2024-03-24 7:45,-17.05314
2024-03-24 8:00,-40.88475
2024-03-24 8:15,-40.0065
2024-03-24 8:30,-40.00035
2024-03-24 8:45,-39.5814
2024-03-24 9:00,-40.55091
2024-03-24 9:15,-23.48906
2024-03-24 9:30,17.93846
2024-03-24 9:45,18.98958
2024-03-24 10:00,7.51113
2024-03-24 10:15,10.09238
2024-03-24 10:30,19.39363
2024-03-24 10:45,25.08093
2024-03-24 11:00,22.74513
2024-03-24 11:15,24.65899
2024-03-24 11:30,25.52746
2024-03-24 11:45,26.12152
2024-03-24 12:00,28.7274
2024-03-24 12:15,28.93474
2024-03-24 12:30,28.67755
2024-03-24 12:45,27.99461
2024-03-24 13:00,25.70611
2024-03-24 13:15,25.718
2024-03-24 13:30,25.60384
2024-03-24 13:45,22.78835
2024-03-24 14:00,27.41381
2024-03-24 14:15,25.12732
2024-03-24 14:30,22.84442
2024-03-24 14:45,19.33683
2024-03-24 15:00,25.33044
2024-03-24 15:15,25.4734
2024-03-24 15:30,15.23378
2024-03-24 15:45,20.32869
2024-03-24 16:00,24.68741
2024-03-24 16:15,24.49274
2024-03-24 16:30,19.86827
2024-03-24 16:45,20.39501
2024-03-24 17:00,24.03455
2024-03-24 17:15,24.1608
2024-03-24 17:30,20.34286
2024-03-24 17:45,17.099
2024-03-24 18:00,17.89027
2024-03-24 18:15,15.21448
2024-03-24 18:30,15.01577
2024-03-24 18:45,12.0427
2024-03-24 19:00,20.09709
2024-03-24 19:15,20.47947
2024-03-24 19:30,15.96862
2024-03-24 19:45,14.84406
2024-03-24 20:00,11.01234
2024-03-24 20:15,11.55998
2024-03-24 20:30,11.09155
2024-03-24 20:45,10.8726
2024-03-24 21:00,10.03781
2024-03-24 21:15,10.24576
2024-03-24 21:30,13.25797
2024-03-24 21:45,15.1
2024-03-24 22:00,14.86422
2024-03-24 22:15,15.5652
2024-03-24 22:30,18.2985
2024-03-24 22:45,15.67324
2024-03-24 23:00,21.59441
2024-03-24 23:15,13.32123
2024-03-24 23:30,10.14288
2024-03-24 23:45,5.73334
2024-03-25 0:00,12.4587
2024-03-25 0:15,1.09888
2024-03-25 0:30,1.16651
2024-03-25 0:45,-2.75205
2024-03-25 1:00,0.91116
2024-03-25 1:15,0.00103
2024-03-25 1:30,-4.47979
2024-03-25 1:45,-10.04786
2024-03-25 2:00,-9.75245
2024-03-25 2:15,-11.02476
2024-03-25 2:30,-21.23807
2024-03-25 2:45,-30.91892
2024-03-25 3:00,-36.59618
2024-03-25 3:15,-39.57799
2024-03-25 3:30,-44.35086
2024-03-25 3:45,-44.85865
2024-03-25 4:00,-45.6954
2024-03-25 4:15,-45.66334
2024-03-25 4:30,-45.32201
2024-03-25 4:45,-44.50633
2024-03-25 5:00,-43.27186
2024-03-25 5:15,-33.97094
2024-03-25 5:30,-35.22953
2024-03-25 5:45,-29.34034
2024-03-25 6:00,-31.21497
2024-03-25 6:15,-31.06548
2024-03-25 6:30,-29.3008
2024-03-25 6:45,-26.27289
2024-03-25 7:00,-28.93951
2024-03-25 7:15,-20.65223
2024-03-25 7:30,-19.11423
2024-03-25 7:45,-13.71365
2024-03-25 8:00,-14.98183
2024-03-25 8:15,-8.61703
2024-03-25 8:30,-7.04548
2024-03-25 8:45,-0.3359
2024-03-25 9:00,-5.06483
2024-03-25 9:15,-4.27557
2024-03-25 9:30,3.945
2024-03-25 9:45,17.50975
2024-03-25 10:00,6.34341
2024-03-25 10:15,9.37055
2024-03-25 10:30,17.00886
2024-03-25 10:45,26.12655
2024-03-25 11:00,25.31371
2024-03-25 11:15,26.82107
2024-03-25 11:30,27.46612
2024-03-25 11:45,27.7032
2024-03-25 12:00,28.11658
2024-03-25 12:15,27.94252
2024-03-25 12:30,28.11937
2024-03-25 12:45,27.68123
2024-03-25 13:00,26.95769
2024-03-25 13:15,27.16542
2024-03-25 13:30,27.22146
2024-03-25 13:45,25.53826
2024-03-25 14:00,26.91043
2024-03-25 14:15,25.32605
2024-03-25 14:30,22.33203
2024-03-25 14:45,19.38585
2024-03-25 15:00,25.54106
2024-03-25 15:15,23.60241
2024-03-25 15:30,20.36434
2024-03-25 15:45,14.78637
2024-03-25 16:00,26.39403
2024-03-25 16:15,22.70954
2024-03-25 16:30,23.3301
2024-03-25 16:45,20.48531
2024-03-25 17:00,25.12031
2024-03-25 17:15,24.89296
2024-03-25 17:30,23.7573
2024-03-25 17:45,21.79726
2024-03-25 18:00,24.29511
2024-03-25 18:15,22.01241
2024-03-25 18:30,18.96269
2024-03-25 18:45,13.92763
2024-03-25 19:00,13.94267
2024-03-25 19:15,13.94928
2024-03-25 19:30,13.97961
2024-03-25 19:45,17.73532
2024-03-25 20:00,12.76869
2024-03-25 20:15,13.33911
2024-03-25 20:30,23.75248
2024-03-25 20:45,25.59111
2024-03-25 21:00,22.41712
2024-03-25 21:15,26.2728
2024-03-25 21:30,27.34392
2024-03-25 21:45,30.31263
2024-03-25 22:00,25.51449
2024-03-25 22:15,28.75576
2024-03-25 22:30,29.0905
2024-03-25 22:45,31.41133
2024-03-25 23:00,36.26976
2024-03-25 23:15,31.03393
2024-03-25 23:30,20.23312
2024-03-25 23:45,9.69964
2024-03-26 0:00,15.73744
2024-03-26 0:15,15.73098
2024-03-26 0:30,10.77485
2024-03-26 0:45,-12.65561
2024-03-26 1:00,-10.67905
2024-03-26 1:15,-15.44977
2024-03-26 1:30,-29.19677
2024-03-26 1:45,-40.19692
2024-03-26 2:00,-41.4153
2024-03-26 2:15,-45.30619
2024-03-26 2:30,-45.47496
2024-03-26 2:45,-45.74933
2024-03-26 3:00,-46.04577
2024-03-26 3:15,-46.18039
2024-03-26 3:30,-46.44463
2024-03-26 3:45,-49.05972
2024-03-26 4:00,-46.52706
2024-03-26 4:15,-46.26332
2024-03-26 4:30,-46.52027
2024-03-26 4:45,-48.8851
2024-03-26 5:00,-48.2113
2024-03-26 5:15,-48.78859
2024-03-26 5:30,-49.39714
2024-03-26 5:45,-48.71423
2024-03-26 6:00,-48.10613
2024-03-26 6:15,-47.37078
2024-03-26 6:30,-46.91995
2024-03-26 6:45,-43.6396
2024-03-26 7:00,-44.22093
2024-03-26 7:15,-42.93344
2024-03-26 7:30,-42.57127
2024-03-26 7:45,-35.97299
2024-03-26 8:00,-19.93406
2024-03-26 8:15,-16.25849
2024-03-26 8:30,-12.45823
2024-03-26 8:45,-5.07377
2024-03-26 9:00,-12.49522
2024-03-26 9:15,-0.87156
2024-03-26 9:30,15.9407
2024-03-26 9:45,29.22164
2024-03-26 10:00,19.22882
2024-03-26 10:15,24.29723
2024-03-26 10:30,29.63619
2024-03-26 10:45,41.68275
2024-03-26 11:00,30.60463
2024-03-26 11:15,34.46222
2024-03-26 11:30,36.08422
2024-03-26 11:45,39.776
2024-03-26 12:00,39.7638
2024-03-26 12:15,39.70911
2024-03-26 12:30,38.47324
2024-03-26 12:45,34.94914
2024-03-26 13:00,40.11623
2024-03-26 13:15,32.6997
2024-03-26 13:30,32.16456
2024-03-26 13:45,28.8304
2024-03-26 14:00,31.40562
2024-03-26 14:15,28.99289
2024-03-26 14:30,28.74427
2024-03-26 14:45,28.70883
2024-03-26 15:00,28.88044
2024-03-26 15:15,28.01645
2024-03-26 15:30,25.08209
2024-03-26 15:45,20.33465
2024-03-26 16:00,32.22981
2024-03-26 16:15,28.20735
2024-03-26 16:30,27.36377
2024-03-26 16:45,23.73697
2024-03-26 17:00,27.61956
2024-03-26 17:15,24.95126
2024-03-26 17:30,21.26327
2024-03-26 17:45,18.15943
2024-03-26 18:00,23.71994
2024-03-26 18:15,22.55816
2024-03-26 18:30,22.63162
2024-03-26 18:45,21.83569
2024-03-26 19:00,22.39733
2024-03-26 19:15,21.88264
2024-03-26 19:30,22.7405
2024-03-26 19:45,22.69886
2024-03-26 20:00,24.59504
2024-03-26 20:15,24.64705
2024-03-26 20:30,28.41769
2024-03-26 20:45,29.58324
2024-03-26 21:00,25.96905
2024-03-26 21:15,27.72463
2024-03-26 21:30,34.21023
2024-03-26 21:45,36.15366
2024-03-26 22:00,25.14197
2024-03-26 22:15,29.6975
2024-03-26 22:30,44.01439
2024-03-26 22:45,51.41253
2024-03-26 23:00,64.88593
2024-03-26 23:15,46.35125
2024-03-26 23:30,29.80444
2024-03-26 23:45,19.9035
2024-03-27 0:00,25.37461
2024-03-27 0:15,7.11176
2024-03-27 0:30,-3.75687
2024-03-27 0:45,-12.12755
2024-03-27 1:00,-11.70481
2024-03-27 1:15,-16.43237
2024-03-27 1:30,-17.78704
2024-03-27 1:45,-29.70056
2024-03-27 2:00,-23.48113
2024-03-27 2:15,-34.80673
2024-03-27 2:30,-40.29013
2024-03-27 2:45,-40.13956
2024-03-27 3:00,-42.16348
2024-03-27 3:15,-44.56122
2024-03-27 3:30,-44.75252
2024-03-27 3:45,-44.88707
2024-03-27 4:00,-44.52974
2024-03-27 4:15,-44.49024
2024-03-27 4:30,-44.46177
2024-03-27 4:45,-44.92894
2024-03-27 5:00,-44.50837
2024-03-27 5:15,-44.59558
2024-03-27 5:30,-44.8007
2024-03-27 5:45,-43.70244
2024-03-27 6:00,-40.88517
2024-03-27 6:15,-41.92659
2024-03-27 6:30,-42.87888
2024-03-27 6:45,-43.19001
2024-03-27 7:00,-42.6727
2024-03-27 7:15,-45.05981
2024-03-27 7:30,-44.06906
2024-03-27 7:45,-43.1077
2024-03-27 8:00,-45.2649
2024-03-27 8:15,-43.76973
2024-03-27 8:30,-35.92397
2024-03-27 8:45,-39.64309
2024-03-27 9:00,-41.96111
2024-03-27 9:15,-34.01007
2024-03-27 9:30,-13.61916
2024-03-27 9:45,11.55481
2024-03-27 10:00,7.80218
2024-03-27 10:15,19.28875
2024-03-27 10:30,20.88642
2024-03-27 10:45,40.37371
2024-03-27 11:00,29.41148
2024-03-27 11:15,29.77632
2024-03-27 11:30,32.23474
2024-03-27 11:45,32.84519
2024-03-27 12:00,33.2205
2024-03-27 12:15,33.47308
2024-03-27 12:30,30.13535
2024-03-27 12:45,29.16228
2024-03-27 13:00,29.38699
2024-03-27 13:15,29.25083
2024-03-27 13:30,29.21986
2024-03-27 13:45,28.47401
2024-03-27 14:00,30.18792
2024-03-27 14:15,29.34598
2024-03-27 14:30,29.4528
2024-03-27 14:45,29.22771
2024-03-27 15:00,31.31191
2024-03-27 15:15,30.31712
2024-03-27 15:30,31.00794
2024-03-27 15:45,29.53815
2024-03-27 16:00,28.24155
2024-03-27 16:15,26.89849
2024-03-27 16:30,26.83213
2024-03-27 16:45,25.6113
2024-03-27 17:00,28.76601
2024-03-27 17:15,27.35827
2024-03-27 17:30,26.90263
2024-03-27 17:45,26.95177
2024-03-27 18:00,25.64047
2024-03-27 18:15,27.00719
2024-03-27 18:30,26.92842
2024-03-27 18:45,27.10346
2024-03-27 19:00,27.12575
2024-03-27 19:15,27.33796
2024-03-27 19:30,29.16807
2024-03-27 19:45,29.48454
2024-03-27 20:00,29.49067
2024-03-27 20:15,29.51077
2024-03-27 20:30,32.1116
2024-03-27 20:45,35.44042
2024-03-27 21:00,23.96923
2024-03-27 21:15,29.23587
2024-03-27 21:30,38.0591
2024-03-27 21:45,48.91133
2024-03-27 22:00,43.88814
2024-03-27 22:15,50.64039
2024-03-27 22:30,50.58405
2024-03-27 22:45,49.11262
2024-03-27 23:00,50.70396
2024-03-27 23:15,42.03016
2024-03-27 23:30,23.8924
2024-03-27 23:45,9.18186
2024-03-28 0:00,9.91019
2024-03-28 0:15,-0.14849
2024-03-28 0:30,-14.65396
2024-03-28 0:45,-28.05631
2024-03-28 1:00,-16.5531
2024-03-28 1:15,-23.8816
2024-03-28 1:30,-41.66145
2024-03-28 1:45,-49.48069
2024-03-28 2:00,-45.43741
2024-03-28 2:15,-47.56404
2024-03-28 2:30,-51.56166
2024-03-28 2:45,-59.73498
2024-03-28 3:00,-47.48832
2024-03-28 3:15,-47.3209
2024-03-28 3:30,-52.02787
2024-03-28 3:45,-54.43944
2024-03-28 4:00,-51.28615
2024-03-28 4:15,-49.75145
2024-03-28 4:30,-53.1423
2024-03-28 4:45,-56.59338
2024-03-28 5:00,-51.68633
2024-03-28 5:15,-53.18793
2024-03-28 5:30,-55.09125
2024-03-28 5:45,-56.78286
2024-03-28 6:00,-50.93183
2024-03-28 6:15,-58.04732
2024-03-28 6:30,-66.86717
2024-03-28 6:45,-71.89943
2024-03-28 7:00,-70.2847
2024-03-28 7:15,-63.51568
2024-03-28 7:30,-58.91444
2024-03-28 7:45,-59.39638
2024-03-28 8:00,-53.23627
2024-03-28 8:15,-52.23272
2024-03-28 8:30,-47.14643
2024-03-28 8:45,-47.58988
2024-03-28 9:00,-61.0422
2024-03-28 9:15,-43.82112
2024-03-28 9:30,-1.3824
2024-03-28 9:45,28.44144
2024-03-28 10:00,20.94292
2024-03-28 10:15,26.86554
2024-03-28 10:30,33.01378
2024-03-28 10:45,45.39743
2024-03-28 11:00,31.53251
2024-03-28 11:15,31.58274
2024-03-28 11:30,34.05817
2024-03-28 11:45,34.66441
2024-03-28 12:00,34.6041
2024-03-28 12:15,33.51286
2024-03-28 12:30,33.99825
2024-03-28 12:45,30.87814
2024-03-28 13:00,29.75532
2024-03-28 13:15,29.78053
2024-03-28 13:30,29.74396
2024-03-28 13:45,28.81435
2024-03-28 14:00,29.64157
2024-03-28 14:15,29.36777
2024-03-28 14:30,29.07899
2024-03-28 14:45,27.74693
2024-03-28 15:00,30.89235
2024-03-28 15:15,30.82682
2024-03-28 15:30,34.66346
2024-03-28 15:45,30.77143
2024-03-28 16:00,42.09743
2024-03-28 16:15,34.51234
2024-03-28 16:30,28.44553
2024-03-28 16:45,28.01866
2024-03-28 17:00,28.2617
2024-03-28 17:15,27.58868
2024-03-28 17:30,26.69939
2024-03-28 17:45,26.57156
2024-03-28 18:00,29.58708
2024-03-28 18:15,27.44205
2024-03-28 18:30,26.74938
2024-03-28 18:45,26.66772
2024-03-28 19:00,26.79
2024-03-28 19:15,26.65452
2024-03-28 19:30,28.5947
2024-03-28 19:45,27.96828
2024-03-28 20:00,26.14227
2024-03-28 20:15,24.53263
2024-03-28 20:30,26.09673
2024-03-28 20:45,28.73579
2024-03-28 21:00,24.64005
2024-03-28 21:15,26.76445
2024-03-28 21:30,31.75161
2024-03-28 21:45,53.30091
2024-03-28 22:00,36.951
2024-03-28 22:15,48.6044
2024-03-28 22:30,54.27169
2024-03-28 22:45,56.83477
2024-03-28 23:00,52.34678
2024-03-28 23:15,37.58056
2024-03-28 23:30,29.46917
2024-03-28 23:45,8.69157
2024-03-29 0:00,11.25195
2024-03-29 0:15,-0.85884
2024-03-29 0:30,-9.7305
2024-03-29 0:45,-19.53313
2024-03-29 1:00,-13.73237
2024-03-29 1:15,-15.19025
2024-03-29 1:30,-22.99847
2024-03-29 1:45,-30.63162
2024-03-29 2:00,-33.90251
2024-03-29 2:15,-38.73156
2024-03-29 2:30,-47.0815
2024-03-29 2:45,-52.80229
2024-03-29 3:00,-50.13747
2024-03-29 3:15,-52.95568
2024-03-29 3:30,-54.81038
2024-03-29 3:45,-55.92022
2024-03-29 4:00,-54.21533
2024-03-29 4:15,-54.29618
2024-03-29 4:30,-56.62997
2024-03-29 4:45,-56.89038
2024-03-29 5:00,-52.76331
2024-03-29 5:15,-54.61506
2024-03-29 5:30,-55.20191
2024-03-29 5:45,-55.81693
2024-03-29 6:00,-53.65923
2024-03-29 6:15,-52.54249
2024-03-29 6:30,-53.10747
2024-03-29 6:45,-54.6095
2024-03-29 7:00,-60.03282
2024-03-29 7:15,-54.66428
2024-03-29 7:30,-48.85321
2024-03-29 7:45,-44.13909
2024-03-29 8:00,-46.45539
2024-03-29 8:15,-42.41775
2024-03-29 8:30,-20.70844
2024-03-29 8:45,-12.92452
2024-03-29 9:00,-14.11562
2024-03-29 9:15,-8.91793
2024-03-29 9:30,25.94911
2024-03-29 9:45,33.23431
2024-03-29 10:00,14.18023
2024-03-29 10:15,22.0044
2024-03-29 10:30,29.25287
2024-03-29 10:45,38.11638
2024-03-29 11:00,27.72793
2024-03-29 11:15,28.56511
2024-03-29 11:30,29.48354
2024-03-29 11:45,29.73313
2024-03-29 12:00,30.75452
2024-03-29 12:15,30.57667
2024-03-29 12:30,31.78299
2024-03-29 12:45,31.15248
2024-03-29 13:00,29.29975
2024-03-29 13:15,28.53289
2024-03-29 13:30,33.30297
2024-03-29 13:45,31.13787
2024-03-29 14:00,38.70577
2024-03-29 14:15,34.57532
2024-03-29 14:30,35.64909
2024-03-29 14:45,31.00285
2024-03-29 15:00,34.6489
2024-03-29 15:15,34.68868
2024-03-29 15:30,38.54331
2024-03-29 15:45,34.7346
2024-03-29 16:00,31.06889
2024-03-29 16:15,30.75106
2024-03-29 16:30,28.50886
2024-03-29 16:45,28.37348
2024-03-29 17:00,28.40826
2024-03-29 17:15,28.40532
2024-03-29 17:30,28.34526
2024-03-29 17:45,27.88453
2024-03-29 18:00,29.91714
2024-03-29 18:15,28.89401
2024-03-29 18:30,28.32183
2024-03-29 18:45,28.2452
2024-03-29 19:00,28.29242
2024-03-29 19:15,28.31638
2024-03-29 19:30,28.81405
2024-03-29 19:45,29.70204
2024-03-29 20:00,28.4022
2024-03-29 20:15,28.52582
2024-03-29 20:30,30.14314
2024-03-29 20:45,31.01477
2024-03-29 21:00,28.55217
2024-03-29 21:15,40.16378
2024-03-29 21:30,43.20176
2024-03-29 21:45,52.3197
2024-03-29 22:00,33.92955
2024-03-29 22:15,38.18201
2024-03-29 22:30,42.01288
2024-03-29 22:45,44.86834
2024-03-29 23:00,43.69752
2024-03-29 23:15,36.87139
2024-03-29 23:30,27.59745
2024-03-29 23:45,6.69167
2024-03-30 0:00,5.13806
2024-03-30 0:15,-7.74179
2024-03-30 0:30,-23.74198
2024-03-30 0:45,-32.86126
2024-03-30 1:00,-15.32888
2024-03-30 1:15,-26.38783
2024-03-30 1:30,-30.96845
2024-03-30 1:45,-32.94271
2024-03-30 2:00,-32.84561
2024-03-30 2:15,-33.22034
2024-03-30 2:30,-37.7544
2024-03-30 2:45,-39.22125
2024-03-30 3:00,-38.34763
2024-03-30 3:15,-38.36634
2024-03-30 3:30,-40.03988
2024-03-30 3:45,-42.49453
2024-03-30 4:00,-36.73405
2024-03-30 4:15,-39.75216
2024-03-30 4:30,-40.7259
2024-03-30 4:45,-42.4272
2024-03-30 5:00,-40.11634
2024-03-30 5:15,-41.2846
2024-03-30 5:30,-41.27259
2024-03-30 5:45,-41.2047
2024-03-30 6:00,-41.20703
2024-03-30 6:15,-41.3107
2024-03-30 6:30,-41.36607
2024-03-30 6:45,-41.53474
2024-03-30 7:00,-41.16168
2024-03-30 7:15,-39.08255
2024-03-30 7:30,-34.27211
2024-03-30 7:45,-34.16841
2024-03-30 8:00,-33.46676
2024-03-30 8:15,-32.90398
2024-03-30 8:30,-24.6434
2024-03-30 8:45,0.0797
2024-03-30 9:00,-9.75279
2024-03-30 9:15,-6.93671
2024-03-30 9:30,7.02044
2024-03-30 9:45,45.71459
2024-03-30 10:00,24.98113
2024-03-30 10:15,30.47763
2024-03-30 10:30,37.12258
2024-03-30 10:45,41.80562
2024-03-30 11:00,31.50258
2024-03-30 11:15,34.38543
2024-03-30 11:30,35.69021
2024-03-30 11:45,34.49807
2024-03-30 12:00,36.92941
2024-03-30 12:15,37.58236
2024-03-30 12:30,37.66735
2024-03-30 12:45,37.60565
2024-03-30 13:00,39.70126
2024-03-30 13:15,38.82479
2024-03-30 13:30,38.20805
2024-03-30 13:45,36.15075
2024-03-30 14:00,38.04326
2024-03-30 14:15,37.82319
2024-03-30 14:30,35.66027
2024-03-30 14:45,35.85857
2024-03-30 15:00,37.32205
2024-03-30 15:15,36.86364
2024-03-30 15:30,41.61236
2024-03-30 15:45,40.392
2024-03-30 16:00,43.30913
2024-03-30 16:15,42.22533
2024-03-30 16:30,46.05745
2024-03-30 16:45,30.32938
2024-03-30 17:00,40.18661
2024-03-30 17:15,34.13263
2024-03-30 17:30,36.91134
2024-03-30 17:45,39.69933
2024-03-30 18:00,43.50839
2024-03-30 18:15,41.62855
2024-03-30 18:30,41.59932
2024-03-30 18:45,41.67907
2024-03-30 19:00,41.05444
2024-03-30 19:15,40.28286
2024-03-30 19:30,41.05406
2024-03-30 19:45,42.38408
2024-03-30 20:00,40.99288
2024-03-30 20:15,40.73256
2024-03-30 20:30,47.31922
2024-03-30 20:45,49.83984
2024-03-30 21:00,41.54235
2024-03-30 21:15,41.32048
2024-03-30 21:30,51.26882
2024-03-30 21:45,55.99713
2024-03-30 22:00,49.76677
2024-03-30 22:15,53.81586
2024-03-30 22:30,59.36354
2024-03-30 22:45,62.5378
2024-03-30 23:00,51.49829
2024-03-30 23:15,42.80974
2024-03-30 23:30,32.33868
2024-03-30 23:45,25.27875
2024-03-31 0:00,27.70089
2024-03-31 0:15,15.34315
2024-03-31 0:30,16.34083
2024-03-31 0:45,14.00296
2024-03-31 1:00,20.72749
2024-03-31 1:15,23.26589
2024-03-31 1:30,23.98219
2024-03-31 1:45,27.35987
2024-03-31 2:00,34.01221
2024-03-31 2:15,32.51246
2024-03-31 2:30,30.93857
2024-03-31 2:45,23.68344
2024-03-31 3:00,28.22083
2024-03-31 3:15,19.16285
2024-03-31 3:30,18.93989
2024-03-31 3:45,18.25874
2024-03-31 4:00,12.06223
2024-03-31 4:15,6.47158
2024-03-31 4:30,12.33763
2024-03-31 4:45,10.61964
2024-03-31 5:00,11.52898
2024-03-31 5:15,7.36614
2024-03-31 5:30,5.54455
2024-03-31 5:45,6.40194
2024-03-31 6:00,12.36872
2024-03-31 6:15,8.93215
2024-03-31 6:30,10.34505
2024-03-31 6:45,12.08161
2024-03-31 7:00,17.01559
2024-03-31 7:15,16.22107
2024-03-31 7:30,23.52965
2024-03-31 7:45,27.10185
2024-03-31 8:00,27.74031
2024-03-31 8:15,29.93554
2024-03-31 8:30,30.22029
2024-03-31 8:45,28.57157
2024-03-31 9:00,25.14174
2024-03-31 9:15,27.83284
2024-03-31 9:30,32.37915
2024-03-31 9:45,39.65249
2024-03-31 10:00,30.27146
2024-03-31 10:15,31.73931
2024-03-31 10:30,42.15072
2024-03-31 10:45,40.73016
2024-03-31 11:00,39.86047
2024-03-31 11:15,40.35077
2024-03-31 11:30,49.14127
2024-03-31 11:45,49.72575
2024-03-31 12:00,45.524
2024-03-31 12:15,42.1643
2024-03-31 12:30,46.0058
2024-03-31 12:45,46.35662
2024-03-31 13:00,42.72671
2024-03-31 13:15,42.88332
2024-03-31 13:30,42.9623
2024-03-31 13:45,42.78842
2024-03-31 14:00,42.96559
2024-03-31 14:15,42.42086
2024-03-31 14:30,42.62366
2024-03-31 14:45,42.59292
2024-03-31 15:00,51.68122
2024-03-31 15:15,51.35016
2024-03-31 15:30,52.35799
2024-03-31 15:45,51.19621
2024-03-31 16:00,48.48732
2024-03-31 16:15,62.07359
2024-03-31 16:30,60.17432
2024-03-31 16:45,48.01399
2024-03-31 17:00,50.66563
2024-03-31 17:15,34.74853
2024-03-31 17:30,31.6239
2024-03-31 17:45,29.65698
2024-03-31 18:00,28.33
2024-03-31 18:15,28.20665
2024-03-31 18:30,28.42254
2024-03-31 18:45,28.43
2024-03-31 19:00,28.98124
2024-03-31 19:15,28.72984
2024-03-31 19:30,29.03514
2024-03-31 19:45,28.98864
2024-03-31 20:00,29.15913
2024-03-31 20:15,30.22079
2024-03-31 20:30,30.19014
2024-03-31 20:45,30.8026
2024-03-31 21:00,31.09803
2024-03-31 21:15,34.45069
2024-03-31 21:30,41.14268
2024-03-31 21:45,42.09384
2024-03-31 22:00,42.81886
2024-03-31 22:15,43.99738
2024-03-31 22:30,49.28926
2024-03-31 22:45,45.26078
2024-03-31 23:00,47.84425
2024-03-31 23:15,32.28507
2024-03-31 23:30,26.85245
2024-03-31 23:45,20.26113
2024-04-01 0:00,27.2804
2024-04-01 0:15,4.81803
2024-04-01 0:30,5.60633
2024-04-01 0:45,4.13638
2024-04-01 1:00,8.76581
2024-04-01 1:15,3.45465
2024-04-01 1:30,-0.87106
2024-04-01 1:45,-4.84002
2024-04-01 2:00,-13.99244
2024-04-01 2:15,-14.98254
2024-04-01 2:30,-17.18896
2024-04-01 2:45,-17.16552
2024-04-01 3:00,-15.29933
2024-04-01 3:15,-17.01884
2024-04-01 3:30,-16.73409
2024-04-01 3:45,-18.33932
2024-04-01 4:00,-17.78373
2024-04-01 4:15,-18.14539
2024-04-01 4:30,-18.14249
2024-04-01 4:45,-17.97589
2024-04-01 5:00,-14.7746
2024-04-01 5:15,-14.90437
2024-04-01 5:30,-14.27739
2024-04-01 5:45,-13.26676
2024-04-01 6:00,-13.38507
2024-04-01 6:15,-10.45373
2024-04-01 6:30,-7.58661
2024-04-01 6:45,-10.82691
2024-04-01 7:00,-13.82834
2024-04-01 7:15,-12.7172
2024-04-01 7:30,-10.54477
2024-04-01 7:45,-8.71269
2024-04-01 8:00,-16.84906
2024-04-01 8:15,-20.08223
2024-04-01 8:30,-10.51796
2024-04-01 8:45,0.97627
2024-04-01 9:00,-0.09707
2024-04-01 9:15,6.71791
2024-04-01 9:30,11.07038
2024-04-01 9:45,26.17188
2024-04-01 10:00,7.51862
2024-04-01 10:15,9.15236
2024-04-01 10:30,21.00919
2024-04-01 10:45,28.06101
2024-04-01 11:00,24.61576
2024-04-01 11:15,27.76425
2024-04-01 11:30,28.53302
2024-04-01 11:45,28.93691
2024-04-01 12:00,32.75226
2024-04-01 12:15,32.80027
2024-04-01 12:30,29.83
2024-04-01 12:45,30.15431
2024-04-01 13:00,31.6675
2024-04-01 13:15,31.6675
2024-04-01 13:30,30.1727
2024-04-01 13:45,29.94
2024-04-01 14:00,30.19118
2024-04-01 14:15,30.12188
2024-04-01 14:30,30.1467
2024-04-01 14:45,29.72028
2024-04-01 15:00,37.04706
2024-04-01 15:15,32.21764
2024-04-01 15:30,32.18451
2024-04-01 15:45,33.79962
2024-04-01 16:00,30.66698
2024-04-01 16:15,28.48584
2024-04-01 16:30,28.53074
2024-04-01 16:45,27.44187
2024-04-01 17:00,30.57005
2024-04-01 17:15,30.03826
2024-04-01 17:30,29.97337
2024-04-01 17:45,28.26125
2024-04-01 18:00,32.19555
2024-04-01 18:15,34.89533
2024-04-01 18:30,36.26553
2024-04-01 18:45,37.81768
2024-04-01 19:00,41.35027
2024-04-01 19:15,41.29614
2024-04-01 19:30,41.87049
2024-04-01 19:45,42.23988
2024-04-01 20:00,38.45535
2024-04-01 20:15,38.35933
2024-04-01 20:30,42.77007
2024-04-01 20:45,49.04833
2024-04-01 21:00,33.79194
2024-04-01 21:15,33.59152
2024-04-01 21:30,51.07666
2024-04-01 21:45,55.05586
2024-04-01 22:00,49.61719
2024-04-01 22:15,51.14619
2024-04-01 22:30,52.54679
2024-04-01 22:45,51.14324
2024-04-01 23:00,50.5261
2024-04-01 23:15,57.50337
2024-04-01 23:30,35.73985
2024-04-01 23:45,31.15358
2024-04-02 0:00,33.52102
2024-04-02 0:15,27.86562
2024-04-02 0:30,21.88454
2024-04-02 0:45,18.23071
2024-04-02 1:00,19.76888
2024-04-02 1:15,9.62437
2024-04-02 1:30,-10.16563
2024-04-02 1:45,-9.73024
2024-04-02 2:00,-22.06734
2024-04-02 2:15,-37.32624
2024-04-02 2:30,-22.36405
2024-04-02 2:45,-26.69846
2024-04-02 3:00,-29.5228
2024-04-02 3:15,-35.13539
2024-04-02 3:30,-21.70745
2024-04-02 3:45,-26.72043
2024-04-02 4:00,-30.446
2024-04-02 4:15,-28.53135
2024-04-02 4:30,-34.0928
2024-04-02 4:45,-30.72225
2024-04-02 5:00,-27.09094
2024-04-02 5:15,-37.58351
2024-04-02 5:30,-36.05824
2024-04-02 5:45,-40.76199
2024-04-02 6:00,-44.59801
2024-04-02 6:15,-44.59801
2024-04-02 6:30,-44.36937
2024-04-02 6:45,-43.16133
2024-04-02 7:00,-27.33689
2024-04-02 7:15,-28.41309
2024-04-02 7:30,-25.18694
2024-04-02 7:45,-24.86716
2024-04-02 8:00,-25.43246
2024-04-02 8:15,-23.01762
2024-04-02 8:30,-19.90553
2024-04-02 8:45,-19.19781
2024-04-02 9:00,-24.37748
2024-04-02 9:15,-17.85848
2024-04-02 9:30,5.75973
2024-04-02 9:45,28.89957
2024-04-02 10:00,18.39442
2024-04-02 10:15,23.20326
2024-04-02 10:30,39.54881
2024-04-02 10:45,45.61016
2024-04-02 11:00,30.57918
2024-04-02 11:15,32.54621
2024-04-02 11:30,38.45415
2024-04-02 11:45,39.90717
2024-04-02 12:00,41.64388
2024-04-02 12:15,39.8138
2024-04-02 12:30,40.14302
2024-04-02 12:45,37.92954
2024-04-02 13:00,35.36134
2024-04-02 13:15,35.5936
2024-04-02 13:30,35.42778
2024-04-02 13:45,33.02204
2024-04-02 14:00,33.7576
2024-04-02 14:15,32.34121
2024-04-02 14:30,32.11082
2024-04-02 14:45,28.70068
2024-04-02 15:00,28.41041
2024-04-02 15:15,27.76979
2024-04-02 15:30,27.3716
2024-04-02 15:45,26.95792
2024-04-02 16:00,34.23077
2024-04-02 16:15,29.60825
2024-04-02 16:30,29.86359
2024-04-02 16:45,29.43175
2024-04-02 17:00,33.22451
2024-04-02 17:15,33.1234
2024-04-02 17:30,30.84152
2024-04-02 17:45,33.23156
2024-04-02 18:00,35.2991
2024-04-02 18:15,35.13937
2024-04-02 18:30,36.67952
2024-04-02 18:45,37.91113
2024-04-02 19:00,34.3769
2024-04-02 19:15,34.46762
2024-04-02 19:30,38.31715
2024-04-02 19:45,37.28475
2024-04-02 20:00,27.96704
2024-04-02 20:15,28.65387
2024-04-02 20:30,30.61547
2024-04-02 20:45,37.37166
2024-04-02 21:00,32.25363
2024-04-02 21:15,33.23218
2024-04-02 21:30,43.79923
2024-04-02 21:45,48.93374
2024-04-02 22:00,48.58298
2024-04-02 22:15,50.26992
2024-04-02 22:30,52.63727
2024-04-02 22:45,53.62187
2024-04-02 23:00,58.52876
2024-04-02 23:15,42.42802
2024-04-02 23:30,31.7669
2024-04-02 23:45,19.77515
2024-04-03 0:00,-3.65605
2024-04-03 0:15,-22.432
2024-04-03 0:30,-44.74277
2024-04-03 0:45,-47.9621
2024-04-03 1:00,-48.68554
2024-04-03 1:15,-53.20344
2024-04-03 1:30,-54.77932
2024-04-03 1:45,-55.01811
2024-04-03 2:00,-53.22869
2024-04-03 2:15,-56.6567
2024-04-03 2:30,-58.38122
2024-04-03 2:45,-58.29821
2024-04-03 3:00,-56.34541
2024-04-03 3:15,-60.4646
2024-04-03 3:30,-58.13594
2024-04-03 3:45,-58.60047
2024-04-03 4:00,-54.72838
2024-04-03 4:15,-54.07805
2024-04-03 4:30,-58.56326
2024-04-03 4:45,-54.26463
2024-04-03 5:00,-51.47053
2024-04-03 5:15,-60.0628
2024-04-03 5:30,-69.90447
2024-04-03 5:45,-67.50997
2024-04-03 6:00,-65.06442
2024-04-03 6:15,-68.47571
2024-04-03 6:30,-69.08426
2024-04-03 6:45,-68.1032
2024-04-03 7:00,-70.18939
2024-04-03 7:15,-70.69668
2024-04-03 7:30,-70.67086
2024-04-03 7:45,-66.90206
2024-04-03 8:00,-67.48663
2024-04-03 8:15,-60.95297
2024-04-03 8:30,-54.58569
2024-04-03 8:45,-52.83113
2024-04-03 9:00,-49.5589
2024-04-03 9:15,-45.64254
2024-04-03 9:30,-12.92131
2024-04-03 9:45,30.91394
2024-04-03 10:00,19.16453
2024-04-03 10:15,32.90777
2024-04-03 10:30,49.72462
2024-04-03 10:45,59.43828
2024-04-03 11:00,35.67746
2024-04-03 11:15,40.73543
2024-04-03 11:30,45.04649
2024-04-03 11:45,46.3529
2024-04-03 12:00,41.15874
2024-04-03 12:15,40.61032
2024-04-03 12:30,41.64269
2024-04-03 12:45,36.4484
2024-04-03 13:00,33.79664
2024-04-03 13:15,33.70814
2024-04-03 13:30,32.49774
2024-04-03 13:45,30.18874
2024-04-03 14:00,33.24507
2024-04-03 14:15,29.66644
2024-04-03 14:30,29.5142
2024-04-03 14:45,26.98287
2024-04-03 15:00,27.33336
2024-04-03 15:15,27.52384
2024-04-03 15:30,28.35504
2024-04-03 15:45,28.0941
2024-04-03 16:00,29.66226
2024-04-03 16:15,29.63219
2024-04-03 16:30,28.60644
2024-04-03 16:45,26.51621
2024-04-03 17:00,27.87392
2024-04-03 17:15,25.77986
2024-04-03 17:30,26.07354
2024-04-03 17:45,24.69544
2024-04-03 18:00,25.65781
2024-04-03 18:15,24.911
2024-04-03 18:30,25.59372
2024-04-03 18:45,23.93891
2024-04-03 19:00,25.64256
2024-04-03 19:15,24.87775
2024-04-03 19:30,25.97289
2024-04-03 19:45,25.90547
2024-04-03 20:00,23.90987
2024-04-03 20:15,24.96323
2024-04-03 20:30,27.44523
2024-04-03 20:45,29.9129
2024-04-03 21:00,23.90974
2024-04-03 21:15,25.88698
2024-04-03 21:30,30.61128
2024-04-03 21:45,34.72539
2024-04-03 22:00,31.42551
2024-04-03 22:15,32.32532
2024-04-03 22:30,39.02797
2024-04-03 22:45,37.45815
2024-04-03 23:00,42.27553
2024-04-03 23:15,30.50316
2024-04-03 23:30,17.67898
2024-04-03 23:45,-8.4675
2024-04-04 0:00,-7.74692
2024-04-04 0:15,-17.92808
2024-04-04 0:30,-34.08495
2024-04-04 0:45,-49.07298
2024-04-04 1:00,-52.97076
2024-04-04 1:15,-53.29271
2024-04-04 1:30,-55.94958
2024-04-04 1:45,-60.31679
2024-04-04 2:00,-53.38782
2024-04-04 2:15,-57.34064
2024-04-04 2:30,-60.26612
2024-04-04 2:45,-60.5967
2024-04-04 3:00,-57.02581
2024-04-04 3:15,-57.05043
2024-04-04 3:30,-60.59396
2024-04-04 3:45,-59.39687
2024-04-04 4:00,-56.75669
2024-04-04 4:15,-56.37357
2024-04-04 4:30,-53.06196
2024-04-04 4:45,-54.62687
2024-04-04 5:00,-51.62601
2024-04-04 5:15,-51.58195
2024-04-04 5:30,-52.66623
2024-04-04 5:45,-52.23433
2024-04-04 6:00,-53.98781
2024-04-04 6:15,-54.31464
2024-04-04 6:30,-55.79736
2024-04-04 6:45,-55.74536
2024-04-04 7:00,-54.4935
2024-04-04 7:15,-52.8048
2024-04-04 7:30,-52.58213
2024-04-04 7:45,-48.99629
2024-04-04 8:00,-49.55838
2024-04-04 8:15,-47.68627
2024-04-04 8:30,-44.57615
2024-04-04 8:45,-44.29674
2024-04-04 9:00,-48.30581
2024-04-04 9:15,-38.23593
2024-04-04 9:30,-14.38086
2024-04-04 9:45,9.57084
2024-04-04 10:00,9.58481
2024-04-04 10:15,26.22194
2024-04-04 10:30,45.53845
2024-04-04 10:45,58.38645
2024-04-04 11:00,39.56748
2024-04-04 11:15,41.29884
2024-04-04 11:30,41.63108
2024-04-04 11:45,45.42811
2024-04-04 12:00,43.83586
2024-04-04 12:15,40.50322
2024-04-04 12:30,36.52437
2024-04-04 12:45,33.617
2024-04-04 13:00,35.31555
2024-04-04 13:15,35.01201
2024-04-04 13:30,34.43032
2024-04-04 13:45,32.68506
2024-04-04 14:00,37.53926
2024-04-04 14:15,36.55082
2024-04-04 14:30,34.36541
2024-04-04 14:45,33.70905
2024-04-04 15:00,35.66934
2024-04-04 15:15,37.34169
2024-04-04 15:30,38.57995
2024-04-04 15:45,36.67121
2024-04-04 16:00,36.80661
2024-04-04 16:15,34.99439
2024-04-04 16:30,36.34449
2024-04-04 16:45,34.61293
2024-04-04 17:00,37.37388
2024-04-04 17:15,36.88807
2024-04-04 17:30,35.94665
2024-04-04 17:45,31.96424
2024-04-04 18:00,34.09581
2024-04-04 18:15,32.32797
2024-04-04 18:30,30.47409
2024-04-04 18:45,30.38061
2024-04-04 19:00,30.33576
2024-04-04 19:15,30.38074
2024-04-04 19:30,32.85743
2024-04-04 19:45,32.78565
2024-04-04 20:00,33.76003
2024-04-04 20:15,33.6741
2024-04-04 20:30,45.43569
2024-04-04 20:45,46.59918
2024-04-04 21:00,40.18808
2024-04-04 21:15,41.4841
2024-04-04 21:30,52.06237
2024-04-04 21:45,53.55291
2024-04-04 22:00,49.46092
2024-04-04 22:15,52.52111
2024-04-04 22:30,55.68364
2024-04-04 22:45,54.30816
2024-04-04 23:00,50.35975
2024-04-04 23:15,28.80925
2024-04-04 23:30,24.92803
2024-04-04 23:45,-6.06787
2024-04-05 0:00,16.95171
2024-04-05 0:15,-4.21018
2024-04-05 0:30,-9.24639
2024-04-05 0:45,-9.15622
2024-04-05 1:00,-3.14923
2024-04-05 1:15,-3.92807
2024-04-05 1:30,-4.94618
2024-04-05 1:45,-19.95193
2024-04-05 2:00,-21.70036
2024-04-05 2:15,-32.04148
2024-04-05 2:30,-33.3365
2024-04-05 2:45,-34.06227
2024-04-05 3:00,-29.44486
2024-04-05 3:15,-32.69765
2024-04-05 3:30,-38.64002
2024-04-05 3:45,-39.50767
2024-04-05 4:00,-34.6645
2024-04-05 4:15,-34.18558
2024-04-05 4:30,-33.79116
2024-04-05 4:45,-33.90965
2024-04-05 5:00,-32.13664
2024-04-05 5:15,-31.09196
2024-04-05 5:30,-32.03463
2024-04-05 5:45,-33.17859
2024-04-05 6:00,-33.14361
2024-04-05 6:15,-32.82173
2024-04-05 6:30,-33.18996
2024-04-05 6:45,-28.39053
2024-04-05 7:00,-23.17225
2024-04-05 7:15,-14.63287
2024-04-05 7:30,-8.60905
2024-04-05 7:45,-10.77182
2024-04-05 8:00,-27.41605
2024-04-05 8:15,-26.53026
2024-04-05 8:30,-31.96791
2024-04-05 8:45,-41.02446
2024-04-05 9:00,-28.04855
2024-04-05 9:15,-37.68799
2024-04-05 9:30,-34.08462
2024-04-05 9:45,4.43784
2024-04-05 10:00,1.44522
2024-04-05 10:15,32.49509
2024-04-05 10:30,56.5917
2024-04-05 10:45,56.1197
2024-04-05 11:00,34.39478
2024-04-05 11:15,38.08922
2024-04-05 11:30,46.95801
2024-04-05 11:45,48.64612
2024-04-05 12:00,56.12205
2024-04-05 12:15,59.32274
2024-04-05 12:30,61.33232
2024-04-05 12:45,43.839
2024-04-05 13:00,35.96573
2024-04-05 13:15,35.76166
2024-04-05 13:30,35.41317
2024-04-05 13:45,33.64181
2024-04-05 14:00,36.72313
2024-04-05 14:15,34.16327
2024-04-05 14:30,35.33107
2024-04-05 14:45,33.63582
2024-04-05 15:00,33.66186
2024-04-05 15:15,35.75352
2024-04-05 15:30,36.16041
2024-04-05 15:45,36.70905
2024-04-05 16:00,36.02747
2024-04-05 16:15,34.62451
2024-04-05 16:30,36.86811
2024-04-05 16:45,33.44399
2024-04-05 17:00,35.72547
2024-04-05 17:15,37.41036
2024-04-05 17:30,35.20677
2024-04-05 17:45,34.6166
2024-04-05 18:00,35.43555
2024-04-05 18:15,36.4029
2024-04-05 18:30,37.14813
2024-04-05 18:45,36.01742
2024-04-05 19:00,40.58194
2024-04-05 19:15,40.82418
2024-04-05 19:30,42.5626
2024-04-05 19:45,41.64918
2024-04-05 20:00,41.56584
2024-04-05 20:15,43.59954
2024-04-05 20:30,50.4079
2024-04-05 20:45,57.18841
2024-04-05 21:00,40.91266
2024-04-05 21:15,44.19879
2024-04-05 21:30,58.6707
2024-04-05 21:45,66.22999
2024-04-05 22:00,57.83884
2024-04-05 22:15,58.02405
2024-04-05 22:30,68.35969
2024-04-05 22:45,65.60896
2024-04-05 23:00,67.2152
2024-04-05 23:15,32.17878
2024-04-05 23:30,26.35784
2024-04-05 23:45,9.24405
2024-04-06 0:00,-0.08362
2024-04-06 0:15,-7.4598
2024-04-06 0:30,-15.94325
2024-04-06 0:45,-20.63151
2024-04-06 1:00,-6.53157
2024-04-06 1:15,-7.25361
2024-04-06 1:30,-16.56477
2024-04-06 1:45,-13.05812
2024-04-06 2:00,-7.91713
2024-04-06 2:15,-14.89606
2024-04-06 2:30,-19.09639
2024-04-06 2:45,-26.38846
2024-04-06 3:00,-24.05175
2024-04-06 3:15,-20.13395
2024-04-06 3:30,-22.54419
2024-04-06 3:45,-26.45182
2024-04-06 4:00,-19.15429
2024-04-06 4:15,-28.02289
2024-04-06 4:30,-32.82585
2024-04-06 4:45,-28.29951
2024-04-06 5:00,-35.94711
2024-04-06 5:15,-36.64732
2024-04-06 5:30,-36.17023
2024-04-06 5:45,-34.19054
2024-04-06 6:00,-24.79127
2024-04-06 6:15,-24.36274
2024-04-06 6:30,-23.5306
2024-04-06 6:45,-24.65551
2024-04-06 7:00,-36.27824
2024-04-06 7:15,-36.07553
2024-04-06 7:30,-35.88126
2024-04-06 7:45,-24.39975
2024-04-06 8:00,-33.98266
2024-04-06 8:15,-34.76202
2024-04-06 8:30,-28.33673
2024-04-06 8:45,-30.84449
2024-04-06 9:00,-23.29416
2024-04-06 9:15,-6.18511
2024-04-06 9:30,2.49339
2024-04-06 9:45,10.4715
2024-04-06 10:00,10.59387
2024-04-06 10:15,26.26993
2024-04-06 10:30,35.28623
2024-04-06 10:45,35.2478
2024-04-06 11:00,27.26634
2024-04-06 11:15,25.6797
2024-04-06 11:30,33.58012
2024-04-06 11:45,34.90475
2024-04-06 12:00,31.03533
2024-04-06 12:15,27.34851
2024-04-06 12:30,30.19624
2024-04-06 12:45,30.16774
2024-04-06 13:00,31.07815
2024-04-06 13:15,29.73826
2024-04-06 13:30,29.08958
2024-04-06 13:45,28.91836
2024-04-06 14:00,26.04396
2024-04-06 14:15,25.20587
2024-04-06 14:30,23.46469
2024-04-06 14:45,25.69732
2024-04-06 15:00,28.86509
2024-04-06 15:15,27.14244
2024-04-06 15:30,29.63372
2024-04-06 15:45,33.08162
2024-04-06 16:00,35.52293
2024-04-06 16:15,33.97505
2024-04-06 16:30,32.91561
2024-04-06 16:45,31.74245
2024-04-06 17:00,31.98963
2024-04-06 17:15,31.8633
2024-04-06 17:30,29.31489
2024-04-06 17:45,29.43083
2024-04-06 18:00,31.75857
2024-04-06 18:15,33.19016
2024-04-06 18:30,32.84658
2024-04-06 18:45,33.09354
2024-04-06 19:00,32.48731
2024-04-06 19:15,32.58531
2024-04-06 19:30,32.12253
2024-04-06 19:45,32.39631
2024-04-06 20:00,31.74555
2024-04-06 20:15,33.42003
2024-04-06 20:30,37.47596
2024-04-06 20:45,45.41151
2024-04-06 21:00,45.05544
2024-04-06 21:15,50.15776
2024-04-06 21:30,54.22626
2024-04-06 21:45,61.22652
2024-04-06 22:00,54.95152
2024-04-06 22:15,60.62274
2024-04-06 22:30,66.80879
2024-04-06 22:45,61.24716
2024-04-06 23:00,51.85176
2024-04-06 23:15,22.36229
2024-04-06 23:30,-5.25745
2024-04-06 23:45,-32.54606
2024-04-07 0:00,-30.39656
2024-04-07 0:15,-42.68921
2024-04-07 0:30,-48.93043
2024-04-07 0:45,-54.23621
2024-04-07 1:00,-53.79986
2024-04-07 1:15,-57.45968
2024-04-07 1:30,-62.25383
2024-04-07 1:45,-62.94926
2024-04-07 2:00,-63.00426
2024-04-07 2:15,-63.87942
2024-04-07 2:30,-63.68422
2024-04-07 2:45,-64.94234
2024-04-07 3:00,-57.85366
2024-04-07 3:15,-57.77223
2024-04-07 3:30,-58.08495
2024-04-07 3:45,-59.07357
2024-04-07 4:00,-58.24767
2024-04-07 4:15,-58.36424
2024-04-07 4:30,-58.85501
2024-04-07 4:45,-58.21655
2024-04-07 5:00,-55.05126
2024-04-07 5:15,-60.60682
2024-04-07 5:30,-55.73471
2024-04-07 5:45,-57.02414
2024-04-07 6:00,-56.21165
2024-04-07 6:15,-62.05382
2024-04-07 6:30,-63.96321
2024-04-07 6:45,-65.7516
2024-04-07 7:00,-62.28402
2024-04-07 7:15,-61.87408
2024-04-07 7:30,-62.86249
2024-04-07 7:45,-63.30832
2024-04-07 8:00,-65.99949
2024-04-07 8:15,-64.86656
2024-04-07 8:30,-62.84187
2024-04-07 8:45,-62.04737
2024-04-07 9:00,-64.65074
2024-04-07 9:15,-57.20986
2024-04-07 9:30,-37.14982
2024-04-07 9:45,-12.67484
2024-04-07 10:00,-9.8988
2024-04-07 10:15,9.92829
2024-04-07 10:30,30.7492
2024-04-07 10:45,41.69594
2024-04-07 11:00,29.62386
2024-04-07 11:15,36.1348
2024-04-07 11:30,37.8172
2024-04-07 11:45,37.42222
2024-04-07 12:00,39.83221
2024-04-07 12:15,40.78036
2024-04-07 12:30,39.96315
2024-04-07 12:45,39.18693
2024-04-07 13:00,41.71221
2024-04-07 13:15,42.173
2024-04-07 13:30,40.0899
2024-04-07 13:45,35.85585
2024-04-07 14:00,30.76827
2024-04-07 14:15,28.13132
2024-04-07 14:30,30.42909
2024-04-07 14:45,30.74907
2024-04-07 15:00,30.84819
2024-04-07 15:15,31.78908
2024-04-07 15:30,35.23233
2024-04-07 15:45,34.07274
2024-04-07 16:00,36.7768
2024-04-07 16:15,34.5804
2024-04-07 16:30,34.63002
2024-04-07 16:45,32.08352
2024-04-07 17:00,32.4615
2024-04-07 17:15,32.95706
2024-04-07 17:30,31.29987
2024-04-07 17:45,30.29685
2024-04-07 18:00,31.12098
2024-04-07 18:15,32.40179
2024-04-07 18:30,30.36789
2024-04-07 18:45,30.95045
2024-04-07 19:00,30.9848
2024-04-07 19:15,29.96699
2024-04-07 19:30,29.97892
2024-04-07 19:45,29.9132
2024-04-07 20:00,30.19401
2024-04-07 20:15,30.51581
2024-04-07 20:30,31.00685
2024-04-07 20:45,30.9974
2024-04-07 21:00,30.53989
2024-04-07 21:15,30.31518
2024-04-07 21:30,31.60189
2024-04-07 21:45,33.41847
2024-04-07 22:00,30.26157
2024-04-07 22:15,29.84097
2024-04-07 22:30,30.16337
2024-04-07 22:45,26.25855
2024-04-07 23:00,26.57048
2024-04-07 23:15,6.54037
2024-04-07 23:30,-9.15801
2024-04-07 23:45,-35.26008
2024-04-08 0:00,-21.54387
2024-04-08 0:15,-40.46017
2024-04-08 0:30,-45.15417
2024-04-08 0:45,-48.07853
2024-04-08 1:00,-45.01796
2024-04-08 1:15,-45.66527
2024-04-08 1:30,-51.21212
2024-04-08 1:45,-52.92528
2024-04-08 2:00,-56.66481
2024-04-08 2:15,-58.59499
2024-04-08 2:30,-63.10382
2024-04-08 2:45,-68.39862
2024-04-08 3:00,-65.85423
2024-04-08 3:15,-65.25076
2024-04-08 3:30,-65.28424
2024-04-08 3:45,-65.48303
2024-04-08 4:00,-64.19877
2024-04-08 4:15,-64.31459
2024-04-08 4:30,-65.78151
2024-04-08 4:45,-66.47641
2024-04-08 5:00,-60.42977
2024-04-08 5:15,-59.14125
2024-04-08 5:30,-60.84213
2024-04-08 5:45,-62.27695
2024-04-08 6:00,-61.78078
2024-04-08 6:15,-61.91408
2024-04-08 6:30,-62.28279
2024-04-08 6:45,-68.10532
2024-04-08 7:00,-69.071
2024-04-08 7:15,-67.81752
2024-04-08 7:30,-59.61255
2024-04-08 7:45,-61.7154
2024-04-08 8:00,-63.04992
2024-04-08 8:15,-59.3257
2024-04-08 8:30,-57.6544
2024-04-08 8:45,-57.55384
2024-04-08 9:00,-57.65288
2024-04-08 9:15,-54.4316
2024-04-08 9:30,-36.83797
2024-04-08 9:45,-14.98108
2024-04-08 10:00,3.32419
2024-04-08 10:15,12.13932
2024-04-08 10:30,27.36175
2024-04-08 10:45,39.40732
2024-04-08 11:00,27.77881
2024-04-08 11:15,29.19101
2024-04-08 11:30,30.70614
2024-04-08 11:45,33.59386
2024-04-08 12:00,33.97736
2024-04-08 12:15,33.87503
2024-04-08 12:30,30.67003
2024-04-08 12:45,29.11024
2024-04-08 13:00,29.90052
2024-04-08 13:15,30.00617
2024-04-08 13:30,29.56932
2024-04-08 13:45,28.30832
2024-04-08 14:00,28.98319
2024-04-08 14:15,26.75718
2024-04-08 14:30,26.69549
2024-04-08 14:45,26.69394
2024-04-08 15:00,28.18748
2024-04-08 15:15,26.5447
2024-04-08 15:30,28.04453
2024-04-08 15:45,27.13788
2024-04-08 16:00,30.36701
2024-04-08 16:15,29.26956
2024-04-08 16:30,29.25302
2024-04-08 16:45,28.77344
2024-04-08 17:00,29.12596
2024-04-08 17:15,28.93639
2024-04-08 17:30,29.35145
2024-04-08 17:45,28.99927
2024-04-08 18:00,30.48353
2024-04-08 18:15,29.30909
2024-04-08 18:30,29.21132
2024-04-08 18:45,28.93177
2024-04-08 19:00,27.74027
2024-04-08 19:15,27.70826
2024-04-08 19:30,29.39025
2024-04-08 19:45,29.02888
2024-04-08 20:00,28.38659
2024-04-08 20:15,30.63093
2024-04-08 20:30,33.76487
2024-04-08 20:45,39.51077
2024-04-08 21:00,31.63513
2024-04-08 21:15,39.32361
2024-04-08 21:30,44.29589
2024-04-08 21:45,58.09989
2024-04-08 22:00,54.43362
2024-04-08 22:15,61.17339
2024-04-08 22:30,67.68606
2024-04-08 22:45,56.65022
2024-04-08 23:00,81.01127
2024-04-08 23:15,60.92095
2024-04-08 23:30,29.4501
2024-04-08 23:45,16.34471
2024-04-09 0:00,18.41563
2024-04-09 0:15,-7.99075
2024-04-09 0:30,-11.2491
2024-04-09 0:45,-21.06332
2024-04-09 1:00,-40.8622
2024-04-09 1:15,-45.87903
2024-04-09 1:30,-48.43702
2024-04-09 1:45,-47.71318
2024-04-09 2:00,-51.477
2024-04-09 2:15,-45.55274
2024-04-09 2:30,-15.81438
2024-04-09 2:45,-0.1533
2024-04-09 3:00,5.9805
2024-04-09 3:15,4.94429
2024-04-09 3:30,-8.60737
2024-04-09 3:45,-30.49719
2024-04-09 4:00,-31.12744
2024-04-09 4:15,-43.22904
2024-04-09 4:30,-44.99565
2024-04-09 4:45,-50.59812
2024-04-09 5:00,-51.24436
2024-04-09 5:15,-52.30435
2024-04-09 5:30,-52.96726
2024-04-09 5:45,-52.39087
2024-04-09 6:00,-53.02427
2024-04-09 6:15,-51.81908
2024-04-09 6:30,-50.58775
2024-04-09 6:45,-50.45953
2024-04-09 7:00,-50.94775
2024-04-09 7:15,-48.16451
2024-04-09 7:30,-47.60352
2024-04-09 7:45,-47.29214
2024-04-09 8:00,-43.60741
2024-04-09 8:15,-45.17584
2024-04-09 8:30,-40.23105
2024-04-09 8:45,-24.75204
2024-04-09 9:00,-41.04325
2024-04-09 9:15,-30.81436
2024-04-09 9:30,-7.05712
2024-04-09 9:45,17.15295
2024-04-09 10:00,9.66513
2024-04-09 10:15,20.63384
2024-04-09 10:30,36.51742
2024-04-09 10:45,51.77302
2024-04-09 11:00,30.30024
2024-04-09 11:15,31.01961
2024-04-09 11:30,32.81324
2024-04-09 11:45,34.0143
2024-04-09 12:00,34.03994
2024-04-09 12:15,33.60063
2024-04-09 12:30,31.60215
2024-04-09 12:45,30.15537
2024-04-09 13:00,30.39232
2024-04-09 13:15,29.30798
2024-04-09 13:30,29.11406
2024-04-09 13:45,27.97202
2024-04-09 14:00,30.4801
2024-04-09 14:15,29.13782
2024-04-09 14:30,29.04769
2024-04-09 14:45,29.32669
2024-04-09 15:00,30.24658
2024-04-09 15:15,30.27461
2024-04-09 15:30,30.19079
2024-04-09 15:45,27.89925
2024-04-09 16:00,29.91057
2024-04-09 16:15,29.21182
2024-04-09 16:30,29.30856
2024-04-09 16:45,28.94293
2024-04-09 17:00,31.38804
2024-04-09 17:15,32.19379
2024-04-09 17:30,29.28839
2024-04-09 17:45,28.97595
2024-04-09 18:00,30.64345
2024-04-09 18:15,29.91586
2024-04-09 18:30,30.24615
2024-04-09 18:45,30.65299
2024-04-09 19:00,32.25603
2024-04-09 19:15,32.31188
2024-04-09 19:30,32.4606
2024-04-09 19:45,32.4605
2024-04-09 20:00,27.12802
2024-04-09 20:15,28.72846
2024-04-09 20:30,29.75512
2024-04-09 20:45,29.18821
2024-04-09 21:00,27.2188
2024-04-09 21:15,28.9294
2024-04-09 21:30,31.73524
2024-04-09 21:45,32.34829
2024-04-09 22:00,35.3454
2024-04-09 22:15,41.14932
2024-04-09 22:30,39.99587
2024-04-09 22:45,34.48439
2024-04-09 23:00,37.39928
2024-04-09 23:15,24.74992
2024-04-09 23:30,-0.27781
2024-04-09 23:45,-30.26867
2024-04-10 0:00,-21.4842
2024-04-10 0:15,-23.10286
2024-04-10 0:30,-41.29266
2024-04-10 0:45,-43.42258
2024-04-10 1:00,-33.59761
2024-04-10 1:15,-39.25492
2024-04-10 1:30,-36.16896
2024-04-10 1:45,-44.12852
2024-04-10 2:00,-43.41631
2024-04-10 2:15,-43.89702
2024-04-10 2:30,-44.27552
2024-04-10 2:45,-50.39735
2024-04-10 3:00,-44.89
2024-04-10 3:15,-45.06422
2024-04-10 3:30,-45.22846
2024-04-10 3:45,-45.06092
2024-04-10 4:00,-43.76125
2024-04-10 4:15,-43.89316
2024-04-10 4:30,-45.62542
2024-04-10 4:45,-47.65555
2024-04-10 5:00,-43.88262
2024-04-10 5:15,-44.4405
2024-04-10 5:30,-46.54632
2024-04-10 5:45,-49.68806
2024-04-10 6:00,-49.22148
2024-04-10 6:15,-47.65497
2024-04-10 6:30,-47.42783
2024-04-10 6:45,-46.34914
2024-04-10 7:00,-44.3568
2024-04-10 7:15,-42.20247
2024-04-10 7:30,-41.94896
2024-04-10 7:45,-38.57415
2024-04-10 8:00,-35.47936
2024-04-10 8:15,-28.34767
2024-04-10 8:30,-19.25805
2024-04-10 8:45,-17.40767
2024-04-10 9:00,-27.81432
2024-04-10 9:15,-14.81367
2024-04-10 9:30,8.27752
2024-04-10 9:45,26.61368
2024-04-10 10:00,11.13106
2024-04-10 10:15,27.20517
2024-04-10 10:30,44.11985
2024-04-10 10:45,67.29356
2024-04-10 11:00,36.30268
2024-04-10 11:15,40.49218
2024-04-10 11:30,40.5178
2024-04-10 11:45,40.1634
2024-04-10 12:00,38.81585
2024-04-10 12:15,37.09908
2024-04-10 12:30,36.46034
2024-04-10 12:45,34.26305
2024-04-10 13:00,38.20751
2024-04-10 13:15,37.58232
2024-04-10 13:30,35.68418
2024-04-10 13:45,31.85539
2024-04-10 14:00,30.75898
2024-04-10 14:15,29.07487
2024-04-10 14:30,29.23295
2024-04-10 14:45,28.8401
2024-04-10 15:00,31.56936
2024-04-10 15:15,30.11228
2024-04-10 15:30,31.43727
2024-04-10 15:45,31.60323
2024-04-10 16:00,47.84932
2024-04-10 16:15,42.78319
2024-04-10 16:30,43.33411
2024-04-10 16:45,38.49854
2024-04-10 17:00,44.70012
2024-04-10 17:15,43.36114
2024-04-10 17:30,44.57709
2024-04-10 17:45,41.36509
2024-04-10 18:00,40.64826
2024-04-10 18:15,40.04048
2024-04-10 18:30,37.5204
2024-04-10 18:45,40.89141
2024-04-10 19:00,41.36146
2024-04-10 19:15,40.12775
2024-04-10 19:30,39.57349
2024-04-10 19:45,39.80399
2024-04-10 20:00,41.26274
2024-04-10 20:15,41.68929
2024-04-10 20:30,41.03095
2024-04-10 20:45,42.98925
2024-04-10 21:00,32.04122
2024-04-10 21:15,35.28264
2024-04-10 21:30,46.96191
2024-04-10 21:45,57.57468
2024-04-10 22:00,60.12709
2024-04-10 22:15,66.55195
2024-04-10 22:30,67.44875
2024-04-10 22:45,55.43507
2024-04-10 23:00,55.24429
2024-04-10 23:15,59.56844
2024-04-10 23:30,16.31929
2024-04-10 23:45,-14.02351
2024-04-11 0:00,-15.10544
2024-04-11 0:15,-20.65223
2024-04-11 0:30,-25.76338
2024-04-11 0:45,-28.61351
2024-04-11 1:00,-28.57224
2024-04-11 1:15,-30.70956
2024-04-11 1:30,-29.34696
2024-04-11 1:45,-36.42279
2024-04-11 2:00,-30.94143
2024-04-11 2:15,-36.5241
2024-04-11 2:30,-36.52754
2024-04-11 2:45,-40.15461
2024-04-11 3:00,-33.42512
2024-04-11 3:15,-30.85519
2024-04-11 3:30,-30.96965
2024-04-11 3:45,-36.50369
2024-04-11 4:00,-27.86389
2024-04-11 4:15,-28.90496
2024-04-11 4:30,-29.14711
2024-04-11 4:45,-28.06302
2024-04-11 5:00,-25.21068
2024-04-11 5:15,-21.39412
2024-04-11 5:30,-23.17122
2024-04-11 5:45,-23.3526
2024-04-11 6:00,-17.3878
2024-04-11 6:15,-17.06999
2024-04-11 6:30,-12.27173
2024-04-11 6:45,-6.80914
2024-04-11 7:00,-5.10802
2024-04-11 7:15,-3.34384
2024-04-11 7:30,4.05948
2024-04-11 7:45,10.30458
2024-04-11 8:00,-5.4277
2024-04-11 8:15,-0.62589
2024-04-11 8:30,5.40582
2024-04-11 8:45,12.47779
2024-04-11 9:00,0.41423
2024-04-11 9:15,4.19521
2024-04-11 9:30,21.40783
2024-04-11 9:45,49.90384
2024-04-11 10:00,25.82668
2024-04-11 10:15,36.94193
2024-04-11 10:30,52.43229
2024-04-11 10:45,67.60483
2024-04-11 11:00,54.11217
2024-04-11 11:15,58.18344
2024-04-11 11:30,62.27857
2024-04-11 11:45,61.08668
2024-04-11 12:00,57.09336
2024-04-11 12:15,57.70972
2024-04-11 12:30,54.51996
2024-04-11 12:45,52.16973
2024-04-11 13:00,57.0612
2024-04-11 13:15,57.2
2024-04-11 13:30,54.44
2024-04-11 13:45,54.9988
2024-04-11 14:00,55.92391
2024-04-11 14:15,52.25559
2024-04-11 14:30,51.47918
2024-04-11 14:45,41.86294
2024-04-11 15:00,52.13403
2024-04-11 15:15,56.3154
2024-04-11 15:30,51.88564
2024-04-11 15:45,50.47182
2024-04-11 16:00,52.78137
2024-04-11 16:15,51.69626
2024-04-11 16:30,49.24472
2024-04-11 16:45,45.65867
2024-04-11 17:00,38.18484
2024-04-11 17:15,37.89706
2024-04-11 17:30,37.12772
2024-04-11 17:45,30.80115
2024-04-11 18:00,38.2176
2024-04-11 18:15,35.19839
2024-04-11 18:30,34.09893
2024-04-11 18:45,33.43282
2024-04-11 19:00,35.09477
2024-04-11 19:15,36.13931
2024-04-11 19:30,36.9914
2024-04-11 19:45,35.28578
2024-04-11 20:00,34.73992
2024-04-11 20:15,37.78426
2024-04-11 20:30,41.15693
2024-04-11 20:45,41.42005
2024-04-11 21:00,46.71441
2024-04-11 21:15,56.44
2024-04-11 21:30,57.01106
2024-04-11 21:45,68.91735
2024-04-11 22:00,60.81743
2024-04-11 22:15,68.2058
2024-04-11 22:30,75.8231
2024-04-11 22:45,55.53943
2024-04-11 23:00,57.78488
2024-04-11 23:15,37.533
2024-04-11 23:30,19.43884
2024-04-11 23:45,-14.83116
2024-04-12 0:00,13.84822
2024-04-12 0:15,-19.69907
2024-04-12 0:30,-27.29374
2024-04-12 0:45,-30.16647
2024-04-12 1:00,-20.87312
2024-04-12 1:15,-22.6801
2024-04-12 1:30,-23.86611
2024-04-12 1:45,-21.07855
2024-04-12 2:00,-21.23861
2024-04-12 2:15,-21.92559
2024-04-12 2:30,-21.24402
2024-04-12 2:45,-21.25148
2024-04-12 3:00,-18.86713
2024-04-12 3:15,-19.20527
2024-04-12 3:30,-16.90795
2024-04-12 3:45,-21.0046
2024-04-12 4:00,-19.62255
2024-04-12 4:15,-15.52904
2024-04-12 4:30,-18.73611
2024-04-12 4:45,-18.62324
2024-04-12 5:00,-15.78332
2024-04-12 5:15,-14.94167
2024-04-12 5:30,-10.49727
2024-04-12 5:45,-10.70745
2024-04-12 6:00,-11.41061
2024-04-12 6:15,-10.80866
2024-04-12 6:30,-10.48729
2024-04-12 6:45,-0.76445
2024-04-12 7:00,-3.14184
2024-04-12 7:15,-0.68941
2024-04-12 7:30,2.54528
2024-04-12 7:45,4.42186
2024-04-12 8:00,-0.54418
2024-04-12 8:15,3.08264
2024-04-12 8:30,12.26867
2024-04-12 8:45,14.76053
2024-04-12 9:00,3.14011
2024-04-12 9:15,6.27092
2024-04-12 9:30,24.09792
2024-04-12 9:45,37.76855
2024-04-12 10:00,28.60017
2024-04-12 10:15,40.90477
2024-04-12 10:30,57.73817
2024-04-12 10:45,75.80918
2024-04-12 11:00,66.36384
2024-04-12 11:15,70.18224
2024-04-12 11:30,70.3712
2024-04-12 11:45,69.14976
2024-04-12 12:00,71.59729
2024-04-12 12:15,71.89281
2024-04-12 12:30,70.57656
2024-04-12 12:45,59.70111
2024-04-12 13:00,61.23407
2024-04-12 13:15,56.00125
2024-04-12 13:30,54.6831
2024-04-12 13:45,53.4024
2024-04-12 14:00,56.06739
2024-04-12 14:15,54.0044
2024-04-12 14:30,50.4427
2024-04-12 14:45,41.71333
2024-04-12 15:00,53.48196
2024-04-12 15:15,46.57234
2024-04-12 15:30,44.92563
2024-04-12 15:45,46.30246
2024-04-12 16:00,46.20828
2024-04-12 16:15,43.12794
2024-04-12 16:30,39.31743
2024-04-12 16:45,36.14256
2024-04-12 17:00,45.15603
2024-04-12 17:15,42.01258
2024-04-12 17:30,40.18098
2024-04-12 17:45,35.38901
2024-04-12 18:00,42.87981
2024-04-12 18:15,44.82527
2024-04-12 18:30,43.122
2024-04-12 18:45,43.78431
2024-04-12 19:00,46.42843
2024-04-12 19:15,46.01265
2024-04-12 19:30,49.64214
2024-04-12 19:45,46.00611
2024-04-12 20:00,38.91815
2024-04-12 20:15,39.91093
2024-04-12 20:30,48.87681
2024-04-12 20:45,54.60475
2024-04-12 21:00,43.17254
2024-04-12 21:15,48.82158
2024-04-12 21:30,54.92874
2024-04-12 21:45,65.81836
2024-04-12 22:00,59.8673
2024-04-12 22:15,61.8141
2024-04-12 22:30,69.52364
2024-04-12 22:45,53.41828
2024-04-12 23:00,54.53687
2024-04-12 23:15,38.91366
2024-04-12 23:30,24.85435
2024-04-12 23:45,15.59208
2024-04-13 0:00,20.16734
2024-04-13 0:15,11.83704
2024-04-13 0:30,-1.87575
2024-04-13 0:45,-7.2784
2024-04-13 1:00,9.58661
2024-04-13 1:15,-0.26194
2024-04-13 1:30,-9.23478
2024-04-13 1:45,-7.83104
2024-04-13 2:00,13.8192
2024-04-13 2:15,-7.12625
2024-04-13 2:30,-12.5389
2024-04-13 2:45,-17.84955
2024-04-13 3:00,-9.02914
2024-04-13 3:15,-0.79485
2024-04-13 3:30,-17.35418
2024-04-13 3:45,-18.40457
2024-04-13 4:00,-13.12915
2024-04-13 4:15,-14.17018
2024-04-13 4:30,-15.58944
2024-04-13 4:45,-21.56039
2024-04-13 5:00,-20.92872
2024-04-13 5:15,-19.82679
2024-04-13 5:30,-19.69358
2024-04-13 5:45,-22.05607
2024-04-13 6:00,-20.41151
2024-04-13 6:15,-22.06674
2024-04-13 6:30,-22.82693
2024-04-13 6:45,-22.36709
2024-04-13 7:00,-21.27117
2024-04-13 7:15,-17.72724
2024-04-13 7:30,-17.33325
2024-04-13 7:45,-15.03515
2024-04-13 8:00,-16.65963
2024-04-13 8:15,-17.40222
2024-04-13 8:30,-15.1176
2024-04-13 8:45,-13.73883
2024-04-13 9:00,-15.05487
2024-04-13 9:15,-14.625
2024-04-13 9:30,6.48626
2024-04-13 9:45,31.414
2024-04-13 10:00,15.17017
2024-04-13 10:15,33.51222
2024-04-13 10:30,49.02727
2024-04-13 10:45,62.60908
2024-04-13 11:00,49.20601
2024-04-13 11:15,56.25961
2024-04-13 11:30,57.3007
2024-04-13 11:45,56.42172
2024-04-13 12:00,57.49687
2024-04-13 12:15,57.44086
2024-04-13 12:30,54.98973
2024-04-13 12:45,51.76734
2024-04-13 13:00,53.8125
2024-04-13 13:15,55.61389
2024-04-13 13:30,57.78661
2024-04-13 13:45,60.92745
2024-04-13 14:00,60.63271
2024-04-13 14:15,56.38945
2024-04-13 14:30,54.11589
2024-04-13 14:45,44.85855
2024-04-13 15:00,53.77387
2024-04-13 15:15,50.88641
2024-04-13 15:30,47.70006
2024-04-13 15:45,39.20938
2024-04-13 16:00,38.97115
2024-04-13 16:15,37.6475
2024-04-13 16:30,37.99021
2024-04-13 16:45,39.29146
2024-04-13 17:00,43.08963
2024-04-13 17:15,38.73743
2024-04-13 17:30,38.69183
2024-04-13 17:45,35.65474
2024-04-13 18:00,35.77403
2024-04-13 18:15,35.32786
2024-04-13 18:30,34.18912
2024-04-13 18:45,34.40835
2024-04-13 19:00,31.84266
2024-04-13 19:15,35.69764
2024-04-13 19:30,34.34926
2024-04-13 19:45,34.32512
2024-04-13 20:00,35.67404
2024-04-13 20:15,35.80169
2024-04-13 20:30,35.82441
2024-04-13 20:45,37.36523
2024-04-13 21:00,34.16505
2024-04-13 21:15,34.14403
2024-04-13 21:30,34.30842
2024-04-13 21:45,41.09447
2024-04-13 22:00,34.3256
2024-04-13 22:15,34.09135
2024-04-13 22:30,32.0953
2024-04-13 22:45,27.75341
2024-04-13 23:00,29.60528
2024-04-13 23:15,26.88925
2024-04-13 23:30,-0.44229
2024-04-13 23:45,-13.53998
2024-04-14 0:00,-6.14419
2024-04-14 0:15,-10.45151
2024-04-14 0:30,-23.54965
2024-04-14 0:45,-30.07938
2024-04-14 1:00,-23.13046
2024-04-14 1:15,-21.62
2024-04-14 1:30,-21.22161
2024-04-14 1:45,-32.65843
2024-04-14 2:00,-31.08739
2024-04-14 2:15,-31.87358
2024-04-14 2:30,-31.82626
2024-04-14 2:45,-32.20864
2024-04-14 3:00,-30.29906
2024-04-14 3:15,-30.39221
2024-04-14 3:30,-31.352
2024-04-14 3:45,-33.39334
2024-04-14 4:00,-31.1929
2024-04-14 4:15,-31.18013
2024-04-14 4:30,-32.29435
2024-04-14 4:45,-32.65805
2024-04-14 5:00,-30.59347
2024-04-14 5:15,-30.48468
2024-04-14 5:30,-30.33532
2024-04-14 5:45,-30.25302
2024-04-14 6:00,-27.97181
2024-04-14 6:15,-26.81827
2024-04-14 6:30,-28.77724
2024-04-14 6:45,-23.66621
2024-04-14 7:00,-26.03897
2024-04-14 7:15,-26.49573
2024-04-14 7:30,-15.38114
2024-04-14 7:45,-6.18801
2024-04-14 8:00,-21.16657
2024-04-14 8:15,-11.0226
2024-04-14 8:30,-1.19632
2024-04-14 8:45,0.01947
2024-04-14 9:00,-10.36886
2024-04-14 9:15,3.42982
2024-04-14 9:30,8.74752
2024-04-14 9:45,37.65259
2024-04-14 10:00,30.14139
2024-04-14 10:15,33.68
2024-04-14 10:30,40.52223
2024-04-14 10:45,46.60135
2024-04-14 11:00,37.14347
2024-04-14 11:15,38.1492
2024-04-14 11:30,40.96176
2024-04-14 11:45,41.10432
2024-04-14 12:00,39.92441
2024-04-14 12:15,39.92994
2024-04-14 12:30,40.47295
2024-04-14 12:45,38.10557
2024-04-14 13:00,31.61013
2024-04-14 13:15,30.33961
2024-04-14 13:30,29.69537
2024-04-14 13:45,29.78652
2024-04-14 14:00,32.53514
2024-04-14 14:15,30.62573
2024-04-14 14:30,29.11994
2024-04-14 14:45,29.02576
2024-04-14 15:00,29.67707
2024-04-14 15:15,29.39387
2024-04-14 15:30,29.63149
2024-04-14 15:45,26.70882
2024-04-14 16:00,35.52623
2024-04-14 16:15,35.35949
2024-04-14 16:30,35.28736
2024-04-14 16:45,35.3274
2024-04-14 17:00,38.72058
2024-04-14 17:15,38.21447
2024-04-14 17:30,38.19341
2024-04-14 17:45,36.28921
2024-04-14 18:00,36.084
2024-04-14 18:15,36.48342
2024-04-14 18:30,35.96433
2024-04-14 18:45,36.20843
2024-04-14 19:00,36.0047
2024-04-14 19:15,35.99934
2024-04-14 19:30,35.79487
2024-04-14 19:45,35.42085
2024-04-14 20:00,32.73309
2024-04-14 20:15,34.02057
2024-04-14 20:30,35.41084
2024-04-14 20:45,38.72436
2024-04-14 21:00,30.04274
2024-04-14 21:15,29.92098
2024-04-14 21:30,33.1891
2024-04-14 21:45,38.13291
2024-04-14 22:00,38.61917
2024-04-14 22:15,40.24869
2024-04-14 22:30,40.56237
2024-04-14 22:45,31.14487
2024-04-14 23:00,31.6132
2024-04-14 23:15,24.53966
2024-04-14 23:30,-6.31349
2024-04-14 23:45,-13.29619
2024-04-15 0:00,-5.49335
2024-04-15 0:15,-5.93208
2024-04-15 0:30,-10.89724
2024-04-15 0:45,-11.73596
2024-04-15 1:00,-5.00298
2024-04-15 1:15,-4.55943
2024-04-15 1:30,-9.19899
2024-04-15 1:45,-11.79637
2024-04-15 2:00,-10.24928
2024-04-15 2:15,-10.53436
2024-04-15 2:30,-11.25279
2024-04-15 2:45,-14.28478
2024-04-15 3:00,-8.4344
2024-04-15 3:15,-6.39926
2024-04-15 3:30,-8.05279
2024-04-15 3:45,-8.53935
2024-04-15 4:00,-5.47563
2024-04-15 4:15,-5.31016
2024-04-15 4:30,-8.75865
2024-04-15 4:45,-8.11834
2024-04-15 5:00,-7.2442
2024-04-15 5:15,-10.11961
2024-04-15 5:30,-10.52572
2024-04-15 5:45,-10.65099
2024-04-15 6:00,-7.22455
2024-04-15 6:15,-10.23079
2024-04-15 6:30,-10.61025
2024-04-15 6:45,-10.91998
2024-04-15 7:00,-7.39874
2024-04-15 7:15,-8.0366
2024-04-15 7:30,-8.04927
2024-04-15 7:45,-9.80249
2024-04-15 8:00,-11.6711
2024-04-15 8:15,-7.31174
2024-04-15 8:30,-10.27595
2024-04-15 8:45,-7.87795
2024-04-15 9:00,-15.21681
2024-04-15 9:15,-4.52668
2024-04-15 9:30,3.16774
2024-04-15 9:45,24.78685
2024-04-15 10:00,24.51148
2024-04-15 10:15,31.27871
2024-04-15 10:30,41.52454
2024-04-15 10:45,52.27217
2024-04-15 11:00,35.77963
2024-04-15 11:15,37.07325
2024-04-15 11:30,43.98733
2024-04-15 11:45,43.63305
2024-04-15 12:00,43.78556
2024-04-15 12:15,46.39464
2024-04-15 12:30,43.47655
2024-04-15 12:45,36.71561
2024-04-15 13:00,43.62213
2024-04-15 13:15,43.08282
2024-04-15 13:30,38.47661
2024-04-15 13:45,37.90823
2024-04-15 14:00,38.1036
2024-04-15 14:15,30.63608
2024-04-15 14:30,30.41462
2024-04-15 14:45,28.24864
2024-04-15 15:00,28.71257
2024-04-15 15:15,28.27828
2024-04-15 15:30,30.27398
2024-04-15 15:45,28.15891
2024-04-15 16:00,30.05117
2024-04-15 16:15,27.89714
2024-04-15 16:30,26.80414
2024-04-15 16:45,24.45697
2024-04-15 17:00,27.71434
2024-04-15 17:15,28.45198
2024-04-15 17:30,27.37231
2024-04-15 17:45,28.02651
2024-04-15 18:00,27.20229
2024-04-15 18:15,24.85687
2024-04-15 18:30,23.83072
2024-04-15 18:45,23.77297
2024-04-15 19:00,24.28055
2024-04-15 19:15,24.56673
2024-04-15 19:30,26.07789
2024-04-15 19:45,27.82
2024-04-15 20:00,27.19778
2024-04-15 20:15,28.64218
2024-04-15 20:30,29.82108
2024-04-15 20:45,34.96848
2024-04-15 21:00,32.78349
2024-04-15 21:15,38.14452
2024-04-15 21:30,49.65394
2024-04-15 21:45,54.94505
2024-04-15 22:00,47.8312
2024-04-15 22:15,49.5912
2024-04-15 22:30,46.0636
2024-04-15 22:45,34.9812
2024-04-15 23:00,31.74225
2024-04-15 23:15,12.08275
2024-04-15 23:30,-3.44891
2024-04-15 23:45,-18.43248
2024-04-16 0:00,-12.12745
2024-04-16 0:15,-27.44091
2024-04-16 0:30,-42.87091
2024-04-16 0:45,-42.78995
2024-04-16 1:00,-30.63663
2024-04-16 1:15,-35.89679
2024-04-16 1:30,-42.30561
2024-04-16 1:45,-43.67163
2024-04-16 2:00,-36.36602
2024-04-16 2:15,-32.24202
2024-04-16 2:30,-40.84646
2024-04-16 2:45,-39.54923
2024-04-16 3:00,-39.17336
2024-04-16 3:15,-39.10124
2024-04-16 3:30,-40.38788
2024-04-16 3:45,-38.12815
2024-04-16 4:00,-40.3546
2024-04-16 4:15,-40.37958
2024-04-16 4:30,-42.52154
2024-04-16 4:45,-43.79399
2024-04-16 5:00,-45.01793
2024-04-16 5:15,-44.54023
2024-04-16 5:30,-47.16968
2024-04-16 5:45,-43.82772
2024-04-16 6:00,-48.25775
2024-04-16 6:15,-46.95581
2024-04-16 6:30,-50.38998
2024-04-16 6:45,-51.02629
2024-04-16 7:00,-45.97626
2024-04-16 7:15,-48.56101
2024-04-16 7:30,-47.65341
2024-04-16 7:45,-48.34877
2024-04-16 8:00,-49.87956
2024-04-16 8:15,-47.34445
2024-04-16 8:30,-45.74596
2024-04-16 8:45,-40.41096
2024-04-16 9:00,-46.59911
2024-04-16 9:15,-38.79913
2024-04-16 9:30,-11.81028
2024-04-16 9:45,10.00599
2024-04-16 10:00,5.16305
2024-04-16 10:15,18.82279
2024-04-16 10:30,35.36395
2024-04-16 10:45,44.65069
2024-04-16 11:00,29.34983
2024-04-16 11:15,31.82326
2024-04-16 11:30,32.31073
2024-04-16 11:45,36.10205
2024-04-16 12:00,33.10708
2024-04-16 12:15,33.6816
2024-04-16 12:30,32.64306
2024-04-16 12:45,31.34899
2024-04-16 13:00,31.64137
2024-04-16 13:15,30.36472
2024-04-16 13:30,31.27705
2024-04-16 13:45,29.99711
2024-04-16 14:00,30.95259
2024-04-16 14:15,28.67152
2024-04-16 14:30,29.45615
2024-04-16 14:45,29.7072
2024-04-16 15:00,30.19119
2024-04-16 15:15,29.19984
2024-04-16 15:30,31.1809
2024-04-16 15:45,33.01552
2024-04-16 16:00,39.02425
2024-04-16 16:15,35.51208
2024-04-16 16:30,34.72568
2024-04-16 16:45,29.4959
2024-04-16 17:00,32.29581
2024-04-16 17:15,29.13675
2024-04-16 17:30,28.23154
2024-04-16 17:45,25.0948
2024-04-16 18:00,26.59815
2024-04-16 18:15,28.11422
2024-04-16 18:30,28.11137
2024-04-16 18:45,28.0999
2024-04-16 19:00,28.39782
2024-04-16 19:15,30.06046
2024-04-16 19:30,32.16987
2024-04-16 19:45,34.51457
2024-04-16 20:00,29.93403
2024-04-16 20:15,35.09869
2024-04-16 20:30,39.18608
2024-04-16 20:45,35.77194
2024-04-16 21:00,25.08652
2024-04-16 21:15,28.67104
2024-04-16 21:30,35.0136
2024-04-16 21:45,42.12407
2024-04-16 22:00,41.61474
2024-04-16 22:15,43.32803
2024-04-16 22:30,41.03139
2024-04-16 22:45,30.61529
2024-04-16 23:00,41.36361
2024-04-16 23:15,31.07291
2024-04-16 23:30,8.75897
2024-04-16 23:45,-12.18398
2024-04-17 0:00,-9.80192
2024-04-17 0:15,-20.72595
2024-04-17 0:30,-35.67043
2024-04-17 0:45,-41.06736
2024-04-17 1:00,-27.26248
2024-04-17 1:15,-36.33268
2024-04-17 1:30,-39.14044
2024-04-17 1:45,-45.71436
2024-04-17 2:00,-36.93256
2024-04-17 2:15,-40.45307
2024-04-17 2:30,-44.41139
2024-04-17 2:45,-45.42563
2024-04-17 3:00,-43.86048
2024-04-17 3:15,-43.78172
2024-04-17 3:30,-45.24689
2024-04-17 3:45,-44.53738
2024-04-17 4:00,-44.85678
2024-04-17 4:15,-44.92176
2024-04-17 4:30,-45.77037
2024-04-17 4:45,-45.55196
2024-04-17 5:00,-46.12598
2024-04-17 5:15,-45.35645
2024-04-17 5:30,-46.16459
2024-04-17 5:45,-45.72809
2024-04-17 6:00,-45.71778
2024-04-17 6:15,-45.87028
2024-04-17 6:30,-45.85082
2024-04-17 6:45,-45.91794
2024-04-17 7:00,-45.27427
2024-04-17 7:15,-44.78751
2024-04-17 7:30,-43.43275
2024-04-17 7:45,-37.6886
2024-04-17 8:00,-42.2558
2024-04-17 8:15,-41.3132
2024-04-17 8:30,-33.49289
2024-04-17 8:45,-31.4525
2024-04-17 9:00,-34.24868
2024-04-17 9:15,-14.08632
2024-04-17 9:30,5.32216
2024-04-17 9:45,20.53921
2024-04-17 10:00,6.89799
2024-04-17 10:15,22.37742
2024-04-17 10:30,33.70831
2024-04-17 10:45,63.26993
2024-04-17 11:00,30.45048
2024-04-17 11:15,30.98788
2024-04-17 11:30,36.84766
2024-04-17 11:45,35.58708
2024-04-17 12:00,38.29239
2024-04-17 12:15,36.40133
2024-04-17 12:30,34.99548
2024-04-17 12:45,31.23709
2024-04-17 13:00,35.87231
2024-04-17 13:15,34.81231
2024-04-17 13:30,35.7395
2024-04-17 13:45,35.60178
2024-04-17 14:00,30.93405
2024-04-17 14:15,29.47708
2024-04-17 14:30,28.49843
2024-04-17 14:45,28.45724
2024-04-17 15:00,30.7507
2024-04-17 15:15,28.25362
2024-04-17 15:30,27.56365
2024-04-17 15:45,24.3199
2024-04-17 16:00,32.5157
2024-04-17 16:15,30.86632
2024-04-17 16:30,29.06545
2024-04-17 16:45,26.45909
2024-04-17 17:00,34.68209
2024-04-17 17:15,32.38889
2024-04-17 17:30,28.16909
2024-04-17 17:45,27.25984
2024-04-17 18:00,31.27798
2024-04-17 18:15,32.19058
2024-04-17 18:30,29.3878
2024-04-17 18:45,27.46849
2024-04-17 19:00,27.36365
2024-04-17 19:15,27.40463
2024-04-17 19:30,29.39279
2024-04-17 19:45,29.57558
2024-04-17 20:00,30.49057
2024-04-17 20:15,33.77047
2024-04-17 20:30,36.97227
2024-04-17 20:45,38.78637
2024-04-17 21:00,29.24399
2024-04-17 21:15,33.82648
2024-04-17 21:30,45.35423
2024-04-17 21:45,54.90526
2024-04-17 22:00,45.09199
2024-04-17 22:15,48.7781
2024-04-17 22:30,52.5836
2024-04-17 22:45,47.42648
2024-04-17 23:00,45.29821
2024-04-17 23:15,47.45974
2024-04-17 23:30,45.96485
2024-04-17 23:45,39.2762
2024-04-18 0:00,47.62463
2024-04-18 0:15,49.58873
2024-04-18 0:30,34.76636
2024-04-18 0:45,44.036
2024-04-18 1:00,33.38334
2024-04-18 1:15,8.83683
2024-04-18 1:30,14.5074
2024-04-18 1:45,0.1417
2024-04-18 2:00,9.54023
2024-04-18 2:15,-30.15859
2024-04-18 2:30,-31.12754
2024-04-18 2:45,-30.01995
2024-04-18 3:00,-29.27631
2024-04-18 3:15,-30.95818
2024-04-18 3:30,-30.98046
2024-04-18 3:45,-30.29367
2024-04-18 4:00,-27.43815
2024-04-18 4:15,-27.52876
2024-04-18 4:30,-26.17481
2024-04-18 4:45,-28.31405
2024-04-18 5:00,-27.98761
2024-04-18 5:15,-28.65321
2024-04-18 5:30,-27.84143
2024-04-18 5:45,-23.75579
2024-04-18 6:00,-21.87658
2024-04-18 6:15,-21.87658
2024-04-18 6:30,-29.13377
2024-04-18 6:45,-30.1696
2024-04-18 7:00,-32.29889
2024-04-18 7:15,-34.5594
2024-04-18 7:30,-31.64467
2024-04-18 7:45,-30.18206
2024-04-18 8:00,-41.63554
2024-04-18 8:15,-41.49886
2024-04-18 8:30,-28.40548
2024-04-18 8:45,-28.01576
2024-04-18 9:00,-42.55417
2024-04-18 9:15,-40.59963
2024-04-18 9:30,-20.09464
2024-04-18 9:45,-2.72403
2024-04-18 10:00,6.34065
2024-04-18 10:15,9.29717
2024-04-18 10:30,26.25595
2024-04-18 10:45,43.73081
2024-04-18 11:00,32.65533
2024-04-18 11:15,40.78814
2024-04-18 11:30,43.90141
2024-04-18 11:45,43.00919
2024-04-18 12:00,44.19066
2024-04-18 12:15,42.65995
2024-04-18 12:30,41.67833
2024-04-18 12:45,38.1234
2024-04-18 13:00,42.56202
2024-04-18 13:15,42.73174
2024-04-18 13:30,38.13361
2024-04-18 13:45,33.83006
2024-04-18 14:00,34.20958
2024-04-18 14:15,31.73252
2024-04-18 14:30,29.59902
2024-04-18 14:45,27.48276
2024-04-18 15:00,47.6671
2024-04-18 15:15,40.28445
2024-04-18 15:30,34.31549
2024-04-18 15:45,34.89186
2024-04-18 16:00,35.96718
2024-04-18 16:15,33.14148
2024-04-18 16:30,30.43123
2024-04-18 16:45,30.26236
2024-04-18 17:00,42.66757
2024-04-18 17:15,43.42783
2024-04-18 17:30,41.12749
2024-04-18 17:45,33.86251
2024-04-18 18:00,33.9231
2024-04-18 18:15,33.2043
2024-04-18 18:30,33.91887
2024-04-18 18:45,33.67142
2024-04-18 19:00,33.3634
2024-04-18 19:15,33.79289
2024-04-18 19:30,33.14227
2024-04-18 19:45,33.19587
2024-04-18 20:00,45.78895
2024-04-18 20:15,47.40317
2024-04-18 20:30,47.3937
2024-04-18 20:45,45.28818
2024-04-18 21:00,30.50687
2024-04-18 21:15,31.12028
2024-04-18 21:30,33.29808
2024-04-18 21:45,39.59242
2024-04-18 22:00,31.8764
2024-04-18 22:15,34.69003
2024-04-18 22:30,34.83046
2024-04-18 22:45,30.01653
2024-04-18 23:00,42.0837
2024-04-18 23:15,38.53014
2024-04-18 23:30,28.83318
2024-04-18 23:45,13.77734
2024-04-19 0:00,22.89835
2024-04-19 0:15,0.82101
2024-04-19 0:30,1.02842
2024-04-19 0:45,8.31498
2024-04-19 1:00,15.34023
2024-04-19 1:15,20.59347
2024-04-19 1:30,9.60402
2024-04-19 1:45,-0.65814
2024-04-19 2:00,6.98777
2024-04-19 2:15,7.09496
2024-04-19 2:30,9.21321
2024-04-19 2:45,3.9098
2024-04-19 3:00,10.39695
2024-04-19 3:15,5.59539
2024-04-19 3:30,5.58476
2024-04-19 3:45,3.25428
2024-04-19 4:00,-2.05976
2024-04-19 4:15,-2.56264
2024-04-19 4:30,-2.89911
2024-04-19 4:45,-4.41571
2024-04-19 5:00,-2.31834
2024-04-19 5:15,-1.90804
2024-04-19 5:30,-3.06116
2024-04-19 5:45,-2.70945
2024-04-19 6:00,-5.10545
2024-04-19 6:15,-4.9874
2024-04-19 6:30,-5.77192
2024-04-19 6:45,-7.87703
2024-04-19 7:00,-10.85565
2024-04-19 7:15,-9.78652
2024-04-19 7:30,-9.95414
2024-04-19 7:45,-10.70755
2024-04-19 8:00,-14.6158
2024-04-19 8:15,-11.79838
2024-04-19 8:30,-4.36368
2024-04-19 8:45,-2.33532
2024-04-19 9:00,-15.37744
2024-04-19 9:15,-8.15389
2024-04-19 9:30,-6.08303
2024-04-19 9:45,5.73969
2024-04-19 10:00,4.87088
2024-04-19 10:15,13.27791
2024-04-19 10:30,28.8542
2024-04-19 10:45,45.70237
2024-04-19 11:00,34.45846
2024-04-19 11:15,35.94394
2024-04-19 11:30,39.90659
2024-04-19 11:45,38.25502
2024-04-19 12:00,39.10662
2024-04-19 12:15,36.28773
2024-04-19 12:30,33.48676
2024-04-19 12:45,29.07001
2024-04-19 13:00,30.68311
2024-04-19 13:15,30.35974
2024-04-19 13:30,28.83181
2024-04-19 13:45,28.33388
2024-04-19 14:00,28.73644
2024-04-19 14:15,27.54063
2024-04-19 14:30,27.23746
2024-04-19 14:45,25.52175
2024-04-19 15:00,26.52755
2024-04-19 15:15,26.55274
2024-04-19 15:30,23.92692
2024-04-19 15:45,22.0867
2024-04-19 16:00,35.17378
2024-04-19 16:15,31.44268
2024-04-19 16:30,31.99561
2024-04-19 16:45,31.97254
2024-04-19 17:00,34.24135
2024-04-19 17:15,33.8547
2024-04-19 17:30,35.07234
2024-04-19 17:45,36.34008
2024-04-19 18:00,29.63678
2024-04-19 18:15,29.59847
2024-04-19 18:30,29.59842
2024-04-19 18:45,27.67305
2024-04-19 19:00,32.48419
2024-04-19 19:15,31.68194
2024-04-19 19:30,31.90746
2024-04-19 19:45,31.8124
2024-04-19 20:00,31.62147
2024-04-19 20:15,31.90707
2024-04-19 20:30,32.4159
2024-04-19 20:45,34.17553
2024-04-19 21:00,28.70865
2024-04-19 21:15,29.94289
2024-04-19 21:30,31.49139
2024-04-19 21:45,32.90771
2024-04-19 22:00,30.99087
2024-04-19 22:15,31.01607
2024-04-19 22:30,38.48517
2024-04-19 22:45,39.50734
2024-04-19 23:00,39.77437
2024-04-19 23:15,36.70792
2024-04-19 23:30,21.76511
2024-04-19 23:45,10.9706
2024-04-20 0:00,28.38725
2024-04-20 0:15,22.61456
2024-04-20 0:30,4.6752
2024-04-20 0:45,2.00035
2024-04-20 1:00,-0.01934
2024-04-20 1:15,23.73569
2024-04-20 1:30,4.96697
2024-04-20 1:45,-7.71056
2024-04-20 2:00,-16.22478
2024-04-20 2:15,-16.22381
2024-04-20 2:30,-16.19411
2024-04-20 2:45,-18.11278
2024-04-20 3:00,-3.17312
2024-04-20 3:15,-7.7045
2024-04-20 3:30,-7.71685
2024-04-20 3:45,-12.32701
2024-04-20 4:00,-11.51889
2024-04-20 4:15,-12.75302
2024-04-20 4:30,-12.74344
2024-04-20 4:45,-10.54112
2024-04-20 5:00,-11.90675
2024-04-20 5:15,-9.85473
2024-04-20 5:30,-10.67351
2024-04-20 5:45,-13.05454
2024-04-20 6:00,-14.11977
2024-04-20 6:15,-15.97042
2024-04-20 6:30,-15.49181
2024-04-20 6:45,-11.51976
2024-04-20 7:00,-18.52149
2024-04-20 7:15,-18.27538
2024-04-20 7:30,-18.09719
2024-04-20 7:45,-16.01988
2024-04-20 8:00,-17.0203
2024-04-20 8:15,-14.29336
2024-04-20 8:30,-7.00994
2024-04-20 8:45,-2.75646
2024-04-20 9:00,-13.92017
2024-04-20 9:15,-6.86638
2024-04-20 9:30,6.30024
2024-04-20 9:45,22.57957
2024-04-20 10:00,11.04375
2024-04-20 10:15,25.20558
2024-04-20 10:30,35.97947
2024-04-20 10:45,62.4813
2024-04-20 11:00,41.064
2024-04-20 11:15,48.22184
2024-04-20 11:30,47.73027
2024-04-20 11:45,40.35683
2024-04-20 12:00,40.22
2024-04-20 12:15,50.67996
2024-04-20 12:30,44.46915
2024-04-20 12:45,34.88786
2024-04-20 13:00,34.13321
2024-04-20 13:15,33.67292
2024-04-20 13:30,35.35449
2024-04-20 13:45,33.19993
2024-04-20 14:00,34.59699
2024-04-20 14:15,30.30534
2024-04-20 14:30,30.19787
2024-04-20 14:45,30.43566
2024-04-20 15:00,32.82614
2024-04-20 15:15,32.08219
2024-04-20 15:30,30.16358
2024-04-20 15:45,30.07528
2024-04-20 16:00,30.04417
2024-04-20 16:15,28.49119
2024-04-20 16:30,27.46483
2024-04-20 16:45,27.58103
2024-04-20 17:00,29.04894
2024-04-20 17:15,27.95288
2024-04-20 17:30,25.193
2024-04-20 17:45,24.41631
2024-04-20 18:00,28.23058
2024-04-20 18:15,26.64172
2024-04-20 18:30,27.7579
2024-04-20 18:45,25.28333
2024-04-20 19:00,27.8134
2024-04-20 19:15,26.21487
2024-04-20 19:30,26.20442
2024-04-20 19:45,27.32196
2024-04-20 20:00,24.7718
2024-04-20 20:15,27.68472
2024-04-20 20:30,27.58744
2024-04-20 20:45,27.74911
2024-04-20 21:00,30.03701
2024-04-20 21:15,30.21902
2024-04-20 21:30,30.36889
2024-04-20 21:45,34.14782
2024-04-20 22:00,37.73736
2024-04-20 22:15,34.98611
2024-04-20 22:30,32.61179
2024-04-20 22:45,23.42976
2024-04-20 23:00,24.48139
2024-04-20 23:15,9.45847
2024-04-20 23:30,-9.49594
2024-04-20 23:45,-16.57214
2024-04-21 0:00,-27.61012
2024-04-21 0:15,-39.98919
2024-04-21 0:30,-40.9094
2024-04-21 0:45,-42.51264
2024-04-21 1:00,-25.81584
2024-04-21 1:15,-24.32171
2024-04-21 1:30,-27.07154
2024-04-21 1:45,-23.00929
2024-04-21 2:00,-16.54838
2024-04-21 2:15,-16.39373
2024-04-21 2:30,-15.85
2024-04-21 2:45,-16.12515
2024-04-21 3:00,-16.25773
2024-04-21 3:15,-17.66068
2024-04-21 3:30,-18.95518
2024-04-21 3:45,-18.72535
2024-04-21 4:00,-16.89299
2024-04-21 4:15,-18.65999
2024-04-21 4:30,-17.75913
2024-04-21 4:45,-19.8968
2024-04-21 5:00,-17.04982
2024-04-21 5:15,-17.48106
2024-04-21 5:30,-18.40569
2024-04-21 5:45,-16.49355
2024-04-21 6:00,-18.70299
2024-04-21 6:15,-15.54886
2024-04-21 6:30,-15.39967
2024-04-21 6:45,-15.3684
2024-04-21 7:00,-14.43954
2024-04-21 7:15,-19.09327
2024-04-21 7:30,-12.93712
2024-04-21 7:45,-2.92419
2024-04-21 8:00,-15.38903
2024-04-21 8:15,-12.2053
2024-04-21 8:30,-10.30361
2024-04-21 8:45,12.5414
2024-04-21 9:00,-3.05056
2024-04-21 9:15,30.06386
2024-04-21 9:30,36.64354
2024-04-21 9:45,34.58942
2024-04-21 10:00,16.95006
2024-04-21 10:15,28.229
2024-04-21 10:30,30.16093
2024-04-21 10:45,38.81834
2024-04-21 11:00,35.33742
2024-04-21 11:15,38.46998
2024-04-21 11:30,37.49242
2024-04-21 11:45,41.56619
2024-04-21 12:00,33.38121
2024-04-21 12:15,32.24523
2024-04-21 12:30,30.99975
2024-04-21 12:45,28.63267
2024-04-21 13:00,29.11139
2024-04-21 13:15,29.4665
2024-04-21 13:30,30.74241
2024-04-21 13:45,28.75206
2024-04-21 14:00,31.62925
2024-04-21 14:15,30.33248
2024-04-21 14:30,31.19719
2024-04-21 14:45,29.91687
2024-04-21 15:00,30.36006
2024-04-21 15:15,30.05762
2024-04-21 15:30,30.06857
2024-04-21 15:45,30.04006
2024-04-21 16:00,29.0625
2024-04-21 16:15,27.49571
2024-04-21 16:30,29.82047
2024-04-21 16:45,29.92269
2024-04-21 17:00,28.67152
2024-04-21 17:15,28.1115
2024-04-21 17:30,29.44554
2024-04-21 17:45,29.53825
2024-04-21 18:00,30.00998
2024-04-21 18:15,29.91023
2024-04-21 18:30,29.78407
2024-04-21 18:45,29.69493
2024-04-21 19:00,25.20638
2024-04-21 19:15,26.03648
2024-04-21 19:30,27.72324
2024-04-21 19:45,26.15151
2024-04-21 20:00,27.69806
2024-04-21 20:15,28.0352
2024-04-21 20:30,29.69493
2024-04-21 20:45,28.8288
2024-04-21 21:00,27.69494
2024-04-21 21:15,27.82074
2024-04-21 21:30,30.8488
2024-04-21 21:45,32.8012
2024-04-21 22:00,30.81528
2024-04-21 22:15,31.2029
2024-04-21 22:30,28.55672
2024-04-21 22:45,11.29293
2024-04-21 23:00,13.47346
2024-04-21 23:15,2.24689
2024-04-21 23:30,-25.1975
2024-04-21 23:45,-34.23589
2024-04-22 0:00,-26.74022
2024-04-22 0:15,-29.84455
2024-04-22 0:30,-34.35236
2024-04-22 0:45,-33.42357
2024-04-22 1:00,-35.06066
2024-04-22 1:15,-31.15453
2024-04-22 1:30,-29.94823
2024-04-22 1:45,-34.29535
2024-04-22 2:00,-29.02545
2024-04-22 2:15,-30.42413
2024-04-22 2:30,-36.4335
2024-04-22 2:45,-40.66971
2024-04-22 3:00,-39.26893
2024-04-22 3:15,-42.86361
2024-04-22 3:30,-44.4952
2024-04-22 3:45,-45.13874
2024-04-22 4:00,-41.45431
2024-04-22 4:15,-37.70191
2024-04-22 4:30,-41.13574
2024-04-22 4:45,-37.36472
2024-04-22 5:00,-37.97652
2024-04-22 5:15,-40.90844
2024-04-22 5:30,-40.34664
2024-04-22 5:45,-34.96861
2024-04-22 6:00,-33.80479
2024-04-22 6:15,-33.78313
2024-04-22 6:30,-29.70217
2024-04-22 6:45,-21.58176
2024-04-22 7:00,-20.25892
2024-04-22 7:15,-20.62775
2024-04-22 7:30,-12.38978
2024-04-22 7:45,-12.7509
2024-04-22 8:00,-21.7252
2024-04-22 8:15,-10.61869
2024-04-22 8:30,-5.21521
2024-04-22 8:45,-6.77417
2024-04-22 9:00,-7.54791
2024-04-22 9:15,-3.41061
2024-04-22 9:30,12.72157
2024-04-22 9:45,30.30859
2024-04-22 10:00,7.09379
2024-04-22 10:15,26.96076
2024-04-22 10:30,34.55165
2024-04-22 10:45,54.66686
2024-04-22 11:00,29.23766
2024-04-22 11:15,37.47001
2024-04-22 11:30,43.65198
2024-04-22 11:45,50.77626
2024-04-22 12:00,42.00269
2024-04-22 12:15,42.78351
2024-04-22 12:30,41.82125
2024-04-22 12:45,39.47836
2024-04-22 13:00,42.24682
2024-04-22 13:15,44.71594
2024-04-22 13:30,39.31301
2024-04-22 13:45,41.25781
2024-04-22 14:00,39.74105
2024-04-22 14:15,43.69407
2024-04-22 14:30,42.80529
2024-04-22 14:45,37.22792
2024-04-22 15:00,37.23381
2024-04-22 15:15,37.89948
2024-04-22 15:30,34.05648
2024-04-22 15:45,32.92595
2024-04-22 16:00,35.29999
2024-04-22 16:15,34.68437
2024-04-22 16:30,34.22392
2024-04-22 16:45,33.3472
2024-04-22 17:00,35.11256
2024-04-22 17:15,34.88896
2024-04-22 17:30,33.99127
2024-04-22 17:45,34.83972
2024-04-22 18:00,36.27835
2024-04-22 18:15,35.35227
2024-04-22 18:30,35.19575
2024-04-22 18:45,36.5213
2024-04-22 19:00,37.14835
2024-04-22 19:15,36.74864
2024-04-22 19:30,37.24568
2024-04-22 19:45,35.83484
2024-04-22 20:00,35.16394
2024-04-22 20:15,35.63782
2024-04-22 20:30,37.24314
2024-04-22 20:45,41.0757
2024-04-22 21:00,31.29376
2024-04-22 21:15,35.51744
2024-04-22 21:30,46.39015
2024-04-22 21:45,55.99625
2024-04-22 22:00,51.47494
2024-04-22 22:15,56.09362
2024-04-22 22:30,37.4482
2024-04-22 22:45,39.29753
2024-04-22 23:00,28.38423
2024-04-22 23:15,21.96888
2024-04-22 23:30,14.73737
2024-04-22 23:45,-33.8493
2024-04-23 0:00,-29.11322
2024-04-23 0:15,-31.10677
2024-04-23 0:30,-33.13952
2024-04-23 0:45,-32.13768
2024-04-23 1:00,-31.7643
2024-04-23 1:15,-33.17918
2024-04-23 1:30,-29.00133
2024-04-23 1:45,-22.74344
2024-04-23 2:00,-10.04743
2024-04-23 2:15,-11.83789
2024-04-23 2:30,-10.24681
2024-04-23 2:45,-6.46402
2024-04-23 3:00,2.04092
2024-04-23 3:15,2.04848
2024-04-23 3:30,1.02821
2024-04-23 3:45,-2.80569
2024-04-23 4:00,-1.45634
2024-04-23 4:15,-2.60374
2024-04-23 4:30,0.31942
2024-04-23 4:45,3.0118
2024-04-23 5:00,4.878
2024-04-23 5:15,7.45232
2024-04-23 5:30,2.44987
2024-04-23 5:45,1.53611
2024-04-23 6:00,-0.89323
2024-04-23 6:15,0.41248
2024-04-23 6:30,0.79382
2024-04-23 6:45,-2.52965
2024-04-23 7:00,-1.9315
2024-04-23 7:15,0.70207
2024-04-23 7:30,4.22903
2024-04-23 7:45,1.49087
2024-04-23 8:00,10.77091
2024-04-23 8:15,-0.84764
2024-04-23 8:30,7.05665
2024-04-23 8:45,10.87925
2024-04-23 9:00,1.23201
2024-04-23 9:15,9.80188
2024-04-23 9:30,32.16102
2024-04-23 9:45,46.20613
2024-04-23 10:00,27.84414
2024-04-23 10:15,34.51185
2024-04-23 10:30,50.7434
2024-04-23 10:45,67.14388
2024-04-23 11:00,47.94186
2024-04-23 11:15,51.33837
2024-04-23 11:30,51.90019
2024-04-23 11:45,53.49224
2024-04-23 12:00,52.67915
2024-04-23 12:15,52.62798
2024-04-23 12:30,50.05456
2024-04-23 12:45,46.02507
2024-04-23 13:00,46.21544
2024-04-23 13:15,46.34856
2024-04-23 13:30,44.15891
2024-04-23 13:45,40.75637
2024-04-23 14:00,48.17382
2024-04-23 14:15,42.19739
2024-04-23 14:30,40.67307
2024-04-23 14:45,36.31255
2024-04-23 15:00,38.12977
2024-04-23 15:15,34.81574
2024-04-23 15:30,34.72242
2024-04-23 15:45,33.06767
2024-04-23 16:00,35.32925
2024-04-23 16:15,36.12599
2024-04-23 16:30,34.37785
2024-04-23 16:45,33.1616
2024-04-23 17:00,38.74307
2024-04-23 17:15,37.19545
2024-04-23 17:30,34.31047
2024-04-23 17:45,33.13119
2024-04-23 18:00,33.72652
2024-04-23 18:15,33.23681
2024-04-23 18:30,32.7543
2024-04-23 18:45,31.98072
2024-04-23 19:00,32.73737
2024-04-23 19:15,32.20397
2024-04-23 19:30,32.6065
2024-04-23 19:45,31.49056
2024-04-23 20:00,28.18383
2024-04-23 20:15,31.53516
2024-04-23 20:30,35.27857
2024-04-23 20:45,35.80249
2024-04-23 21:00,31.64193
2024-04-23 21:15,33.33402
2024-04-23 21:30,50.2803
2024-04-23 21:45,46.76635
2024-04-23 22:00,42.59002
2024-04-23 22:15,45.84396
2024-04-23 22:30,40.46745
2024-04-23 22:45,31.44633
2024-04-23 23:00,31.11994
2024-04-23 23:15,33.75039
2024-04-23 23:30,16.15583
2024-04-23 23:45,13.89278
2024-04-24 0:00,34.61625
2024-04-24 0:15,25.79612
2024-04-24 0:30,15.47862
2024-04-24 0:45,11.39013
2024-04-24 1:00,0.92069
2024-04-24 1:15,-6.22958
2024-04-24 1:30,-9.95223
2024-04-24 1:45,-12.75207
2024-04-24 2:00,-3.97599
2024-04-24 2:15,0.17287
2024-04-24 2:30,-0.00671
2024-04-24 2:45,1.33469
2024-04-24 3:00,1.94956
2024-04-24 3:15,0.89351
2024-04-24 3:30,-9.37394
2024-04-24 3:45,-8.05271
2024-04-24 4:00,-6.18927
2024-04-24 4:15,-6.53283
2024-04-24 4:30,-9.99895
2024-04-24 4:45,-9.182
2024-04-24 5:00,-8.46537
2024-04-24 5:15,-8.92015
2024-04-24 5:30,-9.0897
2024-04-24 5:45,-5.40177
2024-04-24 6:00,-7.34138
2024-04-24 6:15,-8.00027
2024-04-24 6:30,-7.67238
2024-04-24 6:45,-8.23214
2024-04-24 7:00,-6.40415
2024-04-24 7:15,-8.64492
2024-04-24 7:30,-0.96278
2024-04-24 7:45,8.00884
2024-04-24 8:00,25.06642
2024-04-24 8:15,40.19641
2024-04-24 8:30,26.69987
2024-04-24 8:45,27.87872
2024-04-24 9:00,30.76255
2024-04-24 9:15,41.73456
2024-04-24 9:30,51.1156
2024-04-24 9:45,52.82179
2024-04-24 10:00,15.96783
2024-04-24 10:15,28.11214
2024-04-24 10:30,44.60313
2024-04-24 10:45,57.48986
2024-04-24 11:00,45.92309
2024-04-24 11:15,51.72214
2024-04-24 11:30,57.14853
2024-04-24 11:45,57.15842
2024-04-24 12:00,47.80701
2024-04-24 12:15,47.69676
2024-04-24 12:30,47.14607
2024-04-24 12:45,46.82814
2024-04-24 13:00,44.91086
2024-04-24 13:15,44.49498
2024-04-24 13:30,45.84027
2024-04-24 13:45,45.06932
2024-04-24 14:00,44.5095
2024-04-24 14:15,41.22058
2024-04-24 14:30,40.83333
2024-04-24 14:45,38.7663
2024-04-24 15:00,39.25038
2024-04-24 15:15,38.78328
2024-04-24 15:30,36.97849
2024-04-24 15:45,35.06667
2024-04-24 16:00,37.81467
2024-04-24 16:15,35.37486
2024-04-24 16:30,37.83802
2024-04-24 16:45,28.31293
2024-04-24 17:00,34.89049
2024-04-24 17:15,29.93141
2024-04-24 17:30,28.34655
2024-04-24 17:45,27.49186
2024-04-24 18:00,29.44858
2024-04-24 18:15,31.60631
2024-04-24 18:30,30.73144
2024-04-24 18:45,24.9724
2024-04-24 19:00,27.46962
2024-04-24 19:15,26.49738
2024-04-24 19:30,27.1857
2024-04-24 19:45,27.67312
2024-04-24 20:00,24.14403
2024-04-24 20:15,24.7489
2024-04-24 20:30,27.60923
2024-04-24 20:45,29.1529
2024-04-24 21:00,24.54651
2024-04-24 21:15,28.20386
2024-04-24 21:30,38.26282
2024-04-24 21:45,45.04794
2024-04-24 22:00,45.49658
2024-04-24 22:15,48.27903
2024-04-24 22:30,45.12259
2024-04-24 22:45,43.01028
2024-04-24 23:00,36.68806
2024-04-24 23:15,35.80192
2024-04-24 23:30,27.64485
2024-04-24 23:45,30.02079
2024-04-25 0:00,47.87451
2024-04-25 0:15,48.32032
2024-04-25 0:30,45.37363
2024-04-25 0:45,51.70784
2024-04-25 1:00,57.30556
2024-04-25 1:15,57.2467
2024-04-25 1:30,48.3357
2024-04-25 1:45,19.45353
2024-04-25 2:00,3.27529
2024-04-25 2:15,3.28364
2024-04-25 2:30,1.87617
2024-04-25 2:45,-4.41247
2024-04-25 3:00,0.94516
2024-04-25 3:15,-1.59194
2024-04-25 3:30,-2.04577
2024-04-25 3:45,-5.9235
2024-04-25 4:00,-1.88551
2024-04-25 4:15,-1.819
2024-04-25 4:30,-11.52969
2024-04-25 4:45,-11.22103
2024-04-25 5:00,-13.81491
2024-04-25 5:15,-16.70861
2024-04-25 5:30,-14.88521
2024-04-25 5:45,-12.62495
2024-04-25 6:00,-16.91691
2024-04-25 6:15,-19.6648
2024-04-25 6:30,-17.5964
2024-04-25 6:45,-13.10301
2024-04-25 7:00,-10.54659
2024-04-25 7:15,-10.57524
2024-04-25 7:30,-9.13806
2024-04-25 7:45,-11.49678
2024-04-25 8:00,-6.46491
2024-04-25 8:15,-5.99976
2024-04-25 8:30,-4.72398
2024-04-25 8:45,33.02521
2024-04-25 9:00,14.8043
2024-04-25 9:15,25.02412
2024-04-25 9:30,43.78121
2024-04-25 9:45,44.90275
2024-04-25 10:00,9.33998
2024-04-25 10:15,18.12462
2024-04-25 10:30,37.61101
2024-04-25 10:45,59.38512
2024-04-25 11:00,36.22339
2024-04-25 11:15,41.40866
2024-04-25 11:30,41.45
2024-04-25 11:45,41.75211
2024-04-25 12:00,42.67484
2024-04-25 12:15,45.23223
2024-04-25 12:30,41.46425
2024-04-25 12:45,40.90196
2024-04-25 13:00,41.04789
2024-04-25 13:15,39.73601
2024-04-25 13:30,38.07909
2024-04-25 13:45,35.63554
2024-04-25 14:00,35.19871
2024-04-25 14:15,34.39562
2024-04-25 14:30,33.41672
2024-04-25 14:45,32.24437
2024-04-25 15:00,33.28483
2024-04-25 15:15,33.58599
2024-04-25 15:30,32.60104
2024-04-25 15:45,31.13615
2024-04-25 16:00,30.49623
2024-04-25 16:15,30.07242
2024-04-25 16:30,29.46077
2024-04-25 16:45,28.01476
2024-04-25 17:00,28.75078
2024-04-25 17:15,27.26238
2024-04-25 17:30,24.66209
2024-04-25 17:45,22.91805
2024-04-25 18:00,25.51646
2024-04-25 18:15,25.62827
2024-04-25 18:30,26.27959
2024-04-25 18:45,26.30525
2024-04-25 19:00,27.0872
2024-04-25 19:15,26.89313
2024-04-25 19:30,27.5357
2024-04-25 19:45,25.94336
2024-04-25 20:00,24.05723
2024-04-25 20:15,25.05858
2024-04-25 20:30,26.32779
2024-04-25 20:45,27.91404
2024-04-25 21:00,25.55688
2024-04-25 21:15,30.51096
2024-04-25 21:30,38.79262
2024-04-25 21:45,42.74122
2024-04-25 22:00,42.11504
2024-04-25 22:15,46.94813
2024-04-25 22:30,39.34221
2024-04-25 22:45,31.65596
2024-04-25 23:00,32.31
2024-04-25 23:15,33.04587
2024-04-25 23:30,32.55846
2024-04-25 23:45,46.44415
2024-04-26 0:00,41.82673
2024-04-26 0:15,37.85595
2024-04-26 0:30,38.38242
2024-04-26 0:45,38.38542
2024-04-26 1:00,52.97711
2024-04-26 1:15,52.97575
2024-04-26 1:30,52.95649
2024-04-26 1:45,42.76014
2024-04-26 2:00,44.92757
2024-04-26 2:15,32.76577
2024-04-26 2:30,21.16206
2024-04-26 2:45,9.44945
2024-04-26 3:00,29.30839
2024-04-26 3:15,12.53368
2024-04-26 3:30,1.44583
2024-04-26 3:45,-5.65404
2024-04-26 4:00,-6.5142
2024-04-26 4:15,-6.37066
2024-04-26 4:30,-12.25724
2024-04-26 4:45,-10.75494
2024-04-26 5:00,-12.62504
2024-04-26 5:15,-2.4097
2024-04-26 5:30,-2.28993
2024-04-26 5:45,-3.00649
2024-04-26 6:00,4.94679
2024-04-26 6:15,2.35602
2024-04-26 6:30,2.21895
2024-04-26 6:45,3.11638
2024-04-26 7:00,15.60524
2024-04-26 7:15,18.51569
2024-04-26 7:30,21.08093
2024-04-26 7:45,28.07751
2024-04-26 8:00,18.2963
2024-04-26 8:15,28.23345
2024-04-26 8:30,36.02107
2024-04-26 8:45,39.19408
2024-04-26 9:00,11.12924
2024-04-26 9:15,30.28958
2024-04-26 9:30,28.05086
2024-04-26 9:45,32.31333
2024-04-26 10:00,0.47457
2024-04-26 10:15,5.44826
2024-04-26 10:30,28.35423
2024-04-26 10:45,42.10847
2024-04-26 11:00,32.63679
2024-04-26 11:15,34.79264
2024-04-26 11:30,42.58481
2024-04-26 11:45,46.8434
2024-04-26 12:00,46.45449
2024-04-26 12:15,49.33181
2024-04-26 12:30,51.0878
2024-04-26 12:45,46.7427
2024-04-26 13:00,42.40455
2024-04-26 13:15,39.52831
2024-04-26 13:30,38.03014
2024-04-26 13:45,36.08134
2024-04-26 14:00,36.35261
2024-04-26 14:15,34.18616
2024-04-26 14:30,35.63412
2024-04-26 14:45,32.59457
2024-04-26 15:00,32.58371
2024-04-26 15:15,28.23255
2024-04-26 15:30,27.56982
2024-04-26 15:45,24.31904
2024-04-26 16:00,28.42568
2024-04-26 16:15,28.87118
2024-04-26 16:30,28.86624
2024-04-26 16:45,23.6656
2024-04-26 17:00,25.73195
2024-04-26 17:15,25.18764
2024-04-26 17:30,21.84606
2024-04-26 17:45,20.14606
2024-04-26 18:00,22.13483
2024-04-26 18:15,22.06699
2024-04-26 18:30,22.10466
2024-04-26 18:45,21.75494
2024-04-26 19:00,20.43047
2024-04-26 19:15,22.03049
2024-04-26 19:30,22.4309
2024-04-26 19:45,22.63439
2024-04-26 20:00,22.09619
2024-04-26 20:15,24.16682
2024-04-26 20:30,26.66835
2024-04-26 20:45,28.76067
2024-04-26 21:00,22.15938
2024-04-26 21:15,25.63337
2024-04-26 21:30,31.33632
2024-04-26 21:45,34.47544
2024-04-26 22:00,33.07779
2024-04-26 22:15,40.79536
2024-04-26 22:30,31.80914
2024-04-26 22:45,33.11914
2024-04-26 23:00,31.25044
2024-04-26 23:15,37.86889
2024-04-26 23:30,21.12421
2024-04-26 23:45,7.82023
2024-04-27 0:00,25.30049
2024-04-27 0:15,23.08447
2024-04-27 0:30,19.74944
2024-04-27 0:45,17.6963
2024-04-27 1:00,21.32826
2024-04-27 1:15,21.62368
2024-04-27 1:30,19.74284
2024-04-27 1:45,20.49691
2024-04-27 2:00,32.51702
2024-04-27 2:15,20.10842
2024-04-27 2:30,20.36745
2024-04-27 2:45,11.0771
2024-04-27 3:00,16.61592
2024-04-27 3:15,16.48663
2024-04-27 3:30,8.34483
2024-04-27 3:45,10.82122
2024-04-27 4:00,17.87166
2024-04-27 4:15,16.92588
2024-04-27 4:30,8.77729
2024-04-27 4:45,4.2097
2024-04-27 5:00,-0.26484
2024-04-27 5:15,3.01188
2024-04-27 5:30,-0.22792
2024-04-27 5:45,1.4619
2024-04-27 6:00,-2.28806
2024-04-27 6:15,-3.8586
2024-04-27 6:30,-2.38939
2024-04-27 6:45,-2.55084
2024-04-27 7:00,0.39759
2024-04-27 7:15,2.41809
2024-04-27 7:30,-1.32549
2024-04-27 7:45,1.16034
2024-04-27 8:00,4.14422
2024-04-27 8:15,5.75908
2024-04-27 8:30,6.9449
2024-04-27 8:45,6.10704
2024-04-27 9:00,2.01102
2024-04-27 9:15,6.23814
2024-04-27 9:30,9.54813
2024-04-27 9:45,29.87494
2024-04-27 10:00,7.13223
2024-04-27 10:15,17.63419
2024-04-27 10:30,27.70853
2024-04-27 10:45,34.27098
2024-04-27 11:00,28.04976
2024-04-27 11:15,32.6431
2024-04-27 11:30,48.16867
2024-04-27 11:45,46.7111
2024-04-27 12:00,38.53645
2024-04-27 12:15,45.33483
2024-04-27 12:30,45.39099
2024-04-27 12:45,34.95314
2024-04-27 13:00,35.17436
2024-04-27 13:15,35.24017
2024-04-27 13:30,35.30954
2024-04-27 13:45,32.08949
2024-04-27 14:00,31.58775
2024-04-27 14:15,29.98281
2024-04-27 14:30,28.81838
2024-04-27 14:45,28.52739
2024-04-27 15:00,25.76241
2024-04-27 15:15,25.03604
2024-04-27 15:30,24.50947
2024-04-27 15:45,24.37003
2024-04-27 16:00,28.60679
2024-04-27 16:15,28.12387
2024-04-27 16:30,28.1295
2024-04-27 16:45,27.8268
2024-04-27 17:00,27.98558
2024-04-27 17:15,27.97699
2024-04-27 17:30,27.84461
2024-04-27 17:45,27.97266
2024-04-27 18:00,26.1318
2024-04-27 18:15,25.73508
2024-04-27 18:30,25.75047
2024-04-27 18:45,25.14145
2024-04-27 19:00,26.18951
2024-04-27 19:15,26.21845
2024-04-27 19:30,26.18621
2024-04-27 19:45,25.22301
2024-04-27 20:00,21.59136
2024-04-27 20:15,21.61892
2024-04-27 20:30,22.44452
2024-04-27 20:45,30.63115
2024-04-27 21:00,29.5963
2024-04-27 21:15,30.47603
2024-04-27 21:30,31.12765
2024-04-27 21:45,45.64814
2024-04-27 22:00,45.04805
2024-04-27 22:15,41.84704
2024-04-27 22:30,31.63955
2024-04-27 22:45,24.93031
2024-04-27 23:00,23.07746
2024-04-27 23:15,25.19585
2024-04-27 23:30,5.81412
2024-04-27 23:45,0.07941
2024-04-28 0:00,6.66152
2024-04-28 0:15,4.71531
2024-04-28 0:30,-11.36538
2024-04-28 0:45,-21.75055
2024-04-28 1:00,-11.68348
2024-04-28 1:15,-18.8007
2024-04-28 1:30,-32.51863
2024-04-28 1:45,-32.68417
2024-04-28 2:00,-34.22754
2024-04-28 2:15,-40.93907
2024-04-28 2:30,-43.48363
2024-04-28 2:45,-45.44855
2024-04-28 3:00,-45.33293
2024-04-28 3:15,-45.30076
2024-04-28 3:30,-45.45374
2024-04-28 3:45,-44.81898
2024-04-28 4:00,-45.48137
2024-04-28 4:15,-45.14313
2024-04-28 4:30,-45.73566
2024-04-28 4:45,-45.01405
2024-04-28 5:00,-45.50457
2024-04-28 5:15,-45.84995
2024-04-28 5:30,-45.504
2024-04-28 5:45,-45.88574
2024-04-28 6:00,-45.7861
2024-04-28 6:15,-46.17934
2024-04-28 6:30,-45.69995
2024-04-28 6:45,-45.49978
2024-04-28 7:00,-45.29347
2024-04-28 7:15,-42.07828
2024-04-28 7:30,-43.55513
2024-04-28 7:45,-40.17812
2024-04-28 8:00,-40.51639
2024-04-28 8:15,-39.68078
2024-04-28 8:30,-30.30026
2024-04-28 8:45,-11.99436
2024-04-28 9:00,-3.23888
2024-04-28 9:15,2.20038
2024-04-28 9:30,3.58274
2024-04-28 9:45,-1.61987
2024-04-28 10:00,0.01046
2024-04-28 10:15,5.18757
2024-04-28 10:30,19.83258
2024-04-28 10:45,31.81844
2024-04-28 11:00,25.04864
2024-04-28 11:15,27.54549
2024-04-28 11:30,30.36426
2024-04-28 11:45,41.71588
2024-04-28 12:00,33.47154
2024-04-28 12:15,34.03021
2024-04-28 12:30,32.10515
2024-04-28 12:45,30.25763
2024-04-28 13:00,30.68189
2024-04-28 13:15,30.51255
2024-04-28 13:30,29.89591
2024-04-28 13:45,29.77983
2024-04-28 14:00,31.4485
2024-04-28 14:15,29.5367
2024-04-28 14:30,32.86382
2024-04-28 14:45,34.67356
2024-04-28 15:00,38.08059
2024-04-28 15:15,41.33582
2024-04-28 15:30,43.19953
2024-04-28 15:45,42.76222
2024-04-28 16:00,41.88713
2024-04-28 16:15,36.90849
2024-04-28 16:30,42.69517
2024-04-28 16:45,41.13885
2024-04-28 17:00,42.45877
2024-04-28 17:15,42.2841
2024-04-28 17:30,42.25704
2024-04-28 17:45,38.81715
2024-04-28 18:00,41.59642
2024-04-28 18:15,40.23882
2024-04-28 18:30,40.21203
2024-04-28 18:45,37.95162
2024-04-28 19:00,40.34006
2024-04-28 19:15,40.29843
2024-04-28 19:30,41.70923
2024-04-28 19:45,41.76203
2024-04-28 20:00,45.28433
2024-04-28 20:15,45.92171
2024-04-28 20:30,52.29881
2024-04-28 20:45,53.42404
2024-04-28 21:00,48.50342
2024-04-28 21:15,51.07988
2024-04-28 21:30,52.69743
2024-04-28 21:45,60.91986
2024-04-28 22:00,53.85307
2024-04-28 22:15,45.43531
2024-04-28 22:30,37.26677
2024-04-28 22:45,33.65844
2024-04-28 23:00,32.48469
2024-04-28 23:15,30.79513
2024-04-28 23:30,23.33004
2024-04-28 23:45,-1.10077
2024-04-29 0:00,9.35518
2024-04-29 0:15,-6.78312
2024-04-29 0:30,-13.98486
2024-04-29 0:45,-29.85089
2024-04-29 1:00,-44.89
2024-04-29 1:15,-45.36062
2024-04-29 1:30,-46.03156
2024-04-29 1:45,-45.29171
2024-04-29 2:00,-45.34665
2024-04-29 2:15,-45.7367
2024-04-29 2:30,-45.92829
2024-04-29 2:45,-46.04246
2024-04-29 3:00,-45.57658
2024-04-29 3:15,-45.83988
2024-04-29 3:30,-45.80145
2024-04-29 3:45,-45.67431
2024-04-29 4:00,-45.52491
2024-04-29 4:15,-46.0116
2024-04-29 4:30,-45.51838
2024-04-29 4:45,-46.07612
2024-04-29 5:00,-45.93739
2024-04-29 5:15,-45.76937
2024-04-29 5:30,-45.28907
2024-04-29 5:45,-45.1501
2024-04-29 6:00,-45.15349
2024-04-29 6:15,-45.07153
2024-04-29 6:30,-45.07002
2024-04-29 6:45,-45.672
2024-04-29 7:00,-43.25265
2024-04-29 7:15,-44.62737
2024-04-29 7:30,-45.85314
2024-04-29 7:45,-46.70841
2024-04-29 8:00,-46.03748
2024-04-29 8:15,-44.89
2024-04-29 8:30,-22.37177
2024-04-29 8:45,-16.91963
2024-04-29 9:00,-25.05364
2024-04-29 9:15,-19.62463
2024-04-29 9:30,-11.15374
2024-04-29 9:45,-2.3824
2024-04-29 10:00,0.01029
2024-04-29 10:15,8.86682
2024-04-29 10:30,28.68372
2024-04-29 10:45,36.57709
2024-04-29 11:00,28.58154
2024-04-29 11:15,33.39013
2024-04-29 11:30,40.78113
2024-04-29 11:45,41.84133
2024-04-29 12:00,34.8994
2024-04-29 12:15,33.32419
2024-04-29 12:30,35.04618
2024-04-29 12:45,33.14579
2024-04-29 13:00,37.47424
2024-04-29 13:15,37.55523
2024-04-29 13:30,33.592
2024-04-29 13:45,33.21173
2024-04-29 14:00,34.12326
2024-04-29 14:15,32.20427
2024-04-29 14:30,33.32712
2024-04-29 14:45,32.16058
2024-04-29 15:00,33.383
2024-04-29 15:15,34.19629
2024-04-29 15:30,32.92709
2024-04-29 15:45,30.98661
2024-04-29 16:00,30.31985
2024-04-29 16:15,30.7175
2024-04-29 16:30,31.33019
2024-04-29 16:45,30.38941
2024-04-29 17:00,31.78137
2024-04-29 17:15,31.61562
2024-04-29 17:30,31.11163
2024-04-29 17:45,29.20045
2024-04-29 18:00,30.55388
2024-04-29 18:15,29.9763
2024-04-29 18:30,29.96596
2024-04-29 18:45,27.84172
2024-04-29 19:00,26.63446
2024-04-29 19:15,26.64266
2024-04-29 19:30,28.7001
2024-04-29 19:45,29.49945
2024-04-29 20:00,24.95689
2024-04-29 20:15,25.8851
2024-04-29 20:30,27.22986
2024-04-29 20:45,36.8071
2024-04-29 21:00,29.47119
2024-04-29 21:15,30.73364
2024-04-29 21:30,39.79745
2024-04-29 21:45,50.56638
2024-04-29 22:00,50.40963
2024-04-29 22:15,49.59506
2024-04-29 22:30,34.38379
2024-04-29 22:45,26.72048
2024-04-29 23:00,29.37706
2024-04-29 23:15,27.51663
2024-04-29 23:30,11.58802
2024-04-29 23:45,-1.02392
2024-04-30 0:00,-7.28744
2024-04-30 0:15,-8.13024
2024-04-30 0:30,-17.2972
2024-04-30 0:45,-23.78481
2024-04-30 1:00,-18.39965
2024-04-30 1:15,-19.15152
2024-04-30 1:30,-22.34095
2024-04-30 1:45,-25.50106
2024-04-30 2:00,-18.0701
2024-04-30 2:15,-18.95395
2024-04-30 2:30,-18.31973
2024-04-30 2:45,-22.74025
2024-04-30 3:00,-26.83614
2024-04-30 3:15,-26.92545
2024-04-30 3:30,-22.83829
2024-04-30 3:45,-23.96193
2024-04-30 4:00,-21.0726
2024-04-30 4:15,-21.07737
2024-04-30 4:30,-24.88052
2024-04-30 4:45,-25.16019
2024-04-30 5:00,-16.65355
2024-04-30 5:15,-15.46181
2024-04-30 5:30,-16.25378
2024-04-30 5:45,-14.80831
2024-04-30 6:00,-16.37847
2024-04-30 6:15,-15.41395
2024-04-30 6:30,-17.54994
2024-04-30 6:45,-16.63568
2024-04-30 7:00,-13.7311
2024-04-30 7:15,-13.28605
2024-04-30 7:30,-13.51831
2024-04-30 7:45,-13.30071
2024-04-30 8:00,-13.64551
2024-04-30 8:15,-5.4208
2024-04-30 8:30,-5.19757
2024-04-30 8:45,-5.1779
2024-04-30 9:00,-3.34406
2024-04-30 9:15,0.14748
2024-04-30 9:30,-0.63495
2024-04-30 9:45,9.03816
2024-04-30 10:00,6.79656
2024-04-30 10:15,24.14056
2024-04-30 10:30,35.35414
2024-04-30 10:45,57.1572
2024-04-30 11:00,34.39791
2024-04-30 11:15,38.04536
2024-04-30 11:30,49.50041
2024-04-30 11:45,54.18648
2024-04-30 12:00,49.89289
2024-04-30 12:15,48.5528
2024-04-30 12:30,44.60943
2024-04-30 12:45,39.81412
2024-04-30 13:00,37.62798
2024-04-30 13:15,34.89307
2024-04-30 13:30,35.52107
2024-04-30 13:45,34.54836
2024-04-30 14:00,34.49091
2024-04-30 14:15,32.51303
2024-04-30 14:30,30.81014
2024-04-30 14:45,30.97566
2024-04-30 15:00,31.16804
2024-04-30 15:15,28.9794
2024-04-30 15:30,30.26819
2024-04-30 15:45,26.76336
2024-04-30 16:00,34.37298
2024-04-30 16:15,29.95118
2024-04-30 16:30,31.61142
2024-04-30 16:45,27.94035
2024-04-30 17:00,30.27909
2024-04-30 17:15,29.64112
2024-04-30 17:30,28.68309
2024-04-30 17:45,27.87373
2024-04-30 18:00,31.56111
2024-04-30 18:15,31.60095
2024-04-30 18:30,31.45229
2024-04-30 18:45,30.15318
2024-04-30 19:00,29.40905
2024-04-30 19:15,29.63305
2024-04-30 19:30,29.67151
2024-04-30 19:45,31.66745
2024-04-30 20:00,27.91967
2024-04-30 20:15,31.60074
2024-04-30 20:30,33.02485
2024-04-30 20:45,35.40601
2024-04-30 21:00,27.83476
2024-04-30 21:15,32.30204
2024-04-30 21:30,40.60225
2024-04-30 21:45,41.20504
2024-04-30 22:00,51.47354
2024-04-30 22:15,52.88757
2024-04-30 22:30,58.49463
2024-04-30 22:45,39.71786
2024-04-30 23:00,45.99026
2024-04-30 23:15,31.9362
2024-04-30 23:30,20.04677
2024-04-30 23:45,9.51438
2024-05-01 0:00,8.1914
2024-05-01 0:15,0.02253
2024-05-01 0:30,-6.1756
2024-05-01 0:45,-14.06503
2024-05-01 1:00,8.01505
2024-05-01 1:15,4.08356
2024-05-01 1:30,-5.76109
2024-05-01 1:45,-12.52908
2024-05-01 2:00,-5.14725
2024-05-01 2:15,-5.76386
2024-05-01 2:30,-9.04117
2024-05-01 2:45,-13.32462
2024-05-01 3:00,-9.17057
2024-05-01 3:15,-12.78935
2024-05-01 3:30,-7.68395
2024-05-01 3:45,-11.26567
2024-05-01 4:00,-9.5452
2024-05-01 4:15,-10.57573
2024-05-01 4:30,-13.234
2024-05-01 4:45,-14.47575
2024-05-01 5:00,-12.45983
2024-05-01 5:15,-14.2855
2024-05-01 5:30,-20.49571
2024-05-01 5:45,-16.63931
2024-05-01 6:00,-16.13981
2024-05-01 6:15,-16.18378
2024-05-01 6:30,-17.23246
2024-05-01 6:45,-16.62825
2024-05-01 7:00,-13.48876
2024-05-01 7:15,-12.16552
2024-05-01 7:30,-9.31467
2024-05-01 7:45,-8.66715
2024-05-01 8:00,-23.12494
2024-05-01 8:15,-9.23962
2024-05-01 8:30,-9.23858
2024-05-01 8:45,10.9375
2024-05-01 9:00,4.39167
2024-05-01 9:15,2.2624
2024-05-01 9:30,7.98615
2024-05-01 9:45,17.35531
2024-05-01 10:00,8.27377
2024-05-01 10:15,26.09959
2024-05-01 10:30,41.88275
2024-05-01 10:45,60.38148
2024-05-01 11:00,40.34036
2024-05-01 11:15,54.23603
2024-05-01 11:30,56.50315
2024-05-01 11:45,54.02852
2024-05-01 12:00,53.98721
2024-05-01 12:15,50.66348
2024-05-01 12:30,49.33551
2024-05-01 12:45,47.61859
2024-05-01 13:00,47.57204
2024-05-01 13:15,47.34412
2024-05-01 13:30,45.80562
2024-05-01 13:45,38.77555
2024-05-01 14:00,39.60246
2024-05-01 14:15,38.17715
2024-05-01 14:30,40.39352
2024-05-01 14:45,47.86184
2024-05-01 15:00,48.79292
2024-05-01 15:15,47.63692
2024-05-01 15:30,50.10907
2024-05-01 15:45,47.31273
2024-05-01 16:00,52.55794
2024-05-01 16:15,46.7285
2024-05-01 16:30,39.00605
2024-05-01 16:45,33.40991
2024-05-01 17:00,38.91876
2024-05-01 17:15,34.14075
2024-05-01 17:30,33.14496
2024-05-01 17:45,30.71339
2024-05-01 18:00,34.71811
2024-05-01 18:15,32.78535
2024-05-01 18:30,30.80992
2024-05-01 18:45,28.09786
2024-05-01 19:00,30.91448
2024-05-01 19:15,30.53438
2024-05-01 19:30,30.02696
2024-05-01 19:45,29.48882
2024-05-01 20:00,30.27925
2024-05-01 20:15,31.20038
2024-05-01 20:30,34.18908
2024-05-01 20:45,39.07574
2024-05-01 21:00,35.04934
2024-05-01 21:15,45.2426
2024-05-01 21:30,53.91699
2024-05-01 21:45,58.51417
2024-05-01 22:00,51.01012
2024-05-01 22:15,51.53283
2024-05-01 22:30,40.83672
2024-05-01 22:45,41.25985
2024-05-01 23:00,27.80073
2024-05-01 23:15,2.14605
2024-05-01 23:30,-11.27181
2024-05-01 23:45,0.44651
2024-05-02 0:00,2.99423
2024-05-02 0:15,-2.88837
2024-05-02 0:30,-3.5697
2024-05-02 0:45,-8.81832
2024-05-02 1:00,-11.79837
2024-05-02 1:15,-21.77868
2024-05-02 1:30,-21.82729
2024-05-02 1:45,-26.39867
2024-05-02 2:00,-19.88296
2024-05-02 2:15,-19.1771
2024-05-02 2:30,-19.35391
2024-05-02 2:45,-21.98191
2024-05-02 3:00,-19.63852
2024-05-02 3:15,-19.50695
2024-05-02 3:30,-22.04176
2024-05-02 3:45,-19.99296
2024-05-02 4:00,-19.75719
2024-05-02 4:15,-19.74044
2024-05-02 4:30,-19.5873
2024-05-02 4:45,-19.87629
2024-05-02 5:00,-19.13347
2024-05-02 5:15,-19.58958
2024-05-02 5:30,-20.90143
2024-05-02 5:45,-21.89488
2024-05-02 6:00,-20.52697
2024-05-02 6:15,-21.87403
2024-05-02 6:30,-22.85111
2024-05-02 6:45,-22.79869
2024-05-02 7:00,-22.32465
2024-05-02 7:15,-22.32195
2024-05-02 7:30,-19.61071
2024-05-02 7:45,-19.74813
2024-05-02 8:00,-19.09659
2024-05-02 8:15,-19.50092
2024-05-02 8:30,-19.46076
2024-05-02 8:45,-20.48055
2024-05-02 9:00,-19.4251
2024-05-02 9:15,-10.61871
2024-05-02 9:30,-5.1161
2024-05-02 9:45,4.88955
2024-05-02 10:00,2.22667
2024-05-02 10:15,9.45953
2024-05-02 10:30,34.12685
2024-05-02 10:45,60
2024-05-02 11:00,30.92466
2024-05-02 11:15,36.68758
2024-05-02 11:30,40.4353
2024-05-02 11:45,45.02087
2024-05-02 12:00,44.45485
2024-05-02 12:15,43.68397
2024-05-02 12:30,39.29432
2024-05-02 12:45,36.64554
2024-05-02 13:00,35.84426
2024-05-02 13:15,35.63288
2024-05-02 13:30,35.76811
2024-05-02 13:45,33.73272
2024-05-02 14:00,34.64002
2024-05-02 14:15,33.98205
2024-05-02 14:30,32.33108
2024-05-02 14:45,30.87342
2024-05-02 15:00,31.25333
2024-05-02 15:15,31.00483
2024-05-02 15:30,33.23589
2024-05-02 15:45,30.55442
2024-05-02 16:00,36.81201
2024-05-02 16:15,34.38182
2024-05-02 16:30,36.17148
2024-05-02 16:45,35.31121
2024-05-02 17:00,35.51676
2024-05-02 17:15,35.02604
2024-05-02 17:30,35.88552
2024-05-02 17:45,32.49641
2024-05-02 18:00,32.4999
2024-05-02 18:15,32.3538
2024-05-02 18:30,31.38965
2024-05-02 18:45,28.58234
2024-05-02 19:00,30.26627
2024-05-02 19:15,30.12834
2024-05-02 19:30,30.92725
2024-05-02 19:45,31.31203
2024-05-02 20:00,28.26652
2024-05-02 20:15,31.34622
2024-05-02 20:30,34.10399
2024-05-02 20:45,36.65274
2024-05-02 21:00,32.32285
2024-05-02 21:15,36.77925
2024-05-02 21:30,53.62268
2024-05-02 21:45,57.35908
2024-05-02 22:00,58.69703
2024-05-02 22:15,55.799
2024-05-02 22:30,48.14017
2024-05-02 22:45,30.64655
2024-05-02 23:00,33.80376
2024-05-02 23:15,11.73592
2024-05-02 23:30,-5.5471
2024-05-02 23:45,-8.91287
2024-05-03 0:00,-7.30602
2024-05-03 0:15,-11.05302
2024-05-03 0:30,-10.52991
2024-05-03 0:45,-10.15648
2024-05-03 1:00,-18.60541
2024-05-03 1:15,-17.08207
2024-05-03 1:30,-16.00248
2024-05-03 1:45,-15.67115
2024-05-03 2:00,-13.7933
2024-05-03 2:15,-15.24248
2024-05-03 2:30,-16.73981
2024-05-03 2:45,-15.37371
2024-05-03 3:00,-13.0793
2024-05-03 3:15,-11.41974
2024-05-03 3:30,-12.47229
2024-05-03 3:45,-12.03656
2024-05-03 4:00,-12.13129
2024-05-03 4:15,-13.07995
2024-05-03 4:30,-13.50898
2024-05-03 4:45,-12.56649
2024-05-03 5:00,-7.59734
2024-05-03 5:15,-8.47507
2024-05-03 5:30,-12.17521
2024-05-03 5:45,-12.87403
2024-05-03 6:00,-14.04976
2024-05-03 6:15,-15.01987
2024-05-03 6:30,-16.30781
2024-05-03 6:45,-16.86518
2024-05-03 7:00,-18.77702
2024-05-03 7:15,-18.65727
2024-05-03 7:30,-19.23275
2024-05-03 7:45,-19.2024
2024-05-03 8:00,-22.12449
2024-05-03 8:15,-19.45331
2024-05-03 8:30,-15.65484
2024-05-03 8:45,-13.841
2024-05-03 9:00,-21.9682
2024-05-03 9:15,-14.13496
2024-05-03 9:30,-2.18008
2024-05-03 9:45,15.15754
2024-05-03 10:00,6.47368
2024-05-03 10:15,18.02507
2024-05-03 10:30,32.26061
2024-05-03 10:45,60.1893
2024-05-03 11:00,38.72515
2024-05-03 11:15,49.5898
2024-05-03 11:30,54.74822
2024-05-03 11:45,65.89227
2024-05-03 12:00,58.69671
2024-05-03 12:15,59.08896
2024-05-03 12:30,54.79387
2024-05-03 12:45,49.1533
2024-05-03 13:00,40.27014
2024-05-03 13:15,36.94017
2024-05-03 13:30,34.68442
2024-05-03 13:45,30.3454
2024-05-03 14:00,34.89388
2024-05-03 14:15,34.15986
2024-05-03 14:30,31.58263
2024-05-03 14:45,31.5615
2024-05-03 15:00,33.47607
2024-05-03 15:15,34.55924
2024-05-03 15:30,34.5434
2024-05-03 15:45,34.57974
2024-05-03 16:00,35.18019
2024-05-03 16:15,31.51404
2024-05-03 16:30,30.6571
2024-05-03 16:45,27.92181
2024-05-03 17:00,30.53382
2024-05-03 17:15,30.35032
2024-05-03 17:30,29.04209
2024-05-03 17:45,29.74436
2024-05-03 18:00,29.73353
2024-05-03 18:15,32.64836
2024-05-03 18:30,28.64276
2024-05-03 18:45,28.6633
2024-05-03 19:00,28.29758
2024-05-03 19:15,27.68731
2024-05-03 19:30,28.87477
2024-05-03 19:45,29.02457
2024-05-03 20:00,28.29974
2024-05-03 20:15,29.00633
2024-05-03 20:30,31.31301
2024-05-03 20:45,37.22592
2024-05-03 21:00,29.76763
2024-05-03 21:15,33.97296
2024-05-03 21:30,37.22666
2024-05-03 21:45,39.10929
2024-05-03 22:00,41.24567
2024-05-03 22:15,32.31031
2024-05-03 22:30,27.2914
2024-05-03 22:45,13.31203
2024-05-03 23:00,19.04081
2024-05-03 23:15,4.41455
2024-05-03 23:30,-4.21225
2024-05-03 23:45,-15.69831
2024-05-04 0:00,-4.61142
2024-05-04 0:15,-9.40204
2024-05-04 0:30,-8.41007
2024-05-04 0:45,-8.53397
2024-05-04 1:00,-12.53722
2024-05-04 1:15,-12.99719
2024-05-04 1:30,-15.02798
2024-05-04 1:45,-15.64327
2024-05-04 2:00,-13.88033
2024-05-04 2:15,-14.11961
2024-05-04 2:30,-15.34462
2024-05-04 2:45,-15.93238
2024-05-04 3:00,-15.3423
2024-05-04 3:15,-15.46728
2024-05-04 3:30,-15.17321
2024-05-04 3:45,-14.76724
2024-05-04 4:00,-14.05113
2024-05-04 4:15,-14.84203
2024-05-04 4:30,-15.28529
2024-05-04 4:45,-18.94598
2024-05-04 5:00,-17.49454
2024-05-04 5:15,-16.73249
2024-05-04 5:30,-18.50818
2024-05-04 5:45,-24.36913
2024-05-04 6:00,-23.75276
2024-05-04 6:15,-25.41605
2024-05-04 6:30,-25.0451
2024-05-04 6:45,-26.9362
2024-05-04 7:00,-31.62785
2024-05-04 7:15,-28.46157
2024-05-04 7:30,-26.13037
2024-05-04 7:45,-25.58894
2024-05-04 8:00,-27.12143
2024-05-04 8:15,-27.082
2024-05-04 8:30,-23.94011
2024-05-04 8:45,-27.25333
2024-05-04 9:00,-32.08301
2024-05-04 9:15,-22.31298
2024-05-04 9:30,-17.96907
2024-05-04 9:45,-5.15143
2024-05-04 10:00,-5.16054
2024-05-04 10:15,5.2212
2024-05-04 10:30,24.46492
2024-05-04 10:45,43.21547
2024-05-04 11:00,29.63714
2024-05-04 11:15,37.24429
2024-05-04 11:30,47.28604
2024-05-04 11:45,48.22076
2024-05-04 12:00,43.75414
2024-05-04 12:15,43.91878
2024-05-04 12:30,40.98514
2024-05-04 12:45,40.49156
2024-05-04 13:00,39.53869
2024-05-04 13:15,38.15515
2024-05-04 13:30,32.09952
2024-05-04 13:45,30.63148
2024-05-04 14:00,31.37551
2024-05-04 14:15,30.42422
2024-05-04 14:30,29.02816
2024-05-04 14:45,29.30473
2024-05-04 15:00,31.41977
2024-05-04 15:15,30.71664
2024-05-04 15:30,31.14456
2024-05-04 15:45,30.57702
2024-05-04 16:00,32.2167
2024-05-04 16:15,30.11217
2024-05-04 16:30,30.9342
2024-05-04 16:45,28.51013
2024-05-04 17:00,28.48567
2024-05-04 17:15,28.32737
2024-05-04 17:30,28.26304
2024-05-04 17:45,28.25053
2024-05-04 18:00,28.51402
2024-05-04 18:15,28.41334
2024-05-04 18:30,28.37786
2024-05-04 18:45,27.74636
2024-05-04 19:00,29.16967
2024-05-04 19:15,28.29476
2024-05-04 19:30,28.18371
2024-05-04 19:45,27.75195
2024-05-04 20:00,27.94699
2024-05-04 20:15,27.81642
2024-05-04 20:30,28.02964
2024-05-04 20:45,28.6517
2024-05-04 21:00,27.82075
2024-05-04 21:15,28.26881
2024-05-04 21:30,30.29027
2024-05-04 21:45,33.13856
2024-05-04 22:00,34.21678
2024-05-04 22:15,33.00463
2024-05-04 22:30,28.21295
2024-05-04 22:45,15.37709
2024-05-04 23:00,16.68319
2024-05-04 23:15,5.24759
2024-05-04 23:30,0.19864
2024-05-04 23:45,-4.8022
2024-05-05 0:00,4.99721
2024-05-05 0:15,-4.23736
2024-05-05 0:30,-10.78263
2024-05-05 0:45,-13.89141
2024-05-05 1:00,-7.72981
2024-05-05 1:15,-10.3482
2024-05-05 1:30,-17.84427
2024-05-05 1:45,-13.17459
2024-05-05 2:00,-2.43211
2024-05-05 2:15,0.21734
2024-05-05 2:30,7.62924
2024-05-05 2:45,7.38525
2024-05-05 3:00,8.53154
2024-05-05 3:15,8.12183
2024-05-05 3:30,8.55377
2024-05-05 3:45,8.57183
2024-05-05 4:00,54.54497
2024-05-05 4:15,42.60647
2024-05-05 4:30,29.85465
2024-05-05 4:45,29.93516
2024-05-05 5:00,55.77011
2024-05-05 5:15,7.29899
2024-05-05 5:30,8.47371
2024-05-05 5:45,9.27375
2024-05-05 6:00,8.03888
2024-05-05 6:15,62.99352
2024-05-05 6:30,73.13367
2024-05-05 6:45,11.56295
2024-05-05 7:00,9.961
2024-05-05 7:15,56.86551
2024-05-05 7:30,57.92131
2024-05-05 7:45,23.37229
2024-05-05 8:00,12.72463
2024-05-05 8:15,10.97222
2024-05-05 8:30,13.16042
2024-05-05 8:45,26.19291
2024-05-05 9:00,10.14763
2024-05-05 9:15,12.96448
2024-05-05 9:30,21.48802
2024-05-05 9:45,30.7829
2024-05-05 10:00,25.18713
2024-05-05 10:15,29.66632
2024-05-05 10:30,39.54602
2024-05-05 10:45,48.75542
2024-05-05 11:00,29.79215
2024-05-05 11:15,31.57731
2024-05-05 11:30,33.60036
2024-05-05 11:45,47.69223
2024-05-05 12:00,32.06357
2024-05-05 12:15,31.39439
2024-05-05 12:30,34.36862
2024-05-05 12:45,34.95232
2024-05-05 13:00,34.35922
2024-05-05 13:15,34.22575
2024-05-05 13:30,33.36873
2024-05-05 13:45,34.07315
2024-05-05 14:00,31.06464
2024-05-05 14:15,27.95832
2024-05-05 14:30,27.25569
2024-05-05 14:45,32.94158
2024-05-05 15:00,34.49297
2024-05-05 15:15,33.56702
2024-05-05 15:30,33.75415
2024-05-05 15:45,31.44913
2024-05-05 16:00,35.42047
2024-05-05 16:15,33.67961
2024-05-05 16:30,31.21822
2024-05-05 16:45,29.93298
2024-05-05 17:00,33.54522
2024-05-05 17:15,31.46238
2024-05-05 17:30,30.68257
2024-05-05 17:45,27.57548
2024-05-05 18:00,30.76349
2024-05-05 18:15,29.84828
2024-05-05 18:30,27.31136
2024-05-05 18:45,25.02675
2024-05-05 19:00,30.09633
2024-05-05 19:15,28.85595
2024-05-05 19:30,27.2043
2024-05-05 19:45,24.84501
2024-05-05 20:00,27.70344
2024-05-05 20:15,29.86039
2024-05-05 20:30,29.91784
2024-05-05 20:45,29.87551
2024-05-05 21:00,28.01946
2024-05-05 21:15,31.37062
2024-05-05 21:30,35.0034
2024-05-05 21:45,35.94118
2024-05-05 22:00,35.36076
2024-05-05 22:15,31.70118
2024-05-05 22:30,16.66443
2024-05-05 22:45,12.30629
2024-05-05 23:00,11.49527
2024-05-05 23:15,0.16053
2024-05-05 23:30,-4.87575
2024-05-05 23:45,-18.79588
2024-05-06 0:00,-20.93043
2024-05-06 0:15,-27.76923
2024-05-06 0:30,-29.72069
2024-05-06 0:45,-32.42254
2024-05-06 1:00,-30.84268
2024-05-06 1:15,-35.84419
2024-05-06 1:30,-44.26606
2024-05-06 1:45,-47.51694
2024-05-06 2:00,-45.00589
2024-05-06 2:15,-47.35084
2024-05-06 2:30,-46.33164
2024-05-06 2:45,-45.98555
2024-05-06 3:00,-47.6265
2024-05-06 3:15,-46.04934
2024-05-06 3:30,-45.8168
2024-05-06 3:45,-49.42856
2024-05-06 4:00,-45.4723
2024-05-06 4:15,-45.24631
2024-05-06 4:30,-49.33723
2024-05-06 4:45,-50.08861
2024-05-06 5:00,-50.08658
2024-05-06 5:15,-50.27408
2024-05-06 5:30,-51.58953
2024-05-06 5:45,-48.45967
2024-05-06 6:00,-48.779
2024-05-06 6:15,-51.19842
2024-05-06 6:30,-51.51002
2024-05-06 6:45,-51.3054
2024-05-06 7:00,-52.62644
2024-05-06 7:15,-51.96321
2024-05-06 7:30,-52.9711
2024-05-06 7:45,-52.78483
2024-05-06 8:00,-53.98389
2024-05-06 8:15,-53.53287
2024-05-06 8:30,-49.47481
2024-05-06 8:45,-48.25687
2024-05-06 9:00,-53.15169
2024-05-06 9:15,-44.69854
2024-05-06 9:30,-24.16893
2024-05-06 9:45,-3.89732
2024-05-06 10:00,-22.72801
2024-05-06 10:15,-0.92243
2024-05-06 10:30,10.79988
2024-05-06 10:45,27.01064
2024-05-06 11:00,17.39575
2024-05-06 11:15,24.16673
2024-05-06 11:30,29.6011
2024-05-06 11:45,34.59323
2024-05-06 12:00,29.57447
2024-05-06 12:15,28.5676
2024-05-06 12:30,29.30251
2024-05-06 12:45,26.52741
2024-05-06 13:00,28.15721
2024-05-06 13:15,25.17172
2024-05-06 13:30,21.47414
2024-05-06 13:45,18.8777
2024-05-06 14:00,28.13306
2024-05-06 14:15,23.94166
2024-05-06 14:30,20.25345
2024-05-06 14:45,18.43528
2024-05-06 15:00,18.75976
2024-05-06 15:15,16.37062
2024-05-06 15:30,16.16615
2024-05-06 15:45,14.84753
2024-05-06 16:00,14.88001
2024-05-06 16:15,12.15342
2024-05-06 16:30,12.12106
2024-05-06 16:45,11.99351
2024-05-06 17:00,15.86526
2024-05-06 17:15,14.52051
2024-05-06 17:30,11.96301
2024-05-06 17:45,11.65797
2024-05-06 18:00,11.61646
2024-05-06 18:15,11.54822
2024-05-06 18:30,11.59952
2024-05-06 18:45,11.73404
2024-05-06 19:00,11.96718
2024-05-06 19:15,12.01628
2024-05-06 19:30,12.37774
2024-05-06 19:45,13.33834
2024-05-06 20:00,14.21577
2024-05-06 20:15,15.94974
2024-05-06 20:30,20.75678
2024-05-06 20:45,26.35283
2024-05-06 21:00,21.94455
2024-05-06 21:15,26.13764
2024-05-06 21:30,28.9379
2024-05-06 21:45,33.65367
2024-05-06 22:00,32.87634
2024-05-06 22:15,32.0743
2024-05-06 22:30,26.98303
2024-05-06 22:45,18.97574
2024-05-06 23:00,8.12964
2024-05-06 23:15,3.85487
2024-05-06 23:30,-10.75283
2024-05-06 23:45,-23.56555
2024-05-07 0:00,-10.27477
2024-05-07 0:15,-14.15557
2024-05-07 0:30,-22.32762
2024-05-07 0:45,-25.73338
2024-05-07 1:00,-24.22875
2024-05-07 1:15,-24.39222
2024-05-07 1:30,-25.14255
2024-05-07 1:45,-30.06217
2024-05-07 2:00,-24.80358
2024-05-07 2:15,-28.6532
2024-05-07 2:30,-39.21623
2024-05-07 2:45,-41.09463
2024-05-07 3:00,-40.17226
2024-05-07 3:15,-40.17133
2024-05-07 3:30,-40.9401
2024-05-07 3:45,-42.7787
2024-05-07 4:00,-40.72784
2024-05-07 4:15,-34.38744
2024-05-07 4:30,-41.4665
2024-05-07 4:45,-42.48969
2024-05-07 5:00,-39.9608
2024-05-07 5:15,-40.03591
2024-05-07 5:30,-41.89902
2024-05-07 5:45,-42.1327
2024-05-07 6:00,-41.70094
2024-05-07 6:15,-43.25354
2024-05-07 6:30,-42.75267
2024-05-07 6:45,-42.31105
2024-05-07 7:00,-44.78817
2024-05-07 7:15,-45.10767
2024-05-07 7:30,-44.18377
2024-05-07 7:45,-42.71352
2024-05-07 8:00,-41.00504
2024-05-07 8:15,-28.40917
2024-05-07 8:30,-23.9159
2024-05-07 8:45,-15.04902
2024-05-07 9:00,-18.83151
2024-05-07 9:15,-15.92498
2024-05-07 9:30,-3.40144
2024-05-07 9:45,-1.27976
2024-05-07 10:00,0.9939
2024-05-07 10:15,5.86284
2024-05-07 10:30,24.82732
2024-05-07 10:45,34.98022
2024-05-07 11:00,22.42385
2024-05-07 11:15,27.18638
2024-05-07 11:30,30.06936
2024-05-07 11:45,30.48773
2024-05-07 12:00,29.67704
2024-05-07 12:15,29.54699
2024-05-07 12:30,28.30961
2024-05-07 12:45,25.53339
2024-05-07 13:00,22.18182
2024-05-07 13:15,21.22376
2024-05-07 13:30,21.41103
2024-05-07 13:45,18.0074
2024-05-07 14:00,18.23948
2024-05-07 14:15,15.3158
2024-05-07 14:30,14.60954
2024-05-07 14:45,14.1913
2024-05-07 15:00,13.89363
2024-05-07 15:15,12.22072
2024-05-07 15:30,14.33769
2024-05-07 15:45,13.45931
2024-05-07 16:00,20.54111
2024-05-07 16:15,16.81706
2024-05-07 16:30,15.60799
2024-05-07 16:45,15.0694
2024-05-07 17:00,12.08483
2024-05-07 17:15,11.81609
2024-05-07 17:30,11.43816
2024-05-07 17:45,10.40116
2024-05-07 18:00,11.7454
2024-05-07 18:15,11.75367
2024-05-07 18:30,11.28584
2024-05-07 18:45,10.87025
2024-05-07 19:00,11.07523
2024-05-07 19:15,11.60532
2024-05-07 19:30,11.56742
2024-05-07 19:45,11.76079
2024-05-07 20:00,11.84482
2024-05-07 20:15,12.02806
2024-05-07 20:30,19.29037
2024-05-07 20:45,19.99979
2024-05-07 21:00,14.962
2024-05-07 21:15,20.3377
2024-05-07 21:30,28.56977
2024-05-07 21:45,31.46739
2024-05-07 22:00,30.42281
2024-05-07 22:15,30.83318
2024-05-07 22:30,18.79334
2024-05-07 22:45,7.52635
2024-05-07 23:00,9.2432
2024-05-07 23:15,-2.19645
2024-05-07 23:30,-18.31417
2024-05-07 23:45,-33.20004
2024-05-08 0:00,-19.64019
2024-05-08 0:15,-19.73862
2024-05-08 0:30,-35.62181
2024-05-08 0:45,-38.23092
2024-05-08 1:00,-37.20715
2024-05-08 1:15,-35.32989
2024-05-08 1:30,-44.75272
2024-05-08 1:45,-47.62844
2024-05-08 2:00,-44.07614
2024-05-08 2:15,-45.29728
2024-05-08 2:30,-45.64708
2024-05-08 2:45,-46.17814
2024-05-08 3:00,-45.8403
2024-05-08 3:15,-45.50109
2024-05-08 3:30,-45.58571
2024-05-08 3:45,-45.6338
2024-05-08 4:00,-44.91859
2024-05-08 4:15,-45.47592
2024-05-08 4:30,-49.0847
2024-05-08 4:45,-45.44408
2024-05-08 5:00,-45.72565
2024-05-08 5:15,-45.36734
2024-05-08 5:30,-45.71124
2024-05-08 5:45,-45.48408
2024-05-08 6:00,-45.68804
2024-05-08 6:15,-45.20908
2024-05-08 6:30,-45.20908
2024-05-08 6:45,-45.20908
2024-05-08 7:00,-46.49559
2024-05-08 7:15,-46.98651
2024-05-08 7:30,-45.37754
2024-05-08 7:45,-43.98113
2024-05-08 8:00,-42.75007
2024-05-08 8:15,-40.78009
2024-05-08 8:30,-23.03059
2024-05-08 8:45,-21.98623
2024-05-08 9:00,-27.31736
2024-05-08 9:15,-25.04802
2024-05-08 9:30,-12.55547
2024-05-08 9:45,-12.51808
2024-05-08 10:00,-9.41759
2024-05-08 10:15,5.1122
2024-05-08 10:30,17.54709
2024-05-08 10:45,31.36725
2024-05-08 11:00,24.9086
2024-05-08 11:15,32.89824
2024-05-08 11:30,35.97448
2024-05-08 11:45,37.22957
2024-05-08 12:00,33.1081
2024-05-08 12:15,35.17345
2024-05-08 12:30,32.44472
2024-05-08 12:45,30.00372
2024-05-08 13:00,33.60854
2024-05-08 13:15,32.53298
2024-05-08 13:30,29.93591
2024-05-08 13:45,28.90615
2024-05-08 14:00,32.42255
2024-05-08 14:15,31.01231
2024-05-08 14:30,30.60426
2024-05-08 14:45,29.6
2024-05-08 15:00,28.60385
2024-05-08 15:15,26.81362
2024-05-08 15:30,27.38475
2024-05-08 15:45,28.09513
2024-05-08 16:00,27.59676
2024-05-08 16:15,30.17589
2024-05-08 16:30,32.0045
2024-05-08 16:45,30.43288
2024-05-08 17:00,31.70184
2024-05-08 17:15,31.58216
2024-05-08 17:30,28.54985
2024-05-08 17:45,27.94751
2024-05-08 18:00,26.8871
2024-05-08 18:15,27.08971
2024-05-08 18:30,27.1044
2024-05-08 18:45,27.11164
2024-05-08 19:00,27.09503
2024-05-08 19:15,27.04891
2024-05-08 19:30,29.95682
2024-05-08 19:45,28.58709
2024-05-08 20:00,23.86777
2024-05-08 20:15,30.08
2024-05-08 20:30,29.99925
2024-05-08 20:45,37.0366
2024-05-08 21:00,30.18263
2024-05-08 21:15,36.95667
2024-05-08 21:30,53.53549
2024-05-08 21:45,57.7788
2024-05-08 22:00,51.8412
2024-05-08 22:15,51.6681
2024-05-08 22:30,38.46452
2024-05-08 22:45,22.42476
2024-05-08 23:00,22.64943
2024-05-08 23:15,12.8467
2024-05-08 23:30,-0.72428
2024-05-08 23:45,-11.61341
2024-05-09 0:00,-5.88526
2024-05-09 0:15,-7.58617
2024-05-09 0:30,-13.39748
2024-05-09 0:45,-16.58295
2024-05-09 1:00,-17.53429
2024-05-09 1:15,-22.13635
2024-05-09 1:30,-23.86539
2024-05-09 1:45,-36.47157
2024-05-09 2:00,-24.31039
2024-05-09 2:15,-32.65078
2024-05-09 2:30,-35.6072
2024-05-09 2:45,-38.25016
2024-05-09 3:00,-30.06339
2024-05-09 3:15,-31.21627
2024-05-09 3:30,-39.24907
2024-05-09 3:45,-41.84364
2024-05-09 4:00,-41.28917
2024-05-09 4:15,-41.26677
2024-05-09 4:30,-41.80758
2024-05-09 4:45,-42.15576
2024-05-09 5:00,-42.98889
2024-05-09 5:15,-41.91446
2024-05-09 5:30,-43.27518
2024-05-09 5:45,-41.54625
2024-05-09 6:00,-41.53629
2024-05-09 6:15,-41.53629
2024-05-09 6:30,-42.62453
2024-05-09 6:45,-44.09743
2024-05-09 7:00,-40.27502
2024-05-09 7:15,-36.62037
2024-05-09 7:30,-27.49307
2024-05-09 7:45,-26.04868
2024-05-09 8:00,-24.02024
2024-05-09 8:15,-22.4713
2024-05-09 8:30,-12.44805
2024-05-09 8:45,-7.35762
2024-05-09 9:00,-10.71828
2024-05-09 9:15,-8.55527
2024-05-09 9:30,14.58134
2024-05-09 9:45,18.79681
2024-05-09 10:00,-0.97249
2024-05-09 10:15,21.1109
2024-05-09 10:30,37.30359
2024-05-09 10:45,55.35405
2024-05-09 11:00,30.86123
2024-05-09 11:15,39.33836
2024-05-09 11:30,41.0173
2024-05-09 11:45,42.52556
2024-05-09 12:00,49.47651
2024-05-09 12:15,50.84161
2024-05-09 12:30,44.25667
2024-05-09 12:45,48.26795
2024-05-09 13:00,51.41579
2024-05-09 13:15,50.35369
2024-05-09 13:30,48.95301
2024-05-09 13:45,47.3797
2024-05-09 14:00,47.70802
2024-05-09 14:15,45.81575
2024-05-09 14:30,40.97346
2024-05-09 14:45,34.30824
2024-05-09 15:00,37.00517
2024-05-09 15:15,33.153
2024-05-09 15:30,31.98397
2024-05-09 15:45,33.94046
2024-05-09 16:00,32.78038
2024-05-09 16:15,30.91602
2024-05-09 16:30,32.08244
2024-05-09 16:45,34.64047
2024-05-09 17:00,41.36452
2024-05-09 17:15,38.36388
2024-05-09 17:30,32.95479
2024-05-09 17:45,31.97356
2024-05-09 18:00,38.23482
2024-05-09 18:15,34.58874
2024-05-09 18:30,32.88394
2024-05-09 18:45,30.77631
2024-05-09 19:00,35.09614
2024-05-09 19:15,34.87868
2024-05-09 19:30,34.77715
2024-05-09 19:45,34.85879
2024-05-09 20:00,34.92862
2024-05-09 20:15,35.06648
2024-05-09 20:30,36.70753
2024-05-09 20:45,35.48553
2024-05-09 21:00,34.97946
2024-05-09 21:15,36.51178
2024-05-09 21:30,44.81158
2024-05-09 21:45,52.59298
2024-05-09 22:00,55.25404
2024-05-09 22:15,56.42642
2024-05-09 22:30,38.1652
2024-05-09 22:45,34.92627
2024-05-09 23:00,32.42534
2024-05-09 23:15,23.12875
2024-05-09 23:30,13.65768
2024-05-09 23:45,-2.7039
2024-05-10 0:00,-2.37829
2024-05-10 0:15,-6.71173
2024-05-10 0:30,-9.67765
2024-05-10 0:45,-10.33926
2024-05-10 1:00,-11.68573
2024-05-10 1:15,-13.55615
2024-05-10 1:30,-14.39418
2024-05-10 1:45,-16.21269
2024-05-10 2:00,-7.0947
2024-05-10 2:15,-7.69931
2024-05-10 2:30,-9.14745
2024-05-10 2:45,-11.2241
2024-05-10 3:00,-9.52136
2024-05-10 3:15,-12.99768
2024-05-10 3:30,-12.93294
2024-05-10 3:45,-19.89224
2024-05-10 4:00,-18.65573
2024-05-10 4:15,-18.03729
2024-05-10 4:30,-18.59858
2024-05-10 4:45,-21.33909
2024-05-10 5:00,-22.11387
2024-05-10 5:15,-22.04816
2024-05-10 5:30,-21.80184
2024-05-10 5:45,-20.52242
2024-05-10 6:00,-14.36174
2024-05-10 6:15,-16.29907
2024-05-10 6:30,-14.72867
2024-05-10 6:45,-14.72759
2024-05-10 7:00,-14.23869
2024-05-10 7:15,-11.94117
2024-05-10 7:30,-8.12395
2024-05-10 7:45,-9.77188
2024-05-10 8:00,-8.18113
2024-05-10 8:15,-2.97511
2024-05-10 8:30,-0.15095
2024-05-10 8:45,4.67443
2024-05-10 9:00,-1.86999
2024-05-10 9:15,-3.85016
2024-05-10 9:30,13.53777
2024-05-10 9:45,25.61866
2024-05-10 10:00,5.91665
2024-05-10 10:15,17.47733
2024-05-10 10:30,34.74
2024-05-10 10:45,45.8
2024-05-10 11:00,31.42261
2024-05-10 11:15,34.52
2024-05-10 11:30,38
2024-05-10 11:45,38.65
2024-05-10 12:00,38.06137
2024-05-10 12:15,42.01008
2024-05-10 12:30,45.31406
2024-05-10 12:45,49.94557
2024-05-10 13:00,48.41401
2024-05-10 13:15,49.29444
2024-05-10 13:30,40.5734
2024-05-10 13:45,36.45268
2024-05-10 14:00,34.70283
2024-05-10 14:15,34.34384
2024-05-10 14:30,35
2024-05-10 14:45,32.57587
2024-05-10 15:00,33.72002
2024-05-10 15:15,33.00855
2024-05-10 15:30,33.14094
2024-05-10 15:45,30.91833
2024-05-10 16:00,44.74385
2024-05-10 16:15,41.66104
2024-05-10 16:30,39.0236
2024-05-10 16:45,35.21088
2024-05-10 17:00,44.71502
2024-05-10 17:15,41.5555
2024-05-10 17:30,36.37597
2024-05-10 17:45,34.09838
2024-05-10 18:00,40.11336
2024-05-10 18:15,38.83193
2024-05-10 18:30,35.07586
2024-05-10 18:45,31.55645
2024-05-10 19:00,33.53024
2024-05-10 19:15,34.11208
2024-05-10 19:30,32.66212
2024-05-10 19:45,31.21625
2024-05-10 20:00,31.14184
2024-05-10 20:15,31.32347
2024-05-10 20:30,34.42764
2024-05-10 20:45,35.30294
2024-05-10 21:00,34.21453
2024-05-10 21:15,34.44305
2024-05-10 21:30,49.36587
2024-05-10 21:45,50.20475
2024-05-10 22:00,44.48618
2024-05-10 22:15,44.01957
2024-05-10 22:30,31.11233
2024-05-10 22:45,26.1467
2024-05-10 23:00,31.64922
2024-05-10 23:15,23.68631
2024-05-10 23:30,14.55121
2024-05-10 23:45,-5.45249
2024-05-11 0:00,-0.73915
2024-05-11 0:15,-5.55739
2024-05-11 0:30,-6.89026
2024-05-11 0:45,-6.41786
2024-05-11 1:00,-8.78332
2024-05-11 1:15,-8.76661
2024-05-11 1:30,-10.06229
2024-05-11 1:45,-10.71716
2024-05-11 2:00,-6.13732
2024-05-11 2:15,-6.6352
2024-05-11 2:30,-8.52134
2024-05-11 2:45,-9.7164
2024-05-11 3:00,-17.31034
2024-05-11 3:15,-17.49979
2024-05-11 3:30,-12.45589
2024-05-11 3:45,-12.39868
2024-05-11 4:00,-8.88669
2024-05-11 4:15,-8.60954
2024-05-11 4:30,-8.4586
2024-05-11 4:45,-11.33812
2024-05-11 5:00,-3.52353
2024-05-11 5:15,-1.5904
2024-05-11 5:30,-0.85472
2024-05-11 5:45,1.52877
2024-05-11 6:00,2.89586
2024-05-11 6:15,9.84607
2024-05-11 6:30,16.04581
2024-05-11 6:45,8.04638
2024-05-11 7:00,10.52585
2024-05-11 7:15,15.35969
2024-05-11 7:30,30.20484
2024-05-11 7:45,31.68576
2024-05-11 8:00,23.06007
2024-05-11 8:15,24.19105
2024-05-11 8:30,18.00166
2024-05-11 8:45,42.28247
2024-05-11 9:00,29.16148
2024-05-11 9:15,36.55644
2024-05-11 9:30,39.03352
2024-05-11 9:45,42.18758
2024-05-11 10:00,26.21379
2024-05-11 10:15,33.23062
2024-05-11 10:30,46.06645
2024-05-11 10:45,56.89993
2024-05-11 11:00,46.73602
2024-05-11 11:15,51.05287
2024-05-11 11:30,56.78785
2024-05-11 11:45,62.9391
2024-05-11 12:00,57.81954
2024-05-11 12:15,54.4464
2024-05-11 12:30,57.20026
2024-05-11 12:45,44.20882
2024-05-11 13:00,47.44477
2024-05-11 13:15,47.83066
2024-05-11 13:30,43.29098
2024-05-11 13:45,40.31361
2024-05-11 14:00,46.05784
2024-05-11 14:15,44.55185
2024-05-11 14:30,46.36695
2024-05-11 14:45,44.39498
2024-05-11 15:00,48.50435
2024-05-11 15:15,46.29936
2024-05-11 15:30,48.48303
2024-05-11 15:45,49.56605
2024-05-11 16:00,49.73461
2024-05-11 16:15,45.54065
2024-05-11 16:30,40.26027
2024-05-11 16:45,32.51458
2024-05-11 17:00,45.94094
2024-05-11 17:15,45.65981
2024-05-11 17:30,43.35807
2024-05-11 17:45,39.49039
2024-05-11 18:00,45.01304
2024-05-11 18:15,37.83019
2024-05-11 18:30,37.20393
2024-05-11 18:45,35.84145
2024-05-11 19:00,44.66368
2024-05-11 19:15,44.65312
2024-05-11 19:30,45.64641
2024-05-11 19:45,45.03193
2024-05-11 20:00,38.39755
2024-05-11 20:15,42.18061
2024-05-11 20:30,44.82012
2024-05-11 20:45,42.5142
2024-05-11 21:00,40.47524
2024-05-11 21:15,40.61932
2024-05-11 21:30,42.7623
2024-05-11 21:45,45.34427
2024-05-11 22:00,38.53053
2024-05-11 22:15,32.85379
2024-05-11 22:30,29.50121
2024-05-11 22:45,24.58059
2024-05-11 23:00,31.90179
2024-05-11 23:15,10.844
2024-05-11 23:30,-7.09277
2024-05-11 23:45,-15.05181
2024-05-12 0:00,-12.28066
2024-05-12 0:15,-15.90033
2024-05-12 0:30,-18.35819
2024-05-12 0:45,-31.91058
2024-05-12 1:00,-18.70811
2024-05-12 1:15,-20.80943
2024-05-12 1:30,-25.86517
2024-05-12 1:45,-32.69895
2024-05-12 2:00,-19.67362
2024-05-12 2:15,-21.31028
2024-05-12 2:30,-24.22486
2024-05-12 2:45,-33.19126
2024-05-12 3:00,-19.61172
2024-05-12 3:15,-22.47257
2024-05-12 3:30,-22.28234
2024-05-12 3:45,-21.92969
2024-05-12 4:00,-22.56981
2024-05-12 4:15,-21.93018
2024-05-12 4:30,-23.13298
2024-05-12 4:45,-23.48553
2024-05-12 5:00,-20.23891
2024-05-12 5:15,-19.59878
2024-05-12 5:30,-24.77603
2024-05-12 5:45,-23.6289
2024-05-12 6:00,-20.52844
2024-05-12 6:15,-24.47415
2024-05-12 6:30,-32.44736
2024-05-12 6:45,-33.9947
2024-05-12 7:00,-30.61292
2024-05-12 7:15,-23.15582
2024-05-12 7:30,-20.11245
2024-05-12 7:45,-18.37896
2024-05-12 8:00,-19.45495
2024-05-12 8:15,-15.23927
2024-05-12 8:30,-12.34573
2024-05-12 8:45,-6.26865
2024-05-12 9:00,-24.12172
2024-05-12 9:15,-22.13549
2024-05-12 9:30,-4.83781
2024-05-12 9:45,4.95575
2024-05-12 10:00,8.45267
2024-05-12 10:15,25.67946
2024-05-12 10:30,36.67241
2024-05-12 10:45,56.46748
2024-05-12 11:00,36.39571
2024-05-12 11:15,51.97035
2024-05-12 11:30,59.63272
2024-05-12 11:45,56.18144
2024-05-12 12:00,49.57306
2024-05-12 12:15,52.56375
2024-05-12 12:30,45.80239
2024-05-12 12:45,44.94568
2024-05-12 13:00,45.82832
2024-05-12 13:15,48.77905
2024-05-12 13:30,45.60419
2024-05-12 13:45,38.9724
2024-05-12 14:00,46.3729
2024-05-12 14:15,46.19813
2024-05-12 14:30,51.68045
2024-05-12 14:45,53.84312
2024-05-12 15:00,55.38303
2024-05-12 15:15,54.18617
2024-05-12 15:30,54.75504
2024-05-12 15:45,52.1447
2024-05-12 16:00,49.17694
2024-05-12 16:15,45.55959
2024-05-12 16:30,47.6016
2024-05-12 16:45,36.21576
2024-05-12 17:00,43.73804
2024-05-12 17:15,38.45954
2024-05-12 17:30,40.59689
2024-05-12 17:45,36.10437
2024-05-12 18:00,41.26139
2024-05-12 18:15,39.70987
2024-05-12 18:30,37.10102
2024-05-12 18:45,33.99849
2024-05-12 19:00,40.52526
2024-05-12 19:15,35.45214
2024-05-12 19:30,35.45086
2024-05-12 19:45,33.91368
2024-05-12 20:00,33.21519
2024-05-12 20:15,33.98009
2024-05-12 20:30,33.86024
2024-05-12 20:45,34.01805
2024-05-12 21:00,30.08263
2024-05-12 21:15,28.99663
2024-05-12 21:30,31.80665
2024-05-12 21:45,33.04039
2024-05-12 22:00,32.74327
2024-05-12 22:15,30.94306
2024-05-12 22:30,15.06014
2024-05-12 22:45,5.0219
2024-05-12 23:00,18.17995
2024-05-12 23:15,0.74534
2024-05-12 23:30,-19.01196
2024-05-12 23:45,-31.37009
2024-05-13 0:00,-17.33073
2024-05-13 0:15,-17.39252
2024-05-13 0:30,-28.01737
2024-05-13 0:45,-31.86794
2024-05-13 1:00,-25.44603
2024-05-13 1:15,-27.07211
2024-05-13 1:30,-42.53839
2024-05-13 1:45,-34.77635
2024-05-13 2:00,-25.31046
2024-05-13 2:15,-31.11165
2024-05-13 2:30,-32.19494
2024-05-13 2:45,-39.98864
2024-05-13 3:00,-32.89754
2024-05-13 3:15,-36.01904
2024-05-13 3:30,-36.00419
2024-05-13 3:45,-38.76426
2024-05-13 4:00,-35.21714
2024-05-13 4:15,-37.53214
2024-05-13 4:30,-35.46345
2024-05-13 4:45,-35.37019
2024-05-13 5:00,-34.82956
2024-05-13 5:15,-41.98753
2024-05-13 5:30,-44.8198
2024-05-13 5:45,-45.00375
2024-05-13 6:00,-45.38079
2024-05-13 6:15,-45.33336
2024-05-13 6:30,-45.34696
2024-05-13 6:45,-45.1778
2024-05-13 7:00,-45.00312
2024-05-13 7:15,-44.49551
2024-05-13 7:30,-30.47537
2024-05-13 7:45,-27.48468
2024-05-13 8:00,-21.64642
2024-05-13 8:15,-21.6816
2024-05-13 8:30,-6.68764
2024-05-13 8:45,-6.96429
2024-05-13 9:00,-18.63063
2024-05-13 9:15,-10.79815
2024-05-13 9:30,4.39367
2024-05-13 9:45,13.49657
2024-05-13 10:00,3.203
2024-05-13 10:15,18.83697
2024-05-13 10:30,35.35903
2024-05-13 10:45,53.52537
2024-05-13 11:00,33.23023
2024-05-13 11:15,36.17503
2024-05-13 11:30,41.08517
2024-05-13 11:45,44.14234
2024-05-13 12:00,42.79615
2024-05-13 12:15,42.27796
2024-05-13 12:30,42.03526
2024-05-13 12:45,40.07689
2024-05-13 13:00,41.75365
2024-05-13 13:15,38.59039
2024-05-13 13:30,35.7599
2024-05-13 13:45,32.9613
2024-05-13 14:00,39.0674
2024-05-13 14:15,35.71421
2024-05-13 14:30,34.73987
2024-05-13 14:45,33.52647
2024-05-13 15:00,35.25926
2024-05-13 15:15,35.24996
2024-05-13 15:30,34.0451
2024-05-13 15:45,30.71279
2024-05-13 16:00,38.69466
2024-05-13 16:15,35.3181
2024-05-13 16:30,32.21904
2024-05-13 16:45,30.67998
2024-05-13 17:00,32.69608
2024-05-13 17:15,29.9511
2024-05-13 17:30,30.46553
2024-05-13 17:45,29.44541
2024-05-13 18:00,29.44541
2024-05-13 18:15,31.34782
2024-05-13 18:30,31.36684
2024-05-13 18:45,30.80609
2024-05-13 19:00,30.67203
2024-05-13 19:15,30.68446
2024-05-13 19:30,30.7374
2024-05-13 19:45,30.73732
2024-05-13 20:00,30.68757
2024-05-13 20:15,30.72427
2024-05-13 20:30,32.27071
2024-05-13 20:45,34.72363
2024-05-13 21:00,30.87492
2024-05-13 21:15,33.90598
2024-05-13 21:30,37.47287
2024-05-13 21:45,41.37514
2024-05-13 22:00,52.22794
2024-05-13 22:15,40.09184
2024-05-13 22:30,30.65565
2024-05-13 22:45,28.87735
2024-05-13 23:00,28.35515
2024-05-13 23:15,10.96077
2024-05-13 23:30,-7.15542
2024-05-13 23:45,-8.65549
2024-05-14 0:00,-6.29799
2024-05-14 0:15,-9.40188
2024-05-14 0:30,-11.06833
2024-05-14 0:45,-9.74535
2024-05-14 1:00,-9.39418
2024-05-14 1:15,-10.11512
2024-05-14 1:30,-12.90126
2024-05-14 1:45,-13.06297
2024-05-14 2:00,2.0273
2024-05-14 2:15,2.02574
2024-05-14 2:30,2.20636
2024-05-14 2:45,3.95755
2024-05-14 3:00,4.44479
2024-05-14 3:15,5.54637
2024-05-14 3:30,4.72464
2024-05-14 3:45,1.92328
2024-05-14 4:00,-1.04199
2024-05-14 4:15,0.28402
2024-05-14 4:30,1.84936
2024-05-14 4:45,-7.14131
2024-05-14 5:00,-6.11515
2024-05-14 5:15,-3.07895
2024-05-14 5:30,-5.20152
2024-05-14 5:45,-5.25698
2024-05-14 6:00,-4.26888
2024-05-14 6:15,-7.90934
2024-05-14 6:30,-10.05953
2024-05-14 6:45,-3.38574
2024-05-14 7:00,0.48304
2024-05-14 7:15,1.80409
2024-05-14 7:30,6.21615
2024-05-14 7:45,7.12861
2024-05-14 8:00,7.98782
2024-05-14 8:15,11.07429
2024-05-14 8:30,17.30841
2024-05-14 8:45,21.83638
2024-05-14 9:00,3.69244
2024-05-14 9:15,11.93303
2024-05-14 9:30,23.69706
2024-05-14 9:45,37.06598
2024-05-14 10:00,19.04124
2024-05-14 10:15,22.15728
2024-05-14 10:30,37.48631
2024-05-14 10:45,61.34506
2024-05-14 11:00,43.05268
2024-05-14 11:15,43.76495
2024-05-14 11:30,45.54605
2024-05-14 11:45,46.82888
2024-05-14 12:00,49.16715
2024-05-14 12:15,47.39631
2024-05-14 12:30,50.86265
2024-05-14 12:45,49.42875
2024-05-14 13:00,49.88909
2024-05-14 13:15,51.52974
2024-05-14 13:30,44.36114
2024-05-14 13:45,40.52668
2024-05-14 14:00,41.32573
2024-05-14 14:15,40.777
2024-05-14 14:30,35.9645
2024-05-14 14:45,31.6512
2024-05-14 15:00,39.95282
2024-05-14 15:15,34.10623
2024-05-14 15:30,30.72677
2024-05-14 15:45,29.58339
2024-05-14 16:00,31.16336
2024-05-14 16:15,31.45519
2024-05-14 16:30,31.38713
2024-05-14 16:45,29.88989
2024-05-14 17:00,33.59751
2024-05-14 17:15,33.69065
2024-05-14 17:30,31.87092
2024-05-14 17:45,33.94614
2024-05-14 18:00,34.28175
2024-05-14 18:15,33.54649
2024-05-14 18:30,32.83539
2024-05-14 18:45,32.11111
2024-05-14 19:00,34.00758
2024-05-14 19:15,33.59087
2024-05-14 19:30,32.39728
2024-05-14 19:45,31.93321
2024-05-14 20:00,30.50264
2024-05-14 20:15,33.81312
2024-05-14 20:30,37.34865
2024-05-14 20:45,38.20551
2024-05-14 21:00,34.81758
2024-05-14 21:15,33.44702
2024-05-14 21:30,36.45063
2024-05-14 21:45,37.76286
2024-05-14 22:00,36.10663
2024-05-14 22:15,32.48568
2024-05-14 22:30,28.87659
2024-05-14 22:45,23.70211
2024-05-14 23:00,31.77323
2024-05-14 23:15,8.12304
2024-05-14 23:30,1.9402
2024-05-14 23:45,-0.63403
2024-05-15 0:00,1.5307
2024-05-15 0:15,-1.15104
2024-05-15 0:30,-12.61753
2024-05-15 0:45,-5.94719
2024-05-15 1:00,-4.11416
2024-05-15 1:15,-5.0839
2024-05-15 1:30,-5.83097
2024-05-15 1:45,-6.04241
2024-05-15 2:00,1.02491
2024-05-15 2:15,-0.42475
2024-05-15 2:30,-2.19235
2024-05-15 2:45,-9.74206
2024-05-15 3:00,-11.94594
2024-05-15 3:15,-11.8127
2024-05-15 3:30,-10.6869
2024-05-15 3:45,-7.59819
2024-05-15 4:00,-8.04634
2024-05-15 4:15,-7.76859
2024-05-15 4:30,-8.25405
2024-05-15 4:45,-6.47722
2024-05-15 5:00,-3.87468
2024-05-15 5:15,-4.30464
2024-05-15 5:30,-1.00817
2024-05-15 5:45,0.41348
2024-05-15 6:00,4.05912
2024-05-15 6:15,5.44806
2024-05-15 6:30,3.80644
2024-05-15 6:45,9.27069
2024-05-15 7:00,1.92031
2024-05-15 7:15,4.28157
2024-05-15 7:30,3.75401
2024-05-15 7:45,12.77642
2024-05-15 8:00,0.45122
2024-05-15 8:15,2.51708
2024-05-15 8:30,3.23027
2024-05-15 8:45,3.7966
2024-05-15 9:00,0.2436
2024-05-15 9:15,2.25858
2024-05-15 9:30,5.79158
2024-05-15 9:45,51.44928
2024-05-15 10:00,28.89761
2024-05-15 10:15,34.59624
2024-05-15 10:30,49.33558
2024-05-15 10:45,59.46299
2024-05-15 11:00,35.51285
2024-05-15 11:15,41.98013
2024-05-15 11:30,39.43357
2024-05-15 11:45,42.23737
2024-05-15 12:00,39.44385
2024-05-15 12:15,38.6568
2024-05-15 12:30,37.14773
2024-05-15 12:45,36.54137
2024-05-15 13:00,36.26918
2024-05-15 13:15,35.55204
2024-05-15 13:30,35.53732
2024-05-15 13:45,34.52868
2024-05-15 14:00,34.38728
2024-05-15 14:15,33.72312
2024-05-15 14:30,33.81238
2024-05-15 14:45,33.53164
2024-05-15 15:00,33.7497
2024-05-15 15:15,33.82616
2024-05-15 15:30,35.01074
2024-05-15 15:45,35.26458
2024-05-15 16:00,35.26458
2024-05-15 16:15,33.75305
2024-05-15 16:30,32.58481
2024-05-15 16:45,32.30585
2024-05-15 17:00,35.83454
2024-05-15 17:15,36.57854
2024-05-15 17:30,33.88818
2024-05-15 17:45,31.9979
2024-05-15 18:00,36.1604
2024-05-15 18:15,32.25624
2024-05-15 18:30,33.85974
2024-05-15 18:45,31.66737
2024-05-15 19:00,31.70546
2024-05-15 19:15,31.21028
2024-05-15 19:30,31.19908
2024-05-15 19:45,30.84459
2024-05-15 20:00,29.85119
2024-05-15 20:15,30.27288
2024-05-15 20:30,31.72745
2024-05-15 20:45,33.70289
2024-05-15 21:00,31.98176
2024-05-15 21:15,32.25554
2024-05-15 21:30,33.71104
2024-05-15 21:45,35.78518
2024-05-15 22:00,41.2428
2024-05-15 22:15,43.38842
2024-05-15 22:30,35.70676
2024-05-15 22:45,25.01238
2024-05-15 23:00,29.80596
2024-05-15 23:15,17.41756
2024-05-15 23:30,8.10468
2024-05-15 23:45,5.20927
2024-05-16 0:00,10.06597
2024-05-16 0:15,10.10194
2024-05-16 0:30,9.22727
2024-05-16 0:45,8.12617
2024-05-16 1:00,7.31729
2024-05-16 1:15,10.80229
2024-05-16 1:30,-0.34119
2024-05-16 1:45,0.33436
2024-05-16 2:00,5.10689
2024-05-16 2:15,3.58615
2024-05-16 2:30,6.04727
2024-05-16 2:45,3.47682
2024-05-16 3:00,10.90976
2024-05-16 3:15,10.62868
2024-05-16 3:30,10.29542
2024-05-16 3:45,12.00497
2024-05-16 4:00,9.62402
2024-05-16 4:15,9.33771
2024-05-16 4:30,9.32045
2024-05-16 4:45,10.63315
2024-05-16 5:00,18.23366
2024-05-16 5:15,17.98521
2024-05-16 5:30,18.60635
2024-05-16 5:45,17.84699
2024-05-16 6:00,15.42958
2024-05-16 6:15,14.13091
2024-05-16 6:30,15.05811
2024-05-16 6:45,13.35311
2024-05-16 7:00,8.42718
2024-05-16 7:15,8.66681
2024-05-16 7:30,9.54387
2024-05-16 7:45,12.11706
2024-05-16 8:00,7.66524
2024-05-16 8:15,7.47847
2024-05-16 8:30,9.42876
2024-05-16 8:45,19.66763
2024-05-16 9:00,5.04259
2024-05-16 9:15,15.3795
2024-05-16 9:30,31.28227
2024-05-16 9:45,38.63564
2024-05-16 10:00,26.65825
2024-05-16 10:15,29.06224
2024-05-16 10:30,47.66707
2024-05-16 10:45,57.87806
2024-05-16 11:00,41.4375
2024-05-16 11:15,43.23955
2024-05-16 11:30,47.85076
2024-05-16 11:45,43.47177
2024-05-16 12:00,41.9959
2024-05-16 12:15,41.88586
2024-05-16 12:30,40.91069
2024-05-16 12:45,39.47159
2024-05-16 13:00,42.38557
2024-05-16 13:15,39.40789
2024-05-16 13:30,38.52603
2024-05-16 13:45,35.13585
2024-05-16 14:00,36.60401
2024-05-16 14:15,31.8104
2024-05-16 14:30,34.63228
2024-05-16 14:45,31.51466
2024-05-16 15:00,33.55583
2024-05-16 15:15,32.3533
2024-05-16 15:30,34.45396
2024-05-16 15:45,35.48532
2024-05-16 16:00,49.5204
2024-05-16 16:15,32.82548
2024-05-16 16:30,39.35838
2024-05-16 16:45,28.5301
2024-05-16 17:00,33.98161
2024-05-16 17:15,33.37615
2024-05-16 17:30,31.90352
2024-05-16 17:45,31.14627
2024-05-16 18:00,32.02834
2024-05-16 18:15,31.97776
2024-05-16 18:30,31.78545
2024-05-16 18:45,30.70945
2024-05-16 19:00,38.48234
2024-05-16 19:15,35.29069
2024-05-16 19:30,51.70122
2024-05-16 19:45,53.13811
2024-05-16 20:00,56.57295
2024-05-16 20:15,53.92395
2024-05-16 20:30,55.05276
2024-05-16 20:45,59.63853
2024-05-16 21:00,62.27952
2024-05-16 21:15,61.3445
2024-05-16 21:30,88.67363
2024-05-16 21:45,68.04737
2024-05-16 22:00,54.8839
2024-05-16 22:15,42.36462
2024-05-16 22:30,19.3966
2024-05-16 22:45,13.36911
2024-05-16 23:00,22.12373
2024-05-16 23:15,14.6526
2024-05-16 23:30,-3.17295
2024-05-16 23:45,-3.5063
2024-05-17 0:00,1.40066
2024-05-17 0:15,-0.64443
2024-05-17 0:30,-5.81378
2024-05-17 0:45,-16.12595
2024-05-17 1:00,-9.06263
2024-05-17 1:15,-9.68712
2024-05-17 1:30,-9.83315
2024-05-17 1:45,-9.83992
2024-05-17 2:00,-6.33356
2024-05-17 2:15,-5.72357
2024-05-17 2:30,-6.33452
2024-05-17 2:45,-6.33452
2024-05-17 3:00,-6.37894
2024-05-17 3:15,-7.00539
2024-05-17 3:30,-8.23459
2024-05-17 3:45,-6.50484
2024-05-17 4:00,-3.7205
2024-05-17 4:15,-6.4746
2024-05-17 4:30,-4.32607
2024-05-17 4:45,-4.48006
2024-05-17 5:00,-6.68898
2024-05-17 5:15,-6.40944
2024-05-17 5:30,-4.99421
2024-05-17 5:45,-10.06088
2024-05-17 6:00,-10.16178
2024-05-17 6:15,-9.94163
2024-05-17 6:30,-10.14272
2024-05-17 6:45,-13.70753
2024-05-17 7:00,-18.32541
2024-05-17 7:15,-15.15338
2024-05-17 7:30,-10.75772
2024-05-17 7:45,-11.1683
2024-05-17 8:00,-39.68829
2024-05-17 8:15,-19.85426
2024-05-17 8:30,-17.07377
2024-05-17 8:45,-14.18973
2024-05-17 9:00,-17.82813
2024-05-17 9:15,-17.88729
2024-05-17 9:30,-3.76742
2024-05-17 9:45,5.04904
2024-05-17 10:00,0.39239
2024-05-17 10:15,13.37936
2024-05-17 10:30,29.33022
2024-05-17 10:45,43.69943
2024-05-17 11:00,33.10286
2024-05-17 11:15,37.44638
2024-05-17 11:30,47.80849
2024-05-17 11:45,48.09259
2024-05-17 12:00,43.05373
2024-05-17 12:15,45.38057
2024-05-17 12:30,43.81633
2024-05-17 12:45,42.95508
2024-05-17 13:00,43.22075
2024-05-17 13:15,40.36574
2024-05-17 13:30,40.92651
2024-05-17 13:45,40.94698
2024-05-17 14:00,61.59039
2024-05-17 14:15,35.68596
2024-05-17 14:30,37.51123
2024-05-17 14:45,48.8426
2024-05-17 15:00,51.51967
2024-05-17 15:15,45.21042
2024-05-17 15:30,42.25859
2024-05-17 15:45,33.32096
2024-05-17 16:00,43.48332
2024-05-17 16:15,52.01135
2024-05-17 16:30,47.68498
2024-05-17 16:45,41.30606
2024-05-17 17:00,48.63393
2024-05-17 17:15,44.10306
2024-05-17 17:30,48.06124
2024-05-17 17:45,34.3491
2024-05-17 18:00,45.46966
2024-05-17 18:15,44.41425
2024-05-17 18:30,41.32941
2024-05-17 18:45,30.41053
2024-05-17 19:00,33.80477
2024-05-17 19:15,32.76677
2024-05-17 19:30,33.4433
2024-05-17 19:45,39.39627
2024-05-17 20:00,34.49495
2024-05-17 20:15,34.10614
2024-05-17 20:30,37.11406
2024-05-17 20:45,49.98054
2024-05-17 21:00,40.53321
2024-05-17 21:15,40.88202
2024-05-17 21:30,59.61154
2024-05-17 21:45,56.40192
2024-05-17 22:00,76.82594
2024-05-17 22:15,42.97885
2024-05-17 22:30,31.3593
2024-05-17 22:45,12.53217
2024-05-17 23:00,9.30547
2024-05-17 23:15,-1.21977
2024-05-17 23:30,-21.4713
2024-05-17 23:45,-29.75953
2024-05-18 0:00,-19.47783
2024-05-18 0:15,-22.07854
2024-05-18 0:30,-25.45368
2024-05-18 0:45,-24.69992
2024-05-18 1:00,-25.84761
2024-05-18 1:15,-24.38488
2024-05-18 1:30,-25.24195
2024-05-18 1:45,-24.59894
2024-05-18 2:00,-18.19767
2024-05-18 2:15,-14.87522
2024-05-18 2:30,-16.63411
2024-05-18 2:45,-15.96314
2024-05-18 3:00,-18.39071
2024-05-18 3:15,-13.02973
2024-05-18 3:30,-16.91255
2024-05-18 3:45,-14.59762
2024-05-18 4:00,-12.51005
2024-05-18 4:15,-13.31202
2024-05-18 4:30,-12.85831
2024-05-18 4:45,-14.02827
2024-05-18 5:00,-15.16578
2024-05-18 5:15,-15.11374
2024-05-18 5:30,-19.48072
2024-05-18 5:45,-23.1229
2024-05-18 6:00,-25.7997
2024-05-18 6:15,-39.17693
2024-05-18 6:30,-46.0021
2024-05-18 6:45,-45.86462
2024-05-18 7:00,-41.76905
2024-05-18 7:15,-41.98191
2024-05-18 7:30,-42.31697
2024-05-18 7:45,-43.64287
2024-05-18 8:00,-46.40223
2024-05-18 8:15,-46.87498
2024-05-18 8:30,-45.87753
2024-05-18 8:45,-46.04554
2024-05-18 9:00,-46.6855
2024-05-18 9:15,-43.6246
2024-05-18 9:30,-17.53672
2024-05-18 9:45,0.74328
2024-05-18 10:00,-1.99238
2024-05-18 10:15,0.8392
2024-05-18 10:30,9.87518
2024-05-18 10:45,30.28193
2024-05-18 11:00,17.57849
2024-05-18 11:15,27.90517
2024-05-18 11:30,31.18795
2024-05-18 11:45,33.06678
2024-05-18 12:00,31.18591
2024-05-18 12:15,31.54909
2024-05-18 12:30,32.42523
2024-05-18 12:45,30.35672
2024-05-18 13:00,26.25685
2024-05-18 13:15,22.67331
2024-05-18 13:30,18.33674
2024-05-18 13:45,11.42183
2024-05-18 14:00,17.59756
2024-05-18 14:15,12.83316
2024-05-18 14:30,11.08015
2024-05-18 14:45,10.44363
2024-05-18 15:00,11.22455
2024-05-18 15:15,10.60352
2024-05-18 15:30,11.27686
2024-05-18 15:45,10.32857
2024-05-18 16:00,13.13687
2024-05-18 16:15,12.51671
2024-05-18 16:30,11.66706
2024-05-18 16:45,10.49374
2024-05-18 17:00,11.23088
2024-05-18 17:15,10.75425
2024-05-18 17:30,9.85854
2024-05-18 17:45,8.83383
2024-05-18 18:00,9.46155
2024-05-18 18:15,9.158
2024-05-18 18:30,7.74343
2024-05-18 18:45,7.8183
2024-05-18 19:00,9.34729
2024-05-18 19:15,9.18572
2024-05-18 19:30,9.1312
2024-05-18 19:45,9.22039
2024-05-18 20:00,9.35001
2024-05-18 20:15,10.88021
2024-05-18 20:30,11.1774
2024-05-18 20:45,11.19429
2024-05-18 21:00,11.05911
2024-05-18 21:15,10.96426
2024-05-18 21:30,10.99967
2024-05-18 21:45,10.85265
2024-05-18 22:00,13.55963
2024-05-18 22:15,11.86213
2024-05-18 22:30,4.73603
2024-05-18 22:45,0
2024-05-18 23:00,6.34
2024-05-18 23:15,0.39621
2024-05-18 23:30,0.00801
2024-05-18 23:45,-0.00117
2024-05-19 0:00,0
2024-05-19 0:15,-0.09677
2024-05-19 0:30,-9.84158
2024-05-19 0:45,-21.56108
2024-05-19 1:00,-14.80499
2024-05-19 1:15,-15.91199
2024-05-19 1:30,-16.8474
2024-05-19 1:45,-24.18934
2024-05-19 2:00,-22.27838
2024-05-19 2:15,-26.69835
2024-05-19 2:30,-32.07783
2024-05-19 2:45,-40.35552
2024-05-19 3:00,-33.94719
2024-05-19 3:15,-23.05627
2024-05-19 3:30,-26.74555
2024-05-19 3:45,-32.95398
2024-05-19 4:00,-36.16369
2024-05-19 4:15,-39.15896
2024-05-19 4:30,-41.12409
2024-05-19 4:45,-42.89897
2024-05-19 5:00,-45.21773
2024-05-19 5:15,-45.12496
2024-05-19 5:30,-44.85826
2024-05-19 5:45,-44.84147
2024-05-19 6:00,-44.83757
2024-05-19 6:15,-45.10528
2024-05-19 6:30,-45.30919
2024-05-19 6:45,-44.72772
2024-05-19 7:00,-41.49907
2024-05-19 7:15,-39.59215
2024-05-19 7:30,-40.52003
2024-05-19 7:45,-31.06482
2024-05-19 8:00,-27.04837
2024-05-19 8:15,-20.65258
2024-05-19 8:30,-12.99605
2024-05-19 8:45,-10.10529
2024-05-19 9:00,-15.25127
2024-05-19 9:15,-10.15119
2024-05-19 9:30,-0.00462
2024-05-19 9:45,0
2024-05-19 10:00,-0.26118
2024-05-19 10:15,0.01031
2024-05-19 10:30,13.75475
2024-05-19 10:45,30.65728
2024-05-19 11:00,19.12498
2024-05-19 11:15,25.43629
2024-05-19 11:30,29.8601
2024-05-19 11:45,33.4429
2024-05-19 12:00,25.08539
2024-05-19 12:15,23.90869
2024-05-19 12:30,22.71086
2024-05-19 12:45,20.91277
2024-05-19 13:00,25.70252
2024-05-19 13:15,24.26796
2024-05-19 13:30,20.27665
2024-05-19 13:45,14.93234
2024-05-19 14:00,17.77217
2024-05-19 14:15,15.77253
2024-05-19 14:30,14.05688
2024-05-19 14:45,13.39048
2024-05-19 15:00,14.6464
2024-05-19 15:15,14.29524
2024-05-19 15:30,14.97708
2024-05-19 15:45,13.3782
2024-05-19 16:00,15.01997
2024-05-19 16:15,9.58259
2024-05-19 16:30,9.09603
2024-05-19 16:45,8.02532
2024-05-19 17:00,10.29272
2024-05-19 17:15,8.87826
2024-05-19 17:30,8.07048
2024-05-19 17:45,6.93263
2024-05-19 18:00,8.8725
2024-05-19 18:15,7.66902
2024-05-19 18:30,7.22088
2024-05-19 18:45,7.01713
2024-05-19 19:00,7.29132
2024-05-19 19:15,7.1131
2024-05-19 19:30,7.10017
2024-05-19 19:45,7.07153
2024-05-19 20:00,6.66751
2024-05-19 20:15,6.48202
2024-05-19 20:30,6.43568
2024-05-19 20:45,5.12255
2024-05-19 21:00,5.21032
2024-05-19 21:15,5.1738
2024-05-19 21:30,5.95172
2024-05-19 21:45,5.22081
2024-05-19 22:00,7.21286
2024-05-19 22:15,0.71308
2024-05-19 22:30,-5.40466
2024-05-19 22:45,-35.74406
2024-05-19 23:00,-15.30098
2024-05-19 23:15,-37.33558
2024-05-19 23:30,-41.2528
2024-05-19 23:45,-42.27253
2024-05-20 0:00,-39.58769
2024-05-20 0:15,-41.26962
2024-05-20 0:30,-43.41031
2024-05-20 0:45,-45.30552
2024-05-20 1:00,-44.21789
2024-05-20 1:15,-44.73343
2024-05-20 1:30,-44.89
2024-05-20 1:45,-45.0812
2024-05-20 2:00,-43.79843
2024-05-20 2:15,-44.89
2024-05-20 2:30,-44.96554
2024-05-20 2:45,-48.70115
2024-05-20 3:00,-44.96013
2024-05-20 3:15,-44.89
2024-05-20 3:30,-45.156
2024-05-20 3:45,-44.92317
2024-05-20 4:00,-45.49
2024-05-20 4:15,-45.59951
2024-05-20 4:30,-45.49849
2024-05-20 4:45,-46.64662
2024-05-20 5:00,-44.97089
2024-05-20 5:15,-44.88467
2024-05-20 5:30,-44.88441
2024-05-20 5:45,-44.87933
2024-05-20 6:00,-44.87398
2024-05-20 6:15,-44.87398
2024-05-20 6:30,-44.87933
2024-05-20 6:45,-44.72398
2024-05-20 7:00,-43.70421
2024-05-20 7:15,-40.56407
2024-05-20 7:30,-28.40168
2024-05-20 7:45,-15.08979
2024-05-20 8:00,-28.63923
2024-05-20 8:15,-16.82886
2024-05-20 8:30,-8.26119
2024-05-20 8:45,-11.86175
2024-05-20 9:00,-11.95329
2024-05-20 9:15,-7.04228
2024-05-20 9:30,0.30289
2024-05-20 9:45,-0.0012
2024-05-20 10:00,-7.9866
2024-05-20 10:15,0.00998
2024-05-20 10:30,7.79
2024-05-20 10:45,23.4448
2024-05-20 11:00,15
2024-05-20 11:15,19.03
2024-05-20 11:30,29.02614
2024-05-20 11:45,46.5096
2024-05-20 12:00,41.10906
2024-05-20 12:15,30.49773
2024-05-20 12:30,31.15782
2024-05-20 12:45,32.51822
2024-05-20 13:00,31.71535
2024-05-20 13:15,30.79235
2024-05-20 13:30,28.41825
2024-05-20 13:45,23.9918
2024-05-20 14:00,32.7105
2024-05-20 14:15,29.2205
2024-05-20 14:30,29.08211
2024-05-20 14:45,29.09482
2024-05-20 15:00,29.28943
2024-05-20 15:15,29.34286
2024-05-20 15:30,29.34772
2024-05-20 15:45,29.39566
2024-05-20 16:00,20.32107
2024-05-20 16:15,20.3392
2024-05-20 16:30,20.63217
2024-05-20 16:45,14.84914
2024-05-20 17:00,19.72146
2024-05-20 17:15,18.09093
2024-05-20 17:30,12.74527
2024-05-20 17:45,10.1984
2024-05-20 18:00,19.71062
2024-05-20 18:15,12.84976
2024-05-20 18:30,10.56134
2024-05-20 18:45,9.06513
2024-05-20 19:00,7.81626
2024-05-20 19:15,7.82491
2024-05-20 19:30,7.8635
2024-05-20 19:45,8.37694
2024-05-20 20:00,7.20622
2024-05-20 20:15,7.70446
2024-05-20 20:30,12.55512
2024-05-20 20:45,15.19709
2024-05-20 21:00,14.00712
2024-05-20 21:15,20.70222
2024-05-20 21:30,32.26909
2024-05-20 21:45,32.59561
2024-05-20 22:00,32.3303
2024-05-20 22:15,41.63998
2024-05-20 22:30,30.88042
2024-05-20 22:45,28.28054
2024-05-20 23:00,29.71782
2024-05-20 23:15,31.82196
2024-05-20 23:30,17.61696
2024-05-20 23:45,2.39607
2024-05-21 0:00,13.96765
2024-05-21 0:15,11.27969
2024-05-21 0:30,2.43943
2024-05-21 0:45,5.08524
2024-05-21 1:00,5.0993
2024-05-21 1:15,5.08868
2024-05-21 1:30,1.13247
2024-05-21 1:45,-0.00115
2024-05-21 2:00,-1.71269
2024-05-21 2:15,-5.34581
2024-05-21 2:30,-4.05766
2024-05-21 2:45,-0.3676
2024-05-21 3:00,-0.19702
2024-05-21 3:15,-0.04035
2024-05-21 3:30,-1.35662
2024-05-21 3:45,-7.57033
2024-05-21 4:00,-15.9952
2024-05-21 4:15,-16.51439
2024-05-21 4:30,-10.18771
2024-05-21 4:45,-10.21897
2024-05-21 5:00,-6.63444
2024-05-21 5:15,-6.29826
2024-05-21 5:30,-5.20777
2024-05-21 5:45,-9.75519
2024-05-21 6:00,-9.23416
2024-05-21 6:15,-9.96892
2024-05-21 6:30,-9.66858
2024-05-21 6:45,-14.81198
2024-05-21 7:00,-14.24529
2024-05-21 7:15,-11.3776
2024-05-21 7:30,-3.19193
2024-05-21 7:45,-5.6907
2024-05-21 8:00,-12.60482
2024-05-21 8:15,-11.64457
2024-05-21 8:30,-7.21209
2024-05-21 8:45,-4.41664
2024-05-21 9:00,-6.48838
2024-05-21 9:15,-1.50865
2024-05-21 9:30,-3.62557
2024-05-21 9:45,10.06881
2024-05-21 10:00,-0.57331
2024-05-21 10:15,14.70649
2024-05-21 10:30,25.29745
2024-05-21 10:45,29.30612
2024-05-21 11:00,23.27057
2024-05-21 11:15,32.43653
2024-05-21 11:30,32.76048
2024-05-21 11:45,45.0396
2024-05-21 12:00,45.10226
2024-05-21 12:15,55.55257
2024-05-21 12:30,50.81574
2024-05-21 12:45,55.13164
2024-05-21 13:00,48.89884
2024-05-21 13:15,44.40677
2024-05-21 13:30,33.78212
2024-05-21 13:45,27.73679
2024-05-21 14:00,30.133
2024-05-21 14:15,25.0227
2024-05-21 14:30,27.16556
2024-05-21 14:45,24.61589
2024-05-21 15:00,28.87187
2024-05-21 15:15,28.52561
2024-05-21 15:30,25.60647
2024-05-21 15:45,19.63944
2024-05-21 16:00,24.07003
2024-05-21 16:15,14.20152
2024-05-21 16:30,13.30172
2024-05-21 16:45,10.3185
2024-05-21 17:00,13.9132
2024-05-21 17:15,10.15419
2024-05-21 17:30,9.03602
2024-05-21 17:45,7.68212
2024-05-21 18:00,9.05546
2024-05-21 18:15,8.4429
2024-05-21 18:30,8.74117
2024-05-21 18:45,7.71245
2024-05-21 19:00,7.63107
2024-05-21 19:15,7.234
2024-05-21 19:30,7.66682
2024-05-21 19:45,7.68207
2024-05-21 20:00,8.15454
2024-05-21 20:15,9.09703
2024-05-21 20:30,13.92082
2024-05-21 20:45,17.62567
2024-05-21 21:00,24.26039
2024-05-21 21:15,24.45779
2024-05-21 21:30,32.3021
2024-05-21 21:45,31.70579
2024-05-21 22:00,30.95908
2024-05-21 22:15,31.55231
2024-05-21 22:30,21.03936
2024-05-21 22:45,11.4699
2024-05-21 23:00,7.15537
2024-05-21 23:15,0.75068
2024-05-21 23:30,-11.11441
2024-05-21 23:45,-13.69515
2024-05-22 0:00,-12.78955
2024-05-22 0:15,-11.55773
2024-05-22 0:30,-9.10189
2024-05-22 0:45,-11.53235
2024-05-22 1:00,-16.40295
2024-05-22 1:15,-8.50777
2024-05-22 1:30,-14.44559
2024-05-22 1:45,-16.14591
2024-05-22 2:00,-14.9566
2024-05-22 2:15,-17.366
2024-05-22 2:30,-16.98529
2024-05-22 2:45,-18.94868
2024-05-22 3:00,-16.4258
2024-05-22 3:15,-19.73054
2024-05-22 3:30,-16.3311
2024-05-22 3:45,-16.54303
2024-05-22 4:00,-17.8867
2024-05-22 4:15,-16.79105
2024-05-22 4:30,-18.72476
2024-05-22 4:45,-17.63036
2024-05-22 5:00,-19.48441
2024-05-22 5:15,-19.037
2024-05-22 5:30,-19.30666
2024-05-22 5:45,-16.15036
2024-05-22 6:00,-16.25029
2024-05-22 6:15,-15.53588
2024-05-22 6:30,-13.21108
2024-05-22 6:45,-6.83433
2024-05-22 7:00,-7.25651
2024-05-22 7:15,-8.96455
2024-05-22 7:30,-9.87312
2024-05-22 7:45,-7.61577
2024-05-22 8:00,-8.12809
2024-05-22 8:15,-3.80895
2024-05-22 8:30,3.06439
2024-05-22 8:45,11.7108
2024-05-22 9:00,-1.65503
2024-05-22 9:15,8.73699
2024-05-22 9:30,8.74066
2024-05-22 9:45,17.59957
2024-05-22 10:00,14.57461
2024-05-22 10:15,19.91809
2024-05-22 10:30,30.8252
2024-05-22 10:45,72.18992
2024-05-22 11:00,27.40069
2024-05-22 11:15,36.20111
2024-05-22 11:30,63.33192
2024-05-22 11:45,64.59084
2024-05-22 12:00,47.89198
2024-05-22 12:15,50.41568
2024-05-22 12:30,50.5886
2024-05-22 12:45,48.86568
2024-05-22 13:00,61.57146
2024-05-22 13:15,45.18533
2024-05-22 13:30,47.06899
2024-05-22 13:45,34.30901
2024-05-22 14:00,41.77796
2024-05-22 14:15,35.45142
2024-05-22 14:30,33.17629
2024-05-22 14:45,31.691
2024-05-22 15:00,31.05462
2024-05-22 15:15,30.81443
2024-05-22 15:30,28.66509
2024-05-22 15:45,28.9311
2024-05-22 16:00,29.39641
2024-05-22 16:15,27.86562
2024-05-22 16:30,29.01328
2024-05-22 16:45,22.83511
2024-05-22 17:00,22.17883
2024-05-22 17:15,19.14296
2024-05-22 17:30,19.03046
2024-05-22 17:45,15.34334
2024-05-22 18:00,25.09962
2024-05-22 18:15,19.25869
2024-05-22 18:30,19.25674
2024-05-22 18:45,16.55342
2024-05-22 19:00,18.67005
2024-05-22 19:15,18.15461
2024-05-22 19:30,16.45225
2024-05-22 19:45,12.30385
2024-05-22 20:00,13.18445
2024-05-22 20:15,16.2209
2024-05-22 20:30,19.11235
2024-05-22 20:45,18.95512
2024-05-22 21:00,11.12536
2024-05-22 21:15,11.69741
2024-05-22 21:30,15.47382
2024-05-22 21:45,14.4509
2024-05-22 22:00,28.00835
2024-05-22 22:15,22.80733
2024-05-22 22:30,13.9102
2024-05-22 22:45,23.10768
2024-05-22 23:00,25.34443
2024-05-22 23:15,23.37732
2024-05-22 23:30,4.97651
2024-05-22 23:45,-5.06958
2024-05-23 0:00,-5.59746
2024-05-23 0:15,-6.95659
2024-05-23 0:30,-9.89015
2024-05-23 0:45,-13.88166
2024-05-23 1:00,-10.48652
2024-05-23 1:15,-10.3164
2024-05-23 1:30,-13.68668
2024-05-23 1:45,-16.3641
2024-05-23 2:00,-9.84714
2024-05-23 2:15,-9.7622
2024-05-23 2:30,-15.66984
2024-05-23 2:45,-14.23861
2024-05-23 3:00,-13.2835
2024-05-23 3:15,-10.93166
2024-05-23 3:30,-0.90086
2024-05-23 3:45,-12.92113
2024-05-23 4:00,-10.05334
2024-05-23 4:15,-12.35898
2024-05-23 4:30,-12.97795
2024-05-23 4:45,-12.58979
2024-05-23 5:00,-6.8131
2024-05-23 5:15,-12.10344
2024-05-23 5:30,3.39889
2024-05-23 5:45,5.95848
2024-05-23 6:00,-1.01775
2024-05-23 6:15,-1.01775
2024-05-23 6:30,-8.8068
2024-05-23 6:45,5.58957
2024-05-23 7:00,0.79627
2024-05-23 7:15,3.43687
2024-05-23 7:30,3.06887
2024-05-23 7:45,7.86394
2024-05-23 8:00,0.84163
2024-05-23 8:15,-1.87229
2024-05-23 8:30,-0.15552
2024-05-23 8:45,10.63533
2024-05-23 9:00,1.62578
2024-05-23 9:15,5.10783
2024-05-23 9:30,-7.77531
2024-05-23 9:45,-2.80521
2024-05-23 10:00,-3.05797
2024-05-23 10:15,11.41762
2024-05-23 10:30,25.89107
2024-05-23 10:45,36.50732
2024-05-23 11:00,27.17486
2024-05-23 11:15,30.79656
2024-05-23 11:30,38.68429
2024-05-23 11:45,41.37861
2024-05-23 12:00,38.2621
2024-05-23 12:15,39.79845
2024-05-23 12:30,38.76519
2024-05-23 12:45,30.34132
2024-05-23 13:00,29.69165
2024-05-23 13:15,28.19417
2024-05-23 13:30,26.65598
2024-05-23 13:45,25.07518
2024-05-23 14:00,24.96929
2024-05-23 14:15,21.70274
2024-05-23 14:30,19.20849
2024-05-23 14:45,15.05184
2024-05-23 15:00,13.9082
2024-05-23 15:15,13.6687
2024-05-23 15:30,13.69411
2024-05-23 15:45,12.17103
2024-05-23 16:00,17.41274
2024-05-23 16:15,15.12677
2024-05-23 16:30,14.46759
2024-05-23 16:45,11.38751
2024-05-23 17:00,13.85088
2024-05-23 17:15,11.66724
2024-05-23 17:30,9.90275
2024-05-23 17:45,9.00245
2024-05-23 18:00,11.74085
2024-05-23 18:15,10.50758
2024-05-23 18:30,10.29625
2024-05-23 18:45,9.07874
2024-05-23 19:00,12.06985
2024-05-23 19:15,11.70679
2024-05-23 19:30,10.95087
2024-05-23 19:45,12.16646
2024-05-23 20:00,10.32323
2024-05-23 20:15,12.12171
2024-05-23 20:30,13.74625
2024-05-23 20:45,16.02108
2024-05-23 21:00,13.82641
2024-05-23 21:15,15.50693
2024-05-23 21:30,15.95366
2024-05-23 21:45,10.40542
2024-05-23 22:00,15.68927
2024-05-23 22:15,16.01961
2024-05-23 22:30,7.07957
2024-05-23 22:45,12.6852
2024-05-23 23:00,14.6958
2024-05-23 23:15,16.58468
2024-05-23 23:30,6.29765
2024-05-23 23:45,2.67261
2024-05-24 0:00,6.63319
2024-05-24 0:15,5.3202
2024-05-24 0:30,1.20813
2024-05-24 0:45,-4.81247
2024-05-24 1:00,-4.02988
2024-05-24 1:15,-6.28645
2024-05-24 1:30,-6.88458
2024-05-24 1:45,-6.74109
2024-05-24 2:00,-1.49303
2024-05-24 2:15,-1.73591
2024-05-24 2:30,-4.25236
2024-05-24 2:45,-4.54233
2024-05-24 3:00,-1.15582
2024-05-24 3:15,-5.54014
2024-05-24 3:30,0.30864
2024-05-24 3:45,-11.91455
2024-05-24 4:00,-14.17001
2024-05-24 4:15,-14.60444
2024-05-24 4:30,-13.95679
2024-05-24 4:45,-11.3402
2024-05-24 5:00,-10.56667
2024-05-24 5:15,-7.04635
2024-05-24 5:30,-3.60366
2024-05-24 5:45,6.01901
2024-05-24 6:00,9.31562
2024-05-24 6:15,10.91616
2024-05-24 6:30,10.70464
2024-05-24 6:45,12.75527
2024-05-24 7:00,17.31196
2024-05-24 7:15,17.81032
2024-05-24 7:30,17.46923
2024-05-24 7:45,22.6311
2024-05-24 8:00,5.62191
2024-05-24 8:15,15.31891
2024-05-24 8:30,10.45942
2024-05-24 8:45,15.26086
2024-05-24 9:00,18.76145
2024-05-24 9:15,28.76845
2024-05-24 9:30,13.46485
2024-05-24 9:45,67.78222
2024-05-24 10:00,5.52022
2024-05-24 10:15,15.80748
2024-05-24 10:30,29.9352
2024-05-24 10:45,44.45405
2024-05-24 11:00,33.21136
2024-05-24 11:15,45.70202
2024-05-24 11:30,41.48402
2024-05-24 11:45,74.90435
2024-05-24 12:00,46.99571
2024-05-24 12:15,60.22349
2024-05-24 12:30,48.96381
2024-05-24 12:45,88.31451
2024-05-24 13:00,76.21702
2024-05-24 13:15,53.92171
2024-05-24 13:30,61.60715
2024-05-24 13:45,59.14585
2024-05-24 14:00,75.34543
2024-05-24 14:15,33.09327
2024-05-24 14:30,31.45547
2024-05-24 14:45,27.51891
2024-05-24 15:00,26.99484
2024-05-24 15:15,26.4969
2024-05-24 15:30,26.40077
2024-05-24 15:45,23.83952
2024-05-24 16:00,25.90809
2024-05-24 16:15,23.97317
2024-05-24 16:30,23.22445
2024-05-24 16:45,22.00912
2024-05-24 17:00,27.50321
2024-05-24 17:15,26.43456
2024-05-24 17:30,26.28079
2024-05-24 17:45,23.16315
2024-05-24 18:00,25.92363
2024-05-24 18:15,24.21277
2024-05-24 18:30,24.77281
2024-05-24 18:45,22.10343
2024-05-24 19:00,25.18629
2024-05-24 19:15,25.29064
2024-05-24 19:30,25.34947
2024-05-24 19:45,25.33426
2024-05-24 20:00,19.27
2024-05-24 20:15,23.81734
2024-05-24 20:30,25.94657
2024-05-24 20:45,28.94717
2024-05-24 21:00,29.5283
2024-05-24 21:15,31.80895
2024-05-24 21:30,45.9152
2024-05-24 21:45,39.64686
2024-05-24 22:00,41.39332
2024-05-24 22:15,43.39906
2024-05-24 22:30,27.98291
2024-05-24 22:45,25.15746
2024-05-24 23:00,32.74358
2024-05-24 23:15,31.64922
2024-05-24 23:30,14.22048
2024-05-24 23:45,13.14899
2024-05-25 0:00,22.71055
2024-05-25 0:15,23.06759
2024-05-25 0:30,22.21106
2024-05-25 0:45,19.44764
2024-05-25 1:00,18.57027
2024-05-25 1:15,16.25009
2024-05-25 1:30,10.53201
2024-05-25 1:45,4.87937
2024-05-25 2:00,2.07603
2024-05-25 2:15,0.3088
2024-05-25 2:30,-2.57135
2024-05-25 2:45,-2.55643
2024-05-25 3:00,-3.92264
2024-05-25 3:15,-3.7565
2024-05-25 3:30,-4.4625
2024-05-25 3:45,-3.76064
2024-05-25 4:00,-5.31589
2024-05-25 4:15,-5.12898
2024-05-25 4:30,-5.63727
2024-05-25 4:45,-6.03596
2024-05-25 5:00,-5.39415
2024-05-25 5:15,-3.73819
2024-05-25 5:30,-3.50731
2024-05-25 5:45,-3.70902
2024-05-25 6:00,-6.67803
2024-05-25 6:15,-10.28785
2024-05-25 6:30,-9.07246
2024-05-25 6:45,-10.5176
2024-05-25 7:00,-11.14027
2024-05-25 7:15,-11.53839
2024-05-25 7:30,-3.3456
2024-05-25 7:45,-3.58595
2024-05-25 8:00,-6.26197
2024-05-25 8:15,-2.20588
2024-05-25 8:30,-2.75679
2024-05-25 8:45,-2.25471
2024-05-25 9:00,-2.42092
2024-05-25 9:15,0.01178
2024-05-25 9:30,1.50826
2024-05-25 9:45,7.05938
2024-05-25 10:00,4.04509
2024-05-25 10:15,7.64181
2024-05-25 10:30,19.62303
2024-05-25 10:45,21.4692
2024-05-25 11:00,19.93638
2024-05-25 11:15,20.74267
2024-05-25 11:30,26.26928
2024-05-25 11:45,27.63225
2024-05-25 12:00,30.04744
2024-05-25 12:15,28.69498
2024-05-25 12:30,29.74115
2024-05-25 12:45,30.10646
2024-05-25 13:00,30.39352
2024-05-25 13:15,33.25688
2024-05-25 13:30,25.17441
2024-05-25 13:45,23.76318
2024-05-25 14:00,25.11494
2024-05-25 14:15,23.76568
2024-05-25 14:30,24.09039
2024-05-25 14:45,23.32852
2024-05-25 15:00,27.00929
2024-05-25 15:15,25.52102
2024-05-25 15:30,27.59533
2024-05-25 15:45,25.53675
2024-05-25 16:00,27.96319
2024-05-25 16:15,25.71298
2024-05-25 16:30,25.54571
2024-05-25 16:45,23.20156
2024-05-25 17:00,28.04194
2024-05-25 17:15,26.96092
2024-05-25 17:30,25.78801
2024-05-25 17:45,24.81558
2024-05-25 18:00,25.65947
2024-05-25 18:15,25.52776
2024-05-25 18:30,24.84667
2024-05-25 18:45,19.73728
2024-05-25 19:00,24.47406
2024-05-25 19:15,24.54303
2024-05-25 19:30,23.95472
2024-05-25 19:45,23.62833
2024-05-25 20:00,21.0017
2024-05-25 20:15,19.6146
2024-05-25 20:30,16.25685
2024-05-25 20:45,25.49179
2024-05-25 21:00,25.43168
2024-05-25 21:15,25.61929
2024-05-25 21:30,27.93257
2024-05-25 21:45,28.45145
2024-05-25 22:00,31.87156
2024-05-25 22:15,27.69553
2024-05-25 22:30,9.84586
2024-05-25 22:45,1.34619
2024-05-25 23:00,20.88825
2024-05-25 23:15,17.83256
2024-05-25 23:30,6.75437
2024-05-25 23:45,0.04371
2024-05-26 0:00,5.10128
2024-05-26 0:15,4.00335
2024-05-26 0:30,-6.47448
2024-05-26 0:45,-3.23864
2024-05-26 1:00,3.72611
2024-05-26 1:15,-3.16373
2024-05-26 1:30,-6.46492
2024-05-26 1:45,-10.23296
2024-05-26 2:00,4.5534
2024-05-26 2:15,-4.08246
2024-05-26 2:30,-9.8289
2024-05-26 2:45,-11.0823
2024-05-26 3:00,0.40513
2024-05-26 3:15,-6.32641
2024-05-26 3:30,-7.89055
2024-05-26 3:45,-24.29694
2024-05-26 4:00,-36.76238
2024-05-26 4:15,-40.24326
2024-05-26 4:30,-41.02846
2024-05-26 4:45,-36.98664
2024-05-26 5:00,-41.41141
2024-05-26 5:15,-44.13868
2024-05-26 5:30,-44.89
2024-05-26 5:45,-43.15557
2024-05-26 6:00,-38.56972
2024-05-26 6:15,-42.67254
2024-05-26 6:30,-42.77757
2024-05-26 6:45,-41.79023
2024-05-26 7:00,-44.89
2024-05-26 7:15,-44.1231
2024-05-26 7:30,-17.85839
2024-05-26 7:45,-20.03879
2024-05-26 8:00,-40.12886
2024-05-26 8:15,-14.12782
2024-05-26 8:30,-9.86073
2024-05-26 8:45,-6.0286
2024-05-26 9:00,-6.77796
2024-05-26 9:15,-5.04956
2024-05-26 9:30,-18.53665
2024-05-26 9:45,-6.77504
2024-05-26 10:00,-17.89767
2024-05-26 10:15,0
2024-05-26 10:30,4.96894
2024-05-26 10:45,15.44326
2024-05-26 11:00,7.17755
2024-05-26 11:15,12.89227
2024-05-26 11:30,15.82768
2024-05-26 11:45,19.95191
2024-05-26 12:00,16.17495
2024-05-26 12:15,15.85572
2024-05-26 12:30,15.33992
2024-05-26 12:45,10.26827
2024-05-26 13:00,10.08372
2024-05-26 13:15,7.09021
2024-05-26 13:30,6.53942
2024-05-26 13:45,5.50377
2024-05-26 14:00,9.36806
2024-05-26 14:15,6.64192
2024-05-26 14:30,5.38737
2024-05-26 14:45,5.17608
2024-05-26 15:00,5.1566
2024-05-26 15:15,5.13224
2024-05-26 15:30,5.13288
2024-05-26 15:45,5.12647
2024-05-26 16:00,5.54717
2024-05-26 16:15,5.25899
2024-05-26 16:30,5.00051
2024-05-26 16:45,4.34586
2024-05-26 17:00,5.04348
2024-05-26 17:15,4.76533
2024-05-26 17:30,4.34595
2024-05-26 17:45,3.2471
2024-05-26 18:00,5.02359
2024-05-26 18:15,4.45306
2024-05-26 18:30,4.15712
2024-05-26 18:45,3.90681
2024-05-26 19:00,4.03983
2024-05-26 19:15,3.38801
2024-05-26 19:30,3.94717
2024-05-26 19:45,3.37059
2024-05-26 20:00,1.01524
2024-05-26 20:15,1.01883
2024-05-26 20:30,0.98869
2024-05-26 20:45,0.99568
2024-05-26 21:00,0.5075
2024-05-26 21:15,0.98051
2024-05-26 21:30,0.50704
2024-05-26 21:45,0.00795
2024-05-26 22:00,0.99337
2024-05-26 22:15,0
2024-05-26 22:30,-12.31504
2024-05-26 22:45,-32.74257
2024-05-26 23:00,-35.3463
2024-05-26 23:15,-43.33126
2024-05-26 23:30,-50.34045
2024-05-26 23:45,-55.08731
2024-05-27 0:00,-46.60642
2024-05-27 0:15,-47.40047
2024-05-27 0:30,-50.47867
2024-05-27 0:45,-51.28986
2024-05-27 1:00,-48.93625
2024-05-27 1:15,-49.42513
2024-05-27 1:30,-51.0804
2024-05-27 1:45,-51.86906
2024-05-27 2:00,-50.61497
2024-05-27 2:15,-49.69737
2024-05-27 2:30,-51.57598
2024-05-27 2:45,-51.31458
2024-05-27 3:00,-49.98948
2024-05-27 3:15,-50.09133
2024-05-27 3:30,-52.46748
2024-05-27 3:45,-51.42839
2024-05-27 4:00,-50.86381
2024-05-27 4:15,-50.69308
2024-05-27 4:30,-52.39786
2024-05-27 4:45,-52.75292
2024-05-27 5:00,-52.75837
2024-05-27 5:15,-52.81963
2024-05-27 5:30,-53.09936
2024-05-27 5:45,-54.52083
2024-05-27 6:00,-54.67417
2024-05-27 6:15,-54.42812
2024-05-27 6:30,-54.09376
2024-05-27 6:45,-54.06128
2024-05-27 7:00,-55.09621
2024-05-27 7:15,-55.64319
2024-05-27 7:30,-54.44961
2024-05-27 7:45,-53.54091
2024-05-27 8:00,-51.231
2024-05-27 8:15,-49.54378
2024-05-27 8:30,-47.21429
2024-05-27 8:45,-45.73095
2024-05-27 9:00,-46.93665
2024-05-27 9:15,-45.07187
2024-05-27 9:30,-16.77048
2024-05-27 9:45,-3.40133
2024-05-27 10:00,-8.46614
2024-05-27 10:15,-0.51009
2024-05-27 10:30,11.40105
2024-05-27 10:45,23.86105
2024-05-27 11:00,17.76079
2024-05-27 11:15,23.71844
2024-05-27 11:30,26.39084
2024-05-27 11:45,32.585
2024-05-27 12:00,25.20069
2024-05-27 12:15,24.82924
2024-05-27 12:30,25.4835
2024-05-27 12:45,22.5989
2024-05-27 13:00,24.47389
2024-05-27 13:15,23.38132
2024-05-27 13:30,21.06487
2024-05-27 13:45,19.9964
2024-05-27 14:00,21.89936
2024-05-27 14:15,19.9988
2024-05-27 14:30,19.67292
2024-05-27 14:45,20.59057
2024-05-27 15:00,21.46428
2024-05-27 15:15,21.39803
2024-05-27 15:30,25.00829
2024-05-27 15:45,24.96188
2024-05-27 16:00,29.724
2024-05-27 16:15,28.18852
2024-05-27 16:30,27.61488
2024-05-27 16:45,27.62257
2024-05-27 17:00,30.05647
2024-05-27 17:15,30.23749
2024-05-27 17:30,28.2241
2024-05-27 17:45,28.28441
2024-05-27 18:00,30.31756
2024-05-27 18:15,28.64029
2024-05-27 18:30,27.77161
2024-05-27 18:45,24.74328
2024-05-27 19:00,25.24285
2024-05-27 19:15,25.51779
2024-05-27 19:30,25.53836
2024-05-27 19:45,25.12354
2024-05-27 20:00,20.88235
2024-05-27 20:15,22.84742
2024-05-27 20:30,23.98729
2024-05-27 20:45,23.22109
2024-05-27 21:00,25.97604
2024-05-27 21:15,26.44597
2024-05-27 21:30,37.4804
2024-05-27 21:45,36.78987
2024-05-27 22:00,49.40295
2024-05-27 22:15,35.80403
2024-05-27 22:30,17.33571
2024-05-27 22:45,-1.27205
2024-05-27 23:00,-10.45782
2024-05-27 23:15,-33.18915
2024-05-27 23:30,-34.98794
2024-05-27 23:45,-40.30588
2024-05-28 0:00,-35.61326
2024-05-28 0:15,-37.90949
2024-05-28 0:30,-43.38796
2024-05-28 0:45,-43.25465
2024-05-28 1:00,-33.91947
2024-05-28 1:15,-36.48604
2024-05-28 1:30,-43.36198
2024-05-28 1:45,-43.34725
2024-05-28 2:00,-36.55149
2024-05-28 2:15,-37.79244
2024-05-28 2:30,-43.88314
2024-05-28 2:45,-41.76651
2024-05-28 3:00,-39.53869
2024-05-28 3:15,-37.79072
2024-05-28 3:30,-39.52502
2024-05-28 3:45,-39.21987
2024-05-28 4:00,-36.03473
2024-05-28 4:15,-36.36489
2024-05-28 4:30,-35.66428
2024-05-28 4:45,-35.15907
2024-05-28 5:00,-35.27776
2024-05-28 5:15,-36.82186
2024-05-28 5:30,-34.57036
2024-05-28 5:45,-27.75583
2024-05-28 6:00,-25.25248
2024-05-28 6:15,-24.64729
2024-05-28 6:30,-25.7929
2024-05-28 6:45,-25.5761
2024-05-28 7:00,-20.46354
2024-05-28 7:15,-25.42915
2024-05-28 7:30,-25.16903
2024-05-28 7:45,-20.93608
2024-05-28 8:00,-24.95392
2024-05-28 8:15,-24.429
2024-05-28 8:30,-24.64407
2024-05-28 8:45,-19.06464
2024-05-28 9:00,-15.4754
2024-05-28 9:15,-11.57313
2024-05-28 9:30,7.86017
2024-05-28 9:45,21.8992
2024-05-28 10:00,16.83337
2024-05-28 10:15,25.88495
2024-05-28 10:30,39.94965
2024-05-28 10:45,52.73128
2024-05-28 11:00,35.79247
2024-05-28 11:15,44.92885
2024-05-28 11:30,65.93191
2024-05-28 11:45,71.80253
2024-05-28 12:00,77.65294
2024-05-28 12:15,91.39244
2024-05-28 12:30,82.38955
2024-05-28 12:45,64.73655
2024-05-28 13:00,65.0531
2024-05-28 13:15,56.21239
2024-05-28 13:30,50.77731
2024-05-28 13:45,49.9159
2024-05-28 14:00,50.0445
2024-05-28 14:15,46.30209
2024-05-28 14:30,44.96169
2024-05-28 14:45,39.70184
2024-05-28 15:00,39.9888
2024-05-28 15:15,35
2024-05-28 15:30,34.2188
2024-05-28 15:45,29.31501
2024-05-28 16:00,35.20793
2024-05-28 16:15,36.33388
2024-05-28 16:30,33.0943
2024-05-28 16:45,28.20491
2024-05-28 17:00,32.88028
2024-05-28 17:15,29.90247
2024-05-28 17:30,29.51615
2024-05-28 17:45,25.63289
2024-05-28 18:00,30.99234
2024-05-28 18:15,30.97815
2024-05-28 18:30,28.06867
2024-05-28 18:45,28.04039
2024-05-28 19:00,28.06567
2024-05-28 19:15,26.71355
2024-05-28 19:30,25.65115
2024-05-28 19:45,29.39101
2024-05-28 20:00,26.14731
2024-05-28 20:15,26.2194
2024-05-28 20:30,29.45904
2024-05-28 20:45,27.6064
2024-05-28 21:00,27.13333
2024-05-28 21:15,27.60942
2024-05-28 21:30,32.80216
2024-05-28 21:45,32.52629
2024-05-28 22:00,36.0394
2024-05-28 22:15,34.23773
2024-05-28 22:30,25.71314
2024-05-28 22:45,12.7624
2024-05-28 23:00,13.98887
2024-05-28 23:15,3.59839
2024-05-28 23:30,-4.6548
2024-05-28 23:45,-7.611
2024-05-29 0:00,-13.15209
2024-05-29 0:15,-12.03202
2024-05-29 0:30,-13.0703
2024-05-29 0:45,-14.38436
2024-05-29 1:00,-13.05686
2024-05-29 1:15,-13.22995
2024-05-29 1:30,-12.10591
2024-05-29 1:45,-15.62061
2024-05-29 2:00,-11.31716
2024-05-29 2:15,-11.15601
2024-05-29 2:30,-13.08878
2024-05-29 2:45,-12.05776
2024-05-29 3:00,-11.56441
2024-05-29 3:15,-15.49715
2024-05-29 3:30,-19.6355
2024-05-29 3:45,-14.08331
2024-05-29 4:00,-13.07121
2024-05-29 4:15,-11.85822
2024-05-29 4:30,-13.46243
2024-05-29 4:45,-12.96462
2024-05-29 5:00,-10.41828
2024-05-29 5:15,-14.15576
2024-05-29 5:30,-16.28571
2024-05-29 5:45,-14.28672
2024-05-29 6:00,-11.85315
2024-05-29 6:15,-10.12708
2024-05-29 6:30,-10.26057
2024-05-29 6:45,-8.01606
2024-05-29 7:00,-6.442
2024-05-29 7:15,-5.53113
2024-05-29 7:30,-4.11168
2024-05-29 7:45,-1.83404
2024-05-29 8:00,-0.30756
2024-05-29 8:15,2.55429
2024-05-29 8:30,4.01457
2024-05-29 8:45,7.18818
2024-05-29 9:00,0.45183
2024-05-29 9:15,5.18374
2024-05-29 9:30,9.52063
2024-05-29 9:45,24.69
2024-05-29 10:00,10.73452
2024-05-29 10:15,21.2906
2024-05-29 10:30,31.90289
2024-05-29 10:45,63.4988
2024-05-29 11:00,37.7512
2024-05-29 11:15,50.5176
2024-05-29 11:30,55
2024-05-29 11:45,59.9
2024-05-29 12:00,61.47
2024-05-29 12:15,53.0612
2024-05-29 12:30,54.2612
2024-05-29 12:45,51.26312
2024-05-29 13:00,53.20259
2024-05-29 13:15,46.06783
2024-05-29 13:30,37.00487
2024-05-29 13:45,31.59482
2024-05-29 14:00,34.78895
2024-05-29 14:15,31.09983
2024-05-29 14:30,28.24876
2024-05-29 14:45,25.7489
2024-05-29 15:00,26.28272
2024-05-29 15:15,25.58282
2024-05-29 15:30,24.72332
2024-05-29 15:45,23.36667
2024-05-29 16:00,24.09757
2024-05-29 16:15,21.25333
2024-05-29 16:30,22.11966
2024-05-29 16:45,20.92275
2024-05-29 17:00,21.2805
2024-05-29 17:15,12.1386
2024-05-29 17:30,11.96289
2024-05-29 17:45,11.43986
2024-05-29 18:00,12.03874
2024-05-29 18:15,11.03433
2024-05-29 18:30,11.0391
2024-05-29 18:45,10.95014
2024-05-29 19:00,11.42376
2024-05-29 19:15,11.4216
2024-05-29 19:30,12.12287
2024-05-29 19:45,12.31581
2024-05-29 20:00,11.36794
2024-05-29 20:15,12.13036
2024-05-29 20:30,15.21268
2024-05-29 20:45,17.4912
2024-05-29 21:00,15.15356
2024-05-29 21:15,19.914
2024-05-29 21:30,22.98897
2024-05-29 21:45,26.88615
2024-05-29 22:00,29.11513
2024-05-29 22:15,29.14534
2024-05-29 22:30,20.95547
2024-05-29 22:45,7.23927
2024-05-29 23:00,12.68436
2024-05-29 23:15,3.9259
2024-05-29 23:30,-7.45763
2024-05-29 23:45,-17.25075
2024-05-30 0:00,-12.94314
2024-05-30 0:15,-14.37704
2024-05-30 0:30,-13.67772
2024-05-30 0:45,-13.65307
2024-05-30 1:00,-11.55888
2024-05-30 1:15,-12.49739
2024-05-30 1:30,-13.0722
2024-05-30 1:45,-10.62363
2024-05-30 2:00,-13.30494
2024-05-30 2:15,-11.6404
2024-05-30 2:30,-12.12775
2024-05-30 2:45,-15.52439
2024-05-30 3:00,-14.71284
2024-05-30 3:15,-14.80318
2024-05-30 3:30,-14.82387
2024-05-30 3:45,-12.19996
2024-05-30 4:00,-12.85509
2024-05-30 4:15,-12.85957
2024-05-30 4:30,-11.76209
2024-05-30 4:45,-10.77505
2024-05-30 5:00,-10.77152
2024-05-30 5:15,-9.98659
2024-05-30 5:30,-8.37982
2024-05-30 5:45,-9.88039
2024-05-30 6:00,-8.31192
2024-05-30 6:15,-8.41317
2024-05-30 6:30,-11.50033
2024-05-30 6:45,-10.18269
2024-05-30 7:00,-10.81292
2024-05-30 7:15,-9.22487
2024-05-30 7:30,-10.73487
2024-05-30 7:45,-9.24403
2024-05-30 8:00,-13.1985
2024-05-30 8:15,-15.84308
2024-05-30 8:30,-14.01501
2024-05-30 8:45,-11.06771
2024-05-30 9:00,-12.10064
2024-05-30 9:15,-7.59068
2024-05-30 9:30,-1.39736
2024-05-30 9:45,7.04651
2024-05-30 10:00,0.03209
2024-05-30 10:15,9.10432
2024-05-30 10:30,23.93712
2024-05-30 10:45,34.93302
2024-05-30 11:00,22.5559
2024-05-30 11:15,26.55892
2024-05-30 11:30,31.43129
2024-05-30 11:45,34.92111
2024-05-30 12:00,32.38293
2024-05-30 12:15,31.75176
2024-05-30 12:30,32.08026
2024-05-30 12:45,31.52665
2024-05-30 13:00,32.12805
2024-05-30 13:15,31.2444
2024-05-30 13:30,27.17642
2024-05-30 13:45,25.23499
2024-05-30 14:00,26.17962
2024-05-30 14:15,21.09852
2024-05-30 14:30,22.4752
2024-05-30 14:45,22.94046
2024-05-30 15:00,23.18892
2024-05-30 15:15,22.06613
2024-05-30 15:30,22.89184
2024-05-30 15:45,23.06549
2024-05-30 16:00,28.23791
2024-05-30 16:15,28.6191
2024-05-30 16:30,26.16116
2024-05-30 16:45,25.47255
2024-05-30 17:00,29.22745
2024-05-30 17:15,27.74069
2024-05-30 17:30,28.78195
2024-05-30 17:45,26.49954
2024-05-30 18:00,28.80816
2024-05-30 18:15,28.77257
2024-05-30 18:30,28.15929
2024-05-30 18:45,26.48459
2024-05-30 19:00,27.24692
2024-05-30 19:15,27.47794
2024-05-30 19:30,28.66783
2024-05-30 19:45,29.31434
2024-05-30 20:00,24.77358
2024-05-30 20:15,25.77592
2024-05-30 20:30,29.26504
2024-05-30 20:45,31.11118
2024-05-30 21:00,29.5688
2024-05-30 21:15,32.63982
2024-05-30 21:30,32.8399
2024-05-30 21:45,33.26461
2024-05-30 22:00,36.04011
2024-05-30 22:15,34.444
2024-05-30 22:30,26.73947
2024-05-30 22:45,24.20097
2024-05-30 23:00,23.77265
2024-05-30 23:15,8.54292
2024-05-30 23:30,-6.3058
2024-05-30 23:45,-5.05542
2024-05-31 0:00,-1.24668
2024-05-31 0:15,-1.33872
2024-05-31 0:30,-3.06378
2024-05-31 0:45,-6.05163
2024-05-31 1:00,-5.85866
2024-05-31 1:15,-7.69694
2024-05-31 1:30,-12.00987
2024-05-31 1:45,-23.6542
2024-05-31 2:00,-22.88784
2024-05-31 2:15,-22.84096
2024-05-31 2:30,-22.13771
2024-05-31 2:45,-21.4097
2024-05-31 3:00,-22.8491
2024-05-31 3:15,-22.56078
2024-05-31 3:30,-22.64708
2024-05-31 3:45,-20.6604
2024-05-31 4:00,-20.05426
2024-05-31 4:15,-16.73233
2024-05-31 4:30,-16.40231
2024-05-31 4:45,-16.00564
2024-05-31 5:00,-17.56734
2024-05-31 5:15,-14.95212
2024-05-31 5:30,-15.65895
2024-05-31 5:45,-15.6258
2024-05-31 6:00,-15.44396
2024-05-31 6:15,-9.69675
2024-05-31 6:30,-10.53874
2024-05-31 6:45,-5.20587
2024-05-31 7:00,-9.65054
2024-05-31 7:15,-4.80496
2024-05-31 7:30,-3.53751
2024-05-31 7:45,-0.17358
2024-05-31 8:00,-4.18928
2024-05-31 8:15,-6.38873
2024-05-31 8:30,-2.89782
2024-05-31 8:45,2.21357
2024-05-31 9:00,-5.58562
2024-05-31 9:15,0.12517
2024-05-31 9:30,-5.8702
2024-05-31 9:45,3.24823
2024-05-31 10:00,9.74716
2024-05-31 10:15,20.33148
2024-05-31 10:30,30.49341
2024-05-31 10:45,53.372
2024-05-31 11:00,31.75851
2024-05-31 11:15,37.08474
2024-05-31 11:30,42.36309
2024-05-31 11:45,46.55911
2024-05-31 12:00,50.88609
2024-05-31 12:15,54.91827
2024-05-31 12:30,45.02229
2024-05-31 12:45,41.26821
2024-05-31 13:00,47.91199
2024-05-31 13:15,50.64092
2024-05-31 13:30,35.06688
2024-05-31 13:45,32.91215
2024-05-31 14:00,35.67463
2024-05-31 14:15,33.41739
2024-05-31 14:30,32.88889
2024-05-31 14:45,32.25044
2024-05-31 15:00,34.88891
2024-05-31 15:15,33.58019
2024-05-31 15:30,32.29617
2024-05-31 15:45,32.0256
2024-05-31 16:00,36.99409
2024-05-31 16:15,35.0184
2024-05-31 16:30,35.22224
2024-05-31 16:45,33.42815
2024-05-31 17:00,36.68737
2024-05-31 17:15,36.40634
2024-05-31 17:30,34.39896
2024-05-31 17:45,32.63798
2024-05-31 18:00,32.77984
2024-05-31 18:15,30.05467
2024-05-31 18:30,30.02847
2024-05-31 18:45,30.08111
2024-05-31 19:00,28.79637
2024-05-31 19:15,30.30751
2024-05-31 19:30,30.45395
2024-05-31 19:45,30.04758
2024-05-31 20:00,29.40712
2024-05-31 20:15,30.18261
2024-05-31 20:30,30.96446
2024-05-31 20:45,34.00515
2024-05-31 21:00,36.60499
2024-05-31 21:15,38.65385
2024-05-31 21:30,43.51928
2024-05-31 21:45,42.40584
2024-05-31 22:00,42.07974
2024-05-31 22:15,34.69532
2024-05-31 22:30,24.86701
2024-05-31 22:45,15.33136
2024-05-31 23:00,16.24628
2024-05-31 23:15,11.71584
2024-05-31 23:30,-14.57244
2024-05-31 23:45,-10.48427
2024-06-01 0:00,-10.18662
2024-06-01 0:15,-12.50325
2024-06-01 0:30,-12.15177
2024-06-01 0:45,-12.27299
2024-06-01 1:00,-11.80829
2024-06-01 1:15,-5.51517
2024-06-01 1:30,-7.10176
2024-06-01 1:45,-5.87358
2024-06-01 2:00,-2.71506
2024-06-01 2:15,-2.59893
2024-06-01 2:30,-4.09599
2024-06-01 2:45,-3.84552
2024-06-01 3:00,-4.71911
2024-06-01 3:15,-9.02728
2024-06-01 3:30,-7.17087
2024-06-01 3:45,-1.5605
2024-06-01 4:00,-7.97895
2024-06-01 4:15,-3.62705
2024-06-01 4:30,-9.02858
2024-06-01 4:45,-12.62136
2024-06-01 5:00,-5.45505
2024-06-01 5:15,-8.78635
2024-06-01 5:30,-14.9081
2024-06-01 5:45,-15.1015
2024-06-01 6:00,-16.31684
2024-06-01 6:15,-16.39669
2024-06-01 6:30,-17.53322
2024-06-01 6:45,-14.47093
2024-06-01 7:00,-9.2452
2024-06-01 7:15,-9.3061
2024-06-01 7:30,-9.40173
2024-06-01 7:45,-4.76059
2024-06-01 8:00,-3.77063
2024-06-01 8:15,-3.72637
2024-06-01 8:30,0.94097
2024-06-01 8:45,3.15541
2024-06-01 9:00,-19.67721
2024-06-01 9:15,-11.21837
2024-06-01 9:30,-3.1047
2024-06-01 9:45,12.08061
2024-06-01 10:00,8.405
2024-06-01 10:15,13.62031
2024-06-01 10:30,37.64499
2024-06-01 10:45,48.76012
2024-06-01 11:00,39.67998
2024-06-01 11:15,45.21676
2024-06-01 11:30,57.0785
2024-06-01 11:45,72.36011
2024-06-01 12:00,73.45475
2024-06-01 12:15,64.35955
2024-06-01 12:30,60.82749
2024-06-01 12:45,57.40197
2024-06-01 13:00,56.98248
2024-06-01 13:15,57.99605
2024-06-01 13:30,47.71825
2024-06-01 13:45,41.88929
2024-06-01 14:00,42.13688
2024-06-01 14:15,43.82022
2024-06-01 14:30,43.2821
2024-06-01 14:45,36.52567
2024-06-01 15:00,38.24152
2024-06-01 15:15,37.10818
2024-06-01 15:30,35.53412
2024-06-01 15:45,34.3898
2024-06-01 16:00,30.99986
2024-06-01 16:15,27.49146
2024-06-01 16:30,24.12
2024-06-01 16:45,25.19537
2024-06-01 17:00,34.7376
2024-06-01 17:15,37.019
2024-06-01 17:30,33.77919
2024-06-01 17:45,25.10506
2024-06-01 18:00,35.39348
2024-06-01 18:15,31.56873
2024-06-01 18:30,29.45814
2024-06-01 18:45,26.86173
2024-06-01 19:00,30.74935
2024-06-01 19:15,32.73772
2024-06-01 19:30,27.38705
2024-06-01 19:45,25.66303
2024-06-01 20:00,29.62208
2024-06-01 20:15,28.78151
2024-06-01 20:30,27.53283
2024-06-01 20:45,26.02122
2024-06-01 21:00,23.80932
2024-06-01 21:15,25.68144
2024-06-01 21:30,30.79959
2024-06-01 21:45,32.23529
2024-06-01 22:00,25.11382
2024-06-01 22:15,18.82667
2024-06-01 22:30,7.21793
2024-06-01 22:45,-0.00118
2024-06-01 23:00,-9.11894
2024-06-01 23:15,-23.56264
2024-06-01 23:30,-30.08611
2024-06-01 23:45,-31.87547
2024-06-02 0:00,-21.27964
2024-06-02 0:15,-20.58686
2024-06-02 0:30,-23.57156
2024-06-02 0:45,-27.07824
2024-06-02 1:00,-26.03587
2024-06-02 1:15,-26.48316
2024-06-02 1:30,-26.95786
2024-06-02 1:45,-27.6625
2024-06-02 2:00,-29.43745
2024-06-02 2:15,-35.01957
2024-06-02 2:30,-20.87918
2024-06-02 2:45,-19.29526
2024-06-02 3:00,-17.96422
2024-06-02 3:15,-17.89628
2024-06-02 3:30,-16.02402
2024-06-02 3:45,-16.93865
2024-06-02 4:00,-18.43212
2024-06-02 4:15,-18.42481
2024-06-02 4:30,-18.39859
2024-06-02 4:45,-20.39358
2024-06-02 5:00,-24.22987
2024-06-02 5:15,-23.42552
2024-06-02 5:30,-23.49373
2024-06-02 5:45,-22.11751
2024-06-02 6:00,-27.03841
2024-06-02 6:15,-27.02892
2024-06-02 6:30,-20.07281
2024-06-02 6:45,-17.79151
2024-06-02 7:00,-20.79185
2024-06-02 7:15,-21.0036
2024-06-02 7:30,-19.35371
2024-06-02 7:45,-22.87276
2024-06-02 8:00,-28.68251
2024-06-02 8:15,-31.536
2024-06-02 8:30,-32.5
2024-06-02 8:45,-23.90756
2024-06-02 9:00,-34.8
2024-06-02 9:15,-32.20305
2024-06-02 9:30,-28.86641
2024-06-02 9:45,-26.34952
2024-06-02 10:00,-15.29647
2024-06-02 10:15,-3.66937
2024-06-02 10:30,11.76908
2024-06-02 10:45,27.35098
2024-06-02 11:00,18.13112
2024-06-02 11:15,27.66128
2024-06-02 11:30,31.16167
2024-06-02 11:45,35.10921
2024-06-02 12:00,28.23126
2024-06-02 12:15,27.67344
2024-06-02 12:30,27.28993
2024-06-02 12:45,23.35735
2024-06-02 13:00,24.8495
2024-06-02 13:15,23.58196
2024-06-02 13:30,20.03171
2024-06-02 13:45,20.93368
2024-06-02 14:00,22.43099
2024-06-02 14:15,20.49649
2024-06-02 14:30,23.24364
2024-06-02 14:45,22.67283
2024-06-02 15:00,24.1409
2024-06-02 15:15,24.3036
2024-06-02 15:30,23.96748
2024-06-02 15:45,24.1488
2024-06-02 16:00,21.40159
2024-06-02 16:15,21.23165
2024-06-02 16:30,19.0596
2024-06-02 16:45,20.46333
2024-06-02 17:00,20.42306
2024-06-02 17:15,21.27444
2024-06-02 17:30,17.91699
2024-06-02 17:45,15.37601
2024-06-02 18:00,19.23839
2024-06-02 18:15,19.21233
2024-06-02 18:30,15.20364
2024-06-02 18:45,13.94015
2024-06-02 19:00,13.7587
2024-06-02 19:15,13.10402
2024-06-02 19:30,13.03141
2024-06-02 19:45,12.98043
2024-06-02 20:00,12.95835
2024-06-02 20:15,12.68909
2024-06-02 20:30,12.15394
2024-06-02 20:45,8.82968
2024-06-02 21:00,9.15541
2024-06-02 21:15,8.9459
2024-06-02 21:30,8.03894
2024-06-02 21:45,6.33549
2024-06-02 22:00,10.1076
2024-06-02 22:15,5.47985
2024-06-02 22:30,0
2024-06-02 22:45,-14.00599
2024-06-02 23:00,-11.79097
2024-06-02 23:15,-27.23087
2024-06-02 23:30,-37.28192
2024-06-02 23:45,-45.08011
2024-06-03 0:00,-51.64994
2024-06-03 0:15,-54.16381
2024-06-03 0:30,-47.92134
2024-06-03 0:45,-49.22943
2024-06-03 1:00,-43.64453
2024-06-03 1:15,-44.51558
2024-06-03 1:30,-43.65807
2024-06-03 1:45,-44.5475
2024-06-03 2:00,-44.74358
2024-06-03 2:15,-47.33013
2024-06-03 2:30,-48.46449
2024-06-03 2:45,-49.22318
2024-06-03 3:00,-49.19643
2024-06-03 3:15,-49.10657
2024-06-03 3:30,-49.13917
2024-06-03 3:45,-50.26776
2024-06-03 4:00,-49.75205
2024-06-03 4:15,-49.78812
2024-06-03 4:30,-50.52405
2024-06-03 4:45,-28.33107
2024-06-03 5:00,-27.84
2024-06-03 5:15,-25.81153
2024-06-03 5:30,-25.8145
2024-06-03 5:45,-28.46501
2024-06-03 6:00,-28.44277
2024-06-03 6:15,-25.43
2024-06-03 6:30,-23.02191
2024-06-03 6:45,-25.31726
2024-06-03 7:00,-23.33917
2024-06-03 7:15,-20.32825
2024-06-03 7:30,-17.26896
2024-06-03 7:45,-11.94305
2024-06-03 8:00,-15.03425
2024-06-03 8:15,-10.71159
2024-06-03 8:30,-9.84858
2024-06-03 8:45,0
2024-06-03 9:00,-2.04728
2024-06-03 9:15,2.40864
2024-06-03 9:30,8.09599
2024-06-03 9:45,27.84414
2024-06-03 10:00,6.22144
2024-06-03 10:15,14.67213
2024-06-03 10:30,27.83905
2024-06-03 10:45,34.73968
2024-06-03 11:00,25.45546
2024-06-03 11:15,28.74197
2024-06-03 11:30,29.17083
2024-06-03 11:45,40.09799
2024-06-03 12:00,30.45925
2024-06-03 12:15,30.35933
2024-06-03 12:30,28.23416
2024-06-03 12:45,28.706
2024-06-03 13:00,25.93699
2024-06-03 13:15,26.16317
2024-06-03 13:30,24.66138
2024-06-03 13:45,24.88777
2024-06-03 14:00,27.59754
2024-06-03 14:15,25.81364
2024-06-03 14:30,24.61743
2024-06-03 14:45,23.09267
2024-06-03 15:00,23.38891
2024-06-03 15:15,23.73383
2024-06-03 15:30,25.64234
2024-06-03 15:45,23.20489
2024-06-03 16:00,30.50931
2024-06-03 16:15,23.88027
2024-06-03 16:30,23.42256
2024-06-03 16:45,22.52141
2024-06-03 17:00,27.51561
2024-06-03 17:15,24.86769
2024-06-03 17:30,23.91906
2024-06-03 17:45,20.62841
2024-06-03 18:00,25.96825
2024-06-03 18:15,24.77166
2024-06-03 18:30,23.20282
2024-06-03 18:45,19.60185
2024-06-03 19:00,18.54283
2024-06-03 19:15,18.89003
2024-06-03 19:30,19.56778
2024-06-03 19:45,15.97107
2024-06-03 20:00,16.86871
2024-06-03 20:15,16.83592
2024-06-03 20:30,21.27663
2024-06-03 20:45,19.65149
2024-06-03 21:00,19.27216
2024-06-03 21:15,19.6662
2024-06-03 21:30,22.96944
2024-06-03 21:45,21.50219
2024-06-03 22:00,23.39085
2024-06-03 22:15,20.63666
2024-06-03 22:30,8.3805
2024-06-03 22:45,4.99292
2024-06-03 23:00,6.73538
2024-06-03 23:15,2.4435
2024-06-03 23:30,-1.85226
2024-06-03 23:45,-2.93323
2024-06-04 0:00,-3.13264
2024-06-04 0:15,-3.94329
2024-06-04 0:30,-5.73983
2024-06-04 0:45,-6.68696
2024-06-04 1:00,-6.09697
2024-06-04 1:15,-6.31888
2024-06-04 1:30,-3.49736
2024-06-04 1:45,-2.41008
2024-06-04 2:00,-0.08894
2024-06-04 2:15,0.00853
2024-06-04 2:30,0
2024-06-04 2:45,0
2024-06-04 3:00,0
2024-06-04 3:15,0
2024-06-04 3:30,-0.00002
2024-06-04 3:45,-0.99495
2024-06-04 4:00,-0.85231
2024-06-04 4:15,-1.64738
2024-06-04 4:30,-1.64098
2024-06-04 4:45,0
2024-06-04 5:00,-1.60567
2024-06-04 5:15,0
2024-06-04 5:30,0.01862
2024-06-04 5:45,0.35504
2024-06-04 6:00,-0.93109
2024-06-04 6:15,-0.00229
2024-06-04 6:30,3.39127
2024-06-04 6:45,0.36006
2024-06-04 7:00,0.98775
2024-06-04 7:15,5.29652
2024-06-04 7:30,5.71564
2024-06-04 7:45,6.28483
2024-06-04 8:00,5.26651
2024-06-04 8:15,5.70182
2024-06-04 8:30,7.23017
2024-06-04 8:45,9.85666
2024-06-04 9:00,6.19636
2024-06-04 9:15,7.52296
2024-06-04 9:30,13.90241
2024-06-04 9:45,24.711
2024-06-04 10:00,14.76512
2024-06-04 10:15,20.88991
2024-06-04 10:30,27.95908
2024-06-04 10:45,32.77034
2024-06-04 11:00,25.36304
2024-06-04 11:15,28.61022
2024-06-04 11:30,31.8065
2024-06-04 11:45,31.53459
2024-06-04 12:00,29.04763
2024-06-04 12:15,29.61123
2024-06-04 12:30,29.2475
2024-06-04 12:45,28.7477
2024-06-04 13:00,28.92545
2024-06-04 13:15,31.6818
2024-06-04 13:30,30.20791
2024-06-04 13:45,28.68622
2024-06-04 14:00,30.26444
2024-06-04 14:15,28.94921
2024-06-04 14:30,26.06174
2024-06-04 14:45,25.18781
2024-06-04 15:00,25.24173
2024-06-04 15:15,23.30591
2024-06-04 15:30,22.29185
2024-06-04 15:45,19.62245
2024-06-04 16:00,23.24513
2024-06-04 16:15,11.55342
2024-06-04 16:30,11.71478
2024-06-04 16:45,11.63214
2024-06-04 17:00,11.49972
2024-06-04 17:15,11.33073
2024-06-04 17:30,11.15055
2024-06-04 17:45,11.11558
2024-06-04 18:00,12.27874
2024-06-04 18:15,12.21146
2024-06-04 18:30,11.37817
2024-06-04 18:45,11.27005
2024-06-04 19:00,11.30233
2024-06-04 19:15,11.29316
2024-06-04 19:30,12.09483
2024-06-04 19:45,12.17004
2024-06-04 20:00,11.24362
2024-06-04 20:15,12.12373
2024-06-04 20:30,12.52719
2024-06-04 20:45,13.1685
2024-06-04 21:00,12.30866
2024-06-04 21:15,13.14732
2024-06-04 21:30,14.72639
2024-06-04 21:45,14.43263
2024-06-04 22:00,17.08857
2024-06-04 22:15,17.24717
2024-06-04 22:30,12.33803
2024-06-04 22:45,10.07892
2024-06-04 23:00,13.58748
2024-06-04 23:15,10.12242
2024-06-04 23:30,6.22688
2024-06-04 23:45,4.24021
2024-06-05 0:00,8.65564
2024-06-05 0:15,8.4409
2024-06-05 0:30,8.18053
2024-06-05 0:45,7.4309
2024-06-05 1:00,8.10635
2024-06-05 1:15,5.60734
2024-06-05 1:30,7.68221
2024-06-05 1:45,3.44937
2024-06-05 2:00,8.12442
2024-06-05 2:15,7.70027
2024-06-05 2:30,7.58264
2024-06-05 2:45,5.47774
2024-06-05 3:00,5.86028
2024-06-05 3:15,4.53337
2024-06-05 3:30,3.31706
2024-06-05 3:45,3.90865
2024-06-05 4:00,0.79974
2024-06-05 4:15,0
2024-06-05 4:30,0.76677
2024-06-05 4:45,0.01847
2024-06-05 5:00,-2.0465
2024-06-05 5:15,-0.44479
2024-06-05 5:30,-0.00228
2024-06-05 5:45,-0.44227
2024-06-05 6:00,-3.88099
2024-06-05 6:15,-3.82765
2024-06-05 6:30,-4.34561
2024-06-05 6:45,-4.3138
2024-06-05 7:00,-0.0023
2024-06-05 7:15,0
2024-06-05 7:30,0.00986
2024-06-05 7:45,0.99368
2024-06-05 8:00,0
2024-06-05 8:15,0.00671
2024-06-05 8:30,3.44321
2024-06-05 8:45,6.17946
2024-06-05 9:00,0
2024-06-05 9:15,0.00917
2024-06-05 9:30,8.56785
2024-06-05 9:45,11.3168
2024-06-05 10:00,11.65077
2024-06-05 10:15,11.47259
2024-06-05 10:30,21.49554
2024-06-05 10:45,27.10921
2024-06-05 11:00,25.10646
2024-06-05 11:15,26.02937
2024-06-05 11:30,28.76024
2024-06-05 11:45,30.5009
2024-06-05 12:00,29.63304
2024-06-05 12:15,29.19664
2024-06-05 12:30,28.20606
2024-06-05 12:45,27.48171
2024-06-05 13:00,27.80931
2024-06-05 13:15,27.34012
2024-06-05 13:30,25.1456
2024-06-05 13:45,22.23792
2024-06-05 14:00,25.28683
2024-06-05 14:15,22.44341
2024-06-05 14:30,23.09517
2024-06-05 14:45,22.25641
2024-06-05 15:00,23.53848
2024-06-05 15:15,23.26443
2024-06-05 15:30,24.11074
2024-06-05 15:45,24.88971
2024-06-05 16:00,32.52749
2024-06-05 16:15,31.25387
2024-06-05 16:30,33.06008
2024-06-05 16:45,29.7682
2024-06-05 17:00,31.64305
2024-06-05 17:15,31.59708
2024-06-05 17:30,28.91155
2024-06-05 17:45,27.20333
2024-06-05 18:00,28.81514
2024-06-05 18:15,28.51236
2024-06-05 18:30,27.56875
2024-06-05 18:45,26.45542
2024-06-05 19:00,26.85767
2024-06-05 19:15,27.64699
2024-06-05 19:30,26.70454
2024-06-05 19:45,26.6556
2024-06-05 20:00,24.70013
2024-06-05 20:15,24.80262
2024-06-05 20:30,26.19428
2024-06-05 20:45,25.94901
2024-06-05 21:00,26.49717
2024-06-05 21:15,26.85592
2024-06-05 21:30,29.81547
2024-06-05 21:45,30.00816
2024-06-05 22:00,33.49345
2024-06-05 22:15,32.13267
2024-06-05 22:30,27.92445
2024-06-05 22:45,23.75172
2024-06-05 23:00,27.30486
2024-06-05 23:15,23.60612
2024-06-05 23:30,12.34146
2024-06-05 23:45,9.63013
2024-06-06 0:00,18.42329
2024-06-06 0:15,13.26861
2024-06-06 0:30,7.38015
2024-06-06 0:45,6.5673
2024-06-06 1:00,6.7335
2024-06-06 1:15,6.47315
2024-06-06 1:30,6.25956
2024-06-06 1:45,6.20271
2024-06-06 2:00,8.71536
2024-06-06 2:15,15.0091
2024-06-06 2:30,13.70225
2024-06-06 2:45,15.63072
2024-06-06 3:00,13.17448
2024-06-06 3:15,13.30264
2024-06-06 3:30,17.67918
2024-06-06 3:45,18.56274
2024-06-06 4:00,17.95029
2024-06-06 4:15,17.00179
2024-06-06 4:30,17.5146
2024-06-06 4:45,17.6882
2024-06-06 5:00,18.99729
2024-06-06 5:15,19.44515
2024-06-06 5:30,21.87326
2024-06-06 5:45,20.68602
2024-06-06 6:00,21.65123
2024-06-06 6:15,23.61544
2024-06-06 6:30,26.29722
2024-06-06 6:45,26.54474
2024-06-06 7:00,23.09834
2024-06-06 7:15,26.73583
2024-06-06 7:30,28.73593
2024-06-06 7:45,30.93499
2024-06-06 8:00,9.91673
2024-06-06 8:15,23.17154
2024-06-06 8:30,26.53895
2024-06-06 8:45,35.0483
2024-06-06 9:00,25.88503
2024-06-06 9:15,24.46034
2024-06-06 9:30,29.68048
2024-06-06 9:45,49.71615
2024-06-06 10:00,31.79
2024-06-06 10:15,37.5388
2024-06-06 10:30,50.94976
2024-06-06 10:45,64.9988
2024-06-06 11:00,55.32254
2024-06-06 11:15,56.65358
2024-06-06 11:30,64.97085
2024-06-06 11:45,66.79437
2024-06-06 12:00,59.28101
2024-06-06 12:15,58.9965
2024-06-06 12:30,53.51632
2024-06-06 12:45,50.43852
2024-06-06 13:00,53.05798
2024-06-06 13:15,52.21272
2024-06-06 13:30,43.78925
2024-06-06 13:45,37.19683
2024-06-06 14:00,36.8402
2024-06-06 14:15,33.67913
2024-06-06 14:30,33.39476
2024-06-06 14:45,32.41115
2024-06-06 15:00,34.43146
2024-06-06 15:15,34.38411
2024-06-06 15:30,35.20123
2024-06-06 15:45,35.39095
2024-06-06 16:00,43.67857
2024-06-06 16:15,35.89071
2024-06-06 16:30,39.14415
2024-06-06 16:45,34.25274
2024-06-06 17:00,36.49727
2024-06-06 17:15,33.25652
2024-06-06 17:30,31.93505
2024-06-06 17:45,31.44207
2024-06-06 18:00,31.77028
2024-06-06 18:15,32.75114
2024-06-06 18:30,32.14383
2024-06-06 18:45,31.54957
2024-06-06 19:00,30.68533
2024-06-06 19:15,29.5771
2024-06-06 19:30,30.44077
2024-06-06 19:45,29.36928
2024-06-06 20:00,30.40073
2024-06-06 20:15,30.55457
2024-06-06 20:30,32.00189
2024-06-06 20:45,31.04006
2024-06-06 21:00,32.14263
2024-06-06 21:15,32.27531
2024-06-06 21:30,35.07993
2024-06-06 21:45,33.6474
2024-06-06 22:00,35.08488
2024-06-06 22:15,32.14113
2024-06-06 22:30,27.15095
2024-06-06 22:45,21.62818
2024-06-06 23:00,29.44894
2024-06-06 23:15,23.87114
2024-06-06 23:30,12.56826
2024-06-06 23:45,9.3141
2024-06-07 0:00,14.48813
2024-06-07 0:15,12.85184
2024-06-07 0:30,9.8062
2024-06-07 0:45,12.51924
2024-06-07 1:00,13.28847
2024-06-07 1:15,13.63053
2024-06-07 1:30,13.2817
2024-06-07 1:45,13.27296
2024-06-07 2:00,14.0336
2024-06-07 2:15,15.52277
2024-06-07 2:30,15.67102
2024-06-07 2:45,17.25079
2024-06-07 3:00,16.86131
2024-06-07 3:15,17.63079
2024-06-07 3:30,17.69948
2024-06-07 3:45,24.59679
2024-06-07 4:00,24.04133
2024-06-07 4:15,26.00766
2024-06-07 4:30,27.33458
2024-06-07 4:45,30.39965
2024-06-07 5:00,24.46739
2024-06-07 5:15,28.82045
2024-06-07 5:30,33.82849
2024-06-07 5:45,35.66936
2024-06-07 6:00,29.4141
2024-06-07 6:15,29.83427
2024-06-07 6:30,35.26151
2024-06-07 6:45,38.02725
2024-06-07 7:00,30.16639
2024-06-07 7:15,32.51607
2024-06-07 7:30,38.78607
2024-06-07 7:45,43.84587
2024-06-07 8:00,25.83297
2024-06-07 8:15,28.05333
2024-06-07 8:30,34.87981
2024-06-07 8:45,37.90122
2024-06-07 9:00,26.05686
2024-06-07 9:15,29.47138
2024-06-07 9:30,42.43587
2024-06-07 9:45,56.89306
2024-06-07 10:00,34.7012
2024-06-07 10:15,42.02882
2024-06-07 10:30,53.98
2024-06-07 10:45,57.27754
2024-06-07 11:00,48.26138
2024-06-07 11:15,54.83607
2024-06-07 11:30,60
2024-06-07 11:45,61.34296
2024-06-07 12:00,57.5712
2024-06-07 12:15,69.18257
2024-06-07 12:30,59.78679
2024-06-07 12:45,54.97533
2024-06-07 13:00,56.40771
2024-06-07 13:15,52.80318
2024-06-07 13:30,49.31569
2024-06-07 13:45,39.9055
2024-06-07 14:00,38.93626
2024-06-07 14:15,33.95398
2024-06-07 14:30,32.70857
2024-06-07 14:45,30.42143
2024-06-07 15:00,30.9496
2024-06-07 15:15,29.56732
2024-06-07 15:30,30.6757
2024-06-07 15:45,30.06986
2024-06-07 16:00,33.74798
2024-06-07 16:15,33.01866
2024-06-07 16:30,33.95904
2024-06-07 16:45,29.1661
2024-06-07 17:00,32.28483
2024-06-07 17:15,31.0535
2024-06-07 17:30,29.23262
2024-06-07 17:45,27.92118
2024-06-07 18:00,28.9189
2024-06-07 18:15,29.19835
2024-06-07 18:30,27.94281
2024-06-07 18:45,27.81544
2024-06-07 19:00,30.37675
2024-06-07 19:15,28.43734
2024-06-07 19:30,30.69274
2024-06-07 19:45,28.54002
2024-06-07 20:00,30.9514
2024-06-07 20:15,32.35128
2024-06-07 20:30,33.34338
2024-06-07 20:45,33.94617
2024-06-07 21:00,40.75198
2024-06-07 21:15,46.1976
2024-06-07 21:30,48.88771
2024-06-07 21:45,42.11702
2024-06-07 22:00,41.83231
2024-06-07 22:15,33.92285
2024-06-07 22:30,22.79185
2024-06-07 22:45,15.56676
2024-06-07 23:00,17.74199
2024-06-07 23:15,-2.62969
2024-06-07 23:30,-1.77351
2024-06-07 23:45,11.54373
2024-06-08 0:00,14.76935
2024-06-08 0:15,13.35586
2024-06-08 0:30,11.00612
2024-06-08 0:45,7.44904
2024-06-08 1:00,14.14389
2024-06-08 1:15,14.29354
2024-06-08 1:30,14.3739
2024-06-08 1:45,14.15481
2024-06-08 2:00,12.77687
2024-06-08 2:15,12.06149
2024-06-08 2:30,12.61123
2024-06-08 2:45,12.92819
2024-06-08 3:00,7.7278
2024-06-08 3:15,10.38429
2024-06-08 3:30,10.43372
2024-06-08 3:45,8.03154
2024-06-08 4:00,10.35599
2024-06-08 4:15,6.66619
2024-06-08 4:30,12.81444
2024-06-08 4:45,12.23273
2024-06-08 5:00,9.93596
2024-06-08 5:15,9.93149
2024-06-08 5:30,9.34613
2024-06-08 5:45,9.51151
2024-06-08 6:00,9.08165
2024-06-08 6:15,8.98728
2024-06-08 6:30,9.48821
2024-06-08 6:45,9.7091
2024-06-08 7:00,8.37414
2024-06-08 7:15,12.32227
2024-06-08 7:30,12.22433
2024-06-08 7:45,10.08227
2024-06-08 8:00,9.81893
2024-06-08 8:15,10.48944
2024-06-08 8:30,12.28213
2024-06-08 8:45,22.69914
2024-06-08 9:00,18.37845
2024-06-08 9:15,19.88476
2024-06-08 9:30,28.08723
2024-06-08 9:45,31.77781
2024-06-08 10:00,24.7825
2024-06-08 10:15,27.63
2024-06-08 10:30,36.7288
2024-06-08 10:45,47.11
2024-06-08 11:00,45
2024-06-08 11:15,52.3924
2024-06-08 11:30,56.65758
2024-06-08 11:45,60.15828
2024-06-08 12:00,56.37442
2024-06-08 12:15,56.33207
2024-06-08 12:30,56.70087
2024-06-08 12:45,54.20042
2024-06-08 13:00,51.88496
2024-06-08 13:15,46.69128
2024-06-08 13:30,39.29313
2024-06-08 13:45,34.89555
2024-06-08 14:00,39.46686
2024-06-08 14:15,33.08582
2024-06-08 14:30,30.70414
2024-06-08 14:45,29.40881
2024-06-08 15:00,33.06651
2024-06-08 15:15,31.91167
2024-06-08 15:30,35.62057
2024-06-08 15:45,34.78679
2024-06-08 16:00,30.53153
2024-06-08 16:15,30.49729
2024-06-08 16:30,30.78069
2024-06-08 16:45,26.44902
2024-06-08 17:00,30.46464
2024-06-08 17:15,29.37898
2024-06-08 17:30,26.34442
2024-06-08 17:45,25.34408
2024-06-08 18:00,25.36982
2024-06-08 18:15,25.32153
2024-06-08 18:30,25.25829
2024-06-08 18:45,25.17305
2024-06-08 19:00,25.42312
2024-06-08 19:15,25.36242
2024-06-08 19:30,25.27938
2024-06-08 19:45,25.54022
2024-06-08 20:00,24.02698
2024-06-08 20:15,25.38014
2024-06-08 20:30,25.43333
2024-06-08 20:45,25.58553
2024-06-08 21:00,26.06105
2024-06-08 21:15,26.07618
2024-06-08 21:30,27.58038
2024-06-08 21:45,25.5249
2024-06-08 22:00,26.03291
2024-06-08 22:15,23.67445
2024-06-08 22:30,12.39763
2024-06-08 22:45,11.71546
2024-06-08 23:00,15.08811
2024-06-08 23:15,9.35313
2024-06-08 23:30,5.7752
2024-06-08 23:45,-1.66081
2024-06-09 0:00,-0.49488
2024-06-09 0:15,-7.44863
2024-06-09 0:30,-1.93617
2024-06-09 0:45,-1.93916
2024-06-09 1:00,-2.93668
2024-06-09 1:15,-1.46069
2024-06-09 1:30,-2.44214
2024-06-09 1:45,-1.93617
2024-06-09 2:00,-1.43118
2024-06-09 2:15,-1.93617
2024-06-09 2:30,-2.77058
2024-06-09 2:45,-2.73503
2024-06-09 3:00,-2.40667
2024-06-09 3:15,-1.88924
2024-06-09 3:30,-3.46613
2024-06-09 3:45,-4.08531
2024-06-09 4:00,-3.99596
2024-06-09 4:15,-3.29725
2024-06-09 4:30,-5.90792
2024-06-09 4:45,-3.81469
2024-06-09 5:00,-4.53147
2024-06-09 5:15,-3.57692
2024-06-09 5:30,-4.29196
2024-06-09 5:45,-5.3875
2024-06-09 6:00,-6.2688
2024-06-09 6:15,-8.0863
2024-06-09 6:30,-5.80985
2024-06-09 6:45,-10.59734
2024-06-09 7:00,-4.52087
2024-06-09 7:15,-2.95387
2024-06-09 7:30,-3.14728
2024-06-09 7:45,-2.53825
2024-06-09 8:00,-3.40689
2024-06-09 8:15,-2.45304
2024-06-09 8:30,-1.85398
2024-06-09 8:45,-0.61954
2024-06-09 9:00,-0.00396
2024-06-09 9:15,0
2024-06-09 9:30,6.93589
2024-06-09 9:45,14.49619
2024-06-09 10:00,9.89128
2024-06-09 10:15,14.90723
2024-06-09 10:30,26.84793
2024-06-09 10:45,34.94808
2024-06-09 11:00,30.50728
2024-06-09 11:15,33.14587
2024-06-09 11:30,39.87571
2024-06-09 11:45,44.35885
2024-06-09 12:00,38.7988
2024-06-09 12:15,40
2024-06-09 12:30,40
2024-06-09 12:45,32.57972
2024-06-09 13:00,33.40006
2024-06-09 13:15,29.36117
2024-06-09 13:30,27.75011
2024-06-09 13:45,25.57837
2024-06-09 14:00,26.00163
2024-06-09 14:15,24.73406
2024-06-09 14:30,24.82109
2024-06-09 14:45,24.79026
2024-06-09 15:00,24.8471
2024-06-09 15:15,26.81818
2024-06-09 15:30,25.63908
2024-06-09 15:45,25.69958
2024-06-09 16:00,25.06915
2024-06-09 16:15,23.66143
2024-06-09 16:30,23.73373
2024-06-09 16:45,22.21755
2024-06-09 17:00,22.48779
2024-06-09 17:15,22.15968
2024-06-09 17:30,21.7883
2024-06-09 17:45,18.65513
2024-06-09 18:00,14.97073
2024-06-09 18:15,13.20585
2024-06-09 18:30,12.0036
2024-06-09 18:45,10.75754
2024-06-09 19:00,12.9264
2024-06-09 19:15,12.77144
2024-06-09 19:30,13.19793
2024-06-09 19:45,11.55896
2024-06-09 20:00,12.94411
2024-06-09 20:15,12.65608
2024-06-09 20:30,10.98461
2024-06-09 20:45,10.25376
2024-06-09 21:00,10.3175
2024-06-09 21:15,10.62239
2024-06-09 21:30,10.90763
2024-06-09 21:45,12.02672
2024-06-09 22:00,14.92622
2024-06-09 22:15,12.75217
2024-06-09 22:30,7.77277
2024-06-09 22:45,0.01073
2024-06-09 23:00,0.00117
2024-06-09 23:15,-13.73712
2024-06-09 23:30,-30.55489
2024-06-09 23:45,-31.86342
2024-06-10 0:00,-26.63482
2024-06-10 0:15,-30.07856
2024-06-10 0:30,-30.50869
2024-06-10 0:45,-31.01132
2024-06-10 1:00,-29.37835
2024-06-10 1:15,-30.59456
2024-06-10 1:30,-30.47775
2024-06-10 1:45,-32.68041
2024-06-10 2:00,-24.58955
2024-06-10 2:15,-24.24643
2024-06-10 2:30,-22.21589
2024-06-10 2:45,-23.22187
2024-06-10 3:00,-19.86925
2024-06-10 3:15,-19.53588
2024-06-10 3:30,-19.78328
2024-06-10 3:45,-16.32024
2024-06-10 4:00,-20.81809
2024-06-10 4:15,-22.86694
2024-06-10 4:30,-26.34976
2024-06-10 4:45,-17.32499
2024-06-10 5:00,-17.3751
2024-06-10 5:15,-20.4261
2024-06-10 5:30,-22.97727
2024-06-10 5:45,-18.09052
2024-06-10 6:00,-25.84197
2024-06-10 6:15,-25.36572
2024-06-10 6:30,-26.26571
2024-06-10 6:45,-24.85063
2024-06-10 7:00,-19.46828
2024-06-10 7:15,-19.54713
2024-06-10 7:30,-23.39543
2024-06-10 7:45,-31.98617
2024-06-10 8:00,-43.568
2024-06-10 8:15,-42.14504
2024-06-10 8:30,-21.1984
2024-06-10 8:45,-18.8778
2024-06-10 9:00,-14.44382
2024-06-10 9:15,-7.41876
2024-06-10 9:30,-4.56402
2024-06-10 9:45,3.87043
2024-06-10 10:00,0.00525
2024-06-10 10:15,3.52723
2024-06-10 10:30,13.12821
2024-06-10 10:45,27.02866
2024-06-10 11:00,21.1254
2024-06-10 11:15,24.65757
2024-06-10 11:30,26.40848
2024-06-10 11:45,31.42693
2024-06-10 12:00,28.89622
2024-06-10 12:15,26.41174
2024-06-10 12:30,28.78907
2024-06-10 12:45,26.79366
2024-06-10 13:00,27.85822
2024-06-10 13:15,27.46074
2024-06-10 13:30,26.29942
2024-06-10 13:45,24.80945
2024-06-10 14:00,25.33542
2024-06-10 14:15,22.54392
2024-06-10 14:30,22.59462
2024-06-10 14:45,22.50218
2024-06-10 15:00,23.14343
2024-06-10 15:15,22.94468
2024-06-10 15:30,22.83892
2024-06-10 15:45,21.95061
2024-06-10 16:00,24.21196
2024-06-10 16:15,23.32128
2024-06-10 16:30,24.26603
2024-06-10 16:45,24.00241
2024-06-10 17:00,24.96213
2024-06-10 17:15,25.0498
2024-06-10 17:30,25.33418
2024-06-10 17:45,24.9768
2024-06-10 18:00,24.97736
2024-06-10 18:15,24.22767
2024-06-10 18:30,23.00833
2024-06-10 18:45,23.06701
2024-06-10 19:00,23.00818
2024-06-10 19:15,22.56
2024-06-10 19:30,23.2758
2024-06-10 19:45,23.41689
2024-06-10 20:00,22.58041
2024-06-10 20:15,23.42766
2024-06-10 20:30,25.28882
2024-06-10 20:45,26.68043
2024-06-10 21:00,28
2024-06-10 21:15,28.66275
2024-06-10 21:30,29.01285
2024-06-10 21:45,27.67017
2024-06-10 22:00,27.22746
2024-06-10 22:15,24.22962
2024-06-10 22:30,15.35174
2024-06-10 22:45,9.33569
2024-06-10 23:00,9.86725
2024-06-10 23:15,8.9991
2024-06-10 23:30,6.99551
2024-06-10 23:45,2.95854
2024-06-11 0:00,5.83489
2024-06-11 0:15,5.89169
2024-06-11 0:30,6.21936
2024-06-11 0:45,5.044
2024-06-11 1:00,7.86488
2024-06-11 1:15,7.24699
2024-06-11 1:30,7.07755
2024-06-11 1:45,6.8094
2024-06-11 2:00,9.39201
2024-06-11 2:15,9.24624
2024-06-11 2:30,9.02544
2024-06-11 2:45,8.73248
2024-06-11 3:00,8.69706
2024-06-11 3:15,8.26022
2024-06-11 3:30,7.97153
2024-06-11 3:45,6.9855
2024-06-11 4:00,5.667
2024-06-11 4:15,2.6781
2024-06-11 4:30,1.01325
2024-06-11 4:45,0.96392
2024-06-11 5:00,0.00651
2024-06-11 5:15,1.20818
2024-06-11 5:30,-1.09987
2024-06-11 5:45,-1.86552
2024-06-11 6:00,-3.42936
2024-06-11 6:15,-2.41809
2024-06-11 6:30,-0.49551
2024-06-11 6:45,-1.36716
2024-06-11 7:00,-0.11007
2024-06-11 7:15,2.74586
2024-06-11 7:30,3.20212
2024-06-11 7:45,3.62502
2024-06-11 8:00,6.02418
2024-06-11 8:15,4.77427
2024-06-11 8:30,7.56166
2024-06-11 8:45,8.63019
2024-06-11 9:00,6.77706
2024-06-11 9:15,8.02623
2024-06-11 9:30,25.65929
2024-06-11 9:45,27.22102
2024-06-11 10:00,19.45
2024-06-11 10:15,24.35315
2024-06-11 10:30,30.58712
2024-06-11 10:45,39.75854
2024-06-11 11:00,30.3112
2024-06-11 11:15,34.4812
2024-06-11 11:30,38.04
2024-06-11 11:45,47.56613
2024-06-11 12:00,41.567
2024-06-11 12:15,38.22733
2024-06-11 12:30,298.67462
2024-06-11 12:45,42.56034
2024-06-11 13:00,53.07621
2024-06-11 13:15,43.95571
2024-06-11 13:30,40.72836
2024-06-11 13:45,38.55851
2024-06-11 14:00,37.16643
2024-06-11 14:15,35.74708
2024-06-11 14:30,34.25984
2024-06-11 14:45,34.76582
2024-06-11 15:00,36.44966
2024-06-11 15:15,35.6316
2024-06-11 15:30,33.03838
2024-06-11 15:45,31.2297
2024-06-11 16:00,39.64583
2024-06-11 16:15,31.13606
2024-06-11 16:30,31.84891
2024-06-11 16:45,30.13857
2024-06-11 17:00,31.71127
2024-06-11 17:15,31.92427
2024-06-11 17:30,29.2127
2024-06-11 17:45,26.93769
2024-06-11 18:00,27.29278
2024-06-11 18:15,26.19711
2024-06-11 18:30,25.20844
2024-06-11 18:45,25.86584
2024-06-11 19:00,25.58897
2024-06-11 19:15,25.96107
2024-06-11 19:30,26.78954
2024-06-11 19:45,25.87914
2024-06-11 20:00,23.81809
2024-06-11 20:15,24.71298
2024-06-11 20:30,28.06806
2024-06-11 20:45,27.64712
2024-06-11 21:00,27.21841
2024-06-11 21:15,29.82446
2024-06-11 21:30,33.19913
2024-06-11 21:45,30.55356
2024-06-11 22:00,30.75653
2024-06-11 22:15,33.16183
2024-06-11 22:30,24.63434
2024-06-11 22:45,16.63413
2024-06-11 23:00,26.11355
2024-06-11 23:15,11.17316
2024-06-11 23:30,6.69933
2024-06-11 23:45,5.30964
2024-06-12 0:00,7.02809
2024-06-12 0:15,6.78322
2024-06-12 0:30,6.87404
2024-06-12 0:45,7.13922
2024-06-12 1:00,10.2436
2024-06-12 1:15,10.43055
2024-06-12 1:30,9.94697
2024-06-12 1:45,8.96182
2024-06-12 2:00,11.94887
2024-06-12 2:15,11.38463
2024-06-12 2:30,11.84836
2024-06-12 2:45,11.79462
2024-06-12 3:00,12.26022
2024-06-12 3:15,12.76607
2024-06-12 3:30,13.12638
2024-06-12 3:45,11.91961
2024-06-12 4:00,15.93375
2024-06-12 4:15,19.85258
2024-06-12 4:30,20.63155
2024-06-12 4:45,19.4983
2024-06-12 5:00,21.47588
2024-06-12 5:15,24.44776
2024-06-12 5:30,21.85625
2024-06-12 5:45,20.95057
2024-06-12 6:00,21.54785
2024-06-12 6:15,21.52228
2024-06-12 6:30,25.16451
2024-06-12 6:45,23.63208
2024-06-12 7:00,22.02136
2024-06-12 7:15,23.81605
2024-06-12 7:30,26.05143
2024-06-12 7:45,27.36106
2024-06-12 8:00,17.4736
2024-06-12 8:15,22.52761
2024-06-12 8:30,26.13547
2024-06-12 8:45,28.9785
2024-06-12 9:00,23.03117
2024-06-12 9:15,23.69682
2024-06-12 9:30,28.56268
2024-06-12 9:45,37.17687
2024-06-12 10:00,31.69051
2024-06-12 10:15,31.08655
2024-06-12 10:30,38.04462
2024-06-12 10:45,48.3826
2024-06-12 11:00,41.15221
2024-06-12 11:15,47.75178
2024-06-12 11:30,52.80166
2024-06-12 11:45,53.28731
2024-06-12 12:00,61.12984
2024-06-12 12:15,59.11646
2024-06-12 12:30,56.59154
2024-06-12 12:45,45.53284
2024-06-12 13:00,51.72681
2024-06-12 13:15,43.5997
2024-06-12 13:30,40.38116
2024-06-12 13:45,37.1482
2024-06-12 14:00,39.40148
2024-06-12 14:15,41.4937
2024-06-12 14:30,37.61527
2024-06-12 14:45,36.72589
2024-06-12 15:00,37.2155
2024-06-12 15:15,33.61629
2024-06-12 15:30,32.7483
2024-06-12 15:45,32.08719
2024-06-12 16:00,42.13854
2024-06-12 16:15,33.66532
2024-06-12 16:30,31.23655
2024-06-12 16:45,29.92286
2024-06-12 17:00,34.37681
2024-06-12 17:15,36.57626
2024-06-12 17:30,32.45776
2024-06-12 17:45,31.16501
2024-06-12 18:00,33.74105
2024-06-12 18:15,31.03593
2024-06-12 18:30,30.37979
2024-06-12 18:45,29.8906
2024-06-12 19:00,33.28793
2024-06-12 19:15,32.67858
2024-06-12 19:30,32.48354
2024-06-12 19:45,29.99232
2024-06-12 20:00,29.8318
2024-06-12 20:15,29.52907
2024-06-12 20:30,32.43429
2024-06-12 20:45,33.27086
2024-06-12 21:00,31.2875
2024-06-12 21:15,35.5912
2024-06-12 21:30,39.9988
2024-06-12 21:45,40.16324
2024-06-12 22:00,35.55761
2024-06-12 22:15,32.33701
2024-06-12 22:30,27.83732
2024-06-12 22:45,24.80212
2024-06-12 23:00,23.35134
2024-06-12 23:15,9.44689
2024-06-12 23:30,8.74346
2024-06-12 23:45,3.43685
2024-06-13 0:00,5.74516
2024-06-13 0:15,5.66362
2024-06-13 0:30,5.15027
2024-06-13 0:45,4.02175
2024-06-13 1:00,12.18756
2024-06-13 1:15,11.79468
2024-06-13 1:30,9.35037
2024-06-13 1:45,7.98427
2024-06-13 2:00,17.32648
2024-06-13 2:15,16.70949
2024-06-13 2:30,14.74966
2024-06-13 2:45,14.04939
2024-06-13 3:00,14.52963
2024-06-13 3:15,14.76808
2024-06-13 3:30,14.30392
2024-06-13 3:45,11.36286
2024-06-13 4:00,11.41073
2024-06-13 4:15,13.63084
2024-06-13 4:30,12.91784
2024-06-13 4:45,12.88086
2024-06-13 5:00,11.67641
2024-06-13 5:15,12.97901
2024-06-13 5:30,13.33129
2024-06-13 5:45,11.18356
2024-06-13 6:00,17.55362
2024-06-13 6:15,14.11878
2024-06-13 6:30,17.62211
2024-06-13 6:45,25.48549
2024-06-13 7:00,15.87569
2024-06-13 7:15,16.6996
2024-06-13 7:30,19.54779
2024-06-13 7:45,25.3632
2024-06-13 8:00,17.52353
2024-06-13 8:15,25.4156
2024-06-13 8:30,27.47487
2024-06-13 8:45,30.0893
2024-06-13 9:00,26.23117
2024-06-13 9:15,26.27646
2024-06-13 9:30,31.74495
2024-06-13 9:45,44.96247
2024-06-13 10:00,29.34241
2024-06-13 10:15,32.58121
2024-06-13 10:30,52.50377
2024-06-13 10:45,58.50398
2024-06-13 11:00,47.30446
2024-06-13 11:15,57.1288
2024-06-13 11:30,64.89
2024-06-13 11:45,73.55612
2024-06-13 12:00,59.15039
2024-06-13 12:15,63.29154
2024-06-13 12:30,57.55442
2024-06-13 12:45,54.08933
2024-06-13 13:00,59.38459
2024-06-13 13:15,56.62234
2024-06-13 13:30,47.66849
2024-06-13 13:45,39.80503
2024-06-13 14:00,38.37171
2024-06-13 14:15,35.14989
2024-06-13 14:30,33.34971
2024-06-13 14:45,29.86781
2024-06-13 15:00,31.77269
2024-06-13 15:15,29.81954
2024-06-13 15:30,27.37363
2024-06-13 15:45,27.47519
2024-06-13 16:00,30.38495
2024-06-13 16:15,28.19771
2024-06-13 16:30,28.37239
2024-06-13 16:45,26.53254
2024-06-13 17:00,28.38825
2024-06-13 17:15,28.24022
2024-06-13 17:30,27.48363
2024-06-13 17:45,28.18943
2024-06-13 18:00,27.92156
2024-06-13 18:15,28.1154
2024-06-13 18:30,27.4807
2024-06-13 18:45,26.47435
2024-06-13 19:00,28.41713
2024-06-13 19:15,27.89685
2024-06-13 19:30,27.27289
2024-06-13 19:45,26.90343
2024-06-13 20:00,26.5888
2024-06-13 20:15,27.38
2024-06-13 20:30,27.73577
2024-06-13 20:45,31.29
2024-06-13 21:00,31.74377
2024-06-13 21:15,34.51868
2024-06-13 21:30,35.05231
2024-06-13 21:45,34.63327
2024-06-13 22:00,33.54347
2024-06-13 22:15,30.41266
2024-06-13 22:30,24.4243
2024-06-13 22:45,17.40953
2024-06-13 23:00,25.21845
2024-06-13 23:15,13.18101
2024-06-13 23:30,5.61199
2024-06-13 23:45,-0.98783
2024-06-14 0:00,5.60165
2024-06-14 0:15,-7.35727
2024-06-14 0:30,-14.11943
2024-06-14 0:45,-19.05005
2024-06-14 1:00,-11.21753
2024-06-14 1:15,-11.10214
2024-06-14 1:30,-7.71661
2024-06-14 1:45,-12.29086
2024-06-14 2:00,-3.2624
2024-06-14 2:15,-2.8228
2024-06-14 2:30,-2.85304
2024-06-14 2:45,-8.29629
2024-06-14 3:00,-4.72694
2024-06-14 3:15,-1.7905
2024-06-14 3:30,-1.67321
2024-06-14 3:45,-4.5333
2024-06-14 4:00,-1.71376
2024-06-14 4:15,0.08025
2024-06-14 4:30,-0.39481
2024-06-14 4:45,11.7707
2024-06-14 5:00,12.24526
2024-06-14 5:15,12.09925
2024-06-14 5:30,14.8758
2024-06-14 5:45,13.77772
2024-06-14 6:00,13.93562
2024-06-14 6:15,24.43305
2024-06-14 6:30,15.75751
2024-06-14 6:45,14.1837
2024-06-14 7:00,13.74337
2024-06-14 7:15,22.62165
2024-06-14 7:30,18.64594
2024-06-14 7:45,16.71728
2024-06-14 8:00,12.8118
2024-06-14 8:15,15.85291
2024-06-14 8:30,16.69512
2024-06-14 8:45,20.18982
2024-06-14 9:00,19.48518
2024-06-14 9:15,22.82069
2024-06-14 9:30,31.34617
2024-06-14 9:45,39.22154
2024-06-14 10:00,31.32266
2024-06-14 10:15,33.73837
2024-06-14 10:30,48.95847
2024-06-14 10:45,50.93399
2024-06-14 11:00,42.56336
2024-06-14 11:15,53.47818
2024-06-14 11:30,65.33043
2024-06-14 11:45,56.64341
2024-06-14 12:00,53.40178
2024-06-14 12:15,54.3123
2024-06-14 12:30,57.39588
2024-06-14 12:45,54.78053
2024-06-14 13:00,53.47883
2024-06-14 13:15,46.74143
2024-06-14 13:30,39.83994
2024-06-14 13:45,36.14039
2024-06-14 14:00,33.32896
2024-06-14 14:15,29.85431
2024-06-14 14:30,31.08002
2024-06-14 14:45,28.3865
2024-06-14 15:00,32.27678
2024-06-14 15:15,31.7313
2024-06-14 15:30,32.38291
2024-06-14 15:45,32.45511
2024-06-14 16:00,30.22993
2024-06-14 16:15,26.0335
2024-06-14 16:30,26.70556
2024-06-14 16:45,25.40699
2024-06-14 17:00,29.70173
2024-06-14 17:15,28.6324
2024-06-14 17:30,27.78518
2024-06-14 17:45,25.91655
2024-06-14 18:00,26.53111
2024-06-14 18:15,29.11265
2024-06-14 18:30,27.65547
2024-06-14 18:45,27.01229
2024-06-14 19:00,28.79634
2024-06-14 19:15,27.9357
2024-06-14 19:30,28.49482
2024-06-14 19:45,27.11988
2024-06-14 20:00,24.46493
2024-06-14 20:15,24.39162
2024-06-14 20:30,26.46138
2024-06-14 20:45,27.48584
2024-06-14 21:00,34.19897
2024-06-14 21:15,36.81497
2024-06-14 21:30,41.04337
2024-06-14 21:45,37.82896
2024-06-14 22:00,36.67973
2024-06-14 22:15,31.36654
2024-06-14 22:30,27.07639
2024-06-14 22:45,24.10164
2024-06-14 23:00,20.92077
2024-06-14 23:15,12.92291
2024-06-14 23:30,7.92158
2024-06-14 23:45,5.78422
2024-06-15 0:00,9.57325
2024-06-15 0:15,7.58037
2024-06-15 0:30,7.33217
2024-06-15 0:45,8.18609
2024-06-15 1:00,8.16074
2024-06-15 1:15,7.74076
2024-06-15 1:30,7.65975
2024-06-15 1:45,7.40793
2024-06-15 2:00,10.37513
2024-06-15 2:15,10.50698
2024-06-15 2:30,10.5879
2024-06-15 2:45,11.00475
2024-06-15 3:00,11.58637
2024-06-15 3:15,11.30511
2024-06-15 3:30,10.60619
2024-06-15 3:45,11.16081
2024-06-15 4:00,11.14442
2024-06-15 4:15,11.17467
2024-06-15 4:30,11.87004
2024-06-15 4:45,10.22097
2024-06-15 5:00,9.25421
2024-06-15 5:15,9.25429
2024-06-15 5:30,9.65746
2024-06-15 5:45,10.82128
2024-06-15 6:00,11.90985
2024-06-15 6:15,11.76552
2024-06-15 6:30,12.44115
2024-06-15 6:45,13.32273
2024-06-15 7:00,12.26479
2024-06-15 7:15,15.70334
2024-06-15 7:30,17.18293
2024-06-15 7:45,21.32803
2024-06-15 8:00,13.69571
2024-06-15 8:15,12.79374
2024-06-15 8:30,13.81086
2024-06-15 8:45,18.30549
2024-06-15 9:00,19.18179
2024-06-15 9:15,21.9719
2024-06-15 9:30,26.33054
2024-06-15 9:45,30.90172
2024-06-15 10:00,24.8314
2024-06-15 10:15,27.94639
2024-06-15 10:30,36.80399
2024-06-15 10:45,44.51919
2024-06-15 11:00,38.00878
2024-06-15 11:15,41.33916
2024-06-15 11:30,43.97532
2024-06-15 11:45,53.00194
2024-06-15 12:00,39.16737
2024-06-15 12:15,37.6865
2024-06-15 12:30,44.41252
2024-06-15 12:45,37.00414
2024-06-15 13:00,35.01145
2024-06-15 13:15,36.37566
2024-06-15 13:30,31.66296
2024-06-15 13:45,30.77002
2024-06-15 14:00,34.96676
2024-06-15 14:15,31.13975
2024-06-15 14:30,30.72638
2024-06-15 14:45,30.64371
2024-06-15 15:00,30.69125
2024-06-15 15:15,29.07873
2024-06-15 15:30,31.76313
2024-06-15 15:45,31.30064
2024-06-15 16:00,29.96088
2024-06-15 16:15,25.65282
2024-06-15 16:30,26.34965
2024-06-15 16:45,25.75853
2024-06-15 17:00,25.99988
2024-06-15 17:15,25.27694
2024-06-15 17:30,25.94264
2024-06-15 17:45,24.62568
2024-06-15 18:00,25.70014
2024-06-15 18:15,25.48367
2024-06-15 18:30,26.09357
2024-06-15 18:45,25.76664
2024-06-15 19:00,28.94163
2024-06-15 19:15,27.4179
2024-06-15 19:30,28.12155
2024-06-15 19:45,28.60646
2024-06-15 20:00,29.30135
2024-06-15 20:15,28.99419
2024-06-15 20:30,28.45016
2024-06-15 20:45,29.6404
2024-06-15 21:00,30.90854
2024-06-15 21:15,30.43604
2024-06-15 21:30,31.33523
2024-06-15 21:45,25.69584
2024-06-15 22:00,26.3142
2024-06-15 22:15,17.95613
2024-06-15 22:30,10.04017
2024-06-15 22:45,0.39439
2024-06-15 23:00,0.01038
2024-06-15 23:15,-2.36491
2024-06-15 23:30,-9.98476
2024-06-15 23:45,-19.17852
2024-06-16 0:00,-15.47113
2024-06-16 0:15,-18.59026
2024-06-16 0:30,-22.75988
2024-06-16 0:45,-31.38696
2024-06-16 1:00,-21.73395
2024-06-16 1:15,-21.72726
2024-06-16 1:30,-22.62378
2024-06-16 1:45,-23.45181
2024-06-16 2:00,-10.1686
2024-06-16 2:15,-8.39171
2024-06-16 2:30,-8.37551
2024-06-16 2:45,-8.32091
2024-06-16 3:00,-6.92292
2024-06-16 3:15,-7.38101
2024-06-16 3:30,-8.88069
2024-06-16 3:45,-8.61266
2024-06-16 4:00,-6.45691
2024-06-16 4:15,-7.20297
2024-06-16 4:30,-9.82699
2024-06-16 4:45,-9.82277
2024-06-16 5:00,-10.94988
2024-06-16 5:15,-13.43934
2024-06-16 5:30,-11.35064
2024-06-16 5:45,-5.49193
2024-06-16 6:00,-7.35396
2024-06-16 6:15,-6.98199
2024-06-16 6:30,-6.27271
2024-06-16 6:45,-0.51957
2024-06-16 7:00,0
2024-06-16 7:15,0.28433
2024-06-16 7:30,4.9876
2024-06-16 7:45,7.0012
2024-06-16 8:00,-0.4267
2024-06-16 8:15,-37.68684
2024-06-16 8:30,-7.89184
2024-06-16 8:45,-28.35251
2024-06-16 9:00,-19.86334
2024-06-16 9:15,-17.7421
2024-06-16 9:30,-5.19383
2024-06-16 9:45,16.27072
2024-06-16 10:00,-0.8956
2024-06-16 10:15,-0.23205
2024-06-16 10:30,16.79205
2024-06-16 10:45,24.04736
2024-06-16 11:00,15.42394
2024-06-16 11:15,20.84999
2024-06-16 11:30,26.48377
2024-06-16 11:45,46.21591
2024-06-16 12:00,42.74
2024-06-16 12:15,42.27
2024-06-16 12:30,36.97845
2024-06-16 12:45,33.461
2024-06-16 13:00,33.47186
2024-06-16 13:15,28.04432
2024-06-16 13:30,28.76215
2024-06-16 13:45,26.36492
2024-06-16 14:00,27.74536
2024-06-16 14:15,26.70178
2024-06-16 14:30,26.40453
2024-06-16 14:45,25.04174
2024-06-16 15:00,25.24708
2024-06-16 15:15,24.08547
2024-06-16 15:30,27.43374
2024-06-16 15:45,28.37391
2024-06-16 16:00,29.25948
2024-06-16 16:15,28.82233
2024-06-16 16:30,28.48129
2024-06-16 16:45,27.27526
2024-06-16 17:00,30.0679
2024-06-16 17:15,28.62883
2024-06-16 17:30,23.49603
2024-06-16 17:45,21.78462
2024-06-16 18:00,22.85334
2024-06-16 18:15,18.56128
2024-06-16 18:30,17.10714
2024-06-16 18:45,15.88809
2024-06-16 19:00,13.68043
2024-06-16 19:15,15.30462
2024-06-16 19:30,15.22535
2024-06-16 19:45,13.75295
2024-06-16 20:00,14.02123
2024-06-16 20:15,14.0198
2024-06-16 20:30,14.235
2024-06-16 20:45,12.52551
2024-06-16 21:00,13.68331
2024-06-16 21:15,14.26122
2024-06-16 21:30,12.16565
2024-06-16 21:45,10.12832
2024-06-16 22:00,16.5781
2024-06-16 22:15,13.10833
2024-06-16 22:30,9.44819
2024-06-16 22:45,-6.21656
2024-06-16 23:00,-5.0008
2024-06-16 23:15,-22.21268
2024-06-16 23:30,-24.29845
2024-06-16 23:45,-32.17897
2024-06-17 0:00,-20.04582
2024-06-17 0:15,-27.92982
2024-06-17 0:30,-33.15182
2024-06-17 0:45,-34.10253
2024-06-17 1:00,-32.87086
2024-06-17 1:15,-33.63747
2024-06-17 1:30,-32.74171
2024-06-17 1:45,-36.93191
2024-06-17 2:00,-23.53316
2024-06-17 2:15,-22.67769
2024-06-17 2:30,-22.97259
2024-06-17 2:45,-27.97693
2024-06-17 3:00,-25.91846
2024-06-17 3:15,-22.1948
2024-06-17 3:30,-24.53949
2024-06-17 3:45,-22.01429
2024-06-17 4:00,-22.19421
2024-06-17 4:15,-21.87395
2024-06-17 4:30,-21.38539
2024-06-17 4:45,-22.88305
2024-06-17 5:00,-18.37944
2024-06-17 5:15,-18.52663
2024-06-17 5:30,-17.14642
2024-06-17 5:45,-16.94805
2024-06-17 6:00,-17.0585
2024-06-17 6:15,-15.81299
2024-06-17 6:30,-16.34029
2024-06-17 6:45,-11.79023
2024-06-17 7:00,-13.76213
2024-06-17 7:15,-15.86215
2024-06-17 7:30,-11.67984
2024-06-17 7:45,-8.02767
2024-06-17 8:00,-4.47395
2024-06-17 8:15,-4.54591
2024-06-17 8:30,4.10549
2024-06-17 8:45,6.72207
2024-06-17 9:00,-8.04662
2024-06-17 9:15,1.92209
2024-06-17 9:30,7.07439
2024-06-17 9:45,9.76641
2024-06-17 10:00,9.2937
2024-06-17 10:15,14.7531
2024-06-17 10:30,29.53819
2024-06-17 10:45,42.1582
2024-06-17 11:00,31.80368
2024-06-17 11:15,35.8339
2024-06-17 11:30,45.76741
2024-06-17 11:45,56.14025
2024-06-17 12:00,35.90336
2024-06-17 12:15,35.52951
2024-06-17 12:30,34.91198
2024-06-17 12:45,36.46729
2024-06-17 13:00,39.28932
2024-06-17 13:15,32.26773
2024-06-17 13:30,28.86712
2024-06-17 13:45,25.21092
2024-06-17 14:00,27.521
2024-06-17 14:15,24.44699
2024-06-17 14:30,23.08593
2024-06-17 14:45,22.89488
2024-06-17 15:00,23.22528
2024-06-17 15:15,22.58193
2024-06-17 15:30,23.219
2024-06-17 15:45,22.62931
2024-06-17 16:00,25.10467
2024-06-17 16:15,22.80894
2024-06-17 16:30,23.98194
2024-06-17 16:45,22.66929
2024-06-17 17:00,25.47493
2024-06-17 17:15,26.13754
2024-06-17 17:30,26.44728
2024-06-17 17:45,25.71901
2024-06-17 18:00,28.80011
2024-06-17 18:15,27.6993
2024-06-17 18:30,26.9704
2024-06-17 18:45,25.3153
2024-06-17 19:00,25.95721
2024-06-17 19:15,25.98641
2024-06-17 19:30,27.12147
2024-06-17 19:45,30.29453
2024-06-17 20:00,28.91273
2024-06-17 20:15,31.06671
2024-06-17 20:30,30.80721
2024-06-17 20:45,31.58941
2024-06-17 21:00,32.90994
2024-06-17 21:15,37.01629
2024-06-17 21:30,40.66358
2024-06-17 21:45,31.409
2024-06-17 22:00,44.54164
2024-06-17 22:15,28.23334
2024-06-17 22:30,21.95585
2024-06-17 22:45,11.55411
2024-06-17 23:00,7.9026
2024-06-17 23:15,-1.63352
2024-06-17 23:30,-10.7889
2024-06-17 23:45,-12.15266
2024-06-18 0:00,-8.31274
2024-06-18 0:15,-6.48415
2024-06-18 0:30,-10.10651
2024-06-18 0:45,-12.66318
2024-06-18 1:00,-10.92985
2024-06-18 1:15,-11.83599
2024-06-18 1:30,-12.0602
2024-06-18 1:45,-13.36328
2024-06-18 2:00,-6.00189
2024-06-18 2:15,-6.19554
2024-06-18 2:30,-3.09873
2024-06-18 2:45,-5.60622
2024-06-18 3:00,-4.86861
2024-06-18 3:15,-3.08762
2024-06-18 3:30,-9.64761
2024-06-18 3:45,-10.09199
2024-06-18 4:00,-16.75291
2024-06-18 4:15,-17.22462
2024-06-18 4:30,-31.21303
2024-06-18 4:45,-31.67427
2024-06-18 5:00,-33.34735
2024-06-18 5:15,-33.40775
2024-06-18 5:30,-29.23883
2024-06-18 5:45,-36.384
2024-06-18 6:00,-36.384
2024-06-18 6:15,-35.24063
2024-06-18 6:30,-34.78889
2024-06-18 6:45,-38.69073
2024-06-18 7:00,-40.82443
2024-06-18 7:15,-40.25432
2024-06-18 7:30,-36.03973
2024-06-18 7:45,-16.90042
2024-06-18 8:00,-41.55806
2024-06-18 8:15,-15.73653
2024-06-18 8:30,-15.67957
2024-06-18 8:45,-5.43701
2024-06-18 9:00,-6.8736
2024-06-18 9:15,-6.21351
2024-06-18 9:30,1.81778
2024-06-18 9:45,5.80033
2024-06-18 10:00,0.36654
2024-06-18 10:15,8.87097
2024-06-18 10:30,24.646
2024-06-18 10:45,35.47454
2024-06-18 11:00,25.15388
2024-06-18 11:15,27.7162
2024-06-18 11:30,31.7188
2024-06-18 11:45,35.18459
2024-06-18 12:00,34.77886
2024-06-18 12:15,34.74414
2024-06-18 12:30,31.55123
2024-06-18 12:45,30.17054
2024-06-18 13:00,25.70013
2024-06-18 13:15,25.20424
2024-06-18 13:30,23.87101
2024-06-18 13:45,20.93638
2024-06-18 14:00,25.55492
2024-06-18 14:15,24.68828
2024-06-18 14:30,22.14132
2024-06-18 14:45,18.98809
2024-06-18 15:00,19.22526
2024-06-18 15:15,18.86783
2024-06-18 15:30,15.62526
2024-06-18 15:45,14.5169
2024-06-18 16:00,27.13883
2024-06-18 16:15,23.9306
2024-06-18 16:30,26.24402
2024-06-18 16:45,25.6269
2024-06-18 17:00,29.25209
2024-06-18 17:15,29.36099
2024-06-18 17:30,26.76851
2024-06-18 17:45,25.54564
2024-06-18 18:00,27.1129
2024-06-18 18:15,26.54893
2024-06-18 18:30,26.50066
2024-06-18 18:45,25.36646
2024-06-18 19:00,27.93891
2024-06-18 19:15,28.08963
2024-06-18 19:30,27.23992
2024-06-18 19:45,27.02056
2024-06-18 20:00,27.94136
2024-06-18 20:15,28.61877
2024-06-18 20:30,29.78641
2024-06-18 20:45,30.71432
2024-06-18 21:00,30.66117
2024-06-18 21:15,33.97466
2024-06-18 21:30,35.94916
2024-06-18 21:45,39.55335
2024-06-18 22:00,35.8241
2024-06-18 22:15,33.88628
2024-06-18 22:30,37.313
2024-06-18 22:45,30.37674
2024-06-18 23:00,17.17632
2024-06-18 23:15,6.24341
2024-06-18 23:30,-6.04221
2024-06-18 23:45,-12.51364
2024-06-19 0:00,-6.02959
2024-06-19 0:15,-3.08891
2024-06-19 0:30,-0.57272
2024-06-19 0:45,-8.23445
2024-06-19 1:00,-7.8272
2024-06-19 1:15,-9.26529
2024-06-19 1:30,-8.63749
2024-06-19 1:45,-10.43509
2024-06-19 2:00,1.03384
2024-06-19 2:15,-1.19361
2024-06-19 2:30,-1.34337
2024-06-19 2:45,-11.37742
2024-06-19 3:00,-4.99712
2024-06-19 3:15,-6.02085
2024-06-19 3:30,-8.53415
2024-06-19 3:45,-10.82247
2024-06-19 4:00,-11.28105
2024-06-19 4:15,-8.83041
2024-06-19 4:30,-10.73861
2024-06-19 4:45,-10.95569
2024-06-19 5:00,-11.04705
2024-06-19 5:15,-11.4141
2024-06-19 5:30,-11.74639
2024-06-19 5:45,-12.12453
2024-06-19 6:00,-10.61215
2024-06-19 6:15,-11.21589
2024-06-19 6:30,-12.21892
2024-06-19 6:45,-24.53506
2024-06-19 7:00,-21.90893
2024-06-19 7:15,-19.39732
2024-06-19 7:30,-1.97431
2024-06-19 7:45,2.54283
2024-06-19 8:00,22.37128
2024-06-19 8:15,24.44718
2024-06-19 8:30,18.95875
2024-06-19 8:45,19.94956
2024-06-19 9:00,3.41701
2024-06-19 9:15,5.23332
2024-06-19 9:30,19.34516
2024-06-19 9:45,20.76456
2024-06-19 10:00,15.44227
2024-06-19 10:15,23.32262
2024-06-19 10:30,26.7015
2024-06-19 10:45,42.70353
2024-06-19 11:00,31.72086
2024-06-19 11:15,33.00671
2024-06-19 11:30,46.99402
2024-06-19 11:45,48.91944
2024-06-19 12:00,39.93231
2024-06-19 12:15,40.11693
2024-06-19 12:30,39.87041
2024-06-19 12:45,34.54282
2024-06-19 13:00,33.06984
2024-06-19 13:15,31.09847
2024-06-19 13:30,28.44905
2024-06-19 13:45,26.00145
2024-06-19 14:00,28.98954
2024-06-19 14:15,26.52909
2024-06-19 14:30,25.17538
2024-06-19 14:45,24.7771
2024-06-19 15:00,26.96162
2024-06-19 15:15,25.46971
2024-06-19 15:30,28.90814
2024-06-19 15:45,28.7923
2024-06-19 16:00,29.96694
2024-06-19 16:15,29.85194
2024-06-19 16:30,27.21398
2024-06-19 16:45,28.24114
2024-06-19 17:00,28.58565
2024-06-19 17:15,27.27815
2024-06-19 17:30,26.35724
2024-06-19 17:45,28.22075
2024-06-19 18:00,29.66264
2024-06-19 18:15,27.40271
2024-06-19 18:30,27.00978
2024-06-19 18:45,27.08972
2024-06-19 19:00,26.27084
2024-06-19 19:15,25.48458
2024-06-19 19:30,26.93728
2024-06-19 19:45,26.25476
2024-06-19 20:00,24.59713
2024-06-19 20:15,27.53663
2024-06-19 20:30,27.33899
2024-06-19 20:45,30.50041
2024-06-19 21:00,29.8839
2024-06-19 21:15,31.27785
2024-06-19 21:30,34.44254
2024-06-19 21:45,31.61473
2024-06-19 22:00,25.0142
2024-06-19 22:15,22.8016
2024-06-19 22:30,11.53231
2024-06-19 22:45,9.2998
2024-06-19 23:00,10.71666
2024-06-19 23:15,8.90609
2024-06-19 23:30,0.01981
2024-06-19 23:45,-1.59121
2024-06-20 0:00,0.77558
2024-06-20 0:15,-0.10508
2024-06-20 0:30,-2.37078
2024-06-20 0:45,-3.79102
2024-06-20 1:00,-2.4335
2024-06-20 1:15,-3.42268
2024-06-20 1:30,-4.57935
2024-06-20 1:45,-6.47596
2024-06-20 2:00,-2.27094
2024-06-20 2:15,-2.16217
2024-06-20 2:30,-2.38381
2024-06-20 2:45,-2.69523
2024-06-20 3:00,-4.65156
2024-06-20 3:15,-4.5445
2024-06-20 3:30,-2.63368
2024-06-20 3:45,-2.61546
2024-06-20 4:00,-4.15453
2024-06-20 4:15,-3.24338
2024-06-20 4:30,-4.7038
2024-06-20 4:45,-4.66109
2024-06-20 5:00,-5.59539
2024-06-20 5:15,-5.96612
2024-06-20 5:30,-4.3552
2024-06-20 5:45,-3.91643
2024-06-20 6:00,-3.83601
2024-06-20 6:15,0.86787
2024-06-20 6:30,-3.43151
2024-06-20 6:45,0.45517
2024-06-20 7:00,-6.44851
2024-06-20 7:15,-6.12824
2024-06-20 7:30,-2.29972
2024-06-20 7:45,4.52695
2024-06-20 8:00,-9.39748
2024-06-20 8:15,-6.03031
2024-06-20 8:30,0.8995
2024-06-20 8:45,4.8977
2024-06-20 9:00,-1.54256
2024-06-20 9:15,0.31553
2024-06-20 9:30,6.87807
2024-06-20 9:45,14.93284
2024-06-20 10:00,11.48446
2024-06-20 10:15,19.36352
2024-06-20 10:30,25.80858
2024-06-20 10:45,35.54462
2024-06-20 11:00,29.87488
2024-06-20 11:15,30.95963
2024-06-20 11:30,33.81454
2024-06-20 11:45,41.55136
2024-06-20 12:00,33.54371
2024-06-20 12:15,33.10678
2024-06-20 12:30,32.37692
2024-06-20 12:45,31.27642
2024-06-20 13:00,32.50509
2024-06-20 13:15,30.57172
2024-06-20 13:30,29.44137
2024-06-20 13:45,27.80018
2024-06-20 14:00,31.67606
2024-06-20 14:15,30.36222
2024-06-20 14:30,28.74488
2024-06-20 14:45,27.0431
2024-06-20 15:00,29.25587
2024-06-20 15:15,29.7335
2024-06-20 15:30,33.61416
2024-06-20 15:45,30.45724
2024-06-20 16:00,40.97056
2024-06-20 16:15,37.51268
2024-06-20 16:30,36.66102
2024-06-20 16:45,37.06603
2024-06-20 17:00,38.19506
2024-06-20 17:15,36.75744
2024-06-20 17:30,33.46719
2024-06-20 17:45,32.54457
2024-06-20 18:00,33.25336
2024-06-20 18:15,30.08686
2024-06-20 18:30,27.45879
2024-06-20 18:45,27.18214
2024-06-20 19:00,26.91412
2024-06-20 19:15,24.37936
2024-06-20 19:30,24.78703
2024-06-20 19:45,24.38669
2024-06-20 20:00,24.08533
2024-06-20 20:15,24.02516
2024-06-20 20:30,25.16313
2024-06-20 20:45,31.38914
2024-06-20 21:00,27.10199
2024-06-20 21:15,27.05185
2024-06-20 21:30,28.20185
2024-06-20 21:45,31.34383
2024-06-20 22:00,29.83788
2024-06-20 22:15,25.98431
2024-06-20 22:30,24.40805
2024-06-20 22:45,22.82825
2024-06-20 23:00,24.44298
2024-06-20 23:15,19.28455
2024-06-20 23:30,11.08688
2024-06-20 23:45,4.64383
2024-06-21 0:00,10.73152
2024-06-21 0:15,11.03281
2024-06-21 0:30,10.51056
2024-06-21 0:45,11.74841
2024-06-21 1:00,15.54681
2024-06-21 1:15,15.74545
2024-06-21 1:30,12.89951
2024-06-21 1:45,9.24793
2024-06-21 2:00,9.48243
2024-06-21 2:15,9.73091
2024-06-21 2:30,10.13608
2024-06-21 2:45,10.64266
2024-06-21 3:00,12.56364
2024-06-21 3:15,12.49641
2024-06-21 3:30,12.49336
2024-06-21 3:45,15.82084
2024-06-21 4:00,12.95806
2024-06-21 4:15,13.83851
2024-06-21 4:30,14.37885
2024-06-21 4:45,14.72965
2024-06-21 5:00,14.20411
2024-06-21 5:15,13.43538
2024-06-21 5:30,18.36524
2024-06-21 5:45,19.97349
2024-06-21 6:00,19.97349
2024-06-21 6:15,12.51889
2024-06-21 6:30,13.86572
2024-06-21 6:45,22.26851
2024-06-21 7:00,12.31256
2024-06-21 7:15,12.9363
2024-06-21 7:30,22.13058
2024-06-21 7:45,23.7992
2024-06-21 8:00,15.56549
2024-06-21 8:15,15.77859
2024-06-21 8:30,21.33413
2024-06-21 8:45,25.01
2024-06-21 9:00,15.71856
2024-06-21 9:15,21.5084
2024-06-21 9:30,25.59
2024-06-21 9:45,32.1788
2024-06-21 10:00,19.73
2024-06-21 10:15,23.10719
2024-06-21 10:30,30.49933
2024-06-21 10:45,39.34032
2024-06-21 11:00,36.20155
2024-06-21 11:15,41.04697
2024-06-21 11:30,50.30514
2024-06-21 11:45,48.51378
2024-06-21 12:00,45.76486
2024-06-21 12:15,49.81994
2024-06-21 12:30,48.30392
2024-06-21 12:45,43.12786
2024-06-21 13:00,44.14348
2024-06-21 13:15,38.37711
2024-06-21 13:30,35.27685
2024-06-21 13:45,32.03449
2024-06-21 14:00,37.52658
2024-06-21 14:15,33.37639
2024-06-21 14:30,30.64278
2024-06-21 14:45,32.16601
2024-06-21 15:00,35.69949
2024-06-21 15:15,34.72962
2024-06-21 15:30,28.22228
2024-06-21 15:45,27.0681
2024-06-21 16:00,36.10769
2024-06-21 16:15,34.21896
2024-06-21 16:30,31.78774
2024-06-21 16:45,27.23576
2024-06-21 17:00,31.85159
2024-06-21 17:15,32.38331
2024-06-21 17:30,31.59864
2024-06-21 17:45,29.61382
2024-06-21 18:00,27.73613
2024-06-21 18:15,27.64983
2024-06-21 18:30,27.42759
2024-06-21 18:45,26.26475
2024-06-21 19:00,30.22805
2024-06-21 19:15,29.88186
2024-06-21 19:30,28.82522
2024-06-21 19:45,28.61792
2024-06-21 20:00,28.02898
2024-06-21 20:15,28.61644
2024-06-21 20:30,29.87498
2024-06-21 20:45,30.91552
2024-06-21 21:00,35.791
2024-06-21 21:15,36.58579
2024-06-21 21:30,41.57903
2024-06-21 21:45,41.93781
2024-06-21 22:00,48.41036
2024-06-21 22:15,37.01688
2024-06-21 22:30,27.51861
2024-06-21 22:45,26.09668
2024-06-21 23:00,31.10043
2024-06-21 23:15,21.8239
2024-06-21 23:30,18.79272
2024-06-21 23:45,15.12644
2024-06-22 0:00,19.31019
2024-06-22 0:15,19.36133
2024-06-22 0:30,19.04308
2024-06-22 0:45,19.98061
2024-06-22 1:00,17.93825
2024-06-22 1:15,17.94068
2024-06-22 1:30,18.02342
2024-06-22 1:45,17.91157
2024-06-22 2:00,18.96206
2024-06-22 2:15,20.82819
2024-06-22 2:30,21.45231
2024-06-22 2:45,21.60391
2024-06-22 3:00,22.20223
2024-06-22 3:15,22.49037
2024-06-22 3:30,22.24444
2024-06-22 3:45,22.41679
2024-06-22 4:00,13.22171
2024-06-22 4:15,13.26908
2024-06-22 4:30,13.8648
2024-06-22 4:45,13.50003
2024-06-22 5:00,13.79295
2024-06-22 5:15,13.87809
2024-06-22 5:30,16.40871
2024-06-22 5:45,22.53355
2024-06-22 6:00,21.78245
2024-06-22 6:15,23.28341
2024-06-22 6:30,25.93292
2024-06-22 6:45,28.13932
2024-06-22 7:00,26.63221
2024-06-22 7:15,28.62588
2024-06-22 7:30,32.50707
2024-06-22 7:45,37.07653
2024-06-22 8:00,26.80944
2024-06-22 8:15,27.53426
2024-06-22 8:30,29.8429
2024-06-22 8:45,34.15069
2024-06-22 9:00,23.05349
2024-06-22 9:15,24.12843
2024-06-22 9:30,27.62872
2024-06-22 9:45,36.31232
2024-06-22 10:00,29.04502
2024-06-22 10:15,36.44848
2024-06-22 10:30,53.085
2024-06-22 10:45,67.62884
2024-06-22 11:00,57.35967
2024-06-22 11:15,66.97733
2024-06-22 11:30,78.508
2024-06-22 11:45,90.34147
2024-06-22 12:00,78.06123
2024-06-22 12:15,75.76937
2024-06-22 12:30,73.96779
2024-06-22 12:45,73.25767
2024-06-22 13:00,67.64792
2024-06-22 13:15,62.08207
2024-06-22 13:30,59.3196
2024-06-22 13:45,47.01956
2024-06-22 14:00,55.47227
2024-06-22 14:15,50.60113
2024-06-22 14:30,51.8276
2024-06-22 14:45,53.57989
2024-06-22 15:00,58.53792
2024-06-22 15:15,54.86496
2024-06-22 15:30,44.95987
2024-06-22 15:45,42.70875
2024-06-22 16:00,53.94044
2024-06-22 16:15,51.47027
2024-06-22 16:30,44.17933
2024-06-22 16:45,34.72813
2024-06-22 17:00,37.38075
2024-06-22 17:15,34.77626
2024-06-22 17:30,34.30121
2024-06-22 17:45,32.88718
2024-06-22 18:00,37.13485
2024-06-22 18:15,36.08451
2024-06-22 18:30,35.24798
2024-06-22 18:45,34.04873
2024-06-22 19:00,33.93959
2024-06-22 19:15,34.71753
2024-06-22 19:30,32.8605
2024-06-22 19:45,32.31462
2024-06-22 20:00,32.36648
2024-06-22 20:15,32.33657
2024-06-22 20:30,32.73024
2024-06-22 20:45,32.80954
2024-06-22 21:00,38.81669
2024-06-22 21:15,43.61039
2024-06-22 21:30,39.545
2024-06-22 21:45,34.44196
2024-06-22 22:00,34.65793
2024-06-22 22:15,31.6457
2024-06-22 22:30,28.26587
2024-06-22 22:45,26.25083
2024-06-22 23:00,30
2024-06-22 23:15,18.83166
2024-06-22 23:30,12.41783
2024-06-22 23:45,9.66407
2024-06-23 0:00,20.27726
2024-06-23 0:15,14.91184
2024-06-23 0:30,10.09777
2024-06-23 0:45,10.67239
2024-06-23 1:00,17.0912
2024-06-23 1:15,14.70848
2024-06-23 1:30,17.24554
2024-06-23 1:45,12.91486
2024-06-23 2:00,12.83771
2024-06-23 2:15,13.98392
2024-06-23 2:30,19.51845
2024-06-23 2:45,20.09554
2024-06-23 3:00,16.22198
2024-06-23 3:15,16.22198
2024-06-23 3:30,17.54663
2024-06-23 3:45,16.72003
2024-06-23 4:00,17.63759
2024-06-23 4:15,22.04789
2024-06-23 4:30,22.73171
2024-06-23 4:45,25.01944
2024-06-23 5:00,25.77536
2024-06-23 5:15,28.23
2024-06-23 5:30,28.81306
2024-06-23 5:45,25.96571
2024-06-23 6:00,28.91
2024-06-23 6:15,26.29571
2024-06-23 6:30,27.71885
2024-06-23 6:45,34.08067
2024-06-23 7:00,27.82
2024-06-23 7:15,29.28
2024-06-23 7:30,33.66775
2024-06-23 7:45,34.9988
2024-06-23 8:00,26.72972
2024-06-23 8:15,27.17
2024-06-23 8:30,29.2088
2024-06-23 8:45,34.48248
2024-06-23 9:00,27.32
2024-06-23 9:15,28.65
2024-06-23 9:30,36.40131
2024-06-23 9:45,51.10728
2024-06-23 10:00,33.86188
2024-06-23 10:15,42.36018
2024-06-23 10:30,56.24402
2024-06-23 10:45,68.28145
2024-06-23 11:00,38.94675
2024-06-23 11:15,43.70269
2024-06-23 11:30,47.09547
2024-06-23 11:45,39.08763
2024-06-23 12:00,64.98744
2024-06-23 12:15,74.95114
2024-06-23 12:30,66.10577
2024-06-23 12:45,70.40809
2024-06-23 13:00,64.16347
2024-06-23 13:15,57.04686
2024-06-23 13:30,57.00159
2024-06-23 13:45,49.44256
2024-06-23 14:00,37.49204
2024-06-23 14:15,33.66081
2024-06-23 14:30,30.33801
2024-06-23 14:45,25.08124
2024-06-23 15:00,26.26629
2024-06-23 15:15,24.19031
2024-06-23 15:30,20.73641
2024-06-23 15:45,22.69083
2024-06-23 16:00,23.84054
2024-06-23 16:15,26.05444
2024-06-23 16:30,23.55489
2024-06-23 16:45,22.85391
2024-06-23 17:00,25.08363
2024-06-23 17:15,25.3278
2024-06-23 17:30,25.46917
2024-06-23 17:45,22.9355
2024-06-23 18:00,23.41977
2024-06-23 18:15,25.04603
2024-06-23 18:30,25.5204
2024-06-23 18:45,21.6265
2024-06-23 19:00,22.77916
2024-06-23 19:15,25.24929
2024-06-23 19:30,25.19844
2024-06-23 19:45,21.5679
2024-06-23 20:00,22.41364
2024-06-23 20:15,23.87121
2024-06-23 20:30,25.02102
2024-06-23 20:45,22.39407
2024-06-23 21:00,26.55744
2024-06-23 21:15,26.04904
2024-06-23 21:30,26.18069
2024-06-23 21:45,28.48619
2024-06-23 22:00,30.77321
2024-06-23 22:15,30.30595
2024-06-23 22:30,26.93388
2024-06-23 22:45,25.90321
2024-06-23 23:00,30.21457
2024-06-23 23:15,23.60606
2024-06-23 23:30,18.4821
2024-06-23 23:45,16.33277
2024-06-24 0:00,22.65593
2024-06-24 0:15,22.58446
2024-06-24 0:30,21.53735
2024-06-24 0:45,16.31936
2024-06-24 1:00,15.81492
2024-06-24 1:15,18.6129
2024-06-24 1:30,19.03273
2024-06-24 1:45,22.32683
2024-06-24 2:00,22.43842
2024-06-24 2:15,22.6129
2024-06-24 2:30,24.47773
2024-06-24 2:45,26.13168
2024-06-24 3:00,26.57789
2024-06-24 3:15,27.87338
2024-06-24 3:30,30.94039
2024-06-24 3:45,34.42032
2024-06-24 4:00,32.8484
2024-06-24 4:15,32.95
2024-06-24 4:30,34.3888
2024-06-24 4:45,34.48829
2024-06-24 5:00,32.92352
2024-06-24 5:15,32.86125
2024-06-24 5:30,36.32405
2024-06-24 5:45,36.38782
2024-06-24 6:00,35.58243
2024-06-24 6:15,36.46121
2024-06-24 6:30,45.18051
2024-06-24 6:45,49.79344
2024-06-24 7:00,38.50001
2024-06-24 7:15,36.89175
2024-06-24 7:30,49.55289
2024-06-24 7:45,50.88209
2024-06-24 8:00,43.78986
2024-06-24 8:15,44.23777
2024-06-24 8:30,55.5025
2024-06-24 8:45,67.60165
2024-06-24 9:00,43.4453
2024-06-24 9:15,52.98753
2024-06-24 9:30,57.35407
2024-06-24 9:45,72.53409
2024-06-24 10:00,59.59768
2024-06-24 10:15,63.91856
2024-06-24 10:30,82.48363
2024-06-24 10:45,98.39837
2024-06-24 11:00,69.55357
2024-06-24 11:15,75.65234
2024-06-24 11:30,92.71581
2024-06-24 11:45,287.98383
2024-06-24 12:00,86.08988
2024-06-24 12:15,119.15033
2024-06-24 12:30,163.01253
2024-06-24 12:45,82.64582
2024-06-24 13:00,70.59802
2024-06-24 13:15,65.23742
2024-06-24 13:30,60.66803
2024-06-24 13:45,53.6789
2024-06-24 14:00,62.18605
2024-06-24 14:15,53.7988
2024-06-24 14:30,53.6688
2024-06-24 14:45,52.7106
2024-06-24 15:00,53.53784
2024-06-24 15:15,50.01804
2024-06-24 15:30,40.59052
2024-06-24 15:45,36.1919
2024-06-24 16:00,49.87285
2024-06-24 16:15,39.13976
2024-06-24 16:30,40.35051
2024-06-24 16:45,37.89817
2024-06-24 17:00,40.19751
2024-06-24 17:15,39.67859
2024-06-24 17:30,38.13454
2024-06-24 17:45,34.91396
2024-06-24 18:00,36.10645
2024-06-24 18:15,37.68468
2024-06-24 18:30,36.9095
2024-06-24 18:45,33.28677
2024-06-24 19:00,37.58771
2024-06-24 19:15,37.71497
2024-06-24 19:30,37.69981
2024-06-24 19:45,39.57573
2024-06-24 20:00,40.42167
2024-06-24 20:15,39.89876
2024-06-24 20:30,44.00263
2024-06-24 20:45,45.46589
2024-06-24 21:00,48.53324
2024-06-24 21:15,48.74997
2024-06-24 21:30,49.83759
2024-06-24 21:45,49.55342
2024-06-24 22:00,49.48854
2024-06-24 22:15,43.61808
2024-06-24 22:30,40.2007
2024-06-24 22:45,38.80354
2024-06-24 23:00,39.56962
2024-06-24 23:15,35.76714
2024-06-24 23:30,28.57491
2024-06-24 23:45,25.24186
2024-06-25 0:00,36.51978
2024-06-25 0:15,35.40079
2024-06-25 0:30,32.90499
2024-06-25 0:45,31.85518
2024-06-25 1:00,31.1146
2024-06-25 1:15,30.99823
2024-06-25 1:30,30.32205
2024-06-25 1:45,30.09257
2024-06-25 2:00,30.2218
2024-06-25 2:15,35.36314
2024-06-25 2:30,36.43812
2024-06-25 2:45,38.34223
2024-06-25 3:00,36.90488
2024-06-25 3:15,38.51821
2024-06-25 3:30,39.94037
2024-06-25 3:45,44.22869
2024-06-25 4:00,40.61243
2024-06-25 4:15,46.65443
2024-06-25 4:30,51.47775
2024-06-25 4:45,53.498
2024-06-25 5:00,54.33993
2024-06-25 5:15,57.06295
2024-06-25 5:30,60.10087
2024-06-25 5:45,62.99679
2024-06-25 6:00,59.735
2024-06-25 6:15,62.83864
2024-06-25 6:30,68.17559
2024-06-25 6:45,83.77249
2024-06-25 7:00,61.8338
2024-06-25 7:15,68.09935
2024-06-25 7:30,76.97357
2024-06-25 7:45,75.4624
2024-06-25 8:00,55.07738
2024-06-25 8:15,53.3807
2024-06-25 8:30,64.95301
2024-06-25 8:45,70.19058
2024-06-25 9:00,56.30233
2024-06-25 9:15,57.07663
2024-06-25 9:30,65.29754
2024-06-25 9:45,87.09656
2024-06-25 10:00,49.6672
2024-06-25 10:15,56.07555
2024-06-25 10:30,75.50094
2024-06-25 10:45,92.89222
2024-06-25 11:00,70.31512
2024-06-25 11:15,80.70076
2024-06-25 11:30,93.78759
2024-06-25 11:45,84.87013
2024-06-25 12:00,86.18844
2024-06-25 12:15,86.59445
2024-06-25 12:30,79.06762
2024-06-25 12:45,70.49303
2024-06-25 13:00,66.70901
2024-06-25 13:15,63.43536
2024-06-25 13:30,64.47343
2024-06-25 13:45,61.43446
2024-06-25 14:00,62.52477
2024-06-25 14:15,54.06177
2024-06-25 14:30,49.49112
2024-06-25 14:45,48.91167
2024-06-25 15:00,48.96039
2024-06-25 15:15,47.60968
2024-06-25 15:30,41.67083
2024-06-25 15:45,44.20439
2024-06-25 16:00,53.41934
2024-06-25 16:15,47.0926
2024-06-25 16:30,46.5473
2024-06-25 16:45,42.98152
2024-06-25 17:00,48.772
2024-06-25 17:15,47.51428
2024-06-25 17:30,48.5254
2024-06-25 17:45,48.52785
2024-06-25 18:00,52.82912
2024-06-25 18:15,48.07488
2024-06-25 18:30,47.87072
2024-06-25 18:45,44.79041
2024-06-25 19:00,48.2345
2024-06-25 19:15,46.41346
2024-06-25 19:30,44.16243
2024-06-25 19:45,42.42364
2024-06-25 20:00,44.15787
2024-06-25 20:15,43.8918
2024-06-25 20:30,47.37761
2024-06-25 20:45,49.20234
2024-06-25 21:00,54.40883
2024-06-25 21:15,54.90926
2024-06-25 21:30,57.42934
2024-06-25 21:45,61.41013
2024-06-25 22:00,47.13075
2024-06-25 22:15,47.67304
2024-06-25 22:30,44.36628
2024-06-25 22:45,42.10223
2024-06-25 23:00,47.91261
2024-06-25 23:15,44.52037
2024-06-25 23:30,41.22363
2024-06-25 23:45,42.43192
2024-06-26 0:00,45.71081
2024-06-26 0:15,45.50285
2024-06-26 0:30,43.24414
2024-06-26 0:45,41.70085
2024-06-26 1:00,44.6529
2024-06-26 1:15,43.81612
2024-06-26 1:30,44.09882
2024-06-26 1:45,39.77287
2024-06-26 2:00,44.46056
2024-06-26 2:15,44.70456
2024-06-26 2:30,44.69046
2024-06-26 2:45,44.85388
2024-06-26 3:00,44.87268
2024-06-26 3:15,44.51975
2024-06-26 3:30,44.80745
2024-06-26 3:45,48.89109
2024-06-26 4:00,44.93525
2024-06-26 4:15,46.01446
2024-06-26 4:30,53.74384
2024-06-26 4:45,55.0428
2024-06-26 5:00,50.658
2024-06-26 5:15,55.0408
2024-06-26 5:30,60.07987
2024-06-26 5:45,59.52599
2024-06-26 6:00,57.49975
2024-06-26 6:15,62.62397
2024-06-26 6:30,65.78107
2024-06-26 6:45,64.24544
2024-06-26 7:00,63.81674
2024-06-26 7:15,67.70769
2024-06-26 7:30,75.44416
2024-06-26 7:45,82.49019
2024-06-26 8:00,58.83361
2024-06-26 8:15,58.602
2024-06-26 8:30,66.09628
2024-06-26 8:45,72.9103
2024-06-26 9:00,62.54951
2024-06-26 9:15,63.55248
2024-06-26 9:30,71.37222
2024-06-26 9:45,82.97298
2024-06-26 10:00,66.33456
2024-06-26 10:15,77.53915
2024-06-26 10:30,93.74741
2024-06-26 10:45,101.6861
2024-06-26 11:00,89.22007
2024-06-26 11:15,103.24543
2024-06-26 11:30,109.75518
2024-06-26 11:45,124.14569
2024-06-26 12:00,138.94557
2024-06-26 12:15,112.67933
2024-06-26 12:30,101.40328
2024-06-26 12:45,87.7156
2024-06-26 13:00,95.31065
2024-06-26 13:15,90.64256
2024-06-26 13:30,85.31482
2024-06-26 13:45,78.4286
2024-06-26 14:00,77.06697
2024-06-26 14:15,70.50166
2024-06-26 14:30,64.87511
2024-06-26 14:45,58.72261
2024-06-26 15:00,60.22576
2024-06-26 15:15,53.7816
2024-06-26 15:30,50.07347
2024-06-26 15:45,48.32876
2024-06-26 16:00,46.45029
2024-06-26 16:15,44.21907
2024-06-26 16:30,42.42995
2024-06-26 16:45,42.84389
2024-06-26 17:00,48.45469
2024-06-26 17:15,47.36601
2024-06-26 17:30,45.64046
2024-06-26 17:45,41.74227
2024-06-26 18:00,47.15714
2024-06-26 18:15,47.06223
2024-06-26 18:30,47.16361
2024-06-26 18:45,43.6183
2024-06-26 19:00,45.75688
2024-06-26 19:15,44.51746
2024-06-26 19:30,44.43266
2024-06-26 19:45,42.27853
2024-06-26 20:00,46.00394
2024-06-26 20:15,44.93756
2024-06-26 20:30,45.48701
2024-06-26 20:45,48.08892
2024-06-26 21:00,52.91484
2024-06-26 21:15,52.64834
2024-06-26 21:30,53.2249
2024-06-26 21:45,55.1858
2024-06-26 22:00,47.21662
2024-06-26 22:15,40.28093
2024-06-26 22:30,42.46938
2024-06-26 22:45,38.62318
2024-06-26 23:00,43.26334
2024-06-26 23:15,33.43065
2024-06-26 23:30,25.69664
2024-06-26 23:45,20.01336
2024-06-27 0:00,31.58998
2024-06-27 0:15,30.42462
2024-06-27 0:30,28.23579
2024-06-27 0:45,26.05224
2024-06-27 1:00,26.59049
2024-06-27 1:15,25.7015
2024-06-27 1:30,25.6437
2024-06-27 1:45,23.42771
2024-06-27 2:00,29.8655
2024-06-27 2:15,29.78365
2024-06-27 2:30,30.1522
2024-06-27 2:45,30.45686
2024-06-27 3:00,29.03804
2024-06-27 3:15,29.44918
2024-06-27 3:30,30.57772
2024-06-27 3:45,30.40126
2024-06-27 4:00,30.61408
2024-06-27 4:15,30.62636
2024-06-27 4:30,30.27006
2024-06-27 4:45,31.4795
2024-06-27 5:00,30.10522
2024-06-27 5:15,30.65941
2024-06-27 5:30,33.85511
2024-06-27 5:45,33.22006
2024-06-27 6:00,33.26231
2024-06-27 6:15,35.168
2024-06-27 6:30,35.79986
2024-06-27 6:45,41.1278
2024-06-27 7:00,34.74801
2024-06-27 7:15,35.71965
2024-06-27 7:30,41.83683
2024-06-27 7:45,48.63001
2024-06-27 8:00,34.85217
2024-06-27 8:15,42.52883
2024-06-27 8:30,57.43376
2024-06-27 8:45,64.15266
2024-06-27 9:00,37.6221
2024-06-27 9:15,38.51769
2024-06-27 9:30,53.77535
2024-06-27 9:45,66.5661
2024-06-27 10:00,38.41012
2024-06-27 10:15,42.87447
2024-06-27 10:30,52.27298
2024-06-27 10:45,62.17404
2024-06-27 11:00,55.27061
2024-06-27 11:15,57.8114
2024-06-27 11:30,68.64055
2024-06-27 11:45,67.92249
2024-06-27 12:00,60.31939
2024-06-27 12:15,57.50473
2024-06-27 12:30,57.00435
2024-06-27 12:45,51.86284
2024-06-27 13:00,53.47568
2024-06-27 13:15,47.90123
2024-06-27 13:30,46.31873
2024-06-27 13:45,42.4701
2024-06-27 14:00,41.48676
2024-06-27 14:15,40.5769
2024-06-27 14:30,37.69427
2024-06-27 14:45,36.68436
2024-06-27 15:00,40.50299
2024-06-27 15:15,38.71365
2024-06-27 15:30,38.63537
2024-06-27 15:45,38.25655
2024-06-27 16:00,40.15969
2024-06-27 16:15,38.51986
2024-06-27 16:30,38.03736
2024-06-27 16:45,35.25429
2024-06-27 17:00,36.81314
2024-06-27 17:15,34.63161
2024-06-27 17:30,33.41581
2024-06-27 17:45,33.05922
2024-06-27 18:00,37.65846
2024-06-27 18:15,37.72992
2024-06-27 18:30,37.83457
2024-06-27 18:45,37.60966
2024-06-27 19:00,34.36308
2024-06-27 19:15,34.09624
2024-06-27 19:30,38.02007
2024-06-27 19:45,35.92149
2024-06-27 20:00,40.17128
2024-06-27 20:15,43.01627
2024-06-27 20:30,43.89423
2024-06-27 20:45,42.16985
2024-06-27 21:00,44.32448
2024-06-27 21:15,44.31081
2024-06-27 21:30,44.98041
2024-06-27 21:45,43.73597
2024-06-27 22:00,43.95492
2024-06-27 22:15,40.74455
2024-06-27 22:30,32.72443
2024-06-27 22:45,30.00796
2024-06-27 23:00,32.20706
2024-06-27 23:15,22.95214
2024-06-27 23:30,20.72985
2024-06-27 23:45,15.49231
2024-06-28 0:00,24.82278
2024-06-28 0:15,25.78498
2024-06-28 0:30,19.51025
2024-06-28 0:45,16.93842
2024-06-28 1:00,21.05303
2024-06-28 1:15,19.23576
2024-06-28 1:30,20.1666
2024-06-28 1:45,16.28349
2024-06-28 2:00,19.28746
2024-06-28 2:15,19.54616
2024-06-28 2:30,19.94624
2024-06-28 2:45,19.64416
2024-06-28 3:00,19.01796
2024-06-28 3:15,19.74251
2024-06-28 3:30,15.29182
2024-06-28 3:45,19.12973
2024-06-28 4:00,17.10834
2024-06-28 4:15,14.40393
2024-06-28 4:30,16.83
2024-06-28 4:45,16
2024-06-28 5:00,16.8476
2024-06-28 5:15,17.4588
2024-06-28 5:30,19.8476
2024-06-28 5:45,18.37152
2024-06-28 6:00,22.22539
2024-06-28 6:15,20.53
2024-06-28 6:30,25.4288
2024-06-28 6:45,23.9188
2024-06-28 7:00,19.9476
2024-06-28 7:15,20.6351
2024-06-28 7:30,22.6379
2024-06-28 7:45,27.17705
2024-06-28 8:00,20.09906
2024-06-28 8:15,24.17895
2024-06-28 8:30,28.99253
2024-06-28 8:45,30.06424
2024-06-28 9:00,20.19655
2024-06-28 9:15,27.08944
2024-06-28 9:30,32.35742
2024-06-28 9:45,33.29219
2024-06-28 10:00,29.51788
2024-06-28 10:15,33.08174
2024-06-28 10:30,40.06845
2024-06-28 10:45,45.41133
2024-06-28 11:00,45.93355
2024-06-28 11:15,54.69154
2024-06-28 11:30,57.0271
2024-06-28 11:45,57.47868
2024-06-28 12:00,54.42975
2024-06-28 12:15,55.99244
2024-06-28 12:30,53.01334
2024-06-28 12:45,43.15983
2024-06-28 13:00,47.32276
2024-06-28 13:15,44.81594
2024-06-28 13:30,41.68091
2024-06-28 13:45,36.18902
2024-06-28 14:00,38.08961
2024-06-28 14:15,35.03082
2024-06-28 14:30,35.93682
2024-06-28 14:45,32.56701
2024-06-28 15:00,36.60385
2024-06-28 15:15,35.49732
2024-06-28 15:30,35.97308
2024-06-28 15:45,31.14791
2024-06-28 16:00,33.87676
2024-06-28 16:15,33.71451
2024-06-28 16:30,32.30898
2024-06-28 16:45,30.83371
2024-06-28 17:00,36.77198
2024-06-28 17:15,34.54236
2024-06-28 17:30,33.39405
2024-06-28 17:45,28.67484
2024-06-28 18:00,32.34404
2024-06-28 18:15,30.68743
2024-06-28 18:30,30.83889
2024-06-28 18:45,26.02827
2024-06-28 19:00,29.84186
2024-06-28 19:15,29.34643
2024-06-28 19:30,29.3193
2024-06-28 19:45,25.99162
2024-06-28 20:00,27.94777
2024-06-28 20:15,30.12393
2024-06-28 20:30,36.46364
2024-06-28 20:45,34.17086
2024-06-28 21:00,36.85933
2024-06-28 21:15,37.25256
2024-06-28 21:30,41.24044
2024-06-28 21:45,38.50071
2024-06-28 22:00,36.29508
2024-06-28 22:15,33.38294
2024-06-28 22:30,26.28859
2024-06-28 22:45,23.29845
2024-06-28 23:00,26.65881
2024-06-28 23:15,22.66643
2024-06-28 23:30,17.57848
2024-06-28 23:45,15.41446
2024-06-29 0:00,17.63153
2024-06-29 0:15,17.76139
2024-06-29 0:30,16.37868
2024-06-29 0:45,15.00434
2024-06-29 1:00,15.85033
2024-06-29 1:15,15.97235
2024-06-29 1:30,15.10996
2024-06-29 1:45,14.19412
2024-06-29 2:00,14.39566
2024-06-29 2:15,16.18616
2024-06-29 2:30,15.964
2024-06-29 2:45,16.6535
2024-06-29 3:00,17.54911
2024-06-29 3:15,18.17922
2024-06-29 3:30,16.73808
2024-06-29 3:45,16.90485
2024-06-29 4:00,14.18446
2024-06-29 4:15,16.29083
2024-06-29 4:30,15.66323
2024-06-29 4:45,16.08338
2024-06-29 5:00,16.45324
2024-06-29 5:15,17.32079
2024-06-29 5:30,17.96533
2024-06-29 5:45,14.96783
2024-06-29 6:00,15.82427
2024-06-29 6:15,17.1489
2024-06-29 6:30,17.50221
2024-06-29 6:45,22.58623
2024-06-29 7:00,16.38679
2024-06-29 7:15,25.19628
2024-06-29 7:30,24.1225
2024-06-29 7:45,23.42563
2024-06-29 8:00,22.64675
2024-06-29 8:15,27.37419
2024-06-29 8:30,29.1488
2024-06-29 8:45,31.94
2024-06-29 9:00,28.50758
2024-06-29 9:15,31.56495
2024-06-29 9:30,37.86654
2024-06-29 9:45,42.70354
2024-06-29 10:00,33.1018
2024-06-29 10:15,36.94595
2024-06-29 10:30,49.91082
2024-06-29 10:45,62.78348
2024-06-29 11:00,43.47726
2024-06-29 11:15,47.93714
2024-06-29 11:30,64.94606
2024-06-29 11:45,70.75039
2024-06-29 12:00,67.4198
2024-06-29 12:15,63.38902
2024-06-29 12:30,58.2736
2024-06-29 12:45,50
2024-06-29 13:00,56.2188
2024-06-29 13:15,47.6212
2024-06-29 13:30,46.6912
2024-06-29 13:45,46.01313
2024-06-29 14:00,50.16321
2024-06-29 14:15,40.88781
2024-06-29 14:30,38.92414
2024-06-29 14:45,35.44606
2024-06-29 15:00,38.88064
2024-06-29 15:15,36.10572
2024-06-29 15:30,37.22565
2024-06-29 15:45,34.84113
2024-06-29 16:00,40.34288
2024-06-29 16:15,38.27152
2024-06-29 16:30,36.35174
2024-06-29 16:45,34.86408
2024-06-29 17:00,35.66197
2024-06-29 17:15,37.8475
2024-06-29 17:30,33.54905
2024-06-29 17:45,31.45311
2024-06-29 18:00,34.7971
2024-06-29 18:15,34.57654
2024-06-29 18:30,33.63533
2024-06-29 18:45,30.49613
2024-06-29 19:00,33.83901
2024-06-29 19:15,34.51425
2024-06-29 19:30,34.51079
2024-06-29 19:45,34.9561
2024-06-29 20:00,34.75342
2024-06-29 20:15,37.46198
2024-06-29 20:30,38.28625
2024-06-29 20:45,37.04193
2024-06-29 21:00,38.06587
2024-06-29 21:15,38.02238
2024-06-29 21:30,38.57471
2024-06-29 21:45,36.3281
2024-06-29 22:00,39.40498
2024-06-29 22:15,37.67748
2024-06-29 22:30,33.4458
2024-06-29 22:45,29.61204
2024-06-29 23:00,26.13015
2024-06-29 23:15,20.92575
2024-06-29 23:30,18.19854
2024-06-29 23:45,7.96259
2024-06-30 0:00,19.72627
2024-06-30 0:15,18.99295
2024-06-30 0:30,16.53599
2024-06-30 0:45,8.45646
2024-06-30 1:00,16.0847
2024-06-30 1:15,16.99456
2024-06-30 1:30,18.85957
2024-06-30 1:45,20.00699
2024-06-30 2:00,21.21587
2024-06-30 2:15,22.63327
2024-06-30 2:30,23.23949
2024-06-30 2:45,23.22687
2024-06-30 3:00,23.43344
2024-06-30 3:15,23.60409
2024-06-30 3:30,24.93415
2024-06-30 3:45,25.09128
2024-06-30 4:00,21.87112
2024-06-30 4:15,24.02592
2024-06-30 4:30,25.96086
2024-06-30 4:45,14.95889
2024-06-30 5:00,20.05993
2024-06-30 5:15,21.08083
2024-06-30 5:30,20.78651
2024-06-30 5:45,14.49033
2024-06-30 6:00,20.05905
2024-06-30 6:15,20.15944
2024-06-30 6:30,25.5241
2024-06-30 6:45,21.59773
2024-06-30 7:00,23.98147
2024-06-30 7:15,26.73213
2024-06-30 7:30,30.30119
2024-06-30 7:45,35.617
2024-06-30 8:00,30.01472
2024-06-30 8:15,32.15726
2024-06-30 8:30,36.05117
2024-06-30 8:45,38.0489
2024-06-30 9:00,32.39773
2024-06-30 9:15,33.42668
2024-06-30 9:30,37.91396
2024-06-30 9:45,40.40297
2024-06-30 10:00,31.9484
2024-06-30 10:15,35.62476
2024-06-30 10:30,47.15
2024-06-30 10:45,71.51035
2024-06-30 11:00,41.6538
2024-06-30 11:15,51.92868
2024-06-30 11:30,80.54492
2024-06-30 11:45,71.87389
2024-06-30 12:00,50.47376
2024-06-30 12:15,50.83974
2024-06-30 12:30,51.94597
2024-06-30 12:45,44.94737
2024-06-30 13:00,40.97691
2024-06-30 13:15,37.53232
2024-06-30 13:30,37.40861
2024-06-30 13:45,34.77204
2024-06-30 14:00,35.78623
2024-06-30 14:15,34.68013
2024-06-30 14:30,33.73031
2024-06-30 14:45,32.58188
2024-06-30 15:00,33.7441
2024-06-30 15:15,32.99329
2024-06-30 15:30,33.00869
2024-06-30 15:45,31.37327
2024-06-30 16:00,32.47652
2024-06-30 16:15,33.22698
2024-06-30 16:30,33.38707
2024-06-30 16:45,28.79407
2024-06-30 17:00,34.43155
2024-06-30 17:15,33.96502
2024-06-30 17:30,33.31645
2024-06-30 17:45,28.40106
2024-06-30 18:00,30.35878
2024-06-30 18:15,29.14773
2024-06-30 18:30,29.40949
2024-06-30 18:45,26.41719
2024-06-30 19:00,33.31042
2024-06-30 19:15,32.59085
2024-06-30 19:30,29.90431
2024-06-30 19:45,29.26048
2024-06-30 20:00,33.98435
2024-06-30 20:15,35.42058
2024-06-30 20:30,32.50492
2024-06-30 20:45,31.28696
2024-06-30 21:00,35.23705
2024-06-30 21:15,35.02326
2024-06-30 21:30,33.83108
2024-06-30 21:45,30.31537
2024-06-30 22:00,29.33876
2024-06-30 22:15,25.96437
2024-06-30 22:30,17.6259
2024-06-30 22:45,12.33838
2024-06-30 23:00,18.27282
2024-06-30 23:15,15.18225
2024-06-30 23:30,12.40638
2024-06-30 23:45,8.98433
2024-07-01 0:00,13.30575
2024-07-01 0:15,13.33705
2024-07-01 0:30,4.50546
2024-07-01 0:45,-5.22812
2024-07-01 1:00,-3.55238
2024-07-01 1:15,-1.62943
2024-07-01 1:30,-3.35529
2024-07-01 1:45,-12.43911
2024-07-01 2:00,-11.13349
2024-07-01 2:15,-8.51735
2024-07-01 2:30,-0.18929
2024-07-01 2:45,-14.79697
2024-07-01 3:00,0.31937
2024-07-01 3:15,0
2024-07-01 3:30,-0.05041
2024-07-01 3:45,-14.00987
2024-07-01 4:00,-1.79962
2024-07-01 4:15,0.97102
2024-07-01 4:30,1.94305
2024-07-01 4:45,-4.94997
2024-07-01 5:00,1.85906
2024-07-01 5:15,0.96664
2024-07-01 5:30,1.76342
2024-07-01 5:45,-1.16315
2024-07-01 6:00,12.6693
2024-07-01 6:15,15.56116
2024-07-01 6:30,16.68998
2024-07-01 6:45,13.89713
2024-07-01 7:00,8.82025
2024-07-01 7:15,16.33249
2024-07-01 7:30,25.61203
2024-07-01 7:45,25.17327
2024-07-01 8:00,17.51041
2024-07-01 8:15,19.10154
2024-07-01 8:30,26.54251
2024-07-01 8:45,29.07776
2024-07-01 9:00,17.81458
2024-07-01 9:15,19.07182
2024-07-01 9:30,26.95322
2024-07-01 9:45,30.29979
2024-07-01 10:00,25.83852
2024-07-01 10:15,29.15275
2024-07-01 10:30,33.61083
2024-07-01 10:45,36.03689
2024-07-01 11:00,36.59108
2024-07-01 11:15,38.8656
2024-07-01 11:30,43.97427
2024-07-01 11:45,46.84662
2024-07-01 12:00,38.02086
2024-07-01 12:15,37.50266
2024-07-01 12:30,37.5971
2024-07-01 12:45,35.21968
2024-07-01 13:00,37.97072
2024-07-01 13:15,37.44543
2024-07-01 13:30,37.23715
2024-07-01 13:45,34.5065
2024-07-01 14:00,36.20205
2024-07-01 14:15,34.5532
2024-07-01 14:30,34.99726
2024-07-01 14:45,33.42624
2024-07-01 15:00,38.3443
2024-07-01 15:15,38.28146
2024-07-01 15:30,37.90617
2024-07-01 15:45,35.13847
